url,name,type,imo
/vessels/details/9911032,LES ALIZES,Wind Turbine Vessel,9911032
/vessels/details/9771298,MEDI ARGENTARIO,Bulk Carrier,9771298
/vessels/details/9429572,CRISTOBAL COLON,Hopper Dredger,9429572
/vessels/details/9429584,LEIV EIRIKSSON,Hopper Dredger,9429584
/vessels/details/9899284,VOLTAIRE,Offshore Support Vessel,9899284
/vessels/details/9791872,BRIGHT FUTURE,Oil Products Tanker,9791872
/vessels/details/9873175,MEDI DOMUS DAINI,Bulk Carrier,9873175
/vessels/details/9619000,JOSEPH PLATEAU,Pipe Burying Vessel,9619000
/vessels/details/9464807,SIMON STEVIN,Pipe Burying Vessel,9464807
/vessels/details/9789910,MEDI ZUOZ,Bulk Carrier,9789910
/vessels/details/9789908,MEDI ROMA,Bulk Carrier,9789908
/vessels/details/9464792,YELLOWSTONE,Pipe Burying Vessel,9464792
/vessels/details/9528079,CHARLES DARWIN,Hopper Dredger,9528079
/vessels/details/9788447,HIGH EXPLORER,Chemical/Oil Products Tanker,9788447
/vessels/details/9166625,SEA CARYATIS,Ro-Ro Cargo Ship,9166625
/vessels/details/9872365,GALILEO GALILEI,Hopper Dredger,9872365
/vessels/details/9435480,CONNECTOR,Offshore Support Vessel,9435480
/vessels/details/9655315,VOLE AU VENT,Offshore Support Vessel,9655315
/vessels/details/9834404,SPARTACUS,Dredger,9834404
/vessels/details/9866005,GREEN POLE,Container Ship,9866005
/vessels/details/9226152,KAISHUU,Hopper Dredger,9226152
/vessels/details/9238909,J.S.DE ELCANO,Hopper Dredger,9238909
/vessels/details/9606132,PEDRO ALVARES CABRAL,Hopper Dredger,9606132
/vessels/details/9618991,BARTOLOMEU DIAS,Hopper Dredger,9618991
/vessels/details/9707297,ISAAC NEWTON,Offshore Support Vessel,9707297
/vessels/details/9774094,GULLIVER,Crane Ship,9774094
/vessels/details/9738014,WILLEM VAN RUBROECK,Dredger,9738014
/vessels/details/9262780,FRANCIS BEAUFORT,Hopper Dredger,9262780
/vessels/details/9262778,FILIPPO BRUNELLESCHI,Hopper Dredger,9262778
/vessels/details/9020261,JAMES COOK,Hopper Dredger,9020261
/vessels/details/9815276,CHEM MERCURY,Chemical/Oil Products Tanker,9815276
/vessels/details/9492581,SYMPHONY,Offshore Support Vessel,9492581
/vessels/details/9769764,APOLLO,Offshore Support Vessel,9769764
/vessels/details/9866988,MEUSE RIVER,Hopper Dredger,9866988
/vessels/details/9573062,VITUS BERING,Hopper Dredger,9573062
/vessels/details/9572707,AL-IDRISI,Hopper Dredger,9572707
/vessels/details/9500211,NICCOLO MACHIAVELLI,Dredger,9500211
/vessels/details/9448970,IBN BATTUTA,Dredger,9448970
/vessels/details/9448982,ZHENG HE,Dredger,9448982
/vessels/details/9466697,FERNAO DE MAGALHAES,Dredger,9466697
/vessels/details/9539872,AMBIORIX,Dredger,9539872
/vessels/details/9861835,ORTELIUS,Hopper Dredger,9861835
/vessels/details/9238416,BRAHMAN EXPRESS,Livestock Carrier,9238416
/vessels/details/9830941,SANDERUS,Hopper Dredger,9830941
/vessels/details/9778715,DANIEL BERNOULLI,Pipe Burying Vessel,9778715
/vessels/details/9778703,ADHEMAR DE ST VENANT,Pipe Burying Vessel,9778703
/vessels/details/8912388,MARFRET NIOLON,Ro-Ro Cargo Ship,8912388
/vessels/details/9167318,SHORTHORN EXPRESS,Livestock Carrier,9167318
/vessels/details/9573074,WILLEM DE VLAMINGH,Motor Hopper,9573074
/vessels/details/9142590,DEVON EXPRESS,Livestock Carrier,9142590
/vessels/details/9629835,BOURBON EVOLUTION802,Offshore Support Vessel,9629835
/vessels/details/9777541,MAYOURY,Chemical/Oil Products Tanker,9777541
/vessels/details/9369306,BEAUTRIDENT,General Cargo Ship,9369306
/vessels/details/9616864,NEPTUNE,Offshore Support Vessel,9616864
/vessels/details/9414199,ENNA,General Cargo Ship,9414199
/vessels/details/9502661,AVISOA,Oil Products Tanker,9502661
/vessels/details/9280201,FRANCESCO DI GIORGIO,Hopper Dredger,9280201
/vessels/details/9280213,TACCOLA,Hopper Dredger,9280213
/vessels/details/9262003,SAUMATY,General Cargo Ship,9262003
/vessels/details/9823481,DIOGO CAO,Hopper Dredger,9823481
/vessels/details/9823493,TRISTAO DA CUNHA,Hopper Dredger,9823493
/vessels/details/9386689,BOURBON RUBY,Offshore Tug/Supply Ship,9386689
/vessels/details/9386706,BOURBON DIAMOND,Offshore Tug/Supply Ship,9386706
/vessels/details/9394258,BOURBON TRIESTE,Offshore Tug/Supply Ship,9394258
/vessels/details/9462603,DE LAPEROUSE,Hopper Dredger,9462603
/vessels/details/9530101,BOURBON FRONT,Offshore Tug/Supply Ship,9530101
/vessels/details/9418925,VERSUTIUS,Chemical/Oil Products Tanker,9418925
/vessels/details/9303352,DE BOUGAINVILLE,Hopper Dredger,9303352
/vessels/details/9303340,LETOILE,Motor Hopper,9303340
/vessels/details/9372250,LE GUERRIER,Motor Hopper,9372250
/vessels/details/9462627,BOUSSOLE,Motor Hopper,9462627
/vessels/details/9462615,ASTROLABE,Motor Hopper,9462615
/vessels/details/9591399,LEEUW,Motor Hopper,9591399
/vessels/details/9303338,LA BOUDEUSE,Motor Hopper,9303338
/vessels/details/9591404,MARQUIS DE PRIE,Motor Hopper,9591404
/vessels/details/9591416,TIGER,Hopper Dredger,9591416
/vessels/details/9303326,LAIGLE,Motor Hopper,9303326
/vessels/details/9505340,ALVAR NUNEZ C D VACA,Hopper Dredger,9505340
/vessels/details/9505364,SEBASTIANO CABOTO,Hopper Dredger,9505364
/vessels/details/9285586,GEO OCEAN III,Offshore Support Vessel,9285586
/vessels/details/9344382,VERTOM THEA,General Cargo Ship,9344382
/vessels/details/9373333,MPP CLEO,General Cargo Ship,9373333
/vessels/details/9742089,BOS PATIENCE,Offshore Tug/Supply Ship,9742089
/vessels/details/9742091,BOS PATRIOT,Offshore Tug/Supply Ship,9742091
/vessels/details/9865611,BENGEL,Motor Hopper,9865611
/vessels/details/9865623,DEUGNIET,Motor Hopper,9865623
/vessels/details/9689213,BOS PRIME,Offshore Tug/Supply Ship,9689213
/vessels/details/9720732,BOS PRINCESS,Offshore Tug/Supply Ship,9720732
/vessels/details/9552068,ESTEMAR,General Cargo Ship,9552068
/vessels/details/9480772,BOURBON ENTERPRISE,Offshore Tug/Supply Ship,9480772
/vessels/details/8768062,JB 119,Platform,8768062
/vessels/details/9327205,TROY,Chemical/Oil Products Tanker,9327205
/vessels/details/9774915,BRITOIL DISCOVERY,Offshore Tug/Supply Ship,9774915
/vessels/details/9378046,BOS BASE,Offshore Tug/Supply Ship,9378046
/vessels/details/9378034,BOS POOL,Offshore Tug/Supply Ship,9378034
/vessels/details/9313759,VERTOM KARIANNE,General Cargo Ship,9313759
/vessels/details/9507362,VERTOM ISA,General Cargo Ship,9507362
/vessels/details/9462653,TRINIDAD,Motor Hopper,9462653
/vessels/details/9390082,BOURBON ARGOS,Offshore Tug/Supply Ship,9390082
/vessels/details/9697715,BOS CHAMPAGNE,Offshore Tug/Supply Ship,9697715
/vessels/details/9697105,BOS CHABLIS,Offshore Tug/Supply Ship,9697105
/vessels/details/9619050,BOURBON LIBERTY 305,Offshore Tug/Supply Ship,9619050
/vessels/details/9619086,BOURBON LIBERTY 308,Offshore Tug/Supply Ship,9619086
/vessels/details/9444338,BOS PRECIOUS,Offshore Tug/Supply Ship,9444338
/vessels/details/9444340,BOS PRELUDE,Offshore Tug/Supply Ship,9444340
/vessels/details/9003275,TROUT,LPG Tanker,9003275
/vessels/details/9003287,TWAITE,LPG Tanker,9003287
/vessels/details/9392274,KAERIUS,Dredger,9392274
/vessels/details/9573608,BOURBON LIBERTY 252,Offshore Tug/Supply Ship,9573608
/vessels/details/9558622,BOURBON LIBERTY 216,Offshore Tug/Supply Ship,9558622
/vessels/details/9546552,BOURBON LIBERTY 225,Offshore Tug/Supply Ship,9546552
/vessels/details/9546540,BOURBON LIBERTY 222,Offshore Tug/Supply Ship,9546540
/vessels/details/9394442,HENRI PITOT,Dredger,9394442
/vessels/details/9212228,GEO OCEAN VII,Research Vessel,9212228
/vessels/details/9502049,MIMAR SINAN,Dredger,9502049
/vessels/details/9485459,VITRUVIUS,Dredger,9485459
/vessels/details/9666716,GEO OCEAN VI,Research Vessel,9666716
/vessels/details/9668518,GEO OCEAN IX,Research Vessel,9668518
/vessels/details/9668544,GEO OCEAN V,Research Vessel,9668544
/vessels/details/8767276,VAGANT,Offshore Support Vessel,8767276
/vessels/details/8647048,HEINRICH BURMESTER,Inland Tanker,8647048
/vessels/details/8643822,BERNHARD BURMESTER,Inland Tanker,8643822
/vessels/details/9204295,GEO OCEAN VIII,Research Vessel,9204295
/vessels/details/8704858,GEO OCEAN IV,Standby Safety Vessel,8704858
/vessels/details/1008308,RAHIL,Yacht,1008308
/vessels/details/9869150,AMIKA,Yacht,9869150
/vessels/details/9731262,KARINA,Offshore Tug/Supply Ship,9731262
/vessels/details/9359181,TIRRENO,Tug,9359181
/vessels/details/9868091,PANAM,Yacht,9868091
/vessels/details/1002407,CAROLINE SEA II,Yacht,1002407
/vessels/details/9598696,THANUJA,Yacht,9598696
/vessels/details/1006843,UNEXPECTED,Yacht,1006843
/vessels/details/9612820,ESTRELLA,Utility Vessel,9612820
/vessels/details/9407110,DN46,Utility Vessel,9407110
/vessels/details/9562661,DN205,Work/Repair Vessel,9562661
/vessels/details/9559183,DN203,Work/Repair Vessel,9559183
/vessels/details/9807463,E-MOTION,Yacht,9807463
/vessels/details/9317303,DN43,Utility Vessel,9317303
/vessels/details/9560924,SUD,Yacht,9560924
/vessels/details/1117214,RAY,Yacht,1117214
/vessels/details/9969261,COSETTE,Dredger,9969261
/vessels/details/9950466,PANCHO,Dredger,9950466
/vessels/details/8591603,TINY WAVE,Yacht,8591603
/vessels/details/9863546,ANYTHING GOES V,Yacht,9863546
/vessels/details/8981676,HEMILEA,Yacht,8981676
/vessels/details/9331610,INOUIS,Yacht,9331610
/vessels/details/9971197,MAJOLA,Yacht,9971197
/vessels/details/8537023,LOVE BOAT,Yacht,8537023
/vessels/details/8990342,VAIMITI,Yacht,8990342
/vessels/details/9093414,CELTIC DAWN,Yacht,9093414
/vessels/details/9098725,SEA DIAMOND,Yacht,9098725
/vessels/details/8991229,FIGI,Yacht,8991229
/vessels/details/9094925,ATTIMO,Yacht,9094925
/vessels/details/1002586,MA GEISHA,Sailing Vessel,1002586
/vessels/details/253242488,THEODELA L,Other type,253242488
/vessels/details/253242385,MAIKE,Tanker,253242385
/vessels/details/253242357,LIBERTAS,Tanker,253242357
/vessels/details/253242295,JUPITER,Tanker,253242295
/vessels/details/253000081,NAIA,Pleasure craft,253000081
/vessels/details/253242337,PRIMERA,Tanker,253242337
/vessels/details/253653000,GEOSURVEYOR XIX,Passenger ship,253653000
/vessels/details/253698000,BLUE ZONE,Sailing vessel,253698000
/vessels/details/253145000,CARLEINE,Tug,253145000
/vessels/details/253242277,MURIA,Tanker,253242277
/vessels/details/253242448,HARMONIE,Tanker,253242448
/vessels/details/253113000,GEOSURVEYOR X,HSC,253113000
/vessels/details/253645000,HOOLIE TOO,Sailing vessel,253645000
/vessels/details/253000036,BELLONA,Other type,253000036
/vessels/details/253242379,SYNTHESE 15,Tanker,253242379
/vessels/details/253539000,SERENADE,Sailing vessel,253539000
/vessels/details/253000073,SUMATRA,Tanker,253000073
/vessels/details/253242332,NEPTUNUS,Tanker,253242332
/vessels/details/253242441,TROUT,Tanker,253242441
/vessels/details/253242272,SERENITAS,Tanker,253242272
/vessels/details/253242440,SIROCCO,Tanker,253242440
/vessels/details/253242245,FRANCA,Cargo ship,253242245
/vessels/details/253242210,RIA,Pleasure craft,253242210
/vessels/details/253242223,PR MARIE ASTRID,Passenger ship,253242223
/vessels/details/253000015,RIBALDUS,Sailing vessel,253000015
/vessels/details/253365270,AMALRIK2,Towing vessel,253365270
/vessels/details/253242513,SYNTHESE 18,Tanker,253242513
/vessels/details/253465000,CORYLOPHIDA,Other type,253465000
/vessels/details/253242505,FRANCE,Other type,253242505
/vessels/details/253782000,MOLI,Pleasure craft,253782000
/vessels/details/253660000,PIDA,Pleasure craft,253660000
/vessels/details/253416000,MOANA,Pleasure craft,253416000
/vessels/details/253242507,LEONARDO DA VINCI,Passenger ship,253242507
/vessels/details/253682000,MORA KATANGA,Pleasure craft,253682000
/vessels/details/253796000,ESTRELLA,Tug,253796000
/vessels/details/253000077,OPAAL,Tanker,253000077
/vessels/details/253659000,OSMOSE,Sailing vessel,253659000
/vessels/details/253000034,VIVA LA VIDA,Sailing vessel,253000034
/vessels/details/253242356,LINDE,Tanker,253242356
/vessels/details/253731000,GEOSURVEYOR XVIII,Other type,253731000
/vessels/details/253770000,VAQUITA 01,Dredging or UW ops,253770000
/vessels/details/253658000,LOVEBOAT,Pleasure craft,253658000
/vessels/details/253036000,HOPE,Sailing vessel,253036000
/vessels/details/253654000,GEOSURVEYOR XX,HSC,253654000
/vessels/details/253242471,HERKULES VIII,Cargo ship,253242471
/vessels/details/253000127,ZOE,Pleasure craft,253000127
/vessels/details/253843000,LOUISE IV,Pleasure craft,253843000
/vessels/details/253140000,HONDIUS,Other type,253140000
/vessels/details/253000037,APOLLO,Tanker,253000037
/vessels/details/253464000,COCCINELLA,Tanker,253464000
/vessels/details/253000042,BOKITO,Pleasure craft,253000042
/vessels/details/253000033,AYSHA,Sailing vessel,253000033
/vessels/details/253242276,BO CHRIS JR,Cargo ship,253242276
/vessels/details/253803000,NOMAD,Pleasure craft,253803000
/vessels/details/253712000,RIVERCAFE,Sailing vessel,253712000
/vessels/details/253791000,GEOSURVEYOR XXI,Other type,253791000
/vessels/details/253242486,RE WAYDELICH LJ,Passenger ship,253242486
/vessels/details/253242437,QUATTRO,Tanker,253242437
/vessels/details/253242243,FAUCON.II,Other type,253242243
/vessels/details/253242242,AUTAN,Tanker,253242242
/vessels/details/253744000,TOBAGO CAYS,Sailing vessel,253744000
/vessels/details/253242033,FIDELITAS,Tanker,253242033
/vessels/details/253711000,MY SHYRAGA,Pleasure craft,253711000
/vessels/details/253053000,BLACK MOBY,Pleasure craft,253053000
/vessels/details/253000115,CARPE OMNIA,Tanker,253000115
/vessels/details/253370000,SAILING DREAM,Pleasure craft,253370000
/vessels/details/253242369,MADERAS,Tanker,253242369
/vessels/details/253000048,GRAOULLY,Unknown,253000048
/vessels/details/253000075,SNO,Tanker,253000075
/vessels/details/253242216,BOREAS,Tanker,253242216
/vessels/details/253242285,AURORA,Tanker,253242285
/vessels/details/253652000,CASARCA,Pleasure craft,253652000
/vessels/details/253242508,MODIGLIANI,Passenger ship,253242508
/vessels/details/253826000,IZAR,Pleasure craft,253826000
/vessels/details/253484000,MIA ROCCA,Pleasure craft,253484000
/vessels/details/253284000,ISIS,Pleasure craft,253284000
/vessels/details/253000001,RIVAL,Tanker,253000001
/vessels/details/253242474,OTTO,Tanker,253242474
/vessels/details/253000032,MOXOS2,Pleasure craft,253000032
/vessels/details/253695000,CINCIN,Sailing vessel,253695000
/vessels/details/253242476,RIVER DIVA,Passenger ship,253242476
/vessels/details/253591000,GEOSURVEYOR XIV,HSC,253591000
/vessels/details/253470000,CURIOSITY,Tanker,253470000
/vessels/details/253242361,HESTER,Tug,253242361
/vessels/details/253242425,MUSELSCHEFF,Passenger ship,253242425
/vessels/details/253242489,TWAITE,Tanker,253242489
/vessels/details/253469000,COURAGE,WIG,253469000
/vessels/details/253242377,SYNTHESE 17,Other type,253242377
/vessels/details/9809150,ROBIJN,Tankers,9809150
/vessels/details/253044000,SATINE,Pleasure craft,253044000
/vessels/details/253708000,JASMIN,Sailing vessel,253708000
/vessels/details/253032000,HEMILEA,Pleasure craft,253032000
/vessels/details/9564700,SOMTRANS XV,Inland Tanker,9564700
/vessels/details/253000140,WILD,Sailing vessel,253000140
/vessels/details/253242387,CAITHLIN,WIG,253242387
/vessels/details/253000120,VAQUITA 05,Dredging or UW ops,253000120
/vessels/details/253570000,Y NOT,Pleasure craft,253570000
/vessels/details/253353000,BIP BIP,Sailing vessel,253353000
/vessels/details/253795000,STARDUST,Sailing vessel,253795000
/vessels/details/253247000,LOULOU,Pleasure craft,253247000
/vessels/details/253174000,VIRTUELLE,Sailing vessel,253174000
/vessels/details/253242428,ENGONIA,Cargo ship,253242428
/vessels/details/253242286,LAPRESTA,Tanker,253242286
/vessels/details/253242279,BACCHUS,Tanker,253242279
/vessels/details/253242506,LA BOHEME,Passenger ship,253242506
/vessels/details/253000017,WATERMACHINE,Pleasure craft,253000017
/vessels/details/253413000,SAMSON,Dredging or UW ops,253413000
/vessels/details/253242498,SOLANO,Tanker,253242498
/vessels/details/253242499,ALIZE,Tanker,253242499
/vessels/details/253242334,ROUDE LEIW,Passenger ship,253242334
/vessels/details/253341000,WALLYNO,Pleasure craft,253341000
/vessels/details/253565000,S.Y. SATORY,Sailing vessel,253565000
/vessels/details/253723000,RUTHIE,Sailing vessel,253723000
/vessels/details/253242509,MONET,WIG,253242509
/vessels/details/253242396,MARINA,Other type,253242396
/vessels/details/253000023,ZEEAREND,Pleasure craft,253000023
/vessels/details/253242373,PLUTO,Unknown,253242373
/vessels/details/253000076,CARITAS,Tanker,253000076
/vessels/details/253242219,TYPHOON,Unknown,253242219
/vessels/details/253242453,ERLENHOF,Other type,253242453
/vessels/details/253242302,REALITE,Other type,253242302
/vessels/details/253802000,MAORO,Pleasure craft,253802000
/vessels/details/253000070,CARPE VITAM,Tanker,253000070
/vessels/details/253242422,AGILA,Dredging or UW ops,253242422
/vessels/details/253466000,MY RAY 3,Pleasure craft,253466000
/vessels/details/253000043,BOBATO,Sailing vessel,253000043
/vessels/details/253733000,AGLAIA,Sailing vessel,253733000
/vessels/details/253242258,MERAPI,Tanker,253242258
/vessels/details/253000062,ADESSO,Sailing vessel,253000062
/vessels/details/253087000,MY FIGI,Pleasure craft,253087000
/vessels/details/253827000,TI AMA,Pleasure craft,253827000
/vessels/details/253000000,FOMALHAUT,Pleasure craft,253000000
/vessels/details/253000104,MONOMERA,Tanker,253000104
/vessels/details/253626000,SUMMER WIND,Sailing vessel,253626000
/vessels/details/253000049,CARPE VESPERUM,Tanker,253000049
/vessels/details/253171000,PUMBAMEL,Sailing vessel,253171000
/vessels/details/253242374,PAX,Cargo ship,253242374
/vessels/details/253000130,ASTELLA,Unknown,253000130
/vessels/details/253275000,VIVA TOO,Sailing vessel,253275000
/vessels/details/253621000,JIM,Pleasure craft,253621000
/vessels/details/253061000,SPEEDY,Sailing vessel,253061000
/vessels/details/253147000,JTM.999,Unknown,253147000
/vessels/details/253059000,BARONG D,Sailing vessel,253059000
/vessels/details/253155000,CAROM,Pleasure craft,253155000
/vessels/details/253000057,EGALITE,Tanker,253000057
/vessels/details/253000074,STORM,Tanker,253000074
/vessels/details/253242328,AMALIA RODRIGUES,Passenger ship,253242328
/vessels/details/253000131,MEME PAS PEUR,Sailing vessel,253000131
/vessels/details/253000069,FEDELTA,Tanker,253000069
/vessels/details/253231106,TYPHOON,Cargo ship,253231106
/vessels/details/253242247,ASTERIA,Cargo ship,253242247
/vessels/details/253603439,13325-12-85,Unknown,253603439
/vessels/details/253002801,05755-156-85,Unknown,253002801
/vessels/details/9462665,VICTORIA,Motor Hopper,9462665
/vessels/details/253410248,LULONGYU60037WANG 3,Unknown,253410248
/vessels/details/253203062,60028-9-27,Unknown,253203062
/vessels/details/253202283,26287-11-55,Unknown,253202283
/vessels/details/253601735,598-A35-83,Unknown,253601735
/vessels/details/253602924,BIAO 03777-6-61,Unknown,253602924
/vessels/details/253410013,YU.WANG.QU-DF-26,Unknown,253410013
/vessels/details/253605015,06133-B7-38,Unknown,253605015
/vessels/details/253610002,00538-13-63,Unknown,253610002
/vessels/details/253000103,POLKO,Pleasure craft,253000103
/vessels/details/253000533,ZHERUIYU92081-3-80,Unknown,253000533
/vessels/details/253501702,26287-34-67,Unknown,253501702
/vessels/details/253410160,WANGDI64342 9-71,Unknown,253410160
/vessels/details/253401087,00557-35-69,Unknown,253401087
/vessels/details/253000587,ZHEDAIYU15396-2-84,Unknown,253000587
/vessels/details/253002321,ZXY55007-4-58,Unknown,253002321
/vessels/details/253003749,ZHEXIANGYU11032-10-,Unknown,253003749
/vessels/details/253003008,BIAO 56109-3-40,Unknown,253003008
/vessels/details/253501469,188-25-69,Unknown,253501469
/vessels/details/253200211,32002-21-57,Unknown,253200211
/vessels/details/253101822,HSD-NET-99,Unknown,253101822
/vessels/details/253202067,HUANXI-18-50,Unknown,253202067
/vessels/details/253201856,ZHEDAIY15321-2-94,Unknown,253201856
/vessels/details/253601843,LIAOWAYU35052-4-62,Unknown,253601843
/vessels/details/253233330,YU 32333-30-53,Unknown,253233330
/vessels/details/253501346,09555-012-76,Unknown,253501346
/vessels/details/253655000,DREAMCATCHER,Pleasure craft,253655000
/vessels/details/253210100,ZHONGGUOSHIHUA 62,Unknown,253210100
/vessels/details/253202968,ZHELIN12895-4E-99,Unknown,253202968
/vessels/details/253603520,7005-1-02,Unknown,253603520
/vessels/details/253606168,05622-13-95,Unknown,253606168
/vessels/details/253502130,05656-055-86,Unknown,253502130
/vessels/details/253001653,82052-1-55,Unknown,253001653
/vessels/details/253214951,YANGZHIQU Z - 1-52,Unknown,253214951
/vessels/details/253210073,PAXIAWANGDI66405 16,Unknown,253210073
/vessels/details/253001481,04406-39-77,Unknown,253001481
/vessels/details/253603187,15471-16-80,Unknown,253603187
/vessels/details/253202741,60896-LT-87-72,Unknown,253202741
/vessels/details/253900878,BIAO 80288-8-99,Unknown,253900878
/vessels/details/253601367,LIAOWAYU35052-2-81,Unknown,253601367
/vessels/details/253501309,26287-28-53,Unknown,253501309
/vessels/details/253410146,WANGDI 29-02,Unknown,253410146
/vessels/details/253060343,FAD009-60,Unknown,253060343
/vessels/details/253502926,00123-47-77,Unknown,253502926
/vessels/details/253201359,MINPUYU50888-23-99,Unknown,253201359
/vessels/details/253602308,199-47-88,Unknown,253602308
/vessels/details/253203368,60028-21-50,Unknown,253203368
/vessels/details/253668903,LIAOYINGYU36689-3,Unknown,253668903
/vessels/details/253501275,09555-018-96,Unknown,253501275
/vessels/details/253651425,00168-25-19,Unknown,253651425
/vessels/details/253310133,PAXIAWANGDI61999 9,Unknown,253310133
/vessels/details/253041000,BLUE ANGEL,Unknown,253041000
/vessels/details/253002075,ZHEDAIYU11466-2-81,Unknown,253002075
/vessels/details/253605785,YUCHENGYU60177DJ-57,Unknown,253605785
/vessels/details/253600802,15631-A2-97,Unknown,253600802
/vessels/details/253001753,BIAO 00208-16-92,Unknown,253001753
/vessels/details/253013024,WILD GOOSE,Sailing vessel,253013024
/vessels/details/253602012,09668-3-46,Unknown,253602012
/vessels/details/253017125,SUHAIMENYU01017-125,Unknown,253017125
/vessels/details/253204167,60818-24-99,Unknown,253204167
/vessels/details/253200406,86121-1-90,Unknown,253200406
/vessels/details/253502542,00123-53-99,Unknown,253502542
/vessels/details/253606295,15471-9-92,Unknown,253606295
/vessels/details/253604507,BIAO 03777-8-99,Unknown,253604507
/vessels/details/253707000,ANTINEA,Sailing vessel,253707000
/vessels/details/253210075,LULONGYU60036 64-99,Unknown,253210075
/vessels/details/253000029,VILNA,Unknown,253000029
/vessels/details/253210108,ZHONGHAIYOU 3-78,Unknown,253210108
/vessels/details/253002744,ZHEXIANGYU25189-16-,Unknown,253002744
/vessels/details/253203260,46333-8-8-81,Unknown,253203260
/vessels/details/253031191,NET30311-91-99,Unknown,253031191
/vessels/details/253204026,ZHELIN12895-2E-99,Unknown,253204026
/vessels/details/253600289,60385-17-54,Unknown,253600289
/vessels/details/253651421,00168-21-91,Unknown,253651421
/vessels/details/253000173,60667-6-80,Unknown,253000173
/vessels/details/253272805,02728-5-98,Unknown,253272805
/vessels/details/253200038,BIAO 03777-12-54,Unknown,253200038
/vessels/details/253201093,HSD-NET-93,Unknown,253201093
/vessels/details/253602121,05060-35-97,Unknown,253602121
/vessels/details/253001902,ZHEDAIYU15396-1-87,Unknown,253001902
/vessels/details/253410148,YU.WANG.QU-DF-05,Unknown,253410148
/vessels/details/253233328,YU 32333-28-85,Unknown,253233328
/vessels/details/253000915,64072-32-67,Unknown,253000915
/vessels/details/253003808,SUQIYU02595-98-60,Unknown,253003808
/vessels/details/253601111,35992-11-72,Unknown,253601111
/vessels/details/253002062,13068-11-80,Unknown,253002062
/vessels/details/253602086,09668-13-62,Unknown,253602086
/vessels/details/1054931,FERESA,Bitumen Tanker,1054931
/vessels/details/253101875,BABAR BOYA 3-99,Unknown,253101875
/vessels/details/253696810,968-10-35,Unknown,253696810
/vessels/details/253110004,LUYANGZHIQU06005-20,Unknown,253110004
/vessels/details/253605077,BIAO 02828-6-72,Unknown,253605077
/vessels/details/253500020,25350002066,Unknown,253500020
/vessels/details/253002103,ZHEDAIYU11498-1-92,Unknown,253002103
/vessels/details/253410047,BIAO 02818-7-99,Unknown,253410047
/vessels/details/253210036,PAXIAWANGDI66405 3,Unknown,253210036
/vessels/details/253502994,0566826-97,Unknown,253502994
/vessels/details/253333303,ZHESANYU33333-3 70,Unknown,253333303
/vessels/details/253502241,BIAO 56109-18-88,Unknown,253502241
/vessels/details/253410233,LULONGYU60037WANG 36,Unknown,253410233
/vessels/details/253000198,ZXY49327-13-76,Unknown,253000198
/vessels/details/253501231,10002-4-93,Unknown,253501231
/vessels/details/253600284,60385-12-36,Unknown,253600284
/vessels/details/253066629,ROBERTO GEISSINI,Pleasure craft,253066629
/vessels/details/253202744,60896-LT-83-54,Unknown,253202744
/vessels/details/253602129,LIAOWAYU35052-9-80,Unknown,253602129
/vessels/details/253603199,15471-1-94,Unknown,253603199
/vessels/details/253002799,20110-3-91,Unknown,253002799
/vessels/details/253002946,ZHEXIANGYU25189-5-,Unknown,253002946
/vessels/details/253601439,15290-39-94,Unknown,253601439
/vessels/details/253758000,STARDUST,Sailing vessel,253758000
/vessels/details/253058139,SUGANYU03058-139-99,Unknown,253058139
/vessels/details/253002722,05755-170-44,Unknown,253002722
/vessels/details/253501229,12666-A14-54,Unknown,253501229
/vessels/details/253501833,HSD-NET-81,Unknown,253501833
/vessels/details/253502786,36586-4-86,Unknown,253502786
/vessels/details/253504040,LHY35021-5-87,Unknown,253504040
/vessels/details/253001819,ZXY49327-12-99,Unknown,253001819
/vessels/details/253761000,BELLE EXCUSE,Pleasure craft,253761000
/vessels/details/253892521,389-21-73,Unknown,253892521
/vessels/details/253501314,556-29-73,Unknown,253501314
/vessels/details/253602511,199-53-50,Unknown,253602511
/vessels/details/253410164,YU.WANG.QU-DF-35,Unknown,253410164
/vessels/details/253585505,2989 - 582,Unknown,253585505
/vessels/details/253202958,YU01837-12-99,Unknown,253202958
/vessels/details/253606053,YUCHENGYU60177DJ-32,Unknown,253606053
/vessels/details/253002259,05755-161-75,Unknown,253002259
/vessels/details/253501929,09666-018-99,Unknown,253501929
/vessels/details/253502313,6282-311-92,Unknown,253502313
/vessels/details/253402475,MINYU68583-82-99,Unknown,253402475
/vessels/details/253203502,ZHEDAIYU11496-5-65,Unknown,253203502
/vessels/details/253501486,19169-20-67,Unknown,253501486
/vessels/details/253605935,LZY60678-12-99,Unknown,253605935
/vessels/details/253017123,SUHAIMENYU01017-123,Unknown,253017123
/vessels/details/253900009,253900009,Unknown,253900009
/vessels/details/253281630,TIELONG61816-30-88,Unknown,253281630
/vessels/details/253202948,ZHELIN12895-1-99,Unknown,253202948
/vessels/details/253501688,09662-51-90,Unknown,253501688
/vessels/details/253605566,056687-90,Unknown,253605566
/vessels/details/253210059,PAXIAWANGDI66405 10,Unknown,253210059
/vessels/details/253002864,05656-26-69,Unknown,253002864
/vessels/details/253100386,HSD-NET-96,Unknown,253100386
/vessels/details/253606175,11122-7-68,Unknown,253606175
/vessels/details/253605667,LZY60678-7-92,Unknown,253605667
/vessels/details/253330004,25333-4-34,Unknown,253330004
/vessels/details/253602695,0566816-99,Unknown,253602695
/vessels/details/253602542,HSD-NET-88,Unknown,253602542
/vessels/details/253501814,0566830-99,Unknown,253501814
/vessels/details/253204199,ZHEDAIYU11578-4-10,Unknown,253204199
/vessels/details/253203249,5507-10-89,Unknown,253203249
/vessels/details/253606135,YUCHENGYU60177DJ-63,Unknown,253606135
/vessels/details/253210001,FUQIU1-99,Unknown,253210001
/vessels/details/253501813,0566829-99,Unknown,253501813
/vessels/details/253604199,BIAO 00185-5-84,Unknown,253604199
/vessels/details/253603168,BIAO 03777-9-99,Unknown,253603168
/vessels/details/253310203,DA MAO WANG - 203,Unknown,253310203
/vessels/details/253601698,XIYOUWANGZOUDONG684,Unknown,253601698
/vessels/details/253410217,LULONGYU60037WANG 46,Unknown,253410217
/vessels/details/253382211,33822-11-54,Unknown,253382211
/vessels/details/253002842,09591-129-56,Unknown,253002842
/vessels/details/253318000,YASMINE,Unknown,253318000
/vessels/details/253201596,HUANXI-1-54,Unknown,253201596
/vessels/details/253601810,YANG09668-18-60,Unknown,253601810
/vessels/details/253310178,60678 21-99,Unknown,253310178
/vessels/details/253060159,FAD010-52,Unknown,253060159
/vessels/details/253504673,06069-4-02,Unknown,253504673
/vessels/details/253201492,56319-2-88,Unknown,253201492
/vessels/details/253002728,4003-15-90,Unknown,253002728
/vessels/details/253501360,11351-2-83,Unknown,253501360
/vessels/details/253501075,09662-59-79,Unknown,253501075
/vessels/details/253500019,25350001990,Unknown,253500019
/vessels/details/253004360,BIOS - PITS-99,Unknown,253004360
/vessels/details/253500007,2535-7 90,Unknown,253500007
/vessels/details/253310223,DA MAO WANG - 223,Unknown,253310223
/vessels/details/253605145,HSD-NET-50X,Unknown,253605145
/vessels/details/253501990,BIAO 86092-1-45,Unknown,253501990
/vessels/details/253410174,LULONGYU60037WANG 9,Unknown,253410174
/vessels/details/253400503,YUESHANYU12263-20,Unknown,253400503
/vessels/details/253601648,LUYONGYU72196-3-99,Unknown,253601648
/vessels/details/253202559,ZHELIN12895-26-99,Unknown,253202559
/vessels/details/253201571,LIAODANYU27006-4-93,Unknown,253201571
/vessels/details/253717000,DRY PALE,Pleasure craft,253717000
/vessels/details/253501318,05598-043-53,Unknown,253501318
/vessels/details/253501970,26929-2-77,Unknown,253501970
/vessels/details/253410234,ZHONGGUOSHIHUA 27,Unknown,253410234
/vessels/details/253202678,60028-12-73,Unknown,253202678
/vessels/details/253502139,19168-005-83,Unknown,253502139
/vessels/details/253502779,BIAO 00185-3-74,Unknown,253502779
/vessels/details/253203234,46333-4-4-82,Unknown,253203234
/vessels/details/253600406,ZHEXIANGYU05232-6,Unknown,253600406
/vessels/details/253202214,35868-1-56,Unknown,253202214
/vessels/details/253003848,32192-28-81,Unknown,253003848
/vessels/details/253503179,LHY35021-8-96,Unknown,253503179
/vessels/details/253502267,06282-309-99,Unknown,253502267
/vessels/details/253201700,ZHELIN12895-11-99,Unknown,253201700
/vessels/details/253102523,HSD-NET-99,Unknown,253102523
/vessels/details/253600918,09628-16-94,Unknown,253600918
/vessels/details/253000125,SY BALTIC DREAM,Pleasure craft,253000125
/vessels/details/253201396,60896-LT-62-42,Unknown,253201396
/vessels/details/253300019,HSD-NET-99,Unknown,253300019
/vessels/details/253202662,46002-8-98,Unknown,253202662
/vessels/details/253604393,BIAO 03777-13-93,Unknown,253604393
/vessels/details/253210083,PAXIAWANGDI66405 11,Unknown,253210083
/vessels/details/253000249,ZHEXIANGYU11032-5-,Unknown,253000249
/vessels/details/253400796,ZHEPUYU19167-46-65,Unknown,253400796
/vessels/details/253502875,36586-5-02,Unknown,253502875
/vessels/details/253605245,55558-1-28,Unknown,253605245
/vessels/details/253602738,05622-1-76,Unknown,253602738
/vessels/details/253400879,35155-20-99,Unknown,253400879
/vessels/details/253201233,LIAOYINGYU22888-2,Unknown,253201233
/vessels/details/8996047,LA DIVA,Yacht,8996047
/vessels/details/253001216,05755-167-80,Unknown,253001216
/vessels/details/253210170,ZHONGGUOSHIHUA 73,Unknown,253210170
/vessels/details/253000539,JHYY06528-20-53,Unknown,253000539
/vessels/details/253202763,60896-LT-63-46,Unknown,253202763
/vessels/details/253235901,SUQIYU02359-018.2V,Unknown,253235901
/vessels/details/253501528,BIAO 86131-2-50,Unknown,253501528
/vessels/details/253201512,HUANXI-5-98,Unknown,253201512
/vessels/details/253102374,HSD-NET-99,Unknown,253102374
/vessels/details/253501560,556-18-54,Unknown,253501560
/vessels/details/253003830,32192-12-99,Unknown,253003830
/vessels/details/253605619,YUCHENGYU60177DJ-66,Unknown,253605619
/vessels/details/253101288,HSD-NET-99,Unknown,253101288
/vessels/details/9562362,BOURBON LIBERTY 226,Offshore Tug/Supply Ship,9562362
/vessels/details/253502717,556-30-73,Unknown,253502717
/vessels/details/253721679,ZHELIN21679-257.5V,Unknown,253721679
/vessels/details/253410162,LULONGYU60037WANG 2,Unknown,253410162
/vessels/details/253202373,60896-LT-5-81,Unknown,253202373
/vessels/details/253209930,YUENANYU32099-30-,Unknown,253209930
/vessels/details/253604029,BIAO 80288-25-81,Unknown,253604029
/vessels/details/253502961,LULANYU61888-16-02,Unknown,253502961
/vessels/details/253202614,60028-39-92,Unknown,253202614
/vessels/details/253602906,05622-12-86,Unknown,253602906
/vessels/details/253002462,ZHEDAIYU15593-1-91,Unknown,253002462
/vessels/details/253837000,MEDES,Pleasure craft,253837000
/vessels/details/253501276,0566833-99,Unknown,253501276
/vessels/details/253601072,09668-20-92,Unknown,253601072
/vessels/details/253400995,6886-2-99,Unknown,253400995
/vessels/details/253002781,2367-8-50,Unknown,253002781
/vessels/details/253203572,YU01837-17-99,Unknown,253203572
/vessels/details/253600618,80555-2-49,Unknown,253600618
/vessels/details/253601440,05060-21-88,Unknown,253601440
/vessels/details/253122225,NET-31222-25-54,Unknown,253122225
/vessels/details/253202350,ZHELIN12895-1D-99,Unknown,253202350
/vessels/details/253502790,BIAO 00185-4-80,Unknown,253502790
/vessels/details/253600809,15631-A9-52,Unknown,253600809
/vessels/details/253820000,BELUGA 01,Resolution 18 ship,253820000
/vessels/details/253002851,05091-17-57,Unknown,253002851
/vessels/details/253605334,15211-6-83,Unknown,253605334
/vessels/details/253203336,60028-42-94,Unknown,253203336
/vessels/details/253202235,LULAOYU60069-19-89,Unknown,253202235
/vessels/details/253201830,ZHEDAIYU15321-99,Unknown,253201830
/vessels/details/253003325,JHYY06528-1-28,Unknown,253003325
/vessels/details/253310227,DA MAO WANG - 227,Unknown,253310227
/vessels/details/253210106,LULONGYU60036 62-60,Unknown,253210106
/vessels/details/253603084,YUCHENGYU60177DJ-46,Unknown,253603084
/vessels/details/253003806,SUQIYU02595-96-38,Unknown,253003806
/vessels/details/253502982,19519-2-65,Unknown,253502982
/vessels/details/253000212,ZXY76055-9-93,Unknown,253000212
/vessels/details/253503670,LHY35021-20-88,Unknown,253503670
/vessels/details/253502893,09662-55-87,Unknown,253502893
/vessels/details/253219214,32192-4-94,Unknown,253219214
/vessels/details/253210007,014106006-99,Unknown,253210007
/vessels/details/253601592,05060-20-83,Unknown,253601592
/vessels/details/253481000,ARDUA QUAERIT,Sailing vessel,253481000
/vessels/details/253203430,60818-19-37,Unknown,253203430
/vessels/details/253310113,PAXIAWANGDI61999 7,Unknown,253310113
/vessels/details/253204186,60818-42-99,Unknown,253204186
/vessels/details/253100379,HSD-NET-99,Unknown,253100379
/vessels/details/253000003,KAIJA,Pleasure craft,253000003
/vessels/details/253502940,02488-026-40,Unknown,253502940
/vessels/details/253600804,15631-A4-78,Unknown,253600804
/vessels/details/253501043,1659-6-62,Unknown,253501043
/vessels/details/253502829,LIAOYINGYU35789-3,Unknown,253502829
/vessels/details/253003674,ZXY49327-15-80,Unknown,253003674
/vessels/details/253649000,MOANA,Pleasure craft,253649000
/vessels/details/253502670,26929-6-99,Unknown,253502670
/vessels/details/253603369,YUCHENGYU60177DJ-64,Unknown,253603369
/vessels/details/253721518,LX21518-257.1V,Unknown,253721518
/vessels/details/253601426,15290-26-96,Unknown,253601426
/vessels/details/253003937,76035-2-90,Unknown,253003937
/vessels/details/253578810,35788-10-38,Unknown,253578810
/vessels/details/253101301,HSD-NET-25,Unknown,253101301
/vessels/details/253502418,BIAO 86030-3-80,Unknown,253502418
/vessels/details/253002087,ZXY55005-5-54,Unknown,253002087
/vessels/details/253058146,SUGANYU03058-146-99,Unknown,253058146
/vessels/details/253201859,60028-29-88,Unknown,253201859
/vessels/details/253603073,11122-13-70,Unknown,253603073
/vessels/details/253200444,LUZHANYU60098-25-99,Unknown,253200444
/vessels/details/253002320,BIAO 00208-17-52,Unknown,253002320
/vessels/details/253299932,32999-32-91,Unknown,253299932
/vessels/details/253410631,XIEWANG66196-06-68,Unknown,253410631
/vessels/details/253401263,LUPENGYU888 4-96,Unknown,253401263
/vessels/details/253000343,ZHEDAIYU12271-2-91,Unknown,253000343
/vessels/details/9092850,CHARLOTTE,Yacht,9092850
/vessels/details/253553333,25355-3-60,Unknown,253553333
/vessels/details/253299928,32999-28-39,Unknown,253299928
/vessels/details/253601123,LIAOWAYU35052-17-95,Unknown,253601123
/vessels/details/253410128,BIAO 02818-3-99,Unknown,253410128
/vessels/details/253101624,HSD-NET-99,Unknown,253101624
/vessels/details/253606112,15471-12-86,Unknown,253606112
/vessels/details/253202781,60896-LT-78-55,Unknown,253202781
/vessels/details/253604719,9425-69-63,Unknown,253604719
/vessels/details/253003823,32192-11-72,Unknown,253003823
/vessels/details/253203591,MINYU05589-18-79,Unknown,253203591
/vessels/details/253001388,JHYY06528-18-92,Unknown,253001388
/vessels/details/253310014,ZHONGGUOSHIHUA 70,Unknown,253310014
/vessels/details/253202727,60896-LT-82-96,Unknown,253202727
/vessels/details/253502719,556-26-71,Unknown,253502719
/vessels/details/253088962,VIRDA,Cargo ship,253088962
/vessels/details/253069435,7211 - 3599,Unknown,253069435
/vessels/details/253602025,09668-11-95,Unknown,253602025
/vessels/details/253601773,05060-6-94,Unknown,253601773
/vessels/details/253605770,BIAO 03777-15-99,Unknown,253605770
/vessels/details/253281628,TIELONG61816-28-99,Unknown,253281628
/vessels/details/253333301,ZHESANYU33333-1 70,Unknown,253333301
/vessels/details/253122227,NET-31222-27-57,Unknown,253122227
/vessels/details/253585503,2989 - 319,Unknown,253585503
/vessels/details/253254921,480,Fishing vessel,253254921
/vessels/details/253003833,32192-22-46,Unknown,253003833
/vessels/details/253201867,2876-9-99,Unknown,253201867
/vessels/details/253502315,1659-4-99,Unknown,253502315
/vessels/details/253502997,0566810-69,Unknown,253502997
/vessels/details/253000921,BIAO 00208-1-96,Unknown,253000921
/vessels/details/253501657,LIAOYINGYU35789-1,Unknown,253501657
/vessels/details/253900188,15596-7-98,Unknown,253900188
/vessels/details/253202828,60896-LT-84-56,Unknown,253202828
/vessels/details/253158000,SERENITE,Pleasure craft,253158000
/vessels/details/253502344,00123-42-81,Unknown,253502344
/vessels/details/253299933,32999-33-92,Unknown,253299933
/vessels/details/253600806,15631-A6-95,Unknown,253600806
/vessels/details/253503059,19119-8-68,Unknown,253503059
/vessels/details/253606001,BIAO 02828-3-90,Unknown,253606001
/vessels/details/253503437,LHY35021-11-89,Unknown,253503437
/vessels/details/253600177,LIAOYINGYU55017-3,Unknown,253600177
/vessels/details/253502742,6198-6-77,Unknown,253502742
/vessels/details/253600805,HAOTONG137 34-45,Unknown,253600805
/vessels/details/253400482,SUBINYU18008-5-85,Unknown,253400482
/vessels/details/253003817,SUQIYU02595-107-54,Unknown,253003817
/vessels/details/253502263,36586-2-59,Unknown,253502263
/vessels/details/253299901,32999-01-99,Unknown,253299901
/vessels/details/253000255,SUQIYU01239-A1-94,Unknown,253000255
/vessels/details/253242237,NJOY,Pleasure craft,253242237
/vessels/details/253201005,9754-5-75,Unknown,253201005
/vessels/details/253902748,10158-3-57,Unknown,253902748
/vessels/details/253236827,32368-27-99,Unknown,253236827
/vessels/details/253203777,60028-49-99,Unknown,253203777
/vessels/details/253004537,HSD-NET-99,Unknown,253004537
/vessels/details/253501691,556-15-37,Unknown,253501691
/vessels/details/253004373,BIOS - PROD-99,Unknown,253004373
/vessels/details/253310234,DA MAO WANG - 234,Unknown,253310234
/vessels/details/253310191,LULONGYU60036WANG 34,Unknown,253310191
/vessels/details/253602436,05060-22-83,Unknown,253602436
/vessels/details/253800603,ZHERUIYU01809-99,Unknown,253800603
/vessels/details/253003013,BIAO 00185-45-61,Unknown,253003013
/vessels/details/253502325,NANBIANYOUYWANG-4,Unknown,253502325
/vessels/details/253210271,ZHONGGUOSHIHUA 69,Unknown,253210271
/vessels/details/253203161,555-81-93,Unknown,253203161
/vessels/details/253606330,15606-6-19,Unknown,253606330
/vessels/details/253270317,XIANG 27031-7-74,Unknown,253270317
/vessels/details/253501923,02488-030-51,Unknown,253501923
/vessels/details/253501290,188-27-75,Unknown,253501290
/vessels/details/9507013,BOURBON HERALD,Offshore Tug/Supply Ship,9507013
/vessels/details/253603431,YUCHENGYU60177DJ-52,Unknown,253603431
/vessels/details/253001094,2367-6-92,Unknown,253001094
/vessels/details/253502280,09666-021-55,Unknown,253502280
/vessels/details/253003469,ZHEDAIYU12271-3-87,Unknown,253003469
/vessels/details/253299906,32999-06-31,Unknown,253299906
/vessels/details/253501809,056688-99,Unknown,253501809
/vessels/details/253002868,04406-28-67,Unknown,253002868
/vessels/details/253501849,26929-5-99,Unknown,253501849
/vessels/details/253235902,SUQIYU02359-028.1V,Unknown,253235902
/vessels/details/253201130,60818-1-94,Unknown,253201130
/vessels/details/253600159,LIAOWAYU75588-1-78,Unknown,253600159
/vessels/details/253504302,61888-25PAOMAOWANG,Unknown,253504302
/vessels/details/253003844,32192-24-64,Unknown,253003844
/vessels/details/253400712,35155-21-99,Unknown,253400712
/vessels/details/253299912,32999-12-99,Unknown,253299912
/vessels/details/253601090,LIAOWAYU35052-16-27,Unknown,253601090
/vessels/details/253101302,HSD-NET-97,Unknown,253101302
/vessels/details/253603352,05622-8-95,Unknown,253603352
/vessels/details/253606372,LZY60678-10-94,Unknown,253606372
/vessels/details/253102227,KAYBEANNA 9-99,Unknown,253102227
/vessels/details/253002817,04406-17-79,Unknown,253002817
/vessels/details/253601914,09668-18-93,Unknown,253601914
/vessels/details/253901093,WANG DI NAN 4-34,Unknown,253901093
/vessels/details/253401247,ZHEYINYU11888-1-56,Unknown,253401247
/vessels/details/253501485,04999-19-89,Unknown,253501485
/vessels/details/253003810,SUQIYU02595-100-78,Unknown,253003810
/vessels/details/253500015,2535-15 90,Unknown,253500015
/vessels/details/253102160,HSD-NET-30,Unknown,253102160
/vessels/details/253461000,JONAH,Sailing vessel,253461000
/vessels/details/253801000,MAIA,Sailing vessel,253801000
/vessels/details/253310189,60678 16-85,Unknown,253310189
/vessels/details/253605748,YUCHENGYU60177DJ-29,Unknown,253605748
/vessels/details/253501222,556-24-51,Unknown,253501222
/vessels/details/253604152,BIAO 00185-6-78,Unknown,253604152
/vessels/details/253501872,26929-8-81,Unknown,253501872
/vessels/details/253201594,555-97-99,Unknown,253201594
/vessels/details/253203257,60028-16-86,Unknown,253203257
/vessels/details/253400802,MINPUYU05111-16-99,Unknown,253400802
/vessels/details/253003581,ZHEXIANGYU11032-8-,Unknown,253003581
/vessels/details/253901199,WANG DI NAN 8-88,Unknown,253901199
/vessels/details/253600894,02992-11-78,Unknown,253600894
/vessels/details/253310222,DA MAO WANG - 222,Unknown,253310222
/vessels/details/253210062,ZHONGHAIYOU 11-39,Unknown,253210062
/vessels/details/253604273,818-828-61,Unknown,253604273
/vessels/details/253272809,02728-9-99,Unknown,253272809
/vessels/details/253202357,LULAOYU60069-14-96,Unknown,253202357
/vessels/details/253600476,61888-20PAOMAOWANG,Unknown,253600476
/vessels/details/253605708,05622-16-94,Unknown,253605708
/vessels/details/253502958,09555-015-77,Unknown,253502958
/vessels/details/253501531,0566816-99,Unknown,253501531
/vessels/details/253410171,LULONGYU60036WANG 45,Unknown,253410171
/vessels/details/253604149,YUCHENGYU60177DJ-6,Unknown,253604149
/vessels/details/253333305,33333-05-87,Unknown,253333305
/vessels/details/253502270,6198-8-79,Unknown,253502270
/vessels/details/253604217,12333-23-57,Unknown,253604217
/vessels/details/253502074,12123-7-73,Unknown,253502074
/vessels/details/253218065,LIN21806-5-71,Unknown,253218065
/vessels/details/253100338,HSD-NET-51,Unknown,253100338
/vessels/details/253502941,0566824-96,Unknown,253502941
/vessels/details/253219213,32192-3-98,Unknown,253219213
/vessels/details/253310210,DA MAO WANG - 210,Unknown,253310210
/vessels/details/253202888,ZHELIN12895-8-99,Unknown,253202888
/vessels/details/253000055,BIAO 00208-10-95,Unknown,253000055
/vessels/details/253602779,05622-4-83,Unknown,253602779
/vessels/details/253003832,32192-21-99,Unknown,253003832
/vessels/details/253001146,69379-9-88,Unknown,253001146
/vessels/details/253003124,BIAO 00185-47-91,Unknown,253003124
/vessels/details/253001853,05755-163-81,Unknown,253001853
/vessels/details/253604913,YUCHENGYU60177DJ-21,Unknown,253604913
/vessels/details/253400954,MINPUYU21881-1-99,Unknown,253400954
/vessels/details/253603909,05622-15-94,Unknown,253603909
/vessels/details/253605813,14001-6-64,Unknown,253605813
/vessels/details/253050306,54YIDONGYN5WANG-99,Unknown,253050306
/vessels/details/253604997,ZXY49282-1-88,Unknown,253604997
/vessels/details/253101853,MUBASHIR BOYA 3-99,Unknown,253101853
/vessels/details/253601245,05060-32-95,Unknown,253601245
/vessels/details/253502137,00168-4-39,Unknown,253502137
/vessels/details/253310188,LULONGYU60036WANG 37,Unknown,253310188
/vessels/details/253410195,LULONGYU60037WANG 8,Unknown,253410195
/vessels/details/253299920,32999-20-95,Unknown,253299920
/vessels/details/253203436,60028-1-99,Unknown,253203436
/vessels/details/253204198,60818-48-46,Unknown,253204198
/vessels/details/253310230,DA MAO WANG - 230,Unknown,253310230
/vessels/details/253001713,ZXY55007-2-54,Unknown,253001713
/vessels/details/253502134,6198-5-66,Unknown,253502134
/vessels/details/253210205,ZHONGGUOSHIHUA 68,Unknown,253210205
/vessels/details/253201615,36688-9-96,Unknown,253201615
/vessels/details/253042885,LIN 04288-5-91,Unknown,253042885
/vessels/details/253587000,MS SAMPANIA,Pleasure craft,253587000
/vessels/details/253210040,PAXIAWANGDI66405 15,Unknown,253210040
/vessels/details/253310152,ZHONGGUOSHIHUA 26,Unknown,253310152
/vessels/details/253201446,555-99-80,Unknown,253201446
/vessels/details/253502319,00123-57-50,Unknown,253502319
/vessels/details/253003831,32192-09-52,Unknown,253003831
/vessels/details/253604818,LIAOYINGYU56056-4,Unknown,253604818
/vessels/details/253555605,35556-5 50,Unknown,253555605
/vessels/details/253002559,4003-19-94,Unknown,253002559
/vessels/details/253310213,DA MAO WANG - 213,Unknown,253310213
/vessels/details/253060000,LARUS,Sailing vessel,253060000
/vessels/details/253382206,33822-06-73,Unknown,253382206
/vessels/details/253410837,XIEWANG66196-10-68,Unknown,253410837
/vessels/details/253310314,YUWANGQU314-98,Unknown,253310314
/vessels/details/253552701,35527-1 60,Unknown,253552701
/vessels/details/253310147,PAXIAWANGDI61999 12,Unknown,253310147
/vessels/details/253069434,7211 - 3499,Unknown,253069434
/vessels/details/253210129,ZHONGGUOSHIHUA 75,Unknown,253210129
/vessels/details/253606227,05622-17-98,Unknown,253606227
/vessels/details/253900922,BIAO 80288-7-99,Unknown,253900922
/vessels/details/253004536,HSD-NET-99,Unknown,253004536
/vessels/details/253204093,60818-30-90,Unknown,253204093
/vessels/details/253002328,ZXY49515-2-82,Unknown,253002328
/vessels/details/253602829,YUCHENGYU60177DJ-26,Unknown,253602829
/vessels/details/253403038,MINYU68583-89-99,Unknown,253403038
/vessels/details/253459617,34596-B17-79,Unknown,253459617
/vessels/details/253203892,60896-LT-90-41,Unknown,253203892
/vessels/details/253568000,IBIS,Sailing vessel,253568000
/vessels/details/253002461,ZXY55005-7-66,Unknown,253002461
/vessels/details/253604713,9425-63-82,Unknown,253604713
/vessels/details/253501303,05656-053-99,Unknown,253501303
/vessels/details/253502939,0566821-90,Unknown,253502939
/vessels/details/253604706,YUCHENGYU60177DJ-49,Unknown,253604706
/vessels/details/253202919,60896-LT-65-98,Unknown,253202919
/vessels/details/253000377,49277-10-83,Unknown,253000377
/vessels/details/253102528,HSD-NET-02,Unknown,253102528
/vessels/details/253502297,556-12-58,Unknown,253502297
/vessels/details/253202093,MINYU05589-6-70,Unknown,253202093
/vessels/details/253201560,26287-19-64,Unknown,253201560
/vessels/details/253601420,15290-20-88,Unknown,253601420
/vessels/details/253601800,LUHAIYU66174-2-99,Unknown,253601800
/vessels/details/253001467,2367-9-48,Unknown,253001467
/vessels/details/253501262,00123-48-88,Unknown,253501262
/vessels/details/253203370,60818-43-80,Unknown,253203370
/vessels/details/253203285,555-82-77,Unknown,253203285
/vessels/details/253299902,32999-02-34,Unknown,253299902
/vessels/details/253501710,556-21-22,Unknown,253501710
/vessels/details/253119030,ZHEDAIYU01198-30-91,Unknown,253119030
/vessels/details/253601067,LIAOWAYU35052-18-55,Unknown,253601067
/vessels/details/253069436,7211 - 3699,Unknown,253069436
/vessels/details/253605862,05622-5-85,Unknown,253605862
/vessels/details/253201919,HUANXI-15-98,Unknown,253201919
/vessels/details/253604552,YUCHENGYU60177DJ-9,Unknown,253604552
/vessels/details/253272807,02728-7-94,Unknown,253272807
/vessels/details/253504290,06069-3-62,Unknown,253504290
/vessels/details/253902881,BIAO 80288-4-97,Unknown,253902881
/vessels/details/253402018,ZHEDAI22085-62-96,Unknown,253402018
/vessels/details/253501914,188-20-78,Unknown,253501914
/vessels/details/253910001,HSD-NET-94,Unknown,253910001
/vessels/details/253606190,0566818-99,Unknown,253606190
/vessels/details/253000072,ALLANTE,Pleasure craft,253000072
/vessels/details/253210105,ZHONGGUOSHIHUA 74,Unknown,253210105
/vessels/details/253310214,DA MAO WANG - 214,Unknown,253310214
/vessels/details/253002950,ZHERUIYU92081-4-80,Unknown,253002950
/vessels/details/253503596,LHY35021-19-87,Unknown,253503596
/vessels/details/253000217,ZXY49327-11-99,Unknown,253000217
/vessels/details/253003846,32192-26-64,Unknown,253003846
/vessels/details/253801857,36277-10-91,Unknown,253801857
/vessels/details/253219221,32192-11-90,Unknown,253219221
/vessels/details/253668901,LIAOYINGYU36689-1,Unknown,253668901
/vessels/details/253603894,06688-5-48,Unknown,253603894
/vessels/details/9519248,POSTNIK YAKOVLEV,Dredger,9519248
/vessels/details/253002279,2367-4-41,Unknown,253002279
/vessels/details/253604404,LIAOYINGYU55069-2,Unknown,253604404
/vessels/details/253601359,04676-32-71,Unknown,253601359
/vessels/details/253900526,WANG DI NAN 1-76,Unknown,253900526
/vessels/details/253200692,BIAO 03777-16-96,Unknown,253200692
/vessels/details/253467766,GPTW,Unknown,253467766
/vessels/details/253602302,YANG09668-12-76,Unknown,253602302
/vessels/details/253200734,HSD-NET-95,Unknown,253200734
/vessels/details/253410196,WANGDI64342 2-47,Unknown,253410196
/vessels/details/253203497,YU01837-13-99,Unknown,253203497
/vessels/details/253501317,26287-35-60,Unknown,253501317
/vessels/details/253601112,35992-12-83,Unknown,253601112
/vessels/details/253400311,00557-9-99,Unknown,253400311
/vessels/details/253585501,2989 - 185,Unknown,253585501
/vessels/details/253501557,09555-016-79,Unknown,253501557
/vessels/details/253504178,55095-14-95,Unknown,253504178
/vessels/details/253031194,NET30311-94-94,Unknown,253031194
/vessels/details/253202716,36699-1-80,Unknown,253202716
/vessels/details/253501932,BIAO 00185-2-73,Unknown,253501932
/vessels/details/253606036,BIAO 80288-28-27,Unknown,253606036
/vessels/details/253400517,35155-17-98,Unknown,253400517
/vessels/details/253513508,35135-8-63,Unknown,253513508
/vessels/details/253000682,ZHEDAIY15321-2-58,Unknown,253000682
/vessels/details/253203414,60818-12-95,Unknown,253203414
/vessels/details/253721586,LG 21586-257.2V,Unknown,253721586
/vessels/details/253501085,05656-058-97,Unknown,253501085
/vessels/details/253101607,GULISTAN LAAL 2-99,Unknown,253101607
/vessels/details/253201698,60028-6-99,Unknown,253201698
/vessels/details/253001002,02392-12-99,Unknown,253001002
/vessels/details/253119034,ZHEDAIYU01198-34-85,Unknown,253119034
/vessels/details/253310303,YUWANGQU303-99,Unknown,253310303
/vessels/details/253003020,BIAO 56109-9-82,Unknown,253003020
/vessels/details/253410236,WANGDI 30-02,Unknown,253410236
/vessels/details/253601726,04663104-99,Unknown,253601726
/vessels/details/253001159,05755-153-93,Unknown,253001159
/vessels/details/253003849,32192-29-99,Unknown,253003849
/vessels/details/253058144,SUGANYU03058-144-99,Unknown,253058144
/vessels/details/253000441,4003-17-94,Unknown,253000441
/vessels/details/253601625,05060-16-92,Unknown,253601625
/vessels/details/253003667,BIAO 00208-2-65,Unknown,253003667
/vessels/details/253003821,32192-14-99,Unknown,253003821
/vessels/details/253400683,MINPUYU16666-17-99,Unknown,253400683
/vessels/details/253210214,ZHONGGUOSHIHUA 55,Unknown,253210214
/vessels/details/253101046,SUDAIS.5.3-99,Unknown,253101046
/vessels/details/253400530,35155-13-99,Unknown,253400530
/vessels/details/253600290,60385-18-57,Unknown,253600290
/vessels/details/253502261,6198-2-75,Unknown,253502261
/vessels/details/253605158,YUCHENGYU60177DJ-68,Unknown,253605158
/vessels/details/253410021,BIAO 02818-11-99,Unknown,253410021
/vessels/details/253901390,46818-8-96,Unknown,253901390
/vessels/details/253410624,XIEWANG66196-09-82,Unknown,253410624
/vessels/details/253502850,26287-40-51,Unknown,253502850
/vessels/details/253903136,15596-8-78,Unknown,253903136
/vessels/details/253844000,PEARL,Sailing vessel,253844000
/vessels/details/253210216,ZHONGGUOSHIHUA 61,Unknown,253210216
/vessels/details/253001457,09591-133-79,Unknown,253001457
/vessels/details/253002738,05755-169-87,Unknown,253002738
/vessels/details/9626510,MIA ROCCA IX,Yacht,9626510
/vessels/details/253330002,25333-2-91,Unknown,253330002
/vessels/details/253604724,9425-73-28,Unknown,253604724
/vessels/details/253503009,056685-98,Unknown,253503009
/vessels/details/253100377,HSD-NET-85,Unknown,253100377
/vessels/details/253215355,LIN 21535-5-88,Unknown,253215355
/vessels/details/253901999,5507-5-99,Unknown,253901999
/vessels/details/253600810,15631-A10-57,Unknown,253600810
/vessels/details/253003510,BIAO 00208-15-99,Unknown,253003510
/vessels/details/253504130,LIAOZHUANGYU65999-3,Unknown,253504130
/vessels/details/253202843,ZHELIN12895-18-93,Unknown,253202843
/vessels/details/253503060,09666-020-84,Unknown,253503060
/vessels/details/253601431,15290-31-78,Unknown,253601431
/vessels/details/253602408,09668-1-02,Unknown,253602408
/vessels/details/253000132,VAQUITA 07,Dredging or UW ops,253000132
/vessels/details/253000389,FUINGYU06797-21-89,Unknown,253000389
/vessels/details/253501088,056683-78,Unknown,253501088
/vessels/details/253502912,188-26-75,Unknown,253502912
/vessels/details/253502905,0010-33-94,Unknown,253502905
/vessels/details/253501052,05598-048-66,Unknown,253501052
/vessels/details/253606195,111210-59,Unknown,253606195
/vessels/details/253502514,BIAO 56109-12-87,Unknown,253502514
/vessels/details/253209902,ZHELIN12983-1BB-65,Unknown,253209902
/vessels/details/253503321,HSD-NET-99,Unknown,253503321
/vessels/details/253202244,LULAOYU60069-11-97,Unknown,253202244
/vessels/details/253600940,05060-27-94,Unknown,253600940
/vessels/details/253900859,46333-3-3-34,Unknown,253900859
/vessels/details/253600941,05060-28-89,Unknown,253600941
/vessels/details/253601862,05060-33-97,Unknown,253601862
/vessels/details/253502632,1659-3-54,Unknown,253502632
/vessels/details/253501255,6198-11-78,Unknown,253501255
/vessels/details/253001992,88858-92-27,Unknown,253001992
/vessels/details/253310153,60678 1-63,Unknown,253310153
/vessels/details/253272802,02728-2-97,Unknown,253272802
/vessels/details/253461002,A8 99,Unknown,253461002
/vessels/details/253310205,DA MAO WANG - 205,Unknown,253310205
/vessels/details/253201617,36688-7-95,Unknown,253201617
/vessels/details/253233399,YU 32333-99,Unknown,253233399
/vessels/details/253600886,05060-4-87,Unknown,253600886
/vessels/details/253601680,199-58-53,Unknown,253601680
/vessels/details/253333332,33333-32-84,Unknown,253333332
/vessels/details/253202645,2876-5-92,Unknown,253202645
/vessels/details/253601105,09628-24-77,Unknown,253601105
/vessels/details/253421716,42171-6-98,Unknown,253421716
/vessels/details/253900471,4003-22-99,Unknown,253900471
/vessels/details/253202281,26287-12-84,Unknown,253202281
/vessels/details/253002097,ZHEDAIYU11496-2-83,Unknown,253002097
/vessels/details/253605125,YUCHENGYU60177DJ-39,Unknown,253605125
/vessels/details/253459612,34596-B12-75,Unknown,253459612
/vessels/details/253606123,ZPY80302-10-99,Unknown,253606123
/vessels/details/253182000,TUPAI,Sailing vessel,253182000
/vessels/details/253401179,ZHEYU07212-5-91,Unknown,253401179
/vessels/details/253600102,2536-2-99,Unknown,253600102
/vessels/details/253000208,BIAO 56109-14-96,Unknown,253000208
/vessels/details/253601927,LIAOWAYU35052-7-91,Unknown,253601927
/vessels/details/253902934,BIAO 80288-6-99,Unknown,253902934
/vessels/details/253601317,LIAOYINGYU26066-2,Unknown,253601317
/vessels/details/253204017,56319-5-99,Unknown,253204017
/vessels/details/253122219,NET-31222-19-83,Unknown,253122219
/vessels/details/253467001,A7 99,Unknown,253467001
/vessels/details/253603571,BIAO 00185-8-85,Unknown,253603571
/vessels/details/253501354,13153-103-81,Unknown,253501354
/vessels/details/253501277,02488-022-49,Unknown,253501277
/vessels/details/253382212,33822-12-78,Unknown,253382212
/vessels/details/253502019,188-18-88,Unknown,253502019
/vessels/details/253201691,60028-34-68,Unknown,253201691
/vessels/details/253000139,TAO,Pleasure craft,253000139
/vessels/details/253001593,ZXY32011-1-99,Unknown,253001593
/vessels/details/253310228,DA MAO WANG - 228,Unknown,253310228
/vessels/details/253210035,PAXIAWANGDI66405 1,Unknown,253210035
/vessels/details/9091301,SATINE,Yacht,9091301
/vessels/details/253601706,1230-A6-91,Unknown,253601706
/vessels/details/253800435,36577-10-85,Unknown,253800435
/vessels/details/253901352,BIAO 80288-10-96,Unknown,253901352
/vessels/details/253002043,ZHEDAIYU15593-2-68,Unknown,253002043
/vessels/details/253201642,26287-18-98,Unknown,253201642
/vessels/details/253146105,LIAOSUIYU31461-5-89,Unknown,253146105
/vessels/details/253203105,60818-22-80,Unknown,253203105
/vessels/details/253201322,60818-41-91,Unknown,253201322
/vessels/details/253602381,LIAOWAYU35052-22-37,Unknown,253602381
/vessels/details/253201094,60818-25-76,Unknown,253201094
/vessels/details/253003472,92081-10-25,Unknown,253003472
/vessels/details/253504132,LIAOZHUANGYU65999-6,Unknown,253504132
/vessels/details/253604132,BIAO 00208-8-94,Unknown,253604132
/vessels/details/253310206,DA MAO WANG - 206,Unknown,253310206
/vessels/details/253605237,15471-15-92,Unknown,253605237
/vessels/details/253203764,46333-11-11-90,Unknown,253203764
/vessels/details/253214563,1,Fishing vessel,253214563
/vessels/details/253501284,13153-101-79,Unknown,253501284
/vessels/details/253502056,6198-1-62,Unknown,253502056
/vessels/details/253100695,HSD-NET-96,Unknown,253100695
/vessels/details/253310583,ZHEXIANGYUYUN50899,Unknown,253310583
/vessels/details/253410203,WANGDI 27-44,Unknown,253410203
/vessels/details/253002323,ZXY49515-6-99,Unknown,253002323
/vessels/details/253410207,LULONGYU60037WANG 38,Unknown,253410207
/vessels/details/253605800,YUCHENGYU60177DJ-56,Unknown,253605800
/vessels/details/253200029,YU 10102-89-99,Unknown,253200029
/vessels/details/253603203,YUCHENGYU60177DJ-42,Unknown,253603203
/vessels/details/253272808,02728-8-99,Unknown,253272808
/vessels/details/253502795,5339-4-93,Unknown,253502795
/vessels/details/253552305,LIAOSUIYU35523-5 30,Unknown,253552305
/vessels/details/253122223,NET-31222-23-72,Unknown,253122223
/vessels/details/253201063,LULAOYU60069-13-89,Unknown,253201063
/vessels/details/253410039,BIAO 02818-14-66,Unknown,253410039
/vessels/details/253605919,BIAO 02828-5-45,Unknown,253605919
/vessels/details/253200930,BIAO 03777-14-76,Unknown,253200930
/vessels/details/253600647,61888-26PAOMAOWANG,Unknown,253600647
/vessels/details/253101846,HSD-NET-59,Unknown,253101846
/vessels/details/253502290,00123-51-44,Unknown,253502290
/vessels/details/253603110,05216-17-94,Unknown,253603110
/vessels/details/253102281,HSD-NET-99,Unknown,253102281
/vessels/details/253502626,BIAO 00185-1-57,Unknown,253502626
/vessels/details/253410200,WANGDI 26-99,Unknown,253410200
/vessels/details/253606170,11122-1-68,Unknown,253606170
/vessels/details/253980887,MINPUYU4003-13-55,Unknown,253980887
/vessels/details/253201004,9754-4-92,Unknown,253201004
/vessels/details/253060323,FAD012-52,Unknown,253060323
/vessels/details/253604429,YUCHENGYU60177DJ-65,Unknown,253604429
/vessels/details/253606478,YUCHENGYU60177DJ-59,Unknown,253606478
/vessels/details/253600648,80555-1-84,Unknown,253600648
/vessels/details/253002886,BIAO 56109-5-56,Unknown,253002886
/vessels/details/253203700,60028-13-36,Unknown,253203700
/vessels/details/9573529,BOURBON LIBERTY 244,Offshore Tug/Supply Ship,9573529
/vessels/details/253600444,61888-39ZHANGMAOWAN,Unknown,253600444
/vessels/details/253058147,SUGANYU03058-147-99,Unknown,253058147
/vessels/details/253503378,60583-22-99,Unknown,253503378
/vessels/details/253514636,00168-36-48,Unknown,253514636
/vessels/details/253202715,555-83-99,Unknown,253202715
/vessels/details/253502251,05598-045-70,Unknown,253502251
/vessels/details/253501545,6198-7-75,Unknown,253501545
/vessels/details/253203422,60818-36-85,Unknown,253203422
/vessels/details/253502116,00168-2-99,Unknown,253502116
/vessels/details/253567000,SHAMU,Pleasure craft,253567000
/vessels/details/253101100,HSD-NET-99,Unknown,253101100
/vessels/details/253601457,04676-34-94,Unknown,253601457
/vessels/details/253202348,ZHELIN12895-10-99,Unknown,253202348
/vessels/details/253601657,YANG09668-14-86,Unknown,253601657
/vessels/details/253504134,00069-9-88,Unknown,253504134
/vessels/details/253501913,10002-2-77,Unknown,253501913
/vessels/details/253601556,05060-25-95,Unknown,253601556
/vessels/details/253601929,LIAOWAYU35052-13-43,Unknown,253601929
/vessels/details/253002786,04406-42-65,Unknown,253002786
/vessels/details/253201964,LULAOYU60069-6-99,Unknown,253201964
/vessels/details/253000910,ZXY49515-4-65,Unknown,253000910
/vessels/details/253382201,33822-01-81,Unknown,253382201
/vessels/details/9562714,DN207,Work/Repair Vessel,9562714
/vessels/details/253605052,BIAO 80288-32-78,Unknown,253605052
/vessels/details/253003845,32192-25-87,Unknown,253003845
/vessels/details/253604957,BIAO 00208-8-46,Unknown,253604957
/vessels/details/253578811,35788-11-43,Unknown,253578811
/vessels/details/253502968,188-24-84,Unknown,253502968
/vessels/details/253606191,05622-11-89,Unknown,253606191
/vessels/details/253002041,ZXY55007-5-82,Unknown,253002041
/vessels/details/253401066,ZHEYU01419-3-48,Unknown,253401066
/vessels/details/253721576,LX21576-258.1V,Unknown,253721576
/vessels/details/253201462,46333-7-7-86,Unknown,253201462
/vessels/details/253603183,BIAO 00185-3-44,Unknown,253603183
/vessels/details/253501383,188-31-68,Unknown,253501383
/vessels/details/253636000,ENO,Sailing vessel,253636000
/vessels/details/253106125,31061-25 20,Unknown,253106125
/vessels/details/253203829,ZHELIN12895-25-99,Unknown,253203829
/vessels/details/253203268,5507-A2-64,Unknown,253203268
/vessels/details/253210079,PAXIAWANGDI66405 14,Unknown,253210079
/vessels/details/253100315,HSD-NET-89,Unknown,253100315
/vessels/details/253605808,BIAO 02828-4-95,Unknown,253605808
/vessels/details/253606519,BIAO 03777-2-81,Unknown,253606519
/vessels/details/253606506,ZXY49282-4-78,Unknown,253606506
/vessels/details/253410153,WANGDI 24-99,Unknown,253410153
/vessels/details/253459615,34596-B15-75,Unknown,253459615
/vessels/details/253203044,ZHELIN12895-9-97,Unknown,253203044
/vessels/details/253504025,LHY35021-6-99,Unknown,253504025
/vessels/details/253500001,AIS-5506-01-77,Unknown,253500001
/vessels/details/253410243,LULONGYU60036WANG 38,Unknown,253410243
/vessels/details/253400065,MINPUYU16666-18-99,Unknown,253400065
/vessels/details/253503192,LHY35021-2-90,Unknown,253503192
/vessels/details/253001878,09591-131-61,Unknown,253001878
/vessels/details/253500016,25350-16-84,Unknown,253500016
/vessels/details/253203788,HUANXI-8-88,Unknown,253203788
/vessels/details/253203304,36699-2-99,Unknown,253203304
/vessels/details/253582222,25358-2-45,Unknown,253582222
/vessels/details/253310101,PAXIAWANGDI61999 15,Unknown,253310101
/vessels/details/253003829,32192-04-51,Unknown,253003829
/vessels/details/253001437,JHYY06528-3-48,Unknown,253001437
/vessels/details/8744171,SENSATION R,Yacht,8744171
/vessels/details/253401741,ZHEYU01419-10-62,Unknown,253401741
/vessels/details/253122229,NET-31222-29-99,Unknown,253122229
/vessels/details/253605986,YUCHENGYU60177DJ-4,Unknown,253605986
/vessels/details/253210270,PAXIAWANGDI60999 8,Unknown,253210270
/vessels/details/253602755,LIAOYINGYU56319-3,Unknown,253602755
/vessels/details/253003121,BIAO 00185-41-95,Unknown,253003121
/vessels/details/253003519,HSD-NET-44,Unknown,253003519
/vessels/details/253204191,555-84-98,Unknown,253204191
/vessels/details/253605856,15471-10-95,Unknown,253605856
/vessels/details/253203337,60028-37-95,Unknown,253203337
/vessels/details/253203444,46333-15-15-91,Unknown,253203444
/vessels/details/253504365,61888-23PAOMAOWANG,Unknown,253504365
/vessels/details/253001369,BIAO 00185-48-68,Unknown,253001369
/vessels/details/253001993,88858-93-83,Unknown,253001993
/vessels/details/253410159,60687 3-88,Unknown,253410159
/vessels/details/253603069,05622-19-91,Unknown,253603069
/vessels/details/253400830,00557-4-95,Unknown,253400830
/vessels/details/253501201,05598-044-99,Unknown,253501201
/vessels/details/253601716,LIAOWAYU35052-19-49,Unknown,253601716
/vessels/details/253002861,2367-1-94,Unknown,253002861
/vessels/details/253410640,LUZHAOYUYANG37019,Unknown,253410640
/vessels/details/253720002,LIAOPANJI25327-2-99,Unknown,253720002
/vessels/details/253601120,199-64-51,Unknown,253601120
/vessels/details/253003116,ZCY02919-3-76,Unknown,253003116
/vessels/details/253671910,719-10-49,Unknown,253671910
/vessels/details/253200238,BIAO 05889-2-95,Unknown,253200238
/vessels/details/253202237,OO555-1-99,Unknown,253202237
/vessels/details/253031196,NET30311-96-99,Unknown,253031196
/vessels/details/253000053,HAKU,Sailing vessel,253000053
/vessels/details/253106122,31061-22 70,Unknown,253106122
/vessels/details/253410221,LULONGYU60037WANG 48,Unknown,253410221
/vessels/details/253003035,04406-2-78,Unknown,253003035
/vessels/details/253202393,2876-8-98,Unknown,253202393
/vessels/details/253600989,04676-31-84,Unknown,253600989
/vessels/details/253310148,LULONGYU60036WANG 48,Unknown,253310148
/vessels/details/253210265,PAXIAWANGDI60999 2,Unknown,253210265
/vessels/details/253201428,HUANXI-16-68,Unknown,253201428
/vessels/details/253060150,YUWANGQU-150-99,Unknown,253060150
/vessels/details/253000126,VAQUITA 06,Pleasure craft,253000126
/vessels/details/253503189,LHY35021-9-85,Unknown,253503189
/vessels/details/253501696,00123-44-80,Unknown,253501696
/vessels/details/253601621,YANG09668-9-99,Unknown,253601621
/vessels/details/253501288,26929-4-77,Unknown,253501288
/vessels/details/253203428,60028-24-44,Unknown,253203428
/vessels/details/253400413,35155-18-99,Unknown,253400413
/vessels/details/253423000,BLUE,Pleasure craft,253423000
/vessels/details/253315000,BASILISK,Sailing vessel,253315000
/vessels/details/253210256,PAXIAWANGDI60999 7,Unknown,253210256
/vessels/details/253501410,056682-97,Unknown,253501410
/vessels/details/253410232,XIAOQINGNIAN 39-96,Unknown,253410232
/vessels/details/253003620,BIAO 00208-8-54,Unknown,253003620
/vessels/details/253605400,10158-7-81,Unknown,253605400
/vessels/details/253601374,46061-3-96,Unknown,253601374
/vessels/details/253001906,ZHEDAIYU15396-4-56,Unknown,253001906
/vessels/details/253002256,04406-37-81,Unknown,253002256
/vessels/details/9573567,BOURBON LIBERTY 248,Offshore Tug/Supply Ship,9573567
/vessels/details/253310136,60678 19-99,Unknown,253310136
/vessels/details/253605747,YUCHENGYU60177DJ-19,Unknown,253605747
/vessels/details/253601113,35992-13-85,Unknown,253601113
/vessels/details/253504123,60068-1-30,Unknown,253504123
/vessels/details/253200425,BIAO 05889-5-98,Unknown,253200425
/vessels/details/253204251,60896-LT-9-83,Unknown,253204251
/vessels/details/253603911,14001-8-62,Unknown,253603911
/vessels/details/253602233,61888-28PAOMAOWANG,Unknown,253602233
/vessels/details/253058150,SUGANYU03058-150-99,Unknown,253058150
/vessels/details/253410797,XIEWANG66196-08-68,Unknown,253410797
/vessels/details/253002258,04406-38-71,Unknown,253002258
/vessels/details/253502136,09666-02-47,Unknown,253502136
/vessels/details/253202091,MINYU05589-19-58,Unknown,253202091
/vessels/details/253001804,ZHEXIANGYU11032-9-,Unknown,253001804
/vessels/details/253502959,19519-1-57,Unknown,253502959
/vessels/details/253202220,60896-LT-67-63,Unknown,253202220
/vessels/details/253606103,YUCHENGYU60177DJ-60,Unknown,253606103
/vessels/details/253101364,MICAVA 6-99,Unknown,253101364
/vessels/details/253204040,60888-10-84,Unknown,253204040
/vessels/details/253519802,LIAOSUIYU35198-2 60,Unknown,253519802
/vessels/details/253892524,389-24-81,Unknown,253892524
/vessels/details/253310164,PAXIAWANGDI61999 6,Unknown,253310164
/vessels/details/253502855,12666-A16-60,Unknown,253502855
/vessels/details/253503013,06282-305-91,Unknown,253503013
/vessels/details/253502062,00123-55-79,Unknown,253502062
/vessels/details/253410218,WANGDI 23-99,Unknown,253410218
/vessels/details/253502127,5298-6-99,Unknown,253502127
/vessels/details/253410142,LULONGYU60037WANG 45,Unknown,253410142
/vessels/details/253000256,SUQIYU01239-A2-94,Unknown,253000256
/vessels/details/253606374,LZY60678-8-82,Unknown,253606374
/vessels/details/253604809,BIAO 03777-1-98,Unknown,253604809
/vessels/details/253000475,ZCY02919-2-45,Unknown,253000475
/vessels/details/253605267,YUCHENGYU60177DJ-54,Unknown,253605267
/vessels/details/253501748,LUCHENGYU 60175-69,Unknown,253501748
/vessels/details/253210104,LULONGYU60036 57-85,Unknown,253210104
/vessels/details/253410181,ZHONGGUOSHIHUA 32,Unknown,253410181
/vessels/details/253202753,60896-LT-79-82,Unknown,253202753
/vessels/details/253216000,FASCINATION,Pleasure craft,253216000
/vessels/details/253605063,BIAO 00208-7-83,Unknown,253605063
/vessels/details/253601314,XIYOUWANGZOUDONG682,Unknown,253601314
/vessels/details/253299909,32999-09-91,Unknown,253299909
/vessels/details/253202708,60896-LT-77-57,Unknown,253202708
/vessels/details/8736186,2 B,Yacht,8736186
/vessels/details/253600203,HAIBAO-7-96,Unknown,253600203
/vessels/details/253602063,05060-13-95,Unknown,253602063
/vessels/details/253606350,06168-B15-43,Unknown,253606350
/vessels/details/253400242,YUESHANYU12263-14,Unknown,253400242
/vessels/details/253602923,LIAOYINGYU36369-3,Unknown,253602923
/vessels/details/253201536,HUANXI-6-83,Unknown,253201536
/vessels/details/253000367,BIAO 56109-4-41,Unknown,253000367
/vessels/details/253504125,60068-3-52,Unknown,253504125
/vessels/details/253514632,00168-32-76,Unknown,253514632
/vessels/details/253002156,BIAO 56109-10-73,Unknown,253002156
/vessels/details/253003847,32192-27-87,Unknown,253003847
/vessels/details/253000291,ZHEDAIYU11496-1-49,Unknown,253000291
/vessels/details/253203830,56319-4-99,Unknown,253203830
/vessels/details/253002697,09591-134-57,Unknown,253002697
/vessels/details/253601102,YANG09668-19-94,Unknown,253601102
/vessels/details/253601504,61888-29PAOMAOWANG,Unknown,253601504
/vessels/details/253606021,BIAO 00185-7-49,Unknown,253606021
/vessels/details/253700076,YUCHENGYU60177DJ-47,Unknown,253700076
/vessels/details/253415000,AUCKLAND,Pleasure craft,253415000
/vessels/details/253501042,188-19-90,Unknown,253501042
/vessels/details/253382204,33822-04-79,Unknown,253382204
/vessels/details/253604633,HSD-NET-41,Unknown,253604633
/vessels/details/253218624,LIN21862-4-93,Unknown,253218624
/vessels/details/253606297,BIAO 03777-10-99,Unknown,253606297
/vessels/details/253000329,ZHEDAIYU15396-5-93,Unknown,253000329
/vessels/details/253299916,32999-16-41,Unknown,253299916
/vessels/details/253603565,YUCHENGYU60177DJ-44,Unknown,253603565
/vessels/details/253204032,60818-13-78,Unknown,253204032
/vessels/details/253570030,25357-30-86,Unknown,253570030
/vessels/details/253604710,9425-60-90,Unknown,253604710
/vessels/details/253200810,JT-03662-10-65,Unknown,253200810
/vessels/details/253203050,YU01837-16-99,Unknown,253203050
/vessels/details/253504517,61888-33ZHANGMAOWAN,Unknown,253504517
/vessels/details/253299925,32999-25-99,Unknown,253299925
/vessels/details/253017124,SUHAIMENYU01017-124,Unknown,253017124
/vessels/details/253101045,SUDAIS.5.2-99,Unknown,253101045
/vessels/details/253605255,YUCHENGYU60177DJ-40,Unknown,253605255
/vessels/details/253501773,19168-003-55,Unknown,253501773
/vessels/details/253601012,05060-18-90,Unknown,253601012
/vessels/details/253000655,ZXY33095-2-47,Unknown,253000655
/vessels/details/253601008,199-52-78,Unknown,253601008
/vessels/details/253500018,AIS-5506-18-99,Unknown,253500018
/vessels/details/253603595,BIAO 02828-2-94,Unknown,253603595
/vessels/details/253410250,LULONGYU60037WANG 42,Unknown,253410250
/vessels/details/253000061,MIGHTY,Pleasure craft,253000061
/vessels/details/253502131,55788-4-74,Unknown,253502131
/vessels/details/253366615,33666-15-50,Unknown,253366615
/vessels/details/253601736,05060-8-89,Unknown,253601736
/vessels/details/253508890,CB-FISHBOUY-22-60,Unknown,253508890
/vessels/details/253203766,60028-25-35,Unknown,253203766
/vessels/details/253600839,LIAOWAYU35052-20-99,Unknown,253600839
/vessels/details/253601435,15290-35-87,Unknown,253601435
/vessels/details/253501279,12123-9-77,Unknown,253501279
/vessels/details/253003766,SUHAIANYU00486-27,Unknown,253003766
/vessels/details/253003641,BIAO 00208-14-62,Unknown,253003641
/vessels/details/253502249,00123-56-33,Unknown,253502249
/vessels/details/253501257,188-12-30,Unknown,253501257
/vessels/details/253701327,LEK01327-258.1V,Unknown,253701327
/vessels/details/253501499,05598-047-72,Unknown,253501499
/vessels/details/253503985,LHY35021-4-90,Unknown,253503985
/vessels/details/253401178,ZHEYU07212-1-87,Unknown,253401178
/vessels/details/253605149,06288-10-39,Unknown,253605149
/vessels/details/253900313,5507-3-99,Unknown,253900313
/vessels/details/253203782,35595-1-02,Unknown,253203782
/vessels/details/253703000,SILVER SURFER,Sailing vessel,253703000
/vessels/details/253502724,0566814-81,Unknown,253502724
/vessels/details/253003131,JHYY06528-10-93,Unknown,253003131
/vessels/details/253310172,LULONGYU60036WANG 44,Unknown,253310172
/vessels/details/253310202,DA MAO WANG - 202,Unknown,253310202
/vessels/details/253003807,SUQIYU02595-97-50,Unknown,253003807
/vessels/details/253100117,MICAVA 7-99,Unknown,253100117
/vessels/details/253900493,4003-23-99,Unknown,253900493
/vessels/details/253000007,ZXY76055-11-88,Unknown,253000007
/vessels/details/253002584,SUDONGTAIYU00168-2,Unknown,253002584
/vessels/details/253601402,09628-5-73,Unknown,253601402
/vessels/details/253000143,PRIN. MARIE ASTRID,Passenger ship,253000143
/vessels/details/253600176,LIAOYINGYU55017-2,Unknown,253600176
/vessels/details/253502391,GUNWANG05789-18-99,Unknown,253502391
/vessels/details/253503605,LHY35021-3-93,Unknown,253503605
/vessels/details/253605308,LZY60067-4-93,Unknown,253605308
/vessels/details/253310311,YUWANGQU311-86,Unknown,253310311
/vessels/details/253000136,SILVER SURFER 2,Sailing vessel,253000136
/vessels/details/253410169,WANGDI64342 8-54,Unknown,253410169
/vessels/details/253552306,LIAOSUIYU35523-6 40,Unknown,253552306
/vessels/details/253150703,LULAIZHOU31507-3-,Unknown,253150703
/vessels/details/253502316,6198-4-62,Unknown,253502316
/vessels/details/253600156,06069-5-03,Unknown,253600156
/vessels/details/253604413,06288-11-59,Unknown,253604413
/vessels/details/253002859,05755-155-99,Unknown,253002859
/vessels/details/253060364,FAD011-58,Unknown,253060364
/vessels/details/253501565,0566812-87,Unknown,253501565
/vessels/details/9573517,BOURBON LIBERTY 243,Offshore Tug/Supply Ship,9573517
/vessels/details/253410222,WANGDI64342 6-50,Unknown,253410222
/vessels/details/253410157,YU.WANG.QU-DF-99,Unknown,253410157
/vessels/details/253101270,HSD-NET-83,Unknown,253101270
/vessels/details/253604849,BIAO 00208-4-59,Unknown,253604849
/vessels/details/253774000,PALOM,Sailing vessel,253774000
/vessels/details/253504135,00069-18-99,Unknown,253504135
/vessels/details/9823479,AFONSO DE ALBUQUERQU,Hopper Dredger,9823479
/vessels/details/8524143,MAORO,Yacht,8524143
/vessels/details/253102531,HSD-NET-99,Unknown,253102531
/vessels/details/253410216,ZHONGGUOSHIHUA 28,Unknown,253410216
/vessels/details/253502882,26287-25-98,Unknown,253502882
/vessels/details/253410110,BIAO 02818-4-99,Unknown,253410110
/vessels/details/9552018,ANYTHING GOES III,Yacht,9552018
/vessels/details/253598000,MOL HUNN,Sailing vessel,253598000
/vessels/details/253000540,ZHEXIANGYU25189-2-,Unknown,253000540
/vessels/details/9639878,BOURBONEVOLUTION810,Offshore Support Vessel,9639878
/vessels/details/253501850,LIAOYINGYU35789-5,Unknown,253501850
/vessels/details/253201406,60896-LT-85-80,Unknown,253201406
/vessels/details/253502278,26287-23-90,Unknown,253502278
/vessels/details/253299921,32999-21-99,Unknown,253299921
/vessels/details/9619139,BOURBON LIBERTY 313,Offshore Tug/Supply Ship,9619139
/vessels/details/253003820,32192-17-99,Unknown,253003820
/vessels/details/253605205,BIAO 00185-8-55,Unknown,253605205
/vessels/details/253204165,60896-LT-64-76,Unknown,253204165
/vessels/details/253410186,WANGDI 22-03,Unknown,253410186
/vessels/details/253504252,06069-1-02,Unknown,253504252
/vessels/details/253210228,HSD-NET-99,Unknown,253210228
/vessels/details/253410050,BIAO 02818-12-99,Unknown,253410050
/vessels/details/9535278,ROYAL FLUSH,Yacht,9535278
/vessels/details/253604794,BIAO 80288-21-83,Unknown,253604794
/vessels/details/253603697,LIAOYINGYU36369-5,Unknown,253603697
/vessels/details/253501715,13153-105-75,Unknown,253501715
/vessels/details/253203153,60818-38-86,Unknown,253203153
/vessels/details/253310218,DA MAO WANG - 218,Unknown,253310218
/vessels/details/253602344,02992-22-83,Unknown,253602344
/vessels/details/253000024,MIRA,Sailing vessel,253000024
/vessels/details/253502587,26929-1-49,Unknown,253502587
/vessels/details/253388000,OBSESSION,Sailing vessel,253388000
/vessels/details/253501689,15606-3-33,Unknown,253501689
/vessels/details/253585509,2989 - 942,Unknown,253585509
/vessels/details/253502785,0566825-92,Unknown,253502785
/vessels/details/253605844,BIAO 03777-5-98,Unknown,253605844
/vessels/details/253503861,34046-1-51,Unknown,253503861
/vessels/details/253204145,46333-12-12-86,Unknown,253204145
/vessels/details/253200411,BIAO 03777-13-85,Unknown,253200411
/vessels/details/253270001,25327-1 50,Unknown,253270001
/vessels/details/253602424,05216-2-97,Unknown,253602424
/vessels/details/253000298,05656-30-84,Unknown,253000298
/vessels/details/253175261,17526-1-99,Unknown,253175261
/vessels/details/253105000,DJANGO TOO,Sailing vessel,253105000
/vessels/details/253773000,BELLA BARCA,Sailing vessel,253773000
/vessels/details/253514629,00168-29-07,Unknown,253514629
/vessels/details/9571258,GIOVANNI VENTURI,Dredger,9571258
/vessels/details/253600732,46333-17-84,Unknown,253600732
/vessels/details/253210071,ZHONGHAIYOU 1-37,Unknown,253210071
/vessels/details/253003800,JHYY06528-6-99,Unknown,253003800
/vessels/details/253606124,LZY60067-1-74,Unknown,253606124
/vessels/details/253310212,DA MAO WANG - 212,Unknown,253310212
/vessels/details/253503241,88648-97,Unknown,253503241
/vessels/details/253605927,YUCHENGYU60177DJ-58,Unknown,253605927
/vessels/details/253281622,TIELONG61816-22-94,Unknown,253281622
/vessels/details/253901489,BIAO 80288-9-93,Unknown,253901489
/vessels/details/253003144,13001-15-74,Unknown,253003144
/vessels/details/253203376,60818-15-99,Unknown,253203376
/vessels/details/253201341,555-87-86,Unknown,253201341
/vessels/details/253201602,HUANXI-13-99,Unknown,253201602
/vessels/details/253502063,04999-18-91,Unknown,253502063
/vessels/details/9553464,BOURBON LIBERTY 212,Offshore Tug/Supply Ship,9553464
/vessels/details/253003818,SUQIYU02595-108-50,Unknown,253003818
/vessels/details/253031192,NET30311-92-99,Unknown,253031192
/vessels/details/253601427,15290-27-97,Unknown,253601427
/vessels/details/253203074,60028-7-64,Unknown,253203074
/vessels/details/253602128,05060-23-88,Unknown,253602128
/vessels/details/253003539,ZXY55007-9-64,Unknown,253003539
/vessels/details/253504331,61888-34ZHANGMAOWAN,Unknown,253504331
/vessels/details/253602541,HSD-NET-84,Unknown,253602541
/vessels/details/253203090,46333-10-10-84,Unknown,253203090
/vessels/details/253400894,35155-5-99,Unknown,253400894
/vessels/details/253204174,60028-30-02,Unknown,253204174
/vessels/details/253003797,SUQIYU02595-87-47,Unknown,253003797
/vessels/details/253501441,LULANYU61888-13-95,Unknown,253501441
/vessels/details/253892526,389-26-86,Unknown,253892526
/vessels/details/253501921,188-36-77,Unknown,253501921
/vessels/details/253233367,YU 32333-67-91,Unknown,253233367
/vessels/details/253210008,LIAOSUIYU35766-3-51,Unknown,253210008
/vessels/details/253501680,02488-031-85,Unknown,253501680
/vessels/details/253101852,HSD-NET-99,Unknown,253101852
/vessels/details/253603763,7005-2-98,Unknown,253603763
/vessels/details/253604819,01295-B6-02,Unknown,253604819
/vessels/details/253002934,49277-13-79,Unknown,253002934
/vessels/details/253002044,ZHEDAIYU11497-3-53,Unknown,253002044
/vessels/details/253001149,ZXY55007-8-57,Unknown,253001149
/vessels/details/253002057,ZHEDAIYU12271-3-35,Unknown,253002057
/vessels/details/253500006,2535-6 90,Unknown,253500006
/vessels/details/253000038,HELENA,Sailing vessel,253000038
/vessels/details/253299917,32999-17-99,Unknown,253299917
/vessels/details/253410194,WANGDI64342 7-75,Unknown,253410194
/vessels/details/253203189,60818-49-92,Unknown,253203189
/vessels/details/253513510,35135-10-99,Unknown,253513510
/vessels/details/253000137,CASALA,Sailing vessel,253000137
/vessels/details/253606006,LZY60567-10-75,Unknown,253606006
/vessels/details/253605512,LIAOYINGYU56299-1,Unknown,253605512
/vessels/details/253502718,0566822-88,Unknown,253502718
/vessels/details/253401572,ZHEYU01419-5-99,Unknown,253401572
/vessels/details/253606373,YUCHENGYU60177DJ-7,Unknown,253606373
/vessels/details/253001710,49277-16-86,Unknown,253001710
/vessels/details/253701000,ZUZZU,Pleasure craft,253701000
/vessels/details/253272804,02728-4-99,Unknown,253272804
/vessels/details/253502584,188-22-68,Unknown,253502584
/vessels/details/253501457,056684-97,Unknown,253501457
/vessels/details/253603360,BIAO 00185-1-95,Unknown,253603360
/vessels/details/253203269,5507-A6-80,Unknown,253203269
/vessels/details/253233366,YU 32333-66-98,Unknown,253233366
/vessels/details/253002606,60067-4-42,Unknown,253002606
/vessels/details/253204154,60818-37-95,Unknown,253204154
/vessels/details/253202613,60818-39-91,Unknown,253202613
/vessels/details/253310149,60678 9-54,Unknown,253310149
/vessels/details/253055583,SHENG05558-3-02,Unknown,253055583
/vessels/details/253604472,BIAO 03777-27-97,Unknown,253604472
/vessels/details/253601704,1230-A4-56,Unknown,253601704
/vessels/details/253501727,5339-5-91,Unknown,253501727
/vessels/details/253585510,2989 - 1081,Unknown,253585510
/vessels/details/253201425,26287-14-60,Unknown,253201425
/vessels/details/253605985,YUCHENGYU60177DJ-3,Unknown,253605985
/vessels/details/253500013,2535-13 90,Unknown,253500013
/vessels/details/253299914,32999-14-31,Unknown,253299914
/vessels/details/253902102,BIAO 00185-3-96,Unknown,253902102
/vessels/details/253000020,HSD-NET-90,Unknown,253000020
/vessels/details/253603721,01295-B3-41,Unknown,253603721
/vessels/details/253606290,15471-3-95,Unknown,253606290
/vessels/details/253494591,ZHEXIANGYU49459-1,Unknown,253494591
/vessels/details/253031488,SILURIAN OF PLYMOUTH,Sailing vessel,253031488
/vessels/details/253201128,60028-18-66,Unknown,253201128
/vessels/details/253602136,05060-9-86,Unknown,253602136
/vessels/details/253605762,05622-9-90,Unknown,253605762
/vessels/details/253578812,35788-12-45,Unknown,253578812
/vessels/details/253001994,88858-94-99,Unknown,253001994
/vessels/details/253000109,A LA FOLIE,Sailing vessel,253000109
/vessels/details/253600617,80555-3-90,Unknown,253600617
/vessels/details/253605584,06288-6-40,Unknown,253605584
/vessels/details/253504216,HAOTONG137 35-47,Unknown,253504216
/vessels/details/253421713,42171-3-99,Unknown,253421713
/vessels/details/253603458,13325-1-68,Unknown,253603458
/vessels/details/253310175,60678 11-99,Unknown,253310175
/vessels/details/253310221,DA MAO WANG - 221,Unknown,253310221
/vessels/details/253700000,HSD-NET-82,Unknown,253700000
/vessels/details/253606547,BIAO 80288-33-81,Unknown,253606547
/vessels/details/253514635,00168-35-77,Unknown,253514635
/vessels/details/253242315,HELLO SUNSET,Passenger ship,253242315
/vessels/details/253402103,ZHEYU01419-9-97,Unknown,253402103
/vessels/details/253201618,HUANXI-20-98,Unknown,253201618
/vessels/details/253501200,02488-027-34,Unknown,253501200
/vessels/details/253502193,LUCHENGYU 60175-59,Unknown,253502193
/vessels/details/253203972,777-86-99,Unknown,253203972
/vessels/details/253101663,HSD-NET-99,Unknown,253101663
/vessels/details/253203398,60028-11-64,Unknown,253203398
/vessels/details/253000375,BIAO 00208-19-57,Unknown,253000375
/vessels/details/253753000,FLO,Pleasure craft,253753000
/vessels/details/253201272,60028-50-98,Unknown,253201272
/vessels/details/253619000,ARMIDE,Sailing vessel,253619000
/vessels/details/253514634,00168-34-07,Unknown,253514634
/vessels/details/253556804,35568-4 90,Unknown,253556804
/vessels/details/253135000,MIRABEL,Sailing vessel,253135000
/vessels/details/253000116,SERENITY,Pleasure craft,253000116
/vessels/details/253410247,ZHONGGUOSHIHUA 49,Unknown,253410247
/vessels/details/253201430,26287-20-50,Unknown,253201430
/vessels/details/253603674,05622-21-81,Unknown,253603674
/vessels/details/253503610,34046-2-95,Unknown,253503610
/vessels/details/253603108,LIAOYINGYU56319-1,Unknown,253603108
/vessels/details/253202812,HUANXI-17-97,Unknown,253202812
/vessels/details/253310201,DA MAO WANG - 201,Unknown,253310201
/vessels/details/253900245,WANG DI NAN 5-82,Unknown,253900245
/vessels/details/253605127,0566819-99,Unknown,253605127
/vessels/details/253503047,556-20-85,Unknown,253503047
/vessels/details/253401306,ZHEYU01419-7-98,Unknown,253401306
/vessels/details/253203952,60896-LT-75-82,Unknown,253203952
/vessels/details/253900553,4003-21-98,Unknown,253900553
/vessels/details/253031195,NET30311-95-11,Unknown,253031195
/vessels/details/253000080,ENJOY THE SILENCE,Sailing vessel,253000080
/vessels/details/253501155,5039-27-54,Unknown,253501155
/vessels/details/253447798,MINPUYU4003-12-68,Unknown,253447798
/vessels/details/253410782,XIEWANG66196-07-77,Unknown,253410782
/vessels/details/253542585,JMT1,Tanker,253542585
/vessels/details/253514630,00168-30-73,Unknown,253514630
/vessels/details/253002538,COVID19,Cargo ship,253002538
/vessels/details/253541919,AKVA MK 2,Pleasure craft,253541919
/vessels/details/253603140,0566814-99,Unknown,253603140
/vessels/details/253501355,19168-002-05,Unknown,253501355
/vessels/details/253410249,VLULONGYU60037WANG 5,Unknown,253410249
/vessels/details/253122218,NET-31222-18-47,Unknown,253122218
/vessels/details/253602116,LIAOWAYU35052-10-59,Unknown,253602116
/vessels/details/253601561,05060-2-91,Unknown,253601561
/vessels/details/253410188,XIAOQINGNIAN 32-80,Unknown,253410188
/vessels/details/253310146,ZHONGGUOSHIHUA 18,Unknown,253310146
/vessels/details/253602075,55887-5-29,Unknown,253602075
/vessels/details/253698191,YANGZHIQU 00059 - 1,Unknown,253698191
/vessels/details/253604284,BIAO 00185-6-56,Unknown,253604284
/vessels/details/253201625,25688-1-97,Unknown,253201625
/vessels/details/253299907,32999-07-94,Unknown,253299907
/vessels/details/253200805,BIAO 00208-6-99,Unknown,253200805
/vessels/details/253001915,ZHEXIANGYU11032-7-,Unknown,253001915
/vessels/details/253001396,04406-7-47,Unknown,253001396
/vessels/details/253502433,LUCHENGYU 60175-61,Unknown,253502433
/vessels/details/253101043,HSD-NET-98,Unknown,253101043
/vessels/details/253601905,DAMAOWANG23666-10,Unknown,253601905
/vessels/details/253901637,BIAO 00185-8-91,Unknown,253901637
/vessels/details/253602243,05060-26-98,Unknown,253602243
/vessels/details/253000172,60667-5-60,Unknown,253000172
/vessels/details/253502658,19168-006-66,Unknown,253502658
/vessels/details/253201207,555-100-86,Unknown,253201207
/vessels/details/253610004,00538-15-99,Unknown,253610004
/vessels/details/253502749,1659-1-92,Unknown,253502749
/vessels/details/253201861,60028-40-98,Unknown,253201861
/vessels/details/253101127,HSD-NET-57,Unknown,253101127
/vessels/details/253003809,SUQIYU02595-99-41,Unknown,253003809
/vessels/details/253203364,60818-16-99,Unknown,253203364
/vessels/details/253116125,SUQIYU03116-1258.0V,Unknown,253116125
/vessels/details/253201703,60896-LT-1-77,Unknown,253201703
/vessels/details/253410161,LULONGYU60037WANG 14,Unknown,253410161
/vessels/details/253204188,60028-31-36,Unknown,253204188
/vessels/details/253150704,LULAIZHOU31507-4-,Unknown,253150704
/vessels/details/253604186,BIAO 03777-12-99,Unknown,253604186
/vessels/details/253502353,LUCHENGYU 60175-60,Unknown,253502353
/vessels/details/253600808,15631-A8-70,Unknown,253600808
/vessels/details/253000027,CARALANTIS,Sailing vessel,253000027
/vessels/details/253501226,13153-104-79,Unknown,253501226
/vessels/details/253602801,BIAO 00208-2-39,Unknown,253602801
/vessels/details/253606345,LZY60067-2-86,Unknown,253606345
/vessels/details/253603792,05622-2-81,Unknown,253603792
/vessels/details/253606077,YUCHENGYU60177DJ-14,Unknown,253606077
/vessels/details/253203059,60818-34-53,Unknown,253203059
/vessels/details/253400473,40086-B4-99,Unknown,253400473
/vessels/details/253502322,556-31-64,Unknown,253502322
/vessels/details/253210111,LULONGYU60036 68-99,Unknown,253210111
/vessels/details/253001998,88858-98-96,Unknown,253001998
/vessels/details/253310151,PAXIAWANGDI61999 11,Unknown,253310151
/vessels/details/253502383,09555-017-85,Unknown,253502383
/vessels/details/253502408,09666-01-75,Unknown,253502408
/vessels/details/253604717,9425-67-72,Unknown,253604717
/vessels/details/253201202,555-98-92,Unknown,253201202
/vessels/details/253310805,TIELONG33362-1-99,Unknown,253310805
/vessels/details/253210070,LULONGYU60036 54-99,Unknown,253210070
/vessels/details/253603252,BIAO 03777-3-90,Unknown,253603252
/vessels/details/253501817,0010-35-99,Unknown,253501817
/vessels/details/253501930,188-33-96,Unknown,253501930
/vessels/details/253389815,33898-A15-56,Unknown,253389815
/vessels/details/253500914,10002-1-92,Unknown,253500914
/vessels/details/253242477,ANGUANA,Pleasure craft,253242477
/vessels/details/253502722,10002-3-02,Unknown,253502722
/vessels/details/253502967,056681-99,Unknown,253502967
/vessels/details/253838000,SONGSTER,Pleasure craft,253838000
/vessels/details/253606336,LZY60067-5-77,Unknown,253606336
/vessels/details/253500003,AIS-5506-03-75,Unknown,253500003
/vessels/details/253001908,ZHEDAIY15593-2-97,Unknown,253001908
/vessels/details/253502995,0566811-99,Unknown,253502995
/vessels/details/253158645,LIAOHUYU32600,Fishing vessel,253158645
/vessels/details/253606335,LZY60067-6-95,Unknown,253606335
/vessels/details/253003824,32192-02-99,Unknown,253003824
/vessels/details/253201719,60818-20-99,Unknown,253201719
/vessels/details/253600286,60385-14-80,Unknown,253600286
/vessels/details/253000065,09591-136-96,Unknown,253000065
/vessels/details/253501185,ZHEXIANGYU33666-1,Unknown,253501185
/vessels/details/253601009,09668-14-86,Unknown,253601009
/vessels/details/253501922,188-13-80,Unknown,253501922
/vessels/details/253501830,19249-1-75,Unknown,253501830
/vessels/details/253002318,ZHEDAIYU12271-1-18,Unknown,253002318
/vessels/details/253601438,15290-38-89,Unknown,253601438
/vessels/details/253233305,YU 32333-5-23,Unknown,253233305
/vessels/details/253501091,09666-019-54,Unknown,253501091
/vessels/details/253605780,11122-6-63,Unknown,253605780
/vessels/details/253310307,YUWANGQU307-97,Unknown,253310307
/vessels/details/253605192,BIAO 00185-10-66,Unknown,253605192
/vessels/details/253502341,00123-49-55,Unknown,253502341
/vessels/details/253210015,PAXIAWANGDI66405 6,Unknown,253210015
/vessels/details/253333304,ZHESANYU33333-4 30,Unknown,253333304
/vessels/details/253604842,05622-3-83,Unknown,253604842
/vessels/details/253602568,YUCHENGYU60177DJ-67,Unknown,253602568
/vessels/details/253501933,00123-58-85,Unknown,253501933
/vessels/details/253902070,BIAO 00185-10-98,Unknown,253902070
/vessels/details/253606186,11122-TOUQI-73,Unknown,253606186
/vessels/details/253602300,04663-106-99,Unknown,253602300
/vessels/details/253401147,ZHEYINYU11888-2-79,Unknown,253401147
/vessels/details/253502490,26287-30-95,Unknown,253502490
/vessels/details/253900971,BIAO 00185-5-91,Unknown,253900971
/vessels/details/253504133,LIAOZHUANGYU65999-7,Unknown,253504133
/vessels/details/253501416,11351-11-86,Unknown,253501416
/vessels/details/253605938,10158-9-77,Unknown,253605938
/vessels/details/253003878,32192-20-57,Unknown,253003878
/vessels/details/253000562,BIAO 56109-7-75,Unknown,253000562
/vessels/details/253210094,PAXIAWANGDI66405 12,Unknown,253210094
/vessels/details/253502955,556-19-64,Unknown,253502955
/vessels/details/253000030,ZXY55005-2-99,Unknown,253000030
/vessels/details/253601428,15290-28-81,Unknown,253601428
/vessels/details/253421717,42171-7-99,Unknown,253421717
/vessels/details/253219556,LIN 21955-6-96,Unknown,253219556
/vessels/details/253602222,XIYOUWANGZOUDONG683,Unknown,253602222
/vessels/details/253601938,04676-33-76,Unknown,253601938
/vessels/details/253503567,LHY35021-13-81,Unknown,253503567
/vessels/details/8986975,FIROUZEH,Yacht,8986975
/vessels/details/253164832,07688 - 32-99,Unknown,253164832
/vessels/details/253400773,35155-12-99,Unknown,253400773
/vessels/details/253002702,05656-32-75,Unknown,253002702
/vessels/details/253603940,056688-95,Unknown,253603940
/vessels/details/253000970,JHYY06528-4-81,Unknown,253000970
/vessels/details/253003258,JHYY06528-9-89,Unknown,253003258
/vessels/details/253410276,HSD-NET-76,Unknown,253410276
/vessels/details/253504339,55095-16-99,Unknown,253504339
/vessels/details/253602235,61888-30PAOMAOWANG,Unknown,253602235
/vessels/details/253333316,33333-16-90,Unknown,253333316
/vessels/details/253382202,33822-02-38,Unknown,253382202
/vessels/details/253324000,DREAMER,Sailing vessel,253324000
/vessels/details/253604824,0566810-93,Unknown,253604824
/vessels/details/253605155,YUCHENGYU60177DJ-25,Unknown,253605155
/vessels/details/253100661,WAHAG BOYA 3-81,Unknown,253100661
/vessels/details/253201427,36688-3-85,Unknown,253201427
/vessels/details/253606105,ZXY49282-9-77,Unknown,253606105
/vessels/details/253146107,LIAOSUIYU31461-7-91,Unknown,253146107
/vessels/details/253204086,60818-35-65,Unknown,253204086
/vessels/details/253501484,09662-52-73,Unknown,253501484
/vessels/details/253501230,188-40-80,Unknown,253501230
/vessels/details/253210103,ZHONGGUOSHIHUA 72,Unknown,253210103
/vessels/details/253501326,26287-22-99,Unknown,253501326
/vessels/details/253501686,188-15-88,Unknown,253501686
/vessels/details/253606183,05622-6-85,Unknown,253606183
/vessels/details/253601801,LUHAIYU66174-3-87,Unknown,253601801
/vessels/details/253901783,10158-5-83,Unknown,253901783
/vessels/details/253201950,JT-03662-15-56,Unknown,253201950
/vessels/details/253201095,60028-36-45,Unknown,253201095
/vessels/details/253203036,60818-10-91,Unknown,253203036
/vessels/details/9573555,BOURBON LIBERTY 247,Offshore Tug/Supply Ship,9573555
/vessels/details/253601703,1230-A3-71,Unknown,253601703
/vessels/details/253600175,LIAOYINGYU55017-1,Unknown,253600175
/vessels/details/253502642,09555-021-71,Unknown,253502642
/vessels/details/253410014,YU.WANG.QU-DF-99,Unknown,253410014
/vessels/details/253502445,09666-03-42,Unknown,253502445
/vessels/details/253400849,00557-30-63,Unknown,253400849
/vessels/details/253100311,HSD-NET-99,Unknown,253100311
/vessels/details/253601589,DAMAOWANG23666-4-91,Unknown,253601589
/vessels/details/253601232,YANG09668-11-72,Unknown,253601232
/vessels/details/253002063,ZHEDAIYU11466-3-86,Unknown,253002063
/vessels/details/253602198,09668-16-94,Unknown,253602198
/vessels/details/253502869,00168-3-99,Unknown,253502869
/vessels/details/253502108,LIAOYINGYU35789-10,Unknown,253502108
/vessels/details/253501134,HSD-NET-95,Unknown,253501134
/vessels/details/253040920,30409-20-61,Unknown,253040920
/vessels/details/253150701,LULAIZHOU31507-1-,Unknown,253150701
/vessels/details/253101948,HSD-NET-99,Unknown,253101948
/vessels/details/253017122,SUHAIMENYU01017-122,Unknown,253017122
/vessels/details/253502799,BIAO 86125-3-60,Unknown,253502799
/vessels/details/253902206,39350-288-91,Unknown,253902206
/vessels/details/253501760,BIAO 86125-1-58,Unknown,253501760
/vessels/details/253839000,VAQUITA 02,Dredging or UW ops,253839000
/vessels/details/253202761,60896-LT-76-60,Unknown,253202761
/vessels/details/253299935,32999-35-54,Unknown,253299935
/vessels/details/253604417,05622-20-89,Unknown,253604417
/vessels/details/253000924,ZXY49327-14-79,Unknown,253000924
/vessels/details/253602669,13007-13-52,Unknown,253602669
/vessels/details/253502938,09662-54-13,Unknown,253502938
/vessels/details/253410778,XIEWANG66196-15-81,Unknown,253410778
/vessels/details/253003289,ZHEXIANGYU25189-10-,Unknown,253003289
/vessels/details/253203595,LIAODANYU27006-5-98,Unknown,253203595
/vessels/details/253202514,46333-9-9-85,Unknown,253202514
/vessels/details/253003512,ZHEDAIY15593-3-97,Unknown,253003512
/vessels/details/253601671,05060-41-94,Unknown,253601671
/vessels/details/253603898,05216-3-90,Unknown,253603898
/vessels/details/253479000,JARDIN SECRET,Pleasure craft,253479000
/vessels/details/253601080,YANG09668-17-34,Unknown,253601080
/vessels/details/253600904,04663-105-93,Unknown,253600904
/vessels/details/253501986,556-13-84,Unknown,253501986
/vessels/details/253501588,36586-3-73,Unknown,253501588
/vessels/details/253122230,NET-31222-30-83,Unknown,253122230
/vessels/details/253401099,ZHEYU07212-8-99,Unknown,253401099
/vessels/details/253601086,YANG09668-10-75,Unknown,253601086
/vessels/details/253901723,5507-6-99,Unknown,253901723
/vessels/details/253503166,LHY35021-7-87,Unknown,253503166
/vessels/details/253201539,26287-17-50,Unknown,253201539
/vessels/details/253901269,BIAO 00185-6-97,Unknown,253901269
/vessels/details/253501730,02488-029-44,Unknown,253501730
/vessels/details/253602831,YUCHENGYU60177DJ-24,Unknown,253602831
/vessels/details/253421715,42171-5-98,Unknown,253421715
/vessels/details/253605095,00596-B14-48,Unknown,253605095
/vessels/details/253400992,35155-22-99,Unknown,253400992
/vessels/details/253310229,DA MAO WANG - 229,Unknown,253310229
/vessels/details/253310179,60678 2-16,Unknown,253310179
/vessels/details/253001659,SUHAIANYU00246-157,Unknown,253001659
/vessels/details/253410776,XIEWANG66196-12-77,Unknown,253410776
/vessels/details/253122217,NET-31222-17-47,Unknown,253122217
/vessels/details/253410079,BIAO 02818-8-99,Unknown,253410079
/vessels/details/253604475,BIAO 80288-24-77,Unknown,253604475
/vessels/details/253003804,SUQIYU02595-94-37,Unknown,253003804
/vessels/details/253201366,60028-44-99,Unknown,253201366
/vessels/details/253001253,BIAO 00185-49-33,Unknown,253001253
/vessels/details/253003813,SUQIYU02595-103-52,Unknown,253003813
/vessels/details/253233307,YU 32333-7-78,Unknown,253233307
/vessels/details/253200564,JIANGTAO3662-7-75,Unknown,253200564
/vessels/details/253902080,BIAO 80288-2-96,Unknown,253902080
/vessels/details/253500014,2535-14 90,Unknown,253500014
/vessels/details/253102453,HSD-NET-54,Unknown,253102453
/vessels/details/253002869,4003-12-87,Unknown,253002869
/vessels/details/253642000,SIR PAUL,Pleasure craft,253642000
/vessels/details/253004154,HSD-NET-99,Unknown,253004154
/vessels/details/253604714,9425-64-83,Unknown,253604714
/vessels/details/253815000,ELCANO,Pleasure craft,253815000
/vessels/details/253002139,ZHEDAIYU15321-1-74,Unknown,253002139
/vessels/details/253410201,LULONGYU60036WANG 43,Unknown,253410201
/vessels/details/253501443,0566820-66,Unknown,253501443
/vessels/details/253601934,199-48-78,Unknown,253601934
/vessels/details/253203933,25688-2-87,Unknown,253203933
/vessels/details/253330001,25333-1-96,Unknown,253330001
/vessels/details/253202808,HUANXI-19-98,Unknown,253202808
/vessels/details/253606104,SUQIYU01606-1048.1V,Unknown,253606104
/vessels/details/253202355,35696-1-99,Unknown,253202355
/vessels/details/253601011,LIAOWAYU35052-5-99,Unknown,253601011
/vessels/details/253202097,60818-44-81,Unknown,253202097
/vessels/details/253602195,05060-14-91,Unknown,253602195
/vessels/details/253202068,HUANXI-2-98,Unknown,253202068
/vessels/details/253502314,6198-3-65,Unknown,253502314
/vessels/details/253203935,35696-2-99,Unknown,253203935
/vessels/details/253201806,555-89-92,Unknown,253201806
/vessels/details/253233323,YU 32333-23-77,Unknown,253233323
/vessels/details/253410251,LULONGYU60037WANG 43,Unknown,253410251
/vessels/details/253001586,JHYY06528-15-20,Unknown,253001586
/vessels/details/253410671,XIEWANG66196-20-64,Unknown,253410671
/vessels/details/253600730,00557-A8-49,Unknown,253600730
/vessels/details/253601263,05060-19-92,Unknown,253601263
/vessels/details/253203200,46002-6-99,Unknown,253203200
/vessels/details/253501558,00123-43-51,Unknown,253501558
/vessels/details/253201127,60818-14-08,Unknown,253201127
/vessels/details/253215512,LIN 21551-3-99,Unknown,253215512
/vessels/details/253606378,056683-96,Unknown,253606378
/vessels/details/253604566,YUCHENGYU60177DJ-31,Unknown,253604566
/vessels/details/253501061,NANBIANYOUWANG-6-99,Unknown,253501061
/vessels/details/253585504,2989 - 430,Unknown,253585504
/vessels/details/253001145,69379-8-38,Unknown,253001145
/vessels/details/253203288,JT-03662-14-28,Unknown,253203288
/vessels/details/253100462,FARZAD BOYA-86,Unknown,253100462
/vessels/details/253001013,02303-1-99,Unknown,253001013
/vessels/details/253514638,00168-38-97,Unknown,253514638
/vessels/details/253501458,97135-99,Unknown,253501458
/vessels/details/253604320,05622-18-95,Unknown,253604320
/vessels/details/253202706,HUANXI-7-99,Unknown,253202706
/vessels/details/253602122,05060-24-90,Unknown,253602122
/vessels/details/253410241,LULONGYU60037WANG 30,Unknown,253410241
/vessels/details/253202001,2876-6-81,Unknown,253202001
/vessels/details/253600724,46688-4-84,Unknown,253600724
/vessels/details/253600897,05060-5-82,Unknown,253600897
/vessels/details/253502142,06282-306-88,Unknown,253502142
/vessels/details/253219288,LIN 21928-8-90,Unknown,253219288
/vessels/details/253603045,05216-18-87,Unknown,253603045
/vessels/details/253502417,6282-314-84,Unknown,253502417
/vessels/details/253210133,ZHONGGUOSHIHUA 66,Unknown,253210133
/vessels/details/253601705,1230-A5-57,Unknown,253601705
/vessels/details/253310235,DA MAO WANG - 235,Unknown,253310235
/vessels/details/253107000,LILLY,Sailing vessel,253107000
/vessels/details/253233329,YU 32333-29-84,Unknown,253233329
/vessels/details/253513509,35135-9-99,Unknown,253513509
/vessels/details/253500008,AIS-5506-08-90,Unknown,253500008
/vessels/details/253456200,01187,Fishing vessel,253456200
/vessels/details/253504229,61888-32ZHANGMAOWAN,Unknown,253504229
/vessels/details/253203253,60818-11-87,Unknown,253203253
/vessels/details/253400382,YUESHANYU12263-17,Unknown,253400382
/vessels/details/253902140,BIAO 80288-11-99,Unknown,253902140
/vessels/details/253605446,7005-3-92,Unknown,253605446
/vessels/details/253203373,60818-45-88,Unknown,253203373
/vessels/details/253501182,ZHEXIANGYU33666-16,Unknown,253501182
/vessels/details/253501184,ZHEXIANGYU33666-15,Unknown,253501184
/vessels/details/253202692,LULAOYU60069-20-86,Unknown,253202692
/vessels/details/253001029,SUHAIANYU00246-156,Unknown,253001029
/vessels/details/253299923,32999-23-96,Unknown,253299923
/vessels/details/253601838,04663-109-99,Unknown,253601838
/vessels/details/253201494,56319-1-85,Unknown,253201494
/vessels/details/253201885,MINYU05589-12-68,Unknown,253201885
/vessels/details/253603430,YUCHENGYU60177DJ-62,Unknown,253603430
/vessels/details/253502825,188-34-89,Unknown,253502825
/vessels/details/253204041,60888-11-99,Unknown,253204041
/vessels/details/253213711,LIN21371-1-85,Unknown,253213711
/vessels/details/253600157,LIAOWAYU75588-3-55,Unknown,253600157
/vessels/details/253604624,YUCHENGYU60177DJ-53,Unknown,253604624
/vessels/details/253201878,ZHEDAIYU15292-4-60,Unknown,253201878
/vessels/details/253501270,09662-61-83,Unknown,253501270
/vessels/details/253003726,SUHAIANYU00246-158,Unknown,253003726
/vessels/details/253219225,32192-15-82,Unknown,253219225
/vessels/details/253502927,15606-4-50,Unknown,253502927
/vessels/details/253000378,BIAO 00208-11-92,Unknown,253000378
/vessels/details/253426000,NATALIAH,Pleasure craft,253426000
/vessels/details/253601432,15290-32-61,Unknown,253601432
/vessels/details/253900344,MINPUYU21129-6-99,Unknown,253900344
/vessels/details/253310236,DA MAO WANG - 236,Unknown,253310236
/vessels/details/253003843,32192-23-79,Unknown,253003843
/vessels/details/253202836,60896-LT-2-88,Unknown,253202836
/vessels/details/253210275,ZHONGGUOSHIHUA 53,Unknown,253210275
/vessels/details/253001655,82052-3-63,Unknown,253001655
/vessels/details/253203339,60028-8-60,Unknown,253203339
/vessels/details/253388915,33889-A15-33,Unknown,253388915
/vessels/details/253101622,HSD-NET-72,Unknown,253101622
/vessels/details/253501233,68368-25-64,Unknown,253501233
/vessels/details/253004298,MICAVA 8-99,Unknown,253004298
/vessels/details/253272806,02728-6-99,Unknown,253272806
/vessels/details/253202072,60028-23-19,Unknown,253202072
/vessels/details/253658658,MINXIAYUYUN01313,Fishing vessel,253658658
/vessels/details/253203707,60028-2-91,Unknown,253203707
/vessels/details/253601831,LIAOWAYU35052-21-99,Unknown,253601831
/vessels/details/253201092,HSD-NET-99,Unknown,253201092
/vessels/details/253003143,JHYY06528-11-69,Unknown,253003143
/vessels/details/253604230,YUCHENGYU60177DJ-55,Unknown,253604230
/vessels/details/253606407,14001-2-51,Unknown,253606407
/vessels/details/253605338,YU 08317-96,Unknown,253605338
/vessels/details/253299911,32999-11-99,Unknown,253299911
/vessels/details/253501838,13153-100-93,Unknown,253501838
/vessels/details/253604808,BIAO 00208-5-41,Unknown,253604808
/vessels/details/253605806,BIAO 00185-4-60,Unknown,253605806
/vessels/details/253002686,49078-1-30,Unknown,253002686
/vessels/details/253001429,4003-14-94,Unknown,253001429
/vessels/details/253601319,LIAOYINGYU26066-4,Unknown,253601319
/vessels/details/253901055,39350-388-91,Unknown,253901055
/vessels/details/253501851,26929-3-23,Unknown,253501851
/vessels/details/253502511,BIAO 00185-5-94,Unknown,253502511
/vessels/details/253202832,60028-32-74,Unknown,253202832
/vessels/details/253000953,BIAO 00208-6-02,Unknown,253000953
/vessels/details/253000067,04406-19-89,Unknown,253000067
/vessels/details/253602083,199-62-42,Unknown,253602083
/vessels/details/253281623,TIELONG61816-23-99,Unknown,253281623
/vessels/details/253003826,32192-13-92,Unknown,253003826
/vessels/details/253501344,04999-16-90,Unknown,253501344
/vessels/details/253002831,05755-166-93,Unknown,253002831
/vessels/details/253200003,HSD-NET-99,Unknown,253200003
/vessels/details/253501682,BIAO 00185-9-99,Unknown,253501682
/vessels/details/253603182,BIAO 00185-5-87,Unknown,253603182
/vessels/details/253501828,05656-60-77,Unknown,253501828
/vessels/details/253204029,26667-2-55,Unknown,253204029
/vessels/details/253603358,0566813-99,Unknown,253603358
/vessels/details/253503594,88648-94,Unknown,253503594
/vessels/details/253900889,23005-3-97,Unknown,253900889
/vessels/details/253203239,60028-22-61,Unknown,253203239
/vessels/details/253605043,06688-8-77,Unknown,253605043
/vessels/details/253310161,60678 3-86,Unknown,253310161
/vessels/details/253201515,26287-16-55,Unknown,253201515
/vessels/details/253233364,YU 32333-64-85,Unknown,253233364
/vessels/details/253605098,YUCHENGYU60177DJ-30,Unknown,253605098
/vessels/details/253203254,ZHEDAIYU11578-5-95,Unknown,253203254
/vessels/details/253201600,36688-6-99,Unknown,253201600
/vessels/details/253201019,ZHELIN12895-12-99,Unknown,253201019
/vessels/details/253000153,YUWANGQU-153-99,Unknown,253000153
/vessels/details/253299930,32999-30-49,Unknown,253299930
/vessels/details/253004037,JHYY06528-5-32,Unknown,253004037
/vessels/details/253202637,2876-2-93,Unknown,253202637
/vessels/details/253002887,2367-7-60,Unknown,253002887
/vessels/details/253552222,25355-2-86,Unknown,253552222
/vessels/details/253000406,ZHEDAIYU15367-2-97,Unknown,253000406
/vessels/details/253003089,ZHEXIANGYU25189-7-,Unknown,253003089
/vessels/details/253605933,10158-12-82,Unknown,253605933
/vessels/details/253502675,00123-40-56,Unknown,253502675
/vessels/details/253605126,YUCHENGYU60177DJ-27,Unknown,253605126
/vessels/details/253101271,HSD-NET-99,Unknown,253101271
/vessels/details/253357000,GREY PEARL,Sailing vessel,253357000
/vessels/details/253503543,34046-7-55,Unknown,253503543
/vessels/details/253602072,55887-2-96,Unknown,253602072
/vessels/details/253003816,SUQIYU02595-106-46,Unknown,253003816
/vessels/details/253001901,ZHEDAIYU12271-4-76,Unknown,253001901
/vessels/details/253502200,6198-9-74,Unknown,253502200
/vessels/details/253502094,LUCHENGYU 60175-67,Unknown,253502094
/vessels/details/253296817,TIELONG61968-17-66,Unknown,253296817
/vessels/details/253502915,LULANYU61888-24-41,Unknown,253502915
/vessels/details/253360076,LIAOYINGYUYUN36007-6,Unknown,253360076
/vessels/details/253003204,ZHEXIANGYU25189-13-,Unknown,253003204
/vessels/details/9394648,BOURBON LIBERTY 227,Offshore Tug/Supply Ship,9394648
/vessels/details/253610385,HSD-NET-94,Unknown,253610385
/vessels/details/253504788,06069-2-31,Unknown,253504788
/vessels/details/253600821,15631-A21-56,Unknown,253600821
/vessels/details/253001997,88858-97-99,Unknown,253001997
/vessels/details/253382209,33822-09-83,Unknown,253382209
/vessels/details/253040916,30409-16-12,Unknown,253040916
/vessels/details/253501389,BIAO 00185-8-99,Unknown,253501389
/vessels/details/253128528,LIN12852-8-80,Unknown,253128528
/vessels/details/253000496,64072-31-70,Unknown,253000496
/vessels/details/253456000,ZOOZY II,Sailing vessel,253456000
/vessels/details/253182222,25318-2222-99,Unknown,253182222
/vessels/details/253502088,26287-24-94,Unknown,253502088
/vessels/details/253502714,188-30-79,Unknown,253502714
/vessels/details/253601297,YANG09668-2-58,Unknown,253601297
/vessels/details/253210006,LIAOSUIYU35766-1-41,Unknown,253210006
/vessels/details/253605457,14001-11-59,Unknown,253605457
/vessels/details/253100319,HSD-NET-62,Unknown,253100319
/vessels/details/253201124,60818-23-90,Unknown,253201124
/vessels/details/253203252,46333-13-13-91,Unknown,253203252
/vessels/details/253203451,LULAOYU60069-7-87,Unknown,253203451
/vessels/details/253578801,35788-9-93,Unknown,253578801
/vessels/details/253210069,ZHONGHAIYOU 4-02,Unknown,253210069
/vessels/details/253605634,ZXY49282-10-78,Unknown,253605634
/vessels/details/253233321,YU 32333-21-90,Unknown,253233321
/vessels/details/253603467,YUCHENGYU60177DJ-61,Unknown,253603467
/vessels/details/253101744,BABAR BOYA 4-99,Unknown,253101744
/vessels/details/253602024,04663-102-95,Unknown,253602024
/vessels/details/253173000,CAPRICE,Unknown,253173000
/vessels/details/253410206,LULONGYU60037WANG 10,Unknown,253410206
/vessels/details/253410072,YU.WANG.QU-DF-54,Unknown,253410072
/vessels/details/253003214,BIAO 86075-3-67,Unknown,253003214
/vessels/details/253606158,11122-5-70,Unknown,253606158
/vessels/details/253503020,LURONGYU25528-2-63,Unknown,253503020
/vessels/details/253610005,00538-11-99,Unknown,253610005
/vessels/details/253003661,BIAO 00208-20-86,Unknown,253003661
/vessels/details/253501455,188-14-83,Unknown,253501455
/vessels/details/253119032,ZHEDAIYU01198-32-91,Unknown,253119032
/vessels/details/253201635,JT-03662-12-25,Unknown,253201635
/vessels/details/253601003,LIAOWAYU35052-8-89,Unknown,253601003
/vessels/details/253504055,LHY35021-12-77,Unknown,253504055
/vessels/details/9559200,DN204,Work/Repair Vessel,9559200
/vessels/details/253202849,46333-6-6-79,Unknown,253202849
/vessels/details/253000242,ZXY55007-1-16,Unknown,253000242
/vessels/details/253310131,PAXIAWANGDI61999 5,Unknown,253310131
/vessels/details/9829526,TSARAVATSY,Chemical/Oil Products Tanker,9829526
/vessels/details/253400777,ZHEPUYU19167-45-40,Unknown,253400777
/vessels/details/253310231,DA MAO WANG - 231,Unknown,253310231
/vessels/details/253060508,FAD008-54,Unknown,253060508
/vessels/details/253310193,ZHONGGUOSHIHUA 63,Unknown,253310193
/vessels/details/253603051,HSD-NET-86,Unknown,253603051
/vessels/details/253501709,17080-6-99,Unknown,253501709
/vessels/details/253504223,55095-15-99,Unknown,253504223
/vessels/details/253263000,LUXITE,Sailing vessel,253263000
/vessels/details/253600182,61888-27PAOMAOWANG,Unknown,253600182
/vessels/details/253003624,BIAO 56109-6-56,Unknown,253003624
/vessels/details/253272801,02728-1-99,Unknown,253272801
/vessels/details/253310198,LULONGYU60036WANG 41,Unknown,253310198
/vessels/details/253201627,LIAOYINGYU22888-1,Unknown,253201627
/vessels/details/253128516,YU 28516 -2 60,Other type,253128516
/vessels/details/253605932,YUCHENGYU60177DJ-5,Unknown,253605932
/vessels/details/253201631,75021-2-43,Unknown,253201631
/vessels/details/253694000,ANTINEA33,Pleasure craft,253694000
/vessels/details/253502773,BIAO 00185-7-74,Unknown,253502773
/vessels/details/253000013,ROSITA,Pleasure craft,253000013
/vessels/details/253003168,49277-15-82,Unknown,253003168
/vessels/details/253801729,811-40-95,Unknown,253801729
/vessels/details/253310156,60678 5-53,Unknown,253310156
/vessels/details/253600293,HAOTONG137 33-65,Unknown,253600293
/vessels/details/253605524,05622-7-81,Unknown,253605524
/vessels/details/253503008,556-11-63,Unknown,253503008
/vessels/details/253502422,BIAO 86073-3-63,Unknown,253502422
/vessels/details/253202511,60028-45-32,Unknown,253202511
/vessels/details/253310122,PAXIAWANGDI61999 1,Unknown,253310122
/vessels/details/253410237,60678 1-99,Unknown,253410237
/vessels/details/253603276,YUCHENGYU60177DJ-48,Unknown,253603276
/vessels/details/253001995,88858-95-99,Unknown,253001995
/vessels/details/253210385,LIN 21038-5-86,Unknown,253210385
/vessels/details/253203852,HUANXI-14-99,Unknown,253203852
/vessels/details/253502797,556-17-63,Unknown,253502797
/vessels/details/253502252,00168-1-94,Unknown,253502252
/vessels/details/253502262,04999-17-90,Unknown,253502262
/vessels/details/253400798,ZHEPUYU19167-47-91,Unknown,253400798
/vessels/details/253002058,ZXY55007-6-64,Unknown,253002058
/vessels/details/253201969,JT-03662-16-99,Unknown,253201969
/vessels/details/253000473,2367-5-58,Unknown,253000473
/vessels/details/253181111,25318-1111-62,Unknown,253181111
/vessels/details/1006817,CAROM,Yacht,1006817
/vessels/details/253501232,09666-014-45,Unknown,253501232
/vessels/details/253100700,HSD-NET-99,Unknown,253100700
/vessels/details/253501915,188-32-56,Unknown,253501915
/vessels/details/253000058,SANSSOUCI,Pleasure craft,253000058
/vessels/details/253602922,06688-3-66,Unknown,253602922
/vessels/details/253699000,ANGIE,Sailing vessel,253699000
/vessels/details/253601479,XIYOUWANGZOUDONG685,Unknown,253601479
/vessels/details/253504131,LIAOZHUANGYU65999-4,Unknown,253504131
/vessels/details/253602435,09668-10-50,Unknown,253602435
/vessels/details/253410009,BIAO 02818-13-99,Unknown,253410009
/vessels/details/253106124,31061-24 10,Unknown,253106124
/vessels/details/253504124,60068-2-61,Unknown,253504124
/vessels/details/253605115,YUCHENGYU60177DJ-33,Unknown,253605115
/vessels/details/253501320,0566817-99,Unknown,253501320
/vessels/details/253000455,ZXY32011-3-77,Unknown,253000455
/vessels/details/253170011,LIAOPANYU25317-1-69,Unknown,253170011
/vessels/details/253502759,5339-1-91,Unknown,253502759
/vessels/details/253310239,DA MAO WANG - 239,Unknown,253310239
/vessels/details/253501692,09662-60-89,Unknown,253501692
/vessels/details/253601984,LIAOWAYU35052-15-36,Unknown,253601984
/vessels/details/253102125,SALAH BOYA 1-99,Unknown,253102125
/vessels/details/253000118,ARCHIENOAH,Sailing vessel,253000118
/vessels/details/253203305,LULAOYU60069-17-91,Unknown,253203305
/vessels/details/253502295,26287-33-59,Unknown,253502295
/vessels/details/253203416,60818-5-97,Unknown,253203416
/vessels/details/253504126,60068-4-99,Unknown,253504126
/vessels/details/253210032,PAXIAWANGDI66405 5,Unknown,253210032
/vessels/details/253705000,ORL SOLO SAILOR,Sailing vessel,253705000
/vessels/details/253600357,61888-21PAOMAOWANG,Unknown,253600357
/vessels/details/253501491,056689-94,Unknown,253501491
/vessels/details/253203508,60028-20-62,Unknown,253203508
/vessels/details/253500002,AIS-5506-02-82,Unknown,253500002
/vessels/details/253299908,32999-08-99,Unknown,253299908
/vessels/details/253299931,32999-31-98,Unknown,253299931
/vessels/details/253724000,BELLE ILE,Sailing vessel,253724000
/vessels/details/253583333,25358-3-70,Unknown,253583333
/vessels/details/253902069,BIAO 80288-1-85,Unknown,253902069
/vessels/details/253601423,15290-23-89,Unknown,253601423
/vessels/details/253501304,19169-19-67,Unknown,253501304
/vessels/details/253203495,ZHELIN12895-14-98,Unknown,253203495
/vessels/details/253602958,LIAOYINGYU56319-5,Unknown,253602958
/vessels/details/253502985,09662-58-72,Unknown,253502985
/vessels/details/253552304,LIAOSUIYU35523-4 40,Unknown,253552304
/vessels/details/253604212,11122-2-53,Unknown,253604212
/vessels/details/253604891,YUCHENGYU60177DJ-72,Unknown,253604891
/vessels/details/253501077,188-21-78,Unknown,253501077
/vessels/details/253502338,05656-054-99,Unknown,253502338
/vessels/details/253502135,188-17-97,Unknown,253502135
/vessels/details/253600787,HAOTONG137 31-32,Unknown,253600787
/vessels/details/253502711,26929-9-85,Unknown,253502711
/vessels/details/253602231,09668-17-51,Unknown,253602231
/vessels/details/253552303,LIAOSUIYU35523-3 10,Unknown,253552303
/vessels/details/253000170,2367-10-63,Unknown,253000170
/vessels/details/253400448,HSD-NET-91,Unknown,253400448
/vessels/details/253210136,ZHONGGUOSHIHUA 60,Unknown,253210136
/vessels/details/253003814,SUQIYU02595-104-51,Unknown,253003814
/vessels/details/253501768,26287-21-52,Unknown,253501768
/vessels/details/253219211,32192-1-72,Unknown,253219211
/vessels/details/253502715,05598-041-68,Unknown,253502715
/vessels/details/253502983,09666-022-78,Unknown,253502983
/vessels/details/253003161,BIAO 56109-17-80,Unknown,253003161
/vessels/details/253605372,LZY60567-6-81,Unknown,253605372
/vessels/details/253299922,32999-22-94,Unknown,253299922
/vessels/details/253001692,SAN 00169-2-78,Unknown,253001692
/vessels/details/253001656,82052-4-89,Unknown,253001656
/vessels/details/253121802,LIN 12180-2-04,Unknown,253121802
/vessels/details/253502064,0010-31-85,Unknown,253502064
/vessels/details/253002986,BIAO 00185-50-69,Unknown,253002986
/vessels/details/253202076,60818-2-97,Unknown,253202076
/vessels/details/253601488,05060-11-89,Unknown,253601488
/vessels/details/253600158,LIAOWAYU75588-2-99,Unknown,253600158
/vessels/details/253514633,00168-33-93,Unknown,253514633
/vessels/details/253504698,HAOTONG137 30-98,Unknown,253504698
/vessels/details/253000900,BIAO 12101-12-91,Unknown,253000900
/vessels/details/253601981,LUZHANYU60198-50,Unknown,253601981
/vessels/details/253902701,WANG DI NAN 10-99,Unknown,253902701
/vessels/details/253721292,LG21292-257.8V,Unknown,253721292
/vessels/details/253502243,BIAO 00185-6-88,Unknown,253502243
/vessels/details/253102509,HSD-NET-15,Unknown,253102509
/vessels/details/253219227,32192-17-96,Unknown,253219227
/vessels/details/253602225,04663-103-19,Unknown,253602225
/vessels/details/253100530,HSD-NET-98,Unknown,253100530
/vessels/details/253002898,ZHEDAIYU12271-2-89,Unknown,253002898
/vessels/details/253013115,LIN 01311-5-99,Unknown,253013115
/vessels/details/253000014,LUNA,Pleasure craft,253000014
/vessels/details/253000498,83258-1-80,Unknown,253000498
/vessels/details/253503735,LHY35021-1-86,Unknown,253503735
/vessels/details/253502363,LULANYU61888-20-99,Unknown,253502363
/vessels/details/253501046,17080-3-89,Unknown,253501046
/vessels/details/253602073,55887-3-86,Unknown,253602073
/vessels/details/253502557,056686-99,Unknown,253502557
/vessels/details/253300020,HSD-NET-89,Unknown,253300020
/vessels/details/253001999,88858-99-74,Unknown,253001999
/vessels/details/253603808,YUCHENGYU60177DJ-13,Unknown,253603808
/vessels/details/253677875,MINPUYU46163-9-58,Unknown,253677875
/vessels/details/253601259,09628-3-90,Unknown,253601259
/vessels/details/253310305,YUWANGQU305-99,Unknown,253310305
/vessels/details/253605173,0566811-98,Unknown,253605173
/vessels/details/253001991,88858-91-96,Unknown,253001991
/vessels/details/253601748,YANG09668-16-16,Unknown,253601748
/vessels/details/253501466,LULANYU61888-15-65,Unknown,253501466
/vessels/details/253604553,YUCHENGYU60177DJ-45,Unknown,253604553
/vessels/details/253504556,55095-17-65,Unknown,253504556
/vessels/details/253604629,YUCHENGYU60177DJ-36,Unknown,253604629
/vessels/details/253003379,BIAO 12101-2-97,Unknown,253003379
/vessels/details/253003850,32192-30-96,Unknown,253003850
/vessels/details/253310180,LULONGYU60036WANG 35,Unknown,253310180
/vessels/details/253600321,HAOTONG137 37-57,Unknown,253600321
/vessels/details/253001017,02392-4-95,Unknown,253001017
/vessels/details/253004371,HSD-NET-92,Unknown,253004371
/vessels/details/253605790,BIAO 00185-2-82,Unknown,253605790
/vessels/details/253410787,XIEWANG66196-03-63,Unknown,253410787
/vessels/details/253601595,LIAOWAYU35052-1-58,Unknown,253601595
/vessels/details/253501767,00123-45-47,Unknown,253501767
/vessels/details/253823000,CAMINO,Sailing vessel,253823000
/vessels/details/253003202,BIAO 56109-15-61,Unknown,253003202
/vessels/details/253002066,ZXY33095-3-99,Unknown,253002066
/vessels/details/253603044,05622-14-98,Unknown,253603044
/vessels/details/253901040,BIAO 00185-9-93,Unknown,253901040
/vessels/details/253177715,31777-15-43,Unknown,253177715
/vessels/details/253003251,JHYY06528-14-94,Unknown,253003251
/vessels/details/253605839,11122-4-74,Unknown,253605839
/vessels/details/253204182,60818-40-90,Unknown,253204182
/vessels/details/253410168,XIAOQINGNIAN 30-94,Unknown,253410168
/vessels/details/253203065,60818-17-96,Unknown,253203065
/vessels/details/253001001,02392-11-93,Unknown,253001001
/vessels/details/253502600,BIAO 00185-10-89,Unknown,253502600
/vessels/details/253601528,LIAOWAYU35052-6-60,Unknown,253601528
/vessels/details/253410154,LULONGYU60037WANG 40,Unknown,253410154
/vessels/details/253200258,BIAO 03777-15-96,Unknown,253200258
/vessels/details/253003618,LIN21555-10-87,Unknown,253003618
/vessels/details/253600407,ZHEXIANGYU05232-1,Unknown,253600407
/vessels/details/253601833,LIAOWAYU35052-3-99,Unknown,253601833
/vessels/details/253502960,09662-53-81,Unknown,253502960
/vessels/details/253502824,00988-75,Unknown,253502824
/vessels/details/253514637,00168-37-99,Unknown,253514637
/vessels/details/253542101,TIELONG32194-199,Unknown,253542101
/vessels/details/253310219,DA MAO WANG - 219,Unknown,253310219
/vessels/details/253003858,SUHAIANYU00116-88,Unknown,253003858
/vessels/details/253000107,OTTER 02,Resolution 18 ship,253000107
/vessels/details/253600636,XIYOUWANGZOUDONG686,Unknown,253600636
/vessels/details/253502048,0010-34-97,Unknown,253502048
/vessels/details/253310030,60678 7-99,Unknown,253310030
/vessels/details/253501928,05598-040-76,Unknown,253501928
/vessels/details/253242401,AUSONIUS,Other type,253242401
/vessels/details/253601941,04663-107-98,Unknown,253601941
/vessels/details/253603228,06133-B3-02,Unknown,253603228
/vessels/details/253001737,ZHEDAIYU15367-1-79,Unknown,253001737
/vessels/details/253603497,BIAO 03777-5-79,Unknown,253603497
/vessels/details/253060349,FAD007-55,Unknown,253060349
/vessels/details/253203039,60818-32-88,Unknown,253203039
/vessels/details/253601707,1230-A7-67,Unknown,253601707
/vessels/details/253210089,LULONGYU60036 66-42,Unknown,253210089
/vessels/details/253501213,NANBIANYOUWANG-5-99,Unknown,253501213
/vessels/details/253001018,02392-8-37,Unknown,253001018
/vessels/details/253832000,ANOUCHKA,Pleasure craft,253832000
/vessels/details/253603174,05622-22-50,Unknown,253603174
/vessels/details/253504667,55095-18-62,Unknown,253504667
/vessels/details/253600049,61888-24PAOMAOWANG,Unknown,253600049
/vessels/details/253203576,ZHELIN12895-20-99,Unknown,253203576
/vessels/details/9975272,ANTHAS,Chemical/Oil Products Tanker,9975272
/vessels/details/253101964,WAHAG BOYA 2-84,Unknown,253101964
/vessels/details/253210176,ZHONGGUOSHIHUA 51,Unknown,253210176
/vessels/details/253604327,BIAO 03777-7-99,Unknown,253604327
/vessels/details/253058131,SUGANYU03058-131-99,Unknown,253058131
/vessels/details/253003856,SUHAIANYU00116-86,Unknown,253003856
/vessels/details/253600812,15631-A12-72,Unknown,253600812
/vessels/details/253600815,15631-A15-55,Unknown,253600815
/vessels/details/253201724,60818-26-93,Unknown,253201724
/vessels/details/253201274,60028-27-39,Unknown,253201274
/vessels/details/253604766,YUCHENGYU60177DJ-41,Unknown,253604766
/vessels/details/253002418,TIELONG17599-4-83,Unknown,253002418
/vessels/details/253604725,9425-74-65,Unknown,253604725
/vessels/details/253502068,00123-41-39,Unknown,253502068
/vessels/details/253003997,04188-9-64,Unknown,253003997
/vessels/details/253201339,555-92-90,Unknown,253201339
/vessels/details/253501365,056687-99,Unknown,253501365
/vessels/details/253501058,09662-57-99,Unknown,253501058
/vessels/details/253764000,MOVING FREE,Sailing vessel,253764000
/vessels/details/253203597,35595-8-98,Unknown,253203597
/vessels/details/253000382,ZHEDAIYU11479-2-44,Unknown,253000382
/vessels/details/253299929,32999-29-30,Unknown,253299929
/vessels/details/253003678,ZHEDAIYU15593-1-70,Unknown,253003678
/vessels/details/253333302,ZHESANYU33333-2 90,Unknown,253333302
/vessels/details/253299915,32999-15-61,Unknown,253299915
/vessels/details/253603826,11122-12-64,Unknown,253603826
/vessels/details/253002962,09591-137-55,Unknown,253002962
/vessels/details/253201875,ZHEDAIYU15155-1-90,Unknown,253201875
/vessels/details/253606014,60068-12-45,Unknown,253606014
/vessels/details/253219215,32192-5-91,Unknown,253219215
/vessels/details/253001354,BIAO 56109-20-77,Unknown,253001354
/vessels/details/253210099,PAXIAWANGDI66405 13,Unknown,253210099
/vessels/details/253001757,ZXY55005-9-55,Unknown,253001757
/vessels/details/253003822,32192-08-82,Unknown,253003822
/vessels/details/253441000,AMANZI,Pleasure craft,253441000
/vessels/details/253299919,32999-19-01,Unknown,253299919
/vessels/details/253203484,ZHEDAIYU15292-3-72,Unknown,253203484
/vessels/details/253603397,60068-11-41,Unknown,253603397
/vessels/details/253202722,60896-LT-61-46,Unknown,253202722
/vessels/details/253210247,PAXIAWANGDI60999 5,Unknown,253210247
/vessels/details/253360075,LIAOYINGYUYUN36007-5,Unknown,253360075
/vessels/details/253000176,ZXY32011-1-61,Unknown,253000176
/vessels/details/253001594,64072-20-71,Unknown,253001594
/vessels/details/253210009,HYGC-15-86,Unknown,253210009
/vessels/details/253502318,06282-308-80,Unknown,253502318
/vessels/details/253310132,PAXIAWANGDI61999 4,Unknown,253310132
/vessels/details/253203098,35696-3-99,Unknown,253203098
/vessels/details/253401747,ZHEYU01419-4-56,Unknown,253401747
/vessels/details/253200704,BIAO 05889-7-92,Unknown,253200704
/vessels/details/253604726,YUCHENGYU60177DJ-38,Unknown,253604726
/vessels/details/253200041,LUZHANYU60098-28-59,Unknown,253200041
/vessels/details/253401151,ZHEPUYU32387-8-47,Unknown,253401151
/vessels/details/253605047,BIAO 80288-22-64,Unknown,253605047
/vessels/details/253600811,15631-A11-68,Unknown,253600811
/vessels/details/253601464,04663-108-97,Unknown,253601464
/vessels/details/253360002,LIAOPANYU25336-2-95,Unknown,253360002
/vessels/details/253785000,VENTURI,Unknown,253785000
/vessels/details/253514639,00168-39-23,Unknown,253514639
/vessels/details/253203210,60028-19-80,Unknown,253203210
/vessels/details/253203480,MINYU05589-8-70,Unknown,253203480
/vessels/details/253410112,YU.WANG.QU-DF-50,Unknown,253410112
/vessels/details/253000216,ZXY32011-1-52,Unknown,253000216
/vessels/details/253402343,DILONG 1-99,Unknown,253402343
/vessels/details/253202712,60896-LT-70-68,Unknown,253202712
/vessels/details/253233365,YU 32333-65-76,Unknown,253233365
/vessels/details/253000084,05755-160-86,Unknown,253000084
/vessels/details/253203844,26287-15-60,Unknown,253203844
/vessels/details/253242250,WUSEL,Pleasure craft,253242250
/vessels/details/253600288,60385-16-91,Unknown,253600288
/vessels/details/253606176,11122-11-30,Unknown,253606176
/vessels/details/253410182,ZHONGGUOSHIHUA 25,Unknown,253410182
/vessels/details/253721396,ZHE21396-258.1V,Unknown,253721396
/vessels/details/253604711,9425-61-77,Unknown,253604711
/vessels/details/253203823,60818-31-89,Unknown,253203823
/vessels/details/253002257,09591-130-65,Unknown,253002257
/vessels/details/253003812,SUQIYU02595-102-49,Unknown,253003812
/vessels/details/253201731,JT-03662-13-57,Unknown,253201731
/vessels/details/253001028,SUHAIANYU00246-155,Unknown,253001028
/vessels/details/253000282,49277-12-99,Unknown,253000282
/vessels/details/253210067,LULONGYU60036 63-99,Unknown,253210067
/vessels/details/253299904,32999-04-94,Unknown,253299904
/vessels/details/253603578,BIAO 02828-1-95,Unknown,253603578
/vessels/details/253604154,BIAO 03777-14-99,Unknown,253604154
/vessels/details/253003819,SUQIYU02595-109-42,Unknown,253003819
/vessels/details/253601318,LIAOYINGYU26066-3,Unknown,253601318
/vessels/details/253602327,XIYOUWANGZOUDONG681,Unknown,253602327
/vessels/details/253400560,6886-6-99,Unknown,253400560
/vessels/details/253000499,ZHEDAIYU12271-1-96,Unknown,253000499
/vessels/details/253500012,2535-12 90,Unknown,253500012
/vessels/details/253601422,15290-22-85,Unknown,253601422
/vessels/details/253201397,60896-LT-86-03,Unknown,253201397
/vessels/details/253202038,60896-LT-7-80,Unknown,253202038
/vessels/details/253204235,60896-LT-3-85,Unknown,253204235
/vessels/details/253502393,06282-307-95,Unknown,253502393
/vessels/details/253603441,BIAO 00208-2-70,Unknown,253603441
/vessels/details/253601436,15290-36-95,Unknown,253601436
/vessels/details/253601313,09668-7-86,Unknown,253601313
/vessels/details/253603525,BIAO 80288-23-90,Unknown,253603525
/vessels/details/253203164,55566-1-97,Unknown,253203164
/vessels/details/253102400,HSD-NET-96,Unknown,253102400
/vessels/details/253299926,32999-26-01,Unknown,253299926
/vessels/details/253601799,LUHAIYU66174-1-52,Unknown,253601799
/vessels/details/253310104,PAXIAWANGDI61999 10,Unknown,253310104
/vessels/details/253203202,555-91-86,Unknown,253203202
/vessels/details/253002716,09662-44-91,Unknown,253002716
/vessels/details/253600285,60385-13-60,Unknown,253600285
/vessels/details/9394698,BOURBON LIBERTY 237,Offshore Tug/Supply Ship,9394698
/vessels/details/253203199,60028-43-57,Unknown,253203199
/vessels/details/253210078,PAXIAWANGDI66405 4,Unknown,253210078
/vessels/details/253382207,33822-07-84,Unknown,253382207
/vessels/details/253001937,ZHELINYU12805-5-56,Unknown,253001937
/vessels/details/253040919,30409-19-10,Unknown,253040919
/vessels/details/253299903,32999-03-99,Unknown,253299903
/vessels/details/253000211,ZXY55005-1-25,Unknown,253000211
/vessels/details/253002464,BIAO 00208-3-81,Unknown,253002464
/vessels/details/253601310,ZHEXIANGYU05457-15,Unknown,253601310
/vessels/details/253601429,15290-29-74,Unknown,253601429
/vessels/details/253400312,00557-10-94,Unknown,253400312
/vessels/details/253000892,BIAO 56109-13-92,Unknown,253000892
/vessels/details/253410254,LULONGYU60037WANG 5,Unknown,253410254
/vessels/details/253501571,09666-010-99,Unknown,253501571
/vessels/details/253299924,32999-24-99,Unknown,253299924
/vessels/details/253203190,40086-A15-99,Unknown,253203190
/vessels/details/253002961,09591-132-92,Unknown,253002961
/vessels/details/253202871,46333-5-5-82,Unknown,253202871
/vessels/details/253101843,HSD-NET-99,Unknown,253101843
/vessels/details/253892530,389-30-77,Unknown,253892530
/vessels/details/253175262,17526-2-95,Unknown,253175262
/vessels/details/253668902,LIAOYINGYU36689-2,Unknown,253668902
/vessels/details/253502446,11351-9-89,Unknown,253502446
/vessels/details/253600854,199-60-80,Unknown,253600854
/vessels/details/253502429,19168-004-64,Unknown,253502429
/vessels/details/253002637,05755-151-56,Unknown,253002637
/vessels/details/253502844,09666-015-58,Unknown,253502844
/vessels/details/253603290,LZY60678-13-98,Unknown,253603290
/vessels/details/253502305,LIAOYINGYU35789-8,Unknown,253502305
/vessels/details/253321252,LIAOYINGYU35486,Fishing vessel,253321252
/vessels/details/253003593,ZHEDAIYU15396-3-74,Unknown,253003593
/vessels/details/253602946,01295-A3-43,Unknown,253602946
/vessels/details/1054929,BELUGA,Bitumen Tanker,1054929
/vessels/details/253202345,ZHELIN12895-15-99,Unknown,253202345
/vessels/details/253003264,ZHEXIANGYU25189-18-,Unknown,253003264
/vessels/details/253603150,YUCHENGYU60177DJ-18,Unknown,253603150
/vessels/details/253310144,HAILIYOU06-06,Unknown,253310144
/vessels/details/253296815,TIELONG61968-15-46,Unknown,253296815
/vessels/details/253603433,10158-13-82,Unknown,253603433
/vessels/details/253501050,6282-310-94,Unknown,253501050
/vessels/details/253215775,LIN 21577-5-71,Unknown,253215775
/vessels/details/253102211,HSD-NET-99,Unknown,253102211
/vessels/details/253501090,LULANYU61888-14-85,Unknown,253501090
/vessels/details/253000174,82018-2-62,Unknown,253000174
/vessels/details/253310226,DA MAO WANG - 226,Unknown,253310226
/vessels/details/253058133,SUGANYU03058-133-99,Unknown,253058133
/vessels/details/253555603,35556-3 60,Unknown,253555603
/vessels/details/253210235,HSD-NET-99,Unknown,253210235
/vessels/details/253504129,LIAOZHUANGYU65999-2,Unknown,253504129
/vessels/details/253210093,ZHONGGUOSHIHUA 10,Unknown,253210093
/vessels/details/253410192,XIAOQINGNIAN 31-97,Unknown,253410192
/vessels/details/253000364,BIAO 56109-1-76,Unknown,253000364
/vessels/details/253502969,09555-019-83,Unknown,253502969
/vessels/details/253501538,NANBIANYOUWANG-3-02,Unknown,253501538
/vessels/details/253550000,BIBBI,Pleasure craft,253550000
/vessels/details/253651422,00168-22-88,Unknown,253651422
/vessels/details/253602319,05060-12-88,Unknown,253602319
/vessels/details/253015000,VITO2,Pleasure craft,253015000
/vessels/details/253001167,BIAO 56109-2-72,Unknown,253001167
/vessels/details/253202245,55566-1-84,Unknown,253202245
/vessels/details/253603400,ZXY49282-7-74,Unknown,253603400
/vessels/details/253122222,NET-31222-22-64,Unknown,253122222
/vessels/details/253203259,ZHEDAIYU15259-2-82,Unknown,253203259
/vessels/details/9562702,DN206,Work/Repair Vessel,9562702
/vessels/details/253203100,26667-1-58,Unknown,253203100
/vessels/details/253410045,YU.WAN.QU-DF-88,Unknown,253410045
/vessels/details/253502007,NANBIANYOUWANG-2-32,Unknown,253502007
/vessels/details/253606354,YUCHENGYU60177DJ-16,Unknown,253606354
/vessels/details/253128892,LIN12889-2-99,Unknown,253128892
/vessels/details/253502395,09666-05-53,Unknown,253502395
/vessels/details/253410173,WANGDI64342 3-72,Unknown,253410173
/vessels/details/253601110,35992-10-82,Unknown,253601110
/vessels/details/253604723,9425-72-92,Unknown,253604723
/vessels/details/253503030,02488-025-43,Unknown,253503030
/vessels/details/253603293,BIAO 03777-3-95,Unknown,253603293
/vessels/details/253777788,SANYU77788-258.3V,Unknown,253777788
/vessels/details/253201928,36688-2-62,Unknown,253201928
/vessels/details/253002979,BIAO 56109-16-46,Unknown,253002979
/vessels/details/253001849,FUINGYU06797-12-92,Unknown,253001849
/vessels/details/253000922,BIAO 00208-4-99,Unknown,253000922
/vessels/details/253001027,SUHAIANYU00246-153,Unknown,253001027
/vessels/details/253299934,32999-34-86,Unknown,253299934
/vessels/details/253000110,VAQUITA 04,Dredging or UW ops,253000110
/vessels/details/253299910,32999-10-94,Unknown,253299910
/vessels/details/253604975,11122-8-59,Unknown,253604975
/vessels/details/253514628,00168-28-26,Unknown,253514628
/vessels/details/253203619,60818-33-73,Unknown,253203619
/vessels/details/253501336,04999-15-97,Unknown,253501336
/vessels/details/253201568,HUANXI-9-55,Unknown,253201568
/vessels/details/253602417,05060-34-99,Unknown,253602417
/vessels/details/253410134,HSD-NET-69,Unknown,253410134
/vessels/details/253700068,YUCHENGYU60177DJ-17,Unknown,253700068
/vessels/details/253200210,32002-666-51,Unknown,253200210
/vessels/details/253502823,0566823-89,Unknown,253502823
/vessels/details/253604705,YUCHENGYU60177DJ-50,Unknown,253604705
/vessels/details/253410004,YU.WANG.QU-DF-03,Unknown,253410004
/vessels/details/253502206,LUCHENGYU 60175-68,Unknown,253502206
/vessels/details/253210218,ZHONGGUOSHIHUA 64,Unknown,253210218
/vessels/details/253602734,05622-10-89,Unknown,253602734
/vessels/details/253502624,26287-38-51,Unknown,253502624
/vessels/details/253382208,33822-08-69,Unknown,253382208
/vessels/details/253122216,NET-31222-16-52,Unknown,253122216
/vessels/details/253605045,BIAO 80288-30-64,Unknown,253605045
/vessels/details/253501483,188-37-88,Unknown,253501483
/vessels/details/253201208,555-93-93,Unknown,253201208
/vessels/details/253101760,HSD-NET-75,Unknown,253101760
/vessels/details/253601311,ZHEXIANGYU05457-16,Unknown,253601311
/vessels/details/253604850,0566828-94,Unknown,253604850
/vessels/details/253101717,HSD-NET-47,Unknown,253101717
/vessels/details/253000071,CARPE VIZAM,Other type,253000071
/vessels/details/253555606,35556-6 90,Unknown,253555606
/vessels/details/253201321,60818-21-88,Unknown,253201321
/vessels/details/253601702,1230-A2-79,Unknown,253601702
/vessels/details/253310154,60678 12-99,Unknown,253310154
/vessels/details/253503007,0566813-99,Unknown,253503007
/vessels/details/253502121,LUCHENGYU 60175-66,Unknown,253502121
/vessels/details/253828000,CHRYVES,Pleasure craft,253828000
/vessels/details/253500017,2535-17 90,Unknown,253500017
/vessels/details/253210248,PAXIAWANGDI60999 13,Unknown,253210248
/vessels/details/253130093,XIANG13009-3-97,Unknown,253130093
/vessels/details/253002665,04406-40-99,Unknown,253002665
/vessels/details/253202087,60028-26-72,Unknown,253202087
/vessels/details/253302148,6157-45-17,Unknown,253302148
/vessels/details/253603413,BIAO 00185-9-31,Unknown,253603413
/vessels/details/253210201,ZHONGGUOSHIHUA 59,Unknown,253210201
/vessels/details/253200836,BIAO 01118-7-99,Unknown,253200836
/vessels/details/253002865,09662-46-91,Unknown,253002865
/vessels/details/253299905,32999-05-09,Unknown,253299905
/vessels/details/253201402,2876-4-99,Unknown,253201402
/vessels/details/253501074,15606-1-99,Unknown,253501074
/vessels/details/253410167,YU.WANG.QU-DF-36,Unknown,253410167
/vessels/details/253500011,5506-11 90,Unknown,253500011
/vessels/details/253240025,XIANG24002-5-96,Unknown,253240025
/vessels/details/253000335,13008-11-70,Unknown,253000335
/vessels/details/253100931,MICAVA 9-99,Unknown,253100931
/vessels/details/253001920,SUHAIANYU00246-159,Unknown,253001920
/vessels/details/253610154,HSD-NET-95,Unknown,253610154
/vessels/details/253219219,32192-9-99,Unknown,253219219
/vessels/details/253310233,DA MAO WANG - 233,Unknown,253310233
/vessels/details/253203267,60818-46-93,Unknown,253203267
/vessels/details/253502827,188-29-02,Unknown,253502827
/vessels/details/253835000,XEN WEG,Pleasure craft,253835000
/vessels/details/253031608,30316-808-18,Unknown,253031608
/vessels/details/253310157,60678 8-92,Unknown,253310157
/vessels/details/253601962,TIELONG36019-62-46,Unknown,253601962
/vessels/details/253310808,TIELONG33362-5-99,Unknown,253310808
/vessels/details/253003452,ZXY55005-4-42,Unknown,253003452
/vessels/details/253200466,00555-3-84,Unknown,253200466
/vessels/details/253000066,09591-127-91,Unknown,253000066
/vessels/details/253602203,YANG09668-1-33,Unknown,253602203
/vessels/details/253606275,YUCHENGYU60177DJ-51,Unknown,253606275
/vessels/details/253601960,TIELONG36019-60-78,Unknown,253601960
/vessels/details/253003825,32192-03-99,Unknown,253003825
/vessels/details/253600954,09668-6-98,Unknown,253600954
/vessels/details/253202667,60028-41-99,Unknown,253202667
/vessels/details/253210153,ZHONGGUOSHIHUA 57,Unknown,253210153
/vessels/details/253299927,32999-27-58,Unknown,253299927
/vessels/details/253067000,NANA 5,Unknown,253067000
/vessels/details/253600803,15631-A3-63,Unknown,253600803
/vessels/details/253210171,ZHONGGUOSHIHUA 65,Unknown,253210171
/vessels/details/253501363,09662-56-86,Unknown,253501363
/vessels/details/253103936,HSG-NET-97,Unknown,253103936
/vessels/details/253560294,3668-2-71,Unknown,253560294
/vessels/details/253605777,BIAO 00208-4-92,Unknown,253605777
/vessels/details/253606240,LIAOYINGYU56056-6,Unknown,253606240
/vessels/details/253585508,2989 - 828,Unknown,253585508
/vessels/details/253122220,NET-31222-20-58,Unknown,253122220
/vessels/details/253233306,YU 32333-6-62,Unknown,253233306
/vessels/details/253310195,60678 10-61,Unknown,253310195
/vessels/details/253310102,PAXIAWANGDI61999 13,Unknown,253310102
/vessels/details/253606377,15471-6-91,Unknown,253606377
/vessels/details/253503006,188-39-78,Unknown,253503006
/vessels/details/253410197,XIAOQINGNIAN 34-88,Unknown,253410197
/vessels/details/253202644,2876-3-99,Unknown,253202644
/vessels/details/253000121,ZULU TERCERO,Pleasure craft,253000121
/vessels/details/253242208,MARE,Pleasure craft,253242208
/vessels/details/253501425,6282-315-85,Unknown,253501425
/vessels/details/253310208,DA MAO WANG - 208,Unknown,253310208
/vessels/details/253494593,ZHEXIANGYU49459-3,Unknown,253494593
/vessels/details/253880909,MINPUYU55998-33-99,Unknown,253880909
/vessels/details/253202952,60896-LT-4-78,Unknown,253202952
/vessels/details/253606273,YUCHENGYU60177DJ-8,Unknown,253606273
/vessels/details/253119033,ZHEDAIYU01198-33-85,Unknown,253119033
/vessels/details/253400824,00557-8-99,Unknown,253400824
/vessels/details/253242303,SUNRISE IV,Pleasure craft,253242303
/vessels/details/253002870,2367-3-51,Unknown,253002870
/vessels/details/253001960,ZXY32011-4-58,Unknown,253001960
/vessels/details/253555604,35556-4 60,Unknown,253555604
/vessels/details/253892528,389-28-87,Unknown,253892528
/vessels/details/253003385,BIAO 56109-17-17,Unknown,253003385
/vessels/details/253601049,199-59-99,Unknown,253601049
/vessels/details/253219216,32192-6-93,Unknown,253219216
/vessels/details/253280034,JIANCE34-99,Unknown,253280034
/vessels/details/253101886,MUBASHIR BOYA 2-99,Unknown,253101886
/vessels/details/253013111,LIN 01311-1-80,Unknown,253013111
/vessels/details/253501789,0566831-99,Unknown,253501789
/vessels/details/253494594,ZHEXIANGYU49459-4,Unknown,253494594
/vessels/details/253400846,YUESHANYU12263-25,Unknown,253400846
/vessels/details/253902932,BIAO 00185-4-94,Unknown,253902932
/vessels/details/253601061,04663-101-66,Unknown,253601061
/vessels/details/253448000,OKNY IV,Pleasure craft,253448000
/vessels/details/9619048,BOURBON LIBERTY 304,Offshore Tug/Supply Ship,9619048
/vessels/details/253401515,ZHEDAI22085-64-98,Unknown,253401515
/vessels/details/253603138,YUCHENGYU60177DJ-20,Unknown,253603138
/vessels/details/253310160,LULONGYU60036WANG 19,Unknown,253310160
/vessels/details/253892522,389-22-99,Unknown,253892522
/vessels/details/253602127,05060-7-91,Unknown,253602127
/vessels/details/253000002,FLAMINGO,Sailing vessel,253000002
/vessels/details/253201745,00555-4-99,Unknown,253201745
/vessels/details/253750000,RED LION,Sailing vessel,253750000
/vessels/details/253400373,MINPUYU12555-1-99,Unknown,253400373
/vessels/details/253210033,PAXIAWANGDI66405 9,Unknown,253210033
/vessels/details/253602540,HSD-NET-99,Unknown,253602540
/vessels/details/253002802,04406-26-60,Unknown,253002802
/vessels/details/253299918,32999-18-96,Unknown,253299918
/vessels/details/253903134,4003-1-83,Unknown,253903134
/vessels/details/253602212,05060-30-93,Unknown,253602212
/vessels/details/253001917,BIAO 12101-9-99,Unknown,253001917
/vessels/details/253203417,ZHELIN12895-7-97,Unknown,253203417
/vessels/details/253502212,1659-5-67,Unknown,253502212
/vessels/details/253202627,46002-7-84,Unknown,253202627
/vessels/details/253000016,TT WATERMACHINE,Pleasure craft,253000016
/vessels/details/253677879,46163-26-63,Unknown,253677879
/vessels/details/253601316,LIAOYINGYU26066-1,Unknown,253601316
/vessels/details/253202216,LULAOYU60069-5-86,Unknown,253202216
/vessels/details/253514627,00168-27-48,Unknown,253514627
/vessels/details/253310118,PAXIAWANGDI61999 2,Unknown,253310118
/vessels/details/253604213,11122-3-78,Unknown,253604213
/vessels/details/253003795,ZHEXIANGYU25189-14-,Unknown,253003795
/vessels/details/253002052,ZXY76055-10-90,Unknown,253002052
/vessels/details/253410018,YU.WAG.QU-67,Unknown,253410018
/vessels/details/253501051,LULANYU61888-22-02,Unknown,253501051
/vessels/details/253602287,YANG09668-7-29,Unknown,253602287
/vessels/details/253112462,JAMBO OF HAMBLE,Sailing vessel,253112462
/vessels/details/253000635,ZHEDAIYU15394-2-72,Unknown,253000635
/vessels/details/253202967,ZHELIN12895-5-99,Unknown,253202967
/vessels/details/253502035,556-28-42,Unknown,253502035
/vessels/details/253203909,555-90-79,Unknown,253203909
/vessels/details/253602987,056686-89,Unknown,253602987
/vessels/details/253001312,BIAO 00185-40-61,Unknown,253001312
/vessels/details/253602816,YUCHENGYU60177DJ-11,Unknown,253602816
/vessels/details/253721808,ZHELINYU21808-257.6,Unknown,253721808
/vessels/details/253002765,BIAO 12101-11-91,Unknown,253002765
/vessels/details/253031605,30316-805-99,Unknown,253031605
/vessels/details/253296812,TIELONG61968-12-47,Unknown,253296812
/vessels/details/253602074,55887-4-91,Unknown,253602074
/vessels/details/253310807,TIELONG33362-2-99,Unknown,253310807
/vessels/details/253203255,60818-3-99,Unknown,253203255
/vessels/details/253203913,35595-2-80,Unknown,253203913
/vessels/details/253501076,LULANYU61888-21-42,Unknown,253501076
/vessels/details/9103960,MURRAY EXPRESS,Livestock Carrier,9103960
/vessels/details/253401996,ZHEYU07212-7-86,Unknown,253401996
/vessels/details/253502201,1659-2-61,Unknown,253502201
/vessels/details/253002929,ZHEDAIY15396-4-70,Unknown,253002929
/vessels/details/253201003,9754-3-92,Unknown,253201003
/vessels/details/253051696,30YIBEIYOUVCLO-81,Unknown,253051696
/vessels/details/253601060,61888-31ZHANGMAOWAN,Unknown,253601060
/vessels/details/253605425,05216-29-77,Unknown,253605425
/vessels/details/253501123,0010-32-88,Unknown,253501123
/vessels/details/253501535,0566832-99,Unknown,253501535
/vessels/details/253601860,04676-35-71,Unknown,253601860
/vessels/details/253501315,09555-013-95,Unknown,253501315
/vessels/details/253603070,YUCHENGYU60177DJ-10,Unknown,253603070
/vessels/details/253002603,60067-2-58,Unknown,253002603
/vessels/details/253602919,BIAO 80288-29-80,Unknown,253602919
/vessels/details/253031197,NET30311-97-86,Unknown,253031197
/vessels/details/253602158,05060-10-98,Unknown,253602158
/vessels/details/253202831,60028-33-56,Unknown,253202831
/vessels/details/253605206,BIAO 00185-7-42,Unknown,253605206
/vessels/details/9022087,MELODY NELSON,Yacht,9022087
/vessels/details/9394521,HENRY DARCY,Dredger,9394521
/vessels/details/253606102,SUQIYU01606-1028.1V,Unknown,253606102
/vessels/details/253003177,BIAO 56109-16-31,Unknown,253003177
/vessels/details/253410156,YU.WANG.QU-DF-78,Unknown,253410156
/vessels/details/253605705,LIAOYINGYU56319-4,Unknown,253605705
/vessels/details/253500010,AIS-5506-10-84,Unknown,253500010
/vessels/details/253400883,6886-5-99,Unknown,253400883
/vessels/details/253210137,ZHONGGUOSHIHUA 67,Unknown,253210137
/vessels/details/253502631,188-35-79,Unknown,253502631
/vessels/details/253000405,ZHEXIANGYU25189-20-,Unknown,253000405
/vessels/details/253002039,BIAO 56109-12-33,Unknown,253002039
/vessels/details/253310141,PAXIAWANGDI61999 14,Unknown,253310141
/vessels/details/253001015,02303-2-97,Unknown,253001015
/vessels/details/253202421,60896-LT-8-78,Unknown,253202421
/vessels/details/253602288,YANG09668-6-89,Unknown,253602288
/vessels/details/253686000,SUD,Unknown,253686000
/vessels/details/253601949,199-49-63,Unknown,253601949
/vessels/details/253502309,09666-09-73,Unknown,253502309
/vessels/details/253502709,556-27-44,Unknown,253502709
/vessels/details/253501555,188-33-93,Unknown,253501555
/vessels/details/253502138,15606-2-80,Unknown,253502138
/vessels/details/253310204,DA MAO WANG - 204,Unknown,253310204
/vessels/details/253502533,BIAO 56108-4-98,Unknown,253502533
/vessels/details/253210003,LIAOSUIYU35766-2-66,Unknown,253210003
/vessels/details/253210234,PAXIAWANGDI60999 12,Unknown,253210234
/vessels/details/253003857,SUHAIANYU00116-87,Unknown,253003857
/vessels/details/253001016,02392-3-99,Unknown,253001016
/vessels/details/253601803,199-61-99,Unknown,253601803
/vessels/details/253410231,XIAOQINGNIAN 35-81,Unknown,253410231
/vessels/details/253201183,60896-LT-81-38,Unknown,253201183
/vessels/details/253605009,0566818-99,Unknown,253605009
/vessels/details/253219218,32192-8-92,Unknown,253219218
/vessels/details/253602357,05060-29-84,Unknown,253602357
/vessels/details/253606101,60068-10-77,Unknown,253606101
/vessels/details/253503499,LHY35021-15-80,Unknown,253503499
/vessels/details/253031190,NET30311-90-84,Unknown,253031190
/vessels/details/253219217,32192-7-91,Unknown,253219217
/vessels/details/253201933,60896-LT-69-56,Unknown,253201933
/vessels/details/253605374,BIAO 00208-9-85,Unknown,253605374
/vessels/details/253410786,XIEWANG66196-19-69,Unknown,253410786
/vessels/details/253002283,4003-16-93,Unknown,253002283
/vessels/details/253410641,XIEWANG66196-17-65,Unknown,253410641
/vessels/details/253410227,WANGDI64342 1-21,Unknown,253410227
/vessels/details/253201868,BIAO 56109-13-79,Unknown,253201868
/vessels/details/253201913,26287-13-58,Unknown,253201913
/vessels/details/253210211,ZHONGGUOSHIHUA 56,Unknown,253210211
/vessels/details/253058137,SUGANYU03058-137-99,Unknown,253058137
/vessels/details/253203685,ZHELIN12895-19-99,Unknown,253203685
/vessels/details/253310315,YUWANGQU315-31,Unknown,253310315
/vessels/details/253603088,YUCHENGYU60177DJ-43,Unknown,253603088
/vessels/details/253000735,HSD-NET-49,Unknown,253000735
/vessels/details/253310196,60678 13-93,Unknown,253310196
/vessels/details/253031607,30316-807-07,Unknown,253031607
/vessels/details/253502398,11351-10-93,Unknown,253502398
/vessels/details/253601437,15290-37-93,Unknown,253601437
/vessels/details/253500004,AIS-5506-04-80,Unknown,253500004
/vessels/details/253602971,00566-B18-48,Unknown,253602971
/vessels/details/253000018,WUSEL,Pleasure craft,253000018
/vessels/details/253302222,01756-1-98,Unknown,253302222
/vessels/details/253401593,ZHEDAI22085-63-99,Unknown,253401593
/vessels/details/253602362,YANG09668-3-99,Unknown,253602362
/vessels/details/253310123,ZHONGGUOSHIHUA 12,Unknown,253310123
/vessels/details/253410084,YU.WANG.QU-DF-55,Unknown,253410084
/vessels/details/253600287,60385-15-31,Unknown,253600287
/vessels/details/253502336,6282-313-99,Unknown,253502336
/vessels/details/253203374,60818-6-98,Unknown,253203374
/vessels/details/253510034,HSD-NET-90,Unknown,253510034
/vessels/details/253603965,BIAO 00208-10-84,Unknown,253603965
/vessels/details/253201091,HSD-NET-99,Unknown,253201091
/vessels/details/253001716,ZXY76055-8-91,Unknown,253001716
/vessels/details/253201663,60896-LT-74-72,Unknown,253201663
/vessels/details/253601554,05060-1-88,Unknown,253601554
/vessels/details/253605857,ZXY49282-8-65,Unknown,253605857
/vessels/details/253202677,60818-7-65,Unknown,253202677
/vessels/details/253017121,SUHAIMENYU01017-121,Unknown,253017121
/vessels/details/253502914,09666-012-68,Unknown,253502914
/vessels/details/253604373,LIAOYINGYU55069-1,Unknown,253604373
/vessels/details/253410158,BIAO 02818-9-99,Unknown,253410158
/vessels/details/253501328,04999-15-99,Unknown,253501328
/vessels/details/253410211,LULONGYU60037WANG 1,Unknown,253410211
/vessels/details/253202719,60896-LT-68-83,Unknown,253202719
/vessels/details/253605034,BIAO 03777-4-57,Unknown,253605034
/vessels/details/253000097,RIVAL,Other type,253000097
/vessels/details/253892529,389-29-89,Unknown,253892529
/vessels/details/253201761,ZHEDAIYU11578-3-99,Unknown,253201761
/vessels/details/253604841,YUCHENGYU60177DJ-70,Unknown,253604841
/vessels/details/253003621,ZHEDAIYU11457-3-99,Unknown,253003621
/vessels/details/253101826,HSD-NET-97,Unknown,253101826
/vessels/details/253504793,61888-36ZHANGMAOWAN,Unknown,253504793
/vessels/details/253501183,ZHEXIANGYU33666-17,Unknown,253501183
/vessels/details/253000819,ZHEXIANGYU25189-11-,Unknown,253000819
/vessels/details/253310225,DA MAO WANG - 225,Unknown,253310225
/vessels/details/253272810,02728-10-99,Unknown,253272810
/vessels/details/253310217,DA MAO WANG - 217,Unknown,253310217
/vessels/details/253400956,00557-2-99,Unknown,253400956
/vessels/details/253310108,PAXIAWANGDI61999 3,Unknown,253310108
/vessels/details/253658989,MINPUYU01999-3-54,Unknown,253658989
/vessels/details/253001945,BIAO 00208-13-99,Unknown,253001945
/vessels/details/253128524,LIN12852-4-59,Unknown,253128524
/vessels/details/253602845,ZXY05461-1-66,Unknown,253602845
/vessels/details/253601225,05216-1-83,Unknown,253601225
/vessels/details/253502396,6198-14-73,Unknown,253502396
/vessels/details/253502947,19169-18-82,Unknown,253502947
/vessels/details/253822000,SMERALDA II,Sailing vessel,253822000
/vessels/details/253203372,60028-38-80,Unknown,253203372
/vessels/details/253000106,DOLPHIN01 UNCREWED,Other type,253000106
/vessels/details/253210090,ZHONGHAIYOU 5-96,Unknown,253210090
/vessels/details/253000638,ZHEXIANGYU25189-17-,Unknown,253000638
/vessels/details/9394600,BOURBON LIBERTY 217,Offshore Tug/Supply Ship,9394600
/vessels/details/253902056,BIAO 00185-7-81,Unknown,253902056
/vessels/details/253101889,ATHENE,Sailing vessel,253101889
/vessels/details/253203106,60818-8-94,Unknown,253203106
/vessels/details/253604811,BIAO 03777-6-99,Unknown,253604811
/vessels/details/253603675,0566815-99,Unknown,253603675
/vessels/details/253003290,4003-20-93,Unknown,253003290
/vessels/details/253600283,60385-11-86,Unknown,253600283
/vessels/details/253501765,6282-312-86,Unknown,253501765
/vessels/details/253002832,05656-29-93,Unknown,253002832
/vessels/details/253902941,BIAO 80288-3-99,Unknown,253902941
/vessels/details/253333320,33333-20-86,Unknown,253333320
/vessels/details/253201238,ZHELIN12895-3D-99,Unknown,253201238
/vessels/details/253296820,TIELONG61968-20-81,Unknown,253296820
/vessels/details/253310237,DA MAO WANG - 237,Unknown,253310237
/vessels/details/253200863,BIAO 05889-6-77,Unknown,253200863
/vessels/details/253210227,PAXIAWANGDI60999 10,Unknown,253210227
/vessels/details/253215831,LIN 21583-1-99,Unknown,253215831
/vessels/details/253602189,05060-17-94,Unknown,253602189
/vessels/details/253001135,69365-8-71,Unknown,253001135
/vessels/details/253502222,17080-5-68,Unknown,253502222
/vessels/details/253603263,BIAO 80288-34-99,Unknown,253603263
/vessels/details/253100703,HSD-NET-99,Unknown,253100703
/vessels/details/253601059,YANG09668-15-99,Unknown,253601059
/vessels/details/253000468,ZCY02919-1-90,Unknown,253000468
/vessels/details/253001996,88858-96-84,Unknown,253001996
/vessels/details/253604677,11056-B2-60,Unknown,253604677
/vessels/details/253003376,HSD-NET-49,Unknown,253003376
/vessels/details/253201084,ZHEDAIYU15259-1-85,Unknown,253201084
/vessels/details/253210102,LULONGYU60036 53-85,Unknown,253210102
/vessels/details/253203505,ZHELIN12895-1E-99,Unknown,253203505
/vessels/details/253203174,5507-A7-86,Unknown,253203174
/vessels/details/253001704,49277-11-99,Unknown,253001704
/vessels/details/253219220,32192-10-91,Unknown,253219220
/vessels/details/253601963,TIELONG36019-63-86,Unknown,253601963
/vessels/details/253233362,YU 32333-62-58,Unknown,253233362
/vessels/details/253421691,42169-1-97,Unknown,253421691
/vessels/details/253605397,YUCHENGYU60177DJ-35,Unknown,253605397
/vessels/details/253602921,BIAO 80288-27-76,Unknown,253602921
/vessels/details/253002688,49078-3-24,Unknown,253002688
/vessels/details/253299900,32999-AA-88,Unknown,253299900
/vessels/details/253210115,ZHONGGUOSHIHUA 52,Unknown,253210115
/vessels/details/253602188,05060-15-96,Unknown,253602188
/vessels/details/253310110,PAXIAWANGDI61999 8,Unknown,253310110
/vessels/details/253001731,ZXY55007-7-58,Unknown,253001731
/vessels/details/253900796,BIAO 80288-5-87,Unknown,253900796
/vessels/details/253201716,5507-2-76,Unknown,253201716
/vessels/details/253410642,XIEWANG66196-16-61,Unknown,253410642
/vessels/details/253002349,60667-3-37,Unknown,253002349
/vessels/details/253175264,17526-4-99,Unknown,253175264
/vessels/details/253601965,TIELONG36019-65-63,Unknown,253601965
/vessels/details/253001321,04406-36-67,Unknown,253001321
/vessels/details/253502296,09666-07-50,Unknown,253502296
/vessels/details/253003706,71010-2-54,Unknown,253003706
/vessels/details/253400720,35155-16-98,Unknown,253400720
/vessels/details/8647842,LADY B,Yacht,8647842
/vessels/details/253600801,15631-A1-66,Unknown,253600801
/vessels/details/253410780,XIEWANG66196-04-73,Unknown,253410780
/vessels/details/253401516,ZHEDAI22085-61-98,Unknown,253401516
/vessels/details/253203378,60028-46-83,Unknown,253203378
/vessels/details/253600345,HAOTONG137 36-96,Unknown,253600345
/vessels/details/253002871,05656-25-76,Unknown,253002871
/vessels/details/253604894,YUCHENGYU60177DJ-15,Unknown,253604894
/vessels/details/253602124,09668-2-02,Unknown,253602124
/vessels/details/253210110,ZHONGHAIYOU 6-98,Unknown,253210110
/vessels/details/253201695,60818-4-02,Unknown,253201695
/vessels/details/253410235,WANGDI 28-26,Unknown,253410235
/vessels/details/253210144,ZHONGGUOSHIHUA 54,Unknown,253210144
/vessels/details/253000466,ZHEDAIYU15321-3-71,Unknown,253000466
/vessels/details/253410184,LULONGYU60037WANG 35,Unknown,253410184
/vessels/details/253102183,HSD-NET-99,Unknown,253102183
/vessels/details/253203971,00555-5-36,Unknown,253203971
/vessels/details/253892527,389-27-68,Unknown,253892527
/vessels/details/253502291,09666-08-40,Unknown,253502291
/vessels/details/253421714,42171-4-97,Unknown,253421714
/vessels/details/253202567,5507-A8-85,Unknown,253202567
/vessels/details/253210232,PAXIAWANGDI60999 6,Unknown,253210232
/vessels/details/253502187,BIAO 86030-5-71,Unknown,253502187
/vessels/details/253001358,SUQIYU19050-456-52,Unknown,253001358
/vessels/details/253201082,60896-LT-71-85,Unknown,253201082
/vessels/details/253223022,XJK23022-258.1V,Unknown,253223022
/vessels/details/253651423,00168-23-59,Unknown,253651423
/vessels/details/253514640,00168-40-85,Unknown,253514640
/vessels/details/253203363,60028-5-97,Unknown,253203363
/vessels/details/253502695,05656-051-98,Unknown,253502695
/vessels/details/253001474,4003-13-91,Unknown,253001474
/vessels/details/253210043,PAXIAWANGDI66405 7,Unknown,253210043
/vessels/details/253000395,BIAO 00208-18-03,Unknown,253000395
/vessels/details/253203341,60028-4-95,Unknown,253203341
/vessels/details/253502771,BIAO 86076-2-65,Unknown,253502771
/vessels/details/253501319,556-22-41,Unknown,253501319
/vessels/details/253502577,5298-7-76,Unknown,253502577
/vessels/details/253601643,04676-39-88,Unknown,253601643
/vessels/details/253504127,60068-5-61,Unknown,253504127
/vessels/details/253763000,MAKE-SENSE,Sailing vessel,253763000
/vessels/details/253203132,60028-17-52,Unknown,253203132
/vessels/details/253500009,2535-9 60,Unknown,253500009
/vessels/details/253204070,60818-28-89,Unknown,253204070
/vessels/details/253000957,4003-18-93,Unknown,253000957
/vessels/details/253585502,2989 - 290,Unknown,253585502
/vessels/details/253603097,00566-B12-63,Unknown,253603097
/vessels/details/253201170,555-86-93,Unknown,253201170
/vessels/details/253202391,60896-LT-6-87,Unknown,253202391
/vessels/details/253201574,HUANXI-3-86,Unknown,253201574
/vessels/details/253501394,6198-12-67,Unknown,253501394
/vessels/details/253600344,LIAOZHUANGYU85999-1,Unknown,253600344
/vessels/details/253601333,61888-22PAOMAOWANG,Unknown,253601333
/vessels/details/253201922,HUANXI-12-98,Unknown,253201922
/vessels/details/253501444,00168-5-99,Unknown,253501444
/vessels/details/253502140,5298-5-55,Unknown,253502140
/vessels/details/253000157,AUCKLAND,Pleasure craft,253000157
/vessels/details/253503031,556-32-61,Unknown,253503031
/vessels/details/253601964,TIELONG36019-64-19,Unknown,253601964
/vessels/details/253003828,32192-10-99,Unknown,253003828
/vessels/details/253203498,YU01837-11-99,Unknown,253203498
/vessels/details/253204171,60818-47-94,Unknown,253204171
/vessels/details/253382210,33822-10-90,Unknown,253382210
/vessels/details/253600198,61888ZHANGMAOWANG-3,Unknown,253600198
/vessels/details/253892523,389-23-89,Unknown,253892523
/vessels/details/253202838,60028-28-79,Unknown,253202838
/vessels/details/253002275,09591-135-51,Unknown,253002275
/vessels/details/253410226,XIAOQINGNIAN 36-96,Unknown,253410226
/vessels/details/253410244,60687 2-91,Unknown,253410244
/vessels/details/253410178,BIAO 02818-2-99,Unknown,253410178
/vessels/details/253003389,BIAO 56109-19-38,Unknown,253003389
/vessels/details/253605814,11122-9-72,Unknown,253605814
/vessels/details/253600921,09668-9-34,Unknown,253600921
/vessels/details/253001740,ZXY55005-8-15,Unknown,253001740
/vessels/details/253502119,188-23-95,Unknown,253502119
/vessels/details/253000545,JHYY06528-7-87,Unknown,253000545
/vessels/details/253601873,04663-100-60,Unknown,253601873
/vessels/details/253603374,15471-7-92,Unknown,253603374
/vessels/details/253771000,SIMOUST,Sailing vessel,253771000
/vessels/details/253001990,88858-90-99,Unknown,253001990
/vessels/details/253902603,10158-11-80,Unknown,253902603
/vessels/details/253601701,1230-A1-81,Unknown,253601701
/vessels/details/253102066,MICAVA 3-99,Unknown,253102066
/vessels/details/253605742,YUCHENGYU60177DJ-22,Unknown,253605742
/vessels/details/253122221,NET-31222-21-63,Unknown,253122221
/vessels/details/253203836,555-85-84,Unknown,253203836
/vessels/details/253002342,BIAO 00208-5-62,Unknown,253002342
/vessels/details/253210038,PAXIAWANGDI66405 2,Unknown,253210038
/vessels/details/253310806,TIELONG33362-4-99,Unknown,253310806
/vessels/details/253310155,60678 4-99,Unknown,253310155
/vessels/details/253175263,17526-3-48,Unknown,253175263
/vessels/details/253002813,05656-24-68,Unknown,253002813
/vessels/details/253603597,BIAO 00208-5-91,Unknown,253603597
/vessels/details/253757900,QY41632,Fishing vessel,253757900
/vessels/details/253101303,GULISTAN LAAL 1-99,Unknown,253101303
/vessels/details/253900623,WANG DI NAN 3-81,Unknown,253900623
/vessels/details/253501053,188-38-87,Unknown,253501053
/vessels/details/253116124,SUQIYU03116-1247.7V,Unknown,253116124
/vessels/details/253202730,60896-LT-73-53,Unknown,253202730
/vessels/details/253556808,35568-8 10,Unknown,253556808
/vessels/details/253651424,00168-24-71,Unknown,253651424
/vessels/details/253604438,BIAO 00185-2-94,Unknown,253604438
/vessels/details/253002597,BIAO 00185-46-65,Unknown,253002597
/vessels/details/253000010,ZXY55007-10-54,Unknown,253000010
/vessels/details/9021813,VICTORIA D,Yacht,9021813
/vessels/details/253601260,DAMAOWANG23666-7-87,Unknown,253601260
/vessels/details/253002348,60667-2-74,Unknown,253002348
/vessels/details/253000558,BIAO 56109-11-45,Unknown,253000558
/vessels/details/253031604,30316-804-80,Unknown,253031604
/vessels/details/253004054,69365-3-99,Unknown,253004054
/vessels/details/253210087,LULONGYU60036 71-91,Unknown,253210087
/vessels/details/253410187,WANGDI 21-99,Unknown,253410187
/vessels/details/253201122,60818-29-92,Unknown,253201122
/vessels/details/253601998,998-12-55,Unknown,253601998
/vessels/details/8680844,ISIS,Yacht,8680844
/vessels/details/253552702,35527-275,Unknown,253552702
/vessels/details/253720001,LIAOPANYU25327-1-68,Unknown,253720001
/vessels/details/253600807,15631-A7-99,Unknown,253600807
/vessels/details/253601425,15290-25-73,Unknown,253601425
/vessels/details/253204126,60896-LT-66-59,Unknown,253204126
/vessels/details/253504128,LIAOZHUANGYU65999-1,Unknown,253504128
/vessels/details/253203825,60028-14-83,Unknown,253203825
/vessels/details/253000047,OTTOKAR,Sailing vessel,253000047
/vessels/details/253000123,T1T AMIKA,Pleasure craft,253000123
/vessels/details/253900506,5507-4-99,Unknown,253900506
/vessels/details/253360001,LIAOPANYU25336-1-95,Unknown,253360001
/vessels/details/253203258,60818-27-57,Unknown,253203258
/vessels/details/253602428,09668-12-51,Unknown,253602428
/vessels/details/253200456,JT-03662-11-68,Unknown,253200456
/vessels/details/253502620,00123-46-87,Unknown,253502620
/vessels/details/253310220,DA MAO WANG - 220,Unknown,253310220
/vessels/details/253600819,15631-A19-59,Unknown,253600819
/vessels/details/253502633,04999-20-88,Unknown,253502633
/vessels/details/253203379,60028-48-97,Unknown,253203379
/vessels/details/253310215,DA MAO WANG - 215,Unknown,253310215
/vessels/details/253210097,LULONGYU60036 52-99,Unknown,253210097
/vessels/details/253203130,60818-9-68,Unknown,253203130
/vessels/details/253500005,AIS-5506-05-80,Unknown,253500005
/vessels/details/253502706,0566827-99,Unknown,253502706
/vessels/details/253502478,00123-52-54,Unknown,253502478
/vessels/details/253410151,WANGDI64342 10-28,Unknown,253410151
/vessels/details/253602307,YANG09668-13-02,Unknown,253602307
/vessels/details/253605613,ZXY49282-3-66,Unknown,253605613
/vessels/details/253201449,60896-LT-88-49,Unknown,253201449
/vessels/details/253003208,ZHEDAIYU15396-2-94,Unknown,253003208
/vessels/details/253610406,HSD-NET-99,Unknown,253610406
/vessels/details/253219212,32192-2-90,Unknown,253219212
/vessels/details/253501656,188-28-69,Unknown,253501656
/vessels/details/253185555,25318-5555-86,Unknown,253185555
/vessels/details/253602104,199-55-42,Unknown,253602104
/vessels/details/253605082,BIAO 80288-31-65,Unknown,253605082
/vessels/details/253058141,SUGANYU03058-141-99,Unknown,253058141
/vessels/details/253000124,TT 2 AMIKA,Pleasure craft,253000124
/vessels/details/253100690,HSD-NET-56,Unknown,253100690
/vessels/details/253603504,LIAOYINGYU55777-1,Unknown,253603504
/vessels/details/253202886,YU01837-19-90,Unknown,253202886
/vessels/details/253203032,MINYU05589-11-72,Unknown,253203032
/vessels/details/253501205,6198-13-62,Unknown,253501205
/vessels/details/253002254,BIAO 86110-1-99,Unknown,253002254
/vessels/details/253501313,188-16-79,Unknown,253501313
/vessels/details/253000286,ZXY55005-6-52,Unknown,253000286
/vessels/details/253031193,NET30311-93-93,Unknown,253031193
/vessels/details/253000289,BIAO 86110-5-56,Unknown,253000289
/vessels/details/253201273,60818-50-94,Unknown,253201273
/vessels/details/253601122,LIAOWAYU35052-14-50,Unknown,253601122
/vessels/details/253310216,DA MAO WANG - 216,Unknown,253310216
/vessels/details/253203338,60028-47-98,Unknown,253203338
/vessels/details/253002598,09591-128-66,Unknown,253002598
/vessels/details/253668904,LIAOYINGYU36689-4,Unknown,253668904
/vessels/details/253602071,55887-1-60,Unknown,253602071
/vessels/details/253003855,BIAO 00185-51-85,Unknown,253003855
/vessels/details/253382205,33822-05-80,Unknown,253382205
/vessels/details/253003815,SUQIYU02595-105-51,Unknown,253003815
/vessels/details/253410137,YU.WANG.QU-DF-64,Unknown,253410137
/vessels/details/253900774,10158-1-86,Unknown,253900774
/vessels/details/253604051,LIAOYINGYU36369-1,Unknown,253604051
/vessels/details/253299913,32999-13-99,Unknown,253299913
/vessels/details/253503424,34046-8-61,Unknown,253503424
/vessels/details/253202869,60818-18-83,Unknown,253202869
/vessels/details/253203958,LULAOYU60069-2-99,Unknown,253203958
/vessels/details/253210257,PAXIAWANGDI60999 1,Unknown,253210257
/vessels/details/253316106,YU 106 -25 64,Other type,253316106
/vessels/details/253201584,35595-6-97,Unknown,253201584
/vessels/details/253201439,60896-LT-89-34,Unknown,253201439
/vessels/details/253002605,60067-3-79,Unknown,253002605
/vessels/details/253333309,33333-09-84,Unknown,253333309
/vessels/details/253502708,556-16-61,Unknown,253502708
/vessels/details/253502534,13153-102-67,Unknown,253502534
/vessels/details/253901258,WANG DI NAN 7-85,Unknown,253901258
/vessels/details/253604722,9425-71-60,Unknown,253604722
/vessels/details/253513507,35135-7-99,Unknown,253513507
/vessels/details/253202629,60028-35-78,Unknown,253202629
/vessels/details/253202700,HUANXI-11-68,Unknown,253202700
/vessels/details/253410219,XIAOQINGNIAN 38-99,Unknown,253410219
/vessels/details/253202842,5507-1-77,Unknown,253202842
/vessels/details/253203900,60896-LT-80-60,Unknown,253203900
/vessels/details/253501198,02488-023-49,Unknown,253501198
/vessels/details/253106121,31061-21 90,Unknown,253106121
/vessels/details/253400764,35155-19-99,Unknown,253400764
/vessels/details/253203425,60028-3-49,Unknown,253203425
/vessels/details/253003643,BIAO 05889-1-99,Unknown,253003643
/vessels/details/253233361,YU 32333-61-62,Unknown,253233361
/vessels/details/253310162,ZHONGGUOSHIHUA 7-69,Unknown,253310162
/vessels/details/253003201,BIAO 56109-18-24,Unknown,253003201
/vessels/details/253100992,HSD-NET-99,Unknown,253100992
/vessels/details/253400714,YUESHANYU12263-1-26,Unknown,253400714
/vessels/details/253900598,15596-9-72,Unknown,253900598
/vessels/details/253310446,01207-001-99,Unknown,253310446
/vessels/details/253420000,DOLCE VITA II,Sailing vessel,253420000
/vessels/details/253203545,ZHELIN12895-5E-99,Unknown,253203545
/vessels/details/253002602,60067-1-91,Unknown,253002602
/vessels/details/253003152,ZHEDAIYU15394-3-41,Unknown,253003152
/vessels/details/253601434,15290-34-56,Unknown,253601434
/vessels/details/253002316,ZHEDAIYU11479-1-77,Unknown,253002316
/vessels/details/253501086,0566815-99,Unknown,253501086
/vessels/details/253119031,ZHEDAIYU01198-31-90,Unknown,253119031
/vessels/details/253606427,13007-10-69,Unknown,253606427
/vessels/details/253605792,ZXY49282-2-73,Unknown,253605792
/vessels/details/253002885,05656-27-52,Unknown,253002885
/vessels/details/253000639,ZHEXIANGYU11032-6-,Unknown,253000639
/vessels/details/253203211,46333-14-14-87,Unknown,253203211
/vessels/details/253000559,BIAO 00185-44-62,Unknown,253000559
/vessels/details/253502317,6198-10-81,Unknown,253502317
/vessels/details/253200004,HSD-NET-97,Unknown,253200004
/vessels/details/253501931,556-25-45,Unknown,253501931
/vessels/details/253601678,199-50-49,Unknown,253601678
/vessels/details/253002459,ZHEDAIYU11457-1-99,Unknown,253002459
/vessels/details/253502017,556-23-40,Unknown,253502017
/vessels/details/253203566,60028-10-94,Unknown,253203566
/vessels/details/253310209,DA MAO WANG - 209,Unknown,253310209
/vessels/details/253058132,SUGANYU03058-132-99,Unknown,253058132
/vessels/details/253605925,YUCHENGYU60177DJ-69,Unknown,253605925
/vessels/details/253503661,LHY35021-10-99,Unknown,253503661
/vessels/details/253214895,LIN 21489-5-99,Unknown,253214895
/vessels/details/253201653,60896-LT-10-88,Unknown,253201653
/vessels/details/253210037,PAXIAWANGDI66405 8,Unknown,253210037
/vessels/details/253382203,33822-03-81,Unknown,253382203
/vessels/details/253502924,556-14-70,Unknown,253502924
/vessels/details/253200813,BIAO 01118-1-93,Unknown,253200813
/vessels/details/253031606,30316-806-01,Unknown,253031606
/vessels/details/253604721,9425-70-79,Unknown,253604721
/vessels/details/253410208,WANGDI 25-90,Unknown,253410208
/vessels/details/253400087,46557-6-95,Unknown,253400087
/vessels/details/253410240,XIAOQINGNIAN 37-94,Unknown,253410240
/vessels/details/253000133,ESCALA,Sailing vessel,253000133
/vessels/details/253605198,YUCHENGYU60177DJ-34,Unknown,253605198
/vessels/details/253502189,05598-042-51,Unknown,253502189
/vessels/details/253604955,01295-A6-26,Unknown,253604955
/vessels/details/253610001,00538-14-99,Unknown,253610001
/vessels/details/9619036,BOURBON LIBERTY 303,Offshore Tug/Supply Ship,9619036
/vessels/details/253601421,15290-21-85,Unknown,253601421
/vessels/details/253101205,HSD-NET-22,Unknown,253101205
/vessels/details/253604236,14001-3-67,Unknown,253604236
/vessels/details/9619062,BOURBON LIBERTY 306,Offshore Tug/Supply Ship,9619062
/vessels/details/253602807,ZXY49282-6-68,Unknown,253602807
/vessels/details/253001197,BIAO 00185-42-71,Unknown,253001197
/vessels/details/253236826,32368-26-07,Unknown,253236826
/vessels/details/253606453,BIAO 80288-26-75,Unknown,253606453
/vessels/details/253503032,LULANYU61888-19-26,Unknown,253503032
/vessels/details/253213214,LIN 21321-4-70,Unknown,253213214
/vessels/details/253600178,LIAOYINGYU55017-4,Unknown,253600178
/vessels/details/253502852,26929-7-99,Unknown,253502852
/vessels/details/253602636,YUCHENGYU60177DJ-23,Unknown,253602636
/vessels/details/253501685,12123-8-74,Unknown,253501685
/vessels/details/253514631,00168-31-38,Unknown,253514631
/vessels/details/253272803,02728-3-99,Unknown,253272803
/vessels/details/253502581,19119-2-77,Unknown,253502581
/vessels/details/253203509,60028-15-97,Unknown,253203509
/vessels/details/253602085,199-63-91,Unknown,253602085
/vessels/details/253201496,HUANXI-4-99,Unknown,253201496
/vessels/details/253202206,555-88-85,Unknown,253202206
/vessels/details/253501442,09555-020-81,Unknown,253501442
/vessels/details/253003410,BIAO 86110-4-99,Unknown,253003410
/vessels/details/253605666,YUCHENGYU60177DJ-28,Unknown,253605666
/vessels/details/253606370,LZY60567-7-80,Unknown,253606370
/vessels/details/253203244,5507-9-82,Unknown,253203244
/vessels/details/253003367,BIAO 56109-8-39,Unknown,253003367
/vessels/details/253602430,09668-8-02,Unknown,253602430
/vessels/details/253201424,HUANXI-10-99,Unknown,253201424
