url,name,type,imo
/vessels/details/9573787,CAPE MAGNOLIA,Bulk Carrier,9573787
/vessels/details/9538751,CAPE JASMINE,Bulk Carrier,9538751
/vessels/details/9577135,S.A. AGULHAS II,Research Vessel,9577135
/vessels/details/8607361,DESERT DIAMOND,Fish Factory Ship,8607361
/vessels/details/9741891,ILEMBE,Hopper Dredger,9741891
/vessels/details/7628136,SA AGULHAS,Research Vessel,7628136
/vessels/details/9427055,UMKHUSELI,Offshore Tug/Supply Ship,9427055
/vessels/details/9532903,ISANDLWANA,Hopper Dredger,9532903
/vessels/details/9613977,UHAMBO,Oil Products Tanker,9613977
/vessels/details/9371294,ISIQALO,Oil Products Tanker,9371294
/vessels/details/9135729,UMLOBI,Fish Factory Ship,9135729
/vessels/details/9405148,SOUTHERN VENTURE,Bunkering Tanker,9405148
/vessels/details/9546148,FUMANA,Bunkering Tanker,9546148
/vessels/details/8609357,SANTA PRINCESA,Fishing Vessel,8609357
/vessels/details/9324227,INKANYEZI,Offshore Tug/Supply Ship,9324227
/vessels/details/8901547,BORONIA,Fish Factory Ship,8901547
/vessels/details/8901418,BLUEBELL,Fish Factory Ship,8901418
/vessels/details/9288679,SARAH BAARTMAN,Fishing Support Vessel,9288679
/vessels/details/8704975,UMLUNGISI,Fishing Vessel,8704975
/vessels/details/9689108,ITALENI,Hopper Dredger,9689108
/vessels/details/8735895,BONGANI,Bunkering Tanker,8735895
/vessels/details/8704999,H. ATLANTIC PEACE,Fishing Vessel,8704999
/vessels/details/8714334,HARVEST CAP NORD,Fishing Vessel,8714334
/vessels/details/9479709,SIYANDA,Anchor Hoy,9479709
/vessels/details/8509210,PUENTE SABARIS,Fishing Vessel,8509210
/vessels/details/8704664,BEATRICE MARINE,Fishing Vessel,8704664
/vessels/details/4736475,SAS KING SHAKA ZULU,Patrol Vessel,4736475
/vessels/details/9740407,FEROX,Fishing Vessel,9740407
/vessels/details/8619792,HARVEST SALDANHA,Fishing Vessel,8619792
/vessels/details/9293480,FOREST LILY,Fishing Vessel,9293480
/vessels/details/9293492,MFV FOXGLOVE,Fishing Vessel,9293492
/vessels/details/9188269,FUCHSIA,Fishing Vessel,9188269
/vessels/details/9188257,FREESIA,Fishing Vessel,9188257
/vessels/details/7410369,ALGOA,Fishing Support Vessel,7410369
/vessels/details/9214965,AVRO WARRIOR,Fishing Vessel,9214965
/vessels/details/9369021,ELLEN KHUZWAYO,Fishing Support Vessel,9369021
/vessels/details/9329174,SANTO DO MAR,Fishing Vessel,9329174
/vessels/details/9165968,ANDROMEDA,Fishing Vessel,9165968
/vessels/details/8001359,RIGEL 4,Fishing Vessel,8001359
/vessels/details/8509777,HARVEST VERONICA,Fishing Vessel,8509777
/vessels/details/8816869,ISABELLA MARINE,Fishing Vessel,8816869
/vessels/details/9215244,HARVEST CAMISSA,Fishing Vessel,9215244
/vessels/details/9755256,UMBILO,Tug,9755256
/vessels/details/9755220,CORMORANT,Tug,9755220
/vessels/details/9755244,UKHOZI,Tug,9755244
/vessels/details/8812021,ZAMANI 1,Fishing Vessel,8812021
/vessels/details/9501409,SIYAKHULA,Tug,9501409
/vessels/details/7225051,ATLANTIC TUNA,Fishing Vessel,7225051
/vessels/details/9586289,LILANI,Tug,9586289
/vessels/details/9586277,IPHOTHWE,Tug,9586277
/vessels/details/9245615,INDALZI,Tug,9245615
/vessels/details/9265469,UTHUKELA,Tug,9265469
/vessels/details/7905431,PINOTAGE,Tug,7905431
/vessels/details/7905429,MERLOT,Tug,7905429
/vessels/details/8612550,CODESA I,Fishing Vessel,8612550
/vessels/details/9206750,ENSELENI,Tug,9206750
/vessels/details/9206762,PALMIET,Tug,9206762
/vessels/details/7370014,UZAVOLO,Tug,7370014
/vessels/details/9032472,DONA JANE,Fishing Vessel,9032472
/vessels/details/7930993,MARRETJE,Fishing Vessel,7930993
/vessels/details/5213511,LUCERNE,Fishing Vessel,5213511
/vessels/details/9876880,KROTOA,Passenger Ship,9876880
/vessels/details/8119819,UMVOTI,Tug,8119819
/vessels/details/9403633,SIKHULULEKILE,Passenger Ship,9403633
/vessels/details/7325409,KEYLARGO,Fishing Vessel,7325409
/vessels/details/7720635,DANTAGO,Fishing Vessel,7720635
/vessels/details/7336537,ATLANTIC HAVOC,Fishing Vessel,7336537
/vessels/details/6423541,SANTA MONICA,Fishing Vessel,6423541
/vessels/details/8744365,ALLIN,Fishing Vessel,8744365
/vessels/details/9753117,MADIBA 1,Passenger Ship,9753117
/vessels/details/8608212,INTREPID,Fishing Vessel,8608212
/vessels/details/7007459,AMSTELDIEP,Fishing Vessel,7007459
/vessels/details/8744406,WILDEGANS II,Fishing Vessel,8744406
/vessels/details/7421045,SUSAN KRUGER,Passenger Ship,7421045
/vessels/details/9548122,JOJOSI,Pilot Vessel,9548122
/vessels/details/9548110,LUFAFA,Pilot Vessel,9548110
/vessels/details/7513513,PB PETREL,Pilot Vessel,7513513
/vessels/details/7513501,T. D. MACKINNON,Pilot Vessel,7513501
/vessels/details/9188855,SWIFT TERN,Tug,9188855
/vessels/details/601147700,IPHOTHWE,Tug,601147700
/vessels/details/601790000,ZINGARA,Sailing vessel,601790000
/vessels/details/601972800,LOVEWATER,Sailing vessel,601972800
/vessels/details/601410000,MKHUZE,Tug,601410000
/vessels/details/601240000,STAALKOP,Fishing vessel,601240000
/vessels/details/601954000,BAREFOOT,Unknown,601954000
/vessels/details/601676300,RESCUE 5A,SAR,601676300
/vessels/details/601229200,RIETGANS II,Fishing vessel,601229200
/vessels/details/601180900,JESTER,Passenger ship,601180900
/vessels/details/601188600,PLOVER,Pilot,601188600
/vessels/details/601542000,OCEANA CONCORDE,Fishing vessel,601542000
/vessels/details/601547000,DUINEKUS,Fishing vessel,601547000
/vessels/details/601615400,SOUTHERN CROSS,Passenger ship,601615400
/vessels/details/601362700,RESCUE 9,SAR,601362700
/vessels/details/601236700,SEA PRINCESS,Passenger ship,601236700
/vessels/details/601152100,LILANI,Other type (HAZ-B),601152100
/vessels/details/601563700,MIRAGE,Sailing vessel,601563700
/vessels/details/601301000,COMPASS CHALLENGER,Fishing vessel,601301000
/vessels/details/601974000,MFV LAVERNE,Fishing vessel,601974000
/vessels/details/601099000,UHUVA,Tug,601099000
/vessels/details/601654900,IINGWANE,Fishing vessel,601654900
/vessels/details/601391000,SANTA MONICA,Fishing vessel,601391000
/vessels/details/601799200,601799200,Fishing vessel,601799200
/vessels/details/601220800,FEROX,Fishing vessel,601220800
/vessels/details/601006500,ELBE,Fishing vessel,601006500
/vessels/details/601025900,BERGGANS,Fishing vessel,601025900
/vessels/details/601124000,UMBILO,Pilot,601124000
/vessels/details/601366500,USIBA,Pilot,601366500
/vessels/details/601007770,MYSIE,Port tender,601007770
/vessels/details/601103500,VLEIGANS,Fishing vessel,601103500
/vessels/details/601950300,OSIYEZA,Pleasure craft,601950300
/vessels/details/601266000,PALMIET,Tug,601266000
/vessels/details/601007600,CHRIS TRAUTMAN,Fishing vessel,601007600
/vessels/details/601023100,KOLGANS,Fishing vessel,601023100
/vessels/details/601902600,RUBY ROSE,Sailing vessel,601902600
/vessels/details/601512000,HARVEST KROTOA,Fishing vessel,601512000
/vessels/details/601206900,A BEAUTIFUL LIFE,Passenger ship,601206900
/vessels/details/601235100,TIGGER 2 ROYALE,Passenger ship,601235100
/vessels/details/601197200,WEST COAST RELIEF,SAR,601197200
/vessels/details/601169900,RESCUE 1A,SAR,601169900
/vessels/details/601054100,ST ANDREWS,Sailing vessel,601054100
/vessels/details/601938800,MADIBA 1,Passenger ship,601938800
/vessels/details/601019700,BENGITHI,Unknown,601019700
/vessels/details/601637100,MOONDANCER,Sailing vessel,601637100
/vessels/details/601188400,PILOT B AVOCET,Pilot,601188400
/vessels/details/601653000,KAVALIER,Fishing vessel,601653000
/vessels/details/601799000,UBUNTU,Fishing vessel,601799000
/vessels/details/601566100,RV OBSERVER,Other type,601566100
/vessels/details/601715000,WANDERING ALBATROSS,Sailing vessel,601715000
/vessels/details/601269600,SV IMPULSE,Sailing vessel,601269600
/vessels/details/601126900,SEA EXPRESS,Tug,601126900
/vessels/details/601478000,LADY IMELDA,Fishing vessel,601478000
/vessels/details/601225700,NOVEMBER RAIN,Other type,601225700
/vessels/details/601032840,QUEEN MODJADJI,Pilot,601032840
/vessels/details/601056000,TUG MERLOT,Tug,601056000
/vessels/details/601239200,SERENITY ONE,Passenger ship,601239200
/vessels/details/601009820,ECLIPSE,Pleasure craft,601009820
/vessels/details/601021520,ESPERANCE,Sailing vessel,601021520
/vessels/details/601077400,DANDELION,Sailing vessel,601077400
/vessels/details/601135800,LOTHENI,Tug,601135800
/vessels/details/601123400,A.B.F,Pleasure craft,601123400
/vessels/details/601818000,TOWERKOP,Fishing vessel,601818000
/vessels/details/601015800,UMADALA,Fishing vessel,601015800
/vessels/details/601967000,DESERT DIAMOND,Fishing vessel,601967000
/vessels/details/601717000,SOUTH WEST LAPWING,Fishing vessel,601717000
/vessels/details/601824000,ARANOS,Fishing vessel,601824000
/vessels/details/601350000,SAS AMATOLA,Military ops,601350000
/vessels/details/601142800,SOUL OF SEA,Pleasure craft,601142800
/vessels/details/601617000,SAO GABRIEL,Fishing vessel,601617000
/vessels/details/601180400,LUDWANI,Fishing vessel,601180400
/vessels/details/601265000,TUG ENSELENI,Tug,601265000
/vessels/details/601114800,IMVUBU,Sailing vessel,601114800
/vessels/details/601214400,BALLITO,Other type,601214400
/vessels/details/601138800,WAFRA,Fishing vessel,601138800
/vessels/details/601680100,BELUGA 1,Pleasure craft,601680100
/vessels/details/601736000,ST ANNE,Unknown,601736000
/vessels/details/601205400,PENGUIJN,Port tender,601205400
/vessels/details/601056900,VIVA,Fishing vessel,601056900
/vessels/details/601276000,SVEINN JONSSON,Fishing vessel,601276000
/vessels/details/601770000,ADMIRAAL DE RUITER,Fishing vessel,601770000
/vessels/details/601375700,LISINDA,Unknown,601375700
/vessels/details/601175000,SEA CARRIER,Port tender,601175000
/vessels/details/601830600,BOSSS SUPPLIER,Port tender,601830600
/vessels/details/601133000,TUG JUTTEN,Tug,601133000
/vessels/details/601264100,BRIVAN,Sailing vessel,601264100
/vessels/details/601813000,DANTAGO,Unknown,601813000
/vessels/details/601333000,INDLAZI,Tug,601333000
/vessels/details/601899900,THORFIN,Fishing vessel,601899900
/vessels/details/601404000,KENTUCKY,Fishing vessel,601404000
/vessels/details/601629300,STORMGANS,Fishing vessel,601629300
/vessels/details/601032850,NOAH,Pilot,601032850
/vessels/details/601160500,VIKING,Pleasure craft,601160500
/vessels/details/601214589,NET12145-89-83,Unknown,601214589
/vessels/details/601300800,1300888,Fishing vessel,601300800
/vessels/details/9814765,ERNE,Tug,9814765
/vessels/details/601684111,61684-11-99,Unknown,601684111
/vessels/details/601510006,60151-6-58,Unknown,601510006
/vessels/details/5421998,HARVEST MERCURY,Fishing Vessel,5421998
/vessels/details/8226583,VEGKOP,Fishing Vessel,8226583
/vessels/details/601064300,EBENEZER,Sailing vessel,601064300
/vessels/details/601070015,LUYANYU60107-15-96,Unknown,601070015
/vessels/details/601772596,LULAOYU60177-96-97,Unknown,601772596
/vessels/details/601959000,SANGOMA,Fishing vessel,601959000
/vessels/details/601870005,LUCHENGYU60187-5-99,Unknown,601870005
/vessels/details/1082598,DOSIDICUS,Fishing Vessel,1082598
/vessels/details/601542330,00-0,Unknown,601542330
/vessels/details/601880045,LUJIAOYU60188-45-99,Unknown,601880045
/vessels/details/601022400,AMARULA,Pleasure craft,601022400
/vessels/details/601677600,CORSAIR,Sailing vessel,601677600
/vessels/details/601620007,MINLIANYU60162-7-62,Unknown,601620007
/vessels/details/601050003,LU LAN YU 60105-3,Unknown,601050003
/vessels/details/601964600,BULLY,Sailing vessel,601964600
/vessels/details/601960004,MINLIANYU60196-4-99,Unknown,601960004
/vessels/details/601208125,LIN 12081-25-92,Unknown,601208125
/vessels/details/601229866,GO DIVE 1,Unknown,601229866
/vessels/details/601357900,SANTA CRUZ,Fishing vessel,601357900
/vessels/details/601609300,SEABREEZE,Sailing vessel,601609300
/vessels/details/601982600,BLACK PEARL,Fishing vessel,601982600
/vessels/details/601099500,RESCUE 8A,SAR,601099500
/vessels/details/601830009,JIAO60183-9-08,Unknown,601830009
/vessels/details/601050052,ZHEDAIYU60105A52-99,Unknown,601050052
/vessels/details/601810014,YU60181-14-99,Unknown,601810014
/vessels/details/601962448,LUJIAOYU60196-48-67,Unknown,601962448
/vessels/details/601379200,ANGRA PEQUENA,Pleasure craft,601379200
/vessels/details/601097200,SILVER LAGUNA,Fishing vessel,601097200
/vessels/details/601024600,SPIRIT,Pleasure craft,601024600
/vessels/details/601218205,12182-593,Unknown,601218205
/vessels/details/8744523,BERGGANS,Fishing Vessel,8744523
/vessels/details/601422000,AQUILA,Sailing vessel,601422000
/vessels/details/601510008,60151-8-31,Unknown,601510008
/vessels/details/7115270,SILVER KATONKEL,Fishing Vessel,7115270
/vessels/details/601510078,60151-78-79,Unknown,601510078
/vessels/details/601980050,60198-50-87,Unknown,601980050
/vessels/details/601929000,OMS DOMINANT,Unknown,601929000
/vessels/details/601022120,OMS DILIGENT,Port tender,601022120
/vessels/details/601360021,MINLIANYU60136-2170,Unknown,601360021
/vessels/details/601986600,WRECKLESS II,Diving ops,601986600
/vessels/details/601024570,ROOIGOUD,Fishing vessel,601024570
/vessels/details/601160001,LULAOYU60116-1-99,Unknown,601160001
/vessels/details/601174500,THERAPY 101,Pleasure craft,601174500
/vessels/details/6930312,PRINS WILLEM I,Fishing Vessel,6930312
/vessels/details/601982800,ARGO FY,Sailing vessel,601982800
/vessels/details/601792800,601792800,Fishing vessel,601792800
/vessels/details/601951100,OMS DEFIANT,Local type,601951100
/vessels/details/601002400,SANTA JOANA,Fishing vessel,601002400
/vessels/details/601002310,RV NKOSI,Other type,601002310
/vessels/details/601027852,SU GAN YU02785-2,Unknown,601027852
/vessels/details/7235757,ALERT III,Fishing Vessel,7235757
/vessels/details/601198700,BOSSS EXPRESS,Port tender,601198700
/vessels/details/601200700,ANDIAMO,Unknown,601200700
/vessels/details/601002200,SANTA LARA,Fishing vessel,601002200
/vessels/details/601764200,601764200,Fishing vessel,601764200
/vessels/details/601050057,ZHEDAIYU60105A57-89,Unknown,601050057
/vessels/details/601751888,ZHESANYU51888-608.2,Unknown,601751888
/vessels/details/601870003,LUDONGGANGYU6018755,Unknown,601870003
/vessels/details/5206726,LEPANTO,Fishing Vessel,5206726
/vessels/details/601423000,WESKUS II,Fishing vessel,601423000
/vessels/details/6619592,RIETVLEI,Fishing Vessel,6619592
/vessels/details/601960001,MINLIANYU60196-1-99,Unknown,601960001
/vessels/details/601226000,HARVEST KIRSTINA,Fishing vessel,601226000
/vessels/details/601813800,GAMBIT,Sailing vessel,601813800
/vessels/details/601299000,HELENA MARIE,Fishing vessel,601299000
/vessels/details/601880047,LUJIAOYU60188-47-01,Unknown,601880047
/vessels/details/8792099,DAGBREEK,Fishing Vessel,8792099
/vessels/details/601139500,ANTARES,Fishing vessel,601139500
/vessels/details/601867000,TARRYNAMY,Fishing vessel,601867000
/vessels/details/7615361,SISTRO,Fishing Vessel,7615361
/vessels/details/601011590,FREE SPIRIT,Pleasure craft,601011590
/vessels/details/601810035,MINLIANYU60181-3592,Unknown,601810035
/vessels/details/601472000,ITHACA,Sailing vessel,601472000
/vessels/details/601442300,VALERIE,Pleasure craft,601442300
/vessels/details/601149700,DAY OFF,Passenger ship,601149700
/vessels/details/601026770,VARNE RIDGE,Pleasure craft,601026770
/vessels/details/601762000,FV ANDROMEDA,Fishing vessel,601762000
/vessels/details/601373900,CAPE DANCER SA4482,Pleasure craft,601373900
/vessels/details/601050073,ZHEDAIYU60105A73-99,Unknown,601050073
/vessels/details/601591700,SEREIA,Sailing vessel,601591700
/vessels/details/601770017,LUZHANYU60177-17-49,Unknown,601770017
/vessels/details/601289100,ADVENTURE 3,Pleasure craft,601289100
/vessels/details/601090012,60109-12-84,Unknown,601090012
/vessels/details/601772107,LULAOYU60177-107-86,Unknown,601772107
/vessels/details/601945000,ALLEYCAT,Sailing vessel,601945000
/vessels/details/601708000,SNEEUBERG,Fishing vessel,601708000
/vessels/details/8012061,LUBBETJE,Fishing Vessel,8012061
/vessels/details/601772587,LULAOYU60177-87-81,Unknown,601772587
/vessels/details/601015200,ANTONIE W II,Fishing vessel,601015200
/vessels/details/7505047,TIMOR,Standby Safety Vessel,7505047
/vessels/details/601618000,ENDURANCE,Fishing vessel,601618000
/vessels/details/601360014,MINLIANYU60136-1492,Unknown,601360014
/vessels/details/601376000,NICOLETTE,Fishing vessel,601376000
/vessels/details/5276812,HARVEST VENUS,Fishing Vessel,5276812
/vessels/details/601014900,OOM ARTHUR,Fishing vessel,601014900
/vessels/details/601310101,MINDONGYU60131-D166,Unknown,601310101
/vessels/details/601343600,DEREK 1,Fishing vessel,601343600
/vessels/details/601810005,MINLIANYU60181-5-85,Unknown,601810005
/vessels/details/601033800,TIGER FISH,Fishing vessel,601033800
/vessels/details/601962446,LUJIAOYU60196-46-02,Unknown,601962446
/vessels/details/601492000,LINDIWE,Fishing vessel,601492000
/vessels/details/601216900,COLDPLAY,Sailing vessel,601216900
/vessels/details/601335000,SHIVON,Fishing vessel,601335000
/vessels/details/601025770,SHAYA,Fishing vessel,601025770
/vessels/details/601036300,VULGARIS,Fishing vessel,601036300
/vessels/details/601141600,ME2ME,Sailing vessel,601141600
/vessels/details/9863613,DONNA MARI,Fishing Vessel,9863613
/vessels/details/601622403,60162-03-81,Unknown,601622403
/vessels/details/7008805,SANDILE,Fishing Vessel,7008805
/vessels/details/601063100,SERENITY,Sailing vessel,601063100
/vessels/details/601009470,SCALE WHISPERER,Unknown,601009470
/vessels/details/601028800,BANDIDO,Fishing vessel,601028800
/vessels/details/601830004,JIAO60183-4-01,Unknown,601830004
/vessels/details/7634135,OKOMBAHE,Fishing Vessel,7634135
/vessels/details/5066188,HARVEST DAWN,Fishing Vessel,5066188
/vessels/details/601980048,60198-48-20,Unknown,601980048
/vessels/details/601050088,LU LAI YU 60105-88,Unknown,601050088
/vessels/details/601099200,RESCUE 44,SAR,601099200
/vessels/details/9755270,UMKHOMAZI,Tug,9755270
/vessels/details/601217901,NET12179-9-67,Unknown,601217901
/vessels/details/601306700,CHINOOK,Sailing vessel,601306700
/vessels/details/601620003,MINLIANYU60162-3-35,Unknown,601620003
/vessels/details/601250315,68601-15-79,Unknown,601250315
/vessels/details/601513100,ANASTASIA,Sailing vessel,601513100
/vessels/details/5415561,HARVEST EUME,Fishing Vessel,5415561
/vessels/details/601652000,SILVER BOUNTY,Fishing vessel,601652000
/vessels/details/601807400,601807400,Fishing vessel,601807400
/vessels/details/601050400,ZAY YAAN,Fishing vessel,601050400
/vessels/details/7622675,OLIVIA MARIE,Fishing Vessel,7622675
/vessels/details/9305441,SEAWIN EMERALD,Fishing Vessel,9305441
/vessels/details/601141038,SHENG01141-38,Fishing vessel,601141038
/vessels/details/601225400,SOUTHERN VALOUR,Tanker,601225400
/vessels/details/7398559,OCEANA CONCORDE,Fishing Vessel,7398559
/vessels/details/601770117,60177-17-95,Unknown,601770117
/vessels/details/8792075,I DO,Fishing Vessel,8792075
/vessels/details/601679999,XYY79999-207.1V,Unknown,601679999
/vessels/details/8509765,HARVEST SELINA,Fishing Vessel,8509765
/vessels/details/601214586,NET12145-86-93,Unknown,601214586
/vessels/details/7641839,ATLANTIC ENDEAVOUR,Fishing Vessel,7641839
/vessels/details/8744456,SILVER CHAMPION,Fishing Vessel,8744456
/vessels/details/601916100,KIANGA,Fishing vessel,601916100
/vessels/details/601695000,COVI II,Fishing vessel,601695000
/vessels/details/601040930,ANGEL WINGS,Sailing vessel,601040930
/vessels/details/601987777,60198-7-94,Unknown,601987777
/vessels/details/601257400,AQUA GEM,Fishing vessel,601257400
/vessels/details/601513400,SV GRACE,Sailing vessel,601513400
/vessels/details/601960002,MINLIANYU60196-2-99,Unknown,601960002
/vessels/details/601181005,YUEZHANYU01181-5-98,Unknown,601181005
/vessels/details/9889318,STORMGANS,Fishing Vessel,9889318
/vessels/details/601772109,LULAOYU60177-109-98,Unknown,601772109
/vessels/details/601010670,GIGA,Unknown,601010670
/vessels/details/601905600,TIMOR,Fishing vessel,601905600
/vessels/details/601770023,LUZHANYU60177-23-25,Unknown,601770023
/vessels/details/601489000,LEEUKOP,Unknown,601489000
/vessels/details/601810010,YU60181-10-99,Unknown,601810010
/vessels/details/601042300,WILMAG,Fishing vessel,601042300
/vessels/details/601980041,60198-41-99,Unknown,601980041
/vessels/details/601944400,SV BELLA LUNA,Sailing vessel,601944400
/vessels/details/601249500,SHOESTRING,Sailing vessel,601249500
/vessels/details/601360001,MINLIANYU60136-1-99,Unknown,601360001
/vessels/details/9934802,LEWATLE,Tug,9934802
/vessels/details/601880049,LUJIAOYU60188-49-99,Unknown,601880049
/vessels/details/6617893,OCEAN SURF,Fishing Vessel,6617893
/vessels/details/601704600,601704600,Fishing vessel,601704600
/vessels/details/601981100,LADY ASHLEY,Dredging or UW ops,601981100
/vessels/details/601220006,MINLIANYU60122-6-61,Unknown,601220006
/vessels/details/601178900,LUCKYFISH,Sailing vessel,601178900
/vessels/details/601234505,ZHEDAIYU06482-5 90,Unknown,601234505
/vessels/details/601070018,LUYANYU60107-18-89,Unknown,601070018
/vessels/details/5065586,HARVEST CAPRICORN,Trawler,5065586
/vessels/details/601000014,601-14-98,Unknown,601000014
/vessels/details/601218900,CONDOR,Port tender,601218900
/vessels/details/601027390,AYOBA,Pleasure craft,601027390
/vessels/details/8411906,HARVEST GEORGINA,Fishing Vessel,8411906
/vessels/details/601236900,MVEZO,Other type,601236900
/vessels/details/601530022,60153-22-99,Unknown,601530022
/vessels/details/601118400,DIGNITY,Unknown,601118400
/vessels/details/601148500,AMAJONGOSI,Local type,601148500
/vessels/details/601190100,HARVEST BOUNTY,Fishing vessel,601190100
/vessels/details/601770107,60177-7-99,Unknown,601770107
/vessels/details/601004800,SEA OYSTER,Sailing vessel,601004800
/vessels/details/601197100,RESCUE 41,SAR,601197100
/vessels/details/601910002,60191-2-99,Unknown,601910002
/vessels/details/7823346,SHIRAZ,Tug,7823346
/vessels/details/601855800,SOUTHBOUND,Pleasure craft,601855800
/vessels/details/601113800,LEGACY,Sailing vessel,601113800
/vessels/details/601770118,60177-18-99,Unknown,601770118
/vessels/details/601963000,RESCUE 21,Unknown,601963000
/vessels/details/601850003,LUCHENGYU60185-3-91,Unknown,601850003
/vessels/details/601970016,60197-16-99,Unknown,601970016
/vessels/details/601530030,60153-30-44,Unknown,601530030
/vessels/details/601099300,HEART OF GOLD,Sailing vessel,601099300
/vessels/details/9945409,SELEMO,Tug,9945409
/vessels/details/601772108,LULAOYU60177-108-70,Unknown,601772108
/vessels/details/7023477,SETTE MARI,Fishing Vessel,7023477
/vessels/details/601971500,LISA-BEE,Sailing vessel,601971500
/vessels/details/7619630,CONSORTIUM OMEGA,Fishing Vessel,7619630
/vessels/details/601034450,ODYSSEY,Fishing vessel,601034450
/vessels/details/601029700,RESCUE 08,Local type,601029700
/vessels/details/7514373,DE MIST,Tug,7514373
/vessels/details/601880043,LUJIAOYU60188-43-76,Unknown,601880043
/vessels/details/601521184,ZHE PUYU21185-4,Unknown,601521184
/vessels/details/601613000,WINDHOEK,Fishing vessel,601613000
/vessels/details/9945394,SEPELONG,Tug,9945394
/vessels/details/8792350,HAI LIM NO. 38,Fishing Vessel,8792350
/vessels/details/601978928,19789-28-51,Unknown,601978928
/vessels/details/601772582,LULAOYU60177-82-99,Unknown,601772582
/vessels/details/9305427,SEAWIN DIAMOND,Fishing Vessel,9305427
/vessels/details/601280600,SEALAB1,Diving ops,601280600
/vessels/details/601880042,LUJIAOYU60188-42-97,Unknown,601880042
/vessels/details/601015100,ZOLANI,Fishing vessel,601015100
/vessels/details/8709949,HARVEST KROTOA,Fishing Vessel,8709949
/vessels/details/601210368,LX 36812 .99,Unknown,601210368
/vessels/details/601234507,ZHEDAIYU06482-7 90,Unknown,601234507
/vessels/details/7127663,ATLANTIC LEADER,Fishing Vessel,7127663
/vessels/details/601980013,60198-13-72,Unknown,601980013
/vessels/details/601176600,MADNESS,Pleasure craft,601176600
/vessels/details/601975100,ALAYAH,Fishing vessel,601975100
/vessels/details/601501554,FENG 03-99,Unknown,601501554
/vessels/details/8733275,INTINI,Fishing Vessel,8733275
/vessels/details/601860200,THABITI,Sailing vessel,601860200
/vessels/details/601792700,601792700,Unknown,601792700
/vessels/details/601043750,BASE GRAN,Pleasure craft,601043750
/vessels/details/601352000,PAKAMANI,Fishing vessel,601352000
/vessels/details/601510085,60151-85-90,Unknown,601510085
/vessels/details/601029260,EROS,Sailing vessel,601029260
/vessels/details/601027450,VOYAGER,Sailing vessel,601027450
/vessels/details/601772105,LULAOYU60177-105-41,Unknown,601772105
/vessels/details/601000006,DINGYUMAZU6010-6-63,Unknown,601000006
/vessels/details/601029500,RESCUE 15,SAR,601029500
/vessels/details/601000015,601-15-79,Unknown,601000015
/vessels/details/601378008,60AIYU01378-8,Unknown,601378008
/vessels/details/601120200,EMILY MARIE,Fishing vessel,601120200
/vessels/details/601135888,41289 088 40 98588,Other type,601135888
/vessels/details/601792901,17929-1-35,Unknown,601792901
/vessels/details/601097500,COMMON WEALTH,Fishing vessel,601097500
/vessels/details/601320000,BASANI,Fishing vessel,601320000
/vessels/details/8003498,BELLA,Standby Safety Vessel,8003498
/vessels/details/601149790,00620-73,Unknown,601149790
/vessels/details/601622410,60162-10 60,Unknown,601622410
/vessels/details/601360004,MINLIANYU60136-0499,Unknown,601360004
/vessels/details/601850001,LUCHENGYU60185-1-94,Unknown,601850001
/vessels/details/601233168,NSRI DRIFT BUOY 32,SAR,601233168
/vessels/details/601126000,ESTRELA DO MAR,Fishing vessel,601126000
/vessels/details/8901511,HARVEST MZANSI,Fish Factory Ship,8901511
/vessels/details/6520583,CAROLINE,Fishing Vessel,6520583
/vessels/details/601554000,OCEANA PARAGON,Fishing vessel,601554000
/vessels/details/601987345,BLOEM TESTING,Passenger ship,601987345
/vessels/details/601960009,LUCHENGYU60196-9-81,Unknown,601960009
/vessels/details/601770006,LUZHANYU60177-6-99,Unknown,601770006
/vessels/details/601038080,BONITA,Sailing vessel,601038080
/vessels/details/601770114,60177-14-96,Unknown,601770114
/vessels/details/601105100,KEA JK,Pilot,601105100
/vessels/details/601740027,60174-27-99,Unknown,601740027
/vessels/details/601834000,FPV RUTH FIRST,Other type,601834000
/vessels/details/601212000,VOODOO,Sailing vessel,601212000
/vessels/details/601035180,HADMAT2,Pilot,601035180
/vessels/details/601528400,AMADODA,Local type,601528400
/vessels/details/601160010,LULAOYU60116-10-99,Unknown,601160010
/vessels/details/601050019,LU LAN YU 60105-19,Unknown,601050019
/vessels/details/601219100,SEACRETS,Sailing vessel,601219100
/vessels/details/601330003,60133-3-99,Unknown,601330003
/vessels/details/601236320,NSRI DRIFT BUOY 12,SAR,601236320
/vessels/details/601622412,60162-12 50,Unknown,601622412
/vessels/details/601050020,LU LAN YU 60105-20,Unknown,601050020
/vessels/details/601058700,ARCTIC TERN,Pilot,601058700
/vessels/details/8792520,CRISTO REI,Fishing Vessel,8792520
/vessels/details/601237700,MAXIMUS,Pleasure craft,601237700
/vessels/details/601123321,CATTITUDE,Fishing vessel,601123321
/vessels/details/601643700,PENQUIN 1,Port tender,601643700
/vessels/details/601256300,EUREKA,Diving ops,601256300
/vessels/details/601053900,PHEZULU,Sailing vessel,601053900
/vessels/details/601625400,RESCUE 42,Unknown,601625400
/vessels/details/601090002,60109-02-92,Fishing vessel,601090002
/vessels/details/601041200,MV CAUSEWAY SUPPLIER,Fishing vessel,601041200
/vessels/details/601005600,SEA HORSE,Fishing vessel,601005600
/vessels/details/8792568,OCEANA PEGASUS,Fishing Vessel,8792568
/vessels/details/601090013,60109-13-80,Unknown,601090013
/vessels/details/601080700,LOLA,Sailing vessel,601080700
/vessels/details/601090001,60109-01-99,Fishing vessel,601090001
/vessels/details/601027750,TANG0 5,SAR,601027750
/vessels/details/601197900,RESCUE 16,SAR,601197900
/vessels/details/601214585,NET12145-85-90,Unknown,601214585
/vessels/details/601049800,HARVEST NANDI,Fishing vessel,601049800
/vessels/details/8411891,HARVEST GAVINA,Fishing Vessel,8411891
/vessels/details/601387100,HALO,Fishing vessel,601387100
/vessels/details/601307000,TAO,Sailing vessel,601307000
/vessels/details/601223200,WICKED,Pleasure craft,601223200
/vessels/details/601332900,DJANGO,Fishing vessel,601332900
/vessels/details/7385253,UBUNTU,Fishing Vessel,7385253
/vessels/details/601850009,LUCHENGYU60185-9-86,Unknown,601850009
/vessels/details/601962428,LUJIAOYU60196-28 60,Unknown,601962428
/vessels/details/601296093,ZHEDAIYU01296-93 60,Unknown,601296093
/vessels/details/601730000,OCEANA CLIPPER,Fishing vessel,601730000
/vessels/details/601783500,601783500,Fishing vessel,601783500
/vessels/details/601523000,SETTE MARI,Fishing vessel,601523000
/vessels/details/601214588,NET12145-88-01,Unknown,601214588
/vessels/details/601843700,DIVERSION,Sailing vessel,601843700
/vessels/details/601204400,SOUTHERN CROSS,Fishing vessel,601204400
/vessels/details/9864007,NELSON MANDELA,Research Vessel,9864007
/vessels/details/601556000,HESKO,Fishing vessel,601556000
/vessels/details/601070021,LUYANYU60107-21-97,Unknown,601070021
/vessels/details/601522100,QAVAK,Fishing vessel,601522100
/vessels/details/601510001,60151-1-99,Unknown,601510001
/vessels/details/601020600,MPHO,Fishing vessel,601020600
/vessels/details/601090010,60109-10-97,Fishing vessel,601090010
/vessels/details/601225500,FUMANA,Tanker,601225500
/vessels/details/601105900,SV YEMAYA,Pleasure craft,601105900
/vessels/details/9944912,LENTSWE,Tug,9944912
/vessels/details/601838000,CHAZAQ,Sailing vessel,601838000
/vessels/details/601201289,NET01289-12-81,Unknown,601201289
/vessels/details/601160006,LULAOYU60116-6-99,Unknown,601160006
/vessels/details/601040400,SUPREME,Port tender,601040400
/vessels/details/601360008,MINLIANYU60136-8-68,Unknown,601360008
/vessels/details/601176200,ECOPROMISE,Pleasure craft,601176200
/vessels/details/601360055,MINLIANYU60136-5599,Unknown,601360055
/vessels/details/601022370,TANGO 2,SAR,601022370
/vessels/details/601001740,ILDA,Fishing vessel,601001740
/vessels/details/601210600,JAN MOSSIE,Fishing vessel,601210600
/vessels/details/601162800,CLOUD 9,Pleasure craft,601162800
/vessels/details/601090003,60109-03-99,Fishing vessel,601090003
/vessels/details/601258800,CONOR Q,Port tender,601258800
/vessels/details/601772517,LULAOYU60177-A17-82,Unknown,601772517
/vessels/details/601213003,PINGHAI01213-3-97,Unknown,601213003
/vessels/details/601770001,LUZHANYU60177-1-63,Unknown,601770001
/vessels/details/601770029,LUZHANYU60177-29-01,Unknown,601770029
/vessels/details/601622429,60162-29 70,Unknown,601622429
/vessels/details/601684000,SCOMBER,Fishing vessel,601684000
/vessels/details/601666663,WANGBIAO601-3 76,Unknown,601666663
/vessels/details/601170400,OCEAN ISIDINGO,Other type,601170400
/vessels/details/601499200,ELWING,Sailing vessel,601499200
/vessels/details/601023850,RESCUE 30,SAR,601023850
/vessels/details/601077500,JANDY,Sailing vessel,601077500
/vessels/details/6703290,ROOIJANTJIESFONTEIN,Fishing Vessel,6703290
/vessels/details/601514200,BIG BLUE,Unknown,601514200
/vessels/details/601005820,SIZWE,Sailing vessel,601005820
/vessels/details/601234201,TERRANCE,Local type,601234201
/vessels/details/601780003,MINZHANGYU60178-37V8,Unknown,601780003
/vessels/details/601181016,YUEZHANYU01181-0004,Unknown,601181016
/vessels/details/601123456,MAIZUBE.1,Unknown,601123456
/vessels/details/601510003,60151-3-99,Unknown,601510003
/vessels/details/601101289,NET01289-11-44,Unknown,601101289
/vessels/details/601050014,LU LAN YU 60105-14,Unknown,601050014
/vessels/details/601703400,MACAN,Sailing vessel,601703400
/vessels/details/601057000,CHARDONNAY,Tug,601057000
/vessels/details/601971000,KORYO MARU 11,Other type,601971000
/vessels/details/601105800,RADIANCE,Sailing vessel,601105800
/vessels/details/601228800,OCEANA MERCURY,Fishing vessel,601228800
/vessels/details/601119800,UKWABELANA,Pleasure craft,601119800
/vessels/details/601220101,LULANYU60122-1017.8,Unknown,601220101
/vessels/details/601289210,LIN12892-10-84,Unknown,601289210
/vessels/details/8792087,OCEANA MERCURY,Fishing Vessel,8792087
/vessels/details/601050059,ZHEDAIYU60105A59-99,Unknown,601050059
/vessels/details/601228128,LIN12281-28-64,Unknown,601228128
/vessels/details/601888811,18888-11-50,Unknown,601888811
/vessels/details/601543200,HISPIDUS,Dredging or UW ops,601543200
/vessels/details/601090025,60109-25-57,Unknown,601090025
/vessels/details/601002980,GREY GHOST,Fishing vessel,601002980
/vessels/details/601234508,ZHEDAIYU06482-8 90,Unknown,601234508
/vessels/details/601516000,SAFARI,Pleasure craft,601516000
/vessels/details/601221813,LIN 12218-13-91,Unknown,601221813
/vessels/details/6706228,PERINA,Fishing Vessel,6706228
/vessels/details/7314981,LISINDA,Fishing Vessel,7314981
/vessels/details/601050051,ZHEDAIYU60105A51-99,Unknown,601050051
/vessels/details/601002500,EQUINOX,Fishing vessel,601002500
/vessels/details/601021450,GABA IPHIWE,Diving ops,601021450
/vessels/details/601516300,TINTIN,Sailing vessel,601516300
/vessels/details/601227400,RESCUE 18,SAR,601227400
/vessels/details/601999777,CEFAS,Fishing vessel,601999777
/vessels/details/601850002,LUCHENGYU60185-2-90,Unknown,601850002
/vessels/details/601205200,TIERKOP,Fishing vessel,601205200
/vessels/details/1036977,POSEIDON,Fishing Vessel,1036977
/vessels/details/601234782,LIAOYINGYU-31367-2,Unknown,601234782
/vessels/details/601330000,ATU S,Fishing vessel,601330000
/vessels/details/601791400,601791400,Fishing vessel,601791400
/vessels/details/601160005,LULAOYU60116-5-99,Unknown,601160005
/vessels/details/601849000,BALANCE,Fishing vessel,601849000
/vessels/details/601950100,WITCHCRAFT,Pleasure craft,601950100
/vessels/details/601323619,SUQIYU03236-19,Unknown,601323619
/vessels/details/601022700,BELLA PRIMA,Fishing vessel,601022700
/vessels/details/601581600,HERCULES,Port tender,601581600
/vessels/details/601317000,HARVEST FLORITA,Fishing vessel,601317000
/vessels/details/601255700,ARGO ICE,Diving ops,601255700
/vessels/details/601152200,FUNDAYS TOO,Pleasure craft,601152200
/vessels/details/601960003,MINLIANYU60196-3-99,Unknown,601960003
/vessels/details/601821000,VEGKOP,Fishing vessel,601821000
/vessels/details/601868900,NYAMEZELA,Sailing vessel,601868900
/vessels/details/601090007,60109-07-99,Fishing vessel,601090007
/vessels/details/601090026,60109-26-99,Unknown,601090026
/vessels/details/601025100,BALUGURU,Fishing vessel,601025100
/vessels/details/601770103,60177-3-99,Unknown,601770103
/vessels/details/601178700,AVOCET,Sailing vessel,601178700
/vessels/details/601989000,SAN PBR-2,Unknown,601989000
/vessels/details/601204200,LOV E AFFAIR,Sailing vessel,601204200
/vessels/details/601206822,LIN12068-22-65,Unknown,601206822
/vessels/details/5151971,LISA ANN,Fishing Vessel,5151971
/vessels/details/601271900,MELODY,Sailing vessel,601271900
/vessels/details/601055100,SHEER TENACITY,Sailing vessel,601055100
/vessels/details/601740017,60174-17-80,Unknown,601740017
/vessels/details/601213800,JENNY ANNE,Fishing vessel,601213800
/vessels/details/601140100,RESCUE 6A,SAR,601140100
/vessels/details/9880506,MFV MALACHITE,Fishing Vessel,9880506
/vessels/details/601050037,LULANYU60105-37 7V5,Unknown,601050037
/vessels/details/601234510,ZHEDAIYU06482-10 90,Unknown,601234510
/vessels/details/601061600,SEAWIN DIAMOND,Fishing vessel,601061600
/vessels/details/601014760,OMS DELIVERS,HSC,601014760
/vessels/details/601000018,601-18-99,Unknown,601000018
/vessels/details/601054600,RESCUE 24,Unknown,601054600
/vessels/details/601250014,LUJIAOYU60125-14-16,Unknown,601250014
/vessels/details/1061037,YARONA,Utility Vessel,1061037
/vessels/details/601980006,LUJIAOYU60198-06-69,Unknown,601980006
/vessels/details/601570300,NMS LEGACY,Other type,601570300
/vessels/details/601259300,RESCUE 19A,SAR,601259300
/vessels/details/2783618,ANNELIESE,Fishing Vessel,2783618
/vessels/details/601197891,QIONG19789-1-97,Unknown,601197891
/vessels/details/601217300,ASSEAGAL,Sailing vessel,601217300
/vessels/details/601073400,AFRICAN STAR,Sailing vessel,601073400
/vessels/details/601770119,60177-19-93,Unknown,601770119
/vessels/details/601050089,LU LAI YU 60105-89,Unknown,601050089
/vessels/details/601179800,AQUARIUS,Sailing vessel,601179800
/vessels/details/7325227,LINDSAY,Fishing Vessel,7325227
/vessels/details/601365601,SUQIYU03656-01,Unknown,601365601
/vessels/details/601508800,SAFARINI,Sailing vessel,601508800
/vessels/details/601556200,OCEAN CREST,Fishing vessel,601556200
/vessels/details/9833022,SANTA CRUZ,Fishing Vessel,9833022
/vessels/details/8744509,PORTUNITY,Fishing Vessel,8744509
/vessels/details/601070017,LUYANYU60107-17-99,Unknown,601070017
/vessels/details/601016000,UMFANA,Fishing vessel,601016000
/vessels/details/601620006,MINLIANYU60162-6-30,Unknown,601620006
/vessels/details/601810013,YU60181-13-38,Unknown,601810013
/vessels/details/601510084,60151-84-99,Unknown,601510084
/vessels/details/601727000,HERMAN S,Fishing vessel,601727000
/vessels/details/601070013,LUYANYU60107-13-94,Unknown,601070013
/vessels/details/601862611,18626-11-67,Unknown,601862611
/vessels/details/601228011,TIE LONG61228-11-93,Unknown,601228011
/vessels/details/7641891,BLOUBERG,General Cargo Ship,7641891
/vessels/details/601050067,ZHEDAIYU60105A67-97,Unknown,601050067
/vessels/details/8106836,COMPASS CHALLENGER,Fishing Vessel,8106836
/vessels/details/601233176,NSRI DRIFT BUOY 30,SAR,601233176
/vessels/details/601075500,SEA STAR,Sailing vessel,601075500
/vessels/details/601770026,LUZHANYU60177-26-08,Unknown,601770026
/vessels/details/8671271,PLOVER,Pilot Vessel,8671271
/vessels/details/7385289,CAPE CHALLENGER,Fishing Vessel,7385289
/vessels/details/601563100,PRINCESS AZEEMAH,Fishing vessel,601563100
/vessels/details/601029200,BLUE MARLIN,Fishing vessel,601029200
/vessels/details/601850007,LUCHENGYU60185-7-99,Unknown,601850007
/vessels/details/601039500,ELOMI,Fishing vessel,601039500
/vessels/details/601007000,FA PLATFORM,Other type,601007000
/vessels/details/601161900,RESCUE 11,SAR,601161900
/vessels/details/601090017,60109-17-89,Unknown,601090017
/vessels/details/601980029,60198-29-87,Unknown,601980029
/vessels/details/601830101,60183-11-99,Unknown,601830101
/vessels/details/601457700,ISLANDER,Sailing vessel,601457700
/vessels/details/601980010,601980-10-93,Unknown,601980010
/vessels/details/7367861,SISTERS,Fishing Vessel,7367861
/vessels/details/601733200,601733200,Fishing vessel,601733200
/vessels/details/601628900,SENSATION,Sailing vessel,601628900
/vessels/details/601353400,ARGYLL,Sailing vessel,601353400
/vessels/details/601050066,ZHEDAIYU60105A66-99,Unknown,601050066
/vessels/details/601036050,JOHN BENN,Passenger ship,601036050
/vessels/details/601003400,SOUTH WEST PETREL,Fishing vessel,601003400
/vessels/details/601234200,PEZULU II,Unknown,601234200
/vessels/details/601188800,RESCUE 6C,Unknown,601188800
/vessels/details/601846600,ATLANTIC STAR,Pleasure craft,601846600
/vessels/details/601039360,ON THE FLY,Sailing vessel,601039360
/vessels/details/601970011,60197-11-97,Unknown,601970011
/vessels/details/601090005,60109-05-99,Fishing vessel,601090005
/vessels/details/601142900,STEALAWAY,Sailing vessel,601142900
/vessels/details/601050010,LU LAN YU 60105-10,Unknown,601050010
/vessels/details/601063700,MYRTLE OF BONNIEVALE,Sailing vessel,601063700
/vessels/details/601927600,ALBATROS,Fishing vessel,601927600
/vessels/details/601516200,FRENCHY MARIA,Fishing vessel,601516200
/vessels/details/601197400,RESCUE 23,SAR,601197400
/vessels/details/601901400,MAKARIOS,Fishing vessel,601901400
/vessels/details/601050009,LU LAN YU 60105-9,Unknown,601050009
/vessels/details/601005420,FLICA,Pleasure craft,601005420
/vessels/details/601810008,YU60181-8-37,Unknown,601810008
/vessels/details/601927700,REBEL,Pleasure craft,601927700
/vessels/details/601198800,ONYX,Sailing vessel,601198800
/vessels/details/601210500,REBECCA,Dredging or UW ops,601210500
/vessels/details/601770003,LUCHENG60177-03-84,Unknown,601770003
/vessels/details/601105000,EBHAYI,Fishing vessel,601105000
/vessels/details/7367859,ZUIDERZEE,Fishing Vessel,7367859
/vessels/details/601222600,SEVENTENTHS,Pleasure craft,601222600
/vessels/details/8704688,KIANGA,Fishing Vessel,8704688
/vessels/details/601770102,60177-2-94,Unknown,601770102
/vessels/details/601620001,MINLIANYU60162-1-19,Unknown,601620001
/vessels/details/601611900,OCEANA TOPAZ,Fishing vessel,601611900
/vessels/details/601032600,AURORA,Sailing vessel,601032600
/vessels/details/601111111,IMPALA,Fishing vessel,601111111
/vessels/details/601050026,LU LAN YU 60105-26,Unknown,601050026
/vessels/details/601015400,WILLEM W,Fishing vessel,601015400
/vessels/details/601202500,SECHABA,Fishing vessel,601202500
/vessels/details/601417000,ABRAHAM T,Fishing vessel,601417000
/vessels/details/6703422,STERLING STAR,Fishing Vessel,6703422
/vessels/details/601622417,60162-17 20,Unknown,601622417
/vessels/details/8616659,ELKE M.,Fishing Vessel,8616659
/vessels/details/601010770,PADDLE CRUISER,Passenger ship,601010770
/vessels/details/601234586,ZHE PU YU 34508-19,Unknown,601234586
/vessels/details/601810007,YU60181-7-99,Unknown,601810007
/vessels/details/601371200,ROCKET,Sailing vessel,601371200
/vessels/details/8817916,BASANI,Fishing Vessel,8817916
/vessels/details/601249700,CFM,Pleasure craft,601249700
/vessels/details/601268200,THE BEAST,Port tender,601268200
/vessels/details/601050069,ZHEDAIYU60105A69-99,Unknown,601050069
/vessels/details/9679543,SANTA MONICA,Fishing Vessel,9679543
/vessels/details/601062400,NICKY B,Fishing vessel,601062400
/vessels/details/601960005,MINLIANYU60196-5-99,Unknown,601960005
/vessels/details/601024530,ROCINANTE,Pleasure craft,601024530
/vessels/details/601113200,SPIRIT OF LOTTO,SAR,601113200
/vessels/details/9265471,MKHUZE,Tug,9265471
/vessels/details/601980034,60198-34-99,Unknown,601980034
/vessels/details/8733263,SAXON,Fishing Vessel,8733263
/vessels/details/601001800,SANTA MARIA,Fishing vessel,601001800
/vessels/details/601160100,SANDALENE,Fishing vessel,601160100
/vessels/details/601556773,60155-73 80,Unknown,601556773
/vessels/details/6505064,BLUEFIN,Fishing Vessel,6505064
/vessels/details/601116700,SILVER EAGLE,Fishing vessel,601116700
/vessels/details/601530028,60153-28-35,Unknown,601530028
/vessels/details/601249100,SILVER CHAIN,Sailing vessel,601249100
/vessels/details/601772103,LULAOYU60177-103-45,Unknown,601772103
/vessels/details/601740002,60174-2-49,Unknown,601740002
/vessels/details/601000017,601-17-99,Unknown,601000017
/vessels/details/601090011,60109-11-99,Unknown,601090011
/vessels/details/601850008,LUCHENGYU60185-8-83,Unknown,601850008
/vessels/details/601770011,LUZHANYU60177-11-99,Unknown,601770011
/vessels/details/601157071,ZHEDAIYU01157-71 90,Unknown,601157071
/vessels/details/601549000,OCEANA PEGASUS,Fishing vessel,601549000
/vessels/details/601437000,RUN FREE,Sailing vessel,601437000
/vessels/details/601118000,UMVOTI,Tug,601118000
/vessels/details/601613900,DR.FISH,Fishing vessel,601613900
/vessels/details/601241000,CHRISTELLE,Fishing vessel,601241000
/vessels/details/601907800,RESCUE 2,SAR,601907800
/vessels/details/4736463,SAS KING SEKHUKHUNE1,Patrol Vessel,4736463
/vessels/details/601980033,60198-33-37,Unknown,601980033
/vessels/details/601515200,FATBOY,Passenger ship,601515200
/vessels/details/601079500,MIA BARKA,Fishing vessel,601079500
/vessels/details/601980044,60198-44-84,Unknown,601980044
/vessels/details/601190300,HEADWAY,Sailing vessel,601190300
/vessels/details/601803800,601803800,Fishing vessel,601803800
/vessels/details/601790800,601790800,Fishing vessel,601790800
/vessels/details/8744573,ISIPONONO,Passenger Ship,8744573
/vessels/details/601005580,PROSPECTOR,Fishing vessel,601005580
/vessels/details/601772597,LULAOYU60177-97-99,Unknown,601772597
/vessels/details/601057800,ZEPHYR,Sailing vessel,601057800
/vessels/details/601258300,PB PETREL,Pilot,601258300
/vessels/details/601622413,60162-13 90,Unknown,601622413
/vessels/details/601897300,TORA,Pleasure craft,601897300
/vessels/details/8025082,EL SHADDAI,Fishing Vessel,8025082
/vessels/details/7907570,EBHAYI,Fishing Vessel,7907570
/vessels/details/601887900,SARAH,Dredging or UW ops,601887900
/vessels/details/601028460,DOSIDICUS,Fishing vessel,601028460
/vessels/details/601116704,11167-04-81,Unknown,601116704
/vessels/details/601770027,LUZHANYU60177-27-43,Unknown,601770027
/vessels/details/601180100,HORIZONT,Sailing vessel,601180100
/vessels/details/601165300,ROYAL TERN,Tug,601165300
/vessels/details/601234781,LIAOYINGYU-31367-1,Unknown,601234781
/vessels/details/601202020,TASHREUQ K,Fishing vessel,601202020
/vessels/details/601234506,ZHEDAIYU06482-6 90,Unknown,601234506
/vessels/details/601002340,LUNA SEA,Diving ops,601002340
/vessels/details/601414000,KARIBA,Fishing vessel,601414000
/vessels/details/601000008,KRAKEN,Fishing vessel,601000008
/vessels/details/601031800,FARAWAY,Sailing vessel,601031800
/vessels/details/601860000,BOLOKO 1,Fishing vessel,601860000
/vessels/details/601050029,LU LAN YU 60105-29,Unknown,601050029
/vessels/details/601123100,INFINITY II,Pleasure craft,601123100
/vessels/details/601674600,UMHAMBI,Sailing vessel,601674600
/vessels/details/601807200,LEONTINA MARIA,Fishing vessel,601807200
/vessels/details/601629200,CRYSTAL SPRAY,Sailing vessel,601629200
/vessels/details/601031810,I DEECLAIRE,Pleasure craft,601031810
/vessels/details/601360009,MINLIANYU60136-9-69,Unknown,601360009
/vessels/details/601770020,LUZHANYU60177-20-08,Unknown,601770020
/vessels/details/601664000,BOSSS CHARGER,Port tender,601664000
/vessels/details/601530029,60153-29-99,Unknown,601530029
/vessels/details/601050012,LU LAN YU 60105-12,Unknown,601050012
/vessels/details/601179900,ALLISON,Fishing vessel,601179900
/vessels/details/601012909,ASSASSIN,Fishing vessel,601012909
/vessels/details/601980007,601980-7-88,Unknown,601980007
/vessels/details/601530024,60153-24-65,Unknown,601530024
/vessels/details/601495600,DOUBLE HELIX,Sailing vessel,601495600
/vessels/details/601151600,TIYALINA,Fishing vessel,601151600
/vessels/details/601091800,VUNA IMBONGI,Fishing vessel,601091800
/vessels/details/601753000,SILVERFERN,Fishing vessel,601753000
/vessels/details/601227027,LIN12270-27-57,Unknown,601227027
/vessels/details/601532500,LIBRA,Sailing vessel,601532500
/vessels/details/601229600,NEW BEGINNINGS,Pleasure craft,601229600
/vessels/details/601909633,EVERLOVE PKFB 1951,Fishing vessel,601909633
/vessels/details/601978945,19789-45-63,Unknown,601978945
/vessels/details/601530027,60153-27-71,Unknown,601530027
/vessels/details/601530021,60153-21-83,Unknown,601530021
/vessels/details/601819000,MFV EMERALD,Fishing vessel,601819000
/vessels/details/601061400,OCEAN BLUE,Fishing vessel,601061400
/vessels/details/7905417,CHARDONNAY,Tug,7905417
/vessels/details/601153200,TRISTAN TERN,Pilot,601153200
/vessels/details/8803719,HARVEST BOUNTY,Fishing Vessel,8803719
/vessels/details/601021740,RESCUE 6,SAR,601021740
/vessels/details/601054800,FV OREGON,Fishing vessel,601054800
/vessels/details/601300802,1300819,Fishing vessel,601300802
/vessels/details/601795800,601795800,Fishing vessel,601795800
/vessels/details/601620005,MINLIANYU60162-5-82,Unknown,601620005
/vessels/details/601770116,60177-16-96,Unknown,601770116
/vessels/details/9838620,KARIN I,Fishing Vessel,9838620
/vessels/details/601140000,SUNDANCE,Sailing vessel,601140000
/vessels/details/601772583,LULAOYU60177-83-99,Unknown,601772583
/vessels/details/601034890,SEABISCUIT,Pleasure craft,601034890
/vessels/details/8704638,NOMZAMO 1,Fishing Vessel,8704638
/vessels/details/601865100,CHILLIN,Sailing vessel,601865100
/vessels/details/8211825,LUDWANI,Fishing Vessel,8211825
/vessels/details/601126200,SEAWIN SAPPHIRE,Fishing vessel,601126200
/vessels/details/601453200,ARABELLA,Pleasure craft,601453200
/vessels/details/601616200,WILNET,Unknown,601616200
/vessels/details/601754632,WITBLITS,Sailing vessel,601754632
/vessels/details/601326000,PORTUNITY,Fishing vessel,601326000
/vessels/details/601211600,ESTA VIDA,Pleasure craft,601211600
/vessels/details/601264300,ALBATROSAE,Fishing vessel,601264300
/vessels/details/601000245,TAKUPAS,Cargo ship,601000245
/vessels/details/6507397,STRIKER,Fishing Vessel,6507397
/vessels/details/601772580,LULAOYU60177-80-95,Unknown,601772580
/vessels/details/601411000,BLUE DOLPHIN,Fishing vessel,601411000
/vessels/details/601024580,BATELEUR,Fishing vessel,601024580
/vessels/details/601770016,LUZHANYU60177-16-24,Unknown,601770016
/vessels/details/601477000,LEONORA,Fishing vessel,601477000
/vessels/details/601249400,LOUISA CLAIRE,Fishing vessel,601249400
/vessels/details/601216700,HOOKED,Fishing vessel,601216700
/vessels/details/601770028,LUZHANYU60177-28-06,Unknown,601770028
/vessels/details/601126300,ORCA,Tug,601126300
/vessels/details/601250312,68601-12-65,Unknown,601250312
/vessels/details/601335800,KARIN 1,Fishing vessel,601335800
/vessels/details/601795000,MIZPAH,Fishing vessel,601795000
/vessels/details/601074100,BOA VIDA,Sailing vessel,601074100
/vessels/details/601387000,BOETIE BERT,Fishing vessel,601387000
/vessels/details/601870008,LUCHENGYU60187-8-84,Unknown,601870008
/vessels/details/601223713,LIN 12237-13-57,Unknown,601223713
/vessels/details/601770030,LUZHANYU60177-30-09,Unknown,601770030
/vessels/details/601711900,SHOWTIME,Pleasure craft,601711900
/vessels/details/601281600,1ST STRIKE,Unknown,601281600
/vessels/details/601801500,601801500,Unknown,601801500
/vessels/details/601958200,RESCUE 17,Other type,601958200
/vessels/details/601027950,DEBNAL,Fishing vessel,601027950
/vessels/details/601870001,LUCHENGYU60187-1-82,Unknown,601870001
/vessels/details/601119500,TUG SHASA,Tug,601119500
/vessels/details/601141031,SHENG01141-31,Fishing vessel,601141031
/vessels/details/601271400,SOUNDGREY,Sailing vessel,601271400
/vessels/details/601222800,ALABANZA,Diving ops,601222800
/vessels/details/601693100,MWERA,Sailing vessel,601693100
/vessels/details/601169100,COMPROMISE,Sailing vessel,601169100
/vessels/details/601635400,RESCUE 41,SAR,601635400
/vessels/details/601203300,HAMBA LANDA,Pilot,601203300
/vessels/details/601899000,KAROA CARA,Pleasure craft,601899000
/vessels/details/8317681,UMHLALI,Tug,8317681
/vessels/details/9032484,CAPE POWER,Fishing Vessel,9032484
/vessels/details/5039886,BENGUELLA ASTRA,Fishing Vessel,5039886
/vessels/details/601960500,STEENBRASDAM,Fishing vessel,601960500
/vessels/details/601622423,60162-23 90,Unknown,601622423
/vessels/details/601631000,CAPEVIDAL,Fishing vessel,601631000
/vessels/details/601029290,DAN DAN ROWING BOAT,Pleasure craft,601029290
/vessels/details/8793378,RIETGANS II,Fishing Vessel,8793378
/vessels/details/9087142,UMALUSI,Tug,9087142
/vessels/details/601197800,RESCUE 9A,SAR,601197800
/vessels/details/601772599,LULAOYU60177-99-90,Unknown,601772599
/vessels/details/7384340,HARVEST KIRSTINA,Fishing Vessel,7384340
/vessels/details/601774000,KALAHARI,Fishing vessel,601774000
/vessels/details/601296092,ZHEDAIYU01296-92 50,Unknown,601296092
/vessels/details/601277500,SOLAR WIND,Sailing vessel,601277500
/vessels/details/8227472,SISONKE,Mooring Vessel,8227472
/vessels/details/601772502,LULAOYU60177-A2-98,Unknown,601772502
/vessels/details/601283930,LIN12839-30-65,Unknown,601283930
/vessels/details/601137500,BANJO,Sailing vessel,601137500
/vessels/details/601016423,423-324 10 18,Unknown,601016423
/vessels/details/601790016,GUDING60179-16-92,Unknown,601790016
/vessels/details/601570001,60157-1-79,Unknown,601570001
/vessels/details/601770015,LUZHANYU60177-15-01,Unknown,601770015
/vessels/details/601810038,MINLIANYU60181-3899,Unknown,601810038
/vessels/details/601050018,LU LAN YU 60105-18,Unknown,601050018
/vessels/details/601070007,LUYANYU60107-7-99,Unknown,601070007
/vessels/details/601396000,ARMANDO,Pleasure craft,601396000
/vessels/details/601234785,LIAOYINGYU-31367-5,Unknown,601234785
/vessels/details/601213811,LIN21381-94,Unknown,601213811
/vessels/details/601770007,LUZHANYU60177-7-86,Unknown,601770007
/vessels/details/601234502,12345-02-62,Unknown,601234502
/vessels/details/8687971,SOUTHERN CROSS,Fishing Vessel,8687971
/vessels/details/5289950,PALINURUS,Fishing Vessel,5289950
/vessels/details/601770032,LUZHANYU60177-32-78,Unknown,601770032
/vessels/details/601970003,60197-3-83,Unknown,601970003
/vessels/details/601831600,TROPICAL DAWN,Sailing vessel,601831600
/vessels/details/601770025,LUZHANYU60177-25-10,Unknown,601770025
/vessels/details/601378004,ZHEDAIYU01378-4 60,Unknown,601378004
/vessels/details/7622429,AFRICAN QUEEN,Fishing Vessel,7622429
/vessels/details/7115282,RESTLESS WAVE,Fishing Vessel,7115282
/vessels/details/601070800,MY BRU,Passenger ship,601070800
/vessels/details/601239300,REFLEXION,Pleasure craft,601239300
/vessels/details/601949900,LOLIGO,Fishing vessel,601949900
/vessels/details/601655000,SILVER CHALLENGER,Fishing vessel,601655000
/vessels/details/601623000,VALHALLA,Fishing vessel,601623000
/vessels/details/601310102,MINDONGYU60131-D299,Unknown,601310102
/vessels/details/601675900,RESCUE 37,SAR,601675900
/vessels/details/601296095,ZHEDAIYU01296-95 60,Unknown,601296095
/vessels/details/601233262,NSRI DRIFT BUOY 5,SAR,601233262
/vessels/details/601742000,MALUTI,Fishing vessel,601742000
/vessels/details/601086900,PASSO PASSO,Sailing vessel,601086900
/vessels/details/601030680,OCELOT,Sailing vessel,601030680
/vessels/details/601671000,VUNA ELITA,Fishing vessel,601671000
/vessels/details/601005300,SEA LION,Fishing vessel,601005300
/vessels/details/601980043,60198-43-98,Unknown,601980043
/vessels/details/601250009,LUJIAOYU60125-9-96,Unknown,601250009
/vessels/details/601037710,TWO SEA BEES,Sailing vessel,601037710
/vessels/details/601137200,MFV AQUILLA,Fishing vessel,601137200
/vessels/details/601259500,RESCUE 10A,SAR,601259500
/vessels/details/9602045,SHASA,Tug,9602045
/vessels/details/601430000,LAGY-J,Sailing vessel,601430000
/vessels/details/601016400,ALLEYCAT TOO,Unknown,601016400
/vessels/details/601625600,RESCUE 7A,SAR,601625600
/vessels/details/601000016,601-16-99,Unknown,601000016
/vessels/details/601070001,LUYANYU60107-1-99,Unknown,601070001
/vessels/details/601910008,60191-08-99,Unknown,601910008
/vessels/details/601539500,NOLLA,Unknown,601539500
/vessels/details/601915100,ANNABELLE ROSE,Fishing vessel,601915100
/vessels/details/601181300,HOCUS POCUS,Sailing vessel,601181300
/vessels/details/7125287,GREGORY JUSTIN,Fishing Vessel,7125287
/vessels/details/601233268,NSRI DRIFT BUOY 6,SAR,601233268
/vessels/details/601781100,LADYLUCK,Sailing vessel,601781100
/vessels/details/601162200,MIGNON,Fishing vessel,601162200
/vessels/details/601236308,NSRI DRIFT BUOY 11,Fishing vessel,601236308
/vessels/details/7641853,KAVALIER,Fishing Vessel,7641853
/vessels/details/601070019,LUYANYU60107-19-94,Unknown,601070019
/vessels/details/601691200,SEA BISCUIT,Sailing vessel,601691200
/vessels/details/601115200,LUFAFA,Tug,601115200
/vessels/details/601772598,LULAOYU60177-98-90,Unknown,601772598
/vessels/details/601412000,AZANIA,Dredging or UW ops,601412000
/vessels/details/601980042,60198-42-99,Unknown,601980042
/vessels/details/601679800,BE-WITCHED,Sailing vessel,601679800
/vessels/details/601192400,SEA RIDER,Fishing vessel,601192400
/vessels/details/601980027,60198-27-92,Unknown,601980027
/vessels/details/9305415,SEAWIN SAPPHIRE,Fishing Vessel,9305415
/vessels/details/601050017,LU LAN YU 60105-17,Unknown,601050017
/vessels/details/601770108,60177-8-99,Unknown,601770108
/vessels/details/601761000,CAPT DE SOUSA,Fishing vessel,601761000
/vessels/details/6926359,WILDEKUS,Fishing Vessel,6926359
/vessels/details/601200600,ASANTE,Pleasure craft,601200600
/vessels/details/8611166,REALEKA,Fishing Vessel,8611166
/vessels/details/9282223,LILIAN NGOYI,Fishing Support Vessel,9282223
/vessels/details/601093500,OKOMBAHE,Fishing vessel,601093500
/vessels/details/601999728,APPLE PIE,Sailing vessel,601999728
/vessels/details/7370026,UHUVA,Tug,7370026
/vessels/details/601000019,601-19-99,Unknown,601000019
/vessels/details/601772503,LULAOYU60177-A3-94,Unknown,601772503
/vessels/details/601862310,ANG JERRY,Fishing vessel,601862310
/vessels/details/601087000,SISTRO,Fishing vessel,601087000
/vessels/details/601064600,FREEDOM,Fishing vessel,601064600
/vessels/details/601360002,MINLIANYU60136-2-99,Unknown,601360002
/vessels/details/7114824,BALLITO,Pilot Vessel,7114824
/vessels/details/601770105,60177-5-95,Unknown,601770105
/vessels/details/601236301,NSRI DRIFT BUOY 07,SAR,601236301
/vessels/details/601234503,ZHEDAIYU06482-3 30,Unknown,601234503
/vessels/details/601050056,ZHEDAIYU60105A56-99,Unknown,601050056
/vessels/details/601185400,AVENTURA,Sailing vessel,601185400
/vessels/details/601212600,CAPE CHALLENGER,Unknown,601212600
/vessels/details/601233259,NSRI DRIFT BUOY 19,SAR,601233259
/vessels/details/601070002,LUYANYU60107-2-99,Unknown,601070002
/vessels/details/601287900,BELUGA,Sailing vessel,601287900
/vessels/details/601160004,LULAOYU60116-4-60,Unknown,601160004
/vessels/details/7125299,BOETIE AKIE,Fishing Vessel,7125299
/vessels/details/601647300,SOULMATE,Pleasure craft,601647300
/vessels/details/601688100,ZING,Sailing vessel,601688100
/vessels/details/601050055,ZHEDAIYU60105A55-99,Unknown,601050055
/vessels/details/601810002,MINLIANYU60181-2-68,Unknown,601810002
/vessels/details/601070009,LUYANYU60107-9-99,Unknown,601070009
/vessels/details/601772104,LULAOYU60177-104-99,Unknown,601772104
/vessels/details/601363700,CPG KUVUTA,Tug,601363700
/vessels/details/601214581,NET12145-81-62,Unknown,601214581
/vessels/details/601722000,HAIKU,Sailing vessel,601722000
/vessels/details/601027560,CHAMPAGNE,Sailing vessel,601027560
/vessels/details/9118604,NOORDEVELD,Fishing Vessel,9118604
/vessels/details/601179400,RESCUE 39,SAR,601179400
/vessels/details/601770112,60177-12-95,Unknown,601770112
/vessels/details/601364900,AQUILA,Unknown,601364900
/vessels/details/601535000,GONDO,Fishing vessel,601535000
/vessels/details/601050063,LUJIAOYU60105-63-92,Unknown,601050063
/vessels/details/601157072,ZHEDAIYU01157-72 50,Unknown,601157072
/vessels/details/601244000,AUGUSTA 1,Fishing vessel,601244000
/vessels/details/601212100,ZIZI,Sailing vessel,601212100
/vessels/details/601845000,SAILFISH,Fishing vessel,601845000
/vessels/details/601218761,LIN21876-1-50,Unknown,601218761
/vessels/details/7329170,J. H. BOTHA,Tug,7329170
/vessels/details/601810006,YU60181-6-34,Unknown,601810006
/vessels/details/601870007,LUCHENGYU60187-7-99,Unknown,601870007
/vessels/details/601024610,TANGO 3,SAR,601024610
/vessels/details/601360054,MINLIANYU60136-5447,Unknown,601360054
/vessels/details/601772588,LULAOYU60177-88-82,Unknown,601772588
/vessels/details/8820028,QAVAK,Fishing Vessel,8820028
/vessels/details/601181003,YUEZHANYU01181-3-93,Unknown,601181003
/vessels/details/601027780,LADY LIYA,Diving ops,601027780
/vessels/details/601250800,GERMISHKIA,Fishing vessel,601250800
/vessels/details/601621900,AVATAR,Sailing vessel,601621900
/vessels/details/601025200,IRENE,Sailing vessel,601025200
/vessels/details/601250000,LUJIAOYU60125-4-54,Unknown,601250000
/vessels/details/9069853,SEA CARRIER,Offshore Tug/Supply Ship,9069853
/vessels/details/601221800,POINT BLANK,Sailing vessel,601221800
/vessels/details/7325332,ADMIRAAL DE RUITER,Fishing Vessel,7325332
/vessels/details/601181001,YUEZHANYU01181-1-35,Unknown,601181001
/vessels/details/5369542,MFV LEE-ANNE,Fishing Vessel,5369542
/vessels/details/601196900,RESCUE 36B,SAR,601196900
/vessels/details/601541700,ESPERANZA,Fishing vessel,601541700
/vessels/details/601674000,ALPHA,Fishing vessel,601674000
/vessels/details/8733304,VIVA,Fishing Vessel,8733304
/vessels/details/601050060,ZHEDAIYU60105A60-99,Unknown,601050060
/vessels/details/601617900,BACCAH,Pleasure craft,601617900
/vessels/details/601706000,ADELETTE,Fishing vessel,601706000
/vessels/details/601740016,60174-16-99,Unknown,601740016
/vessels/details/8744585,SILVER EAGLE,Fishing Vessel,8744585
/vessels/details/601220200,LE-CAT,Sailing vessel,601220200
/vessels/details/7427192,HESKO,Fishing Vessel,7427192
/vessels/details/601772516,LULAOYU60177-A16-99,Unknown,601772516
/vessels/details/601158500,SWEET CAROLINE,Pleasure craft,601158500
/vessels/details/601833000,ATLANTIC ENDEAVOUR,Fishing vessel,601833000
/vessels/details/601203600,I DO,Fishing vessel,601203600
/vessels/details/601850006,LUCHENGYU60185-6-91,Unknown,601850006
/vessels/details/601010368,LX 36810-84,Unknown,601010368
/vessels/details/601772106,LULAOYU60177-106-99,Unknown,601772106
/vessels/details/601772589,LULAOYU60177-89-77,Unknown,601772589
/vessels/details/601150005,60115-5-99,Unknown,601150005
/vessels/details/601904300,TAMARA,Fishing vessel,601904300
/vessels/details/601255600,WESTERN FOAM,Diving ops,601255600
/vessels/details/601947300,TRITON,Pleasure craft,601947300
/vessels/details/601230123,08601-23-55,Unknown,601230123
/vessels/details/601849600,MADEVU ROYALE,Pleasure craft,601849600
/vessels/details/601806300,DUAL FLYER,Sailing vessel,601806300
/vessels/details/601238000,AMSTELDIEP,Fishing vessel,601238000
/vessels/details/601300801,1300878,Unknown,601300801
/vessels/details/601214584,NET12145-84-58,Unknown,601214584
/vessels/details/601234783,LIAOYINGYU-31367-3,Unknown,601234783
/vessels/details/601017600,LA MAR,Pleasure craft,601017600
/vessels/details/601005800,NAVIGATE,Pleasure craft,601005800
/vessels/details/601880041,LUJIAOYU60188-41-99,Unknown,601880041
/vessels/details/7127651,DUINEKUS,Fishing Vessel,7127651
/vessels/details/601785258,46688,Fishing vessel,601785258
/vessels/details/601700000,OCEAN SPRAY,Fishing vessel,601700000
/vessels/details/601169200,TMANDE,Sailing vessel,601169200
/vessels/details/601005500,SISTERS,Fishing vessel,601005500
/vessels/details/7384338,HARVEST FLORITA,Fishing Vessel,7384338
/vessels/details/601988001,SAN PBR-3,Other type,601988001
/vessels/details/7615919,IMPUNZI,Tug,7615919
/vessels/details/8744444,CAPE FRIO,Fishing Vessel,8744444
/vessels/details/601773600,601773600,Fishing vessel,601773600
/vessels/details/601968885,00815-05-56,Unknown,601968885
/vessels/details/601005380,MARTINIQUE,Sailing vessel,601005380
/vessels/details/601250008,LUJIAOYU60125-8-73,Unknown,601250008
/vessels/details/9874260,MOHOMA,Tug,9874260
/vessels/details/601238800,URCHIN,Sailing vessel,601238800
/vessels/details/601772592,LULAOYU60177-92-91,Unknown,601772592
/vessels/details/601866900,TUNA TORQUE,Pleasure craft,601866900
/vessels/details/601648000,SILVER KATONKEL,Fishing vessel,601648000
/vessels/details/601251011,08601-11-71,Unknown,601251011
/vessels/details/601023330,BLUE DOLPHIN,Other type,601023330
/vessels/details/9819234,OCEAN WANDERER,Fishing Vessel,9819234
/vessels/details/5267160,PROTEA 1,Fishing Vessel,5267160
/vessels/details/601050081,LU LAI YU 60105-81,Unknown,601050081
/vessels/details/601185500,NANJA,Port tender,601185500
/vessels/details/601772585,LULAOYU60177-85-54,Unknown,601772585
/vessels/details/601810030,MINLIANYU60181-3099,Unknown,601810030
/vessels/details/601090008,60109-8-43,Unknown,601090008
/vessels/details/601638700,OCEANNDJODHI,Tug,601638700
/vessels/details/601043420,INFINITY,Fishing vessel,601043420
/vessels/details/601052600,SPINDRIFT,Sailing vessel,601052600
/vessels/details/8334897,ANKOVELD,Fishing Vessel,8334897
/vessels/details/601981800,RENJA,Port tender,601981800
/vessels/details/601274700,OCEAN WANDERER,Fishing vessel,601274700
/vessels/details/601190700,MOJIE,Sailing vessel,601190700
/vessels/details/601035600,SCEPTRE,Fishing vessel,601035600
/vessels/details/601483000,WATERBABY,Fishing vessel,601483000
/vessels/details/9944895,MOKGWAPHA,Tug,9944895
/vessels/details/601790005,GUDING60179-05-99,Unknown,601790005
/vessels/details/601023400,RAT CATCHER,Sailing vessel,601023400
/vessels/details/601013700,TICO-TICO,Sailing vessel,601013700
/vessels/details/601810012,YU60181-12-58,Unknown,601810012
/vessels/details/601980026,60198-26-84,Unknown,601980026
/vessels/details/601014400,CAPE FISH 1,Fishing vessel,601014400
/vessels/details/601620000,MFV TINA,Fishing vessel,601620000
/vessels/details/8808915,LOUISA-CLAIRE,Fishing Vessel,8808915
/vessels/details/8803616,BOYA,Fishing Vessel,8803616
/vessels/details/601037290,SHAYAMANZI,Other type,601037290
/vessels/details/601188500,RED BISHOP,Pilot,601188500
/vessels/details/601680000,PEGASUS 1,Pleasure craft,601680000
/vessels/details/9282235,RUTH FIRST,Fishing Support Vessel,9282235
/vessels/details/601028200,SOUTHERN STAR,Fishing vessel,601028200
/vessels/details/601124003,TAILWHISPER,Fishing vessel,601124003
/vessels/details/601248000,MARRETJIE,Fishing vessel,601248000
/vessels/details/601987659,CB-FISHBOUY-34-55,Unknown,601987659
/vessels/details/601459800,LIGUGU,Fishing vessel,601459800
/vessels/details/601867100,OCEANIC HUNTER,Fishing vessel,601867100
/vessels/details/601140200,PRIDE OF AFRICA,Pleasure craft,601140200
/vessels/details/601234509,ZHEDAIYU06482-9 90,Unknown,601234509
/vessels/details/7937472,GOLDEN EAGLE,Fishing Vessel,7937472
/vessels/details/601805700,SV DRIFTER,Pleasure craft,601805700
/vessels/details/601002130,OMS DASH,Port tender,601002130
/vessels/details/8671283,AVOCET,Pilot Vessel,8671283
/vessels/details/601053600,EQUINOX SOLO SAILOR,Sailing vessel,601053600
/vessels/details/601050083,LU LAI YU 60105-83,Unknown,601050083
/vessels/details/601050070,ZHEDAIYU60105A70-99,Unknown,601050070
/vessels/details/601760000,CALYPSO II,Sailing vessel,601760000
/vessels/details/601070005,LUYANYU60107-5-99,Unknown,601070005
/vessels/details/601250311,68601-11-77,Unknown,601250311
/vessels/details/601600786,FENG 04-99,Unknown,601600786
/vessels/details/601770110,60177-10-80,Unknown,601770110
/vessels/details/601748400,601748400,Fishing vessel,601748400
/vessels/details/601033260,SHAKA ZULU 1,Sailing vessel,601033260
/vessels/details/601643000,NOSSOB,Fishing vessel,601643000
/vessels/details/601830500,HAZMAT,HSC,601830500
/vessels/details/601126100,BELLA DA LUNAR,Fishing vessel,601126100
/vessels/details/601499800,BRESSA,Fishing vessel,601499800
/vessels/details/601626000,CAPE MACLEAR,Fishing vessel,601626000
/vessels/details/601915400,LEAHCRUZ,Fishing vessel,601915400
/vessels/details/601811200,PIMPERNEL,Sailing vessel,601811200
/vessels/details/9147318,FLAME THORN,Fishing Vessel,9147318
/vessels/details/601708800,601708800,Fishing vessel,601708800
/vessels/details/6416536,PORTIA 1,Fishing Vessel,6416536
/vessels/details/601029150,VIKING,Pleasure craft,601029150
/vessels/details/601941400,JALUKA,Pleasure craft,601941400
/vessels/details/601234504,ZHEDAIYU06482-4 70,Unknown,601234504
/vessels/details/601111600,SEAWIN EMERALD,Fishing vessel,601111600
/vessels/details/601050023,03512-28 50,Unknown,601050023
/vessels/details/601849300,ADVENTURE1,Pleasure craft,601849300
/vessels/details/601027490,NORA-GEM,Other type,601027490
/vessels/details/601011200,NEMESIS,Pleasure craft,601011200
/vessels/details/601001160,LEGASEA,Fishing vessel,601001160
/vessels/details/601000645,62567-03-94,Unknown,601000645
/vessels/details/601910006,60191-06-93,Unknown,601910006
/vessels/details/601102100,GARUDA,Pleasure craft,601102100
/vessels/details/601259600,RESCUE 3A,SAR,601259600
/vessels/details/601842000,ESRA CRUZ,Fishing vessel,601842000
/vessels/details/601251014,08601-14-75,Unknown,601251014
/vessels/details/5378933,BAIA DE ZARCO,Fishing Vessel,5378933
/vessels/details/601810003,MINLIANYU60181-3-35,Unknown,601810003
/vessels/details/7306532,YARD NO. - THESEN,Fishing Vessel,7306532
/vessels/details/601194700,OCEANA NEPTUNE,Fishing vessel,601194700
/vessels/details/601029110,SYNCO TOO,Unknown,601029110
/vessels/details/601962442,LUJIAOYU60196-42-51,Unknown,601962442
/vessels/details/601295301,LIN12953-1-55,Unknown,601295301
/vessels/details/601515000,NALEDI,Sailing vessel,601515000
/vessels/details/601120014,CHENYOUMING112-1466,Unknown,601120014
/vessels/details/601213531,LIN12135-31-91,Unknown,601213531
/vessels/details/601050062,ZHEDAIYU60105A62-96,Unknown,601050062
/vessels/details/601070003,LUYANYU60107-3-36,Unknown,601070003
/vessels/details/7363126,BARATZ,Fishing Vessel,7363126
/vessels/details/601027100,MAINE,Fishing vessel,601027100
/vessels/details/601548000,OCEANA RUBY,Fishing vessel,601548000
/vessels/details/601619900,ERA,Sailing vessel,601619900
/vessels/details/601883500,RESCUE 14,SAR,601883500
/vessels/details/601862600,1862699,Unknown,601862600
/vessels/details/601677000,SOUTHERN TIGER,Fishing vessel,601677000
/vessels/details/601676100,RESCUE 32,SAR,601676100
/vessels/details/9850446,UKULOBA,Fishing Vessel,9850446
/vessels/details/601832500,LAUNCH 1,Local type,601832500
/vessels/details/601339030,SUQIYU03390-30,Unknown,601339030
/vessels/details/601066200,DOUGHTY,Pleasure craft,601066200
/vessels/details/7502095,TOWERKOP,Fishing Vessel,7502095
/vessels/details/9944900,KGANYA,Tug,9944900
/vessels/details/601950900,L,Sailing vessel,601950900
/vessels/details/601875300,YOLO SOLO SAILOR,Sailing vessel,601875300
/vessels/details/601013280,FRED MARIE,Fishing vessel,601013280
/vessels/details/601009810,GANDALF,Pleasure craft,601009810
/vessels/details/601230121,08601-21-70,Unknown,601230121
/vessels/details/601251000,INDABA,Sailing vessel,601251000
/vessels/details/5414892,HARVEST DE LA MAR,Fishing Vessel,5414892
/vessels/details/601002820,SUIDOOS 2,Sailing vessel,601002820
/vessels/details/601510002,60151-2-21,Unknown,601510002
/vessels/details/601078200,FV WESTERN EXPLORER,Fishing vessel,601078200
/vessels/details/601139400,SILVER ARROW,Fishing vessel,601139400
/vessels/details/601903034,ZHEDAIYU01903-34,Unknown,601903034
/vessels/details/601510009,60151-9-99,Unknown,601510009
/vessels/details/601908700,RESCUE 10,SAR,601908700
/vessels/details/601213200,RESCUE 33,SAR,601213200
/vessels/details/601210195,NSRI DRIFT BUOY 07,Unknown,601210195
/vessels/details/601186100,OCEAN PHUTHUMA,Local type,601186100
/vessels/details/601038760,CHAR-NEIL,Fishing vessel,601038760
/vessels/details/601050050,LUJIAOYU60105-50-91,Unknown,601050050
/vessels/details/601482700,PUFFIN,Fishing vessel,601482700
/vessels/details/601812000,S0UTH WEST FALCON,Fishing vessel,601812000
/vessels/details/601557000,NOORDEVELD,Fishing vessel,601557000
/vessels/details/601155300,ROKS,Pleasure craft,601155300
/vessels/details/601193900,BEE-LINE,Sailing vessel,601193900
/vessels/details/601536000,ORION,Fishing vessel,601536000
/vessels/details/601200500,WINDHOVER,Sailing vessel,601200500
/vessels/details/601789300,601789300,Fishing vessel,601789300
/vessels/details/601982000,OCEAN DYNAMO,Fishing vessel,601982000
/vessels/details/601297922,LIN12979-22-47,Unknown,601297922
/vessels/details/601002470,GEMMA,Sailing vessel,601002470
/vessels/details/601574100,SARABI,Fishing vessel,601574100
/vessels/details/601753900,601753900,Fishing vessel,601753900
/vessels/details/601002060,MAKERS MARK,Sailing vessel,601002060
/vessels/details/6505959,ROMANO PAULO,Fishing Vessel,6505959
/vessels/details/601901200,DONETTE,Fishing vessel,601901200
/vessels/details/601010550,SUNLORD,Sailing vessel,601010550
/vessels/details/601090020,60109-20-99,Unknown,601090020
/vessels/details/601280615,LIN 12806-15-88,Unknown,601280615
/vessels/details/601622405,60162-05-63,Unknown,601622405
/vessels/details/601135600,PHOLELA,Tug,601135600
/vessels/details/601970017,60197-17-51,Unknown,601970017
/vessels/details/601510005,60151-5-90,Unknown,601510005
/vessels/details/601234927,LAMBANO,Fishing vessel,601234927
/vessels/details/601613860,161386,Fishing vessel,601613860
/vessels/details/601225300,SOUTHERN VENTURE,Tanker,601225300
/vessels/details/601883300,RESCUE 19,HSC,601883300
/vessels/details/601254000,RIGEL 4,Fishing vessel,601254000
/vessels/details/601083700,RESCUE 1,SAR,601083700
/vessels/details/601810036,MINLIANYU60181-3699,Unknown,601810036
/vessels/details/5288437,R.A.LEIGH,Tug,5288437
/vessels/details/601263200,BOSSS CHALLENGER,Port tender,601263200
/vessels/details/7615921,UMTWALUME,Tug,7615921
/vessels/details/601962440,LUJIAOYU60196-40-53,Unknown,601962440
/vessels/details/601221824,LIN12218-24-15,Unknown,601221824
/vessels/details/601050084,LU LAI YU 60105-84,Unknown,601050084
/vessels/details/601220009,MINLIANYU60122-9-99,Unknown,601220009
/vessels/details/9950739,VHUTSHILO,Tug,9950739
/vessels/details/601914901,19149-01-99,Fishing vessel,601914901
/vessels/details/601029100,PEREGRINE,Fishing vessel,601029100
/vessels/details/601769126,69126-17-82,Unknown,601769126
/vessels/details/601570002,60157-2-74,Unknown,601570002
/vessels/details/601050024,LU LAN YU 60105-24,Unknown,601050024
/vessels/details/9755232,OSPREY,Tug,9755232
/vessels/details/8735900,RYOEI,Fishing Vessel,8735900
/vessels/details/601070010,LUYANYU60107-10-85,Unknown,601070010
/vessels/details/601801100,UMOYA,Pleasure craft,601801100
/vessels/details/601977000,SIBANYE,Tug,601977000
/vessels/details/601020530,ZANETTE,Fishing vessel,601020530
/vessels/details/601830010,JIAO60183-10-25,Unknown,601830010
/vessels/details/9755127,MVEZO,Tug,9755127
/vessels/details/601039400,LARA PINTA,Sailing vessel,601039400
/vessels/details/601050041,LULANYU60105-41 7V4,Unknown,601050041
/vessels/details/601802500,BALLYHOO TOO,Sailing vessel,601802500
/vessels/details/601770034,LUZHANYU60177-34-40,Unknown,601770034
/vessels/details/601157070,ZHEDAIYU01157-70 10,Unknown,601157070
/vessels/details/601214583,NET12145-83-27,Unknown,601214583
/vessels/details/1136466,BOLOKO 2,Fishing Vessel,1136466
/vessels/details/601247600,SV PHUMULANI,Sailing vessel,601247600
/vessels/details/601251010,08601-10-74,Unknown,601251010
/vessels/details/601770033,LUZHANYU60177-33-36,Unknown,601770033
/vessels/details/601745400,601745400,Fishing vessel,601745400
/vessels/details/601141044,SHENG01141-44,Fishing vessel,601141044
/vessels/details/601043500,GYPSY ROSE,Fishing vessel,601043500
/vessels/details/9602057,ORCA,Tug,9602057
/vessels/details/601090019,60109-19-84,Unknown,601090019
/vessels/details/601569100,VASBYT,Pleasure craft,601569100
/vessels/details/601743500,601743500,Fishing vessel,601743500
/vessels/details/601719000,ARIZONA,Fishing vessel,601719000
/vessels/details/601258500,REGARDLESS,Sailing vessel,601258500
/vessels/details/601012830,ENDLESS SUMMER,Pleasure craft,601012830
/vessels/details/601985555,60198-5-99,Unknown,601985555
/vessels/details/601839000,PLAIN SAILING,Sailing vessel,601839000
/vessels/details/601581800,EXTREME ZERO,Pilot,601581800
/vessels/details/601099100,ZOOFF,Unknown,601099100
/vessels/details/8735883,LIPUMA,Bunkering Tanker,8735883
/vessels/details/601213400,RESCUE 42,SAR,601213400
/vessels/details/601890000,MAXIMILLIEN,Sailing vessel,601890000
/vessels/details/601444444,EL PESCADOR,Fishing vessel,601444444
/vessels/details/601070008,LUYANYU60107-8-99,Unknown,601070008
/vessels/details/601108800,YLANG YLANG,Pleasure craft,601108800
/vessels/details/601500000,SAXON,Fishing vessel,601500000
/vessels/details/7221536,AMORIA,Fishing Vessel,7221536
/vessels/details/601903033,ZHEDAIYU01903-33,Unknown,601903033
/vessels/details/8623511,ACTIVE,Fishing Vessel,8623511
/vessels/details/601560000,ROTARY SCOUT,Sailing vessel,601560000
/vessels/details/601603200,SUDWEST,Fishing vessel,601603200
/vessels/details/601326600,OMS SHUTTLE,Resolution 18 ship,601326600
/vessels/details/601065800,GALILEO,Sailing vessel,601065800
/vessels/details/601980018,60198-18-92,Unknown,601980018
/vessels/details/601328121,01328-121-97,Unknown,601328121
/vessels/details/601023350,SURFSKI HOLGER,Pleasure craft,601023350
/vessels/details/601924500,CHRISTINA,Fishing vessel,601924500
/vessels/details/601683000,CONQUISTADOR,Fishing vessel,601683000
/vessels/details/601622414,60162-14 60,Unknown,601622414
/vessels/details/601740013,60174-13-99,Unknown,601740013
/vessels/details/601184100,CRESTED TERN,Pilot,601184100
/vessels/details/601023280,PANGAEA,Pleasure craft,601023280
/vessels/details/601108500,MAFUTA,Sailing vessel,601108500
/vessels/details/601691000,WERKENDAM,Fishing vessel,601691000
/vessels/details/601007680,JAMBO,Pleasure craft,601007680
/vessels/details/601850004,LUCHENGYU60185-4-91,Unknown,601850004
/vessels/details/601100100,JABULA,Fishing vessel,601100100
/vessels/details/601850005,LUCHENGYU60185-5-98,Unknown,601850005
/vessels/details/601116733,11167-3-81,Unknown,601116733
/vessels/details/601234520,LIN12345-20-85,Unknown,601234520
/vessels/details/9092226,WILLEM W,Fishing Vessel,9092226
/vessels/details/601903600,NONSENSE,Pleasure craft,601903600
/vessels/details/601039170,TIGHTLINE,Fishing vessel,601039170
/vessels/details/601010668,668 B10-91,Unknown,601010668
/vessels/details/601464700,PANACEA,Sailing vessel,601464700
/vessels/details/601273800,OSPREY,Tug,601273800
/vessels/details/601770019,LUZHANYU60177-19-10,Unknown,601770019
/vessels/details/601904400,SAMROCK,Fishing vessel,601904400
/vessels/details/601229926,SCHALK TEST,SAR,601229926
/vessels/details/601090006,60109-06-99,Fishing vessel,601090006
/vessels/details/601032190,ULLMAN AQUAMANIAC,Sailing vessel,601032190
/vessels/details/601070016,LUYANYU60107-16-92,Unknown,601070016
/vessels/details/601037380,NORTHERN STAR,Fishing vessel,601037380
/vessels/details/601360057,MINLIANYU60136-5789,Unknown,601360057
/vessels/details/601095800,AVANTI,Sailing vessel,601095800
/vessels/details/601090018,60109-18-99,Unknown,601090018
/vessels/details/601880046,LUJIAOYU60188-46-99,Unknown,601880046
/vessels/details/601499000,ATLANTIC LEADER,Fishing vessel,601499000
/vessels/details/601810001,MINLIANYU60181-1-99,Unknown,601810001
/vessels/details/601903801,YUEYANGDONG19038195,Unknown,601903801
/vessels/details/601024830,ZEPHYR,Pleasure craft,601024830
/vessels/details/601631500,REEL THERAPY II,Pleasure craft,601631500
/vessels/details/601281200,OCEAN SPIRIT,Sailing vessel,601281200
/vessels/details/601115100,JOJOSI,Tug,601115100
/vessels/details/601567000,RIJGER,Unknown,601567000
/vessels/details/601960300,MFV AMALIA,Fishing vessel,601960300
/vessels/details/601771000,AESOP,Sailing vessel,601771000
/vessels/details/601980028,60198-28-89,Unknown,601980028
/vessels/details/601548500,TRUE NORTH,Sailing vessel,601548500
/vessels/details/601770009,LUZHANYU60177-9-92,Unknown,601770009
/vessels/details/601680029,88858-12,Unknown,601680029
/vessels/details/601167419,HE PU YU 21011,Fishing vessel,601167419
/vessels/details/601514300,LADY AQEELAH,Fishing vessel,601514300
/vessels/details/601650006,60165-6-97,Unknown,601650006
/vessels/details/601752000,SHELLFISH,Fishing vessel,601752000
/vessels/details/601810004,MINLIANYU60181-4-74,Unknown,601810004
/vessels/details/601622404,60162-04-85,Unknown,601622404
/vessels/details/601732400,601732400,Fishing vessel,601732400
/vessels/details/601626200,ZANEMALI,Fishing vessel,601626200
/vessels/details/601112110,SMDGROUP1,Tanker,601112110
/vessels/details/601684800,SURFSKI ROB,Unknown,601684800
/vessels/details/601541000,STARCREST,Fishing vessel,601541000
/vessels/details/601234786,LIAOYINGYU-31367-6,Unknown,601234786
/vessels/details/601132400,WINGS ON WATER,Sailing vessel,601132400
/vessels/details/601215400,LOOSE DEUCE,Diving ops,601215400
/vessels/details/601577900,OMS DIFFERENCE,Other type,601577900
/vessels/details/601019800,KNOWHERE II,Sailing vessel,601019800
/vessels/details/601962439,LUJIAOYU60196-39-73,Unknown,601962439
/vessels/details/601034070,BALANCE2,Fishing vessel,601034070
/vessels/details/601050013,LU LAN YU 60105-13,Unknown,601050013
/vessels/details/601968400,TEYA NIKKA,Fishing vessel,601968400
/vessels/details/601027740,TANGO 6,SAR,601027740
/vessels/details/601136300,RESCUE 26,SAR,601136300
/vessels/details/8463715,BALANCE 2,Fishing Vessel,8463715
/vessels/details/601169400,MATANGI,Sailing vessel,601169400
/vessels/details/601070012,LUYANYU60107-12-94,Unknown,601070012
/vessels/details/601271800,LOCQUERAN,Fishing vessel,601271800
/vessels/details/601197500,RESCUE 43,SAR,601197500
/vessels/details/1002304,KIARA,Yacht,1002304
/vessels/details/601099800,SOUTH WEST SEAHAWK,Fishing vessel,601099800
/vessels/details/601572000,BORONIA,Fishing vessel,601572000
/vessels/details/601850010,LUCHENGYU60185-1099,Unknown,601850010
/vessels/details/601893200,MAVERICK,Fishing vessel,601893200
/vessels/details/601957700,RESCUE 34,SAR,601957700
/vessels/details/601703000,NOMVUYO,Fishing vessel,601703000
/vessels/details/601530025,60153-25-83,Unknown,601530025
/vessels/details/601141034,SHENG01141-34,Fishing vessel,601141034
/vessels/details/601980015,601980-15-86,Unknown,601980015
/vessels/details/601070006,LUYANYU60107-6-99,Unknown,601070006
/vessels/details/601513000,BORDERER,Fishing vessel,601513000
/vessels/details/601070011,LUYANYU60107-11-90,Unknown,601070011
/vessels/details/601045170,NTOMBI,Sailing vessel,601045170
/vessels/details/7641865,SILVER DOLPHIN,Fishing Vessel,7641865
/vessels/details/601255400,OCEAN DIGGER,Diving ops,601255400
/vessels/details/9602071,PHOLELA,Tug,9602071
/vessels/details/601731000,PREDATOR,Fishing vessel,601731000
/vessels/details/601168600,CATHERINE,Pleasure craft,601168600
/vessels/details/601360062,MINLIANYU60136-6264,Unknown,601360062
/vessels/details/601250314,68601-14-69,Unknown,601250314
/vessels/details/601614600,SOUTHERN CROSS,Fishing vessel,601614600
/vessels/details/601031140,SOUTHERN HORIZON,Fishing vessel,601031140
/vessels/details/601288915,LIN 12889-15-86,Unknown,601288915
/vessels/details/601233255,NSRI DRIFT BUOY 4,SAR,601233255
/vessels/details/9307499,TSITSIKAMA,Pilot Vessel,9307499
/vessels/details/601090030,60109-30-99,Unknown,601090030
/vessels/details/601936000,WARRIOR,Sailing vessel,601936000
/vessels/details/7603203,IMONTI,Tug,7603203
/vessels/details/5024611,ARMANA,Fishing Vessel,5024611
/vessels/details/601202260,LIN12022-60-69,Unknown,601202260
/vessels/details/601029410,EILEEN,Pleasure craft,601029410
/vessels/details/601023320,ROCKSTAR,Sailing vessel,601023320
/vessels/details/601050072,ZHEDAIYU60105A72-99,Unknown,601050072
/vessels/details/601886500,HUMMINGBIRD,Sailing vessel,601886500
/vessels/details/601802700,NENYA,Pleasure craft,601802700
/vessels/details/601081800,BELLA MIA,Sailing vessel,601081800
/vessels/details/601011560,BOLOKO2,Fishing vessel,601011560
/vessels/details/601218592,LIN 21859-2-99,Unknown,601218592
/vessels/details/601909900,CATCH 22,Sailing vessel,601909900
/vessels/details/601698500,SABATIER,Sailing vessel,601698500
/vessels/details/601989999,60198-9-90,Unknown,601989999
/vessels/details/601332000,CODESA1,Fishing vessel,601332000
/vessels/details/5062833,MFV LINCOLN,Fishing Vessel,5062833
/vessels/details/601701000,LANGEBERG,Fishing vessel,601701000
/vessels/details/6422858,LE CONDOR,Fishing Vessel,6422858
/vessels/details/601271600,SABRINA,Passenger ship,601271600
/vessels/details/601239600,SYNERGY,Pleasure craft,601239600
/vessels/details/601226900,MALGAS,Fishing vessel,601226900
/vessels/details/8111104,VUNA ELITA,Fishing Vessel,8111104
/vessels/details/601028010,GYPSEA,Sailing vessel,601028010
/vessels/details/601160007,LULAOYU60116-7-86,Unknown,601160007
/vessels/details/601040420,REEL TIME,Pleasure craft,601040420
/vessels/details/601027730,TANGO 7,SAR,601027730
/vessels/details/601622402,60162-02-49,Unknown,601622402
/vessels/details/601250313,68601-13-74,Unknown,601250313
/vessels/details/601921981,XYY21981-107.8V,Unknown,601921981
/vessels/details/601744000,MONNICKENDAM,Fishing vessel,601744000
/vessels/details/7937848,CASABLANCA,Fishing Vessel,7937848
/vessels/details/601015600,OUPA JOUWIE,Fishing vessel,601015600
/vessels/details/601141042,SHENG01141-42,Fishing vessel,601141042
/vessels/details/8644060,DRAKENSBERG,Vessel (function unknown),8644060
/vessels/details/601090021,60109-21-98,Unknown,601090021
/vessels/details/8670899,OCEANA NEPTUNE,Fishing Vessel,8670899
/vessels/details/601922900,LUCKYSTRIKE,Pleasure craft,601922900
/vessels/details/601049600,HIRONDELLE,Sailing vessel,601049600
/vessels/details/601141040,SHENG01141-40,Fishing vessel,601141040
/vessels/details/601223500,LIPUMA,Tanker,601223500
/vessels/details/601256400,SEEDELWER XV,Diving ops,601256400
/vessels/details/601930300,STERNA,Pleasure craft,601930300
/vessels/details/601285024,TM92,Fishing vessel,601285024
/vessels/details/8792556,OCEANA PARAGON,Fishing Vessel,8792556
/vessels/details/601621100,WASABI,Sailing vessel,601621100
/vessels/details/601319900,THE ONLY ONE,Pleasure craft,601319900
/vessels/details/8208610,EMERALD ISLE,Fishing Vessel,8208610
/vessels/details/601614100,ENIGMA,Pleasure craft,601614100
/vessels/details/601618400,MARAUDER 3,Fishing vessel,601618400
/vessels/details/601360033,MINLIANYU60136-3344,Unknown,601360033
/vessels/details/601817700,RESCUE 3,SAR,601817700
/vessels/details/601740033,60174-33-99,Unknown,601740033
/vessels/details/601650004,60165-4-91,Unknown,601650004
/vessels/details/601023030,FEARLESS,Other type,601023030
/vessels/details/601403000,MALAGAS II,Fishing vessel,601403000
/vessels/details/6603725,SOUTHERN BELLE,Fishing Vessel,6603725
/vessels/details/601960600,FOMO SOLO SAILOR,Sailing vessel,601960600
/vessels/details/601028880,SNOW GOOSE,Fishing vessel,601028880
/vessels/details/7410345,ADENIA,Fishing Vessel,7410345
/vessels/details/601770024,LUZHANYU60177-24-70,Unknown,601770024
/vessels/details/601050001,LU LAN YU 60105-1,Unknown,601050001
/vessels/details/601032790,ENDEAVOUR,Pleasure craft,601032790
/vessels/details/601870200,EN DARA SEANS,Sailing vessel,601870200
/vessels/details/601980039,60198-39-99,Unknown,601980039
/vessels/details/601859000,UKULELE LADY,Sailing vessel,601859000
/vessels/details/601188900,NSRI SART TEST2,SAR,601188900
/vessels/details/601360005,MINLIANYU60136-5-81,Unknown,601360005
/vessels/details/601040570,SEA MASTER,Fishing vessel,601040570
/vessels/details/7108148,OCEANA MARS,Fishing Vessel,7108148
/vessels/details/601622415,60162-15 20,Unknown,601622415
/vessels/details/601910001,60191-01-99,Unknown,601910001
/vessels/details/601035700,SPARTICUS,Fishing vessel,601035700
/vessels/details/601251013,08601-13-80,Unknown,601251013
/vessels/details/601620002,MINLIANYU60162-2-41,Unknown,601620002
/vessels/details/601110368,LX 368-11-99,Unknown,601110368
/vessels/details/601179300,RESCUE 17A,SAR,601179300
/vessels/details/601214800,LOERIESFONTEIN,Fishing vessel,601214800
/vessels/details/601406000,RADIANT STAR,Fishing vessel,601406000
/vessels/details/601962449,LUJIAOYU60196-49-99,Unknown,601962449
/vessels/details/601116722,11167-2-98,Unknown,601116722
/vessels/details/601311200,TINORCA,Sailing vessel,601311200
/vessels/details/601245000,OFFSHORE SUPPLIER,Port tender,601245000
/vessels/details/601696000,VIENTO DEL MAR,Sailing vessel,601696000
/vessels/details/601155200,BELLATRIX,Sailing vessel,601155200
/vessels/details/601024270,CAPE SPIRIT,Port tender,601024270
/vessels/details/601016500,UMFONDINI,Fishing vessel,601016500
/vessels/details/601242800,QUNU,Other type,601242800
/vessels/details/601050080,LULAIYU60105-80-99,Unknown,601050080
/vessels/details/8714827,HARVEST LINDIWE,Fish Factory Ship,8714827
/vessels/details/601217988,NET12179-88-63,Unknown,601217988
/vessels/details/9092238,BOETIE BERT,Fishing Vessel,9092238
/vessels/details/601144300,MIETZ,Sailing vessel,601144300
/vessels/details/601010900,YES GIRL,Sailing vessel,601010900
/vessels/details/601257300,MELISSA KELLEY,Fishing vessel,601257300
/vessels/details/601140500,COLIN B,Fishing vessel,601140500
/vessels/details/601980055,60198-55-88,Unknown,601980055
/vessels/details/601230122,08601-22-55,Unknown,601230122
/vessels/details/601622422,60162-22 90,Unknown,601622422
/vessels/details/601980056,60198-56-99,Unknown,601980056
/vessels/details/601058400,LIQUIDASSET,Pleasure craft,601058400
/vessels/details/601577400,REEL EASY,Other type,601577400
/vessels/details/601548900,MY CHINA,Passenger ship,601548900
/vessels/details/5428104,OCEAN SPRAY,Fishing Vessel,5428104
/vessels/details/601810037,MINLIANYU60181-3795,Unknown,601810037
/vessels/details/9755218,QUNU,Tug,9755218
/vessels/details/601772594,LULAOYU60177-94-89,Unknown,601772594
/vessels/details/601980016,60198-16-58,Unknown,601980016
/vessels/details/601021120,AFRICAN SKIMMER,Sailing vessel,601021120
/vessels/details/601855400,KATONKEL,Pleasure craft,601855400
/vessels/details/601190900,PHOENIX,Sailing vessel,601190900
/vessels/details/601050086,LU LAI YU 60105-86,Unknown,601050086
/vessels/details/601776000,PERLE DU ATLANTIC,Fishing vessel,601776000
/vessels/details/7218503,STAR CREST,Fishing Vessel,7218503
/vessels/details/5303770,S.G.STEPHENS,Tug,5303770
/vessels/details/9602069,LIZIBUKO,Tug,9602069
/vessels/details/601620033,MINLIANYU60162-3366,Unknown,601620033
/vessels/details/601113400,S W HERON,Fishing vessel,601113400
/vessels/details/601041500,AMBER 1,Pleasure craft,601041500
/vessels/details/601164900,LEOPARD A6025,Pleasure craft,601164900
/vessels/details/601296090,ZHEDAIYU01296-90 70,Unknown,601296090
/vessels/details/601070020,LUYANYU60107-20-99,Unknown,601070020
/vessels/details/601050016,LU LAN YU 60105-16,Unknown,601050016
/vessels/details/601208226,LIN 12082-26-41,Unknown,601208226
/vessels/details/601770012,LUZHANYU60177-12-15,Unknown,601770012
/vessels/details/601073900,ROLLING STONE,Pleasure craft,601073900
/vessels/details/7214193,MIZPAH,Fishing Vessel,7214193
/vessels/details/601289600,MALULANI,Sailing vessel,601289600
/vessels/details/601110002,LUDONGYU60111-2-99,Unknown,601110002
/vessels/details/601191100,OCEAN SURGE,Passenger ship,601191100
/vessels/details/601050015,LU LAN YU 60105-15,Unknown,601050015
/vessels/details/601530023,60153-23-40,Unknown,601530023
/vessels/details/601770008,LUZHANYU60177-8-32,Unknown,601770008
/vessels/details/601770031,LUZHANYU60177-31-87,Unknown,601770031
/vessels/details/601980014,60198-14-70,Unknown,601980014
/vessels/details/601770022,LUZHANYU60177-22-76,Unknown,601770022
/vessels/details/7363920,UMZABALAZO,Fishing Vessel,7363920
/vessels/details/601022260,ATLANTIC ROSE,Fishing vessel,601022260
/vessels/details/601214587,NET12145-87-28,Unknown,601214587
/vessels/details/601022750,BIGBAYEVENTS,Pleasure craft,601022750
/vessels/details/601488600,RESCUE 21,SAR,601488600
/vessels/details/601044500,LALAMANZI,Sailing vessel,601044500
/vessels/details/601980004,601980004-93,Unknown,601980004
/vessels/details/7332476,SVEINN JONSSON,Fishing Vessel,7332476
/vessels/details/601772509,LULAOYU60177-A9-95,Unknown,601772509
/vessels/details/601958100,RESCUE 6A,SAR,601958100
/vessels/details/601973400,TYLERS TIDE,Pleasure craft,601973400
/vessels/details/601642900,FISH TALES II,Fishing vessel,601642900
/vessels/details/601634000,OCEAN SURF,Local type,601634000
/vessels/details/601232000,HARVEST GAVINA,Unknown,601232000
/vessels/details/601540000,RUWEKUS,Fishing vessel,601540000
/vessels/details/601170900,SEA GULL,Fishing vessel,601170900
/vessels/details/601160008,LULAOYU60116-8-66,Unknown,601160008
/vessels/details/601783000,ATLANTIC ENTERPRISE,Fishing vessel,601783000
/vessels/details/601772513,LULAOYU60177-A13-99,Unknown,601772513
/vessels/details/601713000,ABE SHAPIRO,Fishing vessel,601713000
/vessels/details/601962447,LUJIAOYU60196-47-42,Unknown,601962447
/vessels/details/601530026,60153-26-48,Unknown,601530026
/vessels/details/601551500,LADY ZOE,Pleasure craft,601551500
/vessels/details/601770014,LUZHANYU60177-14-86,Unknown,601770014
/vessels/details/8119780,UMZUMBE,Tug,8119780
/vessels/details/7385239,RENE,Fishing Vessel,7385239
/vessels/details/601000020,601-20-13,Unknown,601000020
/vessels/details/601050065,ZHEDAIYU60105A65-88,Unknown,601050065
/vessels/details/601770021,LUZHANYU60177-21-91,Unknown,601770021
/vessels/details/9734862,IMVUBU,Tug,9734862
/vessels/details/601371262,SEA CAT 586,Pleasure craft,601371262
/vessels/details/7431791,JUTTEN,Tug,7431791
/vessels/details/601234784,LIAOYINGYU-31367-4,Unknown,601234784
/vessels/details/601830001,JIAO60183-1-01,Unknown,601830001
/vessels/details/601090009,60109-09-99,Fishing vessel,601090009
/vessels/details/7905405,AFRICANA,Fishing Support Vessel,7905405
/vessels/details/601218204,12182-496,Unknown,601218204
/vessels/details/8317679,INYALAZI,Tug,8317679
/vessels/details/601770106,60177-6-99,Unknown,601770106
/vessels/details/601770104,60177-4-97,Unknown,601770104
/vessels/details/8744559,PAKAMANI,Fishing Vessel,8744559
/vessels/details/601880040,LUJIAOYU60188-40-64,Unknown,601880040
/vessels/details/601134900,SV APOTA,Sailing vessel,601134900
/vessels/details/601199700,JIGSAW,Sailing vessel,601199700
/vessels/details/601108600,ABUNDANT LIFE,Sailing vessel,601108600
/vessels/details/601004900,SEASTAR,Fishing vessel,601004900
/vessels/details/601772581,LULAOYU60177-81-91,Unknown,601772581
/vessels/details/7901069,SILVER CHALLENGER,Fishing Vessel,7901069
/vessels/details/601237826,LIN 12378-26-85,Unknown,601237826
/vessels/details/601066900,VUNA LEISA,Fishing vessel,601066900
/vessels/details/601116600,LISA ANN,Fishing vessel,601116600
/vessels/details/601650003,60165-3-96,Unknown,601650003
/vessels/details/601058800,HOTLINE II,Fishing vessel,601058800
/vessels/details/601024200,AKELA II,Pleasure craft,601024200
/vessels/details/601641300,LEAH,Diving ops,601641300
/vessels/details/601740006,60174-6-99,Unknown,601740006
/vessels/details/601770004,LUZHANYU60177-4-69,Unknown,601770004
/vessels/details/601360063,MINLIANYU60136-6394,Unknown,601360063
/vessels/details/8851596,ALLISON,Fishing Vessel,8851596
/vessels/details/601794000,SOUTHERN BELLE,Fishing vessel,601794000
/vessels/details/601810015,YU60181-15-99,Unknown,601810015
/vessels/details/601622420,60162-20 90,Unknown,601622420
/vessels/details/601203100,SNIPE,Pilot,601203100
/vessels/details/601176800,MAGIC,Sailing vessel,601176800
/vessels/details/601130800,TUG LIZIBUKO,Tug,601130800
/vessels/details/601004700,SEA ROBIN,Fishing vessel,601004700
/vessels/details/601070022,LUYANYU60107-22-96,Unknown,601070022
/vessels/details/601224200,MY BOAZ,Pleasure craft,601224200
/vessels/details/601000010,601-10-81,Unknown,601000010
/vessels/details/601050022,LU LAN YU 60105-22,Unknown,601050022
/vessels/details/601119400,34 SOUTH,Sailing vessel,601119400
/vessels/details/8744597,VULCAN,Fishing Vessel,8744597
/vessels/details/601826000,AMORIA,Fishing vessel,601826000
/vessels/details/601272500,PHAKISA,Other type,601272500
/vessels/details/9881990,OCEAN HERCULES,Fishing Vessel,9881990
/vessels/details/601102700,CAPE STORM,Sailing vessel,601102700
/vessels/details/8114479,ATU-S,Fishing Support Vessel,8114479
/vessels/details/601810009,YU60181-9-91,Unknown,601810009
/vessels/details/601050068,ZHEDAIYU60105A68-99,Unknown,601050068
/vessels/details/601308200,AFRICAN QUEEN,Fishing vessel,601308200
/vessels/details/601024300,SULAIMAN,Fishing vessel,601024300
/vessels/details/601907000,CIAO BELLA,Sailing vessel,601907000
/vessels/details/601510007,60151-7-99,Unknown,601510007
/vessels/details/8003981,LAVERNE,Fishing Vessel,8003981
/vessels/details/601772590,LULAOYU60177-90-91,Unknown,601772590
/vessels/details/601910004,60191-4-99,Unknown,601910004
/vessels/details/601770005,LULAOYU60177-5-99,Unknown,601770005
/vessels/details/601161000,UMHLALI,Tug,601161000
/vessels/details/601962444,LUJIAOYU60196-44-71,Unknown,601962444
/vessels/details/4736487,SAS KING ADAM KOKIII,Patrol Vessel,4736487
/vessels/details/601040770,JOIE DE VIE,Sailing vessel,601040770
/vessels/details/601255300,GARNET,Diving ops,601255300
/vessels/details/601989600,BRAVEHEART,Fishing vessel,601989600
/vessels/details/601035140,MISTY MOON 2,Local type,601035140
/vessels/details/601662700,NORTHERN LIGHT,Pleasure craft,601662700
/vessels/details/601770002,LUZHANYU60177-2-27,Unknown,601770002
/vessels/details/601086800,RRR,Fishing vessel,601086800
/vessels/details/601020601,MPHO2,Fishing vessel,601020601
/vessels/details/601728000,ELANDSBERG,Fishing vessel,601728000
/vessels/details/601011640,STOMPIE 3,Pleasure craft,601011640
/vessels/details/601058600,DIVINE WIND,Sailing vessel,601058600
/vessels/details/7634056,HELENA MARIE,Fishing Vessel,7634056
/vessels/details/601470000,YPSILANTI,Sailing vessel,601470000
/vessels/details/601101111,60110-144,Unknown,601101111
/vessels/details/7014713,ATLANTIC ENTERPRISE,Fishing Vessel,7014713
/vessels/details/6404014,JACARANDA,Fishing Vessel,6404014
/vessels/details/8603896,KORYO MARU NO. 11,Fishing Vessel,8603896
/vessels/details/601028900,BRIGITTE,Fishing vessel,601028900
/vessels/details/601180012,60118-12-93,Unknown,601180012
/vessels/details/601378300,HARVEST MZANSI,Fishing vessel,601378300
/vessels/details/601311320,60131132-00-82,Unknown,601311320
/vessels/details/601948169,DATOUSHUICHAN,Fishing vessel,601948169
/vessels/details/601784000,BOETIE AKIE,Fishing vessel,601784000
/vessels/details/601170600,IVUBU,Pilot,601170600
/vessels/details/601791000,ADENIA,Fishing vessel,601791000
/vessels/details/601090023,60109-23-99,Unknown,601090023
/vessels/details/601130100,SIKHULULEKILE,Pleasure craft,601130100
/vessels/details/601807000,REALEKA,Fishing vessel,601807000
/vessels/details/601953513,LIN 19535-13-97,Unknown,601953513
/vessels/details/601770113,60177-13-99,Unknown,601770113
/vessels/details/601230023,MINLIANYU60123-23,Unknown,601230023
/vessels/details/601079300,SUNDOWNER ROSE,Sailing vessel,601079300
/vessels/details/601645700,ODYSSEUS,Passenger ship,601645700
/vessels/details/5301667,THEO RUBIS,Fishing Vessel,5301667
/vessels/details/9282247,VICTORIA MXENGE,Fishing Support Vessel,9282247
/vessels/details/601962437,LUJIAOYU60196-37-52,Unknown,601962437
/vessels/details/601568600,ALALUNGA,Fishing vessel,601568600
/vessels/details/601694200,SEABELLA,Sailing vessel,601694200
/vessels/details/8119807,UMSUNDUZI,Tug,8119807
/vessels/details/601224000,HARVEST SELINA,Fishing vessel,601224000
/vessels/details/601510010,60151-10-94,Unknown,601510010
/vessels/details/9734874,INYATHI,Tug,9734874
/vessels/details/601555000,ALERT 111,Fishing vessel,601555000
/vessels/details/601355700,SEA BIRD,Sailing vessel,601355700
/vessels/details/601770010,LUZHANYU60177-10-09,Unknown,601770010
/vessels/details/601787000,HIGHLAND QUEEN,Fishing vessel,601787000
/vessels/details/601988800,HYDRO THERAPY,Pleasure craft,601988800
/vessels/details/601236300,NSRI DRIFT BUOY 18,Fishing vessel,601236300
/vessels/details/601218240,LIN12182-40-63,Unknown,601218240
/vessels/details/8774451,ATLANTIC HUNTER,Fishing Vessel,8774451
/vessels/details/601604100,KEG,Sailing vessel,601604100
/vessels/details/601250002,LUJIAOYU60125-2-89,Unknown,601250002
/vessels/details/601186200,ABIGALE,Sailing vessel,601186200
/vessels/details/601722400,LYNX,Fishing vessel,601722400
/vessels/details/601161300,MBAMBATHA,Fishing vessel,601161300
/vessels/details/601061300,RESCUE 3,SAR,601061300
/vessels/details/601234511,ZHEDAIYU06482-11 50,Unknown,601234511
/vessels/details/8687880,TIYALINA,Fishing Vessel,8687880
/vessels/details/601282020,LIN12820-20-81,Unknown,601282020
/vessels/details/7052167,RUWEKUS,Fishing Vessel,7052167
/vessels/details/601077100,FAST FORWARD,Sailing vessel,601077100
/vessels/details/8744391,OMS DOMINANT,Offshore Tug/Supply Ship,8744391
/vessels/details/601089100,SOUTH WEST CONDOR,Fishing vessel,601089100
/vessels/details/601674200,OCEAN HERCULES,Fishing vessel,601674200
/vessels/details/601717801,17178-01-91,Unknown,601717801
/vessels/details/601034500,ANDANTE,Sailing vessel,601034500
/vessels/details/601028430,FLUKIN,HSC,601028430
/vessels/details/601563000,WILDEKUS,Fishing vessel,601563000
/vessels/details/601888815,21377-15-82,Unknown,601888815
/vessels/details/601218800,WALLBANGER,Sailing vessel,601218800
/vessels/details/8744602,MAVERICK,Fishing Vessel,8744602
/vessels/details/601525100,CREST 1,Local type,601525100
/vessels/details/601362500,RESCUE 15A,SAR,601362500
/vessels/details/601809500,601809500,Fishing vessel,601809500
/vessels/details/601083500,ZEPHYR,Sailing vessel,601083500
/vessels/details/601111110,MAKING MEMORIES,Pleasure craft,601111110
/vessels/details/601266500,INMOTION ONE,Local type,601266500
/vessels/details/601022380,TANGO 1,SAR,601022380
/vessels/details/601987000,SAN PBR-1,Unknown,601987000
/vessels/details/601088988,XYY88988-207.8V,Unknown,601088988
/vessels/details/601532100,DONNA MARI,Fishing vessel,601532100
/vessels/details/601295313,LIN12953-13-74,Unknown,601295313
/vessels/details/601150300,DUE SOUTH,Fishing vessel,601150300
/vessels/details/601226541,RESCUE 15B,SAR,601226541
/vessels/details/601811000,CAPE FRIO,Fishing vessel,601811000
/vessels/details/601197300,RESCUE 11A,SAR,601197300
/vessels/details/601013400,SILVERLEADER,Fishing vessel,601013400
/vessels/details/601360013,MINLIANYU60136-1399,Unknown,601360013
/vessels/details/601488700,SHARMAINE,Pleasure craft,601488700
/vessels/details/7333224,INDWA,Tug,7333224
/vessels/details/9366316,NOMASA,Offshore Tug/Supply Ship,9366316
/vessels/details/601869900,FEARLESS,Fishing vessel,601869900
/vessels/details/601002300,SANTA ANA,Fishing vessel,601002300
/vessels/details/601020222,KOEVOET,Fishing vessel,601020222
/vessels/details/9778648,AUKWATOWA,Tug,9778648
/vessels/details/601219800,RESCUE 5,Local type,601219800
/vessels/details/8671269,RED BISHOP,Pilot Vessel,8671269
/vessels/details/9778650,AOGATOA,Tug,9778650
/vessels/details/601499300,RESTLESS WAVE,Fishing vessel,601499300
/vessels/details/601770013,LUZHANYU60177-13-99,Unknown,601770013
/vessels/details/601987900,ARAGON,Pleasure craft,601987900
/vessels/details/601630000,MOONDUST,Sailing vessel,601630000
/vessels/details/601810011,YU60181-11-43,Unknown,601810011
/vessels/details/601003050,ANTONETTE,Fishing vessel,601003050
/vessels/details/601038700,DAPHNE DU CAP,Sailing vessel,601038700
/vessels/details/601770109,60177-9-99,Unknown,601770109
/vessels/details/601553400,ILOVANE,Fishing vessel,601553400
/vessels/details/7125689,ARANOS,Fishing Vessel,7125689
/vessels/details/601808000,PLETTENBERG,Fishing vessel,601808000
/vessels/details/601651000,SILVER DOLPHIN,Fishing vessel,601651000
/vessels/details/601116800,LIENKIE,Sailing vessel,601116800
/vessels/details/8954506,DE NEYS,Tug,8954506
/vessels/details/601050053,LUJIAOYU60105-53-97,Unknown,601050053
/vessels/details/601231924,LIN 12319-24-93,Unknown,601231924
/vessels/details/8610837,HARVEST NANDI,Fishing Vessel,8610837
/vessels/details/601024800,SAGAX,Fishing vessel,601024800
/vessels/details/601155600,PRINS WILLEM 1,Fishing vessel,601155600
/vessels/details/8952065,SEA EXPRESS,Offshore Tug/Supply Ship,8952065
/vessels/details/601047100,RESCUE4A,SAR,601047100
/vessels/details/601207300,UNE BELLA VIE,Passenger ship,601207300
/vessels/details/7325265,AUGUSTA I,Fishing Vessel,7325265
/vessels/details/601233145,NSRI DRIFT BUOY 39,Unknown,601233145
/vessels/details/601072800,SEAWIN RUBY,Fishing vessel,601072800
/vessels/details/601214600,REEL SCREAMER,Pleasure craft,601214600
/vessels/details/6404545,RIJNMOND IV,Fishing Vessel,6404545
/vessels/details/601263800,DAGBREEK,Fishing vessel,601263800
/vessels/details/601043600,JULIETTE,Fishing vessel,601043600
/vessels/details/601381002,1381-2-93,Unknown,601381002
/vessels/details/601234500,MISTY MOON,Pleasure craft,601234500
/vessels/details/601050061,ZHEDAIYU60105A61-93,Unknown,601050061
/vessels/details/601250100,SENHOR DO MUNDO,Fishing vessel,601250100
/vessels/details/601231700,BOSSS RELIANCE,Port tender,601231700
/vessels/details/8530221,LADY AQEELAH,Fishing Vessel,8530221
/vessels/details/601007280,MICAH,Pleasure craft,601007280
/vessels/details/601710000,PENKOP II,Fishing vessel,601710000
/vessels/details/9602203,LOTHENI,Tug,9602203
/vessels/details/601030560,LIAM,Diving ops,601030560
/vessels/details/601592300,SHADES OF BLUE,Pleasure craft,601592300
/vessels/details/601233256,NSRI DRIFT BUOY 20,SAR,601233256
/vessels/details/601510004,60151-4-99,Unknown,601510004
/vessels/details/601806600,601806600,Fishing vessel,601806600
/vessels/details/601353000,ALISON,Sailing vessel,601353000
/vessels/details/601570200,0CEAN PRINCESS ZARA,Tug,601570200
/vessels/details/601494000,CASABLANCA,Fishing vessel,601494000
/vessels/details/601223300,ENERGY,Tanker,601223300
/vessels/details/601525800,SV ARAGON,Sailing vessel,601525800
/vessels/details/601797800,601797800,Fishing vessel,601797800
/vessels/details/601772000,MFV GARY,Fishing vessel,601772000
/vessels/details/601740009,60174-9-36,Unknown,601740009
/vessels/details/601360058,MINLIANYU60136-5889,Unknown,601360058
/vessels/details/601160002,LULAOYU60116-2-99,Unknown,601160002
/vessels/details/601110600,DREAMSCAPE,Pleasure craft,601110600
/vessels/details/601684600,CAPE FLYER,Sailing vessel,601684600
/vessels/details/601690004,BAOYUQU60169-4-11,Unknown,601690004
/vessels/details/601176700,TERRASAN 1,Fishing vessel,601176700
/vessels/details/9305439,SEAWIN RUBY,Fishing Vessel,9305439
/vessels/details/601008633,10086-3-99,Unknown,601008633
/vessels/details/601635200,MALALIJO,Sailing vessel,601635200
/vessels/details/601748000,SEA PRIDE 2,Fishing vessel,601748000
/vessels/details/601001300,VUKANI 2,Fishing vessel,601001300
/vessels/details/601731400,601731400,Fishing vessel,601731400
/vessels/details/601214582,NET12145-82-18,Unknown,601214582
/vessels/details/7521716,NOSSOB,Fishing Vessel,7521716
/vessels/details/601212900,RHYTHM OF MY HEART,Pleasure craft,601212900
/vessels/details/601024650,SUPERLITE II,Port tender,601024650
/vessels/details/601069800,KU ULA,Fishing vessel,601069800
/vessels/details/601050071,ZHEDAIYU60105A71-99,Unknown,601050071
/vessels/details/601967240,19672-40-87,Unknown,601967240
/vessels/details/9405150,SOUTHERN VALOUR,Bunkering Tanker,9405150
/vessels/details/9611307,SEA HUNTER,Fishing Vessel,9611307
/vessels/details/601862610,18626-10-71,Unknown,601862610
/vessels/details/8670887,TERRASAN 1,Fishing Vessel,8670887
/vessels/details/601250004,LUJIAOYU60125-4-65,Unknown,601250004
/vessels/details/601250600,SERENDIPITY,Sailing vessel,601250600
/vessels/details/601577200,CECILY,Unknown,601577200
/vessels/details/601786000,GREGORY JUSTIN,Fishing vessel,601786000
/vessels/details/9514494,ILITHA,Chemical/Oil Products Tanker,9514494
/vessels/details/601029230,RESCUE 40,SAR,601029230
/vessels/details/601020602,ONWA43925,Fishing vessel,601020602
/vessels/details/601236312,NSRI DRIFT BUOY 10,SAR,601236312
/vessels/details/601180009,60118-9-50,Unknown,601180009
/vessels/details/601615000,TOMREN,Fishing vessel,601615000
/vessels/details/601219926,LIN 12199-26-76,Unknown,601219926
/vessels/details/601050031,LU LAI YU 60105-31,Unknown,601050031
/vessels/details/9755268,USIBA,Tug,9755268
/vessels/details/601225900,TRANSPORTER,Pilot,601225900
/vessels/details/601772102,LULAOYU60177-102-97,Unknown,601772102
/vessels/details/601160009,LULAOYU60116-9-99,Unknown,601160009
/vessels/details/601000001,GHOERIEMAN,Unknown,601000001
/vessels/details/601050058,ZHEDAIYU60105A58-91,Unknown,601050058
/vessels/details/601870006,LUCHENGYU60187-6-88,Unknown,601870006
/vessels/details/601770101,60177-1-61,Unknown,601770101
/vessels/details/601770018,LUZHANYU60177-18-44,Unknown,601770018
/vessels/details/8733316,TINA,Fishing Vessel,8733316
/vessels/details/601544600,FOOTLOOSE,Sailing vessel,601544600
/vessels/details/601699000,CASTELLA,Fishing vessel,601699000
/vessels/details/601050085,LU LAI YU 60105-85,Unknown,601050085
/vessels/details/601050064,LUJIAOYU60105-64-99,Unknown,601050064
/vessels/details/601199800,RESCUE 20,SAR,601199800
/vessels/details/601000011,601-11-99,Unknown,601000011
/vessels/details/601556500,ZAP 1,Sailing vessel,601556500
/vessels/details/601214590,NET12145-90-82,Unknown,601214590
/vessels/details/601980051,60198-51-89,Unknown,601980051
/vessels/details/601801000,EBB TIDE,Fishing vessel,601801000
/vessels/details/601047400,VIVIAN C,Fishing vessel,601047400
/vessels/details/601150100,DONNA MIA,Sailing vessel,601150100
/vessels/details/601157073,ZHEDAIYU01157-73 90,Unknown,601157073
/vessels/details/601251012,08601-12-77,Unknown,601251012
/vessels/details/601050054,ZHEDAIYU60105A54-99,Unknown,601050054
/vessels/details/601000012,601-12-99,Unknown,601000012
/vessels/details/7901033,SILVER BOUNTY,Fishing Vessel,7901033
/vessels/details/601008870,POSEIDON,Fishing vessel,601008870
/vessels/details/601372765,MINPUYU50838-39-61,Unknown,601372765
/vessels/details/601020720,TANGO 4,SAR,601020720
/vessels/details/601987500,EASY RIDER,Fishing vessel,601987500
/vessels/details/601223600,NUTHR WITCH,Pleasure craft,601223600
/vessels/details/8671233,JESTER,Passenger Ship,8671233
/vessels/details/601772591,LULAOYU60177-91-93,Unknown,601772591
/vessels/details/601578000,EIGEVELD,Fishing vessel,601578000
/vessels/details/601910005,60191-05-99,Unknown,601910005
/vessels/details/601245900,ATLANTIC HAVOC,Fishing vessel,601245900
/vessels/details/601570600,WINDPOWER2,Pleasure craft,601570600
/vessels/details/601050087,LU LAI YU 60105-87,Unknown,601050087
/vessels/details/601083900,RESCUE 24,SAR,601083900
/vessels/details/8744614,OCEAN CREST,Fishing Vessel,8744614
/vessels/details/601093300,SEA FLAIR,Sailing vessel,601093300
/vessels/details/601227500,AUKWATOWA,Other type,601227500
/vessels/details/601228120,LIN12281-20-79,Unknown,601228120
/vessels/details/601223400,BONGANI,Tanker,601223400
/vessels/details/601010400,ANDROMEDA SOL,Pleasure craft,601010400
/vessels/details/601942500,SNATCH,Sailing vessel,601942500
/vessels/details/601140600,JACQUELINE,Fishing vessel,601140600
/vessels/details/601510079,60151-79-93,Unknown,601510079
/vessels/details/6515057,OOSKUS I,Fishing Vessel,6515057
/vessels/details/601000013,601-13-99,Unknown,601000013
/vessels/details/8744420,VLEIGANS,Fishing Vessel,8744420
/vessels/details/601980008,601980008-93,Unknown,601980008
/vessels/details/601025860,MAYA,Sailing vessel,601025860
/vessels/details/601136100,RESCUE 22,SAR,601136100
