url,name,type,imo
/vessels/details/9235361,MARIA FRANCISCA,General Cargo Ship,9235361
/vessels/details/5124162,FUNCHAL,Passenger (Cruise) Ship,5124162
/vessels/details/7002409,BERRIO,Vessel (function unknown),7002409
/vessels/details/7234636,PRINCESA SANTA JOANA,Fishing Vessel,7234636
/vessels/details/9297694,FRANCA MORTE,Fishing Vessel,9297694
/vessels/details/9048902,SANTA PRINCESA,Fish Factory Ship,9048902
/vessels/details/8402010,MARIO RUIVO,Research Vessel,8402010
/vessels/details/4724422,SINES,Patrol Vessel,4724422
/vessels/details/7362823,AVEIRENSE,Fishing Vessel,7362823
/vessels/details/6805268,SANTA MAFALDA,Fishing Vessel,6805268
/vessels/details/7228091,COIMBRA,Fishing Vessel,7228091
/vessels/details/6608309,SANTA CRISTINA,Fishing Vessel,6608309
/vessels/details/6711390,LUTADOR,Fishing Vessel,6711390
/vessels/details/8803537,CIDADE DE AMARANTE,Fishing Vessel,8803537
/vessels/details/9630884,SACOR II,Oil Products Tanker,9630884
/vessels/details/9671620,OMVAC EUME,Hopper Dredger,9671620
/vessels/details/9021590,PASCOAL ATLANTICO,Fishing Vessel,9021590
/vessels/details/8830920,NRP D CARLOS I,Research Vessel,8830920
/vessels/details/8835499,ALMIRANTE GAGO COUTINHO,Research Vessel,8835499
/vessels/details/8505630,JOANINHA,Dredger,8505630
/vessels/details/7039464,PORTO NOVO,Hopper Dredger,7039464
/vessels/details/7437094,ARLINDO ROCHA,Motor Hopper,7437094
/vessels/details/7349390,MANUEL DE OLIVEIRA,Motor Hopper,7349390
/vessels/details/9060998,MONDEGO,Patrol Vessel,9060998
/vessels/details/9850288,JOSE DUARTE,Hopper Dredger,9850288
/vessels/details/7385198,CALVAO,Fishing Vessel,7385198
/vessels/details/5080720,MAIA,General Cargo Ship,5080720
/vessels/details/8619687,NOVO VIRGEM DA BARCA,Fishing Vessel,8619687
/vessels/details/5057644,GARRANO,Dredger,5057644
/vessels/details/9418212,ROLA DO MAR,Passenger/Ro-Ro Cargo Ship,9418212
/vessels/details/9418224,PATO REAL,Passenger/Ro-Ro Cargo Ship,9418224
/vessels/details/5037644,CAPRI,Passenger (Cruise) Ship,5037644
/vessels/details/9034286,SEA STAR,Passenger Ship,9034286
/vessels/details/9263461,BRAVEHEART,Tug,9263461
/vessels/details/9586215,MY ALAMSHAR,Yacht,9586215
/vessels/details/8813049,AL GHARB,Hopper Dredger,8813049
/vessels/details/9270098,DAMIAO DE GOES,Passenger Ship,9270098
/vessels/details/9283368,MIGUEL TORGA,Passenger Ship,9283368
/vessels/details/9283411,ALMEIDA GARRET,Passenger Ship,9283411
/vessels/details/9283409,JORGE DE SENA,Passenger Ship,9283409
/vessels/details/9283382,GIL VICENTE,Passenger Ship,9283382
/vessels/details/9975997,PERNA VERDE,Passenger Ship,9975997
/vessels/details/9955870,GARCA VERMELHA,Passenger Ship,9955870
/vessels/details/9956367,FLAMINGO ROSA,Passenger Ship,9956367
/vessels/details/9956381,TARAMBOLA-DOURADA,Passenger Ship,9956381
/vessels/details/9936501,CEGONHA BRANCA,Passenger Ship,9936501
/vessels/details/9975985,MILHAFRE PRETO,Passenger Ship,9975985
/vessels/details/7704992,NORUEGA,Fishing Support Vessel,7704992
/vessels/details/9956379,IBIS PRETO,Passenger Ship,9956379
/vessels/details/5081918,CREOULA,Sailing Vessel,5081918
/vessels/details/8747666,VAROSA,Motor Hopper,8747666
/vessels/details/6806640,PONTA DA BARCA,General Cargo Ship,6806640
/vessels/details/9042635,S.JORGE,Inland Passenger,9042635
/vessels/details/8734695,VALMITAO,Fishing Vessel,8734695
/vessels/details/8137873,PHILAE,Motor Hopper,8137873
/vessels/details/9280043,AVO MUSICO,Fishing Vessel,9280043
/vessels/details/9710153,MONTE DA LUZ,Tug,9710153
/vessels/details/8734671,NOVO RUIVO,Fishing Vessel,8734671
/vessels/details/9503512,CASTELO DE SINES,Tug,9503512
/vessels/details/9428231,ROAZ CORVINEIRO,Passenger Ship,9428231
/vessels/details/8655928,BRASINHO,Hopper Dredger,8655928
/vessels/details/9166596,SE,Passenger Ship,9166596
/vessels/details/9166601,CARNIDE,Passenger Ship,9166601
/vessels/details/9156010,AROEIRA,Passenger Ship,9156010
/vessels/details/9155779,S.JULIAO,Passenger Ship,9155779
/vessels/details/7234961,SAO MIGUEL,Tug,7234961
/vessels/details/9112612,CHIADO,Passenger Ship,9112612
/vessels/details/9112533,CASTELO,Passenger Ship,9112533
/vessels/details/9112521,ALGES,Passenger Ship,9112521
/vessels/details/5023564,POLYNESIA,Leisure Vessels,5023564
/vessels/details/8981717,LISBOA VISTA DO TEJO,Inland Passenger,8981717
/vessels/details/9371713,MAR DE JAVA,Fishing Vessel,9371713
/vessels/details/9296925,BALUEIRO,Fishing Vessel,9296925
/vessels/details/9319179,CASTELO DE SAO JORGE,Tug,9319179
/vessels/details/7902348,MONTEVIL,Tug,7902348
/vessels/details/6904870,CECILIA A,General Cargo Ship,6904870
/vessels/details/9113082,DESTERRO,Hopper Dredger,9113082
/vessels/details/8880482,AQUARIUS,Deck Cargo Ship,8880482
/vessels/details/9930600,TETIS,Tug,9930600
/vessels/details/8812069,HEMISFERIO NORTE,Fishing Vessel,8812069
/vessels/details/9269623,PEDRO NUNES,Passenger Ship,9269623
/vessels/details/9269635,CESARIO VERDE,Passenger Ship,9269635
/vessels/details/8791617,MARETA,Motor Hopper,8791617
/vessels/details/9010187,ARTUR E TERESA,Fishing Vessel,9010187
/vessels/details/9007180,MAR LARGO,Fishing Vessel,9007180
/vessels/details/8747070,ISABEL C,General Cargo Ship,8747070
/vessels/details/7808035,INDEPENDENCIA,Passenger Ship,7808035
/vessels/details/9438937,MONTEMURO,Tug,9438937
/vessels/details/9139189,ALTER EGO,Yacht,9139189
/vessels/details/7813236,PRINCIPE DA BEIRA,Passenger Ship,7813236
/vessels/details/5239931,PRINCIPE PERFEITO,Passenger Ship,5239931
/vessels/details/7808671,SINTRENSE,Passenger Ship,7808671
/vessels/details/7808669,SEIXALENSE,Passenger Ship,7808669
/vessels/details/6901488,GUARDIAO,Tug,6901488
/vessels/details/7014505,MONTE DE SAO BRAS,Tug,7014505
/vessels/details/9246243,CASTELO DE LEIRIA,Tug,9246243
/vessels/details/8205644,EXPRESSO DO TRIANGULO,Passenger Ship,8205644
/vessels/details/7813212,DAFUNDO,Passenger Ship,7813212
/vessels/details/9096882,SCORPIUS,Fishing Vessel,9096882
/vessels/details/5343598,ST. PAULUS,Passenger Ship,5343598
/vessels/details/9071246,MONFORTE,Tug,9071246
/vessels/details/7813195,LUCIMAR,Fishing Vessel,7813195
/vessels/details/7825942,FOZ DA NAZARE,Fishing Vessel,7825942
/vessels/details/7422946,PENINSULA,Fishing Vessel,7422946
/vessels/details/9289439,CASTELO DE VIANA,Tug,9289439
/vessels/details/9335393,ROAZ,Fishing Vessel,9335393
/vessels/details/7218280,CARAMUJO,Tug,7218280
/vessels/details/9551387,PROGRESSO FUTURO,Fishing Vessel,9551387
/vessels/details/9096856,CENTAURUS,Fishing Vessel,9096856
/vessels/details/8513754,PORTUGS SINES,Tug,8513754
/vessels/details/9096868,DELPHINUS,Fishing Vessel,9096868
/vessels/details/9096870,SAGITTARIUS,Fishing Vessel,9096870
/vessels/details/8000848,PORTUGS LEIXOES,Tug,8000848
/vessels/details/8113657,PORTUGS CASCAIS,Tug,8113657
/vessels/details/7911416,MONTEVIL,Tug,7911416
/vessels/details/8689448,MAR IBERICO,Fishing Vessel,8689448
/vessels/details/8117495,PORTUGS LISBOA,Tug,8117495
/vessels/details/9179804,SAO GONCALINHO,Fishing Vessel,9179804
/vessels/details/9313319,SIMON BALAYO SAMBADE,Fishing Vessel,9313319
/vessels/details/9175389,NOVOMAR,Fishing Vessel,9175389
/vessels/details/7626097,MERCURIO,Tug,7626097
/vessels/details/9641106,NEREU,Tug,9641106
/vessels/details/9201267,ALBAMAR,Fishing Vessel,9201267
/vessels/details/9641118,AQUILES,Tug,9641118
/vessels/details/9057343,ZODIACO,Fishing Vessel,9057343
/vessels/details/9057355,NEPTUNO,Fishing Vessel,9057355
/vessels/details/7922568,CRUZ DE MALTA,Fishing Vessel,7922568
/vessels/details/7507722,GONCALVES ZARCO,Fishing Vessel,7507722
/vessels/details/9280031,TONI PIRES,Fishing Vessel,9280031
/vessels/details/9276119,MONTENOVO,Tug,9276119
/vessels/details/8610784,CAROLINA TEIXEIRA,Fishing Vessel,8610784
/vessels/details/8117483,PORTUGS VIANA,Tug,8117483
/vessels/details/9223978,PRAIA SAO FRANCISCO,Fishing Vessel,9223978
/vessels/details/8602610,MAR PORTUGUES,Fishing Vessel,8602610
/vessels/details/9275610,BRUTIMAR,Fishing Vessel,9275610
/vessels/details/8748050,CIDADE DE ALBUFEIRA,Fishing Vessel,8748050
/vessels/details/9192870,CRISTINA PEDROSA,Fishing Vessel,9192870
/vessels/details/8212776,NADIR,Fishing Vessel,8212776
/vessels/details/8906420,CIDADE CELESTIAL,Fishing Vessel,8906420
/vessels/details/9209180,SATURNO,Fishing Vessel,9209180
/vessels/details/8906432,IRIS DO MAR,Fishing Vessel,8906432
/vessels/details/8687476,NOSSA,Fishing Vessel,8687476
/vessels/details/8689412,PIRES COELHO,Fishing Vessel,8689412
/vessels/details/9148702,FV MAR DE AGUEDA,Fishing Vessel,9148702
/vessels/details/7911428,MONTINHO,Tug,7911428
/vessels/details/9139103,BEIRA LITORAL,Fishing Vessel,9139103
/vessels/details/8030013,RIO GUADIANA,Ro-Ro Cargo Ship,8030013
/vessels/details/8748036,FIUZA,Fishing Vessel,8748036
/vessels/details/9312262,CRUZ DE MALTA,Fishing Vessel,9312262
/vessels/details/8689644,AURORA BOREAL,Fishing Vessel,8689644
/vessels/details/8798756,JOAO PINTO,Fishing Vessel,8798756
/vessels/details/7305332,MEXILHAO,Fishing Vessel,7305332
/vessels/details/7533642,SPARTACUS,Tug,7533642
/vessels/details/7533654,ULISSES,Tug,7533654
/vessels/details/7533666,GOLIAS,Tug,7533666
/vessels/details/9079262,MAR DE LAGOS,Fishing Vessel,9079262
/vessels/details/8647892,ASTER,Fishing Vessel,8647892
/vessels/details/5272763,RIO NEIVA,Trawler,5272763
/vessels/details/9067738,FV VELLINO,Fishing Vessel,9067738
/vessels/details/9139098,MAR DA GALEGA,Fishing Vessel,9139098
/vessels/details/9055773,SARAMAGO,Fishing Vessel,9055773
/vessels/details/8734683,AFFINIS,Fishing Vessel,8734683
/vessels/details/8733861,ANTONIO DO VELLINO,Fishing Vessel,8733861
/vessels/details/8689498,DRACO,Fishing Vessel,8689498
/vessels/details/8647880,CARMEN BANDEIRA,Fishing Vessel,8647880
/vessels/details/8916877,MARNOTO DE AVEIRO,Fishing Vessel,8916877
/vessels/details/8916889,DENEB,Fishing Vessel,8916889
/vessels/details/9205029,AGRIAO,Fishing Vessel,9205029
/vessels/details/8906444,GEMINI,Fishing Vessel,8906444
/vessels/details/9039781,MAR SALGADO,Fishing Vessel,9039781
/vessels/details/8916906,TRICANA DE AVEIRO,Fishing Vessel,8916906
/vessels/details/9010228,CRUSTAMAR,Fishing Vessel,9010228
/vessels/details/9193410,LAJES DO PICO,Fishing Vessel,9193410
/vessels/details/9022051,PRINCIPESSA,Yacht,9022051
/vessels/details/8797051,NUNO PINTO,Fishing Vessel,8797051
/vessels/details/8422266,PESCAL,Fishing Vessel,8422266
/vessels/details/9881718,P01 BOJADOR,Offshore Tug/Supply Ship,9881718
/vessels/details/9214795,COSTASUL,Fishing Vessel,9214795
/vessels/details/9189483,EISKOS,Fishing Vessel,9189483
/vessels/details/8798043,RAFAEL Y ANA,Fishing Vessel,8798043
/vessels/details/9156008,NOVO LAGOAL,Fishing Vessel,9156008
/vessels/details/8984068,FA.ITH,Yacht,8984068
/vessels/details/8612029,MESTRE JOAO RICO,Fishing Vessel,8612029
/vessels/details/9205237,NRP SAGITARIO,Patrol Vessel,9205237
/vessels/details/8984070,MISS CANDY,Yacht,8984070
/vessels/details/8687012,PESCA ATUM,Fishing Vessel,8687012
/vessels/details/8735065,RAIANDO EL SOL,Fishing Vessel,8735065
/vessels/details/8735106,ALGAMAR,Fishing Vessel,8735106
/vessels/details/7407099,AJAX,Tug,7407099
/vessels/details/8606343,PEPE CUMBRERA,Fishing Vessel,8606343
/vessels/details/8229470,SILMAR,Fishing Vessel,8229470
/vessels/details/8797219,ESTRELA DE SESIMBRA,Fishing Vessel,8797219
/vessels/details/9088914,CONDOR,Fishing Vessel,9088914
/vessels/details/9148661,MESTRE EMILIANO,Fishing Vessel,9148661
/vessels/details/8687311,GENOVA,Fishing Vessel,8687311
/vessels/details/8411712,LUISA BALSEIRO,Fishing Vessel,8411712
/vessels/details/9184275,SALINAS DE AVEIRO,Tug,9184275
/vessels/details/8707238,AUGUSTO DA CUNHA JR.,Fishing Vessel,8707238
/vessels/details/8434386,MONTEBELO,Tug,8434386
/vessels/details/8799918,FALCAO DO MAR,Fishing Vessel,8799918
/vessels/details/6729438,COMANDANTE AGUAS,Tug,6729438
/vessels/details/9156321,GARCIA MIGUEL,Fishing Vessel,9156321
/vessels/details/9813486,BAIA DO SEIXAL,Pusher Tug,9813486
/vessels/details/9080833,AMETISTA,Pusher Tug,9080833
/vessels/details/5276082,LEAO HOLANDES,Passenger Ship,5276082
/vessels/details/9205225,PEGASO,Patrol Vessel,9205225
/vessels/details/263959158,KNOT WORK,Sailing vessel,263959158
/vessels/details/263020000,NATO WARSHIP F333,Military ops,263020000
/vessels/details/263671950,RAMAVEIRO,Dredging or UW ops,263671950
/vessels/details/263051000,ISN SR 44,SAR,263051000
/vessels/details/263959844,O NORTE,Sailing vessel,263959844
/vessels/details/263701960,GARCA BRANCA,Passenger ship,263701960
/vessels/details/263701860,S.PAULUS,Passenger ship,263701860
/vessels/details/263410690,ESTRELA DE ANCORA,Other type,263410690
/vessels/details/263959645,IZUMI MARU DE LISBOA,Sailing vessel,263959645
/vessels/details/263406560,PEIXE AZUL,Fishing vessel,263406560
/vessels/details/263500201,RUMO DA SR.A DA GUIA,Fishing vessel,263500201
/vessels/details/263440893,SAO JORGE,Sailing vessel,263440893
/vessels/details/263402840,RIO MIRA,Fishing vessel,263402840
/vessels/details/263442644,TREINO DE MAR II,Sailing vessel,263442644
/vessels/details/263921540,BAZZA,Sailing vessel,263921540
/vessels/details/263673936,EMERALD RADIANCE,Passenger ship,263673936
/vessels/details/263405970,VIRGEM DAS GRACAS,Fishing vessel,263405970
/vessels/details/263958972,CIAO,Pleasure craft,263958972
/vessels/details/263514000,PESCAL,Unknown,263514000
/vessels/details/263415640,LEONIS,Fishing vessel,263415640
/vessels/details/263141000,NRP SAGRES,Sailing vessel,263141000
/vessels/details/263500208,PEDRO ANDRE,Fishing vessel,263500208
/vessels/details/263442209,MERMAIDS,Sailing vessel,263442209
/vessels/details/263960039,CAVOKAY,Pleasure craft,263960039
/vessels/details/263673760,ENG. SA NOGUEIRA,Dredging or UW ops,263673760
/vessels/details/263442438,BALTHAZAR,Sailing vessel,263442438
/vessels/details/263750640,ALEM DOURO,Passenger ship,263750640
/vessels/details/263912000,BBM,Sailing vessel,263912000
/vessels/details/263957460,SAO FRANCISCO,Sailing vessel,263957460
/vessels/details/263889490,HAPPY DREAM,Pleasure craft,263889490
/vessels/details/263406490,RIO MINHO,Other type,263406490
/vessels/details/263275000,ASTUR,Fishing vessel,263275000
/vessels/details/263410950,ARCA DO FUTURO,Fishing vessel,263410950
/vessels/details/263702490,SERRA DO PILAR,Sailing vessel,263702490
/vessels/details/263860760,RADICAL III,Sailing vessel,263860760
/vessels/details/263602563,ULISSES,Tug,263602563
/vessels/details/263959671,MARTA,Sailing vessel,263959671
/vessels/details/263139000,NRP ANDROMEDA,Military ops,263139000
/vessels/details/263076000,NRP ZAIRE,Military ops,263076000
/vessels/details/263752970,AMADOURO,Passenger ship,263752970
/vessels/details/263373000,CRISTO JOVEM,Fishing vessel,263373000
/vessels/details/263672480,OBELIX,Cargo ship,263672480
/vessels/details/263673680,PIONEIRO DO RIO,Tug,263673680
/vessels/details/263673855,GAIVOTA DO MAR,Passenger ship,263673855
/vessels/details/263406440,CAMINHO DA LUZ,Fishing vessel,263406440
/vessels/details/263500263,KEVIN E BRUCE,Fishing vessel,263500263
/vessels/details/263701380,FERNANDO NAMORA,Passenger ship,263701380
/vessels/details/263500170,AFRODITE,Fishing vessel,263500170
/vessels/details/263411490,PRINCESA DO MONDEGO,Fishing vessel,263411490
/vessels/details/263672840,BARRA NORTE,Pilot,263672840
/vessels/details/263701760,DAFUNDO,Passenger ship,263701760
/vessels/details/263402470,REINO DE CRISTO,Fishing vessel,263402470
/vessels/details/263405580,JOIA DA COROA,Fishing vessel,263405580
/vessels/details/263440611,BLUE ONE,Pleasure craft,263440611
/vessels/details/263442467,GINDUNGO 2,Pleasure craft,263442467
/vessels/details/263959192,FEELGOOD 1,Sailing vessel,263959192
/vessels/details/263442000,TRICANA DE AVEIRO,Fishing vessel,263442000
/vessels/details/263896360,CAPE HORN IV,Pleasure craft,263896360
/vessels/details/263401340,-HERNANI JOAO,Fishing vessel,263401340
/vessels/details/263418260,MAR ETERNO,Fishing vessel,263418260
/vessels/details/263058138,SR-41,SAR,263058138
/vessels/details/263959399,UPEPO,Sailing vessel,263959399
/vessels/details/263402350,SATURNO,Fishing vessel,263402350
/vessels/details/263205000,JOANA CUNHA,Fishing vessel,263205000
/vessels/details/263406860,-ORLANDO DANIEL,Fishing vessel,263406860
/vessels/details/263442687,XUNGUILA,Sailing vessel,263442687
/vessels/details/263441858,SUNNY II,Pleasure craft,263441858
/vessels/details/263407870,SAMUELITO,Fishing vessel,263407870
/vessels/details/263958958,STRAPPO,Sailing vessel,263958958
/vessels/details/263058141,ISN SR 43,SAR,263058141
/vessels/details/263440580,MY ZARKAVA,Pleasure craft,263440580
/vessels/details/263413370,SONHO DE INFANCIA,Unknown,263413370
/vessels/details/263751970,CATARINA DO DOURO,Passenger ship,263751970
/vessels/details/263421980,AMURAS,Fishing vessel,263421980
/vessels/details/263959040,SEA VISION,Pleasure craft,263959040
/vessels/details/263675022,CASSIOPEIA,Law enforcment,263675022
/vessels/details/263752680,ROTA DO DOURO,Passenger ship,263752680
/vessels/details/263601580,PROMETEU,Tug,263601580
/vessels/details/263892990,JANINE,Sailing vessel,263892990
/vessels/details/263600008,DESTERRO,Cargo ship,263600008
/vessels/details/263126000,NRP CENTAURO,Military ops,263126000
/vessels/details/263958775,ALLABOARD49,Sailing vessel,263958775
/vessels/details/263753666,DOURO ABAIXO,Passenger ship,263753666
/vessels/details/263413580,SERPESCAS .......,Fishing vessel,263413580
/vessels/details/263500177,SEBASTIAO PAULO,Other type,263500177
/vessels/details/263958923,TRITON I,Sailing vessel,263958923
/vessels/details/263752660,CENARIOS DO DOURO,Passenger ship,263752660
/vessels/details/263408670,MESTRE MANSO,Fishing vessel,263408670
/vessels/details/263341000,TANGERINA MAR,Fishing vessel,263341000
/vessels/details/263959871,MONFORTE,Pleasure craft,263959871
/vessels/details/263753860,SAO GABRIEL,Passenger ship,263753860
/vessels/details/263414460,O LOBO,Fishing vessel,263414460
/vessels/details/263406770,PORTUGAL QUINTO,Fishing vessel,263406770
/vessels/details/263841570,BONAVIDA,Sailing vessel,263841570
/vessels/details/263406590,DEBORA RAQUEL,Fishing vessel,263406590
/vessels/details/263500216,HENRIQUE COENTRAO,Fishing vessel,263500216
/vessels/details/263402370,MESTRE HORACIO,Other type,263402370
/vessels/details/263752790,SEA STAR,Passenger ship,263752790
/vessels/details/263673874,CARVOEIRA DO MAR,Pilot,263673874
/vessels/details/263849670,S. VICENTE,Sailing vessel,263849670
/vessels/details/263878580,ZAVIA,Sailing vessel,263878580
/vessels/details/263673799,MULTISUB II,Diving ops,263673799
/vessels/details/263414480,CAMINHO BOA VIAGEM,Fishing vessel,263414480
/vessels/details/263435480,A NOSSA PEIXARIA PT,Fishing vessel,263435480
/vessels/details/263010001,CARAVEL,Pleasure craft,263010001
/vessels/details/263930480,TRROVAO,Sailing vessel,263930480
/vessels/details/263414640,DARIO FILIPE,Fishing vessel,263414640
/vessels/details/263412360,SEMPRE EM FRENTE,Fishing vessel,263412360
/vessels/details/263057000,TAMEGA,Law enforcment,263057000
/vessels/details/263288000,SERGIO SORAIA,Fishing vessel,263288000
/vessels/details/263270000,CAMARIDO,Fishing vessel,263270000
/vessels/details/263441660,OJOY,Sailing vessel,263441660
/vessels/details/263959418,4 SAILING,Sailing vessel,263959418
/vessels/details/263927240,BELUGA,Unknown,263927240
/vessels/details/263401660,ZE DA MARINHA,Fishing vessel,263401660
/vessels/details/263754470,SIMFONIX,Pleasure craft,263754470
/vessels/details/263406260,MARCORAL,Fishing vessel,263406260
/vessels/details/263104000,ISN VIGILANTE,SAR,263104000
/vessels/details/263414960,TUDO POR DEUS,Fishing vessel,263414960
/vessels/details/263944540,CROSSWIND,Pleasure craft,263944540
/vessels/details/263957850,ZOUMAII,Unknown,263957850
/vessels/details/263886390,4UNE,Sailing vessel,263886390
/vessels/details/263279000,ZODIACO,Fishing vessel,263279000
/vessels/details/263673397,CACHAO DA VALEIRA,Unknown,263673397
/vessels/details/263441359,REMEDIO SANTO,Pleasure craft,263441359
/vessels/details/263670270,SELENE,Pilot,263670270
/vessels/details/263751540,TOMAZ DO DOURO,Passenger ship,263751540
/vessels/details/263958829,JAY JAY,Sailing vessel,263958829
/vessels/details/263058003,ISN SR-37,SAR,263058003
/vessels/details/263420450,IRMAOS MOITA,Fishing vessel,263420450
/vessels/details/263673932,DOURO ELEGANCE,Passenger ship,263673932
/vessels/details/263418780,ALBERTO MIGUEL,Fishing vessel,263418780
/vessels/details/263701440,JORGE DE SENA,Passenger ship,263701440
/vessels/details/263422240,CARLOS CUNHA,Fishing vessel,263422240
/vessels/details/263440943,HANSEOLITICO,Sailing vessel,263440943
/vessels/details/263959149,HARFANG SPIRIT,Sailing vessel,263959149
/vessels/details/263924780,SEA LION,Sailing vessel,263924780
/vessels/details/263753290,VIVA DOURO,Passenger ship,263753290
/vessels/details/263670280,MO DO MEIO,Pilot,263670280
/vessels/details/263871380,CORONA,Unknown,263871380
/vessels/details/263801290,JANAIA,Sailing vessel,263801290
/vessels/details/263753670,DOURO ACIMA,Passenger ship,263753670
/vessels/details/263441980,SAL X,Pleasure craft,263441980
/vessels/details/263058119,ISN-SR 19,SAR,263058119
/vessels/details/263441003,DILLIGAF,Pleasure craft,263441003
/vessels/details/263751480,PRINCESA DE BELEM,Passenger ship,263751480
/vessels/details/263751880,AMAVIDA,Passenger ship,263751880
/vessels/details/263959050,FIRSTINGS ATLANTIC,Sailing vessel,263959050
/vessels/details/263086000,ISN N SRA NAVEGANTES,SAR,263086000
/vessels/details/263673911,SCENIC AZURE,Passenger ship,263673911
/vessels/details/263840670,BLUESTAR,Sailing vessel,263840670
/vessels/details/263673912,VIKING OSFRID,Passenger ship,263673912
/vessels/details/263671860,AMETISTA,Port tender,263671860
/vessels/details/263410660,REINO DO DRAGAO,Fishing vessel,263410660
/vessels/details/263959404,DRAGONFLY,Sailing vessel,263959404
/vessels/details/263933990,AURORA WINDS,Sailing vessel,263933990
/vessels/details/263401790,MUFLAO,Fishing vessel,263401790
/vessels/details/263414680,VITORIA COENTRAO,Fishing vessel,263414680
/vessels/details/263412870,SILVERIO MANUEL,Fishing vessel,263412870
/vessels/details/263752250,VIKING TORGIL,Passenger ship,263752250
/vessels/details/263673856,SIMENTA DE CARVALHO,Pilot,263673856
/vessels/details/263702270,ALMADENSE,Passenger ship,263702270
/vessels/details/263959595,HATCHI,Sailing vessel,263959595
/vessels/details/263752850,MH AURORA,Pleasure craft,263752850
/vessels/details/263941350,JOTOMAR III,Sailing vessel,263941350
/vessels/details/263416760,MESTRE COENTRAO,Fishing vessel,263416760
/vessels/details/263700025,MINERVA,Pilot,263700025
/vessels/details/263135000,NRP SINES,Military ops,263135000
/vessels/details/263673966,VIKING HELGRIM,Passenger ship,263673966
/vessels/details/263214000,PRAIA DO NEIVA,Fishing vessel,263214000
/vessels/details/263673985,CTE JOAO GRAVATO,Unknown,263673985
/vessels/details/263415870,AVO TIBURCIO,Fishing vessel,263415870
/vessels/details/263950950,PALMAYACHTS,Sailing vessel,263950950
/vessels/details/263401270,VILA DO INFANTE,Other type,263401270
/vessels/details/263818470,CRESCENDO,Sailing vessel,263818470
/vessels/details/263934670,LA LUNA II,Sailing vessel,263934670
/vessels/details/263500192,TRIUNFADOR,Fishing vessel,263500192
/vessels/details/263442468,MCFAMILY IV,Pleasure craft,263442468
/vessels/details/263286000,MAR VIVO,Fishing vessel,263286000
/vessels/details/263442807,LUSITANA BOAT,Pleasure craft,263442807
/vessels/details/263752990,A-ROSA ALVA,Passenger ship,263752990
/vessels/details/263670770,BAIA DE CASCAIS,Other type,263670770
/vessels/details/263401570,SENHORA DAS DORES,Fishing vessel,263401570
/vessels/details/263402580,COSTASUL,Fishing vessel,263402580
/vessels/details/263401740,PAZ NO MUNDO,Unknown,263401740
/vessels/details/263959001,EXTREME,Unknown,263959001
/vessels/details/263500215,PEDRO MARIANA,Fishing vessel,263500215
/vessels/details/263959947,CLEMENTINA,Sailing vessel,263959947
/vessels/details/263905740,NORTHWIND,Sailing vessel,263905740
/vessels/details/263440793,AMALIA,Pleasure craft,263440793
/vessels/details/263673340,RONCADOR PILOT,Other type,263673340
/vessels/details/263405370,ACAPULCO,Fishing vessel,263405370
/vessels/details/263474000,MAR DE VIANA,Fishing vessel,263474000
/vessels/details/263805760,AMBIENTE,Pleasure craft,263805760
/vessels/details/263431350,O CARAMELO,Fishing vessel,263431350
/vessels/details/263808690,KEY WEST,Sailing vessel,263808690
/vessels/details/263404880,SENHORA DO SAMEIRO,Fishing vessel,263404880
/vessels/details/263354000,FRANCISCO MARIA,Unknown,263354000
/vessels/details/263955350,PRIMO,Unknown,263955350
/vessels/details/263817940,S.MIGUEL,Pleasure craft,263817940
/vessels/details/263441368,GULLIVER 2,Sailing vessel,263441368
/vessels/details/263701660,ACQUA DOURO,Passenger ship,263701660
/vessels/details/263424640,PRINCESA DE SESIMBRA,Fishing vessel,263424640
/vessels/details/263959950,MADRACO,Sailing vessel,263959950
/vessels/details/263754480,OFFSPRING,Sailing vessel,263754480
/vessels/details/263401780,O PORTIPESCA,Fishing vessel,263401780
/vessels/details/263602564,BAIA DO SEIXAL,Unknown,263602564
/vessels/details/263413680,SUESTE,Fishing vessel,263413680
/vessels/details/263941790,MABI IV,Sailing vessel,263941790
/vessels/details/263817960,HIGH FLIGHT,Pleasure craft,263817960
/vessels/details/263420240,RIO ODIEL,Fishing vessel,263420240
/vessels/details/263419680,TIAGO MARGARIDA,Fishing vessel,263419680
/vessels/details/263441112,LES-A-LES,Unknown,263441112
/vessels/details/263440946,JANET,Sailing vessel,263440946
/vessels/details/263408570,RUMO A PESCA,Fishing vessel,263408570
/vessels/details/263413950,GONCALO JOSE,Fishing vessel,263413950
/vessels/details/263405280,DANIELA SOFIA,Fishing vessel,263405280
/vessels/details/263958722,STORIA,Unknown,263958722
/vessels/details/263440619,X TRIM,Sailing vessel,263440619
/vessels/details/263901240,AMZERZO,Sailing vessel,263901240
/vessels/details/263411680,GAIVOTA DO MONDEGO,Fishing vessel,263411680
/vessels/details/263442185,PRICCI,Pleasure craft,263442185
/vessels/details/263442532,LIMAX,Sailing vessel,263442532
/vessels/details/263406690,JOSE RUI,Fishing vessel,263406690
/vessels/details/263442266,KARIBU,Pleasure craft,263442266
/vessels/details/263403690,VENTO DE FEICAO,Fishing vessel,263403690
/vessels/details/263922970,MARTINIKA,Sailing vessel,263922970
/vessels/details/263959530,ALVES,Pleasure craft,263959530
/vessels/details/263441650,EXTRA MILE,Sailing vessel,263441650
/vessels/details/263701470,FERNANDO PESSOA,Passenger ship,263701470
/vessels/details/263414890,KYARA MARIA,Fishing vessel,263414890
/vessels/details/263931380,CARLUCCI,Sailing vessel,263931380
/vessels/details/263817670,ALTABRISA,Sailing vessel,263817670
/vessels/details/263404450,ESTRELA DIVINA,Fishing vessel,263404450
/vessels/details/263673980,MAR DE CRETA,Pleasure craft,263673980
/vessels/details/263441462,XAUDAZ,Sailing vessel,263441462
/vessels/details/263701790,SAO JORGE,Passenger ship,263701790
/vessels/details/263058006,ISN SR-28,SAR,263058006
/vessels/details/263408380,CARMEN,Fishing vessel,263408380
/vessels/details/263701460,ANTERO DE QUENTAL,Passenger ship,263701460
/vessels/details/263959024,JAKATA,Sailing vessel,263959024
/vessels/details/263101000,TUFAO,Military ops,263101000
/vessels/details/263953340,LINHA D AGUA,Sailing vessel,263953340
/vessels/details/263274000,FILIPA IRMAO,Other type,263274000
/vessels/details/263801780,ANGIE,Sailing vessel,263801780
/vessels/details/263905860,DANURI,Sailing vessel,263905860
/vessels/details/263415650,VULCAO,Fishing vessel,263415650
/vessels/details/263500304,-ESTRELA CADENTE,Fishing vessel,263500304
/vessels/details/263441315,MERMAID C,Sailing vessel,263441315
/vessels/details/263601840,VIRA,Tug,263601840
/vessels/details/263673884,TUBARAO DO MAR,Passenger ship,263673884
/vessels/details/263408450,DIVINA GRACA,Fishing vessel,263408450
/vessels/details/263441332,TROPICAL X,Sailing vessel,263441332
/vessels/details/263441031,ILIDIO MARTIM,Fishing vessel,263441031
/vessels/details/263500291,SENHORA DO MINHO,Fishing vessel,263500291
/vessels/details/263442295,MAIBAR,Sailing vessel,263442295
/vessels/details/263411780,OS CARAMELITOS,Fishing vessel,263411780
/vessels/details/263924350,EKATERINA,Unknown,263924350
/vessels/details/263412470,FLORIMAX,Fishing vessel,263412470
/vessels/details/263441832,GLAMOUR SEA,Sailing vessel,263441832
/vessels/details/263441135,SNITRAM,Pleasure craft,263441135
/vessels/details/263441680,LEVANTE CAT,Sailing vessel,263441680
/vessels/details/263958691,FRANE,Sailing vessel,263958691
/vessels/details/4610384,NRP ANTONIO ENES,Military ops,4610384
/vessels/details/263440984,ACE SIX,Pleasure craft,263440984
/vessels/details/263959719,MADMAR,Pleasure craft,263959719
/vessels/details/263512000,PARALELO,Fishing vessel,263512000
/vessels/details/263442212,SALICORNIA,Passenger ship,263442212
/vessels/details/263441193,INVICTA,Passenger ship,263441193
/vessels/details/263440811,DEL MAR,Pleasure craft,263440811
/vessels/details/263127000,NRP ORION,Unknown,263127000
/vessels/details/263429640,CONDE MONTE CRISTO,Fishing vessel,263429640
/vessels/details/263411290,ECA DE QUEIROS,Fishing vessel,263411290
/vessels/details/263442509,MAX UNO,Pleasure craft,263442509
/vessels/details/263673876,ENG. LUIS DA FONSECA,Pilot,263673876
/vessels/details/263407390,MAR PACIFICO,Fishing vessel,263407390
/vessels/details/263856370,TOPO,Port tender,263856370
/vessels/details/263442210,MANGO BAY,Sailing vessel,263442210
/vessels/details/263412460,HENRIQUE CRUZ,Fishing vessel,263412460
/vessels/details/263058137,SR-40,SAR,263058137
/vessels/details/263753590,MH2 LUAR,Passenger ship,263753590
/vessels/details/263058133,ISN SR-33,SAR,263058133
/vessels/details/263926780,SOLUTIONS,Sailing vessel,263926780
/vessels/details/263404660,SEMPRE COSTAS,Fishing vessel,263404660
/vessels/details/9925289,DON PACO,Fishing vessel,9925289
/vessels/details/263405940,PARCERIA,Fishing vessel,263405940
/vessels/details/263406570,PEROLA DO GUADIANA,Fishing vessel,263406570
/vessels/details/263959850,BLUE SEAHORSE,Sailing vessel,263959850
/vessels/details/263673906,DOM JOAO,Passenger ship,263673906
/vessels/details/263750770,MEMORIAS DO DOURO,Passenger ship,263750770
/vessels/details/263919450,BANDIDO,Pleasure craft,263919450
/vessels/details/263441363,MIL E TAL MILHAS,Sailing vessel,263441363
/vessels/details/263702260,LISBONENSE,Passenger ship,263702260
/vessels/details/263405470,MESTRE VIRGILIO,Fishing vessel,263405470
/vessels/details/263915750,SAO GABRIEL 2,Sailing vessel,263915750
/vessels/details/263441149,MAR PROFUNDO,Unknown,263441149
/vessels/details/263959473,TOLUI,Sailing vessel,263959473
/vessels/details/263500232,ZE DO APACHE,Fishing vessel,263500232
/vessels/details/263106000,ISN DILIGENTE,SAR,263106000
/vessels/details/263402760,PERSEGUIDO,Fishing vessel,263402760
/vessels/details/263441136,FAMOLIMOR,Unknown,263441136
/vessels/details/263421000,MAR DE LAGOS,Fishing vessel,263421000
/vessels/details/263673864,INFANTA,Passenger ship,263673864
/vessels/details/263959993,CRAZY BEAR,Pleasure craft,263959993
/vessels/details/263814350,BUG III,Pleasure craft,263814350
/vessels/details/263405850,MESTRE LAZARO,Fishing vessel,263405850
/vessels/details/263362000,ARMINDO MANUEL,Fishing vessel,263362000
/vessels/details/263407340,PEROLA DO MAR,Fishing vessel,263407340
/vessels/details/263082000,UAM-691,SAR,263082000
/vessels/details/263404870,LAGOAL,Fishing vessel,263404870
/vessels/details/263405570,MEIA VIA,Fishing vessel,263405570
/vessels/details/263411270,VIRGEM SANTISSIMA,Fishing vessel,263411270
/vessels/details/263959957,LOOP,Sailing vessel,263959957
/vessels/details/263751960,CARLOTA DO DOURO,Passenger ship,263751960
/vessels/details/263803690,BOREAS I,Unknown,263803690
/vessels/details/263886780,IDEIAFIX III,Sailing vessel,263886780
/vessels/details/263671850,TORRE DE BELEM,Pilot,263671850
/vessels/details/263601570,PEGASO,Tug,263601570
/vessels/details/263751940,SPIRIT OF CHARTWELL,Passenger ship,263751940
/vessels/details/263379000,CARLOS GASPAR,Fishing vessel,263379000
/vessels/details/263143000,NRP ZARCO,Unknown,263143000
/vessels/details/263418250,NOVO COSTAS,Fishing vessel,263418250
/vessels/details/263750990,CATRAIOS DO DOURO,Passenger ship,263750990
/vessels/details/263314000,GUERREIRO DO MAR,Fishing vessel,263314000
/vessels/details/263430540,SINEIRA,Fishing vessel,263430540
/vessels/details/263933950,ALL WAYS,Sailing vessel,263933950
/vessels/details/263959306,YESS,Pleasure craft,263959306
/vessels/details/263021000,PRT WARSHIP F334,Military ops,263021000
/vessels/details/263934290,VINTAGE,Sailing vessel,263934290
/vessels/details/263816550,VEGA I,Sailing vessel,263816550
/vessels/details/263702350,BEIRINHA,Passenger ship,263702350
/vessels/details/263959168,LOKI,Sailing vessel,263959168
/vessels/details/263958864,SPIRIT BYBOAT,Sailing vessel,263958864
/vessels/details/8541816,RABILHO,Fishing vessel,8541816
/vessels/details/263331000,LIRIOS DO MAR,Fishing vessel,263331000
/vessels/details/263421850,NOVO ROSA CLARA,Fishing vessel,263421850
/vessels/details/263673590,CAISMAR,Tug,263673590
/vessels/details/263441497,PIER SIX,Pleasure craft,263441497
/vessels/details/263359000,AVO RICARDO,Fishing vessel,263359000
/vessels/details/263949970,MARIA FILIPA,Sailing vessel,263949970
/vessels/details/263441843,TROVOADA GS,Sailing vessel,263441843
/vessels/details/263907760,FUNBEL,Sailing vessel,263907760
/vessels/details/263601740,EXPEDITO,Unknown,263601740
/vessels/details/263822570,RODANI,Sailing vessel,263822570
/vessels/details/263673951,DOURO SPLENDOUR,Passenger ship,263673951
/vessels/details/263402650,FRUTO DA UNIAO,Unknown,263402650
/vessels/details/263441685,CARLOS SIMAO,Passenger ship,263441685
/vessels/details/263753580,RIO DE OURO,Passenger ship,263753580
/vessels/details/263440923,CASCAES,Sailing vessel,263440923
/vessels/details/263959756,TRINIMAR,Sailing vessel,263959756
/vessels/details/263959039,BUGIO DREAMS,Sailing vessel,263959039
/vessels/details/263844660,YACARAI,Pleasure craft,263844660
/vessels/details/263406390,COMPANHEIROS CRISTO,Fishing vessel,263406390
/vessels/details/263442647,ESME,Sailing vessel,263442647
/vessels/details/263124000,NRP CASSIOPEIA,SAR,263124000
/vessels/details/263751460,CAMINHOS DO DOURO,Passenger ship,263751460
/vessels/details/263670860,EIRA,Pilot,263670860
/vessels/details/263959644,TAKA,Unknown,263959644
/vessels/details/263081000,ISN MOISES MACATRAO,SAR,263081000
/vessels/details/263673934,DOURO SERENITY,Passenger ship,263673934
/vessels/details/263442548,ARCA I,Sailing vessel,263442548
/vessels/details/263442856,VIKING GYDA,Passenger ship,263442856
/vessels/details/263441683,DORIS,Tug,263441683
/vessels/details/263087000,SR. JESUS DAS CHAGAS,Pleasure craft,263087000
/vessels/details/263441950,VIANEZ,Fishing vessel,263441950
/vessels/details/263441482,DOCHI,Unknown,263441482
/vessels/details/263407750,AVENTUREIRO,Fishing vessel,263407750
/vessels/details/263423380,AVO NICO,Fishing vessel,263423380
/vessels/details/263922780,MOLOKINI,Sailing vessel,263922780
/vessels/details/263442283,DOURO ESTRELA,Passenger ship,263442283
/vessels/details/263269000,ESTRELA DA BAIA,Fishing vessel,263269000
/vessels/details/263075001,NRP TEJO,Law enforcment,263075001
/vessels/details/263409360,PORTIPESCA,Fishing vessel,263409360
/vessels/details/263411550,NOSSA SENHORA LAPA,Fishing vessel,263411550
/vessels/details/263701950,ROAZ CORVINEIRO,Unknown,263701950
/vessels/details/263861240,FAISCA,Pleasure craft,263861240
/vessels/details/263403780,-MARTA JOSE,Fishing vessel,263403780
/vessels/details/263442588,AMASINTRA,Passenger ship,263442588
/vessels/details/263441519,MIGUEL LE,Fishing vessel,263441519
/vessels/details/263959375,CHASQUI,Sailing vessel,263959375
/vessels/details/263702550,CASA DO INFANTE,Sailing vessel,263702550
/vessels/details/263441364,MASTER YODA,Sailing vessel,263441364
/vessels/details/263442604,MAR DE LEVANTE,Sailing vessel,263442604
/vessels/details/263960005,VA BENE,Pleasure craft,263960005
/vessels/details/263959720,PRIVAT3,Pleasure craft,263959720
/vessels/details/263751340,DOURO QUEEN,Passenger ship,263751340
/vessels/details/263407290,ARRIFANA,Fishing vessel,263407290
/vessels/details/263294000,TANGERINA PEIXE,Fishing vessel,263294000
/vessels/details/263442373,TAGUS DREAMER,Sailing vessel,263442373
/vessels/details/263752240,VIKING HEMMING,Passenger ship,263752240
/vessels/details/263924950,JA AGORA,Sailing vessel,263924950
/vessels/details/263047004,ZEZERE,Passenger ship,263047004
/vessels/details/263058132,ISN SR32,Unknown,263058132
/vessels/details/263954680,OUTSIDER,Sailing vessel,263954680
/vessels/details/263908950,YELLOW,Pleasure craft,263908950
/vessels/details/263671660,VALE DO DOURO,Unknown,263671660
/vessels/details/263829670,CONCHA 1,Sailing vessel,263829670
/vessels/details/263923660,LE AUM,Sailing vessel,263923660
/vessels/details/263751380,BORDA D AGUA,Passenger ship,263751380
/vessels/details/263411870,FATIMA JOSE,Fishing vessel,263411870
/vessels/details/263959717,BOTAFOGO,Sailing vessel,263959717
/vessels/details/263673270,CABO MONDEGO,Pilot,263673270
/vessels/details/263673250,MARETA,Unknown (HAZ-A),263673250
/vessels/details/263407280,ESTRELA DO MAR,Fishing vessel,263407280
/vessels/details/263267000,RUMO A LUA,Fishing vessel,263267000
/vessels/details/263959070,I SEA ONE,Sailing vessel,263959070
/vessels/details/263818650,BLUE JEAN,Sailing vessel,263818650
/vessels/details/263960010,OCTANAS,Pleasure craft,263960010
/vessels/details/263953970,PRINCESS I,Sailing vessel,263953970
/vessels/details/263673939,MH1 MARUJO,Passenger ship,263673939
/vessels/details/263408560,MILITA,Fishing vessel,263408560
/vessels/details/263804290,VERA CRUZ,Sailing vessel,263804290
/vessels/details/263442475,MANOS DO DOURO,Passenger ship,263442475
/vessels/details/263428440,NRD,Other type,263428440
/vessels/details/263959642,ALMA,Sailing vessel,263959642
/vessels/details/263436270,MONTELOURO,Fishing vessel,263436270
/vessels/details/263136000,WARSHIP SETUBAL,SAR,263136000
/vessels/details/263955980,BRIZO,Sailing vessel,263955980
/vessels/details/263702380,MARTA PRINCESA,Passenger ship,263702380
/vessels/details/263752260,ESPLENDOR DO DOURO,Passenger ship,263752260
/vessels/details/263435370,CASADO MARTIN,Fishing vessel,263435370
/vessels/details/263959243,GOODBAR,Sailing vessel,263959243
/vessels/details/263959051,SERENDIPITY I,Sailing vessel,263959051
/vessels/details/263441365,CTE CELSO MADEIRA,Pilot,263441365
/vessels/details/263673780,YOKOWA,Fishing vessel,263673780
/vessels/details/263701780,SINTRENSE,Passenger ship,263701780
/vessels/details/263435840,NOVO PATRICIA MARTA,Fishing vessel,263435840
/vessels/details/263441254,PENA GRANDE,Sailing vessel,263441254
/vessels/details/263440673,AHOY SAILOR,Pleasure craft,263440673
/vessels/details/263839680,DORIS I,Pleasure craft,263839680
/vessels/details/263421350,DAVIMAR,Fishing vessel,263421350
/vessels/details/263442249,ARGUS G,Other type,263442249
/vessels/details/263409950,BRUTIMAR,Other type,263409950
/vessels/details/263440837,AGATA KATERINA,Sailing vessel,263440837
/vessels/details/263442264,MR BLUE I,Sailing vessel,263442264
/vessels/details/263411470,MARIA DAS DORES,Fishing vessel,263411470
/vessels/details/263404650,LUA NOVA,Fishing vessel,263404650
/vessels/details/263442439,BRISA XIII,Pleasure craft,263442439
/vessels/details/263673290,GILREU PILOT,Pilot,263673290
/vessels/details/263952380,JET STREAM,Sailing vessel,263952380
/vessels/details/263441944,AMOR A VELA,Sailing vessel,263441944
/vessels/details/263272000,MAR BRANCO,Fishing vessel,263272000
/vessels/details/263414970,MESTRE COMBOIO,Fishing vessel,263414970
/vessels/details/263960030,BELUGA V,Sailing vessel,263960030
/vessels/details/263436480,VIRGEM DA PIEDADE,Fishing vessel,263436480
/vessels/details/263441612,WHITE SHARK 1,Pleasure craft,263441612
/vessels/details/263086500,ISN CEGO DO MAIO,SAR,263086500
/vessels/details/263237000,CARABINEIRO,Fishing vessel,263237000
/vessels/details/263441606,IMASEANATION,Sailing vessel,263441606
/vessels/details/263407670,TRES LEOTES,Fishing vessel,263407670
/vessels/details/263941470,DESTA VEZ,Sailing vessel,263941470
/vessels/details/263442628,FOREVER YOUNG,Pleasure craft,263442628
/vessels/details/263410460,PRINCESA DAS ONDAS,Fishing vessel,263410460
/vessels/details/263881860,CANOXA,Pleasure craft,263881860
/vessels/details/263959586,SUEK,Sailing vessel,263959586
/vessels/details/263850850,ANTHINEA,Sailing vessel,263850850
/vessels/details/263406940,AURORA BOREAL,Fishing vessel,263406940
/vessels/details/263080000,ISN N.SRA.CONCEICAO,SAR,263080000
/vessels/details/263232000,MAR CASPIO,Fishing vessel,263232000
/vessels/details/263405670,CRAVEIRO FLORES,Fishing vessel,263405670
/vessels/details/263673964,LADA,Pilot,263673964
/vessels/details/263752840,MH3 FADISTA,Pleasure craft,263752840
/vessels/details/263133000,PRT WARSHIP P360,Military ops,263133000
/vessels/details/263442409,SAILING WITH SAL,Sailing vessel,263442409
/vessels/details/263670880,AL - GHARB,Pilot,263670880
/vessels/details/263061000,PENICHE,Law enforcment,263061000
/vessels/details/263959446,SULISTA,Sailing vessel,263959446
/vessels/details/263805660,SAILING KATERINA,Pleasure craft,263805660
/vessels/details/263142000,NRP POLAR,Military ops,263142000
/vessels/details/263408950,MESTRE CRUZ,Fishing vessel,263408950
/vessels/details/263959472,IMPOSSIVEL,Sailing vessel,263959472
/vessels/details/263900176,MAREAR,Sailing vessel,263900176
/vessels/details/263442458,CONGA,Sailing vessel,263442458
/vessels/details/263441866,BOTTLES,Pleasure craft,263441866
/vessels/details/263434000,OLIVIA RIBAU,Fishing vessel,263434000
/vessels/details/263441571,BRITOS I,Unknown,263441571
/vessels/details/263105000,ISN ATENTO,SAR,263105000
/vessels/details/263701770,SEIXALENSE,Passenger ship,263701770
/vessels/details/263422970,DEUS NAO FALTA,Fishing vessel,263422970
/vessels/details/263428980,RIVIERA,Fishing vessel,263428980
/vessels/details/263808570,BAGOU,Sailing vessel,263808570
/vessels/details/263959744,O VIGARISTA,Pleasure craft,263959744
/vessels/details/263402280,JOSELITO,Fishing vessel,263402280
/vessels/details/263500262,LUIS ADRIAO,Fishing vessel,263500262
/vessels/details/263959478,TAKIRA,Pleasure craft,263959478
/vessels/details/263750540,PORTODOURO,Passenger ship,263750540
/vessels/details/263959451,ESTE,Sailing vessel,263959451
/vessels/details/263440825,ELISE,Sailing vessel,263440825
/vessels/details/263602569,AJAX,Tug,263602569
/vessels/details/263932880,GOOSE,Unknown,263932880
/vessels/details/263441208,STARDUST OF MARY,Pleasure craft,263441208
/vessels/details/263441878,SILOPOR,Cargo ship,263441878
/vessels/details/263365000,CLAUDIO MANUEL,Fishing vessel,263365000
/vessels/details/263960045,ELEONOR,Pleasure craft,263960045
/vessels/details/263405240,CALYPSO,Fishing vessel,263405240
/vessels/details/263959042,WATER AND WIND,Sailing vessel,263959042
/vessels/details/263271000,FASCINIOS DO MAR,Fishing vessel,263271000
/vessels/details/263406990,ESTRELA DO OCEANO,Fishing vessel,263406990
/vessels/details/263848990,HARFANG TWO,Sailing vessel,263848990
/vessels/details/263415350,DIPLODUS,Fishing vessel,263415350
/vessels/details/263440918,DOURO HARVEST,Passenger ship,263440918
/vessels/details/263959682,MERIT,Sailing vessel,263959682
/vessels/details/263500321,NOVO MILENIO,Fishing vessel,263500321
/vessels/details/263945680,MARIACHI,Sailing vessel,263945680
/vessels/details/263441316,SEA DROP,Pleasure craft,263441316
/vessels/details/263673924,TRIANGULO,Pilot,263673924
/vessels/details/263442567,SABARI,Sailing vessel,263442567
/vessels/details/263753870,VISTADOURO,Passenger ship,263753870
/vessels/details/263941760,HERMES,Sailing vessel,263941760
/vessels/details/263442538,JUST WONDER,Sailing vessel,263442538
/vessels/details/263959842,LETS SEA,Sailing vessel,263959842
/vessels/details/263803280,VICTORY,Pleasure craft,263803280
/vessels/details/263914480,SOLITUDE,Sailing vessel,263914480
/vessels/details/263941680,SENSO,Sailing vessel,263941680
/vessels/details/263673670,ABANO,Port tender,263673670
/vessels/details/263809660,INDISCUTIVEL,Sailing vessel,263809660
/vessels/details/263299000,HUGO RICARDO,Fishing vessel,263299000
/vessels/details/263441002,KAILUA,Sailing vessel,263441002
/vessels/details/263673280,ESPINHEIRO,Pilot,263673280
/vessels/details/263442638,DOURALIS,Cargo ship,263442638
/vessels/details/263750880,RE DOURO,Passenger ship,263750880
/vessels/details/263441667,KEV,Pleasure craft,263441667
/vessels/details/263441358,THREE MILES AROUND,Sailing vessel,263441358
/vessels/details/263410890,IRMAOS CRUZ,Fishing vessel,263410890
/vessels/details/263810580,RAPHAEL,Sailing vessel,263810580
/vessels/details/263500286,GARCIA MIGUEL,Fishing vessel,263500286
/vessels/details/263750940,SAO TELMO,Passenger ship,263750940
/vessels/details/263804580,BRIDA,Sailing vessel,263804580
/vessels/details/263441488,UNPLUG,Pleasure craft,263441488
/vessels/details/263265000,DRAGAO DO MAR,Unknown,263265000
/vessels/details/263910960,NISKA,Unknown,263910960
/vessels/details/263958772,GOLFINHO L3,Sailing vessel,263958772
/vessels/details/263405790,PALANGREIRO,Other type,263405790
/vessels/details/263413350,PRAIA LUSITANA,Fishing vessel,263413350
/vessels/details/263408340,SCORPIUS,Fishing vessel,263408340
/vessels/details/263959244,MUSCAT,Pleasure craft,263959244
/vessels/details/263959427,PEARL,Sailing vessel,263959427
/vessels/details/263442640,IRMAOS LUCAS,Fishing vessel,263442640
/vessels/details/263405380,MARGHERITA,Other type,263405380
/vessels/details/263058118,ISN SR-18,SAR,263058118
/vessels/details/263959657,SAIL LA VIE,Sailing vessel,263959657
/vessels/details/263283000,MARIA MANUEL,Fishing vessel,263283000
/vessels/details/263413770,KYRIOS,Fishing vessel,263413770
/vessels/details/263401580,VERA MARINA,Fishing vessel,263401580
/vessels/details/263422760,AVO VARELA,Fishing vessel,263422760
/vessels/details/263403390,JAIME CRUZ,Fishing vessel,263403390
/vessels/details/263902850,KING GEORGE I,Sailing vessel,263902850
/vessels/details/263435240,POEMA DO MAR,Fishing vessel,263435240
/vessels/details/263388000,SANTA ANITA,Fishing vessel,263388000
/vessels/details/263671880,ALCAME,Pilot,263671880
/vessels/details/263673872,DOURO VINTAGE,Passenger ship,263673872
/vessels/details/263751740,DOURO SPIRIT,Passenger ship,263751740
/vessels/details/263900131,LATITUDE III,Pleasure craft,263900131
/vessels/details/263753880,LAND AHOY,Sailing vessel,263753880
/vessels/details/263408350,FLOR DA BEIRA,Fishing vessel,263408350
/vessels/details/263959038,SAMURAI,Sailing vessel,263959038
/vessels/details/263900239,SANTA CLARA-SOLO SAI,Sailing vessel,263900239
/vessels/details/263441633,STEPPING STONE,Pleasure craft,263441633
/vessels/details/263500335,FURIA DO MAR,Fishing vessel,263500335
/vessels/details/263407740,ATLETA,Fishing vessel,263407740
/vessels/details/263753850,SENHORA DO DOURO,Passenger ship,263753850
/vessels/details/263402770,SALVADOR GRACA,Fishing vessel,263402770
/vessels/details/263957340,ART,Pleasure craft,263957340
/vessels/details/263442256,MAR PORTUGUES,Fishing vessel,263442256
/vessels/details/263023000,PRT WARSHIP F331,Military ops,263023000
/vessels/details/263700026,PERLONGAS PILOT,Pilot,263700026
/vessels/details/263256000,OCEAN PARTICLES 1,Fishing vessel,263256000
/vessels/details/263402450,HERANCA DE DEUS,Fishing vessel,263402450
/vessels/details/263959683,EPIC,Pleasure craft,263959683
/vessels/details/263959718,WE,Pleasure craft,263959718
/vessels/details/263893390,WIND I,Sailing vessel,263893390
/vessels/details/263441637,BANZAO,Sailing vessel,263441637
/vessels/details/263311000,CORTE REAL,Fishing vessel,263311000
/vessels/details/263959005,ATTITUDE,Unknown,263959005
/vessels/details/263673904,DANIEL DIAS,Passenger ship,263673904
/vessels/details/263422780,VILA DE CAMINHA,Fishing vessel,263422780
/vessels/details/263959934,WHY KNOT,Sailing vessel,263959934
/vessels/details/263601460,POSEIDON,Tug,263601460
/vessels/details/263938360,BLU,Sailing vessel,263938360
/vessels/details/263401550,SELMA,Fishing vessel,263401550
/vessels/details/263134000,NRP FIGUEIRA DA FOZ,Unknown,263134000
/vessels/details/263083000,ISN DUQUE RIBEIRA,SAR,263083000
/vessels/details/263959032,PARAPETO,Pleasure craft,263959032
/vessels/details/263970000,MAGNUM 1,Sailing vessel,263970000
/vessels/details/263433660,DEUSA DOS MARES,Fishing vessel,263433660
/vessels/details/263440966,MARAUJO,Sailing vessel,263440966
/vessels/details/263231000,JOAO PINTO,Unknown,263231000
/vessels/details/263810970,BORA BORA,Sailing vessel,263810970
/vessels/details/263414850,MAE PURISSIMA,Fishing vessel,263414850
/vessels/details/263751870,QUEEN ISABEL,Passenger ship,263751870
/vessels/details/263411970,PORTUGAL JOVEM,Fishing vessel,263411970
/vessels/details/263413160,MESTRE ANTONIO LOBO,Fishing vessel,263413160
/vessels/details/263411390,FRANCISCO ZE,Fishing vessel,263411390
/vessels/details/263442568,SAO DONATO,Fishing vessel,263442568
/vessels/details/263925750,TIMELESS,Sailing vessel,263925750
/vessels/details/263406760,SAO PEDRO PESCADOR,Fishing vessel,263406760
/vessels/details/263441345,PERSISTENTE,Fishing vessel,263441345
/vessels/details/263442059,AURATA,Cargo ship,263442059
/vessels/details/263411770,SAO PEDRO DO MAR,Fishing vessel,263411770
/vessels/details/263412090,ALMARAZ SOL,Other type,263412090
/vessels/details/263440792,CANOPUS,Tug,263440792
/vessels/details/263922250,MALVASIA I,Sailing vessel,263922250
/vessels/details/263754540,SUNSET SAIL,Sailing vessel,263754540
/vessels/details/263813490,FORMIDAVEL,Sailing vessel,263813490
/vessels/details/263414560,VEM SE VIER,Fishing vessel,263414560
/vessels/details/263830870,FOR SAIL,Sailing vessel,263830870
/vessels/details/263673660,TAMARIZ,Port tender,263673660
/vessels/details/263960061,KINKY,Pleasure craft,263960061
/vessels/details/263958932,URZE,Pleasure craft,263958932
/vessels/details/263750890,VIA DOURO,Passenger ship,263750890
/vessels/details/263441827,HONO,Pleasure craft,263441827
/vessels/details/263062000,AMN-21-SG TUBARAO,Law enforcment,263062000
/vessels/details/263900156,HORIZONTE ABERTO,Fishing vessel,263900156
/vessels/details/263601790,CABO DA ROCA,Tug,263601790
/vessels/details/263419290,ANELLIO,Fishing vessel,263419290
/vessels/details/263442110,MYSTIQUE III,Sailing vessel,263442110
/vessels/details/263441852,AVALON ALEGRIA,Passenger ship,263441852
/vessels/details/263754990,MAR ME QUER,Sailing vessel,263754990
/vessels/details/263959938,EIGHT,Sailing vessel,263959938
/vessels/details/263441505,ANTHEA,Sailing vessel,263441505
/vessels/details/263402680,REGIO MAR,Fishing vessel,263402680
/vessels/details/263441147,DREAMER II,Passenger ship,263441147
/vessels/details/263422770,MARISCO,Fishing vessel,263422770
/vessels/details/263671570,TORRE,Pilot,263671570
/vessels/details/263421960,DIVINO ESPIRITOSANTO,Fishing vessel,263421960
/vessels/details/263441760,OLD PINE,Sailing vessel,263441760
/vessels/details/263442545,JASMIM,Passenger ship,263442545
/vessels/details/263451000,MAR DA ERICEIRA,Fishing vessel,263451000
/vessels/details/263441821,HURRICANE,Pleasure craft,263441821
/vessels/details/263673865,PRAIA DO NORTE,Pleasure craft,263673865
/vessels/details/263750840,ENCANTOS DO DOURO,Passenger ship,263750840
/vessels/details/263406740,ANTONIO RAMOS,Fishing vessel,263406740
/vessels/details/263958766,PEDE MAR,Sailing vessel,263958766
/vessels/details/263442103,BROCCOLI,Sailing vessel,263442103
/vessels/details/263125000,NRP HIDRA,Military ops,263125000
/vessels/details/263673798,MEDROA,Pilot,263673798
/vessels/details/263806570,KARIRI,Sailing vessel,263806570
/vessels/details/263416770,COSTA OESTE,Fishing vessel,263416770
/vessels/details/263959909,KARMALAND,Sailing vessel,263959909
/vessels/details/263413850,SANTA LUZIA NO MONTE,Fishing vessel,263413850
/vessels/details/263752750,JASMIM,Sailing vessel,263752750
/vessels/details/263422260,O MEU SONHO,Fishing vessel,263422260
/vessels/details/263500261,PRINCESA DE PENICHE,Fishing vessel,263500261
/vessels/details/263600007,PORTEL,Tug,263600007
/vessels/details/263673974,VORTEX,Port tender,263673974
/vessels/details/263401680,MARIO LUIS,Fishing vessel,263401680
/vessels/details/263402480,GLORIA DO MAR,Fishing vessel,263402480
/vessels/details/263420260,S JOAO BATISTA,Other type,263420260
/vessels/details/263959263,IMPERADOR,Pleasure craft,263959263
/vessels/details/263934680,AFTER 50,Pleasure craft,263934680
/vessels/details/263062005,PORTIMAO,SAR,263062005
/vessels/details/263956540,BADEJO,Unknown,263956540
/vessels/details/263085000,ISN N SRA DAS SALVAS,SAR,263085000
/vessels/details/263959258,OCEAN JOY,Unknown,263959258
/vessels/details/263598418,2299 - 18-89,Unknown,263598418
/vessels/details/263064000,BARRETA,Pleasure craft,263064000
/vessels/details/263441986,AMAR I,Pleasure craft,263441986
/vessels/details/263959549,VALHALLA,Sailing vessel,263959549
/vessels/details/6920238,MIRA PRAIA,Passenger/Ro-Ro Cargo Ship,6920238
/vessels/details/263905760,TAIPAN,Sailing vessel,263905760
/vessels/details/263874540,B-ONE,Unknown,263874540
/vessels/details/263828680,ARDENTIA,Sailing vessel,263828680
/vessels/details/263754490,LOS GATOS FAMILY,Sailing vessel,263754490
/vessels/details/263390107,LIAO26339-7-86,Unknown,263390107
/vessels/details/263390017,26339-17-81,Unknown,263390017
/vessels/details/9319612,VITORIA COENTRAO,Fishing Vessel,9319612
/vessels/details/263721931,LG21931-268.1V,Unknown,263721931
/vessels/details/263442007,ROGUCA,Pleasure craft,263442007
/vessels/details/8880561,PEROLA DE S. CRUZ,Fishing Vessel,8880561
/vessels/details/8797221,JORGE NOVO,Fishing Vessel,8797221
/vessels/details/7012961,MONTE DA LAPA,Tug,7012961
/vessels/details/7104257,MAR E SOL,Passenger/Ro-Ro Cargo Ship,7104257
/vessels/details/5030165,ATREVIDO,Fishing Vessel,5030165
/vessels/details/263441614,PLAYTIME,Unknown,263441614
/vessels/details/263441370,ZENSET,Sailing vessel,263441370
/vessels/details/9986453,ODERTAL,General Cargo Ship,9986453
/vessels/details/263442578,DENTEX24,Pleasure craft,263442578
/vessels/details/263816580,SEA OTTER,Sailing vessel,263816580
/vessels/details/263823260,CHILL OUT,Sailing vessel,263823260
/vessels/details/263959175,MALBEC,Sailing vessel,263959175
/vessels/details/263958828,MARIA PIA,Sailing vessel,263958828
/vessels/details/4610671,ANDROMEDA,Research Vessel,4610671
/vessels/details/263058004,SR-38,SAR,263058004
/vessels/details/7385045,SANTA CATARINA,Fishing Vessel,7385045
/vessels/details/263428570,GONCALO GABRIEL,Fishing vessel,263428570
/vessels/details/263441823,BAHIA,Pleasure craft,263441823
/vessels/details/263441639,ARTEMIS X,Pleasure craft,263441639
/vessels/details/263959496,GAYA,Pleasure craft,263959496
/vessels/details/263058100,SR45,SAR,263058100
/vessels/details/6825555,BRENHA,Fishing Vessel,6825555
/vessels/details/263882580,TODOS OS SANTOS,Sailing vessel,263882580
/vessels/details/263325000,SINES PORT CONTROL,Unknown,263325000
/vessels/details/263442841,CINQUECENTO,Pleasure craft,263442841
/vessels/details/263441826,WAMO,Pleasure craft,263441826
/vessels/details/263440701,INVICTUS CRUISES,Pleasure craft,263440701
/vessels/details/263938350,LIKE THE WIND,Sailing vessel,263938350
/vessels/details/1124607,FRONHAS,Motor Hopper,1124607
/vessels/details/263390104,LIAO26339-4-83,Unknown,263390104
/vessels/details/263441896,PANAREA,Unknown,263441896
/vessels/details/263883290,SMILE III,Unknown,263883290
/vessels/details/9986439,MAX,General Cargo Ship,9986439
/vessels/details/263938690,NOTA DEZ,Other type,263938690
/vessels/details/263917590,FRIENDSHIP,Pleasure craft,263917590
/vessels/details/263959498,CRISTINA A,Pleasure craft,263959498
/vessels/details/263442089,MAR PROFUNDIS,Sailing vessel,263442089
/vessels/details/263419760,SEGUE O TEU DESTINO,Fishing vessel,263419760
/vessels/details/7306611,JUSTINO RAMALHEIRA,Fishing Vessel,7306611
/vessels/details/263423290,GUENTARO MARU,Fishing vessel,263423290
/vessels/details/4610425,VIANA DO CASTELO,Patrol Vessel,4610425
/vessels/details/263817250,TAKE IT EASY,Sailing vessel,263817250
/vessels/details/6802931,DANADO,Tug,6802931
/vessels/details/263906550,SOL NASCENTE,Pleasure craft,263906550
/vessels/details/263889650,POLARYS,Pleasure craft,263889650
/vessels/details/263959171,FULL MOON,Sailing vessel,263959171
/vessels/details/1089211,NORDIC FELICIA,General Cargo Ship,1089211
/vessels/details/8506103,FRAPEC,Fishing Vessel,8506103
/vessels/details/263959163,FIVE,Unknown,263959163
/vessels/details/263435001,PENINSULA SETUBAL,Fishing vessel,263435001
/vessels/details/263959029,VERTIGO,Sailing vessel,263959029
/vessels/details/263442845,KING LIVE,Unknown,263442845
/vessels/details/263960009,MAGIC BOAT,Unknown,263960009
/vessels/details/263928680,RIVARA,Pleasure craft,263928680
/vessels/details/263390109,LIAO26339-9-49,Unknown,263390109
/vessels/details/263441748,GOLFINHO DO ATLATNIC,Pleasure craft,263441748
/vessels/details/263932450,BLANGAI,Sailing vessel,263932450
/vessels/details/263999999,GCSOC,Port tender,263999999
/vessels/details/8212788,PALENCA,Tug,8212788
/vessels/details/5158802,ILHA BRAVA,Fishing vessel,5158802
/vessels/details/263440921,RACER,Sailing vessel,263440921
/vessels/details/263921390,PEMAMI,Sailing vessel,263921390
/vessels/details/8532334,DARK KNIGHT,Yacht,8532334
/vessels/details/263944990,PATHE V,Sailing vessel,263944990
/vessels/details/263804950,AVATAR,Sailing vessel,263804950
/vessels/details/263602567,TRANSMAR,Other type,263602567
/vessels/details/263959769,BRAYN PICKER III,Pleasure craft,263959769
/vessels/details/263441632,DESDEMONA,Unknown,263441632
/vessels/details/263406460,CRUZ DIVINA,Fishing vessel,263406460
/vessels/details/263960028,VEGA IV,Pleasure craft,263960028
/vessels/details/263149802,CH - 2-99,Unknown,263149802
/vessels/details/263867240,MIANGO,Pleasure craft,263867240
/vessels/details/263909980,LUDWIG-99,Pleasure craft,263909980
/vessels/details/263442569,ECLIPSE II,Pleasure craft,263442569
/vessels/details/263934280,MAXIMVS,Sailing vessel,263934280
/vessels/details/263957860,GANDUL,Sailing vessel,263957860
/vessels/details/263402290,PUREZA JOSE,Fishing vessel,263402290
/vessels/details/263440833,SHELL 2,Pleasure craft,263440833
/vessels/details/263440813,GAYADOURO,SAR,263440813
/vessels/details/263840450,DECOUVERTES,Pleasure craft,263840450
/vessels/details/263602574,TROUBLES,Sailing vessel,263602574
/vessels/details/263442158,ORCINUS,Pleasure craft,263442158
/vessels/details/263877850,INSUA,Sailing vessel,263877850
/vessels/details/263442657,LOOBY LOU,Pleasure craft,263442657
/vessels/details/263958682,WHITE,Pleasure craft,263958682
/vessels/details/263442669,GREEN OCEAN I,Pleasure craft,263442669
/vessels/details/9183116,AZIMUTE,Fishing Vessel,9183116
/vessels/details/263806980,AGUARELA,Sailing vessel,263806980
/vessels/details/263000000,AUX CACAO,Unknown,263000000
/vessels/details/263892960,SPRINGBOK,Sailing vessel,263892960
/vessels/details/263441334,SPECTER,Sailing vessel,263441334
/vessels/details/8797269,MARISCO,Fishing Vessel,8797269
/vessels/details/263598419,2299 - 19-67,Unknown,263598419
/vessels/details/263320005,LIAOYING26332-05-96,Unknown,263320005
/vessels/details/263959739,NUMA,Pleasure craft,263959739
/vessels/details/8602608,FASCINIOS DO MAR,Fishing Vessel,8602608
/vessels/details/263442316,CATITA DOURO,Pleasure craft,263442316
/vessels/details/263084000,ISNRAINHADAMELIA,SAR,263084000
/vessels/details/8611300,STA. RITA DE CASSIA,Passenger/Ro-Ro Cargo Ship,8611300
/vessels/details/263401590,VILACONDENSE,Fishing vessel,263401590
/vessels/details/263062016,BARRACUDA,Pleasure craft,263062016
/vessels/details/9014509,MAR DA ERICEIRA,Fishing Vessel,9014509
/vessels/details/9155999,ANACLETO ANTONIO,Fishing Vessel,9155999
/vessels/details/263958693,TREVI,Sailing vessel,263958693
/vessels/details/263320013,LIAOYING26332-13-99,Unknown,263320013
/vessels/details/263350004,LIAOYINYU26335-4-97,Unknown,263350004
/vessels/details/263354889,40086A-8-92,Unknown,263354889
/vessels/details/1026659,ATHENIAN PATH,Chemical/Oil Products Tanker,1026659
/vessels/details/263918000,SIRLI,Sailing vessel,263918000
/vessels/details/7707815,PENEDA,Tug,7707815
/vessels/details/263442200,MARIA VIKTORIA,Pleasure craft,263442200
/vessels/details/263951470,ZDAMEN,Sailing vessel,263951470
/vessels/details/7713113,ROSAMAR,Fishing Vessel,7713113
/vessels/details/8419922,CRUZEIRO DO CANAL,Passenger/Ro-Ro Cargo Ship,8419922
/vessels/details/5270650,SONDAREZA,Fishing Vessel,5270650
/vessels/details/263442892,ST JUDE,Pleasure craft,263442892
/vessels/details/263900110,MIRAGE I,Sailing vessel,263900110
/vessels/details/263377759,ZHELINYU33777-59-34,Unknown,263377759
/vessels/details/263440836,SANTA BARBARA MM,Pleasure craft,263440836
/vessels/details/263823540,DORIS,Sailing vessel,263823540
/vessels/details/263441215,LONGCHEN,Pleasure craft,263441215
/vessels/details/263826780,CAVOK II,Sailing vessel,263826780
/vessels/details/263441631,CLEOPATRA,Unknown,263441631
/vessels/details/6922860,ALMIRANTE,Tug,6922860
/vessels/details/263067000,NORDESTE,Law enforcment,263067000
/vessels/details/263442917,CATSPACE,Pleasure craft,263442917
/vessels/details/6405587,ANABELA MARQUES,Fishing Vessel,6405587
/vessels/details/8797233,PUREZA JOSE,Fishing Vessel,8797233
/vessels/details/263442559,SEA YOU TOO,Unknown,263442559
/vessels/details/263213993,LIN21399-3-64,Unknown,263213993
/vessels/details/263959906,UMBOLINA,Pleasure craft,263959906
/vessels/details/263062014,MONTE GORDO,Pleasure craft,263062014
/vessels/details/263959641,SEATIZEN,Pleasure craft,263959641
/vessels/details/9201281,REGIO MAR,Fishing Vessel,9201281
/vessels/details/7422972,PRINCIPE DO VOUGA,Fishing Vessel,7422972
/vessels/details/263320007,LIAOYING26332-07-91,Unknown,263320007
/vessels/details/263900203,LA ROSA DE ELCHE,Sailing vessel,263900203
/vessels/details/263824870,SV BORA,Sailing vessel,263824870
/vessels/details/263501688,01688,Unknown,263501688
/vessels/details/263442891,ALMAR II,Pleasure craft,263442891
/vessels/details/7334058,MARE ALTA,Fishing Vessel,7334058
/vessels/details/263598412,2299 - 12-99,Unknown,263598412
/vessels/details/263926550,PAGRUS,Pleasure craft,263926550
/vessels/details/8753938,PERRO NEGRO 5,Platform,8753938
/vessels/details/263931260,TOO XTREME,Pleasure craft,263931260
/vessels/details/263913450,BEATRIZ,Sailing vessel,263913450
/vessels/details/8686795,ESTRELA DE ANCORA,Fishing Vessel,8686795
/vessels/details/263900105,ORIANA,Sailing vessel,263900105
/vessels/details/263601670,PENEDA,Tug,263601670
/vessels/details/9116474,AFRODITE,Fishing Vessel,9116474
/vessels/details/263959542,MARI,Sailing vessel,263959542
/vessels/details/263442881,OCEAN DROP,Sailing vessel,263442881
/vessels/details/263959543,SVEA,Sailing vessel,263959543
/vessels/details/263958933,HERA,Sailing vessel,263958933
/vessels/details/263404860,BEATRIZ PAULO,Other type,263404860
/vessels/details/263440838,CATCHA,Unknown,263440838
/vessels/details/263442114,SIP SIP,Pleasure craft,263442114
/vessels/details/263939370,AZOREAN DREAM,Sailing vessel,263939370
/vessels/details/263959482,TIRU,Sailing vessel,263959482
/vessels/details/263320019,LIAOYING26332-19-77,Unknown,263320019
/vessels/details/263442641,GINGER,Sailing vessel,263442641
/vessels/details/7406942,ZANGWE,Tug,7406942
/vessels/details/8984006,ICON,Yacht,8984006
/vessels/details/263750550,MILENIO DO DOURO,Passenger ship,263750550
/vessels/details/263671840,CABO DE S. VICENTE,Unknown,263671840
/vessels/details/263957990,NAUTISIRIUS,Sailing vessel,263957990
/vessels/details/263960068,LELLA MIA,Sailing vessel,263960068
/vessels/details/8697392,RAMAVEIRO,Hopper Dredger,8697392
/vessels/details/263929380,DIMAR,Pleasure craft,263929380
/vessels/details/263959174,ALEXA,Pleasure craft,263959174
/vessels/details/263959742,VAICHE BOA,Sailing vessel,263959742
/vessels/details/263441206,EXCESS,Sailing vessel,263441206
/vessels/details/6411299,SEZOES,Tug,6411299
/vessels/details/263959948,ANIMA,Sailing vessel,263959948
/vessels/details/7808683,PALMELENSE,Passenger Ship,7808683
/vessels/details/263350001,LIAOYINYU26335-1-83,Unknown,263350001
/vessels/details/8735077,PEROLA DO GUADIANA,Fishing Vessel,8735077
/vessels/details/1041104,AZORES OCEAN,Research Vessel,1041104
/vessels/details/263441877,MAGMA,Sailing vessel,263441877
/vessels/details/263442843,HERE TODAY,Sailing vessel,263442843
/vessels/details/263441057,RIO MAIOR FAMILY,Pleasure craft,263441057
/vessels/details/263959759,MANATI,Sailing vessel,263959759
/vessels/details/263856380,ORCA,Sailing vessel,263856380
/vessels/details/9126601,FILIPA IRMAO,Fishing Vessel,9126601
/vessels/details/263013112,LIN 01311-2-99,Unknown,263013112
/vessels/details/263320004,LIAOYING26332-04-95,Unknown,263320004
/vessels/details/263442232,NARAYANA,Unknown,263442232
/vessels/details/263441605,BEKASII,Pleasure craft,263441605
/vessels/details/263602579,EOS,Sailing vessel,263602579
/vessels/details/263442861,GIOVANOTA,Sailing vessel,263442861
/vessels/details/263010002,PLEIONE,Unknown,263010002
/vessels/details/263320020,LIAOYING26332-20-77,Unknown,263320020
/vessels/details/263802440,SNOOPYS,Pleasure craft,263802440
/vessels/details/7037246,CORROIOS,Tug,7037246
/vessels/details/263959636,INFINITO LX,Sailing vessel,263959636
/vessels/details/263959043,6 KNOTS,Sailing vessel,263959043
/vessels/details/263332225,26333-5-85,Unknown,263332225
/vessels/details/263441072,BLITS,Sailing vessel,263441072
/vessels/details/263360012,26009-2-01,Unknown,263360012
/vessels/details/263959398,BLUE DAYS,Pleasure craft,263959398
/vessels/details/263938940,FIFTY FIVE,Sailing vessel,263938940
/vessels/details/263411450,ANTONIO DA MATA,Fishing vessel,263411450
/vessels/details/263812780,ANASTACIA,Sailing vessel,263812780
/vessels/details/263320011,LIAOYING26332-11-82,Unknown,263320011
/vessels/details/7227102,MARIA EDUARDO,Fishing Vessel,7227102
/vessels/details/263959932,CACAO,Pleasure craft,263959932
/vessels/details/1060502,SOPHIE,General Cargo Ship,1060502
/vessels/details/263990007,LIAOYINGYU26399-7,Unknown,263990007
/vessels/details/263413450,NOVA JERUSALEM,Fishing vessel,263413450
/vessels/details/263441822,CONNIE BROWN,Sailing vessel,263441822
/vessels/details/263847580,NEW MY WAY,Pleasure craft,263847580
/vessels/details/263377742,ZHELINYU33777-42-53,Unknown,263377742
/vessels/details/263441607,NAMAIOR,Pleasure craft,263441607
/vessels/details/7504574,VILA REAL,Fishing Vessel,7504574
/vessels/details/7004299,CAPRICORNIO,Research Vessel,7004299
/vessels/details/263441747,CHARLIE PARKER,Pleasure craft,263441747
/vessels/details/263442167,ATALAIA GOLD,Pleasure craft,263442167
/vessels/details/263725272,ZHE DAI YU 03725-26,Unknown,263725272
/vessels/details/263442253,PUNTA EUROPA,Pleasure craft,263442253
/vessels/details/263960033,FELISA,Pleasure craft,263960033
/vessels/details/8829488,SAO CRISTOVAO,Passenger/Ro-Ro Cargo Ship,8829488
/vessels/details/263936000,SANTA CRUZ,Sailing vessel,263936000
/vessels/details/263805750,LEOPARD,Pleasure craft,263805750
/vessels/details/263959785,HIGHLIGHT,Sailing vessel,263959785
/vessels/details/263062300,PINTADO,Law enforcment,263062300
/vessels/details/263959428,XIPHIAS GOLD,Pleasure craft,263959428
/vessels/details/263601850,CABO ESPICHEL,Tug,263601850
/vessels/details/263920650,BOOMERANG,Sailing vessel,263920650
/vessels/details/263162000,NRP CASSIOPEIA,Military ops,263162000
/vessels/details/1043281,JOHANNA SCHEPERS,Container Ship,1043281
/vessels/details/263000093,02885-17-84,Unknown,263000093
/vessels/details/263441996,DJANGO V,Sailing vessel,263441996
/vessels/details/7385095,CACHOFARRA,Tug,7385095
/vessels/details/263915790,DONNA MARIA,Sailing vessel,263915790
/vessels/details/263440936,RUMO,Local type,263440936
/vessels/details/263900250,LAURETTA,Unknown,263900250
/vessels/details/263404850,FESTAS ANDRE,Fishing vessel,263404850
/vessels/details/263442781,ALDA V,Sailing vessel,263442781
/vessels/details/263598417,2299 - 17-99,Unknown,263598417
/vessels/details/263062303,ANGRA,Law enforcment,263062303
/vessels/details/263959137,MATHILDE IV,Pleasure craft,263959137
/vessels/details/263390032,26339-32-99,Unknown,263390032
/vessels/details/263412553,12553-04-57,Unknown,263412553
/vessels/details/263959380,COOL BREEZE,Sailing vessel,263959380
/vessels/details/263909670,RAINA,Pleasure craft,263909670
/vessels/details/263959552,VAGAMENTE,Sailing vessel,263959552
/vessels/details/263814850,MAGANO II,Pleasure craft,263814850
/vessels/details/263442699,BIZARMA,Sailing vessel,263442699
/vessels/details/263500200,PEREIRA RAMOS,Fishing vessel,263500200
/vessels/details/263442894,GREAT ESCAPE,Pleasure craft,263442894
/vessels/details/263377710,ZHELINYU33777-10-57,Unknown,263377710
/vessels/details/263933790,ANDA MARIA,Sailing vessel,263933790
/vessels/details/5032204,TEIMOSO,Tug,5032204
/vessels/details/8017176,VISTA ALEGRE,Fishing Vessel,8017176
/vessels/details/8799827,MARIA LEONTINA,Fishing Vessel,8799827
/vessels/details/263122183,LIN12218-3-70,Unknown,263122183
/vessels/details/263914460,SAVVY,Sailing vessel,263914460
/vessels/details/263959507,ELIXIR,Sailing vessel,263959507
/vessels/details/4610437,FIGUEIRA DA FOZ,Patrol Vessel,4610437
/vessels/details/263401690,MESTRE FERNANDO LE,Fishing vessel,263401690
/vessels/details/263838280,BARRACUDA,Sailing vessel,263838280
/vessels/details/9830446,HAKSOLOK,Passenger/Ro-Ro Cargo Ship,9830446
/vessels/details/6917322,VENEZA DE PORTUGAL,Fishing Vessel,6917322
/vessels/details/263598411,2299 - 11-76,Unknown,263598411
/vessels/details/263873670,BUZIOS VII,Sailing vessel,263873670
/vessels/details/6923785,RIA MAR,Fishing Vessel,6923785
/vessels/details/263833240,TAL A ROZ,Sailing vessel,263833240
/vessels/details/263884980,UIMA,Pleasure craft,263884980
/vessels/details/7041572,FOGUETEIRO,Tug,7041572
/vessels/details/263442536,WATT,Sailing vessel,263442536
/vessels/details/263442356,SEEROSE,Pleasure craft,263442356
/vessels/details/263929370,GIA,Pleasure craft,263929370
/vessels/details/263957980,FONSOS,Sailing vessel,263957980
/vessels/details/263390101,LIAO26339-1-99,Unknown,263390101
/vessels/details/263801340,TONINHAS,Pleasure craft,263801340
/vessels/details/263455687,0,Unknown,263455687
/vessels/details/9193434,CABO DO MAR,Fishing Vessel,9193434
/vessels/details/4610683,AURIGA,Research Vessel,4610683
/vessels/details/8916891,ALCYON,Fishing Vessel,8916891
/vessels/details/263877290,PEDRAS,Sailing vessel,263877290
/vessels/details/263360005,LIAOYINGYU26336-599,Unknown,263360005
/vessels/details/263905470,WINE DECK,Sailing vessel,263905470
/vessels/details/263670480,LVI BUARCOS,Pleasure craft,263670480
/vessels/details/263621296,LKK21296-267.7V,Unknown,263621296
/vessels/details/263947350,ZARCO,Sailing vessel,263947350
/vessels/details/263442259,CORTO MALTESE III,Sailing vessel,263442259
/vessels/details/263753270,X-RIDE I,Passenger ship,263753270
/vessels/details/263883940,STA TEREZINHA,Unknown,263883940
/vessels/details/263821289,LG21289-26 10,Unknown,263821289
/vessels/details/263959995,SUPER ACOR XIS,Sailing vessel,263959995
/vessels/details/263441642,DELTATUR III,Pleasure craft,263441642
/vessels/details/8609400,PARALELO,Fishing Vessel,8609400
/vessels/details/263442624,BORAI,Unknown,263442624
/vessels/details/263440678,CHAKA,Pleasure craft,263440678
/vessels/details/9229180,CALYPSO,Fishing Vessel,9229180
/vessels/details/263155613,1556-13 50,Unknown,263155613
/vessels/details/263958809,VADER I,Sailing vessel,263958809
/vessels/details/263440907,BAYANBAR,Sailing vessel,263440907
/vessels/details/263062007,VSR ANTONIO,Law enforcment,263062007
/vessels/details/263862249,MINPUYU16368-46-93,Unknown,263862249
/vessels/details/263216682,LIN 21668-2-72,Unknown,263216682
/vessels/details/263442456,JOXANA,Sailing vessel,263442456
/vessels/details/8797441,FLORIMAX,Fishing Vessel,8797441
/vessels/details/263959066,JOCHI,Sailing vessel,263959066
/vessels/details/263877250,SPARUS,Pleasure craft,263877250
/vessels/details/263412890,PRINCIPE DO ALENTEJO,Unknown,263412890
/vessels/details/263773962,BEAUMARIS,Sailing vessel,263773962
/vessels/details/263441945,DOCE,Sailing vessel,263441945
/vessels/details/8797099,ASTUR,Fishing Vessel,8797099
/vessels/details/9088495,TEJO,Patrol Vessel,9088495
/vessels/details/9976006,ALVEOLA AMARELA,Passenger Ship,9976006
/vessels/details/263441766,HANGANG,Unknown,263441766
/vessels/details/263598404,2299 - 4-96,Unknown,263598404
/vessels/details/263441720,YOLO X,Sailing vessel,263441720
/vessels/details/263959672,YESS TOO,Sailing vessel,263959672
/vessels/details/8687488,JOANA CUNHA,Fishing Vessel,8687488
/vessels/details/263377707,ZHELINYU33777-7-89,Unknown,263377707
/vessels/details/263442805,DREAMER IV,Passenger ship,263442805
/vessels/details/263878470,FARRAS,Sailing vessel,263878470
/vessels/details/263869470,MAYOMBE,Sailing vessel,263869470
/vessels/details/263442965,OURWAY,Sailing vessel,263442965
/vessels/details/263702680,RITA,Cargo ship,263702680
/vessels/details/9280017,SONHO DE INFANCIA,Fishing Vessel,9280017
/vessels/details/263939760,MARIAS,Sailing vessel,263939760
/vessels/details/263879770,BLUE OCEAN,Pleasure craft,263879770
/vessels/details/263959159,NOSEFA,Sailing vessel,263959159
/vessels/details/263812660,BLUE WAVE,Fishing vessel,263812660
/vessels/details/263442743,GOLDEN FALLS,Pleasure craft,263442743
/vessels/details/263805640,REGINA MARIS,Sailing vessel,263805640
/vessels/details/263440653,SURI,Sailing vessel,263440653
/vessels/details/263608618,MINPUYU46998-30-93,Unknown,263608618
/vessels/details/263959349,GREAT EXPECTATIONS,Sailing vessel,263959349
/vessels/details/263062009,TORNADO,Pleasure craft,263062009
/vessels/details/263802860,MONDAY,Sailing vessel,263802860
/vessels/details/263951950,RHINCODON,Unknown,263951950
/vessels/details/263804750,IMPASSIVEL,Sailing vessel,263804750
/vessels/details/263058134,SR 34,SAR,263058134
/vessels/details/263937990,FENGSHUI,Sailing vessel,263937990
/vessels/details/8878386,PLATAO,General Cargo Ship,8878386
/vessels/details/263441679,THIRTEEN,Sailing vessel,263441679
/vessels/details/9088457,GRIBBEN,Patrol Vessel,9088457
/vessels/details/263390016,26339-16-56,Unknown,263390016
/vessels/details/8674144,OBELIX,Motor Hopper,8674144
/vessels/details/263858790,FIVE,Sailing vessel,263858790
/vessels/details/263959447,BRUBIBE II,Sailing vessel,263959447
/vessels/details/263958931,BENJAMIM,Sailing vessel,263958931
/vessels/details/263675024,DRACO,Law enforcment,263675024
/vessels/details/9904912,WORLD ADVENTURER,Passenger (Cruise) Ship,9904912
/vessels/details/263377727,ZHELINYU33777-27-02,Unknown,263377727
/vessels/details/263440933,RAIO,Cargo ship,263440933
/vessels/details/263948760,ADA REBIKOFF,Diving ops,263948760
/vessels/details/263010043,04 SF,Pleasure craft,263010043
/vessels/details/263959643,PARDAL,Sailing vessel,263959643
/vessels/details/263959009,OTIMO SOLO SAILOR,Sailing vessel,263959009
/vessels/details/263830650,SENSIA,Sailing vessel,263830650
/vessels/details/263908540,VELOCE,Sailing vessel,263908540
/vessels/details/8463703,ESTRELA DO OCEANO,Fishing Vessel,8463703
/vessels/details/263598416,2299 - 16-74,Unknown,263598416
/vessels/details/263838760,TRAVESSIA,Pleasure craft,263838760
/vessels/details/263900238,BABSEA,Sailing vessel,263900238
/vessels/details/263330008,LIAOYINGYU26333-8,Unknown,263330008
/vessels/details/263442537,ALMAVIVA,Pleasure craft,263442537
/vessels/details/263896690,BAD BOY,Unknown,263896690
/vessels/details/263390042,26339-42-93,Unknown,263390042
/vessels/details/263442793,CRUZING,Pleasure craft,263442793
/vessels/details/9193408,CABO DA PRAIA,Fishing Vessel,9193408
/vessels/details/263918560,FGANG,Sailing vessel,263918560
/vessels/details/263062020,PRAIA DOURADA,Pleasure craft,263062020
/vessels/details/263959673,AZORES HIGH,Sailing vessel,263959673
/vessels/details/263818990,CANTABILE,Sailing vessel,263818990
/vessels/details/263209999,LXK09999-267.6V,Unknown,263209999
/vessels/details/263673878,TORGA,Passenger ship,263673878
/vessels/details/263673929,PALMELA,Dredging or UW ops,263673929
/vessels/details/6901529,ATLANTIAREIA,Hopper Dredger,6901529
/vessels/details/263062305,APULIA,Law enforcment,263062305
/vessels/details/263600012,PALENCA,Tug,263600012
/vessels/details/263958761,VENEZA,Pleasure craft,263958761
/vessels/details/263065000,ROAZ,Unknown,263065000
/vessels/details/263250009,YANGZHIQU-9-96,Unknown,263250009
/vessels/details/1043346,WES ANNA,Container Ship,1043346
/vessels/details/263837940,BACO II,Pleasure craft,263837940
/vessels/details/263900017,263900017 9V,Unknown,263900017
/vessels/details/9904924,WORLD DISCOVERER,Passenger (Cruise) Ship,9904924
/vessels/details/263062304,HORTA,Law enforcment,263062304
/vessels/details/8602658,CARMEN,Fishing Vessel,8602658
/vessels/details/263959819,WILDCARD,Sailing vessel,263959819
/vessels/details/9930595,DORIS,Tug,9930595
/vessels/details/263944980,ZACATRAZ,Sailing vessel,263944980
/vessels/details/263810750,BELLE,Sailing vessel,263810750
/vessels/details/263598406,2299 - 6-99,Unknown,263598406
/vessels/details/263377716,ZHELINYU33777-16-37,Unknown,263377716
/vessels/details/263990004,LIAOYINGYU26399-4,Unknown,263990004
/vessels/details/263905880,MATRIX II,Sailing vessel,263905880
/vessels/details/263441168,AVALON,Pleasure craft,263441168
/vessels/details/263598403,2299 - 3-99,Unknown,263598403
/vessels/details/8743787,ALBERTO MIGUEL,Fishing Vessel,8743787
/vessels/details/263946370,NOLA,Pleasure craft,263946370
/vessels/details/263377720,ZHELINYU33777-20-73,Unknown,263377720
/vessels/details/263875960,KNOT EASY,Pleasure craft,263875960
/vessels/details/263380002,26338-2-82,Unknown,263380002
/vessels/details/263442533,FOR FUN II,Sailing vessel,263442533
/vessels/details/9986477,HASETAL,General Cargo Ship,9986477
/vessels/details/263933250,ARLEQUIM,Sailing vessel,263933250
/vessels/details/263823790,MERCURIO I,Sailing vessel,263823790
/vessels/details/263958773,FLY AWAY,Sailing vessel,263958773
/vessels/details/263440937,RUTE,Local type,263440937
/vessels/details/263917880,MY FREEDOM,Sailing vessel,263917880
/vessels/details/263900155,TIBARIAF III,Pleasure craft,263900155
/vessels/details/263442615,ALMA DO DOURO,Passenger ship,263442615
/vessels/details/263215356,LIN 21535-6-83,Unknown,263215356
/vessels/details/263958684,RUBY,Pleasure craft,263958684
/vessels/details/263969000,NOROESTE,Sailing vessel,263969000
/vessels/details/263441590,INVICTUS DOURO,Unknown,263441590
/vessels/details/263440629,AGUAPURA,Sailing vessel,263440629
/vessels/details/263442176,LUSITANO I,Unknown,263442176
/vessels/details/263056000,CAMINHA,Unknown,263056000
/vessels/details/4768650,AVEIRO,Patrol Vessel,4768650
/vessels/details/263410840,EMIBRUPA,Fishing vessel,263410840
/vessels/details/263912770,SAIL WAY,Sailing vessel,263912770
/vessels/details/263804790,CARPE MARES,Unknown,263804790
/vessels/details/263825580,THE ALBATROZ,Unknown,263825580
/vessels/details/263804590,ATALAIA,Sailing vessel,263804590
/vessels/details/263442887,MEGA TOPO,Port tender,263442887
/vessels/details/263959775,LURIO,Sailing vessel,263959775
/vessels/details/263010003,ATLAS,Other type,263010003
/vessels/details/263959870,BY THE WAVE,Sailing vessel,263959870
/vessels/details/263062010,OURA,Pleasure craft,263062010
/vessels/details/263932860,ONDA AZUL,Pleasure craft,263932860
/vessels/details/263330007,LIAOYINGYU26333-7,Unknown,263330007
/vessels/details/263442823,GUSTA,Pleasure craft,263442823
/vessels/details/263078163,WEI07816-3-89,Unknown,263078163
/vessels/details/263808950,CORTO,Sailing vessel,263808950
/vessels/details/263959848,PARAGON,Sailing vessel,263959848
/vessels/details/263959569,R ELEVEN,Pleasure craft,263959569
/vessels/details/6600034,LUTAMAR,Tug,6600034
/vessels/details/263941880,LAZYSAIL,Sailing vessel,263941880
/vessels/details/8001050,SANTA ANITA,Fishing Vessel,8001050
/vessels/details/263441289,MARIA TERESA,Sailing vessel,263441289
/vessels/details/263810240,SENHORA DO MAR III,Sailing vessel,263810240
/vessels/details/1000526,ARGOLIDE,Yacht,1000526
/vessels/details/8917041,EXPRESSO DAS ILHAS,Passenger Ship,8917041
/vessels/details/263840440,MAIAO,Sailing vessel,263840440
/vessels/details/263940360,TAURUS,Sailing vessel,263940360
/vessels/details/263097000,NORTADA,Military ops,263097000
/vessels/details/7004732,SAFADO,Tug,7004732
/vessels/details/263388969,33889-69-78,Unknown,263388969
/vessels/details/263602555,SPARTACUS,Tug,263602555
/vessels/details/263442862,ADVENTURE ONE,Passenger ship,263442862
/vessels/details/263442618,O MERGULHINHO,Pleasure craft,263442618
/vessels/details/263442155,FIFTY ONE,Sailing vessel,263442155
/vessels/details/263958801,EVA LUNA,Sailing vessel,263958801
/vessels/details/263439660,ISEA TWO,Pleasure craft,263439660
/vessels/details/263899270,FARAWAY,Sailing vessel,263899270
/vessels/details/263441343,MSF,Pleasure craft,263441343
/vessels/details/5086994,DAVID MELGUEIRO,Trawler,5086994
/vessels/details/9207223,MESTRE AFONSO,Fishing Vessel,9207223
/vessels/details/263825000,ALBACORE,Other type,263825000
/vessels/details/263440440,KAIKI,Pleasure craft,263440440
/vessels/details/263601880,SOBREDA,Tug,263601880
/vessels/details/263442227,CRYSA,Pleasure craft,263442227
/vessels/details/263441171,DOURO TOURS I,Fishing vessel,263441171
/vessels/details/263390039,26339-39-99,Unknown,263390039
/vessels/details/263441929,ANGEL OF THE NORTH,Pleasure craft,263441929
/vessels/details/263000554,IHKJH-03-94,Unknown,263000554
/vessels/details/7126853,MAR DE OVAR,Fishing Vessel,7126853
/vessels/details/263832960,FUNTASTICO,Sailing vessel,263832960
/vessels/details/263442840,ARMILAR,Sailing vessel,263442840
/vessels/details/7333248,MAROLA,Fishing Vessel,7333248
/vessels/details/263442100,LOLINDA,Sailing vessel,263442100
/vessels/details/9088483,GUADIANA,Patrol Vessel,9088483
/vessels/details/263010040,01 KM,Pleasure craft,263010040
/vessels/details/263442555,PACHECA RIVER,Sailing vessel,263442555
/vessels/details/263901380,ROPE II,Pleasure craft,263901380
/vessels/details/263223324,TAP87 C24,Law enforcment,263223324
/vessels/details/263829590,WINDY 2,Sailing vessel,263829590
/vessels/details/263442605,ANZOL DE COPAS,Pleasure craft,263442605
/vessels/details/263360004,LIAOYINGYU26336-499,Unknown,263360004
/vessels/details/263673848,BAIA DE SETUBAL,Pilot,263673848
/vessels/details/263062307,FARO,Law enforcment,263062307
/vessels/details/263421950,ESCRAVA DO JURAMENTO,Fishing vessel,263421950
/vessels/details/263958683,ROSE,Unknown,263958683
/vessels/details/8924006,LUSITANIA,General Cargo Ship,8924006
/vessels/details/263440913,PRIMADONA,Sailing vessel,263440913
/vessels/details/6917114,PEROLA DO VOUGA,Fishing Vessel,6917114
/vessels/details/263721292,LG21292-268.1V,Unknown,263721292
/vessels/details/263442081,CASANOVA,Sailing vessel,263442081
/vessels/details/263977000,RADIANTE,Sailing vessel,263977000
/vessels/details/263926660,VITAMINE,Sailing vessel,263926660
/vessels/details/263959986,ECONAVIA,Unknown,263959986
/vessels/details/263060013,AMADA I,Sailing vessel,263060013
/vessels/details/263811860,PHILEAS FOGG III,Sailing vessel,263811860
/vessels/details/263320009,LIAOYING26332-09-99,Unknown,263320009
/vessels/details/263891470,ALCYONE,Sailing vessel,263891470
/vessels/details/263670440,SALEMA,Pleasure craft,263670440
/vessels/details/6819063,SINAMAR,Fishing Vessel,6819063
/vessels/details/263827240,SHERAZADE,Sailing vessel,263827240
/vessels/details/263959468,FOLLOWIND,Sailing vessel,263959468
/vessels/details/263441989,MIKA,Sailing vessel,263441989
/vessels/details/9362774,ALMA LUSA,Fishing Vessel,9362774
/vessels/details/7813298,PINTOMAR,Fishing Vessel,7813298
/vessels/details/263673998,TRITON II,Pleasure craft,263673998
/vessels/details/263408240,NANCI-MAR,Fishing vessel,263408240
/vessels/details/263442570,CANAAN ISLE,Pleasure craft,263442570
/vessels/details/8109553,ALBIMAR,Fishing Vessel,8109553
/vessels/details/263442254,SY BOTAFOGO,Pleasure craft,263442254
/vessels/details/263441138,DUNAS DE S. JACINTO,Unknown,263441138
/vessels/details/263320014,LIAOYING26332-14-37,Unknown,263320014
/vessels/details/263441529,INFANTA II,Sailing vessel,263441529
/vessels/details/263821679,LEG21679-267.6V,Unknown,263821679
/vessels/details/263441297,TOO FARAWAY,Sailing vessel,263441297
/vessels/details/263944940,VONTADE,Pleasure craft,263944940
/vessels/details/263431980,PEROLA DA NAZARE,Fishing vessel,263431980
/vessels/details/263947760,KOH TAO II,Sailing vessel,263947760
/vessels/details/263673947,GANSO,Dredging or UW ops,263673947
/vessels/details/8799750,BAIA DA HORTA,Fishing Vessel,8799750
/vessels/details/263442883,SORAYA,Pleasure craft,263442883
/vessels/details/263900172,OU MUN,Sailing vessel,263900172
/vessels/details/263928450,MAGIC BRISA,Sailing vessel,263928450
/vessels/details/263900022,263900022 8V,Unknown,263900022
/vessels/details/263872460,THOR VI,Sailing vessel,263872460
/vessels/details/263909550,LAZY M,Unknown,263909550
/vessels/details/263320017,LIAOYING26332-17-71,Unknown,263320017
/vessels/details/7508647,CORNELIA-MARIE,Fishing Vessel,7508647
/vessels/details/263442729,ALLSTAR ONE,Pleasure craft,263442729
/vessels/details/1043293,QINGDAO YANGFAN CV1000-03,Container Ship,1043293
/vessels/details/8697639,PAULA III,Yacht,8697639
/vessels/details/263900248,THALASSA III,Pleasure craft,263900248
/vessels/details/263815970,PREGUICAS,Sailing vessel,263815970
/vessels/details/8683066,DARIO FILIPE,Fishing Vessel,8683066
/vessels/details/263219234,LIN21923-4-93,Unknown,263219234
/vessels/details/263441718,BLUE PLANET X,Pleasure craft,263441718
/vessels/details/263603221,PANGXIEWANG-81,Unknown,263603221
/vessels/details/7015901,VALENTE,Tug,7015901
/vessels/details/263440935,ROTA,Local type,263440935
/vessels/details/263062006,SALEMA,Pleasure craft,263062006
/vessels/details/263931780,SMILE II,Pleasure craft,263931780
/vessels/details/5022780,LEIXOES,Aggregates Carrier,5022780
/vessels/details/263441681,BELLA ONE,Sailing vessel,263441681
/vessels/details/263489122,ORJMBH8175,Unknown,263489122
/vessels/details/263255204,BRUSER,Unknown,263255204
/vessels/details/263602573,GOLIAS,Tug,263602573
/vessels/details/263442065,TATA DO MAR,Pleasure craft,263442065
/vessels/details/263959128,REGAIS DO ALGARVE,Pleasure craft,263959128
/vessels/details/9032513,MESTRE BOBICHA,Fishing Vessel,9032513
/vessels/details/263818250,FEELDOURO,Pleasure craft,263818250
/vessels/details/263818270,DEEP DOURO,Pleasure craft,263818270
/vessels/details/8954726,ALABARDA,Landing Craft,8954726
/vessels/details/9312638,ANTERO DE QUENTAL,Passenger Ship,9312638
/vessels/details/263922950,MUKANKALA,Pleasure craft,263922950
/vessels/details/263440894,BELIZE 2,Pleasure craft,263440894
/vessels/details/263441503,ANNE CHARLOTTE,Sailing vessel,263441503
/vessels/details/263675018,RIO SADO,Pleasure craft,263675018
/vessels/details/263979000,CONSTANCA,Sailing vessel,263979000
/vessels/details/263440951,HAPPY JOSS,Unknown,263440951
/vessels/details/9275622,S. PEDRO DO MAR,Fishing Vessel,9275622
/vessels/details/1045239,HERCULES ELISABETH,Chemical/Oil Products Tanker,1045239
/vessels/details/9981817,TAIZHOU SANFU SF220302,Container Ship,9981817
/vessels/details/263440804,NEW ALTAIR,Pleasure craft,263440804
/vessels/details/263910650,CASCAES,Pleasure craft,263910650
/vessels/details/263442964,LIMI,Pleasure craft,263442964
/vessels/details/263441946,NOSSA ESPERANCA,Fishing vessel,263441946
/vessels/details/263217453,LIN 21745-3-99,Unknown,263217453
/vessels/details/263598408,2299 - 8-76,Unknown,263598408
/vessels/details/263884640,REEFCAT,Pleasure craft,263884640
/vessels/details/9312626,FERNANDO PESSOA,Passenger Ship,9312626
/vessels/details/263410850,MAE DE JESUS,Fishing vessel,263410850
/vessels/details/6402121,ESPIRITO SANTO,Passenger/General Cargo Ship,6402121
/vessels/details/263807680,GURI I,Pleasure craft,263807680
/vessels/details/263320015,LIAOYING26332-15-14,Unknown,263320015
/vessels/details/8686927,FILIPA MIGUEL,Fishing Vessel,8686927
/vessels/details/263214896,LIN 21489-6-84,Unknown,263214896
/vessels/details/263010042,03 FP,Pleasure craft,263010042
/vessels/details/9976018,TREPADEIRA AZUL,Passenger Ship,9976018
/vessels/details/263442643,OHANAS,Sailing vessel,263442643
/vessels/details/9088471,DOURO,Patrol Vessel,9088471
/vessels/details/263439250,AVO ANTONIO,Fishing vessel,263439250
/vessels/details/263442629,AQUANOS,Pleasure craft,263442629
/vessels/details/7212195,CABO ESPICHEL,Tug,7212195
/vessels/details/263441338,TIRO,Sailing vessel,263441338
/vessels/details/8797398,CRUSTACEO,Fishing Vessel,8797398
/vessels/details/263956780,SEA KEYS,Pleasure craft,263956780
/vessels/details/263598413,2299 - 13-83,Unknown,263598413
/vessels/details/263810850,OBBI 1,Sailing vessel,263810850
/vessels/details/263802790,SPRAY 1,Unknown,263802790
/vessels/details/263877680,SEVENTEEN,Pleasure craft,263877680
/vessels/details/263948460,VINTAGE,Pleasure craft,263948460
/vessels/details/263925740,PEZAGNO I,Sailing vessel,263925740
/vessels/details/1026647,ATHENIAN GLORY,Chemical/Oil Products Tanker,1026647
/vessels/details/263041199,PROVIDENCIA DIVINA,Fishing vessel,263041199
/vessels/details/263442217,TEMPOS FELIZES,Pleasure craft,263442217
/vessels/details/263390102,LIAO26339-2-60,Unknown,263390102
/vessels/details/263959093,KAKAU,Pleasure craft,263959093
/vessels/details/263933960,MARGARIDA,Sailing vessel,263933960
/vessels/details/263959309,DEFENDER,Sailing vessel,263959309
/vessels/details/263952980,FEE,Sailing vessel,263952980
/vessels/details/263841660,MAD MAX,Sailing vessel,263841660
/vessels/details/263889340,SAMAR,Pleasure craft,263889340
/vessels/details/263442766,GALIZA,Pleasure craft,263442766
/vessels/details/263441294,BRUTUS I,Pleasure craft,263441294
/vessels/details/263500246,MARLENE,Fishing vessel,263500246
/vessels/details/9348601,LEONIS,Fishing Vessel,9348601
/vessels/details/263959397,SPERARE,Sailing vessel,263959397
/vessels/details/263937350,DESLARGA,Unknown,263937350
/vessels/details/263826540,DAMNED,Unknown,263826540
/vessels/details/263149804,CH - 4-99,Unknown,263149804
/vessels/details/263959470,ATEKENFIN,Sailing vessel,263959470
/vessels/details/7221627,MAR ROXO,Fishing Vessel,7221627
/vessels/details/263519993,SAN51999-3-72,Unknown,263519993
/vessels/details/263442607,MAR LUSITANO,Pleasure craft,263442607
/vessels/details/263390105,LIAO26339-5-99,Unknown,263390105
/vessels/details/263958898,STELLA,Sailing vessel,263958898
/vessels/details/263417580,STA MARIA DAS AREIAS,Other type,263417580
/vessels/details/263149803,CH - 3-67,Unknown,263149803
/vessels/details/263821560,EOLO,Sailing vessel,263821560
/vessels/details/263956690,MALTEZ,Sailing vessel,263956690
/vessels/details/263441592,BAKUS,Sailing vessel,263441592
/vessels/details/263920290,ES VEDRA,Sailing vessel,263920290
/vessels/details/6606480,COSTA DE SAN MIGUEL,Fishing Vessel,6606480
/vessels/details/263900130,OLIM,Pleasure craft,263900130
/vessels/details/263442237,ANACLETO ANTONIO,Fishing vessel,263442237
/vessels/details/263010044,05 TR,Pleasure craft,263010044
/vessels/details/263959722,DIBIMAR,Sailing vessel,263959722
/vessels/details/263441682,PORTLISH,Sailing vessel,263441682
/vessels/details/263390015,26339-15-71,Unknown,263390015
/vessels/details/263960027,ZAFIRO,Pleasure craft,263960027
/vessels/details/5112456,GALA,Fishing Vessel,5112456
/vessels/details/263440651,CALINOU,Pleasure craft,263440651
/vessels/details/8685832,REI DOS ACORES,Fishing Vessel,8685832
/vessels/details/263900232,KOALA,Sailing vessel,263900232
/vessels/details/263865690,PICATAO,Sailing vessel,263865690
/vessels/details/1042706,BODEWES HOOGEZAND 777,Aggregates Carrier,1042706
/vessels/details/263440560,CASABLANCA,Pleasure craft,263440560
/vessels/details/263959173,KAT ONE,Sailing vessel,263959173
/vessels/details/263440908,PLACEBO,Sailing vessel,263440908
/vessels/details/7235862,BEIRA VOUGA,Fishing Vessel,7235862
/vessels/details/263823340,BRITOS,Pleasure craft,263823340
/vessels/details/263412560,DIREITO AO DESTINO,Fishing vessel,263412560
/vessels/details/263121339,ZHELINYU21339-268.1,Unknown,263121339
/vessels/details/263441288,OLA MAKAI,Sailing vessel,263441288
/vessels/details/8747836,ROCAMAR,Motor Hopper,8747836
/vessels/details/9192844,MONTELOURO,Fishing Vessel,9192844
/vessels/details/263441071,LUVVLY JUBBLY,Pleasure craft,263441071
/vessels/details/1045253,JIANGMEN HANGTONG HTJ23212,Chemical/Oil Products Tanker,1045253
/vessels/details/1061879,JIANGXI NEW JIANGZHOU NJZ1235,General Cargo Ship,1061879
/vessels/details/263441859,MONARK SOPHIA I,Sailing vessel,263441859
/vessels/details/263442636,SANTA TERESA III,Sailing vessel,263442636
/vessels/details/263941740,JENI,Unknown,263941740
/vessels/details/263441663,ZINGA,Sailing vessel,263441663
/vessels/details/263440609,THREE B,Pleasure craft,263440609
/vessels/details/263929850,NAXOS,Sailing vessel,263929850
/vessels/details/263826370,MARILINE II,Unknown,263826370
/vessels/details/263985634,LUHAIYU66888-7-70,Unknown,263985634
/vessels/details/263959408,FEEL GOOD,Sailing vessel,263959408
/vessels/details/263959327,STA HELENA,Pleasure craft,263959327
/vessels/details/263913640,MATCH POINT,Sailing vessel,263913640
/vessels/details/9986441,LIPPETAL,General Cargo Ship,9986441
/vessels/details/9428243,GARCA BRANCA,Passenger Ship,9428243
/vessels/details/263299901,32999-AAA-98,Unknown,263299901
/vessels/details/263900202,VOADOR AZUL,Sailing vessel,263900202
/vessels/details/263877880,BARCANOSTRA,Sailing vessel,263877880
/vessels/details/263947540,VALGRACE,Sailing vessel,263947540
/vessels/details/263956860,CALMEIRO,Sailing vessel,263956860
/vessels/details/263939870,ESSENCIA,Sailing vessel,263939870
/vessels/details/263442889,SEANNAMON,Sailing vessel,263442889
/vessels/details/263149806,CH - 6-68,Unknown,263149806
/vessels/details/263897680,ZALALA,Sailing vessel,263897680
/vessels/details/263945860,PATAGONIA,Sailing vessel,263945860
/vessels/details/7107431,BRITES,Fishing Vessel,7107431
/vessels/details/8984020,AZURE RHAPSODY,Yacht,8984020
/vessels/details/263062302,AMN-35-SG,Law enforcment,263062302
/vessels/details/263660002,LIAOYINGYU26366-2,Unknown,263660002
/vessels/details/263846760,KAMAL II,Sailing vessel,263846760
/vessels/details/263390110,LIAO26339-10-87,Unknown,263390110
/vessels/details/263010004,USV BARRACUDA,Military ops,263010004
/vessels/details/9030307,SAO TOME,Fishing Vessel,9030307
/vessels/details/263923450,JUST IMPRESSION,Sailing vessel,263923450
/vessels/details/263442169,BALI LIFE,Sailing vessel,263442169
/vessels/details/263066022,AMN-15-SM GOLFINHO,Pleasure craft,263066022
/vessels/details/263959495,CHRISTA I,Pleasure craft,263959495
/vessels/details/263417540,VOYANT,Pleasure craft,263417540
/vessels/details/263750960,PEGASUS III,Pleasure craft,263750960
/vessels/details/9249972,SANTA IRIA,Passenger/General Cargo Ship,9249972
/vessels/details/263390106,LIAO26339-6-89,Unknown,263390106
/vessels/details/263958701,ENABLEDREAMS,Unknown,263958701
/vessels/details/263442864,EOS IV,Sailing vessel,263442864
/vessels/details/263441428,DUNDO II,Unknown,263441428
/vessels/details/263807560,AVLIS,Pleasure craft,263807560
/vessels/details/263598414,2299 - 14-97,Unknown,263598414
/vessels/details/263442172,AMAZING,Pleasure craft,263442172
/vessels/details/263442106,CARIJO,Sailing vessel,263442106
/vessels/details/263925650,ZEFEL,Sailing vessel,263925650
/vessels/details/8796849,COMPANHEIROS DE CRISTO,Fishing Vessel,8796849
/vessels/details/263960044,GRANDE BALDAS,Sailing vessel,263960044
/vessels/details/263823000,CIDADE DE OLHAO,Fishing vessel,263823000
/vessels/details/263441704,GUGA V,Unknown,263441704
/vessels/details/263441385,ESPERANZA,Sailing vessel,263441385
/vessels/details/263839290,ATRACTIVE OCEAN,Pleasure craft,263839290
/vessels/details/263930390,LARGE PAVOIS,Sailing vessel,263930390
/vessels/details/263440800,PORTINHO DA ARRABIDA,Pleasure craft,263440800
/vessels/details/9986415,MARIA,General Cargo Ship,9986415
/vessels/details/263807790,YOU AND ME,Sailing vessel,263807790
/vessels/details/263330006,26333-6-51,Unknown,263330006
/vessels/details/263959902,FOURTY,Pleasure craft,263959902
/vessels/details/263149805,CH - 5-99,Unknown,263149805
/vessels/details/7303578,JUVENILIA,Fishing Vessel,7303578
/vessels/details/4768648,FUNCHAL,Patrol Vessel,4768648
/vessels/details/263000999,HNNM-04-96,Unknown,263000999
/vessels/details/263906370,KEEP CALM,Unknown,263906370
/vessels/details/7385100,SAO JACINTO,Fishing Vessel,7385100
/vessels/details/9207259,VILA DO INFANTE,Fishing Vessel,9207259
/vessels/details/263598420,2299 - 20-82,Unknown,263598420
/vessels/details/263853370,THE SEVEN,Pleasure craft,263853370
/vessels/details/263959599,RUMO,Pleasure craft,263959599
/vessels/details/263441411,VAIVEN,Pleasure craft,263441411
/vessels/details/263442226,GRAOULLY,Sailing vessel,263442226
/vessels/details/263311186,WANG86,Fishing vessel,263311186
/vessels/details/263406850,ADRIANA DANIELA,Fishing vessel,263406850
/vessels/details/263377737,ZHELINYU33777-37-68,Unknown,263377737
/vessels/details/263959450,VALKY,Pleasure craft,263959450
/vessels/details/6803404,RESISTENTE,Tug,6803404
/vessels/details/263959047,BLUE CHARK,Pleasure craft,263959047
/vessels/details/263996000,FOUR WINDS,Sailing vessel,263996000
/vessels/details/263356000,-TANIA FILIPE,Fishing vessel,263356000
/vessels/details/263442453,AVENTURA,WIG,263442453
/vessels/details/263869950,LARIMAR,Sailing vessel,263869950
/vessels/details/263598410,2299 - 10-84,Unknown,263598410
/vessels/details/263250008,YANGZHIQU-8-99,Unknown,263250008
/vessels/details/263964000,OLD LADY,Sailing vessel,263964000
/vessels/details/263441940,ALENTO,Pleasure craft,263441940
/vessels/details/263058002,SR36,SAR,263058002
/vessels/details/5411058,ENGENHEIRO VON HAFE,Tug,5411058
/vessels/details/263215776,LIN 21577-6-99,Unknown,263215776
/vessels/details/263849260,METRALHA,Pleasure craft,263849260
/vessels/details/8800389,OLIVIA RIBAU,Fishing Vessel,8800389
/vessels/details/263442806,KYROS II,Unknown,263442806
/vessels/details/263547820,LUIS DE CAMOES,Other type,263547820
/vessels/details/263834380,SINBAD,Pleasure craft,263834380
/vessels/details/263854350,GOLDEN ROAD,Pleasure craft,263854350
/vessels/details/263811680,BIJAGOS,Pleasure craft,263811680
/vessels/details/1042718,BODEWES HOOGEZAND 781,Aggregates Carrier,1042718
/vessels/details/263377743,ZHELINYU33777-43-94,Unknown,263377743
/vessels/details/263442597,TOKARA I,Sailing vessel,263442597
/vessels/details/263959352,SCAFO,Sailing vessel,263959352
/vessels/details/263309007,3309-7-79,Unknown,263309007
/vessels/details/263421280,FAINA MAIOR,Unknown,263421280
/vessels/details/263058131,ISN-SR31,SAR,263058131
/vessels/details/263821870,HOWR THINGS,Sailing vessel,263821870
/vessels/details/263960059,SEA KEYS SILVER,Pleasure craft,263960059
/vessels/details/263377739,ZHELINYU33777-39-74,Unknown,263377739
/vessels/details/263915740,GUMA,Sailing vessel,263915740
/vessels/details/263316106,YU 106 -26 68,Other type,263316106
/vessels/details/5137494,MANUEL SARDO,Fishing Vessel,5137494
/vessels/details/263003166,LIN00316-6-77,Unknown,263003166
/vessels/details/263849360,SWEET 88,Sailing vessel,263849360
/vessels/details/263442189,RIMINI,Pleasure craft,263442189
/vessels/details/263809850,AZULUM,Pleasure craft,263809850
/vessels/details/263442865,DISCOVERY I,Sailing vessel,263442865
/vessels/details/263441997,MARAVILHA XIX,Sailing vessel,263441997
/vessels/details/263959768,EXOCET TWO,Sailing vessel,263959768
/vessels/details/263671870,GUARDA RIOS,Dredging or UW ops,263671870
/vessels/details/263441689,BREAK FREE,Sailing vessel,263441689
/vessels/details/1061867,JIANGXI NEW JIANGZHOU NJZ1233,General Cargo Ship,1061867
/vessels/details/263913660,GALADRIEL,Pleasure craft,263913660
/vessels/details/9283370,FERNANDO NAMORA,Passenger Ship,9283370
/vessels/details/263959172,AVANTI,Sailing vessel,263959172
/vessels/details/263442370,MIAMI,Pleasure craft,263442370
/vessels/details/263442664,FALCAO DO MAR,Pleasure craft,263442664
/vessels/details/263675023,AQUILA,Law enforcment,263675023
/vessels/details/263934550,MIMITITO,Unknown,263934550
/vessels/details/263377721,ZHELINYU33777-21-56,Unknown,263377721
/vessels/details/263934240,MERC,Sailing vessel,263934240
/vessels/details/263807650,ENIGMA,Pleasure craft,263807650
/vessels/details/7813224,MADRAGOA,Passenger Ship,7813224
/vessels/details/263940000,POLAR,Sailing vessel,263940000
/vessels/details/263442970,EOLO,Tug,263442970
/vessels/details/263440990,VOYAGE,Pleasure craft,263440990
/vessels/details/263852870,PURPLE,Pleasure craft,263852870
/vessels/details/263811178,MANDA CHUVA,Pleasure craft,263811178
/vessels/details/8799891,LUZE,Fishing Vessel,8799891
/vessels/details/9857339,POEMA DO MAR,Fishing Vessel,9857339
/vessels/details/9917024,AVO ANTONIO,Fishing Vessel,9917024
/vessels/details/8401547,MARCO OLIVEIRA,General Cargo Ship,8401547
/vessels/details/263442888,ELEKA,Pleasure craft,263442888
/vessels/details/263442616,ARINTO,Passenger ship,263442616
/vessels/details/263442704,IKIGAI,Pleasure craft,263442704
/vessels/details/263959944,PEPONI,Pleasure craft,263959944
/vessels/details/263598405,2299 - 5-87,Unknown,263598405
/vessels/details/7385069,ALPENA,Tug,7385069
/vessels/details/263010041,02 RL,Pleasure craft,263010041
/vessels/details/263959633,AQUAVIVA 2,Sailing vessel,263959633
/vessels/details/263401440,PRINCIPE DA PAZ,Fishing vessel,263401440
/vessels/details/263808870,NICEA,Sailing vessel,263808870
/vessels/details/263442534,KALLISTE,Pleasure craft,263442534
/vessels/details/263917360,DRAKKAR,Sailing vessel,263917360
/vessels/details/8880547,MILAO,Fishing Vessel,8880547
/vessels/details/263390103,LIAO26339-3-77,Unknown,263390103
/vessels/details/263959945,PATOLAS 1,Sailing vessel,263959945
/vessels/details/7813200,CAMPOLIDE,Passenger Ship,7813200
/vessels/details/263149801,CH - 1-99,Unknown,263149801
/vessels/details/263442786,SEAPAT,Sailing vessel,263442786
/vessels/details/263853390,REFILMAR,Pleasure craft,263853390
/vessels/details/263441127,INFANTMAN,Pleasure craft,263441127
/vessels/details/263441392,FREYA I,Pleasure craft,263441392
/vessels/details/263952760,RISQUE TOUT,Sailing vessel,263952760
/vessels/details/263854370,LIBERO,Pleasure craft,263854370
/vessels/details/263441179,ASSEGAI,Sailing vessel,263441179
/vessels/details/263906380,SEA BAR,Sailing vessel,263906380
/vessels/details/263062002,LAJES,Pleasure craft,263062002
/vessels/details/263959161,GOSSIP,Sailing vessel,263959161
/vessels/details/263441116,MOONSHINE,Pleasure craft,263441116
/vessels/details/263959311,SPRITZ,Sailing vessel,263959311
/vessels/details/263954660,SALITRE,Pleasure craft,263954660
/vessels/details/263900160,BELLATRIX I,Sailing vessel,263900160
/vessels/details/263442860,THEON,Pleasure craft,263442860
/vessels/details/263443003,FERRAO 1,Passenger ship,263443003
/vessels/details/9986465,LEINETAL,General Cargo Ship,9986465
/vessels/details/263442258,3 NOS,Sailing vessel,263442258
/vessels/details/263441969,REGENCY,Pleasure craft,263441969
/vessels/details/1045241,JIANGMEN HANGTONG HTJ23211,Chemical/Oil Products Tanker,1045241
/vessels/details/263959635,SWIFT,Pleasure craft,263959635
/vessels/details/263921870,DOURO SPORT,Pleasure craft,263921870
/vessels/details/263959760,FIERCE,Pleasure craft,263959760
/vessels/details/263442315,MAGIC ELECTRIC,Pleasure craft,263442315
/vessels/details/263441348,GIORGIO,Pleasure craft,263441348
/vessels/details/263897750,SUPER ACOR,Sailing vessel,263897750
/vessels/details/263403590,DIOGOMAR,Fishing vessel,263403590
/vessels/details/263058127,SR-27,Pleasure craft,263058127
/vessels/details/263675025,MAR DOS ACORES,Law enforcment,263675025
/vessels/details/263219516,32195-16-76,Unknown,263219516
/vessels/details/263811560,BACCUS,Sailing vessel,263811560
/vessels/details/7117022,BEIRA RIA,Fishing Vessel,7117022
/vessels/details/263109607,TIELONGBIAO31096-7,Unknown,263109607
/vessels/details/263900154,TUGA,Sailing vessel,263900154
/vessels/details/263441523,ALEXZEE,Sailing vessel,263441523
/vessels/details/263320003,LIAOYING26332-03-13,Unknown,263320003
/vessels/details/263960046,ALMA DE SAL,Sailing vessel,263960046
/vessels/details/263721981,LEK21981-268.0V,Unknown,263721981
/vessels/details/263440887,MOOD,Unknown,263440887
/vessels/details/263866560,BOOZE,Towing vessel,263866560
/vessels/details/263320006,LIAOYING26332-06-99,Unknown,263320006
/vessels/details/263853350,YACHT DOURO,Pleasure craft,263853350
/vessels/details/263215333,LIN 21533-3-88,Unknown,263215333
/vessels/details/263063002,MOLIVOS,Unknown,263063002
/vessels/details/263673955,ODISSEIA VIVA,Passenger ship,263673955
/vessels/details/9986427,LEA,General Cargo Ship,9986427
/vessels/details/263959225,ARGO NAVIS,Sailing vessel,263959225
/vessels/details/263058129,ISN SR29,SAR,263058129
/vessels/details/263941480,AMUN-RE,Pleasure craft,263941480
/vessels/details/5295521,MARTEREZA,Trawler,5295521
/vessels/details/263959559,ARTHUR,Sailing vessel,263959559
/vessels/details/263390014,26339-14-70,Unknown,263390014
/vessels/details/263941340,ENNE,Sailing vessel,263941340
/vessels/details/263441839,GOD BLESS,Pleasure craft,263441839
/vessels/details/8796837,AVO TIBURCIO,Fishing Vessel,8796837
/vessels/details/4724434,SETUBAL,Patrol Vessel,4724434
/vessels/details/263442248,B ENJOY,Sailing vessel,263442248
/vessels/details/263442489,STARS,Unknown,263442489
/vessels/details/263440902,AKITO,Unknown,263440902
/vessels/details/263932540,MIANA,Sailing vessel,263932540
/vessels/details/263960037,BENEDICT,Pleasure craft,263960037
/vessels/details/263440938,TRANSRIA,Passenger ship,263440938
/vessels/details/263442600,MATA GASPAR,Pleasure craft,263442600
/vessels/details/263058139,ISN SR 42,SAR,263058139
/vessels/details/7707803,PORTEL,Tug,7707803
/vessels/details/8924032,EROS,Fishing Vessel,8924032
/vessels/details/6819776,PIRATA AZUL,Passenger Ship,6819776
/vessels/details/263441865,SPARUS,Cargo ship,263441865
/vessels/details/263913760,MY DHUKE,Pleasure craft,263913760
/vessels/details/7385083,MITRENA,Tug,7385083
/vessels/details/7413153,SANDRO CUNHA,Fishing Vessel,7413153
/vessels/details/263042886,LIN 04288-6-97,Unknown,263042886
/vessels/details/9112624,BICA,Passenger Ship,9112624
/vessels/details/5422382,DRAGACOR,Hopper Dredger,5422382
/vessels/details/8906406,PONTA DOS ARCOS,Fishing Vessel,8906406
/vessels/details/263442327,AQUIPEIXE,Unknown,263442327
/vessels/details/263959937,BEATRICE II,Sailing vessel,263959937
/vessels/details/263390034,26339-34-89,Unknown,263390034
/vessels/details/263959689,WHATEVER I,Sailing vessel,263959689
/vessels/details/263442289,CIAO BELLA 1,Pleasure craft,263442289
/vessels/details/263390108,LIAO26339-8-99,Unknown,263390108
/vessels/details/263442539,NICA 1,Pleasure craft,263442539
/vessels/details/8797673,SINEIRA,Fishing Vessel,8797673
/vessels/details/263960024,MINTS,Sailing vessel,263960024
/vessels/details/263959130,CASIOPEA,Pleasure craft,263959130
/vessels/details/263028516,YU 39033 -D 99,Unknown,263028516
/vessels/details/263442073,MACHIMBOMBO,Sailing vessel,263442073
/vessels/details/263927280,TUDO AZUL,Pleasure craft,263927280
/vessels/details/263837260,MIMAFAS,Pleasure craft,263837260
/vessels/details/263864990,AMURAS I,Sailing vessel,263864990
/vessels/details/263320012,LIAOYING26332-12-68,Unknown,263320012
/vessels/details/7626085,POSEIDON,Tug,7626085
/vessels/details/263441004,MINEIRO,Pleasure craft,263441004
/vessels/details/8687361,SARAGARSA,Fishing Vessel,8687361
/vessels/details/263959798,IMAGINAT,Unknown,263959798
/vessels/details/263441900,OSADIA,Pleasure craft,263441900
