url,name,type,imo
/vessels/details/9256767,LNG CROATIA,Offshore Support Vessel,9256767
/vessels/details/9796731,FRANKOPAN,Crude Oil Tanker,9796731
/vessels/details/9796743,RAVA,Crude Oil Tanker,9796743
/vessels/details/9334739,OLIB,Crude Oil Tanker,9334739
/vessels/details/9334727,DUGI OTOK,Crude Oil Tanker,9334727
/vessels/details/9384514,MIHO PRACAT,Bulk Carrier,9384514
/vessels/details/9384502,ZAGREB,Bulk Carrier,9384502
/vessels/details/9401128,VERIGE,Chemical/Oil Products Tanker,9401128
/vessels/details/9489194,VINJERAC,Chemical/Oil Products Tanker,9489194
/vessels/details/9455741,VELEBIT,Chemical/Oil Products Tanker,9455741
/vessels/details/9585546,VERUDA,Bulk Carrier,9585546
/vessels/details/9519638,SVETI DUJAM,Bulk Carrier,9519638
/vessels/details/9440514,PAG,Chemical/Oil Products Tanker,9440514
/vessels/details/9222572,TROGIR,Bulk Carrier,9222572
/vessels/details/9694696,AP REVELIN,Bulk Carrier,9694696
/vessels/details/9412294,AP ZATON,Bulk Carrier,9412294
/vessels/details/9489170,AP LAPAD,Bulk Carrier,9489170
/vessels/details/9489168,AP KUPARI,Bulk Carrier,9489168
/vessels/details/9058995,DALMACIJA,Passenger/Ro-Ro Cargo Ship,9058995
/vessels/details/7230599,MARKO POLO,Passenger/Ro-Ro Cargo Ship,7230599
/vessels/details/9021485,ZADAR,Passenger/Ro-Ro Cargo Ship,9021485
/vessels/details/9793545,GOLDEN HORIZON,Passenger (Cruise) Ship,9793545
/vessels/details/8702446,PETAR HEKTOROVIC,Passenger/Ro-Ro Cargo Ship,8702446
/vessels/details/9931850,MARKO MARULIC,LPG Tanker,9931850
/vessels/details/9168518,OLIVER,Passenger/Ro-Ro Cargo Ship,9168518
/vessels/details/9476305,KORCULA,Passenger/Ro-Ro Cargo Ship,9476305
/vessels/details/8974207,TIN UJEVIC,Passenger/Ro-Ro Cargo Ship,8974207
/vessels/details/9703722,KRK,Passenger/Ro-Ro Cargo Ship,9703722
/vessels/details/9703708,KORNATI,Passenger/Ro-Ro Cargo Ship,9703708
/vessels/details/9703710,BRAC,Passenger/Ro-Ro Cargo Ship,9703710
/vessels/details/9703734,MLJET,Passenger/Ro-Ro Cargo Ship,9703734
/vessels/details/8745840,FAROS,Passenger/Ro-Ro Cargo Ship,8745840
/vessels/details/9415181,HRVAT,Passenger/Ro-Ro Cargo Ship,9415181
/vessels/details/9559107,BIOKOVO,Passenger/Ro-Ro Cargo Ship,9559107
/vessels/details/9559119,JADRAN,Passenger/Ro-Ro Cargo Ship,9559119
/vessels/details/9415193,JURAJ DALMATINAC,Passenger/Ro-Ro Cargo Ship,9415193
/vessels/details/9362786,MARJAN,Passenger/Ro-Ro Cargo Ship,9362786
/vessels/details/8223282,VALUN,Passenger/Ro-Ro Cargo Ship,8223282
/vessels/details/8647854,UGLJAN,Passenger/Ro-Ro Cargo Ship,8647854
/vessels/details/9339416,KIJAC,Chemical/Oil Products Tanker,9339416
/vessels/details/9311385,SEPEN,Chemical/Oil Products Tanker,9311385
/vessels/details/9688611,LOSINJ,Passenger/Ro-Ro Cargo Ship,9688611
/vessels/details/9328182,SUPETAR,Passenger/Ro-Ro Cargo Ship,9328182
/vessels/details/9326562,SVETI KRSEVAN,Passenger/Ro-Ro Cargo Ship,9326562
/vessels/details/9334741,CRES,Passenger/Ro-Ro Cargo Ship,9334741
/vessels/details/7010717,LASTOVO,Passenger/Ro-Ro Cargo Ship,7010717
/vessels/details/8736344,BOL,Passenger/Ro-Ro Cargo Ship,8736344
/vessels/details/8713641,BARTOL KASIC,Passenger/Ro-Ro Cargo Ship,8713641
/vessels/details/8108406,VLADIMIR NAZOR,Passenger/Ro-Ro Cargo Ship,8108406
/vessels/details/9822621,CETIRI ZVONIKA,Passenger/Ro-Ro Cargo Ship,9822621
/vessels/details/7341219,SIS,Passenger/Ro-Ro Cargo Ship,7341219
/vessels/details/8971712,DIZ-23 DIVIC,Crane Ship,8971712
/vessels/details/8619912,MATE BALOTA,Passenger/Ro-Ro Cargo Ship,8619912
/vessels/details/9121936,HANIBAL LUCIC,Passenger/Ro-Ro Cargo Ship,9121936
/vessels/details/8736332,ILOVIK,Passenger/Ro-Ro Cargo Ship,8736332
/vessels/details/9833993,SVETI DUJE,Passenger/Ro-Ro Cargo Ship,9833993
/vessels/details/6813370,JADRO,Cement Carrier,6813370
/vessels/details/8801060,MARIE,General Cargo Ship,8801060
/vessels/details/9251767,KRILO ECLIPSE,Passenger Ship,9251767
/vessels/details/8741284,BARBAT,Passenger/Ro-Ro Cargo Ship,8741284
/vessels/details/9777644,PLOVPUT SPLIT,Work/Repair Vessel,9777644
/vessels/details/7912159,SVETI JURAJ,Passenger/Ro-Ro Cargo Ship,7912159
/vessels/details/9500493,KRILO,Passenger Ship,9500493
/vessels/details/7423718,PALAGRUZA,Research Vessel,7423718
/vessels/details/7712846,MITO,Fishing Support Vessel,7712846
/vessels/details/8841412,KAMEN VELIKI,Hopper Dredger,8841412
/vessels/details/9579195,JOYME,Yacht,9579195
/vessels/details/9854870,JELENA,Passenger Ship,9854870
/vessels/details/9622708,KRILO CARBO,Passenger Ship,9622708
/vessels/details/8841345,DINO,General Cargo Ship,8841345
/vessels/details/9281061,KRILO NORD,Passenger Ship,9281061
/vessels/details/9289879,UNIJE,Passenger Ship,9289879
/vessels/details/9776676,PRINCESS ELEGANZA,Passenger Ship,9776676
/vessels/details/8593376,EXCELLENCE NERA,Passenger (Cruise) Ship,8593376
/vessels/details/9938212,PHOENIX 72,Passenger (Cruise) Ship,9938212
/vessels/details/9906142,AETERNA,Passenger (Cruise) Ship,9906142
/vessels/details/9844435,AVANGARD,Passenger (Cruise) Ship,9844435
/vessels/details/8773574,PRESTIGE,Passenger Ship,8773574
/vessels/details/9893307,PRINCESS,Passenger Ship,9893307
/vessels/details/9893333,YOLO,Passenger Ship,9893333
/vessels/details/9981221,ADRIATIC SKY,Passenger Ship,9981221
/vessels/details/9906154,AURELIA,Passenger (Cruise) Ship,9906154
/vessels/details/9949132,PREMIER,Passenger Ship,9949132
/vessels/details/9961790,LADY ELEGANZA,Passenger (Cruise) Ship,9961790
/vessels/details/9878230,FREEDOM,Passenger (Cruise) Ship,9878230
/vessels/details/9844461,QUEEN ELEGANZA,Passenger (Cruise) Ship,9844461
/vessels/details/9955492,ROKO,Passenger (Cruise) Ship,9955492
/vessels/details/9781827,KLARA,Passenger (Cruise) Ship,9781827
/vessels/details/9776793,DIAMOND,Passenger Ship,9776793
/vessels/details/9356933,SVETI MARIN,Passenger/Ro-Ro Cargo Ship,9356933
/vessels/details/8691386,FUTURA,Passenger Ship,8691386
/vessels/details/9890496,SWALLOW,Passenger Ship,9890496
/vessels/details/9852303,ADRIATICA,Passenger Ship,9852303
/vessels/details/9866809,ARETHA,Passenger Ship,9866809
/vessels/details/5351038,STELLA MARIS,Passenger (Cruise) Ship,5351038
/vessels/details/8697108,ADMIRAL,Passenger Ship,8697108
/vessels/details/8545965,SAN ANTONIO,Passenger Ship,8545965
/vessels/details/9577226,CHAMPION,Tug,9577226
/vessels/details/9176840,KIJEVO,Passenger/Ro-Ro Cargo Ship,9176840
/vessels/details/9042104,ADRIANA,Passenger Ship,9042104
/vessels/details/9176838,LASLOVO,Passenger/Ro-Ro Cargo Ship,9176838
/vessels/details/8971736,STON,Passenger/Ro-Ro Cargo Ship,8971736
/vessels/details/9925409,ALPHA,Passenger Ship,9925409
/vessels/details/9865441,RELAX,Passenger Ship,9865441
/vessels/details/9776781,FANTAZIJA,Passenger Ship,9776781
/vessels/details/9512020,AGRAM,Yacht,9512020
/vessels/details/9017305,NOVALJA,Passenger Ship,9017305
/vessels/details/9005778,JUDITA,Passenger Ship,9005778
/vessels/details/9034200,DUBRAVKA,Passenger Ship,9034200
/vessels/details/9034195,BISOVO,Passenger Ship,9034195
/vessels/details/8814146,KAROLINA,Passenger Ship,8814146
/vessels/details/9887827,KRILO LUX,Passenger Ship,9887827
/vessels/details/9969546,KRILO TROPIC,Passenger Ship,9969546
/vessels/details/9834090,OMNIA,Yacht,9834090
/vessels/details/8868068,EKO-MAR,Oil Products Tanker,8868068
/vessels/details/8773495,ADRIATIC QUEEN,Passenger Ship,8773495
/vessels/details/8698932,MELODY,Passenger Ship,8698932
/vessels/details/9281748,OTOK PASMAN,Passenger/Ro-Ro Cargo Ship,9281748
/vessels/details/6729933,ZRMANJA,Water Tanker,6729933
/vessels/details/8562250,KATARINA,Passenger Ship,8562250
/vessels/details/7622651,GRADINA I,Passenger Ship,7622651
/vessels/details/8034966,BADIJA,Passenger/Ro-Ro Cargo Ship,8034966
/vessels/details/8697184,MYSTIC,Passenger Ship,8697184
/vessels/details/9980526,KALELARGA,Passenger Ship,9980526
/vessels/details/9993406,CVIJETA,Passenger Ship,9993406
/vessels/details/9997440,RUZICA,Passenger Ship,9997440
/vessels/details/1052957,BORIK,Passenger Ship,1052957
/vessels/details/1017397,PUNTAMIKA,Passenger Ship,1017397
/vessels/details/1017373,JADERA,Passenger Ship,1017373
/vessels/details/1017385,JAZINE,Passenger Ship,1017385
/vessels/details/1052945,KOLOVARE,Passenger Ship,1052945
/vessels/details/9152698,TRSAT,Tug,9152698
/vessels/details/9980538,PROVERSA,Passenger Ship,9980538
/vessels/details/8773469,AMALIA,Passenger Ship,8773469
/vessels/details/9981271,LIFE IS GOOD,Yacht,9981271
/vessels/details/7111195,PELJESCANKA,Passenger/Ro-Ro Cargo Ship,7111195
/vessels/details/7120251,SOLTANKA,Passenger/Ro-Ro Cargo Ship,7120251
/vessels/details/7038513,LOSINJANKA,Passenger/Ro-Ro Cargo Ship,7038513
/vessels/details/9817638,ARTA,Passenger Ship,9817638
/vessels/details/9862138,KATA,Passenger Ship,9862138
/vessels/details/9871763,DANICA,Passenger Ship,9871763
/vessels/details/7427178,PELAGOS II,Fishing Vessel,7427178
/vessels/details/1123213,MAIA,Yacht,1123213
/vessels/details/7722102,BELI KAMIK,Tug,7722102
/vessels/details/9852107,ANASTAZIJA,Passenger Ship,9852107
/vessels/details/8801266,PRINCE OF VENICE,Passenger Ship,8801266
/vessels/details/9957139,GEA,Tug,9957139
/vessels/details/8843927,SILBA,Passenger Ship,8843927
/vessels/details/6283202,POSTIRA,Passenger/General Cargo Ship,6283202
/vessels/details/9030656,RAB,Passenger/Ro-Ro Cargo Ship,9030656
/vessels/details/8773603,LE CORDEA,Passenger Ship,8773603
/vessels/details/9190509,LIBURNIA,Tug,9190509
/vessels/details/8715235,JAKI,Tug,8715235
/vessels/details/8715247,SMJELI,Tug,8715247
/vessels/details/8684230,PRINCEZA DIANA,Passenger (Cruise) Ship,8684230
/vessels/details/9818826,CASANOVA,Passenger Ship,9818826
/vessels/details/8846448,KAPETAN MRS,Water Tanker,8846448
/vessels/details/1052488,MILA,Passenger Ship,1052488
/vessels/details/8690588,AMORENA,Passenger Ship,8690588
/vessels/details/8904290,DORA,Passenger Ship,8904290
/vessels/details/7936806,LA PERLA,Passenger Ship,7936806
/vessels/details/8657251,KSC JAFFA,Passenger Ship,8657251
/vessels/details/5131220,SV NIKOLA,General Cargo Ship,5131220
/vessels/details/9491185,BIOS DVA,Research Vessel,9491185
/vessels/details/9879973,STAR,Passenger Ship,9879973
/vessels/details/9563160,KRILO NOMADIC,Passenger Ship,9563160
/vessels/details/9563172,ANDELA,Passenger Ship,9563172
/vessels/details/9995155,TITAN,Tug,9995155
/vessels/details/9498145,NEPTUN I,Fishing Vessel,9498145
/vessels/details/9523524,SARDINA 2,Fishing Vessel,9523524
/vessels/details/9515943,NEPTUN II,Fishing Vessel,9515943
/vessels/details/9481518,SARDINA1,Fishing Vessel,9481518
/vessels/details/9974802,MORETTO,Tug,9974802
/vessels/details/5371387,PREMUDA,Passenger/General Cargo Ship,5371387
/vessels/details/1086934,KSC ORANGINA,Passenger Ship,1086934
/vessels/details/9259434,ANTONIJA,Passenger Ship,9259434
/vessels/details/9190418,SVETI VID,Tug,9190418
/vessels/details/8991451,SVJETIONIK,Work/Repair Vessel,8991451
/vessels/details/5182504,EMANUEL,Passenger/General Cargo Ship,5182504
/vessels/details/9950569,LOVE STORY,Yacht,9950569
/vessels/details/8971176,MALI ANTE,Passenger Ship,8971176
/vessels/details/9970870,HRABRI,Tug,9970870
/vessels/details/8691348,PRINCESS ALOHA,Passenger Ship,8691348
/vessels/details/8691374,SPLENDID,Passenger Ship,8691374
/vessels/details/8773421,AMORE,Passenger Ship,8773421
/vessels/details/8699651,MAJESTIC,Passenger Ship,8699651
/vessels/details/8698425,VITA,Passenger Ship,8698425
/vessels/details/8773598,HARMONIA,Passenger Ship,8773598
/vessels/details/9569358,KRALJICA MORA,Training Ship,9569358
/vessels/details/8229793,SEAGULL,Passenger Ship,8229793
/vessels/details/5018600,ZATON,General Cargo Ship,5018600
/vessels/details/8679833,SPALATO,Passenger Ship,8679833
/vessels/details/9396402,SVETI MARKO,Tug,9396402
/vessels/details/9589413,BARBARA,Passenger (Cruise) Ship,9589413
/vessels/details/8869579,ANAMARIJA,Passenger Ship,8869579
/vessels/details/9553189,MALI PRINC,Passenger Ship,9553189
/vessels/details/8679819,MENDULA,Passenger Ship,8679819
/vessels/details/9197325,JADRANSKA KRALJICA,Passenger Ship,9197325
/vessels/details/8657134,EOS,Passenger Ship,8657134
/vessels/details/9666170,NAVILUX,Yacht,9666170
/vessels/details/8824593,PAULA,Passenger Ship,8824593
/vessels/details/8690629,MAGELLAN,Passenger Ship,8690629
/vessels/details/8858489,ZIGLJEN,Passenger/Ro-Ro Cargo Ship,8858489
/vessels/details/8657184,DIONIS,Passenger Ship,8657184
/vessels/details/8657316,MERIDIJAN,Passenger Ship,8657316
/vessels/details/8680961,TACOMA,Fishing Vessel,8680961
/vessels/details/8691398,OCEAN,Passenger Ship,8691398
/vessels/details/9771614,AENONA,Passenger Ship,9771614
/vessels/details/8657483,VELI BRIJUN,Passenger Ship,8657483
/vessels/details/8657110,EDEN,Passenger Ship,8657110
/vessels/details/9438767,BORAC,Offshore Tug/Supply Ship,9438767
/vessels/details/8807399,NARANCA,Passenger Ship,8807399
/vessels/details/8936293,NASE MORE,Fishing Vessel,8936293
/vessels/details/7929097,PELAGOS VI,Fishing Support Vessel,7929097
/vessels/details/8030831,ALTAIR,Tug,8030831
/vessels/details/8846369,LARA,Passenger Ship,8846369
/vessels/details/8657275,LEUT,Passenger Ship,8657275
/vessels/details/6814556,PLUTON,Tug,6814556
/vessels/details/5261350,TIJAT,Passenger/General Cargo Ship,5261350
/vessels/details/8920933,ALKAID,Tug,8920933
/vessels/details/8657201,COLUMBO,Passenger Ship,8657201
/vessels/details/8920294,NONA ANA,Passenger Ship,8920294
/vessels/details/8690631,DALMATIA,Passenger Ship,8690631
/vessels/details/8691350,MILENA JEDAN,Passenger Ship,8691350
/vessels/details/7703089,ROSO,Fishing Vessel,7703089
/vessels/details/7703077,ROSO,Fishing Vessel,7703077
/vessels/details/8022975,OLEA,Passenger Ship,8022975
/vessels/details/7708170,ARIES,Offshore Tug/Supply Ship,7708170
/vessels/details/7711098,MAKARSKI JADRAN,Fishing Vessel,7711098
/vessels/details/8657299,MACEK,Passenger Ship,8657299
/vessels/details/8657158,AZIMUT,Passenger Ship,8657158
/vessels/details/8657354,NEBESKI,Fishing Vessel,8657354
/vessels/details/8852203,FESTINI,Passenger Ship,8852203
/vessels/details/8657304,MARC,Fishing Vessel,8657304
/vessels/details/7707023,ULJANIK TRITON,Tug,7707023
/vessels/details/7705128,MALA SIRENA,Passenger Ship,7705128
/vessels/details/8991504,NAVIGATOR,Passenger Ship,8991504
/vessels/details/8846357,KAPETAN KUKA,Passenger Ship,8846357
/vessels/details/8690590,VILMA,Passenger Ship,8690590
/vessels/details/8657249,KARAKA,Passenger Ship,8657249
/vessels/details/8657213,BELI,Fishing Vessel,8657213
/vessels/details/8657407,ROMANTICA,Passenger Ship,8657407
/vessels/details/8657160,AFRODITA,Passenger Ship,8657160
/vessels/details/8517413,MELITA,Passenger Ship,8517413
/vessels/details/8657471,VAPOR,Passenger Ship,8657471
/vessels/details/9345154,IVONA,Landing Craft,9345154
/vessels/details/8657172,ANTONELA,Passenger Ship,8657172
/vessels/details/7514488,FOR,Passenger Ship,7514488
/vessels/details/8035013,MILMAR,Passenger/Ro-Ro Cargo Ship,8035013
/vessels/details/8121898,POLLUX,Tug,8121898
/vessels/details/6406658,MICHELLE,Passenger Ship,6406658
/vessels/details/8619924,VENUS,Tug,8619924
/vessels/details/8969848,TULJAN DVA,Fishing Vessel,8969848
/vessels/details/6406892,ZORA,General Cargo Ship,6406892
/vessels/details/8034992,JADRANKA,Passenger/Ro-Ro Cargo Ship,8034992
/vessels/details/5375802,FRANESA,Passenger Ship,5375802
/vessels/details/7324663,PERLA,Passenger Ship,7324663
/vessels/details/8875578,MONVI,Passenger Ship,8875578
/vessels/details/9883209,SIKA,Fishing Vessel,9883209
/vessels/details/8428478,ANTARES,Tug,8428478
/vessels/details/8133803,ARGUS,Tug,8133803
/vessels/details/8730560,KASTOR,Tug,8730560
/vessels/details/8730584,RIGEL,Tug,8730584
/vessels/details/7302847,MARINERO II,Fishing Vessel,7302847
/vessels/details/8684228,PRINC KORNATA,Passenger Ship,8684228
/vessels/details/6825660,CEZAR,Tug,6825660
/vessels/details/8941602,OSLJAK DVA,Fishing Vessel,8941602
/vessels/details/6712162,BRILJANT 1,Fishing Vessel,6712162
/vessels/details/8979984,PARIS,Fishing Vessel,8979984
/vessels/details/8969525,LUBIN DVA,Fishing Vessel,8969525
/vessels/details/8969666,IVOS,Fishing Vessel,8969666
/vessels/details/6727973,VOGA,Research Vessel,6727973
/vessels/details/6406701,SKARDA,Passenger Ship,6406701
/vessels/details/8657495,CATALEYA,Passenger Ship,8657495
/vessels/details/8983739,CICILO,Fishing Vessel,8983739
/vessels/details/6406787,TOMA,Passenger Ship,6406787
/vessels/details/8657469,TAJNA MORA,Passenger Ship,8657469
/vessels/details/9424584,SILNI,Offshore Tug/Supply Ship,9424584
/vessels/details/9510632,JUNAK,Offshore Tug/Supply Ship,9510632
/vessels/details/8657225,MORENA,Passenger Ship,8657225
/vessels/details/8657392,PAPE PRVI,Passenger Ship,8657392
/vessels/details/9242857,TURETA,Fishing Vessel,9242857
/vessels/details/6406256,PLOMIN,Passenger Ship,6406256
/vessels/details/9241736,ANTONI,Fishing Vessel,9241736
/vessels/details/8960086,CARICA,Fishing Vessel,8960086
/vessels/details/8773419,ZARA,Fishing Vessel,8773419
/vessels/details/8975275,ARBUN I,Fishing Vessel,8975275
/vessels/details/9241566,BLANKA,Fishing Vessel,9241566
/vessels/details/8877978,REFUL,Crew Boat,8877978
/vessels/details/8975718,ARBUN II,Fishing Vessel,8975718
/vessels/details/5135006,POLARIS,Passenger Ship,5135006
/vessels/details/9906104,SUPORT II,Fishing Support Vessel,9906104
/vessels/details/9883807,PELAGOS III,Fishing Support Vessel,9883807
/vessels/details/8991487,TAREJ,Fishing Vessel,8991487
/vessels/details/6406074,LOPAR,Passenger Ship,6406074
/vessels/details/8657380,OTAC NIKOLA,Passenger Ship,8657380
/vessels/details/9043225,MAUROS JEDAN,Fishing Vessel,9043225
/vessels/details/9043237,MAUROS,Fishing Vessel,9043237
/vessels/details/7351599,ZVONKO,Crane Ship,7351599
/vessels/details/8984276,KORNAT,Fishing Vessel,8984276
/vessels/details/9844423,REGINA MARIS,Passenger Ship,9844423
/vessels/details/8133889,OTOCI,Passenger/Ro-Ro Cargo Ship,8133889
/vessels/details/6922157,VOLUJA,Trawler,6922157
/vessels/details/8657433,SISOL,Fishing Vessel,8657433
/vessels/details/7121580,ALOHA,Passenger Ship,7121580
/vessels/details/8941353,KAPETAN FERDO,Fishing Vessel,8941353
/vessels/details/8657421,SFERA,Passenger Ship,8657421
/vessels/details/8928507,HRVATSKI USPJEH,Fishing Vessel,8928507
/vessels/details/8657445,SRDELA,Fishing Vessel,8657445
/vessels/details/9043275,SIRAN,Fishing Vessel,9043275
/vessels/details/8657378,ORKA,Fishing Vessel,8657378
/vessels/details/8968882,SV.MARTIN,Fishing Vessel,8968882
/vessels/details/8828587,PENELOPA,Passenger Ship,8828587
/vessels/details/9183180,RADULA,Fishing Vessel,9183180
/vessels/details/9366615,MAK,Tug,9366615
/vessels/details/8657263,LEONARDO,Passenger Ship,8657263
/vessels/details/9555589,POMGRAD 1,Tug,9555589
/vessels/details/7634642,SUSAC,Buoy/Lighthouse Vessel,7634642
/vessels/details/9843481,SUPORT I,Fishing Support Vessel,9843481
/vessels/details/9043263,ELIZABETA TRI,Fishing Vessel,9043263
/vessels/details/7634575,KRALJ DOMAGOJ,Passenger Ship,7634575
/vessels/details/9043251,HOBOS,Fishing Vessel,9043251
/vessels/details/6406191,NEKTON,Fishing Vessel,6406191
/vessels/details/8773407,SJAJNI,Fishing Vessel,8773407
/vessels/details/8657457,STURAGO,Ro-Ro Cargo Ship,8657457
/vessels/details/8658061,PLAVI VAL,Passenger Ship,8658061
/vessels/details/8991475,PETER PAN,Fishing Vessel,8991475
/vessels/details/8773615,VRANJAK I,Passenger Ship,8773615
/vessels/details/8927060,ELIZABETA JEDAN,Fishing Vessel,8927060
/vessels/details/8927101,ZDRILO 1,Fishing Vessel,8927101
/vessels/details/7121607,MONSUN,Passenger Ship,7121607
/vessels/details/8847856,FULIJA,Fishing Vessel,8847856
/vessels/details/9242821,PELAGOS I,Fishing Vessel,9242821
/vessels/details/8215132,NEVERIN 1,Fishing Vessel,8215132
/vessels/details/8332734,DINKO,Fishing Vessel,8332734
/vessels/details/8215156,NEPTUN DRUGI,Fishing Vessel,8215156
/vessels/details/8829361,EVA,Fishing Vessel,8829361
/vessels/details/7912135,MARITUNA,Fishing Vessel,7912135
/vessels/details/8332435,ADRIA JEDAN,Fishing Vessel,8332435
/vessels/details/8332552,PONOS,Fishing Vessel,8332552
/vessels/details/8332423,KALI,Fishing Vessel,8332423
/vessels/details/8215118,LAGUNA,Fishing Vessel,8215118
/vessels/details/7912147,MOLO,Fishing Vessel,7912147
/vessels/details/8215106,PONOS DVA,Fishing Vessel,8215106
/vessels/details/8332540,SPARTAK,Fishing Vessel,8332540
/vessels/details/8332722,BOZO,Fishing Vessel,8332722
/vessels/details/8215120,GORAN,Fishing Vessel,8215120
/vessels/details/8828551,EVA DVA,Fishing Vessel,8828551
/vessels/details/8939403,RIBAR,Fishing Vessel,8939403
/vessels/details/8991463,KL-56,Hopper Dredger,8991463
/vessels/details/7017090,TRAPA,Tug,7017090
/vessels/details/6520416,DALVIN,General Cargo Ship,6520416
/vessels/details/8869244,KUN DVA,Fishing Vessel,8869244
/vessels/details/8869220,ZDRILO 2,Fishing Vessel,8869220
/vessels/details/8657419,RUBINUM,Passenger Ship,8657419
/vessels/details/9808625,ZELJKO RAGUZ,Patrol Vessel,9808625
/vessels/details/8349878,ZLATNI ZAL,Passenger Ship,8349878
/vessels/details/8657122,GALO,Fishing Vessel,8657122
/vessels/details/8571342,PRINCEZA GREJNI,Fishing Vessel,8571342
/vessels/details/6619798,PLANIK,General Cargo Ship,6619798
/vessels/details/8960270,TRATICA,Fishing Vessel,8960270
/vessels/details/7208857,PLITVINE I,Fishing Vessel,7208857
/vessels/details/238032110,BLACK CAVIAR,Sailing vessel,238032110
/vessels/details/238363440,ALBATROS MALI,Fishing vessel,238363440
/vessels/details/238420640,TIHA,Fishing vessel,238420640
/vessels/details/238772740,BRACKA,Fishing vessel,238772740
/vessels/details/238152140,SB276019,Pleasure craft,238152140
/vessels/details/238061740,SEA HELP - 352 PN,Unknown,238061740
/vessels/details/238178540,PILOT BOAT SABATIA 1,Pilot,238178540
/vessels/details/238405640,PRINCESS SOFIA,Sailing vessel,238405640
/vessels/details/238433640,VI LA UT,Pleasure craft,238433640
/vessels/details/238177140,MILLENNIUM FALCON,Sailing vessel,238177140
/vessels/details/238865940,GLORIOUS,Pleasure craft,238865940
/vessels/details/238287640,SHIP HAPPENS,Sailing vessel,238287640
/vessels/details/238741540,STARGATE,Pleasure craft,238741540
/vessels/details/238758840,COFFEE,Sailing vessel,238758840
/vessels/details/238929740,PILOT UBAC,Pilot,238929740
/vessels/details/238416040,LAGUNA,Unknown (HAZ-D),238416040
/vessels/details/238589810,PISMOLJ,Fishing vessel,238589810
/vessels/details/238341140,SVETI ANDRIJA,Unknown,238341140
/vessels/details/238680240,LOTUS,Pleasure craft,238680240
/vessels/details/238744740,SEVGI,Unknown,238744740
/vessels/details/238873340,ISABELLA,Sailing vessel,238873340
/vessels/details/238037040,RAKOVICA,Fishing vessel,238037040
/vessels/details/238424040,HARINGA,Fishing vessel,238424040
/vessels/details/238982710,PLOVPUT 6,Other type,238982710
/vessels/details/238957340,JADRAN 3,Fishing vessel,238957340
/vessels/details/238498640,MALENA,Sailing vessel,238498640
/vessels/details/238525240,LE CORDEA,Passenger ship,238525240
/vessels/details/238680140,RELAX,Passenger ship,238680140
/vessels/details/238074640,MY SEVENTHSENSE,Other type,238074640
/vessels/details/238016740,CHAMPION,Pleasure craft,238016740
/vessels/details/238795940,ZLATICA DVA,Fishing vessel,238795940
/vessels/details/238704440,RUZARIJA,Pleasure craft,238704440
/vessels/details/238810240,MERITO,Sailing vessel,238810240
/vessels/details/238078210,SAR 10-2,SAR,238078210
/vessels/details/238478040,SUNNY WAVE,Sailing vessel,238478040
/vessels/details/238660340,SUMMER PRINCESS,Sailing vessel,238660340
/vessels/details/238037440,MUDITA,Pleasure craft,238037440
/vessels/details/238002210,MOREA,Sailing vessel,238002210
/vessels/details/238121640,LUNA,Sailing vessel,238121640
/vessels/details/238347140,ADRIATIC PRINCESS,Passenger ship,238347140
/vessels/details/238414740,MADIBA,Sailing vessel,238414740
/vessels/details/238335640,SARRH278819DB,SAR,238335640
/vessels/details/238791640,GARDENIA,Fishing vessel,238791640
/vessels/details/238788340,LINDA II,Sailing vessel,238788340
/vessels/details/238983610,MAKARSKI JADRAN,Fishing vessel,238983610
/vessels/details/238444540,CELINKA,Pleasure craft,238444540
/vessels/details/238500540,ALRISHA,Sailing vessel,238500540
/vessels/details/238455540,NEMO,Sailing vessel,238455540
/vessels/details/238869040,4 ELLI,Pleasure craft,238869040
/vessels/details/238788740,TIGA GRANDE,Sailing vessel,238788740
/vessels/details/238866640,MERLOT,Pleasure craft,238866640
/vessels/details/238787540,EVE,Unknown,238787540
/vessels/details/238032040,RURU I,Sailing vessel,238032040
/vessels/details/238481940,INKA,Pleasure craft,238481940
/vessels/details/238047310,RH 287800 ST,SAR,238047310
/vessels/details/238534610,FURIA,Unknown,238534610
/vessels/details/238101440,CONTE STEFANI,Pleasure craft,238101440
/vessels/details/238166640,ESPERANZA,Sailing vessel,238166640
/vessels/details/238347840,YOLO,Passenger ship,238347840
/vessels/details/238066710,REPOSADO,Sailing vessel,238066710
/vessels/details/238081240,ROMANTIC STAR,Passenger ship,238081240
/vessels/details/238506710,17-KZ IVA,Fishing vessel,238506710
/vessels/details/238850940,DOUBLE TROUBLE,Sailing vessel,238850940
/vessels/details/238702840,SY HEROINA,Sailing vessel,238702840
/vessels/details/238711140,VESPERA,Pleasure craft,238711140
/vessels/details/238003740,200723 KZ,Fishing vessel,238003740
/vessels/details/238650340,ELEA,Unknown,238650340
/vessels/details/238653840,KRISTINA,Pleasure craft,238653840
/vessels/details/238076110,290325ML,Cargo ship,238076110
/vessels/details/238468240,MASTERMIND,Pleasure craft,238468240
/vessels/details/238704040,MOJA,Unknown,238704040
/vessels/details/238708240,BUTTERFLY,Sailing vessel,238708240
/vessels/details/238430646,SALISKA,Sailing vessel,238430646
/vessels/details/238749240,BARBA,Pleasure craft,238749240
/vessels/details/238905240,SADRA,Sailing vessel,238905240
/vessels/details/238320940,ISTROS,Sailing vessel,238320940
/vessels/details/238430240,STILL KNOTTY,Unknown,238430240
/vessels/details/238404140,KSC JAFFA,HSC,238404140
/vessels/details/238261340,102868 KS,Unknown,238261340
/vessels/details/238183840,SY ANTARES,Unknown,238183840
/vessels/details/238334740,BELLA V,Sailing vessel,238334740
/vessels/details/238146240,LA PERLA,Pleasure craft,238146240
/vessels/details/238031240,KLEOPATRA,Passenger ship,238031240
/vessels/details/238751040,PULSAR,Sailing vessel,238751040
/vessels/details/238107310,DIADEM,Sailing vessel,238107310
/vessels/details/238370040,BOND007,Pleasure craft,238370040
/vessels/details/238124840,OSINJ,Fishing vessel,238124840
/vessels/details/238643610,JASTOG,Fishing vessel,238643610
/vessels/details/238012000,PIXEL,Sailing vessel,238012000
/vessels/details/238664240,CARDEA,Unknown,238664240
/vessels/details/238000710,UNAVAILABLE,Sailing vessel,238000710
/vessels/details/238613240,CONRAD,Sailing vessel,238613240
/vessels/details/238193740,PRVI ODISEJ,Pleasure craft,238193740
/vessels/details/238666740,NADA III,Unknown,238666740
/vessels/details/238211140,MARKOC JEDAN,Fishing vessel,238211140
/vessels/details/238665940,SCORPIOS,Sailing vessel,238665940
/vessels/details/238093940,BABY I,Pleasure craft,238093940
/vessels/details/238790140,SPRING SONG,Sailing vessel,238790140
/vessels/details/238413540,DOMAGOJ,Fishing vessel,238413540
/vessels/details/238536710,PIETAS IULIA,Fishing vessel,238536710
/vessels/details/238649940,ERO,Pleasure craft,238649940
/vessels/details/238985740,ANJITA,Pleasure craft,238985740
/vessels/details/238957040,HLAP,Fishing vessel,238957040
/vessels/details/238708740,SAIL ACI,Pleasure craft,238708740
/vessels/details/238189940,PREWI,Pleasure craft,238189940
/vessels/details/238956340,103327JL LUSTRA,Pleasure craft,238956340
/vessels/details/238217440,KUN,Fishing vessel,238217440
/vessels/details/238326440,ADRIATIC BLUE,Passenger ship,238326440
/vessels/details/238378040,ILLYRIUS,Pleasure craft,238378040
/vessels/details/238623940,ANTARIS,Passenger ship,238623940
/vessels/details/238513440,LUCIJA I FILIP,Passenger ship,238513440
/vessels/details/238330640,KARI,Sailing vessel,238330640
/vessels/details/238739440,ADHARA,Sailing vessel,238739440
/vessels/details/238086940,YOYITA,Pleasure craft,238086940
/vessels/details/238262940,ALMAR,Sailing vessel,238262940
/vessels/details/238687540,MARIEL,Unknown,238687540
/vessels/details/238540240,ANANDA,Sailing vessel,238540240
/vessels/details/238613410,SVJETIONIK,Other type,238613410
/vessels/details/238580040,282618 RK,Passenger ship,238580040
/vessels/details/238193440,TINKARA,Pleasure craft,238193440
/vessels/details/238315240,MY M,Pleasure craft,238315240
/vessels/details/238707940,ALLEMAR,Pleasure craft,238707940
/vessels/details/238308840,PANTHER,Unknown,238308840
/vessels/details/238095540,DREAMCATCHER,Sailing vessel,238095540
/vessels/details/238279540,CALYPSO,Sailing vessel,238279540
/vessels/details/238771540,LUBIN,Fishing vessel,238771540
/vessels/details/238715140,ANIMA MARIS,Pleasure craft,238715140
/vessels/details/238574840,VELI DVORI,Pleasure craft,238574840
/vessels/details/238081810,INEZA BLUE,Pleasure craft,238081810
/vessels/details/238138710,SK,Pleasure craft,238138710
/vessels/details/238581740,WENDY,Sailing vessel,238581740
/vessels/details/238442340,ROXY,Sailing vessel,238442340
/vessels/details/238195240,COCO LOCO,Sailing vessel,238195240
/vessels/details/238264140,EQ HORIZON,Pleasure craft,238264140
/vessels/details/238407840,SOKO,Other type,238407840
/vessels/details/238127510,RH292262PU,SAR,238127510
/vessels/details/238471940,JANMAR II,Sailing vessel,238471940
/vessels/details/238315040,RACEBERRY,Sailing vessel,238315040
/vessels/details/238357540,VELENOZA,Sailing vessel,238357540
/vessels/details/238624240,NAMASTE OF BALI,Unknown,238624240
/vessels/details/238695040,ALOHA,Pleasure craft,238695040
/vessels/details/238987910,PREKO,Fishing vessel,238987910
/vessels/details/238651440,BABULICA,Sailing vessel,238651440
/vessels/details/238977910,PLOVPUT 5,HSC,238977910
/vessels/details/238052610,GEMINI,Sailing vessel,238052610
/vessels/details/238118040,DANCE,SAR,238118040
/vessels/details/238139940,FARBEN,Pleasure craft,238139940
/vessels/details/238905540,KAPETAN MARIN,Fishing vessel,238905540
/vessels/details/238024140,ADRIATIC KING,Passenger ship,238024140
/vessels/details/238532940,ZADAR PILOT II,Pilot,238532940
/vessels/details/238155910,RH 294866 ZD,SAR,238155910
/vessels/details/238612940,JANTAR,Pleasure craft,238612940
/vessels/details/238120840,REA,Sailing vessel,238120840
/vessels/details/238197240,GAVUN,Fishing vessel,238197240
/vessels/details/238145310,FELICITA,Pleasure craft,238145310
/vessels/details/238895840,MARJA,Unknown,238895840
/vessels/details/238659640,PROVIDENCA,Passenger ship,238659640
/vessels/details/238104510,OOB-32,Other type,238104510
/vessels/details/238218540,MORE FUN,Sailing vessel,238218540
/vessels/details/238190440,GERI,Pleasure craft,238190440
/vessels/details/238284340,PISCES,Sailing vessel,238284340
/vessels/details/238135940,OCEAN PEARL,Sailing vessel,238135940
/vessels/details/238173340,ARIA,Sailing vessel,238173340
/vessels/details/238123810,REALITY,Sailing vessel,238123810
/vessels/details/238233640,LUPUS MARE,Passenger ship,238233640
/vessels/details/238307940,LINDA JANE,Sailing vessel,238307940
/vessels/details/238976910,DBM-81,Military ops,238976910
/vessels/details/238909140,SKODA,Fishing vessel,238909140
/vessels/details/238444340,AGAVE,Other type,238444340
/vessels/details/238825840,GALO,Fishing vessel,238825840
/vessels/details/238640540,AGENDA 55,Pleasure craft,238640540
/vessels/details/238553840,QUO VADIS 1,Pleasure craft,238553840
/vessels/details/238893640,KAPETAN FERD0,Other type,238893640
/vessels/details/238656540,BURI,Sailing vessel,238656540
/vessels/details/238056840,ELITE,Pleasure craft,238056840
/vessels/details/238116940,VID,SAR,238116940
/vessels/details/238126710,ABRAXAS III,Sailing vessel,238126710
/vessels/details/238316140,SANTA CLARA,Sailing vessel,238316140
/vessels/details/238593140,RB GOF,Unknown,238593140
/vessels/details/238060210,HOWDOO,Sailing vessel,238060210
/vessels/details/238716540,DINBOA,Pleasure craft,238716540
/vessels/details/238830940,TRSAT,Law enforcment,238830940
/vessels/details/238951240,RH 1 ZD SALI,Law enforcment,238951240
/vessels/details/238613740,PLOVPUT 2,HSC,238613740
/vessels/details/238723840,ALBA,Pleasure craft,238723840
/vessels/details/238116240,POJISAN,SAR,238116240
/vessels/details/238517540,LASTAVICA,Passenger ship,238517540
/vessels/details/238017602,PRILJEVO,Cargo ship,238017602
/vessels/details/238598640,FINES DE CLAIRES,Unknown,238598640
/vessels/details/238343740,SANGO,Fishing vessel,238343740
/vessels/details/238306540,MARITIMO,Passenger ship,238306540
/vessels/details/238127540,ADRIATIC DRAGON,Sailing vessel,238127540
/vessels/details/238212240,MARE MOJITO ROYAL,Sailing vessel,238212240
/vessels/details/238122040,UCKA,Pleasure craft,238122040
/vessels/details/238063940,NOX,Unknown,238063940
/vessels/details/238064140,ULTRA SPIRIT,Pleasure craft,238064140
/vessels/details/238417940,30 MA FELUN III,Unknown,238417940
/vessels/details/238133540,123,HSC,238133540
/vessels/details/238874840,DESSUS,Sailing vessel,238874840
/vessels/details/238391340,ACAPELLA,Sailing vessel,238391340
/vessels/details/238048510,NEO,Pleasure craft,238048510
/vessels/details/238636440,MARIJA,Pleasure craft,238636440
/vessels/details/238031510,GAJA,Sailing vessel,238031510
/vessels/details/238246940,KLOBUK,Unknown,238246940
/vessels/details/238640140,JICJ,Pleasure craft,238640140
/vessels/details/238024910,GALLA,Pleasure craft,238024910
/vessels/details/238048810,F-ONE,Pleasure craft,238048810
/vessels/details/238206640,CAPECODE,Sailing vessel,238206640
/vessels/details/238194840,MALI GALEB,Fishing vessel,238194840
/vessels/details/238619340,OLIVIA ADRIATICA,Unknown,238619340
/vessels/details/238718340,CONTE ALBERTI,Pleasure craft,238718340
/vessels/details/238687340,LADY GITA,Sailing vessel,238687340
/vessels/details/238091610,BELLE AMI,Sailing vessel,238091610
/vessels/details/238214440,GREY GOOSE OF LONDON,Sailing vessel,238214440
/vessels/details/238790740,JUTARNJA ZVIJEZDA,Passenger ship,238790740
/vessels/details/238385840,LIBERTY I,Pleasure craft,238385840
/vessels/details/238592240,HERMINA,Sailing vessel,238592240
/vessels/details/238060740,GRADINA1,Passenger ship,238060740
/vessels/details/238432340,GREEN RAY,Pleasure craft,238432340
/vessels/details/238617940,BONITA,Pleasure craft,238617940
/vessels/details/238613840,PLOVPUT 1,HSC,238613840
/vessels/details/238503740,FREEDOM,Passenger ship,238503740
/vessels/details/238454140,THORA HELEN,Sailing vessel,238454140
/vessels/details/238530540,STELLA DORO,Pleasure craft,238530540
/vessels/details/238315740,TITAN,Unknown,238315740
/vessels/details/238985240,KNUT,Sailing vessel,238985240
/vessels/details/238699840,ANNA,Pleasure craft,238699840
/vessels/details/238117240,SVETA FUSKA,Fishing vessel,238117240
/vessels/details/238838740,KORNAT,Fishing vessel,238838740
/vessels/details/238606540,MY SKY,Pleasure craft,238606540
/vessels/details/238271240,KATIJA,Pleasure craft,238271240
/vessels/details/238738840,ELIZABETH,Pleasure craft,238738840
/vessels/details/238095010,BREEZE,Sailing vessel,238095010
/vessels/details/238174040,BAHIA FELIZ V,Sailing vessel,238174040
/vessels/details/238380140,ARCA,Passenger ship,238380140
/vessels/details/238619640,DISCOVERY I,Sailing vessel,238619640
/vessels/details/238084840,APOLON,Passenger ship,238084840
/vessels/details/238043000,MAREA I,Sailing vessel,238043000
/vessels/details/238288940,ICE BERG,Sailing vessel,238288940
/vessels/details/238320040,CCG SOLTA,SAR,238320040
/vessels/details/238699340,LED,Sailing vessel,238699340
/vessels/details/238044410,MAXITA,Pleasure craft,238044410
/vessels/details/238153840,ISABELLE,Sailing vessel,238153840
/vessels/details/238130440,244-KZ NERA,Fishing vessel,238130440
/vessels/details/238546840,CONSEQUENCE,Sailing vessel,238546840
/vessels/details/238342240,SAILING BREEZE,Sailing vessel,238342240
/vessels/details/238038040,MAHANGA,Sailing vessel,238038040
/vessels/details/238309840,VULPINO,Sailing vessel,238309840
/vessels/details/238770640,NAPREDAK II,Fishing vessel,238770640
/vessels/details/238669240,ALFA MARIO,Passenger ship,238669240
/vessels/details/238104140,ANGIE,Pleasure craft,238104140
/vessels/details/238022210,CHILI,Sailing vessel,238022210
/vessels/details/238366840,ELIZABETA JEDAN,Other type,238366840
/vessels/details/238223440,EUPHORIA IV,Sailing vessel,238223440
/vessels/details/238647210,SAIDA,Other type,238647210
/vessels/details/238020640,PACHA,Pleasure craft,238020640
/vessels/details/238153140,KRALJICA MIRA,Fishing vessel,238153140
/vessels/details/238765740,AZZURO,Pleasure craft,238765740
/vessels/details/238016510,ADRI,Pleasure craft,238016510
/vessels/details/238738740,SECUNDUS,Pleasure craft,238738740
/vessels/details/238287440,PRINCEZA DIANA,Passenger ship,238287440
/vessels/details/238735140,TRANQUILLITY,Sailing vessel,238735140
/vessels/details/238357840,STARLIGHT,Sailing vessel,238357840
/vessels/details/238714640,INVICTUS,Passenger ship,238714640
/vessels/details/238247140,COOL CAT,Pleasure craft,238247140
/vessels/details/238126240,ZEUS,Passenger ship,238126240
/vessels/details/238008000,RH282912RK,SAR,238008000
/vessels/details/238705640,BALDUR,Unknown,238705640
/vessels/details/238635640,AGRAMER I,Pleasure craft,238635640
/vessels/details/238036000,PRINCES LONA,Pleasure craft,238036000
/vessels/details/238769240,SKITNICA,Pleasure craft,238769240
/vessels/details/238856940,BABY INDY,Pleasure craft,238856940
/vessels/details/238030740,PT 71,Unknown,238030740
/vessels/details/238580340,AMALIA,Passenger ship,238580340
/vessels/details/238390840,LANA SOLO SAILOR,Sailing vessel,238390840
/vessels/details/238080610,ELDAMAR,Pleasure craft,238080610
/vessels/details/238116740,NEPTUN PRVI,Fishing vessel,238116740
/vessels/details/238737240,LA GRANGE,Sailing vessel,238737240
/vessels/details/238058540,LUKAS,Pleasure craft,238058540
/vessels/details/238038140,LADY LONA,Pleasure craft,238038140
/vessels/details/238439740,BELLA IV,Sailing vessel,238439740
/vessels/details/238125340,NAUTILUS,Pleasure craft,238125340
/vessels/details/238391740,ANJA 1,Pleasure craft,238391740
/vessels/details/238702540,MY WISH,Passenger ship,238702540
/vessels/details/238875540,SOLAIA,Sailing vessel,238875540
/vessels/details/238482440,ALGIEDI,Unknown,238482440
/vessels/details/238387240,ALPHA,Passenger ship,238387240
/vessels/details/238156740,KARIZMA,Passenger ship,238156740
/vessels/details/238247740,BASA,Sailing vessel,238247740
/vessels/details/238990110,GIRA 1,Fishing vessel,238990110
/vessels/details/238087640,DONNA DEL MARE,Pleasure craft,238087640
/vessels/details/238802540,TIRAMINELLI,Sailing vessel,238802540
/vessels/details/238730740,HYRPUS,Pleasure craft,238730740
/vessels/details/238723140,ALIBABA,Pleasure craft,238723140
/vessels/details/238641440,FLEUR,Sailing vessel,238641440
/vessels/details/238777640,ANNA MARUSJA,Unknown,238777640
/vessels/details/238039340,DIAMOND,Passenger ship,238039340
/vessels/details/238330340,EQUATOR,Passenger ship,238330340
/vessels/details/238746940,CESARICA III,Sailing vessel,238746940
/vessels/details/238675840,ZLATOPRUZICA,Fishing vessel,238675840
/vessels/details/238595740,DA VINCI,Sailing vessel,238595740
/vessels/details/238706940,KABUKI,Sailing vessel,238706940
/vessels/details/238778340,RH 280216 ZD,SAR,238778340
/vessels/details/238230540,SRETAN,Unknown,238230540
/vessels/details/238544940,CHECKMATE,Pleasure craft,238544940
/vessels/details/238127310,PRIMUS,Pleasure craft,238127310
/vessels/details/238789440,MALA,Sailing vessel,238789440
/vessels/details/238689240,ODILIA,Sailing vessel,238689240
/vessels/details/238321440,ALMISSA,Passenger ship,238321440
/vessels/details/238899140,PELAGOS IV,Fishing vessel,238899140
/vessels/details/238849740,HELENA S,Unknown,238849740
/vessels/details/238220406,LM-51 KORCULA,Military ops,238220406
/vessels/details/238136740,SOKOL,Tug,238136740
/vessels/details/238195340,PETROVICH,Unknown,238195340
/vessels/details/238705140,VIOLA,Sailing vessel,238705140
/vessels/details/238316940,MAKI-JOE,Sailing vessel,238316940
/vessels/details/238996440,MAJKA MARIJA,Fishing vessel,238996440
/vessels/details/238320740,OLIMP,Pleasure craft,238320740
/vessels/details/238595040,AVE MARIA,Passenger ship,238595040
/vessels/details/238618640,NOTUS,Sailing vessel,238618640
/vessels/details/238294140,TULJAN,Fishing vessel,238294140
/vessels/details/238052740,ADMIRAL,Passenger ship,238052740
/vessels/details/238481640,MALO,Pleasure craft,238481640
/vessels/details/238950940,RH6ZD,SAR,238950940
/vessels/details/238049540,ELIXIR,Passenger ship,238049540
/vessels/details/238850040,CHAMPAGNE PLEASE,Pleasure craft,238850040
/vessels/details/238121110,SILENCE,Pleasure craft,238121110
/vessels/details/238800340,DAENI,Pleasure craft,238800340
/vessels/details/238113210,ASTERIA,Pleasure craft,238113210
/vessels/details/238434340,ADRIATIC PEARL,Passenger ship,238434340
/vessels/details/238288740,DAVORIN,Fishing vessel,238288740
/vessels/details/238276840,KREGINJA,Sailing vessel,238276840
/vessels/details/238430040,PARIS,Fishing vessel,238430040
/vessels/details/238169840,FUTUNA LIMA,Sailing vessel,238169840
/vessels/details/238587510,FELUN II 220368 MA,Fishing vessel,238587510
/vessels/details/238557540,OMR GROUP,Pleasure craft,238557540
/vessels/details/238429940,LUCIJETA,Fishing vessel,238429940
/vessels/details/238980810,35 KZ ZDRAVKA,Fishing vessel,238980810
/vessels/details/238209940,SY VIDIMUS,Sailing vessel,238209940
/vessels/details/238520140,512-ST,Pilot,238520140
/vessels/details/238624340,BIG BLUE,Sailing vessel,238624340
/vessels/details/238993240,TULJAN DVA,Fishing vessel,238993240
/vessels/details/238486840,ANTHEA,Passenger ship,238486840
/vessels/details/238721240,IL SOGNO III,Pleasure craft,238721240
/vessels/details/238721440,NIAGARA,Pleasure craft,238721440
/vessels/details/238794740,COFFEE PLACE,Pleasure craft,238794740
/vessels/details/238030340,LION,Sailing vessel,238030340
/vessels/details/238702640,AURELIA,Passenger ship,238702640
/vessels/details/238237140,AZIA,Sailing vessel,238237140
/vessels/details/238901340,OREB JEDAN,Fishing vessel,238901340
/vessels/details/238156540,TUSCAN SUN,Pleasure craft,238156540
/vessels/details/238006000,AENEA,Sailing vessel,238006000
/vessels/details/238043040,THE BEST WAY,Pleasure craft,238043040
/vessels/details/238409840,TRI UNUKA,Fishing vessel,238409840
/vessels/details/238657440,RIVA,Unknown,238657440
/vessels/details/238121940,LIBRA,Sailing vessel,238121940
/vessels/details/238119140,VOYAGE,Passenger ship,238119140
/vessels/details/238264440,SHIRA,Unknown,238264440
/vessels/details/238324040,SIERRA,Sailing vessel,238324040
/vessels/details/238419640,JOIE DE VIVRE,Sailing vessel,238419640
/vessels/details/238775640,LUSTURA,Other type,238775640
/vessels/details/238685940,NINA II,Sailing vessel,238685940
/vessels/details/238789640,COSMOS,Sailing vessel,238789640
/vessels/details/238425040,EUPHORIA III,Sailing vessel,238425040
/vessels/details/238166940,FAMILY,Unknown,238166940
/vessels/details/238320440,RTOP-12,Other type,238320440
/vessels/details/238087040,ORLANDO L,Pleasure craft,238087040
/vessels/details/238004000,HAN SOLO,Sailing vessel,238004000
/vessels/details/238160740,ANDEO,Passenger ship,238160740
/vessels/details/238614040,ESCAPE,Pleasure craft,238614040
/vessels/details/238965040,JAGUAR,Sailing vessel,238965040
/vessels/details/238077240,CLOUDS,Pleasure craft,238077240
/vessels/details/238409340,JACKPOT 77,Unknown,238409340
/vessels/details/238705240,FREKI,Pleasure craft,238705240
/vessels/details/238956240,SVETAC,Unknown,238956240
/vessels/details/238622240,GRUG,Fishing vessel,238622240
/vessels/details/238335540,MARTIN V,Sailing vessel,238335540
/vessels/details/238085040,CASABLANCA,Passenger ship,238085040
/vessels/details/238836440,BIOKOVAC,Fishing vessel,238836440
/vessels/details/238116710,AHALYA,Sailing vessel,238116710
/vessels/details/238401640,SISCIA,WIG,238401640
/vessels/details/238259240,ZENITH,Sailing vessel,238259240
/vessels/details/238700240,BEAUTY,Sailing vessel,238700240
/vessels/details/238103940,PETIT PIAF,Sailing vessel,238103940
/vessels/details/238509610,19-KZ DINKO,Unknown,238509610
/vessels/details/238598840,AMY,Pleasure craft,238598840
/vessels/details/238038000,CORSARIO,Sailing vessel,238038000
/vessels/details/238616340,NIKA,Sailing vessel,238616340
/vessels/details/238735040,SOMBRA DEL VIENTO,Sailing vessel,238735040
/vessels/details/238151910,FARBEN,Pleasure craft,238151910
/vessels/details/238084310,NIKA I,Sailing vessel,238084310
/vessels/details/238225840,RAPTOR,Sailing vessel,238225840
/vessels/details/238000005,LEVANTE,Other type,238000005
/vessels/details/238027000,SAN LIMI,Unknown,238027000
/vessels/details/238298040,DUNJA,Unknown,238298040
/vessels/details/238624040,BIGAJ,Fishing vessel,238624040
/vessels/details/238550040,CHILLI,Sailing vessel,238550040
/vessels/details/238222940,MARVEL,Pleasure craft,238222940
/vessels/details/238906140,SAN SNOVA,Passenger ship,238906140
/vessels/details/238568440,CLASE AZUL,Sailing vessel,238568440
/vessels/details/238987540,KNEZAK,Fishing vessel,238987540
/vessels/details/238086240,INFINITY,Passenger ship,238086240
/vessels/details/238877440,ZILVAR 4,Pleasure craft,238877440
/vessels/details/238156840,STELA,Fishing vessel,238156840
/vessels/details/238342340,VIVERE,Pleasure craft,238342340
/vessels/details/238937640,ROSA,Pleasure craft,238937640
/vessels/details/238209140,CASANOVA,Passenger ship,238209140
/vessels/details/238699540,SUZANA,Passenger ship,238699540
/vessels/details/238026540,TIGA,Sailing vessel,238026540
/vessels/details/238352640,AQUAMARIN,Passenger ship,238352640
/vessels/details/238233240,ALMA SOFIA,Sailing vessel,238233240
/vessels/details/238320240,HRVATSKA KOSTAJNICA,SAR,238320240
/vessels/details/238503940,OHANA,Passenger ship,238503940
/vessels/details/238451240,VEDIGO,Fishing vessel,238451240
/vessels/details/238042340,BONJOUR,Sailing vessel,238042340
/vessels/details/238231240,ALLURE E,Pleasure craft,238231240
/vessels/details/238515040,SVEA OF SWEDEN,Sailing vessel,238515040
/vessels/details/238377040,MY KLARA,Pleasure craft,238377040
/vessels/details/238811240,DONNA,Passenger ship,238811240
/vessels/details/238000740,ADRIATIC ESCAPE,Pleasure craft,238000740
/vessels/details/238616040,BLUE BONNET,Pleasure craft,238616040
/vessels/details/238535640,SY IMAGO,Unknown,238535640
/vessels/details/238319840,CCG MOHOROVICIC,SAR,238319840
/vessels/details/238660040,GALEBICA,Fishing vessel,238660040
/vessels/details/238742840,OREB,Fishing vessel,238742840
/vessels/details/238540540,SMARAGD,Pleasure craft,238540540
/vessels/details/238647010,SIKAVAC,Other type,238647010
/vessels/details/238134340,SALT,Pleasure craft,238134340
/vessels/details/238569440,FEE,Sailing vessel,238569440
/vessels/details/238126940,LEVAN,Fishing vessel,238126940
/vessels/details/238588640,FOX,Pleasure craft,238588640
/vessels/details/238038740,SAIL AND ADVENTURE,Unknown,238038740
/vessels/details/238000540,PACO,Sailing vessel,238000540
/vessels/details/238063910,UNCONDITIONAL LOVE,Sailing vessel,238063910
/vessels/details/238009440,PRINCESS,Unknown,238009440
/vessels/details/238923240,NONA MILKA,Fishing vessel,238923240
/vessels/details/238446140,QUEEN ELEGANZA,Passenger ship,238446140
/vessels/details/238423540,MAKA-MAKA,Unknown,238423540
/vessels/details/238072940,FENIKS,Cargo ship,238072940
/vessels/details/238559440,SYMPHONY,Passenger ship,238559440
/vessels/details/238337740,DREAM,Passenger ship,238337740
/vessels/details/238101740,DALMATINO,Sailing vessel,238101740
/vessels/details/238686540,PRINCESS CLAIRE,Sailing vessel,238686540
/vessels/details/238624540,MINTAKA,Unknown,238624540
/vessels/details/238240140,ALBATROS,Sailing vessel,238240140
/vessels/details/238947740,SKOLJKA,Fishing vessel,238947740
/vessels/details/238010640,LADY SUNSHINE,Pleasure craft,238010640
/vessels/details/238523840,EPSILON,Unknown,238523840
/vessels/details/238538740,AURORA,Passenger ship,238538740
/vessels/details/238552240,ALKATAN,Sailing vessel,238552240
/vessels/details/238543240,SAN NICOLA,Sailing vessel,238543240
/vessels/details/238489640,TEMPERA,Passenger ship,238489640
/vessels/details/238782040,DAMARI,Pleasure craft,238782040
/vessels/details/238628640,NAKED,Pleasure craft,238628640
/vessels/details/238791940,BAZINGA,Pleasure craft,238791940
/vessels/details/238039000,MIVASA,Sailing vessel,238039000
/vessels/details/238206040,TRITON,Sailing vessel,238206040
/vessels/details/238281140,RIBAR,Fishing vessel,238281140
/vessels/details/238566240,MY WAY,Passenger ship,238566240
/vessels/details/238132940,PLAVICA,Fishing vessel,238132940
/vessels/details/238085510,RH290984RK,SAR,238085510
/vessels/details/238216240,MOWGLI,Sailing vessel,238216240
/vessels/details/238460640,CAPRICORN,Pleasure craft,238460640
/vessels/details/238550540,LUKA I DUJE,Fishing vessel,238550540
/vessels/details/238091240,BLUE DREAM,Pleasure craft,238091240
/vessels/details/238301040,SALVE DI MARE,Passenger ship,238301040
/vessels/details/238179340,BELLA,Passenger ship,238179340
/vessels/details/238456640,256076 KZ,Sailing vessel,238456640
/vessels/details/238966640,GOX,Sailing vessel,238966640
/vessels/details/238571140,OCEAN DRIVE,Pleasure craft,238571140
/vessels/details/238592410,HRVATICA,Fishing vessel,238592410
/vessels/details/238634740,LADY S,Unknown,238634740
/vessels/details/238119810,PRINZ EUGEN,Sailing vessel,238119810
/vessels/details/238145410,293674 ST,Pilot,238145410
/vessels/details/238176140,RH281579RK,SAR,238176140
/vessels/details/238099440,VIRGINIA,Sailing vessel,238099440
/vessels/details/238276040,TOURBILLON,Unknown,238276040
/vessels/details/238767240,MORMORA,Fishing vessel,238767240
/vessels/details/238086510,GEMINI,Sailing vessel,238086510
/vessels/details/238083110,RH290938SE,SAR,238083110
/vessels/details/238481540,LIFESTYLE 1,Pleasure craft,238481540
/vessels/details/238066340,MYSTIC,Passenger ship,238066340
/vessels/details/238955240,MARKO,Fishing vessel,238955240
/vessels/details/238597110,SVILAJA,Other type,238597110
/vessels/details/238030000,ENA,Pleasure craft,238030000
/vessels/details/238351240,BAN,Passenger ship,238351240
/vessels/details/238047840,DOLCE VITA,Sailing vessel,238047840
/vessels/details/238378640,SEASIDE,Pleasure craft,238378640
/vessels/details/238067410,ALLEGRIA,Pleasure craft,238067410
/vessels/details/238283740,176-KZ,Fishing vessel,238283740
/vessels/details/238108240,SEA TOY,Sailing vessel,238108240
/vessels/details/238014240,410-KO,Fishing vessel,238014240
/vessels/details/238359940,185097 OR,Pilot,238359940
/vessels/details/238262740,PETRA,Fishing vessel,238262740
/vessels/details/238174640,11 DB PILOT BOAT,Unknown,238174640
/vessels/details/238536840,CHARMING ALEXANDRA,Sailing vessel,238536840
/vessels/details/238566740,MIRA,Sailing vessel,238566740
/vessels/details/238310040,COUGAR,Unknown,238310040
/vessels/details/238051540,SOLITAIRE I,Sailing vessel,238051540
/vessels/details/238831840,ANGELICA,Sailing vessel,238831840
/vessels/details/238315840,SY GINGOLINA,Sailing vessel,238315840
/vessels/details/238129010,PHANTOM,Pleasure craft,238129010
/vessels/details/238803640,AGLAYA,Pleasure craft,238803640
/vessels/details/238733340,NOSANIDA,Pleasure craft,238733340
/vessels/details/238203540,INSIEME,Pleasure craft,238203540
/vessels/details/238522540,VILA VELEBITA 5,Passenger ship,238522540
/vessels/details/238161040,ONYX,Unknown,238161040
/vessels/details/238277740,DVA BRATA,Fishing vessel,238277740
/vessels/details/238982010,ZUBAC,Fishing vessel,238982010
/vessels/details/238285740,CARPE DIEM 7,Sailing vessel,238285740
/vessels/details/238787440,NOCTURNO,Sailing vessel,238787440
/vessels/details/238185340,AMADA MIA,Sailing vessel,238185340
/vessels/details/238468740,SOLARIS,Passenger ship,238468740
/vessels/details/238319740,DBM-82 KRKA,Military ops,238319740
/vessels/details/238759040,SEA MONSTER,Pleasure craft,238759040
/vessels/details/238584110,10705 HV CIPAL,Fishing vessel,238584110
/vessels/details/238659940,M1,Pleasure craft,238659940
/vessels/details/238179040,AMBASSADOR,Passenger ship,238179040
/vessels/details/238843340,ALTAIR,Sailing vessel,238843340
/vessels/details/238553040,ADRIANA 2,Pleasure craft,238553040
/vessels/details/238010000,SCORPIOS,Sailing vessel,238010000
/vessels/details/238506940,NEGRONI,Sailing vessel,238506940
/vessels/details/238021140,MANTA RAY I,Pleasure craft,238021140
/vessels/details/238678040,7X,Pleasure craft,238678040
/vessels/details/238868140,LA CALMA,Unknown,238868140
/vessels/details/238679640,AEGIR,Pleasure craft,238679640
/vessels/details/238867740,AUSSIE,Pleasure craft,238867740
/vessels/details/238121240,BASCICA,Unknown,238121240
/vessels/details/238243640,PILOT BOAT STELLA,Pilot,238243640
/vessels/details/238416240,267813 PL,Pilot,238416240
/vessels/details/238809740,GROF,Law enforcment,238809740
/vessels/details/238028610,MAGIC DREAM,Sailing vessel,238028610
/vessels/details/238090940,PURA VIDA,Sailing vessel,238090940
/vessels/details/238076840,WHYKNOT,Unknown,238076840
/vessels/details/238687440,NOMI 2,Pleasure craft,238687440
/vessels/details/238658710,PLOVPUT 4,Local type,238658710
/vessels/details/238760340,FORCA,Tanker,238760340
/vessels/details/238001340,POLETUSA,Fishing vessel,238001340
/vessels/details/238299340,SHAREDREAMS,Sailing vessel,238299340
/vessels/details/238008540,NOI QUATTRO,Passenger ship,238008540
/vessels/details/238325840,ADRIA CHICHA,Unknown,238325840
/vessels/details/238620040,HIDEAWAY,Pleasure craft,238620040
/vessels/details/238712640,SERENDIPITY 1,Pleasure craft,238712640
/vessels/details/238073040,VOGICA,Fishing vessel,238073040
/vessels/details/238906440,BLUE HARMONY,Pleasure craft,238906440
/vessels/details/238011340,NONO MARINO,Unknown,238011340
/vessels/details/238036040,GR124,Unknown,238036040
/vessels/details/238993040,KRALJICA JADRANA,Pleasure craft,238993040
/vessels/details/238076440,BAZA,Sailing vessel,238076440
/vessels/details/238670640,SEVEN,Pleasure craft,238670640
/vessels/details/238024340,GHOST,Pleasure craft,238024340
/vessels/details/238403740,NOSTRA VITA,Pleasure craft,238403740
/vessels/details/238765040,NOA,Fishing vessel,238765040
/vessels/details/238993840,KADENA,Pleasure craft,238993840
/vessels/details/238049740,HATTORI HANZO,Sailing vessel,238049740
/vessels/details/238197540,LETO,Sailing vessel,238197540
/vessels/details/238056410,MAKANI,Sailing vessel,238056410
/vessels/details/238698140,AURUM SKY,Sailing vessel,238698140
/vessels/details/238379640,PAPUK,Other type,238379640
/vessels/details/238116410,FLORAMYE,Pleasure craft,238116410
/vessels/details/238361240,ZARA,Other type,238361240
/vessels/details/238384540,LOLA,Unknown,238384540
/vessels/details/238723440,MAGDALENA,Unknown,238723440
/vessels/details/238726640,GHOST,Pleasure craft,238726640
/vessels/details/238259940,MY ARIZONA,Unknown,238259940
/vessels/details/238547840,ZVONELA,Fishing vessel,238547840
/vessels/details/238886740,YUNNAC,Sailing vessel,238886740
/vessels/details/238968740,CHAMPAGNE,Sailing vessel,238968740
/vessels/details/238092010,HERMINE,Sailing vessel,238092010
/vessels/details/238527140,SWALLOW,Passenger ship,238527140
/vessels/details/238521940,ZRMANJA,Unknown,238521940
/vessels/details/238298440,DESIRE,Passenger ship,238298440
/vessels/details/238555940,FG STAR,Pleasure craft,238555940
/vessels/details/238313540,MARAVILLOSA,Unknown,238313540
/vessels/details/238048910,SEADUCTIVE ORCA,Sailing vessel,238048910
/vessels/details/238109110,LUCKY FOX,Sailing vessel,238109110
/vessels/details/238227940,MATCH POINT,Sailing vessel,238227940
/vessels/details/238481840,TYR,Pleasure craft,238481840
/vessels/details/238091640,ALDANIA,Pleasure craft,238091640
/vessels/details/238604310,KORAB,Pleasure craft,238604310
/vessels/details/238690040,BEAUTY,Pleasure craft,238690040
/vessels/details/238079440,SOKOLICA,Pleasure craft,238079440
/vessels/details/238282940,FOLLOW THE SUN,Sailing vessel,238282940
/vessels/details/238401940,QUANTUM,Pleasure craft,238401940
/vessels/details/238868840,CEST LA VIE,Sailing vessel,238868840
/vessels/details/238069540,BLACK BIRD,Sailing vessel,238069540
/vessels/details/238140640,RH282821SB,SAR,238140640
/vessels/details/238584540,NURIA,Sailing vessel,238584540
/vessels/details/238732840,JOHANNA,Sailing vessel,238732840
/vessels/details/238492640,THANDIWEE,Sailing vessel,238492640
/vessels/details/238127240,GOLD ONE,Sailing vessel,238127240
/vessels/details/238975610,SISOL,Fishing vessel,238975610
/vessels/details/238630840,MADAME EL GRANDE,Pleasure craft,238630840
/vessels/details/238166440,AMORENA,Unknown,238166440
/vessels/details/238628540,THUNDERBALL,Pleasure craft,238628540
/vessels/details/238358840,OMISJAN 1008PU,Pleasure craft,238358840
/vessels/details/238512540,ALGA,Fishing vessel,238512540
/vessels/details/238005040,IZI,Unknown,238005040
/vessels/details/238429040,DINARA,Fishing vessel,238429040
/vessels/details/238358140,FILIP,Sailing vessel,238358140
/vessels/details/238673640,MASUN,Fishing vessel,238673640
/vessels/details/238432640,LEA MARIA,Sailing vessel,238432640
/vessels/details/238013543,VUCEDOLSKA GOLUBICA,Dredging or UW ops,238013543
/vessels/details/238032840,TROODON,Sailing vessel,238032840
/vessels/details/238677440,MEMORIES,Passenger ship,238677440
/vessels/details/238565540,FESTINA LENTE II,Sailing vessel,238565540
/vessels/details/238301940,LIBERTY,Passenger ship,238301940
/vessels/details/238610440,AMALIA,Sailing vessel,238610440
/vessels/details/238622440,NIKITA,Pleasure craft,238622440
/vessels/details/238613140,WILD JOE,Sailing vessel,238613140
/vessels/details/238755240,COMPASS,Unknown,238755240
/vessels/details/238322040,RHAPSODY,Passenger ship,238322040
/vessels/details/238358040,UNAVAILABLE,Pleasure craft,238358040
/vessels/details/238904840,ANAMARIJA,Passenger ship,238904840
/vessels/details/238458140,ADRIS,Passenger ship,238458140
/vessels/details/238123040,SINATA,Unknown,238123040
/vessels/details/238000840,OP223245,Unknown,238000840
/vessels/details/238932240,RTOP 41 VUKOVAR,Military ops,238932240
/vessels/details/238387440,SKARPENA,Fishing vessel,238387440
/vessels/details/238010240,PELAGOS V,Fishing vessel,238010240
/vessels/details/238234240,HERA,Pleasure craft,238234240
/vessels/details/238295540,SEA LADY,Pleasure craft,238295540
/vessels/details/238139840,ADRIATIC HOLIDAY,Pleasure craft,238139840
/vessels/details/238092040,GRACE,Sailing vessel,238092040
/vessels/details/238540140,DUCK,Sailing vessel,238540140
/vessels/details/238790540,STELLA MARIS,Pleasure craft,238790540
/vessels/details/238597440,FELICIA,Sailing vessel,238597440
/vessels/details/238510340,ANAVI,Other type,238510340
/vessels/details/238150310,NOIR,Passenger ship,238150310
/vessels/details/238952440,10 PL,Pilot,238952440
/vessels/details/238475640,ANDELA LORA,Passenger ship,238475640
/vessels/details/238129240,EMERALD GEMINI,Sailing vessel,238129240
/vessels/details/238323340,LUCKY ALEXANDRA,Sailing vessel,238323340
/vessels/details/238563940,LUPA,Unknown,238563940
/vessels/details/238024640,KANALU,Sailing vessel,238024640
/vessels/details/238597640,RH284237ST,SAR,238597640
/vessels/details/238250040,MALI KARLO,Pleasure craft,238250040
/vessels/details/238932340,RTOP 42,Military ops,238932340
/vessels/details/238112840,2 VS TEO,Fishing vessel,238112840
/vessels/details/238876140,MELA,Sailing vessel,238876140
/vessels/details/238167540,ENIJA,Sailing vessel,238167540
/vessels/details/238023210,HEVEA,Sailing vessel,238023210
/vessels/details/238421840,DELFIN 1,Towing vessel,238421840
/vessels/details/238160640,LADY AMANDA,Sailing vessel,238160640
/vessels/details/238772340,DAGNY,Pleasure craft,238772340
/vessels/details/238154140,MAMMA MIA,Sailing vessel,238154140
/vessels/details/238159710,LIBERTY,Sailing vessel,238159710
/vessels/details/238705740,DESAFINADO,Pleasure craft,238705740
/vessels/details/238138110,YOYITA II,Pleasure craft,238138110
/vessels/details/238669640,PRESTIGE,Passenger ship,238669640
/vessels/details/238430540,SIMPLY THE BEST,Sailing vessel,238430540
/vessels/details/238638510,MB SULEC,Fishing vessel,238638510
/vessels/details/238158040,PLOVPUT 7,HSC,238158040
/vessels/details/238778240,MAYA,Sailing vessel,238778240
/vessels/details/238690440,SUMMER,Passenger ship,238690440
/vessels/details/238135410,INFINITY WAVE,Sailing vessel,238135410
/vessels/details/238364840,SOLE,Pleasure craft,238364840
/vessels/details/238375940,ELYRA,Unknown,238375940
/vessels/details/238294440,CARA,Pleasure craft,238294440
/vessels/details/238114940,MOJA ROZA,Fishing vessel,238114940
/vessels/details/238362040,PRIGRADICA,Fishing vessel,238362040
/vessels/details/238794240,MARLIN,Fishing vessel,238794240
/vessels/details/238831440,FORTUNA,Pleasure craft,238831440
/vessels/details/238155440,17 DB GREBENI,Pilot,238155440
/vessels/details/238861240,BLESSED,Sailing vessel,238861240
/vessels/details/238368940,MARINO JAKOMINIC,Law enforcment,238368940
/vessels/details/238032240,CORONA,Passenger ship,238032240
/vessels/details/238542240,MOONLIGHT,Sailing vessel,238542240
/vessels/details/238688040,BELLEZZA,Passenger ship,238688040
/vessels/details/238448940,ADRIATIC LION,Sailing vessel,238448940
/vessels/details/238670040,AZZURRO,Passenger ship,238670040
/vessels/details/238206940,GRACE II,Pleasure craft,238206940
/vessels/details/238023640,OYA,Sailing vessel,238023640
/vessels/details/238206540,QUANTUM I,Pleasure craft,238206540
/vessels/details/238503640,SVETI JURE,Fishing vessel,238503640
/vessels/details/238193340,MARETA JEDAN,Fishing vessel,238193340
/vessels/details/238431540,TT KLOBUK,Unknown,238431540
/vessels/details/238215540,MR.SI,Pleasure craft,238215540
/vessels/details/238035240,ANSE SOLEIL,Sailing vessel,238035240
/vessels/details/238329740,DODO,Sailing vessel,238329740
/vessels/details/238112640,ARAGO,Pleasure craft,238112640
/vessels/details/238495040,DRAGONFLY,Sailing vessel,238495040
/vessels/details/238688240,KATARINA,Passenger ship,238688240
/vessels/details/238589240,TENUTO,Sailing vessel,238589240
/vessels/details/238742140,PRINCESS S,Sailing vessel,238742140
/vessels/details/238997940,AURIANE,Pleasure craft,238997940
/vessels/details/238024000,TEFNUT,Unknown,238024000
/vessels/details/238389440,BELLA II,Sailing vessel,238389440
/vessels/details/238474740,MAIR ELUNED,Sailing vessel,238474740
/vessels/details/238001010,FLONJA,Sailing vessel,238001010
/vessels/details/238691240,SON DE MAR,Pleasure craft,238691240
/vessels/details/238584140,PELAGOS III,Unknown,238584140
/vessels/details/238671240,NEREZINAC,Sailing vessel,238671240
/vessels/details/238171640,SIGMA I,Pleasure craft,238171640
/vessels/details/238390540,PALAMIDA,Fishing vessel,238390540
/vessels/details/238837240,HOBOS,Fishing vessel,238837240
/vessels/details/238348440,MARALLURE,Pleasure craft,238348440
/vessels/details/238035910,AVALON,Pleasure craft,238035910
/vessels/details/238807940,ANETTA,Sailing vessel,238807940
/vessels/details/238850640,IMAGINATION,Sailing vessel,238850640
/vessels/details/238035740,4YOU,Pleasure craft,238035740
/vessels/details/238615340,SAN ANTONIO,Passenger ship,238615340
/vessels/details/238279240,MON AMI,Pleasure craft,238279240
/vessels/details/238934240,DINIVA,Fishing vessel,238934240
/vessels/details/238680640,MARKAN,Passenger ship,238680640
/vessels/details/238020940,73-KZ,Unknown,238020940
/vessels/details/238859040,EVE ONE,Sailing vessel,238859040
/vessels/details/238904340,CROATIA,Pleasure craft,238904340
/vessels/details/238327340,AGAPE ROSE,Pleasure craft,238327340
/vessels/details/238055510,BY MY SIDE,Unknown,238055510
/vessels/details/238976810,FAUST VRANCIC,SAR,238976810
/vessels/details/238195440,KORDIKA DVA,Fishing vessel,238195440
/vessels/details/238721940,MADELEINE,Sailing vessel,238721940
/vessels/details/238538640,CRISTAL,Passenger ship,238538640
/vessels/details/238255840,OCEAN DREAM,Sailing vessel,238255840
/vessels/details/238764940,KORENAT,Fishing vessel,238764940
/vessels/details/238128640,TRIPLE EIGHT,Pleasure craft,238128640
/vessels/details/238025340,OPTIMUS,Pleasure craft,238025340
/vessels/details/238178440,ALISA,Pleasure craft,238178440
/vessels/details/238283040,OPAT,Fishing vessel,238283040
/vessels/details/238613510,PILOT BOAT SABINA,Pilot,238613510
/vessels/details/238007410,APOLON,Sailing vessel,238007410
/vessels/details/238026000,FELIX FINIS,Sailing vessel,238026000
/vessels/details/238715240,MAMA MARIJA II,Passenger ship,238715240
/vessels/details/238015740,RANGATIRA,Sailing vessel,238015740
/vessels/details/238274040,ADRIATIC TIGER,Pleasure craft,238274040
/vessels/details/238033940,FANTAZIJA,Passenger ship,238033940
/vessels/details/238174740,MARE NEGRONI,Pleasure craft,238174740
/vessels/details/238902840,LUBIN DVA,Towing vessel,238902840
/vessels/details/238116110,SOLUTION,Sailing vessel,238116110
/vessels/details/238634140,SIBARI II,Pleasure craft,238634140
/vessels/details/238045140,SVETI SIME I,Passenger ship,238045140
/vessels/details/238029910,ARGO I,Passenger ship,238029910
/vessels/details/238363240,ELIZABETA TRI,Other type,238363240
/vessels/details/238587240,CALLIOPE,Sailing vessel,238587240
/vessels/details/238941940,CHIMAERA,Pleasure craft,238941940
/vessels/details/238121440,VANGUARD,Unknown,238121440
/vessels/details/238436940,KOKO,Unknown,238436940
/vessels/details/238317440,RH 10 ZD,SAR,238317440
/vessels/details/238424440,BELLAVITA,Unknown,238424440
/vessels/details/238104040,4SR-GAVUN,Unknown,238104040
/vessels/details/238029340,WRUNGEL,Sailing vessel,238029340
/vessels/details/238106610,ADRIATIC BREEZE,Sailing vessel,238106610
/vessels/details/238588040,ANDY,Pleasure craft,238588040
/vessels/details/238659440,SMART SPIRIT,Other type,238659440
/vessels/details/238129440,MARENI 2,Sailing vessel,238129440
/vessels/details/238623540,CARPE VENTUM,Sailing vessel,238623540
/vessels/details/238059610,SIN KALI 1,Fishing vessel,238059610
/vessels/details/238108910,BALENA,Sailing vessel,238108910
/vessels/details/238718140,UNO,Sailing vessel,238718140
/vessels/details/238100140,HYPE,Sailing vessel,238100140
/vessels/details/238708940,SAN SPIRITO,Passenger ship,238708940
/vessels/details/238398040,RB BEPO 88ND,Unknown,238398040
/vessels/details/238282240,DAMACO,Sailing vessel,238282240
/vessels/details/238663940,AMOR,Sailing vessel,238663940
/vessels/details/238407140,SVJETLICA,Fishing vessel,238407140
/vessels/details/238076640,MUNJEK F,Pleasure craft,238076640
/vessels/details/238029640,MUNJEK RS,Sailing vessel,238029640
/vessels/details/238294240,BELLISSIMA,Passenger ship,238294240
/vessels/details/238002710,NO LIMIT II,Pleasure craft,238002710
/vessels/details/238613640,PLOVPUT 3,Other type,238613640
/vessels/details/238125140,ZADAR PILOT 1,Pilot,238125140
/vessels/details/238433240,1594 ST,Pilot,238433240
/vessels/details/238232000,SAGITTA ALBA,Pleasure craft,238232000
/vessels/details/238724140,EXCELLENCE NERA,Passenger ship,238724140
/vessels/details/238551387,FRANKO,Unknown,238551387
/vessels/details/238434440,JALUCA,Pleasure craft,238434440
/vessels/details/238681740,CARIBBEAN,Sailing vessel,238681740
/vessels/details/238589140,SCHATZI,Pleasure craft,238589140
/vessels/details/238401440,ATLANTEL,Fishing vessel,238401440
/vessels/details/238647940,GIB,Sailing vessel,238647940
/vessels/details/238465740,ARETHA,Passenger ship,238465740
/vessels/details/238679340,KRALJICA JELENA,Passenger ship,238679340
/vessels/details/238042010,BUBBLES,Sailing vessel,238042010
/vessels/details/238158640,IBIS,Sailing vessel,238158640
/vessels/details/238123456,MAMA MIA 3,Pleasure craft,238123456
/vessels/details/238389640,SV BERNARD,HSC,238389640
/vessels/details/238070710,CLOUD 9,Pleasure craft,238070710
/vessels/details/238251640,AMARENA,Pleasure craft,238251640
/vessels/details/238657540,ROMANA III,Sailing vessel,238657540
/vessels/details/238967340,RH2ZD,SAR,238967340
/vessels/details/238874140,LINDA,Passenger ship,238874140
/vessels/details/238727640,ARTEMIS,Sailing vessel,238727640
/vessels/details/238381540,KOZJAK,Other type,238381540
/vessels/details/238152010,ARETIS,Passenger ship,238152010
/vessels/details/238198140,KARISMA,Passenger ship,238198140
/vessels/details/238562640,BATINA,Cargo ship,238562640
/vessels/details/238359840,FLYING HORST,Sailing vessel,238359840
/vessels/details/238837740,HABIBI,Sailing vessel,238837740
/vessels/details/238997540,JADRAN1,Unknown (HAZ-C),238997540
/vessels/details/238117510,ZARATHUSTRA,Sailing vessel,238117510
/vessels/details/238680040,MUCHO,Fishing vessel,238680040
/vessels/details/238305140,IL MARE,Passenger ship,238305140
/vessels/details/238562040,BLACK SWAN,Pleasure craft,238562040
/vessels/details/238382640,GRACE,Pleasure craft,238382640
/vessels/details/238400640,KRAPLJUN,Unknown,238400640
/vessels/details/238098040,GIDEON,Pleasure craft,238098040
/vessels/details/238669140,VABAC,Fishing vessel,238669140
/vessels/details/238300040,MOONLIGHT,Passenger ship,238300040
/vessels/details/238493640,ADRIATIC SUN,Passenger ship,238493640
/vessels/details/238757840,NOMAD,Sailing vessel,238757840
/vessels/details/238133110,AMELICOR SOLO SAILOR,Sailing vessel,238133110
/vessels/details/238123840,MARTIN,Fishing vessel,238123840
/vessels/details/238491640,PHOENIX 72,Passenger ship,238491640
/vessels/details/238792340,ALOHA I KE KAI,Sailing vessel,238792340
/vessels/details/238441640,ASTRID,Sailing vessel,238441640
/vessels/details/238325940,LARUS,Sailing vessel,238325940
/vessels/details/238485940,FELICITA,Pleasure craft,238485940
/vessels/details/238147110,PRINCESS KARLA,Sailing vessel,238147110
/vessels/details/238605540,BELLA ZIO,Pleasure craft,238605540
/vessels/details/238208640,DOMINIQUE,Pleasure craft,238208640
/vessels/details/238963340,EVA,Fishing vessel,238963340
/vessels/details/238173740,KAPETAN MRS,Cargo ship,238173740
/vessels/details/238388740,MAMAMIA,Pleasure craft,238388740
/vessels/details/238026510,FIFTY FIFTY,Pleasure craft,238026510
/vessels/details/238963140,ALBATROS MALI,Fishing vessel,238963140
/vessels/details/238555640,FUTURA,Passenger ship,238555640
/vessels/details/238708440,DASHA,Sailing vessel,238708440
/vessels/details/238632740,SIBENIK PILOT 1589SB,Pilot,238632740
/vessels/details/238479240,ISABELLE,Sailing vessel,238479240
/vessels/details/238076510,L ALBA,Fishing vessel,238076510
/vessels/details/238411140,SEA BREEZE,Sailing vessel,238411140
/vessels/details/238096540,NEREIDE,Pleasure craft,238096540
/vessels/details/238896140,ZVIJEZDICA,Fishing vessel,238896140
/vessels/details/238000000,TRITON,Pleasure craft,238000000
/vessels/details/238625040,LA DAMA MI BORTE 2,Unknown,238625040
/vessels/details/238250840,MATEA,Pleasure craft,238250840
/vessels/details/238927040,BOOGIE WOOGIE,Sailing vessel,238927040
/vessels/details/238610610,LYNX,Sailing vessel,238610610
/vessels/details/238150240,BELUGA,Sailing vessel,238150240
/vessels/details/238498240,PRINCESS,Passenger ship,238498240
/vessels/details/238085240,ARIA,Passenger ship,238085240
/vessels/details/238483940,SIMULL,Pleasure craft,238483940
/vessels/details/238108840,TAMARA II,Pleasure craft,238108840
/vessels/details/238386940,SERENITY,Sailing vessel,238386940
/vessels/details/238441540,ALDEBARAN,Unknown,238441540
/vessels/details/238399040,MANIA PLANET,Sailing vessel,238399040
/vessels/details/238126910,SOLOMAR,Pleasure craft,238126910
/vessels/details/238042140,SENZA PAROLE,Pleasure craft,238042140
/vessels/details/238103610,HONEYBIRD,Sailing vessel,238103610
/vessels/details/238339840,BAGIRA,Sailing vessel,238339840
/vessels/details/238853440,MARE TIEMPO,Pleasure craft,238853440
/vessels/details/238415140,MIRA CARIBA,Sailing vessel,238415140
/vessels/details/238033840,WHITE BIRD,Sailing vessel,238033840
/vessels/details/238089240,KAMPA,Sailing vessel,238089240
/vessels/details/238789040,ALBA,Pleasure craft,238789040
/vessels/details/238076140,BOSTON,Unknown,238076140
/vessels/details/238922240,GALATA,Sailing vessel,238922240
/vessels/details/238599440,WOODY RIJEKA,Pleasure craft,238599440
/vessels/details/238328440,AVANGARD,Passenger ship,238328440
/vessels/details/238610140,FOLLOW YOUR DREAM,Sailing vessel,238610140
/vessels/details/238102110,ANJUMI,Pleasure craft,238102110
/vessels/details/238481440,MINEIRA,Pleasure craft,238481440
/vessels/details/238373640,SEA DWELLER,Sailing vessel,238373640
/vessels/details/238632710,SIBENIK,SAR,238632710
/vessels/details/238291140,ESTHERA,Sailing vessel,238291140
/vessels/details/238284140,COCO JUMBO,Sailing vessel,238284140
/vessels/details/238084510,SV DISONESTO,Sailing vessel,238084510
/vessels/details/238221440,SIBENIK PILOT 1415SB,Unknown,238221440
/vessels/details/238453940,HASTA LA VISTA,Sailing vessel,238453940
/vessels/details/238316240,MAUROS,Fishing vessel,238316240
/vessels/details/238759240,NINOA,Pleasure craft,238759240
/vessels/details/238111610,LOTTI,Sailing vessel,238111610
/vessels/details/238104710,FILIPA,Fishing vessel,238104710
/vessels/details/238438640,LONG ISLAND,Sailing vessel,238438640
/vessels/details/238156440,SV.ROK,Law enforcment,238156440
/vessels/details/238225140,OPAL,Pleasure craft,238225140
/vessels/details/238634040,NOV0042020,Fishing vessel,238634040
/vessels/details/238026910,HANSELLI,Sailing vessel,238026910
/vessels/details/238320140,CAVTAT,SAR,238320140
/vessels/details/238038610,BILLY OCEAN,Pleasure craft,238038610
/vessels/details/238108040,RELAX OF CROATIA,Pleasure craft,238108040
/vessels/details/238027940,TORNADO,Fishing vessel,238027940
/vessels/details/238181540,VAR,Sailing vessel,238181540
/vessels/details/238351640,AVANTURA,Passenger ship,238351640
/vessels/details/238706640,BARMALEY,Sailing vessel,238706640
/vessels/details/238151240,PANDORA I,Sailing vessel,238151240
/vessels/details/238905940,SOL,Pleasure craft,238905940
/vessels/details/238085340,CARPE DIEM,Passenger ship,238085340
/vessels/details/238469140,MASKE,Pleasure craft,238469140
/vessels/details/238022640,ALESSANDRO 1,Sailing vessel,238022640
/vessels/details/238496540,MAMA MARIJA,Passenger ship,238496540
/vessels/details/238104440,CCG OOB-31 OMIS,SAR,238104440
/vessels/details/238449940,PRESIDENT,Passenger ship,238449940
/vessels/details/238046840,JOKALE,Sailing vessel,238046840
/vessels/details/238764640,AURORA,Pleasure craft,238764640
/vessels/details/238589740,AQUAMARINE,Sailing vessel,238589740
/vessels/details/238198440,VISKO,Unknown,238198440
/vessels/details/238625840,PARADIS,Passenger ship,238625840
/vessels/details/238849040,AGORA,Pleasure craft,238849040
/vessels/details/238375740,MORE AMORE,Unknown,238375740
/vessels/details/238181440,184 SR,Fishing vessel,238181440
/vessels/details/238624840,DOLCE VITA I,Unknown,238624840
/vessels/details/238047140,GAME ON,Fishing vessel,238047140
/vessels/details/238721140,GAJA,Pleasure craft,238721140
/vessels/details/238023540,AMIGO,Pleasure craft,238023540
/vessels/details/238417740,KATUN,Fishing vessel,238417740
/vessels/details/238092540,MANCI,Sailing vessel,238092540
/vessels/details/238096840,ZARA,Sailing vessel,238096840
/vessels/details/238538940,ABANEA,Sailing vessel,238538940
/vessels/details/238396340,NAUTILUS,Passenger ship,238396340
/vessels/details/238051000,OVER THE MOON,Pleasure craft,238051000
/vessels/details/238885440,KARIZMA,Pleasure craft,238885440
/vessels/details/238162240,KUNJKA,Fishing vessel,238162240
/vessels/details/238163340,STRELICA,Fishing vessel,238163340
/vessels/details/238025000,KAZKA,Sailing vessel,238025000
/vessels/details/238774640,FREE FLOW,Sailing vessel,238774640
/vessels/details/238907540,AURUM,Pleasure craft,238907540
/vessels/details/238124640,RAKOLULU,Sailing vessel,238124640
/vessels/details/238095740,SUMMER MAGIC,Pleasure craft,238095740
/vessels/details/238317140,SVETI ROKO,Fishing vessel,238317140
/vessels/details/238629040,NJIFA,Unknown,238629040
/vessels/details/238633240,ELINE,Sailing vessel,238633240
/vessels/details/238003140,ATLANTIC,Passenger ship,238003140
/vessels/details/238627640,RARA AVIS,Pleasure craft,238627640
/vessels/details/238801703,88017-03-74,Unknown,238801703
/vessels/details/8569399,AZZURRO,Passenger Ship,8569399
/vessels/details/238479840,JUST4FUN,Sailing vessel,238479840
/vessels/details/238073310,PURA VIDA,Sailing vessel,238073310
/vessels/details/238122110,MAE FEE,Pleasure craft,238122110
/vessels/details/238024510,TRI-WING,Sailing vessel,238024510
/vessels/details/238307712,83077-12-94,Unknown,238307712
/vessels/details/238887806,88878-6-82,Unknown,238887806
/vessels/details/238332540,LINAHANNA II,Pleasure craft,238332540
/vessels/details/8698451,ATLANTIC,Passenger Ship,8698451
/vessels/details/238149210,BLISS,Sailing vessel,238149210
/vessels/details/9818589,KARIZMA,Passenger Ship,9818589
/vessels/details/238619840,CETO,Unknown,238619840
/vessels/details/238526540,PINOT I,Pleasure craft,238526540
/vessels/details/238746240,GAJ,Tanker,238746240
/vessels/details/238009010,UNAVAILABLE,Pleasure craft,238009010
/vessels/details/238257640,COPA BRASIL,Sailing vessel,238257640
/vessels/details/238228940,MON AMI,Pleasure craft,238228940
/vessels/details/238134010,FRIZZANTINO,Pleasure craft,238134010
/vessels/details/238801704,88017-04-41,Unknown,238801704
/vessels/details/238213340,BOGATYR,Pleasure craft,238213340
/vessels/details/238297540,NADA,Sailing vessel,238297540
/vessels/details/238800112,SUQIYU02388-112-70,Unknown,238800112
/vessels/details/238305803,ZHELINGYU83058-3-93,Unknown,238305803
/vessels/details/238403140,FRANKFURT,Unknown,238403140
/vessels/details/238674540,MALI HAVANA,Sailing vessel,238674540
/vessels/details/238425340,LA DIGUE,Unknown,238425340
/vessels/details/238464240,MAJESTIC,Sailing vessel,238464240
/vessels/details/238110410,ZINFANDEL,Pleasure craft,238110410
/vessels/details/238624440,ZEPHYRUS,Sailing vessel,238624440
/vessels/details/238101802,81018-2-94,Unknown,238101802
/vessels/details/238857813,LU88578-13-74,Unknown,238857813
/vessels/details/238681940,ALLEGRA,Pleasure craft,238681940
/vessels/details/238097140,RED TWIN 2,Pleasure craft,238097140
/vessels/details/8773378,GIRA 1,Fishing Vessel,8773378
/vessels/details/238024240,ADRIATIC FALCON,Pleasure craft,238024240
/vessels/details/238061840,MIU MIU,Sailing vessel,238061840
/vessels/details/238808205,88082-5-81,Unknown,238808205
/vessels/details/238141710,ACA MAR,Sailing vessel,238141710
/vessels/details/238889204,88892-4 90,Unknown,238889204
/vessels/details/238800101,SUQIYU02388-101-23,Unknown,238800101
/vessels/details/238307931,83079-31-69,Unknown,238307931
/vessels/details/238084910,RH291046PU,SAR,238084910
/vessels/details/238009801,80098-1-99,Unknown,238009801
/vessels/details/238533640,VICTORIA,Pleasure craft,238533640
/vessels/details/238635440,DUBROVNIK,Sailing vessel,238635440
/vessels/details/238534740,MUSULA,Unknown,238534740
/vessels/details/238146510,SERENITY I,Sailing vessel,238146510
/vessels/details/9842449,ADRIATIC PRINCESS,Passenger Ship,9842449
/vessels/details/238009840,LIBERTY II,Pleasure craft,238009840
/vessels/details/9862396,RARA AVIS,Yacht,9862396
/vessels/details/238269140,RIBICA,Pleasure craft,238269140
/vessels/details/9956109,JIANGSU NEW HANTONG HT82-279,Bulk Carrier,9956109
/vessels/details/238153540,56-TG,Fishing vessel,238153540
/vessels/details/238508140,CALANTHE,Sailing vessel,238508140
/vessels/details/238306375,83063-75-99,Unknown,238306375
/vessels/details/238098210,TIGA SOLE,Pleasure craft,238098210
/vessels/details/238972240,POLUS,Fishing vessel,238972240
/vessels/details/238579644,1,Cargo ship,238579644
/vessels/details/238003240,SAIL AND TRAVEL,Sailing vessel,238003240
/vessels/details/238065340,TWIN ELLI,Pleasure craft,238065340
/vessels/details/238805240,VIS 2,Sailing vessel,238805240
/vessels/details/238794340,CIELITO LINDO,Sailing vessel,238794340
/vessels/details/238131810,PEPPER,Sailing vessel,238131810
/vessels/details/8684199,KAMELIJA,Passenger Ship,8684199
/vessels/details/238850140,CIGALA II,Pleasure craft,238850140
/vessels/details/238408340,MANTA ONE,Sailing vessel,238408340
/vessels/details/238808206,88082-6-99,Unknown,238808206
/vessels/details/238305802,ZHELINGYU83058-2-99,Unknown,238305802
/vessels/details/238629540,MARINO,Unknown,238629540
/vessels/details/238172410,TRANQUILLITY II,Pleasure craft,238172410
/vessels/details/238170240,TREBENNA,Passenger ship,238170240
/vessels/details/238097110,Z6 DOLCEVITA,Unknown,238097110
/vessels/details/238063902,2881-293,Unknown,238063902
/vessels/details/238527240,NAUTA,Pleasure craft,238527240
/vessels/details/238607540,SY NORTON STORM,Pleasure craft,238607540
/vessels/details/238797240,MAGNUM,Unknown,238797240
/vessels/details/238560019,23856-19,Unknown,238560019
/vessels/details/238150040,CODE X SAILING,Sailing vessel,238150040
/vessels/details/238023610,AMADOU II,Sailing vessel,238023610
/vessels/details/238699140,YAM,Unknown,238699140
/vessels/details/238139910,LITTLE BLUE,Sailing vessel,238139910
/vessels/details/238810140,BELLATRIX,Sailing vessel,238810140
/vessels/details/9939747,ADRIATIC KING,Passenger (Cruise) Ship,9939747
/vessels/details/238800006,NET23880-6-72,Unknown,238800006
/vessels/details/238307705,83077-5-77,Unknown,238307705
/vessels/details/238104210,BARBARA,Pleasure craft,238104210
/vessels/details/238490140,PANGU,Pleasure craft,238490140
/vessels/details/238426340,ALLEGRO,Pleasure craft,238426340
/vessels/details/238379240,GREAT SALSA,Sailing vessel,238379240
/vessels/details/238240111,04238-11-80,Unknown,238240111
/vessels/details/238000240,KORA,Sailing vessel,238000240
/vessels/details/238729440,ADVENTURE,Unknown,238729440
/vessels/details/238289840,WHATEVER,Sailing vessel,238289840
/vessels/details/238772840,PILOT BOAT,Unknown,238772840
/vessels/details/238804140,JANA,Pleasure craft,238804140
/vessels/details/238862807,56052-15-46,Unknown,238862807
/vessels/details/238215359,LIN21535-9-91,Unknown,238215359
/vessels/details/238306315,83063-15-80,Unknown,238306315
/vessels/details/8566957,BELLEZZA,Passenger (Cruise) Ship,8566957
/vessels/details/238882740,SAURON,Pleasure craft,238882740
/vessels/details/238535210,275 DB,Fishing vessel,238535210
/vessels/details/238560024,23856-24,Unknown,238560024
/vessels/details/9938224,ANTHEA,Passenger (Cruise) Ship,9938224
/vessels/details/238451640,MARIJA,Unknown,238451640
/vessels/details/9932593,ADRIATIC BLUE,Passenger Ship,9932593
/vessels/details/9902342,LADY GITA,Yacht,9902342
/vessels/details/9855123,AQUAMARIN,Passenger Ship,9855123
/vessels/details/238147210,RELAX,Sailing vessel,238147210
/vessels/details/238316740,ABBA,Pleasure craft,238316740
/vessels/details/9844473,ADRIS,Passenger Ship,9844473
/vessels/details/238014440,MALI BRIJUN,Passenger ship,238014440
/vessels/details/238203440,IVAN,Fishing vessel,238203440
/vessels/details/238797989,MINPUYU10656-10,Unknown,238797989
/vessels/details/238392940,DAY DREAM,Sailing vessel,238392940
/vessels/details/238006881,JIAO ZHUA 115,Dredging or UW ops,238006881
/vessels/details/9927914,VOYAGE,Passenger Ship,9927914
/vessels/details/8691362,AURORA,Passenger Ship,8691362
/vessels/details/238769340,SIZZLE,Sailing vessel,238769340
/vessels/details/8532140,BAN,Passenger Ship,8532140
/vessels/details/238565440,UNAVAILABLE,Pleasure craft,238565440
/vessels/details/238054510,MARACAS,Sailing vessel,238054510
/vessels/details/238063905,2881-572,Unknown,238063905
/vessels/details/238143510,RH293580PU,SAR,238143510
/vessels/details/238063904,2881-499,Unknown,238063904
/vessels/details/238074240,KISERO,Pleasure craft,238074240
/vessels/details/238232640,NOMAD,Sailing vessel,238232640
/vessels/details/238900140,ZORANA,Fishing vessel,238900140
/vessels/details/238017140,170-KZ,Fishing vessel,238017140
/vessels/details/238012010,CATA DEL MAR,Pleasure craft,238012010
/vessels/details/238563140,FAROS,Sailing vessel,238563140
/vessels/details/238391540,PALAGRUZA,Pleasure craft,238391540
/vessels/details/238709800,MINPUYU05898-26-62,Unknown,238709800
/vessels/details/238800102,SUQIYU02388-102-80,Unknown,238800102
/vessels/details/238537240,MIKMAWI,Sailing vessel,238537240
/vessels/details/238043610,RENI,Sailing vessel,238043610
/vessels/details/238081710,PRIMUM,Pleasure craft,238081710
/vessels/details/238043840,SUNDANCE,Sailing vessel,238043840
/vessels/details/238889623,88896-B23-08,Unknown,238889623
/vessels/details/238011110,JAGODA - SOLO SAILOR,Unknown,238011110
/vessels/details/8524416,OLIMP,Passenger Ship,8524416
/vessels/details/9816127,ROMANTIC STAR,Passenger Ship,9816127
/vessels/details/1031915,ANETTA,Yacht,1031915
/vessels/details/6406672,SEZANA,General Cargo Ship,6406672
/vessels/details/238889206,ZHELUYU88892-6-53,Unknown,238889206
/vessels/details/238561140,LIPSI,Unknown,238561140
/vessels/details/238037140,TIGEER ROYALE,Pleasure craft,238037140
/vessels/details/238815440,AETEA,Pleasure craft,238815440
/vessels/details/238379540,DANA QUEEN,Sailing vessel,238379540
/vessels/details/238899902,ZHELUYU88999-2-98,Unknown,238899902
/vessels/details/238222205,BIAO 82222-05-80,Unknown,238222205
/vessels/details/238331840,SVETI ANTE,Fishing vessel,238331840
/vessels/details/238255640,ATHI,Sailing vessel,238255640
/vessels/details/238307724,83077-24-92,Unknown,238307724
/vessels/details/238806820,ZHELINGYU88068-20-,Unknown,238806820
/vessels/details/9863247,SOLARIS,Passenger Ship,9863247
/vessels/details/238216440,ALNILAM,Sailing vessel,238216440
/vessels/details/238294740,SERENDIPITY,Pleasure craft,238294740
/vessels/details/238308640,ATHENE,Sailing vessel,238308640
/vessels/details/238015510,MOMA,Pleasure craft,238015510
/vessels/details/238606440,KRISTINA I,Pleasure craft,238606440
/vessels/details/238090010,AMBITION,Pleasure craft,238090010
/vessels/details/9890501,ANTARIS,Passenger Ship,9890501
/vessels/details/238305805,ZHELINGYU83058-5-94,Unknown,238305805
/vessels/details/238798840,SYLT,Sailing vessel,238798840
/vessels/details/238527640,NEVA-X,Unknown,238527640
/vessels/details/238145210,CARAMITA,Sailing vessel,238145210
/vessels/details/238804940,DUGONG,Sailing vessel,238804940
/vessels/details/8970433,NAPREDAK II,Fishing Vessel,8970433
/vessels/details/9844485,ADRIATIC SUN,Passenger Ship,9844485
/vessels/details/238818807,YU 80278-39-77,Unknown,238818807
/vessels/details/238037540,BSO NOVOGRADNJA 541,Other type,238037540
/vessels/details/238066604,80666-4-99,Unknown,238066604
/vessels/details/238096810,ZEA,Sailing vessel,238096810
/vessels/details/238621440,EURUS,Unknown,238621440
/vessels/details/238240910,04238-10-89,Unknown,238240910
/vessels/details/238229940,MAXIMUS,Unknown,238229940
/vessels/details/238450940,TRINITY,Pleasure craft,238450940
/vessels/details/238163610,TRIGLIA,Fishing vessel,238163610
/vessels/details/238965406,6090 - 699,Unknown,238965406
/vessels/details/238131240,QUEEN B.,Sailing vessel,238131240
/vessels/details/238240104,04238-4-87,Unknown,238240104
/vessels/details/238486940,MAYA,Unknown,238486940
/vessels/details/238889207,88892-7-,Pleasure craft,238889207
/vessels/details/238501140,KIMON,Pleasure craft,238501140
/vessels/details/238035640,ARIEL,Pleasure craft,238035640
/vessels/details/238701140,38 HV,Fishing vessel,238701140
/vessels/details/238043910,OCTOBER,Sailing vessel,238043910
/vessels/details/238449440,ATALANTA,Pleasure craft,238449440
/vessels/details/238521240,HERA STAR,Sailing vessel,238521240
/vessels/details/238750140,SANTA LUCIA 62,Unknown,238750140
/vessels/details/6406696,BOK,Water Tanker,6406696
/vessels/details/238776540,INVICTUS,Pleasure craft,238776540
/vessels/details/238126010,SIMBA,Pleasure craft,238126010
/vessels/details/238031810,UNAVAILABLE,Pleasure craft,238031810
/vessels/details/238383840,MRVICA,Pleasure craft,238383840
/vessels/details/238585140,CALYPSO,Sailing vessel,238585140
/vessels/details/238300840,MALA NEVINA,Sailing vessel,238300840
/vessels/details/9844447,IL MARE,Passenger (Cruise) Ship,9844447
/vessels/details/238850240,OSIJEK,Dredging or UW ops,238850240
/vessels/details/238543340,BESSTRASHNY,Pleasure craft,238543340
/vessels/details/238076040,MARTINIS MARCHI 1,Pleasure craft,238076040
/vessels/details/238036210,HANNA,Sailing vessel,238036210
/vessels/details/238104410,TABIT,Pleasure craft,238104410
/vessels/details/238307702,83077-2-66,Unknown,238307702
/vessels/details/238446840,AMAZON,Sailing vessel,238446840
/vessels/details/238162610,ALBA,Unknown,238162610
/vessels/details/238012940,ROXANNE,Unknown,238012940
/vessels/details/238015110,COSMO,Pleasure craft,238015110
/vessels/details/238076610,BENDO,Fishing vessel,238076610
/vessels/details/238027440,SABA 50N12,Sailing vessel,238027440
/vessels/details/9715983,BRODOSPLIT 477,Container Ship,9715983
/vessels/details/238961454,00087-2-80,Unknown,238961454
/vessels/details/238312740,PEGASUS,Sailing vessel,238312740
/vessels/details/238692360,SVEZI JUNAM,Cargo ship,238692360
/vessels/details/1031379,NOCTURNO,Yacht,1031379
/vessels/details/238560026,23856-26,Unknown,238560026
/vessels/details/238804440,FRIENDS,Sailing vessel,238804440
/vessels/details/238708340,SONJA,Sailing vessel,238708340
/vessels/details/238887807,88878-7 90,Unknown,238887807
/vessels/details/238096040,66-KZ,Fishing vessel,238096040
/vessels/details/238155340,DORSI II,Unknown,238155340
/vessels/details/238218040,ZELJKO RAGUZ,Law enforcment,238218040
/vessels/details/238740640,LIBERTY,Sailing vessel,238740640
/vessels/details/238800108,SUQIYU02388-108-83,Unknown,238800108
/vessels/details/238240540,MAORO,Pleasure craft,238240540
/vessels/details/238889612,88896-12A-SOS,Unknown,238889612
/vessels/details/238815509,BIAO 88155-9-86,Unknown,238815509
/vessels/details/238307721,83077-21-84,Unknown,238307721
/vessels/details/238222222,TEST,Tanker,238222222
/vessels/details/238665840,VIZA,Sailing vessel,238665840
/vessels/details/238024810,JULU,Sailing vessel,238024810
/vessels/details/8773653,RE DI MARE,Yacht,8773653
/vessels/details/8690655,ANDELA LORA,Passenger Ship,8690655
/vessels/details/238307718,83077-18-92,Unknown,238307718
/vessels/details/238885940,TAJNA,Unknown,238885940
/vessels/details/238819805,88198-5-60,Unknown,238819805
/vessels/details/238130610,VERA,Sailing vessel,238130610
/vessels/details/238231140,15RG,Fishing vessel,238231140
/vessels/details/238067240,ADEST,Other type,238067240
/vessels/details/238306303,83063-03-99,Unknown,238306303
/vessels/details/238582040,LOLA LUNA LJ,Pleasure craft,238582040
/vessels/details/238765340,OPEN OFFICE,Pleasure craft,238765340
/vessels/details/238047000,AQUANIMITY,Sailing vessel,238047000
/vessels/details/238982610,KRAPANJ,Law enforcment,238982610
/vessels/details/238152440,FUTUNA FA,Sailing vessel,238152440
/vessels/details/238912240,BLUE FILOU,Unknown,238912240
/vessels/details/6619803,SLAVEN,Oil Products Tanker,6619803
/vessels/details/238819811,04083-18-85,Unknown,238819811
/vessels/details/238532740,SY IVETT,Sailing vessel,238532740
/vessels/details/238979212,PENGHU53268,Fishing vessel,238979212
/vessels/details/238409040,SAGA,Pleasure craft,238409040
/vessels/details/238773840,ALOHA,Sailing vessel,238773840
/vessels/details/238026505,80265-5-,Unknown,238026505
/vessels/details/238792840,CARPE DIEM,Sailing vessel,238792840
/vessels/details/238027110,BUBBLES UP,Pleasure craft,238027110
/vessels/details/238009510,APOLLO,Pleasure craft,238009510
/vessels/details/238429140,MAMA ISI,Unknown,238429140
/vessels/details/238896040,MORSKI GALEB,Fishing vessel,238896040
/vessels/details/238801740,BLACK PANTHER,Unknown,238801740
/vessels/details/238560011,23856-11,Unknown,238560011
/vessels/details/238499640,SISI,Sailing vessel,238499640
/vessels/details/238103810,BAGHIRA,Sailing vessel,238103810
/vessels/details/238333940,ALLEGRO,Sailing vessel,238333940
/vessels/details/238541840,MODRULJ 4,Law enforcment,238541840
/vessels/details/238240117,04238-17-99,Unknown,238240117
/vessels/details/238152240,BOLUBO,Sailing vessel,238152240
/vessels/details/238618940,CCG MODRULJ2,Pleasure craft,238618940
/vessels/details/238759340,NO WORRIES,Pleasure craft,238759340
/vessels/details/238057210,CANIS II,Unknown,238057210
/vessels/details/238351540,ILONKA,Sailing vessel,238351540
/vessels/details/238074210,YUME,Other type,238074210
/vessels/details/238154340,HAPPINESS,Sailing vessel,238154340
/vessels/details/1131454,NOIR,Passenger Ship,1131454
/vessels/details/7304479,CARIC,General Cargo Ship,7304479
/vessels/details/238075510,FRANKO III,Unknown,238075510
/vessels/details/238952360,VERUNA,Cargo ship,238952360
/vessels/details/238079910,PLOVPUT VELI RAT,Other type,238079910
/vessels/details/238320340,RTOP11,Military ops,238320340
/vessels/details/238950440,LAUGHING WATER,Sailing vessel,238950440
/vessels/details/238307706,83077-6-80,Unknown,238307706
/vessels/details/238816801,88168-1-48,Unknown,238816801
/vessels/details/238066510,IMPROVIZA,Pleasure craft,238066510
/vessels/details/9866847,MY WAY,Passenger (Cruise) Ship,9866847
/vessels/details/9893527,MARKAN,Passenger (Cruise) Ship,9893527
/vessels/details/8690667,ZARAMARIS,Passenger Ship,8690667
/vessels/details/238077703,80777-3- 7V8,Unknown,238077703
/vessels/details/238217219,LIN21721-9-99,Unknown,238217219
/vessels/details/238808802,88088-2-51,Unknown,238808802
/vessels/details/8690679,LIBERTY,Passenger Ship,8690679
/vessels/details/238056810,288854NO,Unknown,238056810
/vessels/details/238346040,NASHIRA,Sailing vessel,238346040
/vessels/details/238366940,DRAGONFLY,Pleasure craft,238366940
/vessels/details/8034942,GAZENICE,Passenger/Ro-Ro Cargo Ship,8034942
/vessels/details/238657040,BAHIA SERENA,Sailing vessel,238657040
/vessels/details/238019710,INSIEME,Sailing vessel,238019710
/vessels/details/8684254,OLMISSUM,Passenger Ship,8684254
/vessels/details/238523640,MULHACEN,Pleasure craft,238523640
/vessels/details/238077701,80777-1-94,Unknown,238077701
/vessels/details/238522140,ANNAVERA,Unknown,238522140
/vessels/details/9906192,ALFA MARIO,Passenger (Cruise) Ship,9906192
/vessels/details/238446440,ORINOCO,Unknown,238446440
/vessels/details/238091010,ELIZABETH,Sailing vessel,238091010
/vessels/details/238133910,VENICE II,Sailing vessel,238133910
/vessels/details/238656781,XINHAI5-1-90,Unknown,238656781
/vessels/details/238856340,BANGA,Sailing vessel,238856340
/vessels/details/238975440,SUPIN,Passenger ship,238975440
/vessels/details/238001468,2881-14-10,Unknown,238001468
/vessels/details/238560012,23856-12,Unknown,238560012
/vessels/details/238560025,23856-25,Unknown,238560025
/vessels/details/238749340,MALAVI,Pleasure craft,238749340
/vessels/details/238061310,JANKA,Pleasure craft,238061310
/vessels/details/238002810,RUBY TOO,Sailing vessel,238002810
/vessels/details/238150640,SEA MARLIN,Sailing vessel,238150640
/vessels/details/238001465,2881-11-93,Unknown,238001465
/vessels/details/7634616,NEMIRNA,Fishing Vessel,7634616
/vessels/details/238443840,ALYSS,Pleasure craft,238443840
/vessels/details/238063901,2881-178,Unknown,238063901
/vessels/details/238533340,AUSZEIT,Unknown,238533340
/vessels/details/238002310,ODIN,Sailing vessel,238002310
/vessels/details/238120210,CT270920 REGINA,Pleasure craft,238120210
/vessels/details/6613598,BIBE,Fishing Vessel,6613598
/vessels/details/9906178,MY WISH,Passenger (Cruise) Ship,9906178
/vessels/details/1016446,MEMORIES,Passenger Ship,1016446
/vessels/details/238182540,TIRIL,Sailing vessel,238182540
/vessels/details/238713640,FELLOW 3,Unknown,238713640
/vessels/details/238003310,AMPARITO V,Pleasure craft,238003310
/vessels/details/238213040,COASTWORKER 1418-PU,Fishing vessel,238213040
/vessels/details/238356140,RICKY B II,Pleasure craft,238356140
/vessels/details/238646440,BATT,Law enforcment,238646440
/vessels/details/9866859,CRISTAL,Passenger (Cruise) Ship,9866859
/vessels/details/238522840,KRISALYS,Sailing vessel,238522840
/vessels/details/9925057,MALI BRIJUN,Passenger Ship,9925057
/vessels/details/238800114,SUQIYU02388-114-86,Unknown,238800114
/vessels/details/238066410,PUSS IN BOOTS,Pleasure craft,238066410
/vessels/details/238099910,BAYCAT,Unknown,238099910
/vessels/details/238385940,FAMILY 2.0,Pleasure craft,238385940
/vessels/details/8800858,OREB,Fishing Vessel,8800858
/vessels/details/238084240,16-KZ,Unknown,238084240
/vessels/details/238004740,103152-VD BABA MARE,Unknown,238004740
/vessels/details/238101210,OCEAN ALLURE,Sailing vessel,238101210
/vessels/details/238853840,TIGA VERDE,Sailing vessel,238853840
/vessels/details/238229053,DAI LOI 38 B 7,Cargo ship,238229053
/vessels/details/238696456,SVEI DUNAM,Cargo ship,238696456
/vessels/details/8657287,LUNA,Passenger Ship,8657287
/vessels/details/8969745,NONA MILKA,Fishing Vessel,8969745
/vessels/details/238143710,SUNRISE,Sailing vessel,238143710
/vessels/details/238725540,LA VIE EST BELLE,Sailing vessel,238725540
/vessels/details/238863040,ZVIJEZDA,Fishing vessel,238863040
/vessels/details/238353640,MY ELFRI III,Sailing vessel,238353640
/vessels/details/238689216,VINJERAC,Tanker (HAZ-D),238689216
/vessels/details/238033640,IVORY,Pleasure craft,238033640
/vessels/details/238045840,MANDALAY,Sailing vessel,238045840
/vessels/details/238790640,ALGOL,Sailing vessel,238790640
/vessels/details/238969910,89699-10-96,Unknown,238969910
/vessels/details/9818694,ESPERANZA,Passenger Ship,9818694
/vessels/details/238086640,FIRST KISS,Sailing vessel,238086640
/vessels/details/238137410,FUNK,Pleasure craft,238137410
/vessels/details/238383640,SILVER ARROW 001,Pleasure craft,238383640
/vessels/details/238285040,215-KZ,Unknown,238285040
/vessels/details/238220128,01851-27-94,Unknown,238220128
/vessels/details/238333340,379-HV ODISSEY,Unknown,238333340
/vessels/details/238808222,88082-22-82,Unknown,238808222
/vessels/details/238813040,ANIELA,Sailing vessel,238813040
/vessels/details/238800105,SUHAIANYU00156-11,Unknown,238800105
/vessels/details/238812101,80555-4-47,Unknown,238812101
/vessels/details/238219998,LIN21999-8-98,Unknown,238219998
/vessels/details/238024710,CANCELLI,Pleasure craft,238024710
/vessels/details/238758740,SILICIA,Sailing vessel,238758740
/vessels/details/238685540,ALPHA CENTAURI 1,Pleasure craft,238685540
/vessels/details/238233136,01851-26-86,Unknown,238233136
/vessels/details/238117410,ANKOLINA,Pleasure craft,238117410
/vessels/details/238128810,KRISTIAN,Fishing vessel,238128810
/vessels/details/238107340,ELEKTRA,Sailing vessel,238107340
/vessels/details/238796340,WINK,Sailing vessel,238796340
/vessels/details/238027010,SPEZIELLI,Sailing vessel,238027010
/vessels/details/238000110,PAPRA,Unknown,238000110
/vessels/details/238602303,BIAO 86023-3-92,Unknown,238602303
/vessels/details/238005710,SOLEIL,Unknown,238005710
/vessels/details/238800117,SUQIYU02388-117-91,Unknown,238800117
/vessels/details/238053000,INGRID,Sailing vessel,238053000
/vessels/details/6711807,BRILJANT,Fishing Vessel,6711807
/vessels/details/238108108,81081-8-73,Unknown,238108108
/vessels/details/238171540,ZEUS,Fishing vessel,238171540
/vessels/details/238855140,POSEIDON,Pleasure craft,238855140
/vessels/details/238889622,88896-B22-01,Unknown,238889622
/vessels/details/9909259,SON DE MAR,Yacht,9909259
/vessels/details/238307711,83077-11-99,Unknown,238307711
/vessels/details/238698340,KALEA,Unknown,238698340
/vessels/details/8698827,KLEOPATRA,Passenger Ship,8698827
/vessels/details/238760240,BLACE,Cargo ship,238760240
/vessels/details/9817066,APOLON,Passenger Ship,9817066
/vessels/details/238855502,ZHELUYU88555-2-58,Unknown,238855502
/vessels/details/9839325,DESIRE,Passenger Ship,9839325
/vessels/details/238807740,DOUBLE MEMORY,Pleasure craft,238807740
/vessels/details/238222214,BIAO 82222-14-91,Unknown,238222214
/vessels/details/238752340,220KZ,Fishing vessel,238752340
/vessels/details/7708003,PELAGOS V,Fishing Support Vessel,7708003
/vessels/details/1035301,SCORPIOS,Yacht,1035301
/vessels/details/238817840,LUFI 3,Unknown,238817840
/vessels/details/238881818,88818-18-21,Unknown,238881818
/vessels/details/9906130,SUMMER,Passenger (Cruise) Ship,9906130
/vessels/details/238883440,FRATAR,Pleasure craft,238883440
/vessels/details/238052940,189 KZ KUKI,Fishing vessel,238052940
/vessels/details/238113610,FELIS,Sailing vessel,238113610
/vessels/details/238547240,AMFITRITE,Sailing vessel,238547240
/vessels/details/238145600,A6NNQCH75D1AN.LSO,Other type,238145600
/vessels/details/238532040,MERLOT,Sailing vessel,238532040
/vessels/details/8869232,ANNA,Fishing Vessel,8869232
/vessels/details/238600005,2386 -05 36,Unknown,238600005
/vessels/details/238104340,TT MY BRAZIL,Pleasure craft,238104340
/vessels/details/238000810,BESTELLI,Pleasure craft,238000810
/vessels/details/9938236,MAMA MARIJA II,Passenger (Cruise) Ship,9938236
/vessels/details/238256240,BLUE C,Pleasure craft,238256240
/vessels/details/238440340,MIMI,Sailing vessel,238440340
/vessels/details/238269840,ESPRESSO,Pleasure craft,238269840
/vessels/details/238240114,04238-14-96,Unknown,238240114
/vessels/details/238518817,ZHELUYU85188-17-98,Unknown,238518817
/vessels/details/238272440,NADINE,Pleasure craft,238272440
/vessels/details/238150210,TIME BANDIT,Pleasure craft,238150210
/vessels/details/238035000,EASY RIDER,Sailing vessel,238035000
/vessels/details/6914526,PLANKTON,Tug,6914526
/vessels/details/238175540,LADY NOR,Sailing vessel,238175540
/vessels/details/238585040,FORTUNA PARK,HSC,238585040
/vessels/details/238860140,IRON MAN,Sailing vessel,238860140
/vessels/details/238501440,UM842,Pleasure craft,238501440
/vessels/details/238159740,ORION,Sailing vessel,238159740
/vessels/details/238806819,ZHELINGYU88068-19-,Unknown,238806819
/vessels/details/238326740,JONA 211ST,Fishing vessel,238326740
/vessels/details/238697440,FLYING DUTCHMAN,Pleasure craft,238697440
/vessels/details/238240913,04238-13-92,Unknown,238240913
/vessels/details/238560017,23856-17,Unknown,238560017
/vessels/details/238254240,ELEGANZA,Pleasure craft,238254240
/vessels/details/9242869,NOA,Fishing Vessel,9242869
/vessels/details/238988813,ZHELIN12983-11BB-,Unknown,238988813
/vessels/details/238017540,JAKI 58-KZ,Unknown,238017540
/vessels/details/238094940,PLIMA,Fishing vessel,238094940
/vessels/details/238605340,PAVANE,Sailing vessel,238605340
/vessels/details/238560014,23856-14,Unknown,238560014
/vessels/details/238282340,ELMAS,Sailing vessel,238282340
/vessels/details/8229781,NADA,Passenger Ship,8229781
/vessels/details/238109040,STARDUST 1,Sailing vessel,238109040
/vessels/details/238307936,83079-36-48,Unknown,238307936
/vessels/details/238756540,SEA STAR,Pleasure craft,238756540
/vessels/details/238801701,88017-01-49,Unknown,238801701
/vessels/details/238550240,HEAD FIRST,Sailing vessel,238550240
/vessels/details/238111140,CALIMA,Sailing vessel,238111140
/vessels/details/238478840,AURA,Unknown,238478840
/vessels/details/238018740,LUBINA,Sailing vessel,238018740
/vessels/details/8846436,TUNA,General Cargo Ship,8846436
/vessels/details/9955454,SYMPHONY,Passenger (Cruise) Ship,9955454
/vessels/details/238085110,JOLENE,Pleasure craft,238085110
/vessels/details/238122010,AVENTURA,Pleasure craft,238122010
/vessels/details/238787740,NIGHT ELLI,Pleasure craft,238787740
/vessels/details/9844459,MAMA MARIJA,Passenger (Cruise) Ship,9844459
/vessels/details/238325802,83258-2-66,Unknown,238325802
/vessels/details/238910946,MINPUYU55567A33-82,Unknown,238910946
/vessels/details/238233137,01851-30-85,Unknown,238233137
/vessels/details/238001466,2881-12-65,Unknown,238001466
/vessels/details/8215144,NEPTUN PRVI,Fishing Vessel,8215144
/vessels/details/238199240,JOSIP JOVIC,Law enforcment,238199240
/vessels/details/238801540,LUMA,Unknown,238801540
/vessels/details/9925382,MIRO,Passenger Ship,9925382
/vessels/details/238059010,T.T. MIKIL,Unknown,238059010
/vessels/details/238512040,MANTA RAY,Sailing vessel,238512040
/vessels/details/238235640,ASIA,Sailing vessel,238235640
/vessels/details/238811140,WINDRAUSCH,Pleasure craft,238811140
/vessels/details/238037810,SKY X,Sailing vessel,238037810
/vessels/details/238089010,BELUGA 156,Pleasure craft,238089010
/vessels/details/238062000,MILAGRO,Sailing vessel,238062000
/vessels/details/238000004,WANGBIAO238-4-75,Unknown,238000004
/vessels/details/238120940,BABAC,Pleasure craft,238120940
/vessels/details/238508040,GOSPOJA,Sailing vessel,238508040
/vessels/details/238066601,80666-1 80,Unknown,238066601
/vessels/details/238307708,83077-8-87,Unknown,238307708
/vessels/details/238216840,QUICK POINT,Pleasure craft,238216840
/vessels/details/238052310,EMOTION,Pleasure craft,238052310
/vessels/details/238560015,23856-15,Unknown,238560015
/vessels/details/238529840,SPORTSKI VUK 44,Sailing vessel,238529840
/vessels/details/9878216,CORSARIO,Yacht,9878216
/vessels/details/238971565,SYSSSA-1-61,Unknown,238971565
/vessels/details/238560020,23856-20,Unknown,238560020
/vessels/details/238139410,PELUSO 1,Pleasure craft,238139410
/vessels/details/238240901,04238-1-66,Unknown,238240901
/vessels/details/238063410,MY MAYA BAY,Pleasure craft,238063410
/vessels/details/238062210,NEGUINHA,Pleasure craft,238062210
/vessels/details/238662940,MISCHIEF,Sailing vessel,238662940
/vessels/details/238307703,83077-3-89,Unknown,238307703
/vessels/details/238045910,STAR OF THE SEAS IV,Pleasure craft,238045910
/vessels/details/238041310,DIGESTIUA,Pleasure craft,238041310
/vessels/details/238102910,MAJABELL 3,Unknown,238102910
/vessels/details/238120340,VITA,Unknown,238120340
/vessels/details/238009910,PANGEA,Pleasure craft,238009910
/vessels/details/238306377,83063-77-70,Unknown,238306377
/vessels/details/238229040,BAIO,Pleasure craft,238229040
/vessels/details/238566440,STREAM,Pleasure craft,238566440
/vessels/details/238240113,04238-13-47,Unknown,238240113
/vessels/details/9881316,MARITIMO,Passenger (Cruise) Ship,9881316
/vessels/details/8939908,KAPETAN MARIN,Fishing Vessel,8939908
/vessels/details/238881814,88818-14-92,Unknown,238881814
/vessels/details/238798940,THOR,Sailing vessel,238798940
/vessels/details/238622940,67-KZ,Unknown,238622940
/vessels/details/238487940,KATAJINA,Pleasure craft,238487940
/vessels/details/238201833,82018-33-85,Unknown,238201833
/vessels/details/238008840,RH 32 ZD - TAJER,HSC,238008840
/vessels/details/238698940,MERCURY,Sailing vessel,238698940
/vessels/details/9715971,BRODOSPLIT 476,Container Ship,9715971
/vessels/details/238014210,MISTRAL,Sailing vessel,238014210
/vessels/details/9878204,DALMATINO,Yacht,9878204
/vessels/details/238164310,MY WAY,Sailing vessel,238164310
/vessels/details/238046310,WOLF,Pleasure craft,238046310
/vessels/details/238693840,TMT,Pleasure craft,238693840
/vessels/details/238966840,MAGELLAN,Passenger ship,238966840
/vessels/details/8697201,PROVIDENCA,Passenger Ship,8697201
/vessels/details/238735540,METALIKA,Pleasure craft,238735540
/vessels/details/238472340,ODYSSEIA,Pleasure craft,238472340
/vessels/details/238102610,MASTERMIND II,Sailing vessel,238102610
/vessels/details/238596740,MARIA,Pleasure craft,238596740
/vessels/details/9982093,CLASE AZUL,Yacht,9982093
/vessels/details/8773639,ELIZABET,Passenger Ship,8773639
/vessels/details/238885640,UNAVAILABLE,Pleasure craft,238885640
/vessels/details/238487740,OLA ROUND ITALY RACE,Sailing vessel,238487740
/vessels/details/238350540,BAMBUCA,Fishing vessel,238350540
/vessels/details/238003540,LANA,Pleasure craft,238003540
/vessels/details/238802740,WE2,Pleasure craft,238802740
/vessels/details/238690216,VERUHA,Cargo ship,238690216
/vessels/details/238887801,88878-1-78,Unknown,238887801
/vessels/details/238708140,SOUND OF SILENCE,Sailing vessel,238708140
/vessels/details/238800104,SUQIYU02388-104-74,Unknown,238800104
/vessels/details/238169810,MR.J,Sailing vessel,238169810
/vessels/details/238532440,SERAFINA,Sailing vessel,238532440
/vessels/details/238819803,88198-3 50,Unknown,238819803
/vessels/details/238142010,KAIROS,Pleasure craft,238142010
/vessels/details/238082510,ADEO,Unknown,238082510
/vessels/details/238049910,TOPAZ,Unknown,238049910
/vessels/details/238054340,KALEA,Unknown,238054340
/vessels/details/238431240,BE FIRST,Sailing vessel,238431240
/vessels/details/238149440,MESOFA,Pleasure craft,238149440
/vessels/details/238702940,DONAR,Pleasure craft,238702940
/vessels/details/9940368,LASTAVICA,Passenger (Cruise) Ship,9940368
/vessels/details/238240908,04238-8-79,Unknown,238240908
/vessels/details/238599911,ZHEYINYU11876-12-62,Unknown,238599911
/vessels/details/238382540,ADRIATIC BREEZE,Pleasure craft,238382540
/vessels/details/238046010,LADY TATIANA,Pleasure craft,238046010
/vessels/details/1077397,REPOSADO,Yacht,1077397
/vessels/details/238858440,WHITE IVY,Sailing vessel,238858440
/vessels/details/238558440,NINA I KATE,Sailing vessel,238558440
/vessels/details/238794140,EL YELMO,Sailing vessel,238794140
/vessels/details/238268040,SHADOW,Pleasure craft,238268040
/vessels/details/238384440,UPENDO,Pleasure craft,238384440
/vessels/details/238107010,RH 292018 PL,SAR,238107010
/vessels/details/238150840,RITA,Unknown,238150840
/vessels/details/238757440,MAGIC MOMENTS,Sailing vessel,238757440
/vessels/details/238061910,INES,Sailing vessel,238061910
/vessels/details/238712540,EMRE,Sailing vessel,238712540
/vessels/details/238738340,KORINA,Fishing vessel,238738340
/vessels/details/238665140,UNBOUND,Sailing vessel,238665140
/vessels/details/238664140,LIGHEA,Sailing vessel,238664140
/vessels/details/238021210,FIRST FRIENDSHIP,Pleasure craft,238021210
/vessels/details/238369740,FIND US,Pleasure craft,238369740
/vessels/details/238222204,BIAO 82222-4-58,Unknown,238222204
/vessels/details/238524340,RADIA,Sailing vessel,238524340
/vessels/details/238888008,88880-8-41,Unknown,238888008
/vessels/details/238844140,GODEWIND,Sailing vessel,238844140
/vessels/details/238504540,AMPARITO II,Unknown,238504540
/vessels/details/9856531,KRALJICA JELENA,Passenger Ship,9856531
/vessels/details/238013340,HAPPY,Pleasure craft,238013340
/vessels/details/238640640,EROS,Pleasure craft,238640640
/vessels/details/238296940,MONA,Sailing vessel,238296940
/vessels/details/238471540,DIXY,Pleasure craft,238471540
/vessels/details/238888007,88880-7-80,Unknown,238888007
/vessels/details/238222213,BIAO 82222-13-99,Unknown,238222213
/vessels/details/238957840,MALI NIKO,Sailing vessel,238957840
/vessels/details/8684242,TAJANA KRK,Passenger Ship,8684242
/vessels/details/238307715,83077-15-95,Unknown,238307715
/vessels/details/238610310,121-KZ,Unknown,238610310
/vessels/details/7121750,TORNADO,Passenger Ship,7121750
/vessels/details/238720240,TETHYS,Unknown,238720240
/vessels/details/8523527,PADRE,Passenger Ship,8523527
/vessels/details/238079740,PELUSO,Pleasure craft,238079740
/vessels/details/238628940,MERIDIEN,Pleasure craft,238628940
/vessels/details/238306370,83063-70-91,Unknown,238306370
/vessels/details/9904405,AMBASSADOR,Passenger Ship,9904405
/vessels/details/238018410,UNAVAILABLE,Pleasure craft,238018410
/vessels/details/238800106,SUQIYU02388-106-34,Unknown,238800106
/vessels/details/8033649,BLACE,Passenger/Ro-Ro Cargo Ship,8033649
/vessels/details/238328040,VIKA,Sailing vessel,238328040
/vessels/details/238261140,WAYPOINT I,Pleasure craft,238261140
/vessels/details/238641240,PATCHWORK,Unknown,238641240
/vessels/details/238683640,SAINT LUCA,Sailing vessel,238683640
/vessels/details/238307914,83079-14-59,Unknown,238307914
/vessels/details/238529240,ANNA III,Sailing vessel,238529240
/vessels/details/238067110,DIAMOND SI,Pleasure craft,238067110
/vessels/details/238105940,KAIROS,Sailing vessel,238105940
/vessels/details/238307717,83077-17-95,Unknown,238307717
/vessels/details/238277240,MA137824,Pleasure craft,238277240
/vessels/details/8983870,MARLIN,Fishing Vessel,8983870
/vessels/details/238560022,23856-22 8V0,Unknown,238560022
/vessels/details/238499240,FALCH,Pleasure craft,238499240
/vessels/details/238423640,SHU,Sailing vessel,238423640
/vessels/details/238213399,LIN21339-9-69,Unknown,238213399
/vessels/details/238396540,STARGAZING,Sailing vessel,238396540
/vessels/details/238595840,SECOND LIFE,Sailing vessel,238595840
/vessels/details/238616640,MAOPITI,Pleasure craft,238616640
/vessels/details/238758940,ALTAIR,Pleasure craft,238758940
/vessels/details/238299999,JIAO29999-9-48,Unknown,238299999
/vessels/details/238725809,LUTU12602,Law enforcment,238725809
/vessels/details/238808202,88082-2-84,Unknown,238808202
/vessels/details/238881816,88818-16-99,Unknown,238881816
/vessels/details/238160940,SEA BREEZE,Pleasure craft,238160940
/vessels/details/238881812,88818-12-81,Pleasure craft,238881812
/vessels/details/238399240,GOOD VIBES,Unknown,238399240
/vessels/details/238307710,83077-10-53,Unknown,238307710
/vessels/details/238586440,VERA III,Sailing vessel,238586440
/vessels/details/238014510,SAM,Sailing vessel,238014510
/vessels/details/238965405,6090 - 599,Unknown,238965405
/vessels/details/238204940,UNAVAILABLE,Pleasure craft,238204940
/vessels/details/238004210,TIMELESS,Sailing vessel,238004210
/vessels/details/238887802,88878-2-31,Unknown,238887802
/vessels/details/238015410,CONCEPT,Pleasure craft,238015410
/vessels/details/238383838,1ADDDDD,Unknown,238383838
/vessels/details/238210357,LIN 21035-7-97,Unknown,238210357
/vessels/details/238055010,ASTACUS,Pleasure craft,238055010
/vessels/details/238463540,MAJUEN,Pleasure craft,238463540
/vessels/details/238455240,TRITON,Unknown,238455240
/vessels/details/238411340,ELENA,Sailing vessel,238411340
/vessels/details/238854540,BRAIN,Pleasure craft,238854540
/vessels/details/238560016,23856-16,Unknown,238560016
/vessels/details/238802302,88023-02-99,Unknown,238802302
/vessels/details/238305807,ZHELINGYU83058-7-98,Unknown,238305807
/vessels/details/1067328,ARGO I,Passenger (Cruise) Ship,1067328
/vessels/details/238596610,BONASSA,Fishing vessel,238596610
/vessels/details/238762240,SWEET DREAMS,Sailing vessel,238762240
/vessels/details/238342840,4FRIENDS,Pleasure craft,238342840
/vessels/details/238307725,83077-25-89,Unknown,238307725
/vessels/details/238026640,SONELINNO,Sailing vessel,238026640
/vessels/details/9933470,BELLISSIMA,Passenger (Cruise) Ship,9933470
/vessels/details/238889621,88896-21-58,Fishing vessel,238889621
/vessels/details/238760840,ANGELIQUE,Sailing vessel,238760840
/vessels/details/238005140,NOVARA,Unknown,238005140
/vessels/details/238014910,OSAM OSAM OSAM,Pleasure craft,238014910
/vessels/details/238643540,ENERGICO,Sailing vessel,238643540
/vessels/details/238808803,88088-3-55,Unknown,238808803
/vessels/details/238778140,PARJA,Pleasure craft,238778140
/vessels/details/238800113,SUQIYU02388-113-55,Unknown,238800113
/vessels/details/9828807,ARIA,Passenger Ship,9828807
/vessels/details/238822804,BIAO 88228-4-96,Unknown,238822804
/vessels/details/238549440,JOZA,Sailing vessel,238549440
/vessels/details/238191740,41-KZ STIPE,Unknown,238191740
/vessels/details/8562248,BELLA,Passenger Ship,8562248
/vessels/details/238511340,BAROLO V,Pleasure craft,238511340
/vessels/details/238396040,MARE TORTUGA,Pleasure craft,238396040
/vessels/details/238113810,MATETA II,Pleasure craft,238113810
/vessels/details/238561310,HIDRA,Other type,238561310
/vessels/details/238158140,MQ7,Sailing vessel,238158140
/vessels/details/238100510,MRS GUMP,Sailing vessel,238100510
/vessels/details/238068840,MANAIA,Sailing vessel,238068840
/vessels/details/238851140,MARE SUNCE,Sailing vessel,238851140
/vessels/details/238012140,DAMA,Pleasure craft,238012140
/vessels/details/238076210,KAHUNA,Sailing vessel,238076210
/vessels/details/238320540,RTOP-21,Unknown,238320540
/vessels/details/238306348,83063-48-97,Unknown,238306348
/vessels/details/238063903,2881-353,Unknown,238063903
/vessels/details/238950360,VELEBIT,Tanker,238950360
/vessels/details/238017240,FAMILY,Pleasure craft,238017240
/vessels/details/238887804,88878-4 40,Unknown,238887804
/vessels/details/238585440,ZANAFI,Unknown,238585440
/vessels/details/238751240,BURA III,Pleasure craft,238751240
/vessels/details/238439640,RUBATO,Pleasure craft,238439640
/vessels/details/238198940,BIG BLUE,Pleasure craft,238198940
/vessels/details/238643440,MOANA,Pleasure craft,238643440
/vessels/details/8657366,OREB JEDAN,Fishing Vessel,8657366
/vessels/details/238887805,88878-5 90,Unknown,238887805
/vessels/details/238165240,LEOA,Pleasure craft,238165240
/vessels/details/238568551,00000000000000000000,Tug,238568551
/vessels/details/238021740,SHYVA,Sailing vessel,238021740
/vessels/details/238690940,UNAVAILABLE,Pleasure craft,238690940
/vessels/details/238940240,KREMENIK,Fishing vessel,238940240
/vessels/details/238755540,SY SVETA MARINA,Sailing vessel,238755540
/vessels/details/8523539,ALMISSA,Passenger Ship,8523539
/vessels/details/238881817,88818-17-16,Unknown,238881817
/vessels/details/238664940,USUD,Sailing vessel,238664940
/vessels/details/238273640,UNCHARTED,Sailing vessel,238273640
/vessels/details/238914946,HUI60057-A8-78,Unknown,238914946
/vessels/details/238957140,ELA,Unknown,238957140
/vessels/details/238001410,ANDY,Pleasure craft,238001410
/vessels/details/238797640,MIRRMURR,Sailing vessel,238797640
/vessels/details/238482740,TALITHA,Sailing vessel,238482740
/vessels/details/238300540,SKYLINE,Pleasure craft,238300540
/vessels/details/238748040,MIKKAMAKKA,Sailing vessel,238748040
/vessels/details/238219089,LIN21908-9-83,Unknown,238219089
/vessels/details/238241102,04238-2-90,Unknown,238241102
/vessels/details/238026508,BIAO 80265-8-82,Unknown,238026508
/vessels/details/238491240,SUMMER WIND,Sailing vessel,238491240
/vessels/details/238101801,21183-16-99,Unknown,238101801
/vessels/details/238115210,ART N,Pleasure craft,238115210
/vessels/details/9878175,NAUTILUS,Passenger (Cruise) Ship,9878175
/vessels/details/238101805,81018-5-97,Unknown,238101805
/vessels/details/238000011,TEST,Fishing vessel,238000011
/vessels/details/238653440,SEA HORSE,Sailing vessel,238653440
/vessels/details/238605702,BIAO 86057-2-99,Unknown,238605702
/vessels/details/8033663,DELTA,Tug,8033663
/vessels/details/238020310,FUEGO DEL VIENTO,Pleasure craft,238020310
/vessels/details/238161710,ST292833,Pleasure craft,238161710
/vessels/details/238850840,MARE AZUL,Sailing vessel,238850840
/vessels/details/9878199,AVE MARIA,Passenger (Cruise) Ship,9878199
/vessels/details/238306347,83063-47-76,Unknown,238306347
/vessels/details/238066640,SDBK CHASE BOAT,Unknown,238066640
/vessels/details/238078840,AVANTURA,Sailing vessel,238078840
/vessels/details/238408740,MOJO,Sailing vessel,238408740
/vessels/details/238307722,83077-22-89,Unknown,238307722
/vessels/details/238982810,AQUILA,Sailing vessel,238982810
/vessels/details/238591240,JASTOG,Fishing vessel,238591240
/vessels/details/238039310,EMSLAND,Pleasure craft,238039310
/vessels/details/9818620,CASABLANCA,Passenger Ship,9818620
/vessels/details/238199940,JESSY,Unknown,238199940
/vessels/details/238082610,CAP BON,Pleasure craft,238082610
/vessels/details/238094340,LIZARD,Pleasure craft,238094340
/vessels/details/8697196,PARADIS,Passenger Ship,8697196
/vessels/details/9878187,ZEUS,Passenger (Cruise) Ship,9878187
/vessels/details/238127553,12755-39,Unknown,238127553
/vessels/details/238889203,88892-3 40,Unknown,238889203
/vessels/details/238035540,CHIMERA,Fishing vessel,238035540
/vessels/details/238093810,SAPPHIRE,Sailing vessel,238093810
/vessels/details/238101804,81018-4-71,Unknown,238101804
/vessels/details/238053010,LAVINA,Sailing vessel,238053010
/vessels/details/238330840,KUDICA,Sailing vessel,238330840
/vessels/details/238887809,88878-9 40,Unknown,238887809
/vessels/details/238570001,23857-1-99,Unknown,238570001
/vessels/details/238110110,SAMMY,Sailing vessel,238110110
/vessels/details/238512740,CONCH,Sailing vessel,238512740
/vessels/details/238465040,148 KZ NONO LUKA,Fishing vessel,238465040
/vessels/details/238852640,GEMINI,Pleasure craft,238852640
/vessels/details/238124940,MIMI -SB270873,Unknown,238124940
/vessels/details/238565140,LA RECESSION,Unknown,238565140
/vessels/details/238040210,AMAL,Pleasure craft,238040210
/vessels/details/238307707,83077-7-38,Unknown,238307707
/vessels/details/9878228,AVANTURA,Passenger (Cruise) Ship,9878228
/vessels/details/9840843,AGAPE ROSE,Passenger Ship,9840843
/vessels/details/9243100,PELAGOS IV,Fishing Vessel,9243100
/vessels/details/8657328,DUJE,Passenger Ship,8657328
/vessels/details/8983741,SKODA,Fishing Vessel,8983741
/vessels/details/238147510,ST294154,Pleasure craft,238147510
/vessels/details/238136040,LUKA 1808 - PU,Fishing vessel,238136040
/vessels/details/238811508,88115-8-67,Unknown,238811508
/vessels/details/238633140,PALOMA REA,Pleasure craft,238633140
/vessels/details/238265640,LATEJA,Sailing vessel,238265640
/vessels/details/238106240,UNAVAILABLE,Pleasure craft,238106240
/vessels/details/238441340,VESNA,Sailing vessel,238441340
/vessels/details/238572310,72CT,Pleasure craft,238572310
/vessels/details/238787640,MARE LUNA,Unknown,238787640
/vessels/details/238487040,MARELLI,Pleasure craft,238487040
/vessels/details/8684204,LUPUS MARE,Passenger Ship,8684204
/vessels/details/238037940,FENOLIGA,Sailing vessel,238037940
/vessels/details/238731840,WOO WOO,Sailing vessel,238731840
/vessels/details/238914240,TOMISA,Fishing vessel,238914240
/vessels/details/4536394,ANDRIJA MOHOROVICIC,Training Ship,4536394
/vessels/details/238395340,WHISTLER,Sailing vessel,238395340
/vessels/details/238240918,04238-18-55,Unknown,238240918
/vessels/details/238665540,LUNA,Pleasure craft,238665540
/vessels/details/238609510,PILOT SV.KATARINA,Pilot,238609510
/vessels/details/238937340,2197PU SVOJA,Fishing vessel,238937340
/vessels/details/238819819,ZHELUYU88198-19-78,Unknown,238819819
/vessels/details/238148340,LUKA,Fishing vessel,238148340
/vessels/details/238006410,SUGAR DADDY,Pleasure craft,238006410
/vessels/details/238443440,RUZA,Pleasure craft,238443440
/vessels/details/9938200,RHAPSODY,Passenger (Cruise) Ship,9938200
/vessels/details/238222840,KETY,Sailing vessel,238222840
/vessels/details/238022910,ROKOIII1,Pleasure craft,238022910
/vessels/details/238215888,LIN21588-8-96,Unknown,238215888
/vessels/details/238152640,NEHAJ,HSC,238152640
/vessels/details/238560018,23856-18,Unknown,238560018
/vessels/details/238763040,UNAVAILABLE,Pleasure craft,238763040
/vessels/details/238095110,VOYAGER,Sailing vessel,238095110
/vessels/details/238780240,POSITIVE ENERGY,Pleasure craft,238780240
/vessels/details/238001510,BONITA,Pleasure craft,238001510
/vessels/details/238040000,OLYMPUS,Sailing vessel,238040000
/vessels/details/238318040,ANDI STAR,Pleasure craft,238318040
/vessels/details/238374340,TWICE AS NICE,Pleasure craft,238374340
/vessels/details/238019810,NEZA,Sailing vessel,238019810
/vessels/details/238160340,DREAM,Sailing vessel,238160340
/vessels/details/238800103,SUQIYU02388-103-81,Unknown,238800103
/vessels/details/238128924,LIN12892-4-85,Unknown,238128924
/vessels/details/238532640,GALDOVO3 BARGE,Cargo ship,238532640
/vessels/details/238032000,MIMI,Pleasure craft,238032000
/vessels/details/238145840,ABALONE,Sailing vessel,238145840
/vessels/details/238899903,ZHELUYU88999-3-83,Unknown,238899903
/vessels/details/8690643,TEMPERA,Passenger Ship,8690643
/vessels/details/238887810,88878-10 90,Unknown,238887810
/vessels/details/238851840,GALATHEA,Pleasure craft,238851840
/vessels/details/238718240,BALU,Sailing vessel,238718240
/vessels/details/238169010,SUSY Q,Sailing vessel,238169010
/vessels/details/238271140,SIRENA E,Pleasure craft,238271140
/vessels/details/238199740,CICIBELA,Fishing vessel,238199740
/vessels/details/238808540,SILVER ELLI,Sailing vessel,238808540
/vessels/details/238307709,83077-9-65,Unknown,238307709
/vessels/details/8773550,PRESIDENT,Passenger Ship,8773550
/vessels/details/238395840,MARITA,Passenger ship,238395840
/vessels/details/238009803,80098-3-66,Unknown,238009803
/vessels/details/9867009,DREAM,Passenger (Cruise) Ship,9867009
/vessels/details/238815508,BIAO 88155-8-99,Unknown,238815508
/vessels/details/238438840,JOYA,Sailing vessel,238438840
/vessels/details/238397140,ANAMARIA,Sailing vessel,238397140
/vessels/details/238241112,04238-12-86,Unknown,238241112
/vessels/details/238169140,CONNECTING EUROPE,Dredging or UW ops,238169140
/vessels/details/238379140,MARSHALL,Pleasure craft,238379140
/vessels/details/238063908,2881-877,Unknown,238063908
/vessels/details/238979910,POLO,Sailing vessel,238979910
/vessels/details/238159910,INFINITY 1,Pleasure craft,238159910
/vessels/details/238172440,WHITE LOTUS,Sailing vessel,238172440
/vessels/details/238575940,BLUE VENTURE 2,Sailing vessel,238575940
/vessels/details/9884186,BLACK SWAN,Passenger Ship,9884186
/vessels/details/238213988,LIN21398-8-99,Unknown,238213988
/vessels/details/238511040,BLACK MAGIC,Sailing vessel,238511040
/vessels/details/238325807,83258-7-73,Unknown,238325807
/vessels/details/238119740,PIRELLI,Sailing vessel,238119740
/vessels/details/238126340,IVAN MIHAEL,Fishing vessel,238126340
/vessels/details/238003510,RG 286476,Unknown,238003510
/vessels/details/238099703,LIN 09970-3-95,Unknown,238099703
/vessels/details/238152540,SL 590,Unknown,238152540
/vessels/details/238029210,UNAVAILABLE,Pleasure craft,238029210
/vessels/details/238867040,MAESTRO,Sailing vessel,238867040
/vessels/details/238819816,ZHELUYU88198-16-90,Unknown,238819816
/vessels/details/238328340,ROCKSTAR,Pleasure craft,238328340
/vessels/details/8773627,CHAMPAGNE,Passenger Ship,8773627
/vessels/details/238114810,ELEANOR,Unknown,238114810
/vessels/details/238415940,TAMARA GRACE,Sailing vessel,238415940
/vessels/details/238001440,BEPO 48 KZ,Fishing vessel,238001440
/vessels/details/238319440,ALEX I,Sailing vessel,238319440
/vessels/details/238437340,263RK LUR,Port tender,238437340
/vessels/details/238020840,RIANA,Sailing vessel,238020840
/vessels/details/238066602,80666-2-99,Unknown,238066602
/vessels/details/238845540,XEINOS,Unknown,238845540
/vessels/details/238046640,CCG M3,Pleasure craft,238046640
/vessels/details/238050710,EVALU,Sailing vessel,238050710
/vessels/details/238052410,FIFTY,Unknown,238052410
/vessels/details/238564140,LADY JANE KARLOVY VA,Pleasure craft,238564140
/vessels/details/238059340,SY IOS,Pleasure craft,238059340
/vessels/details/238306372,83063-72-99,Unknown,238306372
/vessels/details/238974140,RITA,Sailing vessel,238974140
/vessels/details/238800120,SUQIYU02388-120-88,Unknown,238800120
/vessels/details/238327640,MORSKA LASTAVICA,Local type,238327640
/vessels/details/238241640,DONNA,Sailing vessel,238241640
/vessels/details/238688216,VELEBIZ,Tanker,238688216
/vessels/details/238642640,THE ONE,Sailing vessel,238642640
/vessels/details/238246140,ELI BABA 2,Pleasure craft,238246140
/vessels/details/238111710,KNOT ON DUTY,Pleasure craft,238111710
/vessels/details/238965911,HAIZHEWANG-1-36,Unknown,238965911
/vessels/details/238100910,MOTUS,Sailing vessel,238100910
/vessels/details/8705187,MUCHO,Fishing Vessel,8705187
/vessels/details/238371340,TO JE TO,Pleasure craft,238371340
/vessels/details/238428940,1368PU STINJANKA,Fishing vessel,238428940
/vessels/details/238325040,JAZZ BAND,Sailing vessel,238325040
/vessels/details/238152410,SCORPIO3,Sailing vessel,238152410
/vessels/details/238838040,MISSES,Sailing vessel,238838040
/vessels/details/238819817,ZHELUYU88198-17-28,Unknown,238819817
/vessels/details/238087340,MELANIE,Unknown,238087340
/vessels/details/238093040,CAPRICE,Unknown,238093040
/vessels/details/238236282,ACM,Pleasure craft,238236282
/vessels/details/238380440,LONDON,Pleasure craft,238380440
/vessels/details/9925394,SUZANA,Passenger Ship,9925394
/vessels/details/238010710,GRACEFUL DANCER,Pleasure craft,238010710
/vessels/details/8698920,ELIXIR,Passenger Ship,8698920
/vessels/details/238486040,PEPPER,Pleasure craft,238486040
/vessels/details/9844497,RIVA,Passenger Ship,9844497
/vessels/details/238800115,SUQIYU02388-115-95,Unknown,238800115
/vessels/details/238216219,LIN21621-9-30,Unknown,238216219
/vessels/details/238065640,TAKAMAKA,Pleasure craft,238065640
/vessels/details/238026501,80265-1-99,Unknown,238026501
/vessels/details/238055000,EAGLE OF NORWAY,Sailing vessel,238055000
/vessels/details/238070640,205-KZ,Fishing vessel,238070640
/vessels/details/238806825,ZHELINGYU88068-5-,Unknown,238806825
/vessels/details/238372140,44-KZ,Fishing vessel,238372140
/vessels/details/238318140,DELPHINUS 1,Pleasure craft,238318140
/vessels/details/238137440,RH20VK,Other type,238137440
/vessels/details/238385540,BALSAMICO,Pleasure craft,238385540
/vessels/details/238722440,IMAGINE,Sailing vessel,238722440
/vessels/details/238758440,SMILE,Sailing vessel,238758440
/vessels/details/238703740,DAISY,Pleasure craft,238703740
/vessels/details/238307719,83077-19-84,Unknown,238307719
/vessels/details/238240102,04238-2-94,Unknown,238240102
/vessels/details/238307720,83077-20-93,Unknown,238307720
/vessels/details/238819818,ZHELUYU88198-18-69,Unknown,238819818
/vessels/details/9776779,CORONA,Passenger (Cruise) Ship,9776779
/vessels/details/238106710,CODA,Unknown,238106710
/vessels/details/238453540,NEPTUN,Sailing vessel,238453540
/vessels/details/238014740,VUKOVAR,Cargo ship,238014740
/vessels/details/238096940,GISELLE,Pleasure craft,238096940
/vessels/details/238349840,QUEEN B. TOO,Sailing vessel,238349840
/vessels/details/238306301,83063-01-98,Unknown,238306301
/vessels/details/238590440,MARJU,Sailing vessel,238590440
/vessels/details/238332940,JELEN,Unknown,238332940
/vessels/details/238812802,88128-11-98,Unknown,238812802
/vessels/details/238333303,YU 08333-17-99,Unknown,238333303
/vessels/details/238111210,LINNY,Pleasure craft,238111210
/vessels/details/238055310,ELLI,Unknown,238055310
/vessels/details/238009802,80098-2-23,Unknown,238009802
/vessels/details/238584440,MARILAND,Sailing vessel,238584440
/vessels/details/238881811,88818-11-96,Unknown,238881811
/vessels/details/238473940,THE SUN,Unknown,238473940
/vessels/details/238126610,RH292643ST,SAR,238126610
/vessels/details/238862802,YU 88628-2-99,Unknown,238862802
/vessels/details/238156110,RH 294776 SB,SAR,238156110
/vessels/details/238012110,UNAVAILABLE,Pleasure craft,238012110
/vessels/details/238629840,ALJMAS,Cargo ship,238629840
/vessels/details/238159110,295222 ST,Pleasure craft,238159110
/vessels/details/238363940,341CT KONAVOKA,Fishing vessel,238363940
/vessels/details/238600003,2386 -03 67,Unknown,238600003
/vessels/details/238222212,BIAO 82222-12-99,Unknown,238222212
/vessels/details/238889611,88896-11A-64,Unknown,238889611
/vessels/details/238969919,89699-19-91,Unknown,238969919
/vessels/details/238811502,88115-2-95,Unknown,238811502
/vessels/details/238014010,JADRO,Sailing vessel,238014010
/vessels/details/238951360,VINNERAC,Tanker (HAZ-D),238951360
/vessels/details/238138810,OPAL ADRIATIC,Pleasure craft,238138810
/vessels/details/238605740,ISSA,Sailing vessel,238605740
/vessels/details/1031408,MARALLURE,Yacht,1031408
/vessels/details/238354140,GERONIMO,Sailing vessel,238354140
/vessels/details/238702140,SUNDOWNER,Sailing vessel,238702140
/vessels/details/238889610,88896-B10-59,Unknown,238889610
/vessels/details/238863540,BOA 3,Pleasure craft,238863540
/vessels/details/238682940,MISSI,Sailing vessel,238682940
/vessels/details/238858640,SPRING FALL,Sailing vessel,238858640
/vessels/details/238816803,88168-3-59,Unknown,238816803
/vessels/details/238154940,WHITE PEARL I,Pleasure craft,238154940
/vessels/details/238059940,PRINCESS VALERIA,Pleasure craft,238059940
/vessels/details/238240905,04238-5-97,Unknown,238240905
/vessels/details/238122910,2222,Unknown,238122910
/vessels/details/238658940,PANTA RHEI,Unknown,238658940
/vessels/details/8657196,DINIVA,Fishing Vessel,8657196
/vessels/details/238958600,SVEI DUJAM,Cargo ship,238958600
/vessels/details/238326540,LOVE STORY,Pleasure craft,238326540
/vessels/details/238305801,ZHELINGYU83058-1-98,Unknown,238305801
/vessels/details/238241440,270957 ST,Pleasure craft,238241440
/vessels/details/238031010,EXUMA,Pleasure craft,238031010
/vessels/details/238599912,SAN 85999-12-74,Unknown,238599912
/vessels/details/238781540,RONDO,Sailing vessel,238781540
/vessels/details/238191060,MALA ZANESTRA,Pleasure craft,238191060
/vessels/details/8679821,ADRIATIC PEARL,Passenger Ship,8679821
/vessels/details/9818577,CARPE DIEM,Passenger Ship,9818577
/vessels/details/238899906,ZHELUYU88999-6-94,Unknown,238899906
/vessels/details/238307902,83079-2-80,Unknown,238307902
/vessels/details/238165440,SAMPEI,Unknown,238165440
/vessels/details/238615940,ARIATA,Sailing vessel,238615940
/vessels/details/238054910,FULLMOON,Sailing vessel,238054910
/vessels/details/238063710,ALISSA,Pleasure craft,238063710
/vessels/details/238969913,89699-13-92,Unknown,238969913
/vessels/details/238800107,SUQIYU02388-107-89,Unknown,238800107
/vessels/details/238979740,HOPE,Sailing vessel,238979740
/vessels/details/9242871,KORENAT,Fishing Vessel,9242871
/vessels/details/1132173,ARETIS,Passenger Ship,1132173
/vessels/details/238054610,DOLCE FAR NIENTE,Pleasure craft,238054610
/vessels/details/238560023,23856-23,Unknown,238560023
/vessels/details/238610740,LOKI,Sailing vessel,238610740
/vessels/details/238811940,TWIN JOY,Sailing vessel,238811940
/vessels/details/8773536,INA,Passenger Ship,8773536
/vessels/details/238058010,VENTO ESTIVO,Sailing vessel,238058010
/vessels/details/238007940,PASSIONAUT,Pleasure craft,238007940
/vessels/details/238941640,OPAL,Sailing vessel,238941640
/vessels/details/8934506,AMICI,Passenger Ship,8934506
/vessels/details/238178806,81788-6-09,Unknown,238178806
/vessels/details/238339240,SIMIRAM,Pleasure craft,238339240
/vessels/details/238003010,NO LIMIT I,Unknown,238003010
/vessels/details/8523541,EQUATOR,Passenger Ship,8523541
/vessels/details/238073710,TIRELESS,Unknown,238073710
/vessels/details/9932414,OHANA,Passenger Ship,9932414
/vessels/details/238270240,NJOY,Sailing vessel,238270240
/vessels/details/9906166,SAN SPIRITO,Passenger (Cruise) Ship,9906166
/vessels/details/238058110,COBI 22,Pleasure craft,238058110
/vessels/details/238887803,88878-3-91,Unknown,238887803
/vessels/details/238222211,BIAO 82222-11-99,Unknown,238222211
/vessels/details/238624410,PILOT SV.BARBARA,Pilot,238624410
/vessels/details/238562940,RH 30 DB ORLANDO,Other type,238562940
/vessels/details/238305240,SB247439 LUNA,Sailing vessel,238305240
/vessels/details/238100740,AMOROSO,Pleasure craft,238100740
/vessels/details/238143910,KIMANI,Pleasure craft,238143910
/vessels/details/238044940,234-KZ,Unknown,238044940
/vessels/details/238393840,ADRIATIC DREAM,Pleasure craft,238393840
/vessels/details/1063580,ADRI,Yacht,1063580
/vessels/details/238887740,TIFFANY,Sailing vessel,238887740
/vessels/details/238866440,DOMMIE,Unknown,238866440
/vessels/details/7237418,GRIP POLAR,Anti-polution,7237418
/vessels/details/238801705,88017-05-91,Unknown,238801705
/vessels/details/238307713,83077-13-92,Unknown,238307713
/vessels/details/238133710,BOX OF CHOCOLATE,Sailing vessel,238133710
/vessels/details/238307704,83077-4 90,Unknown,238307704
/vessels/details/238969915,89699-15-75,Unknown,238969915
/vessels/details/238498140,ULJANIK 535,Unknown,238498140
/vessels/details/238246640,505-HV,Fishing vessel,238246640
/vessels/details/238462940,TANGO,Pleasure craft,238462940
/vessels/details/238444140,EL PRESIDENTE,Unknown,238444140
/vessels/details/238766341,XINHAI5-1-99,Unknown,238766341
/vessels/details/238184540,576 DB SERVANTES,Fishing vessel,238184540
/vessels/details/238800116,SUQIYU02388-116-75,Unknown,238800116
/vessels/details/238693040,ELEVEN,Sailing vessel,238693040
/vessels/details/238248340,CASINO ROYALE,Pleasure craft,238248340
/vessels/details/238307714,83077-14-99,Unknown,238307714
/vessels/details/238346340,SUPERNOVA,Pleasure craft,238346340
/vessels/details/238031910,SEA BREEZE,Unknown,238031910
/vessels/details/238221806,82218-6-99,Unknown,238221806
/vessels/details/238588240,TEQUILA,Sailing vessel,238588240
/vessels/details/238099610,ZOE,Pleasure craft,238099610
/vessels/details/238776340,LUNA IV,Pleasure craft,238776340
/vessels/details/238049010,ANTONIA,Pleasure craft,238049010
/vessels/details/238491840,BEST LOVE,Sailing vessel,238491840
/vessels/details/9956111,JIANGSU NEW HANTONG HT82-280,Bulk Carrier,9956111
/vessels/details/238656671,XINHAI5-1-65,Unknown,238656671
/vessels/details/238855640,MANUL,Sailing vessel,238855640
/vessels/details/9840350,MOONLIGHT,Passenger Ship,9840350
/vessels/details/238307723,83077-23-88,Unknown,238307723
/vessels/details/8658059,JURE JOSKAN,Passenger Ship,8658059
/vessels/details/238141340,POJODA,Sailing vessel,238141340
/vessels/details/238105710,OLIVIA,Pleasure craft,238105710
/vessels/details/238394340,NEVERA,Sailing vessel,238394340
/vessels/details/7221550,MAUROS SILVANA,Fishing Vessel,7221550
/vessels/details/238063203,80632-3-73,Unknown,238063203
/vessels/details/238316440,KRAP,Fishing vessel,238316440
/vessels/details/238323740,PAZIN,Law enforcment,238323740
/vessels/details/238596940,JASGALORE,Unknown,238596940
/vessels/details/238588340,OLIVIA III,Unknown,238588340
/vessels/details/238800119,SUQIYU02388-119-57,Unknown,238800119
/vessels/details/9952191,SALVE DI MARE,Passenger (Cruise) Ship,9952191
/vessels/details/238135840,GRMALJ,Fishing vessel,238135840
/vessels/details/238611940,MOSTLY HARMLESS,Sailing vessel,238611940
/vessels/details/238091110,GRAMPI,Unknown,238091110
/vessels/details/238217040,ALEA,Sailing vessel,238217040
/vessels/details/238749140,JOLIDOR,Pleasure craft,238749140
/vessels/details/238090110,ALIZE,Sailing vessel,238090110
/vessels/details/238559940,EVKA,Sailing vessel,238559940
/vessels/details/238698840,KATRINA,Sailing vessel,238698840
/vessels/details/238597040,NIKI I,Pleasure craft,238597040
/vessels/details/238951001,ZHELIN12996-1-95,Unknown,238951001
/vessels/details/238576540,MODRULJ1,Military ops,238576540
/vessels/details/238887811,88878-11-78,Unknown,238887811
/vessels/details/238864640,238864640,Pleasure craft,238864640
/vessels/details/238132540,ALBATROS II,Fishing vessel,238132540
/vessels/details/238307716,83077-16-99,Unknown,238307716
/vessels/details/238806821,ZHELINGYU88068-21-,Unknown,238806821
/vessels/details/8596914,KARFIL,Fishing Vessel,8596914
/vessels/details/9938195,INVICTUS,Passenger (Cruise) Ship,9938195
/vessels/details/238888813,SAN88888-13-41,Unknown,238888813
/vessels/details/7014842,MARINERO-1,Fishing Vessel,7014842
/vessels/details/238121740,BEST Q1,Sailing vessel,238121740
/vessels/details/238961610,KAPICA,Fishing vessel,238961610
/vessels/details/238307701,83077-1-52,Unknown,238307701
/vessels/details/238009710,CLO,Pleasure craft,238009710
/vessels/details/1071812,MAXITA,Yacht,1071812
/vessels/details/238525940,VENTUS I,Sailing vessel,238525940
/vessels/details/8773586,INFINITY,Passenger Ship,8773586
/vessels/details/8592009,LALBA,Fishing Vessel,8592009
/vessels/details/238196740,LAROMA,Pleasure craft,238196740
