url,name,type,imo
/vessels/details/252503183,16066-8-99,Unknown,252503183
/vessels/details/252001994,SUQIYU04736-31-65,Unknown,252001994
/vessels/details/252121213,XYY21213-258.1V,Unknown,252121213
/vessels/details/252588361,SUGANYU02883-61-43,Unknown,252588361
/vessels/details/252181725,LIN21817-25-91,Unknown,252181725
/vessels/details/252502406,12333-19-44,Unknown,252502406
/vessels/details/252600232,13689-3-66,Unknown,252600232
/vessels/details/252148930,LIN 21489-30-32,Unknown,252148930
/vessels/details/252904114,00196-55-91,Unknown,252904114
/vessels/details/252902477,00093-65-82,Unknown,252902477
/vessels/details/252006363,JILEYU02360-29-65,Unknown,252006363
/vessels/details/252904988,5296-006-87,Unknown,252904988
/vessels/details/252002404,SUQIYU18111-206-55,Unknown,252002404
/vessels/details/252903532,00557-3-99,Unknown,252903532
/vessels/details/252002305,04666-43-95,Unknown,252002305
/vessels/details/252190612,ZHELINYU21906-12-99,Unknown,252190612
/vessels/details/252400521,BIAO 02828-7-92,Unknown,252400521
/vessels/details/252131218,ZHELINYU21312-18-92,Unknown,252131218
/vessels/details/252156313,21563-13-52,Unknown,252156313
/vessels/details/252515101,5151-1-92,Unknown,252515101
/vessels/details/252002962,05986-32-92,Unknown,252002962
/vessels/details/252303503,HSD-NET-50,Unknown,252303503
/vessels/details/252600124,1111-3-99,Unknown,252600124
/vessels/details/252400818,65999-5-99,Unknown,252400818
/vessels/details/252000199,SUQIYU19067-6-78,Unknown,252000199
/vessels/details/252712270,ZHELIN12270-25-49,Unknown,252712270
/vessels/details/252190030,ZHELINYU21900-30-,Unknown,252190030
/vessels/details/252600260,15155-1-99,Unknown,252600260
/vessels/details/252910474,HSD-NET-94,Unknown,252910474
/vessels/details/252900726,ZHEYU07665-9A-99,Unknown,252900726
/vessels/details/252190029,ZHELINYU21900-29-,Unknown,252190029
/vessels/details/252900475,MINPUYU55668-9-99,Unknown,252900475
/vessels/details/252159115,ZHELINYU21591-29-88,Unknown,252159115
/vessels/details/252510036,HSD-NET-99,Unknown,252510036
/vessels/details/252660006,25266-6-07,Unknown,252660006
/vessels/details/252527914,12279-14-32,Unknown,252527914
/vessels/details/252600738,LUDIYU61669-99,Unknown,252600738
/vessels/details/252002954,09662-40-89,Unknown,252002954
/vessels/details/252159601,ZHELINYU21596-1-84,Unknown,252159601
/vessels/details/252530009,LIAOPANYU25253-9-99,Unknown,252530009
/vessels/details/252001990,05986-46-85,Unknown,252001990
/vessels/details/252600316,46688-23-73,Unknown,252600316
/vessels/details/252911758,618-04-99,Unknown,252911758
/vessels/details/252000791,04619-9-79,Unknown,252000791
/vessels/details/252500203,35002-3-72,Unknown,252500203
/vessels/details/252198322,ZHELINYU21983-22-,Unknown,252198322
/vessels/details/252566017,03660-17-54,Unknown,252566017
/vessels/details/252660003,25266-3-45,Unknown,252660003
/vessels/details/252200193,03118A3,Unknown,252200193
/vessels/details/252119803,21198-3-88,Unknown,252119803
/vessels/details/252904326,46999-12-99,Unknown,252904326
/vessels/details/252904977,00557-A7-98,Unknown,252904977
/vessels/details/252265222,04166-22-98,Unknown,252265222
/vessels/details/252196929,ZHELINYU21969-29-99,Unknown,252196929
/vessels/details/252602626,69128-7-75,Unknown,252602626
/vessels/details/252901703,MINPUYU 02555-11-97,Unknown,252901703
/vessels/details/252192210,ZLY21922-10-86,Unknown,252192210
/vessels/details/252199905,LIN21999-5-82,Unknown,252199905
/vessels/details/252110054,ZHAOMEIGONG001-5-23,Unknown,252110054
/vessels/details/252002198,SURUYU09136-140-99,Unknown,252002198
/vessels/details/252179718,ZHELINYU-21797-18,Unknown,252179718
/vessels/details/252600474,49601-1-89,Unknown,252600474
/vessels/details/252600576,46161-A10-99,Unknown,252600576
/vessels/details/252600485,46161-A9-37,Unknown,252600485
/vessels/details/252165897,LIN21658-97-72,Unknown,252165897
/vessels/details/252302800,HSD-NET-24,Unknown,252302800
/vessels/details/252902365,LIAOJINYU15045-7-78,Unknown,252902365
/vessels/details/252533217,25332-17-99,Unknown,252533217
/vessels/details/252506914,05069-14-78,Unknown,252506914
/vessels/details/252156724,21567-24-99,Unknown,252156724
/vessels/details/252600946,LUDONGYU60555-6-51,Unknown,252600946
/vessels/details/252901966,00168-2-98,Unknown,252901966
/vessels/details/252010006,16168-18-93,Unknown,252010006
/vessels/details/252100227,HSD-NET-99,Unknown,252100227
/vessels/details/252502518,19126-20-86,Unknown,252502518
/vessels/details/252200059,03118A4,Unknown,252200059
/vessels/details/252902448,46557-A9-88,Unknown,252902448
/vessels/details/252902623,MINPUYU05111-12-99,Unknown,252902623
/vessels/details/252502961,SUGANYU05758-41-62,Unknown,252502961
/vessels/details/252600384,SUGANYU05368-4-52,Unknown,252600384
/vessels/details/252166503,ZHELINYU21665-3-88,Unknown,252166503
/vessels/details/252000164,61999 3-66,Unknown,252000164
/vessels/details/252002930,SUQIYU04736-39-63,Unknown,252002930
/vessels/details/252001866,SUGANYU18686-7-88,Unknown,252001866
/vessels/details/252215512,LIN 21551-2-99,Unknown,252215512
/vessels/details/252199902,ZHELINYU21999-2-93,Unknown,252199902
/vessels/details/252192202,ZLY21922-2-61,Unknown,252192202
/vessels/details/252355503,23555 318-3 80,Unknown,252355503
/vessels/details/252600529,46688-46-92,Unknown,252600529
/vessels/details/252800016,LIAOHUYU25280-6-26,Unknown,252800016
/vessels/details/252600393,49238-8-54,Unknown,252600393
/vessels/details/252904818,11682-12-99,Unknown,252904818
/vessels/details/252912203,RH511-05-91,Unknown,252912203
/vessels/details/252198713,LIN21987-13-49,Unknown,252198713
/vessels/details/252001791,SURUYU09136-123-96,Unknown,252001791
/vessels/details/252903596,00196-65-44,Unknown,252903596
/vessels/details/252197306,ZHELINYU21973-06-99,Unknown,252197306
/vessels/details/252903276,03566-24-92,Unknown,252903276
/vessels/details/252911549,WANGDIDONGBIAN30-81,Unknown,252911549
/vessels/details/252165910,ZHELINYU21659-10-94,Unknown,252165910
/vessels/details/252901830,45168-A1-99,Unknown,252901830
/vessels/details/252188311,ZHELINYU21883-11-74,Unknown,252188311
/vessels/details/252502460,66090-6-99,Unknown,252502460
/vessels/details/252911624,WANGDIDONGBIAN12-89,Unknown,252911624
/vessels/details/252021679,ZHELIN21679-258.0V,Unknown,252021679
/vessels/details/252668602,LIAOYINGYU26686-2,Unknown,252668602
/vessels/details/252135903,ZHELINYU21359-3-65,Unknown,252135903
/vessels/details/252527703,LIAOYINGYU25277-3,Unknown,252527703
/vessels/details/252588369,SUGANYU02883-69-49,Unknown,252588369
/vessels/details/252190118,ZHELINYU21901-18-88,Unknown,252190118
/vessels/details/252000655,05043-01-69,Unknown,252000655
/vessels/details/252537811,25378-11-99,Unknown,252537811
/vessels/details/252400891,HSD-NET-99,Unknown,252400891
/vessels/details/252118120,21181-20-69,Unknown,252118120
/vessels/details/252600511,23303-7-74,Unknown,252600511
/vessels/details/252159610,ZHELINYU21596-10-82,Unknown,252159610
/vessels/details/252196916,LIN21969-16-87,Unknown,252196916
/vessels/details/252119808,21198-8-72,Unknown,252119808
/vessels/details/252300991,SOLITON-06017-99,Unknown,252300991
/vessels/details/252399903,LIAOHUYU23999-3-99,Unknown,252399903
/vessels/details/252165928,ZHELINYU21659-28-97,Unknown,252165928
/vessels/details/252600607,46999-26-99,Unknown,252600607
/vessels/details/252001365,SUQIYU04736-57-77,Unknown,252001365
/vessels/details/252200223,CHANGSHENG2603-99,Unknown,252200223
/vessels/details/252001325,TING088-4-86,Unknown,252001325
/vessels/details/252625555,25262-5-92,Unknown,252625555
/vessels/details/252183811,21838-11-97,Unknown,252183811
/vessels/details/252000269,HSD-NET-93,Unknown,252000269
/vessels/details/252001301,BAOLE-42-99,Unknown,252001301
/vessels/details/252190606,ZHELINYU21906-06-88,Unknown,252190606
/vessels/details/252902443,LIAOJINYU15155-13,Unknown,252902443
/vessels/details/252904178,03688-23-45,Unknown,252904178
/vessels/details/252900685,00168-5-99,Unknown,252900685
/vessels/details/252903480,46163-29-99,Unknown,252903480
/vessels/details/252902491,46288-2-97,Unknown,252902491
/vessels/details/252222122,SUQIYU02221-228.0V,Unknown,252222122
/vessels/details/252166505,ZHELINYU21665-5-74,Unknown,252166505
/vessels/details/252001944,04619-50-34,Unknown,252001944
/vessels/details/252100329,SSN-FISHBUOY-08-74,Unknown,252100329
/vessels/details/252900508,ZHEYU07518-209B-99,Unknown,252900508
/vessels/details/252181127,21811-27-75,Unknown,252181127
/vessels/details/252911526,WANGDIDONGBIAN25-56,Unknown,252911526
/vessels/details/252196926,ZHELINYU21969-26-93,Unknown,252196926
/vessels/details/252506935,05069-35-54,Unknown,252506935
/vessels/details/252181714,LIN21817-14-50,Unknown,252181714
/vessels/details/252100857,HSD-NET-91,Unknown,252100857
/vessels/details/252600539,15155-4-99,Unknown,252600539
/vessels/details/252122254,ZHELINYU21222-54 60,Pleasure craft,252122254
/vessels/details/252903091,YU333-2-97,Unknown,252903091
/vessels/details/252190814,LIN21908-14-56,Unknown,252190814
/vessels/details/252901951,MINPUYU 02555-12-97,Unknown,252901951
/vessels/details/252501694,19136-17-63,Unknown,252501694
/vessels/details/252001924,05986-15-21,Unknown,252001924
/vessels/details/252500207,35002-7-89,Unknown,252500207
/vessels/details/252400464,YANGZHIQU-4-86,Unknown,252400464
/vessels/details/252159202,LIN21592-2-48,Unknown,252159202
/vessels/details/252600500,SUGANYU05368-3-98,Unknown,252600500
/vessels/details/252131213,ZHELINYU21312-13-91,Unknown,252131213
/vessels/details/252165902,ZHELINYU21659-02-24,Unknown,252165902
/vessels/details/252902282,00196-71-66,Unknown,252902282
/vessels/details/252214894,LIN 21489-4-80,Unknown,252214894
/vessels/details/252192221,ZLY21922-21-41,Unknown,252192221
/vessels/details/252190021,ZHELINYU21900-21-,Unknown,252190021
/vessels/details/252604113,SUQIYU03604-1138.1V,Unknown,252604113
/vessels/details/252900022,FDM-22-99,Unknown,252900022
/vessels/details/252903174,00196-75-93,Unknown,252903174
/vessels/details/252165936,ZHELINYU21659-36-63,Unknown,252165936
/vessels/details/252001170,BAOLE-49-98,Unknown,252001170
/vessels/details/252902359,08299-45-65,Unknown,252902359
/vessels/details/252600092,8888-10-88,Unknown,252600092
/vessels/details/252302427,HSD-NET-33,Unknown,252302427
/vessels/details/252101202,HSD-NET-99,Unknown,252101202
/vessels/details/252600879,46999-20-87,Unknown,252600879
/vessels/details/252200465,CHANGSHENG2613-02,Unknown,252200465
/vessels/details/252181703,LIN21817-3-52,Unknown,252181703
/vessels/details/252500779,12333-18-47,Unknown,252500779
/vessels/details/252100856,HSD-NET-99,Unknown,252100856
/vessels/details/252153318,LIN 21533-18-40,Unknown,252153318
/vessels/details/252000673,30YIBEIYOUWANG-84,Unknown,252000673
/vessels/details/252002290,60296 1-57,Unknown,252002290
/vessels/details/252000065,30YIBEIYOUWANG-99,Unknown,252000065
/vessels/details/252001890,SUGANYU77599-23-79,Unknown,252001890
/vessels/details/252200303,CHANGSHENG2604-82,Unknown,252200303
/vessels/details/252600113,16588-12-83,Unknown,252600113
/vessels/details/252588365,SUGANYU02883-65-59,Unknown,252588365
/vessels/details/252600475,49601-2-99,Unknown,252600475
/vessels/details/252181130,21811-30-17,Unknown,252181130
/vessels/details/252911609,WANGDIDONGBIAN22-76,Unknown,252911609
/vessels/details/252558901,DONGTAIYU11589-1-55,Unknown,252558901
/vessels/details/252000560,30YIBEIYOUWANG-86,Unknown,252000560
/vessels/details/252600212,MINPUYU21881-4-99,Unknown,252600212
/vessels/details/252600100,46161-A2-97,Unknown,252600100
/vessels/details/252911584,HSD-NET-93,Unknown,252911584
/vessels/details/252302825,HSD-NET-36,Unknown,252302825
/vessels/details/252911537,WANGDIDONGBIAN27-67,Unknown,252911537
/vessels/details/252130092,75105-37,Unknown,252130092
/vessels/details/252600399,46161-1-99,Unknown,252600399
/vessels/details/252159615,ZHELINYU21596-15-56,Unknown,252159615
/vessels/details/252533222,25332-22-99,Unknown,252533222
/vessels/details/252302860,HSD-NET-55,Unknown,252302860
/vessels/details/252198307,ZHELINYU21983-7-85,Unknown,252198307
/vessels/details/252903858,00093-57-26,Unknown,252903858
/vessels/details/252500847,SUGANYU05158-5-30,Unknown,252500847
/vessels/details/252182320,LIN21823-20-62,Unknown,252182320
/vessels/details/252557508,05575-8-92,Unknown,252557508
/vessels/details/252600333,46161-22-99,Unknown,252600333
/vessels/details/252588368,SUGANYU02883-68-49,Unknown,252588368
/vessels/details/252912199,60063-02-96,Unknown,252912199
/vessels/details/252001816,SUQIYU18111-207-49,Unknown,252001816
/vessels/details/252501902,17013-6-99,Unknown,252501902
/vessels/details/252200156,03118A6,Unknown,252200156
/vessels/details/252900018,FDM-18-71,Unknown,252900018
/vessels/details/252001774,SUGANYU18686-9-99,Unknown,252001774
/vessels/details/252002494,SUQIYU19067-9-79,Unknown,252002494
/vessels/details/252182303,ZHELINYU21823-001,Unknown,252182303
/vessels/details/252000807,04619-34-78,Unknown,252000807
/vessels/details/252000946,SUQIYU04736-47-73,Unknown,252000946
/vessels/details/252520010,JIANGCHENG-10-99,Unknown,252520010
/vessels/details/252400719,BIAO 02828-8-63,Unknown,252400719
/vessels/details/252100901,SUDIS1 2 -99,Unknown,252100901
/vessels/details/252355501,23555 318-1 50,Unknown,252355501
/vessels/details/252904404,00196-84-80,Unknown,252904404
/vessels/details/252188315,ZHELINYU21883-15-68,Unknown,252188315
/vessels/details/252533213,25332-13-99,Unknown,252533213
/vessels/details/252600233,WEI889-4-95,Unknown,252600233
/vessels/details/252001437,30YIBEIYOUWANG-92,Unknown,252001437
/vessels/details/252189302,ZHELINYU21893-2-77,Unknown,252189302
/vessels/details/252302856,HSD-NET-56,Unknown,252302856
/vessels/details/252903369,YU333-4-97,Unknown,252903369
/vessels/details/252202120,SOLITON-06006-80,Unknown,252202120
/vessels/details/252503298,68168-4-26,Unknown,252503298
/vessels/details/252108302,LIN21083-2-99,Unknown,252108302
/vessels/details/252902655,ZHEXIANGYU13222-23,Unknown,252902655
/vessels/details/252002177,SUGANYU01818-10-75,Unknown,252002177
/vessels/details/252191512,21915-12-96,Unknown,252191512
/vessels/details/252002343,SUGANY77599-22-90,Unknown,252002343
/vessels/details/252500233,35002-33-59,Unknown,252500233
/vessels/details/252903554,5296-008-90,Unknown,252903554
/vessels/details/252400098,18 GHE LUD34-73,Unknown,252400098
/vessels/details/252001149,INGT088-3-86,Unknown,252001149
/vessels/details/252181904,LIN21819-4-99,Unknown,252181904
/vessels/details/252600391,49238-6-99,Unknown,252600391
/vessels/details/252190815,LIN21908-15-43,Unknown,252190815
/vessels/details/252131220,ZHELINYU21312-20-93,Unknown,252131220
/vessels/details/252189805,ZHELINYU21898-10-99,Unknown,252189805
/vessels/details/252911206,SWORD 32-88,Unknown,252911206
/vessels/details/252001586,BAOLE-40-87,Unknown,252001586
/vessels/details/252200390,HSD-NET-58,Unknown,252200390
/vessels/details/252000156,SUQIYU04736-60-67,Unknown,252000156
/vessels/details/252600452,46688-42-38,Unknown,252600452
/vessels/details/252910482,SWORD 45-96,Unknown,252910482
/vessels/details/252904164,49402-6-88,Unknown,252904164
/vessels/details/252600240,MINPUYU02555-9-99,Unknown,252600240
/vessels/details/252902783,08299-37-60,Unknown,252902783
/vessels/details/252400493,1511-04-99,Unknown,252400493
/vessels/details/252001353,60059-3-99,Unknown,252001353
/vessels/details/252501165,05656-15-63,Unknown,252501165
/vessels/details/252190618,ZHELINYU21906-18-86,Unknown,252190618
/vessels/details/252400603,YANGZHIQU-10-80,Unknown,252400603
/vessels/details/252537820,25378-20-98,Unknown,252537820
/vessels/details/252190004,ZHELINYU21900-4-22,Unknown,252190004
/vessels/details/252200183,TIELONG1195907-46,Unknown,252200183
/vessels/details/252119805,21198-5-68,Unknown,252119805
/vessels/details/252159220,LIN21592-20-99,Unknown,252159220
/vessels/details/252002960,JILEYU03311-03-83,Unknown,252002960
/vessels/details/252119807,21198-7-81,Unknown,252119807
/vessels/details/252510104,HSD-NET-99,Unknown,252510104
/vessels/details/252502217,SUGANYU05758-43-44,Unknown,252502217
/vessels/details/252902053,MINPUYU14999-1-99,Unknown,252902053
/vessels/details/252165933,ZHELINYU21659-33-96,Unknown,252165933
/vessels/details/252905016,MINPUYU16666-19-99,Unknown,252905016
/vessels/details/252904110,00196-93-77,Unknown,252904110
/vessels/details/252911970,60063-01-92,Unknown,252911970
/vessels/details/252904779,MINPUYU16666-20-99,Unknown,252904779
/vessels/details/252000943,SUGANYU18686-4-99,Unknown,252000943
/vessels/details/252156312,21563-12-81,Unknown,252156312
/vessels/details/252502362,13096-16-93,Unknown,252502362
/vessels/details/252200049,CHANGSHENG2605-83,Unknown,252200049
/vessels/details/252880005,LIAOHUYU25288-5-98,Unknown,252880005
/vessels/details/252302429,HSD-NET-25,Unknown,252302429
/vessels/details/252200086,TIELONG61533204-99,Unknown,252200086
/vessels/details/252128928,LIN12892-8-99,Unknown,252128928
/vessels/details/252190103,ZHELINYU21901-03-86,Unknown,252190103
/vessels/details/252533221,25332-21-97,Unknown,252533221
/vessels/details/252100195,HSD-NET-99,Unknown,252100195
/vessels/details/252196924,ZHELINYU21969-24-97,Unknown,252196924
/vessels/details/252600035,46161-A4-99,Unknown,252600035
/vessels/details/252900108,XIAO CHUAN -92,Unknown,252900108
/vessels/details/252190601,ZHELINYU21906-01-93,Unknown,252190601
/vessels/details/252151536,LIN21515-36-51,Unknown,252151536
/vessels/details/252002592,SURUYU09136-138-77,Unknown,252002592
/vessels/details/252500624,13096-6-99,Unknown,252500624
/vessels/details/252190610,ZHELINYU21906-10-99,Unknown,252190610
/vessels/details/252001889,04619-33-66,Unknown,252001889
/vessels/details/252181102,21811-2-51,Unknown,252181102
/vessels/details/252181708,LIN21817-8-77,Unknown,252181708
/vessels/details/252156555,15655-5-57,Unknown,252156555
/vessels/details/252010183,LM2-85,Unknown,252010183
/vessels/details/252660015,25266-15-99,Unknown,252660015
/vessels/details/252125515,LIN21255-15-42,Unknown,252125515
/vessels/details/252003046,ZHEXIANGYU19536-25,Unknown,252003046
/vessels/details/252904463,00196-56-71,Unknown,252904463
/vessels/details/252010134,LM4-96,Unknown,252010134
/vessels/details/252900444,02052-2-68,Unknown,252900444
/vessels/details/252190616,ZHELINYU21906-16-82,Unknown,252190616
/vessels/details/252200506,11506-3,Unknown,252200506
/vessels/details/252900477,ZHEYU07518-203B-76,Unknown,252900477
/vessels/details/252600326,46688-26-98,Unknown,252600326
/vessels/details/252503446,19136-20-54,Unknown,252503446
/vessels/details/252181804,ZHELINYU21818-4-65,Unknown,252181804
/vessels/details/252160081,16008-1-48,Unknown,252160081
/vessels/details/252903250,03566-20-98,Unknown,252903250
/vessels/details/252192502,ZHELINYU21925-02-99,Unknown,252192502
/vessels/details/252502985,SUGANYU05158-10-88,Unknown,252502985
/vessels/details/252501145,05656-14-97,Unknown,252501145
/vessels/details/252911247,KE-FISHBUOY-01-71,Unknown,252911247
/vessels/details/252302877,HSD-NET-60,Unknown,252302877
/vessels/details/252188915,LIN21889-15-02,Unknown,252188915
/vessels/details/252901648,MINPUYU55668-17-97,Unknown,252901648
/vessels/details/252000201,3-12345-1-86,Unknown,252000201
/vessels/details/252588359,SUGANYU02883-59-03,Unknown,252588359
/vessels/details/252215774,LIN 21577-4-61,Unknown,252215774
/vessels/details/252197310,ZHELINYU21973-10-90,Unknown,252197310
/vessels/details/252400951,06228-4-98,Unknown,252400951
/vessels/details/252196815,ZHELINYU21968-15-99,Unknown,252196815
/vessels/details/252001326,04666-48-86,Unknown,252001326
/vessels/details/252118117,21181-17-56,Unknown,252118117
/vessels/details/252000203,3-12345-3-96,Unknown,252000203
/vessels/details/252181720,LIN21817-20-47,Unknown,252181720
/vessels/details/252885350,28853-50-96,Unknown,252885350
/vessels/details/252732195,LXK32195-258.3V,Unknown,252732195
/vessels/details/252001551,61999 6-99,Unknown,252001551
/vessels/details/252501676,05656-8-52,Unknown,252501676
/vessels/details/252911580,YUDUODUO3-5-50,Unknown,252911580
/vessels/details/252500209,35002-9-58,Unknown,252500209
/vessels/details/252300978,SOLITON-06011-96,Unknown,252300978
/vessels/details/252911779,618-02-76,Unknown,252911779
/vessels/details/252400517,LUDONGYU61120-1-73,Unknown,252400517
/vessels/details/252151513,21515-13-87,Unknown,252151513
/vessels/details/252901427,02356-1-39,Unknown,252901427
/vessels/details/252510069,HSD-NET-99,Unknown,252510069
/vessels/details/252905010,LIAOWAYU75219-31,Unknown,252905010
/vessels/details/252181126,21811-26-44,Unknown,252181126
/vessels/details/252200204,TIELONG61166201-99,Unknown,252200204
/vessels/details/252900007,F D M NO. 07,Cargo ship,252900007
/vessels/details/252624444,25262-4,Unknown,252624444
/vessels/details/252192508,ZHELINYU21925-08-99,Unknown,252192508
/vessels/details/252500232,35002-32-75,Unknown,252500232
/vessels/details/252101211,FAHAD 2 -99,Unknown,252101211
/vessels/details/252515107,5151-7-61,Unknown,252515107
/vessels/details/252600048,MINPUYU55668-18-99,Unknown,252600048
/vessels/details/252600883,46999-14-93,Unknown,252600883
/vessels/details/252127806,ZHELINYU21278-6-89,Unknown,252127806
/vessels/details/252502933,SUGANYU05758-40-96,Unknown,252502933
/vessels/details/252191901,ZLY21919-1-85,Unknown,252191901
/vessels/details/252100969,SUDIS1 1 -99,Unknown,252100969
/vessels/details/252911376,SWORD 29-89,Unknown,252911376
/vessels/details/252198326,ZHELINYU21983-26-,Unknown,252198326
/vessels/details/252001682,LULONGYU60028 3-74,Unknown,252001682
/vessels/details/252903206,6886-17-99,Unknown,252903206
/vessels/details/252002572,SUGANYU06262-12-84,Unknown,252002572
/vessels/details/252901182,45168-A2-99,Unknown,252901182
/vessels/details/252510064,HSD-NET-99,Unknown,252510064
/vessels/details/252600146,46161-A1-99,Unknown,252600146
/vessels/details/252002677,05986-5-64,Unknown,252002677
/vessels/details/252902779,LIAOJINYU15589-7-99,Unknown,252902779
/vessels/details/252190613,ZHELINYU21906-13-99C,Unknown,252190613
/vessels/details/252135905,ZHELINYU21359-7-59,Unknown,252135905
/vessels/details/252181128,21811-28-93,Unknown,252181128
/vessels/details/252900518,MINPUYU55668-3-99,Unknown,252900518
/vessels/details/252002329,SUGANYU01818-14-99,Unknown,252002329
/vessels/details/252600129,46688-43-65,Unknown,252600129
/vessels/details/252002639,SURUYU02166-20-43,Unknown,252002639
/vessels/details/252131202,ZHELINYU21312-02-78,Unknown,252131202
/vessels/details/252003045,ZHEXIANGYU19536-2,Unknown,252003045
/vessels/details/252901428,02356-3-97,Unknown,252901428
/vessels/details/252182305,LIN21823-5-58,Unknown,252182305
/vessels/details/252001559,05986-44-82,Unknown,252001559
/vessels/details/252159108,ZHELINYU21591-08-85,Unknown,252159108
/vessels/details/252400324,06228-3-99,Unknown,252400324
/vessels/details/252515118,5151-18-86,Unknown,252515118
/vessels/details/252108305,LIN21083-5-99,Unknown,252108305
/vessels/details/252100790,HSD-NET-99,Unknown,252100790
/vessels/details/252912185,618-03-91,Unknown,252912185
/vessels/details/252905022,00123-62-99,Unknown,252905022
/vessels/details/252399904,LIAOHUYU23999-4-99,Unknown,252399904
/vessels/details/252100730,MUJAHIDEEN 4 -99,Unknown,252100730
/vessels/details/252000168,30YIBEIYOUWANG-60,Unknown,252000168
/vessels/details/252912156,WANGDINANBIAN7-74,Unknown,252912156
/vessels/details/252903275,03566-6-49,Unknown,252903275
/vessels/details/252911662,PTR50-03-82,Unknown,252911662
/vessels/details/252902605,LIAOJINYU15045-9-94,Unknown,252902605
/vessels/details/252502218,SUGANYU05698-76-97,Unknown,252502218
/vessels/details/252902246,46557-4-95,Unknown,252902246
/vessels/details/252159212,LIN21592-12-99,Unknown,252159212
/vessels/details/252911375,SWORD 33-82,Unknown,252911375
/vessels/details/252502187,13096-17-60,Unknown,252502187
/vessels/details/252902480,00093-55-76,Unknown,252902480
/vessels/details/252502679,SUGANYU05758-42-50,Unknown,252502679
/vessels/details/252502733,05656-21-95,Unknown,252502733
/vessels/details/252001844,05989-3-86,Unknown,252001844
/vessels/details/252001073,ZHECANGYU08882-51,Unknown,252001073
/vessels/details/252100970,AL-YADOLLAHI 1,Unknown,252100970
/vessels/details/252197910,LIN21979-10-27,Unknown,252197910
/vessels/details/252136815,LIN21368-15-99,Unknown,252136815
/vessels/details/252576905,25769-5-25,Unknown,252576905
/vessels/details/252904559,03566-5-95,Unknown,252904559
/vessels/details/252902227,6886-16-99,Unknown,252902227
/vessels/details/252100987,MOOSA 2-99,Unknown,252100987
/vessels/details/252506929,05069-29-96,Unknown,252506929
/vessels/details/252996203,ZICAIQU29962-3-99,Unknown,252996203
/vessels/details/252904872,46557-A10-90,Unknown,252904872
/vessels/details/252302706,HSD-NET-04,Unknown,252302706
/vessels/details/252904451,88588-3-99,Unknown,252904451
/vessels/details/252000825,04666-28-49,Unknown,252000825
/vessels/details/252400946,BIAO 02828-2-56,Unknown,252400946
/vessels/details/252159206,LIN21592-6-56,Unknown,252159206
/vessels/details/252002822,B001-88,Unknown,252002822
/vessels/details/252902150,03566-26-40,Unknown,252902150
/vessels/details/252033007,LIN33018-7-54,Unknown,252033007
/vessels/details/252901431,02356-5-31,Unknown,252901431
/vessels/details/252002515,SUGANYU01919-9-99,Unknown,252002515
/vessels/details/252903688,LIAOYINGYU3689-8,Unknown,252903688
/vessels/details/252900034,MINPUYU55668-14-89,Unknown,252900034
/vessels/details/252911518,918-19-75,Unknown,252911518
/vessels/details/252900189,28038-5-99,Unknown,252900189
/vessels/details/252190017,ZHELINYU21900-17-,Unknown,252190017
/vessels/details/252001126,ZHECANGYU08882-55,Unknown,252001126
/vessels/details/252903737,MINPINGYU60638-5-77,Unknown,252903737
/vessels/details/252000554,JILEYU03311-02-77,Unknown,252000554
/vessels/details/252602623,69128-5-67,Unknown,252602623
/vessels/details/252001363,SURUYU09136-134-91,Unknown,252001363
/vessels/details/252400748,BIAO 02818-1-99,Unknown,252400748
/vessels/details/252101130,HSD-NET-99,Unknown,252101130
/vessels/details/252190036,ZHELINYU21900-36-,Unknown,252190036
/vessels/details/252903127,00557-A5-94,Unknown,252903127
/vessels/details/252132805,21328-5-83,Unknown,252132805
/vessels/details/252110014,ZHAOMEIGONG001-2-74,Unknown,252110014
/vessels/details/252502575,SUGANYU05158-9-99,Unknown,252502575
/vessels/details/252500705,SUGANYU05758-35-26,Unknown,252500705
/vessels/details/252200171,CHANGSHENG2614-92,Unknown,252200171
/vessels/details/252660105,LIAOHUYU25266-5-68,Unknown,252660105
/vessels/details/252911311,SWORD 48-97,Unknown,252911311
/vessels/details/252188337,ZHELINYU21883-37-66,Unknown,252188337
/vessels/details/252131208,ZHELINYU21312-08-87,Unknown,252131208
/vessels/details/252200214,TIELONG1195929-58,Unknown,252200214
/vessels/details/252600425,46688-29-83,Unknown,252600425
/vessels/details/252904152,28038-7-99,Unknown,252904152
/vessels/details/252515120,5151-20-98,Unknown,252515120
/vessels/details/252189803,ZHELINYU21898-3-84,Unknown,252189803
/vessels/details/252131210,ZHELINYU21312-10-91,Unknown,252131210
/vessels/details/252190608,ZHELINYU21906-08-85,Unknown,252190608
/vessels/details/252000831,SUGANYU18686-2-97,Unknown,252000831
/vessels/details/252904236,00196-79-89,Unknown,252904236
/vessels/details/252904580,6345-10-86,Unknown,252904580
/vessels/details/252500204,35002-4-63,Unknown,252500204
/vessels/details/252904221,00196-57-98,Unknown,252904221
/vessels/details/252904286,MINPUYU16666-3-99,Unknown,252904286
/vessels/details/252190116,ZHELINYU21901-16-94,Unknown,252190116
/vessels/details/252270273,27027-3-60,Unknown,252270273
/vessels/details/252800015,LIAOHUYU25280-5-76,Unknown,252800015
/vessels/details/252222203,55028-572,Unknown,252222203
/vessels/details/252182310,LIN21823-10-99,Unknown,252182310
/vessels/details/252600847,46999-5-71,Unknown,252600847
/vessels/details/252903778,1268-20-91,Unknown,252903778
/vessels/details/252303520,HSD-NET-99,Unknown,252303520
/vessels/details/252881515,28815-15-72,Unknown,252881515
/vessels/details/252001864,SUGANYU01919-2-99,Unknown,252001864
/vessels/details/252002920,30YIBEIYOUWANG-83,Unknown,252002920
/vessels/details/252600455,46688-45-99,Unknown,252600455
/vessels/details/252911597,BUDUI03-63,Unknown,252911597
/vessels/details/252202122,SOLITON-06002-65,Unknown,252202122
/vessels/details/252002221,SUQIYU18111-218-04,Unknown,252002221
/vessels/details/252190113,ZHELINYU21901-13-92,Unknown,252190113
/vessels/details/252181215,LIN21812-15-47,Unknown,252181215
/vessels/details/252400373,BIAO 02828-6-73,Unknown,252400373
/vessels/details/252502340,19249-69,Unknown,252502340
/vessels/details/252102700,GAMALA,WIG,252102700
/vessels/details/252100292,HSD-NET-99,Unknown,252100292
/vessels/details/252502600,SUGANYU05158-16-99,Unknown,252502600
/vessels/details/252151510,21515-10-96,Unknown,252151510
/vessels/details/252512012,ZHEXIANGYU25120-6,Unknown,252512012
/vessels/details/252910975,IR FISH BUOY 38-99,Unknown,252910975
/vessels/details/252903552,LIAOJINYU15045-5-82,Unknown,252903552
/vessels/details/252156314,21563-14-98,Unknown,252156314
/vessels/details/252192205,ZLY21922-5-92,Unknown,252192205
/vessels/details/252101172,HSD-NET-31,Unknown,252101172
/vessels/details/252660008,ZHEDAIYU06898-2689,Unknown,252660008
/vessels/details/252196917,ZHELINYU21969-17-99,Unknown,252196917
/vessels/details/252000930,04666-36-13,Unknown,252000930
/vessels/details/252904109,00196-85-85,Unknown,252904109
/vessels/details/252901614,568-20-99,Unknown,252901614
/vessels/details/252576902,25769-2-59,Unknown,252576902
/vessels/details/252557510,05575-10-92,Unknown,252557510
/vessels/details/252904825,1268-7-80,Unknown,252904825
/vessels/details/252600037,40086-B6-88,Unknown,252600037
/vessels/details/252159630,ZHELINYU21596-30-92,Unknown,252159630
/vessels/details/252003048,ZHEXIANGYU19536-23,Unknown,252003048
/vessels/details/252181911,LIN21819-11-99,Unknown,252181911
/vessels/details/252600443,46161-A6-99,Unknown,252600443
/vessels/details/252000948,05986-3-86,Unknown,252000948
/vessels/details/252002499,ZHECANGYU08882-59,Unknown,252002499
/vessels/details/252901176,19811-3-99,Unknown,252901176
/vessels/details/252479863,HOANG GIA 01,Fishing vessel,252479863
/vessels/details/252600134,5864-3-99,Unknown,252600134
/vessels/details/252202015,HSD-NET-99,Unknown,252202015
/vessels/details/252002864,30YIBEIYOUWANG-52,Unknown,252002864
/vessels/details/252911715,YUDUODUO3-8-73,Unknown,252911715
/vessels/details/252911822,918-10-82,Unknown,252911822
/vessels/details/252150108,21501A-A8-66,Unknown,252150108
/vessels/details/252088805,666888-5-96,Unknown,252088805
/vessels/details/252600488,SUGANYU05368-2-99,Unknown,252600488
/vessels/details/252902694,1268-3-99,Unknown,252902694
/vessels/details/252506901,05069-1-80,Unknown,252506901
/vessels/details/252604111,SUQIYU03604-1118.2V,Unknown,252604111
/vessels/details/252002996,ZHEXIANGYU19536-6,Unknown,252002996
/vessels/details/252902378,00196-67-99,Unknown,252902378
/vessels/details/252600477,49601-4-98,Unknown,252600477
/vessels/details/252200356,CHANGSHENG2602-62,Unknown,252200356
/vessels/details/252001705,09662-43-64,Unknown,252001705
/vessels/details/252002943,SUGANYU01919-18-99,Unknown,252002943
/vessels/details/252904606,6886-9-99,Unknown,252904606
/vessels/details/252902462,MINPUYU16666-12-99,Unknown,252902462
/vessels/details/252183813,21838-13-96,Unknown,252183813
/vessels/details/252900921,MINPUYU 02555-15-99,Unknown,252900921
/vessels/details/252126219,21262-18-94,Unknown,252126219
/vessels/details/252905033,LIAOYINGYU3689-6,Unknown,252905033
/vessels/details/252903021,46288-13-97,Unknown,252903021
/vessels/details/252192213,ZLY21922-13-94,Unknown,252192213
/vessels/details/252900023,FDM-23-75,Unknown,252900023
/vessels/details/252902760,00093-53-77,Unknown,252902760
/vessels/details/252111111,68895-BEI-1-97,Unknown,252111111
/vessels/details/252902178,MINPINGYU60638-4-76,Unknown,252902178
/vessels/details/252181901,LIN21819-1-96,Unknown,252181901
/vessels/details/252902487,00093-71-81,Unknown,252902487
/vessels/details/252101033,HSD-NET-99,Unknown,252101033
/vessels/details/252900687,ZHELIN12881-14-99,Unknown,252900687
/vessels/details/252500212,35002-12-74,Unknown,252500212
/vessels/details/252904106,00196-94-99,Unknown,252904106
/vessels/details/252983472,00557-16-70,Unknown,252983472
/vessels/details/252151515,21515-15-99,Unknown,252151515
/vessels/details/252159114,ZHELINYU21591-14-86,Unknown,252159114
/vessels/details/252558907,DONGTAIYU11589-7-48,Unknown,252558907
/vessels/details/252202124,SOLITON-06003-23,Unknown,252202124
/vessels/details/252127811,ZHELINYU21278-11-56,Unknown,252127811
/vessels/details/252195334,ZHELINYU21953-34-93,Unknown,252195334
/vessels/details/252100940,AL-FATEMI 2 -99,Unknown,252100940
/vessels/details/252903273,00557-A1-99,Unknown,252903273
/vessels/details/252200014,TIELONG61533202-68,Unknown,252200014
/vessels/details/252100313,SSN-FISHBUOY-52-57,Unknown,252100313
/vessels/details/252198318,ZHELINYU21983-18-,Unknown,252198318
/vessels/details/252001962,SURUYU09136-133-90,Unknown,252001962
/vessels/details/252984467,00557-27-99,Unknown,252984467
/vessels/details/252002908,04666-51-80,Unknown,252002908
/vessels/details/252903056,MINPUYU05111-15-99,Unknown,252903056
/vessels/details/252602621,69128-2-94,Unknown,252602621
/vessels/details/252002377,B004-78,Unknown,252002377
/vessels/details/252010171,ALFA BUOY FISHING 6,Unknown,252010171
/vessels/details/252506921,05069-21-81,Unknown,252506921
/vessels/details/252099208,INJI61333 019-63,Unknown,252099208
/vessels/details/252190115,ZHELINYU21901-15-90,Unknown,252190115
/vessels/details/252190002,LIAOPANYU25219-2-,Unknown,252190002
/vessels/details/252520013,JIANGCHENG-13-90,Unknown,252520013
/vessels/details/252512017,ZHEXIANGYU25120-8,Unknown,252512017
/vessels/details/252101122,HSD-NET-99,Unknown,252101122
/vessels/details/252902172,1268-18-99,Unknown,252902172
/vessels/details/252903241,4003-B7-94,Unknown,252903241
/vessels/details/252800104,LIAOHUYU25280-4-99,Unknown,252800104
/vessels/details/252904685,00557-11-97,Unknown,252904685
/vessels/details/252600015,46161-7-99,Unknown,252600015
/vessels/details/252190111,ZHELINYU21901-11-84,Unknown,252190111
/vessels/details/252904937,46019-11-99,Unknown,252904937
/vessels/details/252000069,61888 9-41,Unknown,252000069
/vessels/details/252200190,HSD-NET-71,Unknown,252200190
/vessels/details/252192201,ZLY21922-1-99,Unknown,252192201
/vessels/details/252911842,YUDUODUO4-7-57,Unknown,252911842
/vessels/details/252195333,ZHELINYU21953-33-85,Unknown,252195333
/vessels/details/252181913,LIN21819-13-20,Unknown,252181913
/vessels/details/252181106,21811-6-65,Unknown,252181106
/vessels/details/252600121,23303-15-86,Unknown,252600121
/vessels/details/252198708,LIN21987-8-99,Unknown,252198708
/vessels/details/252000316,ZHECANGYU08882-58,Unknown,252000316
/vessels/details/252132803,21328-3-81,Unknown,252132803
/vessels/details/252000315,ZHECANGYU08882-64,Unknown,252000315
/vessels/details/252500900,SUGANYU05758-39-58,Unknown,252500900
/vessels/details/252502189,13096-19-72,Unknown,252502189
/vessels/details/252001690,04619-49-62,Unknown,252001690
/vessels/details/252515106,5151-6-99,Unknown,252515106
/vessels/details/252501142,SUGANYU05758-54-97,Unknown,252501142
/vessels/details/252555817,BIAO 05558-17-74,Unknown,252555817
/vessels/details/252159204,LIN21592-4-58,Unknown,252159204
/vessels/details/252200177,TIELONG1195906-84,Unknown,252200177
/vessels/details/252302719,HSD-NET-99,Unknown,252302719
/vessels/details/252904070,LIAOJINYU15589-9-99,Unknown,252904070
/vessels/details/252900185,28038-1-83,Unknown,252900185
/vessels/details/252600390,49238-5-99,Unknown,252600390
/vessels/details/252600709,SUGANYU05368-5-99,Unknown,252600709
/vessels/details/252302810,HSD-NET-49,Unknown,252302810
/vessels/details/252200321,00171-51,Unknown,252200321
/vessels/details/252181914,LIN21819-14-63,Unknown,252181914
/vessels/details/252306161,HSD-NET-52,Unknown,252306161
/vessels/details/252003003,ZHEXIANGYU19536-22,Unknown,252003003
/vessels/details/252159117,ZHELINYU21591-24-39C,Unknown,252159117
/vessels/details/252200247,TIELONG1195943-77,Unknown,252200247
/vessels/details/252600057,5864-1-99,Unknown,252600057
/vessels/details/252400541,65999-3-96,Unknown,252400541
/vessels/details/252660024,25266-24-99,Unknown,252660024
/vessels/details/252001842,FEI-08-86,Unknown,252001842
/vessels/details/252401025,HANNANTIAOCHA-005,Unknown,252401025
/vessels/details/252901891,MINPUYU55668-1-98,Unknown,252901891
/vessels/details/252001134,SUQIYU04736-48-72,Unknown,252001134
/vessels/details/252903347,00557-A6-99,Unknown,252903347
/vessels/details/252128608,LIN 21286-8-50,Unknown,252128608
/vessels/details/252902509,46288-16-99,Unknown,252902509
/vessels/details/252500967,13096-7-36,Unknown,252500967
/vessels/details/252990005,25299-5,Unknown,252990005
/vessels/details/252903907,00196-53-69,Unknown,252903907
/vessels/details/252088808,666888-8-98,Unknown,252088808
/vessels/details/252157226,LIN21572-26-47,Unknown,252157226
/vessels/details/252902102,00196-99-64,Unknown,252902102
/vessels/details/252911119,FISH ON 39-98,Unknown,252911119
/vessels/details/252660007,ZHELINGYU88120-384,Unknown,252660007
/vessels/details/252002644,SUGANYU06262-15-99,Unknown,252002644
/vessels/details/252503224,6298-30-99,Unknown,252503224
/vessels/details/252533212,25332-12-98,Unknown,252533212
/vessels/details/252195332,ZHELINYU21953-32-80,Unknown,252195332
/vessels/details/252600664,12115-13-78,Unknown,252600664
/vessels/details/252166502,ZHELINYU21665-2-89,Unknown,252166502
/vessels/details/252188313,ZHELINYU21883-13-99,Unknown,252188313
/vessels/details/252502978,SUGANYU05758-59-81,Unknown,252502978
/vessels/details/252510005,HSD-NET-99,Unknown,252510005
/vessels/details/252902442,00123-61-99,Unknown,252902442
/vessels/details/252132807,21328-7-69,Unknown,252132807
/vessels/details/252502474,SUGANYU05698-68-92,Unknown,252502474
/vessels/details/252118803,21188-3-85,Unknown,252118803
/vessels/details/252002521,05986-30-32,Unknown,252002521
/vessels/details/252100536,KYAN TAI AUNG-1-99,Unknown,252100536
/vessels/details/252510079,HSD-NET-54,Unknown,252510079
/vessels/details/252885355,28853-55-85,Unknown,252885355
/vessels/details/252190101,ZHELINYU21901-01-88,Unknown,252190101
/vessels/details/252000206,3-12345-6-82,Unknown,252000206
/vessels/details/252500562,05656-13-74,Unknown,252500562
/vessels/details/252901570,ZHELIN12881-2-97,Unknown,252901570
/vessels/details/252503156,19126-22-30,Unknown,252503156
/vessels/details/252100871,KYAN TAI AUNG-2-95,Unknown,252100871
/vessels/details/252222351,SUQIYU02223-518.2V,Unknown,252222351
/vessels/details/252100216,HSD-NET-99,Unknown,252100216
/vessels/details/252902813,29028-13-87,Unknown,252902813
/vessels/details/252900560,ZHEYU07518-206B-94,Unknown,252900560
/vessels/details/252904979,46288-10-99,Unknown,252904979
/vessels/details/252503010,19153-1-79,Unknown,252503010
/vessels/details/252198321,ZHELINYU21983-21-,Unknown,252198321
/vessels/details/252002340,SURUYU09136-130-99,Unknown,252002340
/vessels/details/252903301,00196-82-84,Unknown,252903301
/vessels/details/252001790,SURUYU09136-136-99,Unknown,252001790
/vessels/details/252000990,05986-8-73,Unknown,252000990
/vessels/details/252001702,61999 2-52,Unknown,252001702
/vessels/details/252126221,21262-3-02,Unknown,252126221
/vessels/details/252192204,ZLY21922-4-86,Unknown,252192204
/vessels/details/252010384,ANTHONY3-61,Unknown,252010384
/vessels/details/252001343,05986-22-71,Unknown,252001343
/vessels/details/252600350,15155-2-98,Unknown,252600350
/vessels/details/252135904,ZHELINYU21359-4-80,Unknown,252135904
/vessels/details/252996205,ZICAIQU29962-5-93,Unknown,252996205
/vessels/details/252136903,21369-3-56,Unknown,252136903
/vessels/details/252001183,04666-6-32,Unknown,252001183
/vessels/details/252156730,21567-30-92,Unknown,252156730
/vessels/details/252156729,21567-29-82,Unknown,252156729
/vessels/details/252000070,SUGANYU06262-5-99,Unknown,252000070
/vessels/details/252355505,23555 318-5 50,Unknown,252355505
/vessels/details/252400476,YANGZHIQU-1-99,Unknown,252400476
/vessels/details/252002157,LULONGYU60028 13-79,Unknown,252002157
/vessels/details/252600891,46999-19-95,Unknown,252600891
/vessels/details/252179713,ZHELINYU-21797-13,Unknown,252179713
/vessels/details/252002687,SUGANYU06969-15-90,Unknown,252002687
/vessels/details/252001666,54YIDONGYOUWANG-67,Unknown,252001666
/vessels/details/252100549,HSD-NET-99,Unknown,252100549
/vessels/details/252002422,SUGANYU01818-9-98,Unknown,252002422
/vessels/details/252197921,ZHELINYU21979-21-,Unknown,252197921
/vessels/details/252197909,ZHELINYU21979-9-99,Unknown,252197909
/vessels/details/252159621,ZHELINYU21596-21-92,Unknown,252159621
/vessels/details/252501205,SUGANYU05758-36-99,Unknown,252501205
/vessels/details/252001025,04666-31-89,Unknown,252001025
/vessels/details/252401897,568-13-99,Unknown,252401897
/vessels/details/252159112,ZHELINYU21591-22-88,Unknown,252159112
/vessels/details/252250704,22507-04-84,Unknown,252250704
/vessels/details/252196531,YU 96531 -2 82,Other type,252196531
/vessels/details/252911328,SWORD 47-87,Unknown,252911328
/vessels/details/252502018,68168-3-65,Unknown,252502018
/vessels/details/252101666,HLY0003-1-82,Unknown,252101666
/vessels/details/252902884,03566-21-87,Unknown,252902884
/vessels/details/252503402,13096-2-50,Unknown,252503402
/vessels/details/252159608,ZHELINYU21596-08-91,Unknown,252159608
/vessels/details/252000511,SUGANYU06969-2-93,Unknown,252000511
/vessels/details/252500224,35002-24-22,Unknown,252500224
/vessels/details/252188715,LIN21887-15-37,Unknown,252188715
/vessels/details/252400967,00538-7-99,Unknown,252400967
/vessels/details/252501020,SUGANYU05758-60-83,Unknown,252501020
/vessels/details/252700172,HSD-NET-79,Unknown,252700172
/vessels/details/252912175,WANGDINANBIAN8-39,Unknown,252912175
/vessels/details/252500703,SUGANYU05758-53-83,Unknown,252500703
/vessels/details/252001355,60059-5-81,Unknown,252001355
/vessels/details/252500480,19138-10-58,Unknown,252500480
/vessels/details/252197314,ZHELINYU21973-14-99,Unknown,252197314
/vessels/details/252904777,MINPUYU16666-10-99,Unknown,252904777
/vessels/details/252400318,ZHEDONGYU01289-8-,Unknown,252400318
/vessels/details/252159216,LIN21592-16-99,Unknown,252159216
/vessels/details/252168112,LIN 21681-12-99,Unknown,252168112
/vessels/details/252512010,ZHEXIANGYU25120-4,Unknown,252512010
/vessels/details/252181709,LIN21817-9-32,Unknown,252181709
/vessels/details/252002496,SUGANYU18686-8-99,Unknown,252002496
/vessels/details/252901679,MINPUYU 02555-20-36,Unknown,252901679
/vessels/details/252600668,46999-34-99,Unknown,252600668
/vessels/details/252000705,02899-12-78,Unknown,252000705
/vessels/details/252187135,LIN21871-35-75,Unknown,252187135
/vessels/details/252904187,HSD-NET-99,Unknown,252904187
/vessels/details/252003032,ZHEXIANGYU19536-18,Unknown,252003032
/vessels/details/252502464,16066-6-57,Unknown,252502464
/vessels/details/252196910,ZHELINYU21969-10-99,Unknown,252196910
/vessels/details/252001581,61888 4-43,Unknown,252001581
/vessels/details/252881507,ZHELINGYU28815-7-93,Unknown,252881507
/vessels/details/252900123,45168-B3-99,Unknown,252900123
/vessels/details/252525255,PANTAI LOSARI MKS,Fishing vessel,252525255
/vessels/details/252901459,MINPUYU55668-7-98,Unknown,252901459
/vessels/details/252100921,HOUT MIRAS 4 -99,Unknown,252100921
/vessels/details/252024302,AEOLUS,Sailing vessel,252024302
/vessels/details/252002693,05986-41-63,Unknown,252002693
/vessels/details/252197309,ZHELINYU21973-09-85,Unknown,252197309
/vessels/details/252903711,6886-1-99,Unknown,252903711
/vessels/details/252911531,WANGDIDONGBIAN2-75,Unknown,252911531
/vessels/details/252100869,TARIQ BOYA 1-99,Unknown,252100869
/vessels/details/252200327,CHANGSHENG2612-99,Unknown,252200327
/vessels/details/252800013,LIAOHUYU25280-3-15,Unknown,252800013
/vessels/details/252199908,ZHELINYU21999-8-99,Unknown,252199908
/vessels/details/252103815,LIN21038-15-90,Unknown,252103815
/vessels/details/252903744,057-10-99,Unknown,252903744
/vessels/details/252197913,ZHELINYU21979-13-,Unknown,252197913
/vessels/details/252159211,LIN21592-11-94,Unknown,252159211
/vessels/details/252000806,SUGANYU01919-16-95,Unknown,252000806
/vessels/details/252001545,SUGANYU06262-1-99,Unknown,252001545
/vessels/details/252131206,ZHELINYU21312-06-87,Unknown,252131206
/vessels/details/252600528,46688-30-99,Unknown,252600528
/vessels/details/252600389,49238-4-95,Unknown,252600389
/vessels/details/252904038,00196-96-89,Unknown,252904038
/vessels/details/252903509,6294-27-98,Unknown,252903509
/vessels/details/252502167,13096-5-62,Unknown,252502167
/vessels/details/252181912,LIN21819-12-99,Unknown,252181912
/vessels/details/252501032,05656-20-83,Unknown,252501032
/vessels/details/252198330,ZHELINYU21983-30-,Unknown,252198330
/vessels/details/252151501,21515-1-99,Unknown,252151501
/vessels/details/252000910,BAOLE-27-88,Unknown,252000910
/vessels/details/252200094,03118A2,Unknown,252200094
/vessels/details/252200291,TIELONG1195901-71,Unknown,252200291
/vessels/details/252181827,ZHELINYU21818-27-86,Unknown,252181827
/vessels/details/252600108,WEI889-1-74,Unknown,252600108
/vessels/details/252100537,HSD-NET-99,Unknown,252100537
/vessels/details/252198309,ZHELINYU21983-9-93,Unknown,252198309
/vessels/details/252600446,05695-3-99,Unknown,252600446
/vessels/details/252159102,ZHELINYU21591-26-79,Unknown,252159102
/vessels/details/252181702,LIN21817-2-17,Unknown,252181702
/vessels/details/252002884,61999 4-74,Unknown,252002884
/vessels/details/252593886,SUGANYU02938-86-99,Unknown,252593886
/vessels/details/252510085,HSD-NET-99,Unknown,252510085
/vessels/details/252501994,13096-3-64,Unknown,252501994
/vessels/details/252002666,04619-36-72,Unknown,252002666
/vessels/details/252500215,35002-15-78,Unknown,252500215
/vessels/details/252902261,ZHEPINGYU82158-3-80,Unknown,252902261
/vessels/details/252600486,16588-11-74,Unknown,252600486
/vessels/details/252500869,LIN21996-9-18,Unknown,252500869
/vessels/details/252196918,ZHELINYU21969-18-99,Unknown,252196918
/vessels/details/252400815,LUDONGYU69999-9-95,Unknown,252400815
/vessels/details/252610267,46447-1-99,Unknown,252610267
/vessels/details/252002987,SUGANYU06969-10-96,Unknown,252002987
/vessels/details/252904695,88588-1-90,Unknown,252904695
/vessels/details/252181121,21811-21-51,Unknown,252181121
/vessels/details/252300923,SOLITON-06023-99,Unknown,252300923
/vessels/details/252903258,YU333-1-82,Unknown,252903258
/vessels/details/252900572,ZHEYU07665-6A-99,Unknown,252900572
/vessels/details/252904647,49338-9-99,Unknown,252904647
/vessels/details/252901668,12868-1-48,Unknown,252901668
/vessels/details/252181117,21811-17-86,Unknown,252181117
/vessels/details/252100620,HSD-NET-94,Unknown,252100620
/vessels/details/252188605,LIN21886-5-60,Unknown,252188605
/vessels/details/252902274,MINPINGYU60638-3-80,Unknown,252902274
/vessels/details/252512024,ZHEXIANGYU25120-15,Unknown,252512024
/vessels/details/252911853,60063-03-85,Unknown,252911853
/vessels/details/252510042,HSD-NET-99,Unknown,252510042
/vessels/details/252181110,21811-10-88,Unknown,252181110
/vessels/details/252501567,SUGANYU05758-34-99,Unknown,252501567
/vessels/details/252600395,49238-10-99,Unknown,252600395
/vessels/details/252002648,SURUYU09136-137-91,Unknown,252002648
/vessels/details/252197917,ZHELINYU21979-17-,Unknown,252197917
/vessels/details/252108303,ZHELINYU21083-88,Unknown,252108303
/vessels/details/252000623,JILEYU02360-20-88,Unknown,252000623
/vessels/details/252904156,28038-10-86,Unknown,252904156
/vessels/details/252186010,FUWANG21860-10-69,Unknown,252186010
/vessels/details/252100465,SSN-FISHBUOY-43-99,Unknown,252100465
/vessels/details/252500920,19138-3-68,Unknown,252500920
/vessels/details/252911508,BUDUI01-54,Unknown,252911508
/vessels/details/252400426,BIAO 05996-1-99,Unknown,252400426
/vessels/details/252155101,21551-1-75,Unknown,252155101
/vessels/details/252900020,FDM-20-99,Unknown,252900020
/vessels/details/252158822,LIN 21588-22-98,Unknown,252158822
/vessels/details/252600380,46688-25-75,Unknown,252600380
/vessels/details/252900445,02052-3-53,Unknown,252900445
/vessels/details/252903747,MINPUYU16666-1-99,Unknown,252903747
/vessels/details/252910451,SWORD 31-94,Unknown,252910451
/vessels/details/252191915,LIN21919-15-56,Unknown,252191915
/vessels/details/252101107,HSD-NET-99,Unknown,252101107
/vessels/details/252001065,ZHECANGYU08882-68,Unknown,252001065
/vessels/details/252001695,SUGANYU01818-20-99,Unknown,252001695
/vessels/details/252000960,SUQIYU04736-38-84,Unknown,252000960
/vessels/details/252911832,60063-01-93,Unknown,252911832
/vessels/details/252189308,ZHELINYU21893-8-95,Unknown,252189308
/vessels/details/252002678,05986-1-68,Unknown,252002678
/vessels/details/252904769,08299-42-83,Unknown,252904769
/vessels/details/252210572,PORNNUWAT,Unknown,252210572
/vessels/details/252506916,05069-16-92,Unknown,252506916
/vessels/details/252101199,AL-MUDASSAR 2,Unknown,252101199
/vessels/details/252100304,SSN-FISHBUOY-53-83,Unknown,252100304
/vessels/details/252602202,008-90,Unknown,252602202
/vessels/details/252910483,HSD-NET-81,Unknown,252910483
/vessels/details/252185215,LIN21852-15-84,Unknown,252185215
/vessels/details/252119801,21198-1-67,Unknown,252119801
/vessels/details/252003049,ZHEXIANGYU19536-3,Unknown,252003049
/vessels/details/252070035,YUWANGQU35-99,Unknown,252070035
/vessels/details/252904465,6345-11-84,Unknown,252904465
/vessels/details/252202128,SOLITON-06005-99,Unknown,252202128
/vessels/details/252198312,ZHELINYU21983-12-,Unknown,252198312
/vessels/details/252000205,3-12345-5-73,Unknown,252000205
/vessels/details/252803566,00557-25-99,Unknown,252803566
/vessels/details/252101145,HSD-NET-99,Unknown,252101145
/vessels/details/252506907,05069-7-91,Unknown,252506907
/vessels/details/252165908,ZHELINYU21659-08-88,Unknown,252165908
/vessels/details/252181909,LIN21819-9-99,Unknown,252181909
/vessels/details/252202121,SOLITON-06009-99,Unknown,252202121
/vessels/details/252354185,35418-5-50,Unknown,252354185
/vessels/details/252150105,LIN21501-A5-73,Unknown,252150105
/vessels/details/252001529,SUQIYU04736-65-74,Unknown,252001529
/vessels/details/252600262,23303-10-89,Unknown,252600262
/vessels/details/252001371,SUGANYU01818-11-86,Unknown,252001371
/vessels/details/252052874,03886-12-01,Unknown,252052874
/vessels/details/252502994,16066-7-99,Unknown,252502994
/vessels/details/252510016,HSD-NET-99,Unknown,252510016
/vessels/details/252000596,04666-20-83,Unknown,252000596
/vessels/details/252452549,C20,Fishing vessel,252452549
/vessels/details/252100548,HSD-NET-87,Unknown,252100548
/vessels/details/252984447,46557-3-97,Unknown,252984447
/vessels/details/252000909,BAOLE-41-79,Unknown,252000909
/vessels/details/252190027,ZHELINYU21900-27-,Unknown,252190027
/vessels/details/252196903,ZHELINYU21969-03-99,Unknown,252196903
/vessels/details/252001582,LULONGYU60028 9-93,Unknown,252001582
/vessels/details/252502037,19136-19-61,Unknown,252502037
/vessels/details/252192211,ZLY21922-11-83,Unknown,252192211
/vessels/details/252900005,ZHEYU07665-5A-96,Unknown,252900005
/vessels/details/252576903,25769-3-53,Unknown,252576903
/vessels/details/252588362,SUGANYU02883-62-78,Unknown,252588362
/vessels/details/252400870,HANNANTIAOCHA-013,Unknown,252400870
/vessels/details/252198701,LIN21987-1-99,Unknown,252198701
/vessels/details/252002630,B015-71,Unknown,252002630
/vessels/details/252503360,SUGANYU05158-29-97,Unknown,252503360
/vessels/details/252165932,ZHELINYU21659-32-99,Unknown,252165932
/vessels/details/252588364,SUGANYU02883-64-93,Unknown,252588364
/vessels/details/252600582,46161-A16-99,Unknown,252600582
/vessels/details/252354184,35418-4-41,Unknown,252354184
/vessels/details/252503160,6298-34-81,Unknown,252503160
/vessels/details/252000336,02YIXIYOUWANG-69,Unknown,252000336
/vessels/details/252165935,ZHELINYU21659-35-94,Unknown,252165935
/vessels/details/252502248,6298-27-87,Unknown,252502248
/vessels/details/252901439,02356-4-95,Unknown,252901439
/vessels/details/252600325,25233-8-96,Unknown,252600325
/vessels/details/252533215,25332-15-92,Unknown,252533215
/vessels/details/252903603,00093-52-60,Unknown,252903603
/vessels/details/252721308,ZHELIN21308-25-74,Unknown,252721308
/vessels/details/252904672,16588-2-99,Unknown,252904672
/vessels/details/252400543,LUDONGYU67778-2-42,Unknown,252400543
/vessels/details/252400648,BIAO 02818-1-99,Unknown,252400648
/vessels/details/252001401,SUQIYU18111-210-47,Unknown,252001401
/vessels/details/252100908,TAHA 1 -99,Unknown,252100908
/vessels/details/252910906,IR FISH BUOY 36-99,Unknown,252910906
/vessels/details/252502848,SUGANYU05758-49-99,Unknown,252502848
/vessels/details/252400293,ZHEDONGYU01289-02-,Unknown,252400293
/vessels/details/252588358,SUGANYU02883-58-82,Unknown,252588358
/vessels/details/252001515,LULONGYU60028 5-83,Unknown,252001515
/vessels/details/252911830,60063-02-87,Unknown,252911830
/vessels/details/252600558,46161-A11-86,Unknown,252600558
/vessels/details/252506917,05069-17-99,Unknown,252506917
/vessels/details/252197918,ZHELINYU21979-18-,Unknown,252197918
/vessels/details/252903560,15155-7-97,Unknown,252903560
/vessels/details/252001863,05986-34-63,Unknown,252001863
/vessels/details/252600456,70006-1-26,Unknown,252600456
/vessels/details/252181113,21811-13-67,Unknown,252181113
/vessels/details/252100914,ZHELINYU21009-14-,Unknown,252100914
/vessels/details/252196915,ZHELINYU21969-15-72C,Unknown,252196915
/vessels/details/252156727,21567-27-99,Unknown,252156727
/vessels/details/252400613,YANGZHIQU5518-68,Unknown,252400613
/vessels/details/252165906,ZHELINYU21659-06-92,Unknown,252165906
/vessels/details/252198320,ZHELINYU21983-20-,Unknown,252198320
/vessels/details/252003037,ZHEXIANGYU19536-17,Unknown,252003037
/vessels/details/252600666,46999-23-99,Unknown,252600666
/vessels/details/252198317,ZHELINYU21983-17-,Unknown,252198317
/vessels/details/252010110,ANTHONY4-71,Unknown,252010110
/vessels/details/252188329,ZHELINYU21883-29-98,Unknown,252188329
/vessels/details/252196806,ZHELINYU21968-06-81,Unknown,252196806
/vessels/details/252196010,SUHAIMENYU01960-10,Unknown,252196010
/vessels/details/252900855,00168-8-99,Unknown,252900855
/vessels/details/252200335,CHANGSHENG3613-76,Unknown,252200335
/vessels/details/252012819,12819-25-99,Unknown,252012819
/vessels/details/252600201,MINPINGYU60566-6-99,Unknown,252600201
/vessels/details/252302829,HSD-NET-63,Unknown,252302829
/vessels/details/252399901,LIAOHUYU23999-1-98,Unknown,252399901
/vessels/details/252010118,NATALY 2-95,Unknown,252010118
/vessels/details/252182306,LIN21823-6-45,Unknown,252182306
/vessels/details/252003020,ZHEXIANGYU19536-13,Unknown,252003020
/vessels/details/252190008,ZHELINYU21900-8-53,Unknown,252190008
/vessels/details/252165926,ZHELINYU21659-26-36,Unknown,252165926
/vessels/details/252902142,03688-22-99,Unknown,252902142
/vessels/details/252902080,00093-66-79,Unknown,252902080
/vessels/details/252533208,25332-08-89,Unknown,252533208
/vessels/details/252190615,ZHELINYU21906-15-63C,Unknown,252190615
/vessels/details/252601003,46999-27-88,Unknown,252601003
/vessels/details/252126002,21260-2 70,Unknown,252126002
/vessels/details/252506909,05069-9-93,Unknown,252506909
/vessels/details/252904878,1268-15-85,Unknown,252904878
/vessels/details/252192315,LIN21923-15-87,Unknown,252192315
/vessels/details/252190024,ZHELINYU21900-24-,Unknown,252190024
/vessels/details/252008393,SAN00839-3-89,Unknown,252008393
/vessels/details/252202103,HSD-NET-80,Unknown,252202103
/vessels/details/252002455,LULONGYU60028 6-82,Unknown,252002455
/vessels/details/252183210,21832-10-55,Unknown,252183210
/vessels/details/252198315,ZHELINYU21983-15-,Unknown,252198315
/vessels/details/252903697,88588-2-93,Unknown,252903697
/vessels/details/252100980,AMEERI 4 BUOYA -51,Unknown,252100980
/vessels/details/252196812,ZHELINYU21968-12-99,Unknown,252196812
/vessels/details/252200135,CHANGSHENG2601-34,Unknown,252200135
/vessels/details/252600719,46999-6-82,Unknown,252600719
/vessels/details/252101123,HSD-NET-99,Unknown,252101123
/vessels/details/252002689,04666-55-83,Unknown,252002689
/vessels/details/252904013,08299-32-85,Unknown,252904013
/vessels/details/252901166,12128-6-99,Unknown,252901166
/vessels/details/252510084,HSD-NET-99,Unknown,252510084
/vessels/details/252000681,04666-9-82,Unknown,252000681
/vessels/details/252500495,56099-15-58,Unknown,252500495
/vessels/details/252001557,SUQIYU04736-32-72,Unknown,252001557
/vessels/details/252002753,SUQIYU19067-7-92,Unknown,252002753
/vessels/details/252903303,YU333-7-99,Unknown,252903303
/vessels/details/252901890,6886-7-99,Unknown,252901890
/vessels/details/252900131,45168-A10-99,Unknown,252900131
/vessels/details/252127803,ZHELINYU21278-3-99,Unknown,252127803
/vessels/details/252189318,ZHELINYU21893-18-,Unknown,252189318
/vessels/details/252222204,51588-2801,Unknown,252222204
/vessels/details/252159613,ZHELINYU21596-13-82C,Unknown,252159613
/vessels/details/252910476,HSD-NET-92,Unknown,252910476
/vessels/details/252001032,04666-12-91,Unknown,252001032
/vessels/details/252182315,LIN21823-15-11,Unknown,252182315
/vessels/details/252588357,SUGANYU02883-57-66,Unknown,252588357
/vessels/details/252902260,ZHEPINGYU82158-2-82,Unknown,252902260
/vessels/details/252900514,ZHEYU07665-8A-99,Unknown,252900514
/vessels/details/252902014,668-11-99,Unknown,252902014
/vessels/details/252228801,BIAO 02288-1-77,Unknown,252228801
/vessels/details/252197308,ZHELINYU21973-08-25,Unknown,252197308
/vessels/details/252101018,HSD-NET-99,Unknown,252101018
/vessels/details/252900528,MINPUYU55668-13-99,Unknown,252900528
/vessels/details/252010155,HSD-NET-71,Unknown,252010155
/vessels/details/252400174,XINYU6-99,Unknown,252400174
/vessels/details/252010324,HSD-NET-30,Unknown,252010324
/vessels/details/252900031,F D M - 31-99,Tanker (HAZ-A),252900031
/vessels/details/252500401,16118-1-88,Unknown,252500401
/vessels/details/252501321,13336-42-99,Unknown,252501321
/vessels/details/252901821,12868-2-55,Unknown,252901821
/vessels/details/252159604,ZHELINYU21596-04-89,Unknown,252159604
/vessels/details/252002139,04666-46-81,Unknown,252002139
/vessels/details/252400354,01222-1-81,Unknown,252400354
/vessels/details/252181114,21811-14-54,Unknown,252181114
/vessels/details/252131216,ZHELINYU21312-16-89,Unknown,252131216
/vessels/details/252002707,04666-58-56,Unknown,252002707
/vessels/details/252901736,MINPUYU55668-4-99,Unknown,252901736
/vessels/details/252181715,LIN21817-15-33,Unknown,252181715
/vessels/details/252187718,LIN 21877-18-62,Unknown,252187718
/vessels/details/252197922,ZHELINYU21979-22-,Unknown,252197922
/vessels/details/252200467,CHANGSHENG2615-86,Unknown,252200467
/vessels/details/252502947,SUGANYU05758-48-84,Unknown,252502947
/vessels/details/252200355,CHANGSHENG2616-95,Unknown,252200355
/vessels/details/252105215,LIN21052-15-41,Unknown,252105215
/vessels/details/252002425,SUGANYU01919-3-99,Unknown,252002425
/vessels/details/252001313,61888 7-02,Unknown,252001313
/vessels/details/252119802,21198-2-93,Unknown,252119802
/vessels/details/252010194,ALFA BUOY FISHING 7,Unknown,252010194
/vessels/details/252001497,SUGANYU01818-12-92,Unknown,252001497
/vessels/details/252902778,08299-38-57,Unknown,252902778
/vessels/details/252520001,JIANGCHENG-01-75,Unknown,252520001
/vessels/details/252600561,46161-6-97,Unknown,252600561
/vessels/details/252189305,ZHELINYU21893-5-84,Unknown,252189305
/vessels/details/252903407,46019-9-99,Unknown,252903407
/vessels/details/252512014,ZHEXIANGYU25120-5,Unknown,252512014
/vessels/details/252515112,5151-12-97,Unknown,252515112
/vessels/details/252302586,HSD-NET-44,Unknown,252302586
/vessels/details/252600274,MINPUYU51816-1-99,Unknown,252600274
/vessels/details/252616999,YU 999 -25 94,Unknown,252616999
/vessels/details/252902385,11682-6-98,Unknown,252902385
/vessels/details/252181803,ZHELINYU21818-3-40,Unknown,252181803
/vessels/details/252162210,LIN21622-10-78,Unknown,252162210
/vessels/details/252002324,SUGANYU06969-8-92,Unknown,252002324
/vessels/details/252502367,05656-17-77,Unknown,252502367
/vessels/details/252604112,SUQIYU03604-1128.2V,Unknown,252604112
/vessels/details/252400859,LUDONGYU67778-1-62,Unknown,252400859
/vessels/details/252300914,SOLITON-06024-66,Unknown,252300914
/vessels/details/252911069,HSD-NET-91,Unknown,252911069
/vessels/details/252501500,11168-0-53,Unknown,252501500
/vessels/details/252588351,SUGANYU02883-51-86,Unknown,252588351
/vessels/details/252600865,46999-13-68,Unknown,252600865
/vessels/details/252502330,SUGANYU05158-2-84,Unknown,252502330
/vessels/details/252200369,00173-59,Unknown,252200369
/vessels/details/252593882,SUGANYU02938-82-49,Unknown,252593882
/vessels/details/252900035,F D M - 35-85,Tanker (HAZ-A),252900035
/vessels/details/252198316,ZHELINYU21983-16-,Unknown,252198316
/vessels/details/252902711,46288-8-99,Unknown,252902711
/vessels/details/252197911,ZHELINYU21979-11-,Unknown,252197911
/vessels/details/252010196,NATALY 5-79,Unknown,252010196
/vessels/details/252911560,YUDUODUO1-9-94,Unknown,252911560
/vessels/details/252604110,SUQIYU03604-1108.1V,Unknown,252604110
/vessels/details/252600581,12808-6-99,Unknown,252600581
/vessels/details/252000136,SUQIYU18111-211-47,Unknown,252000136
/vessels/details/252593885,SUGANYU02938-85-82,Unknown,252593885
/vessels/details/252000467,04666-22-93,Unknown,252000467
/vessels/details/252903533,02052-6-58,Unknown,252903533
/vessels/details/252196904,LIN21969-4-45,Unknown,252196904
/vessels/details/252588353,SUGANYU02883-53-55,Unknown,252588353
/vessels/details/252904141,HSD-NET-96,Unknown,252904141
/vessels/details/252903210,HSD-NET-99,Unknown,252903210
/vessels/details/252557505,05575-5-53,Unknown,252557505
/vessels/details/252904808,12950-18-95,Unknown,252904808
/vessels/details/252000877,61888 2-50,Unknown,252000877
/vessels/details/252600911,46999-24-68,Unknown,252600911
/vessels/details/252904458,00196-69-93,Unknown,252904458
/vessels/details/252181705,LIN21817-5-06,Unknown,252181705
/vessels/details/252182304,LIN21823-4-99,Unknown,252182304
/vessels/details/252903856,1268-10-84,Unknown,252903856
/vessels/details/252660009,25266-9-71,Unknown,252660009
/vessels/details/252600117,00168-6-57,Unknown,252600117
/vessels/details/252500225,35002-25-52,Unknown,252500225
/vessels/details/252902653,ZHEXIANGYU13222-21,Unknown,252902653
/vessels/details/252900186,28038-2-99,Unknown,252900186
/vessels/details/252904922,46288-14-97,Unknown,252904922
/vessels/details/252135932,ZHELINYU21359-2-82,Unknown,252135932
/vessels/details/252189015,LIN21890-15-02,Unknown,252189015
/vessels/details/252911633,YUDUODUO3-9-81,Unknown,252911633
/vessels/details/252001784,04666-53-85,Unknown,252001784
/vessels/details/252002045,SURUYU09136-127-74,Unknown,252002045
/vessels/details/252000014,SUGANYU77599-27-91,Unknown,252000014
/vessels/details/252902133,1268-22-99,Unknown,252902133
/vessels/details/252501296,15211-1-83,Unknown,252501296
/vessels/details/252033004,33318-2-20,Unknown,252033004
/vessels/details/252165918,ZHELINYU21659-18-98,Unknown,252165918
/vessels/details/252165929,ZHELINYU21659-29-39C,Unknown,252165929
/vessels/details/252191712,LIN21917-12-41,Unknown,252191712
/vessels/details/252600281,46161-A17-99,Unknown,252600281
/vessels/details/252520004,JIANGCHENG-04-94,Unknown,252520004
/vessels/details/252002316,SUGANYU18686-1-97,Unknown,252002316
/vessels/details/252192214,ZLY21922-14-91,Unknown,252192214
/vessels/details/252302508,HSD-NET-33,Unknown,252302508
/vessels/details/252002328,SUGANYU01919-19-97,Unknown,252002328
/vessels/details/252900555,MINPUYU 02555-18-95,Unknown,252900555
/vessels/details/252100984,SUDIS2 1 -99,Unknown,252100984
/vessels/details/252500764,SUGANYU05758-32-99,Unknown,252500764
/vessels/details/252197313,ZHELINYU21973-13-90,Unknown,252197313
/vessels/details/252500421,16118-21-89,Unknown,252500421
/vessels/details/252169708,LIN21698-8-57,Unknown,252169708
/vessels/details/252911352,SWORD 26-97,Unknown,252911352
/vessels/details/252150111,21501A-A11-66,Unknown,252150111
/vessels/details/252683806,LIAOYINGYU26838-6,Unknown,252683806
/vessels/details/252192506,ZHELINYU21925-06-99,Unknown,252192506
/vessels/details/252127715,LIM21277-15-84,Unknown,252127715
/vessels/details/252003019,ZHEXIANGYU19536-10,Unknown,252003019
/vessels/details/252126010,LIN 21260-10-34,Unknown,252126010
/vessels/details/252500983,SUGANYU05158-4-99,Unknown,252500983
/vessels/details/252159104,ZHELINYU21591-04-83,Unknown,252159104
/vessels/details/252182328,ZHELINYU21823-26-70,Unknown,252182328
/vessels/details/252191515,21915-15-98,Unknown,252191515
/vessels/details/252600438,46161-A19-99,Unknown,252600438
/vessels/details/252055582,SHENG05558-2-75,Unknown,252055582
/vessels/details/252159106,ZHELINYU21591-14-88,Unknown,252159106
/vessels/details/252910442,HSD-NET-89,Unknown,252910442
/vessels/details/252600267,DONG05-63,Unknown,252600267
/vessels/details/252002122,05986-13-62,Unknown,252002122
/vessels/details/252911187,YOUR NAME 35-91,Unknown,252911187
/vessels/details/252100575,SSN-FISHBUOY-47-65,Unknown,252100575
/vessels/details/252001691,SAN 00169-1-84,Unknown,252001691
/vessels/details/252228802,BIAO 02288-2-99,Unknown,252228802
/vessels/details/252159119,ZHELINYU21591-19-92,Unknown,252159119
/vessels/details/252907586,00557-22-77,Unknown,252907586
/vessels/details/252400878,HANNANTIAOCHA-003,Unknown,252400878
/vessels/details/252191506,21915-6-83,Unknown,252191506
/vessels/details/252506908,05069-8-89,Unknown,252506908
/vessels/details/252902923,00196-54-89,Unknown,252902923
/vessels/details/252001572,04666-45-80,Unknown,252001572
/vessels/details/252001208,04619-30-99,Unknown,252001208
/vessels/details/252911978,918-02-98,Unknown,252911978
/vessels/details/252515104,5151-4-81,Unknown,252515104
/vessels/details/252160018,ZHELINYU21600-18-,Unknown,252160018
/vessels/details/252200019,CHANGSHENG2610-02,Unknown,252200019
/vessels/details/252116121,SUQIYU03116-1217.7V,Unknown,252116121
/vessels/details/252197924,ZHELINYU21979-24-,Unknown,252197924
/vessels/details/252002512,SUGANYU77599-25-35,Unknown,252002512
/vessels/details/252188316,ZHELINYU21883-16-99,Unknown,252188316
/vessels/details/252600480,49601-7-89,Unknown,252600480
/vessels/details/252500655,13096-9-02,Unknown,252500655
/vessels/details/252904030,LIAOYINGYU3689-7,Unknown,252904030
/vessels/details/252186812,LIN21868-12-75,Unknown,252186812
/vessels/details/252105721,LIN21057-21-52,Unknown,252105721
/vessels/details/252904316,MINPUYU05111-13-99,Unknown,252904316
/vessels/details/252002731,SUQIYU04736-61-80,Unknown,252002731
/vessels/details/252901660,ZHEYU07518-205B-98,Unknown,252901660
/vessels/details/252003013,ZHEXIANGYU19536-14,Unknown,252003013
/vessels/details/252537814,25378-14-99,Unknown,252537814
/vessels/details/252910495,SWORD 40-88,Unknown,252910495
/vessels/details/252002595,SURUYU09136-139-99,Unknown,252002595
/vessels/details/252912146,RH541-01-97,Unknown,252912146
/vessels/details/252201487,HSD-NET-99,Unknown,252201487
/vessels/details/252002688,09662-41-94,Unknown,252002688
/vessels/details/252902298,6294-34-90,Unknown,252902298
/vessels/details/252003012,ZHECANGYU08882-70,Unknown,252003012
/vessels/details/252555823,BIAO 05558-23-75,Unknown,252555823
/vessels/details/252001561,04666-42-57,Unknown,252001561
/vessels/details/252200439,TIELONG1195915-79,Unknown,252200439
/vessels/details/252002511,05986-33-84,Unknown,252002511
/vessels/details/252399902,LIAOHUYU23999-2-99,Unknown,252399902
/vessels/details/252537812,25378-12-99,Unknown,252537812
/vessels/details/252902188,00093-60-88,Unknown,252902188
/vessels/details/252500223,35002-23-96,Unknown,252500223
/vessels/details/252006358,JILEYU02360-24-56,Unknown,252006358
/vessels/details/252197311,ZHELINYU21973-11-78,Unknown,252197311
/vessels/details/252600094,46688-44-96,Unknown,252600094
/vessels/details/252190037,ZHELINYU21900-37-,Unknown,252190037
/vessels/details/252189329,ZHELINYU21893-29-,Unknown,252189329
/vessels/details/252303150,HSD-NET-82,Unknown,252303150
/vessels/details/252002685,SUGANYU01919-20-99,Unknown,252002685
/vessels/details/252196922,ZHELINYU21969-22-46,Unknown,252196922
/vessels/details/252555818,BIAO 05558-18-86,Unknown,252555818
/vessels/details/252001685,60286 1-86,Unknown,252001685
/vessels/details/252555300,25255-3-99,Unknown,252555300
/vessels/details/252101183,MOHAMMADI 2 -99,Unknown,252101183
/vessels/details/252902905,00196-60-95,Unknown,252902905
/vessels/details/252904411,5296-003-79,Unknown,252904411
/vessels/details/252100818,HSD-NET-99,Unknown,252100818
/vessels/details/252144402,ZHELINYU21444-02-65,Unknown,252144402
/vessels/details/252181806,21933-2-78,Unknown,252181806
/vessels/details/252600547,00168-3-67,Unknown,252600547
/vessels/details/252222354,SUQIYU02223-548.1V,Unknown,252222354
/vessels/details/252166507,ZHELINYU21665-7-82,Unknown,252166507
/vessels/details/252303226,HSD-NET-99,Unknown,252303226
/vessels/details/252902412,12950-18-99,Unknown,252902412
/vessels/details/252181701,LIN21817-1-22,Unknown,252181701
/vessels/details/252904919,MINPINGYU60638-2-78,Unknown,252904919
/vessels/details/252900666,45168-B2-99,Unknown,252900666
/vessels/details/252135901,ZHELINYU21359-1-56,Unknown,252135901
/vessels/details/252904579,01220-1-99,Unknown,252904579
/vessels/details/252191902,ZLY21919-2-84,Unknown,252191902
/vessels/details/252911519,WANGDIDONGBIAN23-58,Unknown,252911519
/vessels/details/252002997,ZHEXIANGYU19536-5,Unknown,252002997
/vessels/details/252719670,LXK19670-258.0V,Unknown,252719670
/vessels/details/252003051,ZHEXIANGYU19536-27,Unknown,252003051
/vessels/details/252911690,YUDUODUO2-4-98,Unknown,252911690
/vessels/details/252600365,00168-4-99,Unknown,252600365
/vessels/details/252900481,45168-B10-99,Unknown,252900481
/vessels/details/252002374,LULONGYU60028 17-59,Unknown,252002374
/vessels/details/252001827,BAOLE-35-62,Unknown,252001827
/vessels/details/252101206,HSD-NET-99,Unknown,252101206
/vessels/details/252600112,16588-10-99,Unknown,252600112
/vessels/details/252003039,ZHEXIANGYU19536-1,Unknown,252003039
/vessels/details/252600482,49601-9-84,Unknown,252600482
/vessels/details/252002368,SURUYU09136-128-99,Unknown,252002368
/vessels/details/252131203,ZHELINYU21312-03-99,Unknown,252131203
/vessels/details/252881503,ZHELINGYU28815-3-51,Unknown,252881503
/vessels/details/252502202,19136-18-54,Unknown,252502202
/vessels/details/252128825,LIN21288-25-77,Unknown,252128825
/vessels/details/252903045,MINPUYU15759-A7-99,Unknown,252903045
/vessels/details/252905100,KM.LANCAR.JAKA,Fishing vessel,252905100
/vessels/details/252600507,DONG06-78,Unknown,252600507
/vessels/details/252302481,HSD-NET-29,Unknown,252302481
/vessels/details/252003014,ZHEXIANGYU19536-10,Unknown,252003014
/vessels/details/252070038,YUWANGQU38-68,Unknown,252070038
/vessels/details/252911826,918-05-86,Unknown,252911826
/vessels/details/252902651,ZHEXIANGYU13222-25,Unknown,252902651
/vessels/details/252165931,ZHELINYU21659-31-46,Unknown,252165931
/vessels/details/252159217,LIN21592-17-49,Unknown,252159217
/vessels/details/252501026,6298-28-02,Unknown,252501026
/vessels/details/252501216,19138-9-69,Unknown,252501216
/vessels/details/252911683,60063-03-60,Unknown,252911683
/vessels/details/252903300,46999-8-91,Unknown,252903300
/vessels/details/252902180,00093-69-87,Unknown,252902180
/vessels/details/252506903,05069-3-40,Unknown,252506903
/vessels/details/252100932,FAHAD 1 -99,Unknown,252100932
/vessels/details/252010117,NATALY 3-76,Unknown,252010117
/vessels/details/252200496,CHANGSHENG3616-78,Unknown,252200496
/vessels/details/252903835,LIAOJINYU15045-1-73,Unknown,252903835
/vessels/details/252101140,HSD-NET-98,Unknown,252101140
/vessels/details/252400489,YANGZHIQU5521-17,Unknown,252400489
/vessels/details/252700254,HSD-NET-25,Unknown,252700254
/vessels/details/252303530,HSD-NET-99,Unknown,252303530
/vessels/details/252501667,07018-10-54,Unknown,252501667
/vessels/details/252902339,03566-18-98,Unknown,252902339
/vessels/details/252912909,WANGDINANBIAN4-33,Unknown,252912909
/vessels/details/252588354,SUGANYU02883-54-32,Unknown,252588354
/vessels/details/252903535,02356-4-99,Unknown,252903535
/vessels/details/252904587,1132-11-96,Unknown,252904587
/vessels/details/252196810,ZHELINYU21968-10-99,Unknown,252196810
/vessels/details/252527918,12279-18-99,Unknown,252527918
/vessels/details/252881513,ZHELINGYU28815-13,Unknown,252881513
/vessels/details/252500218,35002-18-96,Unknown,252500218
/vessels/details/252500909,ZHEDAIYU07896-9-97,Unknown,252500909
/vessels/details/252901975,00168-7-96,Unknown,252901975
/vessels/details/252588375,SUGANYU02883-75-68,Unknown,252588375
/vessels/details/252003016,ZHEXIANGYU19536-4,Unknown,252003016
/vessels/details/252600580,46161-5-99,Unknown,252600580
/vessels/details/252537817,25378-17-99,Unknown,252537817
/vessels/details/252001954,B014-94,Unknown,252001954
/vessels/details/252600230,23303-8-85,Unknown,252600230
/vessels/details/252160002,ZHELINYU21600-02-,Unknown,252160002
/vessels/details/252192212,ZLY21922-12-85,Unknown,252192212
/vessels/details/252001712,04619-43-76,Unknown,252001712
/vessels/details/252300933,SOLITON-06012-96,Unknown,252300933
/vessels/details/252000141,61999 1-52,Unknown,252000141
/vessels/details/252000464,04666-3-83,Unknown,252000464
/vessels/details/252128523,LIN12852-3-56,Unknown,252128523
/vessels/details/252903061,88588-3-92,Unknown,252903061
/vessels/details/252192505,ZHELINYU21925-05-99,Unknown,252192505
/vessels/details/252101162,SAMYAR 1 -99,Unknown,252101162
/vessels/details/252185515,LIN21855-15-31,Unknown,252185515
/vessels/details/252303505,HSD-NET-99,Unknown,252303505
/vessels/details/252188320,ZHELINYU21883-20-89,Unknown,252188320
/vessels/details/252500227,35002-27-50,Unknown,252500227
/vessels/details/252101629,HLY0003-2-80,Unknown,252101629
/vessels/details/252002951,SURUYU09136-125-80,Unknown,252002951
/vessels/details/252510101,HSD-NET-99,Unknown,252510101
/vessels/details/252401895,568-11-97,Unknown,252401895
/vessels/details/252000006,04666-17-31,Unknown,252000006
/vessels/details/252125921,LIN 21259-21-99,Unknown,252125921
/vessels/details/252500231,35002-31-57,Unknown,252500231
/vessels/details/252000145,111-03-09,Unknown,252000145
/vessels/details/252197919,ZHELINYU21979-19-,Unknown,252197919
/vessels/details/252001865,SUGANYU01919-7-99,Unknown,252001865
/vessels/details/252156728,21567-28-07,Unknown,252156728
/vessels/details/252189806,ZHELINYU21898-14-67,Unknown,252189806
/vessels/details/252600045,40086-15B-99,Unknown,252600045
/vessels/details/252903244,46288-19-99,Unknown,252903244
/vessels/details/252356004,35600-4-98,Unknown,252356004
/vessels/details/252198709,LIN21987-9-91,Unknown,252198709
/vessels/details/252190106,ZHELINYU21901-06-90,Unknown,252190106
/vessels/details/252911840,LAIZHOU-5-54,Unknown,252911840
/vessels/details/252600061,46161-A12-97,Unknown,252600061
/vessels/details/252003042,ZHEXIANGYU19536-7,Unknown,252003042
/vessels/details/252179714,ZHELINYU-21797-14,Unknown,252179714
/vessels/details/252600856,46999-A5-88,Unknown,252600856
/vessels/details/252902449,46288-18-97,Unknown,252902449
/vessels/details/252903251,7055-28-87,Unknown,252903251
/vessels/details/252500226,35002-26-47,Unknown,252500226
/vessels/details/252500498,56099-18-99,Unknown,252500498
/vessels/details/252302879,HSD-NET-65,Unknown,252302879
/vessels/details/252101102,HSD-NET-99,Unknown,252101102
/vessels/details/252500229,35002-29-67,Unknown,252500229
/vessels/details/252182317,LIN21823-17-23,Unknown,252182317
/vessels/details/252903714,00557-1-99,Unknown,252903714
/vessels/details/252602622,69128-3-99,Unknown,252602622
/vessels/details/252198303,ZHELINYU21983-3-99,Unknown,252198303
/vessels/details/252302588,HSD-NET-72,Unknown,252302588
/vessels/details/252001064,ZHECANGYU08882-52,Unknown,252001064
/vessels/details/252601337,21108-3-64,Unknown,252601337
/vessels/details/252100188,HSD-NET-99,Unknown,252100188
/vessels/details/252200034,CHANGSHENG2607-38,Unknown,252200034
/vessels/details/252904154,28038-9-95,Unknown,252904154
/vessels/details/252902393,00123-60-99,Unknown,252902393
/vessels/details/252127814,ZHELINYU21278-14-,Unknown,252127814
/vessels/details/252903591,00196-97-87,Unknown,252903591
/vessels/details/252557501,05575-1-85,Unknown,252557501
/vessels/details/252904392,6886-13-99,Unknown,252904392
/vessels/details/252100197,SSN-FISHBUOY-41-70,Unknown,252100197
/vessels/details/252159612,ZHELINYU21596-12-86,Unknown,252159612
/vessels/details/252265225,04166-17,Unknown,252265225
/vessels/details/252100904,ZHELINYU21009-4-49,Unknown,252100904
/vessels/details/252001597,05043-13-67,Unknown,252001597
/vessels/details/252000900,04619-24-88,Unknown,252000900
/vessels/details/252000949,SUGANYU18686-14-99,Unknown,252000949
/vessels/details/252600852,46999-21-99,Unknown,252600852
/vessels/details/252182308,LIN21823-8-12,Unknown,252182308
/vessels/details/252001806,60286 2-86,Unknown,252001806
/vessels/details/252165903,ZHELINYU21659-03-56,Unknown,252165903
/vessels/details/252088858,ZHE88858-25 90,Unknown,252088858
/vessels/details/252904733,1268-11-85,Unknown,252904733
/vessels/details/252192512,ZHELINYU21925-12-99,Unknown,252192512
/vessels/details/252188720,LIN21887-20-02,Unknown,252188720
/vessels/details/252902719,LIAOJINYU15045-4-78,Unknown,252902719
/vessels/details/252003017,ZHEXIANGYU19536-5,Unknown,252003017
/vessels/details/252600004,25233-3-94,Unknown,252600004
/vessels/details/252000901,04666-7-64,Unknown,252000901
/vessels/details/252127810,ZHELINYU21278-10-,Unknown,252127810
/vessels/details/252159107,ZHELINYU21591-07-87,Unknown,252159107
/vessels/details/252101006,SIMORGH 4 -99,Unknown,252101006
/vessels/details/252683801,LIAOYINGYU26838-1,Unknown,252683801
/vessels/details/252902030,00196-95-78,Unknown,252902030
/vessels/details/252569910,SUGANYU02699-10-91,Unknown,252569910
/vessels/details/252911634,WANGDIDONGBIAN28-78,Unknown,252911634
/vessels/details/252192504,ZHELINYU21925-04-99,Unknown,252192504
/vessels/details/252500625,13096-10-64,Unknown,252500625
/vessels/details/252179717,ZHELINYU-21797-17,Unknown,252179717
/vessels/details/252911170,HSD-NET-83,Unknown,252911170
/vessels/details/252359175,35917-5-72,Unknown,252359175
/vessels/details/252000916,BAOLE-50-99,Unknown,252000916
/vessels/details/252100491,HSD-NET-99,Unknown,252100491
/vessels/details/252162155,LIN21621-55-70,Unknown,252162155
/vessels/details/252569908,SUGANYU02699-8-91,Unknown,252569908
/vessels/details/252500846,SUGANYU05758-45-82,Unknown,252500846
/vessels/details/252903106,YU333-6-99,Unknown,252903106
/vessels/details/252001186,04619-25-06,Unknown,252001186
/vessels/details/252125808,LIN 21258-AAA8-96,Unknown,252125808
/vessels/details/252159606,ZHELINYU21596-06-88,Unknown,252159606
/vessels/details/252159201,LIN21592-1-48,Unknown,252159201
/vessels/details/252600080,MINPUYU51816-4-97,Unknown,252600080
/vessels/details/252600164,23303-4-72,Unknown,252600164
/vessels/details/252002990,04666-60-72,Unknown,252002990
/vessels/details/252189817,LIN21898-17-80,Unknown,252189817
/vessels/details/252903274,03068-85,Unknown,252903274
/vessels/details/252088803,666888-3-81,Unknown,252088803
/vessels/details/252600125,1111-2-99,Unknown,252600125
/vessels/details/252904213,03688-21-92,Unknown,252904213
/vessels/details/252500216,35002-16-94,Unknown,252500216
/vessels/details/252163918,LIN21639-18-99,Unknown,252163918
/vessels/details/252903023,00557-A3-91,Unknown,252903023
/vessels/details/252003006,ZHEXIANGYU19536-13,Unknown,252003006
/vessels/details/252718802,27188-2 80,Unknown,252718802
/vessels/details/252904839,00093-62-86,Unknown,252904839
/vessels/details/252181915,LIN21819-15-52,Unknown,252181915
/vessels/details/252002780,BAOLE-38-46,Unknown,252002780
/vessels/details/252002088,61888 1-25,Unknown,252002088
/vessels/details/252566012,03660-12-26,Unknown,252566012
/vessels/details/252902334,6886-14-99,Unknown,252902334
/vessels/details/252196927,ZHELINYU21969-27-50,Unknown,252196927
/vessels/details/252199601,ZHELINYU21996-1-99,Unknown,252199601
/vessels/details/252600565,23303-13-98,Unknown,252600565
/vessels/details/252196911,ZHELINYU21969-11-99,Unknown,252196911
/vessels/details/252600902,46999-15-91,Unknown,252600902
/vessels/details/252189314,LIN21893-14-31,Unknown,252189314
/vessels/details/252903772,08299-33-83,Unknown,252903772
/vessels/details/252188775,80012-27-52,Unknown,252188775
/vessels/details/252001700,61999 5-50,Unknown,252001700
/vessels/details/252128829,LIN 21288-29-61,Unknown,252128829
/vessels/details/252156320,21563-20-79,Unknown,252156320
/vessels/details/252500222,35002-22-98,Unknown,252500222
/vessels/details/252001782,04619-39-74,Unknown,252001782
/vessels/details/252163915,LIN21639-15-82,Unknown,252163915
/vessels/details/252911885,PTR131-06-85,Unknown,252911885
/vessels/details/252182319,LIN21823-19-76,Unknown,252182319
/vessels/details/252911969,LAIZHOU-3-50,Unknown,252911969
/vessels/details/252198305,ZHELINYU21983-5-96,Unknown,252198305
/vessels/details/252181919,LIN21819-19-76,Unknown,252181919
/vessels/details/252501944,16066-71-84,Unknown,252501944
/vessels/details/252660029,25266-29-99,Unknown,252660029
/vessels/details/252000000,TB.ONI 2,Tug,252000000
/vessels/details/252500734,05656-6-90,Unknown,252500734
/vessels/details/252911605,YUDUODUO4-1-47,Unknown,252911605
/vessels/details/252100918,MUSTAFA2 3 -97,Unknown,252100918
/vessels/details/252127751,LIN21277-51-72,Unknown,252127751
/vessels/details/252569902,SUGANYU02699-2-95,Unknown,252569902
/vessels/details/252000323,ZHECANGYU08882-54,Unknown,252000323
/vessels/details/252182309,LIN21823-9-51,Unknown,252182309
/vessels/details/252502701,SUGANYU05758-50-79,Unknown,252502701
/vessels/details/252159213,LIN21592-13-99,Unknown,252159213
/vessels/details/252100982,MOHAMMADI 1 -99,Unknown,252100982
/vessels/details/252802276,00557-23-69,Unknown,252802276
/vessels/details/252180620,LIN21806-20-98,Unknown,252180620
/vessels/details/252001463,SUGANYU01919-14-92,Unknown,252001463
/vessels/details/252901611,ZHEYU07665-4A-72,Unknown,252901611
/vessels/details/252183810,21838-10-87,Unknown,252183810
/vessels/details/252660005,25266-5-20,Unknown,252660005
/vessels/details/252903863,1268-23-93,Unknown,252903863
/vessels/details/252000556,04666-13-53,Unknown,252000556
/vessels/details/252503428,SUGANYU05158-17-60,Unknown,252503428
/vessels/details/252902705,12950-1-94,Unknown,252902705
/vessels/details/252910493,HSD-NET-69,Unknown,252910493
/vessels/details/252621288,YU 21288 -3 1,Other type,252621288
/vessels/details/252190015,ZHELINYU21900-15-,Unknown,252190015
/vessels/details/252000944,04666-56-94,Unknown,252000944
/vessels/details/252165938,ZHELINYU21659-38-99,Unknown,252165938
/vessels/details/252165930,ZHELINYU21659-30-95,Unknown,252165930
/vessels/details/252190108,ZHELINYU21901-08-85,Unknown,252190108
/vessels/details/252155212,LIN21552-12-56,Unknown,252155212
/vessels/details/252588360,SUGANYU02883-60-62,Unknown,252588360
/vessels/details/252904855,00093-56-89,Unknown,252904855
/vessels/details/252156338,LIN21563-38-79,Unknown,252156338
/vessels/details/252159603,ZHELINYU21596-03-86,Unknown,252159603
/vessels/details/252911693,918-18-76,Unknown,252911693
/vessels/details/252003002,ZHEXIANGYU19536-7,Unknown,252003002
/vessels/details/252006356,JILEYU02360-22-89,Unknown,252006356
/vessels/details/252903849,1268-13-82,Unknown,252903849
/vessels/details/252197312,ZHELINYU21973-12-84,Unknown,252197312
/vessels/details/252002262,SUQIYU18111-217-67,Unknown,252002262
/vessels/details/252600457,MINPUYU02555-8-98,Unknown,252600457
/vessels/details/252700006,49238-11-57,Unknown,252700006
/vessels/details/252183814,21838-14-95,Unknown,252183814
/vessels/details/252001133,ZHECANGYU08882-57,Unknown,252001133
/vessels/details/252195515,LIN21955-15-79,Unknown,252195515
/vessels/details/252002147,B010-99,Unknown,252002147
/vessels/details/252902906,00196-77-78,Unknown,252902906
/vessels/details/252911599,YUDUODUO1-3-88,Unknown,252911599
/vessels/details/252901157,6028-7-99,Unknown,252901157
/vessels/details/252501170,05656-7-55,Unknown,252501170
/vessels/details/252160015,ZHELINYU21600-15-,Unknown,252160015
/vessels/details/252001975,SUQIYU04736-54-60,Unknown,252001975
/vessels/details/252021928,ZHE21928-257.7V,Unknown,252021928
/vessels/details/252100339,SSN-FISHBUOY-38-75,Unknown,252100339
/vessels/details/252165921,ZHELINYU21659-21-97,Unknown,252165921
/vessels/details/252588374,SUGANYU02883-74-57,Unknown,252588374
/vessels/details/252501921,13138-5-47,Unknown,252501921
/vessels/details/252700001,252700001,Unknown,252700001
/vessels/details/252600058,MINPUYU21881-25-98,Unknown,252600058
/vessels/details/252500960,05656-1-64,Unknown,252500960
/vessels/details/252510047,HSD-NET-99,Unknown,252510047
/vessels/details/252904332,676-11-45,Unknown,252904332
/vessels/details/252181707,LIN21817-7-75,Unknown,252181707
/vessels/details/252002953,04619-46-77,Unknown,252002953
/vessels/details/252198717,LIN21987-17-99,Unknown,252198717
/vessels/details/252100235,HSD-NET-99,Unknown,252100235
/vessels/details/252600388,49238-3-99,Unknown,252600388
/vessels/details/252600649,46999-25-88,Unknown,252600649
/vessels/details/252911613,918-12-95,Unknown,252911613
/vessels/details/252100758,HSD-NET-99,Unknown,252100758
/vessels/details/252131214,ZHELINYU21312-14-98,Unknown,252131214
/vessels/details/252410002,HSD-NET-02,Unknown,252410002
/vessels/details/252189922,21899-22-49,Unknown,252189922
/vessels/details/252198308,ZHELINYU21983-8-97,Unknown,252198308
/vessels/details/252100250,SSN-FISHBUOY-50-85,Unknown,252100250
/vessels/details/252001270,ZHECANGYU08882-62,Unknown,252001270
/vessels/details/252903284,03566-22-97,Unknown,252903284
/vessels/details/252100973,AL-MOSTAFA LAST NET,Unknown,252100973
/vessels/details/252600170,46161-A18-99,Unknown,252600170
/vessels/details/252510003,HSD-NET-76,Unknown,252510003
/vessels/details/252266586,586,Pleasure craft,252266586
/vessels/details/252902467,MINPUYU16666-8-98,Unknown,252902467
/vessels/details/252165915,ZHELINYU21659-15-93,Unknown,252165915
/vessels/details/252188808,LIAOYINGYU21888-8,Unknown,252188808
/vessels/details/252101165,CAGE 00501-98,Unknown,252101165
/vessels/details/252001830,05986-2-36,Unknown,252001830
/vessels/details/252400631,00538-9-99,Unknown,252400631
/vessels/details/252192217,ZLY21922-17-86,Unknown,252192217
/vessels/details/252621296,LG21296-257.8V,Unknown,252621296
/vessels/details/252100917,AL-YADOLLAHI 2,Unknown,252100917
/vessels/details/252901621,ZHEYU07665-10A-92,Unknown,252901621
/vessels/details/252600577,SUGANYU05368-1-97,Unknown,252600577
/vessels/details/252192511,ZHELINYU21925-11-99,Unknown,252192511
/vessels/details/252197316,ZHELINYU21973-16-86,Unknown,252197316
/vessels/details/252400634,00538-6-70,Unknown,252400634
/vessels/details/252182302,LIN21823-2-63,Unknown,252182302
/vessels/details/252903094,00196-100-82,Unknown,252903094
/vessels/details/252100187,HSD-NET-99,Unknown,252100187
/vessels/details/252192206,ZLY21922-6-87,Unknown,252192206
/vessels/details/252588370,SUGANYU02883-70-38,Unknown,252588370
/vessels/details/252600205,46161-18-99,Unknown,252600205
/vessels/details/252600342,1623-8-99,Unknown,252600342
/vessels/details/252197923,ZHELINYU21979-23-,Unknown,252197923
/vessels/details/252200022,TIELONG61533201-99,Unknown,252200022
/vessels/details/252900450,ZHELIN12881-5-96,Unknown,252900450
/vessels/details/252904952,03688-20-96,Unknown,252904952
/vessels/details/252903054,00557-21-91,Unknown,252903054
/vessels/details/252180619,LIN21806-19-66,Unknown,252180619
/vessels/details/252222355,SUQIYU02223-558.1V,Unknown,252222355
/vessels/details/252903658,6886-3-99,Unknown,252903658
/vessels/details/252001719,05986-48-58,Unknown,252001719
/vessels/details/252911817,YUDUODUO2-8-83,Unknown,252911817
/vessels/details/252159110,ZHELINYU21591-10-86,Unknown,252159110
/vessels/details/252901872,45168-A4-99,Unknown,252901872
/vessels/details/252500210,35002-10-92,Unknown,252500210
/vessels/details/252088806,666-888-6-89,Unknown,252088806
/vessels/details/252506904,05069-4-99,Unknown,252506904
/vessels/details/252900911,6886-8-97,Unknown,252900911
/vessels/details/252800105,LIAOHUYU25280-5-94,Unknown,252800105
/vessels/details/252601339,21108-16-63,Unknown,252601339
/vessels/details/252501177,13096-11-28,Unknown,252501177
/vessels/details/252002063,SUGANYU01818-3-97,Unknown,252002063
/vessels/details/252181908,LIN21819-8-40,Unknown,252181908
/vessels/details/252902512,08299-39-74,Unknown,252902512
/vessels/details/252911570,YUDUODUO2-3-93,Unknown,252911570
/vessels/details/252910468,HSD-NET-99,Unknown,252910468
/vessels/details/252001357,60059-6-02,Unknown,252001357
/vessels/details/252904553,MINPUYU15759-6-99,Unknown,252904553
/vessels/details/252002492,61888 6-33,Unknown,252002492
/vessels/details/252902155,03566-23-99,Unknown,252902155
/vessels/details/252190605,ZHELINYU21906-05-88,Unknown,252190605
/vessels/details/252500651,13096-13-55,Unknown,252500651
/vessels/details/252006362,JILEYU02360-28-79,Unknown,252006362
/vessels/details/252502352,05656-28-97,Unknown,252502352
/vessels/details/252911197,IR FISH BUOY 40-99,Unknown,252911197
/vessels/details/252201511,HSD-NET-99,Unknown,252201511
/vessels/details/252054428,BOUY 166-1 10,Unknown,252054428
/vessels/details/252558908,DONGTAIYU11589-8-24,Unknown,252558908
/vessels/details/252002341,SUGANYU01919-8-99,Unknown,252002341
/vessels/details/252190617,ZHELINYU21906-17-73C,Unknown,252190617
/vessels/details/252700494,HSD-NET-59,Unknown,252700494
/vessels/details/252189312,ZHELINYU21893-12-,Unknown,252189312
/vessels/details/252001977,04619-35-67,Unknown,252001977
/vessels/details/252600102,46161-A15-99,Unknown,252600102
/vessels/details/252100287,SSN-FISHBUOY-03-93,Unknown,252100287
/vessels/details/252904926,46288-15-98,Unknown,252904926
/vessels/details/252902967,LIAOJINYU15589-8-94,Unknown,252902967
/vessels/details/252118918,21189-18-49,Unknown,252118918
/vessels/details/252904641,00557-40-99,Unknown,252904641
/vessels/details/252502038,13138-3-60,Unknown,252502038
/vessels/details/252148918,LIN 21489-18-56,Unknown,252148918
/vessels/details/252132131,LIN 21321-31-95,Unknown,252132131
/vessels/details/252903966,7055-31-91,Unknown,252903966
/vessels/details/252901934,6675-4-77,Unknown,252901934
/vessels/details/252202123,SOLITON-06010-04,Unknown,252202123
/vessels/details/252196902,ZHELINYU21969-02-96,Unknown,252196902
/vessels/details/252001925,SUGANYU01818-8-85,Unknown,252001925
/vessels/details/252600034,MINPUYU21881-1-96,Unknown,252600034
/vessels/details/252196908,ZHELINYU21969-08-99,Unknown,252196908
/vessels/details/252604114,SUQIYU03604-1148.2V,Unknown,252604114
/vessels/details/252189715,LIN21897-15-67,Unknown,252189715
/vessels/details/252189911,21899-11-66,Unknown,252189911
/vessels/details/252501090,68268-63-99,Unknown,252501090
/vessels/details/252002944,04666-54-88,Unknown,252002944
/vessels/details/252190117,ZHELINYU21901-17-87,Unknown,252190117
/vessels/details/252904040,16588-1-74,Unknown,252904040
/vessels/details/252910470,HSD-NET-99,Unknown,252910470
/vessels/details/252901260,45168-A3-99,Unknown,252901260
/vessels/details/252904963,00557-12-99,Unknown,252904963
/vessels/details/252901607,45168-B7-99,Unknown,252901607
/vessels/details/252190102,ZHELINYU21901-02-89,Unknown,252190102
/vessels/details/252501313,13336-41-99,Unknown,252501313
/vessels/details/252600756,12115-10-61,Unknown,252600756
/vessels/details/252192507,ZHELINYU21925-07-99,Unknown,252192507
/vessels/details/252601335,21108-1-64,Unknown,252601335
/vessels/details/252600516,1111-1-99,Unknown,252600516
/vessels/details/252530008,LIAOPANYU25253-8-81,Unknown,252530008
/vessels/details/252566000,03660-0-52,Unknown,252566000
/vessels/details/252302903,HSD-NET-77,Unknown,252302903
/vessels/details/252133342,21333-42-99,Unknown,252133342
/vessels/details/252902284,49338-2-99,Unknown,252902284
/vessels/details/252192209,ZLY21922-9-93,Unknown,252192209
/vessels/details/252192915,LIN21929-15-72,Unknown,252192915
/vessels/details/252303529,HSD-NET-02,Unknown,252303529
/vessels/details/252400674,BIAO 02818-2-99,Unknown,252400674
/vessels/details/252410001,HSD-NET-99,Unknown,252410001
/vessels/details/252601336,21108-2-53,Unknown,252601336
/vessels/details/252003022,ZHEXIANGYU19536-9,Unknown,252003022
/vessels/details/252903501,HSD-NET-99,Unknown,252903501
/vessels/details/252512011,ZHEXIANGYU25120-1,Unknown,252512011
/vessels/details/252000209,3-12345-9-89,Unknown,252000209
/vessels/details/252502844,13096-4-58,Unknown,252502844
/vessels/details/252001001,SURUYU09136-124-80,Unknown,252001001
/vessels/details/252101139,SUDIS2 2 -99,Unknown,252101139
/vessels/details/252303167,HSD-NET-84,Unknown,252303167
/vessels/details/252228809,BIAO 02288-09-56,Unknown,252228809
/vessels/details/252200050,CHANGSHENG2611-99,Unknown,252200050
/vessels/details/252190105,ZHELINYU21901-05-91,Unknown,252190105
/vessels/details/252902022,MINPUYU47888-1-96,Unknown,252902022
/vessels/details/252400278,BIAO 12101-14-99,Unknown,252400278
/vessels/details/252902947,21535-5-99,Unknown,252902947
/vessels/details/252900708,ZHELIN12881-11-99,Unknown,252900708
/vessels/details/252100359,SSN-FISHBUOY-44-99,Unknown,252100359
/vessels/details/252400929,HANNANTIAOCHA-001,Unknown,252400929
/vessels/details/252000947,05986-18-80,Unknown,252000947
/vessels/details/252902481,46288-7-99,Unknown,252902481
/vessels/details/252165913,ZHELINYU21659-13-46,Unknown,252165913
/vessels/details/252600481,49601-8-99,Unknown,252600481
/vessels/details/252002998,ZHEXIANGYU19536-12,Unknown,252002998
/vessels/details/252010271,HSD-NET-76,Unknown,252010271
/vessels/details/252000591,02YIXIYOUWANG-81,Unknown,252000591
/vessels/details/252904406,46019-14-99,Unknown,252904406
/vessels/details/252181716,LIN21817-16-28,Unknown,252181716
/vessels/details/252900069,ZHEYU07665-7A-75,Unknown,252900069
/vessels/details/252118904,21189-4-64,Unknown,252118904
/vessels/details/252000327,SUGANYU06969-7-90,Unknown,252000327
/vessels/details/252555816,BIAO 05558-16-75,Unknown,252555816
/vessels/details/252190007,ZHELINYU21900-7-02,Unknown,252190007
/vessels/details/252198329,ZHELINYU21983-29-,Unknown,252198329
/vessels/details/252503146,16066-10-60,Unknown,252503146
/vessels/details/252903729,MINPUYU15759-A6-99,Unknown,252903729
/vessels/details/252400093,00538-8-99,Unknown,252400093
/vessels/details/252600518,46161-21-99,Unknown,252600518
/vessels/details/252600549,25233-10-99,Unknown,252600549
/vessels/details/252302705,HSD-NET-57,Unknown,252302705
/vessels/details/252156115,LIN21561-15-61,Unknown,252156115
/vessels/details/252912140,RH511-02-87,Unknown,252912140
/vessels/details/252600329,23303-3-87,Unknown,252600329
/vessels/details/252502998,6298-32-96,Unknown,252502998
/vessels/details/252198712,LIN21987-12-99,Unknown,252198712
/vessels/details/252159203,LIN21592-3-53,Unknown,252159203
/vessels/details/252500817,6298-29-97,Unknown,252500817
/vessels/details/252001430,SUQIYU18111-209-49,Unknown,252001430
/vessels/details/252515103,5151-3-84,Unknown,252515103
/vessels/details/252001399,SUGANYU06969-13-97,Unknown,252001399
/vessels/details/252303023,HSD-NET-99,Unknown,252303023
/vessels/details/252133334,21333-34-99,Unknown,252133334
/vessels/details/252904658,00093-63-85,Unknown,252904658
/vessels/details/252136901,21369-1-97,Unknown,252136901
/vessels/details/252002281,61888 5-10,Unknown,252002281
/vessels/details/252502578,05656-10-41,Unknown,252502578
/vessels/details/252181718,LIN21817-18-26,Unknown,252181718
/vessels/details/252200408,TIELONG61533205-56,Unknown,252200408
/vessels/details/252101043,MANSOORI BOYA-69,Unknown,252101043
/vessels/details/252126215,LIN21262-15-59,Unknown,252126215
/vessels/details/252191504,21915-4-84,Unknown,252191504
/vessels/details/252165920,ZHELINYU21659-20-97,Unknown,252165920
/vessels/details/252110009,HAIYUAGGUANCE-79,Unknown,252110009
/vessels/details/252900030,F D M - 30-82,Tanker (HAZ-A),252900030
/vessels/details/252901203,45168-A9-99,Unknown,252901203
/vessels/details/252600252,15155-3-99,Unknown,252600252
/vessels/details/252001290,19358-36-43,Unknown,252001290
/vessels/details/252515117,5151-17-84,Unknown,252515117
/vessels/details/252002744,SUQIYU19067-2-68,Unknown,252002744
/vessels/details/252144405,ZHELINYU21444-05-15,Unknown,252144405
/vessels/details/252200436,CHANGSHENG2606-28,Unknown,252200436
/vessels/details/252000239,SUQIYU04736-64-62,Unknown,252000239
/vessels/details/252010282,HSD-NET-79,Unknown,252010282
/vessels/details/252912912,RH511-06-83,Unknown,252912912
/vessels/details/252588366,SUGANYU02883-66-82,Unknown,252588366
/vessels/details/252400501,YANGZHIQU5521-02,Unknown,252400501
/vessels/details/252510100,HSD-NET-55,Unknown,252510100
/vessels/details/252600569,23303-9-95,Unknown,252600569
/vessels/details/252195331,ZHELINYU21953-31-72,Unknown,252195331
/vessels/details/252190910,LIM21909-10-51,Unknown,252190910
/vessels/details/252181108,21811-8-49,Unknown,252181108
/vessels/details/252165940,ZHELINYU21659-40-89,Unknown,252165940
/vessels/details/252100877,MOHAMMAD TAHA 2,Unknown,252100877
/vessels/details/252902777,08299-31-72,Unknown,252902777
/vessels/details/252190827,LIN21908-27-77,Unknown,252190827
/vessels/details/252000961,05986-47-60,Unknown,252000961
/vessels/details/252198714,LIN21987-14-99,Unknown,252198714
/vessels/details/252503110,A-40568-19-79,Unknown,252503110
/vessels/details/252189309,ZHELINYU21893-9-91,Unknown,252189309
/vessels/details/252181118,21811-18-89,Unknown,252181118
/vessels/details/252189303,LIN21893-3-72,Unknown,252189303
/vessels/details/252127804,ZHELINYU21278-4-92,Unknown,252127804
/vessels/details/252100244,SSN-FISHBUOY-39-92,Unknown,252100244
/vessels/details/252200016,TIELONG1195919-75,Unknown,252200016
/vessels/details/252200384,TIELONG61533203-98,Unknown,252200384
/vessels/details/252002188,SUGANYU01818-4-94,Unknown,252002188
/vessels/details/252902382,05111-4-94,Unknown,252902382
/vessels/details/252600079,40086-B10-94,Unknown,252600079
/vessels/details/252200507,TIELONG1195903-56,Unknown,252200507
/vessels/details/252165924,ZHELINYU21659-24-91,Unknown,252165924
/vessels/details/252156301,21563-1-70,Unknown,252156301
/vessels/details/252000257,02YIXIYOUWANG-75,Unknown,252000257
/vessels/details/252151511,21515-11-99,Unknown,252151511
/vessels/details/252165937,ZHELINYU21659-37-99,Unknown,252165937
/vessels/details/252512019,ZHEXIANGYU25120-10,Unknown,252512019
/vessels/details/252200251,TIELONG61166203-99,Unknown,252200251
/vessels/details/252003018,ZHEXIANGYU19536-26,Unknown,252003018
/vessels/details/252410008,HSD-NET-99,Unknown,252410008
/vessels/details/252911541,65415-87,Unknown,252911541
/vessels/details/252159215,LIN21592-15-99,Unknown,252159215
/vessels/details/252911700,618-01-62,Unknown,252911700
/vessels/details/252902247,YU333-5-99,Unknown,252902247
/vessels/details/252167815,LIN21678-15-46,Unknown,252167815
/vessels/details/252198328,ZHELINYU21983-28-,Unknown,252198328
/vessels/details/252880000,CADA UNO,Pleasure craft,252880000
/vessels/details/252002594,SUQIYU04736-52-78,Unknown,252002594
/vessels/details/252198311,ZHELINYU21983-11-,Unknown,252198311
/vessels/details/252003009,ZHEXIANGYU19536-21,Unknown,252003009
/vessels/details/252190119,ZHELINYU21901-19-92,Unknown,252190119
/vessels/details/252810001,12015-2-45,Unknown,252810001
/vessels/details/252181903,LIN21819-3-99,Unknown,252181903
/vessels/details/252182316,LIN21823-16-75,Unknown,252182316
/vessels/details/252181104,21811-4-74,Unknown,252181104
/vessels/details/252302708,HSD-NET-71,Unknown,252302708
/vessels/details/252500558,16066-5-82,Unknown,252500558
/vessels/details/252400144,SHUNEN-03,Unknown,252400144
/vessels/details/252515115,5151-15-99,Unknown,252515115
/vessels/details/252199915,LIN21999-15-66,Unknown,252199915
/vessels/details/252600567,13689-1-58,Unknown,252600567
/vessels/details/252001767,SUGANYU77599-26-85,Unknown,252001767
/vessels/details/252902811,29028-11-93,Unknown,252902811
/vessels/details/252218623,LIN21862-3-59,Unknown,252218623
/vessels/details/252002694,04666-47-61,Unknown,252002694
/vessels/details/252100426,HSD-NET-99,Unknown,252100426
/vessels/details/252001861,SUQIYU04736-45-65,Unknown,252001861
/vessels/details/252537818,25378-18-52,Unknown,252537818
/vessels/details/252200501,03118A5,Unknown,252200501
/vessels/details/252001789,SUGANYU01818-1-83,Unknown,252001789
/vessels/details/252003021,ZHEXIANGYU19536-14,Unknown,252003021
/vessels/details/252100303,P11 LXNOI 55 B36-89,Unknown,252100303
/vessels/details/252100848,HSD-NET-96,Unknown,252100848
/vessels/details/252188330,ZHELINYU21883-30-99,Unknown,252188330
/vessels/details/252088801,666-888-1-92,Unknown,252088801
/vessels/details/252228808,BIAO 02288-8-99,Unknown,252228808
/vessels/details/252501201,25012-1-92,Unknown,252501201
/vessels/details/252189313,ZHELINYU21893-13-,Unknown,252189313
/vessels/details/252506918,05069-18-88,Unknown,252506918
/vessels/details/252136904,21369-4-73,Unknown,252136904
/vessels/details/252153510,21535-10-99,Unknown,252153510
/vessels/details/252912111,RH515-01-94,Unknown,252912111
/vessels/details/252198718,LIN21987-18-71,Unknown,252198718
/vessels/details/252188910,LIN21889-10-99,Unknown,252188910
/vessels/details/252000967,SUGANYU01818-15-96,Unknown,252000967
/vessels/details/252200307,TIELONG61166202-92,Unknown,252200307
/vessels/details/252601284,018-46,Unknown,252601284
/vessels/details/252600751,LUDONGYU60555-7-92,Unknown,252600751
/vessels/details/252165939,ZHELINYU21659-39-93,Unknown,252165939
/vessels/details/252515111,5151-11-99,Unknown,252515111
/vessels/details/252566009,03660-9-40,Unknown,252566009
/vessels/details/252537810,25378-10-96,Unknown,252537810
/vessels/details/252100552,SSN-FISHBUOY-42-84,Unknown,252100552
/vessels/details/252593884,SUGANYU02938-84-94,Unknown,252593884
/vessels/details/252002194,SUGANYU01818-5-83,Unknown,252002194
/vessels/details/252911664,PTR131-05-91,Unknown,252911664
/vessels/details/252001354,60059-4-44,Unknown,252001354
/vessels/details/252911199,SUM 41-99,Unknown,252911199
/vessels/details/252002772,LULONGYU60028 14-95,Unknown,252002772
/vessels/details/252502583,05656-33-72,Unknown,252502583
/vessels/details/252904320,03688-25-85,Unknown,252904320
/vessels/details/252527907,12279-7-91,Unknown,252527907
/vessels/details/252192510,ZHELINYU21925-10-99,Unknown,252192510
/vessels/details/252165934,ZHELINYU21659-34-97,Unknown,252165934
/vessels/details/252188201,21882-1-64,Unknown,252188201
/vessels/details/252503134,SUGANYU05758-57-72,Unknown,252503134
/vessels/details/252100986,MOOSA 1-99,Unknown,252100986
/vessels/details/252197914,ZHELINYU21979-14-,Unknown,252197914
/vessels/details/252302702,HSD-NET-58,Unknown,252302702
/vessels/details/252901261,45168-B1-99,Unknown,252901261
/vessels/details/252500235,35002-35-03,Unknown,252500235
/vessels/details/252904157,28038-11-99,Unknown,252904157
/vessels/details/252159118,ZHELINYU21591-25-85,Unknown,252159118
/vessels/details/252902169,1268-5-92,Unknown,252902169
/vessels/details/252880001,LIAOHUYU25288-1-99,Unknown,252880001
/vessels/details/252165904,ZHELINYU21659-04-93,Unknown,252165904
/vessels/details/252001694,SUGANYU01919-17-90,Unknown,252001694
/vessels/details/252902769,HSD-NET-99,Unknown,252902769
/vessels/details/252580035,21258-35-71,Unknown,252580035
/vessels/details/252216165,YU 868 -25 94,Other type,252216165
/vessels/details/252686902,LIAOYINGYU26869-2,Unknown,252686902
/vessels/details/252166823,LIN 21668-23-99,Unknown,252166823
/vessels/details/252996201,ZICAIQU29962-1-99,Unknown,252996201
/vessels/details/252557506,05575-6-99,Unknown,252557506
/vessels/details/252181119,21811-19-59,Unknown,252181119
/vessels/details/252001194,ZHECANGYU08882-67,Unknown,252001194
/vessels/details/252100221,HSD-NET-81,Unknown,252100221
/vessels/details/252355504,23555 318-4 90,Unknown,252355504
/vessels/details/252601338,21108-13-46,Unknown,252601338
/vessels/details/252136905,21369-5-92,Unknown,252136905
/vessels/details/252912059,WANGDINANBIAN3-48,Unknown,252912059
/vessels/details/252192207,ZLY21922-7-45,Unknown,252192207
/vessels/details/252569904,SUGANYU02699-4-87,Unknown,252569904
/vessels/details/252002701,SUGANYU06262-4-99,Unknown,252002701
/vessels/details/252001852,04666-59-55,Unknown,252001852
/vessels/details/252910994,AIS 2-83,Unknown,252910994
/vessels/details/252911617,LAIZHOU-9-27,Unknown,252911617
/vessels/details/252502504,19153-13-88,Unknown,252502504
/vessels/details/252902505,1268-12-63,Unknown,252902505
/vessels/details/252255469,52760,Unknown,252255469
/vessels/details/252600557,46161-20-99,Unknown,252600557
/vessels/details/252903795,1268-2-76,Unknown,252903795
/vessels/details/252302511,HSD-NET-46,Unknown,252302511
/vessels/details/252001356,60059-1-64,Unknown,252001356
/vessels/details/252503365,12333-20-49,Unknown,252503365
/vessels/details/252533214,25332-14-23,Unknown,252533214
/vessels/details/252196905,ZHELINYU21969-05-99,Unknown,252196905
/vessels/details/252501151,05656-3-97,Unknown,252501151
/vessels/details/252100502,SSN-FISHBUOY-09-80,Unknown,252100502
/vessels/details/252100241,HSD-NET-99,Unknown,252100241
/vessels/details/252181902,LIN21819-2-63,Unknown,252181902
/vessels/details/252900486,69231-002-92,Unknown,252900486
/vessels/details/252159602,ZHELINYU21596-02-85,Unknown,252159602
/vessels/details/252502635,19153-4-73,Unknown,252502635
/vessels/details/252885354,28853-54-99,Unknown,252885354
/vessels/details/252557503,05575-3-85,Unknown,252557503
/vessels/details/252191503,21915-3-87,Unknown,252191503
/vessels/details/252100258,SSN-FISHBUOY-37-98,Unknown,252100258
/vessels/details/252900042,FDM 042-83,Unknown,252900042
/vessels/details/252660104,LIAOHUYU25266-4-99,Unknown,252660104
/vessels/details/252515114,5151-14-99,Unknown,252515114
/vessels/details/252001409,SUQIYU18111-212-52,Unknown,252001409
/vessels/details/252002116,04619-41-03,Unknown,252002116
/vessels/details/252880004,LIAOHUYU25288-4-76,Unknown,252880004
/vessels/details/252510092,HSD-NET-99,Unknown,252510092
/vessels/details/252903610,00196-63-96,Unknown,252903610
/vessels/details/252912160,RH511-01-89,Unknown,252912160
/vessels/details/252911161,YOUR MOMMA 22-91,Unknown,252911161
/vessels/details/252900014,F D M NO. 14,Cargo ship,252900014
/vessels/details/252902684,MINPINGYU60638-1-77,Unknown,252902684
/vessels/details/252189311,ZHELINYU21893-11-,Unknown,252189311
/vessels/details/252911709,YUDUODUO3-1-72,Unknown,252911709
/vessels/details/252400210,XIANG24002-10-89,Unknown,252400210
/vessels/details/252904768,057-11-99,Unknown,252904768
/vessels/details/252902815,29028-15-69,Unknown,252902815
/vessels/details/252191502,21915-2-87,Unknown,252191502
/vessels/details/252001749,04666-41-87,Unknown,252001749
/vessels/details/252181906,LIN21819-6-03,Unknown,252181906
/vessels/details/252500202,35002-2-58,Unknown,252500202
/vessels/details/252002447,SUGANYU01919-15-99,Unknown,252002447
/vessels/details/252303516,HSD-NET-40,Unknown,252303516
/vessels/details/252400943,BIAO 02828-4-02,Unknown,252400943
/vessels/details/252621831,LXK21831-257.1V,Unknown,252621831
/vessels/details/252901670,02356-10-76,Unknown,252901670
/vessels/details/252902621,49338-5-99,Unknown,252902621
/vessels/details/252000562,SUGANYU77599-24-91,Unknown,252000562
/vessels/details/252911503,LAIZHOU-2-53,Unknown,252911503
/vessels/details/252557509,05575-9-99,Unknown,252557509
/vessels/details/252010387,ALFA BUOY FISHING 8,Unknown,252010387
/vessels/details/252355506,23555 318-6 30,Unknown,252355506
/vessels/details/252400504,LUDONGYU69999-6-99,Unknown,252400504
/vessels/details/252904729,7055-34-85,Unknown,252904729
/vessels/details/252003044,ZHEXIANGYU19536-20,Unknown,252003044
/vessels/details/252902746,5296-001-75,Unknown,252902746
/vessels/details/252600336,25233-11-99,Unknown,252600336
/vessels/details/252500423,16118-23-72,Unknown,252500423
/vessels/details/252900001,F D M 01,Cargo ship,252900001
/vessels/details/252001300,04666-39-86,Unknown,252001300
/vessels/details/252501262,16066-4-22,Unknown,252501262
/vessels/details/252333311,JIAO23333-11-96,Unknown,252333311
/vessels/details/252001358,60059-7-44,Unknown,252001358
/vessels/details/252500420,16118-20-21,Unknown,252500420
/vessels/details/252602628,69128-9-94,Unknown,252602628
/vessels/details/252600783,SUGANYU05368-9-75,Unknown,252600783
/vessels/details/252600259,MINPUYU02555-2-48,Unknown,252600259
/vessels/details/252191115,LIN21911-15-69,Unknown,252191115
/vessels/details/252161915,LIN21619-15-30,Unknown,252161915
/vessels/details/252200440,TIELONG1195921-23,Unknown,252200440
/vessels/details/252101190,NEVIDI 1 -99,Unknown,252101190
/vessels/details/252190013,ZHELINYU21900-13-,Unknown,252190013
/vessels/details/252904780,00093-59-27,Unknown,252904780
/vessels/details/252660012,25266-12-99,Unknown,252660012
/vessels/details/252400409,00538-10-99,Unknown,252400409
/vessels/details/252356003,35600-3-37,Unknown,252356003
/vessels/details/252902968,7055-30-80,Unknown,252902968
/vessels/details/252660002,25266-2-78,Unknown,252660002
/vessels/details/252002037,SUGANYU01818-2-99,Unknown,252002037
/vessels/details/252003038,ZHEXIANGYU19536-21,Unknown,252003038
/vessels/details/252398758,188-11-99,Unknown,252398758
/vessels/details/252501678,13336-45-98,Unknown,252501678
/vessels/details/252181717,LIN21817-17-65,Unknown,252181717
/vessels/details/252001915,05986-19-97,Unknown,252001915
/vessels/details/252002514,SUQIYU04736-40-64,Unknown,252002514
/vessels/details/252503425,ZHEDAIYU06898-9-75,Unknown,252503425
/vessels/details/252002520,05986-1-51,Unknown,252002520
/vessels/details/252600099,MINPINGYU60566-10,Unknown,252600099
/vessels/details/252593889,SUGANYU02938-89-94,Unknown,252593889
/vessels/details/252302578,HSD-NET-31,Unknown,252302578
/vessels/details/252904502,HSD-NET-95,Unknown,252904502
/vessels/details/252270316,XIANG 27031-6-77,Unknown,252270316
/vessels/details/252600195,1623-2-99,Unknown,252600195
/vessels/details/252200263,TIELONG1195908-44,Unknown,252200263
/vessels/details/252158823,LIN 21588-23-88,Unknown,252158823
/vessels/details/252400915,29 GHE LUD34-97,Unknown,252400915
/vessels/details/252228810,BIAO 02288-10-73,Unknown,252228810
/vessels/details/252502025,19153-9-75,Unknown,252502025
/vessels/details/252151514,21515-14-99,Unknown,252151514
/vessels/details/252341815,ALMOOSTFA,Fishing vessel,252341815
/vessels/details/252001787,04666-52-76,Unknown,252001787
/vessels/details/252222121,SUQIYU02221-218.1V,Unknown,252222121
/vessels/details/252000695,54YIDONGYOUWANG-99,Unknown,252000695
/vessels/details/252566002,03660-2-71,Unknown,252566002
/vessels/details/252100912,ZHELINYU21009-12-,Unknown,252100912
/vessels/details/252001526,SUGANYU06969-9-98,Unknown,252001526
/vessels/details/252002819,SUQIYU04736-62-73,Unknown,252002819
/vessels/details/252003035,ZHEXIANGYU19536-16,Unknown,252003035
/vessels/details/252127801,ZHELINYU21278-1-78,Unknown,252127801
/vessels/details/252196814,ZHELINYU21968-14-89,Unknown,252196814
/vessels/details/252600036,46161-A13-52,Unknown,252600036
/vessels/details/252181710,LIN21817-10-02,Unknown,252181710
/vessels/details/252902800,00557-13-95,Unknown,252902800
/vessels/details/252501023,SUGANYU05758-51-84,Unknown,252501023
/vessels/details/252100624,AL-MUDASSAR 3,Unknown,252100624
/vessels/details/252196914,ZHELINYU21969-14-84,Unknown,252196914
/vessels/details/252010359,ANTHONY2-64,Unknown,252010359
/vessels/details/252188326,ZHELINYU21883-26-76,Unknown,252188326
/vessels/details/252190045,ZHELINYU21900-45-,Unknown,252190045
/vessels/details/252001892,30YIBEIYOUWANG-70,Unknown,252001892
/vessels/details/252912155,RH511-04-88,Unknown,252912155
/vessels/details/252400043,HANNANTIAOCHA-004,Unknown,252400043
/vessels/details/252902262,00196-72-76,Unknown,252902262
/vessels/details/252600517,40086-13B-97,Unknown,252600517
/vessels/details/252198327,ZHELINYU21983-27-,Unknown,252198327
/vessels/details/252190112,ZHELINYU21901-12-84,Unknown,252190112
/vessels/details/252000415,04666-35-60,Unknown,252000415
/vessels/details/252902488,00123-64-99,Unknown,252902488
/vessels/details/252133338,21333-38-99,Unknown,252133338
/vessels/details/252600387,46688-28-99,Unknown,252600387
/vessels/details/252303218,HSD-NET-71,Unknown,252303218
/vessels/details/252902693,1268-16-82,Unknown,252902693
/vessels/details/252903896,46447-8-99,Unknown,252903896
/vessels/details/252156318,21563-18-50,Unknown,252156318
/vessels/details/252127752,LIN21277-52-93,Unknown,252127752
/vessels/details/252166501,ZHELINYU21665-1-80,Unknown,252166501
/vessels/details/252181112,21811-12-04,Unknown,252181112
/vessels/details/252152237,LIN21522-37-63,Unknown,252152237
/vessels/details/252181115,LIN21811-15-58,Unknown,252181115
/vessels/details/252300924,SOLITON-06015-81,Unknown,252300924
/vessels/details/252127805,ZHELINYU21278-5-66,Unknown,252127805
/vessels/details/252197303,ZHELINYU21973-03-82,Unknown,252197303
/vessels/details/252506911,05069-11-55,Unknown,252506911
/vessels/details/252222353,SUQIYU02223-538.1V,Unknown,252222353
/vessels/details/252001461,SUGANYU01818-18-99,Unknown,252001461
/vessels/details/252669901,25266-1-96,Unknown,252669901
/vessels/details/252189307,ZHELINYU21893-7-73,Unknown,252189307
/vessels/details/252191507,21915-7-91,Unknown,252191507
/vessels/details/252100220,HSD-NET-99,Unknown,252100220
/vessels/details/252600074,23303-14-92,Unknown,252600074
/vessels/details/252100927,HOUT MIRAS 2 -99,Unknown,252100927
/vessels/details/252200194,MINPUYU 60891-5-88,Unknown,252200194
/vessels/details/252900714,45168-B5-99,Unknown,252900714
/vessels/details/252198304,ZHELINYU21983-4-97,Unknown,252198304
/vessels/details/252910480,HSD-NET-99,Unknown,252910480
/vessels/details/252903472,46557-26-76,Unknown,252903472
/vessels/details/252001639,SUQIYU04736-41-63,Unknown,252001639
/vessels/details/252904864,1268-17-86,Unknown,252904864
/vessels/details/252118907,21189-7-56,Unknown,252118907
/vessels/details/252088809,666888-9-96,Unknown,252088809
/vessels/details/252600210,23303-6-96,Unknown,252600210
/vessels/details/252400814,70031-888-75,Unknown,252400814
/vessels/details/252880002,LIAOHUYU25288-2-53,Unknown,252880002
/vessels/details/252901616,568-16-98,Unknown,252901616
/vessels/details/252199906,ZHELINYU21999-6-99,Unknown,252199906
/vessels/details/252593883,SUGANYU02938-83-29,Unknown,252593883
/vessels/details/252601014,SUGANYU05368-10-98,Unknown,252601014
/vessels/details/252600375,46161-A8-98,Unknown,252600375
/vessels/details/252192215,ZLY21922-15-75,Unknown,252192215
/vessels/details/252156156,LIN21561-56-86,Unknown,252156156
/vessels/details/252911802,60063-05-90,Unknown,252911802
/vessels/details/252686901,LIAOYINGYU26869-1,Unknown,252686901
/vessels/details/252660028,25266-28-99,Unknown,252660028
/vessels/details/252200438,CHANGSHENG2619-02,Unknown,252200438
/vessels/details/252181704,LIN21817-4-90,Unknown,252181704
/vessels/details/252912128,RH515-03-82,Unknown,252912128
/vessels/details/252558904,DONGTAIYU11589-4-81,Unknown,252558904
/vessels/details/252885358,28853-58-99,Unknown,252885358
/vessels/details/252189315,ZHELINYU21893-15-,Unknown,252189315
/vessels/details/252001406,BAOLE-37-45,Unknown,252001406
/vessels/details/252033014,LIN33018-14-49,Unknown,252033014
/vessels/details/252118114,21181-14-77,Unknown,252118114
/vessels/details/252911640,WANGDIDONGBIAN29-60,Unknown,252911640
/vessels/details/252500990,SUGANYU05758-55-91,Unknown,252500990
/vessels/details/252911182,SWORD 28-87,Unknown,252911182
/vessels/details/252002483,SUGANYU18686-10-78,Unknown,252002483
/vessels/details/252192503,ZHELINYU21925-03-99,Unknown,252192503
/vessels/details/252200187,MINPUYU-60891-4-85,Unknown,252200187
/vessels/details/252903613,00196-83-98,Unknown,252903613
/vessels/details/252144403,ZHELINYU21444-03-81,Unknown,252144403
/vessels/details/252600776,46999-12-55,Unknown,252600776
/vessels/details/252160001,ZHELINYU21600-01-,Unknown,252160001
/vessels/details/252903484,00196-61-99,Unknown,252903484
/vessels/details/252503168,SUGANYU05758-37-48,Unknown,252503168
/vessels/details/252002441,TING088-1-99,Unknown,252002441
/vessels/details/252900032,F D M - 32-72,Tanker (HAZ-A),252900032
/vessels/details/252181125,21811-25-94,Unknown,252181125
/vessels/details/252002695,04619-32-48,Unknown,252002695
/vessels/details/252010281,NATALY 4-88,Unknown,252010281
/vessels/details/252198325,ZHELINYU21983-25-,Unknown,252198325
/vessels/details/252200254,CHANGSHENG2617-95,Unknown,252200254
/vessels/details/252144401,ZHELINYU21444-01-95,Unknown,252144401
/vessels/details/252000222,LG00222-258.2V,Unknown,252000222
/vessels/details/252108304,LIN21083-4-99,Unknown,252108304
/vessels/details/252500736,SUGANYU05158-23-97,Unknown,252500736
/vessels/details/252010411,ANTHONY1-61,Unknown,252010411
/vessels/details/252100563,SSN-FISHBUOY-02-99,Unknown,252100563
/vessels/details/252191505,21915-5-90,Unknown,252191505
/vessels/details/252147735,ZHELIN21477-35-93,Unknown,252147735
/vessels/details/252800000,MV GAISAN,Unknown,252800000
/vessels/details/252303508,HSD-NET-51,Unknown,252303508
/vessels/details/252500522,68268-60-54,Unknown,252500522
/vessels/details/252101101,HSD-NET-99,Unknown,252101101
/vessels/details/252100928,HSD-NET-99,Unknown,252100928
/vessels/details/252120122,LIN 21201-22-99,Unknown,252120122
/vessels/details/252190602,ZHELINYU21906-02-88,Unknown,252190602
/vessels/details/252600951,46999-4-65,Unknown,252600951
/vessels/details/252904132,00196-76-99,Unknown,252904132
/vessels/details/252503139,18018-1-79,Unknown,252503139
/vessels/details/252131215,ZHELINYU21312-15-85,Unknown,252131215
/vessels/details/252190032,05411-1-89,Unknown,252190032
/vessels/details/252902838,1132-10-93,Unknown,252902838
/vessels/details/252002269,SUQIYU18111-214-45,Unknown,252002269
/vessels/details/252159101,ZHELINYU21591-01-50,Unknown,252159101
/vessels/details/252190915,LIN21909-15-75,Unknown,252190915
/vessels/details/252197304,ZHELINYU21973-04-99C,Unknown,252197304
/vessels/details/252000938,02YIXIYOUWANG-62,Unknown,252000938
/vessels/details/252191513,21915-13-97,Unknown,252191513
/vessels/details/252600641,46999-17-91,Unknown,252600641
/vessels/details/252621111,25262-11-80,Unknown,252621111
/vessels/details/252250705,22507-05-84,Unknown,252250705
/vessels/details/252900188,28038-4-72,Unknown,252900188
/vessels/details/252198302,ZHELINYU21983-2-99,Unknown,252198302
/vessels/details/252100295,HSD-NET-52,Unknown,252100295
/vessels/details/252512016,ZHEXIANGYU25120-7,Unknown,252512016
/vessels/details/252600132,23303-5-94,Unknown,252600132
/vessels/details/252901437,02356-8-90,Unknown,252901437
/vessels/details/252903038,46061-1-87,Unknown,252903038
/vessels/details/252683804,LIAOYINGYU26838-4,Unknown,252683804
/vessels/details/252537813,25378-13-48,Unknown,252537813
/vessels/details/252901954,ZHEYU07665-2A-99,Unknown,252901954
/vessels/details/252200286,TIELONG61166205-42,Unknown,252200286
/vessels/details/252902299,5296-004-87,Unknown,252902299
/vessels/details/252904012,1268-9-81,Unknown,252904012
/vessels/details/252198801,LIN21988-1-99,Unknown,252198801
/vessels/details/252503144,17013-3-47,Unknown,252503144
/vessels/details/252191508,21915-8-84,Unknown,252191508
/vessels/details/252600531,40086-B11-99,Unknown,252600531
/vessels/details/252506913,05069-13-82,Unknown,252506913
/vessels/details/252136906,21369-6-89,Unknown,252136906
/vessels/details/252683802,LIAOYINGYU26838-7,Unknown,252683802
/vessels/details/252578806,25788-6A-76,Unknown,252578806
/vessels/details/252302875,HSD-NET-35,Unknown,252302875
/vessels/details/252189306,ZHELINYU21893-6-82,Unknown,252189306
/vessels/details/252198719,LIN21987-19-98,Unknown,252198719
/vessels/details/252901683,45168-B4-99,Unknown,252901683
/vessels/details/252010213,NATALY ONE-85,Unknown,252010213
/vessels/details/252901032,MINPUYU 02555-16-98,Unknown,252901032
/vessels/details/252600211,MINPUYU02555-6-92,Unknown,252600211
/vessels/details/252000391,04666-32-80,Unknown,252000391
/vessels/details/252200167,TIELONG1195930-64,Unknown,252200167
/vessels/details/252100850,NADRI BOYA 1-99,Unknown,252100850
/vessels/details/252555400,25255-4-96,Unknown,252555400
/vessels/details/252198707,LIN21987-7-76,Unknown,252198707
/vessels/details/252131205,ZHELINYU21312-05-93,Unknown,252131205
/vessels/details/252303202,HSD-NET-39,Unknown,252303202
/vessels/details/252181713,LIN21817-13-99,Unknown,252181713
/vessels/details/252181101,21811-1-11,Unknown,252181101
/vessels/details/252600468,MINPUYU02555-4-88,Unknown,252600468
/vessels/details/252100479,HSD-NET-98,Unknown,252100479
/vessels/details/252588367,SUGANYU02883-67-88,Unknown,252588367
/vessels/details/252555819,BIAO 05558-19-72,Unknown,252555819
/vessels/details/252135813,LIN21358-13-99,Unknown,252135813
/vessels/details/252101971,KLM KIRA-KIRA,Passenger ship,252101971
/vessels/details/252303199,HSD-NET-63,Unknown,252303199
/vessels/details/252181916,LIN21819-16-99,Unknown,252181916
/vessels/details/252200224,TB.OCEAN LILY 3,Tug,252200224
/vessels/details/252902153,01220-2-99,Unknown,252902153
/vessels/details/252904356,00196-58-87,Unknown,252904356
/vessels/details/252198702,LIN21987-2-57,Unknown,252198702
/vessels/details/252700202,HSD-NET-62,Unknown,252700202
/vessels/details/252190609,ZHELINYU21906-09-87,Unknown,252190609
/vessels/details/252192220,ZLY21922-20-78,Unknown,252192220
/vessels/details/252196009,SUHAIMENYU01960-09,Unknown,252196009
/vessels/details/252301000,SOLITON-06013-80,Unknown,252301000
/vessels/details/252904449,46288-5-99,Unknown,252904449
/vessels/details/252197902,ZHELINYU21979-2-95,Unknown,252197902
/vessels/details/252131204,ZHELINYU21312-04-10,Unknown,252131204
/vessels/details/252002081,05986-6-71,Unknown,252002081
/vessels/details/252165911,ZHELINYU21659-11-99,Unknown,252165911
/vessels/details/252515119,5151-19-99,Unknown,252515119
/vessels/details/252003043,ZHEXIANGYU19536-15,Unknown,252003043
/vessels/details/252200474,TIELONG1195902-99,Unknown,252200474
/vessels/details/252129083,LIN12908-3-62,Unknown,252129083
/vessels/details/252537819,25378-19-99,Unknown,252537819
/vessels/details/252159623,ZHELINYU21596-23-67,Unknown,252159623
/vessels/details/252006361,JILEYU02360-27-56,Unknown,252006361
/vessels/details/252157710,LIN 21577-10-88,Unknown,252157710
/vessels/details/252001292,SUQIYU04736-44-74,Unknown,252001292
/vessels/details/252903859,1268-6-58,Unknown,252903859
/vessels/details/252118902,21189-2-52,Unknown,252118902
/vessels/details/252000942,05986-36-86,Unknown,252000942
/vessels/details/252502722,SUGANYU05158-18-56,Unknown,252502722
/vessels/details/252002353,05989-2-95,Unknown,252002353
/vessels/details/252600141,2057-28-57,Unknown,252600141
/vessels/details/252116718,LIN21167-18-84,Unknown,252116718
/vessels/details/252100494,SSN-FISHBUOY-46-71,Unknown,252100494
/vessels/details/252421816,XYY21816-25-97,Unknown,252421816
/vessels/details/252100525,SSN-FISHBUOY-04-80,Unknown,252100525
/vessels/details/252904227,00196-98-97,Unknown,252904227
/vessels/details/252003033,ZHEXIANGYU19536-6,Unknown,252003033
/vessels/details/252400497,65999-2-96,Unknown,252400497
/vessels/details/252001324,SUGANYU18686-15-92,Unknown,252001324
/vessels/details/252911545,WANGDIDONGBIAN21-52,Unknown,252911545
/vessels/details/252500937,19153-7-63,Unknown,252500937
/vessels/details/252159120,ZHELINYU21591-20-89,Unknown,252159120
/vessels/details/252181109,21811-9-54,Unknown,252181109
/vessels/details/252494956,6298-33-39,Unknown,252494956
/vessels/details/252165907,ZHELINYU21659-07-99,Unknown,252165907
/vessels/details/252911304,SWORD 30-99,Unknown,252911304
/vessels/details/252101181,HSD-NET-99,Unknown,252101181
/vessels/details/252904608,00557-A4-93,Unknown,252904608
/vessels/details/252902369,08299-36-79,Unknown,252902369
/vessels/details/252904017,676-14-66,Unknown,252904017
/vessels/details/252910471,HSD-NET-96,Unknown,252910471
/vessels/details/252127809,ZHELINYU21278-9-86,Unknown,252127809
/vessels/details/252904810,00093-54-74,Unknown,252904810
/vessels/details/252600548,15155-5-97,Unknown,252600548
/vessels/details/252501103,19136-16-79,Unknown,252501103
/vessels/details/252192810,LIN 21928-10-99,Unknown,252192810
/vessels/details/252148929,LIN 21489-29-30,Unknown,252148929
/vessels/details/252188325,ZHELINYU21883-25-99,Unknown,252188325
/vessels/details/252600187,MINPUYU55668-16-92,Unknown,252600187
/vessels/details/252500213,35002-13-28,Unknown,252500213
/vessels/details/252000384,05043-02-75,Unknown,252000384
/vessels/details/252197812,LIN21978-12-63,Unknown,252197812
/vessels/details/252002025,SUQIYU04736-36-78,Unknown,252002025
/vessels/details/252600527,3188-5-92,Unknown,252600527
/vessels/details/252001571,SUQIYU04736-43-80,Unknown,252001571
/vessels/details/252501715,SUGANYU05158-28-84,Unknown,252501715
/vessels/details/252165912,ZHELINYU21659-12-92,Unknown,252165912
/vessels/details/252902829,00196-87-94,Unknown,252902829
/vessels/details/252182301,LIN21823-1-99,Unknown,252182301
/vessels/details/252001303,BAOLE-45-85,Unknown,252001303
/vessels/details/252188318,ZHELINYU21883-18-80,Unknown,252188318
/vessels/details/252512023,ZHEXIANGYU25120-14,Unknown,252512023
/vessels/details/252600858,46999-16-95,Unknown,252600858
/vessels/details/252181706,LIN21817-6-48,Unknown,252181706
/vessels/details/252569903,SUGANYU02699-3-94,Unknown,252569903
/vessels/details/252900190,28038-6-99,Unknown,252900190
/vessels/details/252100873,HSD-NET-65,Unknown,252100873
/vessels/details/252900544,ZHELIN12881-6-91,Unknown,252900544
/vessels/details/252600728,46999-9-09,Unknown,252600728
/vessels/details/252903204,1268-4-85,Unknown,252903204
/vessels/details/252101197,HSD-NET-99,Unknown,252101197
/vessels/details/252002766,SUGANYU06969-14-74,Unknown,252002766
/vessels/details/252197315,ZHELINYU21973-15-13,Unknown,252197315
/vessels/details/252885353,28853-53-99,Unknown,252885353
/vessels/details/252502550,SUGANYU05698-61-96,Unknown,252502550
/vessels/details/252198306,ZHELINYU21983-6-97,Unknown,252198306
/vessels/details/252200044,CHANGSHENG3614-02,Unknown,252200044
/vessels/details/252189908,21899-8-62,Unknown,252189908
/vessels/details/252901682,MINPUYU55668-11-99,Unknown,252901682
/vessels/details/252600175,MINPINGYU60566-9-87,Unknown,252600175
/vessels/details/252000208,3-12345-8-85,Unknown,252000208
/vessels/details/252502258,TIELONG32194-2-58,Unknown,252502258
/vessels/details/252002652,SUGANYU01818-16-99,Unknown,252002652
/vessels/details/252600460,MINPINGYU60566-8-64,Unknown,252600460
/vessels/details/252900019,FDM-19-61,Unknown,252900019
/vessels/details/252118908,21189-8-78,Unknown,252118908
/vessels/details/252002667,SUGANYU06969-12-99,Unknown,252002667
/vessels/details/252190001,ZHELINYU21900-1-91,Unknown,252190001
/vessels/details/252600346,15155-6-99,Unknown,252600346
/vessels/details/252200354,TIELONG61166204-99,Unknown,252200354
/vessels/details/252100354,SSN-FISHBUOY-51-54,Unknown,252100354
/vessels/details/252510068,HSD-NET-99,Unknown,252510068
/vessels/details/252100233,HSD-NET-99,Unknown,252100233
/vessels/details/252904638,11682-8-99,Unknown,252904638
/vessels/details/252303196,HSD-NET-02,Unknown,252303196
/vessels/details/252000878,04666-16-64,Unknown,252000878
/vessels/details/252165905,ZHELINYU21659-05-38,Unknown,252165905
/vessels/details/252100682,HSD-NET-99,Unknown,252100682
/vessels/details/252501104,05656-18-79,Unknown,252501104
/vessels/details/252558903,DONGTAIYU11589-3-47,Unknown,252558903
/vessels/details/252166506,ZHELINYU21665-6-80,Unknown,252166506
/vessels/details/252003004,ZHEXIANGYU19536-17,Unknown,252003004
/vessels/details/252100824,DANIAL 4 -99,Unknown,252100824
/vessels/details/252500228,35002-28-57,Unknown,252500228
/vessels/details/252388007,1,Port tender,252388007
/vessels/details/252600981,46999-A2-99,Unknown,252600981
/vessels/details/252197904,LIN21979-4-91,Unknown,252197904
/vessels/details/252122253,ZHELINYU21222-53 50,Unknown,252122253
/vessels/details/252911678,60063-08-96,Unknown,252911678
/vessels/details/252181824,ZHELINYU21818-24-95,Unknown,252181824
/vessels/details/252904128,00196-62-58,Unknown,252904128
/vessels/details/252502585,05656-31-84,Unknown,252502585
/vessels/details/252880003,LIAOHUYU25288-3-93,Unknown,252880003
/vessels/details/252302627,HSD-NET-63,Unknown,252302627
/vessels/details/252100272,SSN-FISHBUOY-01-86,Unknown,252100272
/vessels/details/252088804,666-888-4-91,Unknown,252088804
/vessels/details/252190025,ZHELINYU21900-25-,Unknown,252190025
/vessels/details/252502610,05656-11-99,Unknown,252502610
/vessels/details/252400319,HSD-NET-99,Unknown,252400319
/vessels/details/252196909,ZHELINYU21969-09-99,Unknown,252196909
/vessels/details/252200139,TIELONG1195918-48,Unknown,252200139
/vessels/details/252000218,B005-92,Unknown,252000218
/vessels/details/252003007,ZHEXIANGYU19536-19,Unknown,252003007
/vessels/details/252558902,DONGTAIYU11589-2-94,Unknown,252558902
/vessels/details/252002607,456 4-18,Unknown,252002607
/vessels/details/252198324,ZHELINYU21983-24-,Unknown,252198324
/vessels/details/252001104,03205-0004-78,Unknown,252001104
/vessels/details/252165917,ZHELINYU21659-17-99,Unknown,252165917
/vessels/details/252183515,LIN21835-15-43,Unknown,252183515
/vessels/details/252912044,RH541-02-98,Unknown,252912044
/vessels/details/252303315,HSD-NET-60,Unknown,252303315
/vessels/details/252001341,04619-31-79,Unknown,252001341
/vessels/details/252159109,ZHELINYU21591-23-90,Unknown,252159109
/vessels/details/252127802,ZHELINYU21278-2-66,Unknown,252127802
/vessels/details/252902984,08299-41-83,Unknown,252902984
/vessels/details/252202127,SOLITON-06008-76,Unknown,252202127
/vessels/details/252400112,XING FA 7-02,Unknown,252400112
/vessels/details/252600495,MINPUYU21881-3-99,Unknown,252600495
/vessels/details/252302509,HSD-NET-34,Unknown,252302509
/vessels/details/252901187,MINPUYU 02555-17-99,Unknown,252901187
/vessels/details/252904010,676-12-94,Unknown,252904010
/vessels/details/252501707,05656-2-99,Unknown,252501707
/vessels/details/252500230,35002-30-63,Unknown,252500230
/vessels/details/252903198,11682-9-99,Unknown,252903198
/vessels/details/252155821,LIN 21558-21-86,Unknown,252155821
/vessels/details/252903158,5296-002-86,Unknown,252903158
/vessels/details/252660001,25266-1-56,Unknown,252660001
/vessels/details/252557502,05575-2-97,Unknown,252557502
/vessels/details/252501052,19138-13-78,Unknown,252501052
/vessels/details/252902049,03566-16-92,Unknown,252902049
/vessels/details/252126934,ZHELINYU21269-34-61,Unknown,252126934
/vessels/details/252424486,YUEYANGXIYU24486-22,Other type,252424486
/vessels/details/252903606,05111-9-76,Unknown,252903606
/vessels/details/252302871,HSD-NET-37,Unknown,252302871
/vessels/details/252190607,ZHELINYU21906-07-85,Unknown,252190607
/vessels/details/252901672,02356-9-74,Unknown,252901672
/vessels/details/252502761,13138-6-33,Unknown,252502761
/vessels/details/252510049,HSD-NET-56,Unknown,252510049
/vessels/details/252159614,ZHELINYU21596-14-91,Unknown,252159614
/vessels/details/252900878,MINPUYU55668-6-99,Unknown,252900878
/vessels/details/252171613,21716-13-91,Unknown,252171613
/vessels/details/252600677,46999-10-94,Unknown,252600677
/vessels/details/252002582,SUGANYU06262-16-96,Unknown,252002582
/vessels/details/252885357,28853-57-84,Unknown,252885357
/vessels/details/252100495,SSN-FISHBUOY-54-95,Unknown,252100495
/vessels/details/252155260,LIN21552-60-66,Unknown,252155260
/vessels/details/252660010,25266-1083,Unknown,252660010
/vessels/details/252088802,666888-2-02,Unknown,252088802
/vessels/details/252139712,LIN21397-12-99,Unknown,252139712
/vessels/details/252400820,1511-06-99,Unknown,252400820
/vessels/details/252600264,MINPUYU02555-5-99,Unknown,252600264
/vessels/details/252200162,03118A1,Unknown,252200162
/vessels/details/252510046,HSD-NET-99,Unknown,252510046
/vessels/details/252196921,ZHELINYU21969-21-92,Unknown,252196921
/vessels/details/252183815,21838-15-91,Unknown,252183815
/vessels/details/252189813,LIN21898-13-91,Unknown,252189813
/vessels/details/252100356,SSN-FISHBUOY-05-77,Unknown,252100356
/vessels/details/252588363,SUGANYU02883-63-91,Unknown,252588363
/vessels/details/252159113,ZHELINYU21591-13-89,Unknown,252159113
/vessels/details/252901943,45168-B6-99,Unknown,252901943
/vessels/details/252501303,13336-43-99,Unknown,252501303
/vessels/details/252001837,SUGANYU01919-4-97,Unknown,252001837
/vessels/details/252400626,70031-666-76,Unknown,252400626
/vessels/details/252002994,05986-24-83,Unknown,252002994
/vessels/details/252002711,SUQIYU19067-5-73,Unknown,252002711
/vessels/details/252001541,60286 4-77,Unknown,252001541
/vessels/details/252404628,00557-26-52,Unknown,252404628
/vessels/details/252002751,B008-94,Unknown,252002751
/vessels/details/252002360,SURUYU09136-129-85,Unknown,252002360
/vessels/details/252000850,SUGANYU77599-31-79,Unknown,252000850
/vessels/details/252001000,SUGANYU01818-19-98,Unknown,252001000
/vessels/details/252911745,YUDUODUO4-4-37,Unknown,252911745
/vessels/details/252182314,LIN21823-14-76,Unknown,252182314
/vessels/details/252200279,MINPUYU 60891-6-87,Unknown,252200279
/vessels/details/252500549,SUGANYU05698-69-97,Unknown,252500549
/vessels/details/252500422,16118-22-79,Unknown,252500422
/vessels/details/252121801,LIN 12180-1-78,Unknown,252121801
/vessels/details/252902654,ZHEXIANGYU13222-22,Unknown,252902654
/vessels/details/252901274,MINPUYU 02555-14-99,Unknown,252901274
/vessels/details/252880036,XIANG25288-36 40,Unknown,252880036
/vessels/details/252101132,AL-MUDASSAR 1,Unknown,252101132
/vessels/details/252200175,CHANGSHENG3620-89,Unknown,252200175
/vessels/details/252165916,ZHELINYU21659-16-99,Unknown,252165916
/vessels/details/252100954,HASEN BUOYA1-92,Unknown,252100954
/vessels/details/252904906,00196-64-90,Unknown,252904906
/vessels/details/252131212,LINAN-2-66,Unknown,252131212
/vessels/details/252510024,HSD-NET-99,Unknown,252510024
/vessels/details/252660014,25266-14-76,Unknown,252660014
/vessels/details/252902821,6294-28-92,Unknown,252902821
/vessels/details/252200228,11506-1,Unknown,252200228
/vessels/details/252101182,HSD-NET-99,Unknown,252101182
/vessels/details/252911363,SWORD 38-87,Unknown,252911363
/vessels/details/252189304,LIN21893-4-73,Unknown,252189304
/vessels/details/252202125,SOLITON-06001-02,Unknown,252202125
/vessels/details/252903822,46288-3-96,Unknown,252903822
/vessels/details/252010395,LM3-94,Unknown,252010395
/vessels/details/252108301,ZHELINYU21083-94,Unknown,252108301
/vessels/details/252189324,ZHELINYU21893-24-,Unknown,252189324
/vessels/details/252000207,3-12345-7-96,Unknown,252000207
/vessels/details/252600970,46999-22-75,Unknown,252600970
/vessels/details/252002855,B013-99,Unknown,252002855
/vessels/details/252010212,HSD-NET-96,Unknown,252010212
/vessels/details/252228804,BIAO 02288-4-70,Unknown,252228804
/vessels/details/252910491,ALMOST DONE 49-95,Unknown,252910491
/vessels/details/252197903,ZHELINYU21979-3-90,Unknown,252197903
/vessels/details/252002112,04619-45-34,Unknown,252002112
/vessels/details/252242222,SUMBER BAROKAH,Unknown,252242222
/vessels/details/252201924,HSD-NET-99,Unknown,252201924
/vessels/details/252196923,ZHELINYU21969-23-95,Unknown,252196923
/vessels/details/252002407,B009-79,Unknown,252002407
/vessels/details/252500211,35002-11-70,Unknown,252500211
/vessels/details/252150109,21501A-A9-77,Unknown,252150109
/vessels/details/252881512,ZHELINGYU28815-12,Unknown,252881512
/vessels/details/252159611,ZHELINYU21596-11-89,Unknown,252159611
/vessels/details/252002502,19358-39-02,Unknown,252002502
/vessels/details/252000837,04666-2-63,Unknown,252000837
/vessels/details/252001148,ZHECANGYU08882-69,Unknown,252001148
/vessels/details/252901575,6886-15-99,Unknown,252901575
/vessels/details/252000475,SUQIYU04736-58-76,Unknown,252000475
/vessels/details/252123992,SUQIYU01239-92 60,Unknown,252123992
/vessels/details/252601393,058-74,Unknown,252601393
/vessels/details/252972201,UNAVAILABLE,Pleasure craft,252972201
/vessels/details/252158222,LIN21582-22-94,Unknown,252158222
/vessels/details/252501579,SUGANYU05758-56-73,Unknown,252501579
/vessels/details/252302707,HSD-NET-55,Unknown,252302707
/vessels/details/252911646,YUDUODUO1-6-87,Unknown,252911646
/vessels/details/252400909,XING FA 7-49,Unknown,252400909
/vessels/details/252593888,SUGANYU02938-88-60,Unknown,252593888
/vessels/details/252901691,02356-7-80,Unknown,252901691
/vessels/details/252401894,568-17-99,Unknown,252401894
/vessels/details/252904601,6886-12-99,Unknown,252904601
/vessels/details/252198011,LIN21980-11-99,Unknown,252198011
/vessels/details/252002657,SUQIYU04736-53-71,Unknown,252002657
/vessels/details/252002937,ZHECANGYU08882-61,Unknown,252002937
/vessels/details/252196805,ZHELINYU21968-05-99,Unknown,252196805
/vessels/details/252159635,ZHELINYU21596-35-86,Unknown,252159635
/vessels/details/252198319,ZHELINYU21983-19-,Unknown,252198319
/vessels/details/252160019,ZHELINYU21600-19-,Unknown,252160019
/vessels/details/252512022,ZHEXIANGYU25120-13,Unknown,252512022
/vessels/details/252002913,SUQIYU04736-42-83,Unknown,252002913
/vessels/details/252198931,LIN 21989-31-07,Unknown,252198931
/vessels/details/252303531,HSD-NET-46,Unknown,252303531
/vessels/details/252526908,SUGANYU19269-8-36,Unknown,252526908
/vessels/details/252501632,19153-11-73,Unknown,252501632
/vessels/details/252003047,ZHEXIANGYU19536-22,Unknown,252003047
/vessels/details/252902218,00196-51-87,Unknown,252902218
/vessels/details/252901873,ZHELIN12881-9-99,Unknown,252901873
/vessels/details/252600191,46161-A5-97,Unknown,252600191
/vessels/details/252002755,SUGANYU18686-11-86,Unknown,252002755
/vessels/details/252001593,SURUYU02166-31-67,Unknown,252001593
/vessels/details/252900187,28038-3-79,Unknown,252900187
/vessels/details/252000197,LULONGYU60028 15-68,Unknown,252000197
/vessels/details/252001614,SUGANYU18686-12-97,Unknown,252001614
/vessels/details/252002136,TING088-2-99,Unknown,252002136
/vessels/details/252126220,21262-15-86,Unknown,252126220
/vessels/details/252188328,ZHELINYU21883-28-91,Unknown,252188328
/vessels/details/252510048,HSD-NET-99,Unknown,252510048
/vessels/details/252159616,ZHELINYU21596-16-73C,Unknown,252159616
/vessels/details/252190603,ZHELINYU21906-03-99,Unknown,252190603
/vessels/details/252191509,21915-9-82,Unknown,252191509
/vessels/details/252903394,13689-4-68,Unknown,252903394
/vessels/details/252902754,1268-14-92,Unknown,252902754
/vessels/details/252126020,LIN21260-20-75,Unknown,252126020
/vessels/details/252000307,30YIBEIYOUWANG-85,Unknown,252000307
/vessels/details/252600479,49601-6-99,Unknown,252600479
/vessels/details/252576907,25769-7 90,Unknown,252576907
/vessels/details/252600445,23303-2-82,Unknown,252600445
/vessels/details/252189320,ZHELINYU21893-20-,Unknown,252189320
/vessels/details/252002665,SUGANYU01818-7-99,Unknown,252002665
/vessels/details/252100493,SSN-FISHBUOY-40-87,Unknown,252100493
/vessels/details/252100458,FISHING NET-98,Unknown,252100458
/vessels/details/252903147,MINPUYU16666-14-99,Unknown,252903147
/vessels/details/252183812,21838-12-99,Unknown,252183812
/vessels/details/252903222,1268-19-82,Unknown,252903222
/vessels/details/252003011,ZHEXIANGYU19536-9,Unknown,252003011
/vessels/details/252901058,MINPUYU 02555-13-99,Unknown,252901058
/vessels/details/252002952,19358-37-31,Unknown,252002952
/vessels/details/252270274,27027-4-65,Unknown,252270274
/vessels/details/252800014,LIAOHUYU25280-4-99,Unknown,252800014
/vessels/details/252904469,3068-6-96,Unknown,252904469
/vessels/details/252302828,HSD-NET-40,Unknown,252302828
/vessels/details/252510031,HSD-NET-99,Unknown,252510031
/vessels/details/252213212,LIN 21321-2-85,Unknown,252213212
/vessels/details/252904853,1268-1-90,Unknown,252904853
/vessels/details/252500636,SUGANYU05758-47-79,Unknown,252500636
/vessels/details/252600104,46161-A3-99,Unknown,252600104
/vessels/details/252512018,ZHEXIANGYU25120-9,Unknown,252512018
/vessels/details/252880054,YU 05618-6-29,Unknown,252880054
/vessels/details/252188312,ZHELINYU21883-12-46,Unknown,252188312
/vessels/details/252001862,04666-50-83,Unknown,252001862
/vessels/details/252001191,BAOLE-43-27,Unknown,252001191
/vessels/details/252139409,21394-9-76,Unknown,252139409
/vessels/details/252354182,35418-2-47,Unknown,252354182
/vessels/details/252006357,JILEYU02360-23-96,Unknown,252006357
/vessels/details/252527903,12279-3-33,Unknown,252527903
/vessels/details/252902291,08299-34-70,Unknown,252902291
/vessels/details/252903510,6294-31-99,Unknown,252903510
/vessels/details/252002580,456 2-99,Unknown,252002580
/vessels/details/252190614,ZHELINYU21906-14-99,Unknown,252190614
/vessels/details/252576906,25769-6 90,Unknown,252576906
/vessels/details/252003005,ZHEXIANGYU19536-8,Unknown,252003005
/vessels/details/252002016,LULONGYU60028 19-61,Unknown,252002016
/vessels/details/252760622,LXK60622-257.4V,Unknown,252760622
/vessels/details/252000154,SUQIYU04736-56-56,Unknown,252000154
/vessels/details/252181116,21811-16-51,Unknown,252181116
/vessels/details/252721861,LXK21861-258.0V,Unknown,252721861
/vessels/details/252515116,5151-16-99,Unknown,252515116
/vessels/details/252903649,LIAOJINYU15155-10,Unknown,252903649
/vessels/details/252002955,19358-38-87,Unknown,252002955
/vessels/details/252903690,LIAOYINGYU3689-5,Unknown,252903690
/vessels/details/252901442,00168-1-99,Unknown,252901442
/vessels/details/252400923,BIAO 12101-7-99,Unknown,252400923
/vessels/details/252903673,00557-7-59,Unknown,252903673
/vessels/details/252912159,YUDUODUO3-10-26,Unknown,252912159
/vessels/details/252501346,17013-5-27,Unknown,252501346
/vessels/details/252003001,ZHEXIANGYU19536-2,Unknown,252003001
/vessels/details/252600320,40086-16B-93,Unknown,252600320
/vessels/details/252302838,HSD-NET-56,Unknown,252302838
/vessels/details/252660004,25266-4-13,Unknown,252660004
/vessels/details/252601319,21108-17-84,Unknown,252601319
/vessels/details/252196906,ZHELINYU21969-06-99,Unknown,252196906
/vessels/details/252555820,BIAO 05558-20-67,Unknown,252555820
/vessels/details/252904153,28038-8-96,Unknown,252904153
/vessels/details/252911150,SWORD 21-94,Unknown,252911150
/vessels/details/252400957,BIAO 02828-10-52,Unknown,252400957
/vessels/details/252131211,ZHELINYU21312-11-82,Unknown,252131211
/vessels/details/252600143,13689-2-73,Unknown,252600143
/vessels/details/252903311,6675-3-75,Unknown,252903311
/vessels/details/252179720,ZHELINYU-21797-16,Unknown,252179720
/vessels/details/252600765,46999-30-97,Unknown,252600765
/vessels/details/252133306,LIN21333-6-52,Unknown,252133306
/vessels/details/252160082,16008-2-63,Unknown,252160082
/vessels/details/252602625,69128-6-99,Unknown,252602625
/vessels/details/252100206,SSN-FISHBUOY-48-76,Unknown,252100206
/vessels/details/252300930,SOLITON-06025-42,Unknown,252300930
/vessels/details/252600478,49601-5-99,Unknown,252600478
/vessels/details/252198710,LIN21987-10-83,Unknown,252198710
/vessels/details/252190107,ZHELINYU21901-07-79,Unknown,252190107
/vessels/details/252165923,ZHELINYU21659-23-92,Unknown,252165923
/vessels/details/252196930,ZHELINYU21969-30-99,Unknown,252196930
/vessels/details/252118905,21189-5-76,Unknown,252118905
/vessels/details/252181120,21811-20-47,Unknown,252181120
/vessels/details/252136902,21369-2-99,Unknown,252136902
/vessels/details/252000956,SUGANYU18686-5-99,Unknown,252000956
/vessels/details/252900002,F D M NO. 02,Pilot,252900002
/vessels/details/252569901,SUGANYU02699-1-74,Unknown,252569901
/vessels/details/252196920,ZHELINYU21969-20-98,Unknown,252196920
/vessels/details/252903905,05111-5-91,Unknown,252903905
/vessels/details/252400528,65999-1-99,Unknown,252400528
/vessels/details/252000955,SUGANYU01919-13-86,Unknown,252000955
/vessels/details/252196881,ZHELINYU21968-1-92,Unknown,252196881
/vessels/details/252902167,03688-24-99,Unknown,252902167
/vessels/details/252503148,13096-1-13,Unknown,252503148
/vessels/details/252911675,LAIZHOU-10-25,Unknown,252911675
/vessels/details/252189301,ZHELINYU21893-1-55,Unknown,252189301
/vessels/details/252003034,ZHEXIANGYU19536-24,Unknown,252003034
/vessels/details/252600263,25233-18-94,Unknown,252600263
/vessels/details/252600214,MINPUYU02555-3-99,Unknown,252600214
/vessels/details/252501147,SUGANYU05158-11-99,Unknown,252501147
/vessels/details/252400252,HAI YOU 899-57,Unknown,252400252
/vessels/details/252002599,SURUYU09136-126-98,Unknown,252002599
/vessels/details/252401892,568-18-99,Unknown,252401892
/vessels/details/252201512,HSD-NET-99,Unknown,252201512
/vessels/details/252903815,00196-52-48,Unknown,252903815
/vessels/details/252506902,05069-2-84,Unknown,252506902
/vessels/details/252002528,SUQIYU04736-49-70,Unknown,252002528
/vessels/details/252600898,46999-33-97,Unknown,252600898
/vessels/details/252147815,LIN21478-15-84,Unknown,252147815
/vessels/details/252901612,ZHEYU07518-208B-98,Unknown,252901612
/vessels/details/252600673,LUDONGYU60555-8-76,Unknown,252600673
/vessels/details/252902388,46288-4-99,Unknown,252902388
/vessels/details/252902349,46557-A11-99,Unknown,252902349
/vessels/details/252181907,LIN21819-7-75,Unknown,252181907
/vessels/details/252166801,21668-01-49,Unknown,252166801
/vessels/details/252198802,LIN21988-2-66,Unknown,252198802
/vessels/details/252002593,SUSHEYU0699-14-76,Unknown,252002593
/vessels/details/252127813,ZHELINYU21278-13-,Unknown,252127813
/vessels/details/252002583,60286 5-94,Unknown,252002583
/vessels/details/252181107,21811-7-63,Unknown,252181107
/vessels/details/252197912,ZHELINYU21979-12-,Unknown,252197912
/vessels/details/252902593,03566-27-98,Unknown,252902593
/vessels/details/252000576,04619-18-63,Unknown,252000576
/vessels/details/252002346,05986-3-85,Unknown,252002346
/vessels/details/252001936,SUGANYU01919-6-93,Unknown,252001936
/vessels/details/252002348,SUGANYU18686-3-47,Unknown,252002348
/vessels/details/252202126,SOLITON-06004-96,Unknown,252202126
/vessels/details/252400568,1511-03-99,Unknown,252400568
/vessels/details/252001570,04619-37-67,Unknown,252001570
/vessels/details/252602627,69128-8-88,Unknown,252602627
/vessels/details/252190016,ZHELINYU21900-16-,Unknown,252190016
/vessels/details/252196801,ZHELINYU21968-01-72,Unknown,252196801
/vessels/details/252200749,TIELONG1195917-63,Unknown,252200749
/vessels/details/252100999,CT2-4513-06-77,Unknown,252100999
/vessels/details/252101184,HSD-NET-99,Unknown,252101184
/vessels/details/252002912,05986-10-91,Unknown,252002912
/vessels/details/252911200,SWORD 34-89,Unknown,252911200
/vessels/details/252902159,MINPUYU16666-5-99,Unknown,252902159
/vessels/details/252588373,SUGANYU02883-73-73,Unknown,252588373
/vessels/details/252198706,LIN21987-6-85,Unknown,252198706
/vessels/details/252189323,ZHELINYU21893-23-,Unknown,252189323
/vessels/details/252199918,ZHELINYU21999-18-,Unknown,252199918
/vessels/details/252500214,35002-14-79,Unknown,252500214
/vessels/details/252911180,SWORD 37-99,Unknown,252911180
/vessels/details/252182318,LIN21823-18-99,Unknown,252182318
/vessels/details/252503023,16066-9-04,Unknown,252503023
/vessels/details/252500201,35002-1-86,Unknown,252500201
/vessels/details/252198705,LIN21987-5-56,Unknown,252198705
/vessels/details/252600226,2057-34-72,Unknown,252600226
/vessels/details/252400590,HANNANTIAOCHA-015,Unknown,252400590
/vessels/details/252600422,MINPUYU21881-2-99,Unknown,252600422
/vessels/details/252126261,LIN12626-1-64,Unknown,252126261
/vessels/details/252188327,ZHELINYU21883-27-44,Unknown,252188327
/vessels/details/252101210,HSD-NET-98,Unknown,252101210
/vessels/details/252600615,46999-1-86,Unknown,252600615
/vessels/details/252900504,MINPUYU55668-8-98,Unknown,252900504
/vessels/details/252159207,LIN21592-7-48,Unknown,252159207
/vessels/details/252911620,F65415-87,Unknown,252911620
/vessels/details/252006360,JILEYU02360-26-79,Unknown,252006360
/vessels/details/252911377,SWORD 46-96,Unknown,252911377
/vessels/details/252181123,21811-23-41,Unknown,252181123
/vessels/details/252000407,04619-19-99,Unknown,252000407
/vessels/details/252996204,ZICAIQU29962-4-99,Unknown,252996204
/vessels/details/252521917,ZLY-21917-25-99,Unknown,252521917
/vessels/details/252400165,LUDONGYU67778-5-10,Unknown,252400165
/vessels/details/252198310,ZHELINYU21983-10-,Unknown,252198310
/vessels/details/252196907,ZHELINYU21969-07-99,Unknown,252196907
/vessels/details/252199904,ZHELINYU21999-4-99,Unknown,252199904
/vessels/details/252500925,17013-4-44,Unknown,252500925
/vessels/details/252399905,LIAOHUYU23999-5-99,Unknown,252399905
/vessels/details/252002999,ZHEXIANGYU19536-15,Unknown,252002999
/vessels/details/252122250,ZHELINYU21222-50 90,Unknown,252122250
/vessels/details/252904787,1268-24-70,Unknown,252904787
/vessels/details/252903701,5330-4-87,Unknown,252903701
/vessels/details/252006355,JILEYU02360-21-77,Unknown,252006355
/vessels/details/252100780,HSD-NET-99,Unknown,252100780
/vessels/details/252911789,618-05-84,Unknown,252911789
/vessels/details/252533203,25332-03-99,Unknown,252533203
/vessels/details/252196912,LIN21969-12-48,Unknown,252196912
/vessels/details/252904493,03566-17-64,Unknown,252904493
/vessels/details/252500678,13096-20-76,Unknown,252500678
/vessels/details/252200521,03118-A2,Unknown,252200521
/vessels/details/252156556,15655-6-75,Unknown,252156556
/vessels/details/252189310,LIN21893-10-60,Unknown,252189310
/vessels/details/252912191,WANGDIXIBIAN2-90,Unknown,252912191
/vessels/details/252512021,ZHEXIANGYU25120-12,Unknown,252512021
/vessels/details/252400908,BIAO 12101-10-99,Unknown,252400908
/vessels/details/252196919,LIN21969-19-99,Unknown,252196919
/vessels/details/252118906,21189-6-54,Unknown,252118906
/vessels/details/252190048,ZHELINYU21900-48-,Unknown,252190048
/vessels/details/252500190,P2 A18 G93-62,Unknown,252500190
/vessels/details/252100213,HSD-NET-99,Unknown,252100213
/vessels/details/252904563,00196-66-80,Unknown,252904563
/vessels/details/252512013,ZHEXIANGYU25120-3,Unknown,252512013
/vessels/details/252510052,HSD-NET-99,Unknown,252510052
/vessels/details/252000735,04619-23-78,Unknown,252000735
/vessels/details/252190611,ZHELINYU21906-11-84,Unknown,252190611
/vessels/details/252002315,SUGANYU18686-13-86,Unknown,252002315
/vessels/details/252903838,MINPUYU16666-2-99,Unknown,252903838
/vessels/details/252119806,21198-6-77,Unknown,252119806
/vessels/details/252182307,LIN21823-7-95,Unknown,252182307
/vessels/details/252001938,61999 7-43,Unknown,252001938
/vessels/details/252600138,12808-5-88,Unknown,252600138
/vessels/details/252100223,P10 LXNOI 55 B36-67,Unknown,252100223
/vessels/details/252189328,ZHELINYU21893-28-,Unknown,252189328
/vessels/details/252537815,25378-15-98,Unknown,252537815
/vessels/details/252902948,21535-11-78,Unknown,252902948
/vessels/details/252003036,ZHEXIANGYU19536-8,Unknown,252003036
/vessels/details/252911588,YUDUODUO4-5-84,Unknown,252911588
/vessels/details/252600227,3188-6-83,Unknown,252600227
/vessels/details/252903539,02052-7-68,Unknown,252903539
/vessels/details/252600432,46161-17-99,Unknown,252600432
/vessels/details/252188321,ZHELINYU21883-21-99,Unknown,252188321
/vessels/details/252501640,68268-61-02,Unknown,252501640
/vessels/details/252522666,BIEN TINH A2,Cargo ship,252522666
/vessels/details/252006359,JILEYU02360-25-95,Unknown,252006359
/vessels/details/252127808,ZHELINYU21278-8-99,Unknown,252127808
/vessels/details/252902164,03566-2-88,Unknown,252902164
/vessels/details/252002099,LULONGYU60028 4-75,Unknown,252002099
/vessels/details/252197925,ZHELINYU21979-25-,Unknown,252197925
/vessels/details/252881511,ZHELINGYU28815-11,Unknown,252881511
/vessels/details/252510032,HSD-NET-99,Unknown,252510032
/vessels/details/252600894,46999-A3-86,Unknown,252600894
/vessels/details/252159111,ZHELINYU21591-11-85,Unknown,252159111
/vessels/details/252885356,28853-56-99,Unknown,252885356
/vessels/details/252910859,IR FISH BUOY 44-99,Unknown,252910859
/vessels/details/252904914,00093-61-84,Unknown,252904914
/vessels/details/252401898,568-15-99,Unknown,252401898
/vessels/details/252555824,BIAO 05558-24-75,Unknown,252555824
/vessels/details/252902285,11682-3-99,Unknown,252902285
/vessels/details/252159103,ZHELINYU21591-03-77,Unknown,252159103
/vessels/details/252363477,4003-12-46,Unknown,252363477
/vessels/details/252196802,ZHELINYU21968-02-86,Unknown,252196802
/vessels/details/252200300,TIELONG1195922-74,Unknown,252200300
/vessels/details/252000144,111-02-02,Unknown,252000144
/vessels/details/252159116,ZHELINYU21591-16-90,Unknown,252159116
/vessels/details/252904876,1268-21-76,Unknown,252904876
/vessels/details/252900024,FDM-24-99,Unknown,252900024
/vessels/details/252600405,1623-3-99,Unknown,252600405
/vessels/details/252192208,ZLY21922-8-63,Unknown,252192208
/vessels/details/252192203,ZLY21922-3-85,Unknown,252192203
/vessels/details/252400040,BIAO 12101-16-99,Unknown,252400040
/vessels/details/252904812,46557-A2-81,Unknown,252904812
/vessels/details/252503361,SUGANYU05758-46-78,Unknown,252503361
/vessels/details/252569907,SUGANYU02699-7-89,Unknown,252569907
/vessels/details/252303502,HSD-NET-54,Unknown,252303502
/vessels/details/252566006,03660-6-37,Unknown,252566006
/vessels/details/252588356,SUGANYU02883-56-99,Unknown,252588356
/vessels/details/252506920,05069-20-94,Unknown,252506920
/vessels/details/252250706,22507-06-08,Unknown,252250706
/vessels/details/252131219,LINAN-1-06,Unknown,252131219
/vessels/details/252000755,LULONGYU60028 12-71,Unknown,252000755
/vessels/details/252122251,ZHELINYU21222-51 90,Unknown,252122251
/vessels/details/252002886,ZHECANGYU08882-56,Unknown,252002886
/vessels/details/252600949,46999-3-90,Unknown,252600949
/vessels/details/252302678,HSD-NET-03,Unknown,252302678
/vessels/details/252002556,SUGANYU06262-18-93,Unknown,252002556
/vessels/details/252300956,SOLITON-06021-87,Unknown,252300956
/vessels/details/252190026,ZHELINYU21900-26-,Unknown,252190026
/vessels/details/252190114,ZHELINYU21901-14-99,Unknown,252190114
/vessels/details/252911568,YUDUODUO1-4-68,Unknown,252911568
/vessels/details/252557504,05575-4-95,Unknown,252557504
/vessels/details/252400911,FAN HAI 111-60,Unknown,252400911
/vessels/details/252139815,LIN21398-15-90,Unknown,252139815
/vessels/details/252410003,HSD-NET-99,Unknown,252410003
/vessels/details/252902690,46288-20-99,Unknown,252902690
/vessels/details/252902732,6294-32-99,Unknown,252902732
/vessels/details/252903181,LIAOJINYU15045-3-76,Unknown,252903181
/vessels/details/252181719,LIN21817-19-29,Unknown,252181719
/vessels/details/252558906,DONGTAIYU11589-6-68,Unknown,252558906
/vessels/details/252900341,45168-A5-99,Unknown,252900341
/vessels/details/252501310,16066-72-39,Unknown,252501310
/vessels/details/252002319,05986-4-55,Unknown,252002319
/vessels/details/252901706,19811-4-99,Unknown,252901706
/vessels/details/252900443,02052-1-96,Unknown,252900443
/vessels/details/252161825,LIN21618-25-66,Unknown,252161825
/vessels/details/252600608,46999-32-99,Unknown,252600608
/vessels/details/252138808,LIN 21388-8-99,Unknown,252138808
/vessels/details/252002655,05989-4-96,Unknown,252002655
/vessels/details/252911282,IR FISH BUOY 33-99,Unknown,252911282
/vessels/details/252555825,BIAO 05558-25-85,Unknown,252555825
/vessels/details/252179716,ZHELINYU-21797-16,Unknown,252179716
/vessels/details/252904201,LIAOJINYU15155-14,Unknown,252904201
/vessels/details/252100517,HSD-NET-99,Unknown,252100517
/vessels/details/252911011,IR FISH BUOY 42-99,Unknown,252911011
/vessels/details/252400872,HSD-NET-99,Unknown,252400872
/vessels/details/252151512,21515-12-99,Unknown,252151512
/vessels/details/252088810,666888-10-96,Unknown,252088810
/vessels/details/252000824,04619-22-50,Unknown,252000824
/vessels/details/252100934,MOHSENI 5 -99,Unknown,252100934
/vessels/details/252400259,39350-168-99,Unknown,252400259
/vessels/details/252588371,SUGANYU02883-71-68,Unknown,252588371
/vessels/details/252191511,21915-11-84,Unknown,252191511
/vessels/details/252188335,ZHELINYU21883-35-93,Unknown,252188335
/vessels/details/252001078,ZHECANGYU08882-63,Unknown,252001078
/vessels/details/252569905,SUGANYU02699-5-76,Unknown,252569905
/vessels/details/252000319,19358-40-04,Unknown,252000319
/vessels/details/252118910,21189-10-54,Unknown,252118910
/vessels/details/252600407,46688-48-97,Unknown,252600407
/vessels/details/252690008,LIAOHEYU25269-8-99,Unknown,252690008
/vessels/details/252198715,LIN21987-15-59,Unknown,252198715
/vessels/details/252600821,46999-28-99,Unknown,252600821
/vessels/details/252000682,111-01-02,Unknown,252000682
/vessels/details/252191510,21915-10-87,Unknown,252191510
/vessels/details/252197916,ZHELINYU21979-16-,Unknown,252197916
/vessels/details/252903202,46288-11-99,Unknown,252903202
/vessels/details/252000162,SUGANYU06969-1-94,Unknown,252000162
/vessels/details/252903894,08299-43-83,Unknown,252903894
/vessels/details/252901040,ZHEYU07518-204B-99,Unknown,252901040
/vessels/details/252001135,ZHECANGYU08882-65,Unknown,252001135
/vessels/details/252190104,ZHELINYU21901-04-92,Unknown,252190104
/vessels/details/252197906,ZHELINYU21979-6-85,Unknown,252197906
/vessels/details/252500435,05656-16-90,Unknown,252500435
/vessels/details/252911504,WANGDIDONGBIAN24-40,Unknown,252911504
/vessels/details/252902814,29028-14-99,Unknown,252902814
/vessels/details/252200105,TIELONG1195905-98,Unknown,252200105
/vessels/details/252904093,00196-89-94,Unknown,252904093
/vessels/details/252100926,HSD-NET-99,Unknown,252100926
/vessels/details/252182312,LIN21823-12-99,Unknown,252182312
/vessels/details/252190109,ZHELINYU21901-09-85,Unknown,252190109
/vessels/details/252001558,05986-20-59,Unknown,252001558
/vessels/details/252506915,05069-15-93,Unknown,252506915
/vessels/details/252001320,B002-99,Unknown,252001320
/vessels/details/252000893,HSD-NET-99,Unknown,252000893
/vessels/details/252600476,49601-3-99,Unknown,252600476
/vessels/details/252200284,03118A6,Unknown,252200284
/vessels/details/252501689,15211-2-70,Unknown,252501689
/vessels/details/252190120,ZHELINYU21901-20-94,Unknown,252190120
/vessels/details/252588352,SUGANYU02883-52-48,Unknown,252588352
/vessels/details/252903386,05111-8-87,Unknown,252903386
/vessels/details/252196925,ZHELINYU21969-25-99,Unknown,252196925
/vessels/details/252200098,CHANGSHENG2618-91,Unknown,252200098
/vessels/details/252600093,7688-1-99,Unknown,252600093
/vessels/details/252400867,YANGZHIQU4-99,Unknown,252400867
/vessels/details/252133313,21333-13-99,Unknown,252133313
/vessels/details/252400726,BIAO 02828-5-80,Unknown,252400726
/vessels/details/252160021,ZHELINYU21600-21-,Unknown,252160021
/vessels/details/252000856,09662-42-53,Unknown,252000856
/vessels/details/252300957,SOLITON-06020-99,Unknown,252300957
/vessels/details/252510083,HSD-NET-76,Unknown,252510083
/vessels/details/252192501,21925-1-79,Unknown,252192501
/vessels/details/252904873,00093-58-30,Unknown,252904873
/vessels/details/252001464,05986-45-58,Unknown,252001464
/vessels/details/252198804,LIN21988-4-68,Unknown,252198804
/vessels/details/252502401,05656-9-49,Unknown,252502401
/vessels/details/252400466,YANGZHIQU5522-02,Unknown,252400466
/vessels/details/252911578,YUDUODUO1-10-63,Unknown,252911578
/vessels/details/252902741,00123-63-99,Unknown,252902741
/vessels/details/252911836,60063-04-55,Unknown,252911836
/vessels/details/252904581,6345-9-36,Unknown,252904581
/vessels/details/252903382,00196-86-02,Unknown,252903382
/vessels/details/252197901,ZHELINYU21979-1-99,Unknown,252197901
/vessels/details/252100724,HSD-NET-97,Unknown,252100724
/vessels/details/252189804,ZHELINYU21898-4-20,Unknown,252189804
/vessels/details/252600038,46161-19-99,Unknown,252600038
/vessels/details/252804674,Y- NAM-412-412,Fishing vessel,252804674
/vessels/details/252901876,MINPUYU55668-10-54,Unknown,252901876
/vessels/details/252501247,13096-12-52,Unknown,252501247
/vessels/details/252181111,21811-11-12,Unknown,252181111
/vessels/details/252500221,35002-21-73,Unknown,252500221
/vessels/details/252301365,BANDAR NELAYAN 806,Fishing vessel,252301365
/vessels/details/252192218,ZLY21922-18-74,Unknown,252192218
/vessels/details/252512020,ZHEXIANGYU25120-11,Unknown,252512020
/vessels/details/252181905,LIN21819-5-41,Unknown,252181905
/vessels/details/252901752,45168-A7-99,Unknown,252901752
/vessels/details/252912119,RH515-04-87,Unknown,252912119
/vessels/details/252300922,SOLITON-06022-99,Unknown,252300922
/vessels/details/252501083,6298-26-48,Unknown,252501083
/vessels/details/252303528,HSD-NET-99,Unknown,252303528
/vessels/details/252179712,ZHELINYU-21797-12,Unknown,252179712
/vessels/details/252303319,HSD-NET-99,Unknown,252303319
/vessels/details/252000398,02YIXIYOUWANG-43,Unknown,252000398
/vessels/details/252503397,68268-65-60,Unknown,252503397
/vessels/details/252600223,5864-2-99,Unknown,252600223
/vessels/details/252200114,TIELONG1195904-60,Unknown,252200114
/vessels/details/252566802,25668-2 90,Unknown,252566802
/vessels/details/252139873,LIN21398-73-93,Unknown,252139873
/vessels/details/252513250,BIEN TINH A2,Fishing vessel,252513250
/vessels/details/252903640,00557-5-96,Unknown,252903640
/vessels/details/252001512,SUQIYU04736-50-69,Unknown,252001512
/vessels/details/252911669,65415-79,Unknown,252911669
/vessels/details/252911691,PTR50-04-78,Unknown,252911691
/vessels/details/252195335,ZHELINYU21953-35-99,Unknown,252195335
/vessels/details/252100307,HSD-NET-99,Unknown,252100307
/vessels/details/252600650,SUGANYU05368-8-97,Unknown,252600650
/vessels/details/252182313,LIN21823-13-83,Unknown,252182313
/vessels/details/252165914,ZHELINYU21659-14-27,Unknown,252165914
/vessels/details/252569906,SUGANYU02699-6-83,Unknown,252569906
/vessels/details/252198820,LIN21988-20-32,Unknown,252198820
/vessels/details/252000406,04666-15-75,Unknown,252000406
/vessels/details/252188314,ZHELINYU21883-14-95,Unknown,252188314
/vessels/details/252904349,16588-3-92,Unknown,252904349
/vessels/details/252100569,SSN-FISHBUOY-10-82,Unknown,252100569
/vessels/details/252228806,BIAO 02288-6-99,Unknown,252228806
/vessels/details/252500755,556-40-99,Unknown,252500755
/vessels/details/252903733,46288-6-97,Unknown,252903733
/vessels/details/252600623,SUGANYU05368-6-54,Unknown,252600623
/vessels/details/252000826,BAOLE-26-80,Unknown,252000826
/vessels/details/252600386,49238-1-99,Unknown,252600386
/vessels/details/252903734,1268-8-90,Unknown,252903734
/vessels/details/252001761,05986-9-64,Unknown,252001761
/vessels/details/252902735,46288-9-99,Unknown,252902735
/vessels/details/252902696,00093-64-78,Unknown,252902696
/vessels/details/252144410,ZHELINYU21444-10-86,Unknown,252144410
/vessels/details/252001553,B012-75,Unknown,252001553
/vessels/details/252001564,04666-44-80,Unknown,252001564
/vessels/details/252601028,SUGANYU05368-7-61,Unknown,252601028
/vessels/details/252600067,46688-41-90,Unknown,252600067
/vessels/details/252400569,65999-4-94,Unknown,252400569
/vessels/details/252600941,46999-31-99,Unknown,252600941
/vessels/details/252250707,22507-07-81,Unknown,252250707
/vessels/details/252302839,HSD-NET-67,Unknown,252302839
/vessels/details/252502026,19153-12-69,Unknown,252502026
/vessels/details/252502829,6298-31-89,Unknown,252502829
/vessels/details/252501175,SUGANYU05758-58-03,Unknown,252501175
/vessels/details/252502602,A-40568-24-85,Unknown,252502602
/vessels/details/252010169,LM1-81,Unknown,252010169
/vessels/details/252197302,ZHELINYU21973-02-99C,Unknown,252197302
/vessels/details/252503362,SUGANYU05758-44-78,Unknown,252503362
/vessels/details/252947854,568-12-99,Unknown,252947854
/vessels/details/252159105,ZHELINYU21591-03-83,Unknown,252159105
/vessels/details/252100903,ZHELINYU21009-3-29,Unknown,252100903
/vessels/details/252002489,SUGANYU01919-11-26,Unknown,252002489
/vessels/details/252200489,CHANGSHENG3619-59,Unknown,252200489
/vessels/details/252900347,MINPUYU55668-5-97,Unknown,252900347
/vessels/details/252131209,ZHELINYU21312-09-82,Unknown,252131209
/vessels/details/252156316,21563-16-87,Unknown,252156316
/vessels/details/252000148,SUQIYU18111-208-53,Unknown,252000148
/vessels/details/252000402,BAOLE-31-06,Unknown,252000402
/vessels/details/252506912,05069-12-89,Unknown,252506912
/vessels/details/252911546,YUDUODUO1-8-44,Unknown,252911546
/vessels/details/252904317,03566-1-90,Unknown,252904317
/vessels/details/252911619,WANGDIDONGBIAN1-55,Unknown,252911619
/vessels/details/252001794,B003-99,Unknown,252001794
/vessels/details/252903110,46288-1-99,Unknown,252903110
/vessels/details/252911388,LAST ONE 50-99,Unknown,252911388
/vessels/details/252503008,19126-21-58,Unknown,252503008
/vessels/details/252222352,SUQIYU02223-528.2V,Unknown,252222352
/vessels/details/252500234,35002-34-59,Unknown,252500234
/vessels/details/252189316,ZHELINYU21893-16-,Unknown,252189316
/vessels/details/252165925,ZHELINYU21659-25-99,Unknown,252165925
/vessels/details/252100721,HSD-NET-99,Unknown,252100721
/vessels/details/252301138,8892-2-99,Unknown,252301138
/vessels/details/252003008,ZHEXIANGYU19536-18,Unknown,252003008
/vessels/details/252710001,15888-B22-54,Unknown,252710001
/vessels/details/252600349,2057-23-63,Unknown,252600349
/vessels/details/252200141,CHANGSHENG3615-47,Unknown,252200141
/vessels/details/252600833,B40568-18-97,Unknown,252600833
/vessels/details/252515113,5151-13-88,Unknown,252515113
/vessels/details/252198703,LIN21987-3-81,Unknown,252198703
/vessels/details/252221971,XYY21971-258.2V,Unknown,252221971
/vessels/details/252400526,P2-LN36-C40C39-74,Unknown,252400526
/vessels/details/252501127,SUGANYU05758-52-84,Unknown,252501127
/vessels/details/252000703,BAOLE-29-45,Unknown,252000703
/vessels/details/252911986,BUDUI02-72,Unknown,252911986
/vessels/details/252123991,SUQIYU01239-91 70,Unknown,252123991
/vessels/details/252302587,HSD-NET-02,Unknown,252302587
/vessels/details/252001089,05986-15-64,Unknown,252001089
/vessels/details/252903910,00196-92-99,Unknown,252903910
/vessels/details/252192509,21925-9-94,Unknown,252192509
/vessels/details/252355502,23555 318-2 90,Unknown,252355502
/vessels/details/252904763,00196-68-63,Unknown,252904763
/vessels/details/252198716,LIN21987-16-52,Unknown,252198716
/vessels/details/252000204,3-12345-4-90,Unknown,252000204
/vessels/details/252001068,ZHECANGYU08882-66,Unknown,252001068
/vessels/details/252122252,ZHELINYU21222-52 90,Unknown,252122252
/vessels/details/252198323,ZHELINYU21983-23-,Unknown,252198323
/vessels/details/252588355,SUGANYU02883-55-80,Unknown,252588355
/vessels/details/252100734,KALMATI 2 -99,Unknown,252100734
/vessels/details/252192216,ZLY21922-16-90,Unknown,252192216
/vessels/details/252506905,05069-5-58,Unknown,252506905
/vessels/details/252001139,ZHECANGYU08882-60,Unknown,252001139
/vessels/details/252200061,TIELONG1195916-50,Unknown,252200061
/vessels/details/252902492,08299-40-82,Unknown,252902492
/vessels/details/252200245,CHANGSHENG2609-98,Unknown,252200245
/vessels/details/252400609,YANGZHIQU5525-02,Unknown,252400609
/vessels/details/252159208,LIN21592-8-57,Unknown,252159208
/vessels/details/252156725,21567-25-99,Unknown,252156725
/vessels/details/252190620,ZHELINYU21906-20-99,Unknown,252190620
/vessels/details/252903333,46557-2-95,Unknown,252903333
/vessels/details/252903182,6294-35-97,Unknown,252903182
/vessels/details/252500938,19138-12-58,Unknown,252500938
/vessels/details/252501714,05656-12-84,Unknown,252501714
/vessels/details/252911703,918-03-53,Unknown,252911703
/vessels/details/252189802,ZHELINYU21898-2-36,Unknown,252189802
/vessels/details/252903071,LIAOJINYU15045-8-74,Unknown,252903071
/vessels/details/252500205,35002-5-48,Unknown,252500205
/vessels/details/252600849,46999-2-83,Unknown,252600849
/vessels/details/252901808,45168-B8-99,Unknown,252901808
/vessels/details/252902446,11682-4-99,Unknown,252902446
/vessels/details/252002765,61888 3-13,Unknown,252002765
/vessels/details/252600258,15701-1-88,Unknown,252600258
/vessels/details/252569909,SUGANYU02699-9-82,Unknown,252569909
/vessels/details/252000908,04666-26-31,Unknown,252000908
/vessels/details/252903807,00196-80-74,Unknown,252903807
/vessels/details/252902647,HSD-NET-99,Unknown,252902647
/vessels/details/252902791,LIAOJINYU15589-2-99,Unknown,252902791
/vessels/details/252903993,HSD-NET-99,Unknown,252903993
/vessels/details/252700285,HSD-NET-79,Unknown,252700285
/vessels/details/252600626,46999-11-84,Unknown,252600626
/vessels/details/252902124,12950-1-99,Unknown,252902124
/vessels/details/252165919,ZHELINYU21659-19-43,Unknown,252165919
/vessels/details/252902824,00196-73-94,Unknown,252902824
/vessels/details/252181917,LIN21819-17-36,Unknown,252181917
/vessels/details/252196913,ZHELINYU21969-13-99,Unknown,252196913
/vessels/details/252100763,CAGE 06789-77,Unknown,252100763
/vessels/details/252197905,ZHELINYU21979-5-75,Unknown,252197905
/vessels/details/252002448,SURUYU09136-122-80,Unknown,252002448
/vessels/details/252400418,WEN ZHOU HAI AN-83,Unknown,252400418
/vessels/details/252533218,25332-18-93,Unknown,252533218
/vessels/details/252316555,YU 555 -25 99,Unknown,252316555
/vessels/details/252144411,ZHELINYU21444-11-90,Unknown,252144411
/vessels/details/252003015,ZHEXIANGYU19536-11,Unknown,252003015
/vessels/details/252602629,69128-10-87,Unknown,252602629
/vessels/details/252911899,918-01-99,Unknown,252911899
/vessels/details/252001798,SUGANYU06969-3-85,Unknown,252001798
/vessels/details/252600647,46999-18-80,Unknown,252600647
/vessels/details/252600006,8888-9-95,Unknown,252600006
/vessels/details/252002352,LULONGYU60028 18-62,Unknown,252002352
/vessels/details/252502696,SUGANYU05158-30-99,Unknown,252502696
/vessels/details/252002149,04619-38-68,Unknown,252002149
/vessels/details/252197907,LIN21979-7-99,Unknown,252197907
/vessels/details/252300983,HSD-NET-35,Unknown,252300983
/vessels/details/252196928,ZHELINYU21969-28-92,Unknown,252196928
/vessels/details/252303509,HSD-NET-39,Unknown,252303509
/vessels/details/252500610,68268-62-32,Unknown,252500610
/vessels/details/252901877,MINPUYU55668-2-85,Unknown,252901877
/vessels/details/252881521,ZHELINGYU28815-21,Unknown,252881521
/vessels/details/252100762,HSD-NET-99,Unknown,252100762
/vessels/details/252159210,LIN21592-10-99,Unknown,252159210
/vessels/details/252503242,09591-166-70,Unknown,252503242
/vessels/details/252903089,6886-10-83,Unknown,252903089
/vessels/details/252002549,SUQIYU04736-37-49,Unknown,252002549
/vessels/details/252158815,LIN21588-15-93,Unknown,252158815
/vessels/details/252903898,6886-4-99,Unknown,252903898
/vessels/details/252400175,BIAO 05996-1-99,Unknown,252400175
/vessels/details/252188323,ZHELINYU21883-23-93,Unknown,252188323
/vessels/details/252903341,46061-2-98,Unknown,252903341
/vessels/details/252303506,HSD-NET-99,Unknown,252303506
/vessels/details/252002574,SUGANYU06262-13-96,Unknown,252002574
/vessels/details/252181103,21811-3-92,Unknown,252181103
/vessels/details/252903379,00196-59-99,Unknown,252903379
/vessels/details/252190047,ZHELINYU21900-47-,Unknown,252190047
/vessels/details/252002299,SUGANYU01818-17-99,Unknown,252002299
/vessels/details/252911805,918-04-88,Pleasure craft,252911805
/vessels/details/252401893,568-14-99,Unknown,252401893
/vessels/details/252902537,00557-6-98,Unknown,252902537
/vessels/details/252198314,ZHELINYU21983-14-,Unknown,252198314
/vessels/details/252197915,ZHELINYU21979-15-,Unknown,252197915
/vessels/details/252303317,HSD-NET-02,Unknown,252303317
/vessels/details/252903801,25068-6-95,Unknown,252903801
/vessels/details/252100555,SSN-FISHBUOY-49-97,Unknown,252100555
/vessels/details/252000138,SUGANYU06969-4-90,Unknown,252000138
/vessels/details/252200323,CHANGSHENG2608-98,Unknown,252200323
/vessels/details/252002793,BAOLE-48-03,Unknown,252002793
/vessels/details/252901974,6028-2-99,Unknown,252901974
/vessels/details/252002072,SUGANYU06969-11-99,Unknown,252002072
/vessels/details/252902466,MINPUYU16666-16-99,Unknown,252902466
/vessels/details/252181129,21811-29-56,Unknown,252181129
/vessels/details/252118917,21189-17-58,Unknown,252118917
/vessels/details/252506906,05069-6-79,Unknown,252506906
/vessels/details/252515102,5151-2-82,Unknown,252515102
/vessels/details/252002856,60296 2-97,Unknown,252002856
/vessels/details/252179715,ZHELINYU-21797-15,Unknown,252179715
/vessels/details/252159218,LIN21592-18-99,Unknown,252159218
/vessels/details/252202119,SOLITON-06007-02,Unknown,252202119
/vessels/details/252904852,00093-67-02,Unknown,252904852
/vessels/details/252303318,HSD-NET-63,Unknown,252303318
/vessels/details/252600041,15701-3-99,Unknown,252600041
/vessels/details/252190110,ZHELINYU21901-10-87,Unknown,252190110
/vessels/details/252003010,ZHEXIANGYU19536-3,Unknown,252003010
/vessels/details/252515105,5151-5-97,Unknown,252515105
/vessels/details/252557507,05575-7-96,Unknown,252557507
/vessels/details/252600760,46999-8-86,Unknown,252600760
/vessels/details/252354186,35418-6-99,Unknown,252354186
/vessels/details/252007816,ZHE07816-25-58,Unknown,252007816
/vessels/details/252001888,04666-57-48,Unknown,252001888
/vessels/details/252188319,ZHELINYU21883-19-28,Unknown,252188319
/vessels/details/252512015,ZHEXIANGYU25120-2,Unknown,252512015
/vessels/details/252198301,ZHELINYU21983-1-84,Unknown,252198301
/vessels/details/252190003,ZHELINYU21900-3-79,Unknown,252190003
/vessels/details/252888802,28888-02-40,Unknown,252888802
/vessels/details/252902860,03566-3-98,Unknown,252902860
/vessels/details/252911820,YUDUODUO5-9-85,Unknown,252911820
/vessels/details/252600241,40086-14B-99,Unknown,252600241
/vessels/details/252002202,SUQIYU18111-205-56,Unknown,252002202
/vessels/details/252165927,ZHELINYU21659-27-96,Unknown,252165927
/vessels/details/252600855,46999-29-61,Unknown,252600855
/vessels/details/252000697,54YIDONGYOUWANG-26,Unknown,252000697
/vessels/details/252001352,60059-2-94,Unknown,252001352
/vessels/details/252600364,46161-A14-99,Unknown,252600364
/vessels/details/252537816,25378-16-99,Unknown,252537816
/vessels/details/252200360,HSD-NET-66,Unknown,252200360
/vessels/details/252904116,00196-90-77,Unknown,252904116
/vessels/details/252144407,ZHELINYU21444-07-57,Unknown,252144407
/vessels/details/252903939,6294-25-99,Unknown,252903939
/vessels/details/252189319,ZHELINYU21893-19-,Unknown,252189319
/vessels/details/252200153,MINPUYU 60891-3-02,Unknown,252200153
/vessels/details/252600612,ZHERUIYU12038-1-99,Unknown,252600612
/vessels/details/252912924,RH511-03-88,Unknown,252912924
/vessels/details/252902718,12950-1-93,Unknown,252902718
/vessels/details/252100844,AL-MOHAMMADI-99,Unknown,252100844
/vessels/details/252192912,LIN21929-12-94,Unknown,252192912
/vessels/details/252904112,00196-90-91,Unknown,252904112
/vessels/details/252904552,MINPUYU47888-10-99,Unknown,252904552
/vessels/details/252558905,DONGTAIYU11589-5-84,Unknown,252558905
/vessels/details/252197307,ZHELINYU21973-07-99,Unknown,252197307
/vessels/details/252196901,ZHELINYU21969-01-99,Unknown,252196901
/vessels/details/252000210,3-12345-10-89,Unknown,252000210
/vessels/details/252885361,28853-61-99,Unknown,252885361
/vessels/details/252302701,HSD-NET-99,Unknown,252302701
/vessels/details/252300969,SOLITON-06016-99,Unknown,252300969
/vessels/details/252902812,7055-32-96,Unknown,252902812
/vessels/details/252900713,ZHEYU07518-201B-99,Unknown,252900713
/vessels/details/252912123,RH515-05-84,Unknown,252912123
/vessels/details/252003041,ZHEXIANGYU19536-12,Unknown,252003041
/vessels/details/252600394,49238-9-99,Unknown,252600394
/vessels/details/252121101,LIN21211-C1-72,Unknown,252121101
/vessels/details/252188324,ZHELINYU21883-24-94,Unknown,252188324
/vessels/details/252903221,676-15-50,Unknown,252903221
/vessels/details/252660103,LIAOHUYU25266-3-58,Unknown,252660103
/vessels/details/252502221,SUGANYU05158-27-84,Unknown,252502221
/vessels/details/252088807,666888-7-87,Unknown,252088807
/vessels/details/252190033,ZHELINYU21900-33-,Unknown,252190033
/vessels/details/252100379,HSD-NET-98,Unknown,252100379
/vessels/details/252904980,6294-29-99,Unknown,252904980
/vessels/details/252197908,LIN21979-8-46,Unknown,252197908
/vessels/details/252001927,HSD-NET-91,Unknown,252001927
/vessels/details/252602617,69128-1-93,Unknown,252602617
/vessels/details/252903107,46555-1-85,Unknown,252903107
/vessels/details/252159219,LIN21592-19-81,Unknown,252159219
/vessels/details/252001487,B011-99,Unknown,252001487
/vessels/details/252904944,5296-005-85,Unknown,252904944
/vessels/details/252904500,12950-18-86,Unknown,252904500
/vessels/details/252902312,46288-17-99,Unknown,252902312
/vessels/details/252526907,SUGANYU19269-7-26,Unknown,252526907
/vessels/details/252127807,ZHELINYU21278-7-91,Unknown,252127807
/vessels/details/252555821,BIAO 05558-21-67,Unknown,252555821
/vessels/details/252002418,B006-99,Unknown,252002418
/vessels/details/252300931,SOLITON-06018-94,Unknown,252300931
/vessels/details/252901995,6028-3-99,Unknown,252901995
/vessels/details/252302833,HSD-NET-49,Unknown,252302833
/vessels/details/252510027,HSD-NET-99,Unknown,252510027
/vessels/details/252197920,ZHELINYU21979-20-,Unknown,252197920
/vessels/details/252683805,LIAOYINGYU26838-5,Unknown,252683805
/vessels/details/252885352,28853-52-93,Unknown,252885352
/vessels/details/252189330,ZHELINYU21893-30-,Unknown,252189330
/vessels/details/252002550,SUGANYU01919-5-74,Unknown,252002550
/vessels/details/252100318,HSD-NET-81,Unknown,252100318
/vessels/details/252400701,BIAO 02828-1-52,Unknown,252400701
/vessels/details/252300981,SOLITON-06019-99,Unknown,252300981
/vessels/details/252515108,5151-8-80,Unknown,252515108
/vessels/details/252502126,6298-33-97,Unknown,252502126
/vessels/details/252902598,46999-19-99,Unknown,252902598
/vessels/details/252400622,BIAO 02828-9-87,Unknown,252400622
/vessels/details/252526906,SUGANYU19269-6-02,Unknown,252526906
/vessels/details/252144404,ZHELINYU21444-04-60,Unknown,252144404
/vessels/details/252904453,7055-29-85,Unknown,252904453
/vessels/details/252502604,05656-4-68,Unknown,252502604
/vessels/details/252901643,ZHEYU07518-202-99,Unknown,252901643
/vessels/details/252902271,7055-24-85,Unknown,252902271
/vessels/details/252902704,5296-007-88,Unknown,252902704
/vessels/details/252303249,HSD-NET-77,Unknown,252303249
/vessels/details/252002529,SUGANYU18686-6-98,Unknown,252002529
/vessels/details/252600712,46999-A1-93,Unknown,252600712
/vessels/details/252001777,01045-4-97,Unknown,252001777
/vessels/details/252902650,ZHEXIANGYU13222-20,Unknown,252902650
/vessels/details/252555822,BIAO 05558-22-86,Unknown,252555822
/vessels/details/252900902,MINPUYU55668-12-99,Unknown,252900902
/vessels/details/252502264,19138-7-48,Unknown,252502264
/vessels/details/252101205,HSD-NET-99,Unknown,252101205
/vessels/details/252002138,19358-35-53,Unknown,252002138
/vessels/details/252911302,SWORD 43-99,Unknown,252911302
/vessels/details/252198711,LIN21987-11-86,Unknown,252198711
/vessels/details/252901043,MINPUYU 02555-19-99,Unknown,252901043
/vessels/details/252189326,ZHELINYU21893-26-,Unknown,252189326
/vessels/details/252902717,08299-44-83,Unknown,252902717
/vessels/details/252904893,46288-12-99,Unknown,252904893
/vessels/details/252501027,16066-73-70,Unknown,252501027
/vessels/details/252911520,WANGDIXIBIAN6-91,Unknown,252911520
/vessels/details/252159205,LIN21592-5-02,Unknown,252159205
/vessels/details/252660101,LIAOHUYU25266-1-99,Unknown,252660101
/vessels/details/252903042,00196-91-76,Unknown,252903042
/vessels/details/252188336,ZHELINYU21883-36-99,Unknown,252188336
/vessels/details/252159214,LIN21592-14-90,Unknown,252159214
/vessels/details/252198313,ZHELINYU21983-13-,Unknown,252198313
/vessels/details/252600225,WEI889-2-97,Unknown,252600225
/vessels/details/252600899,46999-7-85,Unknown,252600899
/vessels/details/252901429,02356-6-35,Unknown,252901429
/vessels/details/252502746,13096-15-74,Unknown,252502746
/vessels/details/252600465,2057-29-64,Unknown,252600465
/vessels/details/252001417,SUQIYU18111-213-20,Unknown,252001417
/vessels/details/252902454,00196-74-99,Unknown,252902454
/vessels/details/252000833,SUGANYU01818-6-99,Unknown,252000833
/vessels/details/252031803,85070-12,Unknown,252031803
/vessels/details/252900827,ZHEYU07518-210B-99,Unknown,252900827
/vessels/details/252903412,00196-88-88,Unknown,252903412
/vessels/details/252904108,16588-4-91,Unknown,252904108
/vessels/details/252903114,6294-30-97,Unknown,252903114
/vessels/details/252400868,LUDONGYU67778-3-56,Unknown,252400868
/vessels/details/252003000,ZHEXIANGYU19536-16,Unknown,252003000
/vessels/details/252002067,04666-49-55,Unknown,252002067
/vessels/details/252902411,00196-78-77,Unknown,252902411
/vessels/details/252181105,21811-5-47,Unknown,252181105
/vessels/details/252182311,LIN21823-11-99,Unknown,252182311
/vessels/details/252003040,ZHEXIANGYU19536-11,Unknown,252003040
/vessels/details/252179711,ZHELINYU-21797-11,Unknown,252179711
/vessels/details/252911989,918-13-95,Unknown,252911989
/vessels/details/252000952,04619-44-98,Unknown,252000952
/vessels/details/252600483,49601-10-86,Unknown,252600483
/vessels/details/252901438,02356-2-67,Unknown,252901438
/vessels/details/252100769,CT2-4513-07-99,Unknown,252100769
/vessels/details/252996202,ZICAIQU29962-2-99,Unknown,252996202
/vessels/details/252500688,13138-2-02,Unknown,252500688
/vessels/details/252002658,05986-5-87,Unknown,252002658
/vessels/details/252515110,5151-10-91,Unknown,252515110
/vessels/details/252904814,00093-68-99,Unknown,252904814
/vessels/details/252903601,12950-18-99,Unknown,252903601
/vessels/details/252900004,F D M NO. 04,Cargo ship,252900004
/vessels/details/252911639,WANGDIXIBIAN1-75,Unknown,252911639
/vessels/details/252588372,SUGANYU02883-72-77,Unknown,252588372
/vessels/details/252100476,HSD-NET-99,Unknown,252100476
/vessels/details/252677303,A22,Fishing vessel,252677303
/vessels/details/252202005,HSD-NET-99,Unknown,252202005
/vessels/details/252400644,YANGZHIQU-9-99,Unknown,252400644
/vessels/details/252200274,MINPUYU 60891-1-02,Unknown,252200274
/vessels/details/252600244,46161-4-77,Unknown,252600244
/vessels/details/252905116,00196-89-99,Unknown,252905116
/vessels/details/252100843,HSD-NET-99,Unknown,252100843
/vessels/details/252600167,1623-5-99,Unknown,252600167
/vessels/details/252600458,46688-22-97,Unknown,252600458
/vessels/details/252901619,568-19-99,Unknown,252901619
/vessels/details/252132804,21328-4-57,Unknown,252132804
/vessels/details/252126001,21260-1 60,Unknown,252126001
/vessels/details/252181711,LIN21817-11-18,Unknown,252181711
/vessels/details/252002459,SUQIYU19067-8-84,Unknown,252002459
/vessels/details/252003050,ZHEXIANGYU19536-19,Unknown,252003050
/vessels/details/252501679,05656-22-71,Unknown,252501679
/vessels/details/252900041,FDM 041-84,Unknown,252900041
/vessels/details/252179719,ZHELINYU-21797-15,Unknown,252179719
/vessels/details/252199615,21996-15-93,Unknown,252199615
/vessels/details/252303278,HSD-NET-59,Unknown,252303278
/vessels/details/252515109,5151-9-80,Unknown,252515109
/vessels/details/252904159,28038-12-99,Unknown,252904159
/vessels/details/252593881,SUGANYU02938-81-24,Unknown,252593881
/vessels/details/252303211,HSD-NET-91,Unknown,252303211
/vessels/details/252013114,LIN 01311-4-83,Unknown,252013114
/vessels/details/252181712,LIN21817-12-53,Unknown,252181712
/vessels/details/252904456,YU333-3-99,Unknown,252904456
/vessels/details/252600229,15155-8-99,Unknown,252600229
/vessels/details/252002310,SUGANYU01919-1-99,Unknown,252002310
/vessels/details/252901430,02356-7-79,Unknown,252901430
/vessels/details/252188811,LIN21888-11-96,Unknown,252188811
/vessels/details/252100355,SSN-FISHBUOY-45-99,Unknown,252100355
/vessels/details/252110016,185-08,Unknown,252110016
/vessels/details/252900758,45168-A8-99,Unknown,252900758
/vessels/details/252600530,46161-A7-86,Unknown,252600530
/vessels/details/252880056,YU 08317-14-90,Unknown,252880056
/vessels/details/252101156,HSD-NET-64,Unknown,252101156
/vessels/details/252600003,MINPUYU 02555-1-97,Unknown,252600003
/vessels/details/252600429,46163-18-99,Unknown,252600429
/vessels/details/252903252,03566-4-89,Unknown,252903252
/vessels/details/252165922,ZHELINYU21659-22-92,Unknown,252165922
/vessels/details/252199819,ZHE21998-19-77,Unknown,252199819
/vessels/details/252800017,LIAOHUYU25280-7-84,Unknown,252800017
/vessels/details/252300968,SOLITON-06014-24,Unknown,252300968
/vessels/details/252500217,35002-17-97,Unknown,252500217
/vessels/details/252002450,SUQIYU04736-51-13,Unknown,252002450
/vessels/details/252903389,25068-5-99,Unknown,252903389
/vessels/details/252159636,ZHELINYU21596-36-83,Unknown,252159636
/vessels/details/252001838,05986-33-68,Unknown,252001838
/vessels/details/252902187,00093-70-77,Unknown,252902187
/vessels/details/252190604,ZHELINYU21906-04-99,Unknown,252190604
/vessels/details/252509877,13336-44-94,Unknown,252509877
/vessels/details/252128011,LIN 21280-11-76,Unknown,252128011
/vessels/details/252192219,ZLY21922-19-39,Unknown,252192219
/vessels/details/252159209,LIN21592-9-54,Unknown,252159209
/vessels/details/252302703,HSD-NET-06,Unknown,252302703
