url,name,type,imo
/vessels/details/9936771,BRILLIANT TRADER,Bulk Carrier,9936771
/vessels/details/9936783,DIAMOND TRADER,Bulk Carrier,9936783
/vessels/details/9936795,SUNRISE TRADER,Bulk Carrier,9936795
/vessels/details/9867578,LINDEN TRADER,Bulk Carrier,9867578
/vessels/details/9867580,OSHIMA TRADER,Bulk Carrier,9867580
/vessels/details/9207730,GLOBAL PANTELIS,Bulk Carrier,9207730
/vessels/details/1017713,AUSTIN TRADER,Bulk Carrier,1017713
/vessels/details/9838498,WESTERN TOKYO,Bulk Carrier,9838498
/vessels/details/9872963,EPSON TRADER,Bulk Carrier,9872963
/vessels/details/9838503,WESTERN SANTIAGO,Bulk Carrier,9838503
/vessels/details/9872975,OSHIMA JAPAN,Bulk Carrier,9872975
/vessels/details/9633501,CHELSEA PROVIDENCE,Chemical/Oil Products Tanker,9633501
/vessels/details/9917646,CLEAROCEAN MERIBEL,Chemical/Oil Products Tanker,9917646
/vessels/details/9917658,CLEAROCEAN MILANO,Chemical/Oil Products Tanker,9917658
/vessels/details/9414905,MAMA CON II,Bulk Carrier,9414905
/vessels/details/9477282,MAMA CON III,Bulk Carrier,9477282
/vessels/details/9263150,MV 2GO MALIGAYA,Passenger/Ro-Ro Cargo Ship,9263150
/vessels/details/9808663,ACTION TRADER,Bulk Carrier,9808663
/vessels/details/9831505,WESTERN DONCASTER,Bulk Carrier,9831505
/vessels/details/9855410,BAI IZMIR,Bulk Carrier,9855410
/vessels/details/9808675,ASTON TRADER,Bulk Carrier,9808675
/vessels/details/9831488,NORD SANTIAGO,Bulk Carrier,9831488
/vessels/details/9855460,HAMBURG TEAM,Bulk Carrier,9855460
/vessels/details/9831490,COPENHAGEN BULKER,Bulk Carrier,9831490
/vessels/details/9989285,DOLPHIN TRADER,Bulk Carrier,9989285
/vessels/details/9989273,WESTERN STABAEK,Bulk Carrier,9989273
/vessels/details/9989302,ASPEN TRADER,Bulk Carrier,9989302
/vessels/details/9989326,POSEIDON TRADER,Bulk Carrier,9989326
/vessels/details/9989314,UNION TRADER,Bulk Carrier,9989314
/vessels/details/9743227,HAMBURG WAY,Bulk Carrier,9743227
/vessels/details/9771482,BRIGHTEN TRADER,Bulk Carrier,9771482
/vessels/details/9610638,MAMA CON 1,Bulk Carrier,9610638
/vessels/details/9737101,BRISTOL TRADER,Chemical/Oil Products Tanker,9737101
/vessels/details/9258416,2GO MASINAG,Passenger/Ro-Ro Cargo Ship,9258416
/vessels/details/9258404,MV 2GO MASIKAP,Passenger/Ro-Ro Cargo Ship,9258404
/vessels/details/9266920,PEARL ORIENT,Ro-Ro Cargo Ship,9266920
/vessels/details/9000455,ST MICHAEL ARCHANGEL,Passenger/Ro-Ro Cargo Ship,9000455
/vessels/details/9550369,MCC GIGANTES,Container Ship,9550369
/vessels/details/9989182,EVA FUKUOKA,Chemical/Oil Products Tanker,9989182
/vessels/details/9981960,PACIFIC ESPERANZA,Bulk Carrier,9981960
/vessels/details/7725166,SUPER SHUTTLE RORO 11,Ro-Ro Cargo Ship,7725166
/vessels/details/9581057,IMC 16,Bulk Carrier,9581057
/vessels/details/9117727,SUPER SHUTTLE RORO 7,Ro-Ro Cargo Ship,9117727
/vessels/details/9931836,LAULEA,General Cargo Ship,9931836
/vessels/details/9988475,PUWA BITOON,General Cargo Ship,9988475
/vessels/details/9742077,CONDOR TRADER,Chemical/Oil Products Tanker,9742077
/vessels/details/9900306,ARAW,General Cargo Ship,9900306
/vessels/details/9798480,PULANG TALA,General Cargo Ship,9798480
/vessels/details/9781449,MELIA,General Cargo Ship,9781449
/vessels/details/9798492,OPALO,General Cargo Ship,9798492
/vessels/details/9779408,IRIS TRIUMPH,General Cargo Ship,9779408
/vessels/details/9867023,PISKADOR,General Cargo Ship,9867023
/vessels/details/9986025,EVA RICHWAY,Chemical/Oil Products Tanker,9986025
/vessels/details/9985980,EVA HANSA,Chemical/Oil Products Tanker,9985980
/vessels/details/9985992,EVA PEARL,Chemical/Oil Products Tanker,9985992
/vessels/details/9986037,EVA TRUST,Chemical/Oil Products Tanker,9986037
/vessels/details/9800013,EVA BERGEN,Chemical/Oil Products Tanker,9800013
/vessels/details/9800001,EVA HONGKONG,Chemical/Oil Products Tanker,9800001
/vessels/details/9914242,EVA FUJI,Chemical/Oil Products Tanker,9914242
/vessels/details/9865532,EVA USUKI,Chemical/Oil Products Tanker,9865532
/vessels/details/9918602,EVA MANILA,Chemical/Oil Products Tanker,9918602
/vessels/details/8847595,ST FRANCIS XAVIER,Passenger/Ro-Ro Cargo Ship,8847595
/vessels/details/9745639,BRP TARLAC LD601,Military ops,9745639
/vessels/details/9842047,FUJIHIME,General Cargo Ship,9842047
/vessels/details/9864904,MATSURI,General Cargo Ship,9864904
/vessels/details/9887114,SEDONA,General Cargo Ship,9887114
/vessels/details/9780718,KEIO CORAL,General Cargo Ship,9780718
/vessels/details/9999486,APOLLO DIAMOND,General Cargo Ship,9999486
/vessels/details/9773985,KALAPATI,General Cargo Ship,9773985
/vessels/details/9327592,IRIS PAOAY,Container Ship,9327592
/vessels/details/9327566,IRIS MIKO,Container Ship,9327566
/vessels/details/9965112,LUINA SMILE,General Cargo Ship,9965112
/vessels/details/9973793,ASIAN MARVELOUS,General Cargo Ship,9973793
/vessels/details/9958365,VIANCA,General Cargo Ship,9958365
/vessels/details/9965485,KANOA,General Cargo Ship,9965485
/vessels/details/9889617,HONO SMILE,General Cargo Ship,9889617
/vessels/details/1022720,MAULOA,General Cargo Ship,1022720
/vessels/details/9931161,LUANA SKY,General Cargo Ship,9931161
/vessels/details/9726748,NILIKHA,General Cargo Ship,9726748
/vessels/details/9726736,LAKAS,General Cargo Ship,9726736
/vessels/details/9543988,ISTORYA,General Cargo Ship,9543988
/vessels/details/9543964,HIMALA,General Cargo Ship,9543964
/vessels/details/9543940,GINTO,General Cargo Ship,9543940
/vessels/details/9543938,REYNA SMILE,General Cargo Ship,9543938
/vessels/details/9543952,WELINA,General Cargo Ship,9543952
/vessels/details/9776509,HIBARINO,General Cargo Ship,9776509
/vessels/details/9670169,WHITE INABA,General Cargo Ship,9670169
/vessels/details/9567336,ENGKANTO,General Cargo Ship,9567336
/vessels/details/9188439,SUBARU,Cable Layer,9188439
/vessels/details/9176462,ESPERANZA 101,General Cargo Ship,9176462
/vessels/details/9214927,OCEAN PEACE,Container Ship,9214927
/vessels/details/9901116,TRANS-ASIA 21,Passenger/Ro-Ro Cargo Ship,9901116
/vessels/details/9982263,BABY CON 1,General Cargo Ship,9982263
/vessels/details/9766803,WONDERFUL GRACE,General Cargo Ship,9766803
/vessels/details/9472672,WESTWIND BLISS,General Cargo Ship,9472672
/vessels/details/9202091,MV OCEAN KINGDOM,General Cargo Ship,9202091
/vessels/details/8513417,SAN RAFAEL DOS,Ro-Ro Cargo Ship,8513417
/vessels/details/9266308,MV SPAN ASIA 37,General Cargo Ship,9266308
/vessels/details/9264752,OCEAN OPPORTUNITY,Container Ship,9264752
/vessels/details/9264714,SPAN ASIA 75,Container Ship,9264714
/vessels/details/9264740,MV SPAN ASIA 57,Container Ship,9264740
/vessels/details/9298612,MC GUARDIAN,Container Ship,9298612
/vessels/details/9178111,MC TRADER,Container Ship,9178111
/vessels/details/9117777,MV TRANS-ASIA 15,Container Ship,9117777
/vessels/details/9141730,MC FALCON,General Cargo Ship,9141730
/vessels/details/9065297,MC HUNTER,Container Ship,9065297
/vessels/details/9114268,MC ACHIEVER,Container Ship,9114268
/vessels/details/9385568,MV SPAN ASIA 39,Container Ship,9385568
/vessels/details/9210294,MC PIONEER,General Cargo Ship,9210294
/vessels/details/9161821,MERIDIAN DIEZ,Container Ship,9161821
/vessels/details/9161819,OCEAN HUMILITY,Container Ship,9161819
/vessels/details/9264221,OCEAN ABUNDANCE,Container Ship,9264221
/vessels/details/9634062,SIDER PROCIDA,Cement Carrier,9634062
/vessels/details/9141053,SAN LORENZO RUIZ UNO,Container Ship,9141053
/vessels/details/9418858,CS VEGA II,Cable Layer,9418858
/vessels/details/9372004,MV SPAN ASIA 50,General Cargo Ship,9372004
/vessels/details/9296456,SPAN ASIA 71,Container Ship,9296456
/vessels/details/9296470,SPAN ASIA 59,Container Ship,9296470
/vessels/details/9344186,SPAN ASIA 70,Container Ship,9344186
/vessels/details/9572874,MTKR PETRO ELISE,Oil Products Tanker,9572874
/vessels/details/9566679,SPAN ASIA 51,General Cargo Ship,9566679
/vessels/details/9555436,SPAN ASIA 55,General Cargo Ship,9555436
/vessels/details/9371907,SPAN ASIA 73,General Cargo Ship,9371907
/vessels/details/9371995,MV SPAN ASIA 72,General Cargo Ship,9371995
/vessels/details/9371983,DONA DANESSA ISOBEL,General Cargo Ship,9371983
/vessels/details/9546241,MV SPAN ASIA 53,General Cargo Ship,9546241
/vessels/details/9352743,DON ALFREDO SR 3,General Cargo Ship,9352743
/vessels/details/9427093,DON CEFERINO ALFREDO,General Cargo Ship,9427093
/vessels/details/9264233,LORCON GENERALSANTOS,Container Ship,9264233
/vessels/details/9858371,STARLITE VENUS,Passenger/Ro-Ro Cargo Ship,9858371
/vessels/details/6903876,TS KAPT.FELIX OCA,Training Ship,6903876
/vessels/details/9141699,OCEAN NOBILITY,General Cargo Ship,9141699
/vessels/details/9141651,GENERAL EVANGELISTA,General Cargo Ship,9141651
/vessels/details/9643697,SOLID MARINE,General Cargo Ship,9643697
/vessels/details/9514444,MASBATE ISLAND,Oil Products Tanker,9514444
/vessels/details/9457103,SPAN ASIA 77,General Cargo Ship,9457103
/vessels/details/9457127,SPAN ASIA 79,General Cargo Ship,9457127
/vessels/details/9157143,MC LIBERTY,General Cargo Ship,9157143
/vessels/details/5230117,MAYA,Refrigerated Cargo Ship,5230117
/vessels/details/9225093,MERIDIAN SAIS,General Cargo Ship,9225093
/vessels/details/9124914,MV OCEAN INFINITY,General Cargo Ship,9124914
/vessels/details/9031428,MC ZION,General Cargo Ship,9031428
/vessels/details/9223459,OCEAN QUEENLAND,General Cargo Ship,9223459
/vessels/details/9045998,MVOCEANUNITED,Container Ship,9045998
/vessels/details/9122825,OCEAN FREEDOM,General Cargo Ship,9122825
/vessels/details/9117349,OCEAN TRANQUILITY,General Cargo Ship,9117349
/vessels/details/7912783,TRANS-ASIA 10,Passenger/Ro-Ro Cargo Ship,7912783
/vessels/details/9007013,OCEAN CHALLENGER,General Cargo Ship,9007013
/vessels/details/9197557,MV MERIDIAN CINCO,General Cargo Ship,9197557
/vessels/details/9135846,ST. NICHOLAS OF MYRA,General Cargo Ship,9135846
/vessels/details/9065285,MORETA CARGO-3,General Cargo Ship,9065285
/vessels/details/9114921,MC ENDEAVOR,General Cargo Ship,9114921
/vessels/details/9238143,FILIPINAS MINDANAO,Passenger/Ro-Ro Cargo Ship,9238143
/vessels/details/9065273,MORETA CARGO 5,General Cargo Ship,9065273
/vessels/details/9191113,MV MORETA VENTURE,General Cargo Ship,9191113
/vessels/details/9330446,SAMAL ISLAND,Chemical/Oil Products Tanker,9330446
/vessels/details/9373345,MERIDIAN QUEEN,General Cargo Ship,9373345
/vessels/details/8786284,MV POSEIDON 27,General Cargo Ship,8786284
/vessels/details/8919817,MERIDIAN DOS,General Cargo Ship,8919817
/vessels/details/9197416,DON CHARLES ROBERT,General Cargo Ship,9197416
/vessels/details/9302061,DONA CAROLINE JOY,General Cargo Ship,9302061
/vessels/details/9198616,PERFECTO,General Cargo Ship,9198616
/vessels/details/9817597,TOPAZ ZEYA,Heavy Load Carrier,9817597
/vessels/details/8703268,MV MEREDIAN UNO,General Cargo Ship,8703268
/vessels/details/9211743,FIL. CAGAYAN DE ORO,Passenger/Ro-Ro Cargo Ship,9211743
/vessels/details/8125909,FILIPINAS BUTUAN,Passenger/Ro-Ro Cargo Ship,8125909
/vessels/details/7813042,FILIPINAS ILIGAN,Passenger/Ro-Ro Cargo Ship,7813042
/vessels/details/9154177,SL BUTANDING,LPG Tanker,9154177
/vessels/details/9196412,FIL SURIGAO DELNORTE,Passenger/Ro-Ro Cargo Ship,9196412
/vessels/details/9624419,MT AVA,Oil Products Tanker,9624419
/vessels/details/9624407,MT CASANDRA,Oil Products Tanker,9624407
/vessels/details/9162722,MV FILIYINAS JAGNC,Passenger/Ro-Ro Cargo Ship,9162722
/vessels/details/1030143,FUTURE 01,General Cargo Ship,1030143
/vessels/details/1038121,MV POSEIDON 50,Deck Cargo Ship,1038121
/vessels/details/9831995,TRANS-ASIA 19,Passenger/Ro-Ro Cargo Ship,9831995
/vessels/details/8807131,TRANS-ASIA 3,Passenger/Ro-Ro Cargo Ship,8807131
/vessels/details/8805157,ST IGNATIUS LOYOLA,Ro-Ro Cargo Ship,8805157
/vessels/details/9050101,DON ALFONSO SR. 2,General Cargo Ship,9050101
/vessels/details/8913863,MV WEST OCEAN30,General Cargo Ship,8913863
/vessels/details/9011947,DON DANIEL GSSLI,General Cargo Ship,9011947
/vessels/details/7036981,WEST OCEAN 3,Container Ship,7036981
/vessels/details/9766516,STARLITE RELIANCE,Passenger/Ro-Ro Cargo Ship,9766516
/vessels/details/9766528,STARLITE SATURN,Passenger/Ro-Ro Cargo Ship,9766528
/vessels/details/8211007,DOLLY 889,Refrigerated Cargo Ship,8211007
/vessels/details/9145114,SEABORNE CARGO VI,General Cargo Ship,9145114
/vessels/details/9048263,MERIDIAN SIETE,General Cargo Ship,9048263
/vessels/details/9001370,ALESON CON CARRIER12,General Cargo Ship,9001370
/vessels/details/9824526,YOONA FAITH,Oil Products Tanker,9824526
/vessels/details/9908669,BRP TERESA MAGBANUA,Search & Rescue Vessel,9908669
/vessels/details/9908671,BRP MELCHORA AQUINO,Search & Rescue Vessel,9908671
/vessels/details/9753624,PMI 7,Deck Cargo Ship,9753624
/vessels/details/9301639,PANGLAO ISLAND,Oil Products Tanker,9301639
/vessels/details/9667394,MEILING 3,Landing Craft,9667394
/vessels/details/9216755,SL NARRA,Chemical/Oil Products Tanker,9216755
/vessels/details/9834923,MTKR MARINGAL,Oil Products Tanker,9834923
/vessels/details/9803209,MT MALINGAP,Oil Products Tanker,9803209
/vessels/details/9801067,MT ECO II,Oil Products Tanker,9801067
/vessels/details/4724305,GABRIELA SILANG,Patrol Vessel,4724305
/vessels/details/9880611,PMI 22,Deck Cargo Ship,9880611
/vessels/details/9830680,PMI 18,Deck Cargo Ship,9830680
/vessels/details/9952529,VDPENAFRANCIAXII,Passenger/Ro-Ro Cargo Ship,9952529
/vessels/details/9766499,FREETOWN,Container Ship,9766499
/vessels/details/8223672,CS VEGA,Cable Layer,8223672
/vessels/details/9159048,MERIDIAN NUEVE,General Cargo Ship,9159048
/vessels/details/9188453,DA-BFAR,Fishing Vessel,9188453
/vessels/details/9728112,PMI-3,Deck Cargo Ship,9728112
/vessels/details/9185566,FILIPINAS OZAMIS,Passenger/Ro-Ro Cargo Ship,9185566
/vessels/details/9720354,FV MARITA 88,Fishing Vessel,9720354
/vessels/details/9729817,LCT 128,Landing Craft,9729817
/vessels/details/9773636,LCT 388,Landing Craft,9773636
/vessels/details/9795555,LCT JUNEAU,Deck Cargo Ship,9795555
/vessels/details/9052886,MV FIL. NASIPIT,Passenger/Ro-Ro Cargo Ship,9052886
/vessels/details/8824282,SEA SONG,General Cargo Ship,8824282
/vessels/details/8500446,BERNADETTE MARIE,General Cargo Ship,8500446
/vessels/details/8996188,JOHN FISHER,Fishing Vessel,8996188
/vessels/details/7396111,MV MARIA XENIA,Passenger/Ro-Ro Cargo Ship,7396111
/vessels/details/9078050,OCEAN DEPENDABLE,General Cargo Ship,9078050
/vessels/details/1066063,MT ALL ORIENT 1,Oil Products Tanker,1066063
/vessels/details/9047350,SEABORNE CARGO 5,General Cargo Ship,9047350
/vessels/details/7853286,MV LITE FERRY 15,Vehicles Carrier,7853286
/vessels/details/9278844,MARGARITA 8,Fishing Vessel,9278844
/vessels/details/9755529,LITE CAT 1,Passenger/Ro-Ro Cargo Ship,9755529
/vessels/details/8747238,QUEENEVELYN-101,Fishing Vessel,8747238
/vessels/details/7323205,LITE FERRY 8,Passenger/Ro-Ro Cargo Ship,7323205
/vessels/details/9798064,DOLORES 869,Fishing Vessel,9798064
/vessels/details/9763681,DOLORES 859,Fishing Vessel,9763681
/vessels/details/9903190,DOLORES 873,Fishing Vessel,9903190
/vessels/details/9798052,DOLORES 865,Fishing Vessel,9798052
/vessels/details/8628614,RED ROBIN 88,Fishing Vessel,8628614
/vessels/details/9676967,FV MAMA LINDA,Fishing Vessel,9676967
/vessels/details/9810630,DOLORES 870,Fishing Vessel,9810630
/vessels/details/9206982,FV MATTEO T C,Fishing Vessel,9206982
/vessels/details/7534555,FILIPINAS DAPITAN,Passenger/Ro-Ro Cargo Ship,7534555
/vessels/details/7434262,ASIA PHILIPPINES,Passenger/Ro-Ro Cargo Ship,7434262
/vessels/details/7326582,NATHAN MATTHEW,Passenger/Ro-Ro Cargo Ship,7326582
/vessels/details/8300676,MARIA FELISA,Passenger/Ro-Ro Cargo Ship,8300676
/vessels/details/9898591,VIR.DEPENAFRANCIA XI,Passenger/Ro-Ro Cargo Ship,9898591
/vessels/details/6828337,FOXBAT,General Cargo Ship,6828337
/vessels/details/9128726,JOHANNAH 9,General Cargo Ship,9128726
/vessels/details/8915263,ST VICTORY,General Cargo Ship,8915263
/vessels/details/6828351,GREYHOUND,General Cargo Ship,6828351
/vessels/details/8657689,LCT POSEIDON 12,Deck Cargo Ship,8657689
/vessels/details/8020264,FORTUNE LEGACY,General Cargo Ship,8020264
/vessels/details/8613475,ROSEMONT 888,Refrigerated Cargo Ship,8613475
/vessels/details/9911616,MV FASTCAT M20,Passenger/Ro-Ro Cargo Ship,9911616
/vessels/details/9695858,MT BENJAMIN NEVILLE,Chemical/Oil Products Tanker,9695858
/vessels/details/8990536,MT ABALON,Oil Products Tanker,8990536
/vessels/details/9832602,BANDANAIRA DOS,Ro-Ro Cargo Ship,9832602
/vessels/details/9442196,FRANCINE HANNAH,Oil Products Tanker,9442196
/vessels/details/8878154,FORTUNE DELIGHT,General Cargo Ship,8878154
/vessels/details/9880908,VDPENAFRANCIA8,Passenger/Ro-Ro Cargo Ship,9880908
/vessels/details/9803560,FAST CAT M12,Passenger/Ro-Ro Cargo Ship,9803560
/vessels/details/9115341,JESELLI,General Cargo Ship,9115341
/vessels/details/9253935,CHELSEA EXCELLENCE,Crude Oil Tanker,9253935
/vessels/details/9380659,MV VRGN D PNAFRNCIA9,Passenger/Ro-Ro Cargo Ship,9380659
/vessels/details/6925290,HIAWATHA,Chemical Tanker,6925290
/vessels/details/7626542,MT SHOGUN,Chemical Tanker,7626542
/vessels/details/9745380,FAST CAT M6,Passenger/Ro-Ro Cargo Ship,9745380
/vessels/details/8300432,RPS EXPLORER,Research Vessel,8300432
/vessels/details/9016301,SEABORNE CARGO 8,Container Ship,9016301
/vessels/details/8504404,NELVIN JULES,Passenger/Ro-Ro Cargo Ship,8504404
/vessels/details/9711119,FASTCAT M2,Passenger/Ro-Ro Cargo Ship,9711119
/vessels/details/8004040,MORNING STAR,Crane Ship,8004040
/vessels/details/8824373,TRISHA KERSTIN 2,Passenger Ship,8824373
/vessels/details/9818242,LCT STA CLARITA,Landing Craft,9818242
/vessels/details/7225477,MV MONREAL,Passenger/Ro-Ro Cargo Ship,7225477
/vessels/details/8945971,KAMUNING,Oil Products Tanker,8945971
/vessels/details/9066332,FORTUNE SUPREME,General Cargo Ship,9066332
/vessels/details/9818876,LCT GOLDEN LOTUS,Landing Craft,9818876
/vessels/details/8904692,TUG 28,Tug,8904692
/vessels/details/7605938,PAGBILAO II,Tug,7605938
/vessels/details/9170676,MV S SHUTTLE FERRY26,Passenger/Ro-Ro Cargo Ship,9170676
/vessels/details/7930723,PRINCESS JANICE 168,Fishing Vessel,7930723
/vessels/details/9046643,LADY OF CONFIDENCE,General Cargo Ship,9046643
/vessels/details/7034440,EVER QUEEN OF ASIA,Passenger/Ro-Ro Cargo Ship,7034440
/vessels/details/8974192,OCEAN SUPPORT,Tug,8974192
/vessels/details/8011108,MARY QUEEN OF HOPE,General Cargo Ship,8011108
/vessels/details/9146261,MV EDUARDO 5,General Cargo Ship,9146261
/vessels/details/8022183,GRAND PACIFIC III,General Cargo Ship,8022183
/vessels/details/9115315,SERENADE,General Cargo Ship,9115315
/vessels/details/9857834,MTUG IMC 02,Tug,9857834
/vessels/details/8015245,SHINKO MARU,General Cargo Ship,8015245
/vessels/details/8720412,MV SEABORNE CARGO 1,General Cargo Ship,8720412
/vessels/details/8946183,MT PATRIOT 3,Bunkering Tanker,8946183
/vessels/details/7826465,GAMING,Chemical Tanker,7826465
/vessels/details/8805781,MORNING LIGHT,Dredger,8805781
/vessels/details/7950400,CHINA ROSE 2,Fishing Vessel,7950400
/vessels/details/7005530,LITE FERRY 1,Passenger Ship,7005530
/vessels/details/8618499,MV LITE FERRY 11,Passenger/Ro-Ro Cargo Ship,8618499
/vessels/details/8415304,SAMBAL,Tug,8415304
/vessels/details/9005443,DOKDO SARANG HO,Passenger Ship,9005443
/vessels/details/8408143,MV REINA VERONICA,Passenger/Ro-Ro Cargo Ship,8408143
/vessels/details/8863953,BMI PATRICIA,Oil Products Tanker,8863953
/vessels/details/8908014,DISCOVERY ADVENTURE,Passenger (Cruise) Ship,8908014
/vessels/details/9834040,DANICA MARTINA,Deck Cargo Ship,9834040
/vessels/details/9183659,MV VDPENAFRANCIA V,Passenger Ship,9183659
/vessels/details/7616690,LUCENA STAR,General Cargo Ship,7616690
/vessels/details/9809485,BRP CAPE SAN AGUSTIN,Patrol Vessel,9809485
/vessels/details/9809473,BRP SINDANGAN,Patrol Vessel,9809473
/vessels/details/9809459,BRP SULUANMRRV4406,Patrol Vessel,9809459
/vessels/details/9809502,BRPBAGACAY,Patrol Vessel,9809502
/vessels/details/7735197,MV BEAUTIFUL STARS,Passenger/Ro-Ro Cargo Ship,7735197
/vessels/details/9635729,CAPH,Tug,9635729
/vessels/details/9135705,ST. BRAQUIEL,Passenger Ship,9135705
/vessels/details/9823027,RAFAEL MATTEO,Landing Craft,9823027
/vessels/details/8216966,CIARA JOIE 2,Passenger/Ro-Ro Cargo Ship,8216966
/vessels/details/8615734,CIARA JOIE 5,Passenger/Ro-Ro Cargo Ship,8615734
/vessels/details/7929425,PRECIOUS FERRY,Passenger Ship,7929425
/vessels/details/8951970,NINO DE CEBU MC 7,General Cargo Ship,8951970
/vessels/details/8925232,MIMOSA,Tug,8925232
/vessels/details/8720565,ALESON CON CARRIER 1,Aggregates Carrier,8720565
/vessels/details/9062324,TUG ENERGY INTEGRITY,Tug,9062324
/vessels/details/8945880,BANAK,Oil Products Tanker,8945880
/vessels/details/7417264,MTUG -WEST OCEAN 8,Offshore Tug/Supply Ship,7417264
/vessels/details/7824778,CIARA JOIE,Passenger/Ro-Ro Cargo Ship,7824778
/vessels/details/6817962,MARIE KRISTINA,Passenger/Ro-Ro Cargo Ship,6817962
/vessels/details/8624905,QUEEN OF CHARITY,General Cargo Ship,8624905
/vessels/details/7046704,CHEYENNE,Tug,7046704
/vessels/details/8870542,ALESSANDRO,General Cargo Ship,8870542
/vessels/details/8425438,ALEXIA,Oil Products Tanker,8425438
/vessels/details/9102409,CHOKWANG NO.7,Tug,9102409
/vessels/details/8666721,WEESAM EXPRESS 7,Passenger Ship,8666721
/vessels/details/7736660,GIEDI,Tug,7736660
/vessels/details/7231646,POL,Fishing Vessel,7231646
/vessels/details/8805274,CALIXTA III,Passenger/Ro-Ro Cargo Ship,8805274
/vessels/details/8593584,3C PTERIPPUS 1,Passenger Ship,8593584
/vessels/details/8923313,SUPERJOY,Passenger Ship,8923313
/vessels/details/548326500,LCT STAR ASIA,Cargo ship,548326500
/vessels/details/548979500,BRP GABRIELA SILANG,Law enforcment,548979500
/vessels/details/548134500,BRP A.BONIFACIO PS17,Military ops,548134500
/vessels/details/548056400,KRISTEL JANE-5,Cargo ship,548056400
/vessels/details/548962500,JABBAH,Tug,548962500
/vessels/details/548029500,PH GOV VESSEL,Other type,548029500
/vessels/details/548005125,MV.MARDIA,Cargo ship,548005125
/vessels/details/548644500,MV PIO V.CORPUZ STAR,Cargo ship,548644500
/vessels/details/548669300,MV FILIPINAS CEBU,Passenger ship,548669300
/vessels/details/548791500,MV JMF GOLDENFORTUNE,Cargo ship,548791500
/vessels/details/548556500,MV PANGLAO BAY 1,Cargo ship,548556500
/vessels/details/548993500,PH GOV VESSEL,Unknown,548993500
/vessels/details/548034500,MV SPAN ASIA 9,Cargo ship,548034500
/vessels/details/548895000,DOLORES 858,Unknown,548895000
/vessels/details/548964500,PS39,Unknown,548964500
/vessels/details/548687300,MV CLAUDINE STAR,Passenger ship,548687300
/vessels/details/548522710,BRP ARTEMIO RICARTE,Unknown,548522710
/vessels/details/548544500,MV GRACIOUS STAR,Passenger ship,548544500
/vessels/details/548831500,SY CATHARSIS,Sailing vessel,548831500
/vessels/details/548715300,MV ALVIN V.,Cargo ship,548715300
/vessels/details/548507500,MV PADRE PIO,Cargo ship,548507500
/vessels/details/548155014,MT QUEEN VICTORIA II,Tanker,548155014
/vessels/details/548234800,MV FILIPINAS UBAY,Passenger ship,548234800
/vessels/details/548948200,MINDORO SPRINSTER,Pleasure craft,548948200
/vessels/details/548525500,MV DON ALBINO SR,Cargo ship,548525500
/vessels/details/548002346,MV PANATA,Pleasure craft,548002346
/vessels/details/548989500,PHILNAVY WARSHIP 150,Unknown,548989500
/vessels/details/548678300,MV MASBATE CITY,Unknown,548678300
/vessels/details/8609709,SUPER SHUTTLE TUG 1,Tug,8609709
/vessels/details/7856329,AGILA,Tug,7856329
/vessels/details/8312277,UNITED 1,Tug,8312277
/vessels/details/8797295,WEALTH OF THE SEAS-2,Fish Carrier,8797295
/vessels/details/8630813,LADY OF PEACE,Dredger,8630813
/vessels/details/9105504,LIAN V,General Cargo Ship,9105504
/vessels/details/8735027,PATRIOT,Oil Products Tanker,8735027
/vessels/details/8427773,PIO SERAFIN,General Cargo Ship,8427773
/vessels/details/7029287,KING ANDREW,General Cargo Ship,7029287
/vessels/details/8824555,SL LIMAY 3,Tug,8824555
/vessels/details/548699300,MV CELSA 5,Cargo ship,548699300
/vessels/details/7426447,MITRAMAS MARTINA MARIE,Fishing Vessel,7426447
/vessels/details/9878541,ASC BERNARD,Deck Cargo Ship,9878541
/vessels/details/7409932,TAKE MARU NO. 28,Tug,7409932
/vessels/details/548000372,LCT ASC MARISSA,Cargo ship,548000372
/vessels/details/8421030,ILONGO,Tug,8421030
/vessels/details/548000268,MV JDK2,Cargo ship,548000268
/vessels/details/8428014,ST. ANTHONY IV,Fishing Vessel,8428014
/vessels/details/9185176,SL SUAL 4,Tug,9185176
/vessels/details/548197834,LU81978-34-41,Unknown,548197834
/vessels/details/548393200,ZINNIA 2,Tanker,548393200
/vessels/details/548722300,MV JN CARRIER,Passenger ship,548722300
/vessels/details/548059500,MTUG PROPUS,Tug,548059500
/vessels/details/7722358,CEBU WISDOM,Tug,7722358
/vessels/details/9775232,SIICDF 01,Deck Cargo Ship,9775232
/vessels/details/548068900,P GLORY 2,Fishing vessel,548068900
/vessels/details/8102555,ANGELIQUE,Tug,8102555
/vessels/details/8425622,ISLAND QUEEN,Passenger Ship,8425622
/vessels/details/7512911,LOAY RIVER,Pusher Tug,7512911
/vessels/details/8796473,SAN ANDRES-708,Fish Carrier,8796473
/vessels/details/548453500,MV KALINAW,Passenger ship,548453500
/vessels/details/8463612,GENE-5,Fish Carrier,8463612
/vessels/details/8626408,GOLDEN HOPE,General Cargo Ship,8626408
/vessels/details/9404613,CNC PILIPINAS,Container Ship,9404613
/vessels/details/548600500,LCT ISLAND VENTURES3,Cargo ship,548600500
/vessels/details/9894351,BEATRICE-02,Fish Carrier,9894351
/vessels/details/548904200,MY DOLPHIN,Pleasure craft,548904200
/vessels/details/8130318,ALEX,General Cargo Ship,8130318
/vessels/details/9088794,EDWIN V,General Cargo Ship,9088794
/vessels/details/6903539,UNITY STAR,Fishing Vessel,6903539
/vessels/details/9807944,LCT MANOLING 1,Deck Cargo Ship,9807944
/vessels/details/1112707,FILIPINAS BOHOL,Passenger/Ro-Ro Cargo Ship,1112707
/vessels/details/8899158,MG 91,Fishing Vessel,8899158
/vessels/details/8797336,TRINITY S-850,Fish Carrier,8797336
/vessels/details/8712922,KHO FERRY I,Passenger/Ro-Ro Cargo Ship,8712922
/vessels/details/7810636,EDUARDO JUAN,General Cargo Ship,7810636
/vessels/details/8427395,MINDANAO CEMENT 2,General Cargo Ship,8427395
/vessels/details/8357033,MV BB. ABRA DE ILOG,Passenger/Landing Craft,8357033
/vessels/details/8426315,J. CANDANO,General Cargo Ship,8426315
/vessels/details/9571686,PHITE,Tug,9571686
/vessels/details/548726300,LIGAYA NV,Cargo ship,548726300
/vessels/details/7431416,ROSALINA,Tug,7431416
/vessels/details/8865028,BMPC SAVER V,General Cargo Ship,8865028
/vessels/details/7376173,STO. NINO DE BAY,LPG Tanker,7376173
/vessels/details/9787273,LCT 38,Landing Craft,9787273
/vessels/details/7604520,PICMW 1,Oil Products Tanker,7604520
/vessels/details/9088615,CSK ONCE,General Cargo Ship,9088615
/vessels/details/7025566,ST. CATHERINE I,Fishing Vessel,7025566
/vessels/details/9011284,MARIA URSULA,Passenger/Ro-Ro Cargo Ship,9011284
/vessels/details/548459800,MB PADRE PIO 2,Passenger ship,548459800
/vessels/details/548333700,MT ERNESTO 1,Tug,548333700
/vessels/details/8951061,BALENO DOS,General Cargo Ship,8951061
/vessels/details/9135717,ST. JHUDIEL,Passenger Ship,9135717
/vessels/details/9124134,MV CSK CINCO,General Cargo Ship,9124134
/vessels/details/7921655,ENERGY AQUARIUS,Tug,7921655
/vessels/details/6814611,VIVA STA. MARIA,Passenger Ship,6814611
/vessels/details/8515776,SF HORIZON,General Cargo Ship,8515776
/vessels/details/8119742,ANGGODO 1,Tug,8119742
/vessels/details/548200300,BFAR TEST 2,Fishing vessel,548200300
/vessels/details/8683420,THAIRUI 1,Dredger,8683420
/vessels/details/8957857,JOEGIE 1,General Cargo Ship,8957857
/vessels/details/7425986,DENEB,Tug,7425986
/vessels/details/8944719,SANVIC IV,General Cargo Ship,8944719
/vessels/details/548368700,MV NEDRA,Passenger ship,548368700
/vessels/details/8865353,AGRO MARINE III,General Cargo Ship,8865353
/vessels/details/9837195,LCT 888,Deck Cargo Ship,9837195
/vessels/details/7383669,AUSTIN BERNICKE,Fishing Vessel,7383669
/vessels/details/9202833,2GO MASIGLA,Passenger/Ro-Ro Cargo Ship,9202833
/vessels/details/7509548,VASCO,Passenger Ship,7509548
/vessels/details/548822500,OCEANJET 788,Passenger ship,548822500
/vessels/details/8301395,STARLITE PACIFIC,Passenger/Ro-Ro Cargo Ship,8301395
/vessels/details/548999032,ML MISRIN,Pleasure craft,548999032
/vessels/details/548939999,RAP GHE,Fishing vessel,548939999
/vessels/details/8882741,SAN IGNACIO 4,Fishing Vessel,8882741
/vessels/details/8426339,RAFAELA CARLA,General Cargo Ship,8426339
/vessels/details/9768461,ASC MIGHTY,Tug,9768461
/vessels/details/9931824,AYANA SMILE,General Cargo Ship,9931824
/vessels/details/7512686,UNIVERSAL GRACE I,Fishing Vessel,7512686
/vessels/details/548766300,LCTCRATUS,Cargo ship,548766300
/vessels/details/8427096,MELRIVIC ELEVEN,Landing Craft,8427096
/vessels/details/9185700,KRISTEN,Passenger Ship,9185700
/vessels/details/9773791,LCT 18,Deck Cargo Ship,9773791
/vessels/details/8537035,SEA MASTER-08,Fishing Vessel,8537035
/vessels/details/8946200,BILLY THREE,Oil Products Tanker,8946200
/vessels/details/9084451,FORTUNE VICTORY,General Cargo Ship,9084451
/vessels/details/7936997,MARK PHILIP XII,Fishing Vessel,7936997
/vessels/details/8014576,REGINA CALIXTA 2,Passenger Ship,8014576
/vessels/details/8204377,JADESTAR LEGACY,Passenger Ship,8204377
/vessels/details/8519411,STAR ORMOC,General Cargo Ship,8519411
/vessels/details/2644599,OCEANIC BLUE,Fishing Vessel,2644599
/vessels/details/8204585,FV CHENILLE,Fishing Vessel,8204585
/vessels/details/8881656,KENA CARRIER,General Cargo Ship,8881656
/vessels/details/8839770,MARY QUEEN OF ANGELS,General Cargo Ship,8839770
/vessels/details/7714038,QUEEN VICTORIA 998,Fishing Vessel,7714038
/vessels/details/7331604,MARANAW,Tug,7331604
/vessels/details/1086312,BINIBINING JOLO,Deck Cargo Ship,1086312
/vessels/details/9898814,LADY KIM II,Tug,9898814
/vessels/details/548000604,MV NAZNEEN,Cargo ship,548000604
/vessels/details/8785723,LOUIE-07,Fish Carrier,8785723
/vessels/details/548060400,MV PRINCE KHALIL,Passenger ship,548060400
/vessels/details/8353403,LCT LIRIO 11,Deck Cargo Ship,8353403
/vessels/details/548118000,ASC ERYKA,Unknown,548118000
/vessels/details/8944680,STAR VISAYAS,General Cargo Ship,8944680
/vessels/details/8631673,REGGIE HANNAH,General Cargo Ship,8631673
/vessels/details/9692208,STRONG,Tug,9692208
/vessels/details/8605076,WV UNO,Tug,8605076
/vessels/details/7405766,SABRINA D. R. 5,Fishing Vessel,7405766
/vessels/details/8869426,TALABA,Work/Repair Vessel,8869426
/vessels/details/7914731,OUR LADY OF THE HOLY ROSARY,Passenger Ship,7914731
/vessels/details/9009736,FV QUEEN MARILOU 888,Fishing Vessel,9009736
/vessels/details/9147033,MAGNOLIA ACUMINATA,General Cargo Ship,9147033
/vessels/details/9104275,PANGLAO BAY 1,Ro-Ro Cargo Ship,9104275
/vessels/details/8359225,DMC2,Deck Cargo Ship,8359225
/vessels/details/8945309,LADY MARTY T 17,Fishing Vessel,8945309
/vessels/details/8923210,SUBIC EAGLE II,Passenger Ship,8923210
/vessels/details/7217274,ABIEL,Fishing Vessel,7217274
/vessels/details/8936487,KRAZ,Tug,8936487
/vessels/details/548622500,LAPULAPU FERRY 8,Unknown,548622500
/vessels/details/8005252,MARIA ELENA,General Cargo Ship,8005252
/vessels/details/8944824,EVER QUEEN EMILIA,Passenger/Ro-Ro Cargo Ship,8944824
/vessels/details/9067776,VALENTIN DIAZ,Patrol Vessel,9067776
/vessels/details/8408090,EVERWIN 5,General Cargo Ship,8408090
/vessels/details/8797178,LUCKY LADY,Fishing Vessel,8797178
/vessels/details/8426183,JORS,Oil Products Tanker,8426183
/vessels/details/8457522,REINA MAE-5,Fish Carrier,8457522
/vessels/details/9084827,SULU SEA,Tug,9084827
/vessels/details/548002900,MTUG MERAK,Tug,548002900
/vessels/details/8602323,DOLORES 839,Fishing Vessel,8602323
/vessels/details/9042415,NICOLE INGRID,General Cargo Ship,9042415
/vessels/details/8515087,ASUKA,Tug,8515087
/vessels/details/548173500,LCT-EILEEN,Other type,548173500
/vessels/details/8425804,DAMAYAN II,General Cargo Ship,8425804
/vessels/details/8796746,LOUIE-25,Fish Carrier,8796746
/vessels/details/7929841,CAROLYN A,Fish Carrier,7929841
/vessels/details/548830200,DSCHUBBA,Diving ops,548830200
/vessels/details/7639238,HAKUYO MARU,General Cargo Ship,7639238
/vessels/details/1098717,FV GAVRIIL BRENT 8,Fish Carrier,1098717
/vessels/details/9332705,MCC PALAWAN,Container Ship,9332705
/vessels/details/7016008,BIYA,LPG Tanker,7016008
/vessels/details/8350920,RENE,General Cargo Ship,8350920
/vessels/details/8425880,DON JULIO,Passenger/General Cargo Ship,8425880
/vessels/details/9686039,ASC CINDY,Tug,9686039
/vessels/details/8728397,CELSA-1,General Cargo Ship,8728397
/vessels/details/548552800,TUG ENERGY PACIFIC,Tug,548552800
/vessels/details/7011369,TARA 1,General Cargo Ship,7011369
/vessels/details/8028759,MONALINDA 74,Fishing Vessel,8028759
/vessels/details/8516122,BACOLOD EXPRESS,Passenger Ship,8516122
/vessels/details/9159385,BADGER II,General Cargo Ship,9159385
/vessels/details/7004639,JOHN CARRIER 1,Passenger Ship,7004639
/vessels/details/548962200,MV CITY OF ILOILO,Passenger ship,548962200
/vessels/details/548000014,GRACEFUL STARS,Passenger ship,548000014
/vessels/details/7111169,WOODROSE,General Cargo Ship,7111169
/vessels/details/7405273,ST. LAWRENCE,Passenger Ship,7405273
/vessels/details/8118281,ENERGY POLARIS,Tug,8118281
/vessels/details/1024297,GOLDEN ROCK,Aggregates Carrier,1024297
/vessels/details/8117598,GABRIEL JOSE,General Cargo Ship,8117598
/vessels/details/8210716,MARIA VICTORIA,General Cargo Ship,8210716
/vessels/details/8946195,LA PURISMA CONCEPCION 4,General Cargo Ship,8946195
/vessels/details/9108946,BELINDA,Fishing Vessel,9108946
/vessels/details/8653346,AVIVA 3,General Cargo Ship,8653346
/vessels/details/8427204,PORS I,Oil Products Tanker,8427204
/vessels/details/548514700,MTUG ALYA,Tug,548514700
/vessels/details/548758200,MV FOREMOST TRADER,Cargo ship,548758200
/vessels/details/7122429,LIBERTY II,Fishing Vessel,7122429
/vessels/details/8883367,MT MARGARET,Oil Products Tanker,8883367
/vessels/details/8001828,SANDRA,General Cargo Ship,8001828
/vessels/details/8657342,SEA BLUE,Dredger,8657342
/vessels/details/548786300,LCT MELRIVIC-1,Cargo ship,548786300
/vessels/details/7929554,EROSTAR,General Cargo Ship,7929554
/vessels/details/8603860,HOKUTO,Tug,8603860
/vessels/details/9058141,YSABEL 100,Chemical Tanker,9058141
/vessels/details/7911193,SNOOPY,Chemical Tanker,7911193
/vessels/details/8848599,JOEGIE 3,General Cargo Ship,8848599
/vessels/details/7114317,CLARAFE II-S,Fishing Vessel,7114317
/vessels/details/7705245,DONA RIZZA - 2,General Cargo Ship,7705245
/vessels/details/7828401,KIKU MARU NO. 3,Fishing Vessel,7828401
/vessels/details/9691656,GOLDEN STAR 8,Deck Cargo Ship,9691656
/vessels/details/548012245,MTUG SEDAR 5,Tug,548012245
/vessels/details/8864531,MARK V,Aggregates Carrier,8864531
/vessels/details/548604400,KAMILAH,Fishing vessel,548604400
/vessels/details/7714246,MONALINDA 83,Fishing Vessel,7714246
/vessels/details/8801503,TUG 78,Tug,8801503
/vessels/details/7937666,JASON,General Cargo Ship,7937666
/vessels/details/7122687,SUNSHINE II,LPG Tanker,7122687
/vessels/details/8135174,DON JOSE UNO,Crane Ship,8135174
/vessels/details/2636401,LB AQUA BLUE-01,Fishing Support Vessel,2636401
/vessels/details/8608963,MARIA VANESSA,Passenger/Ro-Ro Cargo Ship,8608963
/vessels/details/8029117,SAL QUINCE,Fishing Vessel,8029117
/vessels/details/8122919,SUPER SHUTTLE TUG 2,Tug,8122919
/vessels/details/548569854,7171089650508564535M,Unknown,548569854
/vessels/details/7119070,WARAY I,Tug,7119070
/vessels/details/7322574,KOSUI MARU NO. 10,Chemical Tanker,7322574
/vessels/details/8915029,LADY OF PROSPERITY,Aggregates Carrier,8915029
/vessels/details/9325128,REINA DIVINAGRACIA,Passenger/Ro-Ro Cargo Ship,9325128
/vessels/details/8546373,CAITLIN RAE,Oil Products Tanker,8546373
/vessels/details/548583900,LCTMEILING 8,Cargo ship,548583900
/vessels/details/548963900,HONGFA178,Cargo ship,548963900
/vessels/details/9825958,GOLDEN STAR 9,Deck Cargo Ship,9825958
/vessels/details/9672296,MTC GUIJO,Bunkering Tanker,9672296
/vessels/details/9768473,FASTCAT M11,Passenger/Ro-Ro Cargo Ship,9768473
/vessels/details/8425787,CONSING,Landing Craft,8425787
/vessels/details/8945608,COTTON HORSE,Oil Products Tanker,8945608
/vessels/details/8029143,AYANNA ALEXIS,Fishing Vessel,8029143
/vessels/details/548733300,ROSALIA 3,Passenger ship,548733300
/vessels/details/6803909,PHILIP D R,Fishing Vessel,6803909
/vessels/details/7649738,MARCO ANGELO,General Cargo Ship,7649738
/vessels/details/8014124,AARON KEITH,General Cargo Ship,8014124
/vessels/details/548882200,MV MARIA MATILDE,Fishing vessel,548882200
/vessels/details/8946066,VENESSA,Landing Craft,8946066
/vessels/details/8671051,NAN YANG 168,Aggregates Carrier,8671051
/vessels/details/8945866,EDISON,Landing Craft,8945866
/vessels/details/8825690,BUANSA II,General Cargo Ship,8825690
/vessels/details/7126176,VG 1,Passenger Ship,7126176
/vessels/details/548107300,BFAR TEST 1,Fishing vessel,548107300
/vessels/details/8960593,LADY OF GUADALUPE - CEBU,Passenger/Ro-Ro Cargo Ship,8960593
/vessels/details/8944795,AMIGO 2,General Cargo Ship,8944795
/vessels/details/8945294,LADY MARTY T 14,Fishing Vessel,8945294
/vessels/details/8419439,LADY OF GUIDANCE,General Cargo Ship,8419439
/vessels/details/548752300,MV MORNING STAR,Unknown,548752300
/vessels/details/7003178,MONALINDA 59,Fishing Vessel,7003178
/vessels/details/8785694,LOUIE-12,Fish Carrier,8785694
/vessels/details/8623092,LOURDES C 5,Fishing Vessel,8623092
/vessels/details/6816188,LORENZO CONTAINER IV,General Cargo Ship,6816188
/vessels/details/6714172,STALLION,General Cargo Ship,6714172
/vessels/details/9167746,RKK ONCE,General Cargo Ship,9167746
/vessels/details/8535752,RRCS - VII,Fish Carrier,8535752
/vessels/details/9092680,MT HELEN MARIE,Oil Products Tanker,9092680
/vessels/details/548519500,MV MARIA MAY 3067,Unknown,548519500
/vessels/details/1130400,LOUIE - 27,Fishing Vessel,1130400
/vessels/details/548116779,FC BAYERN,Other type,548116779
/vessels/details/548132500,ST.ISIDORE2NAVISTAR,Cargo ship,548132500
/vessels/details/9680009,CTH 182,Aggregates Carrier,9680009
/vessels/details/548917200,MY ZAMERDIUS,Passenger ship,548917200
/vessels/details/7335430,GREAT RISER,General Cargo Ship,7335430
/vessels/details/8797075,PIERE ANGELINE,Fish Carrier,8797075
/vessels/details/9038024,SL SUAL 3,Tug,9038024
/vessels/details/8704468,LADY OF GOOD SUCCESS,General Cargo Ship,8704468
/vessels/details/7801518,SUPER SHUTTLE FERRY 6,Passenger Ship,7801518
/vessels/details/548465900,HARVEST 89,Cargo ship,548465900
/vessels/details/5274462,SD PERAKI,Hopper Dredger,5274462
/vessels/details/8013821,LUCKY MERCHANT II,General Cargo Ship,8013821
/vessels/details/8796863,MARY MEDIATRIX,Fishing Vessel,8796863
/vessels/details/6918704,MARIA ROSA N,Fishing Vessel,6918704
/vessels/details/8425919,DOLORICO 2,General Cargo Ship,8425919
/vessels/details/5396789,DON MARTIN SR.,Passenger Ship,5396789
/vessels/details/8351027,LADY LYN,General Cargo Ship,8351027
/vessels/details/9564346,KATARUNGAN 1,Tug,9564346
/vessels/details/8537047,MV REINA XAVIERA,Passenger/Ro-Ro Cargo Ship,8537047
/vessels/details/7313030,CARELYN 7,Passenger/Ro-Ro Cargo Ship,7313030
/vessels/details/548280900,MV SANTO NINO-CEBU,Passenger ship,548280900
/vessels/details/548019400,ALESON CON CARRIER 5,Cargo ship,548019400
/vessels/details/7205221,MV GLORIA 5,Passenger/Ro-Ro Cargo Ship,7205221
/vessels/details/7506766,AQUA 78,Fishing Vessel,7506766
/vessels/details/1017737,QUEEN TRADER,Bulk Carrier,1017737
/vessels/details/8608688,TUG ENERGY SUCCESS,Tug,8608688
/vessels/details/7514062,MARLYD DLS 99,Fishing Vessel,7514062
/vessels/details/6613469,VANILLA,Refrigerated Cargo Ship,6613469
/vessels/details/8035855,NYERA HYSSENE-88,Fish Carrier,8035855
/vessels/details/9848209,SEACAT,Passenger Ship,9848209
/vessels/details/9855111,AVIVA PATRICIA,Deck Cargo Ship,9855111
/vessels/details/548883900,548883900,Cargo ship,548883900
/vessels/details/548617900,12003,Law enforcment,548617900
/vessels/details/548062523,TUG SUPER MAMA CITA,Tug,548062523
/vessels/details/548540909,MTUG ENERGY SKY,Tug,548540909
/vessels/details/8630837,WEZEN,Tug,8630837
/vessels/details/8649149,PHIL MINDANAO,Oil Products Tanker,8649149
/vessels/details/9227091,ST. SEALTHIEL,Passenger Ship,9227091
/vessels/details/7804352,MONALINDA 88,Fishing Vessel,7804352
/vessels/details/8798512,MV PENAFRANCIA-X,Passenger/Ro-Ro Cargo Ship,8798512
/vessels/details/8904898,NARITA MARU NO. 38,Fishing Vessel,8904898
/vessels/details/9103427,JEHAN 7,General Cargo Ship,9103427
/vessels/details/9062415,JAN JERIC,Oil Products Tanker,9062415
/vessels/details/7405807,PENNY 6,Fishing Vessel,7405807
/vessels/details/7426394,SILVER BELL 2,Fishing Vessel,7426394
/vessels/details/7937082,JANA MICAELA,Fishing Vessel,7937082
/vessels/details/7913737,DARUMA UNO,General Cargo Ship,7913737
/vessels/details/9974175,ESPOIR SEVEN,General Cargo Ship,9974175
/vessels/details/8839823,CSK DOS,Aggregates Carrier,8839823
/vessels/details/548907900,PG293,Passenger ship,548907900
/vessels/details/8905347,KITTY,General Cargo Ship,8905347
/vessels/details/8945983,LEONARD ALLAN,Oil Products Tanker,8945983
/vessels/details/8562119,MV DREDGE MASTER 5,Aggregates Carrier,8562119
/vessels/details/7905352,MARILAG II,Fishing Vessel,7905352
/vessels/details/8002236,MELY MIA I,Fishing Vessel,8002236
/vessels/details/8945555,ISLAND 1,Landing Craft,8945555
/vessels/details/8944939,M. Y. KATRINA,Passenger Ship,8944939
/vessels/details/7709746,SAL IV,Fishing Vessel,7709746
/vessels/details/7369716,CELEBES DOS,Fishing Vessel,7369716
/vessels/details/9577721,AMAZING GRACE,Passenger Ship,9577721
/vessels/details/8998203,CASSOPEIA,General Cargo Ship,8998203
/vessels/details/7740013,SAL 23,General Cargo Ship,7740013
/vessels/details/548479900,MV BB.DUMAGUETE,Cargo ship,548479900
/vessels/details/9004968,SL MABINI 1,Tug,9004968
/vessels/details/8945402,LADY CATHYRINE ROSE,Fishing Vessel,8945402
/vessels/details/7607974,IMMACULATE CONCEPCION,Passenger/Ro-Ro Cargo Ship,7607974
/vessels/details/7218498,GOPHER,General Cargo Ship,7218498
/vessels/details/548200503,NET ZPY82005-38.0V,Unknown,548200503
/vessels/details/8323290,CEBU PRIDE,Tug,8323290
/vessels/details/7624829,ATHENA J,General Cargo Ship,7624829
/vessels/details/9093062,WEESAM EXPRESS,Passenger Ship,9093062
/vessels/details/548143156,MV ROSA 11,Unknown,548143156
/vessels/details/548030900,MTUG AGENA,Tug,548030900
/vessels/details/8425579,BARUGO,General Cargo Ship,8425579
/vessels/details/7512636,JOLLO,Tug,7512636
/vessels/details/9063548,GEMINI 15,General Cargo Ship,9063548
/vessels/details/9679957,PGMC2,Aggregates Carrier,9679957
/vessels/details/9895628,ALBERT D.L.,Oil Products Tanker,9895628
/vessels/details/548464900,HARVEST77,Cargo ship,548464900
/vessels/details/7209100,IRIS 1,Fishing Vessel,7209100
/vessels/details/548177500,MV FOXBAT,Cargo ship,548177500
/vessels/details/6619061,WHITE MAGNOLIA 2,Fishing Vessel,6619061
/vessels/details/548240525,MB THUNDER BIRD,Cargo ship,548240525
/vessels/details/6502220,ANA STEPHANIE,Passenger/General Cargo Ship,6502220
/vessels/details/548297500,PRC AMAZING GRACE,HSC,548297500
/vessels/details/9564657,MT ALEAH LOUISE,LPG Tanker,9564657
/vessels/details/548000708,LCT708,Cargo ship,548000708
/vessels/details/548555999,COAST PILIPINS,Law enforcment,548555999
/vessels/details/8217142,DANIELLA-T,Refrigerated Cargo Ship,8217142
/vessels/details/8989109,ISLAND EXPRESS VII,Passenger Ship,8989109
/vessels/details/7397397,GIOK CHONG,Passenger/Landing Craft,7397397
/vessels/details/8859093,DUANE 3,General Cargo Ship,8859093
/vessels/details/548281362,FMBLISS,Unknown,548281362
/vessels/details/8796930,MASTER RUSTIN-2,Fishing Vessel,8796930
/vessels/details/8118346,NAGTAHAN,LPG Tanker,8118346
/vessels/details/8993318,EXODUS,General Cargo Ship,8993318
/vessels/details/9765677,PMI 8,Deck Cargo Ship,9765677
/vessels/details/8426171,SALVACION 3,Passenger/General Cargo Ship,8426171
/vessels/details/8772790,REIA FAYE,Chemical/Oil Products Tanker,8772790
/vessels/details/8937039,NICOLE STAR FERRY,Passenger/Ro-Ro Cargo Ship,8937039
/vessels/details/8538065,MC CERI-05,Fishing Vessel,8538065
/vessels/details/548662500,MV LADY AMY,Unknown,548662500
/vessels/details/1063712,VIOLETTELOUISEMARIE,Landing Craft,1063712
/vessels/details/5254010,PILAR,Fishing Vessel,5254010
/vessels/details/8021969,MARIE TERESA,Passenger/Ro-Ro Cargo Ship,8021969
/vessels/details/548879282,VAY A12,Other type,548879282
/vessels/details/548108110,HEALTHY,Unknown,548108110
/vessels/details/548373000,LCT-ASC-VICTORIA,Cargo ship,548373000
/vessels/details/6913819,ZINNIA 2,Fish Carrier,6913819
/vessels/details/9097355,JOE TURNER,Fishing Vessel,9097355
/vessels/details/548537315,MANILA,Law enforcment,548537315
/vessels/details/8623107,QUEEN BEE III,Fishing Vessel,8623107
/vessels/details/9062831,JEHAN 5,General Cargo Ship,9062831
/vessels/details/9781906,SOUTHERN TREASURE,Deck Cargo Ship,9781906
/vessels/details/9809497,CABRA,Patrol Vessel,9809497
/vessels/details/9706621,LCT 208,Landing Craft,9706621
/vessels/details/8035659,RAMONA,General Cargo Ship,8035659
/vessels/details/1025605,MV SANGKO UNO,Hopper Dredger,1025605
/vessels/details/548022400,ALESON CON CARRIER-2,Cargo ship,548022400
/vessels/details/8603145,EVERWIN 8,General Cargo Ship,8603145
/vessels/details/8946078,CARGOLIFT ANTARES,General Cargo Ship,8946078
/vessels/details/548555300,TUG 50,Cargo ship,548555300
/vessels/details/548012024,MTKR ESPADA,Tanker,548012024
/vessels/details/8882569,CAMARGUE,Chemical Tanker,8882569
/vessels/details/7909255,RANDOLF,General Cargo Ship,7909255
/vessels/details/8591304,LIANG KU 9,Aggregates Carrier,8591304
/vessels/details/8025501,DONA MARIA BELINDA,General Cargo Ship,8025501
/vessels/details/8623042,ANATALIA D. R.,Fishing Vessel,8623042
/vessels/details/7929152,FUJI MARU,General Cargo Ship,7929152
/vessels/details/8945012,E. CALIXTO 1,Tug,8945012
/vessels/details/8207408,DON ALFONSO SR.,General Cargo Ship,8207408
/vessels/details/8619170,COKALIONG TUG 2,Tug,8619170
/vessels/details/548049400,TRISHA KERSTIN 2,Pleasure craft,548049400
/vessels/details/1109451,BRP DATU SUMAKWEL,Fishing Support Vessel,1109451
/vessels/details/548300036,83009-3-92,Unknown,548300036
/vessels/details/7302158,STANFORD,Tug,7302158
/vessels/details/7046687,TITAN I,Tug,7046687
/vessels/details/7624805,CETANE,LPG Tanker,7624805
/vessels/details/9695810,WHITE TOMONY,General Cargo Ship,9695810
/vessels/details/8403715,KENKEN 888,Fish Carrier,8403715
/vessels/details/8627438,HERSHEY,Fishing Vessel,8627438
/vessels/details/548035300,MVBLUE OCEAN-2,Cargo ship,548035300
/vessels/details/8822777,MONALINDA 61,Fishing Vessel,8822777
/vessels/details/548000092,MV NURUL SYAFIQAH,Cargo ship,548000092
/vessels/details/548651500,INTERMARINE 4,Cargo ship,548651500
/vessels/details/548030058,LCT 528,Cargo ship,548030058
/vessels/details/1014383,NANYANGXINCHUAN628,Bulk Carrier,1014383
/vessels/details/7828140,FUKUHO MARU NO. 1,Fishing Vessel,7828140
/vessels/details/9667681,LCT MEILING 7,Landing Craft,9667681
/vessels/details/8021191,EASTERN STAR,General Cargo Ship,8021191
/vessels/details/7828281,SEA EXPRESS,Fishing Vessel,7828281
/vessels/details/548236200,LCT ROBIN,Unknown,548236200
/vessels/details/7031565,POLA BAY,Container Ship,7031565
/vessels/details/548759200,MV D ASEAN JOURNEY,Passenger ship,548759200
/vessels/details/9041681,MV EASTERN BOHOL,General Cargo Ship,9041681
/vessels/details/548001765,MB SEA ORCHIN,Cargo ship,548001765
/vessels/details/8211057,SUPER SHUTTLE FERRY V,Passenger/Ro-Ro Cargo Ship,8211057
/vessels/details/7706108,ANIKA-1,Fishing Vessel,7706108
/vessels/details/8955184,MELRIVIC THREE,Passenger/Ro-Ro Cargo Ship,8955184
/vessels/details/8922101,FORTIS II,Tug,8922101
/vessels/details/548949500,LCT.ST.ISIDORE.NAV,Unknown,548949500
/vessels/details/548782300,MV GEMINI 15,Cargo ship,548782300
/vessels/details/9852298,STELLA MARIS,Passenger/Ro-Ro Cargo Ship,9852298
/vessels/details/7900754,SEA KNIGHT,Fish Carrier,7900754
/vessels/details/8537920,LIAM INIGO,Fishing Vessel,8537920
/vessels/details/9719484,SILVER DOVE,Deck Cargo Ship,9719484
/vessels/details/7513666,DAILY GRACE,Fishing Vessel,7513666
/vessels/details/8957106,SUPER SHUTTLE FERRY 3,Passenger/Ro-Ro Cargo Ship,8957106
/vessels/details/9729805,LCT 368,Landing Craft,9729805
/vessels/details/9033581,ALBERTSON 1,General Cargo Ship,9033581
/vessels/details/8424783,LADY JINKY 1,General Cargo Ship,8424783
/vessels/details/9090072,DOLLY 2,Fishing Vessel,9090072
/vessels/details/7701380,DON JOSE SR,General Cargo Ship,7701380
/vessels/details/548002147,ASC HAPPY,Towing vessel,548002147
/vessels/details/8604565,SOLID ACE,General Cargo Ship,8604565
/vessels/details/7630828,MINTRADE 2,General Cargo Ship,7630828
/vessels/details/9434840,ATS-SIGLA,Tug,9434840
/vessels/details/548404300,MV PHILIPPINE NAV 2,Passenger ship,548404300
/vessels/details/548090218,MB SADIYA,Cargo ship,548090218
/vessels/details/548004101,P172 SEATRIAL,Other type,548004101
/vessels/details/8599447,SOUTWARD FLYING 289,Aggregates Carrier,8599447
/vessels/details/7821518,PEGASUS,Passenger Ship,7821518
/vessels/details/9005522,MV OCEAN ZENITH,Container Ship,9005522
/vessels/details/548789200,LCT SYDNEY ALYSSA 3,Cargo ship,548789200
/vessels/details/548633300,MV GLORIA THREE,Passenger ship,548633300
/vessels/details/7101736,BIG EYE,Fishing Vessel,7101736
/vessels/details/9775268,SIICDF 04,Deck Cargo Ship,9775268
/vessels/details/9761097,LCT GLAUCUS ALPHA,Deck Cargo Ship,9761097
/vessels/details/8848604,ANTHON RAPHAEL,Passenger Ship,8848604
/vessels/details/548319700,ALPHA CARRIER,Cargo ship,548319700
/vessels/details/7370789,PRINCESS ANNAVELL,Passenger Ship,7370789
/vessels/details/8019423,MARIEJOY,General Cargo Ship,8019423
/vessels/details/7736658,PENNY 12,Fish Carrier,7736658
/vessels/details/9572654,MTKR INTRAMUROS,Oil Products Tanker,9572654
/vessels/details/548932700,BFAR TEST,Fishing vessel,548932700
/vessels/details/548417622,MCRP 1,Other type,548417622
/vessels/details/7209904,GOLDEN DRAGON,General Cargo Ship,7209904
/vessels/details/8025446,PAMROS,General Cargo Ship,8025446
/vessels/details/548023300,MV HANSEL JOBETT,Passenger ship,548023300
/vessels/details/7739703,DINKY,General Cargo Ship,7739703
/vessels/details/9984950,ACTIVE,Tug,9984950
/vessels/details/9685607,MV MOBO,Deck Cargo Ship,9685607
/vessels/details/548008900,MTUG SARIN,Tug,548008900
/vessels/details/8408519,GAYLE,General Cargo Ship,8408519
/vessels/details/8357538,HAI GE 096,Aggregates Carrier,8357538
/vessels/details/548404700,MB PADRE PIO 1,Passenger ship,548404700
/vessels/details/9589011,TULSI DAS,Tug,9589011
/vessels/details/548623300,STARLITE SAGA,Passenger ship,548623300
/vessels/details/9826990,BTC HARINA,Self Discharging Bulk Carrier,9826990
/vessels/details/548000003,MV MARSHARATY II,Cargo ship,548000003
/vessels/details/1062392,LCT 1098,Deck Cargo Ship,1062392
/vessels/details/9506681,ALPHA TANGO,Tug,9506681
/vessels/details/8537906,SALORRU-II,Fishing Vessel,8537906
/vessels/details/8862387,T BOLI,Tug,8862387
/vessels/details/548219392,LIN21939-2-41,Unknown,548219392
/vessels/details/548254500,RASALAS,Cargo ship,548254500
/vessels/details/8664058,OCEANJET 8,Passenger Ship,8664058
/vessels/details/548698300,LCT 908,Cargo ship,548698300
/vessels/details/7046845,PRIMROSE 888,Refrigerated Cargo Ship,7046845
/vessels/details/548849900,MV CLAUDIA ALEXIS,Cargo ship,548849900
/vessels/details/7036864,RAJAH,Tug,7036864
/vessels/details/548596900,SL LIMAY 8,Tug,548596900
/vessels/details/5237787,HILONGOS DIAMOND 2,Passenger Ship,5237787
/vessels/details/548489100,MY NAVORCA,Pleasure craft,548489100
/vessels/details/7937135,PENNY 10,Fishing Vessel,7937135
/vessels/details/8933447,PRINCE JOHN PAUL,General Cargo Ship,8933447
/vessels/details/8425440,STRONG HOPE,Tug,8425440
/vessels/details/1014369,OCEAN TRADER,Bulk Carrier,1014369
/vessels/details/8959922,MARIA YASMINA,Passenger/Ro-Ro Cargo Ship,8959922
/vessels/details/7118727,STARLITE NAVIGATOR,Passenger/Ro-Ro Cargo Ship,7118727
/vessels/details/9801445,LCT718,Landing Craft,9801445
/vessels/details/8785620,VIRGIN MARY OF CAYSASAY-1,Fishing Vessel,8785620
/vessels/details/6821224,NORTH BAY,General Cargo Ship,6821224
/vessels/details/548131500,OUR LADY OF THE PHIL,Passenger ship,548131500
/vessels/details/8419532,SIERRA,Refrigerated Cargo Ship,8419532
/vessels/details/9775256,SIICDF 03,Deck Cargo Ship,9775256
/vessels/details/7604532,PICMW II,Oil Products Tanker,7604532
/vessels/details/548000045,MV STAR ORMOC,Cargo ship,548000045
/vessels/details/8732300,SPI ISABELA,Landing Craft,8732300
/vessels/details/8975093,LADY OF CHARITY,Passenger/Ro-Ro Cargo Ship,8975093
/vessels/details/548857200,MV MARIA URSULA,Fishing vessel,548857200
/vessels/details/8622220,MORNING JOY,Dredger,8622220
/vessels/details/548080400,MV MARSHARATY II,Cargo ship,548080400
/vessels/details/9194658,LPG MARIA TERESITA,LPG Tanker,9194658
/vessels/details/9219783,SNOOPY III,Oil Products Tanker,9219783
/vessels/details/7231610,GE STELLA MARIS,Pusher Tug,7231610
/vessels/details/8014887,FILIPINAS MAASIN,Passenger/Ro-Ro Cargo Ship,8014887
/vessels/details/7322718,CHARITO,Fishing Vessel,7322718
/vessels/details/8535697,TS 2014,Fishing Vessel,8535697
/vessels/details/8696893,RRCS-15,Fishing Vessel,8696893
/vessels/details/548761300,MV THERESIAN STARS,Passenger ship,548761300
/vessels/details/7818896,JELLO,Fish Carrier,7818896
/vessels/details/7114082,DOLORES 827,Fishing Vessel,7114082
/vessels/details/548030207,KANG LING 539,Cargo ship,548030207
/vessels/details/7310210,ROYAL PROGRESS,Ro-Ro Cargo Ship,7310210
/vessels/details/9820207,LCT POSEIDON 23,Deck Cargo Ship,9820207
/vessels/details/548000042,MV DON SERAFIN,Cargo ship,548000042
/vessels/details/7026106,GRAND VENTURE 1,Passenger/Ro-Ro Cargo Ship,7026106
/vessels/details/7220271,ALTAIR,Tug,7220271
/vessels/details/7232248,MAVERICK 1,Tug,7232248
/vessels/details/9686027,HOWARD,Tug,9686027
/vessels/details/548357700,MB ST A.4.9 E80 1,Passenger ship,548357700
/vessels/details/8415720,SL SUAL 1,Tug,8415720
/vessels/details/8796203,DANIEL DAVE VII,Fish Carrier,8796203
/vessels/details/548434800,ROMBLON PEARL,Cargo ship,548434800
/vessels/details/8032798,TRISTAR A,Passenger Ship,8032798
/vessels/details/9638848,LCT GREENVILLE,Landing Craft,9638848
/vessels/details/8718665,ALESON CON CARRIER 2,General Cargo Ship,8718665
/vessels/details/8622206,ALANA,General Cargo Ship,8622206
/vessels/details/9985631,HENG DA 17,Aggregates Carrier,9985631
/vessels/details/7609063,PARANG TRANSPORT,General Cargo Ship,7609063
/vessels/details/8976059,BRIGHTSTAR,General Cargo Ship,8976059
/vessels/details/7729655,FLORO,Tug,7729655
/vessels/details/8857837,RKK DOS,General Cargo Ship,8857837
/vessels/details/9688128,GF 103,Deck Cargo Ship,9688128
/vessels/details/8891522,MILLENNIUM CRUISER,General Cargo Ship,8891522
/vessels/details/8353221,LCT LADY CALLISTA,Deck Cargo Ship,8353221
/vessels/details/9571284,ASC ASHLEY,Landing Craft,9571284
/vessels/details/8513936,SOLID STAR,General Cargo Ship,8513936
/vessels/details/1071496,LCT LADY FELICITY,Deck Cargo Ship,1071496
/vessels/details/548246811,BRP TASADAY,Unknown,548246811
/vessels/details/8408301,DOLLY-888,Refrigerated Cargo Ship,8408301
/vessels/details/9878400,POSEIDON 35,Deck Cargo Ship,9878400
/vessels/details/8625571,SHIN HOWA MARU,General Cargo Ship,8625571
/vessels/details/548210913,ZHESHENGYU05548-13,Unknown,548210913
/vessels/details/548030712,KANG LING 539,Cargo ship,548030712
/vessels/details/6512251,ANSARAH,Tug,6512251
/vessels/details/8904733,JERLYN KAYLO,General Cargo Ship,8904733
/vessels/details/8033015,ONRI 1,Tug,8033015
/vessels/details/548787300,LCT LITE FERRY 28,Passenger ship,548787300
/vessels/details/8794803,LCT 1078,Deck Cargo Ship,8794803
/vessels/details/7814929,MONALINDA 85,Fishing Vessel,7814929
/vessels/details/8402979,SL SUAL 2,Tug,8402979
/vessels/details/7313078,DOLLY 153,Fish Carrier,7313078
/vessels/details/548000921,MTKR RMS1,Tanker,548000921
/vessels/details/8945622,BLUE MARLIN C,Fishing Vessel,8945622
/vessels/details/8796588,STO. NINO-888,Fish Carrier,8796588
/vessels/details/548504500,PILOTBOAT GALENE,Pilot,548504500
/vessels/details/8359201,HENG DA 99,Aggregates Carrier,8359201
/vessels/details/9309734,MV EVARISTO FERRY 8,Passenger/Ro-Ro Cargo Ship,9309734
/vessels/details/548774200,MTUG LUCIDA,Tug,548774200
/vessels/details/8653035,GRAND WISH,Aggregates Carrier,8653035
/vessels/details/548788300,LITE FERRY 16,Passenger ship,548788300
/vessels/details/7238242,FORTIS III,Tug,7238242
/vessels/details/6920434,AMIGO VII,General Cargo Ship,6920434
/vessels/details/7121944,MONALINDA LV,Fishing Vessel,7121944
/vessels/details/7300435,KC BEATRICE,Passenger/General Cargo Ship,7300435
/vessels/details/7506285,UNITY GALAXY,Fishing Vessel,7506285
/vessels/details/8625064,SL TAWA TAWA,Oil Products Tanker,8625064
/vessels/details/9886512,NTC HERON,Oil Products Tanker,9886512
/vessels/details/9168776,TUG 98,Tug,9168776
/vessels/details/8359196,HONG FU 518,Aggregates Carrier,8359196
/vessels/details/8100818,TAIJIN MARU NO. 7,Fishing Vessel,8100818
/vessels/details/8118841,OCEAN UNITY,General Cargo Ship,8118841
/vessels/details/8561505,BEATRICE 01,Fish Carrier,8561505
/vessels/details/8631116,ANRICH,General Cargo Ship,8631116
/vessels/details/9072666,MV FORTUNE GOODIES,General Cargo Ship,9072666
/vessels/details/7823700,SAL NUEVE,Fishing Vessel,7823700
/vessels/details/8837576,DOLORES 831,Fishing Vessel,8837576
/vessels/details/9887956,P0SEIDON 39,Deck Cargo Ship,9887956
/vessels/details/8796461,SAN ANDRES-788,Fish Carrier,8796461
/vessels/details/9147069,LIGAYA NV,General Cargo Ship,9147069
/vessels/details/8945646,PATECO,Landing Craft,8945646
/vessels/details/8631520,REGINA CALIXTA VI,Passenger/Ro-Ro Cargo Ship,8631520
/vessels/details/548116500,BRP HABAGAT,Law enforcment,548116500
/vessels/details/8779970,MV QUEBEC,Deck Cargo Ship,8779970
/vessels/details/8626939,JEANNIE,Fishing Vessel,8626939
/vessels/details/548864200,MARIA LOLITA,Passenger ship,548864200
/vessels/details/7330959,SPICA,Tug,7330959
/vessels/details/9115858,SEAMINE 2,Tug,9115858
/vessels/details/9831244,MV DA BFAR MMOV 5002,Fishing Support Vessel,9831244
/vessels/details/8035934,MATIMCO 2,General Cargo Ship,8035934
/vessels/details/548529500,MV SIRCHRISTOPHER,Cargo ship,548529500
/vessels/details/7722671,UNIVERSAL AMETHYST,Fishing Vessel,7722671
/vessels/details/8951023,MIHARA I,General Cargo Ship,8951023
/vessels/details/9779549,MTKR SASA,Oil Products Tanker,9779549
/vessels/details/548000020,LCT CHRISTIAN JAMES,Unknown,548000020
/vessels/details/548222500,TUG MIRA,Tug,548222500
/vessels/details/548161196,MV ROSA 11,Unknown,548161196
/vessels/details/8914960,MYOJIN MARU,General Cargo Ship,8914960
/vessels/details/548052400,ALESON CONCARRIER 9,Cargo ship,548052400
/vessels/details/8622919,ROYALE EXPEDITION,Fishing Vessel,8622919
/vessels/details/9563768,SAYAH,Offshore Tug/Supply Ship,9563768
/vessels/details/5155965,JERMEL M-DLS,Fishing Vessel,5155965
/vessels/details/8210704,MARIA BEATRIZ,Passenger/Ro-Ro Cargo Ship,8210704
/vessels/details/8214322,QUEEN JENNY-138,Fishing Vessel,8214322
/vessels/details/7916155,TUG 8,Tug,7916155
/vessels/details/7233400,MANGYAN,Tug,7233400
/vessels/details/548891200,548891200,Tanker,548891200
/vessels/details/9117791,GENERAL ANTONIO LUNA,Oil Products Tanker,9117791
/vessels/details/7909047,GRACIA,Fishing Vessel,7909047
/vessels/details/8945842,ALEGRIA,General Cargo Ship,8945842
/vessels/details/9159610,CECILIA V,General Cargo Ship,9159610
/vessels/details/6819336,CORAL WHITE,Fishing Vessel,6819336
/vessels/details/9218947,MARIA NATASHA,Passenger/Ro-Ro Cargo Ship,9218947
/vessels/details/7509976,NEVEEN,Passenger Ship,7509976
/vessels/details/8704315,KING FREDERICK,Passenger/Ro-Ro Cargo Ship,8704315
/vessels/details/8004727,BUANSA,General Cargo Ship,8004727
/vessels/details/8889531,CLAUDIA ALEXIS,General Cargo Ship,8889531
/vessels/details/9078696,KHERI 2,General Cargo Ship,9078696
/vessels/details/9984118,JIN HAI FU 168,Aggregates Carrier,9984118
/vessels/details/548190919,ZHESHENGYU05548-19,Unknown,548190919
/vessels/details/8322636,CHEEWEE,Passenger Ship,8322636
/vessels/details/1102257,VERONICA 2,Oil Products Tanker,1102257
/vessels/details/7330882,ANALIZA,Fishing Vessel,7330882
/vessels/details/548268500,LCTDRACO,Other type,548268500
/vessels/details/548222100,FV KENKEN 888,Pleasure craft,548222100
/vessels/details/1054814,JAMIE FAITH I,Oil Products Tanker,1054814
/vessels/details/9823857,POSEIDON 25,Deck Cargo Ship,9823857
/vessels/details/548927500,BRP PANGLAO 2402,Military ops,548927500
/vessels/details/8680818,JACQUELINE STAR,Deck Cargo Ship,8680818
/vessels/details/7506546,LOTUS 2,Fishing Vessel,7506546
/vessels/details/7810600,ISLAND RORO 1,Passenger Ship,7810600
/vessels/details/7916533,CEM CARRIER II,Cement Carrier,7916533
/vessels/details/8946157,GUAGUA,Landing Craft,8946157
/vessels/details/9042403,MV EMPEROR BB,General Cargo Ship,9042403
/vessels/details/548606300,LCT388,Cargo ship,548606300
/vessels/details/8457546,PACIFIC STAR-8,Fish Carrier,8457546
/vessels/details/9145657,ARGO MARINE V,General Cargo Ship,9145657
/vessels/details/7805784,JOHN OLIVER,General Cargo Ship,7805784
/vessels/details/6918900,QUEEN MARY R,Fishing Vessel,6918900
/vessels/details/9058000,LILIA CONSTANTINE,General Cargo Ship,9058000
/vessels/details/7639343,LADY OF HOPE,Passenger Ship,7639343
/vessels/details/9643702,SOLID GEM,General Cargo Ship,9643702
/vessels/details/8017736,ERICKA SUAZZANNE,General Cargo Ship,8017736
/vessels/details/7032260,OCEAN QUEST,General Cargo Ship,7032260
/vessels/details/9607215,MTKR SL TANGLAD,Chemical Tanker,9607215
/vessels/details/7809998,KASUARI 15,Fishing Vessel,7809998
/vessels/details/7830234,RED RUBY,Fish Carrier,7830234
/vessels/details/8210168,ENERGY SKY,Tug,8210168
/vessels/details/8823240,MA. FILIPINAS,Aggregates Carrier,8823240
/vessels/details/9078048,OCEAN RELIABLE,General Cargo Ship,9078048
/vessels/details/7828358,ATENG,Fishing Vessel,7828358
/vessels/details/8013792,MONALINDA 96,Fishing Vessel,8013792
/vessels/details/7923897,MANKICHI MARU NO. 68,Fish Carrier,7923897
/vessels/details/8990380,NIKOLE,Landing Craft,8990380
/vessels/details/8880779,ALEGRE,General Cargo Ship,8880779
/vessels/details/8224042,HARPOON,General Cargo Ship,8224042
/vessels/details/8990366,MARA KRISKA,Landing Craft,8990366
/vessels/details/548653300,LCT868,Cargo ship,548653300
/vessels/details/9679983,PGMC5,Aggregates Carrier,9679983
/vessels/details/548965147,04826-7 45,Unknown,548965147
/vessels/details/9042958,SUPER SHUTTLE FERRY 21,Passenger Ship,9042958
/vessels/details/548477200,MCS-3004,Other type,548477200
/vessels/details/8823630,EISHIN MARU NO. 8,Dredger,8823630
/vessels/details/6607848,MELRIVIC 7,Passenger Ship,6607848
/vessels/details/548356200,LCT SAN RECARDO,Cargo ship,548356200
/vessels/details/6818241,FORTUNE STAR,Fishing Vessel,6818241
/vessels/details/548036400,MAGNOLIA KOBUS,Cargo ship,548036400
/vessels/details/8945282,MELRIVIC 1,Landing Craft,8945282
/vessels/details/8626587,NISSEI MARU,General Cargo Ship,8626587
/vessels/details/7238826,BUENA SUERTE J-85,Fishing Vessel,7238826
/vessels/details/8965579,WEESAM EXPRESS 5,Passenger Ship,8965579
/vessels/details/8630306,AGRO MARINE I,General Cargo Ship,8630306
/vessels/details/8007145,WEST OCEAN 2,General Cargo Ship,8007145
/vessels/details/8913851,DON ALBINO SR,General Cargo Ship,8913851
/vessels/details/9151151,DUANE 5,General Cargo Ship,9151151
/vessels/details/6612790,CHRIS PAUL RAY,Fishing Vessel,6612790
/vessels/details/8427747,MALINAO,Oil Products Tanker,8427747
/vessels/details/9090060,DOLORES 23,Fishing Vessel,9090060
/vessels/details/8667361,LCT 568,Deck Cargo Ship,8667361
/vessels/details/9118941,MORETA CARGO 1,General Cargo Ship,9118941
/vessels/details/7950010,ASC MELISSA,Fishing Vessel,7950010
/vessels/details/548035900,MTUG DAN CS,Tug,548035900
/vessels/details/9985306,HUI JIN QIAO 139,Aggregates Carrier,9985306
/vessels/details/7653806,SAN JOSE D. R.,Fishing Vessel,7653806
/vessels/details/8875592,STEVEN,Tug,8875592
/vessels/details/1026207,YONG SHUN568,Aggregates Carrier,1026207
/vessels/details/7209198,LINEA 1,General Cargo Ship,7209198
/vessels/details/548241131,ZHESHENGYU05548-31,Unknown,548241131
/vessels/details/7740233,ISLAND RORO II,Passenger Ship,7740233
/vessels/details/9698991,SOLID HARBOR,General Cargo Ship,9698991
/vessels/details/9719472,SILVER WIND,Deck Cargo Ship,9719472
/vessels/details/548906900,MV BANTON PEARL,Cargo ship,548906900
/vessels/details/7626786,SEDAR 1,Tug,7626786
/vessels/details/548797979,DIEU HIEN 2025,Unknown,548797979
/vessels/details/8628638,RICARDO,Fishing Vessel,8628638
/vessels/details/9694983,AVIVA 88,Deck Cargo Ship,9694983
/vessels/details/9803572,FAST CAT M14,Passenger/Ro-Ro Cargo Ship,9803572
/vessels/details/548045000,FASTCAT M2,Unknown,548045000
/vessels/details/8002224,SAL SIETE,Fishing Vessel,8002224
/vessels/details/8696867,RELL RENN 9,Fishing Vessel,8696867
/vessels/details/548143500,MALAPASCUA,Law enforcment,548143500
/vessels/details/8116740,CHRISTIANSSEN IV,Utility Vessel,8116740
/vessels/details/7123887,ORMOC STAR,General Cargo Ship,7123887
/vessels/details/7609154,SPEEDY VII,Fishing Vessel,7609154
/vessels/details/7823724,REINA EMPERATRIZ,Passenger/Ro-Ro Cargo Ship,7823724
/vessels/details/9814301,LITE FERRY 30,Deck Cargo Ship,9814301
/vessels/details/7236696,DOLLY 780,Fishing Vessel,7236696
/vessels/details/548643500,FORTUNE CONQUEROR,Cargo ship,548643500
/vessels/details/7437927,DON DOMINADOR II,General Cargo Ship,7437927
/vessels/details/9090096,DOLLY 14,Fishing Vessel,9090096
/vessels/details/6514297,LINDA 5,Fishing Vessel,6514297
/vessels/details/8909513,LUZVIMINSCOOP 135,General Cargo Ship,8909513
/vessels/details/7238383,MONALINDA XXXVIII,Fishing Vessel,7238383
/vessels/details/7709655,MARIA LINA,Fish Carrier,7709655
/vessels/details/9801457,LCT 868,Landing Craft,9801457
/vessels/details/548007909,MV AL AMINUR 2,Cargo ship,548007909
/vessels/details/8346840,MTKR ALICE DL,Oil Products Tanker,8346840
/vessels/details/548023500,MT ATRIA,Tug,548023500
/vessels/details/7123265,ANTON,Tug,7123265
/vessels/details/7402001,DUMAGUETE FERRY,Passenger Ship,7402001
/vessels/details/8602311,DOLORES 849,Fishing Vessel,8602311
/vessels/details/8621109,YAMA MARU NO. 7,Fish Carrier,8621109
/vessels/details/548713500,MV POSEIDON 41,Cargo ship,548713500
/vessels/details/548894200,MV MAY LILLIES,Passenger ship,548894200
/vessels/details/548760200,EVERWIN STAR 1,Cargo ship (HAZ-D),548760200
/vessels/details/548716500,MV GOLDEN LOTUS 3,Passenger ship,548716500
/vessels/details/9969340,MV POSEIDON 46,Deck Cargo Ship,9969340
/vessels/details/548591500,MT AMIRA 1,Tanker,548591500
/vessels/details/8125624,STARLITE ANNAPOLIS,Passenger/Ro-Ro Cargo Ship,8125624
/vessels/details/8945464,BAGUNGON,Bunkering Tanker,8945464
/vessels/details/9864813,NTC FALCON,Oil Products Tanker,9864813
/vessels/details/9704922,JULIANA 88,Deck Cargo Ship,9704922
/vessels/details/7740398,MONALINDA 71,Fishing Vessel,7740398
/vessels/details/8461717,SAN FELIPE-98,Fishing Vessel,8461717
/vessels/details/6514364,PRINCESS CHRISTINE,General Cargo Ship,6514364
/vessels/details/8822193,ALESON CON CARRIER 3,General Cargo Ship,8822193
/vessels/details/7727968,SHARMAINE,Refrigerated Cargo Ship,7727968
/vessels/details/548030200,KANG LING 539,Cargo ship,548030200
/vessels/details/548225400,MTUG CEBU STRAIT,Towing vessel,548225400
/vessels/details/8836833,MONTE SOL,General Cargo Ship,8836833
/vessels/details/548002455,ML NURMIN1,Cargo ship,548002455
/vessels/details/9688130,VNG VI,Deck Cargo Ship,9688130
/vessels/details/9988138,LCT JOSIE FE 02,Deck Cargo Ship,9988138
/vessels/details/548993900,HENG DA 19,Cargo ship,548993900
/vessels/details/548551300,MV TRANS ASIA 3,Cargo ship,548551300
/vessels/details/548210300,MV-PERPETUAL-HELP NA,Passenger ship,548210300
/vessels/details/548438900,3C PTERIPPUS II,Passenger ship (HAZ-A),548438900
/vessels/details/8796447,TS 2014-B,Fishing Vessel,8796447
/vessels/details/9062805,MV PHILIP MARK,General Cargo Ship,9062805
/vessels/details/548111381,LCT ASC BIGBOY,Cargo ship,548111381
/vessels/details/8820470,MV ALFIE ANGELO,General Cargo Ship,8820470
/vessels/details/9887889,MAICA 5,Passenger Ship,9887889
/vessels/details/548929900,SHENG PING 009,Cargo ship,548929900
/vessels/details/548275500,MT CHRISTIE-8,Unknown,548275500
/vessels/details/548339500,MT MOONY,Tanker,548339500
/vessels/details/9146792,TRANS-ASIA 16,Container Ship,9146792
/vessels/details/8427864,PIETRO,Oil Products Tanker,8427864
/vessels/details/8623121,GOLDEN ROD 2,Fishing Vessel,8623121
/vessels/details/8428052,TAMBULI,Landing Craft,8428052
/vessels/details/548906500,MTUG MARKAB,Tug,548906500
/vessels/details/8526294,LORNA-9,Fishing Vessel,8526294
/vessels/details/8536859,RANZ-888,Fishing Vessel,8536859
/vessels/details/8406951,STEFANI MAE I,Fish Carrier,8406951
/vessels/details/8801876,WAKAYOSHI MARU,General Cargo Ship,8801876
/vessels/details/7629623,TERRIER,General Cargo Ship,7629623
/vessels/details/8427711,MTKR KUHOL,Oil Products Tanker,8427711
/vessels/details/548773200,FULLSPEED 2012,Cargo ship,548773200
/vessels/details/548683500,MV MARTIN V,Passenger ship,548683500
/vessels/details/548212366,MTKR KADAYAWAN,Tanker,548212366
/vessels/details/5184021,MARI KRIS VIII,Fishing Vessel,5184021
/vessels/details/6415312,SABRINA D.R. 11,Fishing Vessel,6415312
/vessels/details/8773897,LITE FERRY 19,Passenger/Ro-Ro Cargo Ship,8773897
/vessels/details/8602062,STEPHANIE MARIE 2,Passenger/Ro-Ro Cargo Ship,8602062
/vessels/details/548100548,SUNSHINE GLORY,Cargo ship,548100548
/vessels/details/548279800,SOUTHWARD FLYING 288,Cargo ship,548279800
/vessels/details/7205324,SARGAS,Tug,7205324
/vessels/details/9009956,PALAUSPORT,Passenger (Cruise) Ship,9009956
/vessels/details/9878553,ASC VINCENT,Deck Cargo Ship,9878553
/vessels/details/9837183,LCT POSEIDON 28,Deck Cargo Ship,9837183
/vessels/details/8895384,ALASKA 2,Fishing Vessel,8895384
/vessels/details/7624881,OIL QUEEN 10,Oil Products Tanker,7624881
/vessels/details/7935498,PANOROSE TRES,Fish Carrier,7935498
/vessels/details/8608793,SUMIEI MARU NO. 8,Dredger,8608793
/vessels/details/8859419,MV REINA DELOSFLORES,Passenger/Ro-Ro Cargo Ship,8859419
/vessels/details/9690183,GOLDEN STAR 7,Deck Cargo Ship,9690183
/vessels/details/8631843,SHINKO MARU NO. 31,Fishing Vessel,8631843
/vessels/details/7709265,CHITOSE MARU NO. 10,Fishing Vessel,7709265
/vessels/details/8652902,CENTURY SUMMIT 1,General Cargo Ship,8652902
/vessels/details/8945517,OCEAN QUEEN NINE,General Cargo Ship,8945517
/vessels/details/548625510,OSCAR 4,Pleasure craft,548625510
/vessels/details/8427254,MARIA TERESA,General Cargo Ship,8427254
/vessels/details/5417014,CRIS 11,Fishing Vessel,5417014
/vessels/details/8945775,HAZEL,Fishing Vessel,8945775
/vessels/details/8916671,DUANE 2,General Cargo Ship,8916671
/vessels/details/8359213,DMC 1,Deck Cargo Ship,8359213
/vessels/details/9944120,SVITZER KARSADA,Tug,9944120
/vessels/details/1029998,FUTURE 02,Landing Craft,1029998
/vessels/details/9734616,LCT 855,Landing Craft,9734616
/vessels/details/8313489,KRISTEL JANE 3,Passenger/Ro-Ro Cargo Ship,8313489
/vessels/details/9058763,MARIE BERNADETTE,General Cargo Ship,9058763
/vessels/details/548241130,ZHESHENGYU05548-30,Unknown,548241130
/vessels/details/8821539,MV SOLID SUN,General Cargo Ship,8821539
/vessels/details/8224004,ST EXPLORER,General Cargo Ship,8224004
/vessels/details/8890762,FORTUNE DISCOVERY,General Cargo Ship,8890762
/vessels/details/548002205,LONG XIANG 8,Other type,548002205
/vessels/details/8217702,BALENO VII,Passenger/Ro-Ro Cargo Ship,8217702
/vessels/details/9766009,ORIENTAL 8,Deck Cargo Ship,9766009
/vessels/details/7828073,GOLDEN INDIA,General Cargo Ship,7828073
/vessels/details/8114065,RICHARD,General Cargo Ship,8114065
/vessels/details/8035843,MISHIMA MARU,General Cargo Ship,8035843
/vessels/details/9814296,LITE FERRY 29,Deck Cargo Ship,9814296
/vessels/details/7624867,CONSUELO 4,Landing Craft,7624867
/vessels/details/7212858,RICSAN 17,Fishing Vessel,7212858
/vessels/details/8118322,JOHN REYNALD,Fishing Vessel,8118322
/vessels/details/8796227,JUAN MIGUEL-6,Fish Carrier,8796227
/vessels/details/7513707,ISHI,Fishing Vessel,7513707
/vessels/details/8223983,FRANCESCA L.T,Refrigerated Cargo Ship,8223983
/vessels/details/7913440,KIKU MARU NO. 38,Fishing Vessel,7913440
/vessels/details/7319383,MONARCH I,Tug,7319383
/vessels/details/7236581,LE MARICHE,Fishing Vessel,7236581
/vessels/details/548077400,LCT FORTUNE 8,Cargo ship,548077400
/vessels/details/1122685,MV.DSK CARMELITA,General Cargo Ship,1122685
/vessels/details/8510635,SOLID LINK,General Cargo Ship,8510635
/vessels/details/8945206,SEA BIRD,General Cargo Ship,8945206
/vessels/details/548090464,MB MASANYANG,Cargo ship,548090464
/vessels/details/8720333,ROYAL SEAL,Passenger/Ro-Ro Cargo Ship,8720333
/vessels/details/7378755,NANING,Fishing Vessel,7378755
/vessels/details/9944118,SVITZER SANTA CLARA,Tug,9944118
/vessels/details/7815466,TOMI MARU NO. 36,Fishing Vessel,7815466
/vessels/details/548967014,ML FATIMAH DEVIE-II,Cargo ship,548967014
/vessels/details/9384655,MT PETRO CARA,Oil Products Tanker,9384655
/vessels/details/8823836,SF VOYAGER,General Cargo Ship,8823836
/vessels/details/548579900,SANGKO UNO 66,Cargo ship,548579900
/vessels/details/9806794,TOKIHIME,General Cargo Ship,9806794
/vessels/details/8945907,MT PATRICIA DENNISE,Oil Products Tanker,8945907
/vessels/details/548010002,LCT.OCEAN DRAGON-2,Cargo ship,548010002
/vessels/details/9639438,POLLUX 5,Tug,9639438
/vessels/details/548514800,BRP DATU CABAYLO,Unknown,548514800
/vessels/details/6920915,BALINTAWAK I,Tug,6920915
/vessels/details/7916739,ERNESTO UNO,Chemical Tanker,7916739
/vessels/details/8467113,PRINCESS KAMILAH 102,Fishing Vessel,8467113
/vessels/details/548000036,MV ESHAN,Cargo ship,548000036
/vessels/details/9563055,INTREPID,Tug,9563055
/vessels/details/548374000,LCT-MS VENESSA,Cargo ship,548374000
/vessels/details/8425608,SENADO,Landing Craft,8425608
/vessels/details/9931812,MAPUTI,General Cargo Ship,9931812
/vessels/details/6601507,EUGENE ELSON,Passenger Ship,6601507
/vessels/details/8102567,BIG BOSS,Tug,8102567
/vessels/details/5410767,MARCELIANA D. R.,Fishing Vessel,5410767
/vessels/details/8425737,ELIAKIM,Landing Craft,8425737
/vessels/details/8796411,TS 2012-B,Fishing Vessel,8796411
/vessels/details/7106449,PENINSULA C 1,Fishing Vessel,7106449
/vessels/details/9989364,APOLLON TRADER,Bulk Carrier,9989364
/vessels/details/548679390,LADY OF GOOD VOYAGE,Passenger ship,548679390
/vessels/details/6720664,ORIENT STAR,Oil Products Tanker,6720664
/vessels/details/7935606,TENYU MARU NO. 53,Fish Carrier,7935606
/vessels/details/7313183,MONALINDA XXXII,Fishing Vessel,7313183
/vessels/details/8796485,SAN ANDRES-868,Fish Carrier,8796485
/vessels/details/548403900,MTUG SAIPH,Tug,548403900
/vessels/details/9187459,JAIME V. ONGPIN 1,Landing Craft,9187459
/vessels/details/548090244,MB AMEERA,Cargo ship,548090244
/vessels/details/548021200,HONG.FU.518,Dredging or UW ops,548021200
/vessels/details/548737900,VIRGNDEPENFRANCIA 16,Passenger ship,548737900
/vessels/details/8425646,CAPRICORN,General Cargo Ship,8425646
/vessels/details/7233876,GOLDEN DREAM,Fishing Vessel,7233876
/vessels/details/9844538,LCT POSEIDON 30,Deck Cargo Ship,9844538
/vessels/details/7912939,ENERGY PACIFIC,Tug,7912939
/vessels/details/548159700,MTUG JONATHAN-V,Tug,548159700
/vessels/details/548968800,JOSHUA CHINO,Tanker,548968800
/vessels/details/8877069,ISLAND EXPRESS II,Passenger Ship,8877069
/vessels/details/6821391,ROMINA,Fishing Vessel,6821391
/vessels/details/548380700,MVHONGHAI199,Cargo ship,548380700
/vessels/details/9155638,MASIKAP,Oil Products Tanker,9155638
/vessels/details/548244500,MTUG HOMAM,Tug,548244500
/vessels/details/8331194,MACAO,Tug,8331194
/vessels/details/9084889,MARYQUEEN OF APOSTLE,General Cargo Ship,9084889
/vessels/details/8463636,PRINCESS GE-02,Fish Carrier,8463636
/vessels/details/7608198,SAL ONSE,Fishing Vessel,7608198
/vessels/details/5325766,QUEEN BEE STAR,Fishing Vessel,5325766
/vessels/details/7726885,LORCON DAVAO,General Cargo Ship,7726885
/vessels/details/9078646,MV SF KINGDOM,General Cargo Ship,9078646
/vessels/details/548042324,MTUG SPLENDOUR,Tug,548042324
/vessels/details/8810633,CSK,General Cargo Ship,8810633
/vessels/details/8015324,LUZ MARIA 21,Fish Carrier,8015324
/vessels/details/9087922,MV SF ICON,General Cargo Ship,9087922
/vessels/details/548747300,LCT MAZU,Cargo ship,548747300
/vessels/details/548767800,MTKR OCEAN LINK,Tanker,548767800
/vessels/details/7927087,J N CRUISER,Passenger/Ro-Ro Cargo Ship,7927087
/vessels/details/8427307,IRENE,General Cargo Ship,8427307
/vessels/details/7736464,GRAND VENTURE,Fishing Vessel,7736464
/vessels/details/8360341,HUAGUAN 98,Aggregates Carrier,8360341
/vessels/details/7025554,ELAINE JOYCE ELEVEN,Fishing Vessel,7025554
/vessels/details/9785419,ICELAND,Container Ship,9785419
/vessels/details/548000869,MV MARIA NATASHA,Unknown,548000869
/vessels/details/1036343,SL ULAP,General Cargo Ship,1036343
/vessels/details/9085106,RKK SEIS,General Cargo Ship,9085106
/vessels/details/9201700,ALISON V,General Cargo Ship,9201700
/vessels/details/1017749,PARAGON TRADER,Bulk Carrier,1017749
/vessels/details/8805810,STAR OZAMIS,Aggregates Carrier,8805810
/vessels/details/8357954,HONGFU598,Aggregates Carrier,8357954
/vessels/details/8352069,OCEANJET 688,Passenger Ship,8352069
/vessels/details/7122065,BUENA SUERTE J-XXXIX,Fishing Vessel,7122065
/vessels/details/9898113,LCT POSEIDON 41,Deck Cargo Ship,9898113
/vessels/details/7414353,DOLLY 778,Fishing Vessel,7414353
/vessels/details/548248400,MV FRANCISCA5,Passenger ship,548248400
/vessels/details/9772474,STARLITE EAGLE,Passenger/Ro-Ro Cargo Ship,9772474
/vessels/details/8462694,YANREYD 296,Fish Carrier,8462694
/vessels/details/548000423,MTUG ASC CINDY,Towing vessel,548000423
/vessels/details/8735687,FLERIDA,Oil Products Tanker,8735687
/vessels/details/7369704,CELEBES UNO,Fishing Vessel,7369704
/vessels/details/8591316,LIANG KU 88,Aggregates Carrier,8591316
/vessels/details/9149067,LORNA 2,Oil Products Tanker,9149067
/vessels/details/548455500,LCT VINCENT,Unknown,548455500
/vessels/details/7225295,TERRY D J,Fishing Vessel,7225295
/vessels/details/8945050,IOWA,Oil Products Tanker,8945050
/vessels/details/1084560,MV ANNTHER 8,Passenger/Ro-Ro Cargo Ship,1084560
/vessels/details/8804036,GOLD COAST,Refrigerated Cargo Ship,8804036
/vessels/details/8796942,MASTER RUSTIN-3,Fishing Vessel,8796942
/vessels/details/548050700,MA GLORIA,Unknown,548050700
/vessels/details/6918106,SARANGANI,Fishing Support Vessel,6918106
/vessels/details/9009059,OCEAN SERENITY,General Cargo Ship,9009059
/vessels/details/548999078,ML RUSNA,Cargo ship,548999078
/vessels/details/9984106,HENGDA188,Aggregates Carrier,9984106
/vessels/details/6820177,BUENA SUERTE J-81,Fishing Vessel,6820177
/vessels/details/548689500,MV SEAFORD 12,Cargo ship,548689500
/vessels/details/8103705,SAVER STAR,General Cargo Ship,8103705
/vessels/details/7411806,PEACE,Landing Craft,7411806
/vessels/details/8015300,DOLLY 784,Fish Carrier,8015300
/vessels/details/8427527,AMACON I,Landing Craft,8427527
/vessels/details/548366500,CAPH,Tug,548366500
/vessels/details/8946315,PINATUBO,General Cargo Ship,8946315
/vessels/details/1109437,BRP DATU PADUHINOG,Fishing Support Vessel,1109437
/vessels/details/548605300,LCT18,Cargo ship,548605300
/vessels/details/7900388,MAY LILLIES,Passenger/General Cargo Ship,7900388
/vessels/details/7935436,IRMA V,Fishing Vessel,7935436
/vessels/details/8840602,ENERGY SUN,Tug,8840602
/vessels/details/548946500,MY AZALEA,Pleasure craft,548946500
/vessels/details/8508840,FV CHESSA-888,Refrigerated Cargo Ship,8508840
/vessels/details/548147351,ML FAIDA,Cargo ship,548147351
/vessels/details/8669852,MV SL ESMERALDA,Hopper Dredger,8669852
/vessels/details/8864359,ST-III,General Cargo Ship,8864359
/vessels/details/6421012,JOHN PATRICK VIII,Fishing Vessel,6421012
/vessels/details/7231529,ALEX CRAIG,Passenger/Ro-Ro Cargo Ship,7231529
/vessels/details/7368736,CHAROLAIS EXPRESS,Livestock Carrier,7368736
/vessels/details/7534842,DONA SALLY,General Cargo Ship,7534842
/vessels/details/548042400,ALESON CON CARRIER10,Cargo ship,548042400
/vessels/details/8654584,LCT SYJ 1,General Cargo Ship,8654584
/vessels/details/7372995,ANDRINA 90,Tug,7372995
/vessels/details/8785709,LOUIE-888,Fish Carrier,8785709
/vessels/details/8427113,LETICIA,General Cargo Ship,8427113
/vessels/details/9599248,MT FRANCIS CHARLES,Chemical/Oil Products Tanker,9599248
/vessels/details/6725884,MARIGOLD 1,Fish Carrier,6725884
/vessels/details/8407826,HULK,General Cargo Ship,8407826
/vessels/details/1086647,BRP DATU SUMKAD,Fishing Support Vessel,1086647
/vessels/details/7714789,MV REINA EMPERATRIZ,Passenger Ship,7714789
/vessels/details/6818215,PROSPERIDAD,General Cargo Ship,6818215
/vessels/details/8625181,NDJ MP COOP EXPRESS III,General Cargo Ship,8625181
/vessels/details/7046572,IROQUOIS,Tug,7046572
/vessels/details/8692380,RELL RENN C-V,Fishing Vessel,8692380
/vessels/details/9301706,SL MOLAVE,Chemical/Oil Products Tanker,9301706
/vessels/details/8945658,AIRA PATRICIA,General Cargo Ship,8945658
/vessels/details/8863965,BMI ANGELITA,Oil Products Tanker,8863965
/vessels/details/9321835,KINSWELL II,Passenger Ship,9321835
/vessels/details/6501599,EMMANUEL,Fishing Vessel,6501599
/vessels/details/9975090,MT-MAGINOO,Oil Products Tanker,9975090
/vessels/details/548965800,MVJOHANNAH7,Cargo ship,548965800
/vessels/details/9798521,SWM STELLA DEL MAR,Passenger/Ro-Ro Cargo Ship,9798521
/vessels/details/8513986,SL LIMAY 2,Tug,8513986
/vessels/details/8877459,MTKR BATANGAS BAY,Oil Products Tanker,8877459
/vessels/details/8341084,HAMMER 10,Aggregates Carrier,8341084
/vessels/details/8946236,MT ANGAT,Oil Products Tanker,8946236
/vessels/details/8029155,EBISU MARU NO. 63,Fishing Vessel,8029155
/vessels/details/7123095,MONALINDA 39,Fishing Vessel,7123095
/vessels/details/8117586,CONRADO RAFAEL,General Cargo Ship,8117586
/vessels/details/8738689,BARGE SPHB - INGAT,General Cargo Ship,8738689
/vessels/details/9668623,TML THE CHAIRMAN,Landing Craft,9668623
/vessels/details/8945957,PETROLINO DOS,Oil Products Tanker,8945957
/vessels/details/9828106,LCT 1028,Deck Cargo Ship,9828106
/vessels/details/5325302,LAVENDER,Fishing Vessel,5325302
/vessels/details/9058012,SALVACION 8,General Cargo Ship,9058012
/vessels/details/548599900,MTKR SERENE DOS,Tanker,548599900
/vessels/details/7826489,EURO TRES,General Cargo Ship,7826489
/vessels/details/7101700,BUENA SUERTE J-36,Fishing Vessel,7101700
/vessels/details/8029210,SARDINELLA,Fishing Support Vessel,8029210
/vessels/details/9140279,EVERWIN STAR II,General Cargo Ship,9140279
/vessels/details/9776406,ADNAMA PACIFIC 108,Deck Cargo Ship,9776406
/vessels/details/9145724,ASUNCION N.,General Cargo Ship,9145724
/vessels/details/548422900,HONG XIANG668,Cargo ship,548422900
/vessels/details/9938975,FIL AGUSAN DEL NORTE,Passenger/Ro-Ro Cargo Ship,9938975
/vessels/details/9079810,MARIA GRACIA,General Cargo Ship,9079810
/vessels/details/7416301,SHUNSEI,Passenger Ship,7416301
/vessels/details/8703086,SEAFORD 9,General Cargo Ship,8703086
/vessels/details/8796215,JUAN MIGUEL-5,Fish Carrier,8796215
/vessels/details/8427242,MARIA AURORA,General Cargo Ship,8427242
/vessels/details/548877822,ZHE 25120-43,Unknown,548877822
/vessels/details/9204154,VIVA SN LORENZO RUIZ,Passenger/Ro-Ro Cargo Ship,9204154
/vessels/details/7235422,STARLITE FERRY,Passenger/Ro-Ro Cargo Ship,7235422
/vessels/details/8462591,FV GIAN BENEDICT-8,Fishing Vessel,8462591
/vessels/details/8658712,IGNACIA,Bunkering Tanker,8658712
/vessels/details/7506261,DINAGAT - 1,Tug,7506261
/vessels/details/7933048,JASPER PETER,General Cargo Ship,7933048
/vessels/details/8621771,MV REINA MAGDALENA,Passenger/Ro-Ro Cargo Ship,8621771
/vessels/details/6715463,OBBY II,Fishing Vessel,6715463
/vessels/details/8427266,STRONG HEART,General Cargo Ship,8427266
/vessels/details/8690368,NTC LAWIN,Oil Products Tanker,8690368
/vessels/details/8135447,MARIAN,General Cargo Ship,8135447
/vessels/details/5302893,EDUARDO ANTONIO,Cement Carrier,5302893
/vessels/details/7107895,PNOC SOVIMAR,LPG Tanker,7107895
/vessels/details/7514024,WEST BAY I,Fishing Vessel,7514024
/vessels/details/8130007,MC PROVIDER,Tug,8130007
/vessels/details/9157595,DLC RORO II,Passenger/Ro-Ro Cargo Ship,9157595
/vessels/details/548000028,ML DINDAY,Unknown,548000028
/vessels/details/7855985,DELFIN OTSO,General Cargo Ship,7855985
/vessels/details/8024313,ANDREW PHILLIP-88,Fish Carrier,8024313
/vessels/details/548270500,LCT GIOK CHONG 2,Passenger ship,548270500
/vessels/details/8150801,UNI ORIENT PEARL 1,General Cargo Ship,8150801
/vessels/details/9233715,VIRGEN DE PENAFRANCIA II,Passenger/Ro-Ro Cargo Ship,9233715
/vessels/details/7354278,MATSU,Tug,7354278
/vessels/details/7824845,OCEAN FAITH,General Cargo Ship,7824845
/vessels/details/548400700,MTUG SPICA,Tug,548400700
/vessels/details/9103582,ST I,General Cargo Ship,9103582
/vessels/details/8840676,TUG 5,Tug,8840676
/vessels/details/7222281,MAHARLIKA SEIZ,Passenger/Ro-Ro Cargo Ship,7222281
/vessels/details/1054759,EAST WIND 3,Hopper Dredger,1054759
/vessels/details/8210508,TOBIAS REYNALD,Fishing Vessel,8210508
/vessels/details/7856185,KURSII,Tug,7856185
/vessels/details/548210905,ZHESHENGYU05548-5,Unknown,548210905
/vessels/details/548342700,MTUG GIEDI,Tug,548342700
/vessels/details/8425751,CHROMITE,Landing Craft,8425751
/vessels/details/1034632,BEATRICE-003,Fish Carrier,1034632
/vessels/details/8945751,FELICITAS YC,Fishing Vessel,8945751
/vessels/details/9668609,MEILING 10,Landing Craft,9668609
/vessels/details/548392500,MV RDI GENESIS II,Passenger ship,548392500
/vessels/details/1034981,SL KANLAON,General Cargo Ship,1034981
/vessels/details/8796760,MARK EZEKIEL-03,Fishing Vessel,8796760
/vessels/details/548868500,LCT ISLAND VENTURE 7,Passenger ship,548868500
/vessels/details/8667995,DOLORES 24,Fishing Vessel,8667995
/vessels/details/8916669,UVERWIN 12,General Cargo Ship,8916669
/vessels/details/8653334,AVIVA 2,General Cargo Ship,8653334
/vessels/details/9766011,ORIENTAL 9,Deck Cargo Ship,9766011
/vessels/details/8627593,MARIA LOLITA,Passenger/Ro-Ro Cargo Ship,8627593
/vessels/details/9885752,P0SEIDON 40,Deck Cargo Ship,9885752
/vessels/details/9645528,LITEFERRY25,Landing Craft,9645528
/vessels/details/548804000,MV POSEIDON 49,Cargo ship,548804000
/vessels/details/8427709,DIWAL,Oil Products Tanker,8427709
/vessels/details/8427993,QUEEN MAGDALENA,General Cargo Ship,8427993
/vessels/details/8428167,VIKINGS,Passenger/General Cargo Ship,8428167
/vessels/details/6919382,BLUE DUCHESS,Fishing Vessel,6919382
/vessels/details/9995923,RUN TAI ZHI HANG,Aggregates Carrier,9995923
/vessels/details/7331290,SUNFLOWER I,LPG Tanker,7331290
/vessels/details/8796306,LORNA-10,Fishing Vessel,8796306
/vessels/details/7128253,COLUMBINE,Fishing Vessel,7128253
/vessels/details/8633097,OCEAN QUEEN,Fishing Vessel,8633097
/vessels/details/9875769,GOLDEN STAR 15,Deck Cargo Ship,9875769
/vessels/details/8994788,SUPER SHUTTLE FERRY 27,Landing Craft,8994788
/vessels/details/548000046,ML ALMUADZ,Cargo ship,548000046
/vessels/details/8526335,BINIBINING CORON,Passenger/Ro-Ro Cargo Ship,8526335
/vessels/details/548001885,ASC FRANCIS,Unknown,548001885
/vessels/details/548467900,SHENGPING007,Cargo ship,548467900
/vessels/details/9109342,QUEEN MARILOU 777,Fishing Vessel,9109342
/vessels/details/6501719,DAVTUG - XIV,Pusher Tug,6501719
/vessels/details/7433892,SULU VENTURE,Offshore Tug/Supply Ship,7433892
/vessels/details/8796772,GENE-7,Fishing Vessel,8796772
/vessels/details/8425660,SIDNEY,Tug,8425660
/vessels/details/9090084,DOLLY 12,Fishing Vessel,9090084
/vessels/details/9524047,MASINOP,Oil Products Tanker,9524047
/vessels/details/548018718,ALNADZMAR,Cargo ship,548018718
/vessels/details/9772486,STARLITE ARCHER,Passenger/Ro-Ro Cargo Ship,9772486
/vessels/details/548100026,SUNSHINE GLORY,Cargo ship,548100026
/vessels/details/548200268,NET ZPY80171-6 60,Unknown,548200268
/vessels/details/8205761,ANA CECILIA,Tug,8205761
/vessels/details/548623500,MV ROSA 8,Cargo ship,548623500
/vessels/details/7706160,CONSUELO,Fishing Vessel,7706160
/vessels/details/548718200,DA BFAR MCS 3010,Other type,548718200
/vessels/details/8425593,BANTAYOG,Landing Craft,8425593
/vessels/details/8357966,HONGFU588,Aggregates Carrier,8357966
/vessels/details/548649900,RICARDO,Unknown,548649900
/vessels/details/9822918,ST. SARIEL,Passenger Ship,9822918
/vessels/details/8944678,HAVANA,General Cargo Ship,8944678
/vessels/details/1086661,BRP DATU BANGKAYA,Fishing Support Vessel,1086661
/vessels/details/9985320,XIANGHANG555,Aggregates Carrier,9985320
/vessels/details/8628212,CHRISTIANSSEN II,Utility Vessel,8628212
/vessels/details/8946119,ELAINE,Oil Products Tanker,8946119
/vessels/details/8883381,CHELSEA,General Cargo Ship,8883381
/vessels/details/7512909,MANABA RIVER,Pusher Tug,7512909
/vessels/details/9885934,SARITA,Tug,9885934
/vessels/details/7206196,JQ BAV 3,General Cargo Ship,7206196
/vessels/details/548539500,MV REINA YVONNE,Cargo ship,548539500
/vessels/details/9176802,MTKR. BOCAUE,Oil Products Tanker,9176802
/vessels/details/7604518,CHRISTIAN EDWARD,General Cargo Ship,7604518
/vessels/details/7736323,TUG 38,Tug,7736323
/vessels/details/8537217,MV R. WILHELMINA,Passenger/Ro-Ro Cargo Ship,8537217
/vessels/details/548209100,MT KING JR,Tanker,548209100
/vessels/details/8303848,PACIFIC COAST,Refrigerated Cargo Ship,8303848
/vessels/details/1074125,KING JR.,Oil Products Tanker,1074125
/vessels/details/8538211,STO. NINO-98,Fishing Vessel,8538211
/vessels/details/8990378,ZHIA,Landing Craft,8990378
/vessels/details/6803193,LADY RACHELLE,Fishing Vessel,6803193
/vessels/details/7715018,MARIA ANGELLI T,Fishing Vessel,7715018
/vessels/details/8793926,VIVASTODOMINGO,General Cargo Ship,8793926
/vessels/details/9668635,MEILING 15,Landing Craft,9668635
/vessels/details/7416595,FITIAL,Tug,7416595
/vessels/details/8987979,STRONG FAITH,General Cargo Ship,8987979
/vessels/details/8427967,SEAHORSE,Oil Products Tanker,8427967
/vessels/details/548574500,LCT LITE FERRY22,Passenger ship,548574500
/vessels/details/8946169,PRINCE CHRISTIAN ALBERT V,Oil Products Tanker,8946169
/vessels/details/8217788,ANNABELLE,General Cargo Ship,8217788
/vessels/details/548000011,THERESIAN STARS,Unknown,548000011
/vessels/details/8944707,WILLIAM MICHAEL 1,Oil Products Tanker,8944707
/vessels/details/7818274,REINA QUELITA,Passenger/Ro-Ro Cargo Ship,7818274
/vessels/details/9599262,HHIC-T2,Tug,9599262
/vessels/details/8122921,SL LIMAY 4,Tug,8122921
/vessels/details/9686651,LCT CITIMAX-8,Deck Cargo Ship,9686651
/vessels/details/8506464,OCEAN GREATNESS,General Cargo Ship,8506464
/vessels/details/9818096,MT QUINGUA,Oil Products Tanker,9818096
/vessels/details/8773067,LADY MARTY T 18,Fishing Vessel,8773067
/vessels/details/8223438,MERGA,Tug,8223438
/vessels/details/548780200,TUGBOAT TEODORO JR,Towing vessel,548780200
/vessels/details/8859043,JAKE VINCENT SIETE,General Cargo Ship,8859043
/vessels/details/7331599,SIRIUS,Tug,7331599
/vessels/details/9168958,BRPH PRESBITERO,Research Vessel,9168958
/vessels/details/8510336,CHRYSANTHEMUM 888,Fishing Vessel,8510336
/vessels/details/8704298,REGINA CALIXTA VI,Passenger/Ro-Ro Cargo Ship,8704298
/vessels/details/8622593,STAR HINUNDAYAN,General Cargo Ship,8622593
/vessels/details/548547500,LCT JANA JULIANA,Cargo ship,548547500
/vessels/details/8692366,RRCS-9,Fishing Vessel,8692366
/vessels/details/9880099,MV BTC SOYA,Bulk Carrier,9880099
/vessels/details/6925264,QUEEN BEE VII,Fishing Vessel,6925264
/vessels/details/6828430,MOHICAN,General Cargo Ship,6828430
/vessels/details/548791929,DAO LONG,Cargo ship,548791929
/vessels/details/8342533,OCEANJET 388,Passenger Ship,8342533
/vessels/details/548039300,MV ERSON MAYNARD,Cargo ship,548039300
/vessels/details/8427620,OCEAN TRADERS V,Oil Products Tanker,8427620
/vessels/details/6717708,SSFVPI,Tug,6717708
/vessels/details/1014319,HORIZON TRADER,Bulk Carrier,1014319
/vessels/details/548474900,MID TOWN,Passenger ship,548474900
/vessels/details/8945543,TONI DOMINIQUE II,Oil Products Tanker,8945543
/vessels/details/8696879,RRCS-20,Fishing Vessel,8696879
/vessels/details/9047178,LADY OF COURAGE,General Cargo Ship,9047178
/vessels/details/548325700,LCT PMI1,Cargo ship,548325700
/vessels/details/8623119,RAYMOND IX,Fishing Vessel,8623119
/vessels/details/8427979,FIRST SEA LORD,General Cargo Ship,8427979
/vessels/details/548034300,MV JOSEPH,Cargo ship,548034300
/vessels/details/9562403,ALPINE MARINE 17,Tug,9562403
/vessels/details/8895750,MIKA MARI,Passenger/Ro-Ro Cargo Ship,8895750
/vessels/details/9809447,BRP CAPONES,Patrol Vessel,9809447
/vessels/details/548698200,MTKR. SNOOPY III,Tanker (HAZ-B),548698200
/vessels/details/8875891,MONTENEGRO TUGBOAT 3,Tug,8875891
/vessels/details/7106126,MARIA MATILDE,Passenger/Ro-Ro Cargo Ship,7106126
/vessels/details/548876500,MV DANIEL V,Cargo ship,548876500
/vessels/details/7123825,ANDRICK,Tug,7123825
/vessels/details/548409800,MV BRP DATU SANDAY,Law enforcment,548409800
/vessels/details/8425969,DONA IRENE,Fishing Vessel,8425969
/vessels/details/8822064,JASMIN 888,Fishing Vessel,8822064
/vessels/details/1109449,BRP DATU PAIBURONG,Fishing Support Vessel,1109449
/vessels/details/6503250,MILLENNIUM UNO,Passenger/Ro-Ro Cargo Ship,6503250
/vessels/details/548513800,BRP DATU TAMBLOT,SAR,548513800
/vessels/details/8427656,PRINCESS PATRINA,General Cargo Ship,8427656
/vessels/details/1125209,M.V. PROMETHEUS 54,Deck Cargo Ship,1125209
/vessels/details/8028618,ALUDRA,Tug,8028618
/vessels/details/548632900,P171 SEATRIAL,Other type,548632900
/vessels/details/548000007,STEPHEN V,Cargo ship,548000007
/vessels/details/9054729,XANDER,General Cargo Ship,9054729
/vessels/details/8942618,GLAZELLE EDEN,Fishing Vessel,8942618
/vessels/details/7902817,DAMAR,Oil Products Tanker,7902817
/vessels/details/8797063,NOREEN HAZEL-2,Fish Carrier,8797063
/vessels/details/548582300,MV TRANS-ASIA 10,Other type,548582300
/vessels/details/548037300,MV NIELSEN EARL,Cargo ship,548037300
/vessels/details/7204954,LUZ MARIA FOURTEEN,Fishing Vessel,7204954
/vessels/details/8616946,MV FRANCISCONO.2,Passenger/Ro-Ro Cargo Ship,8616946
/vessels/details/548152500,KEID,Port tender,548152500
/vessels/details/9185918,JOY 87,Passenger Ship,9185918
/vessels/details/548082725,LCT SENADO,Cargo ship,548082725
/vessels/details/548233500,MT ANESIA,Unknown,548233500
/vessels/details/6819843,ANA PATRICIA,Tug,6819843
/vessels/details/7019696,SANTA EMILIA,Bulk Carrier,7019696
/vessels/details/8427371,SEA VID,General Cargo Ship,8427371
/vessels/details/548631300,MY PHILIPPINE SIREN2,Pleasure craft,548631300
/vessels/details/8201739,PHILPORTS D VII,Hopper Dredger,8201739
/vessels/details/8462606,FB GRIFFIN BRAHM-1,Fish Carrier,8462606
/vessels/details/548241132,ZHESHENGYU05548-32,Unknown,548241132
/vessels/details/8920737,MV REINA KLEOPATRA,Passenger/Ro-Ro Cargo Ship,8920737
/vessels/details/548357891,BRP CORREGIDOR,Unknown,548357891
/vessels/details/6726668,MARIA GLORIA,Passenger/Ro-Ro Cargo Ship,6726668
/vessels/details/8905505,ALESON CON CARRIER 5,General Cargo Ship,8905505
/vessels/details/8029399,MYOFUKU MARU NO. 8,General Cargo Ship,8029399
/vessels/details/8895425,SHINTO MARU NO. 38,Fishing Vessel,8895425
/vessels/details/8226026,MAICA ONE,Passenger Ship,8226026
/vessels/details/8108523,IBIS,Fishing Vessel,8108523
/vessels/details/8945232,TOBI,Landing Craft,8945232
/vessels/details/9526423,PENDAMAR,Buoy/Lighthouse Vessel,9526423
/vessels/details/9109562,DUANE 6,General Cargo Ship,9109562
/vessels/details/8704339,SF WONDER,Dredger,8704339
/vessels/details/7852634,SAN FERNANDO,Passenger/Ro-Ro Cargo Ship,7852634
/vessels/details/548304500,MV CALIXTA 6,Passenger ship (HAZ-A),548304500
/vessels/details/7217731,BEARCAT,General Cargo Ship,7217731
/vessels/details/548888888,1A3,Tanker (HAZ-D),548888888
/vessels/details/8853556,SNAPPER,Tug,8853556
/vessels/details/548534400,MV DAVSAM-IV,Cargo ship,548534400
/vessels/details/8202147,UNITED 2,Tug,8202147
/vessels/details/548605900,MT LADY CHARLOTTE,Pleasure craft,548605900
/vessels/details/548714200,MCS 3002,Other type,548714200
/vessels/details/8427450,CAPT. JORGE,Tug,8427450
/vessels/details/548403500,MTKR ALBERT DL,Tanker,548403500
/vessels/details/5324449,UNITY FAITH,Fishing Vessel,5324449
/vessels/details/8941781,STRONG WISDOM,Offshore Tug/Supply Ship,8941781
/vessels/details/7101774,PRIMROSE,Fishing Vessel,7101774
/vessels/details/548911200,LCT LADYAMELIETW0,Unknown,548911200
/vessels/details/7402180,BUENA SUERTE J-109,Fishing Vessel,7402180
/vessels/details/8426042,MIAMI,Landing Craft,8426042
/vessels/details/9124988,LADY KINSLY,General Cargo Ship,9124988
/vessels/details/9904663,LCT LIRIO 10,Deck Cargo Ship,9904663
/vessels/details/548044536,KANG LING 539,Cargo ship,548044536
/vessels/details/548001980,ML 3 BROTHERS,Cargo ship,548001980
/vessels/details/548042500,SOLIDGEM,Cargo ship,548042500
/vessels/details/9496408,PACIFIC JOY,General Cargo Ship,9496408
/vessels/details/548387700,LCTMIROLA-2,Unknown,548387700
/vessels/details/8907345,DINAGAT SOUND,Tug,8907345
/vessels/details/7378212,HOWA MARU,Tug,7378212
/vessels/details/8796887,LADY EVELYN-38,Fishing Vessel,8796887
/vessels/details/7535274,MARIA HELENA,Passenger/Ro-Ro Cargo Ship,7535274
/vessels/details/8623171,MTKR ANIMO,Oil Products Tanker,8623171
/vessels/details/5325194,ILIGAN TRADER,General Cargo Ship,5325194
/vessels/details/7225659,MV CATAINGAN,Passenger/Ro-Ro Cargo Ship,7225659
/vessels/details/8797207,YITRA,Fish Carrier,8797207
/vessels/details/8217439,SHOICHI MARU NO. 18,Fishing Vessel,8217439
/vessels/details/548000998,BRP LOLINATO TO-ONG,HSC,548000998
/vessels/details/9773624,LCT 358,Landing Craft,9773624
/vessels/details/548565200,MTKR IGNACIA,Tanker,548565200
/vessels/details/9678903,LCT POSEIDON 14,Deck Cargo Ship,9678903
/vessels/details/548850900,MV MARIA ANNIE,Cargo ship,548850900
/vessels/details/8591457,MAO HUA 8,Aggregates Carrier,8591457
/vessels/details/9891921,ISLA SIMARA,Passenger/Ro-Ro Cargo Ship,9891921
/vessels/details/548004922,FISHING BUOY-78,Unknown,548004922
/vessels/details/9116852,SUN CRUISER II,Passenger Ship,9116852
/vessels/details/8420971,RUFFY T 3,Fishing Vessel,8420971
/vessels/details/8948519,MARIA SOPHIA,Passenger/Ro-Ro Cargo Ship,8948519
/vessels/details/548696300,MT MARY QUEEN FAMILY,Tanker,548696300
/vessels/details/5226233,MARIKRIS XV,Fishing Vessel,5226233
/vessels/details/8408167,SEAFORD 7,General Cargo Ship,8408167
/vessels/details/548956200,MV MARIE TERESA,Unknown,548956200
/vessels/details/7923017,ANN MONIQUE,General Cargo Ship,7923017
/vessels/details/9792943,OCEAN 6,Deck Cargo Ship,9792943
/vessels/details/548079100,3501ILOCOSNORTE,SAR,548079100
/vessels/details/548611620,MV ST. JHUDIEL,Other type,548611620
/vessels/details/548576900,MT JANDER 2,Tanker,548576900
/vessels/details/548497200,PCG MCS-3006,Other type,548497200
/vessels/details/548000600,MV AHMED,Cargo ship,548000600
/vessels/details/548406800,MTUG ACHERNAR,Tug,548406800
/vessels/details/1013717,HONG FA 199,Aggregates Carrier,1013717
/vessels/details/8839299,ST-V,General Cargo Ship,8839299
/vessels/details/548037400,MV ROSALINDA,Cargo ship,548037400
/vessels/details/8622402,MARIA QUERUBIN,Passenger Ship,8622402
/vessels/details/7238230,KALINAW,Passenger/Ro-Ro Cargo Ship,7238230
/vessels/details/8135150,JANET XIV,General Cargo Ship,8135150
/vessels/details/8630796,ALESON CON CARRIER 10,Aggregates Carrier,8630796
/vessels/details/8796538,RRCS-6,Fish Carrier,8796538
/vessels/details/5245708,UNITY WORLD,Fishing Vessel,5245708
/vessels/details/7830038,BACALAW,LPG Tanker,7830038
/vessels/details/9859959,KAPITAN GREGORIO OCA,Training Ship,9859959
/vessels/details/7624532,AGNES,Tug,7624532
/vessels/details/7236660,MITRAMAS TATA ADO,Fishing Vessel,7236660
/vessels/details/7824936,DOLLY 767,Refrigerated Cargo Ship,7824936
/vessels/details/548195010,EMPRESS OF ASIA,Other type,548195010
/vessels/details/7941605,YURYO MARU NO. 38,Fishing Vessel,7941605
/vessels/details/8630368,AMATA MARU,Tug,8630368
/vessels/details/548984800,TAKLOBO,Tug,548984800
/vessels/details/9790189,LCT 688,Landing Craft,9790189
/vessels/details/548028300,MV BLUE OCEAN III,Cargo ship,548028300
/vessels/details/8627127,MORNING BLISS,General Cargo Ship,8627127
/vessels/details/8427826,AGIHIS,Oil Products Tanker,8427826
/vessels/details/9745419,FAST CAT M10,Passenger/Ro-Ro Cargo Ship,9745419
/vessels/details/7238876,CELEBES COAST-VI,Fishing Vessel,7238876
/vessels/details/9208681,MV GENERAL NATIVIDAD,General Cargo Ship,9208681
/vessels/details/8591328,LIANG KU 89,Aggregates Carrier,8591328
/vessels/details/8731100,MV XGC EXPRESS,Passenger Ship,8731100
/vessels/details/1033640,MTKR MAYABONG,Oil Products Tanker,1033640
/vessels/details/8895190,LADY OF ANGELS,Passenger/Ro-Ro Cargo Ship,8895190
/vessels/details/8418980,REYNA NG MORONG,Fishing Vessel,8418980
/vessels/details/7903146,ALESON CON CARRIER 9,Passenger/Ro-Ro Cargo Ship,7903146
/vessels/details/8944630,DONA AMA,General Cargo Ship,8944630
/vessels/details/8000240,STARLITE EXPLORER,Pollution Control Vessel,8000240
/vessels/details/548693300,TRANS ASIA 12,Unknown,548693300
/vessels/details/7115476,JOLLINA,Tug,7115476
/vessels/details/548032580,NICO BRYAN,Cargo ship,548032580
/vessels/details/8945000,LEONARD 1,General Cargo Ship,8945000
/vessels/details/8717958,CANSAGA BAY 2,Pusher Tug,8717958
/vessels/details/1077103,M.V. POSEIDON 52,Deck Cargo Ship,1077103
/vessels/details/7936973,PENNY 9,Fishing Vessel,7936973
/vessels/details/8427785,BLESSED PADRE PIO 2,General Cargo Ship,8427785
/vessels/details/7231505,LORD OF LORDS,Fishing Vessel,7231505
/vessels/details/548000086,M6 ASHYEDA,Fishing vessel,548000086
/vessels/details/1119652,MV POWER SPEED 3,Deck Cargo Ship,1119652
/vessels/details/548759300,MVSTAR OZAMIS,Unknown,548759300
/vessels/details/8110344,SEAFORD 8,General Cargo Ship,8110344
/vessels/details/5343342,ERNING NENE,Fishing Vessel,5343342
/vessels/details/548575500,MV J-PHIA,Unknown,548575500
/vessels/details/8956803,LADY ALEXIS,General Cargo Ship,8956803
/vessels/details/8318960,BUENAVISTA 1,Oil Products Tanker,8318960
/vessels/details/9511131,MABOLO,Oil Products Tanker,9511131
/vessels/details/8025197,REINA TIMOTEA,Passenger/Ro-Ro Cargo Ship,8025197
/vessels/details/7225489,TUBBATAHA,Tug,7225489
/vessels/details/548625600,LCT 888,Cargo ship,548625600
/vessels/details/8720539,CITY OF ZAMBOANGA,Passenger Ship,8720539
/vessels/details/8425696,DANIELLE MARIE,General Cargo Ship,8425696
/vessels/details/9818371,LCT MONTREAL,Deck Cargo Ship,9818371
/vessels/details/8841058,HEISEI MARU,General Cargo Ship,8841058
/vessels/details/8690370,NTC AGILA,Oil Products Tanker,8690370
/vessels/details/9208693,LORCON BACOLOD,General Cargo Ship,9208693
/vessels/details/9848481,STO. NINO-999,Fish Carrier,9848481
/vessels/details/548038900,MTUG MIZAR,Tug,548038900
/vessels/details/548016300,LCT ST-888,Passenger ship,548016300
/vessels/details/548025300,MV NELVIN JULES,Passenger ship,548025300
/vessels/details/8653322,AVIVA 1,General Cargo Ship,8653322
/vessels/details/8844311,PRINCESS KATH,General Cargo Ship,8844311
/vessels/details/9019523,EULY JOE,General Cargo Ship,9019523
/vessels/details/548834200,MV ST. FRONTIER,Cargo ship,548834200
/vessels/details/548399700,MTUG RIGEL,Tug,548399700
/vessels/details/8667373,LCT 288,Deck Cargo Ship,8667373
/vessels/details/7110646,SWALLOW 1,Passenger Ship,7110646
/vessels/details/9394337,PETRO CELINE,Oil Products Tanker,9394337
/vessels/details/9964534,SANGKO UNO 66,Aggregates Carrier,9964534
/vessels/details/548316500,MV BALENO,Other type,548316500
/vessels/details/6820086,DAVTUG - XII,Tug,6820086
/vessels/details/548066400,SERENADE,Cargo ship,548066400
/vessels/details/8926157,GALINA,Tug,8926157
/vessels/details/7020774,SAN AGUSTIN REYES,Passenger Ship,7020774
/vessels/details/8617782,SF JOURNEY,General Cargo Ship,8617782
/vessels/details/8647103,SEALANE,Oil Products Tanker,8647103
/vessels/details/9016595,GREAT HAWK,Tug,9016595
/vessels/details/8427838,SIKAD,Vessel (function unknown),8427838
/vessels/details/548867500,MV ALLAN JAMES,Cargo ship,548867500
/vessels/details/7311185,SUPER SHUTTLE FERRY 9,Passenger Ship,7311185
/vessels/details/9816634,MTKR CALLY,Oil Products Tanker,9816634
/vessels/details/7210379,MARIA REBECCA,Passenger/Ro-Ro Cargo Ship,7210379
/vessels/details/8319586,SUPER SHUTTLE FERRY 24,Passenger/Ro-Ro Cargo Ship,8319586
/vessels/details/7705661,MARIE UNO,Fishing Vessel,7705661
/vessels/details/8113891,GARDENIA,Fishing Vessel,8113891
/vessels/details/5006059,RASHA,General Cargo Ship,5006059
/vessels/details/9030199,LADY OF GOOD HEALTH,Passenger/Ro-Ro Cargo Ship,9030199
/vessels/details/8631099,BMPC SAVER II,General Cargo Ship,8631099
/vessels/details/548710200,MCS1102,Unknown,548710200
/vessels/details/8341462,WARKING,Tug,8341462
/vessels/details/9073012,FORTUNE MIGHTY,General Cargo Ship,9073012
/vessels/details/8944991,BULL TUG,Tug,8944991
/vessels/details/548024550,ML NURMIN 1,Cargo ship,548024550
/vessels/details/8748517,LAUREN MARIE TAYLOR,Fishing Vessel,8748517
/vessels/details/548015300,MV DON HERCULANO,Passenger ship,548015300
/vessels/details/8408210,RIGEL,Tug,8408210
/vessels/details/8945749,TROJAN HORSE,Oil Products Tanker,8945749
/vessels/details/5196024,EPHPHETA,Fishing Vessel,5196024
/vessels/details/548290900,LCT568,Cargo ship,548290900
/vessels/details/6816750,AMIGO 3,General Cargo Ship,6816750
/vessels/details/548450500,LCT LEGACY 1,Cargo ship,548450500
/vessels/details/7903524,FLOR TOM,Fishing Vessel,7903524
/vessels/details/8944745,GEMINI 6,Passenger/General Cargo Ship,8944745
/vessels/details/8221038,HACEL,General Cargo Ship,8221038
/vessels/details/7225441,QUEEN BEE II,Fishing Vessel,7225441
/vessels/details/548458500,TML THE CEO,Towing vessel (tow>200),548458500
/vessels/details/9066150,JAKE VINCENT NUEVE,General Cargo Ship,9066150
/vessels/details/7109465,REINA DEL ROSARIO,Passenger/Ro-Ro Cargo Ship,7109465
/vessels/details/8204470,ERSON MAYNARD,General Cargo Ship,8204470
/vessels/details/7219947,BLESSED PADRE PIO 1,General Cargo Ship,7219947
/vessels/details/9092678,MARGARITA 1400,Oil Products Tanker,9092678
/vessels/details/8993631,DR. JOSE P. RIZAL,Oil Products Tanker,8993631
/vessels/details/548866500,WHIPLASH,Other type,548866500
/vessels/details/7236361,JAVELIN,Tug,7236361
/vessels/details/8028917,FRONTIER,General Cargo Ship,8028917
/vessels/details/548296500,MV PRESTIGE ONE,Passenger ship,548296500
/vessels/details/548647900,JOEMAR,Unknown,548647900
/vessels/details/8505111,CHELSEA ENTERPRISE,Oil Products Tanker,8505111
/vessels/details/7740099,SANTA PENAFRANCIA 7,Passenger Ship,7740099
/vessels/details/9425019,CST ROMEO,Tug,9425019
/vessels/details/9328352,KATAPATAN I,Tug,9328352
/vessels/details/8032724,BJ SECRET,Oil Products Tanker,8032724
/vessels/details/8204365,RANGE ROVER,General Cargo Ship,8204365
/vessels/details/9174402,MT SKS CATHERINE,Oil Products Tanker,9174402
/vessels/details/548060500,ENERGY UNITY,Tug,548060500
/vessels/details/8631049,PRINCESS ANNA,General Cargo Ship,8631049
/vessels/details/5200253,TOTAL,Oil Products Tanker,5200253
/vessels/details/548772200,MTKR BULUSAN-2,Tanker (HAZ-A),548772200
/vessels/details/548057500,GABRIELLE LT.,Fishing vessel,548057500
/vessels/details/8031952,MONALINDA XXXIII,Fishing Vessel,8031952
/vessels/details/8462711,YANREYD-291,Fish Carrier,8462711
/vessels/details/8942369,GOTHONG TUG 2,Tug,8942369
/vessels/details/7801427,SOUTHERN CROSS,Research Vessel,7801427
/vessels/details/8796265,RRCS-17,Fish Carrier,8796265
/vessels/details/7853353,ISUZU MARU,General Cargo Ship,7853353
/vessels/details/8623676,SAL CATORSE,Fishing Vessel,8623676
/vessels/details/8032786,GOLDEN FRANCE,General Cargo Ship,8032786
/vessels/details/548022200,LIANGKU 99,Cargo ship,548022200
/vessels/details/8815425,KANDAR,Tug,8815425
/vessels/details/9894155,STO. NINO 777,Fishing Vessel,9894155
/vessels/details/7303724,RESTY B.T.,Fishing Vessel,7303724
/vessels/details/7380019,KATATAGAN,Pusher Tug,7380019
/vessels/details/6701735,RESEARCHER 1,Fishing Support Vessel,6701735
/vessels/details/548617201,LCT ECOMIXX CARRIER1,Cargo ship,548617201
/vessels/details/7018202,DIAMOND RABBIT,General Cargo Ship,7018202
/vessels/details/7828047,BLUE WATER QUEEN,Passenger Ship,7828047
/vessels/details/8522872,MONALINDA LIII,Fishing Vessel,8522872
/vessels/details/6926969,LITE FERRY 2,Passenger Ship,6926969
/vessels/details/8911176,QUEEN SABINA,General Cargo Ship,8911176
/vessels/details/9599274,HHIC - T3,Tug,9599274
/vessels/details/9757333,LCT DAICHI,Deck Cargo Ship,9757333
/vessels/details/8696908,RELL RENN 10,Fishing Vessel,8696908
/vessels/details/8598900,TAI SHUN 88,Aggregates Carrier,8598900
/vessels/details/9988310,LCT JOSIE FE 01,Deck Cargo Ship,9988310
/vessels/details/8032554,JERIC-JAY,General Cargo Ship,8032554
/vessels/details/7111858,ALPINE PINK,Fishing Vessel,7111858
/vessels/details/8427917,RODOLFO JR.,General Cargo Ship,8427917
/vessels/details/8796954,MASTER RUSTIN-4,Fishing Vessel,8796954
/vessels/details/7322988,GENESIS II,Fishing Support Vessel,7322988
/vessels/details/8944628,BULK CARRIER VIII,General Cargo Ship,8944628
/vessels/details/6725949,ST. MATHEW,General Cargo Ship,6725949
/vessels/details/8426004,LITE FERRY 21,Landing Craft,8426004
/vessels/details/8823355,SOUTH STAR UNO,Passenger Ship,8823355
/vessels/details/6803143,EL JEAN I,Fishing Vessel,6803143
/vessels/details/548934200,LCTHERRING,Cargo ship,548934200
/vessels/details/548937900,HENG DA 99,Cargo ship,548937900
/vessels/details/8945579,LUCKIE,Tug,8945579
/vessels/details/8004739,DON MARTIN SR. 6,Passenger/Ro-Ro Cargo Ship,8004739
/vessels/details/8946171,CORAL SONG,Oil Products Tanker,8946171
/vessels/details/6619396,TYSON,Fishing Vessel,6619396
/vessels/details/8427462,NAFIESA-A,Passenger/General Cargo Ship,8427462
/vessels/details/8907503,MT DONA ASUNCION,Chemical Tanker,8907503
/vessels/details/548556501,MV PANGLAO BAY 1,Cargo ship,548556501
/vessels/details/8407838,JEHAN 3,General Cargo Ship,8407838
/vessels/details/9088756,JOHANNAH 3,General Cargo Ship,9088756
/vessels/details/548403100,SULU VENTURE,Tug,548403100
/vessels/details/8806280,NIKAELLA V,General Cargo Ship,8806280
/vessels/details/8840169,DON LORENZO 1,General Cargo Ship,8840169
/vessels/details/8150667,JUHAN,General Cargo Ship,8150667
/vessels/details/8937209,LOURDES,Oil Products Tanker,8937209
/vessels/details/9141950,MARIA ANNIE,General Cargo Ship,9141950
/vessels/details/7025968,ILIGAN SEA CARRIER I,General Cargo Ship,7025968
/vessels/details/8427670,PEATHERAY G 2,Oil Products Tanker,8427670
/vessels/details/8967711,KALIKASAN 1,Tug,8967711
/vessels/details/8652914,CENTURY SUMMIT 2,General Cargo Ship,8652914
/vessels/details/7718979,PORT OF NAGOYA,Vessel (function unknown),7718979
/vessels/details/548003500,BERNADETTE MARIE,Fishing vessel,548003500
/vessels/details/548215100,MT-JORS,Tanker,548215100
/vessels/details/8989977,SANTO NINO DE PRAGA,General Cargo Ship,8989977
/vessels/details/8015013,CRESSIDA,General Cargo Ship,8015013
/vessels/details/8822076,MV STARLITE JUPITER,Ro-Ro Cargo Ship,8822076
/vessels/details/7046651,TONY,Fishing Vessel,7046651
/vessels/details/7929724,MAYON UNION,Cement Carrier,7929724
/vessels/details/8320937,LADY VI T-II,Fishing Vessel,8320937
/vessels/details/7212896,MV LITE FERRY THREE,Passenger/Ro-Ro Cargo Ship,7212896
/vessels/details/7233369,MONALINDA 66,Fishing Vessel,7233369
/vessels/details/8210728,ECO EXPLORER,Passenger (Cruise) Ship,8210728
/vessels/details/9678111,GOLDEN STAR 3,Deck Cargo Ship,9678111
/vessels/details/7618038,TIRAD PASS,Search & Rescue Vessel,7618038
/vessels/details/548436900,LCT LADY ALIZA,Cargo ship,548436900
/vessels/details/8426016,E. CALIXTO,General Cargo Ship,8426016
/vessels/details/8924666,SUPER ISLAND EXPRESS,Passenger Ship,8924666
/vessels/details/8905309,BMPC SAVER III,General Cargo Ship,8905309
/vessels/details/9881615,FAST CAT M18,Passenger/Ro-Ro Cargo Ship,9881615
/vessels/details/8649254,FORTUNE 8,General Cargo Ship,8649254
/vessels/details/548522500,MV AKIRA,Cargo ship,548522500
/vessels/details/8024973,DISCOVERY,Fishing Vessel,8024973
/vessels/details/548631500,LITE FERRY 17,Passenger ship,548631500
/vessels/details/9066992,ADOLFO SR.,General Cargo Ship,9066992
/vessels/details/9066148,DANIEL V,Aggregates Carrier,9066148
/vessels/details/8217817,SUPER SHUTTLE FERRY 12,Passenger/Ro-Ro Cargo Ship,8217817
/vessels/details/9699907,TYL,Tug,9699907
/vessels/details/548542900,MTUG CAPELLA,Tug,548542900
/vessels/details/548924200,FORTIS X,Tug,548924200
/vessels/details/7818810,NANSEI MARU,General Cargo Ship,7818810
/vessels/details/1040174,STO. NINO-138,Fishing Vessel,1040174
/vessels/details/9199218,TRANS ASIA 18,Ro-Ro Cargo Ship,9199218
/vessels/details/548706300,LITE FERRY 26,Passenger ship,548706300
/vessels/details/8103858,HANNAH 88,Fishing Vessel,8103858
/vessels/details/8979415,OCEANJET 6,Passenger Ship,8979415
/vessels/details/548009090,TUG 90,Unknown,548009090
/vessels/details/548772800,LCT LADY CALYPSO,Cargo ship,548772800
/vessels/details/548686200,MTUGMANGYAN,Tug,548686200
/vessels/details/548021400,ALESON CONCARRIER-3,Cargo ship,548021400
/vessels/details/9855240,MV REINA SENTENCIADA,Deck Cargo Ship,9855240
/vessels/details/548226100,DISCOVERY PALAWAN,Sailing vessel,548226100
/vessels/details/7502265,HANAKO,General Cargo Ship,7502265
/vessels/details/8427668,TITANO,Oil Products Tanker,8427668
/vessels/details/548000377,LCT ASC LARA,Unknown,548000377
/vessels/details/9452696,PNOC EMILIO JACINTO,Oil Products Tanker,9452696
/vessels/details/548057800,MV YADANA,Cargo ship,548057800
/vessels/details/548026504,06888-23-92,Unknown,548026504
/vessels/details/8629620,ASC JAMES,Tug,8629620
/vessels/details/548597300,MTUG 38,Tug,548597300
/vessels/details/7322782,VILLAFLOR 15,Fishing Vessel,7322782
/vessels/details/8805183,ILIGAN BAY,Tug,8805183
/vessels/details/548081400,MVLADYKINSLY TWO,Cargo ship,548081400
/vessels/details/8717609,TUG 70,Tug,8717609
/vessels/details/9011959,DON CARLOS SR2GSSLI,General Cargo Ship,9011959
/vessels/details/8922694,ALLEN V,General Cargo Ship,8922694
/vessels/details/8513895,LORCON CEBU,General Cargo Ship,8513895
/vessels/details/548696200,MTKR SNOOPY,Tanker (HAZ-A),548696200
/vessels/details/9624524,SEAMINE 5,General Cargo Ship,9624524
/vessels/details/548324500,MVEVERWIN STAR III,Cargo ship,548324500
/vessels/details/7108760,BLUE DIAMOND,Fishing Vessel,7108760
/vessels/details/9033282,QUEEN MARILOU 999,Fishing Vessel,9033282
/vessels/details/8748696,SOPHIA MARTINA,Fishing Vessel,8748696
/vessels/details/548839900,BINIBINING MATNOG,Cargo ship,548839900
/vessels/details/8945414,LADY C,Fishing Vessel,8945414
/vessels/details/8796150,LORNA-88,Fishing Vessel,8796150
/vessels/details/8623133,ALYSS 1,Fishing Vessel,8623133
/vessels/details/548646300,LCT ISLAND II,Passenger ship,548646300
/vessels/details/548751200,LCT GT EXPRESS 1,Cargo ship,548751200
/vessels/details/9730490,GOLDEN STAR 6,Landing Craft,9730490
/vessels/details/7522708,MARIA ZENAIDA,Passenger/Ro-Ro Cargo Ship,7522708
/vessels/details/8807868,TUBATAHA UNO,Passenger Ship,8807868
/vessels/details/9692193,HEALTHY,Tug,9692193
/vessels/details/548345700,MV ERICA FERRY 9,Passenger ship,548345700
/vessels/details/9041679,FORTUNE CONQUEROR,General Cargo Ship,9041679
/vessels/details/8709482,PREMCHAI 4,Tug,8709482
/vessels/details/7127132,JORDAN XVII,Fishing Vessel,7127132
/vessels/details/8949070,STA. THERESA,Tug,8949070
/vessels/details/7352646,REGULUS,Tug,7352646
/vessels/details/8898972,ALVIN,Oil Products Tanker,8898972
/vessels/details/548101923,ZHE LU YU 81019-23,Unknown,548101923
/vessels/details/8015271,DAITO MARU NO. 85,Fishing Vessel,8015271
/vessels/details/8105844,ASIA PACIFIC,General Cargo Ship,8105844
/vessels/details/7512894,CAGAYAN DE ORO RIVER,Tug,7512894
/vessels/details/8876857,YOTOKU MARU NO. 61,Fishing Vessel,8876857
/vessels/details/548000085,MV ESHAN,Cargo ship,548000085
/vessels/details/8628119,SEAFORD 5,General Cargo Ship,8628119
/vessels/details/7530377,SEDAR 3,Tug,7530377
/vessels/details/8021048,MIRA,Tug,8021048
/vessels/details/7506704,MONALINDA 73,Fishing Vessel,7506704
/vessels/details/9851397,SOLID HARMONY,General Cargo Ship,9851397
/vessels/details/548399800,TIAMAT,Sailing vessel,548399800
/vessels/details/8425854,DAVID,General Cargo Ship,8425854
/vessels/details/7830246,MANKICHI MARU NO. 62,Fish Carrier,7830246
/vessels/details/548241800,MTUG BAUAN,Tug,548241800
/vessels/details/548910200,SEDAR 4,Unknown,548910200
/vessels/details/8509973,BLUE HERON,Fishing Vessel,8509973
/vessels/details/9345130,CHEONSA ISLAND,Passenger/Ro-Ro Cargo Ship,9345130
/vessels/details/8504624,ALPHARD,Tug,8504624
/vessels/details/8995079,DONA PERLITA 1,Landing Craft,8995079
/vessels/details/8718627,MV STAR FREEDOM,Dredger,8718627
/vessels/details/7512650,LIMAY,Tug,7512650
/vessels/details/8220931,HIKARI NO. 3,Passenger Ship,8220931
/vessels/details/8114027,BISIG,Tug,8114027
/vessels/details/7123277,UNITY TRUTH,Fishing Vessel,7123277
/vessels/details/8875360,PETRO TERESITA,Oil Products Tanker,8875360
/vessels/details/8717362,SEACAT 32,Passenger Ship,8717362
/vessels/details/9087635,MV FORTUNE GOLD,General Cargo Ship,9087635
/vessels/details/548930500,BRP KALANGGAMAN,Military ops,548930500
/vessels/details/8462242,FV LOUIE-23,Fish Carrier,8462242
/vessels/details/7018915,PACIFIC EXPLORER 2,Passenger (Cruise) Ship,7018915
/vessels/details/7314395,TUG 118,Tug,7314395
/vessels/details/7238539,BUENA SUERTE J-103,Fishing Vessel,7238539
/vessels/details/548655300,LCT GLAUCUS BETA,Cargo ship,548655300
/vessels/details/548061623,TUG MAMA MIA,Tug,548061623
/vessels/details/8303850,STAR BACOLOD,General Cargo Ship,8303850
/vessels/details/9882695,STARLITE SPRINT 1,Passenger Ship,9882695
/vessels/details/1416127,LCT SEA 9,Unknown,1416127
/vessels/details/548216500,LCT KAPITAN,Cargo ship,548216500
/vessels/details/548892200,STARLITE PACIFIC,Passenger ship,548892200
/vessels/details/548082300,AYEN 1,Fishing vessel,548082300
/vessels/details/1104827,BRP DATU GUMBAY PIANG,Fishing Support Vessel,1104827
/vessels/details/8132512,PRINCESS DAMARIS,General Cargo Ship,8132512
/vessels/details/7608186,SAL DIEZ,Fishing Vessel,7608186
/vessels/details/548186300,MV STAR FERRY,Pleasure craft,548186300
/vessels/details/7315753,LAPU-LAPU FERRY I,Passenger/General Cargo Ship,7315753
/vessels/details/9780677,LCT VNG XI,Deck Cargo Ship,9780677
/vessels/details/8427682,PEATHERAY G 3,Oil Products Tanker,8427682
/vessels/details/7908990,OCEANJET 7,Passenger Ship,7908990
/vessels/details/6903618,MARLYNN T,Fishing Vessel,6903618
/vessels/details/8806319,CAWAYAN FERRY 1,Passenger/Ro-Ro Cargo Ship,8806319
/vessels/details/9969259,OCTOBER LAVENDER,Passenger/Ro-Ro Cargo Ship,9969259
/vessels/details/9976795,BRP DATU PAGBUAYA,Other type,9976795
/vessels/details/8892447,MV ORION STAR,Bulk Carrier,8892447
/vessels/details/9721712,SUNLIGHT BEACH 1673,Passenger Ship,9721712
/vessels/details/7903603,BLUE FIN 1,Fishing Vessel,7903603
/vessels/details/9681194,ADNAMA PACIFIC 102,Deck Cargo Ship,9681194
/vessels/details/6824197,MONALINDA XXXIV,Fishing Vessel,6824197
/vessels/details/9110248,SUPERSHUTTLE ROCON16,General Cargo Ship,9110248
/vessels/details/8013534,CAPELLA,Tug,8013534
/vessels/details/1104815,BRP DATU DUMANGSIL,Fishing Support Vessel,1104815
/vessels/details/7208924,PAPA MARCOS,Fishing Vessel,7208924
/vessels/details/8415366,CELSA 5,General Cargo Ship,8415366
/vessels/details/9105499,QUEEN OF SPLENDOR,General Cargo Ship,9105499
/vessels/details/7220398,SIDNEY AUSTIN,Tug,7220398
/vessels/details/9881598,FAST CAT M16,Passenger/Ro-Ro Cargo Ship,9881598
/vessels/details/548705300,TUG 10,Tug,548705300
/vessels/details/548012025,MB DELUXE,Cargo ship,548012025
/vessels/details/7633442,CAPT. JOHN B. LACSON,Training Ship,7633442
/vessels/details/8427890,ROBIN,Landing Craft,8427890
/vessels/details/9697557,CITIMAX 9,Landing Craft,9697557
/vessels/details/9680023,JULIANA 99,Deck Cargo Ship,9680023
/vessels/details/8945763,VIPER,Tug,8945763
/vessels/details/7912915,PACIFIC ROSE 3,Tug,7912915
/vessels/details/8945036,ANA MARIE,Tug,8945036
/vessels/details/8718433,NZO,General Cargo Ship,8718433
/vessels/details/8654223,PRINCE ALLEN JAMES,Landing Craft,8654223
/vessels/details/8945672,SASSY,Oil Products Tanker,8945672
/vessels/details/8795998,TS 2004,Fishing Vessel,8795998
/vessels/details/7903926,OBBY,Fishing Vessel,7903926
/vessels/details/8425634,BUILDERS WOOD I,General Cargo Ship,8425634
/vessels/details/8859134,EVERWIN STAR III,General Cargo Ship,8859134
/vessels/details/8785785,LOUIE-09,Fish Carrier,8785785
/vessels/details/8217582,REINA HOSANNA,Passenger/Ro-Ro Cargo Ship,8217582
/vessels/details/6423101,JULES DARREN,Fishing Vessel,6423101
/vessels/details/548247900,MYNAVIS1,Sailing vessel,548247900
/vessels/details/8707886,SUMIYOSHI MARU NO. 10,Dredger,8707886
/vessels/details/548375500,HARVEST STAR,Cargo ship,548375500
/vessels/details/9655810,PHIL CEBU,Bunkering Tanker,9655810
/vessels/details/8924680,MARIA TERESA,Fishing Vessel,8924680
/vessels/details/8718419,MV STAR ZAMBOANGA,General Cargo Ship,8718419
/vessels/details/8944953,NOJACA,General Cargo Ship,8944953
/vessels/details/8945476,VILLAFLOR 13,Fishing Vessel,8945476
/vessels/details/7101372,STELLA MARIS EXPLORER,Passenger (Cruise) Ship,7101372
/vessels/details/9061162,PEARL ASIA,Vehicles Carrier,9061162
/vessels/details/9790177,LCT 628,Landing Craft,9790177
/vessels/details/8946298,EMIROS,Fishing Vessel,8946298
/vessels/details/5276135,FAR EAST I,Training Ship,5276135
/vessels/details/8945244,MAGNOLIA LILIFLORA,Passenger/General Cargo Ship,8945244
/vessels/details/8626240,STAR VICTORY,General Cargo Ship,8626240
/vessels/details/9062776,AUDIE,General Cargo Ship,9062776
/vessels/details/8945892,SARAH MARGARITA,Oil Products Tanker,8945892
/vessels/details/8796382,MARK ANTHONY 17,Fish Carrier,8796382
/vessels/details/9032393,CRISTIAN V,General Cargo Ship,9032393
/vessels/details/548011024,MTKR BALYENA,Tanker,548011024
/vessels/details/7434640,BUENA SUERTE J-88,Fishing Vessel,7434640
/vessels/details/8848460,LADY JANET POLICARPIO,Fishing Vessel,8848460
/vessels/details/9196345,MV TRANS-ASIA 17,Container Ship,9196345
/vessels/details/6814697,DONA ANITA,General Cargo Ship,6814697
/vessels/details/548539900,MV HONDURAS,Cargo ship,548539900
/vessels/details/9016272,SF ZENITH,General Cargo Ship,9016272
/vessels/details/7828396,KIKU MARU NO. 5,Fishing Vessel,7828396
/vessels/details/548700128,LCT128,Cargo ship,548700128
/vessels/details/8938186,NPC-TB-NO. 2,Tug,8938186
/vessels/details/548999089,MV AFEEYA,Cargo ship,548999089
/vessels/details/8427905,SOUTHERN STAR S,Oil Products Tanker,8427905
/vessels/details/7856068,TIBAY,Tug,7856068
/vessels/details/548950001,NASARAIYA2,Cargo ship,548950001
/vessels/details/8945701,TIMOTHY T. L.,Oil Products Tanker,8945701
/vessels/details/9367229,CHELSEA ENDURANCE,Oil Products Tanker,9367229
/vessels/details/8662323,HAI RUN 86,General Cargo Ship,8662323
/vessels/details/9860104,LCT POSEIDON 32,Deck Cargo Ship,9860104
/vessels/details/7333511,SWEET SAIL,General Cargo Ship,7333511
/vessels/details/548870200,MV REINA TIMOTEA,Passenger ship,548870200
/vessels/details/548800500,MV JOSE N,Cargo ship,548800500
/vessels/details/8014485,J N PRINCESS,Oil Products Tanker,8014485
/vessels/details/548871115,VAY A28,Other type,548871115
/vessels/details/548046500,JULIANA 33,Other type,548046500
/vessels/details/8425529,SAN NICHOLAS,General Cargo Ship,8425529
/vessels/details/8797087,SAN FELIPE - 88,Fishing Vessel,8797087
/vessels/details/548460800,PADREPIO3,Passenger ship,548460800
/vessels/details/8125894,REINA NEPTUNA,Passenger Ship,8125894
/vessels/details/548416500,LCT.BTC.MOUNT.SAMAT.,Cargo ship,548416500
/vessels/details/548035400,HAN HORIZON,Cargo ship,548035400
/vessels/details/548003019,ML. RAIHANA,Cargo ship,548003019
/vessels/details/8015336,DOLLY 152,Fishing Vessel,8015336
/vessels/details/7205350,TUG 208,Tug,7205350
/vessels/details/7335600,BLUE ROSE,Oil Products Tanker,7335600
/vessels/details/8822234,REINA DEL CIELO,Passenger/Ro-Ro Cargo Ship,8822234
/vessels/details/7900467,ASIAN STAR II,Passenger/Ro-Ro Cargo Ship,7900467
/vessels/details/8106642,FOSCON EMERALD,Tug,8106642
/vessels/details/6808454,PRINCESS VANESSA,General Cargo Ship,6808454
/vessels/details/7736359,JOHN PATRICK III,Fish Carrier,7736359
/vessels/details/1134456,KARKAR,Passenger/Ro-Ro Cargo Ship,1134456
/vessels/details/7627223,GLAXINIA 888,Refrigerated Cargo Ship,7627223
/vessels/details/6807979,LADY OF MANAOAG MUNTI CARLO 5,Passenger/General Cargo Ship,6807979
/vessels/details/7736373,LOURDES C 14,Fishing Vessel,7736373
/vessels/details/548630300,MV LAPULAPU FERRY1,Passenger ship,548630300
/vessels/details/8204298,MEGA ENSOLEILLEE,Oil Products Tanker,8204298
/vessels/details/1081271,MT ALL ORIENT 2,Oil Products Tanker,1081271
/vessels/details/9736030,GOLDEN LOTUS 2,Landing Craft,9736030
/vessels/details/8945397,RUFFY-T,Fishing Vessel,8945397
/vessels/details/8503606,TUG 18,Tug,8503606
/vessels/details/8796423,TS 2012-C,Fishing Vessel,8796423
/vessels/details/7397074,FAITHFUL AND TRUE,Fishing Vessel,7397074
/vessels/details/548000808,LCT 8,Cargo ship,548000808
/vessels/details/9203198,WILDCAT 17,Passenger Ship,9203198
/vessels/details/548010005,LCT POSEIDON 44,Cargo ship,548010005
/vessels/details/8426030,EL PARAISO,General Cargo Ship,8426030
/vessels/details/7801465,MOLEEN,Fishing Vessel,7801465
/vessels/details/548600118,TUG 118,Towing vessel,548600118
/vessels/details/8904991,PAGASA ISLAND,Aggregates Carrier,8904991
/vessels/details/1048580,MTKR JAN CARLO 1,Oil Products Tanker,1048580
/vessels/details/8945385,RANDVY-T,Fishing Vessel,8945385
/vessels/details/548033200,MTUG STANDFORD,Tug,548033200
/vessels/details/548190600,CAWAYAN STAR,Passenger ship,548190600
/vessels/details/548999999,KENKHUONG43S35B5,Cargo ship,548999999
/vessels/details/8360482,HENG DA 7,Aggregates Carrier,8360482
/vessels/details/9745354,FASTCAT M9,Passenger/Ro-Ro Cargo Ship,9745354
/vessels/details/7651535,GLADIOLUS 2,Oil Products Tanker,7651535
/vessels/details/7805394,ISLAND EXPRESS 3,Passenger Ship,7805394
/vessels/details/6720602,SENOR SAN JOSE,Passenger Ship,6720602
/vessels/details/8130368,KASUARI 14,Fishing Vessel,8130368
/vessels/details/9168128,STAR SAN CARLOS,Passenger/Ro-Ro Cargo Ship,9168128
/vessels/details/8617550,TAPILON,Oil Products Tanker,8617550
/vessels/details/9088079,JOHN MICHAEL,Fishing Vessel,9088079
/vessels/details/548508900,PENAFRANCIAXV,Cargo ship,548508900
/vessels/details/1026336,BONITA OLA,General Cargo Ship,1026336
/vessels/details/9072575,REINA DELOS ANGELES,Passenger/Ro-Ro Cargo Ship,9072575
/vessels/details/7419729,SAMI I,Fishing Vessel,7419729
/vessels/details/6725860,DOLLY 781,Fishing Vessel,6725860
/vessels/details/8945921,PANDI,Oil Products Tanker,8945921
/vessels/details/9216327,FRANCIA VII,Passenger/Ro-Ro Cargo Ship,9216327
/vessels/details/8944850,JOSHUA MARK,General Cargo Ship,8944850
/vessels/details/9679971,PGMC4,Aggregates Carrier,9679971
/vessels/details/8839885,FLASH,Aggregates Carrier,8839885
/vessels/details/548510500,LCT LITE FERRY 29,Other type,548510500
/vessels/details/548182500,LCT PGMC 3,Cargo ship,548182500
/vessels/details/8425995,DONA TRINIDAD,General Cargo Ship,8425995
/vessels/details/548906200,MV JULY DAHLIAS,Passenger ship,548906200
/vessels/details/7306623,MADRIGAL HARMONY,General Cargo Ship,7306623
/vessels/details/548123457,MTUG JUNN YEU,Tug,548123457
/vessels/details/548660500,MV SUPER SHUTTLE F5,Passenger ship,548660500
/vessels/details/548873200,REINA DEL CIELO,Passenger ship,548873200
/vessels/details/548431800,LCTPMI-8,Cargo ship,548431800
/vessels/details/9700079,LCT 908,Landing Craft,9700079
/vessels/details/9112818,FORTIS I,Tug,9112818
/vessels/details/548002218,TUG 80,Unknown,548002218
/vessels/details/8151659,SUPER SHUTTLE FERRY 1,Passenger Ship,8151659
/vessels/details/9189263,TRANS-ASIA 12,Container Ship,9189263
/vessels/details/5350280,REY MOON,Fishing Vessel,5350280
/vessels/details/8945725,VIKING C,Fishing Vessel,8945725
/vessels/details/7918309,REINA GENOVEVA,Passenger/Ro-Ro Cargo Ship,7918309
/vessels/details/548544900,LCT ABL DUBHE,Cargo ship,548544900
/vessels/details/7379357,EDNA FE,Fishing Vessel,7379357
/vessels/details/8307246,HAMAKO 2,General Cargo Ship,8307246
/vessels/details/548019900,MTUG ZANIAH,Tug,548019900
/vessels/details/7126009,VIVA PENAFRANCIA 3,Passenger/Ro-Ro Cargo Ship,7126009
/vessels/details/9809435,MALAPASCUA,Patrol Vessel,9809435
/vessels/details/7727877,RICHARD REY,General Cargo Ship,7727877
/vessels/details/9563067,DEFIANCE,Tug,9563067
/vessels/details/1109463,BRP DATU GAGANDILAN,Fishing Support Vessel,1109463
/vessels/details/548696500,MV MERCEDES M,Cargo ship,548696500
/vessels/details/7506297,SAN PIO,Fishing Vessel,7506297
/vessels/details/8797116,ROXANNE-6,Fish Carrier,8797116
/vessels/details/8150813,AMELIA,General Cargo Ship,8150813
/vessels/details/548011900,MTUG WEZEN,Tug,548011900
/vessels/details/7327304,ANGEL J,Fishing Vessel,7327304
/vessels/details/8945323,ALEX D.R.,Fishing Vessel,8945323
/vessels/details/8360470,FENG SHOU178,Aggregates Carrier,8360470
/vessels/details/8870308,REGINA CALIXTA VII,Passenger/Ro-Ro Cargo Ship,8870308
/vessels/details/8351089,QUEEN OF FAITH,General Cargo Ship,8351089
/vessels/details/7394008,CHERRY ROSE,Passenger/General Cargo Ship,7394008
/vessels/details/9506526,MT MATIKAS,Oil Products Tanker,9506526
/vessels/details/8840341,KING EVARISTO,General Cargo Ship,8840341
/vessels/details/7238553,MONALINDA 46,Fishing Vessel,7238553
/vessels/details/7321025,THERESIAN STARS,Passenger/Ro-Ro Cargo Ship,7321025
/vessels/details/548052300,MARIA TERESA,Cargo ship,548052300
/vessels/details/548865200,MV MARIA REBECCA,Passenger ship,548865200
/vessels/details/548218500,LCT SILANGAN,Cargo ship,548218500
/vessels/details/8865248,NIEVES,General Cargo Ship,8865248
/vessels/details/1124293,SEAGULL-1208,Fish Carrier,1124293
/vessels/details/9876206,MAGNOLIA IV,Chemical Tanker,9876206
/vessels/details/9719317,MT MATAPAT,Oil Products Tanker,9719317
/vessels/details/548106600,MV ALISON V,Cargo ship,548106600
/vessels/details/9219939,CLYDE,Tug,9219939
/vessels/details/8683418,DB PROTEUS 101,General Cargo Ship,8683418
/vessels/details/548366111,LCT-EDISON,Unknown,548366111
/vessels/details/9068017,ANIKA TV,General Cargo Ship,9068017
/vessels/details/8514904,GOLDEN ADVENTURE,Fishing Vessel,8514904
/vessels/details/9744116,FAST CAT M3,Passenger/Ro-Ro Cargo Ship,9744116
/vessels/details/8608509,TRISHA KERSTIN 1,Passenger/Ro-Ro Cargo Ship,8608509
/vessels/details/8810035,SUNFLOWER 888,Fishing Vessel,8810035
/vessels/details/548999062,ML NURHADZLINA,Cargo ship,548999062
/vessels/details/548722052,DAI LOI 38 B 7,Pleasure craft,548722052
/vessels/details/6915001,PETRON II,Oil Products Tanker,6915001
/vessels/details/6918649,LORENZO CONTAINER VI,General Cargo Ship,6918649
/vessels/details/548040300,MV DELWIN MATHEW,Unknown,548040300
/vessels/details/9880104,BTC CASSAVA,Bulk Carrier,9880104
/vessels/details/8462802,TS 2021-A,Fish Carrier,8462802
/vessels/details/5284974,DON MARTIN 5,Passenger/General Cargo Ship,5284974
/vessels/details/8467527,LOUIE-18,Fish Carrier,8467527
/vessels/details/8425359,TONI DOMINIQUE,Chemical Tanker,8425359
/vessels/details/7920730,PENNY 5,Fishing Vessel,7920730
/vessels/details/5057993,LSCO TRANSPACIFIC,Oil Products Tanker,5057993
/vessels/details/8324012,EVERWIN STAR I,General Cargo Ship,8324012
/vessels/details/9825283,BTC MOUNT ARAYAT,Deck Cargo Ship,9825283
/vessels/details/8201727,PHILPORTS D VI,Hopper Dredger,8201727
/vessels/details/548642200,TYL,Towing vessel,548642200
/vessels/details/9166352,MV REINA BANDERADA,Passenger/General Cargo Ship,9166352
/vessels/details/8626329,KHERI 7,General Cargo Ship,8626329
/vessels/details/8946004,POWER EXPRESS,Landing Craft,8946004
/vessels/details/8426353,MILAGROSA J TRES,Passenger/General Cargo Ship,8426353
/vessels/details/9804409,GLAUCUS BETA,Deck Cargo Ship,9804409
/vessels/details/548671500,MV GY BELLATRIX,Cargo ship,548671500
/vessels/details/9493078,ASC LARA,Landing Craft,9493078
/vessels/details/8946030,BALIUAG,Oil Products Tanker,8946030
/vessels/details/8621276,Q CARRELYN V,General Cargo Ship,8621276
/vessels/details/7721691,MAYFLOWER,Oil Products Tanker,7721691
/vessels/details/548205888,5,Fishing vessel,548205888
/vessels/details/9192296,ANKIRKTHOMAS,Tug,9192296
/vessels/details/8976906,ISLAND EXPLORER,Yacht,8976906
/vessels/details/9900291,PERLAS,General Cargo Ship,9900291
/vessels/details/9868936,ISLAND CALAYAN,Passenger Ship,9868936
/vessels/details/8627440,BENJAMIN,General Cargo Ship,8627440
/vessels/details/9830575,LOUIE-19,Fish Carrier,9830575
/vessels/details/7416636,MARIVELES DEL SOL,Passenger Ship,7416636
/vessels/details/548810500,LCTREGENT101,Cargo ship,548810500
/vessels/details/548916500,MV FELIPE III,Passenger ship,548916500
/vessels/details/8129802,CHARGER,Tug,8129802
/vessels/details/8426028,EDWIN,General Cargo Ship,8426028
/vessels/details/548001107,LCT ORIENTAL 8,Cargo ship,548001107
/vessels/details/8827753,ANGELLA,General Cargo Ship,8827753
/vessels/details/7106384,MONALINDA XLIII,Fishing Vessel,7106384
/vessels/details/8944733,ASC MARISSA,Landing Craft,8944733
/vessels/details/7738591,GREGORIO VELASQUEZ,Research Vessel,7738591
/vessels/details/5154284,SURIGAO STRAIT,General Cargo Ship,5154284
/vessels/details/548585300,MTUG DABIH,Tug,548585300
/vessels/details/548000063,ML FATIMA ERRA,Cargo ship,548000063
/vessels/details/1081805,BINIBINING SURIGAO,Deck Cargo Ship,1081805
/vessels/details/9006772,JEHAN 6,General Cargo Ship,9006772
/vessels/details/8653372,AVIVA 6,General Cargo Ship,8653372
/vessels/details/8796239,NAT NAT,Fish Carrier,8796239
/vessels/details/8462254,FV LOUIE-24,Fish Carrier,8462254
/vessels/details/5364372,UNITY POLARIS,Fishing Vessel,5364372
/vessels/details/548928200,MV SANTA CARMELITA,Passenger ship,548928200
/vessels/details/8944692,GOLDEN BAY,General Cargo Ship,8944692
/vessels/details/548440900,MV HYNZ 31,Cargo ship,548440900
/vessels/details/548364700,MV JOVEL 3 EXPRESS,Passenger ship (HAZ-A),548364700
/vessels/details/8556914,LORNA-2,Fishing Vessel,8556914
/vessels/details/8944941,LITE FERRY 22,Landing Craft,8944941
/vessels/details/8514241,HUMMER H2,General Cargo Ship,8514241
/vessels/details/2733780,FB KANE-698,Fish Carrier,2733780
/vessels/details/548025200,MTKR JANDER,Tanker,548025200
/vessels/details/548537500,LCT MONTREAL,Cargo ship,548537500
/vessels/details/8106197,CADBURRY,Fishing Vessel,8106197
/vessels/details/8312980,MV TRANS ASIA 8,Passenger/Ro-Ro Cargo Ship,8312980
/vessels/details/548775200,LCT SYDNEY ALYSSA II,Cargo ship,548775200
/vessels/details/6913948,ATYIMBA,Research Vessel,6913948
/vessels/details/9265603,VIGILANT,Tug,9265603
/vessels/details/548399900,HENG DA 19,Cargo ship,548399900
/vessels/details/9810642,DOLORES 872,Fishing Vessel,9810642
/vessels/details/8467101,PRINCESS KAMILAH 105,Fishing Vessel,8467101
/vessels/details/9047702,MVALMIRANTEFEDERICO,Passenger/Ro-Ro Cargo Ship,9047702
/vessels/details/8427618,OCEAN TRADERS III,Oil Products Tanker,8427618
/vessels/details/9067116,RKK CINCO,General Cargo Ship,9067116
/vessels/details/1073195,MAKINANG,Oil Products Tanker,1073195
/vessels/details/9855109,AVIVA ANDREA,Deck Cargo Ship,9855109
/vessels/details/8810528,JMF GOLDEN HARVEST,Dredger,8810528
/vessels/details/6925678,LADY OF MANAOAG 2,Passenger/Ro-Ro Cargo Ship,6925678
/vessels/details/8029040,ELIZABETH - L,Fishing Vessel,8029040
/vessels/details/8960842,CEBU GLORY,Tug,8960842
/vessels/details/548515974,E37,Fishing vessel,548515974
/vessels/details/8558998,NAT NAT III,Fish Carrier,8558998
/vessels/details/548715200,DA BFAR MCS 3003,Law enforcment,548715200
/vessels/details/9730385,LCT 528,Deck Cargo Ship,9730385
/vessels/details/548781200,LCT ALEPH TENZIN,Unknown,548781200
/vessels/details/7921356,REGINA CALIXTA 4,Passenger/Ro-Ro Cargo Ship,7921356
/vessels/details/8622555,JAKE VINCENT,General Cargo Ship,8622555
/vessels/details/8425816,DAKILA,General Cargo Ship,8425816
/vessels/details/548612500,LCT188,Other type,548612500
/vessels/details/7409968,BAUAN,Tug,7409968
/vessels/details/9853735,MTKR TOFINO,Oil Products Tanker,9853735
/vessels/details/9353187,KALAYAAN,Pollution Control Vessel,9353187
/vessels/details/7219844,DISCOVERY PALAWAN,Training Ship,7219844
/vessels/details/7909059,LADY CRISTINE,Fishing Vessel,7909059
/vessels/details/8952015,PAUL GERARD V,Fishing Vessel,8952015
/vessels/details/548333500,MV DRAKE,Cargo ship,548333500
/vessels/details/8350176,MORNING GEM,General Cargo Ship,8350176
/vessels/details/8210819,MELRIVIC TEN,Passenger Ship,8210819
/vessels/details/548353535,MV GY ANTARES,Cargo ship,548353535
/vessels/details/548000021,LCT CHARLESJASON2996,Cargo ship,548000021
/vessels/details/548227900,ST.ANNE 2,Cargo ship,548227900
/vessels/details/8623028,SEA GEMS 204,Fishing Vessel,8623028
/vessels/details/8946080,JV ENTERPRISE,General Cargo Ship,8946080
/vessels/details/8946286,SUPREMO,Landing Craft,8946286
/vessels/details/548882275,0,Fishing vessel,548882275
/vessels/details/7003348,MAGNOLIA GRANDIFLORA,Passenger Ship,7003348
/vessels/details/6828155,SULPICIO CONTAINER IX,General Cargo Ship,6828155
/vessels/details/7119862,SAN LORENZO RUIZ,Passenger/Ro-Ro Cargo Ship,7119862
/vessels/details/7396070,LUMBALUMBA,Fish Carrier,7396070
/vessels/details/8015037,HEGURA,Passenger Ship,8015037
/vessels/details/9745407,FAST CAT M7,Passenger/Ro-Ro Cargo Ship,9745407
/vessels/details/8132251,HEIWA MARU NO. 1,LPG Tanker,8132251
/vessels/details/8983351,GOLDEN CRESENT,Landing Craft,8983351
/vessels/details/9092575,SAL VIENTE CUATRO,Fishing Vessel,9092575
/vessels/details/548032500,MV NICO BRYAN,Cargo ship,548032500
/vessels/details/548674300,LITE FERRY 27,Cargo ship,548674300
/vessels/details/8609199,BORNEO EXPLORER,Passenger (Cruise) Ship,8609199
/vessels/details/548000854,MB FATIMA AMERA,Cargo ship,548000854
/vessels/details/9087180,DELTA CAT 2,Passenger Ship,9087180
/vessels/details/548183500,LCT ANISHA BERNADETE,Cargo ship,548183500
/vessels/details/8824488,AQUAJET 2,Passenger Ship,8824488
/vessels/details/7653818,ROSANO N,Fishing Vessel,7653818
/vessels/details/7235185,HOPSTER,Tug,7235185
/vessels/details/9520493,SPAN ASIA 52,General Cargo Ship,9520493
/vessels/details/8796758,GENE-10,Fishing Vessel,8796758
/vessels/details/548505500,MVMANFELCARRIER3,Cargo ship,548505500
/vessels/details/9732840,PHILWINNER 01,General Cargo Ship,9732840
/vessels/details/548744300,TUG20,Tug,548744300
/vessels/details/9673927,ADARA,Tug,9673927
/vessels/details/9798117,SOLID UNITY,General Cargo Ship,9798117
/vessels/details/8462709,FB YANREYD-294,Fish Carrier,8462709
/vessels/details/548408200,MV FELIPE,Passenger ship,548408200
/vessels/details/8625935,ANDIFORD,General Cargo Ship,8625935
/vessels/details/548961300,MV CARPENTERS SON,Cargo ship,548961300
/vessels/details/8350877,ALLAN JAMES,General Cargo Ship,8350877
/vessels/details/548828500,LCT PACIFICA 3,Cargo ship,548828500
/vessels/details/1086673,BRP DATU DAYA,Fishing Support Vessel,1086673
/vessels/details/8536615,LCT LADY ALIZA,Deck Cargo Ship,8536615
/vessels/details/548572500,LCT-1038,Cargo ship,548572500
/vessels/details/8692378,VIRGIN MARY OF CAYSASAY-2,Fishing Vessel,8692378
/vessels/details/548080923,TUG MAMA BANDING,Tug,548080923
/vessels/details/548001985,ML PENTAGON,Cargo ship,548001985
/vessels/details/7395882,APRIL ROSE,Passenger/General Cargo Ship,7395882
/vessels/details/8357021,BINIBINING BATANGAS,Passenger/Landing Craft,8357021
/vessels/details/548650900,REX,Unknown,548650900
/vessels/details/8150631,YMH LIVE FISH CARRIER,Fish Carrier,8150631
/vessels/details/8945634,CALUMPIT,Oil Products Tanker,8945634
/vessels/details/8884828,FERRY YAEBISHI,Passenger/Ro-Ro Cargo Ship,8884828
/vessels/details/9005936,PROCYON,Tug,9005936
/vessels/details/7403732,MARTINA ELIZABETH,Fishing Vessel,7403732
/vessels/details/9513476,KALUSUGAN 1,Tug,9513476
/vessels/details/7714260,CELEBES COAST-III,Fishing Vessel,7714260
/vessels/details/9078672,MV LADY ALAYNE TWO,General Cargo Ship,9078672
/vessels/details/7608227,CLEMER 38,Passenger Ship,7608227
/vessels/details/6416031,GYPSY QUEEN,Palletised Cargo Ship,6416031
/vessels/details/548086400,ML ARA-NAYRA,Unknown,548086400
/vessels/details/9883338,MTKR MAALAB,Oil Products Tanker,9883338
/vessels/details/7535456,CASAS VICTORIA,General Cargo Ship,7535456
/vessels/details/548090315,MB DOLPHIN,Cargo ship,548090315
/vessels/details/548725256,GHE 0C 12F35F,Fishing vessel,548725256
/vessels/details/9183520,HHIC - F1,Passenger Ship,9183520
/vessels/details/8859469,FORTUNE GALORE,General Cargo Ship,8859469
/vessels/details/6816114,LA LEALTAD,General Cargo Ship,6816114
/vessels/details/7818676,DONG BANG,Fishing Vessel,7818676
/vessels/details/8022107,VANESSA P 1,Passenger Ship,8022107
/vessels/details/548113100,MT SNOOPY II,Tanker (HAZ-D),548113100
/vessels/details/548898200,MV STAR SAN CARLOS,Passenger ship,548898200
/vessels/details/548684800,MV RUFIYAA,Cargo ship,548684800
/vessels/details/9915454,APOLLO SAKURA,General Cargo Ship,9915454
/vessels/details/8109993,PHILPORTS D III,Hopper Dredger,8109993
/vessels/details/8945024,OIL CARRIER,Oil Products Tanker,8945024
/vessels/details/8421597,MAGNUS,Chemical/Oil Products Tanker,8421597
/vessels/details/7818963,QUEEN OF PROSPERITY,General Cargo Ship,7818963
/vessels/details/7808889,SUNNY SKY 888,Fishing Vessel,7808889
/vessels/details/8666965,JETMARK NO. 102,Fishing Vessel,8666965
/vessels/details/548122024,MV MHALIEA,Cargo ship,548122024
/vessels/details/548024300,MV KING FREDERICK,Passenger ship,548024300
/vessels/details/1063255,POSEIDON 51,Deck Cargo Ship,1063255
/vessels/details/9766475,MV ECUADOR,Container Ship,9766475
/vessels/details/7821908,DOLLY 777,Fishing Vessel,7821908
/vessels/details/7622845,MASBATE,Tug,7622845
/vessels/details/7313303,CHIQUI,Fishing Vessel,7313303
/vessels/details/8823513,CSK TRES,General Cargo Ship,8823513
/vessels/details/9679945,PGMC1,Aggregates Carrier,9679945
/vessels/details/548076400,LCT GELLIM II,Cargo ship,548076400
/vessels/details/9680011,JULIANA 77,Deck Cargo Ship,9680011
/vessels/details/8535740,RRCS - VIII,Fish Carrier,8535740
/vessels/details/8419520,JAINAB II,General Cargo Ship,8419520
/vessels/details/548785000,AVALON TRADER,Cargo ship,548785000
/vessels/details/8425842,DANAO CITY,Passenger/General Cargo Ship,8425842
/vessels/details/9825910,GOLDENSTAR 10,Deck Cargo Ship,9825910
/vessels/details/548855590,BRP DATU M.TARADAPIT,Unknown,548855590
/vessels/details/9033608,LANCE IAN,General Cargo Ship,9033608
/vessels/details/9766504,STARLITE PIONEER,Passenger/Ro-Ro Cargo Ship,9766504
/vessels/details/9634153,MT SL BIGNAY,Chemical/Oil Products Tanker,9634153
/vessels/details/7932939,JEHAN 2,General Cargo Ship,7932939
/vessels/details/9149055,PETRO CLARISSA,Oil Products Tanker,9149055
/vessels/details/8944927,CHICA,General Cargo Ship,8944927
/vessels/details/9868924,MV ISLA SIMARA,Passenger Ship,9868924
/vessels/details/548410500,MV ROROMASTER,Passenger ship,548410500
/vessels/details/8696996,RELL RENN 25,Fishing Vessel,8696996
/vessels/details/548047300,MV PRINCESS DAMARIS,Cargo ship,548047300
/vessels/details/6907468,SIDE ARM,Tug,6907468
/vessels/details/548875200,MV REINA OLYMPIA,Passenger ship,548875200
/vessels/details/9124718,ACB ROSALINDA,General Cargo Ship,9124718
/vessels/details/9119309,CADENCE,General Cargo Ship,9119309
/vessels/details/9088081,LADY MARY JOY 1,General Cargo Ship,9088081
/vessels/details/8150760,GRAND PACIFIC 2,General Cargo Ship,8150760
/vessels/details/7855662,PETER 1,Fishing Vessel,7855662
/vessels/details/6720509,MARIA ISABEL,Passenger/Ro-Ro Cargo Ship,6720509
/vessels/details/8944862,SIBERIA DRAGON 8,Landing Craft,8944862
/vessels/details/548038300,MV BLUE OCEAN 5,Cargo ship,548038300
/vessels/details/6410946,POINSETTIA 2,Fishing Vessel,6410946
/vessels/details/548659500,MV POSEIDON 32,Cargo ship,548659500
/vessels/details/8895140,VIVA LADY OF LOURDES,Passenger Ship,8895140
/vessels/details/7377660,CLAUDINE STAR,Passenger/Ro-Ro Cargo Ship,7377660
/vessels/details/1086570,MAICA 8,Passenger Ship,1086570
/vessels/details/8692665,FEI FEI ONE,General Cargo Ship,8692665
/vessels/details/9732864,LADY ALINA,Landing Craft,9732864
/vessels/details/7609051,COTABATO TRANSPORT,General Cargo Ship,7609051
/vessels/details/8535726,THEOTOKOS,Fishing Vessel,8535726
/vessels/details/7380966,GUIMARAS,Search & Rescue Vessel,7380966
/vessels/details/7409918,SWALLOW 2,Passenger/Ro-Ro Cargo Ship,7409918
/vessels/details/8204755,STRONG TRINITY,Offshore Tug/Supply Ship,8204755
/vessels/details/548262900,JFAP DREDGER 1,Cargo ship,548262900
/vessels/details/548970800,MV ASEAN PEARL,Cargo ship,548970800
/vessels/details/8796198,DANIEL DAVE-10,Fish Carrier,8796198
/vessels/details/8519526,JOEGIE 6,General Cargo Ship,8519526
/vessels/details/8619194,VIBRANT STAR,Tug,8619194
/vessels/details/9585168,BTC MOUNT BANAHAW,Deck Cargo Ship,9585168
/vessels/details/7812402,UNIVERSAL QUEEN,Fishing Vessel,7812402
/vessels/details/7323126,ST. AGNES,Fishing Vessel,7323126
/vessels/details/8864646,AMARR DOS,Tug,8864646
/vessels/details/548968602,MT HOWARD,Tug,548968602
/vessels/details/8797374,TS 2016-A,Fish Carrier,8797374
/vessels/details/8945440,VILLAFLOR 10,Fishing Vessel,8945440
/vessels/details/9357262,GREEN WATER,General Cargo Ship,9357262
/vessels/details/8427278,STEPHANIE MARIE,General Cargo Ship,8427278
/vessels/details/7736529,N. ANDREW,General Cargo Ship,7736529
/vessels/details/8603183,LADY OF CONSOLATION,General Cargo Ship,8603183
/vessels/details/8823197,OCEANJET 2,Passenger Ship,8823197
/vessels/details/8122866,HUMMER H3,General Cargo Ship,8122866
/vessels/details/6918211,LAOAG CITY,Oil Products Tanker,6918211
/vessels/details/548389990,HMI RMG 001,Other type,548389990
/vessels/details/8214554,PROPUS,Tug,8214554
/vessels/details/8028606,OCEANIC EXPLORER,Passenger (Cruise) Ship,8028606
/vessels/details/8944848,STO. NINO,Landing Craft,8944848
/vessels/details/8463404,FB BEATRICE - 004,Fish Carrier,8463404
/vessels/details/9115482,FORTUNE YEHEY,General Cargo Ship,9115482
/vessels/details/9822920,ST.CAMAEL,Passenger Ship,9822920
/vessels/details/548648300,MV FORTUNE SUPREME,Cargo ship,548648300
/vessels/details/9298349,SL YAKAL,Oil Products Tanker,9298349
/vessels/details/548973900,SONIYA,Pleasure craft,548973900
/vessels/details/9118862,CIARA JOIE 3,Passenger/Ro-Ro Cargo Ship,9118862
/vessels/details/7506455,SILVER BASS,Fishing Vessel,7506455
/vessels/details/8946432,CENTURY A,General Cargo Ship,8946432
/vessels/details/9105580,MT MARISEL,Oil Products Tanker,9105580
/vessels/details/8796564,SAN ANDRES-078,Fishing Vessel,8796564
/vessels/details/8796370,MARK ANTHONY 16,Fish Carrier,8796370
/vessels/details/548778200,MV BRIGHTSTAR,Cargo ship,548778200
/vessels/details/8514485,CASTOR TROY,General Cargo Ship,8514485
/vessels/details/5426821,JERMEL-DLS,Fishing Vessel,5426821
/vessels/details/6911421,SILVER HARVEST,Fishing Vessel,6911421
/vessels/details/7034452,MAC BRYAN,Passenger/Ro-Ro Cargo Ship,7034452
/vessels/details/8945713,OLYMPIC C,Fishing Vessel,8945713
/vessels/details/548754300,LCT SEAMINE 8,Cargo ship,548754300
/vessels/details/548520700,BRP BAGOBO,Towing vessel,548520700
/vessels/details/5084180,SPRING BEAUTY,Fishing Vessel,5084180
/vessels/details/7397218,PACIFIC SCOUT,Work/Repair Vessel,7397218
/vessels/details/8923222,SUBIC EAGLE I,Passenger Ship,8923222
/vessels/details/8874483,MT SKS SOFIA,Oil Products Tanker,8874483
/vessels/details/8016483,DANESSA ISOBEL,Tug,8016483
/vessels/details/548355500,MY INFINITI,Diving ops,548355500
/vessels/details/8881620,BLUE MEDALLION,Fishing Vessel,8881620
/vessels/details/8840846,SUPER SHUTTLE FERRY 10,Passenger/Ro-Ro Cargo Ship,8840846
/vessels/details/548402700,MTUGBATHALA-1,Tug,548402700
/vessels/details/548509500,LCT MANOLING 2,Other type,548509500
/vessels/details/548710500,MV SEAN FERRY 2,Passenger ship,548710500
/vessels/details/8794798,LCT1080,Deck Cargo Ship,8794798
/vessels/details/9881342,MT BULUSAN,Oil Products Tanker,9881342
/vessels/details/548452500,MV MAAYO,Unknown,548452500
/vessels/details/548101100,MTUG ALUDRA,Tug,548101100
/vessels/details/7620108,BACOLOD CITY,Oil Products Tanker,7620108
/vessels/details/7402348,NHTC NO. 1,Tug,7402348
/vessels/details/548920900,YONGSHUN589,Cargo ship,548920900
/vessels/details/9805283,LCT SKAGWAY,Deck Cargo Ship,9805283
/vessels/details/548783300,MV ALEEZA,Cargo ship,548783300
/vessels/details/548590900,AURORA168,Cargo ship,548590900
/vessels/details/8796291,MARK ANTHONY 4A,Fish Carrier,8796291
/vessels/details/7609049,COTABATO TRANSPORT I,General Cargo Ship,7609049
/vessels/details/548999064,ML LADY JOANNA,Cargo ship,548999064
/vessels/details/6908254,VIVA PENAFRANCIA 5,Passenger Ship,6908254
/vessels/details/7313365,JCR,Fishing Vessel,7313365
/vessels/details/7801491,MIZAR,Tug,7801491
/vessels/details/9706970,LCT 323,Deck Cargo Ship,9706970
/vessels/details/548039400,MV KC BEATRICE,Passenger ship,548039400
/vessels/details/8717582,MV NORTHERN ICE,Fishing Support Vessel,8717582
/vessels/details/8105947,SEA TRADER,General Cargo Ship,8105947
/vessels/details/8021919,LADY OF NATIVITY,Passenger Ship,8021919
/vessels/details/9172997,CORREGIDOR,Buoy/Lighthouse Vessel,9172997
/vessels/details/548018018,ON TREN PHU HO 79,Fishing vessel,548018018
/vessels/details/548193711,CHAU8524 LSB P789,Unknown,548193711
/vessels/details/8358958,MV JOHANNAH 12,Deck Cargo Ship,8358958
/vessels/details/548000396,BRP ABRAHAM CAMPO,Other type,548000396
/vessels/details/7518874,JOHANNAH 2,General Cargo Ship,7518874
/vessels/details/8680090,LADY KIM,Tug,8680090
/vessels/details/8341060,HAMMER 8,Aggregates Carrier,8341060
/vessels/details/9048562,FILIPINAS CEBU,Passenger/Ro-Ro Cargo Ship,9048562
/vessels/details/9062556,JAKE VINCENT 10,General Cargo Ship,9062556
/vessels/details/8122397,KHERI 5,General Cargo Ship,8122397
/vessels/details/8463088,FB SAN ANDRES-828,Fish Carrier,8463088
/vessels/details/7437915,DON DOMINADOR I,General Cargo Ship,7437915
/vessels/details/548921200,MV MARIA BEATRIZ,Passenger ship,548921200
/vessels/details/8425610,TANAH TAWI-TAWI,General Cargo Ship,8425610
/vessels/details/8945816,PETROTRADE VI,Oil Products Tanker,8945816
/vessels/details/8426365,KAMPILAN,Oil Products Tanker,8426365
/vessels/details/7914781,FATMA,General Cargo Ship,7914781
/vessels/details/548058500,SOPHIA MARTINA,Fishing vessel,548058500
/vessels/details/7703429,APOLLO II,Tug,7703429
/vessels/details/548000062,ML ESHAAL II,Cargo ship,548000062
/vessels/details/8925000,LADY OF SMILE,Passenger/Ro-Ro Cargo Ship,8925000
/vessels/details/548479200,MTKR CHRISTIE 1,Tanker,548479200
/vessels/details/8945828,SOUTHERN SEAS,Oil Products Tanker,8945828
/vessels/details/9817004,MT CRISELDREI,Chemical/Oil Products Tanker,9817004
/vessels/details/7011981,LADY VI T-I,Fishing Vessel,7011981
/vessels/details/7326520,MTUG CANOPUS,Tug,7326520
/vessels/details/7122845,DON JOSE CANDANO,General Cargo Ship,7122845
/vessels/details/1027562,LCT ELLIS MARI III,Deck Cargo Ship,1027562
/vessels/details/9790191,LCT 78,Landing Craft,9790191
/vessels/details/548271500,LCT GOLDEN STAR 10,Cargo ship,548271500
/vessels/details/7703297,BLUE DRAGON,Landing Craft,7703297
/vessels/details/7740374,MARIA CHRITINA V,General Cargo Ship,7740374
/vessels/details/8945177,HONOR,General Cargo Ship,8945177
/vessels/details/9679969,PGMC3,Aggregates Carrier,9679969
/vessels/details/9187461,MTKR BIGAA,Oil Products Tanker,9187461
/vessels/details/6917712,GENERA 1,Tug,6917712
/vessels/details/8992285,SPINE,Water Tanker,8992285
/vessels/details/548228500,MT CAITLIN RAE,Tanker,548228500
/vessels/details/548442900,EASTWIND2,Cargo ship,548442900
/vessels/details/8684759,LCT ESR 168,General Cargo Ship,8684759
/vessels/details/548423900,GTS777,Cargo ship,548423900
/vessels/details/6711699,STA ANA FFC,Tug,6711699
/vessels/details/8824206,WENVEE TRES,Aggregates Carrier,8824206
/vessels/details/548392222,P3 97,Fishing vessel,548392222
/vessels/details/8805080,SF LEGEND,General Cargo Ship,8805080
/vessels/details/8974673,MV DON EDUARDO,Passenger/Ro-Ro Cargo Ship,8974673
/vessels/details/9073531,FORTUNE BONANZA,General Cargo Ship,9073531
/vessels/details/6829197,VIVA PENAFRANCIA 8,Passenger/Ro-Ro Cargo Ship,6829197
/vessels/details/8696910,RELL RENN 15,Fishing Vessel,8696910
/vessels/details/8126111,J N FERRY,Passenger/Ro-Ro Cargo Ship,8126111
/vessels/details/548687500,MV SF CRUISER,Cargo ship,548687500
/vessels/details/6803868,SUNFLOWER 88,Fishing Vessel,6803868
/vessels/details/8945311,JEHOVAH JIREH,Fishing Vessel,8945311
/vessels/details/548768500,MV ISLAND TRANSPORT1,Cargo ship,548768500
/vessels/details/7927403,TABANGAO,Tug,7927403
/vessels/details/8332576,QUEEN LEONORA,Passenger/Ro-Ro Cargo Ship,8332576
/vessels/details/8945919,PACIFIC ISLAND,General Cargo Ship,8945919
/vessels/details/548003100,MARIA ERLINDA,Fishing vessel,548003100
/vessels/details/548825919,QUOC DUY D27,Cargo ship,548825919
/vessels/details/8884763,MIKA MARI V,Passenger/Ro-Ro Cargo Ship,8884763
/vessels/details/9057850,MINDANAO SEA,Tug,9057850
/vessels/details/8520305,ACEFORD,General Cargo Ship,8520305
/vessels/details/548653500,MV JISA,Cargo ship,548653500
/vessels/details/8649826,LCT 88,Deck Cargo Ship,8649826
/vessels/details/548939900,HENG DA 19,Cargo ship,548939900
/vessels/details/8912728,PAMELA,Oil Products Tanker,8912728
/vessels/details/9678109,GOLDEN STAR 1,Deck Cargo Ship,9678109
/vessels/details/548086800,ML LYREKA,Cargo ship,548086800
/vessels/details/7416571,SIKATUNA,Tug,7416571
/vessels/details/6701826,DON ANTONIO 2,Fishing Vessel,6701826
/vessels/details/8920830,FORTIS IX,Pusher Tug,8920830
/vessels/details/8421121,CEBU DREAM,Tug,8421121
/vessels/details/8135746,MONICA SUZZETTE,General Cargo Ship,8135746
/vessels/details/548001979,ML FATIMA ALMERA,Cargo ship,548001979
/vessels/details/548573900,LCT VINCENT JOSEPH,Cargo ship,548573900
/vessels/details/8696881,RRCS-25,Fishing Vessel,8696881
/vessels/details/7331460,VIVA PENAFRANCIA,Passenger Ship,7331460
/vessels/details/548200112,ZHESHENGYU05548-12,Unknown,548200112
/vessels/details/7818937,DUANE,General Cargo Ship,7818937
/vessels/details/7236488,MONALINDA 68,Fishing Vessel,7236488
/vessels/details/8804799,OTOHIME,Passenger Ship,8804799
/vessels/details/548403000,LCT-WILCOX II,Unknown,548403000
/vessels/details/8808343,MV STAR DINAGAT,Dredger,8808343
/vessels/details/8122244,YASAKA MARU NO. 3,Tug,8122244
/vessels/details/8864206,JOEGIE 5,General Cargo Ship,8864206
/vessels/details/548133500,MV SACRED HEART,Passenger ship,548133500
/vessels/details/6518786,ISLAND PEARL,General Cargo Ship,6518786
/vessels/details/8952003,GOLDEN GIDEON,General Cargo Ship,8952003
/vessels/details/548303500,STAR FERRY,Passenger ship,548303500
/vessels/details/7123875,GOLDEN SUN,Passenger/Ro-Ro Cargo Ship,7123875
/vessels/details/8223878,AMMOSUL,Tug,8223878
/vessels/details/8883537,KYOEI MARU,General Cargo Ship,8883537
/vessels/details/6827022,BUENA SUERTE J-118,Fishing Vessel,6827022
/vessels/details/7736610,PENNY 11,Fishing Vessel,7736610
/vessels/details/7322809,MARIGOLD 3,Fishing Vessel,7322809
/vessels/details/8838037,KEIFUKU MARU NO. 8,Fishing Vessel,8838037
/vessels/details/8204248,PHILPORTS D I,Hopper Dredger,8204248
/vessels/details/9148269,FLEETSTAR 2,Landing Craft,9148269
/vessels/details/548002400,MV LADY LYN,Cargo ship,548002400
/vessels/details/7826439,TABUELAN NAVISTAR,Landing Craft,7826439
/vessels/details/9063407,JANDER,Chemical Tanker,9063407
/vessels/details/8840597,FORTIS VI,Tug,8840597
/vessels/details/548501800,MTUGTALOFOFO,Tug,548501800
/vessels/details/7900302,MONALINDA 92,General Cargo Ship,7900302
/vessels/details/9585132,BTC MOUNT APO,Deck Cargo Ship,9585132
/vessels/details/8840004,LADY AZURA,General Cargo Ship,8840004
/vessels/details/8461456,LOUIE-26,Fish Carrier,8461456
/vessels/details/548323100,OCEANA MARIA SCUBA,Pleasure craft,548323100
/vessels/details/7125627,RANGER,Tug,7125627
/vessels/details/548573500,LCT 1028,Cargo ship,548573500
/vessels/details/548123000,-MV XGC VOYAGER,Passenger ship,548123000
/vessels/details/8783751,JALISHA BELLE,Oil Products Tanker,8783751
/vessels/details/7101463,FREE STAR,General Cargo Ship,7101463
/vessels/details/9679866,VNG V,Deck Cargo Ship,9679866
/vessels/details/7603320,HAO XIANG,General Cargo Ship,7603320
/vessels/details/9184500,HHIC - F2,Passenger Ship,9184500
/vessels/details/7302146,ANGEL,Tug,7302146
/vessels/details/8982383,WEESAM EXPRESS 2,Passenger Ship,8982383
/vessels/details/1080710,EAST WIND 18,Aggregates Carrier,1080710
/vessels/details/8114285,CF NAV1GATOR,General Cargo Ship,8114285
/vessels/details/7311032,LUCKY,General Cargo Ship,7311032
/vessels/details/6608543,LADY RUTH,Passenger Ship,6608543
/vessels/details/9962005,SANGKO UNO 67,Aggregates Carrier,9962005
/vessels/details/7736050,MINDANAO CEMENT 4,General Cargo Ship,7736050
/vessels/details/8558974,NAT NAT VII,Fish Carrier,8558974
/vessels/details/9259630,RASALAS,Container Ship,9259630
/vessels/details/8735699,ROSALITA,Oil Products Tanker,8735699
/vessels/details/7935151,HARIN TRANSPORT 14,General Cargo Ship,7935151
/vessels/details/9114098,ALVIN V,General Cargo Ship,9114098
/vessels/details/8674302,MV SL RUBY,Hopper Dredger,8674302
/vessels/details/9172985,KEID,Tug,9172985
/vessels/details/9099195,SANTA MONICA,General Cargo Ship,9099195
/vessels/details/7604506,LANDER PETER,General Cargo Ship,7604506
/vessels/details/7933268,PREMSHIP 16,General Cargo Ship,7933268
/vessels/details/2755922,YELLOW PIKE,Fish Carrier,2755922
/vessels/details/9805518,MTKR. AGNAYA,Bunkering Tanker,9805518
/vessels/details/8946042,MONTE REY,General Cargo Ship,8946042
/vessels/details/548412800,MTUG DENEB,Tug,548412800
/vessels/details/8946145,ASC SUSAN,Landing Craft,8946145
/vessels/details/8796289,RRCS-19,Fish Carrier,8796289
/vessels/details/548031818,LCT 268,Unknown,548031818
/vessels/details/8599423,YONG SHENG699,Aggregates Carrier,8599423
/vessels/details/8827624,MV-SEABORNE CARGO 2,General Cargo Ship,8827624
/vessels/details/8623016,BUENA SUERTE J-909,Fishing Vessel,8623016
/vessels/details/8945438,LUZ MARIA VL,Fishing Vessel,8945438
/vessels/details/9706982,LCT 378,Deck Cargo Ship,9706982
/vessels/details/8870504,FORTUNE ODYSSEY,General Cargo Ship,8870504
/vessels/details/7709825,SAL DIECINUEVE,Fishing Vessel,7709825
/vessels/details/548385700,HMI AIRE,Towing vessel,548385700
/vessels/details/7853236,AZALEA 2,Fish Carrier,7853236
/vessels/details/8796899,MAMA LOURDES-3,Fishing Vessel,8796899
/vessels/details/7914200,ASEAN PEARL,General Cargo Ship,7914200
/vessels/details/8351156,MARIA CONCEPCION,General Cargo Ship,8351156
/vessels/details/8846228,MOSES VIII,General Cargo Ship,8846228
/vessels/details/7400950,PAGBILAO I,Tug,7400950
/vessels/details/8815619,UNILINK 3,Aggregates Carrier,8815619
/vessels/details/9766035,ADNAMA PACIFIC 106,Deck Cargo Ship,9766035
/vessels/details/8881644,SUPER ISLAND EXPRESS III,Passenger Ship,8881644
/vessels/details/5422980,MALASUGUI,Tug,5422980
/vessels/details/8796162,FB KANE-278,Fish Carrier,8796162
/vessels/details/9884710,LOUIE-14,Fishing Vessel,9884710
/vessels/details/7717999,FOREMOST TRADER,General Cargo Ship,7717999
/vessels/details/9229154,PALO ALTO,Oil Products Tanker,9229154
/vessels/details/8021634,DON JOSE CANDANO 1,General Cargo Ship,8021634
/vessels/details/7212872,PURPLE BEAUTY,Fishing Vessel,7212872
/vessels/details/7729629,PILSENER,Tug,7729629
/vessels/details/548012060,MTUG KANDAR,Tug,548012060
/vessels/details/8426224,VIRGINIA VI,Passenger/General Cargo Ship,8426224
/vessels/details/8720527,FORTIS XII,Tug,8720527
/vessels/details/8225814,DOLORES 829,Fishing Vessel,8225814
/vessels/details/7648851,GOLDEN VOYAGE,General Cargo Ship,7648851
/vessels/details/8102361,DOLORES 838,Fishing Vessel,8102361
/vessels/details/8708971,ROYAL DOLPHIN,Passenger/Ro-Ro Cargo Ship,8708971
/vessels/details/1130034,SANTA JULIANA,Passenger/Ro-Ro Cargo Ship,1130034
/vessels/details/548522700,LC296,Military ops,548522700
/vessels/details/9871218,LCT POSEIDON 37,Deck Cargo Ship,9871218
/vessels/details/5254060,NITTSU MARU NO. 3,Passenger Ship,5254060
/vessels/details/8357526,SHENG PING 008,Aggregates Carrier,8357526
/vessels/details/548922900,YONGXIN1,Other type,548922900
/vessels/details/7405338,STARLITE VOYAGER,Passenger Ship,7405338
/vessels/details/548178400,MV DONA JUANA 7,Cargo ship,548178400
/vessels/details/7126621,RITCHIE 813,Fishing Vessel,7126621
/vessels/details/9984120,ZHONG XING HANG 268,Aggregates Carrier,9984120
/vessels/details/8125260,SUBURBAN,General Cargo Ship,8125260
/vessels/details/8348094,LB SOPHIA,Fishing vessel,8348094
/vessels/details/548001105,TUG SUPER BIG MAMA,Tug,548001105
/vessels/details/548922700,MV SANTA EDITHA,Passenger ship,548922700
/vessels/details/8914893,ANDREA PRINCESS II,General Cargo Ship,8914893
/vessels/details/8909733,G-1,Fishing Vessel,8909733
/vessels/details/9698484,LCT-369,Landing Craft,9698484
/vessels/details/548728300,LCT 208,Cargo ship,548728300
/vessels/details/8844830,LADY OF WISDOM,General Cargo Ship,8844830
/vessels/details/7510092,JOY 88,Tug,7510092
/vessels/details/9168960,BRP H VENTURA,Research Vessel,9168960
/vessels/details/9488190,MTKR STAR SIRIUS,Oil Products Tanker,9488190
/vessels/details/8797128,WARREN-6,Fish Carrier,8797128
/vessels/details/9099377,LCT NAVISTAR,Landing Craft,9099377
/vessels/details/548954102,ML LHENA,Cargo ship,548954102
/vessels/details/8946028,MT MALOLOS,Bunkering Tanker,8946028
/vessels/details/7035602,PADANG BAY,Tug,7035602
/vessels/details/5410353,ALYSS,Fishing Vessel,5410353
/vessels/details/548498200,MCS 3007,Other type,548498200
/vessels/details/1089534,MV GT ALPHA 1,Deck Cargo Ship,1089534
/vessels/details/8945452,JEHOVAH RAPHA,Fishing Vessel,8945452
/vessels/details/548043333,QUANG 29 D9,Pleasure craft,548043333
/vessels/details/8022171,EASTERN WORLD,General Cargo Ship,8022171
/vessels/details/548580000,FV JOE TURNER,Fishing vessel,548580000
/vessels/details/7624893,CRISTINA,Landing Craft,7624893
/vessels/details/9869461,JOY 300,Oil Products Tanker,9869461
/vessels/details/7509859,BAGRAS,Ro-Ro Cargo Ship,7509859
/vessels/details/8944642,DR. SUEZ I,General Cargo Ship,8944642
/vessels/details/548913500,MTUG GREAT HAWK,Tug,548913500
/vessels/details/7322471,VANDA 888,Refrigerated Cargo Ship,7322471
/vessels/details/548680300,MV LADY OF GUIDANCE,Cargo ship,548680300
/vessels/details/7106530,DAVID EDWARD,General Cargo Ship,7106530
/vessels/details/9679995,CTH 181,Aggregates Carrier,9679995
/vessels/details/548100016,SUNSHINE GLORY,Cargo ship,548100016
/vessels/details/9004619,SILANGAN EXPRESS - 3,Passenger Ship,9004619
/vessels/details/8797415,MANAOAG-2,Fishing Vessel,8797415
/vessels/details/7935539,ANNA BIANCA,Fish Carrier,7935539
/vessels/details/8425490,ARGINA,Oil Products Tanker,8425490
/vessels/details/8944874,GOLDEN ASIA,Landing Craft,8944874
/vessels/details/8462723,YANREYD-293,Fish Carrier,8462723
/vessels/details/8876883,VICTOR 89,Fishing Vessel,8876883
/vessels/details/7929839,SEA VALOR D.R.,Fishing Vessel,7929839
/vessels/details/8652897,LCT 198,Aggregates Carrier,8652897
/vessels/details/8806448,LILYGENE 1,General Cargo Ship,8806448
/vessels/details/7026390,UNION BULK,Cement Carrier,7026390
/vessels/details/8427802,QUEEN AMIE III,General Cargo Ship,8427802
/vessels/details/7613258,WOLVERINE,General Cargo Ship,7613258
/vessels/details/9989338,CROWN TRADER,Bulk Carrier,9989338
/vessels/details/7237999,ALBACORE,Fishing Vessel,7237999
/vessels/details/7856745,IBUKI,Patrol Vessel,7856745
/vessels/details/548502000,THANCAUMC- 26,Fishing vessel,548502000
/vessels/details/9330458,ANDREA SC,Oil Products Tanker,9330458
/vessels/details/548456789,A B C VIET NAM,Fishing vessel,548456789
/vessels/details/1125247,MV MANOLING 6,Deck Cargo Ship,1125247
/vessels/details/548707300,SF TRADER,Cargo ship,548707300
/vessels/details/9072800,FORTUNE HARVEST,General Cargo Ship,9072800
/vessels/details/9870989,MTKR ARARIEL FAYE,Oil Products Tanker,9870989
/vessels/details/8920024,ANIKA MICHELLE,Refrigerated Cargo Ship,8920024
/vessels/details/8510312,UNILINK II,General Cargo Ship,8510312
/vessels/details/9680372,FAST CAT M1,Passenger/Ro-Ro Cargo Ship,9680372
/vessels/details/8425749,MACTAN EXPRESS,Passenger/General Cargo Ship,8425749
/vessels/details/7411791,SANTA BERNARDITA 2,General Cargo Ship,7411791
/vessels/details/8952027,NAPOCOR TUGBOAT 1,Tug,8952027
/vessels/details/8116752,CHRISTIANSSEN VI,Utility Vessel,8116752
/vessels/details/8427876,PETROTRADE I,Oil Products Tanker,8427876
/vessels/details/1127544,MV 1020,Deck Cargo Ship,1127544
/vessels/details/8642622,BRP SAN JUAN,Search & Rescue Vessel,8642622
/vessels/details/548774300,MV MELRIVIC TWO,Passenger ship,548774300
/vessels/details/8839500,JAKE VINCENT CINCO,General Cargo Ship,8839500
/vessels/details/7210070,SEA WOLF 1,Fishing Vessel,7210070
/vessels/details/9153848,ALESON CONCARRIER 15,General Cargo Ship,9153848
/vessels/details/9003897,CYCLOPS,General Cargo Ship,9003897
/vessels/details/7827823,TAIKEI MARU NO. 52,Fishing Vessel,7827823
/vessels/details/8785797,LOUIE-10,Fish Carrier,8785797
/vessels/details/7395686,GOLDEN SAPPHIRE,Fishing Vessel,7395686
/vessels/details/548939000,SANKO UNO 13,Cargo ship,548939000
/vessels/details/9687954,AVIVA 80,Deck Cargo Ship,9687954
/vessels/details/548295500,ROROMASTER3,Passenger ship,548295500
/vessels/details/7395844,ANITA DEE JAY,Fishing Vessel,7395844
/vessels/details/548610500,LCT MARTIN 3,Anti-polution,548610500
/vessels/details/8945115,GLORIA TWO,Passenger/General Cargo Ship,8945115
/vessels/details/9542099,MAHRA,Landing Craft,9542099
/vessels/details/7933139,JEWEL FAYE,General Cargo Ship,7933139
/vessels/details/548467500,LCT MAGNUS,Cargo ship,548467500
/vessels/details/7304778,SALVOR,Tug,7304778
/vessels/details/8944812,MARIA CRISTINA 2,General Cargo Ship,8944812
/vessels/details/548042300,MV KELLY,Cargo ship,548042300
/vessels/details/9947902,ALPHA CARRIER,Landing Craft,9947902
/vessels/details/548001002,SEDAR 6,Tug,548001002
/vessels/details/7225465,MONALINDA 40,Fishing Vessel,7225465
/vessels/details/7120225,DOLORES 828,Fishing Vessel,7120225
/vessels/details/8881632,TAKOJIMA MARU NO. 77,Fishing Vessel,8881632
/vessels/details/7335545,WINDSTAR,General Cargo Ship,7335545
/vessels/details/6705535,MARLYD DLS 88,Fishing Vessel,6705535
/vessels/details/8796368,MARK ANTHONY 15,Fish Carrier,8796368
/vessels/details/8696922,RELL RENN 20,Fishing Vessel,8696922
/vessels/details/8122206,SARANGANI VIII,Fishing Vessel,8122206
/vessels/details/548799300,LCT POSEIDON 11,Cargo ship,548799300
/vessels/details/548777777,SHUTTLE FERRY 17,Tanker,548777777
/vessels/details/6922315,SKIPJACK,Tug,6922315
/vessels/details/6619140,HEREKINO,Tug,6619140
/vessels/details/8035532,JOHN ROGER,General Cargo Ship,8035532
/vessels/details/7434274,ZINNIA 5,Fishing Vessel,7434274
/vessels/details/548000018,MV CTP-IV,Cargo ship,548000018
/vessels/details/8839952,QUEEN CECILIA DOS,General Cargo Ship,8839952
/vessels/details/7916791,DOLLY 798,Refrigerated Cargo Ship,7916791
/vessels/details/8408117,GEMINI 10,Passenger Ship,8408117
/vessels/details/8823214,JINSEI MARU NO. 1,General Cargo Ship,8823214
/vessels/details/6820103,SILVER GLORY,Fishing Vessel,6820103
/vessels/details/9164665,MT RANA II,Oil Products Tanker,9164665
/vessels/details/8869684,FORTUNE SPARKLE,General Cargo Ship,8869684
/vessels/details/548999001,MV DAWN TREADER,Cargo ship,548999001
/vessels/details/8425373,MERCEDES I,Oil Products Tanker,8425373
/vessels/details/8946121,MAYETTE,Fishing Vessel,8946121
/vessels/details/548621300,LCT 38,Cargo ship,548621300
/vessels/details/6725482,ELAINE JOYCE III,Fishing Vessel,6725482
/vessels/details/548259100,MTUG SARGAS,Tug,548259100
/vessels/details/9956898,LAGOON TRADER,Bulk Carrier,9956898
/vessels/details/9141663,MV OCEAN EXCELLENCE,General Cargo Ship,9141663
/vessels/details/8100923,MIKA MARI III,Passenger/Ro-Ro Cargo Ship,8100923
/vessels/details/548407700,MARY QUEEN OF HOPE,Tanker,548407700
/vessels/details/548854200,MV MA.HELENA,Passenger ship,548854200
/vessels/details/548222522,MB ZHYRYNE 2,Cargo ship,548222522
/vessels/details/548220500,MV DONSALVADOR,Other type,548220500
/vessels/details/7805332,ROYAL GOLD,Fishing Vessel,7805332
/vessels/details/548057300,LCT D. TRINIDAD III,Cargo ship,548057300
/vessels/details/8884086,JOSE,Passenger Ship,8884086
/vessels/details/7620744,TRANS-ASIA 2,Passenger/Ro-Ro Cargo Ship,7620744
/vessels/details/548613500,SEADOORS,Passenger ship,548613500
/vessels/details/7808994,CARNIVAL,LPG Tanker,7808994
/vessels/details/7706110,SAL VIENTE SEIS,Fishing Vessel,7706110
/vessels/details/548000022,LCT SIR CARLO1476,Cargo ship,548000022
/vessels/details/6715425,MARIA LOU-A,Fishing Vessel,6715425
/vessels/details/9103518,JERLYN LILY,General Cargo Ship,9103518
/vessels/details/9114103,QUEEN OF PROVIDENCE,General Cargo Ship,9114103
/vessels/details/548604500,TUG 98,Tug,548604500
/vessels/details/7649142,MONALINDA 81,Water Tanker,7649142
/vessels/details/548869200,REINA DELUNA,Unknown,548869200
/vessels/details/8945799,MALAKAS,Tug,8945799
/vessels/details/7818949,TA YU,General Cargo Ship,7818949
/vessels/details/548032200,EASTWIND9,Other type,548032200
/vessels/details/9831232,MV DA BFAR MMOV5001,Fishing Support Vessel,9831232
/vessels/details/7638870,POPEYE,Tug,7638870
/vessels/details/9661302,MTKR - JEWEL FAITH,Oil Products Tanker,9661302
/vessels/details/1128782,TWIN HORIZON,Passenger Ship,1128782
/vessels/details/7905390,BONTOC PEN,Fishing Vessel,7905390
/vessels/details/8011201,SANTIAGO NO. 10,Fishing Vessel,8011201
/vessels/details/8122268,ARNEB,Tug,8122268
/vessels/details/1025356,SOUTHWARDFLYING278,Bulk Carrier,1025356
/vessels/details/7343504,OCEANA MARIA SCUBA,Yacht,7343504
/vessels/details/7122869,OUR LADY OF FATIMA,Fishing Vessel,7122869
/vessels/details/8990392,DANILLE,Landing Craft,8990392
/vessels/details/7231581,GUAPO,Tug,7231581
/vessels/details/8926391,EASTERN CEBU,General Cargo Ship,8926391
/vessels/details/7123203,MANILA MARINE 2,Fishing Vessel,7123203
/vessels/details/6705509,CHRYSANTHENUM,Fishing Vessel,6705509
/vessels/details/1015521,BRP DATU ROMAPENET,Fishing Support Vessel,1015521
/vessels/details/8879093,EMPRESS AMY-DOS,General Cargo Ship,8879093
/vessels/details/7945950,BONTOC,Tug,7945950
/vessels/details/8599497,SOUTHWARD FLYING 279,Aggregates Carrier,8599497
/vessels/details/9779886,MT CHELSEA CHARLIZE,Oil Products Tanker,9779886
/vessels/details/8625820,FUJISAN MARU,General Cargo Ship,8625820
/vessels/details/7935280,SUPER SHUTTLE FERRY 23,Passenger/Ro-Ro Cargo Ship,7935280
/vessels/details/7911179,PATRICIA,General Cargo Ship,7911179
/vessels/details/548061100,SARV-5604,SAR,548061100
/vessels/details/8428143,DON RUDITO,General Cargo Ship,8428143
/vessels/details/548472900,MIMAS,Pleasure craft,548472900
/vessels/details/7351965,ROVER,Tug,7351965
/vessels/details/8796904,LADY GELAINE-17,Fish Carrier,8796904
/vessels/details/8410744,HUMMER H1,General Cargo Ship,8410744
/vessels/details/8035881,MILAGROSA J DOS,General Cargo Ship,8035881
/vessels/details/7501417,SQUIRREL,General Cargo Ship,7501417
/vessels/details/8657067,METAL HAWK,Landing Craft,8657067
/vessels/details/9109225,MTUG ENERGY VALOR,Tug,9109225
/vessels/details/8342909,LCT GOLDEN SWAN,Landing Craft,8342909
/vessels/details/548190907,ZHESHENGYU05548-7,Unknown,548190907
/vessels/details/6711871,MONGOOSE,General Cargo Ship,6711871
/vessels/details/8945074,TEXAS,Tug,8945074
/vessels/details/548999037,JASMIN MICHELLE-I,Unknown,548999037
/vessels/details/548000389,LCT ASC BERNARD,Cargo ship,548000389
/vessels/details/8351077,EIYOSHI MARU NO. 5,General Cargo Ship,8351077
/vessels/details/8815396,TUG 10,Tug,8815396
/vessels/details/7502112,TAWI TAWI PEARL I,Landing Craft,7502112
/vessels/details/8009791,DONA TRINIDAD III,Landing Craft,8009791
/vessels/details/6920446,MALIGAYA,Ro-Ro Cargo Ship,6920446
/vessels/details/7724693,ROSALINDA,General Cargo Ship,7724693
/vessels/details/7123629,DON RAMON B,Fishing Vessel,7123629
/vessels/details/9063550,RKK OTSO,General Cargo Ship,9063550
/vessels/details/9810537,ANDRINA 200,Oil Products Tanker,9810537
/vessels/details/9881586,FASTCAT M15,Passenger/Ro-Ro Cargo Ship,9881586
/vessels/details/548899905,ML NIHAR II,Cargo ship,548899905
/vessels/details/8631178,TRANSEND I,General Cargo Ship,8631178
/vessels/details/8427931,SAN PEDRO SAN PABLO,Tug,8427931
/vessels/details/548008008,KHERI-8,Cargo ship,548008008
/vessels/details/8797439,JOCELYN-II,Fish Carrier,8797439
/vessels/details/548219500,KADIWA,Cargo ship,548219500
/vessels/details/548004033,ML. OCEAN EXPRESS,Cargo ship,548004033
/vessels/details/8944616,CHRYSLER,General Cargo Ship,8944616
/vessels/details/9566681,DONA DARIANA BRIELLE,General Cargo Ship,9566681
/vessels/details/548000988,LCT988,Cargo ship,548000988
/vessels/details/8403789,PURPLE ASTER 888,Fishing Vessel,8403789
/vessels/details/7611810,SEA RAIDER,General Cargo Ship,7611810
/vessels/details/9424821,ASIAN JEWEL,General Cargo Ship,9424821
/vessels/details/8341474,WARPRINCE,Tug,8341474
/vessels/details/9809423,BRP MALABRIGO,Patrol Vessel,9809423
/vessels/details/8111037,MINDANAO CEMENT 9,General Cargo Ship,8111037
/vessels/details/7706299,MARIA VERONICA,LPG Tanker,7706299
/vessels/details/8945830,PLARIDEL,Bunkering Tanker,8945830
/vessels/details/9084815,SF OMEGA,General Cargo Ship,9084815
/vessels/details/548003205,HONGFA158,Cargo ship,548003205
/vessels/details/8653358,AVIVA 4,General Cargo Ship,8653358
/vessels/details/7727645,TUG 88,Tug,7727645
/vessels/details/548613300,548613300,Cargo ship,548613300
/vessels/details/7009160,QUEEN BEE V,Fishing Vessel,7009160
/vessels/details/7512674,JUANCHO,Fishing Vessel,7512674
/vessels/details/8797166,SULAWESI STAR,Fish Carrier,8797166
/vessels/details/548999018,ML INDAH NAS II,Cargo ship,548999018
/vessels/details/9745392,FAST CAT M8,Passenger/Ro-Ro Cargo Ship,9745392
/vessels/details/548415800,MTUG REGULUS,Tug,548415800
/vessels/details/9808388,MT MATIPUNO,Oil Products Tanker,9808388
/vessels/details/548716200,MCS 3008,Other type,548716200
/vessels/details/548406700,MARYQUEEN OF CHARITY,Tanker,548406700
/vessels/details/9735701,AIRA-1,Bunkering Tanker,9735701
/vessels/details/548438500,MV XGC EXPLORER,Passenger ship,548438500
/vessels/details/7821685,SUMBERMAS SEGARA 801,Fishing Vessel,7821685
/vessels/details/8745589,SUPERCAT 26,Passenger Ship,8745589
/vessels/details/7396020,KRISTEL JANE 2,Passenger Ship,7396020
/vessels/details/8015776,SUGBU 2,Tug,8015776
/vessels/details/8653360,AVIVA 5,General Cargo Ship,8653360
/vessels/details/8419544,MARIA ERLINDA,Refrigerated Cargo Ship,8419544
/vessels/details/6829484,STARLITE FERRY 5,Passenger/Landing Craft,6829484
/vessels/details/8814469,RAWDA EXPRESS 1,Passenger Ship,8814469
/vessels/details/7018305,DENNIS,Fishing Vessel,7018305
/vessels/details/8352502,LCT POSEIDON 42,Deck Cargo Ship,8352502
/vessels/details/9735402,LCT 188,Deck Cargo Ship,9735402
/vessels/details/7905340,MARILAG I,Fishing Vessel,7905340
/vessels/details/8910524,MT ENIR,Tug,8910524
/vessels/details/548001826,ML.FATIMA SHAKIRA,Cargo ship,548001826
/vessels/details/7330715,DONRICH,Crane Ship,7330715
/vessels/details/1032737,APOLLO HINA,General Cargo Ship,1032737
/vessels/details/548310200,VANDA 888,Cargo ship,548310200
/vessels/details/7313195,DOLLY 757,Fishing Vessel,7313195
/vessels/details/8951982,MARISS,Passenger/Ro-Ro Cargo Ship,8951982
/vessels/details/7904425,KORYO MARU NO. 38,Fishing Vessel,7904425
/vessels/details/7322457,MONALINDA 77,Refrigerated Cargo Ship,7322457
/vessels/details/8122804,BALENA II,Yacht,8122804
/vessels/details/9723813,MTKR GIRONA,Oil Products Tanker,9723813
/vessels/details/8946303,ALASKA VIII,Fishing Vessel,8946303
/vessels/details/9176814,MT MAKISIG,Oil Products Tanker,9176814
/vessels/details/9501631,MA VERONICA,Oil Products Tanker,9501631
/vessels/details/7724899,QUEEN OF PEACE,General Cargo Ship,7724899
/vessels/details/8890803,FORTUNE PROSPERITY,General Cargo Ship,8890803
/vessels/details/548241133,ZHESHENGYU05548-33,Unknown,548241133
/vessels/details/6619059,DONA LIBRADA,Fishing Vessel,6619059
/vessels/details/9885609,MV.LITE CAT 2,Passenger/Ro-Ro Cargo Ship,9885609
/vessels/details/8425907,ALEXANDRIA,Landing Craft,8425907
/vessels/details/6803789,PAUL GERARD,Fishing Vessel,6803789
/vessels/details/548000390,LCT NATHAN,Unknown,548000390
/vessels/details/9667679,LCT MEILING 6,Landing Craft,9667679
/vessels/details/8945153,MARK MARIA MILA,Fishing Vessel,8945153
/vessels/details/7913830,FILIPINAS ILOILO,Passenger/Ro-Ro Cargo Ship,7913830
/vessels/details/8118475,STAR CONCEPCION,General Cargo Ship,8118475
/vessels/details/548719500,MTKR JOY 120,Tanker,548719500
/vessels/details/8505331,TUG 60,Tug,8505331
/vessels/details/9781451,ELYNA,Deck Cargo Ship,9781451
/vessels/details/7825203,MONALINDA 72,Fishing Vessel,7825203
/vessels/details/8217166,WESTERN COAST,Refrigerated Cargo Ship,8217166
/vessels/details/9146259,JAKE VINCENT ONCE,General Cargo Ship,9146259
/vessels/details/8815530,ST.AUGUSTINE OFHIPPO,Passenger/Ro-Ro Cargo Ship,8815530
/vessels/details/9041473,GREAT FALCON,Tug,9041473
/vessels/details/9262015,MV LORCON ILOILO,General Cargo Ship,9262015
/vessels/details/548792000,PRINCESS JANICE 168,Other type,548792000
/vessels/details/7935565,FB PRINCESS MAVIE-888,Fishing Vessel,7935565
/vessels/details/8631087,REGINA CALIXTA VIII,Passenger/Ro-Ro Cargo Ship,8631087
/vessels/details/548008682,SAN00868-2-47,Unknown,548008682
/vessels/details/8357502,HARVEST68,Aggregates Carrier,8357502
/vessels/details/7900455,ASIAN STAR,Passenger Ship,7900455
/vessels/details/9728904,GOLDEN STAR 5,Landing Craft,9728904
/vessels/details/8425476,ARASPLY CARRIER,Passenger/General Cargo Ship,8425476
/vessels/details/9125516,TRISHA KERSTIN 3,Passenger/Ro-Ro Cargo Ship,9125516
/vessels/details/8786727,VMC-188,Fishing Vessel,8786727
/vessels/details/548069900,LCT GT EXPRESS 2,Cargo ship,548069900
/vessels/details/548099200,MV 4BROS,Cargo ship,548099200
/vessels/details/7937070,TSUIKI MARU NO. 11,Fishing Vessel,7937070
/vessels/details/548240550,PORT OF ILIGAN,WIG,548240550
/vessels/details/548058900,MTUG SIRIUS,Tug,548058900
/vessels/details/1104841,BRP DATU MANOOC,Fishing Support Vessel,1104841
/vessels/details/9105621,ZACHARY,General Cargo Ship,9105621
/vessels/details/548592300,TUG 28,Towing vessel,548592300
/vessels/details/8628626,DEOROD,Fishing Vessel,8628626
/vessels/details/8221002,JON DEXTER II,General Cargo Ship,8221002
/vessels/details/6717514,MATINLOC 1,Tug,6717514
/vessels/details/8125296,REIGN CALVIN,Chemical Tanker,8125296
/vessels/details/9296145,SAIPH,Tug,9296145
/vessels/details/7727920,FB TRESKA,Fishing Vessel,7727920
/vessels/details/548000376,LCT ASC RAENELL,Cargo ship,548000376
/vessels/details/548060100,MV SUN CRUISER ONE,Passenger ship,548060100
/vessels/details/7314266,STO. DOMINGO,Passenger/Ro-Ro Cargo Ship,7314266
/vessels/details/6821420,MONALINDA XXIV,Fishing Vessel,6821420
/vessels/details/548012325,ENERGY AQUARIUS,Tug,548012325
/vessels/details/9263007,MV SL DIWATA 8,General Cargo Ship,9263007
/vessels/details/548662000,BRP BATANGAS 5605PCG,SAR,548662000
/vessels/details/8350970,KATE,General Cargo Ship,8350970
/vessels/details/7902855,KONG FAT,General Cargo Ship,7902855
/vessels/details/6802890,JEAN GRACE,Fishing Vessel,6802890
/vessels/details/8357942,HONG FU 558,Aggregates Carrier,8357942
/vessels/details/8877071,YURA MARU NO. 18,General Cargo Ship,8877071
/vessels/details/8427400,STO. NINO DE SOLEDAD,General Cargo Ship,8427400
/vessels/details/548749300,MELRIVIC SEVEN,Passenger ship,548749300
/vessels/details/7714478,KIKU MARU NO. 15,Fishing Vessel,7714478
/vessels/details/7635567,MOLAHAULER,Molasses Tanker,7635567
/vessels/details/8315580,KATIPUNAN,Landing Craft,8315580
/vessels/details/9873321,LITE FERRY FIVE,Passenger/Ro-Ro Cargo Ship,9873321
/vessels/details/7238486,DOLORES 830,Fishing Vessel,7238486
/vessels/details/7613210,RAGAY GULF ST. JUDE,Chemical Tanker,7613210
/vessels/details/9754185,LCT EVERWIN 2,Deck Cargo Ship,9754185
/vessels/details/8655784,MV CITY OF CALAPAN,Passenger Ship,8655784
/vessels/details/548134345,DAM D9 CAU GU,HSC,548134345
/vessels/details/5199806,JARED GABRIEL,Fishing Vessel,5199806
/vessels/details/9690470,LCT 708,Landing Craft,9690470
/vessels/details/8558948,DANIEL DAVE 9,Fish Carrier,8558948
/vessels/details/7118284,PAGADIAN CITY,Passenger/General Cargo Ship,7118284
/vessels/details/8912716,MT SL MALUNGGAY,Oil Products Tanker,8912716
/vessels/details/9058658,MV EMPEROR BB 2,General Cargo Ship,9058658
/vessels/details/548442500,LCT COASTALINK 1,Cargo ship,548442500
/vessels/details/9781463,ASC DAVID,Deck Cargo Ship,9781463
/vessels/details/548139500,MTUG CHRISTIANSSEN 1,Unknown,548139500
/vessels/details/548000108,TUG 108,Unknown,548000108
/vessels/details/8895944,PACIFIC EXPLORER,Passenger (Cruise) Ship,8895944
/vessels/details/548113600,NAVI 1,Unknown,548113600
/vessels/details/9780691,VNG XIV,Deck Cargo Ship,9780691
/vessels/details/9704934,JULIANA 33,Deck Cargo Ship,9704934
/vessels/details/9033268,JAKE VINCENT TRES,General Cargo Ship,9033268
/vessels/details/7212822,ROLANDO D. R.,Fishing Vessel,7212822
/vessels/details/548385800,CITY OF ROXAS,Cargo ship,548385800
/vessels/details/7705348,GOLDEN SEA,Fishing Vessel,7705348
/vessels/details/9907988,MT MAUNLAD,Oil Products Tanker,9907988
/vessels/details/9917323,JOY 120,Oil Products Tanker,9917323
/vessels/details/8425957,RAE ERVIN 5,Fishing Vessel,8425957
/vessels/details/8957546,SAUSALITO,Oil Products Tanker,8957546
/vessels/details/8014306,MARIA DELIA,Oil Products Tanker,8014306
/vessels/details/7810686,CHOCTAW,Tug,7810686
/vessels/details/7740063,GEORGE 2,Fishing Vessel,7740063
/vessels/details/7735343,EDUARDO 88,Fishing Vessel,7735343
/vessels/details/9614373,WAWASAN 5,Landing Craft,9614373
/vessels/details/548793200,RORO MASTER 2,Passenger ship,548793200
/vessels/details/8823850,QUEEN OF GOOD VOYAGE,General Cargo Ship,8823850
/vessels/details/7419585,ANLUCIA,Tug,7419585
/vessels/details/7513719,SAL DIECIOCHO,Fishing Vessel,7513719
/vessels/details/7535626,WILYN,Fishing Vessel,7535626
/vessels/details/8217049,SL LIMAY 1,Tug,8217049
/vessels/details/7950345,LIBERTY V,Fishing Vessel,7950345
/vessels/details/8108535,DOLORES 837,Fishing Vessel,8108535
/vessels/details/8870243,LAURIN JOY,General Cargo Ship,8870243
/vessels/details/8787783,MONTE MARIA,Landing Craft,8787783
/vessels/details/7650892,AZUCAR 1,General Cargo Ship,7650892
/vessels/details/548950500,STO.NINO NAVISTAR,Unknown,548950500
/vessels/details/8796435,TS 2014-A,Fishing Vessel,8796435
/vessels/details/8823915,ETHAN,General Cargo Ship,8823915
/vessels/details/548059300,MV RODOLFO JR,Cargo ship,548059300
/vessels/details/7921502,JABEZ,General Cargo Ship,7921502
/vessels/details/1105091,ST.ANNE 3,Deck Cargo Ship,1105091
/vessels/details/7370399,LAKBAYAN UNO,Passenger Ship,7370399
/vessels/details/8223892,MAP,Tug,8223892
/vessels/details/8661238,HAI RUN 6,General Cargo Ship,8661238
/vessels/details/7916301,GOLDEN SHOWER 888,Refrigerated Cargo Ship,7916301
/vessels/details/7520748,MOBIL PROVINCIAL II,Oil Products Tanker,7520748
/vessels/details/8410627,LORENZ V,General Cargo Ship,8410627
/vessels/details/6518554,PRINCESS OF ANTIQUE,Passenger/Ro-Ro Cargo Ship,6518554
/vessels/details/548740212,ML SOUVENIR,Cargo ship,548740212
/vessels/details/8654326,MAGNUS,Aggregates Carrier,8654326
/vessels/details/8724872,SILVER TUNA B,Fishing Vessel,8724872
/vessels/details/9622538,SEAMINE 6,Landing Craft,9622538
/vessels/details/7830117,LILAW,LPG Tanker,7830117
/vessels/details/7535573,FILIPINAS DUMAGUETE,Passenger Ship,7535573
/vessels/details/548725500,MV REGENT 109,Dredging or UW ops,548725500
/vessels/details/8558962,DANIEL DAVE VIII,Fish Carrier,8558962
/vessels/details/8014526,DELWIN MATHEW,General Cargo Ship,8014526
/vessels/details/8944769,JASAAN,Oil Products Tanker,8944769
/vessels/details/548924500,BRP BORACAY,Other type,548924500
/vessels/details/8796590,STO. NINO-878,Fish Carrier,8796590
/vessels/details/8408739,MV REINA IMMACULADA,Passenger/Ro-Ro Cargo Ship,8408739
/vessels/details/8851431,NARWHAL,Tug,8851431
/vessels/details/7429566,BILLY HOPE,LPG Tanker,7429566
/vessels/details/548314500,MTUG ENERGY GALAXY,Tug,548314500
/vessels/details/548808000,TUG CABILAO,Tug,548808000
/vessels/details/7624934,GULF QUEEN,Oil Products Tanker,7624934
/vessels/details/7210068,RUFFY-T-2,Fishing Vessel,7210068
/vessels/details/8946262,BARANGAY,Landing Craft,8946262
/vessels/details/7913945,DELTA III,Passenger Ship,7913945
/vessels/details/548408500,RORO MASTER 5,Passenger ship,548408500
/vessels/details/6726527,MAYANNE 3,Fishing Vessel,6726527
/vessels/details/7852414,DANICA JOY 1,Passenger/Ro-Ro Cargo Ship,7852414
/vessels/details/9729295,PAPA RESTY,Fishing Vessel,9729295
/vessels/details/6518700,MANONG,Tug,6518700
/vessels/details/1086659,BRP DATU BALENSUSA,Fishing Support Vessel,1086659
/vessels/details/8774671,MTKR OYELLE,Oil Products Tanker,8774671
/vessels/details/6823569,RUBY I,Passenger/Ro-Ro Cargo Ship,6823569
/vessels/details/8425830,DANILO 4,Passenger/General Cargo Ship,8425830
/vessels/details/8324189,ROBERT RAYMOND,Fishing Vessel,8324189
/vessels/details/8875308,MT LEILA MICAELA,Chemical/Oil Products Tanker,8875308
/vessels/details/9021162,ALFONSO MIGUEL,General Cargo Ship,9021162
/vessels/details/548567300,MV FORTUNE GALORE,Other type,548567300
/vessels/details/9053440,ANTONIA 1,Vehicles Carrier,9053440
/vessels/details/548130500,MV ARCHANGEL,Passenger ship,548130500
/vessels/details/7105873,MARLYD II,Fishing Vessel,7105873
/vessels/details/548717200,MCS3009,Other type,548717200
/vessels/details/9079511,MASON 1,General Cargo Ship,9079511
/vessels/details/8692392,RELL RENN C 8,Fishing Vessel,8692392
/vessels/details/548080500,MTUG DUBHE,Tug,548080500
/vessels/details/9020144,ANGELICA MARIE,General Cargo Ship,9020144
/vessels/details/8860224,CLYDESDALE III,Oil Products Tanker,8860224
/vessels/details/9745342,FASTCAT M5,Passenger/Ro-Ro Cargo Ship,9745342
/vessels/details/7396082,ALBACORA,Fish Carrier,7396082
/vessels/details/6705547,CONSULATE,Fishing Vessel,6705547
/vessels/details/9264609,KAUNLARAN 1,Tug,9264609
/vessels/details/548513500,MV ROSA-6,Dredging or UW ops,548513500
/vessels/details/7033707,J N CARRIER,Passenger/Ro-Ro Cargo Ship,7033707
/vessels/details/548255896,MY GYPSY,Diving ops,548255896
/vessels/details/8660234,ISLANDER 10,Aggregates Carrier,8660234
/vessels/details/7828310,YELLOW BELL 2,Fishing Vessel,7828310
/vessels/details/548848200,MV JUNE ASTER,Passenger ship,548848200
/vessels/details/7903952,SAGARA BABYLYN,Fishing Vessel,7903952
/vessels/details/548262800,SANTA ALBERTA,Passenger ship,548262800
/vessels/details/8425945,DON VICTOR,Oil Products Tanker,8425945
/vessels/details/548082800,JOHN MARK TWO,Fishing vessel,548082800
/vessels/details/8950782,SUN WARM NO. 1,Fishing Vessel,8950782
/vessels/details/548029300,MV ADRIAN JUDE,Passenger ship,548029300
/vessels/details/8717893,ALESON CON CARRIER14,General Cargo Ship,8717893
/vessels/details/7312713,BUENA SUERTE J-86,Refrigerated Cargo Ship,7312713
/vessels/details/5323304,EDUARD LAWRENCE,General Cargo Ship,5323304
/vessels/details/6720406,PRINCESS CAMILLE,Passenger/Ro-Ro Cargo Ship,6720406
/vessels/details/548213500,EVERWIN STAR II,Cargo ship,548213500
/vessels/details/8720606,YUSHIN MARU NO. 8,Aggregates Carrier,8720606
/vessels/details/9686613,LCT 28,Deck Cargo Ship,9686613
/vessels/details/9686601,LCT 268,Deck Cargo Ship,9686601
/vessels/details/548817500,LCT SUNRISER CORDOVA,Cargo ship,548817500
/vessels/details/9679854,VNG III,Deck Cargo Ship,9679854
/vessels/details/9950155,SVITZER BOLBOK,Tug,9950155
/vessels/details/9054212,DOTC TUG I,Tug,9054212
/vessels/details/548300900,MTSC RESOLUTE,Tug,548300900
/vessels/details/8616960,SUPER SHUTTLE FERRY 18,Passenger/Ro-Ro Cargo Ship,8616960
/vessels/details/7715044,DAIKOKU MARU NO. 18,Fish Carrier,7715044
/vessels/details/8021866,DASEAN JOURNEY,Passenger/Ro-Ro Cargo Ship,8021866
/vessels/details/9123130,SYCAMORE GLOBAL 1,Bulk Carrier,9123130
/vessels/details/548596500,TUG 70,Tug,548596500
/vessels/details/9070943,SEASIA 4,Tug,9070943
/vessels/details/7231579,GERONIMO ONE,Tug,7231579
/vessels/details/7331111,UNITY PEACE,Fish Carrier,7331111
/vessels/details/8004492,AGENA,Tug,8004492
/vessels/details/8619144,ROYAL SEAL 2,Passenger/Ro-Ro Cargo Ship,8619144
/vessels/details/8794205,TRITRUST,General Cargo Ship,8794205
/vessels/details/5317915,DOLLY 783,Refrigerated Cargo Ship,5317915
/vessels/details/548786885,PHAO 9220-98,Unknown,548786885
/vessels/details/7312804,ISLANDER I,Tug,7312804
/vessels/details/8110497,EISHIN MARU NO. 11,General Cargo Ship,8110497
/vessels/details/548952200,MV SANTA SOLEDAD,Passenger ship,548952200
/vessels/details/8457508,SWEET GRACE-5,Fishing Vessel,8457508
/vessels/details/548008005,KHERI-5,Cargo ship,548008005
/vessels/details/7322184,TIBURON I,Tug,7322184
/vessels/details/8786210,LOUIE-15,Fish Carrier,8786210
/vessels/details/8122529,FV MAVIENNE,Fishing Vessel,8122529
/vessels/details/8840030,ALESON CON CARRIER 11,General Cargo Ship,8840030
/vessels/details/8946092,MTKR OBANDO,Oil Products Tanker,8946092
/vessels/details/8414312,GRACEFUL STARS,Passenger/Ro-Ro Cargo Ship,8414312
/vessels/details/9681182,ADNAMA PACIFIC 101,Deck Cargo Ship,9681182
/vessels/details/8508498,OBBY III,Fishing Vessel,8508498
/vessels/details/548255500,ROSEMONT 888,Fishing vessel,548255500
/vessels/details/5392800,WOONA,Tug,5392800
/vessels/details/9204142,PRINCESS MARGARET,General Cargo Ship,9204142
/vessels/details/8599409,HONGFA 569,Aggregates Carrier,8599409
/vessels/details/9809411,BRPTUBBATAHA,Patrol Vessel,9809411
/vessels/details/9667693,MEILING 8,Landing Craft,9667693
/vessels/details/8221234,DON SERAFIN,General Cargo Ship,8221234
/vessels/details/7900742,MARINE QUEST,Fishing Vessel,7900742
/vessels/details/548611901,YU 86119-1-25,Unknown,548611901
/vessels/details/1065021,MTKR MALAWIG,Oil Products Tanker,1065021
/vessels/details/548373500,LCT BIRADDALI-1,Cargo ship,548373500
/vessels/details/8706600,MARIA OLIVA,Passenger/Ro-Ro Cargo Ship,8706600
/vessels/details/8911279,SF GUARDIAN,General Cargo Ship,8911279
/vessels/details/548100000,PENDAMAR,Unknown (HAZ-A),548100000
/vessels/details/8421547,KIERSTEN,General Cargo Ship,8421547
/vessels/details/8839873,SHIRANUI NO. 2,Passenger Ship,8839873
/vessels/details/8653932,ROMEO TANGO,Tug,8653932
/vessels/details/9243904,LIKASYAMAN 1,Tug,9243904
/vessels/details/8797362,TS 2012-D,Fish Carrier,8797362
/vessels/details/8135605,MARY IMMACULATE,General Cargo Ship,8135605
/vessels/details/7740300,SEIYO MARU NO. 35,Fish Carrier,7740300
/vessels/details/8626214,CELSA 3,General Cargo Ship,8626214
/vessels/details/9056210,ST. URIEL,Passenger Ship,9056210
/vessels/details/7616391,EISEI MARU NO. 5,General Cargo Ship,7616391
/vessels/details/548534500,LCTPMI3,Cargo ship,548534500
/vessels/details/8848525,IRISH MARIGAYLLE,Fishing Vessel,8848525
/vessels/details/7823683,LAURICE MAE,General Cargo Ship,7823683
/vessels/details/8405244,LITE FERRY 12,Passenger/Ro-Ro Cargo Ship,8405244
/vessels/details/9353199,BINICTICAN,Fire Fighting Vessel,9353199
/vessels/details/8945610,SARAH,Landing Craft,8945610
/vessels/details/8951956,NICO BRYAN,General Cargo Ship,8951956
/vessels/details/8510233,CHELSEA DENISE,Oil Products Tanker,8510233
/vessels/details/8014514,SUNRISER,Passenger/Ro-Ro Cargo Ship,8014514
/vessels/details/7105196,SPARTAN,Tug,7105196
/vessels/details/7709552,KYOEI MARU NO. 2,General Cargo Ship,7709552
/vessels/details/548999088,ML. MYKA EXPRESS,Cargo ship,548999088
/vessels/details/548816200,MTKR PALO ALTO,Tanker,548816200
/vessels/details/9860013,BTC MOUNT MAKILING,Deck Cargo Ship,9860013
/vessels/details/548044300,MV NATHALIE ELLOISE,Cargo ship,548044300
/vessels/details/7109893,SINULOG,General Cargo Ship,7109893
/vessels/details/6715542,MAYA-MAYA,Fishing Vessel,6715542
/vessels/details/548003062,ASC MIGHTY,Towing vessel (tow>200),548003062
/vessels/details/8796916,LADY GELAINE-18,Fishing Vessel,8796916
/vessels/details/8945854,VALVINA 6,Oil Products Tanker,8945854
/vessels/details/9780689,VNG XII,Deck Cargo Ship,9780689
/vessels/details/548876900,MV SEA FORD 12,Other type,548876900
/vessels/details/9300104,MV SILANGAN VII,Passenger Ship,9300104
/vessels/details/8648016,PURPLE BEAUTY-888,Fishing Vessel,8648016
/vessels/details/8951994,FRED TAMULA,Passenger/Ro-Ro Cargo Ship,8951994
/vessels/details/8865224,MARIA LIANA,General Cargo Ship,8865224
/vessels/details/8944903,JQ BAV 1,Passenger/General Cargo Ship,8944903
/vessels/details/8626185,CHOHO MARU,General Cargo Ship,8626185
/vessels/details/548444555,BRP EMILIO JACINTO,Military ops,548444555
/vessels/details/7632709,NORTHERN TUNA,Fishing Vessel,7632709
/vessels/details/8796928,MASTER RUSTIN-1,Fishing Vessel,8796928
/vessels/details/8968002,VICTOR BRYAN,Landing Craft,8968002
/vessels/details/8945165,EVER SWEET,Passenger/General Cargo Ship,8945165
/vessels/details/548896500,MV ALFONSO MIGUEL,Cargo ship,548896500
/vessels/details/9780495,LCT BODHI,Deck Cargo Ship,9780495
/vessels/details/8921066,OBBY V,Fishing Vessel,8921066
/vessels/details/8843551,SEASIA 201,Landing Craft,8843551
/vessels/details/548000080,ML RAJAHLAUT,Cargo ship,548000080
/vessels/details/8631104,BALENO FIVE,Passenger Ship,8631104
/vessels/details/6713609,DONA LILI,Passenger/Ro-Ro Cargo Ship,6713609
/vessels/details/8538455,KM MINAHASA-VII,Fishing Vessel,8538455
/vessels/details/8599502,HONG FA567,Aggregates Carrier,8599502
/vessels/details/8859598,DONA RIZZA - 1,General Cargo Ship,8859598
/vessels/details/548730300,LADY OF CONFIDENCE,Cargo ship,548730300
/vessels/details/8930524,GOTHONG TUG 1,Tug,8930524
/vessels/details/548001996,ML HADZRAIMA D,Cargo ship,548001996
/vessels/details/8622880,KAYAMANAN I,Tug,8622880
/vessels/details/8864402,UNILINK 18,General Cargo Ship,8864402
/vessels/details/9768459,BRAVE,Tug,9768459
/vessels/details/8622737,ANASTACIA,Fishing Vessel,8622737
/vessels/details/548037600,LCT ASC ASHLEY,Other type,548037600
/vessels/details/8648004,FV SUNFLOWER 8,Fishing Vessel,8648004
/vessels/details/548929500,BRP MALAMAWI 2403,Other type,548929500
/vessels/details/7624831,APHRODITE J,General Cargo Ship,7624831
/vessels/details/7351991,ALAL CAPRICORN 2,Aggregates Carrier,7351991
/vessels/details/8327260,TORO,Tug,8327260
/vessels/details/8945969,PATECO 2,Landing Craft,8945969
/vessels/details/7101786,LADY MARY JOY,Passenger/Ro-Ro Cargo Ship,7101786
/vessels/details/548597500,MTUG 60,Tug,548597500
/vessels/details/9809772,LCT LIRIO 23,Deck Cargo Ship,9809772
/vessels/details/8427589,NAVIEL,General Cargo Ship,8427589
/vessels/details/7338418,GORIO,Tug,7338418
/vessels/details/8130174,KAMILAH,Fishing Vessel,8130174
/vessels/details/7044225,GL FERRY,Passenger/Ro-Ro Cargo Ship,7044225
/vessels/details/9624536,HMC - 1,General Cargo Ship,9624536
/vessels/details/9697454,LCT 808,Landing Craft,9697454
/vessels/details/1034773,PLUTUS 1,Deck Cargo Ship,1034773
/vessels/details/548063400,CIARA JOIE-7,Cargo ship,548063400
/vessels/details/7312799,SAKURA,Tug,7312799
/vessels/details/8209559,FLORINDA 1,Passenger Ship,8209559
/vessels/details/548615500,LCT MONTE MARIA,Cargo ship,548615500
/vessels/details/548389991,HMI RMG 002,Other type,548389991
/vessels/details/548000443,SENORITA SARAH,Other type,548000443
/vessels/details/8114857,SCHEDAR,Tug,8114857
/vessels/details/6616655,DOLLY 782,Fishing Support Vessel,6616655
/vessels/details/8926406,RKK NUEVE,General Cargo Ship,8926406
/vessels/details/9530515,BUENAVISTA SHUTTLE 1,Landing Craft,9530515
/vessels/details/9245495,PULILAN,Oil Products Tanker,9245495
/vessels/details/8426200,YOUNG LADY,Passenger/General Cargo Ship,8426200
/vessels/details/7602857,ACHERNAR,Tug,7602857
/vessels/details/8796241,NAT NAT VIII,Fish Carrier,8796241
/vessels/details/9093036,WEESAM EXPRESS 6,Passenger Ship,9093036
/vessels/details/7603265,MAGSINO,Tug,7603265
/vessels/details/548873754,VAY A28,Other type,548873754
/vessels/details/8979403,OCEANJET 5,Passenger Ship,8979403
/vessels/details/548697800,ML DAKILA,Cargo ship,548697800
/vessels/details/548215500,PILIPINO,Cargo ship,548215500
/vessels/details/8894811,SEAMINE 03,Tug,8894811
/vessels/details/8032205,LADY MAY,General Cargo Ship,8032205
/vessels/details/7118399,KIMMEE 6,General Cargo Ship,7118399
/vessels/details/7313389,MONALINDA 80,Fishing Vessel,7313389
/vessels/details/548000088,ML HAIBAN,Cargo ship,548000088
/vessels/details/8824311,SEDAR 6,Tug,8824311
/vessels/details/9698472,MV PALANAS STAR,Landing Craft,9698472
/vessels/details/8223880,DAP,Tug,8223880
/vessels/details/548723200,LCT VNG XIV,Cargo ship,548723200
/vessels/details/8717219,SEDAR 4,Tug,8717219
/vessels/details/548466500,DA-BFAR FV TAMBAKOL,Fishing vessel,548466500
/vessels/details/8118530,HAMAKO 1,Dredger,8118530
/vessels/details/8535996,STARCKI OCHO,Fishing Vessel,8535996
/vessels/details/548478200,PCG BFAR MCS-3005,Law enforcment,548478200
/vessels/details/7009093,CABO,Tug,7009093
/vessels/details/8520587,JOSHUA CHINO,LPG Tanker,8520587
/vessels/details/7810739,LPGC BISUGO,LPG Tanker,7810739
/vessels/details/7935486,LUZ MARIA XV,Fish Carrier,7935486
/vessels/details/8797427,JOCELYN,Fish Carrier,8797427
/vessels/details/7805772,GOOD LUCKY,General Cargo Ship,7805772
/vessels/details/548416800,NO REGRETS,Sailing vessel,548416800
/vessels/details/9812535,GOLDEN RIBBON,Oil Products Tanker,9812535
/vessels/details/8427333,MATILDE,Landing Craft,8427333
/vessels/details/8895372,NATHALIE ELLOISE,Fishing Vessel,8895372
/vessels/details/9185140,MTUG FOSCON ACE,Patrol Vessel,9185140
/vessels/details/7913969,CITY OF SORSOGON,Passenger Ship,7913969
/vessels/details/8151348,LORETA,Oil Products Tanker,8151348
/vessels/details/548740300,MV XANDER,Cargo ship,548740300
/vessels/details/1073561,KEGOYA 1227,Passenger/Ro-Ro Cargo Ship,1073561
/vessels/details/8425189,DELTA QUEEN,General Cargo Ship,8425189
/vessels/details/8509466,SUPER SHUTTLE RORO14,Vehicles Carrier,8509466
/vessels/details/7007277,DADIANGAS EXPRESS,General Cargo Ship,7007277
/vessels/details/7830222,MONALINDA 65,Fishing Vessel,7830222
/vessels/details/7501716,EDADES,Tug,7501716
/vessels/details/9092654,CHILLIWACK,Oil Products Tanker,9092654
/vessels/details/548020300,ANTHON RAPHAEL,Passenger ship,548020300
/vessels/details/548713200,PCG BFAR MCS3001,Other type,548713200
/vessels/details/6410960,BRILLIANT STAR 2,Fishing Vessel,6410960
/vessels/details/548555111,PILACOPZCA,WIG,548555111
/vessels/details/8428064,TAMSI,Oil Products Tanker,8428064
/vessels/details/548087400,MV IMMACULATE STARS,Passenger ship,548087400
/vessels/details/8622232,BUNSO FERRY I,Passenger/Ro-Ro Cargo Ship,8622232
/vessels/details/8523929,GENESIS-88,Fish Carrier,8523929
/vessels/details/8905323,HEISEI MARU,General Cargo Ship,8905323
/vessels/details/7827794,LUZ MARIA 18,Fish Carrier,7827794
/vessels/details/8032657,EURO SEIS,General Cargo Ship,8032657
/vessels/details/7369728,CELEBES TRES,Fishing Vessel,7369728
/vessels/details/8427644,SOCOR 3,Landing Craft,8427644
/vessels/details/548369500,MTUG MIMOSA,Tug,548369500
/vessels/details/8004002,VICTORIA V,General Cargo Ship,8004002
/vessels/details/8946444,RONDELL,General Cargo Ship,8946444
/vessels/details/548627500,MV CASTOR TROY,Cargo ship,548627500
/vessels/details/7916698,DONA MYRNA,General Cargo Ship,7916698
/vessels/details/9753662,FV LU CHIO,Fishing Vessel,9753662
/vessels/details/8838087,KASUARI 12,Fishing Vessel,8838087
/vessels/details/8946248,GEORGIA 1,Landing Craft,8946248
/vessels/details/7921370,DOMENICO,General Cargo Ship,7921370
/vessels/details/7931674,TANGERINE 88,Refrigerated Cargo Ship,7931674
/vessels/details/548808500,LCTREGENT102,Cargo ship,548808500
/vessels/details/8926432,ALYANNA,General Cargo Ship,8926432
/vessels/details/8945347,EPIROSE N V,Fishing Vessel,8945347
/vessels/details/7411818,SANDECOR,General Cargo Ship,7411818
/vessels/details/9119220,SUPER SHUTTLE FERRY 28,Passenger Ship,9119220
/vessels/details/8824359,ERIC CHRISTIAN,General Cargo Ship,8824359
/vessels/details/9688908,LCT 168,Deck Cargo Ship,9688908
/vessels/details/548001984,MV AL AMINUR,Cargo ship,548001984
/vessels/details/7114472,SEA LION,Tug,7114472
/vessels/details/9085089,SOLID OCEAN,General Cargo Ship,9085089
/vessels/details/7624922,MODESTO,Oil Products Tanker,7624922
/vessels/details/548000668,LCT 688,Other type,548000668
/vessels/details/7312828,ONRI 2,Tug,7312828
/vessels/details/9672325,MTC APITONG,Bunkering Tanker,9672325
/vessels/details/7016797,STA. MARIA,Tug,7016797
/vessels/details/7204760,DON MATEO,Fishing Vessel,7204760
/vessels/details/8932285,SENSUI,General Cargo Ship,8932285
/vessels/details/8642610,EDSA II,Search & Rescue Vessel,8642610
/vessels/details/8415299,MERAK,Tug,8415299
/vessels/details/5426950,PINOY,Tug,5426950
/vessels/details/8451396,BLUE SHORE-01,Fishing Support Vessel,8451396
/vessels/details/8625480,HOYA GRACE,Bunkering Tanker,8625480
/vessels/details/7713060,BLUE MARLIN,Tug,7713060
/vessels/details/548018300,MV FRANCISCA 7,Passenger ship,548018300
/vessels/details/8021892,MAJESTIC MILKYWAY,Refrigerated Cargo Ship,8021892
/vessels/details/8360468,HENG DA 179,Aggregates Carrier,8360468
/vessels/details/5261178,MONALINDA XI,Fishing Vessel,5261178
/vessels/details/548397700,MV XAVIER 1,Cargo ship,548397700
/vessels/details/548385500,MTKR DONA FLORENCIA7,Tanker,548385500
/vessels/details/7012351,PREMSHIP 4,General Cargo Ship,7012351
/vessels/details/7651858,MOSES II,Aggregates Carrier,7651858
/vessels/details/7852842,LENORA,Passenger Ship,7852842
/vessels/details/8426377,KIMAYA,Oil Products Tanker,8426377
/vessels/details/548512800,BRP DATU BANKAW,Other type,548512800
/vessels/details/548082805,ASHTONJADE,Other type,548082805
/vessels/details/9038270,ROSEMARIE V,General Cargo Ship,9038270
/vessels/details/6914825,GUIMARAS,Oil Products Tanker,6914825
/vessels/details/548031300,BLUE OCEAN 1,Cargo ship,548031300
/vessels/details/7237200,DOLORES 833,Fishing Vessel,7237200
/vessels/details/2754186,PRINCESS JG,Fishing Vessel,2754186
/vessels/details/8911803,SUPERCAT 36,Passenger Ship,8911803
/vessels/details/8029466,BUSUANGA,Oil Products Tanker,8029466
/vessels/details/8859067,HAN HORIZON,General Cargo Ship,8859067
/vessels/details/8684761,CASPI 1,General Cargo Ship,8684761
/vessels/details/8716992,FOSCON CHAMPION,Tug,8716992
/vessels/details/548333002,MV ST MICAH,Unknown,548333002
/vessels/details/6618914,MARIA ERLINDA 424 F9,Unknown,6618914
/vessels/details/8946016,NICIA,Landing Craft,8946016
/vessels/details/8425464,ALEXANDER,General Cargo Ship,8425464
/vessels/details/8032839,FOSCON BRIDGE,Tug,8032839
/vessels/details/8922931,FORTUNE KISSES,General Cargo Ship,8922931
/vessels/details/548700001,MV FATIMA RADZNA-J,Cargo ship,548700001
/vessels/details/548436500,MT AROWANA VI,Tanker,548436500
/vessels/details/7040982,SUNSHINE III,LPG Tanker,7040982
/vessels/details/7003116,GRACE,Refrigerated Cargo Ship,7003116
/vessels/details/9000780,MORETA CARGO 2,General Cargo Ship,9000780
/vessels/details/7902843,CHELSEA RESOLUTE,Oil Products Tanker,7902843
/vessels/details/9009748,FV VEERA,Fishing Vessel,9009748
/vessels/details/8796174,FB KANE-878,Fish Carrier,8796174
/vessels/details/8537346,STARCKI NUEVE,Fishing Vessel,8537346
/vessels/details/9730921,LCT 98,Deck Cargo Ship,9730921
/vessels/details/9084322,DUANE 8,General Cargo Ship,9084322
/vessels/details/8462632,ATLANTIS CORAL,Fishing Vessel,8462632
/vessels/details/9974058,HENG DA988,Aggregates Carrier,9974058
/vessels/details/8945488,OBANDO,Oil Products Tanker,8945488
/vessels/details/548798800,SANTA MARGARITA,Passenger ship,548798800
/vessels/details/8652433,LCT 585,Aggregates Carrier,8652433
/vessels/details/548002019,TUG BOSCO,Unknown,548002019
/vessels/details/8130629,MAHARLIKA 1,Passenger/Ro-Ro Cargo Ship,8130629
/vessels/details/9804318,BARILES,Oil Products Tanker,9804318
/vessels/details/8846216,ERICA,General Cargo Ship,8846216
/vessels/details/8957821,CHALLENGER ONE,Offshore Tug/Supply Ship,8957821
/vessels/details/7927075,HANSEL JOBETT,Passenger/Ro-Ro Cargo Ship,7927075
/vessels/details/8796502,JEWEL FISH,Fish Carrier,8796502
/vessels/details/9048615,EASTERN CAMIGUIN,General Cargo Ship,9048615
/vessels/details/8703402,PALMA 1,General Cargo Ship,8703402
/vessels/details/9622526,HMC - 2,Landing Craft,9622526
/vessels/details/8865195,ANTON MIGUEL,General Cargo Ship,8865195
/vessels/details/7225520,NAGASAKI NO. 6,Fishing Vessel,7225520
/vessels/details/548576500,BLESSED SEA JOURNEY,Passenger ship,548576500
/vessels/details/7639939,MISTLETOE 888,Fishing Vessel,7639939
/vessels/details/8427840,MT BANAGAN,Oil Products Tanker,8427840
/vessels/details/8626379,MARLOWE,General Cargo Ship,8626379
/vessels/details/7855399,MELRIVIC 2,Passenger/Ro-Ro Cargo Ship,7855399
/vessels/details/9858369,TRANS-ASIA 20,Passenger/Ro-Ro Cargo Ship,9858369
/vessels/details/8945359,JOSTAD 5,Fishing Vessel,8945359
/vessels/details/6913766,NORTHWEST C 2,Fishing Vessel,6913766
/vessels/details/6600852,CAPE HOPE 888,Fishing Vessel,6600852
/vessels/details/6725470,AQUA 38,Fishing Vessel,6725470
/vessels/details/548562800,MTUG MINKAR,Tug,548562800
/vessels/details/548512200,MT AROWANA XIII,Tanker,548512200
/vessels/details/1114224,YURI FAITH,Oil Products Tanker,1114224
/vessels/details/7935204,RICKY REY,General Cargo Ship,7935204
/vessels/details/7632307,LADY OF ALL NATIONS,Passenger/Ro-Ro Cargo Ship,7632307
/vessels/details/5141732,MAGALLANES,LPG Tanker,5141732
/vessels/details/548000001,MTUG NHTC NO5,Tug,548000001
/vessels/details/548072800,ML GUCCI,Cargo ship,548072800
/vessels/details/548707500,ISLAND VENTURES 5,Passenger ship,548707500
/vessels/details/8125612,MV MARIA JOSEFA,Passenger/Ro-Ro Cargo Ship,8125612
/vessels/details/8797403,WEALTH OF THE SEAS,Fish Carrier,8797403
/vessels/details/8946133,PETROLINO 1,Oil Products Tanker,8946133
/vessels/details/8944666,SALVACION 5,General Cargo Ship,8944666
/vessels/details/548660200,MTUG ADARA,Tug,548660200
/vessels/details/7627209,GOTHONG TUG IV,Tug,7627209
/vessels/details/7313171,YELLOW GOLD,Fishing Vessel,7313171
/vessels/details/8875372,MT BAGO CITY,Bunkering Tanker,8875372
/vessels/details/7523843,CAGAYAN DE ORO EXPRESS,Ro-Ro Cargo Ship,7523843
/vessels/details/7818951,HERA,General Cargo Ship,7818951
/vessels/details/8628224,CHRISTIANSSEN I,Utility Vessel,8628224
/vessels/details/8863977,MTKR PAROS,Oil Products Tanker,8863977
/vessels/details/8863941,TULYA,Oil Products Tanker,8863941
/vessels/details/8427084,LADY OF THE SEA,Yacht,8427084
/vessels/details/7212767,JASMINE,Fishing Vessel,7212767
/vessels/details/8675887,YUAN YANG 88,Aggregates Carrier,8675887
/vessels/details/5409691,ANRIA,Tug,5409691
/vessels/details/9686194,SOFIA ONE,Deck Cargo Ship,9686194
/vessels/details/9153812,MV SF QUANTUM,General Cargo Ship,9153812
/vessels/details/9798260,ANDO,Oil Products Tanker,9798260
/vessels/details/7916557,CHRISTOPHER A,Fishing Vessel,7916557
/vessels/details/9867255,LCT LAJOR UNO,Deck Cargo Ship,9867255
/vessels/details/9125310,JEHAN 8,General Cargo Ship,9125310
/vessels/details/7624908,ANGKOR 2,Landing Craft,7624908
/vessels/details/7409889,LAKANDULA 1,Tug,7409889
/vessels/details/548260900,MV BLSSD SAN RICARDO,Passenger ship,548260900
/vessels/details/8627622,MAGNOLIA II,Chemical Tanker,8627622
/vessels/details/548765200,LCT PGMC 2,Cargo ship,548765200
/vessels/details/548601900,MBFABPATROL,Pilot,548601900
/vessels/details/8945995,PRINCE CHRISTIAN ALBERT,Oil Products Tanker,8945995
/vessels/details/548021800,BLUE SEA1,Cargo ship,548021800
/vessels/details/8108274,CHRISTIE I,Oil Products Tanker,8108274
/vessels/details/8001830,CEM CARRIER I,Cement Carrier,8001830
/vessels/details/548000004,MV POSEIDON 45,Cargo ship (HAZ-B),548000004
/vessels/details/8559057,RRCS-I,Fish Carrier,8559057
/vessels/details/7935101,CAMILLE JOYCE,General Cargo Ship,7935101
/vessels/details/7381697,STRONG HONOR,Offshore Tug/Supply Ship,7381697
/vessels/details/548780300,LCT ISLAND VENTURES2,Passenger ship,548780300
/vessels/details/7828097,SONG OF DOLLY 3,Passenger Ship,7828097
/vessels/details/8114039,LAKAS,Tug,8114039
/vessels/details/8796277,RRCS-18,Fish Carrier,8796277
/vessels/details/9886524,NTC FLAMINGO,Oil Products Tanker,9886524
/vessels/details/548556900,BRP DATU ROMAPENET,Fishing vessel,548556900
/vessels/details/8946274,KUMANDER,Landing Craft,8946274
/vessels/details/5277763,BULK CARRIER II,General Cargo Ship,5277763
/vessels/details/7608174,OPAL 1,Fishing Vessel,7608174
/vessels/details/548288300,TABUELAN.NAV,Unknown,548288300
/vessels/details/8994283,GLORIA G-1,Passenger Ship,8994283
/vessels/details/9167019,SILANGAN 5,Passenger/Ro-Ro Cargo Ship,9167019
/vessels/details/7204966,CABILAO,Tug,7204966
/vessels/details/548377700,EGS RESEARCH,Resolution 18 ship,548377700
/vessels/details/8022298,PENNY 8,Fishing Vessel,8022298
/vessels/details/9697387,AKIRA,Deck Cargo Ship,9697387
/vessels/details/9746566,NAMRIA C. PALMA,Research Vessel,9746566
/vessels/details/9995387,MT RESILIENCE,Oil Products Tanker,9995387
/vessels/details/548705500,MV JBELA,Cargo ship,548705500
/vessels/details/1090404,CES,Oil Products Tanker,1090404
/vessels/details/8426080,ESPERANZA,Oil Products Tanker,8426080
/vessels/details/548955200,MTUG YONG YONG-III,Tug,548955200
/vessels/details/8796253,RRCS-12,Fish Carrier,8796253
/vessels/details/548129500,HOLY FAMILY NAVISTAR,Passenger ship,548129500
/vessels/details/7115452,LIBERTY III,Fishing Vessel,7115452
/vessels/details/8967096,ARTSUS,Tug,8967096
/vessels/details/8889804,SAMANTHA ALEC,General Cargo Ship,8889804
/vessels/details/8708921,ALESON CON CARRIER 6,General Cargo Ship,8708921
/vessels/details/548026500,VIGILANT,Tug,548026500
/vessels/details/9999498,APOLLO DIGNITY,General Cargo Ship,9999498
/vessels/details/8622127,STAR CATBALOGAN,General Cargo Ship,8622127
/vessels/details/8946224,ASHIKA 1,General Cargo Ship,8946224
/vessels/details/5386150,GOLDEN MERCURY,General Cargo Ship,5386150
/vessels/details/9162746,MARKAB,Tug,9162746
/vessels/details/8633138,ACES VENTURE,General Cargo Ship,8633138
/vessels/details/7396032,JADESTAR NUEVE,Passenger Ship,7396032
/vessels/details/9785677,MTKR.DANGLAYAN,Oil Products Tanker,9785677
/vessels/details/9558385,LAUREN KATE,Oil Products Tanker,9558385
/vessels/details/7046637,ODYSSEY,Passenger/Ro-Ro Cargo Ship,7046637
/vessels/details/7225398,VIVA SAN JOSE,Passenger/Ro-Ro Cargo Ship,7225398
/vessels/details/8869634,DSEA JOURNEY,Fishing Vessel,8869634
/vessels/details/7380174,SAL VIII,Fishing Vessel,7380174
/vessels/details/9099303,ALISON,Fishing Vessel,9099303
/vessels/details/8427486,JRC GENESIS,Oil Products Tanker,8427486
/vessels/details/8979788,GREAT LARK,Tug,8979788
/vessels/details/1099656,OUR LADY OF THE SEA,Fishing Vessel,1099656
/vessels/details/7313327,VICTORY,Fishing Vessel,7313327
/vessels/details/8626719,DRAKE,General Cargo Ship,8626719
/vessels/details/7212834,IRIS 2,Fishing Vessel,7212834
/vessels/details/8324036,SF ADVENTURE,General Cargo Ship,8324036
/vessels/details/9261982,MTC ACACIA,Oil Products Tanker,9261982
/vessels/details/8523931,CAPRICORN-ONE,Fish Carrier,8523931
/vessels/details/548953495,B1-B20-G 19-76C,Unknown,548953495
/vessels/details/8879471,JOHANNAH 8,General Cargo Ship,8879471
/vessels/details/548697500,MV EASTERN CAMIGUIN,Cargo ship,548697500
/vessels/details/548109600,MV BUNSO FERRY 2,Passenger ship,548109600
/vessels/details/8013986,HOYO MARU NO. 58,Fishing Vessel,8013986
/vessels/details/9911604,FAST CAT M19,Passenger/Ro-Ro Cargo Ship,9911604
/vessels/details/8013819,YUSEI MARU NO. 78,Fishing Vessel,8013819
/vessels/details/8698097,VIRGIN MARY OF CAYSASAY,Fishing Vessel,8698097
/vessels/details/8403753,CELSA - 2,General Cargo Ship,8403753
/vessels/details/548658300,MV J-ANDI,Cargo ship,548658300
/vessels/details/9787261,LCT 988,Landing Craft,9787261
/vessels/details/8428076,PRINCESS LINA,General Cargo Ship,8428076
/vessels/details/8535764,RRCS - 10,Fish Carrier,8535764
/vessels/details/7535638,JONA,Fish Carrier,7535638
/vessels/details/7852919,MARIA ANGELA,Passenger/Ro-Ro Cargo Ship,7852919
/vessels/details/548001500,MTUG ENERGY MASTER,Tug,548001500
/vessels/details/8324426,DON JOSE CANDANO 2,General Cargo Ship,8324426
/vessels/details/7903809,WONDERFUL STARS,Passenger/Ro-Ro Cargo Ship,7903809
/vessels/details/7210082,SEA WOLF 2,Fishing Vessel,7210082
/vessels/details/9404596,MARIA ERIKA,Chemical/Oil Products Tanker,9404596
/vessels/details/548000999,BRP NESTOR ACERO,HSC,548000999
/vessels/details/548670500,MTKR MAGNOLIA IV,Tanker,548670500
/vessels/details/8032528,FERNANDO,General Cargo Ship,8032528
/vessels/details/8360456,HENG DA 169,Aggregates Carrier,8360456
/vessels/details/8772855,NATIEL FAYE,Oil Products Tanker,8772855
/vessels/details/8945660,IRIS,Fishing Vessel,8945660
/vessels/details/8864945,ALEANDRO VITO,General Cargo Ship,8864945
/vessels/details/9667708,MEILING 9,Landing Craft,9667708
/vessels/details/8823886,GOLDEN KING,General Cargo Ship,8823886
/vessels/details/9084023,JAKE VINCENT OCHO,General Cargo Ship,9084023
/vessels/details/7701445,CHRIS PAUL BILL,Fishing Vessel,7701445
/vessels/details/548110007,KHERI-1,Cargo ship,548110007
/vessels/details/8945737,JOJOY,Oil Products Tanker,8945737
/vessels/details/548698000,MV PALAUSPORT,Pleasure craft,548698000
/vessels/details/9067829,LADISLAO DIWA,Patrol Vessel,9067829
/vessels/details/8748567,QUEEN JANICE-101,Fishing Vessel,8748567
/vessels/details/9972189,GENERAL SANTOS,Passenger/Ro-Ro Cargo Ship,9972189
/vessels/details/8226014,STAR LUBANG 1,Passenger Ship,8226014
/vessels/details/548000100,MV SOUTHERN TREASURE,Cargo ship,548000100
/vessels/details/548943900,HONGFA178,Cargo ship,548943900
/vessels/details/548555900,BRP DATU TARADAPIT,Pleasure craft,548555900
/vessels/details/548900200,MYRESOLUTE,Pleasure craft,548900200
/vessels/details/9119268,ROSARIO V,General Cargo Ship,9119268
/vessels/details/7354711,DOLLY 779,Fishing Vessel,7354711
/vessels/details/9780500,LCT POSEIDON 21,Deck Cargo Ship,9780500
/vessels/details/5407588,SIDE MATE,Tug,5407588
/vessels/details/9668611,LCT MEILING 11,Landing Craft,9668611
/vessels/details/9629689,SHEN ZHOU 9,Landing Craft,9629689
/vessels/details/7234064,MARLSAN I,Fishing Vessel,7234064
/vessels/details/8945141,CLEARVIEW,Tug,8945141
/vessels/details/548765300,SHUTTLE FERRY 27,Passenger ship,548765300
/vessels/details/8796875,LADY EVELYN-8,Fishing Vessel,8796875
/vessels/details/8407797,SUGBU 3,Tug,8407797
/vessels/details/8319768,SAN ANDRES 179,Refrigerated Cargo Ship,8319768
/vessels/details/8508656,MV SF UNITY,General Cargo Ship,8508656
/vessels/details/8519514,TIAN CHEN 8,General Cargo Ship,8519514
/vessels/details/7019610,VERING,Tug,7019610
/vessels/details/8944989,AGUILA,General Cargo Ship,8944989
/vessels/details/7913012,COKALIONG TUG 1,Tug,7913012
/vessels/details/9916032,MV VIVA MARIAN QUEEN,Passenger/Ro-Ro Cargo Ship,9916032
/vessels/details/8706909,PINK PETREL,Fishing Vessel,8706909
/vessels/details/8221351,TUG 80,Tug,8221351
/vessels/details/8796497,SAN ANDRES-858,Fish Carrier,8796497
/vessels/details/8113906,DOLORES 832,Fishing Vessel,8113906
/vessels/details/8824579,ZANIAH,Tug,8824579
/vessels/details/548785300,MV GOLDEN PROSPERITY,Cargo ship,548785300
/vessels/details/548981800,MTUG ARNEB,Tug,548981800
/vessels/details/7604544,PICMW 3,General Cargo Ship,7604544
/vessels/details/548931500,TUG SHAULA,Tug,548931500
/vessels/details/8998409,MALASUGUI-1,Tug,8998409
/vessels/details/9385465,WEESAM EXPRESS 8,Passenger Ship,9385465
/vessels/details/8005185,SWEET BUNNY,Fishing Vessel,8005185
/vessels/details/6618627,MACHO,Tug,6618627
/vessels/details/9003926,SF MARINER,General Cargo Ship,9003926
/vessels/details/8945127,GLORIA THREE,Passenger/General Cargo Ship,8945127
/vessels/details/7122168,MARIGOLD 2,Fishing Vessel,7122168
/vessels/details/548775500,ROBLE TUG 5,Towing vessel,548775500
/vessels/details/6908319,DAVTUG - X,Tug,6908319
/vessels/details/548867200,MV MARIA VANESSA,Passenger ship,548867200
/vessels/details/8945945,MONTE VERDE,General Cargo Ship,8945945
/vessels/details/548255900,MY GYPSY,Diving ops,548255900
/vessels/details/548534900,MTUG ALPHARD,Tug,548534900
/vessels/details/9062312,SL SUAL 5,Tug,9062312
/vessels/details/548921561,LIN 21561-93,Unknown,548921561
/vessels/details/9016545,QUEEN JINA 101,Fishing Vessel,9016545
/vessels/details/7419573,ENERGY MASTER,Tug,7419573
/vessels/details/9014171,PRINCESS DHANNA,General Cargo Ship,9014171
/vessels/details/8979398,OCEANJET 3,Passenger Ship,8979398
/vessels/details/9837200,LCT 668,Deck Cargo Ship,9837200
/vessels/details/548011141,MB INDAH AN,Cargo ship,548011141
/vessels/details/7379591,ANDREA,Fishing Vessel,7379591
/vessels/details/6705511,EMBASSY,Fishing Vessel,6705511
/vessels/details/548700300,MV SF JOURNEY,Cargo ship,548700300
/vessels/details/3863130,LITE FERRY 23,Passenger ship,3863130
/vessels/details/9093024,WEESAM EXPRESS 3,Passenger Ship,9093024
/vessels/details/9141716,OCEAN BLESSING,General Cargo Ship,9141716
/vessels/details/8427345,MEG,Oil Products Tanker,8427345
/vessels/details/548218854,LIN21885-4-74,Unknown,548218854
/vessels/details/9985679,DE XIN 7,Aggregates Carrier,9985679
/vessels/details/1075662,SANTA FAUSTINA,Passenger/Ro-Ro Cargo Ship,1075662
/vessels/details/548058300,MV DONA TRINIDAD,Cargo ship,548058300
/vessels/details/8931542,EDEN L,Fishing Vessel,8931542
/vessels/details/8946250,KADIWA,Landing Craft,8946250
/vessels/details/9090058,DOLLY 18,Fishing Vessel,9090058
/vessels/details/9267168,AMARR TRES,Tug,9267168
/vessels/details/8945189,PRINCESS BEATRIZ,Passenger/General Cargo Ship,8945189
/vessels/details/8210326,PAUL REYNALD,Refrigerated Cargo Ship,8210326
/vessels/details/8890114,LUCIDA,Tug,8890114
/vessels/details/8793407,PGMSC LIMA CHARLIE,Landing Craft,8793407
/vessels/details/8505317,STARLITE NAUTICA,Passenger/Ro-Ro Cargo Ship,8505317
/vessels/details/9114086,ZARA ALLISON,General Cargo Ship,9114086
/vessels/details/8944977,LIMDY,General Cargo Ship,8944977
/vessels/details/8350865,FUKUYOSHI MARU NO. 8,General Cargo Ship,8350865
/vessels/details/8688482,MT CAPROTEC UNO,Oil Products Tanker,8688482
/vessels/details/9934814,NY SUNRISE,Bulk Carrier,9934814
/vessels/details/8111271,OCEAN PROSPERITY,General Cargo Ship,8111271
/vessels/details/9785421,HAITI,Container Ship,9785421
/vessels/details/8426303,WILCOX,Landing Craft,8426303
/vessels/details/6920551,MONALINDA 29,Fishing Vessel,6920551
/vessels/details/8558986,NAT NAT V,Fish Carrier,8558986
/vessels/details/9607227,SL BANABA,Chemical Tanker,9607227
/vessels/details/9983023,ANELA SKY,General Cargo Ship,9983023
/vessels/details/548000374,LCT ASC NORMAN,Unknown,548000374
/vessels/details/9812573,ST. MICHAEL 808,Fishing Vessel,9812573
/vessels/details/9732852,PHILWINNER 02,General Cargo Ship,9732852
/vessels/details/8425713,MICHAEL II,Oil Products Tanker,8425713
/vessels/details/8860248,QUARTER HORSE,Oil Products Tanker,8860248
/vessels/details/9114000,AUGUSTO MIGUEL,General Cargo Ship,9114000
/vessels/details/548689300,MV LITE FERRY 1,Passenger ship,548689300
/vessels/details/7322562,DANDELION,Dredger,7322562
/vessels/details/548648900,JONAS,Unknown,548648900
/vessels/details/9844526,POSEIDON 29,Deck Cargo Ship,9844526
/vessels/details/7950254,REDEEMER,Fishing Vessel,7950254
/vessels/details/8514722,TIRAD PASS,Tug,8514722
/vessels/details/8986341,CHELSEA INTREPID,Oil Products Tanker,8986341
/vessels/details/548408210,MV FF,Passenger ship,548408210
/vessels/details/5071078,MAMA LYDIA,Fishing Vessel,5071078
/vessels/details/7727463,MONALINDA 91,Refrigerated Cargo Ship,7727463
/vessels/details/8513352,PACIFIC PLOVER,Refrigerated Cargo Ship,8513352
/vessels/details/9100243,SPAN ASIA 25,Container Ship,9100243
/vessels/details/7743144,MONALINDA 23,Fishing Vessel,7743144
/vessels/details/7323176,DELSTAR,Oil Products Tanker,7323176
/vessels/details/8797154,SULAWESI STAR-3-CHL,Fish Carrier,8797154
/vessels/details/548075400,MV INFINITY 8,Unknown,548075400
/vessels/details/6918766,ORIENT MARINER,Fishing Vessel,6918766
/vessels/details/9678898,PMI 1,Deck Cargo Ship,9678898
/vessels/details/9766487,GHANA,Container Ship,9766487
/vessels/details/548920200,PY ATLANTIS AZORES,Pleasure craft,548920200
/vessels/details/548850200,MARIA OLIVA,Passenger ship,548850200
/vessels/details/8514837,WHITE EGRET,Fishing Vessel,8514837
/vessels/details/8944757,SIMENT 1,General Cargo Ship,8944757
/vessels/details/8627098,MAGNOLIA KOBUS,General Cargo Ship,8627098
/vessels/details/7903213,BUENA SUERTE J-168,Refrigerated Cargo Ship,7903213
/vessels/details/8615722,SUPER SHUTTLE RORO 2,Vehicles Carrier,8615722
/vessels/details/548053300,MV DONA TRINIDAD IV,Cargo ship,548053300
/vessels/details/8510386,KHERI 8,General Cargo Ship,8510386
/vessels/details/8797049,MARIANA,Fish Carrier,8797049
/vessels/details/548650500,MTUG 15,Tug,548650500
/vessels/details/8899005,OSHIMA,Passenger Ship,8899005
/vessels/details/7616729,WIWIT,Fishing Vessel,7616729
/vessels/details/548749200,MV PGMC 4,Cargo ship,548749200
/vessels/details/8895700,STARLITE POLARIS,Passenger/Ro-Ro Cargo Ship,8895700
/vessels/details/548002490,STRONG,Towing vessel (tow>200),548002490
/vessels/details/548900042,LCT 855,Cargo ship,548900042
/vessels/details/9252890,SL KAMAGONG,Chemical/Oil Products Tanker,9252890
/vessels/details/7651743,BRADRICH,General Cargo Ship,7651743
/vessels/details/7652785,LANCER,General Cargo Ship,7652785
/vessels/details/548000027,MV JEHAN-10,Unknown,548000027
/vessels/details/7927099,MASBATE CITY,Passenger/Ro-Ro Cargo Ship,7927099
/vessels/details/548033300,MV ANNABELLE,Cargo ship,548033300
/vessels/details/9831983,SWM SALVE REGINA,Passenger/Ro-Ro Cargo Ship,9831983
/vessels/details/548217500,LCT SUPREMO,Cargo ship,548217500
/vessels/details/7432460,ILIGAN EXPRESS II,General Cargo Ship,7432460
/vessels/details/7950773,MONALINDA 67,Fishing Vessel,7950773
/vessels/details/6909789,HENDRICK,Fishing Vessel,6909789
/vessels/details/548504800,MV POSEIDON 48,Cargo ship,548504800
/vessels/details/9133044,GY DENEB,General Cargo Ship,9133044
/vessels/details/7850959,VEGA,Tug,7850959
/vessels/details/1077115,MV POSEIDON 53,Deck Cargo Ship,1077115
/vessels/details/7851288,PULAWAN FERRY,Passenger/General Cargo Ship,7851288
/vessels/details/8945062,JEHAN,Tug,8945062
/vessels/details/548594900,M TKR SERENE UNO,Tanker,548594900
/vessels/details/7300198,BILLY 1,Chemical Tanker,7300198
/vessels/details/6924765,DIPOLOG PRINCESS,Passenger/General Cargo Ship,6924765
/vessels/details/8991360,MTKR MELISSA RAE,Oil Products Tanker,8991360
/vessels/details/7205233,GOLDEN ARROW,Passenger Ship,7205233
/vessels/details/8026438,TOWER OF DAVID,General Cargo Ship,8026438
/vessels/details/548305500,MV CALIXTA VII,Passenger ship,548305500
/vessels/details/9712929,OCEANJET 88,Passenger Ship,9712929
/vessels/details/8853568,STINGRAY,Tug,8853568
/vessels/details/8110007,PHILPORTS D IV,Hopper Dredger,8110007
/vessels/details/548054400,ALESON CON CARRIER11,Unknown (HAZ-A),548054400
/vessels/details/548001990,MV ANNUR,Cargo ship,548001990
/vessels/details/7714466,KIKU MARU NO. 13,Fishing Vessel,7714466
/vessels/details/548002078,TUG 78,Unknown,548002078
/vessels/details/548047700,SANTA BRIGIDA,Passenger ship,548047700
/vessels/details/9124093,MV RICHELLE V,General Cargo Ship,9124093
/vessels/details/548797747,MV MARTIN 8,Passenger ship,548797747
/vessels/details/6812687,OCEAN HOPE,General Cargo Ship,6812687
/vessels/details/9042879,INFINITY 8,General Cargo Ship,9042879
/vessels/details/8986470,FILIPINAS UBAY,Passenger/Ro-Ro Cargo Ship,8986470
/vessels/details/9332690,MCC BATANES,Container Ship,9332690
/vessels/details/8748672,GABRIELLE LT,Fishing Vessel,8748672
/vessels/details/548405700,MV P GLORY,Passenger ship,548405700
/vessels/details/6813019,ATLANTIC HARVESTER,Fishing Vessel,6813019
/vessels/details/9707223,LCT BRIZU,Deck Cargo Ship,9707223
/vessels/details/548946360,1CORALSONG,Cargo ship,548946360
/vessels/details/9038189,TUG 20,Tug,9038189
/vessels/details/7620093,DAVAO CITY,Oil Products Tanker,7620093
/vessels/details/7935113,QUEEN OF JOY,General Cargo Ship,7935113
/vessels/details/548784300,ESPERANZA STAR,Passenger ship,548784300
/vessels/details/548201835,TUG 35,Unknown,548201835
/vessels/details/7801477,ZARA,Fishing Vessel,7801477
/vessels/details/8707123,STARS DANAO,General Cargo Ship,8707123
/vessels/details/8629137,DOLORES 878,Fishing Vessel,8629137
/vessels/details/1017725,ORION TRADER,Bulk Carrier,1017725
/vessels/details/7105639,JOYFUL STARS,Passenger/Ro-Ro Cargo Ship,7105639
/vessels/details/8797142,SULAWESI STAR-2,Fish Carrier,8797142
/vessels/details/9067740,GENERAL MARIANO ALVAREZ,Patrol Vessel,9067740
/vessels/details/8009806,DONA TRINIDAD IV,Landing Craft,8009806
/vessels/details/8622074,KINWA MARU,General Cargo Ship,8622074
/vessels/details/548020900,MTUG MERGA,Tug,548020900
/vessels/details/548874500,MV VICTOR BRYAN,Cargo ship,548874500
/vessels/details/8122488,LILISTAR,General Cargo Ship,8122488
/vessels/details/8945933,MONTE ORO,General Cargo Ship,8945933
/vessels/details/8358635,AN DA KANG 3689,Aggregates Carrier,8358635
/vessels/details/7003099,ROSARIO D.R.,Fishing Vessel,7003099
/vessels/details/8122799,MARTINA MARIE,Fishing Support Vessel,8122799
/vessels/details/8915926,NATHAN EARL,General Cargo Ship,8915926
/vessels/details/548391700,MTUG GALINA,Tug,548391700
/vessels/details/8109163,ALAL CAPRICORN 1,General Cargo Ship,8109163
/vessels/details/9831866,LOUIE-20,Fish Carrier,9831866
/vessels/details/7856056,JADESTAR,Passenger Ship,7856056
/vessels/details/8425397,LINPORS,Oil Products Tanker,8425397
/vessels/details/5195628,ILIGAN MERCHANT,General Cargo Ship,5195628
/vessels/details/8944771,JON DEXTER,General Cargo Ship,8944771
/vessels/details/8032542,SALVACION VI,General Cargo Ship,8032542
/vessels/details/7512882,MTUG BOHOL SEA,Pusher Tug,7512882
/vessels/details/8796409,TS 2008,Fishing Vessel,8796409
/vessels/details/548758300,JOYFUL STARS,Unknown,548758300
/vessels/details/7735422,SAL 27,Fishing Vessel,7735422
/vessels/details/7036292,ST. KRISTOPHER,Passenger/Ro-Ro Cargo Ship,7036292
/vessels/details/548036200,MV VISAYAN PEARL,Cargo ship,548036200
/vessels/details/8870231,GHELA,Dredger,8870231
/vessels/details/7204758,SAN TIYAGO,Fishing Vessel,7204758
/vessels/details/1104839,BRP DATU MAGAT SALAMAT,Fishing Support Vessel,1104839
/vessels/details/548417800,GREENSHANK,Pleasure craft,548417800
/vessels/details/8948624,PHIL LUZON,Oil Products Tanker,8948624
/vessels/details/9864825,NTC HARIBON,Oil Products Tanker,9864825
/vessels/details/7805459,JUSTINE P,Fishing Vessel,7805459
/vessels/details/8708919,SEAFORD 3,General Cargo Ship,8708919
/vessels/details/548349200,MTKR BAGUNGON,Tanker,548349200
/vessels/details/7650701,UNCLE CHICK,Oil Products Tanker,7650701
/vessels/details/8844684,ROSA 6,General Cargo Ship,8844684
/vessels/details/8904769,THE GOOD FORTUNE,Aggregates Carrier,8904769
/vessels/details/8796356,MARK ANTHONY 14,Fish Carrier,8796356
/vessels/details/5187528,KING FISHER,Fishing Vessel,5187528
/vessels/details/548931148,MINH THU,Fishing vessel,548931148
/vessels/details/8796344,MARK ANTHONY 2,Fish Carrier,8796344
/vessels/details/8116764,CHRISTIANSSEN V,Utility Vessel,8116764
/vessels/details/9809514,PCG MRRV-4411,Patrol Vessel,9809514
/vessels/details/7914872,CITY OF MASBATE,Passenger Ship,7914872
/vessels/details/8959934,MARINA EMPRESS,Passenger/Ro-Ro Cargo Ship,8959934
/vessels/details/9519509,SL TINDALO,Chemical/Oil Products Tanker,9519509
/vessels/details/7232315,MARIA TERESA,Fishing Vessel,7232315
/vessels/details/548631900,MIGUEL MALVAR,Sailing vessel,548631900
/vessels/details/8615772,RKK TRES,General Cargo Ship,8615772
/vessels/details/548753300,LCT 88,Cargo ship,548753300
/vessels/details/7379656,MIKAY,Fishing Vessel,7379656
/vessels/details/9775244,SIICDF 02,Deck Cargo Ship,9775244
