url,name,type,imo
/vessels/details/9856842,FINNECO II,Ro-Ro Cargo Ship,9856842
/vessels/details/9856830,FINNECO 1,Ro-Ro Cargo Ship,9856830
/vessels/details/9856854,FINNECO III,Ro-Ro Cargo Ship,9856854
/vessels/details/9468889,FINNBREEZE,Ro-Ro Cargo Ship,9468889
/vessels/details/9468891,FINNSEA,Ro-Ro Cargo Ship,9468891
/vessels/details/9468920,FINNTIDE,Ro-Ro Cargo Ship,9468920
/vessels/details/9468932,FINNWAVE,Ro-Ro Cargo Ship,9468932
/vessels/details/9212644,FINNPULP,Ro-Ro Cargo Ship,9212644
/vessels/details/9212656,FINNMILL,Ro-Ro Cargo Ship,9212656
/vessels/details/9186194,NORSTREAM,Ro-Ro Cargo Ship,9186194
/vessels/details/9186182,NORSKY,Ro-Ro Cargo Ship,9186182
/vessels/details/9797632,HAAGA,General Cargo Ship,9797632
/vessels/details/9797620,VIIKKI,General Cargo Ship,9797620
/vessels/details/9181077,ESTRADEN,Ro-Ro Cargo Ship,9181077
/vessels/details/9319064,KALLIO,General Cargo Ship,9319064
/vessels/details/9381706,ALPPILA,Bulk Carrier,9381706
/vessels/details/9225299,EIRA,General Cargo Ship,9225299
/vessels/details/9122007,BORE BAY,Ro-Ro Cargo Ship,9122007
/vessels/details/9183788,MISTRAL,Ro-Ro Cargo Ship,9183788
/vessels/details/9173692,TALI,General Cargo Ship,9173692
/vessels/details/9113018,PASILA,General Cargo Ship,9113018
/vessels/details/9129263,BALTIC BRIGHT,Ro-Ro Cargo Ship,9129263
/vessels/details/9892884,BORE WAY,Ro-Ro Cargo Ship,9892884
/vessels/details/9354337,AILA,Container Ship,9354337
/vessels/details/9354325,LINDA,Container Ship,9354325
/vessels/details/8911736,AURORA,Ro-Ro Cargo Ship,8911736
/vessels/details/8820858,TRANSPORTER,Ro-Ro Cargo Ship,8820858
/vessels/details/9957402,OLIVIA,General Cargo Ship,9957402
/vessels/details/9957397,LOVISA,General Cargo Ship,9957397
/vessels/details/9957414,SOFIA,General Cargo Ship,9957414
/vessels/details/7226952,FJARDVAGEN,Ro-Ro Cargo Ship,7226952
/vessels/details/9002647,MIMER,Ro-Ro Cargo Ship,9002647
/vessels/details/9002659,MIDAS,Ro-Ro Cargo Ship,9002659
/vessels/details/9126235,HJORDIS,General Cargo Ship,9126235
/vessels/details/9126223,LAURA,General Cargo Ship,9126223
/vessels/details/9126247,MARJATTA,General Cargo Ship,9126247
/vessels/details/9123570,ODDA MARIE,General Cargo Ship,9123570
/vessels/details/9341744,CARELIE,General Cargo Ship,9341744
/vessels/details/9769104,EEVA VG,General Cargo Ship,9769104
/vessels/details/9769116,MIRVA VG,General Cargo Ship,9769116
/vessels/details/9622502,MERI,Heavy Load Carrier,9622502
/vessels/details/9148128,EMILIE,General Cargo Ship,9148128
/vessels/details/9395276,AURA,Heavy Load Carrier,9395276
/vessels/details/9259068,NATHALIE,General Cargo Ship,9259068
/vessels/details/9195822,PRIMA KING,General Cargo Ship,9195822
/vessels/details/9195810,PRIMA VIKING,General Cargo Ship,9195810
/vessels/details/9179361,AAVA VG,General Cargo Ship,9179361
/vessels/details/9100138,BALTIC MADONNA,General Cargo Ship,9100138
/vessels/details/9163647,AURELIE,General Cargo Ship,9163647
/vessels/details/8609606,PRIMA DONNA,General Cargo Ship,8609606
/vessels/details/9086605,MARILIE,General Cargo Ship,9086605
/vessels/details/9195652,PRIMA LADY,General Cargo Ship,9195652
/vessels/details/9194282,PRIMA QUEEN,General Cargo Ship,9194282
/vessels/details/9000833,ANNIKA,General Cargo Ship,9000833
/vessels/details/9083885,BALTIC AMELIE,General Cargo Ship,9083885
/vessels/details/8618035,NINA,General Cargo Ship,8618035
/vessels/details/8325121,HELGA,General Cargo Ship,8325121
/vessels/details/8906212,ZES PILOT,General Cargo Ship,8906212
/vessels/details/8135459,JEANNY,General Cargo Ship,8135459
/vessels/details/5135977,LEONIE,General Cargo Ship,5135977
/vessels/details/8634766,REPLOT 2,Ro-Ro Cargo Ship,8634766
/vessels/details/7943029,GIA,General Cargo Ship,7943029
/vessels/details/8634807,JULIA,General Cargo Ship,8634807
/vessels/details/5108883,ESTELLE,General Cargo Ship,5108883
/vessels/details/5284481,PRONTO,General Cargo Ship,5284481
/vessels/details/230991740,SAAGA,Cargo ship,230991740
/vessels/details/230992650,URSUS,Cargo ship (HAZ-C),230992650
/vessels/details/230087740,ALLI-10,Cargo ship,230087740
/vessels/details/230129940,SEGLINGE,Cargo ship,230129940
/vessels/details/230069910,RYSARAHTI,Cargo ship,230069910
/vessels/details/230046990,MT5300,Cargo ship,230046990
/vessels/details/230094180,MS ROOPE,Cargo ship,230094180
/vessels/details/230983260,HANHI,Cargo ship,230983260
/vessels/details/230046600,SUBSEA VIII,Cargo ship,230046600
/vessels/details/230078610,SAKARI,Cargo ship,230078610
/vessels/details/230070050,KUTTERI,Cargo ship,230070050
/vessels/details/5392484,ANNIKA,General Cargo Ship,5392484
/vessels/details/230063470,MOBY DICK,Cargo ship,230063470
/vessels/details/5352915,TARNO,General Cargo Ship,5352915
/vessels/details/230150010,ROOPE-SAIMAA II,Cargo ship,230150010
/vessels/details/230038140,LOHI,Cargo ship,230038140
/vessels/details/230942860,LINNAKEVENE,Cargo ship,230942860
/vessels/details/230058910,RPP1085,Cargo ship,230058910
/vessels/details/230940570,KEILA 1,Cargo ship,230940570
/vessels/details/8959881,BERGO,Heavy Load Carrier,8959881
/vessels/details/230156510,HILLSKAR,Cargo ship,230156510
/vessels/details/230200285,81598,Cargo ship,230200285
/vessels/details/230157910,MJALTO,Cargo ship,230157910
/vessels/details/230982380,CASE 10,Cargo ship,230982380
/vessels/details/5017826,SVARTE RUDOLF,General Cargo Ship,5017826
/vessels/details/230005000,CELINA,Cargo ship,230005000
/vessels/details/230171410,TT1,Cargo ship,230171410
/vessels/details/230150470,MT4348,Cargo ship,230150470
/vessels/details/230098780,VALVE 3,Cargo ship,230098780
/vessels/details/230696160,BORE WAY,Cargo ship,230696160
/vessels/details/230070060,MT47415,Cargo ship,230070060
/vessels/details/230992150,LUOTSIKUTTERI,Cargo ship,230992150
/vessels/details/230122580,JANET,Cargo ship,230122580
/vessels/details/230111140,MT1307,Cargo ship,230111140
/vessels/details/230011540,M801,Cargo ship,230011540
/vessels/details/230089590,MT2737,Cargo ship,230089590
/vessels/details/230128800,OERNEN,Cargo ship,230128800
/vessels/details/230098770,VALVE 2,Cargo ship,230098770
/vessels/details/6613847,CURA 3,General Cargo Ship,6613847
/vessels/details/7515937,ADAM,General Cargo Ship,7515937
/vessels/details/5251616,NIEDERELBE,General Cargo Ship,5251616
/vessels/details/230107940,FINEXPRESS,Cargo ship,230107940
/vessels/details/230167780,MT5303,Cargo ship,230167780
/vessels/details/230174860,MT5305,Cargo ship,230174860
/vessels/details/230161110,JUHA,Cargo ship,230161110
/vessels/details/230980370,PUHTI,Cargo ship,230980370
/vessels/details/230941810,KALA 6,Cargo ship,230941810
/vessels/details/230090770,MT5116,Cargo ship,230090770
/vessels/details/230991990,MT2113,Cargo ship,230991990
/vessels/details/230126890,AHTI 219,Cargo ship,230126890
/vessels/details/230981450,WILMA,Cargo ship,230981450
/vessels/details/230182600,FLUNDRAN,Cargo ship,230182600
/vessels/details/5139739,MARIVAL,General Cargo Ship,5139739
/vessels/details/230134610,RKP 1082,Cargo ship,230134610
/vessels/details/230632096,FINNWAVE,Cargo ship,230632096
/vessels/details/230063760,MAISA,Cargo ship,230063760
/vessels/details/230061710,JUNGFRULIN,Cargo ship,230061710
/vessels/details/230632160,FINNWAVE,Cargo ship,230632160
/vessels/details/230070070,MT5706,Cargo ship,230070070
/vessels/details/230034740,PONTUS,Cargo ship,230034740
/vessels/details/230992250,MT2303,Cargo ship,230992250
/vessels/details/230151360,ARAMIS,Cargo ship,230151360
/vessels/details/230696096,BORE WAY,Cargo ship,230696096
/vessels/details/230191490,TT2,Cargo ship,230191490
/vessels/details/5372501,MANVIKEN,General Cargo Ship,5372501
/vessels/details/230943540,MERKKARI,Cargo ship,230943540
/vessels/details/230943170,COPPIBOAT,Cargo ship,230943170
/vessels/details/230072670,AAVA,Cargo ship,230072670
/vessels/details/4542862,MOBY DICK,Ro-Ro Cargo Ship,4542862
/vessels/details/230011290,MT2306,Cargo ship,230011290
/vessels/details/230179020,SANTAMARIA,Cargo ship,230179020
/vessels/details/230701096,FINNECO II,Cargo ship (HAZ-A),230701096
/vessels/details/230940040,TAVI,Cargo ship,230940040
/vessels/details/230112370,HESSU,Cargo ship,230112370
/vessels/details/9892444,JATULI,Crude Oil Tanker,9892444
/vessels/details/9892432,JAARLI,Crude Oil Tanker,9892432
/vessels/details/9797814,UIKKU,Chemical/Oil Products Tanker,9797814
/vessels/details/9797802,LUNNI,Chemical/Oil Products Tanker,9797802
/vessels/details/9739836,SAANA,Chemical/Oil Products Tanker,9739836
/vessels/details/9818278,HALTI,Chemical/Oil Products Tanker,9818278
/vessels/details/230033790,OIL FINN,Tanker,230033790
/vessels/details/5406625,SIGNY,Chemical/Oil Products Tanker,5406625
/vessels/details/7945039,JAKIL,Oil Products Tanker,7945039
/vessels/details/9902421,FINNCANOPUS,Passenger/Ro-Ro Cargo Ship,9902421
/vessels/details/9902419,FINNSIRIUS,Passenger/Ro-Ro Cargo Ship,9902419
/vessels/details/9827877,VIKING GLORY,Passenger/Ro-Ro Cargo Ship,9827877
/vessels/details/8715259,SILJA SERENADE,Passenger/Ro-Ro Cargo Ship,8715259
/vessels/details/9606900,VIKING GRACE,Passenger/Ro-Ro Cargo Ship,9606900
/vessels/details/9354284,BALTIC PRINCESS,Passenger/Ro-Ro Cargo Ship,9354284
/vessels/details/8719188,VIKING CINDERELLA,Passenger/Ro-Ro Cargo Ship,8719188
/vessels/details/9319466,FINNMAID,Passenger/Ro-Ro Cargo Ship,9319466
/vessels/details/9319442,FINNSTAR,Passenger/Ro-Ro Cargo Ship,9319442
/vessels/details/9336268,FINNLADY,Passenger/Ro-Ro Cargo Ship,9336268
/vessels/details/9214379,FINLANDIA,Passenger/Ro-Ro Cargo Ship,9214379
/vessels/details/9375654,VIKING XPRS,Passenger/Ro-Ro Cargo Ship,9375654
/vessels/details/8917601,GABRIELLA,Passenger/Ro-Ro Cargo Ship,8917601
/vessels/details/9878319,AURORA BOTNIA,Passenger/Ro-Ro Cargo Ship,9878319
/vessels/details/9181106,FINBO CARGO,Passenger/Ro-Ro Cargo Ship,9181106
/vessels/details/5308938,SAMPO,Passenger Ship,5308938
/vessels/details/9436630,SKARVEN,Passenger/Ro-Ro Cargo Ship,9436630
/vessels/details/9236767,ADAN,Passenger/Ro-Ro Cargo Ship,9236767
/vessels/details/9173719,VIGGEN,Passenger/Ro-Ro Cargo Ship,9173719
/vessels/details/8915770,ALFAGELN,Passenger/Ro-Ro Cargo Ship,8915770
/vessels/details/9915349,ALTERA,Passenger/Ro-Ro Cargo Ship,9915349
/vessels/details/9806328,ELEKTRA,Passenger/Ro-Ro Cargo Ship,9806328
/vessels/details/7902609,GUDINGEN,Passenger/Ro-Ro Cargo Ship,7902609
/vessels/details/8412807,SKIFTET,Passenger/Ro-Ro Cargo Ship,8412807
/vessels/details/8421195,KNIPAN,Passenger/Ro-Ro Cargo Ship,8421195
/vessels/details/9624691,STELLA,Passenger/Ro-Ro Cargo Ship,9624691
/vessels/details/8702903,MERISILTA,Passenger/Ro-Ro Cargo Ship,8702903
/vessels/details/8712582,UTO,Passenger/Ro-Ro Cargo Ship,8712582
/vessels/details/7325459,BOGOEY,Passenger/Ro-Ro Cargo Ship,7325459
/vessels/details/8685753,STERNA,Passenger/Ro-Ro Cargo Ship,8685753
/vessels/details/9126792,AURORA,Passenger/Ro-Ro Cargo Ship,9126792
/vessels/details/8959867,AURA,Passenger/Ro-Ro Cargo Ship,8959867
/vessels/details/8685741,FALCO,Passenger/Ro-Ro Cargo Ship,8685741
/vessels/details/7611511,EJDERN,Passenger/Ro-Ro Cargo Ship,7611511
/vessels/details/6721280,TERWA TOPPILA,Passenger/Ro-Ro Cargo Ship,6721280
/vessels/details/7393640,OSTERN,Passenger/Ro-Ro Cargo Ship,7393640
/vessels/details/8324517,MERGUS,Passenger/Ro-Ro Cargo Ship,8324517
/vessels/details/6926244,CARELIA,Passenger Ship,6926244
/vessels/details/9707091,OTAVA,Passenger/Ro-Ro Cargo Ship,9707091
/vessels/details/5425059,OULU,Passenger Ship,5425059
/vessels/details/9315408,SUOMENLINNA II,Passenger Ship,9315408
/vessels/details/6721022,KOKAR,Passenger/Ro-Ro Cargo Ship,6721022
/vessels/details/6610132,UKKOPEKKA,Passenger Ship,6610132
/vessels/details/7218981,GRISSLAN,Passenger/Ro-Ro Cargo Ship,7218981
/vessels/details/8634223,ANTONIA,Passenger/Ro-Ro Cargo Ship,8634223
/vessels/details/8326357,PRINCESS CAROLINE,Passenger Ship,8326357
/vessels/details/7943378,ROSALA II,Passenger/Ro-Ro Cargo Ship,7943378
/vessels/details/9813591,HELSINKI,Passenger Ship,9813591
/vessels/details/9988437,INNAMO,Passenger/Ro-Ro Cargo Ship,9988437
/vessels/details/8634326,RUDOLFINA,Passenger Ship,8634326
/vessels/details/8957596,KAITA,Passenger/Ro-Ro Cargo Ship,8957596
/vessels/details/8957601,YA KIVIMO,Passenger/Ro-Ro Cargo Ship,8957601
/vessels/details/8134998,KING,Passenger Ship,8134998
/vessels/details/5116127,VINKERI II,Passenger Ship,5116127
/vessels/details/8993332,SUNDBYHOLM,Inland Passenger,8993332
/vessels/details/5375462,VALBORG,Passenger Ship,5375462
/vessels/details/230010760,LINNANSAARI,Passenger ship,230010760
/vessels/details/230086910,SS LOKKI,Passenger ship,230086910
/vessels/details/230065860,VISPILAE,Passenger ship,230065860
/vessels/details/230981160,LILY,Passenger ship,230981160
/vessels/details/230174460,L-317,Passenger ship,230174460
/vessels/details/230128770,TOFTO 123,Passenger ship,230128770
/vessels/details/230071310,QUEEN R,Passenger ship,230071310
/vessels/details/230108590,EHRENSVAERD,Passenger ship,230108590
/vessels/details/230989440,MEYER NEW BUILD,Passenger ship,230989440
/vessels/details/230108610,SUOKKI,Passenger ship,230108610
/vessels/details/230992610,FINNO,Passenger ship,230992610
/vessels/details/230939410,OSMO,Passenger ship,230939410
/vessels/details/230065900,GAEDDA,Passenger ship,230065900
/vessels/details/230109840,J.L.RUNEBERG,Passenger ship,230109840
/vessels/details/230011240,SAIMAA,Passenger ship,230011240
/vessels/details/230938740,WENNO,Passenger ship,230938740
/vessels/details/230997080,KAJAVA,Passenger ship,230997080
/vessels/details/230938250,L197,Passenger ship,230938250
/vessels/details/230081740,L-153,Passenger ship,230081740
/vessels/details/230126160,VIRE,Passenger ship,230126160
/vessels/details/230994880,SATAVA,Passenger ship,230994880
/vessels/details/230991258,TEKLA I,Passenger ship,230991258
/vessels/details/230992640,FISKO,Passenger ship,230992640
/vessels/details/230987260,VIKEN,Passenger ship,230987260
/vessels/details/230938340,LAKE SEAL,Passenger ship,230938340
/vessels/details/230028850,SUNNAN2,Passenger ship,230028850
/vessels/details/230052990,VIAPORI,Passenger ship,230052990
/vessels/details/230052800,EMMA,Passenger ship,230052800
/vessels/details/230941090,IHANA,Passenger ship,230941090
/vessels/details/230006380,L-232,Passenger ship,230006380
/vessels/details/230024660,TOR,Passenger ship,230024660
/vessels/details/230992670,ALFAGELN,Passenger ship,230992670
/vessels/details/230938890,PAUL WAHL,Passenger ship,230938890
/vessels/details/230167470,SINIVUOKKO,Passenger ship,230167470
/vessels/details/230162620,TEKLA II,Passenger ship,230162620
/vessels/details/8634871,WENNO,Passenger Ship,8634871
/vessels/details/9642344,NESTORI,Passenger/Ro-Ro Cargo Ship,9642344
/vessels/details/230157930,MERITUULI,Passenger ship,230157930
/vessels/details/230102850,MATILDA,Passenger ship,230102850
/vessels/details/8317825,TEKLA I,Passenger/Ro-Ro Cargo Ship,8317825
/vessels/details/8634182,FAMNEN,Passenger Ship,8634182
/vessels/details/230088060,OBELIX,Passenger ship,230088060
/vessels/details/230030290,MACY,Passenger ship,230030290
/vessels/details/8685739,MERILUOTO,Passenger/Ro-Ro Cargo Ship,8685739
/vessels/details/230982980,TAXEN,Passenger ship,230982980
/vessels/details/230009210,KERTTU,Passenger ship,230009210
/vessels/details/230193580,LILLI,Passenger ship,230193580
/vessels/details/8634754,BARO,Passenger/Ro-Ro Cargo Ship,8634754
/vessels/details/230190070,FELICIA,Passenger ship,230190070
/vessels/details/8035025,SUMMERSEA,Passenger Ship,8035025
/vessels/details/230049280,OKEANOS,Passenger ship,230049280
/vessels/details/230099475,NM VIAGEIRO,Passenger ship,230099475
/vessels/details/230011480,DOPPINGEN,Passenger ship,230011480
/vessels/details/230091290,ANGOSUND,Passenger ship,230091290
/vessels/details/6703472,SILVER STAR,Passenger Ship,6703472
/vessels/details/230167360,IDUN,Passenger ship,230167360
/vessels/details/230066290,TUULISPAA,Passenger ship,230066290
/vessels/details/230980040,AURELIA,Passenger ship,230980040
/vessels/details/230235000,VIVAN,Passenger ship,230235000
/vessels/details/5166782,J. L. RUNEBERG,Passenger Ship,5166782
/vessels/details/8222331,LOVSKAR,Passenger ship,8222331
/vessels/details/8959972,ANNET,Passenger Ship,8959972
/vessels/details/230941350,SS MIKKO,Passenger ship,230941350
/vessels/details/230155950,KOKKOMAA,Passenger ship,230155950
/vessels/details/7621475,FALKO,Passenger/Ro-Ro Cargo Ship,7621475
/vessels/details/8978370,SPOVEN,Passenger/Ro-Ro Cargo Ship,8978370
/vessels/details/230940100,FARJA 119,Passenger ship,230940100
/vessels/details/230151230,BJORKO,Passenger ship,230151230
/vessels/details/230086510,EMBARSUNDFARJAN,Passenger ship,230086510
/vessels/details/8685727,PROSTVIK 1,Passenger/Ro-Ro Cargo Ship,8685727
/vessels/details/230051040,KOSKELO,Passenger ship,230051040
/vessels/details/230054170,ALVA,Passenger ship,230054170
/vessels/details/7724227,JURMO,Passenger/Ro-Ro Cargo Ship,7724227
/vessels/details/8634546,NAGU 2,Passenger/Ro-Ro Cargo Ship,8634546
/vessels/details/8634651,URSUS,Passenger/Ro-Ro Cargo Ship,8634651
/vessels/details/230099540,SIMSKALA,Passenger ship,230099540
/vessels/details/230117660,ISLA,Passenger ship,230117660
/vessels/details/8874419,MATILDA,Passenger/General Cargo Ship,8874419
/vessels/details/230052810,VIKARE,Passenger ship,230052810
/vessels/details/230115770,TIIRA,Passenger ship,230115770
/vessels/details/230937370,NATALIA,Passenger ship,230937370
/vessels/details/9642332,VIKARE,Passenger/Ro-Ro Cargo Ship,9642332
/vessels/details/230942890,SODERSKAR,Passenger ship,230942890
/vessels/details/230102310,AINA,Passenger ship,230102310
/vessels/details/230047170,ANSIO,Passenger ship,230047170
/vessels/details/230097750,LARISSA,Passenger ship,230097750
/vessels/details/230076480,AMIRAALI,Passenger ship,230076480
/vessels/details/8827650,CAMILLA,Passenger Ship,8827650
/vessels/details/230087250,WELLAMO,Passenger ship,230087250
/vessels/details/230113760,KATHRINA,Passenger ship,230113760
/vessels/details/230943610,TOM,Passenger ship,230943610
/vessels/details/230939210,ISOSAARI 2,Passenger ship,230939210
/vessels/details/9742259,SILVER SKY,Passenger Ship,9742259
/vessels/details/230076490,CHAPMAN,Passenger ship,230076490
/vessels/details/230130510,MERELLE,Passenger ship,230130510
/vessels/details/230184710,L-198,Passenger ship,230184710
/vessels/details/8962369,TUULI,Passenger/Ro-Ro Cargo Ship,8962369
/vessels/details/230074170,SIBBE,Passenger ship,230074170
/vessels/details/230060040,QUEEN,Passenger ship,230060040
/vessels/details/230944050,SANNA,Passenger ship,230944050
/vessels/details/230181340,L 144,Passenger ship,230181340
/vessels/details/230938360,HEINAVESI,Passenger ship,230938360
/vessels/details/230994860,APOLLONIA,Passenger ship,230994860
/vessels/details/8303056,BON MARIN,Passenger Ship,8303056
/vessels/details/7805136,MICHAEL SARS,Fishing Support Vessel,7805136
/vessels/details/8404769,DANO,Fishing Vessel,8404769
/vessels/details/8719152,OLYMPOS,Fishing Vessel,8719152
/vessels/details/8912778,ROXEN,Fishing Vessel,8912778
/vessels/details/8404771,SONNSKAR,Fishing Vessel,8404771
/vessels/details/7904750,SHEMARA,Fishing Vessel,7904750
/vessels/details/8331833,FV GLOMSKAR,Fishing Vessel,8331833
/vessels/details/8332277,CHRISTINA JARCHAU,Fishing Vessel,8332277
/vessels/details/7817153,MENHADEN,Fishing Vessel,7817153
/vessels/details/6712150,MAGRETA,Fishing Vessel,6712150
/vessels/details/5419232,CARMEL,Fishing Vessel,5419232
/vessels/details/8882973,REFLEX,Fish Carrier,8882973
/vessels/details/230941040,VESTURFARID,Fishing vessel,230941040
/vessels/details/230115640,SERAFINA,Fishing vessel,230115640
/vessels/details/230070270,SIGURBARA,Fishing vessel,230070270
/vessels/details/230069190,LINDESNES,Fishing vessel,230069190
/vessels/details/230091190,KARPALO,Fishing vessel,230091190
/vessels/details/230191350,NORDAES,Fishing vessel,230191350
/vessels/details/230316053,230316053,Fishing vessel,230316053
/vessels/details/230700488,NET OCEANE III,Fishing vessel,230700488
/vessels/details/230061460,SILLI,Fishing vessel,230061460
/vessels/details/230001993,MAJUMAPAN JRG JANKAR,Fishing vessel,230001993
/vessels/details/230316050,230316050,Fishing vessel,230316050
/vessels/details/230081570,OBELIX,Fishing vessel,230081570
/vessels/details/5260174,OCEAN,Fishing Vessel,5260174
/vessels/details/230316061,230316061,Fishing vessel,230316061
/vessels/details/8619819,SANTOS,Fishing Vessel,8619819
/vessels/details/230008859,88598,Fishing vessel,230008859
/vessels/details/230660066,00066,Fishing vessel,230660066
/vessels/details/230203263,HH,Fishing vessel,230203263
/vessels/details/230700473,NET OCEANE III,Fishing vessel,230700473
/vessels/details/230942350,HANNE,Fishing vessel,230942350
/vessels/details/230178500,LUFFARN,Fishing vessel,230178500
/vessels/details/230981710,KALKAS,Fishing vessel,230981710
/vessels/details/230145150,VONKALE II,Fishing vessel,230145150
/vessels/details/230056800,SHUNHANG1HAO PL,Fishing vessel,230056800
/vessels/details/230203476,0,Fishing vessel,230203476
/vessels/details/230316029,230316029,Fishing vessel,230316029
/vessels/details/230128470,FALKEN,Fishing vessel,230128470
/vessels/details/230996360,ROLLI,Fishing vessel,230996360
/vessels/details/230984790,SIPI,Fishing vessel,230984790
/vessels/details/230700409,1883,Fishing vessel,230700409
/vessels/details/230150011,23015-1191,Fishing vessel,230150011
/vessels/details/230985650,OSMERUS,Fishing vessel,230985650
/vessels/details/6900563,HANNE,Fishing Vessel,6900563
/vessels/details/230700492,BOUEE ZEPHIR III,Fishing vessel,230700492
/vessels/details/230152010,23015-1078,Fishing vessel,230152010
/vessels/details/230020340,ANN,Fishing vessel,230020340
/vessels/details/230100281,LUYANYU69710,Fishing vessel,230100281
/vessels/details/8022731,BALTIK,Fishing Vessel,8022731
/vessels/details/230700475,BM SUSANA,Fishing vessel,230700475
/vessels/details/5109849,WINDO,Fishing Vessel,5109849
/vessels/details/230316031,230316031,Fishing vessel,230316031
/vessels/details/6806224,KINGSTON,Fishing Vessel,6806224
/vessels/details/230700483,P1,Fishing vessel,230700483
/vessels/details/230943900,SALMONE,Fishing vessel,230943900
/vessels/details/5398165,FLORENCE,Fishing Vessel,5398165
/vessels/details/230502887,YUEWUYU50288-7-21,Fishing vessel,230502887
/vessels/details/230996210,PIRKE,Fishing vessel,230996210
/vessels/details/230259955,9955,Fishing vessel,230259955
/vessels/details/230120640,LOHETAR,Fishing vessel,230120640
/vessels/details/230097610,SKITARI,Fishing vessel,230097610
/vessels/details/230330033,MIN DONG YU60033,Fishing vessel,230330033
/vessels/details/230081240,JOHANNA,Fishing vessel,230081240
/vessels/details/230554699,A 2,Fishing vessel,230554699
/vessels/details/230316054,230316054,Fishing vessel,230316054
/vessels/details/6617788,SEA GULL,Fishing Vessel,6617788
/vessels/details/8027731,BALTIK,Fishing Vessel,8027731
/vessels/details/230088888,3569,Fishing vessel,230088888
/vessels/details/8322765,SILVERFORS,Fishing Vessel,8322765
/vessels/details/230159140,RAMONE,Fishing vessel,230159140
/vessels/details/230996090,BALTIC,Fishing vessel,230996090
/vessels/details/230981860,WAISKI 2,Fishing vessel,230981860
/vessels/details/230316032,230316032,Fishing vessel,230316032
/vessels/details/230700486,NET OCEANE III,Fishing vessel,230700486
/vessels/details/230984250,EMMA,Fishing vessel,230984250
/vessels/details/7392309,LAGUNA,Fishing Vessel,7392309
/vessels/details/230516001,YANYOUDIAO707,Fishing vessel,230516001
/vessels/details/230700410,1912,Fishing vessel,230700410
/vessels/details/230700491,BOUEE ZEPHIR III,Fishing vessel,230700491
/vessels/details/230700494,BOUEE ZEPHIR III,Fishing vessel,230700494
/vessels/details/5052216,AMAZON,Fishing Vessel,5052216
/vessels/details/230100307,YU FA 2HAO A SU,Fishing vessel,230100307
/vessels/details/230127533,DONGKANGGAN A27533,Fishing vessel,230127533
/vessels/details/230700484,BM LAITO I,Fishing vessel,230700484
/vessels/details/6418833,NORDSJO,Fishing Vessel,6418833
/vessels/details/230316056,230316056,Fishing vessel,230316056
/vessels/details/230700283,LUQINGXINYU 69057,Fishing vessel,230700283
/vessels/details/5013662,MARIANNE,Fishing Vessel,5013662
/vessels/details/230942640,ROCKALL,Fishing vessel,230942640
/vessels/details/7922415,GOLDEN ROSE,Fishing Vessel,7922415
/vessels/details/5190018,KLATTEN,Fishing Vessel,5190018
/vessels/details/230188110,CALLE,Fishing vessel,230188110
/vessels/details/230700489,NET OCEANE III,Fishing vessel,230700489
/vessels/details/230996350,SILLI,Fishing vessel,230996350
/vessels/details/230168610,MY TIME,Fishing vessel,230168610
/vessels/details/230700485,NET OCEANE III,Fishing vessel,230700485
/vessels/details/230084170,PAKARA,Fishing vessel,230084170
/vessels/details/230150014,23015-1463,Fishing vessel,230150014
/vessels/details/6600450,BRATTVAG,Fishing Vessel,6600450
/vessels/details/230700490,NET OCEANE III,Fishing vessel,230700490
/vessels/details/230094070,BONUS,Fishing vessel,230094070
/vessels/details/230117380,FALKEN,Fishing vessel,230117380
/vessels/details/230200957,230200957,Fishing vessel,230200957
/vessels/details/230201349,KAM WAH,Fishing vessel,230201349
/vessels/details/230700487,NET OCEANE III,Fishing vessel,230700487
/vessels/details/230316058,230316058,Fishing vessel,230316058
/vessels/details/230700480,NET OCEANE III,Fishing vessel,230700480
/vessels/details/230177130,HUUG,Fishing vessel,230177130
/vessels/details/230982910,ARSKA,Fishing vessel,230982910
/vessels/details/230328912,ZHEPUYUAAAAA,Fishing vessel,230328912
/vessels/details/230150012,23015-1299,Fishing vessel,230150012
/vessels/details/230033100,1I033,Fishing vessel,230033100
/vessels/details/230189999,N,Fishing vessel,230189999
/vessels/details/230142870,DRAGO63,Fishing vessel,230142870
/vessels/details/230316059,230316059,Fishing vessel,230316059
/vessels/details/230075707,YUETAIYU- 22707,Fishing vessel,230075707
/vessels/details/230700397,1923,Fishing vessel,230700397
/vessels/details/230700493,BOUEE ZEPHIR III,Fishing vessel,230700493
/vessels/details/230600413,LIAOHUYU25096,Fishing vessel,230600413
/vessels/details/230502886,YUEWUYU50288-6-45,Fishing vessel,230502886
/vessels/details/230087760,AF,Fishing vessel,230087760
/vessels/details/230316057,230316057,Fishing vessel,230316057
/vessels/details/5147475,HEMLAND,Fishing Vessel,5147475
/vessels/details/230700399,1962,Fishing vessel,230700399
/vessels/details/8710845,LINDA MARI,Fishing Vessel,8710845
/vessels/details/6721357,WESTFJORD,Fishing Vessel,6721357
/vessels/details/5424081,GEIR GODI,Fishing Vessel,5424081
/vessels/details/230132010,VENSKA,Fishing vessel,230132010
/vessels/details/230316060,230316060,Fishing vessel,230316060
/vessels/details/230545854,99,Fishing vessel,230545854
/vessels/details/230152013,23015-1399,Fishing vessel,230152013
/vessels/details/230053240,FLORENCE,Fishing vessel,230053240
/vessels/details/230700477,BM ESPERANZA IV,Fishing vessel,230700477
/vessels/details/230316048,230316048,Fishing vessel,230316048
/vessels/details/230316063,230316063,Fishing vessel,230316063
/vessels/details/230516003,000000000,Fishing vessel,230516003
/vessels/details/230700474,NET OCEANE III,Fishing vessel,230700474
/vessels/details/230700395,1963,Fishing vessel,230700395
/vessels/details/230202721,LU LAO YU 63721,Fishing vessel,230202721
/vessels/details/7216907,VEDERLAX,Fishing Vessel,7216907
/vessels/details/230316052,230316052,Fishing vessel,230316052
/vessels/details/7902477,JULANTA,Fishing Vessel,7902477
/vessels/details/230700481,NET OCEANE III,Fishing vessel,230700481
/vessels/details/230700398,1961,Fishing vessel,230700398
/vessels/details/230819170,DONGTINGHU2HAO,Fishing vessel,230819170
/vessels/details/9436525,INSPIRATION,Yacht,9436525
/vessels/details/9017367,NORTHERN CROSS,Yacht,9017367
/vessels/details/8878192,ASTRA,Yacht,8878192
/vessels/details/5428233,AMAZONE,Sailing Vessel,5428233
/vessels/details/230180200,SPIRIT OF HELSINKI,Sailing vessel,230180200
/vessels/details/230183640,KIA ORA,Sailing vessel,230183640
/vessels/details/230155550,KARIOCA 2,Sailing vessel,230155550
/vessels/details/230086840,TSIRP,Sailing vessel,230086840
/vessels/details/230094500,EA,Sailing vessel,230094500
/vessels/details/230999570,NAVIGATOR,Sailing vessel,230999570
/vessels/details/230131870,FREEDOM CALL,Sailing vessel,230131870
/vessels/details/230045450,LADY BIRD III,Sailing vessel,230045450
/vessels/details/230084780,XTRA STAERK,Sailing vessel,230084780
/vessels/details/230023990,SALTY DOG,Sailing vessel,230023990
/vessels/details/230045910,SY SARI,Sailing vessel,230045910
/vessels/details/230132170,MERELLE,Sailing vessel,230132170
/vessels/details/230151670,SEA DOG,Pleasure craft,230151670
/vessels/details/230136980,GARBO,Sailing vessel,230136980
/vessels/details/230008510,VAAGVIS,Sailing vessel,230008510
/vessels/details/230174090,HANSA SILVER,Sailing vessel,230174090
/vessels/details/230152560,EXQUIS,Sailing vessel,230152560
/vessels/details/230168550,LADY B,Pleasure craft,230168550
/vessels/details/230082260,MARIANN,Sailing vessel,230082260
/vessels/details/230057350,SARASTUS,Pleasure craft,230057350
/vessels/details/230162600,MERIKAPY,Sailing vessel,230162600
/vessels/details/230094970,TT KATARIINA I,Pleasure craft,230094970
/vessels/details/230132670,ALTAIR,Pleasure craft,230132670
/vessels/details/230069070,FRIDA,Pleasure craft,230069070
/vessels/details/230129480,ACUSTICA,Pleasure craft,230129480
/vessels/details/230145710,TINTOMARA,Pleasure craft,230145710
/vessels/details/230148670,ATHENE,Sailing vessel,230148670
/vessels/details/230006710,RUMBALOTTE,Pleasure craft,230006710
/vessels/details/230012970,MERSEA,Sailing vessel,230012970
/vessels/details/230169100,KARIOCA III,Sailing vessel,230169100
/vessels/details/230163510,KATARIINA II,Pleasure craft,230163510
/vessels/details/230189730,LADY AURORA,Sailing vessel,230189730
/vessels/details/230991880,SVANHILD,Sailing vessel,230991880
/vessels/details/230176690,MERELLE,Pleasure craft,230176690
/vessels/details/230134100,NOW TINTO,Sailing vessel,230134100
/vessels/details/230184460,LITTLE B,Sailing vessel,230184460
/vessels/details/230053950,POHJANNEITO,Pleasure craft,230053950
/vessels/details/230190950,DELTA,Sailing vessel,230190950
/vessels/details/230015380,TWO FAST,Sailing vessel,230015380
/vessels/details/230173080,GALIANA,Sailing vessel,230173080
/vessels/details/230070600,MERI-WELLAMO,Pleasure craft,230070600
/vessels/details/230144550,SY JULIA II,Sailing vessel,230144550
/vessels/details/230166480,XILLI,Pleasure craft,230166480
/vessels/details/230113780,GAMLA SKORPAN,Pleasure craft,230113780
/vessels/details/230167020,ALMA,Sailing vessel,230167020
/vessels/details/230165210,SY BEKOUE,Sailing vessel,230165210
/vessels/details/230047880,LUCERNA,Pleasure craft,230047880
/vessels/details/230139900,BLUE BERRY,Sailing vessel,230139900
/vessels/details/230051570,GRAND LADY,Pleasure craft,230051570
/vessels/details/230936350,FAGEL BLA,Sailing vessel,230936350
/vessels/details/230032310,SY SYLVIE,Sailing vessel,230032310
/vessels/details/230041980,HADDOCK,Pleasure craft,230041980
/vessels/details/230087090,IKUINEN VAPPU,Sailing vessel,230087090
/vessels/details/230069470,SARASTUS,Sailing vessel,230069470
/vessels/details/230146580,SHADOWFAX,Sailing vessel,230146580
/vessels/details/230191250,ARCHIMEDES,Pleasure craft,230191250
/vessels/details/230032550,FRANZISCA,Pleasure craft,230032550
/vessels/details/230168130,SOULMATE,Sailing vessel,230168130
/vessels/details/230050570,MARIELLA,Sailing vessel,230050570
/vessels/details/230027260,SY CHECKMATE,Pleasure craft,230027260
/vessels/details/230183350,MY SIZE,Pleasure craft,230183350
/vessels/details/230987940,JOANNA SATURNA,Sailing vessel,230987940
/vessels/details/230044970,STAR OF SAIMAA,Pleasure craft,230044970
/vessels/details/230146350,HELOU,Sailing vessel,230146350
/vessels/details/230942960,SY HEIDI,Sailing vessel,230942960
/vessels/details/230944100,KHARISMA,Sailing vessel,230944100
/vessels/details/230171190,SALME,Pleasure craft,230171190
/vessels/details/230118410,VIMMU V,Pleasure craft,230118410
/vessels/details/230142310,ASAHI,Sailing vessel,230142310
/vessels/details/230176070,DISPARATE,Pleasure craft,230176070
/vessels/details/230181750,ALPO,Pleasure craft,230181750
/vessels/details/230062270,SY EMILY,Pleasure craft,230062270
/vessels/details/230150710,UNI,Sailing vessel,230150710
/vessels/details/230939170,MUSTAMAIJA,Pleasure craft,230939170
/vessels/details/230120650,MERILENA,Sailing vessel,230120650
/vessels/details/230175640,TURC,Sailing vessel,230175640
/vessels/details/230169940,TAHITI,Sailing vessel,230169940
/vessels/details/230091390,SYLVIA AF WASA,Sailing vessel,230091390
/vessels/details/230158450,AEGIR,Sailing vessel,230158450
/vessels/details/230129510,ELINA 7,Pleasure craft,230129510
/vessels/details/230160020,SCILLA BLUE II,Sailing vessel,230160020
/vessels/details/230018070,WANDRA,Pleasure craft,230018070
/vessels/details/230048880,SY CHIARA,Sailing vessel,230048880
/vessels/details/230124370,AVENTURA,Pleasure craft,230124370
/vessels/details/230136260,SY AERIS,Pleasure craft,230136260
/vessels/details/230128910,PENELOPE,Pleasure craft,230128910
/vessels/details/230985070,PENELOPE,Sailing vessel,230985070
/vessels/details/230156160,BLUE DREAM,Pleasure craft,230156160
/vessels/details/230144100,VICTORIA,Sailing vessel,230144100
/vessels/details/230155690,AINO LOMAPURSI,Sailing vessel,230155690
/vessels/details/230041370,WIND ROSE,Sailing vessel,230041370
/vessels/details/230124040,RHEYA,Sailing vessel,230124040
/vessels/details/230163060,AKU WAMA,Sailing vessel,230163060
/vessels/details/230013160,MERENHUISKE,Sailing vessel,230013160
/vessels/details/230122980,SUNDANCE II,Sailing vessel,230122980
/vessels/details/230984450,ALEXANDRA,Sailing vessel,230984450
/vessels/details/230099610,ZORRO,Pleasure craft,230099610
/vessels/details/230175120,SANTA KATARINA,Sailing vessel,230175120
/vessels/details/230002850,SYNNOVE,Sailing vessel,230002850
/vessels/details/230119840,BLUE RAN,Sailing vessel,230119840
/vessels/details/230179060,HELEA,Sailing vessel,230179060
/vessels/details/230992950,ALBANUS,Sailing vessel,230992950
/vessels/details/230024910,HOODOO,Sailing vessel,230024910
/vessels/details/230075500,AAVA,Sailing vessel,230075500
/vessels/details/230015550,TUPPENCE,Pleasure craft,230015550
/vessels/details/230143410,BEROLINA,Sailing vessel,230143410
/vessels/details/230936660,BLUEMARINE,Pleasure craft,230936660
/vessels/details/230149500,CHEERIO,Sailing vessel,230149500
/vessels/details/230062370,SY ALICE,Sailing vessel,230062370
/vessels/details/230164470,VIRPI 2,Pleasure craft,230164470
/vessels/details/230045440,RYSAKIITO,Pleasure craft,230045440
/vessels/details/230189530,PENNY DI LUNA,Pleasure craft,230189530
/vessels/details/230037690,SAALIS 2,Pleasure craft,230037690
/vessels/details/230042680,SIRIUS,Sailing vessel,230042680
/vessels/details/230160040,SINI,Sailing vessel,230160040
/vessels/details/230155010,ESCAPADE,Sailing vessel,230155010
/vessels/details/230130790,MY BOHEMIA,Pleasure craft,230130790
/vessels/details/230085680,AVERIN,Pleasure craft,230085680
/vessels/details/230128490,VAIANA,Pleasure craft,230128490
/vessels/details/230042290,JULIA,Pleasure craft,230042290
/vessels/details/230183890,ELVINE,Sailing vessel,230183890
/vessels/details/230074350,MERMIA,Sailing vessel,230074350
/vessels/details/230013910,NORTHSTAR,Sailing vessel,230013910
/vessels/details/230135160,ANNINA,Sailing vessel,230135160
/vessels/details/230122310,DAME ELLEN,Sailing vessel,230122310
/vessels/details/230133070,SNOWWHITE,Pleasure craft,230133070
/vessels/details/230044370,RAYMARINE,Pleasure craft,230044370
/vessels/details/230025290,AMELIE,Sailing vessel,230025290
/vessels/details/230055860,ELMO,Sailing vessel,230055860
/vessels/details/230187760,GRAPPA,Pleasure craft,230187760
/vessels/details/230131890,SY KISMET,Sailing vessel,230131890
/vessels/details/230073290,LUNA,Pleasure craft,230073290
/vessels/details/230020090,SERENISSIMA,Sailing vessel,230020090
/vessels/details/230158990,KARDEMUMMA,Pleasure craft,230158990
/vessels/details/230183520,LUMINOSE,Sailing vessel,230183520
/vessels/details/230168520,SOFIA,Sailing vessel,230168520
/vessels/details/230084150,RELAX,Sailing vessel,230084150
/vessels/details/230985480,MELINA,Sailing vessel,230985480
/vessels/details/230151330,ELBA,Sailing vessel,230151330
/vessels/details/230993180,MERISISSI 3,Sailing vessel,230993180
/vessels/details/230184340,GIPSY II,Sailing vessel,230184340
/vessels/details/230941190,SS TURSO,Pleasure craft,230941190
/vessels/details/230183620,RELACAT,Sailing vessel,230183620
/vessels/details/230062090,SY FLAXEN,Sailing vessel,230062090
/vessels/details/230181560,WHITE NIGHT,Sailing vessel,230181560
/vessels/details/230170680,NELSON SHELTER,Sailing vessel,230170680
/vessels/details/230064480,TAVI,Pleasure craft,230064480
/vessels/details/230125970,VAHINE,Pleasure craft,230125970
/vessels/details/230177060,LOUHI,Sailing vessel,230177060
/vessels/details/230188100,BLESSING,Sailing vessel,230188100
/vessels/details/230099980,BALANCE 3,Sailing vessel,230099980
/vessels/details/230048950,TEAM ERAEVEIKOT,Pleasure craft,230048950
/vessels/details/230054810,CALLIPYGE,Sailing vessel,230054810
/vessels/details/230093740,PYXIS,Sailing vessel,230093740
/vessels/details/230008070,ADALMINA,Sailing vessel,230008070
/vessels/details/230036080,SUWENA,Sailing vessel,230036080
/vessels/details/230065360,PIQUERO,Sailing vessel,230065360
/vessels/details/230129840,ANOTHER BRICK,Sailing vessel,230129840
/vessels/details/230154230,ANTARES,Sailing vessel,230154230
/vessels/details/230128510,MELLUM II,Pleasure craft,230128510
/vessels/details/230995310,SPEEDFIRE,Sailing vessel,230995310
/vessels/details/230998610,FEELINGS,Sailing vessel,230998610
/vessels/details/230045760,LAURANNA,Sailing vessel,230045760
/vessels/details/230129610,SWEET HOPE,Pleasure craft,230129610
/vessels/details/230171670,LADY PAMELA,Pleasure craft,230171670
/vessels/details/230098450,MINICOY,Sailing vessel,230098450
/vessels/details/230091780,NORDWEST V,Sailing vessel,230091780
/vessels/details/230125080,SABIN,Pleasure craft,230125080
/vessels/details/230169800,GABRIELLE,Pleasure craft,230169800
/vessels/details/230128840,FIRST BLUE,Sailing vessel,230128840
/vessels/details/230097690,ROSEANN,Sailing vessel,230097690
/vessels/details/230160180,ACCABLANT,Sailing vessel,230160180
/vessels/details/230073040,FLOW,Pleasure craft,230073040
/vessels/details/230070090,VICTORIA,Sailing vessel,230070090
/vessels/details/230158710,BORADOR,Sailing vessel,230158710
/vessels/details/230112340,SY ANELMA,Sailing vessel,230112340
/vessels/details/230172930,SQUID,Pleasure craft,230172930
/vessels/details/230019510,FAIR LADY,Sailing vessel,230019510
/vessels/details/230150700,HAPPY KEY,Sailing vessel,230150700
/vessels/details/230038890,PANTHERA,Pleasure craft,230038890
/vessels/details/230059990,SY AURORA,Sailing vessel,230059990
/vessels/details/230181600,MAIRE,Pleasure craft,230181600
/vessels/details/230165100,STIMMY,Sailing vessel,230165100
/vessels/details/230044900,TIGUIDOU,Sailing vessel,230044900
/vessels/details/230069180,OLIVIA,Sailing vessel,230069180
/vessels/details/230070310,MERIHELMI,Pleasure craft,230070310
/vessels/details/230184170,BALANCE 6,Sailing vessel,230184170
/vessels/details/230174360,LUMI,Pleasure craft,230174360
/vessels/details/230059810,SCORPION,Sailing vessel,230059810
/vessels/details/230144010,SY ELOISA,Sailing vessel,230144010
/vessels/details/230225000,HELENA,Sailing vessel,230225000
/vessels/details/230131390,AURORA,Sailing vessel,230131390
/vessels/details/230021360,ELIZA II,Sailing vessel,230021360
/vessels/details/230158330,AURORA,Sailing vessel,230158330
/vessels/details/230155240,LIZZIE,Sailing vessel,230155240
/vessels/details/230194030,LOKKI,Sailing vessel,230194030
/vessels/details/230039280,PARADISE,Pleasure craft,230039280
/vessels/details/230132310,CASSANDRA,Pleasure craft,230132310
/vessels/details/230938580,ZANGRA,Sailing vessel,230938580
/vessels/details/230989600,CECILIE,Sailing vessel,230989600
/vessels/details/230099590,BONKER,Pleasure craft,230099590
/vessels/details/230159160,ANIARA,Pleasure craft,230159160
/vessels/details/230176360,PIXEL,Sailing vessel,230176360
/vessels/details/230076390,TERESIA,Pleasure craft,230076390
/vessels/details/230058370,LEIA,Sailing vessel,230058370
/vessels/details/230158230,WIIMA,Pleasure craft,230158230
/vessels/details/230982070,TIKKI,Sailing vessel,230982070
/vessels/details/230157980,MEMENTOVIVERE,Sailing vessel,230157980
/vessels/details/230156870,ADINA,Sailing vessel,230156870
/vessels/details/230093800,SALOMEE,Sailing vessel,230093800
/vessels/details/230159170,SY HAVSORKESTERN,Pleasure craft,230159170
/vessels/details/230100570,SEAGAHM,Sailing vessel,230100570
/vessels/details/230098540,HARMY,Sailing vessel,230098540
/vessels/details/230178910,PILAR,Pleasure craft,230178910
/vessels/details/230140040,OLIVIA,Sailing vessel,230140040
/vessels/details/230939480,CARA MIA,Sailing vessel,230939480
/vessels/details/230165180,ALLI,Pleasure craft,230165180
/vessels/details/230159890,AQUAMARINA,Pleasure craft,230159890
/vessels/details/230092060,MARIANGELA,Pleasure craft,230092060
/vessels/details/230041600,MYWAVE,Sailing vessel,230041600
/vessels/details/230079900,ARES NINA,Pleasure craft,230079900
/vessels/details/230184410,SY PUPU,Pleasure craft,230184410
/vessels/details/230145560,HEAWIN,Sailing vessel,230145560
/vessels/details/230181010,EXIT,Pleasure craft,230181010
/vessels/details/230176250,DIONE,Sailing vessel,230176250
/vessels/details/230139150,SY SAUSA,Sailing vessel,230139150
/vessels/details/230173870,JASMIN,Sailing vessel,230173870
/vessels/details/230155670,LIBERTE,Pleasure craft,230155670
/vessels/details/230173900,ANAHITA,Pleasure craft,230173900
/vessels/details/230165630,CHRISTINA,Pleasure craft,230165630
/vessels/details/230186950,PACIFIER III,Sailing vessel,230186950
/vessels/details/230152040,COUSTEAU,Pleasure craft,230152040
/vessels/details/230099480,JUMPIN JACK FLASH,Sailing vessel,230099480
/vessels/details/230939900,CAROLINA,Pleasure craft,230939900
/vessels/details/230185190,NAVANGA SOLO ROWER,Pleasure craft,230185190
/vessels/details/230192930,FOURA,Pleasure craft,230192930
/vessels/details/230050790,ELLI,Sailing vessel,230050790
/vessels/details/230027170,WELIKE,Pleasure craft,230027170
/vessels/details/230084560,JR FISHING,Pleasure craft,230084560
/vessels/details/230182610,GABRIELLA,Pleasure craft,230182610
/vessels/details/230178370,JULLI,Pleasure craft,230178370
/vessels/details/230130670,TAXFREE,Pleasure craft,230130670
/vessels/details/230159310,FJONG II,Pleasure craft,230159310
/vessels/details/230014740,BIANCA,Sailing vessel,230014740
/vessels/details/230015880,ANNI,Pleasure craft,230015880
/vessels/details/230077190,LYDIA,Pleasure craft,230077190
/vessels/details/230192350,EOS,Pleasure craft,230192350
/vessels/details/230183330,PIOCAT,Sailing vessel,230183330
/vessels/details/230184280,BELLATRIX,Pleasure craft,230184280
/vessels/details/230170140,MARIETTA IV,Pleasure craft,230170140
/vessels/details/230985390,QUICKSTEP,Sailing vessel,230985390
/vessels/details/230036150,ELEANOR,Sailing vessel,230036150
/vessels/details/230986010,BADA BING,Pleasure craft,230986010
/vessels/details/230942490,FREYA,Sailing vessel,230942490
/vessels/details/230158390,AAWA,Pleasure craft,230158390
/vessels/details/230190910,SCINTILLA,Pleasure craft,230190910
/vessels/details/230174230,STELLA POLARIS,Pleasure craft,230174230
/vessels/details/230152800,TENDER 3,Pleasure craft,230152800
/vessels/details/230126080,SY HELMI,Sailing vessel,230126080
/vessels/details/230088510,RASMUS,Sailing vessel,230088510
/vessels/details/230192550,BABAR,Pleasure craft,230192550
/vessels/details/230070160,AMANDA,Sailing vessel,230070160
/vessels/details/230150620,RAKTORI,Pleasure craft,230150620
/vessels/details/230163460,VALERIE,Sailing vessel,230163460
/vessels/details/230077760,SVINGA,Pleasure craft,230077760
/vessels/details/230145880,JACKIE BROWN,Pleasure craft,230145880
/vessels/details/230938640,INGEBORG,Sailing vessel,230938640
/vessels/details/230176750,VITAMIN X,Pleasure craft,230176750
/vessels/details/230067890,USVA,Pleasure craft,230067890
/vessels/details/230132090,EXHIBIT,Pleasure craft,230132090
/vessels/details/230084380,BELLATRIX,Sailing vessel,230084380
/vessels/details/230160470,ALGO,Sailing vessel,230160470
/vessels/details/230083680,Q1,Pleasure craft,230083680
/vessels/details/230152280,ASK-UNGEN,Sailing vessel,230152280
/vessels/details/230943840,LAIVURI,Sailing vessel,230943840
/vessels/details/230156080,SY CARINA,Sailing vessel,230156080
/vessels/details/230188360,TINAVESTA II,Pleasure craft,230188360
/vessels/details/230175830,ARDINA,Sailing vessel,230175830
/vessels/details/230067940,MEDOC,Sailing vessel,230067940
/vessels/details/230189690,CLAYTON,Pleasure craft,230189690
/vessels/details/230127900,HEBE,Pleasure craft,230127900
/vessels/details/230173780,AWANGA,Pleasure craft,230173780
/vessels/details/230182230,SY BELLATRIX,Sailing vessel,230182230
/vessels/details/230125890,SIRI,Pleasure craft,230125890
/vessels/details/230016540,SPECULATOR,Pleasure craft,230016540
/vessels/details/230166280,SUVITUULI,Sailing vessel,230166280
/vessels/details/230174980,KIBIBI,Sailing vessel,230174980
/vessels/details/230028260,ISO- ONNI,Sailing vessel,230028260
/vessels/details/230982640,TIGER LILY,Sailing vessel,230982640
/vessels/details/230050110,ALMAZ,Pleasure craft,230050110
/vessels/details/230092800,AMANDA,Sailing vessel,230092800
/vessels/details/230025010,OMARU,Sailing vessel,230025010
/vessels/details/230160620,CHILLOUT,Sailing vessel,230160620
/vessels/details/230054990,SEA VIEW,Sailing vessel,230054990
/vessels/details/230194090,BJASSEN,Pleasure craft,230194090
/vessels/details/230171390,UFOSTAR,Pleasure craft,230171390
/vessels/details/230072260,PAM,Sailing vessel,230072260
/vessels/details/230161780,RINKELI,Sailing vessel,230161780
/vessels/details/230139170,SIPRIINA,Pleasure craft,230139170
/vessels/details/230035640,OSPREY,Sailing vessel,230035640
/vessels/details/230175010,FREEDOM,Pleasure craft,230175010
/vessels/details/230175320,MAININKI,Sailing vessel,230175320
/vessels/details/230167450,TOUCAN,Sailing vessel,230167450
/vessels/details/230077450,BLUEPEPPER,Sailing vessel,230077450
/vessels/details/230026380,NORDIC EXPLORER,Sailing vessel,230026380
/vessels/details/230182860,EAU J,Sailing vessel,230182860
/vessels/details/230123140,OLENNAINEN,Sailing vessel,230123140
/vessels/details/230050470,CARESS,Sailing vessel,230050470
/vessels/details/230055480,NOUTAJA,Pleasure craft,230055480
/vessels/details/230078360,TAHITI,Pleasure craft,230078360
/vessels/details/230166740,ELOISA,Sailing vessel,230166740
/vessels/details/230028950,VIVA,Sailing vessel,230028950
/vessels/details/230179600,GIRASOLE,Pleasure craft,230179600
/vessels/details/230182340,SABADO,Sailing vessel,230182340
/vessels/details/230178100,JOY,Pleasure craft,230178100
/vessels/details/230116960,KUOHUNKUKKA,Pleasure craft,230116960
/vessels/details/230046560,PEGASOS,Sailing vessel,230046560
/vessels/details/230153770,PROSEXCO,Pleasure craft,230153770
/vessels/details/230041800,ESTRELLA DE MAR,Sailing vessel,230041800
/vessels/details/230091240,KATRI,Pleasure craft,230091240
/vessels/details/230164910,NEREA,Sailing vessel,230164910
/vessels/details/230189050,SY PEPPIINA,Sailing vessel,230189050
/vessels/details/230160690,CASSIS,Pleasure craft,230160690
/vessels/details/230032880,SY POHJAN-AKKA,Sailing vessel,230032880
/vessels/details/230163880,FREJA,Sailing vessel,230163880
/vessels/details/230184750,STELLA,Pleasure craft,230184750
/vessels/details/230185020,KAIROS,Sailing vessel,230185020
/vessels/details/230189670,PRIMROSE,Sailing vessel,230189670
/vessels/details/230007190,PLATYPUS,Pleasure craft,230007190
/vessels/details/230010350,HALISE 2,Pleasure craft,230010350
/vessels/details/230153450,SY NIGHT TRAIN,Pleasure craft,230153450
/vessels/details/230056090,MY JOY,Pleasure craft,230056090
/vessels/details/230171620,HK VARMA,Pleasure craft,230171620
/vessels/details/230171230,HAVANNA,Pleasure craft,230171230
/vessels/details/230156800,PEACE AND LOVE,Pleasure craft,230156800
/vessels/details/230023450,MANTA,Pleasure craft,230023450
/vessels/details/230166300,CHRISTINA II,Pleasure craft,230166300
/vessels/details/230054260,EMILE 2,Pleasure craft,230054260
/vessels/details/230136490,FANNY,Sailing vessel,230136490
/vessels/details/230051070,KASTOR,Sailing vessel,230051070
/vessels/details/230153090,ASTERIA,Pleasure craft,230153090
/vessels/details/230129870,SACREBLEU,Sailing vessel,230129870
/vessels/details/230161610,VILLEMO,Pleasure craft,230161610
/vessels/details/230093470,JASMIN,Sailing vessel,230093470
/vessels/details/230074600,AYALAS,Sailing vessel,230074600
/vessels/details/230146310,AUROORA,Pleasure craft,230146310
/vessels/details/230029810,NEMO FIRST36.7,Sailing vessel,230029810
/vessels/details/230177150,ADA,Pleasure craft,230177150
/vessels/details/230170370,URSULA,Pleasure craft,230170370
/vessels/details/230179840,LINNEA,Sailing vessel,230179840
/vessels/details/230177580,MUSTI,Pleasure craft,230177580
/vessels/details/230132690,CARAMBOLA,Sailing vessel,230132690
/vessels/details/230048290,AMELIE,Sailing vessel,230048290
/vessels/details/230194380,JOLENE,Pleasure craft,230194380
/vessels/details/230174440,SEAHORSE,Pleasure craft,230174440
/vessels/details/230984870,SY BLUESIPP,Pleasure craft,230984870
/vessels/details/230145480,LISA B,Pleasure craft,230145480
/vessels/details/230078560,OBELIX,Pleasure craft,230078560
/vessels/details/230038110,NEPTUNUS,Pleasure craft,230038110
/vessels/details/230178620,KAMU II,Pleasure craft,230178620
/vessels/details/230183880,FRIIVAHT,Pleasure craft,230183880
/vessels/details/230096140,SOPHIE,Sailing vessel,230096140
/vessels/details/230045880,SY GANDULA,Sailing vessel,230045880
/vessels/details/230055490,TOP GUN,Pleasure craft,230055490
/vessels/details/230183840,EMELLE,Sailing vessel,230183840
/vessels/details/230018800,ANNA,Sailing vessel,230018800
/vessels/details/230132790,-NANUUK-,Pleasure craft,230132790
/vessels/details/230028870,DELFI,Sailing vessel,230028870
/vessels/details/230035470,AMANTE,Sailing vessel,230035470
/vessels/details/230155930,SY XENA,Sailing vessel,230155930
/vessels/details/230169260,CELESTE,Sailing vessel,230169260
/vessels/details/230071480,SY LOW,Pleasure craft,230071480
/vessels/details/230141860,HELENA,Sailing vessel,230141860
/vessels/details/230044610,PEPPER III,Sailing vessel,230044610
/vessels/details/230051460,DREAMBOAT,Pleasure craft,230051460
/vessels/details/230035570,MINEA,Sailing vessel,230035570
/vessels/details/230074640,SY MARIA,Pleasure craft,230074640
/vessels/details/230157210,AGATHE,Sailing vessel,230157210
/vessels/details/230985540,MMX,Sailing vessel,230985540
/vessels/details/230169960,BLAKA,Pleasure craft,230169960
/vessels/details/230095480,NC 9,Pleasure craft,230095480
/vessels/details/230139780,TUULIS,Sailing vessel,230139780
/vessels/details/230133140,SILVERMOON2,Sailing vessel,230133140
/vessels/details/230141170,SY VEERABLE II,Pleasure craft,230141170
/vessels/details/230124680,MERENDA,Pleasure craft,230124680
/vessels/details/230936960,SOUTH OF HEAVEN,Pleasure craft,230936960
/vessels/details/230133650,ELLEN,Pleasure craft,230133650
/vessels/details/230091590,ELEENA,Sailing vessel,230091590
/vessels/details/230120280,SEIKKAILU,Pleasure craft,230120280
/vessels/details/230140360,HELENA,Pleasure craft,230140360
/vessels/details/230022640,ANNI3,Pleasure craft,230022640
/vessels/details/230167770,MARANELLO,Pleasure craft,230167770
/vessels/details/230156070,EVA,Pleasure craft,230156070
/vessels/details/230600204,L15090-1,Pleasure craft,230600204
/vessels/details/230053990,IPANEMA,Sailing vessel,230053990
/vessels/details/230081280,ELYSION,Sailing vessel,230081280
/vessels/details/230189010,ANDANTE,Pleasure craft,230189010
/vessels/details/230192700,VEGRO,Pleasure craft,230192700
/vessels/details/230033140,SY HUVILLA,Pleasure craft,230033140
/vessels/details/230132480,AINAQ,Sailing vessel,230132480
/vessels/details/230126780,STROMER,Sailing vessel,230126780
/vessels/details/230158610,VELLAMO,Pleasure craft,230158610
/vessels/details/230162120,TURANGALILA,Sailing vessel,230162120
/vessels/details/230151680,WAHOO,Pleasure craft,230151680
/vessels/details/230030410,FREYA,Sailing vessel,230030410
/vessels/details/230087790,HENRI T,Pleasure craft,230087790
/vessels/details/230939580,ALLEGRA,Sailing vessel,230939580
/vessels/details/230077340,ALISA,Pleasure craft,230077340
/vessels/details/230127070,EUFORIA,Sailing vessel,230127070
/vessels/details/230134440,FREYJA,Sailing vessel,230134440
/vessels/details/230120610,FRETTA,Sailing vessel,230120610
/vessels/details/230940210,FLAMINGO,Pleasure craft,230940210
/vessels/details/230146370,VINCA,Pleasure craft,230146370
/vessels/details/230171640,OFFPISTEA,Pleasure craft,230171640
/vessels/details/230105550,AURORA,Sailing vessel,230105550
/vessels/details/230081840,LADY IN RED,Sailing vessel,230081840
/vessels/details/230178230,DELPHI,Pleasure craft,230178230
/vessels/details/230188230,MYRA,Pleasure craft,230188230
/vessels/details/230062650,CARLEN,Sailing vessel,230062650
/vessels/details/230092290,ARIADNE,Sailing vessel,230092290
/vessels/details/230169400,MIXER,Pleasure craft,230169400
/vessels/details/230132460,WALTZING MATILDA,Pleasure craft,230132460
/vessels/details/230189910,SY FAVOLA DI MARE,Pleasure craft,230189910
/vessels/details/230139210,AMAZON,Sailing vessel,230139210
/vessels/details/230020600,FALKKI,Pleasure craft,230020600
/vessels/details/230174940,MARILLE,Pleasure craft,230174940
/vessels/details/230191770,ELLI PSI,Sailing vessel,230191770
/vessels/details/230044960,TEMPO,Pleasure craft,230044960
/vessels/details/230132600,HIGH FIVE,Pleasure craft,230132600
/vessels/details/230041250,HILU,Sailing vessel,230041250
/vessels/details/230145510,SY AMORINA,Sailing vessel,230145510
/vessels/details/230072740,HELMI,Sailing vessel,230072740
/vessels/details/230152030,AKASHA,Sailing vessel,230152030
/vessels/details/230189370,SY FRU BLIXT,Sailing vessel,230189370
/vessels/details/230086400,DOUCEUR DE VIVRE,Pleasure craft,230086400
/vessels/details/230167160,HILJA,Sailing vessel,230167160
/vessels/details/230057340,LILYAN,Sailing vessel,230057340
/vessels/details/230188200,CHANTEY,Sailing vessel,230188200
/vessels/details/230095840,HAVANNA,Pleasure craft,230095840
/vessels/details/230032890,ESCALE,Sailing vessel,230032890
/vessels/details/230108580,KIMMA II,Sailing vessel,230108580
/vessels/details/230011310,OCEANA AGAIN,Pleasure craft,230011310
/vessels/details/230138210,AMEME,Pleasure craft,230138210
/vessels/details/230056310,KAMINAMI,Pleasure craft,230056310
/vessels/details/230153390,TOTORO,Pleasure craft,230153390
/vessels/details/230194640,FIONA,Pleasure craft,230194640
/vessels/details/230014250,SY TALISMAN,Sailing vessel,230014250
/vessels/details/230085950,LINDA,Pleasure craft,230085950
/vessels/details/230173420,BLANKA,Pleasure craft,230173420
/vessels/details/230147660,TERHIKKI IV,Pleasure craft,230147660
/vessels/details/230150780,JUNNU,Pleasure craft,230150780
/vessels/details/230115270,ARIEL,Sailing vessel,230115270
/vessels/details/230939040,AINO,Pleasure craft,230939040
/vessels/details/230088950,POPCORN,Sailing vessel,230088950
/vessels/details/230038460,PARLAN,Sailing vessel,230038460
/vessels/details/230128370,KAJSAN,Sailing vessel,230128370
/vessels/details/230051870,BERENIKE,Sailing vessel,230051870
/vessels/details/230193310,EERA,Pleasure craft,230193310
/vessels/details/230156230,FENJA,Pleasure craft,230156230
/vessels/details/230155940,NINFA,Pleasure craft,230155940
/vessels/details/230166370,RUSH,Pleasure craft,230166370
/vessels/details/230190120,SININI,Pleasure craft,230190120
/vessels/details/230162070,MARIETTE,Pleasure craft,230162070
/vessels/details/230186070,STELLA,Pleasure craft,230186070
/vessels/details/230940700,ALISA,Sailing vessel,230940700
/vessels/details/230012840,MERENNA,Sailing vessel,230012840
/vessels/details/230131570,LEVANTE,Pleasure craft,230131570
/vessels/details/230055900,LIONESS,Pleasure craft,230055900
/vessels/details/230002780,PERLA,Sailing vessel,230002780
/vessels/details/230167100,FRIDOLINA,Sailing vessel,230167100
/vessels/details/230014170,LUGANA,Pleasure craft,230014170
/vessels/details/230062150,PETRINA,Pleasure craft,230062150
/vessels/details/230181680,MALENE,Pleasure craft,230181680
/vessels/details/230944140,HENNIKA,Sailing vessel,230944140
/vessels/details/230151780,MALAIKA,Pleasure craft,230151780
/vessels/details/230192250,NATALIA S,Pleasure craft,230192250
/vessels/details/230095090,KOKNAK,Pleasure craft,230095090
/vessels/details/230187590,LEFTBEHIND,Pleasure craft,230187590
/vessels/details/230139760,XANONA,Sailing vessel,230139760
/vessels/details/230192820,KALAONA,Sailing vessel,230192820
/vessels/details/230167860,SANDI SS SWAN 44,Sailing vessel,230167860
/vessels/details/230989180,JUSTIINA,Sailing vessel,230989180
/vessels/details/230184350,TENET,Sailing vessel,230184350
/vessels/details/230190370,TAAVETTI II,Pleasure craft,230190370
/vessels/details/230150070,LILLA MY,Pleasure craft,230150070
/vessels/details/230013480,VELA NAVIS,Pleasure craft,230013480
/vessels/details/230175110,PURFINA,Sailing vessel,230175110
/vessels/details/230042860,THE HOOK,Pleasure craft,230042860
/vessels/details/230168090,FRIIDU,Pleasure craft,230168090
/vessels/details/230150170,BACCHUS,Sailing vessel,230150170
/vessels/details/230092570,SY SAFIIRI,Sailing vessel,230092570
/vessels/details/230099510,AROHA,Pleasure craft,230099510
/vessels/details/230163210,DIOMEDEA,Sailing vessel,230163210
/vessels/details/230943850,LISBETH II,Pleasure craft,230943850
/vessels/details/230191150,AMOROSO,Pleasure craft,230191150
/vessels/details/230045870,ANIARA 2,Sailing vessel,230045870
/vessels/details/230940180,C YA,Sailing vessel,230940180
/vessels/details/230161970,STELLA POLARIS,Sailing vessel,230161970
/vessels/details/230175170,TIBIDABO,Sailing vessel,230175170
/vessels/details/230175700,SARALIINA,Pleasure craft,230175700
/vessels/details/230184700,MARILOU,Pleasure craft,230184700
/vessels/details/230043760,CAPELLA,Pleasure craft,230043760
/vessels/details/230160580,ADINA,Sailing vessel,230160580
/vessels/details/230193640,AINO,Sailing vessel,230193640
/vessels/details/230153320,VIOLA,Pleasure craft,230153320
/vessels/details/230167970,LUNKA,Pleasure craft,230167970
/vessels/details/230125780,PAU II,Pleasure craft,230125780
/vessels/details/230157670,FOXI TROLLING,Pleasure craft,230157670
/vessels/details/230188440,FINN LORD,Pleasure craft,230188440
/vessels/details/230189810,SIRENE,Pleasure craft,230189810
/vessels/details/230165120,ALBICILLA,Pleasure craft,230165120
/vessels/details/230150970,SY DAISY,Sailing vessel,230150970
/vessels/details/230155140,CAVA,Sailing vessel,230155140
/vessels/details/230062680,MERIITTA,Pleasure craft,230062680
/vessels/details/230185320,SALT-WHISTLE,Sailing vessel,230185320
/vessels/details/230033050,SY STELLA,Pleasure craft,230033050
/vessels/details/230193690,LINNEA TOISEEN,Pleasure craft,230193690
/vessels/details/230016390,MONSUN,Sailing vessel,230016390
/vessels/details/230050370,ASTREA,Pleasure craft,230050370
/vessels/details/230096970,U32219,Pleasure craft,230096970
/vessels/details/230178960,GRETA,Sailing vessel,230178960
/vessels/details/230073400,MS GYLTO,Pleasure craft,230073400
/vessels/details/230116290,KITTY,Pleasure craft,230116290
/vessels/details/230167510,MY FAIR LADY,Pleasure craft,230167510
/vessels/details/230190320,HAPPY HOUR,Sailing vessel,230190320
/vessels/details/230180300,MAY,Sailing vessel,230180300
/vessels/details/230035780,AAVA,Sailing vessel,230035780
/vessels/details/230005560,BEATA,Sailing vessel,230005560
/vessels/details/230055310,SV ROSEMARIE,Sailing vessel,230055310
/vessels/details/230183370,WINONA,Pleasure craft,230183370
/vessels/details/230148780,BLUEBERRY LUNA,Pleasure craft,230148780
/vessels/details/230066250,SY MISETTE,Sailing vessel,230066250
/vessels/details/230173490,BONHEUR,Sailing vessel,230173490
/vessels/details/230129740,RITA,Pleasure craft,230129740
/vessels/details/230145190,MALLA V,Sailing vessel,230145190
/vessels/details/230006600,DANIELA,Sailing vessel,230006600
/vessels/details/230144680,KRUT,Sailing vessel,230144680
/vessels/details/230045840,LYYLI,Pleasure craft,230045840
/vessels/details/230056360,SY LIIDA,Sailing vessel,230056360
/vessels/details/230175680,LIV,Sailing vessel,230175680
/vessels/details/230045180,RETSINA,Sailing vessel,230045180
/vessels/details/230191290,EMMA,Pleasure craft,230191290
/vessels/details/230092850,BUENA VISTA,Pleasure craft,230092850
/vessels/details/230060600,FLIKKA,Pleasure craft,230060600
/vessels/details/230007340,LINDA II,Pleasure craft,230007340
/vessels/details/230163740,FREDERICIA,Sailing vessel,230163740
/vessels/details/230157170,ELETTE,Sailing vessel,230157170
/vessels/details/230122380,ELLI,Sailing vessel,230122380
/vessels/details/230189250,SY LULU,Sailing vessel,230189250
/vessels/details/230049510,AKSIINA,Pleasure craft,230049510
/vessels/details/230115450,NAHJUS,Sailing vessel,230115450
/vessels/details/230143240,LAURA,Pleasure craft,230143240
/vessels/details/230940940,SILVER WIND,Sailing vessel,230940940
/vessels/details/230981540,FORTUNA,Sailing vessel,230981540
/vessels/details/230162750,MYSTERIE,Pleasure craft,230162750
/vessels/details/230064580,MERENHUISKE,Sailing vessel,230064580
/vessels/details/230938790,MUSTIGA,Pleasure craft,230938790
/vessels/details/230165130,KATARIINA,Pleasure craft,230165130
/vessels/details/230175070,AMIQUITA,Sailing vessel,230175070
/vessels/details/230152530,LANCER,Sailing vessel,230152530
/vessels/details/230186630,SIROCCO,Pleasure craft,230186630
/vessels/details/230091890,PATAKASI,Pleasure craft,230091890
/vessels/details/230138380,ARANEA,Sailing vessel,230138380
/vessels/details/230131010,NELLI,Pleasure craft,230131010
/vessels/details/230047460,JAKE 1,Pleasure craft,230047460
/vessels/details/230173260,SEELA,Pleasure craft,230173260
/vessels/details/230021260,CAROLINE III,Pleasure craft,230021260
/vessels/details/230128260,PANDORA,Sailing vessel,230128260
/vessels/details/230188240,PANDORA,Pleasure craft,230188240
/vessels/details/230071150,CATALINA II,Sailing vessel,230071150
/vessels/details/230072380,SY DIMMAN,Pleasure craft,230072380
/vessels/details/230048080,SY WHITE PEARL,Sailing vessel,230048080
/vessels/details/230073740,VELIFERA,Sailing vessel,230073740
/vessels/details/230187630,ZEPHYR,Pleasure craft,230187630
/vessels/details/230986890,NAMORADA,Sailing vessel,230986890
/vessels/details/230031390,MINANDRA,Pleasure craft,230031390
/vessels/details/230025650,MERILELU II,Sailing vessel,230025650
/vessels/details/230157140,CARGO,Pleasure craft,230157140
/vessels/details/230132510,CORA,Pleasure craft,230132510
/vessels/details/230083150,EUFORE,Sailing vessel,230083150
/vessels/details/230174990,LA BELLE AVENTURE,Sailing vessel,230174990
/vessels/details/230165890,LEXI II,Pleasure craft,230165890
/vessels/details/230010470,SINGIN IN THE RAIN,Pleasure craft,230010470
/vessels/details/230186920,JONNEKIN,Pleasure craft,230186920
/vessels/details/230082980,SY GALATEA,Sailing vessel,230082980
/vessels/details/230997060,PIRITA,Sailing vessel,230997060
/vessels/details/230190720,TUULIKKI,Pleasure craft,230190720
/vessels/details/230141460,HAVEN EXPRESS II,Pleasure craft,230141460
/vessels/details/230013180,CASSIOPEIA,Sailing vessel,230013180
/vessels/details/230124770,VEDETTE,Sailing vessel,230124770
/vessels/details/230019680,TIU TIU2,Pleasure craft,230019680
/vessels/details/230009080,TUULIKKI,Pleasure craft,230009080
/vessels/details/230141050,BETULA,Sailing vessel,230141050
/vessels/details/230165520,LIVIA X,Pleasure craft,230165520
/vessels/details/230089710,SY VIA AURELIA,Pleasure craft,230089710
/vessels/details/230135690,IINES,Sailing vessel,230135690
/vessels/details/230192280,WILDE II,Pleasure craft,230192280
/vessels/details/230159680,BATBAT II,Pleasure craft,230159680
/vessels/details/230096001,LOTUS,Sailing vessel,230096001
/vessels/details/230188140,HILDE BAVARIA36,Sailing vessel,230188140
/vessels/details/230171460,SHIVA,Pleasure craft,230171460
/vessels/details/230118850,NEREUS III,Pleasure craft,230118850
/vessels/details/230182840,VALBORG VON VOG,Sailing vessel,230182840
/vessels/details/230083010,LIMONCINA III,Sailing vessel,230083010
/vessels/details/230145090,CALLAS,Sailing vessel,230145090
/vessels/details/230183910,NELIDA,Sailing vessel,230183910
/vessels/details/230171800,ULPUKKA,Sailing vessel,230171800
/vessels/details/230983990,MEARRA NIEIDA,Sailing vessel,230983990
/vessels/details/230179490,PRIMA LUCE,Sailing vessel,230179490
/vessels/details/230185890,ALEXIA,Pleasure craft,230185890
/vessels/details/230161740,MOTVIND II,Pleasure craft,230161740
/vessels/details/230173590,ALVILDA,Sailing vessel,230173590
/vessels/details/230189270,ANDANTE,Sailing vessel,230189270
/vessels/details/230053400,PRIMAVERA,Pleasure craft,230053400
/vessels/details/230986090,FREJA-MARIA,Sailing vessel,230986090
/vessels/details/230163590,FOXY,Pleasure craft,230163590
/vessels/details/230116990,BENTOMARIE,Pleasure craft,230116990
/vessels/details/230157830,NALEE,Sailing vessel,230157830
/vessels/details/230180490,HAUTE ROUTE IV,Pleasure craft,230180490
/vessels/details/230050540,BELLA DEL MARE,Sailing vessel,230050540
/vessels/details/230182110,SNOWWHITE,Pleasure craft,230182110
/vessels/details/230077540,DORA 3,Sailing vessel,230077540
/vessels/details/230033460,BALTICHOUND,Pleasure craft,230033460
/vessels/details/230128440,NICOLE,Pleasure craft,230128440
/vessels/details/230194600,PINGWINA,Sailing vessel,230194600
/vessels/details/230181580,ONE DREAM,Sailing vessel,230181580
/vessels/details/230014410,PETRONELLA,Sailing vessel,230014410
/vessels/details/230087390,CARGO,Pleasure craft,230087390
/vessels/details/230048570,ARDNAGEE,Sailing vessel,230048570
/vessels/details/230120710,ISABELLA,Sailing vessel,230120710
/vessels/details/230160250,HELENE,Sailing vessel,230160250
/vessels/details/230164960,FLOW,Sailing vessel,230164960
/vessels/details/230147760,FIO,Pleasure craft,230147760
/vessels/details/230176860,VICTORIA,Pleasure craft,230176860
/vessels/details/230084610,SY IRAIDA,Pleasure craft,230084610
/vessels/details/230183760,POURQUOI PAS,Pleasure craft,230183760
/vessels/details/230091110,PLAN B,Sailing vessel,230091110
/vessels/details/230186170,SY GLADYS,Sailing vessel,230186170
/vessels/details/230059470,HILPEA MERIMIES,Pleasure craft,230059470
/vessels/details/230086140,INFERNA,Pleasure craft,230086140
/vessels/details/230175840,TRINITY,Sailing vessel,230175840
/vessels/details/230095640,LEIA,Sailing vessel,230095640
/vessels/details/230074060,SEAMORE,Sailing vessel,230074060
/vessels/details/230193590,OODI,Pleasure craft,230193590
/vessels/details/230153940,TARIDA,Sailing vessel,230153940
/vessels/details/230083410,CHAMBORD,Sailing vessel,230083410
/vessels/details/230179280,JULIANNA,Sailing vessel,230179280
/vessels/details/230091580,CHARLOTTA,Sailing vessel,230091580
/vessels/details/230160590,BALANCE 4,Sailing vessel,230160590
/vessels/details/230175920,ONYX,Pleasure craft,230175920
/vessels/details/230175400,SINDBAD,Sailing vessel,230175400
/vessels/details/230189180,WADELMA,Sailing vessel,230189180
/vessels/details/230137570,VILMARE,Pleasure craft,230137570
/vessels/details/230022980,LINDA,Pleasure craft,230022980
/vessels/details/230190420,PENELOPE,Pleasure craft,230190420
/vessels/details/230166330,ILONA FG391,Sailing vessel,230166330
/vessels/details/230062060,CHARISMA,Pleasure craft,230062060
/vessels/details/230027100,CHRISTINE,Pleasure craft,230027100
/vessels/details/230176260,SAMIRAH,Pleasure craft,230176260
/vessels/details/230005380,FASTECHO,Pleasure craft,230005380
/vessels/details/230152700,JESSION,Pleasure craft,230152700
/vessels/details/230184390,WETTERI,Pleasure craft,230184390
/vessels/details/230037500,SAFIIRIA,Sailing vessel,230037500
/vessels/details/230943880,IRINA II,Pleasure craft,230943880
/vessels/details/230178150,MAREA,Pleasure craft,230178150
/vessels/details/230170870,WHY NOT,Pleasure craft,230170870
/vessels/details/230078290,ANNIKA,Sailing vessel,230078290
/vessels/details/230173360,NELSON,Pleasure craft,230173360
/vessels/details/230158110,PAASKY,Sailing vessel,230158110
/vessels/details/230981350,FANCY,Sailing vessel,230981350
/vessels/details/230177920,GRAY SWAN,Pleasure craft,230177920
/vessels/details/230170230,SY AAVA,Sailing vessel,230170230
/vessels/details/230147110,AMPHITRITE,Sailing vessel,230147110
/vessels/details/230092460,HEIMDAL,Sailing vessel,230092460
/vessels/details/230943640,AMALJA,Sailing vessel,230943640
/vessels/details/230050600,BELLAMIE,Sailing vessel,230050600
/vessels/details/230132050,MY GRACE,Pleasure craft,230132050
/vessels/details/230062860,SY LINTU,Sailing vessel,230062860
/vessels/details/230096070,FREYA,Pleasure craft,230096070
/vessels/details/230012210,ZESKA,Pleasure craft,230012210
/vessels/details/230989250,FLOW,Pleasure craft,230989250
/vessels/details/230167940,TAIMI,Pleasure craft,230167940
/vessels/details/230097010,SY LIGHT,Sailing vessel,230097010
/vessels/details/230145140,FLICKA,Sailing vessel,230145140
/vessels/details/230186090,KATRIINA II,Sailing vessel,230186090
/vessels/details/230129240,DELICIA,Sailing vessel,230129240
/vessels/details/230179080,CHARLOTTA,Sailing vessel,230179080
/vessels/details/230067870,HUXFLUX,Sailing vessel,230067870
/vessels/details/230159560,MARIONETTE,Sailing vessel,230159560
/vessels/details/230190310,MY BEE,Pleasure craft,230190310
/vessels/details/230138790,FUGA,Sailing vessel,230138790
/vessels/details/230039010,CHRISTINA,Pleasure craft,230039010
/vessels/details/230087880,SY SOPHIE,Pleasure craft,230087880
/vessels/details/230060870,WINNIE THE POOH,Pleasure craft,230060870
/vessels/details/230054660,RAPID FANCIES,Sailing vessel,230054660
/vessels/details/230149650,MORISIA,Sailing vessel,230149650
/vessels/details/230163820,MS MARIJO,Pleasure craft,230163820
/vessels/details/230131190,GABRIS,Sailing vessel,230131190
/vessels/details/230083950,SATUSAARI,Sailing vessel,230083950
/vessels/details/230044840,AMANDA,Pleasure craft,230044840
/vessels/details/230180410,WHITE DREAM,Pleasure craft,230180410
/vessels/details/230057240,ORKNEY II,Sailing vessel,230057240
/vessels/details/230037440,RTL,Pleasure craft,230037440
/vessels/details/230034380,FORTE,Sailing vessel,230034380
/vessels/details/230144280,MERILII,Sailing vessel,230144280
/vessels/details/230075690,HANELLA,Pleasure craft,230075690
/vessels/details/230184100,SPARKLE,Pleasure craft,230184100
/vessels/details/230039100,RELAX,Sailing vessel,230039100
/vessels/details/230062040,MINEA,Sailing vessel,230062040
/vessels/details/230989860,BABARIINA,Sailing vessel,230989860
/vessels/details/230193780,ONNELI,Sailing vessel,230193780
/vessels/details/230112150,TAIS,Pleasure craft,230112150
/vessels/details/230072050,FANNY,Sailing vessel,230072050
/vessels/details/230153330,SY BRITANJA,Sailing vessel,230153330
/vessels/details/230099240,FROUVA,Pleasure craft,230099240
/vessels/details/230097740,PIKI,Pleasure craft,230097740
/vessels/details/230066670,SILENT WINGS,Sailing vessel,230066670
/vessels/details/230158620,RUVET,Pleasure craft,230158620
/vessels/details/230093890,HURMA,Sailing vessel,230093890
/vessels/details/230190430,NV16,Pleasure craft,230190430
/vessels/details/230031450,HELMI,Sailing vessel,230031450
/vessels/details/230012910,CAPELLA,Sailing vessel,230012910
/vessels/details/230159430,TUOKIO,Pleasure craft,230159430
/vessels/details/230140600,DUCKTAIL II,Pleasure craft,230140600
/vessels/details/230082580,OLOROSA,Sailing vessel,230082580
/vessels/details/230166590,SUNDAY,Sailing vessel,230166590
/vessels/details/230090610,GLADIATOR,Pleasure craft,230090610
/vessels/details/230037810,JOY,Sailing vessel,230037810
/vessels/details/230132240,COCKTAIL,Pleasure craft,230132240
/vessels/details/230118660,SILKE,Pleasure craft,230118660
/vessels/details/230170670,PAULIINA,Sailing vessel,230170670
/vessels/details/230938080,WAFI,Sailing vessel,230938080
/vessels/details/230185410,WINGMAN,Sailing vessel,230185410
/vessels/details/230166030,ADELE,Pleasure craft,230166030
/vessels/details/230132890,REBOOT,Pleasure craft,230132890
/vessels/details/230020260,HELI,Pleasure craft,230020260
/vessels/details/230056340,SY AIDA,Sailing vessel,230056340
/vessels/details/230093840,ANMERA,Sailing vessel,230093840
/vessels/details/230177200,VOLTIUM,Pleasure craft,230177200
/vessels/details/230020860,MORRAN,Pleasure craft,230020860
/vessels/details/230998680,EUGENIA,Sailing vessel,230998680
/vessels/details/230145870,BLACKIE II,Pleasure craft,230145870
/vessels/details/230180560,INGRID,Pleasure craft,230180560
/vessels/details/230131040,LA VIDA,Sailing vessel,230131040
/vessels/details/230173130,LADY ALBATROSS,Sailing vessel,230173130
/vessels/details/230187870,YANANTIN,Pleasure craft,230187870
/vessels/details/230086800,HAPPY II,Pleasure craft,230086800
/vessels/details/230120470,SY CIRRUS II,Pleasure craft,230120470
/vessels/details/230030380,MARIETTA III,Pleasure craft,230030380
/vessels/details/230045190,SY HELENA,Sailing vessel,230045190
/vessels/details/230016670,SONJA3,Pleasure craft,230016670
/vessels/details/230168950,HOLD FAST 2,Sailing vessel,230168950
/vessels/details/230183870,SCRAT,Sailing vessel,230183870
/vessels/details/230998340,VIVIEN,Sailing vessel,230998340
/vessels/details/230092770,HAVEN,Sailing vessel,230092770
/vessels/details/230154840,CUMA,Pleasure craft,230154840
/vessels/details/230062880,MIRJA HELENA,Pleasure craft,230062880
/vessels/details/230018600,MAGNUM,Sailing vessel,230018600
/vessels/details/230091980,FAST FORWARD,Pleasure craft,230091980
/vessels/details/230183170,SPIRAN,Sailing vessel,230183170
/vessels/details/230084090,SEA DOG,Pleasure craft,230084090
/vessels/details/230186310,S4NDY,Sailing vessel,230186310
/vessels/details/230059570,OLGA,Pleasure craft,230059570
/vessels/details/230172070,MANAATTI,Sailing vessel,230172070
/vessels/details/230182970,PANACEA,Pleasure craft,230182970
/vessels/details/230044340,QUEST,Pleasure craft,230044340
/vessels/details/230191400,MS AURORA,Pleasure craft,230191400
/vessels/details/230018280,FUTURE,Sailing vessel,230018280
/vessels/details/230044400,SEA DANCER,Sailing vessel,230044400
/vessels/details/230159910,SY SIPI,Sailing vessel,230159910
/vessels/details/230069390,WIIMA 2,Pleasure craft,230069390
/vessels/details/230180270,AAVA 2,Pleasure craft,230180270
/vessels/details/230048350,CAPTIVA,Sailing vessel,230048350
/vessels/details/230190480,LADYBOY 4,Pleasure craft,230190480
/vessels/details/230003640,ISO-UIKKU,Pleasure craft,230003640
/vessels/details/230050250,PARADISE BLUE,Pleasure craft,230050250
/vessels/details/230154280,TAIKATUULI,Sailing vessel,230154280
/vessels/details/230139510,JUST IN TIME,Pleasure craft,230139510
/vessels/details/230127880,YOUNNIE,Pleasure craft,230127880
/vessels/details/230152290,JOY2ME,Pleasure craft,230152290
/vessels/details/230132390,BALDER,Pleasure craft,230132390
/vessels/details/230176100,FRIIJA,Sailing vessel,230176100
/vessels/details/230046260,HENRIIKKA,Sailing vessel,230046260
/vessels/details/230151400,CARIOCA,Pleasure craft,230151400
/vessels/details/230066900,BYLGJA,Sailing vessel,230066900
/vessels/details/230175230,ALTAIR,Pleasure craft,230175230
/vessels/details/230095380,AURORA,Sailing vessel,230095380
/vessels/details/230022990,SAAGA,Sailing vessel,230022990
/vessels/details/230054760,CARAMIP,Pleasure craft,230054760
/vessels/details/230046310,MAUDY,Sailing vessel,230046310
/vessels/details/230117410,FUN 4 US,Sailing vessel,230117410
/vessels/details/230011980,SEREIA,Sailing vessel,230011980
/vessels/details/230057670,BREEZE OF BURNHAM,Sailing vessel,230057670
/vessels/details/230049490,AETNA,Sailing vessel,230049490
/vessels/details/230099150,SY JOY,Sailing vessel,230099150
/vessels/details/230128310,TAXIBOAT LISA-MARIE,Pleasure craft,230128310
/vessels/details/230125450,MONA F,Sailing vessel,230125450
/vessels/details/230012640,SABINA,Sailing vessel,230012640
/vessels/details/230182780,NIILO,Pleasure craft,230182780
/vessels/details/230044380,AAVA,Sailing vessel,230044380
/vessels/details/230038100,COLOMBA,Sailing vessel,230038100
/vessels/details/230148210,PISARA,Pleasure craft,230148210
/vessels/details/230985940,LEANE,Sailing vessel,230985940
/vessels/details/230059170,AUGUSTA,Sailing vessel,230059170
/vessels/details/230177360,MIRANDA,Pleasure craft,230177360
/vessels/details/230166930,LORELEI,Pleasure craft,230166930
/vessels/details/230938390,JATARI,Pleasure craft,230938390
/vessels/details/230070890,ESCARGOT,Sailing vessel,230070890
/vessels/details/230157360,SOFIA,Pleasure craft,230157360
/vessels/details/230176460,QUEEN,Sailing vessel,230176460
/vessels/details/230170750,LAPPA,Pleasure craft,230170750
/vessels/details/230132870,IXORA,Sailing vessel,230132870
/vessels/details/230075380,CHERIE,Sailing vessel,230075380
/vessels/details/230132860,SIRIUS,Pleasure craft,230132860
/vessels/details/230173720,FREYA,Sailing vessel,230173720
/vessels/details/230056760,ADRIANA,Pleasure craft,230056760
/vessels/details/230178480,ONDINE,Sailing vessel,230178480
/vessels/details/230169310,SOFIA,Pleasure craft,230169310
/vessels/details/230041840,PUTTE BLA,Sailing vessel,230041840
/vessels/details/230941010,DANCING BEAR,Sailing vessel,230941010
/vessels/details/230056040,OLAVE,Sailing vessel,230056040
/vessels/details/230156810,TAI-TAI,Pleasure craft,230156810
/vessels/details/230097770,SENILIX,Pleasure craft,230097770
/vessels/details/230169610,MYWAY,Sailing vessel,230169610
/vessels/details/230027870,ZOSHA,Pleasure craft,230027870
/vessels/details/230938840,AETERNUS,Pleasure craft,230938840
/vessels/details/230184890,AZURINA,Sailing vessel,230184890
/vessels/details/230169600,BEE,Pleasure craft,230169600
/vessels/details/230128990,ILONA TUULIKKI,Sailing vessel,230128990
/vessels/details/230028060,KERSTI,Sailing vessel,230028060
/vessels/details/230942110,SANNA 4,Pleasure craft,230942110
/vessels/details/230189140,POLARIS,Sailing vessel,230189140
/vessels/details/230110580,MARJET VII,Pleasure craft,230110580
/vessels/details/230099580,JAKA,Pleasure craft,230099580
/vessels/details/230160950,MIOMAR,Pleasure craft,230160950
/vessels/details/230064050,BIGAREAU,Sailing vessel,230064050
/vessels/details/230015360,FINA IDA,Pleasure craft,230015360
/vessels/details/230028840,HAPPY OURS,Sailing vessel,230028840
/vessels/details/230024100,SY PRADEL,Pleasure craft,230024100
/vessels/details/230076370,SKUMMIS,Sailing vessel,230076370
/vessels/details/230048160,GHIBLI,Sailing vessel,230048160
/vessels/details/230184620,QUANTA PRO,Pleasure craft,230184620
/vessels/details/230165610,HASARDEUR,Sailing vessel,230165610
/vessels/details/230060160,SIIVA 2,Pleasure craft,230060160
/vessels/details/230159820,BRANDY OF TROON,Sailing vessel,230159820
/vessels/details/230008610,.X.0.,Pleasure craft,230008610
/vessels/details/230167950,SIRPA,Pleasure craft,230167950
/vessels/details/230151150,JESSICA,Sailing vessel,230151150
/vessels/details/230184590,ADELFE,Sailing vessel,230184590
/vessels/details/230149940,STELLA,Pleasure craft,230149940
/vessels/details/230191850,FREE ENERGY PRINCIPL,Sailing vessel,230191850
/vessels/details/230072460,LUCY,Pleasure craft,230072460
/vessels/details/230188860,MINERVA,Pleasure craft,230188860
/vessels/details/230035260,NEREIDI,Sailing vessel,230035260
/vessels/details/230083100,ANNELIA,Sailing vessel,230083100
/vessels/details/230176140,PERKALA 1,Pleasure craft,230176140
/vessels/details/230086740,PAATTI,Sailing vessel,230086740
/vessels/details/230188040,AARIA,Pleasure craft,230188040
/vessels/details/230143750,NV 28,Pleasure craft,230143750
/vessels/details/230042950,MANASSE III,Sailing vessel,230042950
/vessels/details/230114490,SY SANNA III,Pleasure craft,230114490
/vessels/details/230937360,QUERIDA,Sailing vessel,230937360
/vessels/details/230154670,RED2,Pleasure craft,230154670
/vessels/details/230094700,ELENA,Sailing vessel,230094700
/vessels/details/230090760,MIME,Pleasure craft,230090760
/vessels/details/230130740,JOLLY,Pleasure craft,230130740
/vessels/details/230032510,MAYA,Sailing vessel,230032510
/vessels/details/230135650,MONAMOUR,Pleasure craft,230135650
/vessels/details/230042750,AQUARIUS,Sailing vessel,230042750
/vessels/details/230093510,OLIVIA II,Pleasure craft,230093510
/vessels/details/230148010,MOONRISE,Pleasure craft,230148010
/vessels/details/230172410,TUULIA,Pleasure craft,230172410
/vessels/details/230085890,PALLAS,Pleasure craft,230085890
/vessels/details/230183430,KRISTIINA,Pleasure craft,230183430
/vessels/details/230122340,CAID,Sailing vessel,230122340
/vessels/details/230160430,AUGUSTA,Pleasure craft,230160430
/vessels/details/230079810,LARUS,Sailing vessel,230079810
/vessels/details/230162460,KAPPI 1,Pleasure craft,230162460
/vessels/details/230135670,RAMONA,Pleasure craft,230135670
/vessels/details/230178430,FESTINA LENTE,Sailing vessel,230178430
/vessels/details/230192100,MORGONLAND,Pleasure craft,230192100
/vessels/details/230042990,EUFORIA,Pleasure craft,230042990
/vessels/details/230155300,CANI,Sailing vessel,230155300
/vessels/details/230184600,EPATOIUO,Pleasure craft,230184600
/vessels/details/230193720,VAELLA,Pleasure craft,230193720
/vessels/details/230165240,DITINO,Sailing vessel,230165240
/vessels/details/230173310,ATLANTIC ROW TOUR,Pleasure craft,230173310
/vessels/details/230039190,HELMI,Pleasure craft,230039190
/vessels/details/230122490,MIMMI,Sailing vessel,230122490
/vessels/details/230150190,LIGEA,Sailing vessel,230150190
/vessels/details/230980240,VALOVESI,Sailing vessel,230980240
/vessels/details/230082650,BLUEWATER,Pleasure craft,230082650
/vessels/details/230138760,GOOFY,Pleasure craft,230138760
/vessels/details/230191280,SOTTO VOCE,Sailing vessel,230191280
/vessels/details/230186350,IRIS,Pleasure craft,230186350
/vessels/details/230138650,MILEIDI,Sailing vessel,230138650
/vessels/details/230048640,VIRGO,Pleasure craft,230048640
/vessels/details/230169700,VALIANT,Pleasure craft,230169700
/vessels/details/230148600,ADELA,Sailing vessel,230148600
/vessels/details/230126010,WAPUSTA,Sailing vessel,230126010
/vessels/details/230174840,AKKA AF ALMKRONA,Pleasure craft,230174840
/vessels/details/230187640,ANDIAMO,Pleasure craft,230187640
/vessels/details/230020580,CASPER,Pleasure craft,230020580
/vessels/details/230001810,KATARINA,Pleasure craft,230001810
/vessels/details/230144960,DIONE III,Sailing vessel,230144960
/vessels/details/230943270,NOKAS-IDA IV,Pleasure craft,230943270
/vessels/details/230119440,AVENTURA,Sailing vessel,230119440
/vessels/details/230133250,ANNA-SOFIA,Sailing vessel,230133250
/vessels/details/230059110,CUCI LUCI,Sailing vessel,230059110
/vessels/details/230115180,SV STORMY,Pleasure craft,230115180
/vessels/details/230170480,NORDINA IV,Pleasure craft,230170480
/vessels/details/230155710,XANADU,Pleasure craft,230155710
/vessels/details/230943960,SIRKE,Sailing vessel,230943960
/vessels/details/230988110,ALINA,Pleasure craft,230988110
/vessels/details/230077050,DUETTO,Sailing vessel,230077050
/vessels/details/230139840,SIRIUS,Pleasure craft,230139840
/vessels/details/230064250,SY TINJA,Pleasure craft,230064250
/vessels/details/230043870,MARUZEL,Pleasure craft,230043870
/vessels/details/230183180,ROSSO NOVA,Pleasure craft,230183180
/vessels/details/230150510,EOWYN,Sailing vessel,230150510
/vessels/details/230050890,LOKKI,Sailing vessel,230050890
/vessels/details/230172830,CHARLOTTE,Sailing vessel,230172830
/vessels/details/230164200,JERA,Pleasure craft,230164200
/vessels/details/230128050,EXODUS,Sailing vessel,230128050
/vessels/details/230153350,ESCA,Sailing vessel,230153350
/vessels/details/230149440,ANNA MARIE,Pleasure craft,230149440
/vessels/details/230167800,HALUAN,Sailing vessel,230167800
/vessels/details/230052340,ELLA,Sailing vessel,230052340
/vessels/details/230092360,NEMO,Pleasure craft,230092360
/vessels/details/230074950,PANDA 7,Pleasure craft,230074950
/vessels/details/230135050,SY MARIIA,Sailing vessel,230135050
/vessels/details/230149400,TRIXIE,Pleasure craft,230149400
/vessels/details/230082110,PENGUIN,Sailing vessel,230082110
/vessels/details/230061080,AKUNA MATATA,Sailing vessel,230061080
/vessels/details/230135580,PIXIE,Pleasure craft,230135580
/vessels/details/230192460,NEPTUNE,Pleasure craft,230192460
/vessels/details/230177050,NATO,Pleasure craft,230177050
/vessels/details/230129340,PAULINA,Pleasure craft,230129340
/vessels/details/230165040,ANNABELLA,Sailing vessel,230165040
/vessels/details/230061950,MANDANA,Sailing vessel,230061950
/vessels/details/230019140,BLUE COCKTAIL,Sailing vessel,230019140
/vessels/details/230147400,JACQUOTTE DELAHAYE,Sailing vessel,230147400
/vessels/details/230166460,PIGI,Pleasure craft,230166460
/vessels/details/230152570,CLOUD 9,Sailing vessel,230152570
/vessels/details/230937490,NONNA,Sailing vessel,230937490
/vessels/details/230125210,ARCHIBALD RUSSELL,Sailing vessel,230125210
/vessels/details/230999950,MARIE,Pleasure craft,230999950
/vessels/details/230190330,HILPU,Sailing vessel,230190330
/vessels/details/230139380,CORAL,Pleasure craft,230139380
/vessels/details/230160920,PENNY LANE,Pleasure craft,230160920
/vessels/details/230082450,MERELLE,Sailing vessel,230082450
/vessels/details/230023190,SY SYLVIA,Sailing vessel,230023190
/vessels/details/230015900,SY ALDEBARAN,Sailing vessel,230015900
/vessels/details/230053970,WHITE PEPPER,Sailing vessel,230053970
/vessels/details/230037240,MIROUNGA,Sailing vessel,230037240
/vessels/details/230162090,VENTOTTO,Pleasure craft,230162090
/vessels/details/230010570,SY URWIND,Sailing vessel,230010570
/vessels/details/230190180,DUO,Pleasure craft,230190180
/vessels/details/230165650,LEE,Sailing vessel,230165650
/vessels/details/230071890,VENHO,Pleasure craft,230071890
/vessels/details/230007580,LAGUNA,Pleasure craft,230007580
/vessels/details/230142160,ROSARO,Pleasure craft,230142160
/vessels/details/230063140,SY ANDILANA,Pleasure craft,230063140
/vessels/details/230178900,MEFISA X,Pleasure craft,230178900
/vessels/details/230123940,VANETTE,Pleasure craft,230123940
/vessels/details/230066140,ANNETTE,Pleasure craft,230066140
/vessels/details/230092940,PERKALA 3,Pleasure craft,230092940
/vessels/details/230133160,MADAME GRAY,Sailing vessel,230133160
/vessels/details/230049550,EVITA,Pleasure craft,230049550
/vessels/details/230082250,CARUSO,Pleasure craft,230082250
/vessels/details/230942410,INGEBORG,Pleasure craft,230942410
/vessels/details/230023500,SY AMIJO,Sailing vessel,230023500
/vessels/details/230019260,MS MONEYPENNY,Pleasure craft,230019260
/vessels/details/230128750,SARA 2,Pleasure craft,230128750
/vessels/details/230157820,MILLA,Sailing vessel,230157820
/vessels/details/230003490,VIXEN,Pleasure craft,230003490
/vessels/details/230943890,LAETITIA,Sailing vessel,230943890
/vessels/details/230166500,ILONA,Pleasure craft,230166500
/vessels/details/230163960,ARANCIA,Sailing vessel,230163960
/vessels/details/230077060,ZONDA,Sailing vessel,230077060
/vessels/details/230008890,DIVA,Sailing vessel,230008890
/vessels/details/230005100,WILD JOE,Sailing vessel,230005100
/vessels/details/230132490,HELMI,Sailing vessel,230132490
/vessels/details/230167500,FINKE,Pleasure craft,230167500
/vessels/details/230005680,OTIUM III,Pleasure craft,230005680
/vessels/details/230185530,ELOURA,Pleasure craft,230185530
/vessels/details/230160890,SY SIRKE,Sailing vessel,230160890
/vessels/details/230187910,QUIMEY,Sailing vessel,230187910
/vessels/details/230162720,SOLSTICE,Sailing vessel,230162720
/vessels/details/230760935,05609-35,Pleasure craft,230760935
/vessels/details/230143080,HELUNA,Pleasure craft,230143080
/vessels/details/230066850,SY DIVINA,Sailing vessel,230066850
/vessels/details/230176790,NANA3,Sailing vessel,230176790
/vessels/details/230074670,RAPUNZEL,Sailing vessel,230074670
/vessels/details/230163860,SY FRANZISKA,Pleasure craft,230163860
/vessels/details/230125860,REETTA,Pleasure craft,230125860
/vessels/details/230168200,SV SAAGA,Sailing vessel,230168200
/vessels/details/230174120,LEIJA II,Pleasure craft,230174120
/vessels/details/230023870,ISELIA II,Pleasure craft,230023870
/vessels/details/230002980,ADVENTURE III,Sailing vessel,230002980
/vessels/details/230088100,XINI FREEDOM,Sailing vessel,230088100
/vessels/details/230189890,BLANC DE BLANCS,Sailing vessel,230189890
/vessels/details/230028660,PANDA 5,Pleasure craft,230028660
/vessels/details/230246203,INTO THE BLUE,Sailing vessel,230246203
/vessels/details/230115050,SY DONDE,Pleasure craft,230115050
/vessels/details/230176800,LOTA LOTA,Pleasure craft,230176800
/vessels/details/230071790,OIOLAIRE,Sailing vessel,230071790
/vessels/details/230070640,BERGUVEN,Pleasure craft,230070640
/vessels/details/230097570,MARANDE,Sailing vessel,230097570
/vessels/details/230006740,KAIJA,Sailing vessel,230006740
/vessels/details/230125650,ISOHUKKA,Pleasure craft,230125650
/vessels/details/230141570,BABAR,Pleasure craft,230141570
/vessels/details/230144360,ZAIDA,Sailing vessel,230144360
/vessels/details/230171870,OHANA,Sailing vessel,230171870
/vessels/details/230162520,MY HOPPETOSSA,Pleasure craft,230162520
/vessels/details/230190870,TARGA 32,Pleasure craft,230190870
/vessels/details/230064310,MARJO,Sailing vessel,230064310
/vessels/details/230035750,REE,Sailing vessel,230035750
/vessels/details/230131140,LUCKY STRIKE,Pleasure craft,230131140
/vessels/details/230183740,ICY,Pleasure craft,230183740
/vessels/details/230177560,GADDAN,Pleasure craft,230177560
/vessels/details/230192570,PIXIE,Pleasure craft,230192570
/vessels/details/230076860,MISS AIR,Sailing vessel,230076860
/vessels/details/230090050,ORION,Sailing vessel,230090050
/vessels/details/230152160,MONIC,Sailing vessel,230152160
/vessels/details/230043210,DAYDREAM,Sailing vessel,230043210
/vessels/details/230184730,MY XUMI,Pleasure craft,230184730
/vessels/details/230150250,RUBINOLA,Sailing vessel,230150250
/vessels/details/230035580,GALATEA,Sailing vessel,230035580
/vessels/details/230018540,SY ESOX,Sailing vessel,230018540
/vessels/details/230089490,PIRANHA,Sailing vessel,230089490
/vessels/details/230170130,NAVICULARE,Sailing vessel,230170130
/vessels/details/230190750,ASTRID,Sailing vessel,230190750
/vessels/details/230189390,LADY MOON,Pleasure craft,230189390
/vessels/details/230020110,MINEA III,Sailing vessel,230020110
/vessels/details/230094510,VEGA,Pleasure craft,230094510
/vessels/details/230027110,AQUILON,Sailing vessel,230027110
/vessels/details/230027950,DUOCHJA,Sailing vessel,230027950
/vessels/details/230028790,RAPYLA VIII,Pleasure craft,230028790
/vessels/details/230075480,AMADEA,Pleasure craft,230075480
/vessels/details/230184310,ARGO,Pleasure craft,230184310
/vessels/details/230189120,ALISA,Sailing vessel,230189120
/vessels/details/230036570,LOU TAI,Pleasure craft,230036570
/vessels/details/230149240,ELLINOR,Sailing vessel,230149240
/vessels/details/230193870,HONAH LEE,Pleasure craft,230193870
/vessels/details/230055170,E WARVIK,Sailing vessel,230055170
/vessels/details/230135850,CANTINA,Pleasure craft,230135850
/vessels/details/230073410,SUULA,Sailing vessel,230073410
/vessels/details/230077440,RIBSI,Pleasure craft,230077440
/vessels/details/230114350,RELAX,Sailing vessel,230114350
/vessels/details/230131700,MAGDALENA,Pleasure craft,230131700
/vessels/details/230147980,ENDIVA,Pleasure craft,230147980
/vessels/details/230181170,CHARLOTTA,Sailing vessel,230181170
/vessels/details/230188680,HULDA,Pleasure craft,230188680
/vessels/details/230168360,UMOYA,Sailing vessel,230168360
/vessels/details/230165970,BRINDABELLA,Sailing vessel,230165970
/vessels/details/230004950,IZORA,Sailing vessel,230004950
/vessels/details/230174390,BLUEBERRY,Sailing vessel,230174390
/vessels/details/230171570,NAMORADA,Pleasure craft,230171570
/vessels/details/230087060,SEIREENI,Sailing vessel,230087060
/vessels/details/230012760,WOMBAT,Sailing vessel,230012760
/vessels/details/230067180,HANIMA,Pleasure craft,230067180
/vessels/details/230173450,MS ADELE,Pleasure craft,230173450
/vessels/details/230051840,SY AAVA,Sailing vessel,230051840
/vessels/details/230143060,CAROLINA,Sailing vessel,230143060
/vessels/details/230192910,IPANEMA,Pleasure craft,230192910
/vessels/details/230078510,SEBAGO 3,Pleasure craft,230078510
/vessels/details/230140660,MARTHEA,Sailing vessel,230140660
/vessels/details/230001570,ANNA AMANDA,Sailing vessel,230001570
/vessels/details/230097700,AAVA,Pleasure craft,230097700
/vessels/details/230082840,MS LAVANSAARI,Pleasure craft,230082840
/vessels/details/230149080,WINDY,Pleasure craft,230149080
/vessels/details/230057080,SY ENDORPHINE,Sailing vessel,230057080
/vessels/details/230032800,FAVORITA,Sailing vessel,230032800
/vessels/details/230165770,ALEJA,Pleasure craft,230165770
/vessels/details/230027770,SY MERINORSU,Sailing vessel,230027770
/vessels/details/230164350,SALSA,Pleasure craft,230164350
/vessels/details/230144660,LOVA L8273,Sailing vessel,230144660
/vessels/details/230072950,PENELOPE 3,Sailing vessel,230072950
/vessels/details/230191460,GAIA,Sailing vessel,230191460
/vessels/details/230057990,PLOOTU,Pleasure craft,230057990
/vessels/details/230142960,MARCELLA,Pleasure craft,230142960
/vessels/details/230193470,SIGRID,Pleasure craft,230193470
/vessels/details/230095610,MATTU,Pleasure craft,230095610
/vessels/details/230169620,SEAMORE,Sailing vessel,230169620
/vessels/details/230943650,MERITAHTI,Sailing vessel,230943650
/vessels/details/230182870,VIOLETTA,Sailing vessel,230182870
/vessels/details/230004740,FIIA,Sailing vessel,230004740
/vessels/details/230192080,PHOCOENA,Pleasure craft,230192080
/vessels/details/230065480,PRIMA-VISTA,Pleasure craft,230065480
/vessels/details/230073700,TRAANI,Pleasure craft,230073700
/vessels/details/230127180,HELENA,Sailing vessel,230127180
/vessels/details/230157990,NICOTINA,Pleasure craft,230157990
/vessels/details/230177070,AMELIE,Pleasure craft,230177070
/vessels/details/230028380,AAVATAR,Sailing vessel,230028380
/vessels/details/230177900,XENIA,Sailing vessel,230177900
/vessels/details/230136910,ONNEX,Sailing vessel,230136910
/vessels/details/230020840,MELISANDE,Sailing vessel,230020840
/vessels/details/230937870,NADJA,Sailing vessel,230937870
/vessels/details/230135640,ESMERALDA,Pleasure craft,230135640
/vessels/details/230131470,MINEA,Pleasure craft,230131470
/vessels/details/230166290,SILVER GIRL,Pleasure craft,230166290
/vessels/details/230032440,SOLVEIG,Sailing vessel,230032440
/vessels/details/230188890,ORCA,Pleasure craft,230188890
/vessels/details/230026250,AQUAMARINE,Pleasure craft,230026250
/vessels/details/230031750,SUNCHASER,Sailing vessel,230031750
/vessels/details/230052870,EAR-WIG-O,Pleasure craft,230052870
/vessels/details/230045500,NOPPA,Sailing vessel,230045500
/vessels/details/230161910,VIGGEN,Pleasure craft,230161910
/vessels/details/230052410,TETU,Sailing vessel,230052410
/vessels/details/230168310,ONNI,Sailing vessel,230168310
/vessels/details/230179100,BEAST,Pleasure craft,230179100
/vessels/details/230138990,MERIEL,Sailing vessel,230138990
/vessels/details/230089860,SY RERON,Pleasure craft,230089860
/vessels/details/230984550,SEA BREEZE,Pleasure craft,230984550
/vessels/details/230021660,HANNA E,Sailing vessel,230021660
/vessels/details/230176530,UTU,Pleasure craft,230176530
/vessels/details/230048400,MY WAY,Pleasure craft,230048400
/vessels/details/230066800,LILIAN,Pleasure craft,230066800
/vessels/details/230172900,PERFECT MATCH,Pleasure craft,230172900
/vessels/details/230168300,HISPIDA,Pleasure craft,230168300
/vessels/details/230048760,EMMADA,Pleasure craft,230048760
/vessels/details/230143460,BLANCA,Sailing vessel,230143460
/vessels/details/230941140,JOANNA,Sailing vessel,230941140
/vessels/details/230139550,DEESSE,Sailing vessel,230139550
/vessels/details/230099960,SANGIOVESE,Pleasure craft,230099960
/vessels/details/230129550,THE RED EYE,Pleasure craft,230129550
/vessels/details/230181760,SECOND JUNE,Pleasure craft,230181760
/vessels/details/230088470,UNIQUE,Sailing vessel,230088470
/vessels/details/230082950,DRACONIS,Sailing vessel,230082950
/vessels/details/230189680,XIDELLA,Sailing vessel,230189680
/vessels/details/230155700,SY LINNEA,Pleasure craft,230155700
/vessels/details/230130870,MALLA,Sailing vessel,230130870
/vessels/details/230980580,YESENIA,Sailing vessel,230980580
/vessels/details/230118970,SY SVEA,Pleasure craft,230118970
/vessels/details/230138960,ANNEWO 2,Pleasure craft,230138960
/vessels/details/230065880,MENOA,Sailing vessel,230065880
/vessels/details/230028760,TARPPI 1,Pleasure craft,230028760
/vessels/details/230160270,BLUE NOTE,Sailing vessel,230160270
/vessels/details/230026950,SY LIPPE,Pleasure craft,230026950
/vessels/details/230185600,LINNEA,Pleasure craft,230185600
/vessels/details/230018510,SY INDRA,Sailing vessel,230018510
/vessels/details/230029690,LOISKE,Pleasure craft,230029690
/vessels/details/230139240,STEILE BANK,Pleasure craft,230139240
/vessels/details/230044110,ALLA BREVE,Sailing vessel,230044110
/vessels/details/230159720,IRIE,Sailing vessel,230159720
/vessels/details/230089800,M.Y. ESCAPADE,Pleasure craft,230089800
/vessels/details/230137850,ARTEON,Sailing vessel,230137850
/vessels/details/230193370,OCEANA,Sailing vessel,230193370
/vessels/details/230154540,SAGA,Pleasure craft,230154540
/vessels/details/230130190,KNOCKOUT,Pleasure craft,230130190
/vessels/details/230061010,SISSI,Pleasure craft,230061010
/vessels/details/230173650,CECILIA,Pleasure craft,230173650
/vessels/details/230010960,MONSUN,Pleasure craft,230010960
/vessels/details/230999840,RLU901 HGM12,Pleasure craft,230999840
/vessels/details/230044100,VICTORIA,Sailing vessel,230044100
/vessels/details/230923000,SALGRUND II,Pleasure craft,230923000
/vessels/details/230131610,LOTTE,Sailing vessel,230131610
/vessels/details/230077270,MY WILMA,Pleasure craft,230077270
/vessels/details/230059350,BUBUNITAX,Sailing vessel,230059350
/vessels/details/230016700,CANACE,Sailing vessel,230016700
/vessels/details/230146070,TIFANI II,Pleasure craft,230146070
/vessels/details/230182350,AURORA,Sailing vessel,230182350
/vessels/details/230086980,VIRGINIA,Pleasure craft,230086980
/vessels/details/230129460,LET GO,Sailing vessel,230129460
/vessels/details/230190970,MINNE,Sailing vessel,230190970
/vessels/details/230139400,BLUE NOSE,Pleasure craft,230139400
/vessels/details/230087040,LA VIDA,Pleasure craft,230087040
/vessels/details/230158720,MY LINDA,Pleasure craft,230158720
/vessels/details/230041880,DIVINA CQMMEDIA,Pleasure craft,230041880
/vessels/details/230029960,HAVFRUEN,Sailing vessel,230029960
/vessels/details/230157860,MACY TOO,Pleasure craft,230157860
/vessels/details/230013310,SOFIA,Sailing vessel,230013310
/vessels/details/230133060,VAAGA,Pleasure craft,230133060
/vessels/details/230985710,IRJA HELENA,Pleasure craft,230985710
/vessels/details/230188610,LINNEA,Pleasure craft,230188610
/vessels/details/230160190,PRONTO,Pleasure craft,230160190
/vessels/details/230156170,MARIA,Pleasure craft,230156170
/vessels/details/230941860,NORDIC SWAN,Pleasure craft,230941860
/vessels/details/230062460,LAURIINA,Sailing vessel,230062460
/vessels/details/230038690,SY TIMJANG,Sailing vessel,230038690
/vessels/details/230138510,AMANDA,Sailing vessel,230138510
/vessels/details/230186500,VERANDA,Pleasure craft,230186500
/vessels/details/230940490,EBBA,Sailing vessel,230940490
/vessels/details/230160380,PROSECCO,Pleasure craft,230160380
/vessels/details/230093150,FAVOLA,Sailing vessel,230093150
/vessels/details/230089990,HELENA,Sailing vessel,230089990
/vessels/details/230047490,PRINSESSA,Sailing vessel,230047490
/vessels/details/230144860,DORIS,Sailing vessel,230144860
/vessels/details/230179780,MON AMI,Pleasure craft,230179780
/vessels/details/230190160,SMAK AV FRIHET,Pleasure craft,230190160
/vessels/details/230083090,ELMIINA,Sailing vessel,230083090
/vessels/details/230099680,AUROSA,Pleasure craft,230099680
/vessels/details/230061490,GEMINI II,Pleasure craft,230061490
/vessels/details/230150120,ADELIE,Pleasure craft,230150120
/vessels/details/230167280,ZEUS,Sailing vessel,230167280
/vessels/details/230135440,SAN BLAS,Sailing vessel,230135440
/vessels/details/230165190,EVELIINA,Sailing vessel,230165190
/vessels/details/230155730,PANDORA,Sailing vessel,230155730
/vessels/details/230070800,NAUSICAA,Sailing vessel,230070800
/vessels/details/230090240,TUULI,Pleasure craft,230090240
/vessels/details/230159040,GILLA,Sailing vessel,230159040
/vessels/details/230021100,DONDO,Pleasure craft,230021100
/vessels/details/230167990,MINEA II,Pleasure craft,230167990
/vessels/details/230037680,ZELDA,Sailing vessel,230037680
/vessels/details/230035370,SY BASTET,Pleasure craft,230035370
/vessels/details/230057880,ORION,Pleasure craft,230057880
/vessels/details/230003650,MESIMERI,Sailing vessel,230003650
/vessels/details/230092670,KAISLA,Sailing vessel,230092670
/vessels/details/230088310,RUM N COKE,Sailing vessel,230088310
/vessels/details/230984140,KATRINA,Pleasure craft,230984140
/vessels/details/230716400,AGLIOLIO,Sailing vessel,230716400
/vessels/details/230941370,NORDINA III,Pleasure craft,230941370
/vessels/details/230066700,NOBILE,Sailing vessel,230066700
/vessels/details/230044680,FRIDA,Pleasure craft,230044680
/vessels/details/230147710,KIPPO,Sailing vessel,230147710
/vessels/details/230091340,VILHELMIINA,Pleasure craft,230091340
/vessels/details/230157260,ONNENPISARA,Pleasure craft,230157260
/vessels/details/230194190,PERLA DEL NORD,Sailing vessel,230194190
/vessels/details/230091990,MERIDIAN,Pleasure craft,230091990
/vessels/details/230072340,JAMILLE,Sailing vessel,230072340
/vessels/details/230066340,NAUTA,Sailing vessel,230066340
/vessels/details/230022340,XANTHIPPE,Sailing vessel,230022340
/vessels/details/230167370,HELENE,Sailing vessel,230167370
/vessels/details/230032180,CARISSA,Pleasure craft,230032180
/vessels/details/230182730,FALKEN,Pleasure craft,230182730
/vessels/details/230116010,INGRID,Sailing vessel,230116010
/vessels/details/230012090,SY FRIDA OCEANIS 37,Pleasure craft,230012090
/vessels/details/230175740,VICTORIA,Pleasure craft,230175740
/vessels/details/230115960,NEREA,Sailing vessel,230115960
/vessels/details/230024850,SY MATILDA,Sailing vessel,230024850
/vessels/details/230134880,SY DEA,Sailing vessel,230134880
/vessels/details/230168740,TSAWWASSEN,Pleasure craft,230168740
/vessels/details/230158560,GRACE,Pleasure craft,230158560
/vessels/details/230936890,ROSINANTE,Sailing vessel,230936890
/vessels/details/230169980,PALMA,Pleasure craft,230169980
/vessels/details/230184540,AALLOTAR,Pleasure craft,230184540
/vessels/details/230093170,LEMPI,Sailing vessel,230093170
/vessels/details/230191880,CACCONE,Sailing vessel,230191880
/vessels/details/230046350,CITANA,Pleasure craft,230046350
/vessels/details/230986270,ASLAN,Sailing vessel,230986270
/vessels/details/230010290,ZENITA,Pleasure craft,230010290
/vessels/details/230067690,ASGARD,Pleasure craft,230067690
/vessels/details/230188990,FREYA,Pleasure craft,230188990
/vessels/details/230075270,HELENA,Pleasure craft,230075270
/vessels/details/230943490,IDA,Pleasure craft,230943490
/vessels/details/230051950,SY SIRIUS,Sailing vessel,230051950
/vessels/details/230146840,STORMEN,Sailing vessel,230146840
/vessels/details/230991760,CARMENCITA III,Sailing vessel,230991760
/vessels/details/230071770,SKINNY MINNY,Sailing vessel,230071770
/vessels/details/230089280,SANTINA 2,Sailing vessel,230089280
/vessels/details/230943260,MERIMORKO,Pleasure craft,230943260
/vessels/details/230020560,NAJADI IV,Sailing vessel,230020560
/vessels/details/230117870,SY SANDI,Sailing vessel,230117870
/vessels/details/230988910,LINNEA 2,Pleasure craft,230988910
/vessels/details/230046480,MERISOPULI,Pleasure craft,230046480
/vessels/details/230012800,MOONSHINE,Sailing vessel,230012800
/vessels/details/230188780,PIUHA III,Pleasure craft,230188780
/vessels/details/230145310,AMATHEA,Sailing vessel,230145310
/vessels/details/230179070,SENSEI,Sailing vessel,230179070
/vessels/details/230190380,JOYRIDE,Sailing vessel,230190380
/vessels/details/230168860,MS VIHURI,Pleasure craft,230168860
/vessels/details/230046290,EMDEN,Pleasure craft,230046290
/vessels/details/230086480,MARI,Pleasure craft,230086480
/vessels/details/230034760,SY MERITUULA II,Sailing vessel,230034760
/vessels/details/230188560,MARGE,Pleasure craft,230188560
/vessels/details/230170810,HECTOR,Sailing vessel,230170810
/vessels/details/230163040,MARDI,Pleasure craft,230163040
/vessels/details/230079190,EMMA II,Pleasure craft,230079190
/vessels/details/230157700,PRINCESS SOPHIE,Sailing vessel,230157700
/vessels/details/230073390,HALKOKARI,Pleasure craft,230073390
/vessels/details/230007490,CRISTA,Sailing vessel,230007490
/vessels/details/230093770,TRIANA,Pleasure craft,230093770
/vessels/details/230168470,ALLEGRETTO,Sailing vessel,230168470
/vessels/details/230187810,TIRAMISU,Pleasure craft,230187810
/vessels/details/230135240,TUULIA,Pleasure craft,230135240
/vessels/details/230081780,SARENA,Sailing vessel,230081780
/vessels/details/230189320,MILLA,Pleasure craft,230189320
/vessels/details/230034100,MANDI,Sailing vessel,230034100
/vessels/details/230050500,BLUX,Sailing vessel,230050500
/vessels/details/230158060,OHANA,Pleasure craft,230158060
/vessels/details/230020890,SY VAHINE,Sailing vessel,230020890
/vessels/details/230092970,FILIFJONKAN,Pleasure craft,230092970
/vessels/details/230161460,CREATA,Pleasure craft,230161460
/vessels/details/230166900,MYRSKYLUODON MAIJA,Pleasure craft,230166900
/vessels/details/230092960,BLUE MARLIN,Sailing vessel,230092960
/vessels/details/230147870,DIANA,Sailing vessel,230147870
/vessels/details/230152260,AQUARIUS,Pleasure craft,230152260
/vessels/details/230011400,MOIRA,Sailing vessel,230011400
/vessels/details/230126110,SY DIVA,Pleasure craft,230126110
/vessels/details/230163900,FATA MORGANA,Sailing vessel,230163900
/vessels/details/230065710,SOLBAATEN,Sailing vessel,230065710
/vessels/details/230135360,CELESTE,Pleasure craft,230135360
/vessels/details/230124780,MARJA-LIISA,Pleasure craft,230124780
/vessels/details/230072150,BEL-AMI,Pleasure craft,230072150
/vessels/details/230122390,HERA,Sailing vessel,230122390
/vessels/details/230186140,XELIA,Sailing vessel,230186140
/vessels/details/230156550,ILOA II,Pleasure craft,230156550
/vessels/details/230021700,MOVELLA,Sailing vessel,230021700
/vessels/details/230153020,MODESTY,Pleasure craft,230153020
/vessels/details/230188370,VEERA IV,Pleasure craft,230188370
/vessels/details/230064360,SPUMARE,Sailing vessel,230064360
/vessels/details/230186640,WINDFOLA,Sailing vessel,230186640
/vessels/details/230037880,AURORA,Sailing vessel,230037880
/vessels/details/230124260,EMEE,Sailing vessel,230124260
/vessels/details/230182670,LOVA,Sailing vessel,230182670
/vessels/details/230066590,IIRA,Pleasure craft,230066590
/vessels/details/230053840,SY ORION II,Sailing vessel,230053840
/vessels/details/230015390,GODZILLA,Sailing vessel,230015390
/vessels/details/230173990,LENE,Sailing vessel,230173990
/vessels/details/230169460,JOUTSEN,Pleasure craft,230169460
/vessels/details/230016080,SOINTU III,Sailing vessel,230016080
/vessels/details/230096380,MARIA IV,Pleasure craft,230096380
/vessels/details/230181360,MIRA,Pleasure craft,230181360
/vessels/details/230130450,MERELLE,Sailing vessel,230130450
/vessels/details/230163570,SAAGA,Sailing vessel,230163570
/vessels/details/230161770,VILJO FISHING,Pleasure craft,230161770
/vessels/details/230171810,CHERIE,Sailing vessel,230171810
/vessels/details/230154610,BELUGA,Pleasure craft,230154610
/vessels/details/230007680,JULIA,Sailing vessel,230007680
/vessels/details/230138690,WHITE PEARL,Sailing vessel,230138690
/vessels/details/230186690,CLUPEA,Pleasure craft,230186690
/vessels/details/230182310,LAVIE,Sailing vessel,230182310
/vessels/details/230187410,LEIA,Pleasure craft,230187410
/vessels/details/230045940,SJOBRIS,Pleasure craft,230045940
/vessels/details/230154400,INTEGER,Sailing vessel,230154400
/vessels/details/230989610,ARKHIPELAGOS,Sailing vessel,230989610
/vessels/details/230155770,VAPPU 2,Pleasure craft,230155770
/vessels/details/230029710,NECTAR,Sailing vessel,230029710
/vessels/details/230133410,CELESTE,Sailing vessel,230133410
/vessels/details/230169130,RETRO HELMI,Pleasure craft,230169130
/vessels/details/230159270,LEMPI,Pleasure craft,230159270
/vessels/details/230073140,BAJAMAJA,Pleasure craft,230073140
/vessels/details/230988390,ANASTACIA II,Pleasure craft,230988390
/vessels/details/230985850,ALLI,Pleasure craft,230985850
/vessels/details/230072910,IKU,Pleasure craft,230072910
/vessels/details/230151870,MRS ROBINSON,Sailing vessel,230151870
/vessels/details/230133590,MY ROSE,Pleasure craft,230133590
/vessels/details/230686720,MY ETL,Pleasure craft,230686720
/vessels/details/230057010,MERITUULIA,Sailing vessel,230057010
/vessels/details/230051450,ALIISA,Pleasure craft,230051450
/vessels/details/230061750,ALOHA SPIRIT,Pleasure craft,230061750
/vessels/details/230987654,MOIRA,Sailing vessel,230987654
/vessels/details/230166540,EMILIA,Pleasure craft,230166540
/vessels/details/230986360,LUNA,Pleasure craft,230986360
/vessels/details/230143670,SOFIA II,Sailing vessel,230143670
/vessels/details/230127790,TURIA,Sailing vessel,230127790
/vessels/details/230177640,T-REX,Pleasure craft,230177640
/vessels/details/230019450,ORIGO,Sailing vessel,230019450
/vessels/details/230160110,MOBY DICK,Pleasure craft,230160110
/vessels/details/230082970,SY LOVA,Sailing vessel,230082970
/vessels/details/230183790,WHITE SAND,Pleasure craft,230183790
/vessels/details/230093400,MY SEAHORSE,Pleasure craft,230093400
/vessels/details/230046960,KATARINA,Pleasure craft,230046960
/vessels/details/230057890,SY HALISE,Sailing vessel,230057890
/vessels/details/230179310,SEELIA,Pleasure craft,230179310
/vessels/details/230044160,LAGUNA,Pleasure craft,230044160
/vessels/details/230066480,AMELIE,Sailing vessel,230066480
/vessels/details/230943180,FONTANA V,Pleasure craft,230943180
/vessels/details/230980540,SY LUMIKKI,Sailing vessel,230980540
/vessels/details/230004110,RUNAWAY,Pleasure craft,230004110
/vessels/details/230151770,SKALA,Sailing vessel,230151770
/vessels/details/230175410,LA FLAQUITA,Pleasure craft,230175410
/vessels/details/230083600,NJOY MORE,Pleasure craft,230083600
/vessels/details/230151060,HELMI,Pleasure craft,230151060
/vessels/details/230003940,DAT WOR ET,Pleasure craft,230003940
/vessels/details/230005329,NET-23-ZSY0532963,Pleasure craft,230005329
/vessels/details/230190460,SERENITY,Sailing vessel,230190460
/vessels/details/230161760,ATLAST,Sailing vessel,230161760
/vessels/details/230147600,MARY LOU,Pleasure craft,230147600
/vessels/details/230172740,AQUILA,Sailing vessel,230172740
/vessels/details/230028340,LOLEE,Pleasure craft,230028340
/vessels/details/230073110,SY XODO,Pleasure craft,230073110
/vessels/details/230144780,OLDFOX,Sailing vessel,230144780
/vessels/details/230047140,ASTREA,Sailing vessel,230047140
/vessels/details/230182930,ELIZA,Sailing vessel,230182930
/vessels/details/230151550,LA MONDE MIA,Pleasure craft,230151550
/vessels/details/230010380,INDIGO,Sailing vessel,230010380
/vessels/details/230177260,HARMONY,Pleasure craft,230177260
/vessels/details/230186520,MARIA,Pleasure craft,230186520
/vessels/details/230165370,ALCA TORDA,Pleasure craft,230165370
/vessels/details/230145490,CARLY III,Sailing vessel,230145490
/vessels/details/230004840,OTKANTTI,Pleasure craft,230004840
/vessels/details/230175910,ATHENA,Sailing vessel,230175910
/vessels/details/230131160,AAVA,Sailing vessel,230131160
/vessels/details/230983870,NERISSA,Sailing vessel,230983870
/vessels/details/230167400,TESTERI,Pleasure craft,230167400
/vessels/details/230185580,MOONRAKER,Pleasure craft,230185580
/vessels/details/230071750,SY CAMEMA,Sailing vessel,230071750
/vessels/details/230041410,SARA,Sailing vessel,230041410
/vessels/details/230140590,HARMONI,Pleasure craft,230140590
/vessels/details/230176300,CRAM,Sailing vessel,230176300
/vessels/details/230027390,FINNROSE,Pleasure craft,230027390
/vessels/details/230018210,PIRATE,Sailing vessel,230018210
/vessels/details/230045590,DUCKTAIL,Pleasure craft,230045590
/vessels/details/230143350,EDITH,Sailing vessel,230143350
/vessels/details/230099650,WADELMA,Sailing vessel,230099650
/vessels/details/230073160,ELECTRA,Pleasure craft,230073160
/vessels/details/230073680,HERTTA,Pleasure craft,230073680
/vessels/details/230191200,ALEXANDRA,Pleasure craft,230191200
/vessels/details/230092560,CHARLOTTE PICOT 3,Pleasure craft,230092560
/vessels/details/230134240,MERIKA,Pleasure craft,230134240
/vessels/details/230142670,SHANGRI LA,Sailing vessel,230142670
/vessels/details/230184820,AIONA,Sailing vessel,230184820
/vessels/details/230983950,ASTRAIA,Sailing vessel,230983950
/vessels/details/230144040,KATARIINA,Pleasure craft,230144040
/vessels/details/230143560,AMABILE,Pleasure craft,230143560
/vessels/details/230184970,KORMY,Pleasure craft,230184970
/vessels/details/230161930,GISELLE III,Pleasure craft,230161930
/vessels/details/230112110,FREYA,Sailing vessel,230112110
/vessels/details/230194530,BONUS,Sailing vessel,230194530
/vessels/details/230011900,SY TINKA,Pleasure craft,230011900
/vessels/details/230121840,MIKAELA,Pleasure craft,230121840
/vessels/details/230162670,MY BE HAPPY,Pleasure craft,230162670
/vessels/details/230142460,MARIELLE,Sailing vessel,230142460
/vessels/details/230186540,AYNOA,Pleasure craft,230186540
/vessels/details/230174210,ASAP,Sailing vessel,230174210
/vessels/details/230129060,KORALLI,Pleasure craft,230129060
/vessels/details/230138050,LIISA,Sailing vessel,230138050
/vessels/details/230006370,TEAM SHARK,Pleasure craft,230006370
/vessels/details/230168970,RUBY,Pleasure craft,230168970
/vessels/details/230023550,KAJKA,Pleasure craft,230023550
/vessels/details/230145690,YES DEAR II,Pleasure craft,230145690
/vessels/details/230158550,RODANDREEL,Pleasure craft,230158550
/vessels/details/230093190,STORMUR,Pleasure craft,230093190
/vessels/details/230190470,LAUREENA,Sailing vessel,230190470
/vessels/details/230181980,DELICATO,Sailing vessel,230181980
/vessels/details/230328760,ARIEL IV,Sailing vessel,230328760
/vessels/details/230010990,AURORA,Pleasure craft,230010990
/vessels/details/230083470,ARABELLA,Pleasure craft,230083470
/vessels/details/230159150,FASTER ELECTRIC,Pleasure craft,230159150
/vessels/details/230057550,TARGA,Pleasure craft,230057550
/vessels/details/230053740,AURANTYTTO,Sailing vessel,230053740
/vessels/details/230942600,AIDA,Pleasure craft,230942600
/vessels/details/230005090,SY HINEMOA,Sailing vessel,230005090
/vessels/details/230983390,WINDROSE,Pleasure craft,230983390
/vessels/details/230182480,IDA,Pleasure craft,230182480
/vessels/details/230182240,VERTIGO,Pleasure craft,230182240
/vessels/details/230021050,ANCELIA,Sailing vessel,230021050
/vessels/details/230008950,DOMI 1,Pleasure craft,230008950
/vessels/details/230179740,YASMILA,Pleasure craft,230179740
/vessels/details/230014500,SY SINENSIS,Sailing vessel,230014500
/vessels/details/230162360,BELO HORIZONTE,Sailing vessel,230162360
/vessels/details/230143850,ZEROEMISSION,Sailing vessel,230143850
/vessels/details/230943790,MIMMI,Pleasure craft,230943790
/vessels/details/230149700,SONJUSKA,Sailing vessel,230149700
/vessels/details/230029370,CORNISH KESTREL,Pleasure craft,230029370
/vessels/details/230174830,HELMINA,Sailing vessel,230174830
/vessels/details/230192580,LA BOHEME,Pleasure craft,230192580
/vessels/details/230182900,TEMBO,Pleasure craft,230182900
/vessels/details/230108390,HENRIKA,Sailing vessel,230108390
/vessels/details/230059180,ESTELLE 2,Pleasure craft,230059180
/vessels/details/230176920,WAKI,Pleasure craft,230176920
/vessels/details/230119680,SAVI 19,Pleasure craft,230119680
/vessels/details/230087170,SY TI-TI-UU,Sailing vessel,230087170
/vessels/details/230097180,LIBERTA,Sailing vessel,230097180
/vessels/details/230004280,KYRIA,Pleasure craft,230004280
/vessels/details/230123250,POUTA,Sailing vessel,230123250
/vessels/details/230072870,MIRANDA,Sailing vessel,230072870
/vessels/details/230942880,KUMPURANTA VII,Pleasure craft,230942880
/vessels/details/230156520,SANDY,Pleasure craft,230156520
/vessels/details/230179110,LION,Pleasure craft,230179110
/vessels/details/230185030,QUATRO,Sailing vessel,230185030
/vessels/details/230133440,CAST AWAY,Pleasure craft,230133440
/vessels/details/230142270,SY MOANA,Sailing vessel,230142270
/vessels/details/230033250,CHENOA,Sailing vessel,230033250
/vessels/details/230156380,MALWINA,Pleasure craft,230156380
/vessels/details/230135250,STORMPIPPI,Sailing vessel,230135250
/vessels/details/230025540,PIETARI,Pleasure craft,230025540
/vessels/details/230130650,DORIS SOLO SAILOR,Sailing vessel,230130650
/vessels/details/230075090,SY MALIK,Sailing vessel,230075090
/vessels/details/230015580,JASNURI,Sailing vessel,230015580
/vessels/details/230153070,BLUE BAYOU,Pleasure craft,230153070
/vessels/details/230124880,LENA,Pleasure craft,230124880
/vessels/details/230987890,MYRTILLE II,Pleasure craft,230987890
/vessels/details/230095740,INIJO,Pleasure craft,230095740
/vessels/details/230105350,FANFAR,Sailing vessel,230105350
/vessels/details/230169720,SNORKEN,Pleasure craft,230169720
/vessels/details/230188790,IDUNN,Sailing vessel,230188790
/vessels/details/230186790,CHERIE - WSF,Sailing vessel,230186790
/vessels/details/230143790,AMELIE,Pleasure craft,230143790
/vessels/details/230179300,SOPHIA,Sailing vessel,230179300
/vessels/details/230045170,ANNAMAY,Pleasure craft,230045170
/vessels/details/230048280,STELLA MARIA,Pleasure craft,230048280
/vessels/details/230178420,ELSEBY,Pleasure craft,230178420
/vessels/details/230058260,KAJSA-MAJA,Sailing vessel,230058260
/vessels/details/230046640,IDA,Sailing vessel,230046640
/vessels/details/230941950,CONCHITA,Sailing vessel,230941950
/vessels/details/230140100,SY NECESSE,Sailing vessel,230140100
/vessels/details/230182920,SANSARA,Pleasure craft,230182920
/vessels/details/230098710,SANOBI,Pleasure craft,230098710
/vessels/details/230182540,SERENA,Sailing vessel,230182540
/vessels/details/230013500,TINDRA,Sailing vessel,230013500
/vessels/details/230095870,LULU,Sailing vessel,230095870
/vessels/details/230130910,DIX,Pleasure craft,230130910
/vessels/details/230011910,AFFI,Pleasure craft,230011910
/vessels/details/230190400,XCITING,Pleasure craft,230190400
/vessels/details/230056780,BY DEMONS BE DRIVEN,Pleasure craft,230056780
/vessels/details/230074080,EMELIA,Sailing vessel,230074080
/vessels/details/230150160,KATA,Sailing vessel,230150160
/vessels/details/230187940,OFFPISTEA,Pleasure craft,230187940
/vessels/details/230063310,SHAMROCK,Sailing vessel,230063310
/vessels/details/230167540,SEADREAM,Pleasure craft,230167540
/vessels/details/230124970,VA BENE,Pleasure craft,230124970
/vessels/details/230049750,CILLA,Sailing vessel,230049750
/vessels/details/230083240,ELISABETH II,Pleasure craft,230083240
/vessels/details/230063890,NECTARIS,Sailing vessel,230063890
/vessels/details/230144050,PEER GYNT,Pleasure craft,230144050
/vessels/details/230163770,ANANYA,Sailing vessel,230163770
/vessels/details/230110270,STORM PETREL,Sailing vessel,230110270
/vessels/details/230019650,TMX,Sailing vessel,230019650
/vessels/details/230063940,HAKUNA MATATA,Pleasure craft,230063940
/vessels/details/230135610,NAVITA,Sailing vessel,230135610
/vessels/details/230177380,STORMFOGEL,Sailing vessel,230177380
/vessels/details/230057640,MARTHA,Sailing vessel,230057640
/vessels/details/230152100,HIISI,Pleasure craft,230152100
/vessels/details/230190960,MERIMYRSKY,Pleasure craft,230190960
/vessels/details/230176210,MERIMARJO,Pleasure craft,230176210
/vessels/details/230163280,BONDAI,Pleasure craft,230163280
/vessels/details/230011460,JOURNEY,Pleasure craft,230011460
/vessels/details/230011440,MARDE III,Sailing vessel,230011440
/vessels/details/230070750,WIKTORIA,Pleasure craft,230070750
/vessels/details/230163930,AMANDA 0,Pleasure craft,230163930
/vessels/details/230151110,SUOMENLAHDEN YKKONEN,Sailing vessel,230151110
/vessels/details/230138940,ILMATAR,Sailing vessel,230138940
/vessels/details/230015740,PETCAT,Pleasure craft,230015740
/vessels/details/230070590,CARELIA,Pleasure craft,230070590
/vessels/details/230128540,JUBILEE X,Sailing vessel,230128540
/vessels/details/230163370,KAMI,Pleasure craft,230163370
/vessels/details/230064190,SY BLUESTAR,Sailing vessel,230064190
/vessels/details/230113360,SY COPIHUE,Sailing vessel,230113360
/vessels/details/230018990,HARMONY,Pleasure craft,230018990
/vessels/details/230164890,YODA,Pleasure craft,230164890
/vessels/details/230989070,FRIENDSHIP II,Pleasure craft,230989070
/vessels/details/230193030,MERRI,Sailing vessel,230193030
/vessels/details/230163800,LUNA,Pleasure craft,230163800
/vessels/details/230166390,HUPINA,Pleasure craft,230166390
/vessels/details/230186850,MOXIE,Sailing vessel,230186850
/vessels/details/230191360,CIRRUS,Pleasure craft,230191360
/vessels/details/230166050,MERCEDES BENZ EQ,Pleasure craft,230166050
/vessels/details/230070760,ADELE ANDERSSON,Sailing vessel,230070760
/vessels/details/230154580,HAPPY AGAIN,Sailing vessel,230154580
/vessels/details/230987950,SY PRICK,Sailing vessel,230987950
/vessels/details/230138740,KIILAS,Pleasure craft,230138740
/vessels/details/230151260,POOKI,Pleasure craft,230151260
/vessels/details/230064680,BEIBE,Pleasure craft,230064680
/vessels/details/230192200,ANNY VON HAMBURG,Sailing vessel,230192200
/vessels/details/230184440,FREEBIRD,Pleasure craft,230184440
/vessels/details/230018770,PIENI KARHU,Pleasure craft,230018770
/vessels/details/230184780,MANDO,Pleasure craft,230184780
/vessels/details/230051650,ECLIPS,Sailing vessel,230051650
/vessels/details/230169410,LOWCHANCE,Pleasure craft,230169410
/vessels/details/230165290,CORAL PRINCESS,Sailing vessel,230165290
/vessels/details/230032770,URSULA,Pleasure craft,230032770
/vessels/details/230024510,ALEKSANDRA II,Pleasure craft,230024510
/vessels/details/230988370,ALESSIA,Sailing vessel,230988370
/vessels/details/230024350,ERICA,Sailing vessel,230024350
/vessels/details/230035350,WELATON,Sailing vessel,230035350
/vessels/details/230943670,SY AVALEYA,Sailing vessel,230943670
/vessels/details/230066440,FIX IDE,Sailing vessel,230066440
/vessels/details/230088540,PRIMAVERA II,Pleasure craft,230088540
/vessels/details/230089780,PICADOR,Sailing vessel,230089780
/vessels/details/230052450,IRONSIDE,Sailing vessel,230052450
/vessels/details/230010090,PASTIS,Pleasure craft,230010090
/vessels/details/230189200,AURORA,Pleasure craft,230189200
/vessels/details/230158440,MY NEFERTARI,Pleasure craft,230158440
/vessels/details/230985810,SY ANNA KRISTINA,Pleasure craft,230985810
/vessels/details/230039160,FLOW,Pleasure craft,230039160
/vessels/details/230142410,CENTUM,Pleasure craft,230142410
/vessels/details/230137480,VERDE,Sailing vessel,230137480
/vessels/details/230189380,SELMA,Pleasure craft,230189380
/vessels/details/230178240,SWAN,Pleasure craft,230178240
/vessels/details/230071780,DE JOY,Sailing vessel,230071780
/vessels/details/230043310,LADY EVA,Pleasure craft,230043310
/vessels/details/230029740,KRISTA,Pleasure craft,230029740
/vessels/details/230077250,SY LINDA,Pleasure craft,230077250
/vessels/details/230171440,AMALIA,Pleasure craft,230171440
/vessels/details/230047070,LOUNA,Sailing vessel,230047070
/vessels/details/230063260,VAVERKA,Pleasure craft,230063260
/vessels/details/230131090,KUDU,Sailing vessel,230131090
/vessels/details/230139260,SY HAVFRUEN,Sailing vessel,230139260
/vessels/details/230174410,PAULETTE,Sailing vessel,230174410
/vessels/details/230062540,VIVADOS,Pleasure craft,230062540
/vessels/details/230944150,ESPERANZA,Pleasure craft,230944150
/vessels/details/230980470,ST. ANNA,Pleasure craft,230980470
/vessels/details/230030840,GRIMMEN,Pleasure craft,230030840
/vessels/details/230133150,PEARL,Pleasure craft,230133150
/vessels/details/230147950,NANNA,Sailing vessel,230147950
/vessels/details/230039950,BIANCA,Sailing vessel,230039950
/vessels/details/230038170,WELLAMO,Pleasure craft,230038170
/vessels/details/230060110,KARIN,Sailing vessel,230060110
/vessels/details/230937990,NICONE,Sailing vessel,230937990
/vessels/details/230082050,EBBA,Pleasure craft,230082050
/vessels/details/230190880,LIVIA,Pleasure craft,230190880
/vessels/details/230138250,LAKEUS,Pleasure craft,230138250
/vessels/details/230166970,EVITA,Pleasure craft,230166970
/vessels/details/230165850,MARINJA,Pleasure craft,230165850
/vessels/details/230008590,WENLA IV,Pleasure craft,230008590
/vessels/details/230134290,KEKE,Sailing vessel,230134290
/vessels/details/230940900,EIRA,Sailing vessel,230940900
/vessels/details/230166990,MAXCITING,Sailing vessel,230166990
/vessels/details/230033870,QUEEN ANNE,Sailing vessel,230033870
/vessels/details/230004360,SEAROSE,Sailing vessel,230004360
/vessels/details/230153600,PROSPECTOR,Sailing vessel,230153600
/vessels/details/230051790,NICE,Pleasure craft,230051790
/vessels/details/230184940,VERONICA,Sailing vessel,230184940
/vessels/details/230123960,ALLI,Sailing vessel,230123960
/vessels/details/230004210,ANNINA II,Sailing vessel,230004210
/vessels/details/230030690,AMANDA,Pleasure craft,230030690
/vessels/details/230182200,FASTER625,Pleasure craft,230182200
/vessels/details/230027710,TALISMAN,Pleasure craft,230027710
/vessels/details/230143050,CIRKUS,Pleasure craft,230143050
/vessels/details/230015950,ESTELLA,Sailing vessel,230015950
/vessels/details/230057950,SY AMORINA,Sailing vessel,230057950
/vessels/details/230158180,IDUNN,Sailing vessel,230158180
/vessels/details/230081360,ELLEN,Pleasure craft,230081360
/vessels/details/230143940,SY NEREIDE,Sailing vessel,230143940
/vessels/details/230180510,ALANTA,Pleasure craft,230180510
/vessels/details/230142710,ESTELLE,Pleasure craft,230142710
/vessels/details/230185620,TETIAROA,Pleasure craft,230185620
/vessels/details/230101040,PREHJU,Sailing vessel,230101040
/vessels/details/230131510,AMELIA,Pleasure craft,230131510
/vessels/details/230110590,PERKALA 4,Pleasure craft,230110590
/vessels/details/230002250,VILINA,Pleasure craft,230002250
/vessels/details/230014570,BIRGITTA,Sailing vessel,230014570
/vessels/details/230096240,LAMOUR 3,Sailing vessel,230096240
/vessels/details/230181400,SAAGA,Sailing vessel,230181400
/vessels/details/230155230,BIANCA,Sailing vessel,230155230
/vessels/details/230162010,SY ANTAMA,Pleasure craft,230162010
/vessels/details/230189780,SY MANTA,Sailing vessel,230189780
/vessels/details/230170280,FASU,Pleasure craft,230170280
/vessels/details/230090670,ULTRAMARI,Sailing vessel,230090670
/vessels/details/230187380,EAGLESROSE,Pleasure craft,230187380
/vessels/details/230130590,DAPHNE,Pleasure craft,230130590
/vessels/details/230030910,MORGANA,Sailing vessel,230030910
/vessels/details/230055690,OLIVIA,Sailing vessel,230055690
/vessels/details/230191080,HAILI,Pleasure craft,230191080
/vessels/details/230025500,IMPPU B,Sailing vessel,230025500
/vessels/details/230006240,PENELOPE,Sailing vessel,230006240
/vessels/details/230098180,ARTEMIS,Pleasure craft,230098180
/vessels/details/230982610,CEST LA VIE,Pleasure craft,230982610
/vessels/details/230008480,EXQUISITE,Sailing vessel,230008480
/vessels/details/230056390,SY AWAZING LINNEA,Sailing vessel,230056390
/vessels/details/230076670,PILLOW OF WINDS,Sailing vessel,230076670
/vessels/details/230093850,TUULETAR,Sailing vessel,230093850
/vessels/details/230128810,TYCOON,Sailing vessel,230128810
/vessels/details/230168980,EILA,Pleasure craft,230168980
/vessels/details/230094470,SOUND OF SILENCE,Pleasure craft,230094470
/vessels/details/230071080,DISAN,Sailing vessel,230071080
/vessels/details/230582872,TT LEGEND,Pleasure craft,230582872
/vessels/details/230126390,FORSBY,Pleasure craft,230126390
/vessels/details/230093260,LYCKA,Pleasure craft,230093260
/vessels/details/230131150,ZEBRA,Pleasure craft,230131150
/vessels/details/230001880,BRONCO,Sailing vessel,230001880
/vessels/details/230170820,MAIJA,Pleasure craft,230170820
/vessels/details/230089470,MARIOOSA,Sailing vessel,230089470
/vessels/details/230123010,COVENTINA,Pleasure craft,230123010
/vessels/details/230158650,GAVIOTA,Sailing vessel,230158650
/vessels/details/230026670,ILONA,Sailing vessel,230026670
/vessels/details/230056240,WILHELMIINA,Sailing vessel,230056240
/vessels/details/230012890,SOKERI,Sailing vessel,230012890
/vessels/details/230170330,OLVIINA,Pleasure craft,230170330
/vessels/details/230091070,DONA MARIA,Sailing vessel,230091070
/vessels/details/230029140,GALEIA2,Pleasure craft,230029140
/vessels/details/230009060,GRANDE NANA,Pleasure craft,230009060
/vessels/details/230065410,ILONA,Pleasure craft,230065410
/vessels/details/230053340,MAESTOSO,Sailing vessel,230053340
/vessels/details/230160710,GOODIO,Sailing vessel,230160710
/vessels/details/230054460,ULTRA MARE,Sailing vessel,230054460
/vessels/details/230138040,GAIA VI,Pleasure craft,230138040
/vessels/details/230135380,VIVACE,Pleasure craft,230135380
/vessels/details/230998790,HAVSORNEN,Pleasure craft,230998790
/vessels/details/230150130,WINDCAT,Sailing vessel,230150130
/vessels/details/230079060,CHIRUNDO,Pleasure craft,230079060
/vessels/details/230143100,MAXINE,Pleasure craft,230143100
/vessels/details/230311111,23031-1-18 90,Pleasure craft,230311111
/vessels/details/230114570,ILMARI,Pleasure craft,230114570
/vessels/details/230128450,PIKKU PURTILO III,Sailing vessel,230128450
/vessels/details/230187420,ONE AND ALL SOLOSAIL,Sailing vessel,230187420
/vessels/details/230076900,LUCKY EIGHT,Pleasure craft,230076900
/vessels/details/230001080,WIRITA,Pleasure craft,230001080
/vessels/details/230128970,AURIGA,Sailing vessel,230128970
/vessels/details/230980180,SONJA,Pleasure craft,230980180
/vessels/details/230167920,TARGA,Pleasure craft,230167920
/vessels/details/230120740,BELLEZZA III,Sailing vessel,230120740
/vessels/details/230787871,MING67-2 90,Pleasure craft,230787871
/vessels/details/230989890,CAVATINA,Sailing vessel,230989890
/vessels/details/230050160,MORGANA,Sailing vessel,230050160
/vessels/details/230078380,MY AURORA,Pleasure craft,230078380
/vessels/details/230181660,LEON,Sailing vessel,230181660
/vessels/details/230137900,RENEGADE,Pleasure craft,230137900
/vessels/details/230070450,IKIGAI,Pleasure craft,230070450
/vessels/details/230128900,LYMMEL,Pleasure craft,230128900
/vessels/details/230180730,SAKAAR,Sailing vessel,230180730
/vessels/details/230095850,CHARLOTTA,Sailing vessel,230095850
/vessels/details/230192040,VOODOO LADY,Pleasure craft,230192040
/vessels/details/230193680,SABRIINA,Pleasure craft,230193680
/vessels/details/230083840,BLUEROSE,Sailing vessel,230083840
/vessels/details/230083750,MINDA,Sailing vessel,230083750
/vessels/details/230177370,SANNI,Sailing vessel,230177370
/vessels/details/230092410,SEA ROSE,Pleasure craft,230092410
/vessels/details/230192620,EMMA,Pleasure craft,230192620
/vessels/details/230175180,LILIADA,Pleasure craft,230175180
/vessels/details/230186340,DOUBLEFUN,Sailing vessel,230186340
/vessels/details/230069890,SVANEVIT,Sailing vessel,230069890
/vessels/details/230088380,BOREAS,Pleasure craft,230088380
/vessels/details/230171960,HELMI,Sailing vessel,230171960
/vessels/details/230178580,COLLIMARE,Pleasure craft,230178580
/vessels/details/230186320,APELAGO,Sailing vessel,230186320
/vessels/details/230150920,ANNA,Pleasure craft,230150920
/vessels/details/230044880,WILMA,Sailing vessel,230044880
/vessels/details/230999410,THEIA,Pleasure craft,230999410
/vessels/details/230036650,TIARE,Sailing vessel,230036650
/vessels/details/230941470,SENTA,Pleasure craft,230941470
/vessels/details/230039170,BELEZA,Sailing vessel,230039170
/vessels/details/230071180,DOLPHIN DANCE II,Sailing vessel,230071180
/vessels/details/230093250,JASMIINA II,Pleasure craft,230093250
/vessels/details/230163650,CLOUD NINE,Pleasure craft,230163650
/vessels/details/230055780,SELMA,Sailing vessel,230055780
/vessels/details/230155180,TOPOLINOX,Sailing vessel,230155180
/vessels/details/230001370,EUFROSYNE,Sailing vessel,230001370
/vessels/details/230168290,ULRIKA,Sailing vessel,230168290
/vessels/details/230143960,BREZZA,Sailing vessel,230143960
/vessels/details/230079370,LARGO,Pleasure craft,230079370
/vessels/details/230084840,LA BARCA,Pleasure craft,230084840
/vessels/details/230014870,WATATAIT 2,Sailing vessel,230014870
/vessels/details/230059940,PASMAL,Pleasure craft,230059940
/vessels/details/230153290,BALTIC 37 SIGRID,Sailing vessel,230153290
/vessels/details/230138540,ARIEL,Pleasure craft,230138540
/vessels/details/230057740,OKEANIDES,Sailing vessel,230057740
/vessels/details/230056900,KT1,Sailing vessel,230056900
/vessels/details/230035870,LOTTA,Pleasure craft,230035870
/vessels/details/230152660,IRIS,Pleasure craft,230152660
/vessels/details/230180970,RASSKER MAGNUM,Pleasure craft,230180970
/vessels/details/230128860,LITTLE JIM,Sailing vessel,230128860
/vessels/details/230135990,JOSEFIINA,Sailing vessel,230135990
/vessels/details/230112570,SY TUULIA,Sailing vessel,230112570
/vessels/details/230148270,MAIJU,Sailing vessel,230148270
/vessels/details/230174540,SAR DIMITRI,Pleasure craft,230174540
/vessels/details/230025980,SY SNOVIT,Pleasure craft,230025980
/vessels/details/230097490,EUREKA,Sailing vessel,230097490
/vessels/details/230157680,PIERRETTA,Pleasure craft,230157680
/vessels/details/230133290,SCIROCCO,Sailing vessel,230133290
/vessels/details/230029510,PUFFIN,Sailing vessel,230029510
/vessels/details/230170550,CANTIK,Sailing vessel,230170550
/vessels/details/230099270,BIRGITTA,Sailing vessel,230099270
/vessels/details/230074700,NAUTI N NOLLA,Sailing vessel,230074700
/vessels/details/230170510,RIB N ROLL,Pleasure craft,230170510
/vessels/details/230029380,SAALIS 1,Pleasure craft,230029380
/vessels/details/230180630,WASABI,Pleasure craft,230180630
/vessels/details/230052690,WANDERING STAR,Sailing vessel,230052690
/vessels/details/230189220,POMMARI,Pleasure craft,230189220
/vessels/details/230173920,PROMPT,Pleasure craft,230173920
/vessels/details/230179320,MS KATI,Pleasure craft,230179320
/vessels/details/230049340,SOLINA,Pleasure craft,230049340
/vessels/details/230176370,BACARDA 3,Pleasure craft,230176370
/vessels/details/230157390,AURORA III,Pleasure craft,230157390
/vessels/details/230084160,SISSI,Pleasure craft,230084160
/vessels/details/230092310,SUNDANCE,Pleasure craft,230092310
/vessels/details/230094010,GOUDVINK,Sailing vessel,230094010
/vessels/details/230191330,VICTORIA,Sailing vessel,230191330
/vessels/details/230128710,SY MELODY,Sailing vessel,230128710
/vessels/details/230155380,HALKOVA,Pleasure craft,230155380
/vessels/details/230145290,INTREPID,Sailing vessel,230145290
/vessels/details/230012780,SIRIUSS,Pleasure craft,230012780
/vessels/details/230125740,MERITUULI,Sailing vessel,230125740
/vessels/details/230130750,ASTRID,Sailing vessel,230130750
/vessels/details/230176420,SY KATARIINA,Sailing vessel,230176420
/vessels/details/230008660,MERIPURAKK,Sailing vessel,230008660
/vessels/details/230024590,SOPHIA,Pleasure craft,230024590
/vessels/details/230186280,ALFONS,Pleasure craft,230186280
/vessels/details/230193840,MINOR,Pleasure craft,230193840
/vessels/details/230149270,ASIAK,Sailing vessel,230149270
/vessels/details/230989310,TUULETAR,Sailing vessel,230989310
/vessels/details/230171010,SELMA,Pleasure craft,230171010
/vessels/details/230088770,CARRY,Sailing vessel,230088770
/vessels/details/230056080,DELFINEN,Sailing vessel,230056080
/vessels/details/230150500,LAVIDA,Pleasure craft,230150500
/vessels/details/230097450,KILSTAR,Pleasure craft,230097450
/vessels/details/230143590,PACE,Sailing vessel,230143590
/vessels/details/230170270,JOANNA,Sailing vessel,230170270
/vessels/details/230048740,AINO 3,Sailing vessel,230048740
/vessels/details/230169020,ALMA,Pleasure craft,230169020
/vessels/details/230145100,VIOLENTE,Pleasure craft,230145100
/vessels/details/230004180,NELIDA,Sailing vessel,230004180
/vessels/details/230048660,VINDUNGEN,Sailing vessel,230048660
/vessels/details/230142060,X,Pleasure craft,230142060
/vessels/details/230187400,DESIREE,Sailing vessel,230187400
/vessels/details/230155260,AUGUSTA,Pleasure craft,230155260
/vessels/details/230182430,MINNI,Pleasure craft,230182430
/vessels/details/230036060,ALBICILLA,Pleasure craft,230036060
/vessels/details/230089410,MATILDA,Pleasure craft,230089410
/vessels/details/230043600,ISABELL,Sailing vessel,230043600
/vessels/details/230033670,LEYA,Pleasure craft,230033670
/vessels/details/230056470,OLIVIA,Sailing vessel,230056470
/vessels/details/230178260,MAJA,Sailing vessel,230178260
/vessels/details/230070796,KAWASAKY96,Pleasure craft,230070796
/vessels/details/230182510,LAURINA,Sailing vessel,230182510
/vessels/details/230163310,TARNAN,Pleasure craft,230163310
/vessels/details/230167390,ANTARES,Sailing vessel,230167390
/vessels/details/230034570,KIND OF MAGIC,Pleasure craft,230034570
/vessels/details/230162580,MERINORSU,Pleasure craft,230162580
/vessels/details/230981390,OONAMARIA,Sailing vessel,230981390
/vessels/details/230190790,SAIL BOHEMIAN,Sailing vessel,230190790
/vessels/details/230178310,CALVADOS,Pleasure craft,230178310
/vessels/details/230175770,MERELA III,Pleasure craft,230175770
/vessels/details/230171990,CLUCK,Pleasure craft,230171990
/vessels/details/230032660,ARWEN,Sailing vessel,230032660
/vessels/details/230169820,LIV,Pleasure craft,230169820
/vessels/details/230054500,ZIPISEA,Sailing vessel,230054500
/vessels/details/230154120,IRA,Pleasure craft,230154120
/vessels/details/230159500,AQUILA,Pleasure craft,230159500
/vessels/details/230161190,SELENE,Sailing vessel,230161190
/vessels/details/230136780,COSTEBELLE,Pleasure craft,230136780
/vessels/details/230113710,INGA-LILL,Sailing vessel,230113710
/vessels/details/230067190,SY LILIAN,Sailing vessel,230067190
/vessels/details/230026970,SERAFINA II,Sailing vessel,230026970
/vessels/details/230078310,VAGABOND,Pleasure craft,230078310
/vessels/details/230156140,CABANE III,Pleasure craft,230156140
/vessels/details/230157870,PERKALA 4,Pleasure craft,230157870
/vessels/details/230149290,ANNA KATARINA,Pleasure craft,230149290
/vessels/details/230999460,TOKKA-LOTTA,Sailing vessel,230999460
/vessels/details/230937160,SY MAUI,Sailing vessel,230937160
/vessels/details/230192970,ELENA,Pleasure craft,230192970
/vessels/details/230117850,TORDMULEN,Pleasure craft,230117850
/vessels/details/230167070,CARA-JO,Pleasure craft,230167070
/vessels/details/230175030,SOLEIL,Sailing vessel,230175030
/vessels/details/230170600,MISS BEHAVE,Sailing vessel,230170600
/vessels/details/230989960,SENJA,Sailing vessel,230989960
/vessels/details/230938680,SOMERI,Pleasure craft,230938680
/vessels/details/230013550,PIZZA,Pleasure craft,230013550
/vessels/details/230085160,CORANNE,Sailing vessel,230085160
/vessels/details/230161900,MIRJAMI,Pleasure craft,230161900
/vessels/details/230141470,TARA,Pleasure craft,230141470
/vessels/details/230176270,ALTAIR,Sailing vessel,230176270
/vessels/details/230131690,AMBROSINA,Sailing vessel,230131690
/vessels/details/230160560,HADDOCK,Pleasure craft,230160560
/vessels/details/230042770,ADELE,Pleasure craft,230042770
/vessels/details/230017940,HAPPY DAYS,Pleasure craft,230017940
/vessels/details/230020190,ALIISA,Pleasure craft,230020190
/vessels/details/230018370,ALEGRIA,Pleasure craft,230018370
/vessels/details/230171770,SY LATIFA,Sailing vessel,230171770
/vessels/details/230174330,SUUKKO II,Pleasure craft,230174330
/vessels/details/230151740,CHAPEAU,Pleasure craft,230151740
/vessels/details/230157890,AVIA,Sailing vessel,230157890
/vessels/details/230185930,URSULA II,Sailing vessel,230185930
/vessels/details/230017250,ELMADAM,Sailing vessel,230017250
/vessels/details/230141280,PEARL,Pleasure craft,230141280
/vessels/details/230092140,KIET,Pleasure craft,230092140
/vessels/details/230165440,ASTRID,Pleasure craft,230165440
/vessels/details/230158750,TT ANNIKA,Pleasure craft,230158750
/vessels/details/230980570,SY DYSSEL,Sailing vessel,230980570
/vessels/details/230152830,THYLACINE,Pleasure craft,230152830
/vessels/details/230181190,STOWAWAY PRINCESS,Pleasure craft,230181190
/vessels/details/230149480,PUSSYCAT,Pleasure craft,230149480
/vessels/details/230145970,BELLA MARE,Pleasure craft,230145970
/vessels/details/230188540,ESTELLA,Pleasure craft,230188540
/vessels/details/230165400,CONSTANTINA,Pleasure craft,230165400
/vessels/details/230172040,AINOMARIA,Sailing vessel,230172040
/vessels/details/230147170,MAYA,Pleasure craft,230147170
/vessels/details/230001870,SY NANNIKA,Sailing vessel,230001870
/vessels/details/230059380,MYSTERIE,Pleasure craft,230059380
/vessels/details/230087150,SY MUUSI II,Pleasure craft,230087150
/vessels/details/230075140,SY AAVA,Sailing vessel,230075140
/vessels/details/230076090,WALLU,Pleasure craft,230076090
/vessels/details/230107250,MERISUSI,Pleasure craft,230107250
/vessels/details/230129450,EXIMUS,Sailing vessel,230129450
/vessels/details/230034780,FELICITE,Sailing vessel,230034780
/vessels/details/230166780,CINDY,Pleasure craft,230166780
/vessels/details/230158680,SAKURA,Sailing vessel,230158680
/vessels/details/230078940,GADDAN,Pleasure craft,230078940
/vessels/details/230030780,ODETTE,Sailing vessel,230030780
/vessels/details/230138780,ANYTIME,Pleasure craft,230138780
/vessels/details/230172770,DIVINA,Pleasure craft,230172770
/vessels/details/230173460,BLACK PEARL,Pleasure craft,230173460
/vessels/details/230189210,FAIR WINDS,Sailing vessel,230189210
/vessels/details/230055150,MARIBEL II,Pleasure craft,230055150
/vessels/details/230176170,NAKKIVENE,Pleasure craft,230176170
/vessels/details/230036960,MERIMUORI,Sailing vessel,230036960
/vessels/details/230072480,YAMMI,Sailing vessel,230072480
/vessels/details/230982810,LUNNI,Sailing vessel,230982810
/vessels/details/230134560,AURA,Sailing vessel,230134560
/vessels/details/230194980,ADALIA,Sailing vessel,230194980
/vessels/details/230031780,DONNA,Sailing vessel,230031780
/vessels/details/230083660,PEGASOS,Sailing vessel,230083660
/vessels/details/230021310,MY MARIN SWIFT 34,Pleasure craft,230021310
/vessels/details/230074770,MACY,Pleasure craft,230074770
/vessels/details/230096880,PHILIPPA,Pleasure craft,230096880
/vessels/details/230031170,ADA,Pleasure craft,230031170
/vessels/details/230991410,EPELI,Pleasure craft,230991410
/vessels/details/230159090,BAYONITA,Pleasure craft,230159090
/vessels/details/230153510,MISS BEHAVE SOLOSAIL,Pleasure craft,230153510
/vessels/details/230059890,BALLADY,Sailing vessel,230059890
/vessels/details/230148950,CELINE,Pleasure craft,230148950
/vessels/details/230176680,LAA LAA LAND,Sailing vessel,230176680
/vessels/details/230115940,FIFFANELLA,Pleasure craft,230115940
/vessels/details/230099180,SHEHERAZADE,Pleasure craft,230099180
/vessels/details/230004780,FIONA,Pleasure craft,230004780
/vessels/details/230121340,SY LYRA,Pleasure craft,230121340
/vessels/details/230012190,SY CARPE DIEM,Sailing vessel,230012190
/vessels/details/230159220,MERI III,Pleasure craft,230159220
/vessels/details/230171110,WELLBEING,Sailing vessel,230171110
/vessels/details/230150850,NELL,Sailing vessel,230150850
/vessels/details/230043450,ASTA,Pleasure craft,230043450
/vessels/details/230937960,TIME OUT,Sailing vessel,230937960
/vessels/details/230041650,ALEXANDRA,Pleasure craft,230041650
/vessels/details/230166750,LIZZY,Pleasure craft,230166750
/vessels/details/230183560,WENDA,Pleasure craft,230183560
/vessels/details/230188640,MOTORMUSEN 2,Pleasure craft,230188640
/vessels/details/230146880,FIRST LADY,Sailing vessel,230146880
/vessels/details/230083850,SY ALLI,Sailing vessel,230083850
/vessels/details/230165530,ADA II,Pleasure craft,230165530
/vessels/details/230065100,DAGMAR,Pleasure craft,230065100
/vessels/details/230132410,STORMRIDER,Pleasure craft,230132410
/vessels/details/230164760,MY MINNI,Pleasure craft,230164760
/vessels/details/230174890,WILHELMINA,Sailing vessel,230174890
/vessels/details/230191940,SEAS THE DAY,Pleasure craft,230191940
/vessels/details/230166760,SUSANNA,Pleasure craft,230166760
/vessels/details/230126940,EMMA ILMARINEN,Pleasure craft,230126940
/vessels/details/230943070,UNELMA,Sailing vessel,230943070
/vessels/details/230135500,STRAWBERRY,Pleasure craft,230135500
/vessels/details/230026100,CELINDA,Pleasure craft,230026100
/vessels/details/230986110,LUMIKKI,Pleasure craft,230986110
/vessels/details/230981340,TOGGLES,Sailing vessel,230981340
/vessels/details/230045810,PAUHA,Pleasure craft,230045810
/vessels/details/230183550,PRESTO,Sailing vessel,230183550
/vessels/details/230936690,MAGDA,Pleasure craft,230936690
/vessels/details/230113540,LOPT,Pleasure craft,230113540
/vessels/details/230141700,LULU,Pleasure craft,230141700
/vessels/details/230052910,SY BELLECOTE,Pleasure craft,230052910
/vessels/details/230151940,MISTRAL,Pleasure craft,230151940
/vessels/details/230159300,SAGA,Sailing vessel,230159300
/vessels/details/230192990,EUPHORIX,Sailing vessel,230192990
/vessels/details/230155610,BLUE DOLPHIN,Pleasure craft,230155610
/vessels/details/230149410,XANTUS,Pleasure craft,230149410
/vessels/details/230159650,TOSCA,Pleasure craft,230159650
/vessels/details/230150600,FAIKA,Pleasure craft,230150600
/vessels/details/230188220,AZZURRA,Sailing vessel,230188220
/vessels/details/230119140,THERAPY,Pleasure craft,230119140
/vessels/details/230031270,LIBRA,Pleasure craft,230031270
/vessels/details/230183650,AMORE,Sailing vessel,230183650
/vessels/details/230189740,CATCHUP,Sailing vessel,230189740
/vessels/details/230010310,BRANWYN,Sailing vessel,230010310
/vessels/details/230059550,STEPHANIE,Pleasure craft,230059550
/vessels/details/230184250,ZEST,Pleasure craft,230184250
/vessels/details/230129380,AIOLOS,Pleasure craft,230129380
/vessels/details/230167690,SY TEGU SHORTHANDED,Sailing vessel,230167690
/vessels/details/230188970,SISU,Sailing vessel,230188970
/vessels/details/230084600,DAWN STAR,Pleasure craft,230084600
/vessels/details/230057260,DUBLO,Pleasure craft,230057260
/vessels/details/230097210,CIRCE NJK,Pleasure craft,230097210
/vessels/details/230984580,TABASCO,Pleasure craft,230984580
/vessels/details/230154160,ALEXANDREA,Sailing vessel,230154160
/vessels/details/230181550,USHUAIA IV,Pleasure craft,230181550
/vessels/details/230023610,FRIDA,Pleasure craft,230023610
/vessels/details/230165810,BITTI,Pleasure craft,230165810
/vessels/details/230315555,23031-5 60,Pleasure craft,230315555
/vessels/details/230094570,EDEN,Pleasure craft,230094570
/vessels/details/230063170,OUTICA,Pleasure craft,230063170
/vessels/details/230029210,SAGA,Pleasure craft,230029210
/vessels/details/230015350,LINNEA,Pleasure craft,230015350
/vessels/details/230153830,CHARLOTTE,Sailing vessel,230153830
/vessels/details/230141660,SIMPLE VE,Sailing vessel,230141660
/vessels/details/230163070,EMILIA,Pleasure craft,230163070
/vessels/details/230171140,ECLIPSE,Sailing vessel,230171140
/vessels/details/230173120,DIANA,Sailing vessel,230173120
/vessels/details/230181440,MEGALODON,Pleasure craft,230181440
/vessels/details/230032400,SAGA,Sailing vessel,230032400
/vessels/details/230146010,NILLA II,Sailing vessel,230146010
/vessels/details/230166840,SCILLA,Sailing vessel,230166840
/vessels/details/230099170,MOONDANCE,Sailing vessel,230099170
/vessels/details/230940960,BEWERINA,Pleasure craft,230940960
/vessels/details/230056140,SUVITUULI,Sailing vessel,230056140
/vessels/details/230133660,XANADU,Pleasure craft,230133660
/vessels/details/230169010,KASITAR,Pleasure craft,230169010
/vessels/details/230081660,WILHELMINA,Pleasure craft,230081660
/vessels/details/230163560,GERALDINE,Sailing vessel,230163560
/vessels/details/230128500,NEREIDI,Pleasure craft,230128500
/vessels/details/230122640,LADY X,Sailing vessel,230122640
/vessels/details/230073100,ILONA,Pleasure craft,230073100
/vessels/details/230178940,LIINI,Pleasure craft,230178940
/vessels/details/230182580,KATE,Pleasure craft,230182580
/vessels/details/230043440,FARAMIR,Pleasure craft,230043440
/vessels/details/230038190,PIKKU MYY,Sailing vessel,230038190
/vessels/details/230187890,NOVALI,Pleasure craft,230187890
/vessels/details/230942080,JASMIINA,Sailing vessel,230942080
/vessels/details/230996850,ELEONORA,Pleasure craft,230996850
/vessels/details/230127290,PROSPECT OF WHITBY,Pleasure craft,230127290
/vessels/details/230096780,MERIMARSU,Pleasure craft,230096780
/vessels/details/230012480,LEIJA,Sailing vessel,230012480
/vessels/details/230180660,KOTI,Pleasure craft,230180660
/vessels/details/230053640,BIANCO,Pleasure craft,230053640
/vessels/details/230168050,JACUTSI,Sailing vessel,230168050
/vessels/details/230162140,DRAGON QUEEN,Sailing vessel,230162140
/vessels/details/230182640,AERIS II,Sailing vessel,230182640
/vessels/details/230041340,AMIDALA,Sailing vessel,230041340
/vessels/details/230145540,IZABELLA,Pleasure craft,230145540
/vessels/details/230071260,MY MINNALIISA II,Pleasure craft,230071260
/vessels/details/230122060,JEIDI,Pleasure craft,230122060
/vessels/details/230051440,XELINA,Pleasure craft,230051440
/vessels/details/230188660,LARGO,Pleasure craft,230188660
/vessels/details/230181930,VIVACE,Pleasure craft,230181930
/vessels/details/230147640,SAIMAAN SOINTU,Pleasure craft,230147640
/vessels/details/230005410,ROIKNESOL,Sailing vessel,230005410
/vessels/details/230164700,MAZIANNA,Pleasure craft,230164700
/vessels/details/230164610,NEREDIA,Pleasure craft,230164610
/vessels/details/230146750,AIRI,Sailing vessel,230146750
/vessels/details/230022510,ALICE,Pleasure craft,230022510
/vessels/details/230071040,BLISS,Pleasure craft,230071040
/vessels/details/230131360,ISABELLA,Pleasure craft,230131360
/vessels/details/230133640,OUR ESCAPE,Pleasure craft,230133640
/vessels/details/230942990,GRANDE DAME,Sailing vessel,230942990
/vessels/details/230147140,ARLEE,Sailing vessel,230147140
/vessels/details/230188900,SY BALTICMISTRESS,Sailing vessel,230188900
/vessels/details/230094060,MARIBEL III,Pleasure craft,230094060
/vessels/details/230037940,EDELWEISS,Pleasure craft,230037940
/vessels/details/230025590,PINTA,Sailing vessel,230025590
/vessels/details/230937950,SCHATZ III,Pleasure craft,230937950
/vessels/details/230147540,HATTIWATTI,Pleasure craft,230147540
/vessels/details/230146660,ILONA,Pleasure craft,230146660
/vessels/details/230182500,IRIS,Sailing vessel,230182500
/vessels/details/230151350,SCANNA,Pleasure craft,230151350
/vessels/details/230167030,BOHEMIA,Pleasure craft,230167030
/vessels/details/230183480,OKROM,Sailing vessel,230183480
/vessels/details/230129090,TENERE,Pleasure craft,230129090
/vessels/details/230169480,ZEN,Sailing vessel,230169480
/vessels/details/230001970,JOY III,Sailing vessel,230001970
/vessels/details/230082780,DHARMA,Sailing vessel,230082780
/vessels/details/230178810,LINNEA2,Sailing vessel,230178810
/vessels/details/230162650,ELDORADO,Pleasure craft,230162650
/vessels/details/230058450,ARANDA,Pleasure craft,230058450
/vessels/details/230123510,CARA MIA,Sailing vessel,230123510
/vessels/details/230066040,EAU SAUVAGE,Sailing vessel,230066040
/vessels/details/230079690,UNELMA 2,Sailing vessel,230079690
/vessels/details/230057480,RIITASOINTU,Pleasure craft,230057480
/vessels/details/230175860,ZEPHYR,Pleasure craft,230175860
/vessels/details/230140540,ZEIETEN,Pleasure craft,230140540
/vessels/details/230042910,MISS MONEYPENNY,Pleasure craft,230042910
/vessels/details/230190900,VIPSTAAK,Pleasure craft,230190900
/vessels/details/230034040,KATARIINA,Pleasure craft,230034040
/vessels/details/230191690,EUPHORIA2,Sailing vessel,230191690
/vessels/details/230166090,AVALON,Sailing vessel,230166090
/vessels/details/230033590,AMANDA MY,Pleasure craft,230033590
/vessels/details/230160090,OHA2079,Pleasure craft,230160090
/vessels/details/230997210,FINNISH WARSHIP 02,Military ops,230997210
/vessels/details/230024450,NATO WARSHIP 40,Military ops,230024450
/vessels/details/230018360,RESCUE KOTKA,SAR,230018360
/vessels/details/230046580,SVANTE G,SAR,230046580
/vessels/details/230157180,SAUKKO,SAR,230157180
/vessels/details/230939100,RESCUE RAUTAUOMA,SAR,230939100
/vessels/details/230303000,TURSAS,Law enforcment,230303000
/vessels/details/230014710,AXEL VON FERSEN,Military ops,230014710
/vessels/details/230157570,CORINNE RESCUE,SAR,230157570
/vessels/details/230168030,FNS U503,Military ops,230168030
/vessels/details/230051170,RESCUE EMMI,SAR,230051170
/vessels/details/230997240,FNS UUSIMAA 05,Military ops,230997240
/vessels/details/230994270,RESCUE JENNY WIHURI,SAR,230994270
/vessels/details/230039460,RESCUE RESMED,SAR,230039460
/vessels/details/230002000,FNS PORI 83,Military ops,230002000
/vessels/details/230014000,FNS VAHTERPAA 42,Military ops,230014000
/vessels/details/230304000,UISKO,Law enforcment,230304000
/vessels/details/230176660,RESCUE ANTTI,SAR,230176660
/vessels/details/230112160,SAR WILLIMIES,SAR,230112160
/vessels/details/230937480,RESCUE ABSO,SAR,230937480
/vessels/details/230997550,FNS PYHARANTA 92,Military ops,230997550
/vessels/details/230997560,FNS PORKKALA 91,Military ops,230997560
/vessels/details/230991040,FNS HAMINA 80,Military ops,230991040
/vessels/details/230992750,SVAERTAN,Anti-polution,230992750
/vessels/details/230053540,RIU 208,SAR,230053540
/vessels/details/230152510,RESCUE VARJAKKA,SAR,230152510
/vessels/details/230176650,RPP1083,SAR,230176650
/vessels/details/230143690,NV 24,Military ops,230143690
/vessels/details/230071580,LAHITAPIOLA,SAR,230071580
/vessels/details/230119910,RM-11,Anti-polution,230119910
/vessels/details/230157780,RV 96,Law enforcment,230157780
/vessels/details/230003800,RV 54,Law enforcment,230003800
/vessels/details/230150680,NV33,Military ops,230150680
/vessels/details/230091180,KY 8486,SAR,230091180
/vessels/details/230980710,PGM11,Anti-polution,230980710
/vessels/details/230997470,YAG VANO,Military ops,230997470
/vessels/details/230988340,FNS HANKO 82,Military ops,230988340
/vessels/details/230157730,RV91,Law enforcment,230157730
/vessels/details/230091170,KY 8286,SAR,230091170
/vessels/details/230995040,RESCUE LAHITAPIOLAVS,SAR,230995040
/vessels/details/230944070,VESTA,SAR,230944070
/vessels/details/230938700,KUIVASAARI,Military ops,230938700
/vessels/details/230176330,POPA 5,Law enforcment,230176330
/vessels/details/230188810,IA 16,Law enforcment,230188810
/vessels/details/230167300,NV 41,Military ops,230167300
/vessels/details/230017950,RIU 308,SAR,230017950
/vessels/details/230114960,RIU 1083,SAR,230114960
/vessels/details/230993440,BIRGITTA,SAR,230993440
/vessels/details/230980840,DIANA,SAR,230980840
/vessels/details/230998270,DRAKEN,SAR,230998270
/vessels/details/230146560,RESCUE PV318,SAR,230146560
/vessels/details/230068280,AV-262,Law enforcment,230068280
/vessels/details/230977590,ES 408 SP 5,SAR,230977590
/vessels/details/230174780,IA 09,Law enforcment,230174780
/vessels/details/230161140,RESCUE REPO,SAR,230161140
/vessels/details/230072790,RKY 8485,Anti-polution,230072790
/vessels/details/230980340,ELEONORA,SAR,230980340
/vessels/details/230005640,RESCUE STORMSKAER,SAR,230005640
/vessels/details/230010000,FNS PURUNPAA 41,Military ops,230010000
/vessels/details/230158900,NV40,Military ops,230158900
/vessels/details/230983340,RESCUE JANNE MALEN,SAR,230983340
/vessels/details/230034160,AV-224,Law enforcment,230034160
/vessels/details/230983270,RIU 108,SAR,230983270
/vessels/details/230991390,KATARIINA,SAR,230991390
/vessels/details/230157740,RV 92,Law enforcment,230157740
/vessels/details/230124540,RLU218,SAR,230124540
/vessels/details/230149310,RIU268,SAR,230149310
/vessels/details/230983760,ES438,SAR,230983760
/vessels/details/230999850,HM 11,Anti-polution,230999850
/vessels/details/230011850,RESCUE PIKKUMUSTA,SAR,230011850
/vessels/details/230194470,U-647,Military ops,230194470
/vessels/details/230988240,WARTSILA RESCUE,SAR,230988240
/vessels/details/230111580,NIPROMEC RESCUE,SAR,230111580
/vessels/details/230983310,SAR TORBAY,SAR,230983310
/vessels/details/230008100,WILHELM CARPELAN,Military ops,230008100
/vessels/details/230168010,FNS U501,Military ops,230168010
/vessels/details/230151760,FIRRP848,SAR,230151760
/vessels/details/230002100,RHE648,SAR,230002100
/vessels/details/230129100,IA 08,Law enforcment,230129100
/vessels/details/230005600,RESCUE LADY,SAR,230005600
/vessels/details/230158730,RPP 508,SAR,230158730
/vessels/details/230157200,KUUTTI,SAR,230157200
/vessels/details/230012240,RESCUE AKTIA PORVOO,SAR,230012240
/vessels/details/230167320,NV 43,Military ops,230167320
/vessels/details/230158880,NV38,Military ops,230158880
/vessels/details/230992570,SOTKA,SAR,230992570
/vessels/details/230169680,RESCUE THURE GALLEN,SAR,230169680
/vessels/details/230187650,FOGELI,Law enforcment,230187650
/vessels/details/230094190,LOUNAISTUULI,Anti-polution,230094190
/vessels/details/230036370,HM-752,Anti-polution,230036370
/vessels/details/230005150,FABIAN WREDE,Military ops,230005150
/vessels/details/230154510,PV248,SAR,230154510
/vessels/details/230149210,AUGUSTA,Resolution 18 ship,230149210
/vessels/details/230944080,ANITA,SAR,230944080
/vessels/details/230169670,HERMAN SAASTAMOINEN,SAR,230169670
/vessels/details/230039470,RESCUE FAGERHOLM,SAR,230039470
/vessels/details/230157750,RV 93,Law enforcment,230157750
/vessels/details/230987580,RESCUE VAINO,SAR,230987580
/vessels/details/230014650,RESCUE MATTS,SAR,230014650
/vessels/details/230158530,ETELA-SAVO 2482,Anti-polution,230158530
/vessels/details/230094900,IU 368,SAR,230094900
/vessels/details/230151370,ALMA,SAR,230151370
/vessels/details/230993590,RESCUE HAILIKARI,SAR,230993590
/vessels/details/230151750,FIRRP1083,SAR,230151750
/vessels/details/230940690,HM-61,SAR,230940690
/vessels/details/230998180,RESCUE TOPPILA,SAR,230998180
/vessels/details/230128680,RV90,Law enforcment,230128680
/vessels/details/230033170,ETELASAVO 458,SAR,230033170
/vessels/details/230157760,RV 94,Law enforcment,230157760
/vessels/details/230943870,SOFIA,SAR,230943870
/vessels/details/230157790,RV97,Law enforcment,230157790
/vessels/details/230004540,RIU348SVEN,SAR,230004540
/vessels/details/230059760,RESCUE EMMI,SAR,230059760
/vessels/details/230942290,ES4082 SP6,SAR,230942290
/vessels/details/230025560,RESCUE VEKARA,SAR,230025560
/vessels/details/230018110,ISM 11,Anti-polution,230018110
/vessels/details/230056260,RESCUE ALANDIA,SAR,230056260
/vessels/details/230044410,R KY 8483,SAR,230044410
/vessels/details/230941880,PS 108,SAR,230941880
/vessels/details/230150640,NV 29,Military ops,230150640
/vessels/details/230940680,HAAVI-3,Anti-polution,230940680
/vessels/details/230944060,RVS408,SAR,230944060
/vessels/details/230099160,KRICKAN,SAR,230099160
/vessels/details/230039090,RVS9882,SAR,230039090
/vessels/details/230994810,RESCUE DEGERBY,SAR,230994810
/vessels/details/230175280,FNS U509,Military ops,230175280
/vessels/details/230989990,KORPO,SAR,230989990
/vessels/details/230081390,NV-21,Law enforcment,230081390
/vessels/details/230157190,NORPPA,SAR,230157190
/vessels/details/230175570,RESCUE WEST,SAR,230175570
/vessels/details/230128940,RPP108,Anti-polution,230128940
/vessels/details/230049310,RESCUE ABBA,SAR,230049310
/vessels/details/230135410,PITKALUOTO,SAR,230135410
/vessels/details/230167310,NV42,Military ops,230167310
/vessels/details/230190060,IPA 1,Law enforcment,230190060
/vessels/details/230049290,RESCUE LAHITAPIOLA,SAR,230049290
/vessels/details/230997540,FNS PANSIO 90,Military ops,230997540
/vessels/details/230168020,FNS U502,Military ops,230168020
/vessels/details/230187880,FIRRP438 FALKEN,SAR,230187880
/vessels/details/230176350,POPA 7,Law enforcment,230176350
/vessels/details/230942480,KRISTINA,SAR,230942480
/vessels/details/230943860,EMMA,SAR,230943860
/vessels/details/230150660,NV31,Military ops,230150660
/vessels/details/230002660,POOKI,Resolution 18 ship,230002660
/vessels/details/230183810,IA14,Law enforcment,230183810
/vessels/details/230039440,RESCUE LASSI,SAR,230039440
/vessels/details/230175250,FNS U506,Military ops,230175250
/vessels/details/230183320,RESCUE PV327,SAR,230183320
/vessels/details/230004680,RLU318,SAR,230004680
/vessels/details/230059740,RESCUE AKTIA,SAR,230059740
/vessels/details/230085580,NORPPA 3,Anti-polution,230085580
/vessels/details/230061370,RPP1086,Anti-polution,230061370
/vessels/details/230176390,IA11,Law enforcment,230176390
/vessels/details/230057800,FURUNO,SAR,230057800
/vessels/details/230014190,RESCUE HARRY S,SAR,230014190
/vessels/details/230142650,NV 23,Military ops,230142650
/vessels/details/230983250,RESCUE AD MARE,SAR,230983250
/vessels/details/230161130,RESCUE REKA,SAR,230161130
/vessels/details/230191390,RESCUE PV328,SAR,230191390
/vessels/details/230999470,KUSTAA AADOLF,SAR,230999470
/vessels/details/230183200,RESCUE AISKO,SAR,230183200
/vessels/details/230094210,KAAKKOISTUULI,Anti-polution,230094210
/vessels/details/230944090,OTAVA II,SAR,230944090
/vessels/details/230065310,RPP 548,SAR,230065310
/vessels/details/230085410,IU 578,SAR,230085410
/vessels/details/230354000,FNS HALLI,Anti-polution,230354000
/vessels/details/230111690,OILI 1,Anti-polution,230111690
/vessels/details/230988190,PV KORPILAHTI,SAR,230988190
/vessels/details/230055040,MIINA,Anti-polution,230055040
/vessels/details/230061400,RESCUE BJOERKSKAER,SAR,230061400
/vessels/details/230039480,INTERPERSONA RESCUE,SAR,230039480
/vessels/details/230068410,PROHOC RESCUE,SAR,230068410
/vessels/details/230051160,RESCUE PV416,SAR,230051160
/vessels/details/230997340,FNS RAAHE 71,Military ops,230997340
/vessels/details/230943370,MARIA,Law enforcment,230943370
/vessels/details/230939540,FLAMMAN NA M11,SAR,230939540
/vessels/details/230137040,ANNE-MARIE,SAR,230137040
/vessels/details/230119270,U626,Military ops,230119270
/vessels/details/230009010,RESCUE SARGO,SAR,230009010
/vessels/details/230982190,VILLE3,Law enforcment,230982190
/vessels/details/230135400,PALOLUOTO,SAR,230135400
/vessels/details/230094240,KOILLISTUULI,Anti-polution,230094240
/vessels/details/230999750,EM 21,Anti-polution,230999750
/vessels/details/230188620,RIU308,SAR,230188620
/vessels/details/230116640,U608,Military ops,230116640
/vessels/details/230149950,HEINI,SAR,230149950
/vessels/details/230069670,LA 1184,Anti-polution,230069670
/vessels/details/8503503,STEEL,Pusher Tug,8503503
/vessels/details/8418174,RAUTARUUKKI,Pusher Tug,8418174
/vessels/details/9682435,VB AHTO,Tug,9682435
/vessels/details/9230244,UKKO,Tug,9230244
/vessels/details/9230256,AHTI,Tug,9230256
/vessels/details/9028122,VARMA,Tug,9028122
/vessels/details/5233547,METEOR,Tug,5233547
/vessels/details/9974864,AJAX,Tug,9974864
/vessels/details/9001693,FORTITUDE,Tug,9001693
/vessels/details/7363970,LEO,Tug,7363970
/vessels/details/7388669,HURTIG,Tug,7388669
/vessels/details/9008665,BJORN,Tug,9008665
/vessels/details/9287431,JUPITER,Tug,9287431
/vessels/details/7341166,HECTOR,Tug,7341166
/vessels/details/8006828,VIIKARI,Tug,8006828
/vessels/details/7618399,KRAFT,Tug,7618399
/vessels/details/7321659,VICTORIA,Tug,7321659
/vessels/details/7927934,ARTEMIS,Tug,7927934
/vessels/details/5400267,AJAX,Tug,5400267
/vessels/details/8669826,TYRSKY,Pusher Tug,8669826
/vessels/details/6411421,POLARIS,Tug,6411421
/vessels/details/6818863,ISO-PUKKI,Tug,6818863
/vessels/details/9394038,FELIX C,Tug,9394038
/vessels/details/8521464,LEONARDO,Tug,8521464
/vessels/details/5045665,BAMSE,Tug,5045665
/vessels/details/7612644,BOCK,Tug,7612644
/vessels/details/9304899,CALYPSO,Tug,9304899
/vessels/details/7800485,JACOB,Tug,7800485
/vessels/details/7800502,DELFI,Tug,7800502
/vessels/details/9280794,VB DRACO,Tug,9280794
/vessels/details/9261190,VB TAURUS,Tug,9261190
/vessels/details/9253686,VB AQUILA,Tug,9253686
/vessels/details/5085861,KARL ASTRID,Tug,5085861
/vessels/details/5164148,BJORN,Tug,5164148
/vessels/details/9315410,SATURN,Tug,9315410
/vessels/details/8634390,JERMAC,Pusher Tug,8634390
/vessels/details/7418335,HUGO,Tug,7418335
/vessels/details/6522684,ULLA,Tug,6522684
/vessels/details/8634522,MATARI,Tug,8634522
/vessels/details/5112779,FART,Tug,5112779
/vessels/details/7616793,CIROC,Tug,7616793
/vessels/details/7636327,KEMI 1,Tug,7636327
/vessels/details/5301265,TINTO,Tug,5301265
/vessels/details/6717033,HAMLET,Tug,6717033
/vessels/details/8624503,PARKKO,Tug,8624503
/vessels/details/8980660,GOLIATH,Tug,8980660
/vessels/details/230980010,SAMI,Tug,230980010
/vessels/details/230990460,JASON,Tug,230990460
/vessels/details/230074470,OLLI,Tug,230074470
/vessels/details/230062440,TARMO,Tug,230062440
/vessels/details/230993760,KUHA,Tug,230993760
/vessels/details/230928000,MINOS,Tug,230928000
/vessels/details/230170360,BROLTUS,Tug,230170360
/vessels/details/230980160,SUBSEA VI,Tug,230980160
/vessels/details/230109460,ULLA,Tug,230109460
/vessels/details/230987190,ROTEVA,Tug,230987190
/vessels/details/230052880,JULIUS,Tug,230052880
/vessels/details/230052040,ROJVIK,Tug,230052040
/vessels/details/230085360,OTTO,Tug,230085360
/vessels/details/230991670,AJO,Tug,230991670
/vessels/details/5371791,TYR,Tug,5371791
/vessels/details/7734765,MASA,Tug,7734765
/vessels/details/230991780,JOONAS,Tug,230991780
/vessels/details/7407568,VB CETUS,Tug,7407568
/vessels/details/230995640,SIMSON,Tug,230995640
/vessels/details/8959855,AURA 3,Tug,8959855
/vessels/details/230075580,VILMA,Tug,230075580
/vessels/details/5120740,LENNE,Tug,5120740
/vessels/details/9154892,VB ARIES,Tug,9154892
/vessels/details/230996450,TYR,Tug,230996450
/vessels/details/7422386,PORIN KARHU,Tug,7422386
/vessels/details/230981210,VILLE 1,Tug,230981210
/vessels/details/230011060,TEPPO,Tug,230011060
/vessels/details/5001839,BISON,Tug,5001839
/vessels/details/230007910,TUISKAVA,Tug,230007910
/vessels/details/5055098,HIRN,Tug,5055098
/vessels/details/230169030,RODNY,Tug,230169030
/vessels/details/6524682,KALKKE,Tug,6524682
/vessels/details/230993770,MASA,Tug,230993770
/vessels/details/230942270,CLIPPER,Tug,230942270
/vessels/details/7917965,NEPTUN,Tug,7917965
/vessels/details/230061800,TUGGE,Tug,230061800
/vessels/details/230984090,TINTO,Tug,230984090
/vessels/details/5364918,TOR,Tug,5364918
/vessels/details/6610651,SIMSON,Tug,6610651
/vessels/details/7927946,APOLLON,Tug,7927946
/vessels/details/7368580,VB ORION,Tug,7368580
/vessels/details/230980950,ELLU,Tug,230980950
/vessels/details/9129744,SPARK,Tug,9129744
/vessels/details/230163320,VILLE 2,Tug,230163320
/vessels/details/230980890,ARVINSILMA,Tug,230980890
/vessels/details/7039660,TUURA,Tug,7039660
/vessels/details/9426958,TRITON,Tug,9426958
/vessels/details/230133370,MURILLO,Tug,230133370
/vessels/details/7927958,ESKO,Tug,7927958
/vessels/details/230146100,PEPPI,Tug,230146100
/vessels/details/230988040,ALI,Tug,230988040
/vessels/details/8884725,JASON,Tug,8884725
/vessels/details/5044520,HERCULES,Tug,5044520
/vessels/details/230939500,LAURI,Tug,230939500
/vessels/details/230031950,AHVEN,Tug,230031950
/vessels/details/230110310,LINDA,Tug,230110310
/vessels/details/230044260,KALLE,Tug,230044260
/vessels/details/6801066,AMIRAALI,Tug,6801066
/vessels/details/230167080,HUGO,Tug,230167080
/vessels/details/7407544,JAASALO,Tug,7407544
/vessels/details/5330668,AJAX,Tug,5330668
/vessels/details/8634584,ORJAKU,Tug,8634584
/vessels/details/230052740,VILLE,Tug,230052740
/vessels/details/230985770,MARINA,Tug,230985770
/vessels/details/230983360,ARSKA,Tug,230983360
/vessels/details/230940770,SIPRIINA,Tug,230940770
/vessels/details/230063510,HERMANNI,Tug,230063510
/vessels/details/9043615,FENNICA,Icebreaker,9043615
/vessels/details/9056985,NORDICA,Icebreaker,9056985
/vessels/details/9734161,POLARIS,Icebreaker,9734161
/vessels/details/7359656,SISU,Icebreaker,7359656
/vessels/details/7347615,URHO,Icebreaker,7347615
/vessels/details/8405880,OTSO,Icebreaker,8405880
/vessels/details/8518120,KONTIO,Icebreaker,8518120
/vessels/details/9650377,TURVA,Patrol Vessel,9650377
/vessels/details/5383158,VOIMA,Icebreaker,5383158
/vessels/details/9500845,FNS LOUHI 999,Pollution Control Vessel,9500845
/vessels/details/8802076,ARANDA,Research Vessel,8802076
/vessels/details/4542642,POHJANMERI,Research Vessel,4542642
/vessels/details/4544080,MERIKARHU,Training Ship,4544080
/vessels/details/9808792,BOANN,Motor Hopper,9808792
/vessels/details/9808807,SINANN,Motor Hopper,9808807
/vessels/details/6131849,MERIKARHU,Patrol Vessel,6131849
/vessels/details/7817048,SEILI,Buoy/Lighthouse Vessel,7817048
/vessels/details/7817050,ARKTIS,Buoy/Lighthouse Vessel,7817050
/vessels/details/6131851,UISKO,Patrol Vessel,6131851
/vessels/details/8668183,TERRA 2,Motor Hopper,8668183
/vessels/details/8668171,TERRA 1,Motor Hopper,8668171
/vessels/details/8996956,HANS,Motor Hopper,8996956
/vessels/details/8634077,GEORGE,Motor Hopper,8634077
/vessels/details/7636341,TELEPAATTI,Cable Layer,7636341
/vessels/details/5422203,AALTO,Pollution Control Vessel,5422203
/vessels/details/8701014,DUNKER,Buoy/Lighthouse Vessel,8701014
/vessels/details/9147605,EIJA,Utility Vessel,9147605
/vessels/details/7382926,NOTUS,Research Vessel,7382926
/vessels/details/7935307,MUIKKU,Research Vessel,7935307
/vessels/details/8781117,KAIKU,Research Vessel,8781117
/vessels/details/230111080,MT1304,Other type,230111080
/vessels/details/230110890,L-126,Pilot,230110890
/vessels/details/230994480,M620,Dredging or UW ops,230994480
/vessels/details/230981770,PILOT L 226,Pilot,230981770
/vessels/details/230155020,SUBSEA TENDER,Other type,230155020
/vessels/details/230063110,OPTIMUS,Dredging or UW ops,230063110
/vessels/details/230125910,PILOT L-139,Pilot,230125910
/vessels/details/230939470,IGOR,Other type,230939470
/vessels/details/230941940,VARTIOLAIVA 55,WIG (HAZ-C),230941940
/vessels/details/230938490,KUOKKA PEKKA 2,Other type,230938490
/vessels/details/230994080,M640,Other type,230994080
/vessels/details/230033880,PILOT L238,Pilot,230033880
/vessels/details/230153880,L247,Pilot,230153880
/vessels/details/230099950,PILOT L244,Pilot,230099950
/vessels/details/230028680,BOULDER,Dredging or UW ops,230028680
/vessels/details/230940290,KAHMARI 2,Other type,230940290
/vessels/details/230138770,HARALD,Dredging or UW ops,230138770
/vessels/details/230941690,WIND SERVANT,Port tender,230941690
/vessels/details/230997510,OULU,Other type,230997510
/vessels/details/230072700,SUBSEA SURVEYOR,HSC,230072700
/vessels/details/230063350,ECKERO,Other type,230063350
/vessels/details/230999110,SUBSEA V,Dredging or UW ops,230999110
/vessels/details/230185590,NORDIC HERO,Dredging or UW ops,230185590
/vessels/details/230991010,ANYA,Other type,230991010
/vessels/details/230035440,PILOT L239,Pilot,230035440
/vessels/details/230091080,PILOT L153,Pilot,230091080
/vessels/details/230992510,KUPELI,Other type,230992510
/vessels/details/230157060,MADMAX,Towing vessel,230157060
/vessels/details/230155470,BOLLE VIII,Dredging or UW ops,230155470
/vessels/details/230028670,HECTOR,Dredging or UW ops,230028670
/vessels/details/230052840,NESTORI,Other type,230052840
/vessels/details/230156660,OUTA,Other type,230156660
/vessels/details/230139110,KORKKI,Dredging or UW ops,230139110
/vessels/details/230111860,PILOT L310,Pilot,230111860
/vessels/details/4542850,AXEL VON FERSEN,Training Ship,4542850
/vessels/details/230016801,168-1- 100,Other type,230016801
/vessels/details/230174380,JARVIKUOKKA,Dredging or UW ops,230174380
/vessels/details/230019740,K-411,Other type,230019740
/vessels/details/230985210,GEOMARI,Other type,230985210
/vessels/details/230111410,PILOT L117,Pilot,230111410
/vessels/details/230046140,VIGGEN,Other type,230046140
/vessels/details/230016802,168-2- 100,Other type,230016802
/vessels/details/230025470,MT1322,Other type,230025470
/vessels/details/230143140,SURVEY 6,Dredging or UW ops,230143140
/vessels/details/230017340,PILOT L145,Pilot,230017340
/vessels/details/230980970,DAVID,Dredging or UW ops,230980970
/vessels/details/230151590,L246,Pilot,230151590
/vessels/details/230152430,LACHAPELLE,Other type,230152430
/vessels/details/230938050,NEREID,Diving ops,230938050
/vessels/details/230074970,KIPPO,Dredging or UW ops,230074970
/vessels/details/8305822,OILI 3,Pollution Control Vessel,8305822
/vessels/details/230188770,KUOHU,Other type,230188770
/vessels/details/230086680,MT4422,Towing vessel,230086680
/vessels/details/230067507,00675-7- 57,Other type,230067507
/vessels/details/230111160,PILOT L311,Pilot,230111160
/vessels/details/230180500,PILOT L250,Pilot,230180500
/vessels/details/230078710,STEA,Diving ops,230078710
/vessels/details/230083390,XENUS,Other type,230083390
/vessels/details/230167530,LIAM,Port tender,230167530
/vessels/details/230012280,PILOT L231,Pilot,230012280
/vessels/details/230087400,WELLAMO,Diving ops,230087400
/vessels/details/230192000,MERIKOTKA,Other type,230192000
/vessels/details/230146690,HANS HELENIUS,Other type,230146690
/vessels/details/4544078,UISKO,Patrol Vessel,4544078
/vessels/details/230176020,WELADO 2,Other type,230176020
/vessels/details/230177340,NV55,Port tender,230177340
/vessels/details/230063050,WORKBOAT,Other type,230063050
/vessels/details/230992140,PANDION,Other type,230992140
/vessels/details/230182220,MT5306,Other type,230182220
/vessels/details/230941770,GUSTLAND,Dredging or UW ops,230941770
/vessels/details/230113580,SEMI,Dredging or UW ops,230113580
/vessels/details/230109170,PILOT L131,Pilot,230109170
/vessels/details/230113940,PILOT L133,Pilot,230113940
/vessels/details/230021990,PILOT L237,Pilot,230021990
/vessels/details/230136350,STOR-KLAS,Dredging or UW ops,230136350
/vessels/details/230030370,MAIJA,Diving ops,230030370
/vessels/details/230183280,NORDIC TITAN,Other type,230183280
/vessels/details/230159180,JEPPE,Other type,230159180
/vessels/details/230106860,IA-03,HSC,230106860
/vessels/details/230980670,PILOT L135,Pilot,230980670
/vessels/details/230143150,SURVEY 7,Dredging or UW ops,230143150
/vessels/details/230111190,PILOT L224,Pilot,230111190
/vessels/details/8833233,URANUS,Motor Hopper,8833233
/vessels/details/230166700,MANILA,Other type,230166700
/vessels/details/230180470,L249,Pilot,230180470
/vessels/details/230992260,MT2305,Other type (HAZ-C),230992260
/vessels/details/8515556,HALLI,Pollution Control Vessel,8515556
/vessels/details/230983050,SPARK,Dredging or UW ops,230983050
/vessels/details/230996510,PILOT L314,Pilot,230996510
/vessels/details/230016805,168-5- 100,Other type,230016805
/vessels/details/230941780,L 318,Pilot,230941780
/vessels/details/230941128,00128 HAIDIAO-2,Other type,230941128
/vessels/details/230176980,JAKUP,Dredging or UW ops,230176980
/vessels/details/230017360,PILOT L217,Pilot,230017360
/vessels/details/230025040,TUIKKU,Dredging or UW ops,230025040
/vessels/details/230060890,PILOT L150,Pilot,230060890
/vessels/details/230986740,PILOT L228,Pilot,230986740
/vessels/details/230938960,HALLI,Towing vessel,230938960
/vessels/details/8215479,OILI 2,Pollution Control Vessel,8215479
/vessels/details/230021000,U701,Other type,230021000
/vessels/details/230941980,ELEKTRA,Dredging or UW ops,230941980
/vessels/details/8215467,OILI 1,Pollution Control Vessel,8215467
/vessels/details/230139100,SGRE ATLAS,HSC,230139100
/vessels/details/230036770,PILOT L240,Pilot,230036770
/vessels/details/230295228,YU 95228 -23 100,Other type,230295228
/vessels/details/230111090,MT1305,Other type,230111090
/vessels/details/8006804,HYLJE,Pollution Control Vessel,8006804
/vessels/details/230168620,UISKO,Towing vessel,230168620
/vessels/details/230997150,PILOT L134,Pilot,230997150
/vessels/details/230045250,PILOT L148,Pilot,230045250
/vessels/details/230018240,PILOT L235,Pilot,230018240
/vessels/details/230151570,FISKELYCKAN,Other type,230151570
/vessels/details/230061380,HUMMERI,Diving ops,230061380
/vessels/details/230316000,KORONA,Diving ops,230316000
/vessels/details/230156840,FASTER,Other type,230156840
/vessels/details/230024490,KUOKKA-AKSELI 1,Other type,230024490
/vessels/details/230011590,PILOT L144,Pilot,230011590
/vessels/details/230994010,SADURIA,Dredging or UW ops,230994010
/vessels/details/230068810,PUSKU4,Diving ops,230068810
/vessels/details/8634613,PETRONELLA,Offshore Support Vessel,8634613
/vessels/details/230158140,TYRSKY 1,Local type,230158140
/vessels/details/4544028,SUURSAARI,Cable Layer,4544028
/vessels/details/230018670,PILOT L-146,Pilot,230018670
/vessels/details/230098760,VALVE 1,Port tender,230098760
/vessels/details/230795229,YU 95229-2 90,Other type,230795229
/vessels/details/230012710,PILOT L-232,Pilot,230012710
/vessels/details/230149540,JUSSI,Towing vessel,230149540
/vessels/details/230194210,MT5307,Other type,230194210
/vessels/details/230095500,NORTE,Dredging or UW ops,230095500
/vessels/details/230194290,JUKKA,Other type,230194290
/vessels/details/230940470,EMMA,Diving ops,230940470
/vessels/details/230025060,ROCKMATE,Dredging or UW ops,230025060
/vessels/details/7037648,SUUKKO II,Leisure Vessels,7037648
/vessels/details/230129310,SURVEY 5,Dredging or UW ops,230129310
/vessels/details/4544066,TURSAS,Patrol Vessel,4544066
/vessels/details/230939800,PV 75,Other type,230939800
/vessels/details/230081670,MT3116,Other type,230081670
/vessels/details/230139450,MONITOR 2,Dredging or UW ops,230139450
/vessels/details/230111350,PILOT L127,Pilot,230111350
/vessels/details/230156620,VIIMA,Dredging or UW ops,230156620
/vessels/details/230092050,STELLA POLARIS,Diving ops,230092050
/vessels/details/230111210,MT3320,Other type,230111210
/vessels/details/230036279,H8B9U,Other type,230036279
/vessels/details/230138610,PATU,Port tender,230138610
/vessels/details/230937650,NOKO,Dredging or UW ops,230937650
/vessels/details/230451656,SRIRUNG..1656,Other type,230451656
/vessels/details/230037970,AGONUS,Diving ops,230037970
/vessels/details/230194850,ROOPE-BOTNIA,Other type,230194850
/vessels/details/4542836,FABIAN WREDE,Training Ship,4542836
/vessels/details/230987160,PILOT L229,Pilot,230987160
/vessels/details/7935292,AIRISTO,Research Vessel,7935292
/vessels/details/230992280,MT2300,Other type,230992280
/vessels/details/230939850,PV 78,Other type,230939850
/vessels/details/4772041,OPV2025,Patrol Vessel,4772041
/vessels/details/230140440,SEFYR,Other type,230140440
/vessels/details/230161450,L248,Pilot,230161450
/vessels/details/230083580,SURVEY 4,Dredging or UW ops,230083580
/vessels/details/230149640,KANUUNA,Diving ops,230149640
/vessels/details/230006760,PILOT L143,Pilot,230006760
/vessels/details/230121656,SRIRUNG.,Other type,230121656
/vessels/details/230167210,SURVEY 9,Dredging or UW ops,230167210
/vessels/details/230065802,YU 00658-2 7.6V,Other type,230065802
/vessels/details/230014910,MT1310,Other type,230014910
/vessels/details/230045240,PILOT L149,Pilot,230045240
/vessels/details/4542848,WILHELM CARPELAN,Training Ship,4542848
/vessels/details/230133760,RACHEL,Other type,230133760
/vessels/details/230111110,MT1306,Other type,230111110
/vessels/details/230028550,GRISSLAN,Diving ops,230028550
/vessels/details/230044270,PETE,Dredging or UW ops,230044270
/vessels/details/230183690,SALAMA,Other type,230183690
/vessels/details/230191070,FANNI,Dredging or UW ops,230191070
/vessels/details/230111656,SRIRUNG.,Other type,230111656
/vessels/details/230071090,TIRMO,Port tender,230071090
/vessels/details/230001102,00011-2- 1,Other type,230001102
/vessels/details/230020480,RETU,Other type,230020480
/vessels/details/230093090,PILOT L243,Pilot,230093090
/vessels/details/230017350,PILOTS L234,Pilot,230017350
/vessels/details/230091350,CAIUS,Dredging or UW ops,230091350
/vessels/details/8634065,FREDRIK,Hopper Dredger,8634065
/vessels/details/8640325,SIGYN,Leisure Vessels,8640325
/vessels/details/230125940,PILOT L140,Pilot,230125940
/vessels/details/230013790,PILOT L233,Pilot,230013790
/vessels/details/230038800,PILOT L241,Pilot,230038800
/vessels/details/230006110,PILOT L317,Pilot,230006110
/vessels/details/230936760,TARGA RESCUE,HSC,230936760
/vessels/details/230158300,SIRKKA-HELEENA,Towing vessel,230158300
/vessels/details/230070870,PILOT L151,Pilot,230070870
/vessels/details/5472349,MV AL ASAD,Other type,5472349
/vessels/details/230988890,PILOT L138,Pilot,230988890
/vessels/details/230111240,MT3319,Other type,230111240
/vessels/details/230113061,YU 306 -23 39,Other type,230113061
/vessels/details/230011390,LATE,Other type,230011390
/vessels/details/8410146,KUMMELI,Buoy/Lighthouse Vessel,8410146
/vessels/details/230005750,PILOT L-142,Pilot,230005750
/vessels/details/230940710,PAUKKU,Diving ops,230940710
/vessels/details/8864804,JUPITER,Motor Hopper,8864804
/vessels/details/230941960,ALKYONE,Diving ops,230941960
/vessels/details/230062770,KAARINA,Dredging or UW ops,230062770
/vessels/details/230168190,RUOPPAUSLAUTTA JEPPE,Dredging or UW ops,230168190
/vessels/details/230167440,BALDER,Dredging or UW ops,230167440
/vessels/details/230054640,MISTRAL,Dredging or UW ops,230054640
/vessels/details/230980960,ADAM,Other type,230980960
/vessels/details/230939760,PV 71,Other type,230939760
/vessels/details/230983460,PILOT L315,Pilot,230983460
/vessels/details/230111650,GAIA,Port tender,230111650
/vessels/details/230087590,PARTIOVENE,WIG,230087590
/vessels/details/230011270,PILOT L236,Pilot,230011270
/vessels/details/230622901,06229-1,Other type,230622901
/vessels/details/230139580,JUHO,Dredging or UW ops,230139580
/vessels/details/230939810,PV 76,Other type,230939810
/vessels/details/230022010,PILOT L147,Pilot,230022010
/vessels/details/230140350,HYDRA,Dredging or UW ops,230140350
/vessels/details/230171070,COMPASS 1,Dredging or UW ops,230171070
/vessels/details/230109470,PILOT L129,Pilot,230109470
/vessels/details/230138410,OBELIX,Diving ops,230138410
/vessels/details/230149260,RAINER,Port tender,230149260
/vessels/details/230147080,HAUKI,Diving ops,230147080
/vessels/details/230992370,MT2301,Other type,230992370
/vessels/details/230982010,PILOT L137,Pilot,230982010
/vessels/details/230174140,JEHU,Diving ops,230174140
/vessels/details/230176030,WELADO 1,Other type,230176030
/vessels/details/230038860,SIIRI,Pilot,230038860
/vessels/details/230070080,ANU,Other type,230070080
/vessels/details/230992270,RAILO,Other type,230992270
/vessels/details/230983370,ENNI,Other type,230983370
/vessels/details/230943810,PILOT L319,Pilot,230943810
/vessels/details/230115340,PILOT L136,Pilot,230115340
/vessels/details/230016803,168-3- 100,Other type,230016803
/vessels/details/230189490,L251,Pilot,230189490
/vessels/details/230138470,MUN VA LINTA,Other type,230138470
/vessels/details/230149160,PILOT L245,Pilot,230149160
/vessels/details/230081290,L152,Pilot,230081290
/vessels/details/230992210,PILOT L132,Pilot,230992210
/vessels/details/230136340,VESI,Dredging or UW ops,230136340
/vessels/details/230111560,AINO,Other type,230111560
/vessels/details/8634053,ERIK,Hopper Dredger,8634053
/vessels/details/230110880,PILOT L125,Pilot,230110880
/vessels/details/230678000,VOIMA,Other type,230678000
/vessels/details/230891656,SRIRUNG.1656,Other type,230891656
/vessels/details/230150050,SURVEY 8,Dredging or UW ops,230150050
/vessels/details/230003110,PILOT L141,Pilot,230003110
/vessels/details/230993660,HOPPE,Other type,230993660
/vessels/details/230022910,MT2307,Other type,230022910
/vessels/details/230813150,LUJIAOYU6163A-2-80M,Towing vessel (tow>200),230813150
/vessels/details/230111180,MT3325,Other type,230111180
/vessels/details/230008800,PILOT L230,Pilot,230008800
/vessels/details/8713732,LINJA,Pollution Control Vessel,8713732
/vessels/details/230155650,PUSKU 5,Dredging or UW ops,230155650
/vessels/details/6620541,HIEKKA,Dredger,6620541
/vessels/details/230981750,MT3327,Other type,230981750
/vessels/details/7635335,SCANBARGE,Non Propelled Barge,7635335
/vessels/details/230119260,U625,Unknown,230119260
/vessels/details/230188570,KEINU,Unknown,230188570
/vessels/details/230998670,ASTRID,Unknown,230998670
/vessels/details/230161360,ALMEJON -02,Unknown,230161360
/vessels/details/230981150,INGA-LILL,Unknown,230981150
/vessels/details/230169750,PRIDE OF VIKINGS IV,Unknown,230169750
/vessels/details/230128360,CALLIPYGE II,Unknown,230128360
/vessels/details/230178210,SEELIA,Unknown,230178210
/vessels/details/230167760,BELLVISTA,Unknown,230167760
/vessels/details/230169230,CARIAD,Unknown,230169230
/vessels/details/230939250,JENNY,Unknown,230939250
/vessels/details/230165260,KODA,Unknown,230165260
/vessels/details/230805508,03055-8-45,Unknown,230805508
/vessels/details/230182850,DESTINY II,Unknown,230182850
/vessels/details/230190529,ZHELINYU01905-29-73,Unknown,230190529
/vessels/details/230441206,09412-6-73,Unknown,230441206
/vessels/details/230918558,FUDING09185-58-92,Unknown,230918558
/vessels/details/230092916,ZHESANYU00929-16-,Unknown,230092916
/vessels/details/230982510,FUDING09825-10-84,Unknown,230982510
/vessels/details/230100170,00428-2-62,Unknown,230100170
/vessels/details/230183005,SUIYUBU0183-5 90,Unknown,230183005
/vessels/details/230000120,2300-20-99,Unknown,230000120
/vessels/details/230410614,4106-14-34,Unknown,230410614
/vessels/details/230888807,230 FA -7 90,Unknown,230888807
/vessels/details/230231804,02318-4 70,Unknown,230231804
/vessels/details/230968208,SUGANYU05682-8-99,Unknown,230968208
/vessels/details/230406001,04060-1-97,Unknown,230406001
/vessels/details/230997209,MINXIAYU09972-09-63,Unknown,230997209
/vessels/details/230802206,04022-06-92,Unknown,230802206
/vessels/details/230615624,05156-24-66,Unknown,230615624
/vessels/details/230488120,04881-20-57,Unknown,230488120
/vessels/details/230267817,05678-17-81,Unknown,230267817
/vessels/details/230386807,04868-7-44,Unknown,230386807
/vessels/details/230130156,01301-56-79,Unknown,230130156
/vessels/details/230871843,60718-43-47,Unknown,230871843
/vessels/details/230559701,05597-1-94,Unknown,230559701
/vessels/details/230967819,05678-19-95,Unknown,230967819
/vessels/details/230309132,69132-31-98,Unknown,230309132
/vessels/details/230370017,23037-17-70,Unknown,230370017
/vessels/details/230866104,TIE LONG 08661-4-12,Unknown,230866104
/vessels/details/230733316,05333-16-79,Unknown,230733316
/vessels/details/230302228,04022-28-81,Unknown,230302228
/vessels/details/230192390,VANESSA,Unknown,230192390
/vessels/details/230544802,5448-2 60,Unknown,230544802
/vessels/details/230063313,06338-13-70,Unknown,230063313
/vessels/details/230383939,04839-39-91,Unknown,230383939
/vessels/details/230733312,05333-12-58,Unknown,230733312
/vessels/details/230336845,03368-45-83,Unknown,230336845
/vessels/details/230722560,SHENGYU07225-60-75,Unknown,230722560
/vessels/details/230181819,01818-19-42,Unknown,230181819
/vessels/details/230736828,03368-28-46,Unknown,230736828
/vessels/details/230946804,04468-4-90,Unknown,230946804
/vessels/details/230663218,05632-18-93,Unknown,230663218
/vessels/details/230192150,LADY MARIA,Unknown,230192150
/vessels/details/230024829,YUEZHANYU00248-29-,Unknown,230024829
/vessels/details/230113387,11338-7-61,Unknown,230113387
/vessels/details/230486624,ZHEDAIYU04866-24-,Unknown,230486624
/vessels/details/230843935,SUGANYU04439-35-97,Unknown,230843935
/vessels/details/230178998,06789-98-40,Unknown,230178998
/vessels/details/230160003,01230-6-54,Unknown,230160003
/vessels/details/230183514,LIN01835-14-63,Unknown,230183514
/vessels/details/230982513,FUDING09825-13-80,Unknown,230982513
/vessels/details/230407911,04079-11-67,Unknown,230407911
/vessels/details/230390001,YUEXUYU23039-1-14,Unknown,230390001
/vessels/details/230968224,SUGANYU05682-24-98,Unknown,230968224
/vessels/details/230560903,05609-3-86,Unknown,230560903
/vessels/details/230763237,05632-37-84,Unknown,230763237
/vessels/details/230008504,085-476,Unknown,230008504
/vessels/details/230101232,0123-2-99,Unknown,230101232
/vessels/details/230401005,04010-588,Unknown,230401005
/vessels/details/230887605,YU 08876-5-94,Unknown,230887605
/vessels/details/230982613,FUDING09826-13-76,Unknown,230982613
/vessels/details/230866617,04666-17-24,Unknown,230866617
/vessels/details/230001705,LHY17-5-71,Unknown,230001705
/vessels/details/230450372,04503-72-55,Unknown,230450372
/vessels/details/230000028,ZDY03559-95-53,Unknown,230000028
/vessels/details/230216981,LIN21698-1-99,Unknown,230216981
/vessels/details/230968230,SUGANYU05682-30-99,Unknown,230968230
/vessels/details/230856694,05566-94-90,Unknown,230856694
/vessels/details/230672845,YU 06728-45-49,Unknown,230672845
/vessels/details/230652616,60526-16-66,Unknown,230652616
/vessels/details/230805527,02055-2793,Unknown,230805527
/vessels/details/230218279,ZHELINYU21827-9-57,Unknown,230218279
/vessels/details/230767839,05678-39-99,Unknown,230767839
/vessels/details/230981633,230998005 77,Unknown,230981633
/vessels/details/230908264,6082-64-48,Unknown,230908264
/vessels/details/230840805,04408-5-95,Unknown,230840805
/vessels/details/230511901,LIAOPANYU35119-1-31,Unknown,230511901
/vessels/details/230487935,04879-35-83,Unknown,230487935
/vessels/details/230350001,23035-1-75,Unknown,230350001
/vessels/details/230002761,0276-1-73,Unknown,230002761
/vessels/details/230487933,04879-33-39,Unknown,230487933
/vessels/details/230611814,MINDONGYU6118-14-99,Unknown,230611814
/vessels/details/230611613,ZHEPUYU6116-13-08,Unknown,230611613
/vessels/details/230488049,04880-49-66,Unknown,230488049
/vessels/details/230401606,04016-6-72,Unknown,230401606
/vessels/details/230716859,60168-56-92,Unknown,230716859
/vessels/details/230881740,04817-40-80,Unknown,230881740
/vessels/details/230407912,04079-12-52,Unknown,230407912
/vessels/details/230370028,23037-28-82,Unknown,230370028
/vessels/details/230741805,09419-508,Unknown,230741805
/vessels/details/230028820,00288-20-95,Unknown,230028820
/vessels/details/230968228,SUGANYU05682-28-94,Unknown,230968228
/vessels/details/230838815,04388-15-01,Unknown,230838815
/vessels/details/230808017,ZHELINGYU08080-17-,Unknown,230808017
/vessels/details/230583333,05833-33-91,Unknown,230583333
/vessels/details/230968233,SUGANYU05682-33-96,Unknown,230968233
/vessels/details/230866116,YU 08661-16-99,Unknown,230866116
/vessels/details/230400305,MINDONGYU4003-5-63,Unknown,230400305
/vessels/details/230886823,YU868-23-62,Unknown,230886823
/vessels/details/230441218,09412-18-40,Unknown,230441218
/vessels/details/230809811,00098-11-93,Unknown,230809811
/vessels/details/230936017,SUQIYU03601-07-93,Unknown,230936017
/vessels/details/230565105,05651-5-99,Unknown,230565105
/vessels/details/230809913,08099-13 30,Unknown,230809913
/vessels/details/230073127,YU 00731-27-85,Unknown,230073127
/vessels/details/230150005,23015-599,Unknown,230150005
/vessels/details/230968226,SUGANYU05682-26-69,Unknown,230968226
/vessels/details/230166702,MINXIAYU01667-2-69,Unknown,230166702
/vessels/details/230555005,555-05-74,Unknown,230555005
/vessels/details/230040605,04060-5-66,Unknown,230040605
/vessels/details/230200005,2000-5-39,Unknown,230200005
/vessels/details/230462803,04628-3-83,Unknown,230462803
/vessels/details/230700461,BM AGUSTIN DANIEL,Unknown,230700461
/vessels/details/230302018,PETIT LOIC 3-98,Unknown,230302018
/vessels/details/230565114,05651-14-99,Unknown,230565114
/vessels/details/230560902,05609-2-99,Unknown,230560902
/vessels/details/230736630,05366-30-96,Unknown,230736630
/vessels/details/230821302,04213-2-94,Unknown,230821302
/vessels/details/230851055,YU 08510-74 60,Unknown,230851055
/vessels/details/230663215,05632-15-84,Unknown,230663215
/vessels/details/230265114,01355-5,Unknown,230265114
/vessels/details/230314413,144-13-89,Unknown,230314413
/vessels/details/230027620,0276-20-84,Unknown,230027620
/vessels/details/230676614,06766-14-70,Unknown,230676614
/vessels/details/230899912,60999-12-75,Unknown,230899912
/vessels/details/230896604,SUGANYU04966-4-59,Unknown,230896604
/vessels/details/230117807,01178-107-64,Unknown,230117807
/vessels/details/230122910,7205 - 1099,Unknown,230122910
/vessels/details/230622736,04227-36-90,Unknown,230622736
/vessels/details/230328827,04288-27-78,Unknown,230328827
/vessels/details/230169220,LA FLANEUSE,Unknown,230169220
/vessels/details/230417706,15177-6-28,Unknown,230417706
/vessels/details/230866113,YU 08661-13-98,Unknown,230866113
/vessels/details/230880706,08807-06-99,Unknown,230880706
/vessels/details/230272827,03728-27-97,Unknown,230272827
/vessels/details/230131117,01311-17-97,Unknown,230131117
/vessels/details/230578735,05787-35-78,Unknown,230578735
/vessels/details/230967734,09677-34-36,Unknown,230967734
/vessels/details/230080028,WEN CHANG 23008-28,Unknown,230080028
/vessels/details/230272837,03728-37-78,Unknown,230272837
/vessels/details/230856683,05566-83-97,Unknown,230856683
/vessels/details/230278808,YU 02788-8-77,Unknown,230278808
/vessels/details/230272844,03728-44-71,Unknown,230272844
/vessels/details/230246314,04463-14-,Unknown,230246314
/vessels/details/230968238,SUGANYU05682-38-99,Unknown,230968238
/vessels/details/230403035,66030-35-94,Unknown,230403035
/vessels/details/230198805,BIAO 01988-5-74,Unknown,230198805
/vessels/details/230680014,23068-14-97,Unknown,230680014
/vessels/details/230287937,56528-17-28,Unknown,230287937
/vessels/details/230034414,0344-14-68,Unknown,230034414
/vessels/details/230441208,09412-8-78,Unknown,230441208
/vessels/details/230812614,0812614-35,Unknown,230812614
/vessels/details/230800103,08001-3-97,Unknown,230800103
/vessels/details/230843915,09439-1588,Unknown,230843915
/vessels/details/230853908,04539-871,Unknown,230853908
/vessels/details/230779608,05796-8-37,Unknown,230779608
/vessels/details/230862105,05621-5-94,Unknown,230862105
/vessels/details/230956652,04566-52-87,Unknown,230956652
/vessels/details/230253333,23025-3-86,Unknown,230253333
/vessels/details/230150023,23015-23-99,Unknown,230150023
/vessels/details/230725680,04256-80-82,Unknown,230725680
/vessels/details/230548921,0548921-79,Unknown,230548921
/vessels/details/230912903,60129-3-97,Unknown,230912903
/vessels/details/230437721,04377-21-77,Unknown,230437721
/vessels/details/230812608,0812608-96,Unknown,230812608
/vessels/details/230130832,01308-32-57,Unknown,230130832
/vessels/details/230900000,NHU Y LCHUON 7 42,Unknown,230900000
/vessels/details/230270003,23027-3-41,Unknown,230270003
/vessels/details/230598988,81598-20-91,Unknown,230598988
/vessels/details/230462811,04628-11-85,Unknown,230462811
/vessels/details/230747610,09476-10-73,Unknown,230747610
/vessels/details/230406343,04063-43-09,Unknown,230406343
/vessels/details/230388731,04887-31-86,Unknown,230388731
/vessels/details/230272850,03728-50-89,Unknown,230272850
/vessels/details/230270004,23027-4-33,Unknown,230270004
/vessels/details/230668834,05688-34-94,Unknown,230668834
/vessels/details/230217803,NET3-02178-83,Unknown,230217803
/vessels/details/230186815,JILUANYU01868-15-47,Unknown,230186815
/vessels/details/230000173,QIANTANG017-3-58,Unknown,230000173
/vessels/details/230302221,04022-2142,Unknown,230302221
/vessels/details/230408844,04088-44-79,Unknown,230408844
/vessels/details/230012812,BIAO 00128-12-99,Unknown,230012812
/vessels/details/230829906,04299-6-49,Unknown,230829906
/vessels/details/230803958,04039-58-45,Unknown,230803958
/vessels/details/230646322,04463-22-46,Unknown,230646322
/vessels/details/230740930,04409-30-02,Unknown,230740930
/vessels/details/230888811,230 FA -11 90,Unknown,230888811
/vessels/details/230822804,ZHEPUYU08228-4-76,Unknown,230822804
/vessels/details/230845853,04458-53-31,Unknown,230845853
/vessels/details/230302222,23030-2-82,Unknown,230302222
/vessels/details/230406542,04065-42-23,Unknown,230406542
/vessels/details/230005203,DONGKANGYU00052-3,Unknown,230005203
/vessels/details/230370012,23037-12-64,Unknown,230370012
/vessels/details/230007109,ZHESANYU00071-9-99,Unknown,230007109
/vessels/details/230600715,LIAO15007-15-92,Unknown,230600715
/vessels/details/230099925,999-25-95,Unknown,230099925
/vessels/details/230386811,04868-11-77,Unknown,230386811
/vessels/details/230258928,04589-28-36,Unknown,230258928
/vessels/details/230950712,09507-1277,Unknown,230950712
/vessels/details/230809907,08099-7-72,Unknown,230809907
/vessels/details/230667821,05678-21-93,Unknown,230667821
/vessels/details/230383935,04839-35-48,Unknown,230383935
/vessels/details/230700434,JOHAN JE 2 BOUEE 2,Unknown,230700434
/vessels/details/230342266,YUEMAOBIN 42266-2,Unknown,230342266
/vessels/details/230621803,NET3-ZHEDLNGYU06218,Unknown,230621803
/vessels/details/230131120,01311-20-88,Unknown,230131120
/vessels/details/230912901,60129-1-60,Unknown,230912901
/vessels/details/230005214,DONGKANGYU00052-14,Unknown,230005214
/vessels/details/230063317,06338-17-90,Unknown,230063317
/vessels/details/230482034,SUGANYU05820-34-02,Unknown,230482034
/vessels/details/230727612,SUGANYU04276-1299,Unknown,230727612
/vessels/details/230132612,01326-12-70,Unknown,230132612
/vessels/details/230773946,SUGANYU02739-4694,Unknown,230773946
/vessels/details/230391001,8910-1-45,Unknown,230391001
/vessels/details/230638123,SUGANYU05381-23-64,Unknown,230638123
/vessels/details/230496809,4968-9-66,Unknown,230496809
/vessels/details/230700451,BOUEE BAYOTA,Unknown,230700451
/vessels/details/230866106,TIE LONG 08661-6-00,Unknown,230866106
/vessels/details/230436946,66369-46-81,Unknown,230436946
/vessels/details/230773950,SUGANYU02739-5096,Unknown,230773950
/vessels/details/230828521,SUGANYU04285-21-68,Unknown,230828521
/vessels/details/230331518,YUELEIYU03315-18-,Unknown,230331518
/vessels/details/230905505,03055-05-69,Unknown,230905505
/vessels/details/230216928,ZHELINYU21698-23-60,Unknown,230216928
/vessels/details/230888946,04889-46-43,Unknown,230888946
/vessels/details/230947608,09476-8-02,Unknown,230947608
/vessels/details/230467101,804671-1-63,Unknown,230467101
/vessels/details/230131210,13102-10-93,Unknown,230131210
/vessels/details/230946821,04468-21-73,Unknown,230946821
/vessels/details/230389603,04896-3-80,Unknown,230389603
/vessels/details/230428542,04285-42-77,Unknown,230428542
/vessels/details/230487934,04879-34-58,Unknown,230487934
/vessels/details/230812618,0812618-97,Unknown,230812618
/vessels/details/230000003,JB-010-77,Unknown,230000003
/vessels/details/230029193,ZHESANYU02919-3-93,Unknown,230029193
/vessels/details/230747903,05479-03-40,Unknown,230747903
/vessels/details/230221621,02216-21-79,Unknown,230221621
/vessels/details/230272849,03728-49-68,Unknown,230272849
/vessels/details/230117805,01178-105-49,Unknown,230117805
/vessels/details/230391638,LUCHENGYU60916-38,Unknown,230391638
/vessels/details/230062051,ZDY06205-1-66,Unknown,230062051
/vessels/details/230947618,09476-18-60,Unknown,230947618
/vessels/details/230722561,SHENGYU07225-61-70,Unknown,230722561
/vessels/details/230538911,05389-11-75,Unknown,230538911
/vessels/details/230488043,04880-43-02,Unknown,230488043
/vessels/details/230129104,YUEZHANYU01291-4-30,Unknown,230129104
/vessels/details/230208888,23020-8-43,Unknown,230208888
/vessels/details/230996624,35966-24-69,Unknown,230996624
/vessels/details/230027618,0276-18-88,Unknown,230027618
/vessels/details/230695428,00815-02-99,Unknown,230695428
/vessels/details/230100082,11135-1-82,Unknown,230100082
/vessels/details/230663208,05632-8-90,Unknown,230663208
/vessels/details/230406347,04063-47-55,Unknown,230406347
/vessels/details/230873801,8738-174,Unknown,230873801
/vessels/details/230065815,YU 00658-15-00,Unknown,230065815
/vessels/details/230865813,03658-1367,Unknown,230865813
/vessels/details/230113388,11338-8-81,Unknown,230113388
/vessels/details/230216945,ZHELINYU21698-40-72,Unknown,230216945
/vessels/details/230733315,05333-15-55,Unknown,230733315
/vessels/details/230882126,LULANYU60682-12675,Unknown,230882126
/vessels/details/230216916,ZHELINYU21698-11-35,Unknown,230216916
/vessels/details/230066809,51668-9,Unknown,230066809
/vessels/details/230770981,JIAO77098-1-62,Unknown,230770981
/vessels/details/230495817,04958-17-99,Unknown,230495817
/vessels/details/230657911,04579-11-99,Unknown,230657911
/vessels/details/230183129,01831-29-35,Unknown,230183129
/vessels/details/230833345,04333-45-99,Unknown,230833345
/vessels/details/230933339,05333-39-32,Unknown,230933339
/vessels/details/230348984,03489-84-72,Unknown,230348984
/vessels/details/230982622,FUDING09826-22-75,Unknown,230982622
/vessels/details/230150026,23015-26-97,Unknown,230150026
/vessels/details/230734644,35346-44-78,Unknown,230734644
/vessels/details/230638823,04388-23-60,Unknown,230638823
/vessels/details/230700449,SAINT BRIAC 2,Unknown,230700449
/vessels/details/230885624,18856-24-64,Unknown,230885624
/vessels/details/230032907,0329-7-46,Unknown,230032907
/vessels/details/230763242,05632-42-99,Unknown,230763242
/vessels/details/230129105,YUEZHANYU01291-5-92,Unknown,230129105
/vessels/details/230805515,02055-1501,Unknown,230805515
/vessels/details/230982505,FUDING09825-5-81,Unknown,230982505
/vessels/details/230393933,58399-33-61,Unknown,230393933
/vessels/details/230005202,DONGKANGYU00052-2,Unknown,230005202
/vessels/details/230562923,05629-23-99,Unknown,230562923
/vessels/details/230577710,0577710-89,Unknown,230577710
/vessels/details/230867924,09679-24-33,Unknown,230867924
/vessels/details/230888005,888-05-93,Unknown,230888005
/vessels/details/230001701,LHY17-1-89,Unknown,230001701
/vessels/details/230515018,22288-2-33,Unknown,230515018
/vessels/details/230968232,SUGANYU05682-32-99,Unknown,230968232
/vessels/details/230286807,04868-9-10,Unknown,230286807
/vessels/details/230425651,04256-51-76,Unknown,230425651
/vessels/details/230888806,230 FA -6 90,Unknown,230888806
/vessels/details/230840811,09408-1101,Unknown,230840811
/vessels/details/230284901,LUJIAOYU60198-01-85,Unknown,230284901
/vessels/details/230996622,35966-22-86,Unknown,230996622
/vessels/details/230251111,23025-1-82,Unknown,230251111
/vessels/details/230615738,LULAOYU60157-38-78,Unknown,230615738
/vessels/details/230336842,03368-42-81,Unknown,230336842
/vessels/details/230948643,04486-43-95,Unknown,230948643
/vessels/details/230982512,FUDING09825-12-92,Unknown,230982512
/vessels/details/230441246,09412-46-94,Unknown,230441246
/vessels/details/230908163,04081-63-04,Unknown,230908163
/vessels/details/230740906,04409-06-62,Unknown,230740906
/vessels/details/230813007,12130-7-45,Unknown,230813007
/vessels/details/230667802,05678-2-87,Unknown,230667802
/vessels/details/230706702,04067-2-92,Unknown,230706702
/vessels/details/230718732,LULAOYU60187-32-89,Unknown,230718732
/vessels/details/230563938,05639-38-87,Unknown,230563938
/vessels/details/230018602,MINJINYU0018602-89,Unknown,230018602
/vessels/details/230555504,5555-4-95,Unknown,230555504
/vessels/details/230031102,00311-2-68,Unknown,230031102
/vessels/details/230912913,60129-13-60,Unknown,230912913
/vessels/details/230391655,LUCHENGYU60916-55,Unknown,230391655
/vessels/details/230856744,SUGANYU04567-44-90,Unknown,230856744
/vessels/details/230408004,04080-4-92,Unknown,230408004
/vessels/details/230033303,333-03-96,Unknown,230033303
/vessels/details/230816905,LUJIAOYU60169-5-69,Unknown,230816905
/vessels/details/230787604,DONGCHENAO78767-499,Unknown,230787604
/vessels/details/230183001,SUIYUBU0183-1 60,Unknown,230183001
/vessels/details/230316926,60169-26-42,Unknown,230316926
/vessels/details/230263804,02638-4-72,Unknown,230263804
/vessels/details/230073107,YU 00731-7-58,Unknown,230073107
/vessels/details/230027633,00276-33-53,Unknown,230027633
/vessels/details/230186820,JILUANYU01868-20-57,Unknown,230186820
/vessels/details/230950710,09507-10-87,Unknown,230950710
/vessels/details/230700178,IMULA0779CHW-N-15,Unknown,230700178
/vessels/details/230250003,QIONGLINYU23025-399,Unknown,230250003
/vessels/details/230809904,08099-4-99,Unknown,230809904
/vessels/details/230199803,YUWANG1998-3-77,Unknown,230199803
/vessels/details/230059913,SAN00599-13-71,Unknown,230059913
/vessels/details/230007115,ZHESANYU00071-15-,Unknown,230007115
/vessels/details/230843937,SUGANYU04439-37-99,Unknown,230843937
/vessels/details/230348851,03488-51-44,Unknown,230348851
/vessels/details/230807701,08077-100-98,Unknown,230807701
/vessels/details/230956653,04566-53-98,Unknown,230956653
/vessels/details/230270809,ZHECANGYU02708-9 90,Unknown,230270809
/vessels/details/230112101,YU 01121-1-96,Unknown,230112101
/vessels/details/230626818,YU 06268-18-95,Unknown,230626818
/vessels/details/230190528,ZHELINYU01905-28-54,Unknown,230190528
/vessels/details/230086101,MINQUANYU00861-0182,Unknown,230086101
/vessels/details/230123544,QWWOIU-4-45,Unknown,230123544
/vessels/details/230099927,999-27-99,Unknown,230099927
/vessels/details/230328829,04288-29-98,Unknown,230328829
/vessels/details/230967809,05678-9-96,Unknown,230967809
/vessels/details/230700433,JOHAN JE 2 BOUEE 1,Unknown,230700433
/vessels/details/230700446,JOHAN JE 2 BOUEE 24,Unknown,230700446
/vessels/details/230063384,06338-4-78,Unknown,230063384
/vessels/details/230027613,0276-13-79,Unknown,230027613
/vessels/details/230221623,02216-23-49,Unknown,230221623
/vessels/details/230011059,SUGANYU05989-57-60,Unknown,230011059
/vessels/details/230982501,FUDING09825-1-16,Unknown,230982501
/vessels/details/230001707,LHY17-7-70,Unknown,230001707
/vessels/details/230302229,04022-29-97,Unknown,230302229
/vessels/details/230805537,SUGUANYUNYU03055-37,Unknown,230805537
/vessels/details/230781620,69055-1-99,Unknown,230781620
/vessels/details/230599905,999-599,Unknown,230599905
/vessels/details/230393940,58399-40-97,Unknown,230393940
/vessels/details/230186810,JILUANYU01868-10-41,Unknown,230186810
/vessels/details/230200004,23020-4-93,Unknown,230200004
/vessels/details/230270804,ZHECANGYU02708-4 90,Unknown,230270804
/vessels/details/230556111,SHENG05561-11-84,Unknown,230556111
/vessels/details/230441201,09412-1-52,Unknown,230441201
/vessels/details/230986914,04869-14-54,Unknown,230986914
/vessels/details/230556118,SHENG05561-18-87,Unknown,230556118
/vessels/details/230800102,ZHELINGYU08001-2-,Unknown,230800102
/vessels/details/230856695,05566-95-93,Unknown,230856695
/vessels/details/230736824,03368-24-79,Unknown,230736824
/vessels/details/230829828,04298-28-67,Unknown,230829828
/vessels/details/230043508,BIAO 00435-8-95,Unknown,230043508
/vessels/details/230272816,03728-16-86,Unknown,230272816
/vessels/details/230006604,XINYONGSHENG66-4-61,Unknown,230006604
/vessels/details/230217805,NET5-ZHEDINGYU02178,Unknown,230217805
/vessels/details/230122917,7205 - 1799,Unknown,230122917
/vessels/details/230556109,SHENG05561-9-79,Unknown,230556109
/vessels/details/230332394,0323-94-41,Unknown,230332394
/vessels/details/230582811,BIAO 05828-11-99,Unknown,230582811
/vessels/details/230073116,YU 00731-16-51,Unknown,230073116
/vessels/details/230853617,04536-17-84,Unknown,230853617
/vessels/details/230131325,01313-25-92,Unknown,230131325
/vessels/details/230284902,LUJIAOYU60198-8-82,Unknown,230284902
/vessels/details/230370030,23037-30 90,Unknown,230370030
/vessels/details/230812927,NET08129-27-21,Unknown,230812927
/vessels/details/230262319,02623-19-04,Unknown,230262319
/vessels/details/230518604,05186-457,Unknown,230518604
/vessels/details/230856689,05566-89-98,Unknown,230856689
/vessels/details/230183110,01831-10-86,Unknown,230183110
/vessels/details/230228807,BIAO 02288-7-99,Unknown,230228807
/vessels/details/230190501,GUIYU01905-01-99,Unknown,230190501
/vessels/details/230588912,YU 08778-23 90,Unknown,230588912
/vessels/details/230045327,66888-06-64,Unknown,230045327
/vessels/details/230000025,B230-25-99,Unknown,230000025
/vessels/details/230981735,04817-35-48,Unknown,230981735
/vessels/details/230282813,LIN02828-13-74,Unknown,230282813
/vessels/details/230722563,SHENGYU07225-63-87,Unknown,230722563
/vessels/details/230456965,04569-6599,Unknown,230456965
/vessels/details/230441214,09412-14-92,Unknown,230441214
/vessels/details/230130801,ZHEDAIYU04378-6-99,Unknown,230130801
/vessels/details/230391636,LUCHENGYU60916-36,Unknown,230391636
/vessels/details/230730135,05301-35-67,Unknown,230730135
/vessels/details/230940560,KEILA,Unknown,230940560
/vessels/details/230967817,05678-17-99,Unknown,230967817
/vessels/details/230933354,05333-54-36,Unknown,230933354
/vessels/details/230767832,05678-32-85,Unknown,230767832
/vessels/details/230722564,SHENGYU07225-64-70,Unknown,230722564
/vessels/details/230723308,04233-8-28,Unknown,230723308
/vessels/details/230820601,04206-199,Unknown,230820601
/vessels/details/230125812,MIN01258-12-92,Unknown,230125812
/vessels/details/230843936,SUGANYU04439-36-98,Unknown,230843936
/vessels/details/230611607,ZHEPUYU6116-07-99,Unknown,230611607
/vessels/details/230740927,04409-27-87,Unknown,230740927
/vessels/details/230099920,999-20-91,Unknown,230099920
/vessels/details/230563937,05639-37-14,Unknown,230563937
/vessels/details/230646323,04463-23-79,Unknown,230646323
/vessels/details/230166716,MINXIAYU01667-16-,Unknown,230166716
/vessels/details/230949304,04493-4-93,Unknown,230949304
/vessels/details/230388103,YU 03881-3-75,Unknown,230388103
/vessels/details/230122913,7205 - 1399,Unknown,230122913
/vessels/details/230646331,04463-31-99,Unknown,230646331
/vessels/details/230949319,SUGANYU04493-19-92,Unknown,230949319
/vessels/details/230979650,MINXIANGYU09796-50-,Unknown,230979650
/vessels/details/230066540,AFTICA,Unknown,230066540
/vessels/details/230390002,YUEXUYU23039-2-45,Unknown,230390002
/vessels/details/230781621,MINLIANYU07816-21-,Unknown,230781621
/vessels/details/230850604,63506-4-69,Unknown,230850604
/vessels/details/230488730,04887-30-67,Unknown,230488730
/vessels/details/230440635,04406-35-69,Unknown,230440635
/vessels/details/230966741,LULANYU60667-41-52,Unknown,230966741
/vessels/details/230833339,04333-39-99,Unknown,230833339
/vessels/details/230370016,23037-16-78,Unknown,230370016
/vessels/details/230856704,SUGANYU04567-4-46,Unknown,230856704
/vessels/details/230190520,GUIYU01905-20-99,Unknown,230190520
/vessels/details/230061125,LHY611-25-68,Unknown,230061125
/vessels/details/230212895,YANGXIYU21289-5-85,Unknown,230212895
/vessels/details/230356311,04563-11-77,Unknown,230356311
/vessels/details/230902928,04029-28-27,Unknown,230902928
/vessels/details/230049012,00490-12-99,Unknown,230049012
/vessels/details/230024823,YUEZHANYU00248-23-,Unknown,230024823
/vessels/details/230100173,04066-09-58,Unknown,230100173
/vessels/details/230287804,04878-4-55,Unknown,230287804
/vessels/details/230407909,04079-9-96,Unknown,230407909
/vessels/details/230212615,ZHELINYU21268-15-63,Unknown,230212615
/vessels/details/230817814,178-14-99,Unknown,230817814
/vessels/details/230462601,04626-A1-38,Unknown,230462601
/vessels/details/230212619,ZHELINYU21268-19-75,Unknown,230212619
/vessels/details/230667824,05678-24-99,Unknown,230667824
/vessels/details/230998004,230998004 52,Unknown,230998004
/vessels/details/230300053,BOYA 1 MASCATO TRES,Unknown,230300053
/vessels/details/230391005,8910-5-93,Unknown,230391005
/vessels/details/230676617,06766-17-86,Unknown,230676617
/vessels/details/230370034,23037-34 72,Unknown,230370034
/vessels/details/230589641,YANGZHIQU SH - 1,Unknown,230589641
/vessels/details/230811553,15115-5379,Unknown,230811553
/vessels/details/230001708,LHY17-8-79,Unknown,230001708
/vessels/details/230003626,00362-6-05,Unknown,230003626
/vessels/details/230000172,QIANTANG017-2-78,Unknown,230000172
/vessels/details/230880707,08807-07-59,Unknown,230880707
/vessels/details/230958830,04588-30-55,Unknown,230958830
/vessels/details/230496801,4968-1-99,Unknown,230496801
/vessels/details/230767705,04677-576,Unknown,230767705
/vessels/details/230488048,04880-48-82,Unknown,230488048
/vessels/details/230180017,23018-17-82,Unknown,230180017
/vessels/details/230746615,04466-15-96,Unknown,230746615
/vessels/details/230061120,LHY611-20-60,Unknown,230061120
/vessels/details/230467105,804671-5-78,Unknown,230467105
/vessels/details/230098812,YU 00988-12-30,Unknown,230098812
/vessels/details/230828517,SUGANYU04285-17-82,Unknown,230828517
/vessels/details/230967811,05678-11-99,Unknown,230967811
/vessels/details/230600022,23060-22-99,Unknown,230600022
/vessels/details/230880330,08803-30-99,Unknown,230880330
/vessels/details/230000222,00002-22-94,Unknown,230000222
/vessels/details/230703631,SUGANYU04036-3174,Unknown,230703631
/vessels/details/230626801,YU 06268-1-88,Unknown,230626801
/vessels/details/230406214,04062-14-99,Unknown,230406214
/vessels/details/230767707,04677-768,Unknown,230767707
/vessels/details/230024610,EMMA,Unknown,230024610
/vessels/details/230700436,JOHAN JE 2 BOUEE 7,Unknown,230700436
/vessels/details/230556104,SHENG05561-4-59,Unknown,230556104
/vessels/details/230198807,BIAO 01988-7-83,Unknown,230198807
/vessels/details/230641937,MINLIANYU64199-37,Unknown,230641937
/vessels/details/230461886,DIANBAI46188-6-79,Unknown,230461886
/vessels/details/230073123,YU 00731-23-77,Unknown,230073123
/vessels/details/230011153,YU- 11153- 46-51,Unknown,230011153
/vessels/details/230183106,01831-06-65,Unknown,230183106
/vessels/details/230370018,23037-18-99,Unknown,230370018
/vessels/details/230528802,BIAO 05288-2 90,Unknown,230528802
/vessels/details/230407905,04079-5-90,Unknown,230407905
/vessels/details/230968215,SUGANYU05682-15-99,Unknown,230968215
/vessels/details/230902934,04029-34-32,Unknown,230902934
/vessels/details/230331507,YUELEIYU03315-7-82,Unknown,230331507
/vessels/details/230779609,05796-9-26,Unknown,230779609
/vessels/details/230600004,2306-4-99,Unknown,230600004
/vessels/details/230270801,ZHECANGYU02708-1 80,Unknown,230270801
/vessels/details/230462824,04628-24-68,Unknown,230462824
/vessels/details/230737908,05379-834,Unknown,230737908
/vessels/details/230272821,3934-15-72,Unknown,230272821
/vessels/details/230272840,03728-40-60,Unknown,230272840
/vessels/details/230218217,ZHELINYU21823-17-35,Unknown,230218217
/vessels/details/230518805,ZHECANGYU05188-5-99,Unknown,230518805
/vessels/details/230820610,04206-1092,Unknown,230820610
/vessels/details/230740910,04409-10-90,Unknown,230740910
/vessels/details/230284903,LUJIAOYU60198-11-84,Unknown,230284903
/vessels/details/230400304,MINDONGYU4003-4-64,Unknown,230400304
/vessels/details/230113383,11338-3-51,Unknown,230113383
/vessels/details/230813620,SUGANYU05136-20-45,Unknown,230813620
/vessels/details/230275555,23027-5-28,Unknown,230275555
/vessels/details/230700464,BM TORMENTA PERFECT,Unknown,230700464
/vessels/details/230933341,05333-41-57,Unknown,230933341
/vessels/details/230391652,LUCHENGYU60916-52,Unknown,230391652
/vessels/details/230027632,00276-32-65,Unknown,230027632
/vessels/details/230276666,23027-6-86,Unknown,230276666
/vessels/details/230514808,NET05148-8-72,Unknown,230514808
/vessels/details/230370027,23037-27-99,Unknown,230370027
/vessels/details/230462820,04628-20-78,Unknown,230462820
/vessels/details/230098808,YU 00988-8-80,Unknown,230098808
/vessels/details/230316666,23031-6-71,Unknown,230316666
/vessels/details/230851098,LIAOWAYU85109-8-96,Unknown,230851098
/vessels/details/230833343,04333-43-92,Unknown,230833343
/vessels/details/230680011,23068-11-99,Unknown,230680011
/vessels/details/230676612,06766-12-82,Unknown,230676612
/vessels/details/230000223,00002-23-79,Unknown,230000223
/vessels/details/230100208,0878-06-72,Unknown,230100208
/vessels/details/230626212,04262-12-92,Unknown,230626212
/vessels/details/230348781,03487-81-99,Unknown,230348781
/vessels/details/230945808,04458-8-34,Unknown,230945808
/vessels/details/230908806,JIBEIXINYUYANG-6-60,Unknown,230908806
/vessels/details/230436601,04366-0001-25,Unknown,230436601
/vessels/details/230518611,05186-11-78,Unknown,230518611
/vessels/details/230986879,MINYU09868-79-29,Unknown,230986879
/vessels/details/230378610,MIAOTING04786-10,Unknown,230378610
/vessels/details/230727627,SUGANYU04276-2799,Unknown,230727627
/vessels/details/230042200,04229-10-65,Unknown,230042200
/vessels/details/230495816,04958-16-84,Unknown,230495816
/vessels/details/230838908,04389-8-48,Unknown,230838908
/vessels/details/230125810,ZHESHENGYU07178-60-,Unknown,230125810
/vessels/details/230448505,04485-5-87,Unknown,230448505
/vessels/details/230190527,ZHELINYU01905-27-99,Unknown,230190527
/vessels/details/230558638,05586-38-99,Unknown,230558638
/vessels/details/230313901,SUQIYU03139-1-75,Unknown,230313901
/vessels/details/230281733,04817-33-69,Unknown,230281733
/vessels/details/230332393,35078-42-90,Unknown,230332393
/vessels/details/230448318,09483-18,Unknown,230448318
/vessels/details/230125804,MIN01258-4-62,Unknown,230125804
/vessels/details/230110588,11005-88-43,Unknown,230110588
/vessels/details/230802207,04022-07-72,Unknown,230802207
/vessels/details/230218225,ZHELINYU21823-25-91,Unknown,230218225
/vessels/details/230410605,4106-5-97,Unknown,230410605
/vessels/details/230085612,00856-12-27,Unknown,230085612
/vessels/details/230348779,03487-79-84,Unknown,230348779
/vessels/details/230998767,MINPUYU55567A22-99,Unknown,230998767
/vessels/details/230000175,QIANTANG017-5-82,Unknown,230000175
/vessels/details/230722565,SHENGYU07225-65-74,Unknown,230722565
/vessels/details/230896609,SUGANYU04966-9-87,Unknown,230896609
/vessels/details/230451609,04516-09-19,Unknown,230451609
/vessels/details/230940801,04408-1,Unknown,230940801
/vessels/details/230131111,01311-11-18,Unknown,230131111
/vessels/details/230488047,04880-47-37,Unknown,230488047
/vessels/details/230982522,FUDING09825-22-76,Unknown,230982522
/vessels/details/230241111,23024-61,Unknown,230241111
/vessels/details/230659745,04597-45-07,Unknown,230659745
/vessels/details/230867920,09679-20-50,Unknown,230867920
/vessels/details/230000218,00002-18-95,Unknown,230000218
/vessels/details/230370025,23037-25-99,Unknown,230370025
/vessels/details/230190513,GUIYU01905-13-87,Unknown,230190513
/vessels/details/230556117,SHENG05561-17-55,Unknown,230556117
/vessels/details/230350002,23035-2-90,Unknown,230350002
/vessels/details/230199903,01999-03-75,Unknown,230199903
/vessels/details/230462804,04628-4-49,Unknown,230462804
/vessels/details/230812617,0812617-90,Unknown,230812617
/vessels/details/230866115,YU 08661-15-71,Unknown,230866115
/vessels/details/230160101,FUWANG23016-1-99,Unknown,230160101
/vessels/details/230160008,16002-8-99,Unknown,230160008
/vessels/details/230902931,04029-31-32,Unknown,230902931
/vessels/details/230216950,ZHELINYU21698-45-42,Unknown,230216950
/vessels/details/230217804,NET4-ZHEDINGYU02178,Unknown,230217804
/vessels/details/230562005,SUQIYU02320-W57.9V,Unknown,230562005
/vessels/details/230410619,4106-19-64,Unknown,230410619
/vessels/details/230767827,05678-27-45,Unknown,230767827
/vessels/details/230149824,FUDINGYU1498-2468,Unknown,230149824
/vessels/details/230115614,01156-14-57,Unknown,230115614
/vessels/details/230377714,52777-14-87,Unknown,230377714
/vessels/details/230283812,04838-12-49,Unknown,230283812
/vessels/details/230428515,04285-15-73,Unknown,230428515
/vessels/details/230982614,FUDING09826-14-99,Unknown,230982614
/vessels/details/230565104,05651-4-39,Unknown,230565104
/vessels/details/230165801,3105 - 195,Unknown,230165801
/vessels/details/230734631,35346-31-37,Unknown,230734631
/vessels/details/230156917,7027 - 17-39,Unknown,230156917
/vessels/details/230638115,SUGANYU05381-15-80,Unknown,230638115
/vessels/details/230406350,04063-50-88,Unknown,230406350
/vessels/details/230558806,05588-6-76,Unknown,230558806
/vessels/details/230727617,SUGANYU04276-1776,Unknown,230727617
/vessels/details/230748118,SUGANYU04481-18-89,Unknown,230748118
/vessels/details/230166714,MINXIAYU01667-14-,Unknown,230166714
/vessels/details/230923602,04236-270,Unknown,230923602
/vessels/details/230256306,6193 - 674,Unknown,230256306
/vessels/details/230272833,03728-33-94,Unknown,230272833
/vessels/details/230186808,JILUANYU01868-8-29,Unknown,230186808
/vessels/details/230407908,04079-8-48,Unknown,230407908
/vessels/details/230921314,04213-14-93,Unknown,230921314
/vessels/details/230073120,YU 00731-20-67,Unknown,230073120
/vessels/details/230482031,SUGANYU05820-31-36,Unknown,230482031
/vessels/details/230348852,03488-52-90,Unknown,230348852
/vessels/details/230611620,ZHEPUYU6116-20-99,Unknown,230611620
/vessels/details/230667809,05678-9-98,Unknown,230667809
/vessels/details/230817703,08177-3-70,Unknown,230817703
/vessels/details/230112014,NET01120-14 50,Unknown,230112014
/vessels/details/230005216,DONGKANGYU00052-16,Unknown,230005216
/vessels/details/230195541,01955-41-98,Unknown,230195541
/vessels/details/230809902,08099-2-99,Unknown,230809902
/vessels/details/230518807,ZHECANGYU05188-7-99,Unknown,230518807
/vessels/details/230981873,230998001 8,Unknown,230981873
/vessels/details/230336844,03368-44-94,Unknown,230336844
/vessels/details/230767846,05678-46-91,Unknown,230767846
/vessels/details/230621804,NET4-ZHEDLNGYU06218,Unknown,230621804
/vessels/details/230676620,06766-20-87,Unknown,230676620
/vessels/details/230486629,ZHEDAIYU04866-29-,Unknown,230486629
/vessels/details/230005833,005833-3-78,Unknown,230005833
/vessels/details/230130815,01308-15-98,Unknown,230130815
/vessels/details/230007113,ZHESANYU00071-13-,Unknown,230007113
/vessels/details/230202222,23020-2-84,Unknown,230202222
/vessels/details/230428538,04285-38-99,Unknown,230428538
/vessels/details/230866102,YU 08661-2-78,Unknown,230866102
/vessels/details/230099924,999-24-79,Unknown,230099924
/vessels/details/230773945,SUGANYU02739-4599,Unknown,230773945
/vessels/details/230021951,ZLY21951-2384,Unknown,230021951
/vessels/details/230816608,04166-8-91,Unknown,230816608
/vessels/details/230748107,SUGANYU04481-7-96,Unknown,230748107
/vessels/details/230896628,08966-28-60,Unknown,230896628
/vessels/details/230406003,04060-3-95,Unknown,230406003
/vessels/details/230250001,QIONGLINYU23025-199,Unknown,230250001
/vessels/details/230402801,JIWENYU04028-1 90,Unknown,230402801
/vessels/details/230399801,3998-1-15,Unknown,230399801
/vessels/details/230600001,2306-1-26,Unknown,230600001
/vessels/details/230462801,04628-1-83,Unknown,230462801
/vessels/details/230663214,05632-14-94,Unknown,230663214
/vessels/details/230195539,01955-39-97,Unknown,230195539
/vessels/details/230779602,05796-2-72,Unknown,230779602
/vessels/details/230866105,TIE LONG 08661-5-60,Unknown,230866105
/vessels/details/230081801,00818-1-47,Unknown,230081801
/vessels/details/230281732,04817-32-73,Unknown,230281732
/vessels/details/230153828,YU 01538-28-76,Unknown,230153828
/vessels/details/230031103,00311-3-44,Unknown,230031103
/vessels/details/230131315,01313-15-90,Unknown,230131315
/vessels/details/230272848,03728-48-69,Unknown,230272848
/vessels/details/230733314,05333-14-51,Unknown,230733314
/vessels/details/230436503,ZHEDAIYU04679-48-86,Unknown,230436503
/vessels/details/230210028,ZHELINYU21002-8-45,Unknown,230210028
/vessels/details/230538704,ZHEXIANGYU05387-4,Unknown,230538704
/vessels/details/230467108,804671-8-53,Unknown,230467108
/vessels/details/230848623,04486-23-89,Unknown,230848623
/vessels/details/230393934,58399-34-89,Unknown,230393934
/vessels/details/230871808,60718-8-72,Unknown,230871808
/vessels/details/230250002,QIONGLINYU23025-299,Unknown,230250002
/vessels/details/230190522,ZHELINYU01905-22-77,Unknown,230190522
/vessels/details/230461393,46139-3-81,Unknown,230461393
/vessels/details/230035608,00356 868,Unknown,230035608
/vessels/details/230973951,02739-5175,Unknown,230973951
/vessels/details/230866120,YU 08661-20-99,Unknown,230866120
/vessels/details/230183128,01831-28-48,Unknown,230183128
/vessels/details/230408888,04088-88-99,Unknown,230408888
/vessels/details/230680021,23068-21 90,Unknown,230680021
/vessels/details/230272222,23027-2-64,Unknown,230272222
/vessels/details/230888803,230 FA -3 90,Unknown,230888803
/vessels/details/230393931,58399-31-44,Unknown,230393931
/vessels/details/230195540,01955-40-77,Unknown,230195540
/vessels/details/230252222,23025-2-75,Unknown,230252222
/vessels/details/230740904,04409-04-81,Unknown,230740904
/vessels/details/230491842,JICAOYU04918-42-93,Unknown,230491842
/vessels/details/230850238,YU-888-90,Unknown,230850238
/vessels/details/230968857,SUGANYU05688-57-92,Unknown,230968857
/vessels/details/230938912,04389-12-72,Unknown,230938912
/vessels/details/230641992,MINLIANYU64199-1-54,Unknown,230641992
/vessels/details/230463166,46316-6-31,Unknown,230463166
/vessels/details/230982518,FUDING09825-18-86,Unknown,230982518
/vessels/details/230393935,58399-35-52,Unknown,230393935
/vessels/details/230911614,05116-14-84,Unknown,230911614
/vessels/details/230058820,588-20-51,Unknown,230058820
/vessels/details/230889533,02895-33-81,Unknown,230889533
/vessels/details/230856749,SUGANYU04567-49-52,Unknown,230856749
/vessels/details/230399803,3998-3-34,Unknown,230399803
/vessels/details/230436602,04366-2-91,Unknown,230436602
/vessels/details/230012809,BIAO.00128-9-77,Unknown,230012809
/vessels/details/230856745,SUGANYU04567-45-52,Unknown,230856745
/vessels/details/230004566,0456-6-94,Unknown,230004566
/vessels/details/230098804,YU 00988-4-80,Unknown,230098804
/vessels/details/230006018,060-18-91,Unknown,230006018
/vessels/details/230917271,60172-7183,Unknown,230917271
/vessels/details/230370014,23037-14-99,Unknown,230370014
/vessels/details/230708904,04089-4-84,Unknown,230708904
/vessels/details/230943500,TRIMCON,Unknown,230943500
/vessels/details/230068905,00689-5-84,Unknown,230068905
/vessels/details/230699913,04999-13-99,Unknown,230699913
/vessels/details/230565111,05651-11-01,Unknown,230565111
/vessels/details/230865808,03658-894,Unknown,230865808
/vessels/details/230386812,04868-12-62,Unknown,230386812
/vessels/details/230933340,05333-40-88,Unknown,230933340
/vessels/details/230441202,09412-2-48,Unknown,230441202
/vessels/details/230700435,JOHAN JE 2 BOUEE 3,Unknown,230700435
/vessels/details/230785615,8856-15-79,Unknown,230785615
/vessels/details/230286840,04868-40-85,Unknown,230286840
/vessels/details/230150016,23015-16-99,Unknown,230150016
/vessels/details/230348726,03487-26-59,Unknown,230348726
/vessels/details/230968227,SUGANYU05682-27-98,Unknown,230968227
/vessels/details/230407914,04079-14-82,Unknown,230407914
/vessels/details/230256666,23025-6-67,Unknown,230256666
/vessels/details/230000213,00002-13-77,Unknown,230000213
/vessels/details/230495823,04398A-31-86,Unknown,230495823
/vessels/details/230380101,SUQIYU02380-1017.9V,Unknown,230380101
/vessels/details/230661801,YU 06618-1-89,Unknown,230661801
/vessels/details/230428311,04283-11-98,Unknown,230428311
/vessels/details/230812603,0812603-94,Unknown,230812603
/vessels/details/230722566,SHENGYU07225-66-67,Unknown,230722566
/vessels/details/230370022,23037-22-93,Unknown,230370022
/vessels/details/230073124,YU 00731-24-63,Unknown,230073124
/vessels/details/230417714,15177-14-37,Unknown,230417714
/vessels/details/230997016,LIN 09970-16-52,Unknown,230997016
/vessels/details/230277777,23027-7-61,Unknown,230277777
/vessels/details/230982524,FUDING09825-24-92,Unknown,230982524
/vessels/details/230370021,23037-21-99,Unknown,230370021
/vessels/details/230049010,00490-10-99,Unknown,230049010
/vessels/details/230245555,QIONGLINYU-65,Unknown,230245555
/vessels/details/230113391,11338-11-84,Unknown,230113391
/vessels/details/230117801,01178-101-51,Unknown,230117801
/vessels/details/230328904,ZHEPUYU03289-4-96,Unknown,230328904
/vessels/details/230616621,04166-2162,Unknown,230616621
/vessels/details/230563630,SUGANYU02636-30-99,Unknown,230563630
/vessels/details/230968240,SUGANYU05682-40-97,Unknown,230968240
/vessels/details/230734640,35346-40-73,Unknown,230734640
/vessels/details/230130816,01308-16-90,Unknown,230130816
/vessels/details/230296805,BIAO 02968-5-80,Unknown,230296805
/vessels/details/230871833,60718-33-61,Unknown,230871833
/vessels/details/230131321,01313-21-99,Unknown,230131321
/vessels/details/230219204,02192-4-69,Unknown,230219204
/vessels/details/230667842,05678-42-69,Unknown,230667842
/vessels/details/230125801,MIN01258-1-49,Unknown,230125801
/vessels/details/230706103,04061-357,Unknown,230706103
/vessels/details/230763760,05637-60-92,Unknown,230763760
/vessels/details/230600010,23060-10-99,Unknown,230600010
/vessels/details/230613568,61981-20-81,Unknown,230613568
/vessels/details/230110577,11005-77-49,Unknown,230110577
/vessels/details/230210011,ZHELINYU21002-11-99,Unknown,230210011
/vessels/details/230821606,04216-6-73,Unknown,230821606
/vessels/details/230027634,00276-34-46,Unknown,230027634
/vessels/details/230846813,04468-13-52,Unknown,230846813
/vessels/details/230822703,04227-3-72,Unknown,230822703
/vessels/details/230668801,05688-1-89,Unknown,230668801
/vessels/details/230606753,SUGUANYUNYU03067-53,Unknown,230606753
/vessels/details/230949318,SUGANYU04493-18-89,Unknown,230949318
/vessels/details/230315502,NET03155-277,Unknown,230315502
/vessels/details/230923616,04236-1672,Unknown,230923616
/vessels/details/230866117,YU 08661-17-86,Unknown,230866117
/vessels/details/230139801,01398-1-99,Unknown,230139801
/vessels/details/230109914,01099-14-99,Unknown,230109914
/vessels/details/230198810,BIAO 01988-10-60,Unknown,230198810
/vessels/details/230809914,08099-14-01,Unknown,230809914
/vessels/details/230848620,04486-20-71,Unknown,230848620
/vessels/details/230748208,04482-8-58,Unknown,230748208
/vessels/details/230462813,04628-13-61,Unknown,230462813
/vessels/details/230183149,01831-49-42,Unknown,230183149
/vessels/details/230848510,04485-10-38,Unknown,230848510
/vessels/details/230686829,868-29-69,Unknown,230686829
/vessels/details/230562003,SUQIYU02320-W38.0V,Unknown,230562003
/vessels/details/230785614,8856-14-83,Unknown,230785614
/vessels/details/230406124,04061-24 70,Unknown,230406124
/vessels/details/230767823,05678-23-91,Unknown,230767823
/vessels/details/230010730,LIN00107-30-88,Unknown,230010730
/vessels/details/230565103,05651-3-89,Unknown,230565103
/vessels/details/230284904,2849-4-90,Unknown,230284904
/vessels/details/230428540,04285-40-72,Unknown,230428540
/vessels/details/230410617,4106-17-80,Unknown,230410617
/vessels/details/230908162,04081-62-99,Unknown,230908162
/vessels/details/230851050,YU 08510-5085,Unknown,230851050
/vessels/details/230080020,WEN CHANG 23008-20,Unknown,230080020
/vessels/details/230198502,HAIYU019852-73,Unknown,230198502
/vessels/details/230862110,05621-10-53,Unknown,230862110
/vessels/details/230812607,0812607-98,Unknown,230812607
/vessels/details/230183131,01831-31-44,Unknown,230183131
/vessels/details/230166721,MINXIAYU01667-21-,Unknown,230166721
/vessels/details/230491830,JICAOYU04918-30-76,Unknown,230491830
/vessels/details/230370015,23037-15-99,Unknown,230370015
/vessels/details/230058821,588-21-59,Unknown,230058821
/vessels/details/230482032,SUGANYU05820-32-94,Unknown,230482032
/vessels/details/230085828,YU 00858-28-48,Unknown,230085828
/vessels/details/230680015,23068-15 67,Unknown,230680015
/vessels/details/230565101,05651-1-16,Unknown,230565101
/vessels/details/230494237,49423-7-87,Unknown,230494237
/vessels/details/230828515,SUGANYU04285-15-79,Unknown,230828515
/vessels/details/230967806,05678-6-70,Unknown,230967806
/vessels/details/230265123,02651-23 90,Unknown,230265123
/vessels/details/230131305,MINXIAYU01313-5-87,Unknown,230131305
/vessels/details/230807735,05077-35-79,Unknown,230807735
/vessels/details/230095920,00959-20 60,Unknown,230095920
/vessels/details/230370010,23037-10-99,Unknown,230370010
/vessels/details/230812612,0812612-99,Unknown,230812612
/vessels/details/230221604,02216-04-59,Unknown,230221604
/vessels/details/230583331,05833-31-89,Unknown,230583331
/vessels/details/230348780,03487-80-73,Unknown,230348780
/vessels/details/230701019,05010-19-62,Unknown,230701019
/vessels/details/230817813,178-13-59,Unknown,230817813
/vessels/details/230847509,09475-9-48,Unknown,230847509
/vessels/details/230701006,05010-6-90,Unknown,230701006
/vessels/details/230272832,03728-32-71,Unknown,230272832
/vessels/details/230100437,0878-07-39,Unknown,230100437
/vessels/details/230866118,YU 08661-18-99,Unknown,230866118
/vessels/details/230131318,01313-18-93,Unknown,230131318
/vessels/details/230332397,0323-97-73,Unknown,230332397
/vessels/details/230488003,SHJKMU-589,Unknown,230488003
/vessels/details/230195538,01955-38-89,Unknown,230195538
/vessels/details/230166718,MINXIAYU01667-18-,Unknown,230166718
/vessels/details/230130158,01301-58-76,Unknown,230130158
/vessels/details/230309999,23030-9-35,Unknown,230309999
/vessels/details/230183104,01831-04-46,Unknown,230183104
/vessels/details/230880006,23088 6 8V3,Unknown,230880006
/vessels/details/230099922,999-22-77,Unknown,230099922
/vessels/details/230888953,04889-53-99,Unknown,230888953
/vessels/details/230118650,RESCUE TEIPPARI,Unknown,230118650
/vessels/details/230028460,AQUILA,Unknown,230028460
/vessels/details/230982630,FUDING09826-30-99,Unknown,230982630
/vessels/details/230027615,0276-15-75,Unknown,230027615
/vessels/details/230002893,AB00289-3-99,Unknown,230002893
/vessels/details/230682171,6821117-1-70,Unknown,230682171
/vessels/details/230799801,00998-1-84,Unknown,230799801
/vessels/details/230131301,MINXIAYU01313-1-87,Unknown,230131301
/vessels/details/230219999,03198-7-96,Unknown,230219999
/vessels/details/230736830,03368-30-41,Unknown,230736830
/vessels/details/230034350,AV-226,Unknown,230034350
/vessels/details/230150015,23015-15,Unknown,230150015
/vessels/details/230073105,YU 00731-5-70,Unknown,230073105
/vessels/details/230186807,JILUANYU01868-7-09,Unknown,230186807
/vessels/details/230215083,21508-3-66,Unknown,230215083
/vessels/details/230638121,SUGANYU05381-21-73,Unknown,230638121
/vessels/details/230005201,DONGKANGYU00052-1,Unknown,230005201
/vessels/details/230086103,MINQUANYU00861-0381,Unknown,230086103
/vessels/details/230460604,04060-4-55,Unknown,230460604
/vessels/details/230828510,08285-10-23,Unknown,230828510
/vessels/details/230973957,02739-5736,Unknown,230973957
/vessels/details/230383827,04838-27-89,Unknown,230383827
/vessels/details/230166713,MINXIAYU01667-13-,Unknown,230166713
/vessels/details/230828848,04288-4893,Unknown,230828848
/vessels/details/230212613,ZHELINYU21268-13-53,Unknown,230212613
/vessels/details/230779629,05796-29-69,Unknown,230779629
/vessels/details/230968818,05688-18-67,Unknown,230968818
/vessels/details/230095907,00959-7-94,Unknown,230095907
/vessels/details/230865809,03658-959,Unknown,230865809
/vessels/details/230918556,FUDING09185-56-65,Unknown,230918556
/vessels/details/230968231,SUGANYU05682-31-97,Unknown,230968231
/vessels/details/230611511,ZHEPUYU6115-11-99,Unknown,230611511
/vessels/details/230733332,05333-32-66,Unknown,230733332
/vessels/details/230555003,555-03-69,Unknown,230555003
/vessels/details/230748125,SUGANYU04481-25-65,Unknown,230748125
/vessels/details/230100071,1198-04-76,Unknown,230100071
/vessels/details/230801910,SUGUANYUNYU03019-10,Unknown,230801910
/vessels/details/230853633,04536-33-84,Unknown,230853633
/vessels/details/230809912,08099-12-66,Unknown,230809912
/vessels/details/230813008,12130-8-02,Unknown,230813008
/vessels/details/230740942,04409-42-63,Unknown,230740942
/vessels/details/230064890,KIPPO,Unknown,230064890
/vessels/details/230740941,04409-41,Unknown,230740941
/vessels/details/230100912,1009-12-88,Unknown,230100912
/vessels/details/230488939,04889-39-88,Unknown,230488939
/vessels/details/230556119,SHENG05561-19-81,Unknown,230556119
/vessels/details/230621813,YU 06218-13-81,Unknown,230621813
/vessels/details/230967820,05678-20-89,Unknown,230967820
/vessels/details/230007108,ZHESANYU00071-8-89,Unknown,230007108
/vessels/details/230463168,46316-8-54,Unknown,230463168
/vessels/details/230909913,XIA09099-13-39,Unknown,230909913
/vessels/details/230496804,4968-4-90,Unknown,230496804
/vessels/details/230035955,LIAOSUIYU35955 60,Unknown,230035955
/vessels/details/230466604,666-499,Unknown,230466604
/vessels/details/230867926,09679-26-85,Unknown,230867926
/vessels/details/230190506,GUIYU01905-06-99,Unknown,230190506
/vessels/details/230166724,MINXIAYU01667-24-,Unknown,230166724
/vessels/details/230278852,YU 02788-52-50,Unknown,230278852
/vessels/details/230406217,04062-17-99,Unknown,230406217
/vessels/details/230231803,02318-03-99,Unknown,230231803
/vessels/details/230828513,SUGANYU04285-13-99,Unknown,230828513
/vessels/details/230740934,04409-34-80,Unknown,230740934
/vessels/details/230666303,6663-3-99,Unknown,230666303
/vessels/details/230676615,06766-15-76,Unknown,230676615
/vessels/details/230491394,49139-4-80,Unknown,230491394
/vessels/details/230565106,05651-6-92,Unknown,230565106
/vessels/details/230486628,ZHEDAIYU04866-28-,Unknown,230486628
/vessels/details/230828514,08285-14-85,Unknown,230828514
/vessels/details/230748101,SUGANYU04481-1-91,Unknown,230748101
/vessels/details/230908158,04081-58-53,Unknown,230908158
/vessels/details/230738873,ZHESHENG07388-73-,Unknown,230738873
/vessels/details/230973956,02739-5695,Unknown,230973956
/vessels/details/230829203,04292-03-76,Unknown,230829203
/vessels/details/230152006,01520-6-99,Unknown,230152006
/vessels/details/230007112,ZHESANYU00071-12-,Unknown,230007112
/vessels/details/230199915,01999-15-69,Unknown,230199915
/vessels/details/230748338,04483-38-57,Unknown,230748338
/vessels/details/230518808,ZHECANGYU05188-8-99,Unknown,230518808
/vessels/details/230821619,04216-19-74,Unknown,230821619
/vessels/details/230838802,ANDAOER8388-2-49,Unknown,230838802
/vessels/details/230740912,04409-12-75,Unknown,230740912
/vessels/details/230676623,06766-23-76,Unknown,230676623
/vessels/details/230968851,SUGANYU05688-51-92,Unknown,230968851
/vessels/details/230254444,23025-13,Unknown,230254444
/vessels/details/230336840,03368-40-91,Unknown,230336840
/vessels/details/230615940,05159-40-99,Unknown,230615940
/vessels/details/230850608,63506-8-66,Unknown,230850608
/vessels/details/230190516,ZHELINYU01905-401,Unknown,230190516
/vessels/details/230131323,01313-23-77,Unknown,230131323
/vessels/details/230680030,23068-3040,Unknown,230680030
/vessels/details/230736819,03368-19-57,Unknown,230736819
/vessels/details/230001706,LHY17-6-62,Unknown,230001706
/vessels/details/230705818,04058-1874,Unknown,230705818
/vessels/details/230733321,05333-21-65,Unknown,230733321
/vessels/details/230428819,FUDINGYU04288-19-23,Unknown,230428819
/vessels/details/230538703,ZHEXIANGYU05387-3,Unknown,230538703
/vessels/details/230218211,ZHELINYU21827-11-91,Unknown,230218211
/vessels/details/230166602,YU 01666-2,Unknown,230166602
/vessels/details/230562006,SUQIYU02320-W68.1V,Unknown,230562006
/vessels/details/230740931,04409-31-90,Unknown,230740931
/vessels/details/230886825,YU868-25-02,Unknown,230886825
/vessels/details/230899906,60999-6-74,Unknown,230899906
/vessels/details/230166720,MINXIAYU01667-20-,Unknown,230166720
/vessels/details/230991665,LUCHENGYU60916-65,Unknown,230991665
/vessels/details/230436614,04366-14-87,Unknown,230436614
/vessels/details/230073108,YU 00731-8-59,Unknown,230073108
/vessels/details/230611504,ZHEPUYU6115-04-25,Unknown,230611504
/vessels/details/230753613,04536-13-64,Unknown,230753613
/vessels/details/230336847,03368-47-85,Unknown,230336847
/vessels/details/230100319,09482-24-89,Unknown,230100319
/vessels/details/230166712,MINXIAYU01667-12-,Unknown,230166712
/vessels/details/230676611,06766-11-79,Unknown,230676611
/vessels/details/230358802,04588-2-86,Unknown,230358802
/vessels/details/230718706,LULAOYU60187-6-68,Unknown,230718706
/vessels/details/230956654,04566-54-83,Unknown,230956654
/vessels/details/230871818,60718-18-65,Unknown,230871818
/vessels/details/230348982,03489-82-99,Unknown,230348982
/vessels/details/230018609,MINJINYU0018609-86,Unknown,230018609
/vessels/details/230272842,03728-42-65,Unknown,230272842
/vessels/details/230997214,MINXIAYU09972-14-01,Unknown,230997214
/vessels/details/230856812,04568-12-99,Unknown,230856812
/vessels/details/230499930,04999-30-98,Unknown,230499930
/vessels/details/230006016,060-16-91,Unknown,230006016
/vessels/details/230611502,ZHEPUYU6115-02-89,Unknown,230611502
/vessels/details/230322366,366,Unknown,230322366
/vessels/details/230198809,BIAO 01988-9-93,Unknown,230198809
/vessels/details/230450374,04503-74-68,Unknown,230450374
/vessels/details/230199303,01993-3-54,Unknown,230199303
/vessels/details/230725684,04256-84-46,Unknown,230725684
/vessels/details/230183115,01831-15-68,Unknown,230183115
/vessels/details/230928812,04288-12-78,Unknown,230928812
/vessels/details/230667837,05678-37-94,Unknown,230667837
/vessels/details/230701322,SUGANYU04013-2271,Unknown,230701322
/vessels/details/230180018,23018-18-97,Unknown,230180018
/vessels/details/230967818,05678-18-86,Unknown,230967818
/vessels/details/230740908,SUGANYU02870-8,Unknown,230740908
/vessels/details/230231801,02318-01-92,Unknown,230231801
/vessels/details/230027616,0276-16-91,Unknown,230027616
/vessels/details/230367826,05678-26-87,Unknown,230367826
/vessels/details/230949339,SUGANYU04493-39-63,Unknown,230949339
/vessels/details/230488041,04880-41-45,Unknown,230488041
/vessels/details/230733307,05333-7-92,Unknown,230733307
/vessels/details/230948642,04486-42-82,Unknown,230948642
/vessels/details/230228808,BIAO 02288-8-81,Unknown,230228808
/vessels/details/230328902,ZHEPUYU03289-2-82,Unknown,230328902
/vessels/details/230186816,JILUANYU01868-16-49,Unknown,230186816
/vessels/details/230722716,04227-16-70,Unknown,230722716
/vessels/details/230740922,04409-22-50,Unknown,230740922
/vessels/details/230495829,04958-29-66,Unknown,230495829
/vessels/details/230767822,05678-22-81,Unknown,230767822
/vessels/details/230828530,08285-30-78,Unknown,230828530
/vessels/details/230808016,ZHELINGYU08080-16-,Unknown,230808016
/vessels/details/230190525,ZHELINYU01905-25-54,Unknown,230190525
/vessels/details/230896603,SUGANYU04966-3-32,Unknown,230896603
/vessels/details/230680019,23068-19 90,Unknown,230680019
/vessels/details/230800986,00098-6-78,Unknown,230800986
/vessels/details/230796902,82969-2-57,Unknown,230796902
/vessels/details/230853632,04536-32-38,Unknown,230853632
/vessels/details/230272843,03728-43-73,Unknown,230272843
/vessels/details/230907665,04076-6599,Unknown,230907665
/vessels/details/230120851,12085-1-82,Unknown,230120851
/vessels/details/230040762,PINGHAI04076-2-12,Unknown,230040762
/vessels/details/230600005,MINPUYU23060-5-94,Unknown,230600005
/vessels/details/230462814,04628-14-81,Unknown,230462814
/vessels/details/230829561,02295-61-51,Unknown,230829561
/vessels/details/230009824,00982-4-70,Unknown,230009824
/vessels/details/230161361,JENS HOLM ANTENNITYO,Unknown,230161361
/vessels/details/230000505,00005-05-95,Unknown,230000505
/vessels/details/230186806,JILUANYU01868-6-35,Unknown,230186806
/vessels/details/230348782,03487-82-64,Unknown,230348782
/vessels/details/230220018,22001-8-20,Unknown,230220018
/vessels/details/230092907,ZHESANYU00929-7-53,Unknown,230092907
/vessels/details/230130818,01308-18-53,Unknown,230130818
/vessels/details/230001491,ZSY01491-2301,Unknown,230001491
/vessels/details/230467304,BIAO 04673-4-81,Unknown,230467304
/vessels/details/230933349,05333-49-70,Unknown,230933349
/vessels/details/230996620,35966-20-87,Unknown,230996620
/vessels/details/230126990,WATER WITCH,Unknown,230126990
/vessels/details/230840808,09408-871,Unknown,230840808
/vessels/details/230747612,09476-12-58,Unknown,230747612
/vessels/details/230740919,04409-19-25,Unknown,230740919
/vessels/details/230813617,SUGANYU05136-17-97,Unknown,230813617
/vessels/details/230186802,JILUANYU01868-2-39,Unknown,230186802
/vessels/details/230005218,DONGKANGYU00052-18,Unknown,230005218
/vessels/details/230833341,04333-41-43,Unknown,230833341
/vessels/details/230008513,085-1399,Unknown,230008513
/vessels/details/230410106,4101-6- 71,Unknown,230410106
/vessels/details/230807703,08077-102-99,Unknown,230807703
/vessels/details/230063960,DACCAPO DEUX,Unknown,230063960
/vessels/details/230828520,SUGANYU04285-20-39,Unknown,230828520
/vessels/details/230437726,04377-26-85,Unknown,230437726
/vessels/details/230002762,0276-2-71,Unknown,230002762
/vessels/details/230016806,168-6- 100,Unknown,230016806
/vessels/details/230083519,TIELONGBIAO00835-19-,Unknown,230083519
/vessels/details/230186801,JILUANYU01868-1-01,Unknown,230186801
/vessels/details/230451607,04516-07-93,Unknown,230451607
/vessels/details/230676616,06766-16-92,Unknown,230676616
/vessels/details/230467309,BIAO 04673-9-66,Unknown,230467309
/vessels/details/230436615,04366-15-51,Unknown,230436615
/vessels/details/230616858,60168-58-37,Unknown,230616858
/vessels/details/230356303,04563-03-19,Unknown,230356303
/vessels/details/230933344,05333-44-54,Unknown,230933344
/vessels/details/230805521,02055-2164,Unknown,230805521
/vessels/details/230700441,JOHAN JE 2 BOUEE 20,Unknown,230700441
/vessels/details/230513002,12130-2-37,Unknown,230513002
/vessels/details/230800105,08001-5-74,Unknown,230800105
/vessels/details/230218213,21827-13-64,Unknown,230218213
/vessels/details/230980512,98051-2-79,Unknown,230980512
/vessels/details/230251502,02515-2-99,Unknown,230251502
/vessels/details/230183120,01831-20-48,Unknown,230183120
/vessels/details/230110716,11077-16-84,Unknown,230110716
/vessels/details/230917282,60172-8282,Unknown,230917282
/vessels/details/230800240,04002-4099,Unknown,230800240
/vessels/details/230812620,0812620-95,Unknown,230812620
/vessels/details/230073128,YU 00731-28-79,Unknown,230073128
/vessels/details/230848621,04486-21-93,Unknown,230848621
/vessels/details/230332336,SHUNXING-36-36,Unknown,230332336
/vessels/details/230888954,04889-54-53,Unknown,230888954
/vessels/details/230000174,QIANTANG017-4-68,Unknown,230000174
/vessels/details/230736831,03368-31-56,Unknown,230736831
/vessels/details/230212803,BIAO 02128-3-96,Unknown,230212803
/vessels/details/230705815,04058-1569,Unknown,230705815
/vessels/details/230949336,SUGANYU04493-36-79,Unknown,230949336
/vessels/details/230909968,XIA09099-68-93,Unknown,230909968
/vessels/details/230504009,LIMIN 03828 61,Unknown,230504009
/vessels/details/230781604,MINLIANYU07816-4-,Unknown,230781604
/vessels/details/230000021,B230-21-99,Unknown,230000021
/vessels/details/230805525,02055-2570,Unknown,230805525
/vessels/details/230448640,04486-40-91,Unknown,230448640
/vessels/details/230112011,NET01120-11 10,Unknown,230112011
/vessels/details/230001703,LHY17-3-59,Unknown,230001703
/vessels/details/230667840,05678-40-99,Unknown,230667840
/vessels/details/230016804,168-4- 100,Unknown,230016804
/vessels/details/230365501,04506-0181,Unknown,230365501
/vessels/details/230736832,03368-32-73,Unknown,230736832
/vessels/details/230179250,ANNA,Unknown,230179250
/vessels/details/230220019,22001-9-82,Unknown,230220019
/vessels/details/230812602,0812602-96,Unknown,230812602
/vessels/details/230016203,GULEI0162-3-15,Unknown,230016203
/vessels/details/230666307,6663-7-99,Unknown,230666307
/vessels/details/230494239,49423-9-99,Unknown,230494239
/vessels/details/230009823,00982-3-65,Unknown,230009823
/vessels/details/230040601,04060-1-83,Unknown,230040601
/vessels/details/230316064,230316064,Unknown,230316064
/vessels/details/230968214,SUGANYU05682-14-91,Unknown,230968214
/vessels/details/230747902,05479-02-62,Unknown,230747902
/vessels/details/230445815,04458-1576,Unknown,230445815
/vessels/details/230886820,YU868-20-52,Unknown,230886820
/vessels/details/230865811,03658-1144,Unknown,230865811
/vessels/details/230767906,HONGRUI09679-6-41,Unknown,230767906
/vessels/details/230151016,23015-16,Unknown,230151016
/vessels/details/230866124,YU 08661-24-98,Unknown,230866124
/vessels/details/230796904,82969-4-66,Unknown,230796904
/vessels/details/230406228,04062-28-99,Unknown,230406228
/vessels/details/230828511,08285-11-61,Unknown,230828511
/vessels/details/230787602,DONGCHENAO78767-299,Unknown,230787602
/vessels/details/230467302,BIAO 04673-2-64,Unknown,230467302
/vessels/details/230027750,JOYRIDE,Unknown,230027750
/vessels/details/230131128,01311-28-81,Unknown,230131128
/vessels/details/230024821,YUEZHANYU00248-21-,Unknown,230024821
/vessels/details/230216929,ZHELINYU21698-24-90,Unknown,230216929
/vessels/details/230066886,08666-2-02,Unknown,230066886
/vessels/details/230206054,04060-54-87,Unknown,230206054
/vessels/details/230700468,BM TIBURON 2.0,Unknown,230700468
/vessels/details/230045621,0456-21-46,Unknown,230045621
/vessels/details/230918559,FUDING09185-59-72,Unknown,230918559
/vessels/details/230808019,ZHELINGYU08080-19-,Unknown,230808019
/vessels/details/230700287,IMULA0779CHW-N-16,Unknown,230700287
/vessels/details/230406125,04061-25 90,Unknown,230406125
/vessels/details/230131314,01313-14-78,Unknown,230131314
/vessels/details/230092920,ZHESANYU00929-20-01,Unknown,230092920
/vessels/details/230817839,60178-39-64,Unknown,230817839
/vessels/details/230443701,SUGANYU19437-1-95,Unknown,230443701
/vessels/details/230449317,04493-17-29,Unknown,230449317
/vessels/details/230212621,ZHELINYU21268-21-38,Unknown,230212621
/vessels/details/230428808,FUDINGYU04288-8-55,Unknown,230428808
/vessels/details/230130820,01308-20-67,Unknown,230130820
/vessels/details/230767306,7673-6-29,Unknown,230767306
/vessels/details/230496811,61968-11-62,Unknown,230496811
/vessels/details/230063383,06338-3-91,Unknown,230063383
/vessels/details/230033801,LIAOYINGYU00338-1,Unknown,230033801
/vessels/details/230059910,SAN00599-10-35,Unknown,230059910
/vessels/details/230829827,04298-27-82,Unknown,230829827
/vessels/details/230812606,0812606-94,Unknown,230812606
/vessels/details/230272823,03728-23-40,Unknown,230272823
/vessels/details/230908157,04081-57-77,Unknown,230908157
/vessels/details/230968854,SUGANYU05688-55-98,Unknown,230968854
/vessels/details/230222808,82161-3 90,Unknown,230222808
/vessels/details/230889510,08895-10-58,Unknown,230889510
/vessels/details/230330002,LUYU8733002-78,Unknown,230330002
/vessels/details/230008508,085-801,Unknown,230008508
/vessels/details/230049015,00490-15-96,Unknown,230049015
/vessels/details/230283832,04838-32-72,Unknown,230283832
/vessels/details/230212896,YANGXIYU21289-6-66,Unknown,230212896
/vessels/details/230198804,BIAO 01988-4-81,Unknown,230198804
/vessels/details/230733329,05333-29-94,Unknown,230733329
/vessels/details/230734619,35346-19-51,Unknown,230734619
/vessels/details/230098813,YU 00988-13-94,Unknown,230098813
/vessels/details/230228811,BIAO 02288-11-85,Unknown,230228811
/vessels/details/230902927,04029-27-10,Unknown,230902927
/vessels/details/230621808,NET8-06218-33,Unknown,230621808
/vessels/details/230183153,01831-53-97,Unknown,230183153
/vessels/details/230386814,04868-14-86,Unknown,230386814
/vessels/details/230866107,TIE LONG 08661-7-57,Unknown,230866107
/vessels/details/230287921,04879-21-77,Unknown,230287921
/vessels/details/230271001,0271-1 80,Unknown,230271001
/vessels/details/230111222,AIS NET MARK,Unknown,230111222
/vessels/details/230781601,MINLIANYU07816-1-,Unknown,230781601
/vessels/details/230623819,YU 06238-19-89,Unknown,230623819
/vessels/details/230740943,04409-43,Unknown,230740943
/vessels/details/230991669,LUCHENGYU60916-69,Unknown,230991669
/vessels/details/230867922,09679-22-90,Unknown,230867922
/vessels/details/230183122,01831-22-98,Unknown,230183122
/vessels/details/230770723,02707-2324,Unknown,230770723
/vessels/details/230350003,23035-3-76,Unknown,230350003
/vessels/details/230428549,04285-49-72,Unknown,230428549
/vessels/details/230888810,230 FA -10 90,Unknown,230888810
/vessels/details/230190503,GUIYU01905-03-93,Unknown,230190503
/vessels/details/230753620,04536-20-71,Unknown,230753620
/vessels/details/230763232,05632-32-94,Unknown,230763232
/vessels/details/230327709,64409-32-47,Unknown,230327709
/vessels/details/230003081,14191,Unknown,230003081
/vessels/details/230166705,MINXIAYU01667-5-99,Unknown,230166705
/vessels/details/230482033,SUGANYU05820-33-02,Unknown,230482033
/vessels/details/230319001,69359-01-99,Unknown,230319001
/vessels/details/230410613,4106-13-62,Unknown,230410613
/vessels/details/230809911,08099-11-64,Unknown,230809911
/vessels/details/230309601,LIAOYINGYU55096-1,Unknown,230309601
/vessels/details/230855354,48145 -3 90,Unknown,230855354
/vessels/details/230767833,05678-33-99,Unknown,230767833
/vessels/details/230781802,07818-2-37,Unknown,230781802
/vessels/details/230098805,YU 00988-5-,Unknown,230098805
/vessels/details/230802901,04663-27-28,Unknown,230802901
/vessels/details/230112010,NET01120-10 30,Unknown,230112010
/vessels/details/230259719,04597-19-52,Unknown,230259719
/vessels/details/230456603,05566-3-49,Unknown,230456603
/vessels/details/230701009,05010-9-81,Unknown,230701009
/vessels/details/230982516,FUDING09825-16-97,Unknown,230982516
/vessels/details/230886824,YU868-24-81,Unknown,230886824
/vessels/details/230700440,JOHAN JE 2 BOUEE 14,Unknown,230700440
/vessels/details/230499929,04999-29-97,Unknown,230499929
/vessels/details/230812604,0812604-97,Unknown,230812604
/vessels/details/230763210,05632-10-95,Unknown,230763210
/vessels/details/230327706,64409-13-85,Unknown,230327706
/vessels/details/230760010,23076-10-10,Unknown,230760010
/vessels/details/230416615,04166-15-65,Unknown,230416615
/vessels/details/230967737,09677-37-68,Unknown,230967737
/vessels/details/230098815,YU 00988-15 80,Unknown,230098815
/vessels/details/230332337,SHUNXING-37-86,Unknown,230332337
/vessels/details/230102819,01028-19-68,Unknown,230102819
/vessels/details/230408755,04087-55-50,Unknown,230408755
/vessels/details/230108280,OTTO MALM,Unknown,230108280
/vessels/details/230733333,05333-33-45,Unknown,230733333
/vessels/details/230255555,23025-61,Unknown,230255555
/vessels/details/230849307,04493-7-96,Unknown,230849307
/vessels/details/230272830,03728-30-88,Unknown,230272830
/vessels/details/230987631,09876-31-99,Unknown,230987631
/vessels/details/230611806,YU 06118-6-83,Unknown,230611806
/vessels/details/230331512,YUELEIYU03315-12-,Unknown,230331512
/vessels/details/230867928,09679-28-89,Unknown,230867928
/vessels/details/230562004,SUQIYU02320-W48.1V,Unknown,230562004
/vessels/details/230598404,5984-493,Unknown,230598404
/vessels/details/230646330,04463-30-99,Unknown,230646330
/vessels/details/230682173,6821117-3-57,Unknown,230682173
/vessels/details/230486625,ZHEDAIYU04866-25-,Unknown,230486625
/vessels/details/230514803,NET05148-3-64,Unknown,230514803
/vessels/details/230907729,04077-29-87,Unknown,230907729
/vessels/details/230195103,HAIMENYU1951K3-96,Unknown,230195103
/vessels/details/230578733,05787-33-97,Unknown,230578733
/vessels/details/230850180,04501-8083,Unknown,230850180
/vessels/details/230407920,04079-20-30,Unknown,230407920
/vessels/details/230228803,02288-03-90,Unknown,230228803
/vessels/details/230190509,ZHELINYU01905-09-99,Unknown,230190509
/vessels/details/230217801,NET1-ZHEDINGYU02178,Unknown,230217801
/vessels/details/230686817,868-17-47,Unknown,230686817
/vessels/details/230428816,FUDINGYU04288-16-46,Unknown,230428816
/vessels/details/230377608,JLY03193-11-95,Unknown,230377608
/vessels/details/230773941,SUGANYU02739-4176,Unknown,230773941
/vessels/details/230425656,04256-56-51,Unknown,230425656
/vessels/details/230700459,BM ANTONIOS IRENE,Unknown,230700459
/vessels/details/230701011,05010-11-85,Unknown,230701011
/vessels/details/230888802,230 FA -2 90,Unknown,230888802
/vessels/details/230125005,SHENG01250-5-26,Unknown,230125005
/vessels/details/230383936,04839-36-67,Unknown,230383936
/vessels/details/230336849,03368-49-97,Unknown,230336849
/vessels/details/230024826,YUEZHANYU00248-26-,Unknown,230024826
/vessels/details/230199909,01999-09-85,Unknown,230199909
/vessels/details/230410611,4106-11-77,Unknown,230410611
/vessels/details/230186813,JILUANYU01868-13-44,Unknown,230186813
/vessels/details/230183146,01831-46-98,Unknown,230183146
/vessels/details/230125806,MIN01258-6-51,Unknown,230125806
/vessels/details/230225600,02256-0-81,Unknown,230225600
/vessels/details/230008505,00085-5-99,Unknown,230008505
/vessels/details/230272815,03728-15-92,Unknown,230272815
/vessels/details/230150003,23015 3,Unknown,230150003
/vessels/details/230122911,7205 - 1199,Unknown,230122911
/vessels/details/230199918,01999-18-01,Unknown,230199918
/vessels/details/230006601,XINYONGSHENG66-1-88,Unknown,230006601
/vessels/details/230448303,09483-3-31,Unknown,230448303
/vessels/details/230370029,23037-29-95,Unknown,230370029
/vessels/details/230168843,1688-43-34,Unknown,230168843
/vessels/details/230611508,ZHEPUYU6115-08-51,Unknown,230611508
/vessels/details/230319999,23031-9-45,Unknown,230319999
/vessels/details/230399802,3998-2-15,Unknown,230399802
/vessels/details/230000005,60309-5-99,Unknown,230000005
/vessels/details/230968812,SUGANYU05688-12-84,Unknown,230968812
/vessels/details/230728553,04285-53-84,Unknown,230728553
/vessels/details/230888949,04889-49-37,Unknown,230888949
/vessels/details/230013106,00131-6 90,Unknown,230013106
/vessels/details/230968242,SUGANYU05682-42-99,Unknown,230968242
/vessels/details/230740932,04409-32-67,Unknown,230740932
/vessels/details/230190526,ZHELINYU01905-26-79,Unknown,230190526
/vessels/details/230748203,GC00482-3-91,Unknown,230748203
/vessels/details/230406127,04061-27 60,Unknown,230406127
/vessels/details/230488042,04880-42-86,Unknown,230488042
/vessels/details/230467109,804671-9-82,Unknown,230467109
/vessels/details/230812613,0812613-17,Unknown,230812613
/vessels/details/230193320,ILONA,Unknown,230193320
/vessels/details/230871804,60718-4-59,Unknown,230871804
/vessels/details/230781623,LIN07816-23-59,Unknown,230781623
/vessels/details/230748610,04486-10-74,Unknown,230748610
/vessels/details/230451606,04516-06-89,Unknown,230451606
/vessels/details/230917286,60172-8677,Unknown,230917286
/vessels/details/230199910,01999-10-94,Unknown,230199910
/vessels/details/230968244,SUGANYU05682-44-99,Unknown,230968244
/vessels/details/230982626,FUDING09826-26-94,Unknown,230982626
/vessels/details/230150022,23015-22-99,Unknown,230150022
/vessels/details/230065809,YU 00658-9-51,Unknown,230065809
/vessels/details/230457605,04576-5-99,Unknown,230457605
/vessels/details/230676618,06766-18-89,Unknown,230676618
/vessels/details/230000056,JB-007-74,Unknown,230000056
/vessels/details/230741271,09412-71-73,Unknown,230741271
/vessels/details/230638120,SUGANYU05381-20-74,Unknown,230638120
/vessels/details/230266913,02669-13-96,Unknown,230266913
/vessels/details/230061123,LHY611-23-79,Unknown,230061123
/vessels/details/230540320,0540320-62,Unknown,230540320
/vessels/details/230305002,JINGJIE-2-94,Unknown,230305002
/vessels/details/230908802,JIBEIXINYUYANG-2-96,Unknown,230908802
/vessels/details/230272831,03728-31-66,Unknown,230272831
/vessels/details/230896619,SUGANYU04966-19-45,Unknown,230896619
/vessels/details/230300320,YU 03003-20-54,Unknown,230300320
/vessels/details/230001704,LHY17-4-52,Unknown,230001704
/vessels/details/230496803,4968-3-80,Unknown,230496803
/vessels/details/230418588,4185-88-82,Unknown,230418588
/vessels/details/230986876,MINYU09868-76-49,Unknown,230986876
/vessels/details/230165804,3105 - 491,Unknown,230165804
/vessels/details/230998005,230998005 53,Unknown,230998005
/vessels/details/230162880,ARKTIKA,Unknown,230162880
/vessels/details/230186814,JILUANYU01868-14-56,Unknown,230186814
/vessels/details/230330003,LUYU8733003-58,Unknown,230330003
/vessels/details/230462604,04626-A4-62,Unknown,230462604
/vessels/details/230117802,01178-102-95,Unknown,230117802
/vessels/details/230848604,04486-4-68,Unknown,230848604
/vessels/details/230966706,9667-A6-06,Unknown,230966706
/vessels/details/230002767,0276-7-78,Unknown,230002767
/vessels/details/230886827,YU868-27-58,Unknown,230886827
/vessels/details/230812616,0812616-94,Unknown,230812616
/vessels/details/230131110,01311-10-88,Unknown,230131110
/vessels/details/230063039,63039-30-49,Unknown,230063039
/vessels/details/230751948,05519-48-95,Unknown,230751948
/vessels/details/230667827,05678-27-96,Unknown,230667827
/vessels/details/230131311,01313-11-53,Unknown,230131311
/vessels/details/230496802,4968-2-99,Unknown,230496802
/vessels/details/230661808,YU 06618-8-97,Unknown,230661808
/vessels/details/230391639,LUCHENGYU60916-39,Unknown,230391639
/vessels/details/230214505,1668 - 5-98,Unknown,230214505
/vessels/details/230641916,MINLIANYU64199-16,Unknown,230641916
/vessels/details/230967814,05678-14-96,Unknown,230967814
/vessels/details/230982521,FUDING09825-21-69,Unknown,230982521
/vessels/details/230049013,00490-13-98,Unknown,230049013
/vessels/details/230150017,23015-1799,Unknown,230150017
/vessels/details/230066805,00668-5-80,Unknown,230066805
/vessels/details/230494241,49423-11-84,Unknown,230494241
/vessels/details/230262320,02623-20-74,Unknown,230262320
/vessels/details/230212685,ZHELINYU21268-5-78,Unknown,230212685
/vessels/details/230212893,YANGXIYU21289-3-61,Unknown,230212893
/vessels/details/230653864,05538-64-85,Unknown,230653864
/vessels/details/230996611,35966-11-34,Unknown,230996611
/vessels/details/230159964,04599-64-40,Unknown,230159964
/vessels/details/230427261,04272-61-67,Unknown,230427261
/vessels/details/230391629,LUCHENGYU60916-29,Unknown,230391629
/vessels/details/230183125,01831-25-53,Unknown,230183125
/vessels/details/230949322,SUGANYU04493-22-53,Unknown,230949322
/vessels/details/230981810,TIKKA,Unknown,230981810
/vessels/details/230005552,5552-86,Unknown,230005552
/vessels/details/230340988,SUQIYU03409-88-92,Unknown,230340988
/vessels/details/230183123,01831-23-87,Unknown,230183123
/vessels/details/230216211,LIN21621-1-69,Unknown,230216211
/vessels/details/230181012,23018-12-76,Unknown,230181012
/vessels/details/230886822,YU868-22-45,Unknown,230886822
/vessels/details/230183126,01831-26-50,Unknown,230183126
/vessels/details/230350004,23035-4-99,Unknown,230350004
/vessels/details/230888945,04889-45-59,Unknown,230888945
/vessels/details/230948609,09486-999,Unknown,230948609
/vessels/details/230559702,05597-2-99,Unknown,230559702
/vessels/details/230740909,04409-09,Unknown,230740909
/vessels/details/230828505,SUGANYU04285-5-23,Unknown,230828505
/vessels/details/230979655,MINXIANGYU09796-55-,Unknown,230979655
/vessels/details/230386806,04868-6-79,Unknown,230386806
/vessels/details/230486621,ZHEDAIYU04866-21-,Unknown,230486621
/vessels/details/230973959,02739-5997,Unknown,230973959
/vessels/details/230727614,SUGANYU04276-1478,Unknown,230727614
/vessels/details/230511610,YU 05116-01,Unknown,230511610
/vessels/details/230495824,04958-24-75,Unknown,230495824
/vessels/details/230370024,23037-24-99,Unknown,230370024
/vessels/details/230378602,MIAOTING04786-2,Unknown,230378602
/vessels/details/230410602,4106-2-77,Unknown,230410602
/vessels/details/230383835,04838-35-56,Unknown,230383835
/vessels/details/230281809,FUHAO02818-9-71,Unknown,230281809
/vessels/details/230495826,04958-26-76,Unknown,230495826
/vessels/details/230766738,LULANYU60667-3899,Unknown,230766738
/vessels/details/230846830,04468-30-74,Unknown,230846830
/vessels/details/230199913,01999-13-82,Unknown,230199913
/vessels/details/230856748,SUGANYU04567-48-06,Unknown,230856748
/vessels/details/230731627,04316-27-85,Unknown,230731627
/vessels/details/230216936,ZHELINYU21698-31-40,Unknown,230216936
/vessels/details/230805522,SUGUANYUNYU03055-22,Unknown,230805522
/vessels/details/230801114,LEITING-14-30,Unknown,230801114
/vessels/details/230402806,JIWENYU04028-6-99,Unknown,230402806
/vessels/details/230600021,23060-21-97,Unknown,230600021
/vessels/details/230933355,05333-55-34,Unknown,230933355
/vessels/details/230896815,YU 08968-15-01,Unknown,230896815
/vessels/details/230155506,BIAO 01555-6-99,Unknown,230155506
/vessels/details/230676621,06766-21-93,Unknown,230676621
/vessels/details/230218220,ZHELINYU21827-20-97,Unknown,230218220
/vessels/details/230967810,05678-10-98,Unknown,230967810
/vessels/details/230723310,04233-10-52,Unknown,230723310
/vessels/details/230886821,YU868-21-68,Unknown,230886821
/vessels/details/230680001,23068-1 90,Unknown,230680001
/vessels/details/230006020,060-20-44,Unknown,230006020
/vessels/details/230843910,SUGANYU04439-10-63,Unknown,230843910
/vessels/details/230180013,23018-13-91,Unknown,230180013
/vessels/details/230912907,60129-7-87,Unknown,230912907
/vessels/details/230284905,LUJIAOYU60198-10-91,Unknown,230284905
/vessels/details/230773944,SUGANYU02739-4498,Unknown,230773944
/vessels/details/230540322,0540322-90,Unknown,230540322
/vessels/details/230746623,04466-23-94,Unknown,230746623
/vessels/details/230968850,SUGANYU05688-50-77,Unknown,230968850
/vessels/details/230099921,999-21-99,Unknown,230099921
/vessels/details/230981711,04817-11-68,Unknown,230981711
/vessels/details/230799908,ZHEDAIYU04267-19-92,Unknown,230799908
/vessels/details/230467305,BIAO 04673-5-99,Unknown,230467305
/vessels/details/230063320,06338-20-96,Unknown,230063320
/vessels/details/230272810,03728-10-78,Unknown,230272810
/vessels/details/230123611,12363-11-63,Unknown,230123611
/vessels/details/230840002,23084-2-99,Unknown,230840002
/vessels/details/230949608,04493-08-86,Unknown,230949608
/vessels/details/230736634,05366-34-77,Unknown,230736634
/vessels/details/230700442,JOHAN JE 2 BOUEE 21,Unknown,230700442
/vessels/details/230968223,SUGANYU05682-23-91,Unknown,230968223
/vessels/details/230986875,MINYU09868-75-70,Unknown,230986875
/vessels/details/230377706,64277-6-02,Unknown,230377706
/vessels/details/230927702,LIAOYINGYU25277-2,Unknown,230927702
/vessels/details/230487937,04879-37-58,Unknown,230487937
/vessels/details/230812601,0812601-99,Unknown,230812601
/vessels/details/230001146,02300114684,Unknown,230001146
/vessels/details/230856682,05566-82-99,Unknown,230856682
/vessels/details/230391643,LUCHENGYU60916-43,Unknown,230391643
/vessels/details/230238823,YUEZHANYU02388-2381,Unknown,230238823
/vessels/details/230100202,87227-98,Unknown,230100202
/vessels/details/230066812,51668-12-95,Unknown,230066812
/vessels/details/230166715,MINXIAYU01667-15-,Unknown,230166715
/vessels/details/230981634,230998002 90,Unknown,230981634
/vessels/details/230583332,05833-32-89,Unknown,230583332
/vessels/details/230429212,04292-12-69,Unknown,230429212
/vessels/details/230102814,01028-14-85,Unknown,230102814
/vessels/details/230336841,03368-41-94,Unknown,230336841
/vessels/details/230770730,02707-3046,Unknown,230770730
/vessels/details/230555004,555-04-84,Unknown,230555004
/vessels/details/230611512,ZHEPUYU6115-12-99,Unknown,230611512
/vessels/details/230805528,02055-2865,Unknown,230805528
/vessels/details/230608642,05086-42-98,Unknown,230608642
/vessels/details/230112012,NET01120-12 20,Unknown,230112012
/vessels/details/230923626,04236-26-90,Unknown,230923626
/vessels/details/230998023,09980-23-77,Unknown,230998023
/vessels/details/230871825,60718-25-77,Unknown,230871825
/vessels/details/230740911,04409-11,Unknown,230740911
/vessels/details/230000116,2300-16-99,Unknown,230000116
/vessels/details/230888008,08880-8-52,Unknown,230888008
/vessels/details/230066814,00668-14-83,Unknown,230066814
/vessels/details/230620136,ZDY06201-36-98,Unknown,230620136
/vessels/details/230996604,35966-4-37,Unknown,230996604
/vessels/details/230725683,04256-83-46,Unknown,230725683
/vessels/details/230467110,804671-10-73,Unknown,230467110
/vessels/details/230159963,04599-63-70,Unknown,230159963
/vessels/details/230666304,6663-4-99,Unknown,230666304
/vessels/details/230300816,YU 03008-16-33,Unknown,230300816
/vessels/details/230073115,YU 00731-15-73,Unknown,230073115
/vessels/details/230190523,ZHELINYU01905-23-99,Unknown,230190523
/vessels/details/230125813,MIN01258-13-94,Unknown,230125813
/vessels/details/230450373,04503-73-51,Unknown,230450373
/vessels/details/230921981,XYY21981-237.6V,Unknown,230921981
/vessels/details/230811555,15115-5580,Unknown,230811555
/vessels/details/230499912,04999-12-92,Unknown,230499912
/vessels/details/230700447,BOUEE BAYOTA,Unknown,230700447
/vessels/details/230736818,03368-18-62,Unknown,230736818
/vessels/details/230986816,09868-16-85,Unknown,230986816
/vessels/details/230285525,02855-25-92,Unknown,230285525
/vessels/details/230130814,01308-14-62,Unknown,230130814
/vessels/details/230967881,678-81-84,Unknown,230967881
/vessels/details/230131308,MINXIAYU01313-8-99,Unknown,230131308
/vessels/details/230400303,MINDONGYU4003-3-49,Unknown,230400303
/vessels/details/230098807,YU 00988-7-80,Unknown,230098807
/vessels/details/230462816,04628-16-61,Unknown,230462816
/vessels/details/230049009,00490-9-92,Unknown,230049009
/vessels/details/230441212,09412-12-33,Unknown,230441212
/vessels/details/230100914,1009-14-88,Unknown,230100914
/vessels/details/230000171,QIANTANG017-1-78,Unknown,230000171
/vessels/details/230873802,8738-279,Unknown,230873802
/vessels/details/230831904,LIAOPANYU35319-4-02,Unknown,230831904
/vessels/details/230403361,04033-61-05,Unknown,230403361
/vessels/details/230007118,ZHESANYU00071-18-,Unknown,230007118
/vessels/details/230759924,606-15-80,Unknown,230759924
/vessels/details/230867927,09679-27-90,Unknown,230867927
/vessels/details/230853609,04536-9-45,Unknown,230853609
/vessels/details/230578736,05787-36-90,Unknown,230578736
/vessels/details/230073121,YU 00731-21-68,Unknown,230073121
/vessels/details/230706703,04067-3-78,Unknown,230706703
/vessels/details/230716824,YU 07168-24-88,Unknown,230716824
/vessels/details/230301111,23030-1-82,Unknown,230301111
/vessels/details/230286839,04868-39-84,Unknown,230286839
/vessels/details/230770713,02707-1346,Unknown,230770713
/vessels/details/230265125,02651-25 60,Unknown,230265125
/vessels/details/230088117,YU 00881-17-46,Unknown,230088117
/vessels/details/230747613,09476-13-34,Unknown,230747613
/vessels/details/230812611,0812611-99,Unknown,230812611
/vessels/details/230829559,SUGANYU02295-59-46,Unknown,230829559
/vessels/details/230734623,35346-23-28,Unknown,230734623
/vessels/details/230806001,04060-1-88,Unknown,230806001
/vessels/details/230110773,AIS NET MARK,Unknown,230110773
/vessels/details/230866110,YU 08661-10-99,Unknown,230866110
/vessels/details/230829804,04298-4-97,Unknown,230829804
/vessels/details/230700462,BM EBEN-EZER,Unknown,230700462
/vessels/details/230406122,04061-22 50,Unknown,230406122
/vessels/details/230989513,0989513-81,Unknown,230989513
/vessels/details/230626803,YU 06268-3-14,Unknown,230626803
/vessels/details/230887608,YU 08876-8-73,Unknown,230887608
/vessels/details/230122916,7205 - 1699,Unknown,230122916
/vessels/details/230856811,04568-11-87,Unknown,230856811
/vessels/details/230367836,05678-36-88,Unknown,230367836
/vessels/details/230198501,HAIYU019851-72,Unknown,230198501
/vessels/details/230222501,02225-1-72,Unknown,230222501
/vessels/details/230100978,8- 99,Unknown,230100978
/vessels/details/230383934,04839-34-79,Unknown,230383934
/vessels/details/230626208,04262-8-92,Unknown,230626208
/vessels/details/230099929,999-29-59,Unknown,230099929
/vessels/details/230748336,04483-36-91,Unknown,230748336
/vessels/details/230102816,01028-16-81,Unknown,230102816
/vessels/details/230770732,02707-3299,Unknown,230770732
/vessels/details/230150028,23015 28,Unknown,230150028
/vessels/details/230912917,60129-17-02,Unknown,230912917
/vessels/details/230386815,04868-15-33,Unknown,230386815
/vessels/details/230316924,60169-24-34,Unknown,230316924
/vessels/details/230445829,04458-2988,Unknown,230445829
/vessels/details/230725682,04256-82-84,Unknown,230725682
/vessels/details/230150018,23015-18,Unknown,230150018
/vessels/details/230462812,04628-12-60,Unknown,230462812
/vessels/details/230986877,ZHEYU07212-9-56,Unknown,230986877
/vessels/details/230682174,6821117-4-88,Unknown,230682174
/vessels/details/230667823,05678-23-99,Unknown,230667823
/vessels/details/230389624,04896-24-83,Unknown,230389624
/vessels/details/230223901,YANGZICAI-1-45,Unknown,230223901
/vessels/details/230949609,04493-09-78,Unknown,230949609
/vessels/details/230949338,SUGANYU04493-38-79,Unknown,230949338
/vessels/details/230272824,03728-24-74,Unknown,230272824
/vessels/details/230406223,04062-23-97,Unknown,230406223
/vessels/details/230736823,03368-23-13,Unknown,230736823
/vessels/details/230305901,LIAOYINGYU55059-1,Unknown,230305901
/vessels/details/230767901,HONGRUI09679-1-63,Unknown,230767901
/vessels/details/230565108,05651-8-33,Unknown,230565108
/vessels/details/230558636,05586-36-98,Unknown,230558636
/vessels/details/230499903,04999-3-44,Unknown,230499903
/vessels/details/230399806,3998-6-02,Unknown,230399806
/vessels/details/230180011,23018-11-71,Unknown,230180011
/vessels/details/230982611,FUDING09826-11-97,Unknown,230982611
/vessels/details/230429801,HIEU LX B37 P9-81,Unknown,230429801
/vessels/details/230856699,05566-99-93,Unknown,230856699
/vessels/details/230768903,04689-03-02,Unknown,230768903
/vessels/details/230130829,01308-29-57,Unknown,230130829
/vessels/details/230746605,04466-5-93,Unknown,230746605
/vessels/details/230766604,HONGYUN666-499,Unknown,230766604
/vessels/details/230968241,SUGANYU05682-41-97,Unknown,230968241
/vessels/details/230565102,05651-2-73,Unknown,230565102
/vessels/details/230921078,XYY21078-237.2V,Unknown,230921078
/vessels/details/230000019,ZHONG-19-78,Unknown,230000019
/vessels/details/230100204,02088-04-98,Unknown,230100204
/vessels/details/230741008,09410-875,Unknown,230741008
/vessels/details/230746620,04466-20-30,Unknown,230746620
/vessels/details/230183138,01831-38-68,Unknown,230183138
/vessels/details/230316923,60169-23-40,Unknown,230316923
/vessels/details/230748639,04486-39-73,Unknown,230748639
/vessels/details/230265187,JIHUANGYU02651-87-,Unknown,230265187
/vessels/details/230779603,05796-3-02,Unknown,230779603
/vessels/details/230663274,05632-74-63,Unknown,230663274
/vessels/details/230807738,08077-38-47,Unknown,230807738
/vessels/details/230186817,JILUANYU01868-17-41,Unknown,230186817
/vessels/details/230246313,04463-13-,Unknown,230246313
/vessels/details/230766306,05663-6-82,Unknown,230766306
/vessels/details/230933352,05333-52-85,Unknown,230933352
/vessels/details/230734617,35346-17-81,Unknown,230734617
/vessels/details/230641939,MINLIANYU64199-39,Unknown,230641939
/vessels/details/230488729,04887-29-96,Unknown,230488729
/vessels/details/230980380,POLLUX,Unknown,230980380
/vessels/details/230753608,04536-8-76,Unknown,230753608
/vessels/details/230806006,04060-6-67,Unknown,230806006
/vessels/details/230499911,04999-11-04,Unknown,230499911
/vessels/details/230034432,0344-32-99,Unknown,230034432
/vessels/details/230272806,35078-41-69,Unknown,230272806
/vessels/details/230763240,05632-40-90,Unknown,230763240
/vessels/details/230140918,14093-18-99,Unknown,230140918
/vessels/details/230083517,TIELONGBIAO00835-17-,Unknown,230083517
/vessels/details/230966740,LULANYU60667-40-99,Unknown,230966740
/vessels/details/230899903,60999-3-81,Unknown,230899903
/vessels/details/230186805,JILUANYU01868-5-39,Unknown,230186805
/vessels/details/230968237,SUGANYU05682-37-97,Unknown,230968237
/vessels/details/230112004,NET01120-4 90,Unknown,230112004
/vessels/details/230700424,BOUEE ORION 5,Unknown,230700424
/vessels/details/230565113,05651-13-51,Unknown,230565113
/vessels/details/230800238,04002-3875,Unknown,230800238
/vessels/details/230886826,YU868-26-49,Unknown,230886826
/vessels/details/230806004,04060-4-33,Unknown,230806004
/vessels/details/230095904,00959-4-96,Unknown,230095904
/vessels/details/230558637,05586-37-86,Unknown,230558637
/vessels/details/230112005,NET01120-5 90,Unknown,230112005
/vessels/details/230851097,LIAOWAYU85109-7-71,Unknown,230851097
/vessels/details/230781911,7698781911-99,Unknown,230781911
/vessels/details/230383931,04839-31-94,Unknown,230383931
/vessels/details/230467307,BIAO 04673-7-95,Unknown,230467307
/vessels/details/230370023,23037-23-99,Unknown,230370023
/vessels/details/230718704,LULAOYU60187-4-92,Unknown,230718704
/vessels/details/230131114,01311-14-83,Unknown,230131114
/vessels/details/230186811,JILUANYU01868-11-39,Unknown,230186811
/vessels/details/230073129,YU 00731-29-88,Unknown,230073129
/vessels/details/230667810,05678-10-98,Unknown,230667810
/vessels/details/230283833,04838-33-56,Unknown,230283833
/vessels/details/230510816,0510816-84,Unknown,230510816
/vessels/details/230391007,8910-7-59,Unknown,230391007
/vessels/details/230800236,04002-3699,Unknown,230800236
/vessels/details/230100087,88039-01-89,Unknown,230100087
/vessels/details/230428801,FUDINGYU04288-1-92,Unknown,230428801
/vessels/details/230612278,XYY12278-237.4V,Unknown,230612278
/vessels/details/230807734,08077-34-51,Unknown,230807734
/vessels/details/230130830,01308-30-59,Unknown,230130830
/vessels/details/230787605,DONGCHENAO78767-598,Unknown,230787605
/vessels/details/230091854,MFDY09185-4-92,Unknown,230091854
/vessels/details/230462823,04628-23-82,Unknown,230462823
/vessels/details/230199917,01999-17-81,Unknown,230199917
/vessels/details/230462802,04628-2-49,Unknown,230462802
/vessels/details/230997206,09972-B06-27,Unknown,230997206
/vessels/details/230228812,BIAO 02288-12-93,Unknown,230228812
/vessels/details/230028821,00288-21-75,Unknown,230028821
/vessels/details/230085824,YU 00858-24-94,Unknown,230085824
/vessels/details/230210021,ZHELINYU21002-1-43,Unknown,230210021
/vessels/details/230709622,GUANYUNYU03096-2270,Unknown,230709622
/vessels/details/230982609,FUDING09826-9-95,Unknown,230982609
/vessels/details/230709628,GUANYUNYU03096-2865,Unknown,230709628
/vessels/details/230628854,04288-54-97,Unknown,230628854
/vessels/details/230451610,04516-10-94,Unknown,230451610
/vessels/details/230968218,SUGANYU05682-18-98,Unknown,230968218
/vessels/details/230216989,ZHELINYU21698-4-57,Unknown,230216989
/vessels/details/230391641,LUCHENGYU60916-41,Unknown,230391641
/vessels/details/230667806,05678-6-86,Unknown,230667806
/vessels/details/230623822,YU 06238-22-85,Unknown,230623822
/vessels/details/230150024,23015-24-99,Unknown,230150024
/vessels/details/230888001,888-01-93,Unknown,230888001
/vessels/details/230363235,05632-35-90,Unknown,230363235
/vessels/details/230331503,YUELEIYU03315-3-94,Unknown,230331503
/vessels/details/230095906,00959-6-87,Unknown,230095906
/vessels/details/230336846,03368-46-98,Unknown,230336846
/vessels/details/230621805,YU 06218-5-90,Unknown,230621805
/vessels/details/230417723,15177-23-55,Unknown,230417723
/vessels/details/230081802,00818-2-02,Unknown,230081802
/vessels/details/230865816,03658-1680,Unknown,230865816
/vessels/details/230867929,09679-29-48,Unknown,230867929
/vessels/details/230701007,05010-7-60,Unknown,230701007
/vessels/details/230281816,ZHEDAIYU04858-22-58,Unknown,230281816
/vessels/details/230906521,04065-21-93,Unknown,230906521
/vessels/details/230988659,05886-59-81,Unknown,230988659
/vessels/details/230499920,04999-20-92,Unknown,230499920
/vessels/details/230912920,60129-20-55,Unknown,230912920
/vessels/details/230390004,YUEXUYU23039-4-96,Unknown,230390004
/vessels/details/230066662,6666-2-82,Unknown,230066662
/vessels/details/230494234,49423-4-80,Unknown,230494234
/vessels/details/230680012,23068 12 81,Unknown,230680012
/vessels/details/230968201,SUGANYU05682-1-87,Unknown,230968201
/vessels/details/230300818,YU 03008-18-93,Unknown,230300818
/vessels/details/230009225,ZHESHENGYU0922523,Unknown,230009225
/vessels/details/230150690,NV34,Unknown,230150690
/vessels/details/230817811,178-11-94,Unknown,230817811
/vessels/details/230302231,04022-31-99,Unknown,230302231
/vessels/details/230817702,08177-2-62,Unknown,230817702
/vessels/details/230939640,PV61,Unknown,230939640
/vessels/details/230166722,MINXIAYU01667-22-,Unknown,230166722
/vessels/details/230351864,05518-64-22,Unknown,230351864
/vessels/details/230199914,01999-14-84,Unknown,230199914
/vessels/details/230100021,00428-5-69,Unknown,230100021
/vessels/details/230008894,WEI889-4-76,Unknown,230008894
/vessels/details/230779605,05796-5-67,Unknown,230779605
/vessels/details/230736635,05366-35-51,Unknown,230736635
/vessels/details/230471166,47116-6-72,Unknown,230471166
/vessels/details/230132613,01326-13-87,Unknown,230132613
/vessels/details/230387911,04879-11-53,Unknown,230387911
/vessels/details/230982607,FUDING09826-7-86,Unknown,230982607
/vessels/details/230661809,YU 06618-9-86,Unknown,230661809
/vessels/details/230130160,01301-60-78,Unknown,230130160
/vessels/details/230152910,BIG SALMON,Unknown,230152910
/vessels/details/230131122,01311-22-55,Unknown,230131122
/vessels/details/230302230,04022-30-82,Unknown,230302230
/vessels/details/230966705,9667-A5-42,Unknown,230966705
/vessels/details/230867921,09679-21-56,Unknown,230867921
/vessels/details/230122908,7205 - 899,Unknown,230122908
/vessels/details/230987630,09876-30-99,Unknown,230987630
/vessels/details/230667811,05678-11-66,Unknown,230667811
/vessels/details/230936260,AFRODITE,Unknown,230936260
/vessels/details/230747919,04479-19-43,Unknown,230747919
/vessels/details/230156920,7027 - 20-24,Unknown,230156920
/vessels/details/230342641,667788-7-70,Unknown,230342641
/vessels/details/230387909,04879-9-71,Unknown,230387909
/vessels/details/230840812,09408-1244,Unknown,230840812
/vessels/details/230198806,BIAO 01988-6-81,Unknown,230198806
/vessels/details/230663223,05632-23-69,Unknown,230663223
/vessels/details/230000024,B230-24-99,Unknown,230000024
/vessels/details/230005328,XINQINGYI23-31,Unknown,230005328
/vessels/details/230736816,03368-16-59,Unknown,230736816
/vessels/details/230807721,08077-21-39,Unknown,230807721
/vessels/details/230799804,00998-4-56,Unknown,230799804
/vessels/details/230866101,YU 08661-1-41,Unknown,230866101
/vessels/details/230888812,230 FA -12 90,Unknown,230888812
/vessels/details/230243333,QIONGLINYU-87,Unknown,230243333
/vessels/details/230896627,08966-27-48,Unknown,230896627
/vessels/details/230838904,04389-4-69,Unknown,230838904
/vessels/details/230156916,7027 - 16-25,Unknown,230156916
/vessels/details/230027640,00276-40-49,Unknown,230027640
/vessels/details/230700458,BM TOMAS FELIPE,Unknown,230700458
/vessels/details/230216915,ZHELINYU21698-10-91,Unknown,230216915
/vessels/details/230725681,04256-81-90,Unknown,230725681
/vessels/details/230328353,04283-53-83,Unknown,230328353
/vessels/details/230125815,MIN01258-15-99,Unknown,230125815
/vessels/details/230270807,ZHECANGYU02708-7 90,Unknown,230270807
/vessels/details/230578739,05787-39-99,Unknown,230578739
/vessels/details/230801912,SUGUANYUNYU03019-12,Unknown,230801912
/vessels/details/230716802,YU 07168-2-81,Unknown,230716802
/vessels/details/230822801,ZHEPUYU08228-1-98,Unknown,230822801
/vessels/details/230667812,05678-12-99,Unknown,230667812
/vessels/details/230747603,09476-3-32,Unknown,230747603
/vessels/details/230856813,04568-13-88,Unknown,230856813
/vessels/details/230698202,02982-2-26,Unknown,230698202
/vessels/details/230000212,00002-12-18,Unknown,230000212
/vessels/details/230165803,3105 - 390,Unknown,230165803
/vessels/details/230763230,05632-30-85,Unknown,230763230
/vessels/details/230043516,BIAO 00435-16-87,Unknown,230043516
/vessels/details/230845801,08458-01-65,Unknown,230845801
/vessels/details/230406539,04065-39-32,Unknown,230406539
/vessels/details/230908268,6082-68-96,Unknown,230908268
/vessels/details/230867925,09679-25-29,Unknown,230867925
/vessels/details/230555850,BIAO0555850-88,Unknown,230555850
/vessels/details/230812605,0812605-99,Unknown,230812605
/vessels/details/230125803,YUENANAOYU01258-362,Unknown,230125803
/vessels/details/230811601,05116-1-81,Unknown,230811601
/vessels/details/230027631,00276-31-50,Unknown,230027631
/vessels/details/230663241,05632-41-99,Unknown,230663241
/vessels/details/230933348,05333-48-85,Unknown,230933348
/vessels/details/230073104,YU 00731-4-70,Unknown,230073104
/vessels/details/230900021,QIANIONGNO.1-2189,Unknown,230900021
/vessels/details/230272826,03728-26-82,Unknown,230272826
/vessels/details/230407907,04079-7-59,Unknown,230407907
/vessels/details/230192450,ORCA,Unknown,230192450
/vessels/details/230036660,CARLOTTA,Unknown,230036660
/vessels/details/230331502,YUELEIYU03315-2-51,Unknown,230331502
/vessels/details/230738874,ZHESHENG07388-74-,Unknown,230738874
/vessels/details/230821650,04216-5071,Unknown,230821650
/vessels/details/230760013,23076-13-76,Unknown,230760013
/vessels/details/230214504,1668 - 4-53,Unknown,230214504
/vessels/details/230099923,999-23-81,Unknown,230099923
/vessels/details/230770715,02707-1576,Unknown,230770715
/vessels/details/230287926,04879-26-60,Unknown,230287926
/vessels/details/230462602,04626-A2-89,Unknown,230462602
/vessels/details/230265160,JIHUANGYU02651-60-,Unknown,230265160
/vessels/details/230599901,999-199,Unknown,230599901
/vessels/details/230748238,04482-38-98,Unknown,230748238
/vessels/details/230968220,SUGANYU05682-20-96,Unknown,230968220
/vessels/details/230116629,01166-29-92,Unknown,230116629
/vessels/details/230496810,4968-10-80,Unknown,230496810
/vessels/details/230767844,05678-44-98,Unknown,230767844
/vessels/details/230055886,05588-6-58,Unknown,230055886
/vessels/details/230751944,05519-44-74,Unknown,230751944
/vessels/details/230866119,YU 08661-19-99,Unknown,230866119
/vessels/details/230606715,04067-15-80,Unknown,230606715
/vessels/details/230152005,01520-5-39,Unknown,230152005
/vessels/details/230130159,01301-59-84,Unknown,230130159
/vessels/details/230130813,01308-13-20,Unknown,230130813
/vessels/details/230270803,ZHECANGYU02708-3 90,Unknown,230270803
/vessels/details/230997022,ZHESANYU09970-22-84,Unknown,230997022
/vessels/details/230753619,04536-19-78,Unknown,230753619
/vessels/details/230902933,04029-33-35,Unknown,230902933
/vessels/details/230131317,MINXIAYU01313-17-,Unknown,230131317
/vessels/details/230817840,60178-40-64,Unknown,230817840
/vessels/details/230467104,804671-4-65,Unknown,230467104
/vessels/details/230109911,01099-11-99,Unknown,230109911
/vessels/details/230822802,ZHEPUYU08228-2-87,Unknown,230822802
/vessels/details/230259645,05596-45-94,Unknown,230259645
/vessels/details/230150031,23015-31-81,Unknown,230150031
/vessels/details/230578738,05787-38-91,Unknown,230578738
/vessels/details/230846809,04468-9-51,Unknown,230846809
/vessels/details/230630000,WANG BIAO63188-01,Unknown,230630000
/vessels/details/230378603,MIAOTING04786-3,Unknown,230378603
/vessels/details/230927701,LIAOYINGYU25277-1,Unknown,230927701
/vessels/details/230005217,DONGKANGYU00052-17,Unknown,230005217
/vessels/details/230889509,08895-9-80,Unknown,230889509
/vessels/details/230807733,05077-33-02,Unknown,230807733
/vessels/details/230941570,MERIKUOKKA,Unknown,230941570
/vessels/details/230388713,04887-13-83,Unknown,230388713
/vessels/details/230112551,11255-1-98,Unknown,230112551
/vessels/details/230747620,09476-20-72,Unknown,230747620
/vessels/details/230620137,ZDY06201-37-99,Unknown,230620137
/vessels/details/230740937,04409-37-89,Unknown,230740937
/vessels/details/230190519,ZHELINYU01905-19-60,Unknown,230190519
/vessels/details/230284915,2849-15-87,Unknown,230284915
/vessels/details/230933357,05333-57-78,Unknown,230933357
/vessels/details/230562921,05629-21-83,Unknown,230562921
/vessels/details/230386821,04868-21-71,Unknown,230386821
/vessels/details/230116624,01166-24-94,Unknown,230116624
/vessels/details/230073113,YU 00731-13-58,Unknown,230073113
/vessels/details/230001001,01- 01,Unknown,230001001
/vessels/details/230997212,MINXIAYU09972-12-34,Unknown,230997212
/vessels/details/230556116,SHENG05561-16-96,Unknown,230556116
/vessels/details/230763239,05632-39-94,Unknown,230763239
/vessels/details/230018608,MINJINYU0018608-85,Unknown,230018608
/vessels/details/230218531,LIN21853-1-71,Unknown,230218531
/vessels/details/230499902,04999-2-92,Unknown,230499902
/vessels/details/230777701,04777-150,Unknown,230777701
/vessels/details/230228802,BIAO 02288-2-84,Unknown,230228802
/vessels/details/230378628,MIAOWANG04786-28,Unknown,230378628
/vessels/details/230734638,35346-38-69,Unknown,230734638
/vessels/details/230767902,HONGRUI09679-2-51,Unknown,230767902
/vessels/details/230436609,04366-9-85,Unknown,230436609
/vessels/details/230921334,04213-34-80,Unknown,230921334
/vessels/details/230008755,GULEI8755-59,Unknown,230008755
/vessels/details/230000119,2300-19-99,Unknown,230000119
/vessels/details/230663219,ZHEDAIYU04806-21-92,Unknown,230663219
/vessels/details/230747908,05479-08-69,Unknown,230747908
/vessels/details/230613569,61981-26-76,Unknown,230613569
/vessels/details/230856698,05566-98-88,Unknown,230856698
/vessels/details/230856747,SUGANYU04567-47-96,Unknown,230856747
/vessels/details/230247777,QIONGLINYU-76,Unknown,230247777
/vessels/details/230933350,05333-50-88,Unknown,230933350
/vessels/details/230043509,BIAO 00435-9-78,Unknown,230043509
/vessels/details/230466901,ZHESHENGYU04669-99,Unknown,230466901
/vessels/details/230222201,YU 02222-1-60,Unknown,230222201
/vessels/details/230700470,BM SUR WESTE,Unknown,230700470
/vessels/details/230986915,04869-15-73,Unknown,230986915
/vessels/details/230198808,BIAO 01988-8-47,Unknown,230198808
/vessels/details/230740928,SUGANYU02870-28-68,Unknown,230740928
/vessels/details/230680028,23068-2898,Unknown,230680028
/vessels/details/230499927,04999-27-75,Unknown,230499927
/vessels/details/230831841,05318-41-79,Unknown,230831841
/vessels/details/230005913,ZSY05913-2365,Unknown,230005913
/vessels/details/230212882,ZHE12882-237.6V,Unknown,230212882
/vessels/details/230853601,04536-1-92,Unknown,230853601
/vessels/details/230186819,JILUANYU01868-19-55,Unknown,230186819
/vessels/details/230591611,0591611 8V0,Unknown,230591611
/vessels/details/230100391,09482-26-08,Unknown,230100391
/vessels/details/230747926,04479-26-91,Unknown,230747926
/vessels/details/230800101,ZHELINGYU08001-1-,Unknown,230800101
/vessels/details/230514801,NET05148-1-70,Unknown,230514801
/vessels/details/230487931,04879-31-49,Unknown,230487931
/vessels/details/230131125,01311-25-11,Unknown,230131125
/vessels/details/230021905,00219-5-,Unknown,230021905
/vessels/details/230768909,04689-09-06,Unknown,230768909
/vessels/details/230102818,01028-18-94,Unknown,230102818
/vessels/details/230813621,SUGANYU05136-21-99,Unknown,230813621
/vessels/details/230738875,ZHESHENG07388-75-,Unknown,230738875
/vessels/details/230667841,05678-41-03,Unknown,230667841
/vessels/details/230145170,CIN CIN,Unknown,230145170
/vessels/details/230902929,04029-29-32,Unknown,230902929
/vessels/details/230406123,04061-23 90,Unknown,230406123
/vessels/details/230716801,YU 07168-1-99,Unknown,230716801
/vessels/details/230336843,03368-43-91,Unknown,230336843
/vessels/details/230428548,04285-48-74,Unknown,230428548
/vessels/details/230611815,MINDONGYU6118-15-84,Unknown,230611815
/vessels/details/230391627,LUCHENGYU60916-27,Unknown,230391627
/vessels/details/230302039,06133-B2-72,Unknown,230302039
/vessels/details/230296813,BIAO 02968-13-99,Unknown,230296813
/vessels/details/230199802,YUWANG1998-2-08,Unknown,230199802
/vessels/details/230740918,04409-18-33,Unknown,230740918
/vessels/details/230386813,04868-13-65,Unknown,230386813
/vessels/details/230626815,YU 06268-15 50,Unknown,230626815
/vessels/details/230486627,ZHEDAIYU04866-27-,Unknown,230486627
/vessels/details/230139915,01399-15-54,Unknown,230139915
/vessels/details/230515651,05156-51-57,Unknown,230515651
/vessels/details/230949612,04493-12-54,Unknown,230949612
/vessels/details/230617667,61763-67-55,Unknown,230617667
/vessels/details/230150027,23015-27-99,Unknown,230150027
/vessels/details/230766601,HONGYUN666-199,Unknown,230766601
/vessels/details/230000022,B230-22-68,Unknown,230000022
/vessels/details/230646324,04463-24-63,Unknown,230646324
/vessels/details/230378624,MIAOTING04786-24,Unknown,230378624
/vessels/details/230228809,BIAO 02288-9-88,Unknown,230228809
/vessels/details/230389628,04896-28-57,Unknown,230389628
/vessels/details/230727606,SUGANYU04276-680,Unknown,230727606
/vessels/details/230406352,04063-52-71,Unknown,230406352
/vessels/details/230278810,YU 02788-10-73,Unknown,230278810
/vessels/details/230840914,04409-14-77,Unknown,230840914
/vessels/details/230807736,08077-36-22,Unknown,230807736
/vessels/details/230838905,04389-5-76,Unknown,230838905
/vessels/details/230663205,05632-5-85,Unknown,230663205
/vessels/details/230967813,05678-13-96,Unknown,230967813
/vessels/details/230722562,SHENGYU07225-62-69,Unknown,230722562
/vessels/details/230617664,61763-64-48,Unknown,230617664
/vessels/details/230300806,YU 03008-6-40,Unknown,230300806
/vessels/details/230332333,SHUNXING-33-52,Unknown,230332333
/vessels/details/230488050,04880-50-42,Unknown,230488050
/vessels/details/230828524,SUGANYU04285-24-33,Unknown,230828524
/vessels/details/230680029,23068-2999,Unknown,230680029
/vessels/details/230770733,02707-3373,Unknown,230770733
/vessels/details/230462818,04628-18-50,Unknown,230462818
/vessels/details/230131312,01313-12-91,Unknown,230131312
/vessels/details/230131304,MINXIAYU01313-4-79,Unknown,230131304
/vessels/details/230249805,60498-5-99,Unknown,230249805
/vessels/details/230190515,ZHELINYU01905-1507,Unknown,230190515
/vessels/details/230488908,04889-8-82,Unknown,230488908
/vessels/details/230073126,YU 00731-26-11,Unknown,230073126
/vessels/details/230747920,04479-20-97,Unknown,230747920
/vessels/details/230809910,08099-10-23,Unknown,230809910
/vessels/details/230736829,03368-29-83,Unknown,230736829
/vessels/details/230120853,12085-3-43,Unknown,230120853
/vessels/details/230000043,12136-4-97,Unknown,230000043
/vessels/details/230888948,04889-48-59,Unknown,230888948
/vessels/details/230332391,0323-91-70,Unknown,230332391
/vessels/details/230312003,69151-21 77,Unknown,230312003
/vessels/details/230768908,04689-08-71,Unknown,230768908
/vessels/details/230183101,01831-01-84,Unknown,230183101
/vessels/details/230967736,09677-36-22,Unknown,230967736
/vessels/details/230212610,ZHELINYU21268-10-44,Unknown,230212610
/vessels/details/230906514,04065-14-94,Unknown,230906514
/vessels/details/230408625,04086-25-65,Unknown,230408625
/vessels/details/230918552,FUDING09185-52-27,Unknown,230918552
/vessels/details/230556120,SHENG05561-20-91,Unknown,230556120
/vessels/details/230567802,05678-2-61,Unknown,230567802
/vessels/details/230709627,GUANYUNYU03096-2755,Unknown,230709627
/vessels/details/230272838,03728-38-70,Unknown,230272838
/vessels/details/230406129,04061-29 90,Unknown,230406129
/vessels/details/230051103,789RGE E26 P1-68,Unknown,230051103
/vessels/details/230767910,HONGRUI09679-10-94,Unknown,230767910
/vessels/details/230099926,999-26-99,Unknown,230099926
/vessels/details/230366701,SUOMALI35667-1-55,Unknown,230366701
/vessels/details/230246312,04463-12-46,Unknown,230246312
/vessels/details/230917261,60172-6181,Unknown,230917261
/vessels/details/230740933,04409-33-49,Unknown,230740933
/vessels/details/230809909,08099-9-26,Unknown,230809909
/vessels/details/230995445,HUI60057-A18-94,Unknown,230995445
/vessels/details/230190508,ZHELINYU01905-08-99,Unknown,230190508
/vessels/details/230183135,01831-35-44,Unknown,230183135
/vessels/details/230948331,09483-31-78,Unknown,230948331
/vessels/details/230917277,60172-7772,Unknown,230917277
/vessels/details/230400301,MINDONGYU4003-1-80,Unknown,230400301
/vessels/details/230183111,01831-11-75,Unknown,230183111
/vessels/details/230736639,05366-39-64,Unknown,230736639
/vessels/details/230840901,04409-1-55,Unknown,230840901
/vessels/details/230716613,04166-13-36,Unknown,230716613
/vessels/details/230217809,NET9-02178-92,Unknown,230217809
/vessels/details/230700384,230700384,Unknown,230700384
/vessels/details/230486622,ZHEDAIYU04866-22-,Unknown,230486622
/vessels/details/230773949,SUGANYU02739-4989,Unknown,230773949
/vessels/details/230559703,05597-3-83,Unknown,230559703
/vessels/details/230840815,04408-15-61,Unknown,230840815
/vessels/details/230856814,04568-14-38,Unknown,230856814
/vessels/details/230513001,12130-1-99,Unknown,230513001
/vessels/details/230982514,FUDING09825-14-91,Unknown,230982514
/vessels/details/230781617,07816-17-90,Unknown,230781617
/vessels/details/230760006,23076-6-59,Unknown,230760006
/vessels/details/230217802,NET2-ZHEDINGYU02178,Unknown,230217802
/vessels/details/230987632,09876-32-99,Unknown,230987632
/vessels/details/230555138,00815-01-57,Unknown,230555138
/vessels/details/230807706,08077-105-57,Unknown,230807706
/vessels/details/230806137,04061-37-99,Unknown,230806137
/vessels/details/230366706,SUOMALI35667-6-96,Unknown,230366706
/vessels/details/230861805,00618-05-84,Unknown,230861805
/vessels/details/230183150,01831-50-61,Unknown,230183150
/vessels/details/230285524,02855-24-66,Unknown,230285524
/vessels/details/230807720,08077-2096,Unknown,230807720
/vessels/details/230888804,230 FA -4 90,Unknown,230888804
/vessels/details/230968203,SUGANYU05682-3-93,Unknown,230968203
/vessels/details/230918557,FUDING09185-57-99,Unknown,230918557
/vessels/details/230997208,MINXIAYU09972-08-99,Unknown,230997208
/vessels/details/230933336,05333-36-56,Unknown,230933336
/vessels/details/230328903,ZHEPUYU03289-3-84,Unknown,230328903
/vessels/details/230968235,SUGANYU05682-35-97,Unknown,230968235
/vessels/details/230016201,GULEI0162-1-92,Unknown,230016201
/vessels/details/230871844,60718-44-19,Unknown,230871844
/vessels/details/230336851,03368-51-74,Unknown,230336851
/vessels/details/230332389,0323-89-71,Unknown,230332389
/vessels/details/230711501,SUGANYU115-171,Unknown,230711501
/vessels/details/230286838,04868-38-68,Unknown,230286838
/vessels/details/230734634,35346-34-91,Unknown,230734634
/vessels/details/230005215,DONGKANGYU00052-15,Unknown,230005215
/vessels/details/230019480,NOSTELLA,Unknown,230019480
/vessels/details/230626001,LEITING-1-86,Unknown,230626001
/vessels/details/230462817,04628-17-56,Unknown,230462817
/vessels/details/230968207,SUGANYU05682-7-72,Unknown,230968207
/vessels/details/230840813,09408-1377,Unknown,230840813
/vessels/details/230323204,ZHEDAIYU 03232-23,Unknown,230323204
/vessels/details/230408624,04086-24-96,Unknown,230408624
/vessels/details/230065510,0065510-95,Unknown,230065510
/vessels/details/230667828,05678-28-93,Unknown,230667828
/vessels/details/230982506,FUDING09825-6-92,Unknown,230982506
/vessels/details/230291609,LUCHENGYU60916-9-99,Unknown,230291609
/vessels/details/230456968,04569-6898,Unknown,230456968
/vessels/details/230986874,MINYU09868-74-51,Unknown,230986874
/vessels/details/230598405,5984-588,Unknown,230598405
/vessels/details/230598403,5984-370,Unknown,230598403
/vessels/details/230283902,04839-2-37,Unknown,230283902
/vessels/details/230688619,05886-19-99,Unknown,230688619
/vessels/details/230131326,MINXIAYU01313-26-80,Unknown,230131326
/vessels/details/230888910,08889-10-63,Unknown,230888910
/vessels/details/230641906,MINLIANYU64199-6-99,Unknown,230641906
/vessels/details/230061122,LHY611-22-72,Unknown,230061122
/vessels/details/230149813,FUDINGYU1498-1381,Unknown,230149813
/vessels/details/230811561,15115-6101,Unknown,230811561
/vessels/details/230968209,SUGANYU05682-9-91,Unknown,230968209
/vessels/details/230111802,01118-2-65,Unknown,230111802
/vessels/details/230494245,49423-15-87,Unknown,230494245
/vessels/details/230441203,09412-3-91,Unknown,230441203
/vessels/details/230006019,060-19-64,Unknown,230006019
/vessels/details/230582813,BIAO 05828-13-99,Unknown,230582813
/vessels/details/230390003,YUEXUYU23039-3-01,Unknown,230390003
/vessels/details/230967731,09677-31-55,Unknown,230967731
/vessels/details/230462805,04628-5-51,Unknown,230462805
/vessels/details/230968222,SUGANYU05682-22-99,Unknown,230968222
/vessels/details/230807732,05077-32-85,Unknown,230807732
/vessels/details/230199916,01999-16-85,Unknown,230199916
/vessels/details/230149818,FUDINGYU1498-1865,Unknown,230149818
/vessels/details/230130834,01308-34-53,Unknown,230130834
/vessels/details/230168810,00623-94,Unknown,230168810
/vessels/details/230998001,230998001 66,Unknown,230998001
/vessels/details/230002763,0276-3-99,Unknown,230002763
/vessels/details/230651504,04616-4-36,Unknown,230651504
/vessels/details/230130841,01308-41-86,Unknown,230130841
/vessels/details/230908265,6082-65-38,Unknown,230908265
/vessels/details/230740920,04409-20-47,Unknown,230740920
/vessels/details/230565112,05651-12-76,Unknown,230565112
/vessels/details/230968225,LULANYU60682-25-23,Unknown,230968225
/vessels/details/230680013,23068 13 73,Unknown,230680013
/vessels/details/230443931,ZHEDAIYU04439-31-,Unknown,230443931
/vessels/details/230982511,FUDING09825-11-46,Unknown,230982511
/vessels/details/230451604,04516-04-52,Unknown,230451604
/vessels/details/230734629,35346-29-19,Unknown,230734629
/vessels/details/230300056,2303-56 90,Unknown,230300056
/vessels/details/230948333,09483-33-02,Unknown,230948333
/vessels/details/230733319,05333-19-82,Unknown,230733319
/vessels/details/230578737,05787-37-99,Unknown,230578737
/vessels/details/230938914,04389-14-69,Unknown,230938914
/vessels/details/230888951,04889-51-57,Unknown,230888951
/vessels/details/230156919,7027 - 19-99,Unknown,230156919
/vessels/details/230763229,05632-29-71,Unknown,230763229
/vessels/details/230565110,05651-10-99,Unknown,230565110
/vessels/details/230488726,04887-26-61,Unknown,230488726
/vessels/details/230846938,04469-38-60,Unknown,230846938
/vessels/details/230747807,SUGANYU04478-7-,Unknown,230747807
/vessels/details/230663242,05632-42-82,Unknown,230663242
/vessels/details/230740947,04409-47-56,Unknown,230740947
/vessels/details/230968239,SUGANYU05682-39-97,Unknown,230968239
/vessels/details/230763245,05632-45-88,Unknown,230763245
/vessels/details/230982507,FUDING09825-7-53,Unknown,230982507
/vessels/details/230701003,05010-3-42,Unknown,230701003
/vessels/details/230122912,7205 - 1299,Unknown,230122912
/vessels/details/230049011,00490-11-99,Unknown,230049011
/vessels/details/230250004,QIONGLINYU23025-472,Unknown,230250004
/vessels/details/230829811,04298-11-99,Unknown,230829811
/vessels/details/230912918,60129-18-86,Unknown,230912918
/vessels/details/230871827,60718-27-48,Unknown,230871827
/vessels/details/230000115,2300-15-99,Unknown,230000115
/vessels/details/230968219,SUGANYU05682-19-83,Unknown,230968219
/vessels/details/230661839,CANG YU 06618-39-61,Unknown,230661839
/vessels/details/230933347,05333-47-48,Unknown,230933347
/vessels/details/230622725,04227-25-45,Unknown,230622725
/vessels/details/230083520,TIELONGBIAO00835-20-,Unknown,230083520
/vessels/details/230305903,LIAOYINGYU55059-3,Unknown,230305903
/vessels/details/230748104,SUGANYU04481-4-57,Unknown,230748104
/vessels/details/230836642,04366-4255,Unknown,230836642
/vessels/details/230777706,04777-685,Unknown,230777706
/vessels/details/230811552,15115-5296,Unknown,230811552
/vessels/details/230040604,04060-4-99,Unknown,230040604
/vessels/details/230733331,05333-31-63,Unknown,230733331
/vessels/details/230228806,BIAO 02288-6-80,Unknown,230228806
/vessels/details/230733334,05333-34-78,Unknown,230733334
/vessels/details/230468742,LUJIAO60687-42-98,Unknown,230468742
/vessels/details/230131313,01313-13-81,Unknown,230131313
/vessels/details/230921315,04213-15-99,Unknown,230921315
/vessels/details/230452811,YU 04528-1189,Unknown,230452811
/vessels/details/230598402,5984-299,Unknown,230598402
/vessels/details/230450375,04503-75-71,Unknown,230450375
/vessels/details/230805526,02055-2663,Unknown,230805526
/vessels/details/230796901,82969-1-41,Unknown,230796901
/vessels/details/230491392,49139-2-25,Unknown,230491392
/vessels/details/230130825,01308-25-99,Unknown,230130825
/vessels/details/230000125,ZHANG-5-73,Unknown,230000125
/vessels/details/230183121,01831-21-62,Unknown,230183121
/vessels/details/230054703,00547-3-54,Unknown,230054703
/vessels/details/230805516,03055-16-86,Unknown,230805516
/vessels/details/230700452,JOHAN JE 2 BOUEE 25,Unknown,230700452
/vessels/details/230195537,01955-37-98,Unknown,230195537
/vessels/details/230667825,05678-25-94,Unknown,230667825
/vessels/details/230721905,04219-5-60,Unknown,230721905
/vessels/details/230626209,04262-09-91,Unknown,230626209
/vessels/details/230491824,83088-1-43,Unknown,230491824
/vessels/details/230667831,05678-31,Unknown,230667831
/vessels/details/230701020,05010-20-62,Unknown,230701020
/vessels/details/230809908,08099-8-40,Unknown,230809908
/vessels/details/230190521,ZHELINYU01905-21-01,Unknown,230190521
/vessels/details/230462821,04628-21-99,Unknown,230462821
/vessels/details/230383937,04839-37-50,Unknown,230383937
/vessels/details/230217808,NET8-02178-87,Unknown,230217808
/vessels/details/230663251,05632-51-83,Unknown,230663251
/vessels/details/230770722,02707-2280,Unknown,230770722
/vessels/details/230968243,SUGANYU05682-43-95,Unknown,230968243
/vessels/details/230840810,09408-1090,Unknown,230840810
/vessels/details/230736817,03368-17-33,Unknown,230736817
/vessels/details/230217212,LIN 21721-2-90,Unknown,230217212
/vessels/details/230766737,LULANYU60667-3799,Unknown,230766737
/vessels/details/230933342,05333-42-83,Unknown,230933342
/vessels/details/230888801,230FA-1 80,Unknown,230888801
/vessels/details/230272845,03728-45-71,Unknown,230272845
/vessels/details/230190610,01906-10-45,Unknown,230190610
/vessels/details/230821821,04218-21-18,Unknown,230821821
/vessels/details/230515654,05156-54-80,Unknown,230515654
/vessels/details/230096250,HJORDIS,Unknown,230096250
/vessels/details/230445667,4566-7-98,Unknown,230445667
/vessels/details/230462825,04628-25-56,Unknown,230462825
/vessels/details/230284907,2849-7-88,Unknown,230284907
/vessels/details/230734632,35346-32-56,Unknown,230734632
/vessels/details/230760018,23076-18-79,Unknown,230760018
/vessels/details/230968213,SUGANYU05682-13-54,Unknown,230968213
/vessels/details/230206312,04063-12-60,Unknown,230206312
/vessels/details/230222227,YU 02222-27,Unknown,230222227
/vessels/details/230967804,05678-4-60,Unknown,230967804
/vessels/details/230646333,04463-33-47,Unknown,230646333
/vessels/details/230428807,FUDINGYU04288-7-28,Unknown,230428807
/vessels/details/230164601,01646-1-51,Unknown,230164601
/vessels/details/230183112,01831-12-48,Unknown,230183112
/vessels/details/230486626,ZHEDAIYU04866-26-,Unknown,230486626
/vessels/details/230646321,04463-21-82,Unknown,230646321
/vessels/details/230791633,05916-33-83,Unknown,230791633
/vessels/details/230073109,YU 00731-9-51,Unknown,230073109
/vessels/details/230888006,MINXIAYU08887-6-99,Unknown,230888006
/vessels/details/230807702,08077-2-72,Unknown,230807702
/vessels/details/230565115,05651-15-62,Unknown,230565115
/vessels/details/230328820,04288-20-94,Unknown,230328820
/vessels/details/230266612,YU 02666-12-94,Unknown,230266612
/vessels/details/230986902,04869-02-95,Unknown,230986902
/vessels/details/230968229,SUGANYU05682-29-95,Unknown,230968229
/vessels/details/230166719,MINXIAYU01667-19-,Unknown,230166719
/vessels/details/230403368,04033-68-21,Unknown,230403368
/vessels/details/230023470,FREYA,Unknown,230023470
/vessels/details/230791623,05916-23-93,Unknown,230791623
/vessels/details/230747606,09476-6-58,Unknown,230747606
/vessels/details/230403366,04033-66-87,Unknown,230403366
/vessels/details/230151784,7127,Unknown,230151784
/vessels/details/230125811,MIN01258-11-92,Unknown,230125811
/vessels/details/230488716,04887-16-96,Unknown,230488716
/vessels/details/230445830,04458-3009,Unknown,230445830
/vessels/details/230272811,03728-11-46,Unknown,230272811
/vessels/details/230562007,SUQIYU02320-W78.1V,Unknown,230562007
/vessels/details/230428541,04285-41-99,Unknown,230428541
/vessels/details/230367837,05678-37-94,Unknown,230367837
/vessels/details/230358805,04588-5,Unknown,230358805
/vessels/details/230646334,04463-34-91,Unknown,230646334
/vessels/details/230284906,LUJIAOYU60198-6-38,Unknown,230284906
/vessels/details/230796903,82969-3-66,Unknown,230796903
/vessels/details/230256818,04568-18-59,Unknown,230256818
/vessels/details/230479668,04796-68-73,Unknown,230479668
/vessels/details/230272829,03728-29-87,Unknown,230272829
/vessels/details/230979653,MINXIANGYU09796-53-,Unknown,230979653
/vessels/details/230199311,01993-11- 93,Unknown,230199311
/vessels/details/230180980,WONQALE,Unknown,230180980
/vessels/details/230948641,04486-41-99,Unknown,230948641
/vessels/details/230808018,ZHELINGYU08080-18-,Unknown,230808018
/vessels/details/230300162,BOYA 2 MASCATO TRES,Unknown,230300162
/vessels/details/230216912,ZHELINYU21698-7-49,Unknown,230216912
/vessels/details/230120852,12085-2-43,Unknown,230120852
/vessels/details/230168530,MO LEANNAN,Unknown,230168530
/vessels/details/230122914,7205 - 1499,Unknown,230122914
/vessels/details/230625805,06258-5-80,Unknown,230625805
/vessels/details/230921689,XYY21689-237.2V,Unknown,230921689
/vessels/details/230083512,TIELONGBIAO00835-12-,Unknown,230083512
/vessels/details/230316925,60169-25-58,Unknown,230316925
/vessels/details/230130157,01301-57-69,Unknown,230130157
/vessels/details/230267818,05678-18-55,Unknown,230267818
/vessels/details/230996613,35966-13-02,Unknown,230996613
/vessels/details/230378627,MIAOWANG04786-27,Unknown,230378627
/vessels/details/230356312,04563-12-64,Unknown,230356312
/vessels/details/230621809,NET9-06218-98,Unknown,230621809
/vessels/details/230518621,05186-21-99,Unknown,230518621
/vessels/details/230667816,05678-16-35,Unknown,230667816
/vessels/details/230942050,ACHILLES,Unknown,230942050
/vessels/details/230007119,ZHESANYU00071-19-,Unknown,230007119
/vessels/details/230734628,35346-28-41,Unknown,230734628
/vessels/details/230331513,YUELEIYU03315-13-,Unknown,230331513
/vessels/details/230462810,04628-10-83,Unknown,230462810
/vessels/details/230104255,NET04255-1-85,Unknown,230104255
/vessels/details/230902980,04029-80-37,Unknown,230902980
/vessels/details/230736822,03368-22-19,Unknown,230736822
/vessels/details/230228801,02288-01-78,Unknown,230228801
/vessels/details/230888004,888-04-93,Unknown,230888004
/vessels/details/230272817,03728-17-63,Unknown,230272817
/vessels/details/230351804,2023-3518- 90,Unknown,230351804
/vessels/details/230000114,2300-14-99,Unknown,230000114
/vessels/details/230700401,230700401,Unknown,230700401
/vessels/details/230767845,05678-45-77,Unknown,230767845
/vessels/details/230667829,05678-29-99,Unknown,230667829
/vessels/details/230332326,SHUNXING-26-85,Unknown,230332326
/vessels/details/230602288,04022-88-79,Unknown,230602288
/vessels/details/230437725,04377-25-75,Unknown,230437725
/vessels/details/230733322,05333-22-08,Unknown,230733322
/vessels/details/230840007,23084-7-99,Unknown,230840007
/vessels/details/230193930,01939-30-89,Unknown,230193930
/vessels/details/230159929,04599-29-94,Unknown,230159929
/vessels/details/230085860,RIGEL,Unknown,230085860
/vessels/details/230747605,09476-5-64,Unknown,230747605
/vessels/details/230734633,35346-33-04,Unknown,230734633
/vessels/details/230180002,23018-2,Unknown,230180002
/vessels/details/230736637,05366-37-34,Unknown,230736637
/vessels/details/230266611,YU 02666-11-71,Unknown,230266611
/vessels/details/230462603,04626-A3-87,Unknown,230462603
/vessels/details/230653929,04539-29-40,Unknown,230653929
/vessels/details/230626810,YU 06268-10-80,Unknown,230626810
/vessels/details/230272834,03728-34-73,Unknown,230272834
/vessels/details/230847923,05479-23-90,Unknown,230847923
/vessels/details/230906130,04061-30-88,Unknown,230906130
/vessels/details/230921335,04213-35-86,Unknown,230921335
/vessels/details/230190502,ZHELINYU01905-02-49,Unknown,230190502
/vessels/details/230402907,04029-7-34,Unknown,230402907
/vessels/details/230763741,05637-41-76,Unknown,230763741
/vessels/details/230540321,0540321-85,Unknown,230540321
/vessels/details/230183139,01831-39-44,Unknown,230183139
/vessels/details/230471167,47116-7-99,Unknown,230471167
/vessels/details/230933353,05333-53-91,Unknown,230933353
/vessels/details/230028818,00288-18-76,Unknown,230028818
/vessels/details/230328901,ZHEPUYU03289-1-84,Unknown,230328901
/vessels/details/230802004,9658-20499,Unknown,230802004
/vessels/details/230390005,YUEXUYU23039-5-18,Unknown,230390005
/vessels/details/230393939,58399-39-92,Unknown,230393939
/vessels/details/230738106,04381-6-42,Unknown,230738106
/vessels/details/230066716,YU 00667-16-91,Unknown,230066716
/vessels/details/230856725,SUGANYU04567-25-65,Unknown,230856725
/vessels/details/230246666,QIONGLINYU-79,Unknown,230246666
/vessels/details/230495811,04958-11-54,Unknown,230495811
/vessels/details/230024824,YUEZHANYU00248-24-,Unknown,230024824
/vessels/details/230386805,04868-5-60,Unknown,230386805
/vessels/details/230006017,060-17-62,Unknown,230006017
/vessels/details/230005836,005836-6-27,Unknown,230005836
/vessels/details/230120854,12085-4-22,Unknown,230120854
/vessels/details/230008502,085-255,Unknown,230008502
/vessels/details/230938917,04389-17-84,Unknown,230938917
/vessels/details/230183141,01831-41-21,Unknown,230183141
/vessels/details/230198803,BIAO 01988-3-73,Unknown,230198803
/vessels/details/230488734,04887-34-96,Unknown,230488734
/vessels/details/230843941,SUGANYU04439-41-92,Unknown,230843941
/vessels/details/230108805,YUEZHANYU01088-5-98,Unknown,230108805
/vessels/details/230160002,16002-2-63,Unknown,230160002
/vessels/details/230991664,LUCHENGYU60916-64,Unknown,230991664
/vessels/details/230406349,04063-49-44,Unknown,230406349
/vessels/details/230666308,6663-8-33,Unknown,230666308
/vessels/details/230487936,04879-36-51,Unknown,230487936
/vessels/details/230722569,SHENGYU07225-69-64,Unknown,230722569
/vessels/details/230917285,60172-8578,Unknown,230917285
/vessels/details/230700445,JOHAN JE 2 BOUEE 23,Unknown,230700445
/vessels/details/230848507,04485-7-39,Unknown,230848507
/vessels/details/230238824,YUEZHANYU02388-2438,Unknown,230238824
/vessels/details/230889511,08895-11-33,Unknown,230889511
/vessels/details/230328805,04288-5-79,Unknown,230328805
/vessels/details/230740926,04409-26-56,Unknown,230740926
/vessels/details/230195542,01955-42-75,Unknown,230195542
/vessels/details/230150006,23015 6,Unknown,230150006
/vessels/details/230663213,05632-13-98,Unknown,230663213
/vessels/details/230300021,IMULA0879CHW-NET-14,Unknown,230300021
/vessels/details/230982525,FUDING09825-25-65,Unknown,230982525
/vessels/details/230131310,01313-10-84,Unknown,230131310
/vessels/details/230080005,WEN CHANG 23008-5,Unknown,230080005
/vessels/details/230129101,898-10-90,Unknown,230129101
/vessels/details/230626007,LEITING-7-34,Unknown,230626007
/vessels/details/230979652,MINXIANGYU09796-52-,Unknown,230979652
/vessels/details/230467102,804671-2-82,Unknown,230467102
/vessels/details/230968245,SUGANYU05682-45-96,Unknown,230968245
/vessels/details/230186809,JILUANYU01868-9-31,Unknown,230186809
/vessels/details/230302232,04022-32-99,Unknown,230302232
/vessels/details/230092917,ZHESANYU00929-17-,Unknown,230092917
/vessels/details/230700469,BM MAMA LIDIA,Unknown,230700469
/vessels/details/230747601,09476-1-82,Unknown,230747601
/vessels/details/230800239,04002-3947,Unknown,230800239
/vessels/details/230997011,ZHESANYU09970-11-52,Unknown,230997011
/vessels/details/230494240,49423-10-99,Unknown,230494240
/vessels/details/230903358,04033-58-45,Unknown,230903358
/vessels/details/230407919,04079-19-81,Unknown,230407919
/vessels/details/230912921,60129-21-93,Unknown,230912921
/vessels/details/230781605,MINLIANYU07816-5-,Unknown,230781605
/vessels/details/230740924,04409-24-54,Unknown,230740924
/vessels/details/230889539,02895-39-94,Unknown,230889539
/vessels/details/230117808,01178-108-99,Unknown,230117808
/vessels/details/230183102,01831-02-94,Unknown,230183102
/vessels/details/230098810,YU 00988-10-69,Unknown,230098810
/vessels/details/230581811,0581811-75,Unknown,230581811
/vessels/details/230186804,JILUANYU01868-4-33,Unknown,230186804
/vessels/details/230043504,BIAO 00435-4-89,Unknown,230043504
/vessels/details/230336839,03368-39-44,Unknown,230336839
/vessels/details/230201055,23020-81,Unknown,230201055
/vessels/details/230853621,04536-21-94,Unknown,230853621
/vessels/details/230703632,SUGANYU04036-3299,Unknown,230703632
/vessels/details/230462819,04628-19-61,Unknown,230462819
/vessels/details/230391650,LUCHENGYU60916-50,Unknown,230391650
/vessels/details/230680009,23068-9 90,Unknown,230680009
/vessels/details/230130850,01308-50-02,Unknown,230130850
/vessels/details/230982526,FUDING09825-26-99,Unknown,230982526
/vessels/details/230328815,04288-15-71,Unknown,230328815
/vessels/details/230066811,00668-11-99,Unknown,230066811
/vessels/details/230228804,02288-04-99,Unknown,230228804
/vessels/details/230305109,YANGZHIQU1051-9-19,Unknown,230305109
/vessels/details/230406342,04063-42-59,Unknown,230406342
/vessels/details/230389634,04896-34-57,Unknown,230389634
/vessels/details/230948332,09483-32-16,Unknown,230948332
/vessels/details/230791631,05916-31-92,Unknown,230791631
/vessels/details/230100164,HANGFA-16-33,Unknown,230100164
/vessels/details/230667834,05678-34-96,Unknown,230667834
/vessels/details/230073106,YU 00731-6-98,Unknown,230073106
/vessels/details/230456645,ASDF8833000-01-42,Unknown,230456645
/vessels/details/230435802,0435802-88,Unknown,230435802
/vessels/details/230600023,23060-23-99,Unknown,230600023
/vessels/details/230928813,04288-13-62,Unknown,230928813
/vessels/details/230836645,04366-4579,Unknown,230836645
/vessels/details/230721550,XYY21550-238.1V,Unknown,230721550
/vessels/details/230806009,04060-9-42,Unknown,230806009
/vessels/details/230515656,05156-56-97,Unknown,230515656
/vessels/details/230448314,09483-14,Unknown,230448314
/vessels/details/230002892,AB00289-2-62,Unknown,230002892
/vessels/details/230518605,05186-5-84,Unknown,230518605
/vessels/details/230212891,YANGXIYU21289-1-69,Unknown,230212891
/vessels/details/230428803,FUDINGYU04288-3-55,Unknown,230428803
/vessels/details/230556114,SHENG05561-14-35,Unknown,230556114
/vessels/details/230461398,46139-8-82,Unknown,230461398
/vessels/details/230778860,ZHESANYU777888-60,Unknown,230778860
/vessels/details/230410607,4106-7-97,Unknown,230410607
/vessels/details/230190603,1906-3-81,Unknown,230190603
/vessels/details/230399805,3998-5-51,Unknown,230399805
/vessels/details/230733330,05333-30-97,Unknown,230733330
/vessels/details/230949321,SUGANYU04493-21-29,Unknown,230949321
/vessels/details/230651509,04616-9-86,Unknown,230651509
/vessels/details/230062970,SARIANNA II,Unknown,230062970
/vessels/details/230131324,01313-24-75,Unknown,230131324
/vessels/details/230987077,98700-77-84,Unknown,230987077
/vessels/details/230805529,02055-2957,Unknown,230805529
/vessels/details/230270808,ZHECANGYU02708-8 90,Unknown,230270808
/vessels/details/230938916,04389-16-83,Unknown,230938916
/vessels/details/230190518,ZHELINYU01905-283,Unknown,230190518
/vessels/details/230401607,04016-7-77,Unknown,230401607
/vessels/details/230317777,23031-7-71,Unknown,230317777
/vessels/details/230131319,01313-19-92,Unknown,230131319
/vessels/details/230663221,05632-21-95,Unknown,230663221
/vessels/details/230767703,04677-378,Unknown,230767703
/vessels/details/230845841,04458-4185,Unknown,230845841
/vessels/details/230448316,09483-16-89,Unknown,230448316
/vessels/details/230488735,04887-35-89,Unknown,230488735
/vessels/details/230740902,04409-02,Unknown,230740902
/vessels/details/230680018,23068-18,Unknown,230680018
/vessels/details/230201011,23020-76,Unknown,230201011
/vessels/details/230577713,0577713-21,Unknown,230577713
/vessels/details/230150025,23015-25-87,Unknown,230150025
/vessels/details/230183148,01831-48-27,Unknown,230183148
/vessels/details/230982503,FUDING09825-3-52,Unknown,230982503
/vessels/details/230703088,2 P9 X0 S 64,Unknown,230703088
/vessels/details/230378609,MIAOTING04786-9,Unknown,230378609
/vessels/details/230000001,ZHONG-1-97,Unknown,230000001
/vessels/details/230132633,01326-33-62,Unknown,230132633
/vessels/details/230562008,SUQIYU02320-W88.1V,Unknown,230562008
/vessels/details/230889512,08895-12-48,Unknown,230889512
/vessels/details/230363233,05632-33-99,Unknown,230363233
/vessels/details/230013921,04016-31-91,Unknown,230013921
/vessels/details/230722568,SHENGYU07225-68-88,Unknown,230722568
/vessels/details/230740935,04409-35-98,Unknown,230740935
/vessels/details/230383932,04839-32-46,Unknown,230383932
/vessels/details/230467106,804671-6-63,Unknown,230467106
/vessels/details/230617666,61763-66-43,Unknown,230617666
/vessels/details/230403367,04033-67-99,Unknown,230403367
/vessels/details/230745812,09458-12-81,Unknown,230745812
/vessels/details/230165802,3105 - 295,Unknown,230165802
/vessels/details/230748202,GC00482-2-97,Unknown,230748202
/vessels/details/230803951,04039-51-72,Unknown,230803951
/vessels/details/230812609,0812609-92,Unknown,230812609
/vessels/details/230199911,01999-11-20,Unknown,230199911
/vessels/details/230733320,05333-20-85,Unknown,230733320
/vessels/details/230382819,04828-19-64,Unknown,230382819
/vessels/details/230099928,999-28-77,Unknown,230099928
/vessels/details/230100907,1009-7-99,Unknown,230100907
/vessels/details/230936011,SUQIYU03601-017.9V,Unknown,230936011
/vessels/details/230022902,00229-2-45,Unknown,230022902
/vessels/details/230427089,02988 01 V25,Unknown,230427089
/vessels/details/230928049,04280-49-73,Unknown,230928049
/vessels/details/230888003,888-03-86,Unknown,230888003
/vessels/details/230441211,09412-11-36,Unknown,230441211
/vessels/details/230912915,60129-15-96,Unknown,230912915
/vessels/details/230667813,05678-13-95,Unknown,230667813
/vessels/details/230410615,4106-15-99,Unknown,230410615
/vessels/details/230942780,BLISS,Unknown,230942780
/vessels/details/230880329,08803-29-55,Unknown,230880329
/vessels/details/230805532,SUGUANYUNYU03055-32,Unknown,230805532
/vessels/details/230982621,FUDING09826-21-39,Unknown,230982621
/vessels/details/230817812,178-12-71,Unknown,230817812
/vessels/details/230641914,MINLIANYU64199-14,Unknown,230641914
/vessels/details/230218215,ZHELINYU21827-15-54,Unknown,230218215
/vessels/details/230266614,YU 02666-14-80,Unknown,230266614
/vessels/details/230902926,04029-26-39,Unknown,230902926
/vessels/details/230370020,23037-20-99,Unknown,230370020
/vessels/details/230448308,09483-8-17,Unknown,230448308
/vessels/details/230408855,04088-55-99,Unknown,230408855
/vessels/details/230936018,SUQIYU03601-08-56,Unknown,230936018
/vessels/details/230499910,04999-10-82,Unknown,230499910
/vessels/details/230287914,04879-14-83,Unknown,230287914
/vessels/details/230767913,HONGRUI09679-13-20,Unknown,230767913
/vessels/details/230667804,05678-4-98,Unknown,230667804
/vessels/details/230122915,7205 - 1599,Unknown,230122915
/vessels/details/230270805,ZHECANGYU02708-5 80,Unknown,230270805
/vessels/details/230323100,0323-100-67,Unknown,230323100
/vessels/details/230304444,23030-4 6V6,Unknown,230304444
/vessels/details/230428817,FUDINGYU04288-17-84,Unknown,230428817
/vessels/details/230190524,ZHELINYU01905-24-48,Unknown,230190524
/vessels/details/230190510,ZHELINYU01905-10-65,Unknown,230190510
/vessels/details/230218273,ZHELINYU21827-3-32,Unknown,230218273
/vessels/details/230982617,FUDING09826-17-69,Unknown,230982617
/vessels/details/230663705,05637-05-86,Unknown,230663705
/vessels/details/230043266,43266- 19- 79,Unknown,230043266
/vessels/details/230305902,LIAOYINGYU55059-2,Unknown,230305902
/vessels/details/230152003,01520-3-68,Unknown,230152003
/vessels/details/230461811,DIANBAI46188-11-80,Unknown,230461811
/vessels/details/230077510,POTCHEMKIN II,Unknown,230077510
/vessels/details/230183132,01831-32-61,Unknown,230183132
/vessels/details/230130819,01308-19-94,Unknown,230130819
/vessels/details/230000111,2300-11-99,Unknown,230000111
/vessels/details/230388711,04887-11-48,Unknown,230388711
/vessels/details/230410616,4106-16-93,Unknown,230410616
/vessels/details/230304924,0049-24-77,Unknown,230304924
/vessels/details/230000230,00002-30-46,Unknown,230000230
/vessels/details/230186803,JILUANYU01868-3-42,Unknown,230186803
/vessels/details/230218212,ZHELINYU21827-12-65,Unknown,230218212
/vessels/details/230328838,04288-38-70,Unknown,230328838
/vessels/details/230828507,SUGANYU04285-7-52,Unknown,230828507
/vessels/details/230496805,4968-5-96,Unknown,230496805
/vessels/details/230768813,05688-13-91,Unknown,230768813
/vessels/details/230866109,YU 08661-9-99,Unknown,230866109
/vessels/details/230821318,04213-18-80,Unknown,230821318
/vessels/details/230779616,05796-16-88,Unknown,230779616
/vessels/details/230867923,09679-23-85,Unknown,230867923
/vessels/details/230383808,04838-8-46,Unknown,230383808
/vessels/details/230027639,00276-39-46,Unknown,230027639
/vessels/details/230042640,OTAVA,Unknown,230042640
/vessels/details/230428566,04285-66-77,Unknown,230428566
/vessels/details/230270802,ZHECANGYU02708-2 80,Unknown,230270802
/vessels/details/230822803,ZHEPUYU08228-3-75,Unknown,230822803
/vessels/details/230212897,YANGXIYU21289-7-46,Unknown,230212897
/vessels/details/230998002,230998002 53,Unknown,230998002
/vessels/details/230136273,6273-98,Unknown,230136273
/vessels/details/230663216,05632-16-77,Unknown,230663216
/vessels/details/230763257,05632-57-66,Unknown,230763257
/vessels/details/230216805,YU 02168-5-82,Unknown,230216805
/vessels/details/230193880,ALMA,Unknown,230193880
/vessels/details/230428547,04285-47-75,Unknown,230428547
/vessels/details/230199901,01999-01-79,Unknown,230199901
/vessels/details/230305107,YANGZHIQU1051-7-48,Unknown,230305107
/vessels/details/230031101,00311-1-47,Unknown,230031101
/vessels/details/230436618,04366-7-55,Unknown,230436618
/vessels/details/230186812,JILUANYU01868-12-45,Unknown,230186812
/vessels/details/230812619,0812619-90,Unknown,230812619
/vessels/details/230073117,YU 00731-17-73,Unknown,230073117
/vessels/details/230628853,04288-53-93,Unknown,230628853
/vessels/details/230213391,LIN21339-1-44,Unknown,230213391
/vessels/details/230917281,60172-8171,Unknown,230917281
/vessels/details/230080099,HAIMENYU03008-99,Unknown,230080099
/vessels/details/230933351,05333-51-71,Unknown,230933351
/vessels/details/230622702,6227-2-48,Unknown,230622702
/vessels/details/230328828,04288-28-96,Unknown,230328828
/vessels/details/230040602,04060-2-81,Unknown,230040602
/vessels/details/230921333,04213-33-78,Unknown,230921333
/vessels/details/230494235,49423-5-24,Unknown,230494235
/vessels/details/230278834,YU 02788-34-99,Unknown,230278834
/vessels/details/230199912,01999-12-80,Unknown,230199912
/vessels/details/230740940,04409-40-86,Unknown,230740940
/vessels/details/230555503,5555-3-97,Unknown,230555503
/vessels/details/230073130,YU 00731-30-51,Unknown,230073130
/vessels/details/230925236,25236-9-99,Unknown,230925236
/vessels/details/230747607,09476-7-91,Unknown,230747607
/vessels/details/230441225,09412-25-70,Unknown,230441225
/vessels/details/230113384,11338-4-42,Unknown,230113384
/vessels/details/230986803,09868-03-86,Unknown,230986803
/vessels/details/230166706,MINXIAYU01667-6-52,Unknown,230166706
/vessels/details/230350005,23035-5-85,Unknown,230350005
/vessels/details/230621812,YU 06218-12-78,Unknown,230621812
/vessels/details/230507567,50756-7-39,Unknown,230507567
/vessels/details/230318888,23031-8-67,Unknown,230318888
/vessels/details/230558633,05586-33-99,Unknown,230558633
/vessels/details/230388733,04887-33-60,Unknown,230388733
/vessels/details/230866112,YU 08661-12-66,Unknown,230866112
/vessels/details/230332322,SHUNXING-22-63,Unknown,230332322
/vessels/details/230615610,05156-10-94,Unknown,230615610
/vessels/details/230981632,230998004 53,Unknown,230981632
/vessels/details/230125636,04256-36-51,Unknown,230125636
/vessels/details/230150019,23015-1998,Unknown,230150019
/vessels/details/230448304,09483-4-94,Unknown,230448304
/vessels/details/230817704,08177-4-77,Unknown,230817704
/vessels/details/230651505,04616-5-88,Unknown,230651505
/vessels/details/230747619,09476-19-96,Unknown,230747619
/vessels/details/230166708,MINXIAYU01667-8-87,Unknown,230166708
/vessels/details/230626817,YU 06268-17-90,Unknown,230626817
/vessels/details/230933345,05333-45-61,Unknown,230933345
/vessels/details/230000217,00002-17-97,Unknown,230000217
/vessels/details/230033301,333-01-88,Unknown,230033301
/vessels/details/230100913,1009-13-81,Unknown,230100913
/vessels/details/230467103,804671-3-72,Unknown,230467103
/vessels/details/230611518,ZHEPUYU6115-18-15,Unknown,230611518
/vessels/details/230947614,09476-14-30,Unknown,230947614
/vessels/details/230406227,04062-27-98,Unknown,230406227
/vessels/details/230998003,230998003 51,Unknown,230998003
/vessels/details/230388113,83091-16-52,Unknown,230388113
/vessels/details/230088081,SUGANYU08808-1-85,Unknown,230088081
/vessels/details/230300809,YU 03008-9-44,Unknown,230300809
/vessels/details/230402906,04029-6-45,Unknown,230402906
/vessels/details/230100239,21025-1-59,Unknown,230100239
/vessels/details/230770720,02707-2084,Unknown,230770720
/vessels/details/230973953,02739-5379,Unknown,230973953
/vessels/details/230738102,04381-2-82,Unknown,230738102
/vessels/details/230701323,SUGANYU04013-2399,Unknown,230701323
/vessels/details/230131322,01313-22-87,Unknown,230131322
/vessels/details/230209999,23020-9-46,Unknown,230209999
/vessels/details/230206311,04063-11-53,Unknown,230206311
/vessels/details/230807731,05077-31-99,Unknown,230807731
/vessels/details/230388110,YU 03881-10-92,Unknown,230388110
/vessels/details/230387916,04879-16-82,Unknown,230387916
/vessels/details/230845834,04458-3499,Unknown,230845834
/vessels/details/230807723,08077-23-35,Unknown,230807723
/vessels/details/230007301,HAIAN073-1 60,Unknown,230007301
/vessels/details/230888952,04889-52-74,Unknown,230888952
/vessels/details/230106570,RV-52,Unknown,230106570
/vessels/details/230028817,00288-17-21,Unknown,230028817
/vessels/details/230861602,04616-2-78,Unknown,230861602
/vessels/details/230747924,04479-24-40,Unknown,230747924
/vessels/details/230125816,MIN01258-16-99,Unknown,230125816
/vessels/details/230488044,04880-44-56,Unknown,230488044
/vessels/details/230907022,60022-53-95,Unknown,230907022
/vessels/details/230100168,88039-03-41,Unknown,230100168
/vessels/details/230746631,04466-31-32,Unknown,230746631
/vessels/details/230820602,04206-299,Unknown,230820602
/vessels/details/230843940,SUGANYU04439-40-96,Unknown,230843940
/vessels/details/230941262,09412-62-34,Unknown,230941262
/vessels/details/230009821,00982-1-71,Unknown,230009821
/vessels/details/230518617,05186-17-65,Unknown,230518617
/vessels/details/230734630,35346-30-29,Unknown,230734630
/vessels/details/230903357,04033-57-70,Unknown,230903357
/vessels/details/230148890,ANTAMA,Unknown,230148890
/vessels/details/230098801,YU 00988-1-89,Unknown,230098801
/vessels/details/230131320,01313-20-89,Unknown,230131320
/vessels/details/230183118,01831-18-53,Unknown,230183118
/vessels/details/230845911,09459-1101,Unknown,230845911
/vessels/details/230663207,05632-7-93,Unknown,230663207
/vessels/details/230219205,02192-5-87,Unknown,230219205
/vessels/details/230131303,MINXIAYU01313-3-79,Unknown,230131303
/vessels/details/230270001,23027-1-40,Unknown,230270001
/vessels/details/230701015,05010-15-02,Unknown,230701015
/vessels/details/230736631,05366-31-61,Unknown,230736631
/vessels/details/230912902,60129-2-62,Unknown,230912902
/vessels/details/230462806,04628-6-41,Unknown,230462806
/vessels/details/230807737,08077-37-99,Unknown,230807737
/vessels/details/230219203,02192-3-80,Unknown,230219203
/vessels/details/230701013,05010-13-49,Unknown,230701013
/vessels/details/230380011,61438-11 63,Unknown,230380011
/vessels/details/230899915,60999-15-75,Unknown,230899915
/vessels/details/230700430,BOUEE ORION 6,Unknown,230700430
/vessels/details/230746606,04466-6-91,Unknown,230746606
/vessels/details/230436619,04366-19-92,Unknown,230436619
/vessels/details/230100908,WANG BIAO304-599,Unknown,230100908
/vessels/details/230982517,FUDING09825-17-78,Unknown,230982517
/vessels/details/230800984,00098-4-88,Unknown,230800984
/vessels/details/230767843,05678-43-96,Unknown,230767843
/vessels/details/230802205,04022-05-85,Unknown,230802205
/vessels/details/230812610,0812610-98,Unknown,230812610
/vessels/details/230748337,04483-37-71,Unknown,230748337
/vessels/details/230149819,FUDINGYU1498-1965,Unknown,230149819
/vessels/details/230981744,04817-44-52,Unknown,230981744
/vessels/details/230912922,60129-22-46,Unknown,230912922
/vessels/details/230131113,01311-13-68,Unknown,230131113
/vessels/details/230212612,ZHELINYU21268-12-41,Unknown,230212612
/vessels/details/230100911,1009-11-91,Unknown,230100911
/vessels/details/230558639,05586-39-57,Unknown,230558639
/vessels/details/230018604,MINJINYU0018604-89,Unknown,230018604
/vessels/details/230127211,04272-11-74,Unknown,230127211
/vessels/details/230908155,04081-55-43,Unknown,230908155
/vessels/details/230407906,04079-6-94,Unknown,230407906
/vessels/details/230217806,NET6-ZHEDINGYU02178,Unknown,230217806
/vessels/details/230122909,7205 - 999,Unknown,230122909
/vessels/details/230667835,05678-35-94,Unknown,230667835
/vessels/details/230156918,7027 - 18-99,Unknown,230156918
/vessels/details/230578734,05787-34-75,Unknown,230578734
/vessels/details/230828528,08285-28-75,Unknown,230828528
/vessels/details/230831842,05318-42-83,Unknown,230831842
/vessels/details/230333364,3364366,Unknown,230333364
/vessels/details/230463169,46316-9-61,Unknown,230463169
/vessels/details/230705814,04058-1499,Unknown,230705814
/vessels/details/230072800,KY 8285,Unknown,230072800
/vessels/details/230740939,04409-39-90,Unknown,230740939
/vessels/details/230467306,BIAO 04673-6-67,Unknown,230467306
/vessels/details/230441216,09412-16-05,Unknown,230441216
/vessels/details/230821938,XYY21938-237.9V,Unknown,230821938
/vessels/details/230666910,04669-10-74,Unknown,230666910
/vessels/details/230629517,ZHEDAIYU06295-17-,Unknown,230629517
/vessels/details/230980514,98051-4-76,Unknown,230980514
/vessels/details/230982627,FUDING09826-27-96,Unknown,230982627
/vessels/details/230212808,BIAO 02128-8-46,Unknown,230212808
/vessels/details/230741803,09419-316,Unknown,230741803
/vessels/details/230130827,08216-12-99,Unknown,230130827
/vessels/details/230109913,01099-13-99,Unknown,230109913
/vessels/details/230663222,05632-22-84,Unknown,230663222
/vessels/details/230810481,4525-7,Unknown,230810481
/vessels/details/230370003,23037-3 44,Unknown,230370003
/vessels/details/230861806,00618-06-48,Unknown,230861806
/vessels/details/230351801,2023-3518 96,Unknown,230351801
/vessels/details/230555001,555-01-62,Unknown,230555001
/vessels/details/230588901,BIAO 05889-1-85,Unknown,230588901
/vessels/details/230736609,05366-9-39,Unknown,230736609
/vessels/details/230190511,ZHELINYU01905-11-92,Unknown,230190511
/vessels/details/230112554,11255-4-46,Unknown,230112554
/vessels/details/230130812,01308-12-80,Unknown,230130812
/vessels/details/230555002,555-02-88,Unknown,230555002
/vessels/details/230066808,00668-8-89,Unknown,230066808
/vessels/details/230845837,04458-3790,Unknown,230845837
/vessels/details/230968210,SUGANYU05682-10-98,Unknown,230968210
/vessels/details/230206309,04063-9-68,Unknown,230206309
/vessels/details/230982527,FUDING09825-27-89,Unknown,230982527
/vessels/details/230188920,IGENEN,Unknown,230188920
/vessels/details/230467308,BIAO 04673-8-60,Unknown,230467308
/vessels/details/230600002,2306-2-99,Unknown,230600002
/vessels/details/230212611,ZHELINYU21268-11-68,Unknown,230212611
/vessels/details/230763740,05637-40-,Unknown,230763740
/vessels/details/230565109,05651-9-99,Unknown,230565109
/vessels/details/230370019,23037-19-99,Unknown,230370019
/vessels/details/230428544,04285-44-90,Unknown,230428544
/vessels/details/230166704,MINXIAYU01667-4-81,Unknown,230166704
/vessels/details/230721900,XYY21900-237.8V,Unknown,230721900
/vessels/details/230700443,JOHAN JE 2 BOUEE 22,Unknown,230700443
/vessels/details/230287929,04879-29-88,Unknown,230287929
/vessels/details/230608643,05086-43-82,Unknown,230608643
/vessels/details/230646332,04463-32-99,Unknown,230646332
/vessels/details/230667815,05678-15-71,Unknown,230667815
/vessels/details/230927704,LIAOYINGYU25277-4,Unknown,230927704
/vessels/details/230936012,SUQIYU03601-027.9V,Unknown,230936012
/vessels/details/230600003,2306-3-99,Unknown,230600003
/vessels/details/230967808,05678-8-73,Unknown,230967808
/vessels/details/230086102,MINQUANYU00861-0266,Unknown,230086102
/vessels/details/230125807,MIN01258-7-66,Unknown,230125807
/vessels/details/230462815,04628-15-50,Unknown,230462815
/vessels/details/230933343,05333-43-82,Unknown,230933343
/vessels/details/230140914,14093-14-65,Unknown,230140914
/vessels/details/230889813,08898-13-67,Unknown,230889813
/vessels/details/230304925,0049-25-81,Unknown,230304925
/vessels/details/230024827,YUEZHANYU00248-27-,Unknown,230024827
/vessels/details/230600009,23060-9-99,Unknown,230600009
/vessels/details/230763739,05637-39-46,Unknown,230763739
/vessels/details/230626808,YU 06268-8-70,Unknown,230626808
/vessels/details/230183152,01831-52-36,Unknown,230183152
/vessels/details/230740921,04409-21-48,Unknown,230740921
/vessels/details/230228810,BIAO 02288-10-99,Unknown,230228810
/vessels/details/230102813,01028-13-91,Unknown,230102813
/vessels/details/230871814,60718-14,Unknown,230871814
/vessels/details/230535612,SHENG05356-12-99,Unknown,230535612
/vessels/details/230809906,08099-6-57,Unknown,230809906
/vessels/details/230002764,0276-4-74,Unknown,230002764
/vessels/details/230456964,04569-6499,Unknown,230456964
/vessels/details/230982519,FUDING09825-19-94,Unknown,230982519
/vessels/details/230336848,03368-48-96,Unknown,230336848
/vessels/details/230880014,23088-14,Unknown,230880014
/vessels/details/230801907,SUGUANYUNYU03019-7-,Unknown,230801907
/vessels/details/230845905,09459-548,Unknown,230845905
/vessels/details/230370026,23037-26-99,Unknown,230370026
/vessels/details/230956610,09566-10 90,Unknown,230956610
/vessels/details/230360014,61536-14-95,Unknown,230360014
/vessels/details/230428818,LIN 04288-18-85,Unknown,230428818
/vessels/details/230391630,LUCHENGYU60916-30,Unknown,230391630
/vessels/details/230866213,08662-13-77,Unknown,230866213
/vessels/details/230283905,04839-5-95,Unknown,230283905
/vessels/details/230528897,WEI889-7-87,Unknown,230528897
/vessels/details/230745813,09458-13-68,Unknown,230745813
/vessels/details/230748145,SUGANYU04481-45-69,Unknown,230748145
/vessels/details/230302904,WANGBIAO3029-4-63,Unknown,230302904
/vessels/details/230001481,NET-23-ZSY0148101,Unknown,230001481
/vessels/details/230462822,04628-22-62,Unknown,230462822
/vessels/details/230740936,04409-36-92,Unknown,230740936
/vessels/details/230102820,01028-20-99,Unknown,230102820
/vessels/details/230888809,230 FA -9 90,Unknown,230888809
/vessels/details/230265126,02651-26 50,Unknown,230265126
/vessels/details/230748103,SUGANYU04481-3-99,Unknown,230748103
/vessels/details/230100003,09482-21-47,Unknown,230100003
/vessels/details/230013488,ZSY13488-2301,Unknown,230013488
/vessels/details/230228813,BIAO 02288-13-75,Unknown,230228813
/vessels/details/230528415,05284-15-91,Unknown,230528415
/vessels/details/230102815,01028-15-89,Unknown,230102815
/vessels/details/230558631,05586-31-51,Unknown,230558631
/vessels/details/230058813,588-13-63,Unknown,230058813
/vessels/details/230136278,6278-76,Unknown,230136278
/vessels/details/230902930,04029-30-78,Unknown,230902930
/vessels/details/230982603,FUDING09826-3-86,Unknown,230982603
/vessels/details/230131316,01313-16-83,Unknown,230131316
/vessels/details/230266610,YU 02666-10-67,Unknown,230266610
/vessels/details/230436110,SUQIYU03636-1108.2V,Unknown,230436110
/vessels/details/230428307,04283-7-99,Unknown,230428307
/vessels/details/230109919,01099-19-99,Unknown,230109919
/vessels/details/230866108,TIE LONG 08661-8-99,Unknown,230866108
/vessels/details/230180010,23018-10-82,Unknown,230180010
/vessels/details/230098809,YU 00988-9-89,Unknown,230098809
/vessels/details/230228805,BIAO 02288-5-98,Unknown,230228805
/vessels/details/230821359,LXK21359-237.8V,Unknown,230821359
/vessels/details/230767904,HONGRUI09679-4-92,Unknown,230767904
/vessels/details/230190530,GUIYU01905-30-65,Unknown,230190530
/vessels/details/230626210,04262-10-41,Unknown,230626210
/vessels/details/230968234,SUGANYU05682-34-99,Unknown,230968234
/vessels/details/230190505,ZHELINYU01905-05-10,Unknown,230190505
/vessels/details/230248888,23024-40,Unknown,230248888
/vessels/details/230700437,JOHAN JE 2 BOUEE 9,Unknown,230700437
/vessels/details/230948602,09486-291,Unknown,230948602
/vessels/details/230190507,GUIYU01905-07-94,Unknown,230190507
/vessels/details/230588888,88888-5-38,Unknown,230588888
/vessels/details/230130847,01308-47-87,Unknown,230130847
/vessels/details/230410606,4106-6-80,Unknown,230410606
/vessels/details/230638122,SUGANYU05381-22-62,Unknown,230638122
/vessels/details/230186818,JILUANYU01868-18-38,Unknown,230186818
/vessels/details/230287938,56528-18-49,Unknown,230287938
/vessels/details/230838909,04389-9-30,Unknown,230838909
/vessels/details/230812615,0812615-98,Unknown,230812615
/vessels/details/230102817,01028-17-99,Unknown,230102817
/vessels/details/230680027,23068-2788,Unknown,230680027
/vessels/details/230682175,6821117-5-42,Unknown,230682175
/vessels/details/230912909,60129-9-88,Unknown,230912909
/vessels/details/230811560,15115-6072,Unknown,230811560
/vessels/details/230988905,9889-5-38,Unknown,230988905
/vessels/details/230982523,FUDING09825-23-92,Unknown,230982523
/vessels/details/230966704,9667-A4-42,Unknown,230966704
/vessels/details/230151023,23015-23,Unknown,230151023
/vessels/details/230997012,ZHESANYU09970-12-61,Unknown,230997012
/vessels/details/230216917,ZHELINYU21698-12-49,Unknown,230216917
/vessels/details/230221622,02216-22-57,Unknown,230221622
/vessels/details/230666302,6663-2-99,Unknown,230666302
/vessels/details/230672024,ZHEDAIYU218-24 90,Unknown,230672024
/vessels/details/230888002,888-02-87,Unknown,230888002
/vessels/details/230515012,575-12-99,Unknown,230515012
/vessels/details/230736820,03368-20-62,Unknown,230736820
/vessels/details/230410618,4106-18-84,Unknown,230410618
/vessels/details/230948644,04486-44-63,Unknown,230948644
/vessels/details/230219202,02192-2-92,Unknown,230219202
/vessels/details/230768904,04689-04-53,Unknown,230768904
/vessels/details/230199902,01999-02-66,Unknown,230199902
/vessels/details/230741272,09412-72-71,Unknown,230741272
/vessels/details/230000112,2300-12-99,Unknown,230000112
/vessels/details/230200010,23020-10-86,Unknown,230200010
/vessels/details/230201382,SHUN LI 666,Unknown,230201382
/vessels/details/230491826,JICAOYU04918-26-02,Unknown,230491826
/vessels/details/230508801,ZHESHANYU05088-1-,Unknown,230508801
/vessels/details/230102811,01028-11-84,Unknown,230102811
/vessels/details/230896612,SUGANYU04966-12-41,Unknown,230896612
/vessels/details/230041070,POPO,Unknown,230041070
/vessels/details/230496806,4968-6-99,Unknown,230496806
/vessels/details/230287920,04879-20-42,Unknown,230287920
/vessels/details/230467310,BIAO 04673-10-46,Unknown,230467310
/vessels/details/230663224,05632-24-97,Unknown,230663224
/vessels/details/230302049,06096-B11-95,Unknown,230302049
/vessels/details/230840809,09408-901,Unknown,230840809
/vessels/details/230700450,BOUEE BAYOTA,Unknown,230700450
/vessels/details/230007844,04029-4-36,Unknown,230007844
/vessels/details/230761701,09617-1-71,Unknown,230761701
/vessels/details/230451608,04516-08-82,Unknown,230451608
/vessels/details/230360001,23036 1 39,Unknown,230360001
/vessels/details/230370013,23037-13-26,Unknown,230370013
/vessels/details/230949302,04493-2-56,Unknown,230949302
/vessels/details/230716606,04166-6-85,Unknown,230716606
/vessels/details/230450371,04503-71-85,Unknown,230450371
/vessels/details/230073119,YU 00731-19-50,Unknown,230073119
/vessels/details/230738871,ZHESHENG07388-71-,Unknown,230738871
/vessels/details/230066822,00668-22-42,Unknown,230066822
/vessels/details/230967815,05678-15-98,Unknown,230967815
/vessels/details/230518801,ZHECANGYU05188-1-92,Unknown,230518801
/vessels/details/230370011,23037-11-72,Unknown,230370011
/vessels/details/230095901,00959-1-89,Unknown,230095901
/vessels/details/230843942,SUGANYU04439-42-94,Unknown,230843942
/vessels/details/230817701,08177-1-73,Unknown,230817701
/vessels/details/230850607,63506-7-48,Unknown,230850607
/vessels/details/230486623,ZHEDAIYU04866-23-,Unknown,230486623
/vessels/details/230449311,04493-11-94,Unknown,230449311
/vessels/details/230332395,0323-95-43,Unknown,230332395
/vessels/details/230767907,HONGRUI09679-7-04,Unknown,230767907
/vessels/details/230700444,BOUEE BAYOTA,Unknown,230700444
