url,name,type,imo
/vessels/details/9893931,EVER ARM,Container Ship,9893931
/vessels/details/9893943,EVER ART,Container Ship,9893943
/vessels/details/9861782,CSC PREEMINENCE,Bulk Carrier,9861782
/vessels/details/9860063,CSC VICTOR,Bulk Carrier,9860063
/vessels/details/9861770,CSC CREATOR,Bulk Carrier,9861770
/vessels/details/9673812,C.S CHALLENGE,Bulk Carrier,9673812
/vessels/details/9673848,CS SUSTAINABILITY,Bulk Carrier,9673848
/vessels/details/9479230,C.S. INNOVATOR,Bulk Carrier,9479230
/vessels/details/9832987,CHINA STEEL HARMONY,Bulk Carrier,9832987
/vessels/details/9832975,CHINA STEEL LIBERTY,Bulk Carrier,9832975
/vessels/details/9629108,EVER LYRIC,Container Ship,9629108
/vessels/details/9629093,EVER LUNAR,Container Ship,9629093
/vessels/details/9629055,EVER LUCID,Container Ship,9629055
/vessels/details/9595486,EVER LIBRA,Container Ship,9595486
/vessels/details/9604158,EVER LOYAL,Container Ship,9604158
/vessels/details/9604081,EVER LOGIC,Container Ship,9604081
/vessels/details/9595527,EVER LIVEN,Container Ship,9595527
/vessels/details/9462706,YM UBIQUITY,Container Ship,9462706
/vessels/details/9462718,YM UNANIMITY,Container Ship,9462718
/vessels/details/9462691,YM UNIFORMITY,Container Ship,9462691
/vessels/details/9462720,YM UPSURGENCE,Container Ship,9462720
/vessels/details/9462732,YM UNICORN,Container Ship,9462732
/vessels/details/9919371,CEMTEX EXCELLENCE,Bulk Carrier,9919371
/vessels/details/9567623,TAIPOWER PROSPERITY8,Bulk Carrier,9567623
/vessels/details/9567609,TAIPOWER PROSPERITY6,Bulk Carrier,9567609
/vessels/details/9567594,TAIPOWER PROSPERITY5,Bulk Carrier,9567594
/vessels/details/9567611,TAIPOWER PROSPERITY7,Bulk Carrier,9567611
/vessels/details/9496599,YM ESSENCE,Container Ship,9496599
/vessels/details/9496460,YM EVOLUTION,Container Ship,9496460
/vessels/details/9679660,CEMTEX HUNTER,Bulk Carrier,9679660
/vessels/details/9454278,KM SYDNEY,Bulk Carrier,9454278
/vessels/details/9787027,EVER BLOOM,Container Ship,9787027
/vessels/details/9786968,EVER BASIS,Container Ship,9786968
/vessels/details/9787003,EVER BEAMY,Container Ship,9787003
/vessels/details/9786944,EVER BALMY,Container Ship,9786944
/vessels/details/9786982,EVER BEADY,Container Ship,9786982
/vessels/details/9790050,EVER BOARD,Container Ship,9790050
/vessels/details/9790098,EVER BLINK,Container Ship,9790098
/vessels/details/9784142,EVER BEING,Container Ship,9784142
/vessels/details/9784128,EVER BEFIT,Container Ship,9784128
/vessels/details/9790074,EVER BLESS,Container Ship,9790074
/vessels/details/9665152,CSE GLORY EXPRESS,Bulk Carrier,9665152
/vessels/details/9665164,CSE FORTUNE EXPRESS,Bulk Carrier,9665164
/vessels/details/9167461,KANWAY GLOBAL,Container Ship,9167461
/vessels/details/9213492,TAIPEI EXPRESS,Ro-Ro Cargo Ship,9213492
/vessels/details/9904534,EVER CAREER,Container Ship,9904534
/vessels/details/9904508,EVER CREATE,Container Ship,9904508
/vessels/details/9904522,EVER CONVEY,Container Ship,9904522
/vessels/details/9202211,UNI-PROMOTE,Container Ship,9202211
/vessels/details/9202235,UNI PROBITY,Container Ship,9202235
/vessels/details/9202247,UNI PROSPER,Container Ship,9202247
/vessels/details/9345635,CSE CLIPPER EXPRESS,Bulk Carrier,9345635
/vessels/details/9493262,WAN HAI 272,Container Ship,9493262
/vessels/details/9493250,WAN HAI 271,Container Ship,9493250
/vessels/details/9493286,WAN HAI 275,Container Ship,9493286
/vessels/details/9493274,WAN HAI 273,Container Ship,9493274
/vessels/details/1026312,TAHO COMPLIANCE,Cement Carrier,1026312
/vessels/details/9800403,TAHO AFRICA,Cement Carrier,9800403
/vessels/details/9800415,TAHO OCEANIA,Cement Carrier,9800415
/vessels/details/9319131,YM IMMENSE,Container Ship,9319131
/vessels/details/9334002,YM INAUGURATION,Container Ship,9334002
/vessels/details/9319129,YM IDEALS,Container Ship,9319129
/vessels/details/9319117,YM INTELLIGENT,Container Ship,9319117
/vessels/details/9299317,YM HAWK,Container Ship,9299317
/vessels/details/9299329,YM HARMONY,Container Ship,9299329
/vessels/details/9301263,YM HORIZON,Container Ship,9301263
/vessels/details/9301275,YM HEIGHTS,Container Ship,9301275
/vessels/details/9172313,KUO CHANG,Container Ship,9172313
/vessels/details/9130547,UNI ACTIVE,Container Ship,9130547
/vessels/details/9130559,UNI ADROIT,Container Ship,9130559
/vessels/details/9248411,LI SHENG,Limestone Carrier,9248411
/vessels/details/9596349,WAN HAI 103,Container Ship,9596349
/vessels/details/9493298,WAN HAI 101,Container Ship,9493298
/vessels/details/9362566,TEH VICTORY,Container Ship,9362566
/vessels/details/9112832,ASIA CEMENT NO.6,Cement Carrier,9112832
/vessels/details/8806254,ASIA CEMENT NO.3,Cement Carrier,8806254
/vessels/details/9045170,ASIA CEMENT NO.5,Cement Carrier,9045170
/vessels/details/9656565,GIMPO SHUN,General Cargo Ship,9656565
/vessels/details/9882384,GLORY DYNASTY,General Cargo Ship,9882384
/vessels/details/9325726,NATION PROSPERITY 3,General Cargo Ship,9325726
/vessels/details/9227041,DERYOUNG SUNSHINE,General Cargo Ship,9227041
/vessels/details/9364863,YUSHO STELLA,General Cargo Ship,9364863
/vessels/details/9983279,ASIA CEMENT NO.9,Cement Carrier,9983279
/vessels/details/9085065,DONG YONG NO.8,General Cargo Ship,9085065
/vessels/details/9194086,TA HWA,General Cargo Ship,9194086
/vessels/details/9601807,HIGHLY ADVANCED,General Cargo Ship,9601807
/vessels/details/7930175,CHEN YU NO.7,Refrigerated Cargo Ship,7930175
/vessels/details/7920869,SHENG HONG,Refrigerated Cargo Ship,7920869
/vessels/details/9959864,PESCADORES BRAVE,General Cargo Ship,9959864
/vessels/details/9119282,JI XIN,General Cargo Ship,9119282
/vessels/details/7323396,JIN HWEI NO. 101,Refrigerated Cargo Ship,7323396
/vessels/details/9606273,TA KING,General Cargo Ship,9606273
/vessels/details/7302031,YONG MAN SHUN,Refrigerated Cargo Ship,7302031
/vessels/details/7900663,YUAN TAI NO.806,Refrigerated Cargo Ship,7900663
/vessels/details/8989381,YAN YI,General Cargo Ship,8989381
/vessels/details/9242405,TAISHO MARU,General Cargo Ship,9242405
/vessels/details/8952443,JIN XIN,General Cargo Ship,8952443
/vessels/details/9633616,YAN YOU NO.3,General Cargo Ship,9633616
/vessels/details/9176175,SAM BO LUN,General Cargo Ship,9176175
/vessels/details/416003991,WU ZHOU HUI FENG,Cargo ship,416003991
/vessels/details/416005725,KUNG CHENG 6,Cargo ship,416005725
/vessels/details/416004709,SHUN LIAN NO.1,Cargo ship,416004709
/vessels/details/416000046,FU HSIANG NO.1,Cargo ship,416000046
/vessels/details/416900120,TAIN YU,Cargo ship,416900120
/vessels/details/416003952,MING FU NO.8,Cargo ship,416003952
/vessels/details/416004449,TA YANG,Cargo ship,416004449
/vessels/details/416000095,YIN LIAN,Cargo ship,416000095
/vessels/details/416005967,SHIN HWA NO.1,Cargo ship,416005967
/vessels/details/416000178,HUI FENG,Cargo ship,416000178
/vessels/details/416003775,CHUAN MAN NO.3,Cargo ship,416003775
/vessels/details/416006839,YE XIN,Cargo ship,416006839
/vessels/details/416012802,FUH SHYANG NO.3,Cargo ship,416012802
/vessels/details/416000131,AFU YUN,Cargo ship,416000131
/vessels/details/416000025,TAYIH,Cargo ship,416000025
/vessels/details/416004689,WU ZHOU FU JIANG,Cargo ship,416004689
/vessels/details/416071600,WU ZHOU CHONG QING,Cargo ship,416071600
/vessels/details/416008883,XIAN XIN,Cargo ship,416008883
/vessels/details/416004824,TA CHUNG,Cargo ship,416004824
/vessels/details/416006135,TA FENG,Cargo ship,416006135
/vessels/details/416007443,LIAN TONG NO.1,Cargo ship,416007443
/vessels/details/416000012,JIN MAN YI CT4-12,Cargo ship,416000012
/vessels/details/416004631,TA SHIN,Cargo ship,416004631
/vessels/details/416003895,CHEN CHANG,Cargo ship,416003895
/vessels/details/416003886,TA CHIN,Cargo ship,416003886
/vessels/details/416005824,PESCADORES POWER,Cargo ship,416005824
/vessels/details/416002493,LONG CHUN,Cargo ship,416002493
/vessels/details/416001018,1018,Cargo ship,416001018
/vessels/details/416000209,CHUAN FU,Cargo ship,416000209
/vessels/details/416010333,SHIN FA NO.3,Cargo ship,416010333
/vessels/details/416004721,LONG CHUN NO.2,Cargo ship,416004721
/vessels/details/416010432,YU WEI,Cargo ship,416010432
/vessels/details/416003909,WU ZHOU BAO PING,Cargo ship,416003909
/vessels/details/416004047,TA YING,Cargo ship,416004047
/vessels/details/416000101,LY YIH,Cargo ship,416000101
/vessels/details/416003028,KAO 901,Cargo ship,416003028
/vessels/details/416003813,DONG HAN,Cargo ship,416003813
/vessels/details/416004063,HANG WONE NO.1,Cargo ship,416004063
/vessels/details/416004093,SAM BO LUN,Cargo ship,416004093
/vessels/details/416381000,DONG YIN NO88,Cargo ship,416381000
/vessels/details/416008918,TA KUO YUAN,Cargo ship,416008918
/vessels/details/416000117,YU TAI NO1,Cargo ship,416000117
/vessels/details/416004998,WU ZHOU CHUANG YUAN,Cargo ship,416004998
/vessels/details/416006752,TA YU,Cargo ship,416006752
/vessels/details/416006911,PROSCHE 911,Cargo ship,416006911
/vessels/details/416012935,DONG HAN NO.2,Cargo ship,416012935
/vessels/details/416219151,FRRYING,Cargo ship,416219151
/vessels/details/416562830,RUNXIANG,Cargo ship,416562830
/vessels/details/416008500,CHAU-HSEN NO.6,Cargo ship,416008500
/vessels/details/6522127,TIEN MING NO. 1,Aggregates Carrier,6522127
/vessels/details/416000003,FU-BUOY-0377,Cargo ship,416000003
/vessels/details/9214719,HAIJUN DONG TUO 873,Cement Carrier,9214719
/vessels/details/416003960,WU ZHOU BAO PING,Cargo ship,416003960
/vessels/details/8006062,MISHIMA MARU,General Cargo Ship,8006062
/vessels/details/9502398,EVER GOOD NO. 66,General Cargo Ship,9502398
/vessels/details/416004008,WU CHOU HUI FENG,Cargo ship,416004008
/vessels/details/8965270,SHOUN MARU NO. 5,Aggregates Carrier,8965270
/vessels/details/416272099,COU YUAN888,Cargo ship,416272099
/vessels/details/416003958,WU ZHOU BAO PING,Cargo ship,416003958
/vessels/details/8825676,HAMAYOSHI MARU NO. 8,General Cargo Ship,8825676
/vessels/details/9134335,CHEN CHANG,General Cargo Ship,9134335
/vessels/details/416000004,416004 87,Cargo ship,416000004
/vessels/details/416614123,ADHJM,Cargo ship,416614123
/vessels/details/416430118,19588,Cargo ship,416430118
/vessels/details/416004079,TA YING H,Cargo ship,416004079
/vessels/details/8013699,HUNG LUNG,General Cargo Ship,8013699
/vessels/details/416807770,ZISHENG777,Cargo ship,416807770
/vessels/details/416978978,AIS TEST SHIP,Cargo ship,416978978
/vessels/details/416445555,TAI SHENG HUA NO3,Cargo ship,416445555
/vessels/details/416001111,SHENG PENG NO.3,Cargo ship,416001111
/vessels/details/8022274,TAISEI MARU,General Cargo Ship,8022274
/vessels/details/8609113,SHIN SANKYU MARU,General Cargo Ship,8609113
/vessels/details/416109197,HO YUAN,Cargo ship,416109197
/vessels/details/416200602,A15 0884,Cargo ship,416200602
/vessels/details/416015835,930346,Cargo ship,416015835
/vessels/details/416688688,AIS TEST,Cargo ship,416688688
/vessels/details/416003959,WU ZHOU BAO PING,Cargo ship,416003959
/vessels/details/416014641,960067,Cargo ship,416014641
/vessels/details/7935137,TAIYO MARU NO. 15,General Cargo Ship,7935137
/vessels/details/416210706,123456,Cargo ship,416210706
/vessels/details/416066644,KAI WEN,Cargo ship,416066644
/vessels/details/416000683,JIA YU MO8,Cargo ship,416000683
/vessels/details/8025226,JIN HOUNG NO. 8,General Cargo Ship,8025226
/vessels/details/8784389,DA FU,General Cargo Ship,8784389
/vessels/details/416003956,WU ZHOU BAO PING,Cargo ship,416003956
/vessels/details/6612518,HSING HWA,General Cargo Ship,6612518
/vessels/details/9015917,TIEN KUANG NO. 1,Nuclear Fuel Carrier,9015917
/vessels/details/416010405,FAR OCEAN,Cargo ship,416010405
/vessels/details/8920775,HORAI MARU NO. 1,Aggregates Carrier,8920775
/vessels/details/416950238,000000,Cargo ship,416950238
/vessels/details/416002705,FERN JYI NO.68,Cargo ship,416002705
/vessels/details/416000539,TEST,Cargo ship,416000539
/vessels/details/416008973,ZHENG HONG CAI NO.7,Cargo ship,416008973
/vessels/details/416000011,3330,Cargo ship,416000011
/vessels/details/5153230,TUNG CHIN,General Cargo Ship,5153230
/vessels/details/7824211,SUWA MARU NO. 11,Refrigerated Cargo Ship,7824211
/vessels/details/416518562,05881,Cargo ship,416518562
/vessels/details/7604441,HSIEN HANG NO. 1,General Cargo Ship,7604441
/vessels/details/416892999,9,Cargo ship,416892999
/vessels/details/6809173,UI TA,General Cargo Ship,6809173
/vessels/details/416003915,FU YUN,Cargo ship,416003915
/vessels/details/416008824,SHUN HAI LI,Cargo ship,416008824
/vessels/details/416067800,CHIEN JUI NO.102,Cargo ship,416067800
/vessels/details/8350994,EIKO MARU,General Cargo Ship,8350994
/vessels/details/9079597,OYARIKI MARU NO. 18,General Cargo Ship,9079597
/vessels/details/8774463,XIANG FA,Refrigerated Cargo Ship,8774463
/vessels/details/416325679,HAI SHUN 882,Cargo ship,416325679
/vessels/details/416495029,EVER LOYAL,Cargo ship (HAZ-D),416495029
/vessels/details/416009116,HUO LE NO.8,Cargo ship,416009116
/vessels/details/8504349,TAI FU NO. 8,General Cargo Ship,8504349
/vessels/details/416003910,WU ZHOU BAO PING,Cargo ship,416003910
/vessels/details/416888001,16888-1-91,Cargo ship,416888001
/vessels/details/416100916,TESTQQ,Cargo ship,416100916
/vessels/details/416003904,WU ZHOU BAO PING,Cargo ship,416003904
/vessels/details/416014835,921775,Cargo ship,416014835
/vessels/details/416669999,XIPU-34567,Cargo ship,416669999
/vessels/details/416988001,SL53 AMG,Cargo ship,416988001
/vessels/details/8630722,NIKKO MARU,General Cargo Ship,8630722
/vessels/details/8627232,SEIKO MARU,General Cargo Ship,8627232
/vessels/details/5186641,KIEN HWA,General Cargo Ship,5186641
/vessels/details/8135356,FUKUKO MARU,General Cargo Ship,8135356
/vessels/details/416078465,CU NO,Cargo ship,416078465
/vessels/details/416005123,DA WU NO.2,Cargo ship,416005123
/vessels/details/416030901,ZHENG HONG CAI NO.8,Cargo ship,416030901
/vessels/details/416303268,3268,Cargo ship,416303268
/vessels/details/416003047,JIN LING DAH FA,Cargo ship,416003047
/vessels/details/416059615,TAI YU 62792,Cargo ship,416059615
/vessels/details/416042169,88998,Cargo ship,416042169
/vessels/details/416014812,920188,Cargo ship,416014812
/vessels/details/416523189,SHUN.FA.79,Cargo ship,416523189
/vessels/details/8627220,SHINSEI MARU,General Cargo Ship,8627220
/vessels/details/416010896,CHANG AN NO.1,Cargo ship,416010896
/vessels/details/7737925,MING TE,General Cargo Ship,7737925
/vessels/details/416000157,I HSIN,Cargo ship,416000157
/vessels/details/8785230,OCEAN WARRIOR,General Cargo Ship,8785230
/vessels/details/9037109,TIAN JI NO. 1,Ro-Ro Cargo Ship,9037109
/vessels/details/416560942,111JZJZ,Cargo ship,416560942
/vessels/details/9140669,NISSEI MARU,General Cargo Ship,9140669
/vessels/details/416892988,1,Cargo ship,416892988
/vessels/details/416888974,SNOEI DEI TSAI,Cargo ship,416888974
/vessels/details/6522139,TIEN MING NO. 2,Aggregates Carrier,6522139
/vessels/details/416772174,AIS100,Cargo ship,416772174
/vessels/details/6502658,KWANMIN,General Cargo Ship,6502658
/vessels/details/8614792,HOSEI MARU NO. 35,General Cargo Ship,8614792
/vessels/details/416992079,PKFB U 952 2079,Cargo ship,416992079
/vessels/details/416001449,SIN MAN RONG NO.16,Cargo ship,416001449
/vessels/details/7908615,TAI FU,General Cargo Ship,7908615
/vessels/details/8005238,THANG LONG,General Cargo Ship,8005238
/vessels/details/7104568,PARAISO,Refrigerated Cargo Ship,7104568
/vessels/details/8627062,SUMIHISA MARU,General Cargo Ship,8627062
/vessels/details/416321123,HOSM AIS TEST SHIP,Cargo ship,416321123
/vessels/details/416000268,YUFA268,Cargo ship,416000268
/vessels/details/416013942,OCEAN SURVEYOR 8,Cargo ship,416013942
/vessels/details/416066641,QING XIONG,Cargo ship,416066641
/vessels/details/9156694,OOMINE,General Cargo Ship,9156694
/vessels/details/7220037,HAI HSIUNG,General Cargo Ship,7220037
/vessels/details/9981219,AN YUN,Chemical/Oil Products Tanker,9981219
/vessels/details/9737022,SHENG YUN,Oil Products Tanker,9737022
/vessels/details/9737010,HONG YUN,Oil Products Tanker,9737010
/vessels/details/9566356,TONG YUN,Oil Products Tanker,9566356
/vessels/details/9566344,HUA YUN,Oil Products Tanker,9566344
/vessels/details/9913767,FPMC S RUBY,Chemical/Oil Products Tanker,9913767
/vessels/details/9913755,FPMC S EMERALD,Chemical/Oil Products Tanker,9913755
/vessels/details/9913779,FPMC S SAPPHIRE,Chemical/Oil Products Tanker,9913779
/vessels/details/9913743,FPMC S AMBER,Chemical/Oil Products Tanker,9913743
/vessels/details/9589982,DER YUN,Chemical/Oil Products Tanker,9589982
/vessels/details/9977775,PING YUN,Chemical/Oil Products Tanker,9977775
/vessels/details/9060613,NEW ENERGY,Oil Products Tanker,9060613
/vessels/details/9276456,BAO SHAN NO3,Oil Products Tanker,9276456
/vessels/details/9531351,TONG YEA NO9,Chemical/Oil Products Tanker,9531351
/vessels/details/9814569,CHUNG YU NO.21,Oil Products Tanker,9814569
/vessels/details/9814571,CHUNG YU NO.22,Oil Products Tanker,9814571
/vessels/details/9254288,TONG YEA NO.7,Caprolactam Tanker,9254288
/vessels/details/9874624,TAIAN NO.2,Oil Products Tanker,9874624
/vessels/details/9805415,TAIAN,Chemical/Oil Products Tanker,9805415
/vessels/details/8890786,TAI HUNG,Oil Products Tanker,8890786
/vessels/details/8966418,BAO SHAN I,Oil Products Tanker,8966418
/vessels/details/8732879,BAO SHAN NO.2,Oil Products Tanker,8732879
/vessels/details/8910639,TONG YEA NO.3,Oil Products Tanker,8910639
/vessels/details/9820087,CHUNG YU NO.19,Bunkering Tanker,9820087
/vessels/details/9820063,CHUNG YU16,Bunkering Tanker,9820063
/vessels/details/9820075,CHUNG YU NO.18,Bunkering Tanker,9820075
/vessels/details/9919149,TAI HONG,Oil Products Tanker,9919149
/vessels/details/8877332,KAO 308,Water Tanker,8877332
/vessels/details/9105449,HON YUN,Oil Products Tanker,9105449
/vessels/details/416174700,YOUNG SHUN NO1,Tanker,416174700
/vessels/details/416009746,SONG HE NO.1,Tanker,416009746
/vessels/details/416003925,KAO NO.145,Tanker,416003925
/vessels/details/416777100,PADDY SAM,Tanker,416777100
/vessels/details/8877382,CHUNG YOU NO. 9,Oil Products Tanker,8877382
/vessels/details/416556276,1,Tanker,416556276
/vessels/details/8934180,TAIWAN FUEL,Oil Products Tanker,8934180
/vessels/details/8033041,SEA BRIDGE NO. 2,Chemical Tanker,8033041
/vessels/details/8924458,CHENG KING NO. 1,Oil Products Tanker,8924458
/vessels/details/416005882,LONG SHUN NO.1,Tanker,416005882
/vessels/details/8877368,CHUNG YOU NO. 11,Oil Products Tanker,8877368
/vessels/details/416557788,09865375,Tanker,416557788
/vessels/details/8033039,SEA BRIDGE NO. 1,Chemical Tanker,8033039
/vessels/details/8033027,CHUNG YOU NO. 7,Oil Products Tanker,8033027
/vessels/details/8877370,CHUNG YOU NO. 10,Oil Products Tanker,8877370
/vessels/details/7641607,PING SHAN,Oil Products Tanker,7641607
/vessels/details/416556268,66IWANYU00000,Tanker,416556268
/vessels/details/8732881,CHI SHAN,Oil Products Tanker,8732881
/vessels/details/1027885,NEW TAIWAN FUEL,Oil Products Tanker,1027885
/vessels/details/8876065,SHIN HWA NO. 8,Oil Products Tanker,8876065
/vessels/details/8702898,SHOU SHAN NO. 3,Oil Products Tanker,8702898
/vessels/details/8877356,CHUNG YOU NO. 12,Oil Products Tanker,8877356
/vessels/details/416975555,JI LONG,Tanker,416975555
/vessels/details/7737731,CHUNG 801,Water Tanker,7737731
/vessels/details/8312552,SEIKO MARU,Oil Products Tanker,8312552
/vessels/details/9975856,PENGHU,Passenger/Ro-Ro Cargo Ship,9975856
/vessels/details/9939709,NEW TAIMA,Passenger/Ro-Ro Cargo Ship,9939709
/vessels/details/9684938,TAIMA STAR,Passenger/Ro-Ro Cargo Ship,9684938
/vessels/details/9838149,RIKULAU,Passenger Ship,9838149
/vessels/details/9838151,BLUE MAGPIE,Passenger Ship,9838151
/vessels/details/9009205,KING MEN EXPRESS,Passenger Ship,9009205
/vessels/details/9308742,KAI SHIUAN NO. 6,Passenger Ship,9308742
/vessels/details/9826134,TAI JI JHIH SING NO2,Passenger Ship,9826134
/vessels/details/9846342,NEW ORIENTAL,Passenger Ship,9846342
/vessels/details/9900617,GOLDEN STAR 8,Passenger Ship,9900617
/vessels/details/9820386,JIN XING NO 6,Passenger Ship,9820386
/vessels/details/9814557,MARCOPOLO 1,Passenger Ship,9814557
/vessels/details/8877265,WU CHIANG,Passenger Ship,8877265
/vessels/details/9746308,SHIANG SHIN,Passenger Ship,9746308
/vessels/details/416002202,TIPM NO.41101,Passenger ship,416002202
/vessels/details/416005336,CHERNG SHYANG,Passenger ship,416005336
/vessels/details/416012309,SHIONGZHAN NO.2,Passenger ship,416012309
/vessels/details/416006841,LEUCO SAPPHIRE NO.1,Passenger ship,416006841
/vessels/details/416006678,PHOENIX,Passenger ship,416006678
/vessels/details/416009806,SHIONGZHAN NO.1,Passenger ship,416009806
/vessels/details/416006219,HAI AN NO.10,Passenger ship,416006219
/vessels/details/416000321,GREEN ISLAND STAR 2,Passenger ship,416000321
/vessels/details/416006229,DE YI NO.8,Passenger ship,416006229
/vessels/details/416004045,GOLD STAR NO.9,Passenger ship,416004045
/vessels/details/416005330,HAI YOU NO.13,Passenger ship,416005330
/vessels/details/416000008,DUO LUO MAN NO1,Passenger ship,416000008
/vessels/details/416006328,SIN YANG NO.18,Passenger ship,416006328
/vessels/details/416006214,HAI SHANG MING ZHU,Passenger ship,416006214
/vessels/details/416006496,TAIPEI CRUISE NO.3,Passenger ship,416006496
/vessels/details/416003976,HAPPINESS,Passenger ship,416003976
/vessels/details/416005774,GREEN ISLAND SUCCESS,Passenger ship,416005774
/vessels/details/416006337,HONG SING NO.1,Passenger ship,416006337
/vessels/details/416000112,KUANG CHENG NO.6,Passenger ship,416000112
/vessels/details/416002224,CHI GU NO.1,Passenger ship,416002224
/vessels/details/416004671,YEA YING NO.18,Passenger ship,416004671
/vessels/details/416004681,TAI JI JHIH SING,Passenger ship,416004681
/vessels/details/416008895,CHAO-JING ARK 1,Passenger ship,416008895
/vessels/details/416006212,JIN BA DA NO.116,Passenger ship,416006212
/vessels/details/416006223,HAI AN NO.28,Passenger ship,416006223
/vessels/details/416003884,PING AN,Passenger ship,416003884
/vessels/details/416010741,ALICE,Passenger ship,416010741
/vessels/details/416003141,GUI SHAN ZHAO RI NO2,Passenger ship,416003141
/vessels/details/416006677,PHENOM,Passenger ship,416006677
/vessels/details/416006294,HSI PEI,Passenger ship,416006294
/vessels/details/416004735,TAI FU 3,Passenger ship,416004735
/vessels/details/416006346,TONG PAN STAR,Passenger ship,416006346
/vessels/details/416004568,DA I,Passenger ship,416004568
/vessels/details/416006391,DA FU NO.2,Passenger ship,416006391
/vessels/details/416006842,LEUCO SAPPHIRE 2,Passenger ship,416006842
/vessels/details/416004736,HONG SHUN NO.6,Passenger ship,416004736
/vessels/details/416000256,KING BA DA NO 3,Passenger ship,416000256
/vessels/details/416004784,TUNGHAI PEARL,Passenger ship,416004784
/vessels/details/416004336,WU CHIN,Passenger ship,416004336
/vessels/details/416005356,DE YI NO.28,Passenger ship,416005356
/vessels/details/416005704,CHI FU NO.2,Passenger ship,416005704
/vessels/details/416008959,FEIMA 3,Passenger ship,416008959
/vessels/details/416165800,KING XIA CRUISE,Passenger ship,416165800
/vessels/details/416005445,CHI FU NO1,Passenger ship,416005445
/vessels/details/416005319,DE YI NO.10,Passenger ship,416005319
/vessels/details/416004678,CHYUN YI,Passenger ship,416004678
/vessels/details/416006236,QING WAN NO.3,Passenger ship,416006236
/vessels/details/416003975,HEALTH,Passenger ship,416003975
/vessels/details/416002502,KAO 201,Passenger ship,416002502
/vessels/details/416012602,URANUS NO.21,Passenger ship,416012602
/vessels/details/416006363,SHUN FENG NO.122,Passenger ship,416006363
/vessels/details/416000537,GOLDEN DRAGON,Passenger ship,416000537
/vessels/details/416004733,TAI FU 1,Passenger ship,416004733
/vessels/details/416009652,HAI ZHI LIAN,Passenger ship,416009652
/vessels/details/416006381,DISCOVER NO5,Passenger ship,416006381
/vessels/details/416000169,KAI SHIUAN NO.1,Passenger ship,416000169
/vessels/details/416176600,DA JHONG HUA NO.8,Passenger ship,416176600
/vessels/details/416230700,TSV-1,Passenger ship,416230700
/vessels/details/416006246,SHAN HU JIAO NO6,Passenger ship,416006246
/vessels/details/416415000,GOLD STAR NO.3,Passenger ship,416415000
/vessels/details/416002429,JEN AY,Passenger ship,416002429
/vessels/details/416006378,DISCOVER NO1,Passenger ship,416006378
/vessels/details/416000254,EVEASTAR,Passenger ship,416000254
/vessels/details/416002823,GUI SHAN ZHAO RI,Passenger ship,416002823
/vessels/details/416004832,DANCEWOODS NO.1,Passenger ship,416004832
/vessels/details/416006235,QING WAN NO.2,Passenger ship,416006235
/vessels/details/416004734,TAI FU 2,Passenger ship,416004734
/vessels/details/416247800,NANHAI STAR2,Passenger ship,416247800
/vessels/details/416004456,GREEN ISLAND STAR,Passenger ship,416004456
/vessels/details/416006843,LEUCO SAPPHIRE 3,Passenger ship,416006843
/vessels/details/416002977,NANHAI STAR,Passenger ship,416002977
/vessels/details/416002431,GUANG RONG,Passenger ship,416002431
/vessels/details/416003258,KAISHIUAN NO.12,Passenger ship,416003258
/vessels/details/416006497,TAIPEI CRUISE NO.7,Passenger ship,416006497
/vessels/details/416004920,HAI YOU NO.10,Passenger ship,416004920
/vessels/details/416004171,YUH LONG NO.66,Passenger ship,416004171
/vessels/details/416002225,CHI GU NO.2,Passenger ship,416002225
/vessels/details/416004337,PAO PI,Passenger ship,416004337
/vessels/details/416003027,GUANG HUI,Passenger ship,416003027
/vessels/details/416005114,KINGBADA NO.10,Passenger ship,416005114
/vessels/details/416006459,YE YAN NO.767,Passenger ship,416006459
/vessels/details/416006307,HAI YO NO.40,Passenger ship,416006307
/vessels/details/416174800,KAI SHIUAN NO.3,Passenger ship,416174800
/vessels/details/416008189,LIUXIN,Passenger ship,416008189
/vessels/details/416004804,MING JU NO.8,Passenger ship,416004804
/vessels/details/416002212,CHAO JI XING NO.3,Passenger ship,416002212
/vessels/details/416005753,DA FU NO1,Passenger ship,416005753
/vessels/details/416004335,HAI SAN,Passenger ship,416004335
/vessels/details/416005108,KINGBADA NO.6,Passenger ship,416005108
/vessels/details/416005569,HAE YANG NO.11,Passenger ship,416005569
/vessels/details/416006377,RE HAI NO.1,Passenger ship,416006377
/vessels/details/416006286,HONG SING NO.10,Passenger ship,416006286
/vessels/details/416004833,DANCEWOODS NO2,Passenger ship,416004833
/vessels/details/416003885,SHING FU,Passenger ship,416003885
/vessels/details/416006352,SIAO CHOU YU NO.6,Passenger ship,416006352
/vessels/details/416125800,ALL STAR NO.3,Passenger ship,416125800
/vessels/details/416006921,DOUBLE LUCKY,Passenger ship,416006921
/vessels/details/416004405,JISHUN NO6,Passenger ship,416004405
/vessels/details/416004138,KAOHSIUNG,Passenger ship,416004138
/vessels/details/416000100,DONG JI LUCKY,Passenger ship,416000100
/vessels/details/416006274,PHIN YUH FWU,Passenger ship,416006274
/vessels/details/416005448,JIN LIE ZHI XING,Passenger ship,416005448
/vessels/details/416006362,SHUN FENG NO.126,Passenger ship,416006362
/vessels/details/416006773,SOUTH-NORTH STAR,Passenger ship,416006773
/vessels/details/416006279,HAIYOU NO.50,Passenger ship,416006279
/vessels/details/416130500,URANUS,Passenger ship,416130500
/vessels/details/416006498,TAIPEI CRUISE NO.8,Passenger ship,416006498
/vessels/details/416006357,SHUN FENG NO.66,Passenger ship,416006357
/vessels/details/416900070,TAI WU,Passenger ship,416900070
/vessels/details/416005642,DA PENG BAY 6,Passenger ship,416005642
/vessels/details/416006351,SIAO CHOU YU NO.1,Passenger ship,416006351
/vessels/details/416004561,ALL STAR NO2,Passenger ship,416004561
/vessels/details/416005616,XIN KING XIANG LOONG,Passenger ship,416005616
/vessels/details/416004989,DONG SHENG 11,Passenger ship,416004989
/vessels/details/416006379,DISCOVER NO3,Passenger ship,416006379
/vessels/details/416008909,DA FU NO.3,Passenger ship,416008909
/vessels/details/416005520,HAI YOU NO.20,Passenger ship,416005520
/vessels/details/416003104,XIN FU FENG NO.168,Passenger ship,416003104
/vessels/details/416008024,GOLDEN PEACE,Passenger ship,416008024
/vessels/details/416006642,SEA PEARL NO.3,Passenger ship,416006642
/vessels/details/416005086,KAI SHIUAN NO.6,Passenger ship,416005086
/vessels/details/416004377,LAN JING,Passenger ship,416004377
/vessels/details/416007489,ASIA PACIFIC YACHT8,Passenger ship,416007489
/vessels/details/416006369,BO KE NO.2,Passenger ship,416006369
/vessels/details/416006303,CHANG HORNG NO.1,Passenger ship,416006303
/vessels/details/8966432,HENG AN NO. 1,Passenger Ship,8966432
/vessels/details/416004531,HAE YANG NO.88,Passenger ship,416004531
/vessels/details/416006228,QINGSONG YI XIA,Passenger ship,416006228
/vessels/details/416006358,SHUN FENG NO.68,Passenger ship,416006358
/vessels/details/416005271,SHAN HU TAN NO.2,Passenger ship,416005271
/vessels/details/416006753,JENN YANG SHENG NO.1,Passenger ship,416006753
/vessels/details/416006263,LI LONG,Passenger ship,416006263
/vessels/details/416011163,FU CHI LA ZAN,Passenger ship,416011163
/vessels/details/416007484,NAN YI NO.88,Passenger ship,416007484
/vessels/details/416006296,YU TZOU NO.3,Passenger ship,416006296
/vessels/details/416013016,WAN NIAN XING NO.1,Passenger ship,416013016
/vessels/details/416005349,CAPE PARADISE NO5,Passenger ship,416005349
/vessels/details/416004645,MEI HUA GONG JUU NO1,Passenger ship,416004645
/vessels/details/416005364,CHUAN QI,Passenger ship,416005364
/vessels/details/416014802,GUNG LI,Passenger ship,416014802
/vessels/details/416004707,RIVER,Passenger ship,416004707
/vessels/details/416005450,YUEH SHU YA,Passenger ship,416005450
/vessels/details/416005267,CHYNG FENG,Passenger ship,416005267
/vessels/details/416004627,OCEAN WHALE,Passenger ship,416004627
/vessels/details/416006398,SHIHJIJHIHSING NO168,Passenger ship,416006398
/vessels/details/416006224,XIANG JI NO.1,Passenger ship,416006224
/vessels/details/416005568,SAOCEANS,Passenger ship,416005568
/vessels/details/416006332,YIN HAI NO.10,Passenger ship,416006332
/vessels/details/9275086,TAI JI JHIH SING,Passenger Ship,9275086
/vessels/details/416003188,DA DONG BEI NO.6,Passenger ship,416003188
/vessels/details/416011162,MORNING STAR,Passenger ship,416011162
/vessels/details/416003968,EIGHT ZHAO STAR,Passenger ship,416003968
/vessels/details/9043706,SUNSHINE,Passenger Ship,9043706
/vessels/details/416009107,LAN HAI WU NO.1,Passenger ship,416009107
/vessels/details/416006499,TAIPEI CRUISE NO.9,Passenger ship,416006499
/vessels/details/416004712,LONG XIN NO.1,Passenger ship,416004712
/vessels/details/416004199,HUNG SHUN NO1,Passenger ship,416004199
/vessels/details/416009324,CIAN YANG NO.66,Passenger ship,416009324
/vessels/details/416006623,FU GUEI WAN NO.888,Passenger ship,416006623
/vessels/details/416006705,YONG YI NO.5,Passenger ship,416006705
/vessels/details/8816065,SUPERSTAR,Passenger Ship,8816065
/vessels/details/9227845,GOLD STAR NO 9,Passenger Ship,9227845
/vessels/details/9095462,BLUE SKY NO. 1,Passenger Ship,9095462
/vessels/details/8966341,SHIN TAI,Passenger Ship,8966341
/vessels/details/416006249,SHAN HU JIAO,Passenger ship,416006249
/vessels/details/416011701,JOLLIBEAR,Passenger ship,416011701
/vessels/details/416008986,HAI KUEI,Passenger ship,416008986
/vessels/details/416006399,SHIHJIJHIHSING NO888,Passenger ship,416006399
/vessels/details/416000274,BEIJIN STAR,Passenger ship,416000274
/vessels/details/8707044,SEA CHATEAU,Passenger Ship,8707044
/vessels/details/416006697,DAQIU NO2,Passenger ship,416006697
/vessels/details/416006933,JI SHUN NO.10,Passenger ship,416006933
/vessels/details/416008844,PEN GJI NO 1,Passenger ship,416008844
/vessels/details/416006329,LONG YING NO.1,Passenger ship,416006329
/vessels/details/416005499,WO AI KEN DING,Passenger ship,416005499
/vessels/details/416003876,GAR MAA LAN,Passenger ship,416003876
/vessels/details/416004257,EN YING NO.1,Passenger ship,416004257
/vessels/details/416005185,DU LI AN NO.1,Passenger ship,416005185
/vessels/details/416009456,LANG HUA WAN,Passenger ship,416009456
/vessels/details/416003949,CHU KUANG,Passenger ship,416003949
/vessels/details/9849849,JIN LIE ZHI XING,Passenger Ship,9849849
/vessels/details/416006757,AURA,Passenger ship,416006757
/vessels/details/416009515,TRIDENT,Passenger ship,416009515
/vessels/details/416006291,HAI WANG TZV NO.8,Passenger ship,416006291
/vessels/details/416006217,ALL STAR NO.12,Passenger ship,416006217
/vessels/details/416006335,YIN HE NO.1,Passenger ship,416006335
/vessels/details/416005351,YI HE,Passenger ship,416005351
/vessels/details/8966212,TIAN HOU NO. 1,Passenger Ship,8966212
/vessels/details/416006285,TSAN HAI,Passenger ship,416006285
/vessels/details/9072381,TUNG HSIN,Passenger Ship,9072381
/vessels/details/416006226,XIANG JI NO.6,Passenger ship,416006226
/vessels/details/416005350,CAPE PARADISE NO6,Passenger ship,416005350
/vessels/details/416006929,SEA GIANT,Passenger ship,416006929
/vessels/details/416011348,BAISHA STAR 2,Passenger ship,416011348
/vessels/details/7330868,TOBIUO NO. 2,Passenger Ship,7330868
/vessels/details/416005212,COOL MAN,Passenger ship,416005212
/vessels/details/416005352,YA BO,Passenger ship,416005352
/vessels/details/416012796,HE HAI,Passenger ship,416012796
/vessels/details/416006225,JU HANG NO.58,Passenger ship,416006225
/vessels/details/416007287,HAI PAI DUI,Passenger ship,416007287
/vessels/details/416009165,WANGAN STAR,Passenger ship,416009165
/vessels/details/416006231,XIN BEI HAI QIN,Passenger ship,416006231
/vessels/details/416006255,JU HANG NO.18,Passenger ship,416006255
/vessels/details/416006262,HAI DI MAN BU,Passenger ship,416006262
/vessels/details/416006254,JU HANG NO.8,Passenger ship,416006254
/vessels/details/416002635,KAE SHING,Passenger ship,416002635
/vessels/details/416003891,SHIN TZYH LIH NO.1,Passenger ship,416003891
/vessels/details/1022380,TAI JI JHIH SING NO. 3,Passenger Ship,1022380
/vessels/details/416006289,SHIN LAI FA NO.10,Passenger ship,416006289
/vessels/details/1088346,KAI SHIUAN NO. 8,Passenger Ship,1088346
/vessels/details/1091238,SOUTH-NORTH STAR 2,Passenger Ship,1091238
/vessels/details/416006376,ANSHENGNO2,Passenger ship,416006376
/vessels/details/8877409,CHI MEI LUEN,Passenger Ship,8877409
/vessels/details/416005440,CHU KUANG STAR,Passenger ship,416005440
/vessels/details/416009666,DAILY OCEAN,Passenger ship,416009666
/vessels/details/416009547,CHWAN LAO DAH NO.7,Passenger ship,416009547
/vessels/details/9064255,URANUS,Passenger Ship,9064255
/vessels/details/416006298,YU TZOU,Passenger ship,416006298
/vessels/details/9202936,SASAYURI,Passenger Ship,9202936
/vessels/details/8876912,FUKI NO. 8,Passenger Ship,8876912
/vessels/details/8966406,TAI WU,Passenger Ship,8966406
/vessels/details/416006256,JU HANG NO.68,Passenger ship,416006256
/vessels/details/416008971,DONG CYUAN NO.168,Passenger ship,416008971
/vessels/details/416009617,YIN YI,Passenger ship,416009617
/vessels/details/416002727,HAI JING,Passenger ship,416002727
/vessels/details/416006311,DEI YI NO.20,Passenger ship,416006311
/vessels/details/8858881,QUEEN ZAMAMI,Passenger Ship,8858881
/vessels/details/416006316,PENGHULYUYOUWANJIA,Passenger ship,416006316
/vessels/details/416006309,LIAN SIA,Passenger ship,416006309
/vessels/details/416008571,YN HAE NO.18,Passenger ship,416008571
/vessels/details/416006237,QING WAN NO.8,Passenger ship,416006237
/vessels/details/8899706,PIONEER,Passenger Ship,8899706
/vessels/details/7714430,NEW LAN YU,Passenger/General Cargo Ship,7714430
/vessels/details/416006208,JN BA DA NO.16,Passenger ship,416006208
/vessels/details/416008978,STARFISH520,Passenger ship,416008978
/vessels/details/416004593,DE YI NO.2,Passenger ship,416004593
/vessels/details/416012105,NAN YI NO.168,Passenger ship,416012105
/vessels/details/416006341,KUANG CHENG NO.3,Passenger ship,416006341
/vessels/details/416009326,KU DA NO.2,Passenger ship,416009326
/vessels/details/416009327,A-FU,Passenger ship,416009327
/vessels/details/7714076,UTSUMI NO. 2,Passenger/Ro-Ro Cargo Ship,7714076
/vessels/details/416005896,JASMINE BAY,Passenger ship,416005896
/vessels/details/416006308,REN SHIAU YAU NO.2,Passenger ship,416006308
/vessels/details/416003196,JIN HORNG SHING NO.8,Passenger ship,416003196
/vessels/details/416006202,LAN HAI TUN NO.1,Passenger ship,416006202
/vessels/details/416012775,DONG YING NO.168,Passenger ship,416012775
/vessels/details/416002053,FU KUO,Passenger ship,416002053
/vessels/details/8824294,AKINADA,Passenger Ship,8824294
/vessels/details/1091226,SOUTH-NORTH STAR,Passenger Ship,1091226
/vessels/details/416005406,QI FENG NO.12,Passenger ship,416005406
/vessels/details/416006371,BO KE NO.6,Passenger ship,416006371
/vessels/details/416009649,DA PENG NO.3,Passenger ship,416009649
/vessels/details/416000375,HER FUH YUAN,Passenger ship,416000375
/vessels/details/9162136,UNICORN,Passenger/Ro-Ro Cargo Ship,9162136
/vessels/details/416006293,JIN DIAN SHENG 168,Passenger ship,416006293
/vessels/details/416162171,0,Passenger ship,416162171
/vessels/details/416006331,YIN HAI NO.12,Passenger ship,416006331
/vessels/details/416006209,KINGBADA NO.68,Passenger ship,416006209
/vessels/details/416005348,MING SHUN NO.5,Passenger ship,416005348
/vessels/details/416008645,JIN HAE NO.17,Passenger ship,416008645
/vessels/details/416007491,DISCOVERY NO.8,Passenger ship,416007491
/vessels/details/416006242,AN TONG,Passenger ship,416006242
/vessels/details/416006353,SIAO CHOU YU NO.8,Passenger ship,416006353
/vessels/details/416006877,CHUAN SHUO,Passenger ship,416006877
/vessels/details/416005648,HA LA WAN,Passenger ship,416005648
/vessels/details/416701007,SMILING STARS,Passenger ship,416701007
/vessels/details/416006211,JIN BA DA NO.88,Passenger ship,416006211
/vessels/details/416005020,DIAMOND KING,Passenger ship,416005020
/vessels/details/416012079,WU CHIOU NO.1,Passenger ship,416012079
/vessels/details/416006334,YIN HAI NO.16,Passenger ship,416006334
/vessels/details/7709241,HENG AN,Passenger/General Cargo Ship,7709241
/vessels/details/416003101,ROEI AN NO.6,Passenger ship,416003101
/vessels/details/416005649,NEI TAI KONG NO.168,Passenger ship,416005649
/vessels/details/416005407,QI FENG NO.39,Passenger ship,416005407
/vessels/details/416006245,DONG FANG ZHI XING 1,Passenger ship,416006245
/vessels/details/416004953,A LII BA BA,Passenger ship,416004953
/vessels/details/416006327,MING YANG NO.8,Passenger ship,416006327
/vessels/details/416009162,RI XU,Passenger ship,416009162
/vessels/details/416003539,AN HER SHUENN,Passenger ship,416003539
/vessels/details/416006313,PENGHULYUYOUWANJIA 8,Passenger ship,416006313
/vessels/details/7908988,SUN SHINE,Passenger Ship,7908988
/vessels/details/1024118,WIN POWER NO.707,Fishing Vessel,1024118
/vessels/details/9054468,FISHERY RESEARCHER 1,Fishing Support Vessel,9054468
/vessels/details/1130163,NEW PROSPERITY,Fishing Vessel,1130163
/vessels/details/9637818,HSUN HU NO9,Fishing Support Vessel,9637818
/vessels/details/9637806,HSUN HU NO.8,Fishing Support Vessel,9637806
/vessels/details/9922354,WIN FAR NO.618,Fishing Vessel,9922354
/vessels/details/8597669,WINFARNO.628,Fishing Vessel,8597669
/vessels/details/9870862,WIN FOREVER NO. 707,Fishing Vessel,9870862
/vessels/details/9035254,VIVA FAFA707,Fishing Vessel,9035254
/vessels/details/9923645,JIH YU 568,Fishing Vessel,9923645
/vessels/details/9868637,WIN RICH 707,Fishing Vessel,9868637
/vessels/details/8676647,AN FONG NO.116,Fishing Vessel,8676647
/vessels/details/8676635,AN FONG NO.111,Fishing Vessel,8676635
/vessels/details/8676623,HSIANG HO NO.88,Fishing Vessel,8676623
/vessels/details/9765976,JIH YU NO768,Fishing Vessel,9765976
/vessels/details/9781542,JIH YU NO.868,Fishing Vessel,9781542
/vessels/details/9794745,JIH YU NO.168,Fishing Vessel,9794745
/vessels/details/8681496,CHUN I NO.1,Fishing Vessel,8681496
/vessels/details/9712137,FONG KUO NO.828,Fishing Vessel,9712137
/vessels/details/9732876,JIH YU NO.668,Fishing Vessel,9732876
/vessels/details/9972270,AN FONG NO.868,Fishing Vessel,9972270
/vessels/details/9789582,HSIEH FENG NO.788,Fishing Vessel,9789582
/vessels/details/9680164,JIH YU NO.968,Fishing Vessel,9680164
/vessels/details/9804265,HSIEH FENG NO.789,Fishing Vessel,9804265
/vessels/details/9674244,FONG KUO 889,Fishing Vessel,9674244
/vessels/details/8749236,FU KUAN 808,Fishing Vessel,8749236
/vessels/details/9959010,AN FONG NO.888,Fishing Vessel,9959010
/vessels/details/9764271,FONG KUO NO.688,Fishing Vessel,9764271
/vessels/details/9925863,SHUENN MAN NO.23,Fishing Vessel,9925863
/vessels/details/9913731,FA DA CAI,Fishing Vessel,9913731
/vessels/details/9862633,FULL LOAD NO.518,Fishing Vessel,9862633
/vessels/details/9857846,JIA LONG,Fishing Vessel,9857846
/vessels/details/9858319,HSIANG CHING TSAI,Fishing Vessel,9858319
/vessels/details/9899741,DAH MING NO.8,Fishing Vessel,9899741
/vessels/details/9902940,YI DA FA,Fishing Vessel,9902940
/vessels/details/9887322,GUO TONG 101,Fishing Vessel,9887322
/vessels/details/9738703,FAIR BRAVO 707,Fishing Vessel,9738703
/vessels/details/9857054,FULL LOAD NO.898,Fishing Vessel,9857054
/vessels/details/9856165,ZI DA HSIN,Fishing Vessel,9856165
/vessels/details/9885128,HSIANG YUN WANG,Fishing Vessel,9885128
/vessels/details/8996346,FAIR WELL NO.707,Fishing Vessel,8996346
/vessels/details/9669079,NEW FAIR DISCOVERY,Fishing Vessel,9669079
/vessels/details/9890513,WIN FAR YANG NO.1,Fishing Vessel,9890513
/vessels/details/9887413,CHUN I NO.6,Fishing Vessel,9887413
/vessels/details/9842700,SHUENN MAN NO100,Fishing Vessel,9842700
/vessels/details/9862956,YUH SHENG NO.1,Fishing Vessel,9862956
/vessels/details/9832171,ZI DA HONG,Fishing Vessel,9832171
/vessels/details/9340283,FULL KUO 1 0 1,Fishing Vessel,9340283
/vessels/details/9842633,HSIANG HO NO.8,Fishing Vessel,9842633
/vessels/details/9844631,WIN FAR SHENG NO.3,Fishing Vessel,9844631
/vessels/details/9844411,WIN FAR YU NO.2,Fishing Vessel,9844411
/vessels/details/9874076,HSIN DAH MING NO.16,Fishing Vessel,9874076
/vessels/details/9766750,SHUENN MAN NO.273,Fishing Vessel,9766750
/vessels/details/9340295,FU KUO NO. 106,Fishing Vessel,9340295
/vessels/details/8684797,JENQ DA MING,Fishing Vessel,8684797
/vessels/details/9828637,AN FONG NO.188,Fishing Vessel,9828637
/vessels/details/9766700,FULL LOAD NO.858,Fishing Vessel,9766700
/vessels/details/9785249,CHUN FU FA NO.6,Fishing Vessel,9785249
/vessels/details/9842035,SHINTORNGSHING,Fishing Vessel,9842035
/vessels/details/8676491,SHIN YANG,Fishing Vessel,8676491
/vessels/details/8849440,YU SHIUN NO.2,Fishing Vessel,8849440
/vessels/details/9797307,AN FONG NO.138,Fishing Vessel,9797307
/vessels/details/8684503,JIH DA YNG,Fishing Vessel,8684503
/vessels/details/8686410,FULLLOAD NO189,Fishing Vessel,8686410
/vessels/details/8678487,FU KUO NO.6,Fishing Vessel,8678487
/vessels/details/9766712,JAI FA NO.8,Fishing Vessel,9766712
/vessels/details/9799575,AN FONG NO.168,Fishing Vessel,9799575
/vessels/details/9753521,FULL LOAD NO.538,Fishing Vessel,9753521
/vessels/details/8996334,ZI DA YE,Fishing Vessel,8996334
/vessels/details/8748646,FONG KUO NO.866,Fishing Vessel,8748646
/vessels/details/8996322,ZI LI FA,Fishing Vessel,8996322
/vessels/details/9769233,AN FONG NO 158,Fishing Vessel,9769233
/vessels/details/8665155,LIAN RONG,Fishing Vessel,8665155
/vessels/details/9780550,FU CHIAN,Fishing Vessel,9780550
/vessels/details/9797151,SHIN DAR,Fishing Vessel,9797151
/vessels/details/9741853,WIN FAR HUI NO 6,Fishing Vessel,9741853
/vessels/details/8685014,FULLLOADNO558,Fishing Vessel,8685014
/vessels/details/9769001,JYI YANG,Fishing Vessel,9769001
/vessels/details/9768992,PENG YANG,Fishing Vessel,9768992
/vessels/details/8676659,AN FONG NO.118,Fishing Vessel,8676659
/vessels/details/8684785,FU KUO NO.1,Fishing Vessel,8684785
/vessels/details/9777979,AN FONG NO.136,Fishing Vessel,9777979
/vessels/details/8684905,JAI FA NO.2,Fishing Vessel,8684905
/vessels/details/8684993,HSIN DAN MING NO.6,Fishing Vessel,8684993
/vessels/details/9766724,FULL LOAD NO168,Fishing Vessel,9766724
/vessels/details/8684450,CHIN LIN,Fishing Vessel,8684450
/vessels/details/8687622,FU SHEN NO.212,Fishing Vessel,8687622
/vessels/details/9751236,WIN FAR YING 8,Fishing Vessel,9751236
/vessels/details/9697399,WIN FAR FU NO 1,Fishing Vessel,9697399
/vessels/details/8686214,LUNG SOON FA NO.1,Fishing Vessel,8686214
/vessels/details/8686082,LIEN DAR,Fishing Vessel,8686082
/vessels/details/8966200,HSIANG HAO NO6,Fishing Vessel,8966200
/vessels/details/8676685,CHUN HA0,Fishing Vessel,8676685
/vessels/details/9766748,MAN SHUEN FA,Fishing Vessel,9766748
/vessels/details/8747252,WIN FAR 636,Fishing Vessel,8747252
/vessels/details/8747240,WIN FAR NO626,Fishing Vessel,8747240
/vessels/details/9766736,PEI YUH NO18,Fishing Vessel,9766736
/vessels/details/8684981,JIN YI,Fishing Vessel,8684981
/vessels/details/8747343,WIN FAR TSAIR NO616,Fishing Vessel,8747343
/vessels/details/8747965,MAAN SHIAN 12,Fishing Vessel,8747965
/vessels/details/8684852,FULL LOAD NO.818,Fishing Vessel,8684852
/vessels/details/8676661,SHUENN MAN 626,Fishing Vessel,8676661
/vessels/details/8682074,XING HUASHENG 669,Fishing Vessel,8682074
/vessels/details/8686020,SHUENN MAN NO.99,Fishing Vessel,8686020
/vessels/details/8682086,XING HUA SHENG NO. 686,Fishing Vessel,8682086
/vessels/details/8682062,XING HUA SHENG NO616,Fishing Vessel,8682062
/vessels/details/8682098,HUA SHENG NO.636,Fishing Vessel,8682098
/vessels/details/8748000,JIIN TA HORNG NO. 168,Fishing Vessel,8748000
/vessels/details/8628559,TA CHING 666,Fishing Vessel,8628559
/vessels/details/8690148,MENG WEN NO. 666,Fishing Vessel,8690148
/vessels/details/7234210,LIAN JYI HSING,Fish Carrier,7234210
/vessels/details/7121956,HO YUAN,Fish Carrier,7121956
/vessels/details/8747381,WIN YU YIH,Fishing Vessel,8747381
/vessels/details/8687660,HSIANG CHING ZAI,Fishing Vessel,8687660
/vessels/details/8686159,SHUENN MAN NO. 1,Fishing Vessel,8686159
/vessels/details/8947242,JIH DA GAN,Fishing Vessel,8947242
/vessels/details/8996085,PEI SHENG NO. 8,Fishing Vessel,8996085
/vessels/details/8684498,LIAN CHI CHENG NO. 3,Fishing Vessel,8684498
/vessels/details/8680959,HSIANG MAN CHING,Fishing Vessel,8680959
/vessels/details/8656312,SOLAR NO. 101,Fishing Vessel,8656312
/vessels/details/8655605,TAH YUAN NO. 11,Fishing Vessel,8655605
/vessels/details/8680521,YUH LONG FA,Fishing Vessel,8680521
/vessels/details/8947149,YONG DAH MING,Fishing Vessel,8947149
/vessels/details/8680454,HER YANG NO. 1,Fishing Vessel,8680454
/vessels/details/9819791,CHUN I NO.12,Fishing Vessel,9819791
/vessels/details/8698073,EAGLE NO. 16,Fishing Vessel,8698073
/vessels/details/8961975,I MAN HUNG,Fishing Vessel,8961975
/vessels/details/8673085,YNG HSING NO. 23,Fishing Vessel,8673085
/vessels/details/8748854,CHUN I NO. 236,Fishing Vessel,8748854
/vessels/details/8431372,SHIN YEOU NO. 16,Fishing Vessel,8431372
/vessels/details/8664644,YI HONG,Fishing Vessel,8664644
/vessels/details/8431334,HWA KUN NO. 168,Fishing Vessel,8431334
/vessels/details/8985359,YONG SHENG NO. 2,Fishing Vessel,8985359
/vessels/details/8429898,CHIN CHENG MING,Fishing Vessel,8429898
/vessels/details/8648638,SHANG SHUN NO. 668,Fishing Vessel,8648638
/vessels/details/8430512,YU FENG NO. 116,Fishing Vessel,8430512
/vessels/details/8661197,CHIN YUAN WEN,Fishing Vessel,8661197
/vessels/details/9108958,SHENG FAN NO. 119,Fishing Vessel,9108958
/vessels/details/8431073,LI CHYUN NO. 2,Fishing Vessel,8431073
/vessels/details/8430823,HSIN I HSIANG NO. 11,Fishing Vessel,8430823
/vessels/details/8648339,CHIEN WEI NO.3,Fishing Vessel,8648339
/vessels/details/8749511,CHIN HORNG NO. 3,Fishing Vessel,8749511
/vessels/details/8651336,CHIN HUNG YUN NO. 37,Fishing Vessel,8651336
/vessels/details/8822741,FENG KUO NO. 636,Fishing Vessel,8822741
/vessels/details/8943806,MAAN FWU NO. 168,Fishing Vessel,8943806
/vessels/details/8943753,MAAN FWU NO. 668,Fishing Vessel,8943753
/vessels/details/8655289,HSIANG MAN SHING,Fishing Vessel,8655289
/vessels/details/9198147,SHANG SHUN NO. 622,Fishing Vessel,9198147
/vessels/details/8649046,SHYANG CHYANG NO. 888,Fishing Vessel,8649046
/vessels/details/8656790,FULL KUO SHENG,Fishing Vessel,8656790
/vessels/details/8674821,SHYE SHIN NO. 31,Fishing Vessel,8674821
/vessels/details/8652225,FU YUAN NO. 2,Fishing Vessel,8652225
/vessels/details/8961494,HSIEH TA,Fishing Vessel,8961494
/vessels/details/8936308,KAO HSIN NO. 6,Fishing Vessel,8936308
/vessels/details/9108984,KAO HSIN NO. 3,Fishing Vessel,9108984
/vessels/details/8661484,YING FA HSIANG NO. 368,Fishing Vessel,8661484
/vessels/details/8652770,HUANG FU,Fishing Vessel,8652770
/vessels/details/8947383,LIAN HORNG NO. 777,Fishing Vessel,8947383
/vessels/details/8947577,SHUN YU,Fishing Vessel,8947577
/vessels/details/8629242,YANG SHUN NO. 6,Fishing Vessel,8629242
/vessels/details/8651128,JIN FONG SHUUN,Fishing Vessel,8651128
/vessels/details/8649060,LUNG SOON NO. 126,Fishing Vessel,8649060
/vessels/details/8648248,CHEN HSING NO. 1,Fishing Vessel,8648248
/vessels/details/8629216,CHIAN HAUR,Fishing Vessel,8629216
/vessels/details/8674340,HSIANG HER,Fishing Vessel,8674340
/vessels/details/8676271,HAU SHEN NO. 236,Fishing Vessel,8676271
/vessels/details/8749896,CHIEN CHYANG,Fishing Vessel,8749896
/vessels/details/8648236,WEI FA,Fishing Vessel,8648236
/vessels/details/8673138,YING CHIA HSIANG,Fishing Vessel,8673138
/vessels/details/8648779,MENG FA NO. 322,Fishing Vessel,8648779
/vessels/details/8749597,WIN LONG,Fishing Vessel,8749597
/vessels/details/9967885,LIAN YU WANG NO.6,Fishing Vessel,9967885
/vessels/details/9875496,YUAN MAN,Fishing Vessel,9875496
/vessels/details/8749315,FUH SHENG NO. 11,Fishing Vessel,8749315
/vessels/details/9870551,LIAN YU CHYUAN NO.6,Fishing Vessel,9870551
/vessels/details/8629254,YI TIAN,Fishing Vessel,8629254
/vessels/details/8648676,KUANG MEI,Fishing Vessel,8648676
/vessels/details/8648195,SHENG FA,Fishing Vessel,8648195
/vessels/details/9763825,MAAN FWU NO. 666,Fishing Vessel,9763825
/vessels/details/9813589,YUH YEOU NO. 136,Fishing Vessel,9813589
/vessels/details/9931018,SHUNSHENGNO.688,Fishing Vessel,9931018
/vessels/details/9731339,JIIN SHUN HORNG NO. 3,Fishing Vessel,9731339
/vessels/details/8629292,GREAT OCEAN II,Fishing Vessel,8629292
/vessels/details/9806598,DE HAI NO. 26,Fishing Vessel,9806598
/vessels/details/8849464,YU JIAN NO. 2,Fishing Support Vessel,8849464
/vessels/details/9775787,SIN HUA FONG NO. 168,Fishing Vessel,9775787
/vessels/details/8674780,YI JEN CHUN NO. 668,Fishing Vessel,8674780
/vessels/details/9643568,JOHO,Fishing Vessel,9643568
/vessels/details/8749080,JIN JINN YI NO. 36,Fishing Vessel,8749080
/vessels/details/8749092,JIN JINN YI NO. 66,Fishing Vessel,8749092
/vessels/details/8748749,MAAN YIH FENG NO. 366,Fishing Vessel,8748749
/vessels/details/9970973,FISHERY RESEARCHER 3,Fishing Support Vessel,9970973
/vessels/details/9970985,FISHERY RESEARCHER 6,Fishing Support Vessel,9970985
/vessels/details/416001158,SHUENN HWANG JINN,Fishing vessel,416001158
/vessels/details/416005504,JIIN SHUN HORNGNO106,Fishing vessel,416005504
/vessels/details/416005103,SHANG DA,Fishing vessel,416005103
/vessels/details/416104500,JIN ROEI YIH NO.37,Fishing vessel,416104500
/vessels/details/416212500,JIN SHUN FU,Fishing vessel,416212500
/vessels/details/416008879,HAI YUO,Fishing vessel,416008879
/vessels/details/416004816,YU YNG,Fishing vessel,416004816
/vessels/details/416083600,JIN SHYANG YIH .168,Fishing vessel,416083600
/vessels/details/416001802,JIN FA CAI,Fishing vessel,416001802
/vessels/details/416000458,DA CHANG NO.8,Fishing vessel,416000458
/vessels/details/416001055,KAE SHENQ NO.16,Fishing vessel,416001055
/vessels/details/416001789,YEONG HORNG FA,Fishing vessel,416001789
/vessels/details/416000434,DA YI FA 36,Fishing vessel,416000434
/vessels/details/416002347,SHUANG SIANG MAN NO1,Fishing vessel,416002347
/vessels/details/416008379,SHIN LONG NO 168,Fishing vessel,416008379
/vessels/details/416004992,GONG ZHU NO168,Fishing vessel,416004992
/vessels/details/416368000,YI SHUN,Fishing vessel,416368000
/vessels/details/416705000,SHENG HAI NO.127,Fishing vessel,416705000
/vessels/details/416005501,SHENG DAR NO 6,Fishing vessel,416005501
/vessels/details/416005116,DA TONG 6,Fishing vessel,416005116
/vessels/details/416003932,KAI SHENG NO.7,Fishing vessel,416003932
/vessels/details/416055600,SNYANGMAAN NO368,Fishing vessel,416055600
/vessels/details/416006647,WANQ SHENG,Fishing vessel,416006647
/vessels/details/416003688,JIA FA TSAIR,Fishing vessel,416003688
/vessels/details/416007687,SHIN LIH CHUEN NO168,Fishing vessel,416007687
/vessels/details/416005131,SIN MAN NO.58,Fishing vessel,416005131
/vessels/details/416001384,XIN RI CAI,Fishing vessel,416001384
/vessels/details/416008131,YI FONG,Fishing vessel,416008131
/vessels/details/416004137,DA CHANG NO 1,Fishing vessel,416004137
/vessels/details/416001504,FWU SHUENN NO.86,Fishing vessel,416001504
/vessels/details/416004948,YOU FONG NO 268,Fishing vessel,416004948
/vessels/details/416004428,DAH HER JY SHING,Fishing vessel,416004428
/vessels/details/416004215,SHENG YI LI NO.68,Fishing vessel,416004215
/vessels/details/416001225,YU PAI TSAIR NO.2,Fishing vessel,416001225
/vessels/details/416004178,YU FONG CAI NO.6,Fishing vessel,416004178
/vessels/details/416001205,XIECHUNMAN7,Fishing vessel,416001205
/vessels/details/416001124,JYI FENG NO16,Fishing vessel,416001124
/vessels/details/416204900,TAIN DELI NO6,Fishing vessel,416204900
/vessels/details/416001362,JIN LONG FA NO.66,Fishing vessel,416001362
/vessels/details/416004518,CHUAN YU NO36,Fishing vessel,416004518
/vessels/details/416004717,HAE YANG MING SHING,Fishing vessel,416004717
/vessels/details/416005011,QIAN CHUN NO.168,Fishing vessel,416005011
/vessels/details/416002028,TAI JI CHENG NO 2,Fishing vessel,416002028
/vessels/details/416001868,RYH YANG NO.17,Fishing vessel,416001868
/vessels/details/416005931,ZI DA WANG,Fishing vessel,416005931
/vessels/details/416008477,SHENG JIN TSAIR NO.2,Fishing vessel,416008477
/vessels/details/416007077,SHENG DAR NO8,Fishing vessel,416007077
/vessels/details/416009778,CTS-7465,Fishing vessel,416009778
/vessels/details/416004454,JIN ROEI YIH NO.66,Fishing vessel,416004454
/vessels/details/416008711,SHENQ JYI YU,Fishing vessel,416008711
/vessels/details/416772000,SHANG FENG NO.3,Fishing vessel,416772000
/vessels/details/416004317,CHYI SHING NO.2,Fishing vessel,416004317
/vessels/details/416000356,SHUENN RONG 12,Fishing vessel,416000356
/vessels/details/416000111,0,Fishing vessel,416000111
/vessels/details/416000498,SAN SHYE SHUENN NO26,Fishing vessel,416000498
/vessels/details/416004466,SHUENN FENG YU NO268,Fishing vessel,416004466
/vessels/details/416002062,SHARK,Fishing vessel,416002062
/vessels/details/416002639,SHENQ FENG TSAIR,Fishing vessel,416002639
/vessels/details/416000964,JIN YUAN CHUEN NO.16,Fishing vessel,416000964
/vessels/details/416006889,TONG LI 185,Fishing vessel,416006889
/vessels/details/416005583,YOU XING NO.28,Fishing vessel,416005583
/vessels/details/416003025,DRAGON HEARTS,Fishing vessel,416003025
/vessels/details/416112500,HUNG FU NO.88,Fishing vessel,416112500
/vessels/details/416803000,YUAN TAI,Fishing vessel,416803000
/vessels/details/416001825,SHENG FWU JINN NO.12,Fishing vessel,416001825
/vessels/details/416005327,JIN JI LI NO 88,Fishing vessel,416005327
/vessels/details/416005778,AN XIONG NO8,Fishing vessel,416005778
/vessels/details/416084600,SHIN SHING SHENGNO23,Fishing vessel,416084600
/vessels/details/416011442,FWU DER,Fishing vessel,416011442
/vessels/details/416009818,HORNG CHUEN 6,Fishing vessel,416009818
/vessels/details/416005981,HAPPY STAR,Fishing vessel,416005981
/vessels/details/416004756,HWA LUEN,Fishing vessel,416004756
/vessels/details/416000362,HER SHENG NO3,Fishing vessel,416000362
/vessels/details/416005012,QIAN CHUN NO.68,Fishing vessel,416005012
/vessels/details/416005239,DA TONG 1,Fishing vessel,416005239
/vessels/details/416804000,JIN HWEI SHIANG,Fishing vessel,416804000
/vessels/details/416004613,KINGBADA,Fishing vessel,416004613
/vessels/details/416191700,SHENG FENG NO.18,Fishing vessel,416191700
/vessels/details/416004504,YI CAI FA,Fishing vessel,416004504
/vessels/details/416250500,JI SIANG NO.68,Fishing vessel,416250500
/vessels/details/416190700,SAN SAN,Fishing vessel,416190700
/vessels/details/416003422,HARNG HAE JIA,Fishing vessel,416003422
/vessels/details/416000312,CHARNG SHINN NO.2,Fishing vessel,416000312
/vessels/details/416003286,AY JY CHWAN,Fishing vessel,416003286
/vessels/details/416005032,MAAN HER SHING,Fishing vessel,416005032
/vessels/details/416000487,FWU SHENG NO.1,Fishing vessel,416000487
/vessels/details/416007537,SHING FA NO.168,Fishing vessel,416007537
/vessels/details/416187900,HAO JI,Fishing vessel,416187900
/vessels/details/416004727,YOU TIING WANG TZY,Fishing vessel,416004727
/vessels/details/416003600,8,Fishing vessel,416003600
/vessels/details/416011751,SHENG YI FA168,Fishing vessel,416011751
/vessels/details/416006632,SHING FENG,Fishing vessel,416006632
/vessels/details/416005081,DONG MING,Fishing vessel,416005081
/vessels/details/416002534,MING TSAI LI NO.26,Fishing vessel,416002534
/vessels/details/416006918,XIAO SHUAI NO3,Fishing vessel,416006918
/vessels/details/416001779,SHIN YU SHENQ NO.3,Fishing vessel,416001779
/vessels/details/416120600,LUNG SOON NO282,Fishing vessel,416120600
/vessels/details/416189900,JIN YI NO168,Fishing vessel,416189900
/vessels/details/416001605,JINN FA TSAIR NO.66,Fishing vessel,416001605
/vessels/details/416005302,JIN JI LI NO.66,Fishing vessel,416005302
/vessels/details/416007793,FWU YNG,Fishing vessel,416007793
/vessels/details/416006892,YANG MING NO 888-,Fishing vessel,416006892
/vessels/details/416001284,YIH SHYANG TSAI NO6,Fishing vessel,416001284
/vessels/details/416003014,SHANQ HAUR 168,Fishing vessel,416003014
/vessels/details/416004084,TE CHENG NO16,Fishing vessel,416004084
/vessels/details/416005837,SHUENN LIH NO58,Fishing vessel,416005837
/vessels/details/416007555,HENG JYI SHENG,Fishing vessel,416007555
/vessels/details/416001689,JIAN CHENG NO 19,Fishing vessel,416001689
/vessels/details/416001542,SHENG YUAN SIANG 168,Fishing vessel,416001542
/vessels/details/416004114,SHIN CHYUAN YU NO.6,Fishing vessel,416004114
/vessels/details/416007589,AN HER NO.65,Fishing vessel,416007589
/vessels/details/416004149,868,Fishing vessel,416004149
/vessels/details/416009294,SIN YI CAI NO19,Fishing vessel,416009294
/vessels/details/416004263,YEOU SHINN NO.366,Fishing vessel,416004263
/vessels/details/416001025,WOEN FA,Fishing vessel,416001025
/vessels/details/416000014,EC649,Fishing vessel,416000014
/vessels/details/416098700,HER YIH 168,Fishing vessel,416098700
/vessels/details/416206800,JIN MAN YIH 16,Fishing vessel,416206800
/vessels/details/416042065,WAN SHIN,Fishing vessel,416042065
/vessels/details/416111800,SYH HER MING,Fishing vessel,416111800
/vessels/details/416000869,TAI SHAN,Fishing vessel,416000869
/vessels/details/416004835,HAI CHONG,Fishing vessel,416004835
/vessels/details/416001496,HSIN FANG 868,Fishing vessel,416001496
/vessels/details/416006997,YI FENG TSAI,Fishing vessel,416006997
/vessels/details/416456789,TAI WAN 836,Fishing vessel,416456789
/vessels/details/416174900,CHUN I NO.218,Fishing vessel,416174900
/vessels/details/416005010,JING SHA NO.9,Fishing vessel,416005010
/vessels/details/416005285,SHIN HER FA 668,Fishing vessel,416005285
/vessels/details/416007498,PERNG LAI,Fishing vessel,416007498
/vessels/details/416004770,MING LONG,Fishing vessel,416004770
/vessels/details/416006817,TZAY FA,Fishing vessel,416006817
/vessels/details/416166700,FENG KUO NO.186,Fishing vessel,416166700
/vessels/details/416007496,HUNG CHUAN SHUN,Fishing vessel,416007496
/vessels/details/416091600,LIAN HORNG NO.777,Fishing vessel,416091600
/vessels/details/416000057,XIN FENG,Fishing vessel,416000057
/vessels/details/416006659,BH 2061,Fishing vessel,416006659
/vessels/details/416173800,FULL KUO SHENG,Fishing vessel,416173800
/vessels/details/416182900,MAAN TSAIR FA NO.6,Fishing vessel,416182900
/vessels/details/416004865,HSIANG PERNG NO.212,Fishing vessel,416004865
/vessels/details/416003296,AN CHARNG NO2,Fishing vessel,416003296
/vessels/details/416005347,WU SHI CHUAN QI,Fishing vessel,416005347
/vessels/details/416086600,HONG AN NO.2,Fishing vessel,416086600
/vessels/details/416003374,SHIN SHENQ CHUEN,Fishing vessel,416003374
/vessels/details/416002032,JIN SHENQ NO.66,Fishing vessel,416002032
/vessels/details/416010296,CTS-7530,Fishing vessel,416010296
/vessels/details/416003355,GANG LIAN,Fishing vessel,416003355
/vessels/details/416869000,HUANG YU,Fishing vessel,416869000
/vessels/details/416001924,FA JAAN YNG,Fishing vessel,416001924
/vessels/details/416009307,SHUN XING FA,Fishing vessel,416009307
/vessels/details/416001837,JIN MAAN SHING NO.6,Fishing vessel,416001837
/vessels/details/416005188,CHUN I NO.11,Fishing vessel,416005188
/vessels/details/416004153,JIN RUI FENG NO.8,Fishing vessel,416004153
/vessels/details/416001281,SHIN JANN FWU NO66,Fishing vessel,416001281
/vessels/details/416216900,BK6725,Fishing vessel,416216900
/vessels/details/416003223,EAGLE,Fishing vessel,416003223
/vessels/details/416003587,SHYE HER NO.66,Fishing vessel,416003587
/vessels/details/416001571,JIA FWU CHERNG NO.1,Fishing vessel,416001571
/vessels/details/416005403,927539,Fishing vessel,416005403
/vessels/details/416123456,HUAN DAO NO.10 99,Fishing vessel,416123456
/vessels/details/416008039,FU CHENG YANG,Fishing vessel,416008039
/vessels/details/416238900,YI JEN CHUN NO.668,Fishing vessel,416238900
/vessels/details/416833000,CHANG LI NO.1,Fishing vessel,416833000
/vessels/details/416004584,DONG YANG MING JU,Fishing vessel,416004584
/vessels/details/416002277,SHUENN FA 126,Fishing vessel,416002277
/vessels/details/416003792,HAI JI LI,Fishing vessel,416003792
/vessels/details/416000676,YIH HORNG YU NO1,Fishing vessel,416000676
/vessels/details/416004943,JUBILEE,Fishing vessel,416004943
/vessels/details/416005570,YU YOU,Fishing vessel,416005570
/vessels/details/416545000,MING MAN,Fishing vessel,416545000
/vessels/details/416003761,SHENQ HARNG,Fishing vessel,416003761
/vessels/details/416724000,HSIANG HER,Fishing vessel,416724000
/vessels/details/416004522,FENG YA NO.18,Fishing vessel,416004522
/vessels/details/416005873,SIN MAN NO88,Fishing vessel,416005873
/vessels/details/416003808,SHENG RONG CAI NO.36,Fishing vessel,416003808
/vessels/details/416008413,JIN SHYANG YIH NO288,Fishing vessel,416008413
/vessels/details/416007627,GA MAA NO.168,Fishing vessel,416007627
/vessels/details/416003388,YOU JIAN TSAIR,Fishing vessel,416003388
/vessels/details/416353000,LUNG SOON NO.886,Fishing vessel,416353000
/vessels/details/416004777,CHINA CHUN 1,Fishing vessel,416004777
/vessels/details/416003685,JENQ LIH MAAN,Fishing vessel,416003685
/vessels/details/416004026,HAE HENG 8,Fishing vessel,416004026
/vessels/details/416006004,GOLD MEDAL LOVE BOAT,Fishing vessel,416006004
/vessels/details/416002577,SHIN SHENG FA NO 1,Fishing vessel,416002577
/vessels/details/416001061,HER SHINN FA,Fishing vessel,416001061
/vessels/details/416026882,TD,Fishing vessel,416026882
/vessels/details/416001343,SHIN HAE LIH NO66,Fishing vessel,416001343
/vessels/details/416003902,XIN SHENG FA NO.12,Fishing vessel,416003902
/vessels/details/416003484,JIN SING SHYANG NO11,Fishing vessel,416003484
/vessels/details/416002586,CHUAN SHYANG NO98,Fishing vessel,416002586
/vessels/details/416004979,MING YUEH SHING,Fishing vessel,416004979
/vessels/details/416004185,YUNG YI HSIANG NO888,Fishing vessel,416004185
/vessels/details/416006436,8031,Fishing vessel,416006436
/vessels/details/416005991,AN CHARNG NO6,Fishing vessel,416005991
/vessels/details/416003278,JIN YEU SHUENN,Fishing vessel,416003278
/vessels/details/416003345,SHYANG MAW SHING,Fishing vessel,416003345
/vessels/details/416244600,XIN DA FA,Fishing vessel,416244600
/vessels/details/416008819,SHING LONG NO.168,Fishing vessel,416008819
/vessels/details/416126700,HE YIH N 06,Fishing vessel,416126700
/vessels/details/416001352,AUR SHING NO.37,Fishing vessel,416001352
/vessels/details/416080500,JIN SHYANG YIH,Fishing vessel,416080500
/vessels/details/416003303,CHENG HUAI NO 16,Fishing vessel,416003303
/vessels/details/416007684,YU DADA,Fishing vessel,416007684
/vessels/details/416001935,SHIN FA YU NO.68,Fishing vessel,416001935
/vessels/details/416012640,XIN QI HAI,Fishing vessel,416012640
/vessels/details/416249900,YUH YEOU NO.136,Fishing vessel,416249900
/vessels/details/416004826,SHII YANG YANG N0 88,Fishing vessel,416004826
/vessels/details/416005680,WEI FENG NO.11,Fishing vessel,416005680
/vessels/details/416001596,SHENG FA NO.2,Fishing vessel,416001596
/vessels/details/416008483,SHIN SHENQ,Fishing vessel,416008483
/vessels/details/416009283,CHARNG FU HUNG NO116,Fishing vessel,416009283
/vessels/details/416059613,TAI YU CHUAN,Fishing vessel,416059613
/vessels/details/416004802,YNG MAAN NO.2,Fishing vessel,416004802
/vessels/details/416001541,KAI SHENG NO.23,Fishing vessel,416001541
/vessels/details/416005359,CHANG YING NO68,Fishing vessel,416005359
/vessels/details/416007367,CHYUAN FA TSAIR,Fishing vessel,416007367
/vessels/details/416006923,SHIN YU MAAN NO3,Fishing vessel,416006923
/vessels/details/416001651,HSIN JIN LIH,Fishing vessel,416001651
/vessels/details/416009676,SHINCHYUANSHUENN NO2,Fishing vessel,416009676
/vessels/details/416000693,YU CHING 11,Fishing vessel,416000693
/vessels/details/416349000,SHANG SHUN 168,Fishing vessel,416349000
/vessels/details/416004675,JIN CHIN FU NO36,Fishing vessel,416004675
/vessels/details/416000955,TAY JIN SHYANG,Fishing vessel,416000955
/vessels/details/416008333,TZYH CHYANG NO.168,Fishing vessel,416008333
/vessels/details/416005918,JAU YANG NO.888,Fishing vessel,416005918
/vessels/details/416001523,RIH YANG NO.7,Fishing vessel,416001523
/vessels/details/416005379,YIH DAH NO.10,Fishing vessel,416005379
/vessels/details/416003858,DA SHUN NO.6,Fishing vessel,416003858
/vessels/details/416007046,YEONG SHING NO.6,Fishing vessel,416007046
/vessels/details/416007517,YIH CHERNG,Fishing vessel,416007517
/vessels/details/416006442,DONG PING NO.8,Fishing vessel,416006442
/vessels/details/416003297,SIIENG MAN YU,Fishing vessel,416003297
/vessels/details/416245600,JIIN SHUN HORNG 101,Fishing vessel,416245600
/vessels/details/416007504,FENG YU NO.1,Fishing vessel,416007504
/vessels/details/416007419,HEI GOU,Fishing vessel,416007419
/vessels/details/416123900,HUNG SENG,Fishing vessel,416123900
/vessels/details/416009187,YUAN LONG,Fishing vessel,416009187
/vessels/details/416005715,CHI FA NO.1888,Fishing vessel,416005715
/vessels/details/416005002,TAIWAN5002,Fishing vessel,416005002
/vessels/details/416004814,JENG YUH NO.6,Fishing vessel,416004814
/vessels/details/416001644,MING CAI JI,Fishing vessel,416001644
/vessels/details/416008894,FENG FU NO12,Fishing vessel,416008894
/vessels/details/416005134,LONG WANG NO168,Fishing vessel,416005134
/vessels/details/416007455,WAN HAO NO168,Fishing vessel,416007455
/vessels/details/416003274,WDEN SHENG,Fishing vessel,416003274
/vessels/details/416004985,LA,Fishing vessel,416004985
/vessels/details/416171600,HUNG YI NO.2,Fishing vessel,416171600
/vessels/details/416111500,FONG CHUN NO.36,Fishing vessel,416111500
/vessels/details/416008816,DAH HER NO.8,Fishing vessel,416008816
/vessels/details/416002469,CHUAN HSIANG NO368,Fishing vessel,416002469
/vessels/details/416003213,FUDAMING67,Fishing vessel,416003213
/vessels/details/416757000,SHIAN MAAN NO.12,Fishing vessel,416757000
/vessels/details/416002962,CHI TSAI NO988,Fishing vessel,416002962
/vessels/details/416000912,TAL JUI HSIANG,Fishing vessel,416000912
/vessels/details/416003079,KUO JYE NO.1,Fishing vessel,416003079
/vessels/details/416001228,JIN SHYE YIH NO.36,Fishing vessel,416001228
/vessels/details/416110700,HO YUAN,Fishing vessel,416110700
/vessels/details/416000748,LONG CHENG FA NO.1,Fishing vessel,416000748
/vessels/details/416001847,GWO RUH NO.2,Fishing vessel,416001847
/vessels/details/416180900,SHA LUEN,Fishing vessel,416180900
/vessels/details/416000703,SHIN FANG NO. 68,Fishing vessel,416000703
/vessels/details/416003516,AO SIN NO.98,Fishing vessel,416003516
/vessels/details/416004790,HUNG JIE WEI NO.669,Fishing vessel,416004790
/vessels/details/416005174,LIN QI,Fishing vessel,416005174
/vessels/details/416005584,YUH YEOU NO.668,Fishing vessel,416005584
/vessels/details/416006815,JINN FWU FUH,Fishing vessel,416006815
/vessels/details/416007265,SHIN CHYUAN SHENQ 1,Fishing vessel,416007265
/vessels/details/416003701,JI FU FA,Fishing vessel,416003701
/vessels/details/416005393,SHUN FU FA,Fishing vessel,416005393
/vessels/details/416002241,HER FA,Fishing vessel,416002241
/vessels/details/416004780,SHIAN MAO HAO,Fishing vessel,416004780
/vessels/details/416001531,XIN FANG 31,Fishing vessel,416001531
/vessels/details/416032700,HOU CHUN NO.1,Fishing vessel,416032700
/vessels/details/416004848,HAE YUH JEOU,Fishing vessel,416004848
/vessels/details/416000922,CHENG CHI SHENQ NO22,Fishing vessel,416000922
/vessels/details/416008628,SHUN RONG NO.168,Fishing vessel,416008628
/vessels/details/416206600,RYH RYH SHIN 668,Fishing vessel,416206600
/vessels/details/416001032,JIN YU MAN,Fishing vessel,416001032
/vessels/details/416000496,TZONQ HERNG SYH HAE,Fishing vessel,416000496
/vessels/details/416006802,SHIN YU SHENQ NO6,Fishing vessel,416006802
/vessels/details/416008479,WEN DONG TSAI NO.1,Fishing vessel,416008479
/vessels/details/416001306,JIN JAAN FA,Fishing vessel,416001306
/vessels/details/416004783,YANG MING NO.166,Fishing vessel,416004783
/vessels/details/416000581,HAI CING JIN NO3,Fishing vessel,416000581
/vessels/details/416002739,SHINTIANTSAIR NO22,Fishing vessel,416002739
/vessels/details/416120500,SHANG SHUN NO622,Fishing vessel,416120500
/vessels/details/416000648,YNG MAN NO.1,Fishing vessel,416000648
/vessels/details/416000058,CHUN MAN LI,Fishing vessel,416000058
/vessels/details/416004442,CHAO FA NO.368,Fishing vessel,416004442
/vessels/details/416004353,CHYH MAA NO.16,Fishing vessel,416004353
/vessels/details/416003147,YIH LONG NO.6,Fishing vessel,416003147
/vessels/details/416006699,TEST6699,Fishing vessel,416006699
/vessels/details/416004962,SHYANG FA 88,Fishing vessel,416004962
/vessels/details/416003376,RUI FENG NO18,Fishing vessel,416003376
/vessels/details/416002773,SHIN JIANN SHENQ 22,Fishing vessel,416002773
/vessels/details/8552786,JENQ FA,Fishing vessel,8552786
/vessels/details/416008900,HAI LONE,Fishing vessel,416008900
/vessels/details/416053500,LIAN HORNG NO.67,Fishing vessel,416053500
/vessels/details/416000779,TAY JYE CHERNG 1,Fishing vessel,416000779
/vessels/details/416000106,0C0,Fishing vessel,416000106
/vessels/details/416000535,SHIN CHYUAN YIH NO.2,Fishing vessel,416000535
/vessels/details/416002731,FU MAN SHUN,Fishing vessel,416002731
/vessels/details/416010121,YUH FENG NO 168,Fishing vessel,416010121
/vessels/details/416000422,HAE SHINN NO.1,Fishing vessel,416000422
/vessels/details/416001697,YUAN YU,Fishing vessel,416001697
/vessels/details/416358000,YUEN HORNG NO.2,Fishing vessel,416358000
/vessels/details/416342000,CHIEN CHANG NO.226,Fishing vessel,416342000
/vessels/details/416005903,JIUH YANG NO.6,Fishing vessel,416005903
/vessels/details/416009295,SIN YI CAI NO22,Fishing vessel,416009295
/vessels/details/416000704,FENG YI SHING,Fishing vessel,416000704
/vessels/details/416004879,SIN HUA FONG NO.168,Fishing vessel,416004879
/vessels/details/416006575,SHIN YUAN FENG NO.11,Fishing vessel,416006575
/vessels/details/416194500,DRAGON PRINCE N01,Fishing vessel,416194500
/vessels/details/416002031,SHIN SHENG FA2,Fishing vessel,416002031
/vessels/details/416005942,YUN MAO NO8,Fishing vessel,416005942
/vessels/details/416006129,NKUST MTC NO2,Fishing vessel,416006129
/vessels/details/416001494,JIN YUAN CHUN NO.6,Fishing vessel,416001494
/vessels/details/416007535,JIN YU FA NO.8,Fishing vessel,416007535
/vessels/details/416009292,EDISON,Fishing vessel,416009292
/vessels/details/416004836,HWANG JIA JY SHING,Fishing vessel,416004836
/vessels/details/416231900,SIN HUA FONG,Fishing vessel,416231900
/vessels/details/416004676,SHIN FA HUEI NO.1,Fishing vessel,416004676
/vessels/details/416004583,FU YU NO.8,Fishing vessel,416004583
/vessels/details/416035800,CHIN SIANG WEN,Fishing vessel,416035800
/vessels/details/416001386,JYI CHANG 16,Fishing vessel,416001386
/vessels/details/416003492,AN TON NO.5,Fishing vessel,416003492
/vessels/details/416001568,JIN MAAN YIH,Fishing vessel,416001568
/vessels/details/416003607,CHIN CHIN LAI NO.6,Fishing vessel,416003607
/vessels/details/416004588,AY JY CHWAN NO.1,Fishing vessel,416004588
/vessels/details/416001048,SHUN RONG NO.88,Fishing vessel,416001048
/vessels/details/416119900,LUNG SOON NO212,Fishing vessel,416119900
/vessels/details/416004906,YANG YI,Fishing vessel,416004906
/vessels/details/416004982,YU FUH SHYANA 668,Fishing vessel,416004982
/vessels/details/416004794,HAI LONG NO.8,Fishing vessel,416004794
/vessels/details/416002134,FU JIAN CAI NO5,Fishing vessel,416002134
/vessels/details/416003857,WU MAN CHUN,Fishing vessel,416003857
/vessels/details/416003324,TIAN FENG 2,Fishing vessel,416003324
/vessels/details/416004154,JIING SHYANG NO.188,Fishing vessel,416004154
/vessels/details/416009178,CHIEN CHEN NO2,Fishing vessel,416009178
/vessels/details/416003633,GUO AN,Fishing vessel,416003633
/vessels/details/416189800,HSIEHCHINENO,Fishing vessel,416189800
/vessels/details/416184900,RYH CHUEN 66,Fishing vessel,416184900
/vessels/details/416000715,ANHU,Fishing vessel,416000715
/vessels/details/416000144,JI NROEIFWUNO06,Fishing vessel,416000144
/vessels/details/416003789,CHARNG HORNG 6,Fishing vessel,416003789
/vessels/details/416009312,YI ZAI,Fishing vessel,416009312
/vessels/details/416002894,SHENG FWU SHING,Fishing vessel,416002894
/vessels/details/416001438,LIAN MAN CAI NO.18,Fishing vessel,416001438
/vessels/details/416768000,HSIANG FA NO.16,Fishing vessel,416768000
/vessels/details/416001969,JIN MING FA,Fishing vessel,416001969
/vessels/details/416005540,WEN HUNG DAR,Fishing vessel,416005540
/vessels/details/416868000,FULL LI HSIANG,Fishing vessel,416868000
/vessels/details/416005373,SHIN FA SHUN 7,Fishing vessel,416005373
/vessels/details/416003285,HAE CHAUR NO.668,Fishing vessel,416003285
/vessels/details/416007582,YEONG CHUEN,Fishing vessel,416007582
/vessels/details/416000859,BLM,Fishing vessel,416000859
/vessels/details/416005193,YU QING NO.8,Fishing vessel,416005193
/vessels/details/416008557,SHIN YEONG FENG NO 6,Fishing vessel,416008557
/vessels/details/416003443,YIH SHYANG TSAI,Fishing vessel,416003443
/vessels/details/416001901,JIN TORNG LONG NO.66,Fishing vessel,416001901
/vessels/details/416007039,SHIN HARNG,Fishing vessel,416007039
/vessels/details/416006916,SHIN YU FA NO.168,Fishing vessel,416006916
/vessels/details/416091900,CHIEN CHANG NO.326,Fishing vessel,416091900
/vessels/details/416003339,HWA CHYI 168,Fishing vessel,416003339
/vessels/details/416000001,CT2-5253-1-183,Fishing vessel,416000001
/vessels/details/416003765,JIN FA TSAI NO.86,Fishing vessel,416003765
/vessels/details/416231800,DAH FA NO.268,Fishing vessel,416231800
/vessels/details/416005317,FONG LI NO.1,Fishing vessel,416005317
/vessels/details/416004509,JINN LONG,Fishing vessel,416004509
/vessels/details/416003568,JIN YNG FWU 36,Fishing vessel,416003568
/vessels/details/8782458,SHIN SHUEN FAR,Fishing vessel,8782458
/vessels/details/416000957,HONG BAO MAAN,Fishing vessel,416000957
/vessels/details/416063381,ZHI CHENG 168,Fishing vessel,416063381
/vessels/details/416003089,JIN JINN YI NO.26,Fishing vessel,416003089
/vessels/details/416001652,CHIN MING YIH,Fishing vessel,416001652
/vessels/details/416008043,MING FONG YU NO.13,Fishing vessel,416008043
/vessels/details/416004054,SHUN MAN ZAI NO6,Fishing vessel,416004054
/vessels/details/416003314,FWU EEI MO SHA,Fishing vessel,416003314
/vessels/details/416005151,SHY YU SHENG NO.6,Fishing vessel,416005151
/vessels/details/416008019,TAY HER,Fishing vessel,416008019
/vessels/details/416002447,SHIN LIAN FA NO.36,Fishing vessel,416002447
/vessels/details/416005836,HUNG WEN NO.322,Fishing vessel,416005836
/vessels/details/416084500,GLORY,Fishing vessel,416084500
/vessels/details/416006816,DONG SHINN NO66,Fishing vessel,416006816
/vessels/details/416001751,SHENG LIH TSAIR NO6,Fishing vessel,416001751
/vessels/details/416005574,FU BIN,Fishing vessel,416005574
/vessels/details/416005170,MING FENG NO.1,Fishing vessel,416005170
/vessels/details/416004119,SIN YUH FA NO.2,Fishing vessel,416004119
/vessels/details/416002745,TIAN FENG NO.1,Fishing vessel,416002745
/vessels/details/416004572,SHYE SHING NO.26,Fishing vessel,416004572
/vessels/details/416005925,JYI UEI LONG,Fishing vessel,416005925
/vessels/details/416003341,HAE PYNG NO.168,Fishing vessel,416003341
/vessels/details/416000978,DER YUH SHENG,Fishing vessel,416000978
/vessels/details/416004669,WAN SHENG AN,Fishing vessel,416004669
/vessels/details/416000413,SHIN FWU FENG NO.36,Fishing vessel,416000413
/vessels/details/416004698,SHIN SHUENN SHING,Fishing vessel,416004698
/vessels/details/416003782,SHANG WEI NO168,Fishing vessel,416003782
/vessels/details/416006985,HAE SHYANG NO.1,Fishing vessel,416006985
/vessels/details/416058800,MENG FA NO.322,Fishing vessel,416058800
/vessels/details/416001645,CHUAN YU YU NO.1,Fishing vessel,416001645
/vessels/details/416635000,SHENG FAN NO.399,Fishing vessel,416635000
/vessels/details/416008921,LIAN JYI YIH NO.3,Fishing vessel,416008921
/vessels/details/416005015,SHANG FU NO.6,Fishing vessel,416005015
/vessels/details/416002511,SHIN YUH SHYANG NO11,Fishing vessel,416002511
/vessels/details/416003411,TAI YUAN,Fishing vessel,416003411
/vessels/details/416001231,LIAN SHENG NO.688,Fishing vessel,416001231
/vessels/details/416001902,JIANN SHYANG FA,Fishing vessel,416001902
/vessels/details/416005932,05932,Fishing vessel,416005932
/vessels/details/416066102,CTR-TY0249,Fishing vessel,416066102
/vessels/details/416007556,SHENG LIH,Fishing vessel,416007556
/vessels/details/416003242,JIANN YIH,Fishing vessel,416003242
/vessels/details/416006402,YUN MAO NO.101,Fishing vessel,416006402
/vessels/details/416003498,WHALE WORLD NO3,Fishing vessel,416003498
/vessels/details/416367000,HSIANG.HSIN.NO6,Fishing vessel,416367000
/vessels/details/416679000,DA SHENG,Fishing vessel,416679000
/vessels/details/416005233,JAIN LIH NO.212,Fishing vessel,416005233
/vessels/details/416004578,JIN ROEI YIH NO33,Fishing vessel,416004578
/vessels/details/416004599,JIN CAI MAN NO5,Fishing vessel,416004599
/vessels/details/416004226,SHIN JYI SHING 168,Fishing vessel,416004226
/vessels/details/416011355,CTS-0156,Fishing vessel,416011355
/vessels/details/416004028,DAH LUH MEY NO.68,Fishing vessel,416004028
/vessels/details/416002271,QUAN RI XIN NO.66,Fishing vessel,416002271
/vessels/details/416195800,YI AN NO.6,Fishing vessel,416195800
/vessels/details/416000478,TON SHING NO268,Fishing vessel,416000478
/vessels/details/416000673,YUFENGJI,Fishing vessel,416000673
/vessels/details/416007594,SHIN DER SHYANG NO.3,Fishing vessel,416007594
/vessels/details/416003259,YEOU LI 858,Fishing vessel,416003259
/vessels/details/416003363,JIN SHENG FA NO.6,Fishing vessel,416003363
/vessels/details/416000668,SHUN LI TAI,Fishing vessel,416000668
/vessels/details/416005324,MING SHUN NO9,Fishing vessel,416005324
/vessels/details/416004850,DONG DAH NO.8,Fishing vessel,416004850
/vessels/details/416004562,FU HONG 368,Fishing vessel,416004562
/vessels/details/416005549,RYH JIANN TSAIR 168,Fishing vessel,416005549
/vessels/details/416004473,SIN HUA FONG NO.16,Fishing vessel,416004473
/vessels/details/416004773,SHUNG FENG NO12,Fishing vessel,416004773
/vessels/details/416002093,SHIANG SHINN,Fishing vessel,416002093
/vessels/details/416005370,LIAN SHENG NO.369,Fishing vessel,416005370
/vessels/details/416002248,JIN MAAN SHING,Fishing vessel,416002248
/vessels/details/416006992,LIN JYI NO.6,Fishing vessel,416006992
/vessels/details/416004062,JENQ HER FA NO2,Fishing vessel,416004062
/vessels/details/416000103,JIN HAE LIH,Fishing vessel,416000103
/vessels/details/416002369,RYH CHUEN,Fishing vessel,416002369
/vessels/details/416001441,HONG RUEI FA,Fishing vessel,416001441
/vessels/details/416005234,JENG DAR NO23,Fishing vessel,416005234
/vessels/details/416176700,YING RONG NO 638,Fishing vessel,416176700
/vessels/details/416005738,SHIN WANQ YU,Fishing vessel,416005738
/vessels/details/416005709,YU FENG TSAI NO 7,Fishing vessel,416005709
/vessels/details/416002583,JIA SHYANG NO.66,Fishing vessel,416002583
/vessels/details/416003277,YEONG YUH LIANG,Fishing vessel,416003277
/vessels/details/416004523,SING FONG 6,Fishing vessel,416004523
/vessels/details/416006664,HSIEN CHIEN NO 688,Fishing vessel,416006664
/vessels/details/416005984,YU SHAN 8,Fishing vessel,416005984
/vessels/details/416004555,CHYI SHING,Fishing vessel,416004555
/vessels/details/416006768,DONG PING NO.9,Fishing vessel,416006768
/vessels/details/416004601,JIN CAI MAN NO.8,Fishing vessel,416004601
/vessels/details/416008492,SHENQ JYI FWU,Fishing vessel,416008492
/vessels/details/416000262,FWU CHANG NO.6,Fishing vessel,416000262
/vessels/details/416006577,TSAIR YUAN NO 1,Fishing vessel,416006577
/vessels/details/416003165,18627,Fishing vessel,416003165
/vessels/details/416004782,BI HAI LAN TIAN,Fishing vessel,416004782
/vessels/details/416007377,JIN RYH FENG,Fishing vessel,416007377
/vessels/details/416002002,ROEI CHUEN NO.1,Fishing vessel,416002002
/vessels/details/416038700,MAN SHUN NO 168,Fishing vessel,416038700
/vessels/details/416001163,FWU CHANG NO16,Fishing vessel,416001163
/vessels/details/416005085,AA,Fishing vessel,416005085
/vessels/details/416005987,SHUN TAI HENG NO.2,Fishing vessel,416005987
/vessels/details/416004378,MAN AN,Fishing vessel,416004378
/vessels/details/416002232,MING TSAIR FA NO.60,Fishing vessel,416002232
/vessels/details/416005357,CHUN YI NO.168,Fishing vessel,416005357
/vessels/details/416005938,TAI XIN NO.18,Fishing vessel,416005938
/vessels/details/416004346,JIN ROEI YIH NO.36,Fishing vessel,416004346
/vessels/details/416002001,TAY SHENG YU NO 3,Fishing vessel,416002001
/vessels/details/416006576,JAAN SHING NO.6,Fishing vessel,416006576
/vessels/details/416002796,CHYU WANQ 88,Fishing vessel,416002796
/vessels/details/416002984,SHIN YUH FA NO.68,Fishing vessel,416002984
/vessels/details/416003034,WU MAN YU,Fishing vessel,416003034
/vessels/details/416000555,SHYERONG16,Fishing vessel,416000555
/vessels/details/416039900,YI RONG NO18,Fishing vessel,416039900
/vessels/details/416001726,JINN SHING NO21,Fishing vessel,416001726
/vessels/details/416003747,QUAN SHENG NO.66,Fishing vessel,416003747
/vessels/details/416002207,LONG JINN NO-37,Fishing vessel,416002207
/vessels/details/416000956,JUI SHENG MAN NO 2,Fishing vessel,416000956
/vessels/details/416007264,SHIN CHARNG FA NO.66,Fishing vessel,416007264
/vessels/details/416005758,MAAN CHVEN YU FWU,Fishing vessel,416005758
/vessels/details/416001621,FWU YUNN MAAN,Fishing vessel,416001621
/vessels/details/416000672,YUH FENG NO.68,Fishing vessel,416000672
/vessels/details/416004589,JHEN BEI 16,Fishing vessel,416004589
/vessels/details/416000658,LIAN LIH FA NO16,Fishing vessel,416000658
/vessels/details/416004741,JIN JI LI NO.29,Fishing vessel,416004741
/vessels/details/416005703,JIN LIAN FA NO.1,Fishing vessel,416005703
/vessels/details/416001518,XINYUANFA368,Fishing vessel,416001518
/vessels/details/416002057,CHYUU FWU NO.7,Fishing vessel,416002057
/vessels/details/416001286,JIN CAI,Fishing vessel,416001286
/vessels/details/416002687,TZAN DAR JIH NO.3,Fishing vessel,416002687
/vessels/details/416779000,FONG CHUN NO136,Fishing vessel,416779000
/vessels/details/416005777,SHEN WEI CHENG NO688,Fishing vessel,416005777
/vessels/details/416006745,SHENG HANG NO.8,Fishing vessel,416006745
/vessels/details/416006572,SHIN JYH FWU,Fishing vessel,416006572
/vessels/details/416003631,JIN LI CHIEN,Fishing vessel,416003631
/vessels/details/416001975,HENG FU,Fishing vessel,416001975
/vessels/details/416004276,JIN TAN NO8,Fishing vessel,416004276
/vessels/details/416006574,JINN FWU CHUEN NO.11,Fishing vessel,416006574
/vessels/details/416009296,JIN SHUN LI,Fishing vessel,416009296
/vessels/details/416003518,WU CHUN YU,Fishing vessel,416003518
/vessels/details/416004382,CHEN YI FA NO6,Fishing vessel,416004382
/vessels/details/416066224,CTR-TY0364,Fishing vessel,416066224
/vessels/details/416005489,PIRATE NO.66,Fishing vessel,416005489
/vessels/details/416379305,BD-7929,Fishing vessel,416379305
/vessels/details/416066905,YU MAN NO.8,Fishing vessel,416066905
/vessels/details/416613000,SHENG FAN NO.699,Fishing vessel,416613000
/vessels/details/416010373,HUNG YANG LUN NO.1,Fishing vessel,416010373
/vessels/details/416001487,SHEN CHANG,Fishing vessel,416001487
/vessels/details/416004581,LAI WANG 5978,Fishing vessel,416004581
/vessels/details/416000801,LIH FA NO.168,Fishing vessel,416000801
/vessels/details/416002171,HAE YANG JYI SHING,Fishing vessel,416002171
/vessels/details/416204700,FU SHUN NO 58,Fishing vessel,416204700
/vessels/details/416002836,SHUENN LONG,Fishing vessel,416002836
/vessels/details/416004921,SHYONG MA JYI,Fishing vessel,416004921
/vessels/details/416001077,MAN TSAI SHIVH,Fishing vessel,416001077
/vessels/details/416001071,YIH DAH NO 168,Fishing vessel,416001071
/vessels/details/416247700,HAI YAO,Fishing vessel,416247700
/vessels/details/416001328,SI LANG,Fishing vessel,416001328
/vessels/details/416005321,JIN LONG NO 6,Fishing vessel,416005321
/vessels/details/416001482,NO.6,Fishing vessel,416001482
/vessels/details/416001592,FU YANG,Fishing vessel,416001592
/vessels/details/416006454,KA XI FA,Fishing vessel,416006454
/vessels/details/416001758,MAAN SHENG FA NO6,Fishing vessel,416001758
/vessels/details/416081600,FONG CHUN NO.166,Fishing vessel,416081600
/vessels/details/416001043,SIN HANG NO.66,Fishing vessel,416001043
/vessels/details/416002931,FWU LIANG 12,Fishing vessel,416002931
/vessels/details/416008857,HUA CHI NO.268,Fishing vessel,416008857
/vessels/details/416000291,JIANN MIIN SHYANG,Fishing vessel,416000291
/vessels/details/416004761,HE ZU NO1,Fishing vessel,416004761
/vessels/details/416001269,SHENG HORNG MAAN,Fishing vessel,416001269
/vessels/details/416002768,MAN CHI FENG,Fishing vessel,416002768
/vessels/details/416004375,JIN MAN FU NO10,Fishing vessel,416004375
/vessels/details/416168500,WEN YU NO.168,Fishing vessel,416168500
/vessels/details/416005109,HARNG HAE JIA NO.18,Fishing vessel,416005109
/vessels/details/416005196,LAI FWU JINN NO 16,Fishing vessel,416005196
/vessels/details/416009542,MING LIANG NO.3,Fishing vessel,416009542
/vessels/details/416005368,SHOEI SHENG TSAIR,Fishing vessel,416005368
/vessels/details/416001995,RI CHUN NO.168,Fishing vessel,416001995
/vessels/details/416004742,JIN JI LI NO.27,Fishing vessel,416004742
/vessels/details/416002900,FONG CHUN NO.66,Fishing vessel,416002900
/vessels/details/416001491,MAN SHEMG FA NO3,Fishing vessel,416001491
/vessels/details/416003647,YUAN SHENG NO868,Fishing vessel,416003647
/vessels/details/416001533,JIN RYH JINN NO16,Fishing vessel,416001533
/vessels/details/416345000,YU HSING HSIANG 168,Fishing vessel,416345000
/vessels/details/416007289,YUAN MAN JIN,Fishing vessel,416007289
/vessels/details/416004367,MING SING NO.12,Fishing vessel,416004367
/vessels/details/416003531,DA YI,Fishing vessel,416003531
/vessels/details/416005557,WIN FOREVER NO707,Fishing vessel,416005557
/vessels/details/416186700,YU MAAN SHING NO.68,Fishing vessel,416186700
/vessels/details/416004901,JIN REEI YI NO.106,Fishing vessel,416004901
/vessels/details/416000824,SHENQ SHING FUH,Fishing vessel,416000824
/vessels/details/416001138,YEONG DAR CHANG,Fishing vessel,416001138
/vessels/details/416002549,HORNG SHING 16,Fishing vessel,416002549
/vessels/details/416002597,WOEN JIN CHARNG,Fishing vessel,416002597
/vessels/details/416005249,TAI XING N0.267,Fishing vessel,416005249
/vessels/details/416099800,CHUN I NO.206,Fishing vessel,416099800
/vessels/details/416009175,HUNG YANG LUN,Fishing vessel,416009175
/vessels/details/416125600,SHIN CHUN NO.8,Fishing vessel,416125600
/vessels/details/416001134,JIN SHUN FA 868,Fishing vessel,416001134
/vessels/details/416005049,YOU FENG NO 668,Fishing vessel,416005049
/vessels/details/416338000,YANG SHUN NO6,Fishing vessel,416338000
/vessels/details/416243500,FU KUO NO.8,Fishing vessel,416243500
/vessels/details/416004326,CHARNG RONG NO.101,Fishing vessel,416004326
/vessels/details/416007829,JYI SHUENN,Fishing vessel,416007829
/vessels/details/416000206,86011,Fishing vessel,416000206
/vessels/details/416004881,YI JEN FA NO.888,Fishing vessel,416004881
/vessels/details/416006927,NAN HAI NO.6,Fishing vessel,416006927
/vessels/details/416004628,CHI HAE NO.6,Fishing vessel,416004628
/vessels/details/416004854,JENQ YUH NO.16,Fishing vessel,416004854
/vessels/details/416240700,FU KUO NO.106,Fishing vessel,416240700
/vessels/details/416003026,BEEI JYI SHING NO.1,Fishing vessel,416003026
/vessels/details/416004949,SHEN HONG NO.88,Fishing vessel,416004949
/vessels/details/416003753,HENG LONG NO.3,Fishing vessel,416003753
/vessels/details/416004477,TZONG YANG NO 1,Fishing vessel,416004477
/vessels/details/416004011,NET,Fishing vessel,416004011
/vessels/details/416004759,JIN HSIANG WANG,Fishing vessel,416004759
/vessels/details/416081500,FONG CHUN NO.136,Fishing vessel,416081500
/vessels/details/416001351,AO HSING NO.36,Fishing vessel,416001351
/vessels/details/416001814,YU JYI MAAN NO.6,Fishing vessel,416001814
/vessels/details/416001113,YU FA 876,Fishing vessel,416001113
/vessels/details/416001277,SHENG MAAN CHUEN,Fishing vessel,416001277
/vessels/details/416009392,LONG FWU NO.16,Fishing vessel,416009392
/vessels/details/416003912,FUH GUEY NO.168,Fishing vessel,416003912
/vessels/details/416001375,HSIEH CHIEN NO26,Fishing vessel,416001375
/vessels/details/416142600,YI TIAN,Fishing vessel,416142600
/vessels/details/416118500,LI SIANG 66,Fishing vessel,416118500
/vessels/details/416008052,DAH JUANG,Fishing vessel,416008052
/vessels/details/416005599,XIN GI XING,Fishing vessel,416005599
/vessels/details/416197800,SHENQ MING HORNG,Fishing vessel,416197800
/vessels/details/416002372,FWU CHANG NO3,Fishing vessel,416002372
/vessels/details/416000867,RI CHUEN NO.268,Fishing vessel,416000867
/vessels/details/416004554,SHING YANG NO.1,Fishing vessel,416004554
/vessels/details/416003301,AN WEN FA NO.8,Fishing vessel,416003301
/vessels/details/416879000,HO YUNG,Fishing vessel,416879000
/vessels/details/416000096,JIN XING,Fishing vessel,416000096
/vessels/details/416188700,SHIN JYI FA NO.2,Fishing vessel,416188700
/vessels/details/416204800,HSIN NAN HAI 16,Fishing vessel,416204800
/vessels/details/416000687,KAI SHENG NO.6,Fishing vessel,416000687
/vessels/details/416003791,TSAIR SHING NO1,Fishing vessel,416003791
/vessels/details/416000449,YU REN,Fishing vessel,416000449
/vessels/details/416000856,AN LU MAN,Fishing vessel,416000856
/vessels/details/416004413,YUH LONG NO8,Fishing vessel,416004413
/vessels/details/416109500,20,Fishing vessel,416109500
/vessels/details/416237800,YU SHUN NO.668,Fishing vessel,416237800
/vessels/details/416005051,DAH YU FENG NO.16,Fishing vessel,416005051
/vessels/details/416003614,DAH LUH MEY NO.66,Fishing vessel,416003614
/vessels/details/416213500,HAE CHANG NO.66,Fishing vessel,416213500
/vessels/details/416001827,JIN MAN CHENG NO.16,Fishing vessel,416001827
/vessels/details/416009673,CHINQ FENG YU,Fishing vessel,416009673
/vessels/details/416002293,JIN ROEI YIH NO 27,Fishing vessel,416002293
/vessels/details/416003476,JIN YONG FU,Fishing vessel,416003476
/vessels/details/416003785,WEN CHENG NO.168,Fishing vessel,416003785
/vessels/details/416002189,FUH FUH HORNG,Fishing vessel,416002189
/vessels/details/416003412,FENG CHERN NO.6,Fishing vessel,416003412
/vessels/details/416004227,UEI TERNG NO.88,Fishing vessel,416004227
/vessels/details/416002421,SIE CHUN MAN NO1,Fishing vessel,416002421
/vessels/details/416007557,ROCK,Fishing vessel,416007557
/vessels/details/416004233,BIH JONG FA NO.168,Fishing vessel,416004233
/vessels/details/416015700,OCEANS GRACE NO1,Fishing vessel,416015700
/vessels/details/416000120,CHUNG YU NO1,Fishing vessel,416000120
/vessels/details/416004859,SHIN LUNG NO.168,Fishing vessel,416004859
/vessels/details/416002598,SHING MAAN SHING,Fishing vessel,416002598
/vessels/details/416007453,SHENQ JYI LIH NO.168,Fishing vessel,416007453
/vessels/details/416003306,CHYUANLIANGFA NO228,Fishing vessel,416003306
/vessels/details/416009637,PUU LII NO. 8,Fishing vessel,416009637
/vessels/details/416002563,DA DIAO,Fishing vessel,416002563
/vessels/details/416033093,DA YU,Fishing vessel,416033093
/vessels/details/416006049,CHARNG SHINN,Fishing vessel,416006049
/vessels/details/416168600,FU YUAN NO2,Fishing vessel,416168600
/vessels/details/416000485,DONG HONG SHENG 6,Fishing vessel,416000485
/vessels/details/416006762,BIN JIANG NO.1,Fishing vessel,416006762
/vessels/details/416232500,CHIN YOU MING,Fishing vessel,416232500
/vessels/details/416003547,FA SHIANN JEE 6,Fishing vessel,416003547
/vessels/details/416001631,MINGSHENQSHYANGNO.3,Fishing vessel,416001631
/vessels/details/416066125,CTR-SC0135,Fishing vessel,416066125
/vessels/details/416000006,FUHJYI NO 6,Fishing vessel,416000006
/vessels/details/416003158,KUN CHI CHAI,Fishing vessel,416003158
/vessels/details/416005226,DE SING YI NO8.,Fishing vessel,416005226
/vessels/details/416003984,YI SIANG NO.6,Fishing vessel,416003984
/vessels/details/416005265,PIN XIN NO.6,Fishing vessel,416005265
/vessels/details/416004864,SHENG YANG NO.168,Fishing vessel,416004864
/vessels/details/416001155,FENG JENQ FA,Fishing vessel,416001155
/vessels/details/416006771,KAI XIANG,Fishing vessel,416006771
/vessels/details/416002473,FWU YIH NO.1,Fishing vessel,416002473
/vessels/details/416059603,TAIYU60888,Fishing vessel,416059603
/vessels/details/416002995,HE SHUN NO 6,Fishing vessel,416002995
/vessels/details/416009581,YEA CHYI,Fishing vessel,416009581
/vessels/details/416003185,59900423,Fishing vessel,416003185
/vessels/details/416209600,CHANG HORNG 668,Fishing vessel,416209600
/vessels/details/416003326,YIH FENG NO 66,Fishing vessel,416003326
/vessels/details/416003384,SHII YANG YANG NO 1,Fishing vessel,416003384
/vessels/details/416059700,HSIANG FU NO.1,Fishing vessel,416059700
/vessels/details/416005431,YEONG YIH NO.2,Fishing vessel,416005431
/vessels/details/416003877,FENG SHUEN TSAIR NO3,Fishing vessel,416003877
/vessels/details/416008609,JINNJYICHYUNNO568,Fishing vessel,416008609
/vessels/details/416004436,YEONG AN NO.168,Fishing vessel,416004436
/vessels/details/416009724,LONG WANQ NO 268,Fishing vessel,416009724
/vessels/details/416005001,YOU SHEN MAAN,Fishing vessel,416005001
/vessels/details/416005072,GUANG DAU NO 2,Fishing vessel,416005072
/vessels/details/416000988,SHENG FA TSAIR NO.66,Fishing vessel,416000988
/vessels/details/416000435,JIN FWU CHING,Fishing vessel,416000435
/vessels/details/416001262,HONG SHENG CHANG 8,Fishing vessel,416001262
/vessels/details/416001507,SHUN LIANG 12,Fishing vessel,416001507
/vessels/details/416005548,RIH JIAN CAI NO166,Fishing vessel,416005548
/vessels/details/416000751,SHUENN YIH TSAIR,Fishing vessel,416000751
/vessels/details/416002239,FUH MAAN 11,Fishing vessel,416002239
/vessels/details/416004918,WEN WANG FA,Fishing vessel,416004918
/vessels/details/416006197,JIN HONG CHANG,Fishing vessel,416006197
/vessels/details/416008851,CHERNG MAAN SHING,Fishing vessel,416008851
/vessels/details/416004912,JIN RUEI YI NO.108,Fishing vessel,416004912
/vessels/details/416004234,HENG LONG,Fishing vessel,416004234
/vessels/details/416202700,WEN DAR NO.818,Fishing vessel,416202700
/vessels/details/416002508,DR HAE NO.3,Fishing vessel,416002508
/vessels/details/416008404,JIN YIH TSAIR NO.2,Fishing vessel,416008404
/vessels/details/416001358,SHYE MING YIH NO.26,Fishing vessel,416001358
/vessels/details/416004687,JIN CHIN FU NO26,Fishing vessel,416004687
/vessels/details/416005074,TAIWAN,Fishing vessel,416005074
/vessels/details/416006938,CHUEN LIAN JYI NO.3,Fishing vessel,416006938
/vessels/details/416503000,LUNG SOON NO. 126,Fishing vessel,416503000
/vessels/details/416239800,FENG KUO NO.888,Fishing vessel,416239800
/vessels/details/416000877,SHENG JENQ AN NO.2,Fishing vessel,416000877
/vessels/details/416001594,JIN LONG CHENG,Fishing vessel,416001594
/vessels/details/416201800,YU TSAIR WANQ,Fishing vessel,416201800
/vessels/details/416249700,RONG ZHEN XIANGNO888,Fishing vessel,416249700
/vessels/details/416042179,XIN YI LI 168,Fishing vessel,416042179
/vessels/details/416006563,SHYONG LONG FA,Fishing vessel,416006563
/vessels/details/416002651,SHIN SHUENN SHINGNO6,Fishing vessel,416002651
/vessels/details/416001473,JIA XIANG 66,Fishing vessel,416001473
/vessels/details/416004287,JIUH LONG,Fishing vessel,416004287
/vessels/details/416005341,BA DA,Fishing vessel,416005341
/vessels/details/416006603,SHUN FENG 6,Fishing vessel,416006603
/vessels/details/416009728,SAN HER NO.26,Fishing vessel,416009728
/vessels/details/416004198,HAE FA NO.26,Fishing vessel,416004198
/vessels/details/416119800,JIN JINN YI,Fishing vessel,416119800
/vessels/details/416010152,CT0-9088,Fishing vessel,416010152
/vessels/details/416009293,HAOHMARU,Fishing vessel,416009293
/vessels/details/416003405,SHIN YUH FA NO.36,Fishing vessel,416003405
/vessels/details/416005573,LONG HAO 888,Fishing vessel,416005573
/vessels/details/416000205,MAN I FENG NO22,Fishing vessel,416000205
/vessels/details/416001469,SHIN YUH YU 6,Fishing vessel,416001469
/vessels/details/416005741,YUQINGNO,Fishing vessel,416005741
/vessels/details/416001309,RYH CHUEN NO.206,Fishing vessel,416001309
/vessels/details/416002272,HAN CHUN CHENG,Fishing vessel,416002272
/vessels/details/416003331,XIN XIE DA NO.16,Fishing vessel,416003331
/vessels/details/416000644,HWA KUO 127,Fishing vessel,416000644
/vessels/details/416003819,YEONG SHUN,Fishing vessel,416003819
/vessels/details/416000053,SAN HER NO.168,Fishing vessel,416000053
/vessels/details/416001746,JENQ JYI SHENQ,Fishing vessel,416001746
/vessels/details/416002258,KAI JING,Fishing vessel,416002258
/vessels/details/416006719,YU NONG NO.8,Fishing vessel,416006719
/vessels/details/416002408,JIH JIH HSIN,Fishing vessel,416002408
/vessels/details/416002916,AUR SHING NO-111,Fishing vessel,416002916
/vessels/details/416008619,DER LIH NO.26,Fishing vessel,416008619
/vessels/details/416059633,TAIYU0031,Fishing vessel,416059633
/vessels/details/416004105,XING HUA SHENG 686,Fishing vessel,416004105
/vessels/details/416005479,DONG YUAN JYI NO.168,Fishing vessel,416005479
/vessels/details/416003342,CHU WEI,Fishing vessel,416003342
/vessels/details/416164600,LUNG SOON NO116,Fishing vessel,416164600
/vessels/details/416001424,JINN YU MAAN NO.368,Fishing vessel,416001424
/vessels/details/416070900,JIINTAHORNGNO168,Fishing vessel,416070900
/vessels/details/416006545,JIN SHUENN FA NO.8,Fishing vessel,416006545
/vessels/details/416009677,KUANG SHENG NO.3,Fishing vessel,416009677
/vessels/details/416004239,FAN YANG NO.168,Fishing vessel,416004239
/vessels/details/416003837,SHIN LONG 6,Fishing vessel,416003837
/vessels/details/416003567,YU JINN NO.26,Fishing vessel,416003567
/vessels/details/416000666,HUA YOU YU,Fishing vessel,416000666
/vessels/details/416005697,YU YING NO.17,Fishing vessel,416005697
/vessels/details/416068726,CTR-HL0566,Fishing vessel,416068726
/vessels/details/416069852,CTR-KM0081,Fishing vessel,416069852
/vessels/details/416556674,CT2-5193-481,Fishing vessel,416556674
/vessels/details/416010806,DAR YIH NO.6,Fishing vessel,416010806
/vessels/details/416008521,NEAU GUANG RONG,Fishing vessel,416008521
/vessels/details/416015676,SHUENN JYI,Fishing vessel,416015676
/vessels/details/416002543,SHIN HORNG FA,Fishing vessel,416002543
/vessels/details/416012008,WANQ DAR,Fishing vessel,416012008
/vessels/details/416004325,FAA LHA LIH NO.88,Fishing vessel,416004325
/vessels/details/416013664,LIAN SHING NO.77,Fishing vessel,416013664
/vessels/details/416002526,CHYUAN YEOU TSAIR 1,Fishing vessel,416002526
/vessels/details/416001311,FOOL DAR FAR NO.3,Fishing vessel,416001311
/vessels/details/416012789,JHONG GANG,Fishing vessel,416012789
/vessels/details/416002648,JIANN SHENG WANG NO3,Fishing vessel,416002648
/vessels/details/416013965,SHIN MING SHING NO.3,Fishing vessel,416013965
/vessels/details/416070528,CTR-KH1480,Fishing vessel,416070528
/vessels/details/8429886,CHIN JIN MING,Fishing Vessel,8429886
/vessels/details/416004594,CHIEN YUAN MING,Fishing vessel,416004594
/vessels/details/416067648,CTR-CW0929,Fishing vessel,416067648
/vessels/details/416070854,CTR-CW0384,Fishing vessel,416070854
/vessels/details/416183600,66,Fishing vessel,416183600
/vessels/details/416069016,CTR-NC0533,Fishing vessel,416069016
/vessels/details/416014527,LONG JYI SHYANG,Fishing vessel,416014527
/vessels/details/416001151,CHUAN SHUN I NO.6,Fishing vessel,416001151
/vessels/details/7213620,CHIN NAN,Fishing Vessel,7213620
/vessels/details/416066478,CTR-YL3176,Fishing vessel,416066478
/vessels/details/416010692,CTS-8655,Fishing vessel,416010692
/vessels/details/416000736,HSIANG FA,Fishing vessel,416000736
/vessels/details/8649010,MAO HONG 8,Fishing Vessel,8649010
/vessels/details/7737846,HWA CHWAN NO. 2,Fishing Vessel,7737846
/vessels/details/416012965,SHENQ NIH NO.8,Fishing vessel,416012965
/vessels/details/8949381,JIN CHUN SHENG,Fishing Vessel,8949381
/vessels/details/416069216,CTR-NC9199,Fishing vessel,416069216
/vessels/details/416175800,HONG RONG NO.168,Fishing vessel,416175800
/vessels/details/416006701,HO HSIN HSING 603,Fishing vessel,416006701
/vessels/details/416201838,ARAMBOYS 38,Fishing vessel,416201838
/vessels/details/416000904,SHENQ MAAN LAI NO.1,Fishing vessel,416000904
/vessels/details/8664840,CHIN SHUN KUO,Fishing Vessel,8664840
/vessels/details/416022117,22122,Fishing vessel,416022117
/vessels/details/416001046,JIN DA FA,Fishing vessel,416001046
/vessels/details/416585858,123,Fishing vessel,416585858
/vessels/details/416212784,XIANFENG,Fishing vessel,416212784
/vessels/details/416010496,FEI YU,Fishing vessel,416010496
/vessels/details/416059634,TAIYU00034,Fishing vessel,416059634
/vessels/details/416005005,TAIWAN5005,Fishing vessel,416005005
/vessels/details/416002591,LI HUNG NO.666,Fishing vessel,416002591
/vessels/details/416001812,MAW YIH NO .66,Fishing vessel,416001812
/vessels/details/6927834,FONG KUO NO. 102,Fishing Vessel,6927834
/vessels/details/416005663,SHIN FENG YING NO868,Fishing vessel,416005663
/vessels/details/416071902,CTR ML0985,Fishing vessel,416071902
/vessels/details/416007239,JIN HORNG FA,Fishing vessel,416007239
/vessels/details/416066675,LIAN CING NO.1,Fishing vessel,416066675
/vessels/details/416069588,CTR-NC0512,Fishing vessel,416069588
/vessels/details/416015167,FWU JIANG,Fishing vessel,416015167
/vessels/details/416001675,CHENG HONG YING,Fishing vessel,416001675
/vessels/details/416015936,YANG SHII 8V,Fishing vessel,416015936
/vessels/details/7116183,HAI SHAN NO. 2,Fishing Vessel,7116183
/vessels/details/416066946,CTR-YL1151,Fishing vessel,416066946
/vessels/details/416000814,JIN JI AN,Fishing vessel,416000814
/vessels/details/7021118,KAO YA NO. 3,Fishing Vessel,7021118
/vessels/details/416001678,MING TSAI LI NO.2,Fishing vessel,416001678
/vessels/details/416069626,CTR PT4453,Fishing vessel,416069626
/vessels/details/416066471,QIAOTINGNO1,Fishing vessel,416066471
/vessels/details/416005922,68,Fishing vessel,416005922
/vessels/details/416002787,DAR YIH 66,Fishing vessel,416002787
/vessels/details/416012994,HAE REN,Fishing vessel,416012994
/vessels/details/416008441,SHIN SHENG WANQ NO.8,Fishing vessel,416008441
/vessels/details/416002686,FU YING,Fishing vessel,416002686
/vessels/details/416003452,MING JYH FWU NO.20,Fishing vessel,416003452
/vessels/details/416002124,SIN MAN YI,Fishing vessel,416002124
/vessels/details/416006934,DA JIA,Fishing vessel,416006934
/vessels/details/416458608,TAI WAN 00589,Fishing vessel,416458608
/vessels/details/416059605,TAIYU61888,Fishing vessel,416059605
/vessels/details/416013393,CT0-7592,Fishing vessel,416013393
/vessels/details/416007887,SHUNGUANGYANG,Fishing vessel,416007887
/vessels/details/416071809,RONG YONG NO.1,Fishing vessel,416071809
/vessels/details/416007284,DAH FENG FENG,Fishing vessel,416007284
/vessels/details/7396018,LUCKY STAR 767,Fishing Vessel,7396018
/vessels/details/416068373,CTR-CI0565,Fishing vessel,416068373
/vessels/details/416007538,SHUENN JINQ NO 6,Fishing vessel,416007538
/vessels/details/416068662,CTR-KH6070,Fishing vessel,416068662
/vessels/details/416205015,05015,Fishing vessel,416205015
/vessels/details/416006149,SHIN DER LIH NO.8,Fishing vessel,416006149
/vessels/details/416069094,CTR-NC1087,Fishing vessel,416069094
/vessels/details/416071299,CTR PT4541,Fishing vessel,416071299
/vessels/details/8680583,CHANG LI NO. 1,Fishing Vessel,8680583
/vessels/details/416007088,CHYUU FENG NO.68,Fishing vessel,416007088
/vessels/details/416066737,ZHI CHENG NO.1,Fishing vessel,416066737
/vessels/details/416007975,SHANQ HAUR,Fishing vessel,416007975
/vessels/details/416007767,JIING SHENG,Fishing vessel,416007767
/vessels/details/416004654,N0.3 HSIAO,Fishing vessel,416004654
/vessels/details/416006653,JIA SHINN,Fishing vessel,416006653
/vessels/details/416071551,CTR-PT4273,Fishing vessel,416071551
/vessels/details/416007448,YUAN SHENG JYI,Fishing vessel,416007448
/vessels/details/416008758,SHIN JIN SHING,Fishing vessel,416008758
/vessels/details/416069141,CTR-NC9186,Fishing vessel,416069141
/vessels/details/416010682,CTS-7911,Fishing vessel,416010682
/vessels/details/416007553,HI LE DI,Fishing vessel,416007553
/vessels/details/416555888,DAGU,Fishing vessel,416555888
/vessels/details/416058986,MAN,Fishing vessel,416058986
/vessels/details/8429240,YUNG HAI,Fishing Vessel,8429240
/vessels/details/416069057,CTR-NC0889,Fishing vessel,416069057
/vessels/details/416067329,CTR NC9194,Fishing vessel,416067329
/vessels/details/416112310,112233,Fishing vessel,416112310
/vessels/details/416008995,LONG JINN,Fishing vessel,416008995
/vessels/details/416010884,JIN HER LIH NO.1,Fishing vessel,416010884
/vessels/details/416496343,SIANG SHUN NO8,Fishing vessel,416496343
/vessels/details/7211012,LUNG LEE NO. 21,Fishing Vessel,7211012
/vessels/details/416014095,YEONG FENG NO.20,Fishing vessel,416014095
/vessels/details/416121900,CHUN FA NO.888,Fishing vessel,416121900
/vessels/details/416000821,YU JIUNN FA NO66,Fishing vessel,416000821
/vessels/details/416010883,LIUH HAE NO.8,Fishing vessel,416010883
/vessels/details/416004009,SIN JI FONG MO.6,Fishing vessel,416004009
/vessels/details/416000088,TAI YU,Fishing vessel,416000088
/vessels/details/416000655,AN WUNFA NO.16,Fishing vessel,416000655
/vessels/details/416008253,SHIN FENG YIH NO.1,Fishing vessel,416008253
/vessels/details/7213905,YUCHEN NO. 31,Fishing Vessel,7213905
/vessels/details/416009139,SAPPHIR STAR,Fishing vessel,416009139
/vessels/details/416005482,SHUN SHENG NO588,Fishing vessel,416005482
/vessels/details/416247500,DE CHAN NO.26,Fishing vessel,416247500
/vessels/details/416066138,CTR-CW0952,Fishing vessel,416066138
/vessels/details/416686868,FISHING TUNA,Fishing vessel,416686868
/vessels/details/6804965,FONG TA NO. 11,Fishing Vessel,6804965
/vessels/details/416004838,MAAN FWU NO.666,Fishing vessel,416004838
/vessels/details/416069508,CTR-NC0199,Fishing vessel,416069508
/vessels/details/416892012,SJA12,Fishing vessel,416892012
/vessels/details/416013131,TSAY DING LIH,Fishing vessel,416013131
/vessels/details/8651489,HONG AN NO. 2,Fishing Vessel,8651489
/vessels/details/416066392,CTR-KH5603,Fishing vessel,416066392
/vessels/details/416000686,YU ZHAN NO.8,Fishing vessel,416000686
/vessels/details/416005835,MAN FU FA NO168,Fishing vessel,416005835
/vessels/details/416006813,TZY HORNG,Fishing vessel,416006813
/vessels/details/416007702,FA FWU JEOU,Fishing vessel,416007702
/vessels/details/416011884,YEONG FENG NO.26,Fishing vessel,416011884
/vessels/details/416009813,FUH SHENQ NO6,Fishing vessel,416009813
/vessels/details/416005644,YUN MAO NO.1,Fishing vessel,416005644
/vessels/details/416008563,JIN FENG MAAN NO.1,Fishing vessel,416008563
/vessels/details/416002142,GOANG SHING LIH NO.6,Fishing vessel,416002142
/vessels/details/416235651,222,Fishing vessel,416235651
/vessels/details/8417077,CHIEN TSAO NO. 322,Fishing Vessel,8417077
/vessels/details/416071732,CTR-PT3595,Fishing vessel,416071732
/vessels/details/9857597,WEN HUNG DAR,Fishing Vessel,9857597
/vessels/details/416000007,FLY,Fishing vessel,416000007
/vessels/details/416137380,LONG WA,Fishing vessel,416137380
/vessels/details/416069028,CTR-NC0617,Fishing vessel,416069028
/vessels/details/416011451,JIN TAY JYI NO 168,Fishing vessel,416011451
/vessels/details/416116789,416116789-80,Fishing vessel,416116789
/vessels/details/416002144,MING FA NO.188,Fishing vessel,416002144
/vessels/details/416005191,AO SIN NO.36,Fishing vessel,416005191
/vessels/details/416008969,FWU CHYUAN YU NO19,Fishing vessel,416008969
/vessels/details/416012896,CTS-9745,Fishing vessel,416012896
/vessels/details/416004334,SHINN LONG TSAIR NO6,Fishing vessel,416004334
/vessels/details/416011573,CT0-9424,Fishing vessel,416011573
/vessels/details/416004437,GWO DAH NO.2,Fishing vessel,416004437
/vessels/details/416009832,CTS-0184,Fishing vessel,416009832
/vessels/details/416009391,JIN RTH JINN NO.68,Fishing vessel,416009391
/vessels/details/416013812,HAN LUNG,Fishing vessel,416013812
/vessels/details/416069778,CTR PT4535,Fishing vessel,416069778
/vessels/details/416010761,CTS-5726,Fishing vessel,416010761
/vessels/details/416066007,CTR CW1051,Fishing vessel,416066007
/vessels/details/416003424,QUANG YEN,Fishing vessel,416003424
/vessels/details/416008807,JIN SHENQ,Fishing vessel,416008807
/vessels/details/416005858,SHUENN JINN YU,Fishing vessel,416005858
/vessels/details/416009172,SHENG YUAN SHYANG,Fishing vessel,416009172
/vessels/details/416013674,CTS-9830,Fishing vessel,416013674
/vessels/details/416001221,RJH JIN NO.168,Fishing vessel,416001221
/vessels/details/416011194,CTS-3703,Fishing vessel,416011194
/vessels/details/416007879,YU DUH,Fishing vessel,416007879
/vessels/details/416777321,YU 6,Fishing vessel,416777321
/vessels/details/416002631,YI FENG NO.816,Fishing vessel,416002631
/vessels/details/416015171,CTS-006510,Fishing vessel,416015171
/vessels/details/416006614,JIN SHYE YU NO-20,Fishing vessel,416006614
/vessels/details/416006407,CT0 8842,Fishing vessel,416006407
/vessels/details/416002367,RUI.YI.LI,Fishing vessel,416002367
/vessels/details/416066618,CTR-PT3432,Fishing vessel,416066618
/vessels/details/416867000,HUNG SHENG,Fishing vessel,416867000
/vessels/details/416013617,CTS-9290,Fishing vessel,416013617
/vessels/details/416010001,CTS-8899,Fishing vessel,416010001
/vessels/details/416001114,SHIN FUH FA NO26,Fishing vessel,416001114
/vessels/details/416210029,ARAMBOY38,Fishing vessel,416210029
/vessels/details/416066915,CTR-PT3928,Fishing vessel,416066915
/vessels/details/416067336,CTR-NC0636,Fishing vessel,416067336
/vessels/details/416090000,0055169,Fishing vessel,416090000
/vessels/details/416441589,99999,Fishing vessel,416441589
/vessels/details/416458583,WAI TAN,Fishing vessel,416458583
/vessels/details/416009848,CTS-0294,Fishing vessel,416009848
/vessels/details/416004128,JIN MING JI NO.3,Fishing vessel,416004128
/vessels/details/416008515,SHENQ SAN SHING NO.5,Fishing vessel,416008515
/vessels/details/416067244,CTR-CW0144,Fishing vessel,416067244
/vessels/details/416069512,CTR-NC9212,Fishing vessel,416069512
/vessels/details/416543555,PIN AN,Fishing vessel,416543555
/vessels/details/416584668,416584668,Fishing vessel,416584668
/vessels/details/416007977,FU HAI SHUN,Fishing vessel,416007977
/vessels/details/416000459,JIN SIE YI NO.168,Fishing vessel,416000459
/vessels/details/9876581,YUN MAO NO. 1,Fishing Vessel,9876581
/vessels/details/416002118,CHANG YU,Fishing vessel,416002118
/vessels/details/8628573,WEI LIEN 123,Fishing Vessel,8628573
/vessels/details/416066327,CTR-PH0036,Fishing vessel,416066327
/vessels/details/416013575,SHEAU SEN,Fishing vessel,416013575
/vessels/details/416007526,JIN HWA SHYANG,Fishing vessel,416007526
/vessels/details/416190286,YUFA00286-19-99,Fishing vessel,416190286
/vessels/details/416008393,JIN JI LI NO.6,Fishing vessel,416008393
/vessels/details/9889203,YUN MAO NO. 102,Fishing Vessel,9889203
/vessels/details/416010424,JIN SHUENN YIH NO.16,Fishing vessel,416010424
/vessels/details/416003444,JYI JYH YIH NO.2,Fishing vessel,416003444
/vessels/details/416003679,HONG JI FA,Fishing vessel,416003679
/vessels/details/416007668,TAY SHING NO.1,Fishing vessel,416007668
/vessels/details/416008804,MING DER,Fishing vessel,416008804
/vessels/details/416140286,YUFA00286-14-99,Fishing vessel,416140286
/vessels/details/416000641,YUAN FENG MAAN,Fishing vessel,416000641
/vessels/details/416008702,DONG PO NO.8,Fishing vessel,416008702
/vessels/details/416005923,TAY SHUENN NO.2,Fishing vessel,416005923
/vessels/details/416013137,CTS-9964 8V,Fishing vessel,416013137
/vessels/details/416066595,CTR-YL0107,Fishing vessel,416066595
/vessels/details/416186600,YU YANG NO.1,Fishing vessel,416186600
/vessels/details/416002211,FUH SHYANG FWU NO.6,Fishing vessel,416002211
/vessels/details/416012143,CTS-5011,Fishing vessel,416012143
/vessels/details/416004067,FU CHUN NO.26,Fishing vessel,416004067
/vessels/details/416008656,MAAN JYI LIH NO.6,Fishing vessel,416008656
/vessels/details/416012355,CTS003638,Fishing vessel,416012355
/vessels/details/416067693,CTR-NH5059,Fishing vessel,416067693
/vessels/details/416067267,YONG JIE NO.3,Fishing vessel,416067267
/vessels/details/416069066,CTR-NC0930,Fishing vessel,416069066
/vessels/details/8527420,SHENG YANG,Fishing Vessel,8527420
/vessels/details/416069189,CTR-NC091,Fishing vessel,416069189
/vessels/details/8947266,FENG YA NO. 11,Fishing Vessel,8947266
/vessels/details/416005040,CT1-008179,Fishing vessel,416005040
/vessels/details/416001988,CHERNG JYI LIH NO.68,Fishing vessel,416001988
/vessels/details/416015191,SHYH CHYI,Fishing vessel,416015191
/vessels/details/416067068,MING DE,Fishing vessel,416067068
/vessels/details/416000961,SHIN TSAI FA NO-6,Fishing vessel,416000961
/vessels/details/416000158,SHIN SHI SHEN NO.12,Fishing vessel,416000158
/vessels/details/416012126,CTS-4840,Fishing vessel,416012126
/vessels/details/416012603,MING FWU NO.6,Fishing vessel,416012603
/vessels/details/416069855,CTR-KM0090,Fishing vessel,416069855
/vessels/details/416018667,LAO SAI,Fishing vessel,416018667
/vessels/details/416070345,CTR-IL0863,Fishing vessel,416070345
/vessels/details/416009785,CT0-8903,Fishing vessel,416009785
/vessels/details/416011599,CHERNG YIH,Fishing vessel,416011599
/vessels/details/416068116,CTR-PT2857,Fishing vessel,416068116
/vessels/details/416071262,CTR-NC1021,Fishing vessel,416071262
/vessels/details/416272001,2720-0169,Fishing vessel,416272001
/vessels/details/416006282,SHUEI DER NO.8,Fishing vessel,416006282
/vessels/details/416067066,CTR-SC0398,Fishing vessel,416067066
/vessels/details/416066557,CTR-CI1418,Fishing vessel,416066557
/vessels/details/416004034,JIN MING XIANG 168,Fishing vessel,416004034
/vessels/details/416001172,CHANG SING,Fishing vessel,416001172
/vessels/details/416000592,CHSIN HUNG CHAN,Fishing vessel,416000592
/vessels/details/416005666,111,Fishing vessel,416005666
/vessels/details/416070488,CTR-IL0343,Fishing vessel,416070488
/vessels/details/416210900,SHIN CHARNG FA,Fishing vessel,416210900
/vessels/details/416001799,HORNG YIH FWUM NO628,Fishing vessel,416001799
/vessels/details/416009201,YIH DAR NO.1,Fishing vessel,416009201
/vessels/details/416069655,CTR PT3804,Fishing vessel,416069655
/vessels/details/416006695,HER CHUEN SHING NO6,Fishing vessel,416006695
/vessels/details/416009351,OCEAN CHILD,Fishing vessel,416009351
/vessels/details/416010572,SONG I NO1,Fishing vessel,416010572
/vessels/details/416066362,CTR-CI0280,Fishing vessel,416066362
/vessels/details/416069606,CTR-NC0233,Fishing vessel,416069606
/vessels/details/416069857,HONG SIANG,Fishing vessel,416069857
/vessels/details/416011417,CTS-8045,Fishing vessel,416011417
/vessels/details/416006154,SHUENN FENG FA,Fishing vessel,416006154
/vessels/details/6928034,KWANG LUNG NO. 31,Fishing Vessel,6928034
/vessels/details/416009776,CTS-6859,Fishing vessel,416009776
/vessels/details/416007026,NEAU TSAIR SHING,Fishing vessel,416007026
/vessels/details/416059611,TAI YU,Fishing vessel,416059611
/vessels/details/416616616,SONS OF PEACE,Fishing vessel,416616616
/vessels/details/416001251,YUNG TAI NO.13,Fishing vessel,416001251
/vessels/details/416005155,HORNG NIAN NO.6,Fishing vessel,416005155
/vessels/details/416066769,DONG LIAN,Fishing vessel,416066769
/vessels/details/416009836,CTS-0202,Fishing vessel,416009836
/vessels/details/416015179,CTS-8154,Fishing vessel,416015179
/vessels/details/416148903,L,Fishing vessel,416148903
/vessels/details/416069014,CTR-NC0520,Fishing vessel,416069014
/vessels/details/416191224,NIU ZAI NO.1,Fishing vessel,416191224
/vessels/details/416066437,CTR-NC0332,Fishing vessel,416066437
/vessels/details/416007323,FENG FUH NO.6,Fishing vessel,416007323
/vessels/details/416005632,MAAN YIH NO.2,Fishing vessel,416005632
/vessels/details/416240208,TIELONG2402-08-29,Fishing vessel,416240208
/vessels/details/416010457,LONG WAN,Fishing vessel,416010457
/vessels/details/416010646,CTS-6430,Fishing vessel,416010646
/vessels/details/416849833,416849833,Fishing vessel,416849833
/vessels/details/416006855,LAO WANG 2,Fishing vessel,416006855
/vessels/details/416006093,ANJYITSAIRBA,Fishing vessel,416006093
/vessels/details/416002073,MAAN CHUAN JYI,Fishing vessel,416002073
/vessels/details/416011333,CTS-6940,Fishing vessel,416011333
/vessels/details/8669448,RAY HOME,Fishing Vessel,8669448
/vessels/details/416228900,SHUN WUN FA,Fishing vessel,416228900
/vessels/details/416002826,LIAN YU FA NO.2,Fishing vessel,416002826
/vessels/details/416350887,FU HAN,Fishing vessel,416350887
/vessels/details/416008541,KUAY LEH NO 898,Fishing vessel,416008541
/vessels/details/416998998,CTS-6682,Fishing vessel,416998998
/vessels/details/8327662,YUNG PANG,Fishing Vessel,8327662
/vessels/details/416003572,LIAN SHENQ FA NO6,Fishing vessel,416003572
/vessels/details/416070263,CTR-NC0267,Fishing vessel,416070263
/vessels/details/416000777,DA JIN MAN NO.63,Fishing vessel,416000777
/vessels/details/416001954,XINSHUNYI16,Fishing vessel,416001954
/vessels/details/416015671,SHIN YUH CHANG NO.16,Fishing vessel,416015671
/vessels/details/416002273,SI MING LI,Fishing vessel,416002273
/vessels/details/416001168,SHIN FENG NO50,Fishing vessel,416001168
/vessels/details/416005901,KUEN CHERNG NO 8,Fishing vessel,416005901
/vessels/details/416008421,JINN SHING TSAIR,Fishing vessel,416008421
/vessels/details/416015457,CT0-006319,Fishing vessel,416015457
/vessels/details/416008668,JUY,Fishing vessel,416008668
/vessels/details/416008232,YU YEOU 1,Fishing vessel,416008232
/vessels/details/416012109,TAI LI NO.3,Fishing vessel,416012109
/vessels/details/416069628,CTR PT4093,Fishing vessel,416069628
/vessels/details/8430225,CHIN CHEN MING,Fishing Vessel,8430225
/vessels/details/416458607,TAI WAN 00588,Fishing vessel,416458607
/vessels/details/416070033,CTR-NH6201,Fishing vessel,416070033
/vessels/details/9796157,YONG MAN FA,Fishing Vessel,9796157
/vessels/details/8654493,CHIN YUAN MING,Fishing Vessel,8654493
/vessels/details/416005286,WEI SHENG,Fishing vessel,416005286
/vessels/details/416000347,LONG YU FA NO.26,Fishing vessel,416000347
/vessels/details/416009619,HE CYUAN LI,Fishing vessel,416009619
/vessels/details/416070211,CTR-PT1005,Fishing vessel,416070211
/vessels/details/416007226,JIN MING SHING NO.2,Fishing vessel,416007226
/vessels/details/416011899,CTS-9585,Fishing vessel,416011899
/vessels/details/416007404,JIUH HARNG,Fishing vessel,416007404
/vessels/details/416011158,HOW FENG,Fishing vessel,416011158
/vessels/details/416012562,CTS-2736,Fishing vessel,416012562
/vessels/details/416002305,JIANN TSAI SHING,Fishing vessel,416002305
/vessels/details/416010571,SHIN GWO NO8,Fishing vessel,416010571
/vessels/details/416428300,SHIN LIH FENG,Fishing vessel,416428300
/vessels/details/416006954,COOKIE,Fishing vessel,416006954
/vessels/details/416071746,CTR-PT4357,Fishing vessel,416071746
/vessels/details/416000823,SHIN SHENG CHING 18,Fishing vessel,416000823
/vessels/details/416222222,18136,Fishing vessel,416222222
/vessels/details/416004968,SHIN SHUEN FAR NO889,Fishing vessel,416004968
/vessels/details/416003696,HER JYI,Fishing vessel,416003696
/vessels/details/416003189,SHENG FENG NO215,Fishing vessel,416003189
/vessels/details/416008689,GUANG HWA NO.27525,Fishing vessel,416008689
/vessels/details/416007503,DAH FANG,Fishing vessel,416007503
/vessels/details/416004228,SHENG LIANG FA NO.6,Fishing vessel,416004228
/vessels/details/416014302,RONG DAR NO1,Fishing vessel,416014302
/vessels/details/416068803,CTR-PT3671,Fishing vessel,416068803
/vessels/details/416003352,FORMOSAOCEANRESEARCH,Fishing vessel,416003352
/vessels/details/416007282,ROEI SHENG NO.88,Fishing vessel,416007282
/vessels/details/416066251,CTR-PT3992,Fishing vessel,416066251
/vessels/details/416002325,TENN MING YANG NO889,Fishing vessel,416002325
/vessels/details/416013816,DONG LONG NO.6,Fishing vessel,416013816
/vessels/details/416004165,CHANG SHENG NO.203,Fishing vessel,416004165
/vessels/details/416010386,JENN SHENQ NO.6,Fishing vessel,416010386
/vessels/details/8747355,WIN FU LAI,Fishing Vessel,8747355
/vessels/details/7210939,TAO YUAN NO. 31,Fishing Vessel,7210939
/vessels/details/416002851,SIN JI FU NO.11,Fishing vessel,416002851
/vessels/details/416066988,NANSHIHFA 0339,Fishing vessel,416066988
/vessels/details/416068724,CTR-HL0033,Fishing vessel,416068724
/vessels/details/416005539,JIN HONG,Fishing vessel,416005539
/vessels/details/416013218,FWU SHING NO.6,Fishing vessel,416013218
/vessels/details/416004299,YI MAN NO.3,Fishing vessel,416004299
/vessels/details/416010449,JIA HE NO.6,Fishing vessel,416010449
/vessels/details/416006524,CHINQ YIH,Fishing vessel,416006524
/vessels/details/416000639,DE SHUN NO,Fishing vessel,416000639
/vessels/details/416068892,CTR-TT0156,Fishing vessel,416068892
/vessels/details/416230800,SING MAN YI NO3,Fishing vessel,416230800
/vessels/details/416012595,HUAN YU NO.1,Fishing vessel,416012595
/vessels/details/416070715,CTR-NH6122,Fishing vessel,416070715
/vessels/details/416070232,CTR-PT3914,Fishing vessel,416070232
/vessels/details/416001859,LUENG JIE MAN,Fishing vessel,416001859
/vessels/details/416458609,TAI WAN 00590,Fishing vessel,416458609
/vessels/details/416012999,YU JEN,Fishing vessel,416012999
/vessels/details/416000365,JIN CHINQ HORNG NO.6,Fishing vessel,416000365
/vessels/details/416009873,CTS-3395,Fishing vessel,416009873
/vessels/details/416252500,FENG KUO NO.616,Fishing vessel,416252500
/vessels/details/416007385,000000,Fishing vessel,416007385
/vessels/details/416009934,CTS-7117,Fishing vessel,416009934
/vessels/details/416066657,CTR-PT3541,Fishing vessel,416066657
/vessels/details/416006593,CT0-009358,Fishing vessel,416006593
/vessels/details/416003605,LIH YIH NO.7,Fishing vessel,416003605
/vessels/details/416047321,YU LAI MAN NO6,Fishing vessel,416047321
/vessels/details/416001777,YU FENG JINN,Fishing vessel,416001777
/vessels/details/7007801,KWANG YANG NO. 12,Fishing Vessel,7007801
/vessels/details/416993874,12YZ,Fishing vessel,416993874
/vessels/details/416010505,SHUENN FA NO.188,Fishing vessel,416010505
/vessels/details/416008433,JIN TSAIR MAAN NO2,Fishing vessel,416008433
/vessels/details/7014256,HO CHUNG NO. 1,Fishing Vessel,7014256
/vessels/details/416069637,CTR-NC5036,Fishing vessel,416069637
/vessels/details/416009669,SK-2,Fishing vessel,416009669
/vessels/details/416066559,CTRYL6045,Fishing vessel,416066559
/vessels/details/416069001,CTR-NC0447,Fishing vessel,416069001
/vessels/details/416014141,CTS-4725,Fishing vessel,416014141
/vessels/details/416007539,SHING DAH FA NO 1,Fishing vessel,416007539
/vessels/details/416003308,SHENG HUI,Fishing vessel,416003308
/vessels/details/416000667,FONG SHUN LI,Fishing vessel,416000667
/vessels/details/416012156,CTS-5117,Fishing vessel,416012156
/vessels/details/416010748,CHONG FONG,Fishing vessel,416010748
/vessels/details/416070868,CTR-PT1991,Fishing vessel,416070868
/vessels/details/416071571,CTR-PT0966,Fishing vessel,416071571
/vessels/details/416002177,SHIN LIAN FA NO.26,Fishing vessel,416002177
/vessels/details/416066176,CTR-ML0514,Fishing vessel,416066176
/vessels/details/416008478,JIANN SHING TSAIR 2,Fishing vessel,416008478
/vessels/details/416013143,SHENQ CHARNG RONG,Fishing vessel,416013143
/vessels/details/416010134,HIGHPOWER MARINE NO7,Fishing vessel,416010134
/vessels/details/416068381,CTR-CI0597,Fishing vessel,416068381
/vessels/details/416010865,RYH LONG,Fishing vessel,416010865
/vessels/details/416006999,NEAU MING HORNG,Fishing vessel,416006999
/vessels/details/416012616,PERNG SHAN NO.101,Fishing vessel,416012616
/vessels/details/416010633,CTS-3339,Fishing vessel,416010633
/vessels/details/416199800,JIN CHIN FU NO68,Fishing vessel,416199800
/vessels/details/416379000,FENG YA NO.11,Fishing vessel,416379000
/vessels/details/416002964,FUJI7,Fishing vessel,416002964
/vessels/details/416005418,SING CAI FA NO.888,Fishing vessel,416005418
/vessels/details/416006512,SHIN YUNN NO99,Fishing vessel,416006512
/vessels/details/416002339,SHENG HONG MING,Fishing vessel,416002339
/vessels/details/416066903,CTR-TY0213,Fishing vessel,416066903
/vessels/details/416016895,SHIN YIH LIH NO.168,Fishing vessel,416016895
/vessels/details/416004412,SHIN FA TSAIR NO.1,Fishing vessel,416004412
/vessels/details/416188600,SHYE CHIEN 17,Fishing vessel,416188600
/vessels/details/416071743,CTR-PT4140,Fishing vessel,416071743
/vessels/details/416009753,MIJI,Fishing vessel,416009753
/vessels/details/416011643,BAETANNTIANLONG NO.1,Fishing vessel,416011643
/vessels/details/416015954,YEONG CHEU,Fishing vessel,416015954
/vessels/details/416008154,NENG DER FUH,Fishing vessel,416008154
/vessels/details/416014775,CT0-9215,Fishing vessel,416014775
/vessels/details/416010531,HU SHAN NO.2,Fishing vessel,416010531
/vessels/details/416006122,CTR-TY0572,Fishing vessel,416006122
/vessels/details/416007781,PUU LUO NO168,Fishing vessel,416007781
/vessels/details/416070023,CTR-YL9437,Fishing vessel,416070023
/vessels/details/416010023,CT0-7909,Fishing vessel,416010023
/vessels/details/7737808,CHUAN TA NO. 1,Fishing Vessel,7737808
/vessels/details/416007567,JIN MEI NO.168,Fishing vessel,416007567
/vessels/details/416000882,AO SIN NO.31,Fishing vessel,416000882
/vessels/details/416888195,CT3-5552,Fishing vessel,416888195
/vessels/details/416007768,SHENQ FA TSAIR NO.2,Fishing vessel,416007768
/vessels/details/416013168,BAO CHERNG,Fishing vessel,416013168
/vessels/details/7102182,WORLD EXPRESS NO. 1,Fishing Vessel,7102182
/vessels/details/416012031,SHENQ HORNG,Fishing vessel,416012031
/vessels/details/416008599,GUANG HUA 51226,Fishing vessel,416008599
/vessels/details/416070146,CTR-CW1070,Fishing vessel,416070146
/vessels/details/416010433,DONG LONG I,Fishing vessel,416010433
/vessels/details/416011619,SHINQ YIH,Fishing vessel,416011619
/vessels/details/416009936,CTS-7205,Fishing vessel,416009936
/vessels/details/416200500,CHIN YU CHERNG NO1,Fishing vessel,416200500
/vessels/details/416069147,CTR-NH2057,Fishing vessel,416069147
/vessels/details/416008467,CHERNG FENG,Fishing vessel,416008467
/vessels/details/8664620,YU I HSIANG NO. 121,Fishing Vessel,8664620
/vessels/details/416066576,CING JHIH,Fishing vessel,416066576
/vessels/details/416002445,ZHI JI FENG NO6,Fishing vessel,416002445
/vessels/details/416067022,HE TAI 1,Fishing vessel,416067022
/vessels/details/416066228,CTR-TY0496,Fishing vessel,416066228
/vessels/details/416008663,SHYE CHYUAN,Fishing vessel,416008663
/vessels/details/416003408,CYUAN YI CAI NO168,Fishing vessel,416003408
/vessels/details/416006879,JIN YANG,Fishing vessel,416006879
/vessels/details/416001052,JYI TSAIR NO.28,Fishing vessel,416001052
/vessels/details/416002815,JIN LIAN SHUEN NO.36,Fishing vessel,416002815
/vessels/details/416008087,SHENG HWANG TSAIR,Fishing vessel,416008087
/vessels/details/416010578,LONG FUH FA NO.8,Fishing vessel,416010578
/vessels/details/416000078,BUTTERFLY PRIOCES,Fishing vessel,416000078
/vessels/details/416012397,KUN FENG,Fishing vessel,416012397
/vessels/details/416004658,LONG DER NO.688,Fishing vessel,416004658
/vessels/details/416009479,LUCKY,Fishing vessel,416009479
/vessels/details/416010676,CTS-7710,Fishing vessel,416010676
/vessels/details/416070859,CTR-PT2072,Fishing vessel,416070859
/vessels/details/416002433,SHUENN FENG NO.168,Fishing vessel,416002433
/vessels/details/416012349,12349,Fishing vessel,416012349
/vessels/details/416069752,CTR PT4221,Fishing vessel,416069752
/vessels/details/416013008,ING YEAN,Fishing vessel,416013008
/vessels/details/9726657,FU KUO NO. 8,Fishing Vessel,9726657
/vessels/details/416006743,LONG FU FA NO.068,Fishing vessel,416006743
/vessels/details/416170286,YUFA00286-17-90,Fishing vessel,416170286
/vessels/details/416006617,TUNG AN WAN NO.2,Fishing vessel,416006617
/vessels/details/416001105,SHYE HER FA NO123,Fishing vessel,416001105
/vessels/details/416013928,13928,Fishing vessel,416013928
/vessels/details/416059622,MINGXIANGHAO,Fishing vessel,416059622
/vessels/details/416012914,YONG AN NO.8,Fishing vessel,416012914
/vessels/details/416013963,YUAN JYI NO.1,Fishing vessel,416013963
/vessels/details/416002149,JIN JAAN SHYANG NO68,Fishing vessel,416002149
/vessels/details/416011999,LIAN HARNG NO.1,Fishing vessel,416011999
/vessels/details/416071274,CTR-KH5488,Fishing vessel,416071274
/vessels/details/416000827,ZAI SING WANG,Fishing vessel,416000827
/vessels/details/416002652,JIAN TZAY FA NO.6,Fishing vessel,416002652
/vessels/details/416070265,CTR-YL2079,Fishing vessel,416070265
/vessels/details/416000804,MAAN YIH FENG NO16,Fishing vessel,416000804
/vessels/details/416069773,CTR PT4315,Fishing vessel,416069773
/vessels/details/416069579,CTR-NC0049,Fishing vessel,416069579
/vessels/details/416001986,TSAN LI SHIN,Fishing vessel,416001986
/vessels/details/1059383,HUNG YANG LUN NO. 1,Fishing Vessel,1059383
/vessels/details/416006732,CHYUAN JENN CHERNG36,Fishing vessel,416006732
/vessels/details/416661966,SHIN FWU AN NO16,Fishing vessel,416661966
/vessels/details/416004107,HONRG FUH FWU,Fishing vessel,416004107
/vessels/details/416080503,JIN SHYANG YIH,Fishing vessel,416080503
/vessels/details/416000631,MAN I FENG NO.2,Fishing vessel,416000631
/vessels/details/416007344,LONG TSAIR FA NO.6,Fishing vessel,416007344
/vessels/details/416002087,SHENG RONG MAAN,Fishing vessel,416002087
/vessels/details/416071694,CTR-PT0150,Fishing vessel,416071694
/vessels/details/416001089,JINN YNG FA NO 12,Fishing vessel,416001089
/vessels/details/416009773,YEONG CHYUAN NO.168,Fishing vessel,416009773
/vessels/details/416011157,JIN HORNG DAR,Fishing vessel,416011157
/vessels/details/416006349,FONG SHUN YING,Fishing vessel,416006349
/vessels/details/416902483,CHAO JUN HAO,Fishing vessel,416902483
/vessels/details/416005589,AO SIN NO.27,Fishing vessel,416005589
/vessels/details/416011931,CTS006218,Fishing vessel,416011931
/vessels/details/416007175,MAAN ROEI FW,Fishing vessel,416007175
/vessels/details/416010447,BOR CHERNG,Fishing vessel,416010447
/vessels/details/416014155,CTS007852,Fishing vessel,416014155
/vessels/details/416000188,YU JIN 188 HAO,Fishing vessel,416000188
/vessels/details/416000807,HSIN CHING TSAI NO.3,Fishing vessel,416000807
/vessels/details/416001586,DAH YIH FA 16,Fishing vessel,416001586
/vessels/details/416001125,SHENG FENG TSAIR,Fishing vessel,416001125
/vessels/details/416006836,SHIN JINN CHUEN NO66,Fishing vessel,416006836
/vessels/details/6905135,TA SHUN NO. 1,Fishing Vessel,6905135
/vessels/details/416011624,JYI LONG YU,Fishing vessel,416011624
/vessels/details/416005363,LAI SIANG YU NO.16,Fishing vessel,416005363
/vessels/details/416004203,RUEY I SHYANG NO.101,Fishing vessel,416004203
/vessels/details/416450001,08085,Fishing vessel,416450001
/vessels/details/416008155,SHIN FENG,Fishing vessel,416008155
/vessels/details/416004197,CHONG REN FA,Fishing vessel,416004197
/vessels/details/416004668,CHYUAN GWO MAAN,Fishing vessel,416004668
/vessels/details/416004648,YU YOU NO.8,Fishing vessel,416004648
/vessels/details/8626977,YIH CHUEN NO. 1,Fishing Vessel,8626977
/vessels/details/416004318,SHIN SHENG FA NO.168,Fishing vessel,416004318
/vessels/details/8648602,SHANG SHUN NO. 112,Fishing Vessel,8648602
/vessels/details/416007002,YU TZAY SHING NO6,Fishing vessel,416007002
/vessels/details/416041634,TWN FISH BOAT NO.5,Fishing vessel,416041634
/vessels/details/416004907,TAM KANG NO.1,Fishing vessel,416004907
/vessels/details/416066594,CTR-YL6178,Fishing vessel,416066594
/vessels/details/416001942,JINMANYU13,Fishing vessel,416001942
/vessels/details/416004007,SHIN LONG NO888,Fishing vessel,416004007
/vessels/details/416009678,XIAOSHUAI NO.66,Fishing vessel,416009678
/vessels/details/416012108,SHII AN NAH,Fishing vessel,416012108
/vessels/details/8629278,JILN HORNG NO. 101,Fishing Vessel,8629278
/vessels/details/416010391,JAAN CHYNG,Fishing vessel,416010391
/vessels/details/416000223,735,Fishing vessel,416000223
/vessels/details/416000898,AISS.BOSS,Fishing vessel,416000898
/vessels/details/416007034,SHIN YU FA NO.16,Fishing vessel,416007034
/vessels/details/416008457,JIA HORNG,Fishing vessel,416008457
/vessels/details/416066747,JI CHANG NO.1,Fishing vessel,416066747
/vessels/details/416007571,YAN PYNG NO.9,Fishing vessel,416007571
/vessels/details/416002092,HAI CHIEN HSING 20,Fishing vessel,416002092
/vessels/details/416067383,CTR-IL0842,Fishing vessel,416067383
/vessels/details/416066055,CTR-CW0931,Fishing vessel,416066055
/vessels/details/416215900,JIN SHENG YI NO83,Fishing vessel,416215900
/vessels/details/416004427,DE HAI NO.16,Fishing vessel,416004427
/vessels/details/416551768,168,Fishing vessel,416551768
/vessels/details/416210286,YUFA00286-21-99,Fishing vessel,416210286
/vessels/details/416012617,PERNG SHAN NO.218,Fishing vessel,416012617
/vessels/details/416001184,XUN MAN YU NO.111,Fishing vessel,416001184
/vessels/details/7021106,HAI MA,Fishing Vessel,7021106
/vessels/details/416066463,CTR-KH6018,Fishing vessel,416066463
/vessels/details/9678226,JHAO FONG,Fishing Vessel,9678226
/vessels/details/416001177,FENG MAANCAI,Fishing vessel,416001177
/vessels/details/416007107,DONG YIH JINN NO.6,Fishing vessel,416007107
/vessels/details/416007053,LONGDAHSHYANG,Fishing vessel,416007053
/vessels/details/416012622,JINN SHYANG 1,Fishing vessel,416012622
/vessels/details/416009665,SHENG JINN YIH,Fishing vessel,416009665
/vessels/details/416006326,MAN YU CAI NO6,Fishing vessel,416006326
/vessels/details/416012655,LAO YU FU,Fishing vessel,416012655
/vessels/details/416001371,SHIAN MAAN TZAY,Fishing vessel,416001371
/vessels/details/9822243,JAIN LIH NO. 212,Fishing Vessel,9822243
/vessels/details/416888568,QI MEI 5032,Fishing vessel,416888568
/vessels/details/416066748,CTR-PT3512,Fishing vessel,416066748
/vessels/details/416450169,TAI 00169,Fishing vessel,416450169
/vessels/details/416011077,CTS-6939,Fishing vessel,416011077
/vessels/details/416011383,CTS-7424,Fishing vessel,416011383
/vessels/details/7312373,FONG DA,Fishing Vessel,7312373
/vessels/details/416066159,CTR-ML0929,Fishing vessel,416066159
/vessels/details/416005380,SHIN PAN FA,Fishing vessel,416005380
/vessels/details/416003799,YU JIN888,Fishing vessel,416003799
/vessels/details/416000652,AN WEN FA NO.16,Fishing vessel,416000652
/vessels/details/416011723,SHIN FA SHING,Fishing vessel,416011723
/vessels/details/416002853,JINLING,Fishing vessel,416002853
/vessels/details/416069085,CTR-NC1039,Fishing vessel,416069085
/vessels/details/416007848,YEONG CHERNG FA,Fishing vessel,416007848
/vessels/details/416004485,SHUI HO CHENG NO.3,Fishing vessel,416004485
/vessels/details/416070333,CTR-IL0479,Fishing vessel,416070333
/vessels/details/416008858,JHAO NA FEI,Fishing vessel,416008858
/vessels/details/416011521,CTS-007992,Fishing vessel,416011521
/vessels/details/416003473,XIN FU FENG NO.26,Fishing vessel,416003473
/vessels/details/416007714,FUH SHIUH SHENG NO.2,Fishing vessel,416007714
/vessels/details/416007612,JIN ROEI SHING NO.1,Fishing vessel,416007612
/vessels/details/416069777,CTR PT4153,Fishing vessel,416069777
/vessels/details/416005692,SHUN CAI SING,Fishing vessel,416005692
/vessels/details/416006981,CHINQ SHYANG NO.2,Fishing vessel,416006981
/vessels/details/416002679,XINSHUNYI66,Fishing vessel,416002679
/vessels/details/416004371,JIN CHENG CHUN NO3,Fishing vessel,416004371
/vessels/details/416013381,WU LONG SHIUH,Fishing vessel,416013381
/vessels/details/416000972,ZHANG SHENG NO.26,Fishing vessel,416000972
/vessels/details/416069585,CTR-NC0307,Fishing vessel,416069585
/vessels/details/416005457,CHUN MAN YU NO3,Fishing vessel,416005457
/vessels/details/416010497,CTS-009395,Fishing vessel,416010497
/vessels/details/416088395,HAE SHING NO1 7V,Fishing vessel,416088395
/vessels/details/416003131,CHYUU JIUH,Fishing vessel,416003131
/vessels/details/416066141,CTR-CW0308,Fishing vessel,416066141
/vessels/details/416016143,CING FONG NO.88,Fishing vessel,416016143
/vessels/details/416012605,HORNG LONG,Fishing vessel,416012605
/vessels/details/416052600,ESSIEN,Fishing vessel,416052600
/vessels/details/416000228,SHENG CHI FA,Fishing vessel,416000228
/vessels/details/9751418,GUO TONG 3,Fishing Vessel,9751418
/vessels/details/416011679,CTS-7769,Fishing vessel,416011679
/vessels/details/416012543,YUAN CHUAN,Fishing vessel,416012543
/vessels/details/416200056,56-2,Fishing vessel,416200056
/vessels/details/416010946,LII GUANN SHIUN,Fishing vessel,416010946
/vessels/details/416011579,HAE MING UEI,Fishing vessel,416011579
/vessels/details/416003573,CHERN CHARN YU,Fishing vessel,416003573
/vessels/details/416004598,SHIN SHENQ FA NO 16,Fishing vessel,416004598
/vessels/details/416070321,CTR-IL0885,Fishing vessel,416070321
/vessels/details/416007846,SHIN FA SHUENN,Fishing vessel,416007846
/vessels/details/416007763,SHIN MING JIANN,Fishing vessel,416007763
/vessels/details/416001029,LI JI SHENG NO.3,Fishing vessel,416001029
/vessels/details/416007563,SHENG YEOU YU,Fishing vessel,416007563
/vessels/details/416000506,CHENG FENG 598,Fishing vessel,416000506
/vessels/details/416007886,YU JINN NO.13,Fishing vessel,416007886
/vessels/details/416001806,FWU CHARNG NO.76,Fishing vessel,416001806
/vessels/details/416004403,WAN YU FA,Fishing vessel,416004403
/vessels/details/416005943,CT1-008247,Fishing vessel,416005943
/vessels/details/416066789,416066789-99,Fishing vessel,416066789
/vessels/details/416002595,JIN YI CAI,Fishing vessel,416002595
/vessels/details/416003626,JIN HORNG LIH,Fishing vessel,416003626
/vessels/details/416004459,SHIN YUH FWU NO.268,Fishing vessel,416004459
/vessels/details/416006432,YU JINN FWU,Fishing vessel,416006432
/vessels/details/416001769,MAAN YIH CHYUU NO.33,Fishing vessel,416001769
/vessels/details/416067319,CTR NC0646,Fishing vessel,416067319
/vessels/details/416066247,XIN JI XIANG,Fishing vessel,416066247
/vessels/details/416002082,SIN MIN HUA NO.88,Fishing vessel,416002082
/vessels/details/416008414,MAAN HAE CHUEN NO.2,Fishing vessel,416008414
/vessels/details/416068113,CTR-PT2830,Fishing vessel,416068113
/vessels/details/416006546,CHERNG FENG,Fishing vessel,416006546
/vessels/details/416006586,SHIAN FENG NO.6,Fishing vessel,416006586
/vessels/details/416009655,CTS-7796,Fishing vessel,416009655
/vessels/details/8032970,YUNG WU,Fishing Vessel,8032970
/vessels/details/416011734,HWA TYNG,Fishing vessel,416011734
/vessels/details/416013205,SHIN SHENG NO 3,Fishing vessel,416013205
/vessels/details/416012056,CTS-9600,Fishing vessel,416012056
/vessels/details/416069816,CTR-PT2807,Fishing vessel,416069816
/vessels/details/416001314,321,Fishing vessel,416001314
/vessels/details/416013164,JIN JENQ NO.1,Fishing vessel,416013164
/vessels/details/416002608,YI DA FU NO.6,Fishing vessel,416002608
/vessels/details/416007624,DAH CHIAN NO.2,Fishing vessel,416007624
/vessels/details/416188168,6,Fishing vessel,416188168
/vessels/details/416068691,CTR NH3115,Fishing vessel,416068691
/vessels/details/416010855,CTS-7263,Fishing vessel,416010855
/vessels/details/416002117,SHENG YU,Fishing vessel,416002117
/vessels/details/416002713,PENG HU 02713,Fishing vessel,416002713
/vessels/details/416002334,SHING LONG FA,Fishing vessel,416002334
/vessels/details/416003575,SAN ZAI FA NO.6,Fishing vessel,416003575
/vessels/details/416002206,LONG WANG HSIN,Fishing vessel,416002206
/vessels/details/416004136,SAN DAH JINN NO.6,Fishing vessel,416004136
/vessels/details/416013042,LONG SHENQ NO.6,Fishing vessel,416013042
/vessels/details/416007364,YU DONG JIA,Fishing vessel,416007364
/vessels/details/8947371,KAO FONG NO. 1,Fishing Vessel,8947371
/vessels/details/416450728,00666,Fishing vessel,416450728
/vessels/details/416007733,BEEI YU SHIN,Fishing vessel,416007733
/vessels/details/416009352,HORNG JIUN,Fishing vessel,416009352
/vessels/details/416066206,CTRTT0871,Fishing vessel,416066206
/vessels/details/416013151,WEN DER NO.6,Fishing vessel,416013151
/vessels/details/416007042,CHWAN LAO DAH,Fishing vessel,416007042
/vessels/details/416006166,JIN SHUENN LONG,Fishing vessel,416006166
/vessels/details/8792960,JIN JINN YI NO. 268,Fishing Vessel,8792960
/vessels/details/416007938,YEONG JIA FWU,Fishing vessel,416007938
/vessels/details/416002979,SHUI.HO.CHENG.NO5,Fishing vessel,416002979
/vessels/details/416066558,JINHUA CI0243,Fishing vessel,416066558
/vessels/details/416071815,YU YUAN,Fishing vessel,416071815
/vessels/details/416066921,CTR-PT0188,Fishing vessel,416066921
/vessels/details/9990222,YUAN LONG,Fishing Vessel,9990222
/vessels/details/416069658,CTR PT3656,Fishing vessel,416069658
/vessels/details/416001208,KUEN JIN,Fishing vessel,416001208
/vessels/details/416002458,SHIN YUH SHYANG NO31,Fishing vessel,416002458
/vessels/details/416007073,SHIN ROEI JYI NO.26,Fishing vessel,416007073
/vessels/details/416012076,NAN TIAN,Fishing vessel,416012076
/vessels/details/416002632,RUEY I SHYANG NO.8,Fishing vessel,416002632
/vessels/details/416015706,HWANG PERNG,Fishing vessel,416015706
/vessels/details/416575832,51787,Fishing vessel,416575832
/vessels/details/416011754,JING MEEI NO.88,Fishing vessel,416011754
/vessels/details/6929466,FENG HWA NO. 51,Fishing Vessel,6929466
/vessels/details/416066752,CTR-PT4395,Fishing vessel,416066752
/vessels/details/416004657,SHUN TIAN FONG,Fishing vessel,416004657
/vessels/details/416888632,JUNG CHENG FA 25,Fishing vessel,416888632
/vessels/details/9278416,PEI SHENG NO. 1,Fishing Vessel,9278416
/vessels/details/416007311,JIAN SHUENN TSAIR NO,Fishing vessel,416007311
/vessels/details/416008798,SHENG CHUEN MAAN,Fishing vessel,416008798
/vessels/details/416068802,CTR-PT3667,Fishing vessel,416068802
/vessels/details/416002744,CHIH CHI FENG NO1,Fishing vessel,416002744
/vessels/details/416004108,SHIN CHIOU DER NO.6,Fishing vessel,416004108
/vessels/details/416008763,SHIN BAO SHING,Fishing vessel,416008763
/vessels/details/8680806,CHIN CHUN,Fishing Vessel,8680806
/vessels/details/416006014,JIN WOEI CHYUU I,Fishing vessel,416006014
/vessels/details/416068204,CTR-CI0119,Fishing vessel,416068204
/vessels/details/416007485,CHING SHING FA NO.66,Fishing vessel,416007485
/vessels/details/416007274,JIN HAE LIH NO.12,Fishing vessel,416007274
/vessels/details/416066662,RUI MU NO.1,Fishing vessel,416066662
/vessels/details/416002482,WEN DAR NO36,Fishing vessel,416002482
/vessels/details/416219600,SHENG YI CAI NO166,Fishing vessel,416219600
/vessels/details/416071275,CTR-HL0287,Fishing vessel,416071275
/vessels/details/416066909,CTR-PT3106,Fishing vessel,416066909
/vessels/details/416001669,KSY,Fishing vessel,416001669
/vessels/details/416008316,JIN JYI LIH,Fishing vessel,416008316
/vessels/details/416210401,13859612915,Fishing vessel,416210401
/vessels/details/416010316,CTS-8837,Fishing vessel,416010316
/vessels/details/416003386,SHENG FENG NO.28,Fishing vessel,416003386
/vessels/details/416067083,CTR-YL1014,Fishing vessel,416067083
/vessels/details/416015933,FWU LAI NO.668,Fishing vessel,416015933
/vessels/details/8791851,MAN FU TSAI NO. 88,Fishing Vessel,8791851
/vessels/details/416007595,MAAN SHUENN,Fishing vessel,416007595
/vessels/details/416068107,CTR-PT1066,Fishing vessel,416068107
/vessels/details/416067347,DA YONG FU,Fishing vessel,416067347
/vessels/details/416004077,SHENQ LIH SHING NO.6,Fishing vessel,416004077
/vessels/details/8655411,FU YU,Fishing Vessel,8655411
/vessels/details/416007278,TIAN HER NO.2,Fishing vessel,416007278
/vessels/details/416007283,YU MAAN NO.3,Fishing vessel,416007283
/vessels/details/9806548,KUANG YING NO. 3,Fishing Vessel,9806548
/vessels/details/416013945,HUA SHYUN,Fishing vessel,416013945
/vessels/details/416014968,FANN HARNG,Fishing vessel,416014968
/vessels/details/416004407,SHUN FA LONG NO1,Fishing vessel,416004407
/vessels/details/416014106,GWO TAY,Fishing vessel,416014106
/vessels/details/416066814,WEN QIN HAO,Fishing vessel,416066814
/vessels/details/416009796,GAO ZAI SING,Fishing vessel,416009796
/vessels/details/416458615,068,Fishing vessel,416458615
/vessels/details/416000102,168,Fishing vessel,416000102
/vessels/details/416010752,MANN PO YU,Fishing vessel,416010752
/vessels/details/416069802,CTR PT1828,Fishing vessel,416069802
/vessels/details/416070364,YU LAN NO2,Fishing vessel,416070364
/vessels/details/416009239,XIN TAI,Fishing vessel,416009239
/vessels/details/416002753,SHENQ LONG FA NO.6,Fishing vessel,416002753
/vessels/details/416010789,SMOOTH SAILING,Fishing vessel,416010789
/vessels/details/416011438,CTS-9843,Fishing vessel,416011438
/vessels/details/416067323,CTR NC0738,Fishing vessel,416067323
/vessels/details/416002892,HER MAAN TZAY,Fishing vessel,416002892
/vessels/details/416007386,SHIN SHYONG YIH NO.2,Fishing vessel,416007386
/vessels/details/7238735,SHOTOKU MARU NO. 35,Fishing Vessel,7238735
/vessels/details/416016321,HAE JYI LIH NO1,Fishing vessel,416016321
/vessels/details/416003851,LONG WANG NO.8LL,Fishing vessel,416003851
/vessels/details/416066727,ZHI QIANG HAO,Fishing vessel,416066727
/vessels/details/416003494,TIAN FA TSAIR NO.38,Fishing vessel,416003494
/vessels/details/416000518,TAI JIE CHENG NO168,Fishing vessel,416000518
/vessels/details/416001852,SHENG YU FENG,Fishing vessel,416001852
/vessels/details/416067578,CTR-CI0741,Fishing vessel,416067578
/vessels/details/416005707,TIAN JIN XING NO26,Fishing vessel,416005707
/vessels/details/416012228,CTS-8276,Fishing vessel,416012228
/vessels/details/416004634,CHYUAN CHUEN MAAN 16,Fishing vessel,416004634
/vessels/details/416002173,CHYUAN LIANG FA,Fishing vessel,416002173
/vessels/details/416002446,JIN HUNG HSIAANG,Fishing vessel,416002446
/vessels/details/416140186,AIT,Fishing vessel,416140186
/vessels/details/416067569,CTR-NC1288,Fishing vessel,416067569
/vessels/details/416007025,RONG LIH FA NO.3,Fishing vessel,416007025
/vessels/details/416000855,LIEN YU FA NO31,Fishing vessel,416000855
/vessels/details/416068777,CTR PT3558,Fishing vessel,416068777
/vessels/details/416008093,RUI YUN 888,Fishing vessel,416008093
/vessels/details/416001912,JIN FENG FWU NO.126,Fishing vessel,416001912
/vessels/details/416010673,CTS-7686,Fishing vessel,416010673
/vessels/details/416002775,HE SHUN XING,Fishing vessel,416002775
/vessels/details/416071839,CTR CI1110,Fishing vessel,416071839
/vessels/details/6904911,CHEN HAI NO. 1,Fishing Vessel,6904911
/vessels/details/416013113,WU TSONG HUEI,Fishing vessel,416013113
/vessels/details/416008142,SHIN KAE SHENQ NO.2,Fishing vessel,416008142
/vessels/details/416071404,CTR-NC0341,Fishing vessel,416071404
/vessels/details/416002235,FWU TSAIR YIH NO2,Fishing vessel,416002235
/vessels/details/416068761,CTR-PT4377,Fishing vessel,416068761
/vessels/details/416005558,QUAN JIA FU 128,Fishing vessel,416005558
/vessels/details/416007647,FWU YANG,Fishing vessel,416007647
/vessels/details/416069875,CTR ML0823,Fishing vessel,416069875
/vessels/details/416010479,LI WEI,Fishing vessel,416010479
/vessels/details/416004268,SAN LIAN FA NO.1,Fishing vessel,416004268
/vessels/details/416011470,123,Fishing vessel,416011470
/vessels/details/416067802,SHUN CHANG,Fishing vessel,416067802
/vessels/details/416009686,HO LI HSIEN NO.168,Fishing vessel,416009686
/vessels/details/416001003,LONG TSAIR FWU 11,Fishing vessel,416001003
/vessels/details/416067085,CTR-NH3139,Fishing vessel,416067085
/vessels/details/416010427,A MING NIOU ROU,Fishing vessel,416010427
/vessels/details/416008015,LIAN BIN YIH,Fishing vessel,416008015
/vessels/details/416010636,CTS-3465,Fishing vessel,416010636
/vessels/details/416009787,FWU SHENG FA 168,Fishing vessel,416009787
/vessels/details/416071624,CTR-PT3753,Fishing vessel,416071624
/vessels/details/416010771,YEONG FUH,Fishing vessel,416010771
/vessels/details/416011716,CHUEN CHERNG NO.1,Fishing vessel,416011716
/vessels/details/416002264,SHENQ HORNG TSAIR,Fishing vessel,416002264
/vessels/details/416004289,CHUANN CHUANN NO9527,Fishing vessel,416004289
/vessels/details/416007679,CHINQ SHENG,Fishing vessel,416007679
/vessels/details/416401227,1,Fishing vessel,416401227
/vessels/details/416000894,JIA FENG NO.1,Fishing vessel,416000894
/vessels/details/416002196,MING JYH FWU NO.12,Fishing vessel,416002196
/vessels/details/416008764,SHIN LIANG MAAN,Fishing vessel,416008764
/vessels/details/9743954,RUEY I SHYANG NO. 106,Fishing Vessel,9743954
/vessels/details/416202824,CHENG QING FENG 568,Fishing vessel,416202824
/vessels/details/416008946,HAPPINESS 2,Fishing vessel,416008946
/vessels/details/416009772,QING SHUN MAN NO.7,Fishing vessel,416009772
/vessels/details/416190711,TAIWAN,Fishing vessel,416190711
/vessels/details/416011161,YUAN LIH NO.6,Fishing vessel,416011161
/vessels/details/416006549,BA LEH CHINQ,Fishing vessel,416006549
/vessels/details/416066754,ZIH ZAI,Fishing vessel,416066754
/vessels/details/416000891,TSENG YI YU 3,Fishing vessel,416000891
/vessels/details/416013977,HAN BAO YUAN,Fishing vessel,416013977
/vessels/details/416001128,NO.16 FENG JINN,Fishing vessel,416001128
/vessels/details/416445985,99999,Fishing vessel,416445985
/vessels/details/416069361,CTR-NH3084,Fishing vessel,416069361
/vessels/details/416069622,CTR-NC9184,Fishing vessel,416069622
/vessels/details/416002876,MAN CHI FENG,Fishing vessel,416002876
/vessels/details/8680519,JIN YUH LONG,Fishing Vessel,8680519
/vessels/details/9997074,YUN MAO NO. 128,Fishing Vessel,9997074
/vessels/details/416011744,YU TSAIR NO8,Fishing vessel,416011744
/vessels/details/416005259,HER SHING NO.6,Fishing vessel,416005259
/vessels/details/416066698,WEN GUI NO.5,Fishing vessel,416066698
/vessels/details/416184600,6,Fishing vessel,416184600
/vessels/details/8628561,JIN YI SHIANG,Fishing Vessel,8628561
/vessels/details/416069673,CTR PT3784,Fishing vessel,416069673
/vessels/details/416010989,HUNG MAU NO.3,Fishing vessel,416010989
/vessels/details/8648688,SHUN AN NO. 6,Fishing Vessel,8648688
/vessels/details/416068856,CTR-TT0144,Fishing vessel,416068856
/vessels/details/416009323,YEONG YE,Fishing vessel,416009323
/vessels/details/416000985,MING TSAIR CHYUU NO.,Fishing vessel,416000985
/vessels/details/8649670,SHIN YEOU NO. 6,Fishing Vessel,8649670
/vessels/details/416001576,SHIN RYH FA NO.168,Fishing vessel,416001576
/vessels/details/416013667,SHUENN JYI NO.68,Fishing vessel,416013667
/vessels/details/416066276,CTR-TC0533,Fishing vessel,416066276
/vessels/details/416006799,CHARNG YUNN,Fishing vessel,416006799
/vessels/details/416010007,CTS-9370,Fishing vessel,416010007
/vessels/details/416008046,HAE LEH DIH NO.2,Fishing vessel,416008046
/vessels/details/416117577,000000000000,Fishing vessel,416117577
/vessels/details/416014769,CTS-8696,Fishing vessel,416014769
/vessels/details/416004569,YUSHENGFU,Fishing vessel,416004569
/vessels/details/416002609,YI SHENG NO1,Fishing vessel,416002609
/vessels/details/416008809,JIN LONG YIH,Fishing vessel,416008809
/vessels/details/9783021,YI SIANG NO. 128,Fishing Vessel,9783021
/vessels/details/416000066,0,Fishing vessel,416000066
/vessels/details/416070044,CTR-NC0008,Fishing vessel,416070044
/vessels/details/416069027,CTR-NC0609,Fishing vessel,416069027
/vessels/details/416007111,NEAU SHINN TAY,Fishing vessel,416007111
/vessels/details/9759941,HUNG JIE WEI NO. 669,Fishing Vessel,9759941
/vessels/details/416010309,CTS-8496,Fishing vessel,416010309
/vessels/details/416001971,JIA SING NO.308,Fishing vessel,416001971
/vessels/details/416004607,JWU TAIR YEU NO.1,Fishing vessel,416004607
/vessels/details/416013669,YEONG TAY NO.12,Fishing vessel,416013669
/vessels/details/416015673,JIIN HER,Fishing vessel,416015673
/vessels/details/416006601,YI LONG,Fishing vessel,416006601
/vessels/details/416007521,CHARNG GUANN,Fishing vessel,416007521
/vessels/details/416069136,CTR-NC9171,Fishing vessel,416069136
/vessels/details/416006634,FUH FA CHUEN,Fishing vessel,416006634
/vessels/details/416014166,CTS-9973,Fishing vessel,416014166
/vessels/details/416025283,25283,Fishing vessel,416025283
/vessels/details/416688666,FENGYUAN66,Fishing vessel,416688666
/vessels/details/416008187,TAY SHUENN NO.1,Fishing vessel,416008187
/vessels/details/416010902,LONG CING NO.1,Fishing vessel,416010902
/vessels/details/416013419,CTS-8487,Fishing vessel,416013419
/vessels/details/416005311,TAN LI NO 168,Fishing vessel,416005311
/vessels/details/7937941,FONG KUO NO. 206,Fishing Vessel,7937941
/vessels/details/416000767,CHIA MING SHENG,Fishing vessel,416000767
/vessels/details/416924269,00686,Fishing vessel,416924269
/vessels/details/416006521,WEI NI,Fishing vessel,416006521
/vessels/details/416006775,SHENG MAN CHANG NO.6,Fishing vessel,416006775
/vessels/details/416327832,TAI0054,Fishing vessel,416327832
/vessels/details/416000208,55053,Fishing vessel,416000208
/vessels/details/416680308,SON OF PEACE,Fishing vessel,416680308
/vessels/details/416001659,SHIN JINN SHENG NO.3,Fishing vessel,416001659
/vessels/details/416013004,SHUENN FARN NO.6,Fishing vessel,416013004
/vessels/details/416001417,JIN SHUENN FA NO.168,Fishing vessel,416001417
/vessels/details/416069915,CTR-KM0029,Fishing vessel,416069915
/vessels/details/416000383,SIH MAN FU,Fishing vessel,416000383
/vessels/details/416069746,CTR PT3843,Fishing vessel,416069746
/vessels/details/8827698,JIH FA NO. 3,Fishing Vessel,8827698
/vessels/details/416002825,MAN FU TSAI NO88,Fishing vessel,416002825
/vessels/details/416007134,SHENQ RONG FUH,Fishing vessel,416007134
/vessels/details/416000977,WANN FA CHERNG NO.11,Fishing vessel,416000977
/vessels/details/416009929,CTS-6768,Fishing vessel,416009929
/vessels/details/416007509,CHYUAN YU,Fishing vessel,416007509
/vessels/details/416888636,11136,Fishing vessel,416888636
/vessels/details/416000525,SHENG JIN JOU,Fishing vessel,416000525
/vessels/details/8018467,CHIA HONG 21,Fishing Vessel,8018467
/vessels/details/416004188,SYU HONG SHENG NO.6,Fishing vessel,416004188
/vessels/details/416001348,AUR SHING NO.21,Fishing vessel,416001348
/vessels/details/416007619,LONG DAR,Fishing vessel,416007619
/vessels/details/6927808,CHIN SHIANG NO. 1,Fishing Vessel,6927808
/vessels/details/416067386,CTR-IL0864,Fishing vessel,416067386
/vessels/details/416004404,HONG SHENG NO.3,Fishing vessel,416004404
/vessels/details/9846031,HSING LUNG NO. 32,Fishing Vessel,9846031
/vessels/details/416000739,C0,Fishing vessel,416000739
/vessels/details/416011897,JINN YEONG NO2,Fishing vessel,416011897
/vessels/details/416007551,YUH SHUENN CHANG,Fishing vessel,416007551
/vessels/details/416003451,AN WEN FA NO3,Fishing vessel,416003451
/vessels/details/416071749,CTR-PT4379,Fishing vessel,416071749
/vessels/details/416999995,UZA1,Fishing vessel,416999995
/vessels/details/416338888,1,Fishing vessel,416338888
/vessels/details/416000685,222,Fishing vessel,416000685
/vessels/details/416003535,TRH WEGH,Fishing vessel,416003535
/vessels/details/416180286,YUFA00286-18-99,Fishing vessel,416180286
/vessels/details/416423117,FENG SHUN 16666,Fishing vessel,416423117
/vessels/details/416070047,CTR-NC9138,Fishing vessel,416070047
/vessels/details/416007118,HORNG DER CHINQ,Fishing vessel,416007118
/vessels/details/416564300,0857,Fishing vessel,416564300
/vessels/details/416010756,SHYUAN HUEY NO.8,Fishing vessel,416010756
/vessels/details/416051346,J1D,Fishing vessel,416051346
/vessels/details/416000545,TIAN YI YUAN NO6,Fishing vessel,416000545
/vessels/details/416388266,FA TA CAI,Fishing vessel,416388266
/vessels/details/416013383,SHIN YEONG NING,Fishing vessel,416013383
/vessels/details/416015921,CTS-8341 8V,Fishing vessel,416015921
/vessels/details/416070527,CTR-KH1331,Fishing vessel,416070527
/vessels/details/416218600,MAN FU TSAI NO.168,Fishing vessel,416218600
/vessels/details/416069774,CTR PT4220,Fishing vessel,416069774
/vessels/details/416068698,CTR-NH7076,Fishing vessel,416068698
/vessels/details/416001854,DENG MAAN TSAIR 20,Fishing vessel,416001854
/vessels/details/416071229,CTR KH6212,Fishing vessel,416071229
/vessels/details/416994456,22,Fishing vessel,416994456
/vessels/details/416066053,CTR-CW0930,Fishing vessel,416066053
/vessels/details/416005751,JIN LIAN FA NO.3,Fishing vessel,416005751
/vessels/details/416002948,CHUAN FA SHEN NO.88,Fishing vessel,416002948
/vessels/details/416001353,SHENG HORNG TA,Fishing vessel,416001353
/vessels/details/416016866,XIE XING 168,Fishing vessel,416016866
/vessels/details/416066778,CTR-PT3409,Fishing vessel,416066778
/vessels/details/416458606,WAI TAN,Fishing vessel,416458606
/vessels/details/416001734,JENQ FUH YIH NO.6,Fishing vessel,416001734
/vessels/details/416000217,TAY MING FWU NO.168,Fishing vessel,416000217
/vessels/details/416006888,CHYUAN YUH YU NO.6,Fishing vessel,416006888
/vessels/details/416004463,YU YOU NO5,Fishing vessel,416004463
/vessels/details/416000154,SHUI HO CHENG,Fishing vessel,416000154
/vessels/details/416028519,33668,Fishing vessel,416028519
/vessels/details/416004189,HAE FA NO.26,Fishing vessel,416004189
/vessels/details/416006736,940965,Fishing vessel,416006736
/vessels/details/8651166,TORNG TAY NO. 3,Fishing Vessel,8651166
/vessels/details/416066931,CTR PT4487,Fishing vessel,416066931
/vessels/details/416015177,CTS-8154,Fishing vessel,416015177
/vessels/details/416013043,CT2-007084,Fishing vessel,416013043
/vessels/details/416005290,CHERNG DAR NO.1,Fishing vessel,416005290
/vessels/details/416101248,1256,Fishing vessel,416101248
/vessels/details/416012905,CT0-007812,Fishing vessel,416012905
/vessels/details/416069472,CTR-NC9272,Fishing vessel,416069472
/vessels/details/416960029,HE YI NO168,Fishing vessel,416960029
/vessels/details/416007246,SHENQ GAU FENG,Fishing vessel,416007246
/vessels/details/8749585,HUANG YU,Fishing Vessel,8749585
/vessels/details/416001538,MAAN SHENG FA N,Fishing vessel,416001538
/vessels/details/416067686,CTR-CW1069,Fishing vessel,416067686
/vessels/details/416003700,FW1234,Fishing vessel,416003700
/vessels/details/416008336,YIH LIH FA,Fishing vessel,416008336
/vessels/details/416014961,SHENG WOEI,Fishing vessel,416014961
/vessels/details/416070149,CTR-IL0046,Fishing vessel,416070149
/vessels/details/416000202,MAAN SHIN CHYEN,Fishing vessel,416000202
/vessels/details/416000244,86010,Fishing vessel,416000244
/vessels/details/416003310,00,Fishing vessel,416003310
/vessels/details/416012503,CT0-9449,Fishing vessel,416012503
/vessels/details/416011136,CT0-9389,Fishing vessel,416011136
/vessels/details/416006881,HUNG CHUAN FA,Fishing vessel,416006881
/vessels/details/416004275,JO,Fishing vessel,416004275
/vessels/details/416068908,CTR-TT0376,Fishing vessel,416068908
/vessels/details/416003658,MAN FU LONG,Fishing vessel,416003658
/vessels/details/416008116,KUANG YAO,Fishing vessel,416008116
/vessels/details/416013815,CHYUAN DER,Fishing vessel,416013815
/vessels/details/416240103,TIELONG2401-03-99,Fishing vessel,416240103
/vessels/details/416015404,CTS-009804,Fishing vessel,416015404
/vessels/details/416007548,JLA YIH NO.68,Fishing vessel,416007548
/vessels/details/416009458,HER MEEI 2,Fishing vessel,416009458
/vessels/details/416236600,HONG DING YANG NO233,Fishing vessel,416236600
/vessels/details/416002005,YI DA FU NO.16,Fishing vessel,416002005
/vessels/details/416071701,CTR-PT0830,Fishing vessel,416071701
/vessels/details/416013395,CT0-7592,Fishing vessel,416013395
/vessels/details/416004575,SHUENN HAE SHING,Fishing vessel,416004575
/vessels/details/416015173,CTS-8746,Fishing vessel,416015173
/vessels/details/416004595,JENQ HER FA,Fishing vessel,416004595
/vessels/details/416009279,YI FENG NO.668,Fishing vessel,416009279
/vessels/details/416001774,SHIN JIANN LIH,Fishing vessel,416001774
/vessels/details/416003556,SHENG LONG YU NO.268,Fishing vessel,416003556
/vessels/details/416002654,FWU YIH NO.6,Fishing vessel,416002654
/vessels/details/416068729,CTR-KC0289,Fishing vessel,416068729
/vessels/details/416066717,CHUN HE NO.1,Fishing vessel,416066717
/vessels/details/416008412,YUSHANGAANGWAY NO850,Fishing vessel,416008412
/vessels/details/416003965,LONG FA JIN NO.168,Fishing vessel,416003965
/vessels/details/416182500,JIN XING NO28,Fishing vessel,416182500
/vessels/details/416006153,YIH MAAN HORNG,Fishing vessel,416006153
/vessels/details/416070049,CTR NC0716,Fishing vessel,416070049
/vessels/details/416002443,HON YUN NO.23,Fishing vessel,416002443
/vessels/details/416067324,CTR NC0882,Fishing vessel,416067324
/vessels/details/416010681,CTS-7898,Fishing vessel,416010681
/vessels/details/8790912,HORNG HAE,Fishing Vessel,8790912
/vessels/details/416011251,BAIR HER,Fishing vessel,416011251
/vessels/details/416009527,YUH GWO NO1,Fishing vessel,416009527
/vessels/details/9766669,I MAN HUNG NO. 268,Fishing Vessel,9766669
/vessels/details/416068876,CTR-TT0113,Fishing vessel,416068876
/vessels/details/416500306,HA 4 A A,Fishing vessel,416500306
/vessels/details/416011854,CTS-9811,Fishing vessel,416011854
/vessels/details/416066685,QIU WEN NO.,Fishing vessel,416066685
/vessels/details/416001081,MING XIN CHENG NO.8,Fishing vessel,416001081
/vessels/details/7041675,HAI YANG NO. 12,Fishing Vessel,7041675
/vessels/details/416214900,WEN DAR NO666,Fishing vessel,416214900
/vessels/details/8026957,TUNG MAU NO. 2,Fishing Vessel,8026957
/vessels/details/416008491,YU SHAN G.WAY 1147,Fishing vessel,416008491
/vessels/details/416000469,MAAN FONG NO268,Fishing vessel,416000469
/vessels/details/416229700,FENG YU QUN,Fishing vessel,416229700
/vessels/details/416012604,DAH NEAU NO.1,Fishing vessel,416012604
/vessels/details/416006024,SHENQ SHING,Fishing vessel,416006024
/vessels/details/416010495,CT0-009082,Fishing vessel,416010495
/vessels/details/416005517,MING JIN CAI NO 36,Fishing vessel,416005517
/vessels/details/416013573,DAR YIH NO.6,Fishing vessel,416013573
/vessels/details/416007379,ROEI YU NO.136,Fishing vessel,416007379
/vessels/details/416012824,XIN RONG,Fishing vessel,416012824
/vessels/details/416067073,CTR PT3906,Fishing vessel,416067073
/vessels/details/9911953,YUN MAO NO. 101,Fishing Vessel,9911953
/vessels/details/416007321,YU 6,Fishing vessel,416007321
/vessels/details/416004763,CHIAN YANG,Fishing vessel,416004763
/vessels/details/416013636,TAI WAN YU JIN 13636,Fishing vessel,416013636
/vessels/details/416016149,LONG MAAN YIH,Fishing vessel,416016149
/vessels/details/416450777,TAI 00777,Fishing vessel,416450777
/vessels/details/416002076,SHENG SIANG CING,Fishing vessel,416002076
/vessels/details/416069403,CTR-NH9135,Fishing vessel,416069403
/vessels/details/416066492,CTR-TT1117,Fishing vessel,416066492
/vessels/details/416069854,CTR-KM0083,Fishing vessel,416069854
/vessels/details/8883604,SHUN HU NO. 2,Fishing Support Vessel,8883604
/vessels/details/416006782,PIN WEN,Fishing vessel,416006782
/vessels/details/416014143,CTS-4029,Fishing vessel,416014143
/vessels/details/416222500,MAAN YIH FENG NO266,Fishing vessel,416222500
/vessels/details/416007159,TAY JYI JINN NO.2,Fishing vessel,416007159
/vessels/details/416008565,JIN YUH SHUENN NO.6,Fishing vessel,416008565
/vessels/details/416114313,FA GUANG MING,Fishing vessel,416114313
/vessels/details/416005656,WMJG,Fishing vessel,416005656
/vessels/details/416003569,CING FONG SIANG,Fishing vessel,416003569
/vessels/details/416000684,YU.MNN.FU...NO.128,Fishing vessel,416000684
/vessels/details/416749685,SH,Fishing vessel,416749685
/vessels/details/416004723,JIN TORNG LONG NO268,Fishing vessel,416004723
/vessels/details/416013808,SHAN YEH NO.2,Fishing vessel,416013808
/vessels/details/416004402,SIN MING FU NO.6,Fishing vessel,416004402
/vessels/details/416069171,CTR-NC0421,Fishing vessel,416069171
/vessels/details/416066191,CTR-TY0548,Fishing vessel,416066191
/vessels/details/416004489,XIN LI FU NO.1,Fishing vessel,416004489
/vessels/details/416000771,MING YIH FA NO1,Fishing vessel,416000771
/vessels/details/416008811,WEN MING,Fishing vessel,416008811
/vessels/details/416070444,CTR-IL0789,Fishing vessel,416070444
/vessels/details/416014159,CTS-8614,Fishing vessel,416014159
/vessels/details/416007019,HAE DER TSAIR,Fishing vessel,416007019
/vessels/details/416071783,JHIH SIN,Fishing vessel,416071783
/vessels/details/416002222,DA-SHENG-YI-,Fishing vessel,416002222
/vessels/details/416011736,SHING CHANG NO 1,Fishing vessel,416011736
/vessels/details/416070313,CTR-ML0959,Fishing vessel,416070313
/vessels/details/416006991,DER FENG NO.6,Fishing vessel,416006991
/vessels/details/416001884,YUAN SHUN LI,Fishing vessel,416001884
/vessels/details/416006949,HAE SHY NO.168,Fishing vessel,416006949
/vessels/details/416004319,LONG DE FENG NO.66,Fishing vessel,416004319
/vessels/details/416003225,SHIN HORNG SHYANG,Fishing vessel,416003225
/vessels/details/416009779,CTS-9552,Fishing vessel,416009779
/vessels/details/416066493,CTR-TT1099,Fishing vessel,416066493
/vessels/details/6819922,FUKUJU MARU NO. 67,Fishing Vessel,6819922
/vessels/details/416458601,TAI WAN 00582,Fishing vessel,416458601
/vessels/details/416011089,CTS-8922,Fishing vessel,416011089
/vessels/details/7737779,HWA CHIH NO. 2,Fishing Vessel,7737779
/vessels/details/416004099,HONG YONG SHUN,Fishing vessel,416004099
/vessels/details/416011239,YUSHANGAANGWAY NO510,Fishing vessel,416011239
/vessels/details/8651506,YING SHUN NO. 368,Fishing Vessel,8651506
/vessels/details/416068486,CTR-CI2008,Fishing vessel,416068486
/vessels/details/416000727,XIN FA HAO,Fishing vessel,416000727
/vessels/details/416010283,CTS-7358,Fishing vessel,416010283
/vessels/details/416004177,CH A RNG SHNG NO-,Fishing vessel,416004177
/vessels/details/416022555,330 0,Fishing vessel,416022555
/vessels/details/416071264,CTR-NC1183,Fishing vessel,416071264
/vessels/details/416003649,JIN FU LONG,Fishing vessel,416003649
/vessels/details/416008833,RONG CHERNG NO.12,Fishing vessel,416008833
/vessels/details/416004877,DONG DAH,Fishing vessel,416004877
/vessels/details/416009763,SHIN MAAN LIH,Fishing vessel,416009763
/vessels/details/416010652,CTS-7095,Fishing vessel,416010652
/vessels/details/416002324,DE FU NO.2,Fishing vessel,416002324
/vessels/details/416013058,SHANQ HAO,Fishing vessel,416013058
/vessels/details/416010523,HAE HWA ROEI,Fishing vessel,416010523
/vessels/details/9728796,JIIN SHUN HORNG NO. 101,Fishing Vessel,9728796
/vessels/details/416006588,8D,Fishing vessel,416006588
/vessels/details/9876232,CHI FA NO. 1888,Fishing Vessel,9876232
/vessels/details/416011534,CTS-8205,Fishing vessel,416011534
/vessels/details/416068804,CTR-PT3743,Fishing vessel,416068804
/vessels/details/416066211,CTR-CW0449,Fishing vessel,416066211
/vessels/details/416889788,LAI168,Fishing vessel,416889788
/vessels/details/416002166,JYI FENG NO16,Fishing vessel,416002166
/vessels/details/416013975,HER MUH NO.1,Fishing vessel,416013975
/vessels/details/1015038,SHUN XING FA,Fishing Vessel,1015038
/vessels/details/416007132,DAH HER MAAN,Fishing vessel,416007132
/vessels/details/8648420,KUANG YING,Fishing Vessel,8648420
/vessels/details/416006469,SHIN YU,Fishing vessel,416006469
/vessels/details/416006924,CHERNG LIH NO.1,Fishing vessel,416006924
/vessels/details/416003208,HAE JY SHING,Fishing vessel,416003208
/vessels/details/416001833,CHINLONGFA,Fishing vessel,416001833
/vessels/details/8652213,FU YUAN NO. 1,Fishing Vessel,8652213
/vessels/details/416888868,11168,Fishing vessel,416888868
/vessels/details/416002198,YU FENG NO.33,Fishing vessel,416002198
/vessels/details/416066104,CTR-TY0558,Fishing vessel,416066104
/vessels/details/416006761,HAE CHYANG NO8,Fishing vessel,416006761
/vessels/details/416007628,YEU SHYANG NO.58,Fishing vessel,416007628
/vessels/details/416004256,SHIN SHENG LI NO-6,Fishing vessel,416004256
/vessels/details/416006987,YU SAIN SYUN NO.29,Fishing vessel,416006987
/vessels/details/416004704,MAN CAI YI,Fishing vessel,416004704
/vessels/details/416211700,SIN JING FU NO.268,Fishing vessel,416211700
/vessels/details/416008235,SHIN FWU NO.36,Fishing vessel,416008235
/vessels/details/416013011,SHING LONG NO.8,Fishing vessel,416013011
/vessels/details/416067286,CTR-NC0662,Fishing vessel,416067286
/vessels/details/416000825,DE SIANG YI,Fishing vessel,416000825
/vessels/details/416016116,SU CHENG NO99,Fishing vessel,416016116
/vessels/details/416002094,SHENG YIH CHERNG,Fishing vessel,416002094
/vessels/details/416068473,CTR-CI1877,Fishing vessel,416068473
/vessels/details/416107166,000000,Fishing vessel,416107166
/vessels/details/416006784,DA SHENG,Fishing vessel,416006784
/vessels/details/416005297,JIN YUAN TSAIR,Fishing vessel,416005297
/vessels/details/416071532,CTR PT3412,Fishing vessel,416071532
/vessels/details/416008549,SHANQ CHING NO 168,Fishing vessel,416008549
/vessels/details/416071534,WEN SHIUNG NO.3,Fishing vessel,416071534
/vessels/details/416007598,FERN JYI NO.8,Fishing vessel,416007598
/vessels/details/416067064,CTR-SC0418,Fishing vessel,416067064
/vessels/details/416008206,AY TAIR MEY,Fishing vessel,416008206
/vessels/details/416006565,JIA HER NO168,Fishing vessel,416006565
/vessels/details/416008293,CHYAN LONG,Fishing vessel,416008293
/vessels/details/9941893,YUAN MAN JIN,Fishing Vessel,9941893
/vessels/details/416070431,CTR-IL0867,Fishing vessel,416070431
/vessels/details/416013969,CHERNG FA NO.6,Fishing vessel,416013969
/vessels/details/416004016,GOANG LIH SHING NO.6,Fishing vessel,416004016
/vessels/details/416003651,SIN WANG FA,Fishing vessel,416003651
/vessels/details/416066883,CTR-PT4180,Fishing vessel,416066883
/vessels/details/416009339,MAA HAE GER NO1,Fishing vessel,416009339
/vessels/details/416002747,FWU TSAIR YIH NO.1,Fishing vessel,416002747
/vessels/details/416156682,56682,Fishing vessel,416156682
/vessels/details/416009598,SHIN LIAN FA NO.6,Fishing vessel,416009598
/vessels/details/416011472,CTS-008840,Fishing vessel,416011472
/vessels/details/416067657,CTR-CW0967,Fishing vessel,416067657
/vessels/details/7731397,MING YANG NO. 21,Fishing Vessel,7731397
/vessels/details/416009661,SHUN FENG LI,Fishing vessel,416009661
/vessels/details/9851749,JIIN SHUN HORNG NO. 106,Fishing Vessel,9851749
/vessels/details/416066485,CTR-PT2873,Fishing vessel,416066485
/vessels/details/416007001,RONG SHUENN MAAN,Fishing vessel,416007001
/vessels/details/416002624,DER YUEN NO33,Fishing vessel,416002624
/vessels/details/416007015,NEAU CHYI MAAN,Fishing vessel,416007015
/vessels/details/416001171,TIAN MAAN,Fishing vessel,416001171
/vessels/details/416008328,SHENG JYE HWANG,Fishing vessel,416008328
/vessels/details/416071813,MING JHIH,Fishing vessel,416071813
/vessels/details/416217900,CHANG YI NO38,Fishing vessel,416217900
/vessels/details/9886665,HUNG WEN NO. 322,Fishing Vessel,9886665
/vessels/details/416004321,CHARNG HORNG NO.8,Fishing vessel,416004321
/vessels/details/8327674,SHENG FU,Fishing Vessel,8327674
/vessels/details/416002867,DAH YEOU NO.3,Fishing vessel,416002867
/vessels/details/416004286,SHUENN FENG YU 166,Fishing vessel,416004286
/vessels/details/7325019,FONG KUO SHIN NO. 212,Fishing Vessel,7325019
/vessels/details/416137900,YI HONG,Fishing vessel,416137900
/vessels/details/416002244,YI FONG MAN,Fishing vessel,416002244
/vessels/details/416006163,SHIN SHENQ FA,Fishing vessel,416006163
/vessels/details/416012063,CTS-6496,Fishing vessel,416012063
/vessels/details/416000906,CAI SHENG FU NO.3,Fishing vessel,416000906
/vessels/details/416013946,HAUR JIA NO 1,Fishing vessel,416013946
/vessels/details/416002672,SHAN FU YU NO.311,Fishing vessel,416002672
/vessels/details/7937006,KAIKO MARU NO. 21,Fishing Vessel,7937006
/vessels/details/416008357,YEONG SHIUH NO 168,Fishing vessel,416008357
/vessels/details/416013428,CTS-9708,Fishing vessel,416013428
/vessels/details/416071715,CTR-PT3081,Fishing vessel,416071715
/vessels/details/416015672,LIH SHENG,Fishing vessel,416015672
/vessels/details/416000876,GVGHG787,Fishing vessel,416000876
/vessels/details/416082900,CHAO YI NO188,Fishing vessel,416082900
/vessels/details/416013666,YU CHYUAN NO.3,Fishing vessel,416013666
/vessels/details/416010082,CTS-0023,Fishing vessel,416010082
/vessels/details/7737743,FENG BANG NO. 61,Fishing Vessel,7737743
/vessels/details/8652926,HUNG CHING NO. 212,Fishing Vessel,8652926
/vessels/details/416002184,SHIN JONQ FUH,Fishing vessel,416002184
/vessels/details/416071807,JIN HUA,Fishing vessel,416071807
/vessels/details/416004961,ROEI MING SHYANG,Fishing vessel,416004961
/vessels/details/9807621,CHI WIN NO. 1688,Fishing Vessel,9807621
/vessels/details/8651348,CHIN MENG HSIANG NO. 36,Fishing Vessel,8651348
/vessels/details/416008922,YI RONG NO.268,Fishing vessel,416008922
/vessels/details/416008705,SHENG FUH YU,Fishing vessel,416008705
/vessels/details/416002968,HORNG DER SHENG,Fishing vessel,416002968
/vessels/details/416002553,SHIN JIANN FA NO.32,Fishing vessel,416002553
/vessels/details/416445568,168,Fishing vessel,416445568
/vessels/details/416066056,CTR-TC0519,Fishing vessel,416066056
/vessels/details/416012916,CTS-3716,Fishing vessel,416012916
/vessels/details/416069172,CTR-NC0422,Fishing vessel,416069172
/vessels/details/416004129,HAE FA TSAIR NO6,Fishing vessel,416004129
/vessels/details/416066111,CTR-TY0551,Fishing vessel,416066111
/vessels/details/416005345,SHIN YEONG FA,Fishing vessel,416005345
/vessels/details/416013162,HAE JIAU NO.7,Fishing vessel,416013162
/vessels/details/416003815,CAI YI,Fishing vessel,416003815
/vessels/details/416010488,CTS-009267,Fishing vessel,416010488
/vessels/details/416001389,FENG TSAIR MAAN,Fishing vessel,416001389
/vessels/details/416069711,CTR PT3800,Fishing vessel,416069711
/vessels/details/416011422,CTS-8241,Fishing vessel,416011422
/vessels/details/416005195,FA JYI LONG,Fishing vessel,416005195
/vessels/details/416000357,SHENG FU NO.16,Fishing vessel,416000357
/vessels/details/416001265,DE YI NO.68,Fishing vessel,416001265
/vessels/details/416010742,RYH FA NO.888,Fishing vessel,416010742
/vessels/details/416004348,HAO PERNG YEOU NO.3,Fishing vessel,416004348
/vessels/details/416005884,HAE SHING NO.169,Fishing vessel,416005884
/vessels/details/416002758,MING SHING NO1,Fishing vessel,416002758
/vessels/details/416002604,AN WEN FA NO6,Fishing vessel,416002604
/vessels/details/416066076,CTR-TC0534,Fishing vessel,416066076
/vessels/details/416068666,CT3 5652,Fishing vessel,416068666
/vessels/details/416009864,CTS-3150,Fishing vessel,416009864
/vessels/details/416458588,TAI WAN 02139,Fishing vessel,416458588
/vessels/details/416071566,CTR-PT4520,Fishing vessel,416071566
/vessels/details/416321069,21069,Fishing vessel,416321069
/vessels/details/416000005,FENG LONG HAO,Fishing vessel,416000005
/vessels/details/416003068,SHENQ JYI JENQ NO.7,Fishing vessel,416003068
/vessels/details/416066265,CTR-TT0205,Fishing vessel,416066265
/vessels/details/8664656,YI FU,Fishing Vessel,8664656
/vessels/details/416067522,CTR-TC 0607,Fishing vessel,416067522
/vessels/details/416071225,CTR-KH6208,Fishing vessel,416071225
/vessels/details/9833955,YI LONG,Fishing Vessel,9833955
/vessels/details/7213747,SIN HAI NO. 3,Fishing Vessel,7213747
/vessels/details/416001187,CIHG YI SIANG,Fishing vessel,416001187
/vessels/details/416006448,FUH UEI,Fishing vessel,416006448
/vessels/details/416002321,DAH LIH FWU NO.6,Fishing vessel,416002321
/vessels/details/416960156,YUE CHENG HAI 60156,Fishing vessel,416960156
/vessels/details/416010561,TSUNG MEI,Fishing vessel,416010561
/vessels/details/416250926,416,Fishing vessel,416250926
/vessels/details/416014487,HAE SHYANG NO.26,Fishing vessel,416014487
/vessels/details/416007375,SHENG YU MAAN NO.6,Fishing vessel,416007375
/vessels/details/416066898,CTR-PT4359,Fishing vessel,416066898
/vessels/details/416217600,SHENG HAN SHENG,Fishing vessel,416217600
/vessels/details/416013181,FOOD OFFERING,Fishing vessel,416013181
/vessels/details/416071373,CTR PT3801,Fishing vessel,416071373
/vessels/details/416006007,FWU LUEN NO.6,Fishing vessel,416006007
/vessels/details/416001757,TANG FU JI,Fishing vessel,416001757
/vessels/details/416002221,TENN MING YANG NO168,Fishing vessel,416002221
/vessels/details/416007439,LIAW LUO,Fishing vessel,416007439
/vessels/details/416008568,HER YIH FA,Fishing vessel,416008568
/vessels/details/416011597,JYI SHYANG NO.66,Fishing vessel,416011597
/vessels/details/416061722,61722,Fishing vessel,416061722
/vessels/details/416000688,SHINN HER FA 16,Fishing vessel,416000688
/vessels/details/7213840,KING DAH NO. 32,Fishing Vessel,7213840
/vessels/details/416069755,CTR PT3620,Fishing vessel,416069755
/vessels/details/416015658,HORNG YIH LIH,Fishing vessel,416015658
/vessels/details/416012995,MING YANG,Fishing vessel,416012995
/vessels/details/416005591,AO SIN NO.68,Fishing vessel,416005591
/vessels/details/416008136,DAH YIH I HAW,Fishing vessel,416008136
/vessels/details/416013964,CHERNG YU FWU NO.6,Fishing vessel,416013964
/vessels/details/416001929,SHINYEUANFA186,Fishing vessel,416001929
/vessels/details/416199700,WOEN DAR NO 168,Fishing vessel,416199700
/vessels/details/416066414,CTR-SH0174,Fishing vessel,416066414
/vessels/details/416066292,CTR-CI0084,Fishing vessel,416066292
/vessels/details/416000846,FU SHENG JIN,Fishing vessel,416000846
/vessels/details/416009682,JIANN SHING JI SHIEH,Fishing vessel,416009682
/vessels/details/416007374,UEI JIA,Fishing vessel,416007374
/vessels/details/416007799,ROEI RONG TSAIR 826,Fishing vessel,416007799
/vessels/details/416003711,WANN BAO LONG NO.58,Fishing vessel,416003711
/vessels/details/416068127,CTR-PT3418,Fishing vessel,416068127
/vessels/details/8430471,HSING LUNG NO. 31,Fishing Vessel,8430471
/vessels/details/416127700,SAN LAI FA NO 26,Fishing vessel,416127700
/vessels/details/416012513,CTS-0137,Fishing vessel,416012513
/vessels/details/416067355,CTR-IL0190,Fishing vessel,416067355
/vessels/details/416000348,SHENG I HSING ON.16,Fishing vessel,416000348
/vessels/details/416067255,ZHANGSHANG NO.1,Fishing vessel,416067255
/vessels/details/416007357,LONG SHING NO.18,Fishing vessel,416007357
/vessels/details/416003073,JHE,Fishing vessel,416003073
/vessels/details/416009771,CTS-5959,Fishing vessel,416009771
/vessels/details/416985262,FOXCONN,Fishing vessel,416985262
/vessels/details/416007964,FA JYI LONG NO.168,Fishing vessel,416007964
/vessels/details/416012572,CTS-9430,Fishing vessel,416012572
/vessels/details/416012379,CT0008252,Fishing vessel,416012379
/vessels/details/416005647,CYUAN SHUN NO686,Fishing vessel,416005647
/vessels/details/416008278,JIN JIING FA NO.3,Fishing vessel,416008278
/vessels/details/8974532,CHEN HSING NO. 188,Fishing Vessel,8974532
/vessels/details/416067527,CTR-TC 0626,Fishing vessel,416067527
/vessels/details/416004635,HO HSIN HSING NO.601,Fishing vessel,416004635
/vessels/details/416272010,2720-10-87,Fishing vessel,416272010
/vessels/details/416052809,GUANG HUA 52809,Fishing vessel,416052809
/vessels/details/416010508,YIH HWA,Fishing vessel,416010508
/vessels/details/416008425,SHIN SHENQ FWU NO.66,Fishing vessel,416008425
/vessels/details/416010718,DAH SHI AN,Fishing vessel,416010718
/vessels/details/416000803,JIAN SING CHENG,Fishing vessel,416000803
/vessels/details/7325021,FONG TA NO. 31,Fishing Vessel,7325021
/vessels/details/416005592,ZAI FU XIANG NO.3,Fishing vessel,416005592
/vessels/details/416067333,CTR-NC0057,Fishing vessel,416067333
/vessels/details/416003674,HSIEH CHUN MAN NO.16,Fishing vessel,416003674
/vessels/details/416016125,DONG CHYU NO.6,Fishing vessel,416016125
/vessels/details/416007993,SHENQ MAAN JYI NO.3,Fishing vessel,416007993
/vessels/details/416002013,HER MAAN FWU NO.2,Fishing vessel,416002013
/vessels/details/416013081,CTS-4050,Fishing vessel,416013081
/vessels/details/416006343,BAI LE,Fishing vessel,416006343
/vessels/details/416004755,GREEN SEA TURTLE,Fishing vessel,416004755
/vessels/details/416066610,YEONG CHEU,Fishing vessel,416066610
/vessels/details/416012267,CTS-9244,Fishing vessel,416012267
/vessels/details/416002946,LIEN YU CHUN 23,Fishing vessel,416002946
/vessels/details/416071844,CTR CI1374,Fishing vessel,416071844
/vessels/details/416001519,SHENG FU YU NO.168,Fishing vessel,416001519
/vessels/details/416066981,LI FENG YU,Fishing vessel,416066981
/vessels/details/416015396,ROEI LIH CHUEN HAW,Fishing vessel,416015396
/vessels/details/416002720,CTR-PT2720,Fishing vessel,416002720
/vessels/details/416036666,KAN SAN XIAO 78,Fishing vessel,416036666
/vessels/details/416010568,FUH JYI NO1,Fishing vessel,416010568
/vessels/details/416009885,CTS-3733,Fishing vessel,416009885
/vessels/details/416003972,DONG SING FA NO22,Fishing vessel,416003972
/vessels/details/8676295,YNG SHING NO. 11,Fishing Vessel,8676295
/vessels/details/8651350,YANG SHUN NO. 9,Fishing Vessel,8651350
/vessels/details/416069215,CTR-NC9190,Fishing vessel,416069215
/vessels/details/416009888,CTS-3833,Fishing vessel,416009888
/vessels/details/416070139,CTR-NC1104,Fishing vessel,416070139
/vessels/details/416069771,CTR PT3664,Fishing vessel,416069771
/vessels/details/416002122,JIA JINN CHUEN N0 68,Fishing vessel,416002122
/vessels/details/6800323,KWANG LUNG NO. 1,Fishing Vessel,6800323
/vessels/details/416006509,SHIN FWU YANG,Fishing vessel,416006509
/vessels/details/416007324,AN TZAY FA,Fishing vessel,416007324
/vessels/details/416005164,SHANQ YEOU WANQ,Fishing vessel,416005164
/vessels/details/416004231,CHYUAN FENG MAAN NO6,Fishing vessel,416004231
/vessels/details/416069081,CTR-NC1000,Fishing vessel,416069081
/vessels/details/416445168,168,Fishing vessel,416445168
/vessels/details/416006485,SHENGFANO2,Fishing vessel,416006485
/vessels/details/416004357,HAE ING NO.2,Fishing vessel,416004357
/vessels/details/416003219,AQR,Fishing vessel,416003219
/vessels/details/416004078,SHENG CAI LI,Fishing vessel,416004078
/vessels/details/416009521,SHWU MEI NO3,Fishing vessel,416009521
/vessels/details/416231500,YI MAN,Fishing vessel,416231500
/vessels/details/416005563,YUN FENG NO2,Fishing vessel,416005563
/vessels/details/416012666,RYH MAAN NO.12,Fishing vessel,416012666
/vessels/details/7623758,SHEH HENG NO. 1,Fishing Vessel,7623758
/vessels/details/416007524,JENQ DONG,Fishing vessel,416007524
/vessels/details/416069714,CTR PT4165,Fishing vessel,416069714
/vessels/details/416004481,BLUE HOLE,Fishing vessel,416004481
/vessels/details/416203800,LIANG YI,Fishing vessel,416203800
/vessels/details/416011804,CTS-4965,Fishing vessel,416011804
/vessels/details/416003717,SHIN YUH FA 11,Fishing vessel,416003717
/vessels/details/416004997,XIN FENG YING NO.68,Fishing vessel,416004997
/vessels/details/416015205,CT1-3444,Fishing vessel,416015205
/vessels/details/416011747,TSAIR FA NO6,Fishing vessel,416011747
/vessels/details/416071132,CTR-KC0545,Fishing vessel,416071132
/vessels/details/416009394,SHIN YUH CHANG NO 66,Fishing vessel,416009394
/vessels/details/416067046,CTR-CW0454,Fishing vessel,416067046
/vessels/details/416002088,JIN YIH CHANG NO.12,Fishing vessel,416002088
/vessels/details/416067491,CTR-TC 0347,Fishing vessel,416067491
/vessels/details/416009524,DAN EEI,Fishing vessel,416009524
/vessels/details/416004767,SHENQ FWU YU NO.36,Fishing vessel,416004767
/vessels/details/416069947,CTR-YL3115,Fishing vessel,416069947
/vessels/details/416000747,SHUN JIN MAN NO.6,Fishing vessel,416000747
/vessels/details/416450752,TAI 00777,Fishing vessel,416450752
/vessels/details/416070399,CTR-IL0261,Fishing vessel,416070399
/vessels/details/416002061,FENG GUO NO.168,Fishing vessel,416002061
/vessels/details/416000508,C0,Fishing vessel,416000508
/vessels/details/8648133,FULL ALWAYS,Fishing Vessel,8648133
/vessels/details/416008269,JIN MING HORNG NO.2,Fishing vessel,416008269
/vessels/details/416066571,CTR-PT0469,Fishing vessel,416066571
/vessels/details/416007823,JIN JINN TSAIR,Fishing vessel,416007823
/vessels/details/8749066,SHUANG LIAN,Fishing Vessel,8749066
/vessels/details/416012773,SHIN SHENG FA NO.8,Fishing vessel,416012773
/vessels/details/416008296,YH CHYUAN,Fishing vessel,416008296
/vessels/details/8431205,CHING HUNG NO .206,Fishing Vessel,8431205
/vessels/details/416004908,JENN YNG MAAN,Fishing vessel,416004908
/vessels/details/416002168,LIAN CHERNG YIH,Fishing vessel,416002168
/vessels/details/416000788,0,Fishing vessel,416000788
/vessels/details/416012082,JIH FENG NO.1,Fishing vessel,416012082
/vessels/details/9802944,LI HSIANG,Fishing Vessel,9802944
/vessels/details/416995555,CT2 7034,Fishing vessel,416995555
/vessels/details/416240216,TIELONG2402-16-80,Fishing vessel,416240216
/vessels/details/8748804,CHANG YI NO. 368,Fishing Vessel,8748804
/vessels/details/416004535,SHIN YUH FWU NO.318,Fishing vessel,416004535
/vessels/details/416066944,CTR-CI0469,Fishing vessel,416066944
/vessels/details/416273789,LY863,Fishing vessel,416273789
/vessels/details/9225756,HUNG FA NO. 66,Fishing Vessel,9225756
/vessels/details/416003327,YU REN NO.2,Fishing vessel,416003327
/vessels/details/416011038,HWANG BUH JENQ,Fishing vessel,416011038
/vessels/details/8327636,NONG GONG NO. 1,Fishing Vessel,8327636
/vessels/details/416002231,JIN JAAN SHYANGNO168,Fishing vessel,416002231
/vessels/details/416240307,TIELONG2403-07-56,Fishing vessel,416240307
/vessels/details/416777565,SHIN SHUEN FAR NO.16,Fishing vessel,416777565
/vessels/details/416066732,JIA YU HAO,Fishing vessel,416066732
/vessels/details/416010429,SHIAU MIAN YANG,Fishing vessel,416010429
/vessels/details/416007717,LIH SHING NO.6,Fishing vessel,416007717
/vessels/details/416070479,CTR-IL0802,Fishing vessel,416070479
/vessels/details/7209526,HWU CHUEN NO. 1,Fishing Vessel,7209526
/vessels/details/416007022,TZAY SHING FA NO.1,Fishing vessel,416007022
/vessels/details/416069122,CTR-NC9156,Fishing vessel,416069122
/vessels/details/416200926,200926,Fishing vessel,416200926
/vessels/details/416009551,CHUANMAN NO 1,Fishing vessel,416009551
/vessels/details/416010006,CTS-9307,Fishing vessel,416010006
/vessels/details/416070143,CTR-NC1287,Fishing vessel,416070143
/vessels/details/416002175,SHENG TE TSAI,Fishing vessel,416002175
/vessels/details/416010428,SW PROJECT A4,Fishing vessel,416010428
/vessels/details/7209538,HSIEH FU NO. 1,Fishing Vessel,7209538
/vessels/details/416001728,1,Fishing vessel,416001728
/vessels/details/416006948,SHAN SHOEI CHYNG,Fishing vessel,416006948
/vessels/details/416012097,YEONG SHUENN FA,Fishing vessel,416012097
/vessels/details/416004006,JIN CAI JI,Fishing vessel,416004006
/vessels/details/8746832,YING MAN NO. 1,Fishing Vessel,8746832
/vessels/details/416067322,CTR NC0704,Fishing vessel,416067322
/vessels/details/416003288,WAN LI,Fishing vessel,416003288
/vessels/details/416604902,888,Fishing vessel,416604902
/vessels/details/416005891,SHUENN SHENQ NO.9,Fishing vessel,416005891
/vessels/details/416066145,CTR-ML -0508,Fishing vessel,416066145
/vessels/details/416067226,CTR-PT2064,Fishing vessel,416067226
/vessels/details/416004980,SIN DE CHENG NO2,Fishing vessel,416004980
/vessels/details/416006941,TZANN FWU 128,Fishing vessel,416006941
/vessels/details/416066218,CTR-TY0322,Fishing vessel,416066218
/vessels/details/416008162,JIAN SHANQ CHYUU,Fishing vessel,416008162
/vessels/details/8661214,CHIN HSIANG MING,Fishing Vessel,8661214
/vessels/details/416006461,HAN SHINN NO3,Fishing vessel,416006461
/vessels/details/416066172,CTR ML0611,Fishing vessel,416066172
/vessels/details/416007979,YEONG YIH MAAN,Fishing vessel,416007979
/vessels/details/416007577,DER EN SY,Fishing vessel,416007577
/vessels/details/9964089,NO.3 YU JIAN,Fishing Support Vessel,9964089
/vessels/details/416071826,YU JHEN,Fishing vessel,416071826
/vessels/details/416002103,CHI HONG FA,Fishing vessel,416002103
/vessels/details/416068106,CTR-PT0928,Fishing vessel,416068106
/vessels/details/416162158,000,Fishing vessel,416162158
/vessels/details/416066902,CTR-TY0554,Fishing vessel,416066902
/vessels/details/416069821,CTR PT3701,Fishing vessel,416069821
/vessels/details/416380000,YI CHUN NO232,Fishing vessel,416380000
/vessels/details/416071883,CTR CI1393,Fishing vessel,416071883
/vessels/details/416200022,CTR-2388,Fishing vessel,416200022
/vessels/details/8648444,KWANG HARNG NO. 7,Fishing Vessel,8648444
/vessels/details/416001014,YU FA NO.12,Fishing vessel,416001014
/vessels/details/416250901,3235-02-81,Fishing vessel,416250901
/vessels/details/416012277,CTS-9762,Fishing vessel,416012277
/vessels/details/416006128,MIN LIANG 2,Fishing vessel,416006128
/vessels/details/416015174,CTS-8519,Fishing vessel,416015174
/vessels/details/8671879,CHARNG LUEN NO. 22,Fishing Vessel,8671879
/vessels/details/416003668,KUN FA CHERNG NO7,Fishing vessel,416003668
/vessels/details/416071674,CTR-KC0792,Fishing vessel,416071674
/vessels/details/416066637,YING PING HAO,Fishing vessel,416066637
/vessels/details/416001629,SHIN YEONG TAY,Fishing vessel,416001629
/vessels/details/416016789,416016789-99,Fishing vessel,416016789
/vessels/details/416006998,SYU FONG JI,Fishing vessel,416006998
/vessels/details/416005385,MEEI LEH AN,Fishing vessel,416005385
/vessels/details/416007173,JIAN HAE SHENQ,Fishing vessel,416007173
/vessels/details/416012682,LONG JYI NO.1,Fishing vessel,416012682
/vessels/details/416011847,CTS-9603,Fishing vessel,416011847
/vessels/details/416010233,CTS-5086,Fishing vessel,416010233
/vessels/details/416002668,JEN JOWN,Fishing vessel,416002668
/vessels/details/416000808,08,Fishing vessel,416000808
/vessels/details/416007351,LONG CHANG NO.2,Fishing vessel,416007351
/vessels/details/416014297,YUSHANGAANGWAYNO1056,Fishing vessel,416014297
/vessels/details/416009988,CTS-8672,Fishing vessel,416009988
/vessels/details/416004691,CHANG FA NO201,Fishing vessel,416004691
/vessels/details/416004157,MAN SHENG HSIANG,Fishing vessel,416004157
/vessels/details/8327650,YUNG AN,Fishing Vessel,8327650
/vessels/details/416003914,YU JINN NO.16,Fishing vessel,416003914
/vessels/details/416067058,FENG LI NO 6,Fishing vessel,416067058
/vessels/details/416013303,CTS-10077,Fishing vessel,416013303
/vessels/details/416002766,SHENG CHI HUEI NO.12,Fishing vessel,416002766
/vessels/details/416130286,YUFA00286-13-99,Fishing vessel,416130286
/vessels/details/416284800,QUAN YI YU,Fishing vessel,416284800
/vessels/details/416012892,JIN SHING,Fishing vessel,416012892
/vessels/details/416067031,DA LAN,Fishing vessel,416067031
/vessels/details/416014301,SHIN GUANN JIUN,Fishing vessel,416014301
/vessels/details/416035469,288888,Fishing vessel,416035469
/vessels/details/416005930,ZI DA WANG,Fishing vessel,416005930
/vessels/details/8648250,HSIN CHUN NO. 16,Fishing Vessel,8648250
/vessels/details/416015449,LONG JINN TSAIR NO.6,Fishing vessel,416015449
/vessels/details/416006969,NENG DER FA,Fishing vessel,416006969
/vessels/details/416008781,SYH JIH NO.6,Fishing vessel,416008781
/vessels/details/416253062,9722,Fishing vessel,416253062
/vessels/details/416003121,MAAN FWU CHUEN NO3,Fishing vessel,416003121
/vessels/details/7623760,KING MING NO. 1,Fishing Vessel,7623760
/vessels/details/416066894,CTR-PT0417,Fishing vessel,416066894
/vessels/details/416067987,CTR-YL9129,Fishing vessel,416067987
/vessels/details/416006062,JIN SHENQ LONG,Fishing vessel,416006062
/vessels/details/8018455,CHIEN JING 602,Fishing Vessel,8018455
/vessels/details/416001839,YU LAI MAN NO6,Fishing vessel,416001839
/vessels/details/416066759,JHEN LONG,Fishing vessel,416066759
/vessels/details/416008422,CHUAN FA SHIAN 288,Fishing vessel,416008422
/vessels/details/416090492,LIAN SHENG NO.668,Fishing vessel,416090492
/vessels/details/416005827,XIAN FENG,Fishing vessel,416005827
/vessels/details/416003416,XINCHENGXING6,Fishing vessel,416003416
/vessels/details/416069761,CTR PT3837,Fishing vessel,416069761
/vessels/details/416068853,CTR-TT0427,Fishing vessel,416068853
/vessels/details/416068977,CTR-NC0277,Fishing vessel,416068977
/vessels/details/416004158,YI MAN NO.8,Fishing vessel,416004158
/vessels/details/416067096,CTR-TT0085,Fishing vessel,416067096
/vessels/details/9838280,FENG KUO NO. 616,Fishing Vessel,9838280
/vessels/details/416001319,SIN SIE WANG NO.1,Fishing vessel,416001319
/vessels/details/416112332,288888,Fishing vessel,416112332
/vessels/details/416066419,CTR-YL9028,Fishing vessel,416066419
/vessels/details/416000082,.,Fishing vessel,416000082
/vessels/details/8749353,KAO FONG NO. 817,Fishing Vessel,8749353
/vessels/details/416003244,SHENGHONGYI186,Fishing vessel,416003244
/vessels/details/416008007,DAH HORNG JYI,Fishing vessel,416008007
/vessels/details/8749523,CHUAN SHEN,Fishing Vessel,8749523
/vessels/details/416011692,CT0-8502,Fishing vessel,416011692
/vessels/details/416003082,KENTING SEA WORLD 2,Fishing vessel,416003082
/vessels/details/416069782,CTR PT3696,Fishing vessel,416069782
/vessels/details/8649802,YEUN HORNG NO. 2,Fishing Vessel,8649802
/vessels/details/416009816,YANG JI,Fishing vessel,416009816
/vessels/details/8791033,HSIN I HSING,Fishing Vessel,8791033
/vessels/details/416011019,CTS-4777,Fishing vessel,416011019
/vessels/details/416007857,DAR JYI FWU,Fishing vessel,416007857
/vessels/details/416002874,FONG JI SIANG NO2,Fishing vessel,416002874
/vessels/details/416013299,LEH IOU IOU NO.1,Fishing vessel,416013299
/vessels/details/416008009,SHIN HAE YANG NO.16,Fishing vessel,416008009
/vessels/details/416077668,SK88YES,Fishing vessel,416077668
/vessels/details/416997682,000000,Fishing vessel,416997682
/vessels/details/416000916,JHAO KUN,Fishing vessel,416000916
/vessels/details/416069258,CTR-NH1005,Fishing vessel,416069258
/vessels/details/416010166,CTS-0085,Fishing vessel,416010166
/vessels/details/416451243,TAIWAN 55566,Fishing vessel,416451243
/vessels/details/8947448,SHYE SIN NO. 1,Fishing Vessel,8947448
/vessels/details/416001615,SHIN FWU AN NO16,Fishing vessel,416001615
/vessels/details/416068114,CTR-PT2831,Fishing vessel,416068114
/vessels/details/416013581,SHUENN MING,Fishing vessel,416013581
/vessels/details/416066072,CTR-TC0557,Fishing vessel,416066072
/vessels/details/416200800,JIA JYI FA,Fishing vessel,416200800
/vessels/details/416018186,SIN FA SING NO1,Fishing vessel,416018186
/vessels/details/416007692,SONG PERNG,Fishing vessel,416007692
/vessels/details/416005580,SHIAU YAU YOU NO168,Fishing vessel,416005580
/vessels/details/416011905,JIN CHERNG,Fishing vessel,416011905
/vessels/details/416012069,TZONG YIH,Fishing vessel,416012069
/vessels/details/416007222,JIN TONG CHERNG NO.6,Fishing vessel,416007222
/vessels/details/416001581,JIN SHENG SING 168,Fishing vessel,416001581
/vessels/details/416069685,CTR PT3722,Fishing vessel,416069685
/vessels/details/416004057,FUH HORNG 668,Fishing vessel,416004057
/vessels/details/416065016,16,Fishing vessel,416065016
/vessels/details/416004904,MAAN FARN NO.1,Fishing vessel,416004904
/vessels/details/416010107,DUEN TAY NO 8889,Fishing vessel,416010107
/vessels/details/416012917,CTS-8548,Fishing vessel,416012917
/vessels/details/416069862,CTR CI0997,Fishing vessel,416069862
/vessels/details/416458613,TAI WAN 00593,Fishing vessel,416458613
/vessels/details/416004577,SHERN SHENG FENG NO2,Fishing vessel,416004577
/vessels/details/416000212,JIA YU FA,Fishing vessel,416000212
/vessels/details/416014107,SHENG LONG WAN,Fishing vessel,416014107
/vessels/details/416089491,S.N.R. LINE,Fishing vessel,416089491
/vessels/details/416059623,TAIYU61888,Fishing vessel,416059623
/vessels/details/416002873,DA JIN MAN NO.2,Fishing vessel,416002873
/vessels/details/416008636,MAAN GUEY,Fishing vessel,416008636
/vessels/details/416016845,XIE XING 168,Fishing vessel,416016845
/vessels/details/416070534,CTR-KH5552,Fishing vessel,416070534
/vessels/details/416007885,HWAN MING NO.1,Fishing vessel,416007885
/vessels/details/416066519,WU MAO YOU,Fishing vessel,416066519
/vessels/details/416552379,YU YU,Fishing vessel,416552379
/vessels/details/416069812,CTR-HL0548,Fishing vessel,416069812
/vessels/details/416000284,YU SHENG FA,Fishing vessel,416000284
/vessels/details/8647397,YU I HSIANG NO. 217,Fishing Vessel,8647397
/vessels/details/416071656,CTR TC0280,Fishing vessel,416071656
/vessels/details/416069591,CTR-NC0624,Fishing vessel,416069591
/vessels/details/416068363,CTR-CI0541,Fishing vessel,416068363
/vessels/details/416006602,SHIN SHIAN,Fishing vessel,416006602
/vessels/details/416007542,CHARNG CHINQ NO.1,Fishing vessel,416007542
/vessels/details/416072025,LONG FONG NO.2,Fishing vessel,416072025
/vessels/details/416005256,FON TAI NO.6,Fishing vessel,416005256
/vessels/details/416010518,LONG CHERNG,Fishing vessel,416010518
/vessels/details/416002398,JINN FA TSAIR NO16,Fishing vessel,416002398
/vessels/details/416006315,PENGHULYUYOUWANJIA 6,Fishing vessel,416006315
/vessels/details/416070848,CTR-NC9285,Fishing vessel,416070848
/vessels/details/416458610,TAI WAN 00591,Fishing vessel,416458610
/vessels/details/416010941,CTS-9531,Fishing vessel,416010941
/vessels/details/416015461,SHIH GONG JYUE,Fishing vessel,416015461
/vessels/details/416066855,CTR CI1363,Fishing vessel,416066855
/vessels/details/416240128,TIELONG2401-28-76,Fishing vessel,416240128
/vessels/details/416067447,CTR-CW 0035,Fishing vessel,416067447
/vessels/details/416004646,LONG HUEI HONG,Fishing vessel,416004646
/vessels/details/416009309,SWPRO JECT,Fishing vessel,416009309
/vessels/details/416128641,1286MTR,Fishing vessel,416128641
/vessels/details/416011678,CTS-7674,Fishing vessel,416011678
/vessels/details/416070907,CTR-ML0240,Fishing vessel,416070907
/vessels/details/7737913,YONG HSIN,Fishing Vessel,7737913
/vessels/details/416002404,CHIEN TE FA NO8,Fishing vessel,416002404
/vessels/details/416005245,CHINQ CHUEN SHENQ,Fishing vessel,416005245
/vessels/details/416003638,CHIN TIEN NO.66,Fishing vessel,416003638
/vessels/details/416066892,CTR-KH5714,Fishing vessel,416066892
/vessels/details/416013656,CT0-9197,Fishing vessel,416013656
/vessels/details/416011457,JIN HONG LONG,Fishing vessel,416011457
/vessels/details/8431102,MING TAY NO. 3,Fishing Vessel,8431102
/vessels/details/416000665,YONG 26 QU,Fishing vessel,416000665
/vessels/details/416455001,TAIWAN,Fishing vessel,416455001
/vessels/details/416069886,FONG SING NO.2,Fishing vessel,416069886
/vessels/details/416009777,CTS-7275,Fishing vessel,416009777
/vessels/details/416000649,XIE CHANG HUI,Fishing vessel,416000649
/vessels/details/416009377,YI SIANG NO168,Fishing vessel,416009377
/vessels/details/416007957,JIN MAAN YIH NO.3,Fishing vessel,416007957
/vessels/details/416010559,JIN FENG NO9,Fishing vessel,416010559
/vessels/details/416006016,HORNG BIN NO.1,Fishing vessel,416006016
/vessels/details/416008859,FWU FA NO.8,Fishing vessel,416008859
/vessels/details/416007697,JINN MAAN FWU,Fishing vessel,416007697
/vessels/details/416071729,CTR-PT3564,Fishing vessel,416071729
/vessels/details/8648597,HO YUNG,Fishing Vessel,8648597
/vessels/details/416013088,CTS-5655,Fishing vessel,416013088
/vessels/details/416009659,JIN JYI LIH NO. 32,Fishing vessel,416009659
/vessels/details/416069813,CTR-HL0591,Fishing vessel,416069813
/vessels/details/416070161,CTR-CW0980,Fishing vessel,416070161
/vessels/details/416003471,TIAN CHENG NO.168,Fishing vessel,416003471
/vessels/details/416007488,FUH SHENQ,Fishing vessel,416007488
/vessels/details/416066562,CTR-CW0094,Fishing vessel,416066562
/vessels/details/416217800,HON HAI NO239,Fishing vessel,416217800
/vessels/details/416008703,CHYUAN CHINQ HORNG,Fishing vessel,416008703
/vessels/details/416006858,JYI SHYANG FA,Fishing vessel,416006858
/vessels/details/416002643,SHUENN FWU YU NO.86,Fishing vessel,416002643
/vessels/details/416007413,SHUENN FWU SHING NO1,Fishing vessel,416007413
/vessels/details/416069075,CTR-NC0958,Fishing vessel,416069075
/vessels/details/8749470,RUEY I SHYANG NO. 101,Fishing Vessel,8749470
/vessels/details/416001344,DA FENG NO.7,Fishing vessel,416001344
/vessels/details/8661783,JIN HONG CHENG,Fishing Vessel,8661783
/vessels/details/416069634,CTR-CW0089,Fishing vessel,416069634
/vessels/details/416060586,01026,Fishing vessel,416060586
/vessels/details/416166166,166166,Fishing vessel,416166166
/vessels/details/416013167,JING JAAN,Fishing vessel,416013167
/vessels/details/416165375,000,Fishing vessel,416165375
/vessels/details/416071568,YUE SIOU,Fishing vessel,416071568
/vessels/details/416004194,FU YU YUAN,Fishing vessel,416004194
/vessels/details/8649644,YUH YEOU NO. 236,Fishing Vessel,8649644
/vessels/details/416002286,RUEY I SHYANG NO.12,Fishing vessel,416002286
/vessels/details/416001312,LONG JYI LIH NO.2,Fishing vessel,416001312
/vessels/details/416002628,CHAAN YING,Fishing vessel,416002628
/vessels/details/6525600,REN AY,Fishing Vessel,6525600
/vessels/details/416002548,SHIN JAAN SHIN,Fishing vessel,416002548
/vessels/details/416069205,CTR-NC1147,Fishing vessel,416069205
/vessels/details/6928266,YUAN YANG,Fishing Vessel,6928266
/vessels/details/416974209,000000000000,Fishing vessel,416974209
/vessels/details/8727197,BAO REN NO. 16,Fishing Vessel,8727197
/vessels/details/416070061,CTR-NC0513,Fishing vessel,416070061
/vessels/details/416008329,SHENG PARN TSAIR,Fishing vessel,416008329
/vessels/details/416006178,DA YI NO.8,Fishing vessel,416006178
/vessels/details/416067313,CTR NC0402,Fishing vessel,416067313
/vessels/details/416005502,HAI FA CAI NO.12,Fishing vessel,416005502
/vessels/details/416010664,CTS-7563,Fishing vessel,416010664
/vessels/details/416007056,XING HAI,Fishing vessel,416007056
/vessels/details/416011101,CTS-9012,Fishing vessel,416011101
/vessels/details/416523812,SHUNFA,Fishing vessel,416523812
/vessels/details/416011792,SHIEH LAO BAAN NO 1,Fishing vessel,416011792
/vessels/details/416005468,BAO LIH DAR NO.3,Fishing vessel,416005468
/vessels/details/416005524,JINN SHING YIH,Fishing vessel,416005524
/vessels/details/416181500,CHUN MAN FU NO.6,Fishing vessel,416181500
/vessels/details/416068814,CTR-PT4171,Fishing vessel,416068814
/vessels/details/416007146,LIAN JYI SHING NO.6,Fishing vessel,416007146
/vessels/details/416012362,CTS-9082,Fishing vessel,416012362
/vessels/details/416002135,JHAO FONG NO268,Fishing vessel,416002135
/vessels/details/416067618,YEONG CHEU,Fishing vessel,416067618
/vessels/details/416588588,588,Fishing vessel,416588588
/vessels/details/7209576,KWANG LUNG NO. 71,Fishing Vessel,7209576
/vessels/details/8648224,CHIN LIANG HORNG,Fishing Vessel,8648224
/vessels/details/416013106,CTS-6162,Fishing vessel,416013106
/vessels/details/416000761,YU MAN CHUN,Fishing vessel,416000761
/vessels/details/416004038,JYI RONG SHYANG NO66,Fishing vessel,416004038
/vessels/details/416009961,CTS-7532,Fishing vessel,416009961
/vessels/details/416009259,YUN MAO NO.128,Fishing vessel,416009259
/vessels/details/416013037,JIUNN FENG,Fishing vessel,416013037
/vessels/details/416011946,SHANQ JIIN LONG,Fishing vessel,416011946
/vessels/details/416000981,JYIMAANTZAYCHERNG6,Fishing vessel,416000981
/vessels/details/416008726,HUEI HORNG NO.3,Fishing vessel,416008726
/vessels/details/416113020,123 06,Fishing vessel,416113020
/vessels/details/416001096,YU MAN SIANG,Fishing vessel,416001096
/vessels/details/416009973,CTS-8129,Fishing vessel,416009973
/vessels/details/416007731,JIN LIAN MAAN NO.6,Fishing vessel,416007731
/vessels/details/416004363,JIA CHENG NO.168,Fishing vessel,416004363
/vessels/details/416003661,JIANN JEN,Fishing vessel,416003661
/vessels/details/416000368,JIN JAAN SHYANG,Fishing vessel,416000368
/vessels/details/416000026,26,Fishing vessel,416000026
/vessels/details/416003272,YEONG JENN SHENG,Fishing vessel,416003272
/vessels/details/416221600,CHAO FA NO.6,Fishing vessel,416221600
/vessels/details/416012891,CTS-9324,Fishing vessel,416012891
/vessels/details/416198900,DE YANG NO.8,Fishing vessel,416198900
/vessels/details/416002121,CING YI WANG NO3,Fishing vessel,416002121
/vessels/details/416008376,JONG FA NO.2,Fishing vessel,416008376
/vessels/details/416008508,SHIN JYH FA,Fishing vessel,416008508
/vessels/details/416009536,YUAN LIOW NO.1,Fishing vessel,416009536
/vessels/details/416011892,HAE LUH,Fishing vessel,416011892
/vessels/details/8647995,WOEN YU NO. 168,Fishing Vessel,8647995
/vessels/details/416010645,CTS-6425,Fishing vessel,416010645
/vessels/details/8648212,CHIN CHANG LONG,Fishing Vessel,8648212
/vessels/details/416014149,CTS-6366,Fishing vessel,416014149
/vessels/details/416190800,TA FA NO.26,Fishing vessel,416190800
/vessels/details/7213876,SAM FUH,Fishing Vessel,7213876
/vessels/details/416001229,CIA YI,Fishing vessel,416001229
/vessels/details/416000042,YEOU SHENQ FENG,Fishing vessel,416000042
/vessels/details/8943820,CHUNG I NO. 237,Fishing Vessel,8943820
/vessels/details/416066049,CTR CW1025,Fishing vessel,416066049
/vessels/details/416001259,MAN TSAI LI,Fishing vessel,416001259
/vessels/details/416003232,HE YI 66,Fishing vessel,416003232
/vessels/details/416006148,YU SHUENN GUEI NO.6,Fishing vessel,416006148
/vessels/details/416011035,CTS-4922,Fishing vessel,416011035
/vessels/details/416010651,CTS-7001,Fishing vessel,416010651
/vessels/details/8628664,FU CHUN NO. 128,Fishing Vessel,8628664
/vessels/details/416098600,CHING KUO YU FA HAO,Fishing vessel,416098600
/vessels/details/416005762,SHIN YANG,Fishing vessel,416005762
/vessels/details/8684876,JEN NAN,Fishing Vessel,8684876
/vessels/details/416003329,LIAN JIA HENG,Fishing vessel,416003329
/vessels/details/416001888,SHIN DONG FA NO.12,Fishing vessel,416001888
/vessels/details/416002675,YUH SHENG TSAIR,Fishing vessel,416002675
/vessels/details/416002748,SIN DONG SIANG,Fishing vessel,416002748
/vessels/details/416008444,SHIN SHENG TSAIR NO6,Fishing vessel,416008444
/vessels/details/416000719,SHENG FENG NO888,Fishing vessel,416000719
/vessels/details/416001035,XIN RI JI,Fishing vessel,416001035
/vessels/details/416106308,0,Fishing vessel,416106308
/vessels/details/6815419,KAO YA NO. 2,Fishing Vessel,6815419
/vessels/details/8678463,DONG HORNG NO. 222,Fish Carrier,8678463
/vessels/details/416005654,DE FU MING NO 1,Fishing vessel,416005654
/vessels/details/416002659,SHUN FENG NO.8,Fishing vessel,416002659
/vessels/details/416004064,YEONG FA SHING NO.6,Fishing vessel,416004064
/vessels/details/416005354,CHUAM LIM,Fishing vessel,416005354
/vessels/details/416001242,SHIN YUAN FA NO.888,Fishing vessel,416001242
/vessels/details/416012629,MING 1,Fishing vessel,416012629
/vessels/details/416005070,SHENG JYI NO 1,Fishing vessel,416005070
/vessels/details/416067684,CTR-CW1066,Fishing vessel,416067684
/vessels/details/416642818,PENGHU010,Fishing vessel,416642818
/vessels/details/416007109,SHYE AN TAY,Fishing vessel,416007109
/vessels/details/416009656,CTS-9782,Fishing vessel,416009656
/vessels/details/416009222,GETIT88,Fishing vessel,416009222
/vessels/details/416008138,RYH YU MAAN,Fishing vessel,416008138
/vessels/details/416069661,CTR PT3709,Fishing vessel,416069661
/vessels/details/416013032,CTS-010039,Fishing vessel,416013032
/vessels/details/416002027,TYNG FARN CHUAN NO.2,Fishing vessel,416002027
/vessels/details/416061060,YEONG CHEU,Fishing vessel,416061060
/vessels/details/416218800,CHU HUAI NO888,Fishing vessel,416218800
/vessels/details/416007187,HER SHUENN FA,Fishing vessel,416007187
/vessels/details/416000702,AN SHUN FA NO.66,Fishing vessel,416000702
/vessels/details/416069905,CTR-CW0140,Fishing vessel,416069905
/vessels/details/416012648,CHIH YEH NO.8,Fishing vessel,416012648
/vessels/details/416004811,CHYUAN TSAIR FA,Fishing vessel,416004811
/vessels/details/416011587,JIN JIA JAAN,Fishing vessel,416011587
/vessels/details/416233700,MAAN YIH FENG NO 366,Fishing vessel,416233700
/vessels/details/416000941,KUN HAI YING NO3,Fishing vessel,416000941
/vessels/details/416888652,A,Fishing vessel,416888652
/vessels/details/416010128,MEEI JYI 168,Fishing vessel,416010128
/vessels/details/7639587,MEISEI MARU NO. 78,Fish Carrier,7639587
/vessels/details/416009982,CTS-8403,Fishing vessel,416009982
/vessels/details/416007212,LONG JINN FWU,Fishing vessel,416007212
/vessels/details/416002366,QUAN FU CAI,Fishing vessel,416002366
/vessels/details/416000405,JIN CHINQ FUH NO 62,Fishing vessel,416000405
/vessels/details/416042159,0 033333030,Fishing vessel,416042159
/vessels/details/416011633,YIH FENG NO.2,Fishing vessel,416011633
/vessels/details/9959503,SHUN RONG NO. 168,Fishing Vessel,9959503
/vessels/details/8648781,SI CHUEN NO. 212,Fishing Vessel,8648781
/vessels/details/416088038,8038,Fishing vessel,416088038
/vessels/details/416000914,JYI SHING LIH,Fishing vessel,416000914
/vessels/details/416015473,CTS-4059,Fishing vessel,416015473
/vessels/details/9865661,DE YI NO. 66,Fishing Vessel,9865661
/vessels/details/416066434,CTR-CI0582,Fishing vessel,416066434
/vessels/details/416000735,CHIN I HSIANG,Fishing vessel,416000735
/vessels/details/416012347,CTS008121,Fishing vessel,416012347
/vessels/details/416066529,CTR-KH5673,Fishing vessel,416066529
/vessels/details/416020220,000000,Fishing vessel,416020220
/vessels/details/416002341,JYI RONG SHYANG NO36,Fishing vessel,416002341
/vessels/details/416066863,CTR-HL0366,Fishing vessel,416066863
/vessels/details/416012065,DAH FWU JAAN,Fishing vessel,416012065
/vessels/details/416005761,YU JYI 168,Fishing vessel,416005761
/vessels/details/7213656,HAI HU,Fishing Vessel,7213656
/vessels/details/416068799,CTR-PT3095,Fishing vessel,416068799
/vessels/details/416008566,AEROYACHT I,Fishing vessel,416008566
/vessels/details/416010202,CTS-2964,Fishing vessel,416010202
/vessels/details/416007631,SAN HER RYH,Fishing vessel,416007631
/vessels/details/416008377,SHIN CHEU HOW,Fishing vessel,416008377
/vessels/details/416005137,SHIN YU MAAN NO1,Fishing vessel,416005137
/vessels/details/7032909,CHING FA,Fishing Vessel,7032909
/vessels/details/416005619,JI YANG NO.168,Fishing vessel,416005619
/vessels/details/416007231,JIN HORNG CHUEN NO.6,Fishing vessel,416007231
/vessels/details/416008348,JIN HAE SHINN,Fishing vessel,416008348
/vessels/details/416200678,YONG TONG QU,Fishing vessel,416200678
/vessels/details/416000361,CHIH CHI HSING NO1,Fishing vessel,416000361
/vessels/details/416014167,YING WEI NO6,Fishing vessel,416014167
/vessels/details/416306476,168,Fishing vessel,416306476
/vessels/details/416006769,ZAI MAN MAN,Fishing vessel,416006769
/vessels/details/416004265,LIAN FENG MAW,Fishing vessel,416004265
/vessels/details/416011306,JY HWAI,Fishing vessel,416011306
/vessels/details/416011793,SHIEH LAO BAAN NO 8,Fishing vessel,416011793
/vessels/details/416245800,RUEY ISHYANG NO.106,Fishing vessel,416245800
/vessels/details/416008456,SHUENN YIH NO.168,Fishing vessel,416008456
/vessels/details/416003506,AUR SHIN NO.21,Fishing vessel,416003506
/vessels/details/416004151,JIN.YUAN.BAO.NO.66,Fishing vessel,416004151
/vessels/details/416067889,CTR-YL6039,Fishing vessel,416067889
/vessels/details/416071828,CT-TT0018,Fishing vessel,416071828
/vessels/details/416001304,XIM MAN,Fishing vessel,416001304
/vessels/details/9727754,SIN HUA FONG NO. 16,Fishing Vessel,9727754
/vessels/details/416011544,CTS-9197,Fishing vessel,416011544
/vessels/details/416012179,CTS-5977,Fishing vessel,416012179
/vessels/details/416007418,0,Fishing vessel,416007418
/vessels/details/416004677,SHUN MAN LI,Fishing vessel,416004677
/vessels/details/416007676,SHIN LONG FA,Fishing vessel,416007676
/vessels/details/416007223,CHYANG SHENG NO.3,Fishing vessel,416007223
/vessels/details/8648729,HWA HUNG NO. 202,Fishing Vessel,8648729
/vessels/details/416568988,988,Fishing vessel,416568988
/vessels/details/416012979,DI AN NA,Fishing vessel,416012979
/vessels/details/416000908,JUI HO MAN,Fishing vessel,416000908
/vessels/details/416069527,CTR-NH8051,Fishing vessel,416069527
/vessels/details/416071136,CTR-TT0694,Fishing vessel,416071136
/vessels/details/416008755,LONG JINN SHING NO.8,Fishing vessel,416008755
/vessels/details/416014125,JENQ YII NO.168,Fishing vessel,416014125
/vessels/details/416007573,YEONG TAY SHING NO.3,Fishing vessel,416007573
/vessels/details/416008082,CHAANG MAAN,Fishing vessel,416008082
/vessels/details/416066639,SHU MIN,Fishing vessel,416066639
/vessels/details/416000052,ROEI HORNG TSAIR NO6,Fishing vessel,416000052
/vessels/details/416458590,TAI WAN 00892,Fishing vessel,416458590
/vessels/details/416001997,LONG WANG TZAY,Fishing vessel,416001997
/vessels/details/416006467,HUEY SHING NO.1,Fishing vessel,416006467
/vessels/details/416005782,CT08819,Fishing vessel,416005782
/vessels/details/416002539,HAE JIAU NO.6,Fishing vessel,416002539
/vessels/details/416015493,YNG SHYANG FA,Fishing vessel,416015493
/vessels/details/416000986,YU FU,Fishing vessel,416000986
/vessels/details/416066432,GIA RONG,Fishing vessel,416066432
/vessels/details/416011894,YIH LONG SHING NO168,Fishing vessel,416011894
/vessels/details/416010445,HICHEN,Fishing vessel,416010445
/vessels/details/416069734,CTR PT4496,Fishing vessel,416069734
/vessels/details/416071649,CTR-KC0781,Fishing vessel,416071649
/vessels/details/416005203,QUAN JIN LI,Fishing vessel,416005203
/vessels/details/416008455,JIUNN FA,Fishing vessel,416008455
/vessels/details/7209485,CHEN CHUNG NO. 122,Fishing Vessel,7209485
/vessels/details/416004839,YUN MAO NO.168,Fishing vessel,416004839
/vessels/details/9990985,SHUN SHENG NO. 398,Fishing Vessel,9990985
/vessels/details/416013103,CTS-6172,Fishing vessel,416013103
/vessels/details/416009575,SHANQ SHEUAN NO 168,Fishing vessel,416009575
/vessels/details/416009997,CTS-8890,Fishing vessel,416009997
/vessels/details/416001012,JHEN MING JI NO6,Fishing vessel,416001012
/vessels/details/416009915,CTS-6443,Fishing vessel,416009915
/vessels/details/416015481,WEIYONG NO.3,Fishing vessel,416015481
/vessels/details/8628743,FULL SHINE,Fishing Vessel,8628743
/vessels/details/416008932,HAE YANG CHYI BING,Fishing vessel,416008932
/vessels/details/416010239,CTS-5533,Fishing vessel,416010239
/vessels/details/7110787,HUENG SHEN,Fishing Vessel,7110787
/vessels/details/416012081,JYI YUH,Fishing vessel,416012081
/vessels/details/416001666,66,Fishing vessel,416001666
/vessels/details/416003987,SHIN HAE LIH NO.6,Fishing vessel,416003987
/vessels/details/416002621,YONG QU NO.168,Fishing vessel,416002621
/vessels/details/416000159,DING CHANG YI NO.2,Fishing vessel,416000159
/vessels/details/416013578,JYI TSANG,Fishing vessel,416013578
/vessels/details/416013961,YU CHYUAN NO.9,Fishing vessel,416013961
/vessels/details/416220600,NIAN SHENG NO3,Fishing vessel,416220600
/vessels/details/416013221,RYH FA NO.6,Fishing vessel,416013221
/vessels/details/416909090,LATAN,Fishing vessel,416909090
/vessels/details/416006859,WOEN SHENQ NO.166,Fishing vessel,416006859
/vessels/details/416000925,SHENG TSAIR FA,Fishing vessel,416000925
/vessels/details/416068221,CTR-CI01756,Fishing vessel,416068221
/vessels/details/416000521,AN WEN FA NO22,Fishing vessel,416000521
/vessels/details/416066987,CTR TC0622,Fishing vessel,416066987
/vessels/details/416003063,JINFU-SHENG,Fishing vessel,416003063
/vessels/details/416067035,CTR HL0552,Fishing vessel,416067035
/vessels/details/416069702,CTR PT4378,Fishing vessel,416069702
/vessels/details/416211600,SHIN SHIE YI,Fishing vessel,416211600
/vessels/details/416066477,CTR-YL3162,Fishing vessel,416066477
/vessels/details/416005008,JIN ROEI CHING,Fishing vessel,416005008
/vessels/details/8787965,HONG XIN NO. 112,Fishing Vessel,8787965
/vessels/details/416012969,JI PIN,Fishing vessel,416012969
/vessels/details/416011969,CTS-9907,Fishing vessel,416011969
/vessels/details/416331000,KAO FONG NO8,Fishing vessel,416331000
/vessels/details/416010534,MING GONG NO2,Fishing vessel,416010534
/vessels/details/416003766,MAAN FWU NO.88,Fishing vessel,416003766
/vessels/details/416066309,CTR-ML0744,Fishing vessel,416066309
/vessels/details/416015406,CHARNG LONG NO.66,Fishing vessel,416015406
/vessels/details/8648717,WOEN YU CHANG NO. 6,Fishing Vessel,8648717
/vessels/details/416005186,LONG FU,Fishing vessel,416005186
/vessels/details/416069948,CTR-YL3150,Fishing vessel,416069948
/vessels/details/416009751,CHING HER,Fishing vessel,416009751
/vessels/details/416009757,WOEN CHERNG,Fishing vessel,416009757
/vessels/details/9790024,JUBILEE,Fishing Vessel,9790024
/vessels/details/416003304,A SHENG NO.168,Fishing vessel,416003304
/vessels/details/416001005,LONG CHUEN JYI 132,Fishing vessel,416001005
/vessels/details/416066452,CTR-KH1408,Fishing vessel,416066452
/vessels/details/416004135,JIN LIH FU.NO6,Fishing vessel,416004135
/vessels/details/416014128,HAI WAVE NO.8,Fishing vessel,416014128
/vessels/details/416005988,SHOEI SHING NO77,Fishing vessel,416005988
/vessels/details/7116200,YU CHYUAN NO. 2,Fishing Vessel,7116200
/vessels/details/416004156,JINN HORNG SHING NO6,Fishing vessel,416004156
/vessels/details/416011681,CTS-7927,Fishing vessel,416011681
/vessels/details/416111222,00777,Fishing vessel,416111222
/vessels/details/8946339,NENG SHENG BU 366,Fish Carrier,8946339
/vessels/details/8431293,HUNG YU NO. 122,Fishing Vessel,8431293
/vessels/details/416011545,CTS-009209,Fishing vessel,416011545
/vessels/details/416068249,CTR-CI0317,Fishing vessel,416068249
/vessels/details/416010667,CTS-7643,Fishing vessel,416010667
/vessels/details/416005268,SHENG LONG YU NO.268,Fishing vessel,416005268
/vessels/details/416600023,HH,Fishing vessel,416600023
/vessels/details/416900666,00666-9-87,Fishing vessel,416900666
/vessels/details/416006194,DONG HAE NO.888,Fishing vessel,416006194
/vessels/details/416011694,CT1-4079,Fishing vessel,416011694
/vessels/details/416003349,DER HORNG TSAIR,Fishing vessel,416003349
/vessels/details/416067385,CTR-IL0859,Fishing vessel,416067385
/vessels/details/416000195,TIEN CHING FU,Fishing vessel,416000195
/vessels/details/416010684,CTS-8049,Fishing vessel,416010684
/vessels/details/416003161,JIANG MAAN CHUEN,Fishing vessel,416003161
/vessels/details/416066972,DA FA NO.1,Fishing vessel,416066972
/vessels/details/416070385,CTR-IL0593,Fishing vessel,416070385
/vessels/details/416309999,JI HE JIN,Fishing vessel,416309999
/vessels/details/416002560,AN W,Fishing vessel,416002560
/vessels/details/416003081,KENTING SEA WORLD 1,Fishing vessel,416003081
/vessels/details/416011398,CTS-5514,Fishing vessel,416011398
/vessels/details/416005651,HONG HAI CHUN,Fishing vessel,416005651
/vessels/details/416002991,JIN YU CAI NO.3,Fishing vessel,416002991
/vessels/details/416001414,MAN YI NO.168,Fishing vessel,416001414
/vessels/details/416246248,111111,Fishing vessel,416246248
/vessels/details/8749535,YUN MAO NO. 2,Fishing Vessel,8749535
/vessels/details/416005050,XIN BEI JIA 5050,Fishing vessel,416005050
/vessels/details/416010354,CHARNG FA NO-88,Fishing vessel,416010354
/vessels/details/7830650,FONG SHIN NO. 316,Fishing Vessel,7830650
/vessels/details/416008241,YEONG FWU LONG,Fishing vessel,416008241
/vessels/details/416098560,CHI,Fishing vessel,416098560
/vessels/details/416000009,FENG LONG HAO,Fishing vessel,416000009
/vessels/details/416012546,CTS-0240,Fishing vessel,416012546
/vessels/details/8749078,FARN SHUEN NO. 1,Fishing Vessel,8749078
/vessels/details/416003565,HORNG DAR SHING NO.6,Fishing vessel,416003565
/vessels/details/8656283,SHIH YING JIN NO. 8,Fishing Vessel,8656283
/vessels/details/416001115,YIH SHENQ HORNG NO.6,Fishing vessel,416001115
/vessels/details/416011919,JIN HORNG,Fishing vessel,416011919
/vessels/details/416008927,JIA YANG,Fishing vessel,416008927
/vessels/details/416008658,YU FWU SHUENN NO.26,Fishing vessel,416008658
/vessels/details/416010374,FONG YING NO.66,Fishing vessel,416010374
/vessels/details/416069149,CTR-NH7012,Fishing vessel,416069149
/vessels/details/416004399,SHENG YU CHANG,Fishing vessel,416004399
/vessels/details/416785689,57977,Fishing vessel,416785689
/vessels/details/416063070,CT2-6307,Fishing vessel,416063070
/vessels/details/416003901,LONG WANG NO.8,Fishing vessel,416003901
/vessels/details/416001875,JINYIFA6,Fishing vessel,416001875
/vessels/details/416014161,CTS-8697,Fishing vessel,416014161
/vessels/details/416066677,SHENG ZHI NO.1,Fishing vessel,416066677
/vessels/details/416069072,CTR-NC0945,Fishing vessel,416069072
/vessels/details/416006551,YU YAW NO.1,Fishing vessel,416006551
/vessels/details/416012591,YANG MING NO.1,Fishing vessel,416012591
/vessels/details/416010663,CTS-7554,Fishing vessel,416010663
/vessels/details/416010331,TENN TSAI JI,Fishing vessel,416010331
/vessels/details/7437238,PAO YAUNG NO. 1,Fishing Vessel,7437238
/vessels/details/416002098,JIAN HORNG CHIOUNO.6,Fishing vessel,416002098
/vessels/details/416001591,GUANN DER NO.8,Fishing vessel,416001591
/vessels/details/416069131,CTR-NC9157,Fishing vessel,416069131
/vessels/details/416007361,LONG JINN SHING,Fishing vessel,416007361
/vessels/details/416007411,SHENQ SHING PERNG,Fishing vessel,416007411
/vessels/details/416070887,CTR CI1417,Fishing vessel,416070887
/vessels/details/416000431,HERGUEY16,Fishing vessel,416000431
/vessels/details/416004534,JIN YEONG LIH NO.1,Fishing vessel,416004534
/vessels/details/416015425,SHENG JIA SHING 10,Fishing vessel,416015425
/vessels/details/416004448,CHYUAN FA SHENQ NO.8,Fishing vessel,416004448
/vessels/details/416004858,YEONG FENG YNG,Fishing vessel,416004858
/vessels/details/416106592,0,Fishing vessel,416106592
/vessels/details/416012612,BAIR JING,Fishing vessel,416012612
/vessels/details/416067276,CTR-NC1167,Fishing vessel,416067276
/vessels/details/416069741,CTR PT4328,Fishing vessel,416069741
/vessels/details/416007252,JIN HENG NAN NO.2,Fishing vessel,416007252
/vessels/details/7110749,MIN YU I,Fishing Vessel,7110749
/vessels/details/416006935,MAAN TZAY LHA,Fishing vessel,416006935
/vessels/details/416006904,MING HORNG CHERNG,Fishing vessel,416006904
/vessels/details/416999994,E5P,Fishing vessel,416999994
/vessels/details/416245700,MAN FU TSAI NO5,Fishing vessel,416245700
/vessels/details/416005983,JIA XIANG 2168,Fishing vessel,416005983
/vessels/details/416003911,IOU MEEI NO.6,Fishing vessel,416003911
/vessels/details/416013677,CTS-7932,Fishing vessel,416013677
/vessels/details/8620703,SHINKO MARU NO. 8,Fishing Vessel,8620703
/vessels/details/416239666,FUYUANYU167,Fishing vessel,416239666
/vessels/details/416006583,DAH YUAN DOU NO1,Fishing vessel,416006583
/vessels/details/416190600,HAUR JIH NO.2,Fishing vessel,416190600
/vessels/details/416012017,CTS-006571,Fishing vessel,416012017
/vessels/details/416005031,JIA LUEN NO.3,Fishing vessel,416005031
/vessels/details/416011011,CTS-8017,Fishing vessel,416011011
/vessels/details/416885616,AL EH QQQQQ,Fishing vessel,416885616
/vessels/details/416803196,1A,Fishing vessel,416803196
/vessels/details/416002718,JIN JAAN SHYANGNO268,Fishing vessel,416002718
/vessels/details/416000598,SHENG FONG NO168,Fishing vessel,416000598
/vessels/details/416004703,NAA MII GE 1,Fishing vessel,416004703
/vessels/details/416010221,CTS-3592,Fishing vessel,416010221
/vessels/details/416014309,SHIN CHINQ AN NO.26,Fishing vessel,416014309
/vessels/details/416002304,SHIN DER YIH NO.186,Fishing vessel,416002304
/vessels/details/8684802,HER HUNG 16,Fishing Vessel,8684802
/vessels/details/416070043,CTR PT4476,Fishing vessel,416070043
/vessels/details/416000675,MA RUEI FU NO.6,Fishing vessel,416000675
/vessels/details/416002794,FWU FA YI NO.8,Fishing vessel,416002794
/vessels/details/416010861,JIA HER,Fishing vessel,416010861
/vessels/details/416664500,ZAO FU CHANG,Fishing vessel,416664500
/vessels/details/416006475,LIAN YNG,Fishing vessel,416006475
/vessels/details/8648640,LUNG SOON NO. 886,Fishing Vessel,8648640
/vessels/details/416006849,DA CHANG NO.88,Fishing vessel,416006849
/vessels/details/416066695,DING MAN NO.2,Fishing vessel,416066695
/vessels/details/416066745,CHENG BIN,Fishing vessel,416066745
/vessels/details/416005677,CHING FENG NO.82,Fishing vessel,416005677
/vessels/details/416003606,JIAN LAI CHENG,Fishing vessel,416003606
/vessels/details/416010778,CTS-006450,Fishing vessel,416010778
/vessels/details/416007703,SHUENN SHENG LIH NO6,Fishing vessel,416007703
/vessels/details/416076700,MING TSAIR FA NO10,Fishing vessel,416076700
/vessels/details/416011595,CHUEN MAAN NO.12,Fishing vessel,416011595
/vessels/details/416006749,FENG KUO N0 689,Fishing vessel,416006749
/vessels/details/416350886,FU HAN,Fishing vessel,416350886
/vessels/details/7024744,HUAI MOU NO. 2,Fishing Vessel,7024744
/vessels/details/416006821,DAH FENG NO3,Fishing vessel,416006821
/vessels/details/8676673,SHUENN MAN NO. 626,Fishing Vessel,8676673
/vessels/details/416645069,20069,Fishing vessel,416645069
/vessels/details/416070389,CTR-IL0643,Fishing vessel,416070389
/vessels/details/416013049,JENN FA NO.1,Fishing vessel,416013049
/vessels/details/416004225,JIN JYI HORNG NO 3,Fishing vessel,416004225
/vessels/details/416071055,CTR-NC0188,Fishing vessel,416071055
/vessels/details/416070621,CTR-PT2650,Fishing vessel,416070621
/vessels/details/416068531,CTR-CI2077,Fishing vessel,416068531
/vessels/details/416010753,MANN PO YU NO.1,Fishing vessel,416010753
/vessels/details/416002228,YEONG SHYANG SHING,Fishing vessel,416002228
/vessels/details/416010408,HAE CHUAN,Fishing vessel,416010408
/vessels/details/416012333,CTO-8567,Fishing vessel,416012333
/vessels/details/416001327,JEN DER YU NO-36,Fishing vessel,416001327
/vessels/details/416001772,XIN FENG YING,Fishing vessel,416001772
/vessels/details/416002016,SHENG MING LIH NO.6,Fishing vessel,416002016
/vessels/details/8670019,FENG KUO NO. 888,Fishing Vessel,8670019
/vessels/details/416002904,JIN SING SHYANG NO7,Fishing vessel,416002904
/vessels/details/416012345,SHYANG FA 88,Fishing vessel,416012345
/vessels/details/416009992,CTS-8809,Fishing vessel,416009992
/vessels/details/416006599,FU JI LI NO 66,Fishing vessel,416006599
/vessels/details/416008793,JIN LIH JINN,Fishing vessel,416008793
/vessels/details/416000838,SHENG FA FU 7,Fishing vessel,416000838
/vessels/details/416005308,XIN JI HE NO.6,Fishing vessel,416005308
/vessels/details/416010072,SHUN RONG NO.268,Fishing vessel,416010072
/vessels/details/416071546,CTR-PT1894,Fishing vessel,416071546
/vessels/details/416003224,DAR TSAI FA,Fishing vessel,416003224
/vessels/details/416066403,CTR-TY0521,Fishing vessel,416066403
/vessels/details/416004701,SIN AN TAI NO.1,Fishing vessel,416004701
/vessels/details/416148900,LONG WANG HSENG,Fishing vessel,416148900
/vessels/details/416011995,JYI SHYANG FA I,Fishing vessel,416011995
/vessels/details/416005282,JINQ HER CHERNG NO.8,Fishing vessel,416005282
/vessels/details/416003735,SHENG YU NO66,Fishing vessel,416003735
/vessels/details/416220800,JIN TSAI FU NO888,Fishing vessel,416220800
/vessels/details/416003698,SHING TSAIR FA NO.2,Fishing vessel,416003698
/vessels/details/416004614,XIN SHENG FA,Fishing vessel,416004614
/vessels/details/416009644,I TOONG,Fishing vessel,416009644
/vessels/details/416066655,NAN HUA NO.4,Fishing vessel,416066655
/vessels/details/416003321,KEN DING NO.3,Fishing vessel,416003321
/vessels/details/416070717,CTR-KH5275,Fishing vessel,416070717
/vessels/details/416069106,CTR-NC1137,Fishing vessel,416069106
/vessels/details/416002658,GAANG KOOU 66,Fishing vessel,416002658
/vessels/details/416013038,MIN AN,Fishing vessel,416013038
/vessels/details/416009305,JIN HAUR MAY,Fishing vessel,416009305
/vessels/details/416001036,FU CHUN NO.36,Fishing vessel,416001036
/vessels/details/416007677,SHENQ FENG,Fishing vessel,416007677
/vessels/details/416069632,CTR PT3860,Fishing vessel,416069632
/vessels/details/416066899,CTR-CW0176,Fishing vessel,416066899
/vessels/details/416066689,CTR.PT2915,Fishing vessel,416066689
/vessels/details/416068927,CTR-TT1070,Fishing vessel,416068927
/vessels/details/416007953,JINN MAAN SHING,Fishing vessel,416007953
/vessels/details/8749365,KAO FONG NO. 728,Fishing Vessel,8749365
/vessels/details/416010366,SHANG SHUN,Fishing vessel,416010366
/vessels/details/416069897,CTR PT4501,Fishing vessel,416069897
/vessels/details/416008144,HWANG BIN NO.8,Fishing vessel,416008144
/vessels/details/416013624,TAN JI HAO,Fishing vessel,416013624
/vessels/details/416008282,JENN BEEI NO88,Fishing vessel,416008282
/vessels/details/416012669,CTS-009431,Fishing vessel,416012669
/vessels/details/8430469,CHIN YONG MING,Fishing Vessel,8430469
/vessels/details/416001453,JIN RUEI FENG NO.168,Fishing vessel,416001453
/vessels/details/9907146,JIN JINN YI NO. 368,Fishing Vessel,9907146
/vessels/details/416003736,JIN HAE FU NO.16,Fishing vessel,416003736
/vessels/details/416009633,JINN SHING NO8,Fishing vessel,416009633
/vessels/details/416004245,DE HAI NO6,Fishing vessel,416004245
/vessels/details/416002147,JIN JAAN SHYANG NO8,Fishing vessel,416002147
/vessels/details/416011902,CHI TSAE,Fishing vessel,416011902
/vessels/details/6828600,FU MIN,Fishing Vessel,6828600
/vessels/details/416125983,JIA XIANG YU2168,Fishing vessel,416125983
/vessels/details/416000464,CHUAN YI,Fishing vessel,416000464
/vessels/details/416007337,QINGHONG6,Fishing vessel,416007337
/vessels/details/416071188,CTR KH1059,Fishing vessel,416071188
/vessels/details/416006669,WEI NA SIH,Fishing vessel,416006669
/vessels/details/416007473,SHIN JONQ CHINQ,Fishing vessel,416007473
/vessels/details/416009081,YANG SHEN WEI NO.6,Fishing vessel,416009081
/vessels/details/416127500,LI CHENG NO.28,Fishing vessel,416127500
/vessels/details/416010503,JIN SHENQ,Fishing vessel,416010503
/vessels/details/416015005,YU SHAN GAANG WAY 64,Fishing vessel,416015005
/vessels/details/416001842,YCAN MAAN NO.36,Fishing vessel,416001842
/vessels/details/416558799,MANZAIERHGUI16555,Fishing vessel,416558799
/vessels/details/9743942,RUEY I SHYANG NO. 103,Fishing Vessel,9743942
/vessels/details/416001881,NAN HORNG SHING NO.6,Fishing vessel,416001881
/vessels/details/416002125,FENG HAI NO6,Fishing vessel,416002125
/vessels/details/416000708,XINHONGXING66,Fishing vessel,416000708
/vessels/details/416068455,CTR-CI1690,Fishing vessel,416068455
/vessels/details/416012781,BAO MING,Fishing vessel,416012781
/vessels/details/416100666,TIELONG00666-1-60,Fishing vessel,416100666
/vessels/details/416066744,CTR-PT3340,Fishing vessel,416066744
/vessels/details/416002227,SHEN JI CHENG,Fishing vessel,416002227
/vessels/details/416014158,CTS-8342,Fishing vessel,416014158
/vessels/details/416002402,HENG CHANG,Fishing vessel,416002402
/vessels/details/416012975,SHUENN FENG NO.66,Fishing vessel,416012975
/vessels/details/416003011,SHIN YEUAN FA NO.988,Fishing vessel,416003011
/vessels/details/416066047,CTR CW1026,Fishing vessel,416066047
/vessels/details/416003043,AN WEN FA NO.2,Fishing vessel,416003043
/vessels/details/416007069,YU JYI SHENQ NO.2,Fishing vessel,416007069
/vessels/details/416002767,WEN DER NO106,Fishing vessel,416002767
/vessels/details/416007576,JIUN TONG,Fishing vessel,416007576
/vessels/details/416002868,JIN SHENQ HORNG,Fishing vessel,416002868
/vessels/details/416000222,GOANG SHING LIH,Fishing vessel,416000222
/vessels/details/416005969,JIN JINN YI NO.368,Fishing vessel,416005969
/vessels/details/416010077,FWU DER NO.8,Fishing vessel,416010077
/vessels/details/416015395,JENN CHANG NO.8,Fishing vessel,416015395
/vessels/details/416067585,CTR-CW0110,Fishing vessel,416067585
/vessels/details/416007007,YU MAAN SHING NO2,Fishing vessel,416007007
/vessels/details/416007807,GAU RONG,Fishing vessel,416007807
/vessels/details/416252700,WEI DE NO.6,Fishing vessel,416252700
/vessels/details/416000636,LIAN CHENG FA NO.6,Fishing vessel,416000636
/vessels/details/9822891,REN HORNG WAY NO. 368,Fishing Vessel,9822891
/vessels/details/416010058,CTS-8909,Fishing vessel,416010058
/vessels/details/7338755,YUAN DOA NO. 12,Fishing Vessel,7338755
/vessels/details/416070535,CTR-KH5628,Fishing vessel,416070535
/vessels/details/416458563,TAIWAN00866,Fishing vessel,416458563
/vessels/details/416015447,LONG DER NO.888,Fishing vessel,416015447
/vessels/details/416011848,CTS-9616,Fishing vessel,416011848
/vessels/details/416002065,LIH YEOU NO.11,Fishing vessel,416002065
/vessels/details/416458622,WAI TAN,Fishing vessel,416458622
/vessels/details/8430237,CHIEN CHUNG NO. 307,Fishing Vessel,8430237
/vessels/details/416069708,CTR PT4178,Fishing vessel,416069708
/vessels/details/416014489,HORNG YEH NO9,Fishing vessel,416014489
/vessels/details/416196500,YI FENG 681,Fishing vessel,416196500
/vessels/details/416003271,YU JIN NO.1,Fishing vessel,416003271
/vessels/details/416351445,PENG HU WAN 00857,Fishing vessel,416351445
/vessels/details/416008597,MAAN FA NO3,Fishing vessel,416008597
/vessels/details/416500346,416500346,Fishing vessel,416500346
/vessels/details/416012093,YNG YNG NO.1,Fishing vessel,416012093
/vessels/details/416240306,TIELONG2403-06-76,Fishing vessel,416240306
/vessels/details/416623681,QIONGDANYU02068,Fishing vessel,416623681
/vessels/details/416009382,XIAOSHUAI NO.9,Fishing vessel,416009382
/vessels/details/416000344,CHING TSAI FA NO11,Fishing vessel,416000344
/vessels/details/9176345,MAAN FARN NO. 668,Fishing Vessel,9176345
/vessels/details/6909026,SEA BIRD,Fishing Vessel,6909026
/vessels/details/416007718,SHYANG YUH,Fishing vessel,416007718
/vessels/details/416003462,TIAN JINN SHING NO22,Fishing vessel,416003462
/vessels/details/416011364,SHIN YUH FA NO.1,Fishing vessel,416011364
/vessels/details/416010452,DONG NAN,Fishing vessel,416010452
/vessels/details/416010981,CTS-6696,Fishing vessel,416010981
/vessels/details/416066147,CTR-ML-0539,Fishing vessel,416066147
/vessels/details/416007236,SHENQ JYI TSAIR,Fishing vessel,416007236
/vessels/details/416011628,YEONG FENG YU,Fishing vessel,416011628
/vessels/details/416001372,JIN QING FENG NO.1,Fishing vessel,416001372
/vessels/details/416005718,DE FU LAI NO.6,Fishing vessel,416005718
/vessels/details/416219900,JIN YU SHENQ NO,Fishing vessel,416219900
/vessels/details/416006046,CHENG YI NO.1,Fishing vessel,416006046
/vessels/details/416067388,CTR-IL0890,Fishing vessel,416067388
/vessels/details/416006746,MAAN FWU FA 6,Fishing vessel,416006746
/vessels/details/416068861,CTR-TT0836,Fishing vessel,416068861
/vessels/details/416004432,JENN YEOU YIH,Fishing vessel,416004432
/vessels/details/8626941,SI-HONG NO. 126,Fishing Vessel,8626941
/vessels/details/416012858,CTS-8162,Fishing vessel,416012858
/vessels/details/416003971,JIN HORNG FA NO.116,Fishing vessel,416003971
/vessels/details/416010521,YEUAN HARNG NO2,Fishing vessel,416010521
/vessels/details/416011589,YU DUO DUO,Fishing vessel,416011589
/vessels/details/416008218,HORNG SHENG,Fishing vessel,416008218
/vessels/details/416069989,CTR-YL9095,Fishing vessel,416069989
/vessels/details/416015201,CT0-5832 8V,Fishing vessel,416015201
/vessels/details/416006562,SHIN SHYE FENG NO8,Fishing vessel,416006562
/vessels/details/416002348,JIN SHENG CYUN,Fishing vessel,416002348
/vessels/details/416071753,CTR PT4468,Fishing vessel,416071753
/vessels/details/416016884,XIE XING 168,Fishing vessel,416016884
/vessels/details/416067335,CTR-NC0175,Fishing vessel,416067335
/vessels/details/416002657,JIN DE,Fishing vessel,416002657
/vessels/details/416001776,DA JIN MAN NO.16,Fishing vessel,416001776
/vessels/details/416210328,15892113195,Fishing vessel,416210328
/vessels/details/416005958,YONG BAO,Fishing vessel,416005958
/vessels/details/416006556,FERN JYI NO.58,Fishing vessel,416006556
/vessels/details/416014304,JIA HER 6,Fishing vessel,416014304
/vessels/details/416067078,CTR CI1255,Fishing vessel,416067078
/vessels/details/416067181,CTR-CW0790,Fishing vessel,416067181
/vessels/details/416069191,CTR-NC0957,Fishing vessel,416069191
/vessels/details/416003597,JIN YING CHIUAN,Fishing vessel,416003597
/vessels/details/8431061,CHARNG FU YING,Fishing Vessel,8431061
/vessels/details/416007515,LIH YANG,Fishing vessel,416007515
/vessels/details/416001097,SHIN SHUN FA NO118,Fishing vessel,416001097
/vessels/details/416006047,WEI LIH NO7,Fishing vessel,416006047
/vessels/details/416066643,JUN ZUN XIONG 1,Fishing vessel,416066643
/vessels/details/416004795,DAJIANLONG128,Fishing vessel,416004795
/vessels/details/416004764,CIAN SHENG YI NO 6,Fishing vessel,416004764
/vessels/details/8782525,AN WEN FA NO. 1,Fishing Vessel,8782525
/vessels/details/416187700,JIN FA NO.36,Fishing vessel,416187700
/vessels/details/416013382,DAH JYI SHYANG,Fishing vessel,416013382
/vessels/details/416008388,HWA HARNG NO.168,Fishing vessel,416008388
/vessels/details/416188800,SHENG FWU 16,Fishing vessel,416188800
/vessels/details/416001017,SHUN SHENG HONG NO.6,Fishing vessel,416001017
/vessels/details/416004029,JIN SHENG NO.8,Fishing vessel,416004029
/vessels/details/8673475,HUNG CHUAN NO. 232,Fishing Vessel,8673475
/vessels/details/416088008,88008,Fishing vessel,416088008
/vessels/details/416069071,CTR-NC0944,Fishing vessel,416069071
/vessels/details/416003682,MING SHYANG,Fishing vessel,416003682
/vessels/details/416008823,SHIN FENG JYI NO.12,Fishing vessel,416008823
/vessels/details/416006895,FWU MAAN LEH,Fishing vessel,416006895
/vessels/details/416005288,JENN JYI SHYANG,Fishing vessel,416005288
/vessels/details/416002101,FUH SHYANG NO.2,Fishing vessel,416002101
/vessels/details/416006527,MAAN CHINQ,Fishing vessel,416006527
/vessels/details/416602032,QIONGLINYU02032-,Fishing vessel,416602032
/vessels/details/416001476,DAH FENG CHYUN,Fishing vessel,416001476
/vessels/details/416009828,CTS-0113,Fishing vessel,416009828
/vessels/details/7110775,TAIWAN MACHY,Fishing Vessel,7110775
/vessels/details/416070841,CTR-IL0800,Fishing vessel,416070841
/vessels/details/416066565,CTR-CI0010,Fishing vessel,416066565
/vessels/details/416004342,JIN SHUN NO.88,Fishing vessel,416004342
/vessels/details/416002615,SHUN YUN XING,Fishing vessel,416002615
/vessels/details/416009811,JINQ HAUR NO2,Fishing vessel,416009811
/vessels/details/416004435,YUH CHERNG NO.168,Fishing vessel,416004435
/vessels/details/416069012,CTR-NC0507,Fishing vessel,416069012
/vessels/details/416888666,PENG HU 00508,Fishing vessel,416888666
/vessels/details/416003742,SHENQ BAO FA NO.168,Fishing vessel,416003742
/vessels/details/416066648,CTR-SH0246,Fishing vessel,416066648
/vessels/details/416006862,MAAN CHUEN NO.6,Fishing vessel,416006862
/vessels/details/416009911,CTS-6290,Fishing vessel,416009911
/vessels/details/416007691,YU TAY FWU,Fishing vessel,416007691
/vessels/details/416005125,SHUEN I,Fishing vessel,416005125
/vessels/details/416069036,CTR-NC0698,Fishing vessel,416069036
/vessels/details/416009381,WEI JHNG NO 1,Fishing vessel,416009381
/vessels/details/7738084,TUNG MING NO. 2,Fishing Vessel,7738084
/vessels/details/416240211,TIELONG2402-11-29,Fishing vessel,416240211
/vessels/details/416874745,YU JIN FU,Fishing vessel,416874745
/vessels/details/416445588,SHIN HAI PENG 8,Fishing vessel,416445588
/vessels/details/416070565,CTR-YL9325,Fishing vessel,416070565
/vessels/details/416012281,CTS-9876,Fishing vessel,416012281
/vessels/details/416008471,SHANQ YEE JIA,Fishing vessel,416008471
/vessels/details/416015689,CT2-006432,Fishing vessel,416015689
/vessels/details/416005832,YUN MAO NO.102,Fishing vessel,416005832
/vessels/details/416004576,SHIN SHUENN FWU NO.2,Fishing vessel,416004576
/vessels/details/416002298,JIN HAE FUN NO368,Fishing vessel,416002298
/vessels/details/416009692,JIN AN NO.1,Fishing vessel,416009692
/vessels/details/416015462,XIAO FAN TUAN,Fishing vessel,416015462
/vessels/details/416003129,JINGXIANG,Fishing vessel,416003129
/vessels/details/416123533,AIT,Fishing vessel,416123533
/vessels/details/416070474,CTR-IL0794,Fishing vessel,416070474
/vessels/details/416070564,CTR-YL0032,Fishing vessel,416070564
/vessels/details/416007346,SHIN FUH HAE NO.3,Fishing vessel,416007346
/vessels/details/416069946,CTR-YL3060,Fishing vessel,416069946
/vessels/details/416004246,JIN JINN YI NO828,Fishing vessel,416004246
/vessels/details/416008761,SHENQ MAAN FUH NO.1,Fishing vessel,416008761
/vessels/details/416002780,YI LONG-NO6,Fishing vessel,416002780
/vessels/details/416002585,CHUAN HSIANG NO866,Fishing vessel,416002585
/vessels/details/416070954,CTR-NC9223,Fishing vessel,416070954
/vessels/details/416003396,LAN JING NO.16,Fishing vessel,416003396
/vessels/details/416000716,LIAN CHUN MAN NO.111,Fishing vessel,416000716
/vessels/details/416999993,7UU7,Fishing vessel,416999993
/vessels/details/416010003,CTS-8968,Fishing vessel,416010003
/vessels/details/416005625,MINXIAYUYUN03099,Fishing vessel,416005625
/vessels/details/416000141,HORNG YIH FWU NO.168,Fishing vessel,416000141
/vessels/details/416012589,LIH YANG,Fishing vessel,416012589
/vessels/details/416011095,CTS-4698,Fishing vessel,416011095
/vessels/details/416010498,CTS-009411,Fishing vessel,416010498
/vessels/details/416009012,CHIENYUANMING NO.88,Fishing vessel,416009012
/vessels/details/416003171,YU JIN NO.268,Fishing vessel,416003171
/vessels/details/416245248,1111111,Fishing vessel,416245248
/vessels/details/416013579,JENN FA NO.16,Fishing vessel,416013579
/vessels/details/416003967,DAH FA NO.368,Fishing vessel,416003967
/vessels/details/416006072,VENICE NO.7,Fishing vessel,416006072
/vessels/details/416127800,LI HUNG NO868,Fishing vessel,416127800
/vessels/details/416004512,MAAN JYI SHENQ,Fishing vessel,416004512
/vessels/details/9826029,DE CHAN NO. 116,Fishing Vessel,9826029
/vessels/details/416520666,SH,Fishing vessel,416520666
/vessels/details/416004162,YU SHAN NO.268,Fishing vessel,416004162
/vessels/details/416070862,CTR-YL9241,Fishing vessel,416070862
/vessels/details/416069274,CTR-NH1033,Fishing vessel,416069274
/vessels/details/416010052,CTS-7841,Fishing vessel,416010052
/vessels/details/416011223,AU JIN DAH,Fishing vessel,416011223
/vessels/details/416005538,SHIN YUH FWU NO6,Fishing vessel,416005538
/vessels/details/416071766,CTR-NC0110,Fishing vessel,416071766
/vessels/details/416015188,YUH GWOI,Fishing vessel,416015188
/vessels/details/9778284,MAAN FARN NO. 1,Fishing Vessel,9778284
/vessels/details/416197653,000000,Fishing vessel,416197653
/vessels/details/416002801,MAAN FWU CHUEN NO1,Fishing vessel,416002801
/vessels/details/416007915,SHIN JINN SHYANG NO6,Fishing vessel,416007915
/vessels/details/416012681,CTS-009402,Fishing vessel,416012681
/vessels/details/416001590,FU YONG,Fishing vessel,416001590
/vessels/details/416001192,CYUAN JI CING NO.88,Fishing vessel,416001192
/vessels/details/416006567,YEONG CHEU,Fishing vessel,416006567
/vessels/details/416010212,CTS-3254,Fishing vessel,416010212
/vessels/details/416008474,SHIN JYI FENG NO168,Fishing vessel,416008474
/vessels/details/416000054,P,Fishing vessel,416000054
/vessels/details/416006278,RYH RYH JYI NO-123,Fishing vessel,416006278
/vessels/details/8648377,KUOU YUE,Fishing Vessel,8648377
/vessels/details/416002581,YU LONG FA NO.168,Fishing vessel,416002581
/vessels/details/416003178,SHYE FWU 116,Fishing vessel,416003178
/vessels/details/416000445,CHI CHIH CHING NO21,Fishing vessel,416000445
/vessels/details/416068347,CTR-CI0517,Fishing vessel,416068347
/vessels/details/416003748,BAOMA,Fishing vessel,416003748
/vessels/details/416003222,YU SHAN NO.36,Fishing vessel,416003222
/vessels/details/416008029,JINN YUAN NO.3,Fishing vessel,416008029
/vessels/details/416007181,IAN FENG FUH NO.6,Fishing vessel,416007181
/vessels/details/416003548,CT10-3548,Fishing vessel,416003548
/vessels/details/416011435,CTS-009368,Fishing vessel,416011435
/vessels/details/416007955,YU CHINQ CHUEN,Fishing vessel,416007955
/vessels/details/416006434,MING FENG SHENQ 16,Fishing vessel,416006434
/vessels/details/416011538,CTS-009038,Fishing vessel,416011538
/vessels/details/416070529,CTR-KH5433,Fishing vessel,416070529
/vessels/details/416070194,CTR-NC0970,Fishing vessel,416070194
/vessels/details/416069119,CTR-NC1314,Fishing vessel,416069119
/vessels/details/416013947,HAI JING NO7,Fishing vessel,416013947
/vessels/details/416216600,SHANG YI NO.3,Fishing vessel,416216600
/vessels/details/8883628,SHUN HU NO. 5,Fishing Support Vessel,8883628
/vessels/details/416003897,SHING YUNN NO.168,Fishing vessel,416003897
/vessels/details/6927949,HWEI MOU NO. 1,Fishing Vessel,6927949
/vessels/details/416005746,AN FONG,Fishing vessel,416005746
/vessels/details/416013616,YING WEI NO8,Fishing vessel,416013616
/vessels/details/416066488,CTR-TT1158,Fishing vessel,416066488
/vessels/details/416015391,YIH LEH,Fishing vessel,416015391
/vessels/details/9386823,HUA CHIN NO. 212,Fishing Vessel,9386823
/vessels/details/416407277,1,Fishing vessel,416407277
/vessels/details/8747991,SHIAN MAAN NO. 12,Fishing Vessel,8747991
/vessels/details/416004241,AO SING NO.116,Fishing vessel,416004241
/vessels/details/416000201,SHENG TAAN SHYANG,Fishing vessel,416000201
/vessels/details/416011642,YU TSAIR NO.888,Fishing vessel,416011642
/vessels/details/416001461,869,Fishing vessel,416001461
/vessels/details/8647385,SHENG FAN NO. 126,Fishing Vessel,8647385
/vessels/details/416066549,CTR-HL0297,Fishing vessel,416066549
/vessels/details/416000056,55056,Fishing vessel,416000056
/vessels/details/416005214,CHANGLONG,Fishing vessel,416005214
/vessels/details/416008584,JIN WANN CHARNG NO.3,Fishing vessel,416008584
/vessels/details/416008059,AN DER FA NO.6,Fishing vessel,416008059
/vessels/details/416007844,PIIN TUOH,Fishing vessel,416007844
/vessels/details/416014151,CTS-5981,Fishing vessel,416014151
/vessels/details/416216800,LIAN JI FA NO212,Fishing vessel,416216800
/vessels/details/416066127,CTR-TY0491,Fishing vessel,416066127
/vessels/details/416066146,CTR-TC0059,Fishing vessel,416066146
/vessels/details/416004309,SING CYUAN YI NO.3,Fishing vessel,416004309
/vessels/details/416010059,CTS-8937,Fishing vessel,416010059
/vessels/details/416068700,CHIEN TSAO NO.322,Fishing vessel,416068700
/vessels/details/416002342,YU FENG 126,Fishing vessel,416002342
/vessels/details/416070458,CTR-IL0814,Fishing vessel,416070458
/vessels/details/416069739,CTR PT3820,Fishing vessel,416069739
/vessels/details/416067558,CTR-NC0592,Fishing vessel,416067558
/vessels/details/416066014,CTRTT0390,Fishing vessel,416066014
/vessels/details/416014324,SHIN WANG PAIR NO3,Fishing vessel,416014324
/vessels/details/416010004,CTS-9086,Fishing vessel,416010004
/vessels/details/416002119,YEONGSHUENNTSAIR18,Fishing vessel,416002119
/vessels/details/416023464,NET MARK-ARK-0983,Fishing vessel,416023464
/vessels/details/9386835,YING RONG NO. 638,Fishing Vessel,9386835
/vessels/details/416007533,JIA HER,Fishing vessel,416007533
/vessels/details/416066103,CTR-TY0506,Fishing vessel,416066103
/vessels/details/416005067,SHIN JENN FENG NO.3,Fishing vessel,416005067
/vessels/details/416001528,SHIN CHINQ FENG NO.6,Fishing vessel,416001528
/vessels/details/416069692,CTR PT2881,Fishing vessel,416069692
/vessels/details/416195900,MAN YI FENG NO.66,Fishing vessel,416195900
/vessels/details/416231700,DA FA NO.168,Fishing vessel,416231700
/vessels/details/416066205,CTR-TY0542,Fishing vessel,416066205
/vessels/details/416006688,TAY TZY NO226,Fishing vessel,416006688
/vessels/details/416000888,YU MAN FA 888,Fishing vessel,416000888
/vessels/details/416004005,HORNG FUH JAAN,Fishing vessel,416004005
/vessels/details/416010666,CTS-7610,Fishing vessel,416010666
/vessels/details/416001197,JINLONGXING666,Fishing vessel,416001197
/vessels/details/416068986,CTR-NC0374,Fishing vessel,416068986
/vessels/details/416059624,TAIYU61888,Fishing vessel,416059624
/vessels/details/416003346,HWANG JIA PAY DUEY,Fishing vessel,416003346
/vessels/details/416000577,YEOU SHINN NO.266,Fishing vessel,416000577
/vessels/details/416066242,CTR-TC0573,Fishing vessel,416066242
/vessels/details/416000797,XIN FU SHAN,Fishing vessel,416000797
/vessels/details/416009901,DONG FA NO.1 HAO,Fishing vessel,416009901
/vessels/details/416012085,CHIAN YEH,Fishing vessel,416012085
/vessels/details/416003979,JIN HER RONG NO.6,Fishing vessel,416003979
/vessels/details/416001584,SHENG FWU JINN -26,Fishing vessel,416001584
/vessels/details/416804137,416804137,Fishing vessel,416804137
/vessels/details/416001100,101,Fishing vessel,416001100
/vessels/details/416007298,LIAN JYI RONG,Fishing vessel,416007298
/vessels/details/416068833,CTR-SC0276,Fishing vessel,416068833
/vessels/details/416010662,CTS-7542,Fishing vessel,416010662
/vessels/details/416002368,SHIN FANG 688,Fishing vessel,416002368
/vessels/details/416011698,CT2-6106,Fishing vessel,416011698
/vessels/details/416069132,CTR-NC9158,Fishing vessel,416069132
/vessels/details/416001366,LONG FENG N0.2,Fishing vessel,416001366
/vessels/details/416013002,YUH SHENG,Fishing vessel,416013002
/vessels/details/416007667,JIN HORNG LONG,Fishing vessel,416007667
/vessels/details/416001691,DONG MAN YI,Fishing vessel,416001691
/vessels/details/416010188,CTS-0314,Fishing vessel,416010188
/vessels/details/8749561,SIN HUA FONG,Fishing Vessel,8749561
/vessels/details/8690447,YONG QING FA NO. 668,Fishing Vessel,8690447
/vessels/details/416013039,YUANTZY SHEAUJINGANG,Fishing vessel,416013039
/vessels/details/416004025,YU TONG FA NO16,Fishing vessel,416004025
/vessels/details/416003066,MING TSAIR FA NO 7,Fishing vessel,416003066
/vessels/details/416004493,TSAIR FA LIH NO 6,Fishing vessel,416004493
/vessels/details/416067071,CTR PT3610,Fishing vessel,416067071
/vessels/details/416015394,YU FA NO.6,Fishing vessel,416015394
/vessels/details/416002879,DONG JHEN FA,Fishing vessel,416002879
/vessels/details/416005343,SIN LIANG YI NO.3,Fishing vessel,416005343
/vessels/details/416000129,YOU SHINN2,Fishing vessel,416000129
/vessels/details/416070212,CTR-PT1006,Fishing vessel,416070212
/vessels/details/8883616,SHUN HU NO. 3,Fishing Support Vessel,8883616
/vessels/details/416003591,000012345,Fishing vessel,416003591
/vessels/details/416007116,NEAU FUH SHENG NO.3,Fishing vessel,416007116
/vessels/details/416007828,FUH CHUEN YUAN,Fishing vessel,416007828
/vessels/details/416000618,JIUN MING SHING NO.2,Fishing vessel,416000618
/vessels/details/416011553,CTS-9427,Fishing vessel,416011553
/vessels/details/416009805,SHYE HER SHING,Fishing vessel,416009805
/vessels/details/416000483,SHUENN HAE SHINGNO12,Fishing vessel,416000483
/vessels/details/416007552,SHENG FWU SHING NO.2,Fishing vessel,416007552
/vessels/details/416001808,JIN LAI CHENG,Fishing vessel,416001808
/vessels/details/416000475,YONGCHANGSHENG,Fishing vessel,416000475
/vessels/details/416005472,SHENG HAE SHING NO3,Fishing vessel,416005472
/vessels/details/416009897,CTS-5358,Fishing vessel,416009897
/vessels/details/416066837,WUN FONG,Fishing vessel,416066837
/vessels/details/8649668,YUH YEOU NO. 66,Fishing Vessel,8649668
/vessels/details/416004264,CHERNG JYI LIH,Fishing vessel,416004264
/vessels/details/416004828,SHENG HE FA,Fishing vessel,416004828
/vessels/details/416068849,CTR SH0242,Fishing vessel,416068849
/vessels/details/416015926,SHIN JYI FENG NO.68,Fishing vessel,416015926
/vessels/details/7213670,KAO YA NO. 6,Fishing Vessel,7213670
/vessels/details/416011771,CTS-8151,Fishing vessel,416011771
/vessels/details/416009769,CTS-3864,Fishing vessel,416009769
/vessels/details/416003377,LIAN JIA HENG,Fishing vessel,416003377
/vessels/details/416013278,YOW CHANG,Fishing vessel,416013278
/vessels/details/416009792,SHANG YOU,Fishing vessel,416009792
/vessels/details/416067042,CTR-YL1191,Fishing vessel,416067042
/vessels/details/416999990,6TT5,Fishing vessel,416999990
/vessels/details/416012366,CT0008945,Fishing vessel,416012366
/vessels/details/8651491,YING JEN NO. 636,Fishing Vessel,8651491
/vessels/details/416012816,WANG PIIN,Fishing vessel,416012816
/vessels/details/416012615,PERNG SHAN NO.100,Fishing vessel,416012615
/vessels/details/416007773,JIN DER TSAIR NO.3,Fishing vessel,416007773
/vessels/details/8032956,YU YING,Fishing Vessel,8032956
/vessels/details/416010553,CTS-9838,Fishing vessel,416010553
/vessels/details/416010437,YUH SHYANG,Fishing vessel,416010437
/vessels/details/416069123,CTR-NC9135,Fishing vessel,416069123
/vessels/details/416069884,CTR-PT4492,Fishing vessel,416069884
/vessels/details/416011871,CTS-9070,Fishing vessel,416011871
/vessels/details/416226688,DAFACAI,Fishing vessel,416226688
/vessels/details/416000482,DA YI FA 136,Fishing vessel,416000482
/vessels/details/416069912,CTR-KH5787,Fishing vessel,416069912
/vessels/details/416007317,FENG JINN FWU NO.22,Fishing vessel,416007317
/vessels/details/416068263,CTR-CI0361,Fishing vessel,416068263
/vessels/details/416011689,CT0-7735,Fishing vessel,416011689
/vessels/details/416316000,HUNG JUNG NO.68,Fishing vessel,416316000
/vessels/details/416013055,CTS-10003,Fishing vessel,416013055
/vessels/details/8749573,HO HSIN HSING NO. 6,Fishing Vessel,8749573
/vessels/details/8032994,YUNG CHOW,Fishing Vessel,8032994
/vessels/details/416012867,LIH YANG NO.99,Fishing vessel,416012867
/vessels/details/416013952,SHIN YIH SHENQ NO.2,Fishing vessel,416013952
/vessels/details/416000601,DAH SHYE NO.3,Fishing vessel,416000601
/vessels/details/416068212,CTR-CI0149,Fishing vessel,416068212
/vessels/details/416007421,SHEAU GAO GAO,Fishing vessel,416007421
/vessels/details/416000604,SHYE JIANN 188,Fishing vessel,416000604
/vessels/details/416007148,MING FA NO.26,Fishing vessel,416007148
/vessels/details/416066838,CTR-NC1030,Fishing vessel,416066838
/vessels/details/416042191,LONG WANG NO.8-2,Fishing vessel,416042191
/vessels/details/416013956,HER FENG NO.27,Fishing vessel,416013956
/vessels/details/416006380,000000,Fishing vessel,416006380
/vessels/details/416000975,JENN ROEI FA NO.88,Fishing vessel,416000975
/vessels/details/8629151,FAIR WELL NO. 707,Fishing Vessel,8629151
/vessels/details/416002835,LONG DER SHING,Fishing vessel,416002835
/vessels/details/416011477,CTS-006685,Fishing vessel,416011477
/vessels/details/416066968,CTR-PT0119,Fishing vessel,416066968
/vessels/details/416001252,SHIN DER YIH NO.168,Fishing vessel,416001252
/vessels/details/6927860,FONG KUO NO. 131,Fishing Vessel,6927860
/vessels/details/416008135,TZONG JIIN,Fishing vessel,416008135
/vessels/details/416069465,CTR-NC9264,Fishing vessel,416069465
/vessels/details/416010293,CTS-7516,Fishing vessel,416010293
/vessels/details/416012089,SAN JIH NO888,Fishing vessel,416012089
/vessels/details/416071731,CTR-PT3572,Fishing vessel,416071731
/vessels/details/416006364,PE-FN,Fishing vessel,416006364
/vessels/details/416013598,YUSHANGAANGWAYNO1103,Fishing vessel,416013598
/vessels/details/416001974,SHEN FA NO6,Fishing vessel,416001974
/vessels/details/416005387,XIE FU SHUN NO.6,Fishing vessel,416005387
/vessels/details/416230500,SHENG I TSAI NO888,Fishing vessel,416230500
/vessels/details/9891969,REN HORNG CHUN NO. 168,Fishing Vessel,9891969
/vessels/details/416066402,CTR-CW1064,Fishing vessel,416066402
/vessels/details/416066887,CTR-KC0575,Fishing vessel,416066887
/vessels/details/416068644,CTR-CI7210,Fishing vessel,416068644
/vessels/details/416001007,CHIN DONG FA NO.6,Fishing vessel,416001007
/vessels/details/416069791,CTR PT3635,Fishing vessel,416069791
/vessels/details/416000627,MAAN FENG TSAIR,Fishing vessel,416000627
/vessels/details/416066561,CTR-YL3111,Fishing vessel,416066561
/vessels/details/416008801,JIANN RONG I,Fishing vessel,416008801
/vessels/details/416001044,CHIN SHUN FU NO 26,Fishing vessel,416001044
/vessels/details/416007802,LONG ER SHIN,Fishing vessel,416007802
/vessels/details/416005269,JIN SHUN FU NO 186,Fishing vessel,416005269
/vessels/details/416069703,CTR PT4352,Fishing vessel,416069703
/vessels/details/416006196,SHUN JIE,Fishing vessel,416006196
/vessels/details/8746533,HUNG YIH NO. 212,Fishing Vessel,8746533
/vessels/details/416014336,YEONG JINN YU NO 2,Fishing vessel,416014336
/vessels/details/416004939,YU DA FA NO.8,Fishing vessel,416004939
/vessels/details/416067113,CTR-CI1222,Fishing vessel,416067113
/vessels/details/416012427,CTS006055,Fishing vessel,416012427
/vessels/details/416007739,NEAU LONG SHING NO.2,Fishing vessel,416007739
/vessels/details/416001086,CYUAN SHENG FA,Fishing vessel,416001086
/vessels/details/416004293,SHENG LI FA NO.3,Fishing vessel,416004293
/vessels/details/416066776,CTR-YL3091,Fishing vessel,416066776
/vessels/details/416002413,CHING FENG NO.89,Fishing vessel,416002413
/vessels/details/416007071,SHIN HAE PERNG NO3,Fishing vessel,416007071
/vessels/details/416004840,SHENG JYE CHYUU NO12,Fishing vessel,416004840
/vessels/details/416071655,CTR TC0647,Fishing vessel,416071655
/vessels/details/416009647,HUANG JIN YU,Fishing vessel,416009647
/vessels/details/416011583,SHEAU YU ERI,Fishing vessel,416011583
/vessels/details/416067051,CTR-PT3684,Fishing vessel,416067051
/vessels/details/416011526,CTS-8467,Fishing vessel,416011526
/vessels/details/416071259,CTR-NC0809,Fishing vessel,416071259
/vessels/details/7513953,CHIN YOU WEN,Fishing Vessel,7513953
/vessels/details/416012168,GUANGHUA12168,Fishing vessel,416012168
/vessels/details/416008049,GWO YUANNO.6,Fishing vessel,416008049
/vessels/details/416000418,LONG SHENG MAAN,Fishing vessel,416000418
/vessels/details/416069662,CTR PT3905,Fishing vessel,416069662
/vessels/details/416007855,SHING YIH CHERNG,Fishing vessel,416007855
/vessels/details/416066373,CTR-CI1113,Fishing vessel,416066373
/vessels/details/416005661,CAI FU CHUN NO8,Fishing vessel,416005661
/vessels/details/416069194,CTR-NC0984,Fishing vessel,416069194
/vessels/details/416023917,000,Fishing vessel,416023917
/vessels/details/416005425,SHIN LIANG YIH NO..2,Fishing vessel,416005425
/vessels/details/416003379,JIN LONG XING 128,Fishing vessel,416003379
/vessels/details/416011851,CTS-9725,Fishing vessel,416011851
/vessels/details/416883947,XIEFENGYU1HAO,Fishing vessel,416883947
/vessels/details/416003431,AUR SHING NO.27,Fishing vessel,416003431
/vessels/details/416070051,CTR PT4450,Fishing vessel,416070051
/vessels/details/416066794,CTR-PT2939,Fishing vessel,416066794
/vessels/details/416458592,TAIWAN 10573,Fishing vessel,416458592
/vessels/details/8947474,SHIN LUNG NO. 216,Fishing Vessel,8947474
/vessels/details/416013415,CTS-8330,Fishing vessel,416013415
/vessels/details/416007611,LONG FUH SHIN NO.168,Fishing vessel,416007611
/vessels/details/416345666,00069,Fishing vessel,416345666
/vessels/details/416007328,SHIN RYH SHING NO.2,Fishing vessel,416007328
/vessels/details/416008192,DA LAO E,Fishing vessel,416008192
/vessels/details/416009047,XINGHAI 99,Fishing vessel,416009047
/vessels/details/416006932,SHUENNSHENQMAANNO.3,Fishing vessel,416006932
/vessels/details/416002537,MAAN YIH NO268,Fishing vessel,416002537
/vessels/details/416002215,YU UENG NO168,Fishing vessel,416002215
/vessels/details/416010671,CTS-7661,Fishing vessel,416010671
/vessels/details/416004856,KUANG WIN NO.3,Fishing vessel,416004856
/vessels/details/416000504,FUH YUH NO.6,Fishing vessel,416000504
/vessels/details/416004297,CHYUAN FUH NO 1,Fishing vessel,416004297
/vessels/details/8430328,HSIN CHENG FA NO. 16,Fishing Vessel,8430328
/vessels/details/416001781,JENN DONG TSAIR,Fishing vessel,416001781
/vessels/details/416007281,SHIN HAE LIH NO.18,Fishing vessel,416007281
/vessels/details/416008795,CHUEN FA,Fishing vessel,416008795
/vessels/details/416003316,FWU CHUEN NO16,Fishing vessel,416003316
/vessels/details/416100268,YUFA00268-1-99,Fishing vessel,416100268
/vessels/details/416007796,JIN FWU TSAIR NO.2,Fishing vessel,416007796
/vessels/details/9819466,YUH YEOU NO. 666,Fishing Vessel,9819466
/vessels/details/416008643,JIN HORNG YUH,Fishing vessel,416008643
/vessels/details/416003432,SHIN YU FA NO.38,Fishing vessel,416003432
/vessels/details/416009248,HONG HUA CHUN,Fishing vessel,416009248
/vessels/details/416006055,HO CHENG NO.8,Fishing vessel,416006055
/vessels/details/416350300,QI FAN 2 HAO-0099,Fishing vessel,416350300
/vessels/details/416069633,CTR PT4296,Fishing vessel,416069633
/vessels/details/416071898,CTR ML0934,Fishing vessel,416071898
/vessels/details/416067075,CTR PT4351,Fishing vessel,416067075
/vessels/details/416009263,JIN HORNG SHENG,Fishing vessel,416009263
/vessels/details/416071279,CTR-KC0800,Fishing vessel,416071279
/vessels/details/7041699,CHIAH YUH NO. 11,Fishing Vessel,7041699
/vessels/details/416009941,CTS-7340,Fishing vessel,416009941
/vessels/details/8749468,CHIEN CHANG NO. 326,Fishing Vessel,8749468
/vessels/details/416010105,CTS-6835,Fishing vessel,416010105
/vessels/details/416005653,HAI SIANG NO.6,Fishing vessel,416005653
/vessels/details/8947096,HUNG CHEN NO. 212,Fishing Vessel,8947096
/vessels/details/416451004,TAIWAN,Fishing vessel,416451004
/vessels/details/8748842,CHUN I NO. 217,Fishing Vessel,8748842
/vessels/details/416069177,CTR-NC0605,Fishing vessel,416069177
/vessels/details/416011359,CT0-8101,Fishing vessel,416011359
/vessels/details/416006967,LIAN DER LIH NO.2,Fishing vessel,416006967
/vessels/details/416007016,NEAU YUAN SHENQ,Fishing vessel,416007016
/vessels/details/416127227,TODAY,Fishing vessel,416127227
/vessels/details/416015006,CHU YUN,Fishing vessel,416015006
/vessels/details/416000805,RIH YUE SING NO.3,Fishing vessel,416000805
/vessels/details/416002154,LIAN YU CAI NO.168,Fishing vessel,416002154
/vessels/details/416002311,SHENG FU SIANG,Fishing vessel,416002311
/vessels/details/416006059,RYH FWU NO.26,Fishing vessel,416006059
/vessels/details/9830393,CHANG YING NO. 68,Fishing Vessel,9830393
/vessels/details/416028275,18627,Fishing vessel,416028275
/vessels/details/416660337,YUE HUI LAI660337,Fishing vessel,416660337
/vessels/details/7213759,TONG HONG NO. 2,Fishing Vessel,7213759
/vessels/details/416006628,YN HER,Fishing vessel,416006628
/vessels/details/8674871,HAO CHING NO. 101,Fishing Vessel,8674871
/vessels/details/416010595,LIH SHENG,Fishing vessel,416010595
/vessels/details/416008197,YIH FENG YU NO16,Fishing vessel,416008197
/vessels/details/416012754,BAE LEH NO1,Fishing vessel,416012754
/vessels/details/416010298,CTS-7566,Fishing vessel,416010298
/vessels/details/416240130,TIELONG2401-30-45,Fishing vessel,416240130
/vessels/details/416008251,HORNG TAY,Fishing vessel,416008251
/vessels/details/416066433,YONG CHUN NO.6,Fishing vessel,416066433
/vessels/details/7213709,LUNG FONG NO. 1,Fishing Vessel,7213709
/vessels/details/416011411,CT0-8377,Fishing vessel,416011411
/vessels/details/416016903,JYI HORNG NO.88,Fishing vessel,416016903
/vessels/details/416400666,TIELONG00666-4-72,Fishing vessel,416400666
/vessels/details/416008735,JYI DAO NO.6,Fishing vessel,416008735
/vessels/details/416006425,YU SHAN G WAY NO545,Fishing vessel,416006425
/vessels/details/416010454,YONG SIN,Fishing vessel,416010454
/vessels/details/416005843,HORNG HAE SHING,Fishing vessel,416005843
/vessels/details/8661836,JIN JINN YI NO. 168,Fishing Vessel,8661836
/vessels/details/416011329,CTS-5932,Fishing vessel,416011329
/vessels/details/416445889,65985,Fishing vessel,416445889
/vessels/details/416069133,CTR-NC9162,Fishing vessel,416069133
/vessels/details/416011741,LONG YU,Fishing vessel,416011741
/vessels/details/416066927,CTR-PT-3864,Fishing vessel,416066927
/vessels/details/416010162,CTS-0036,Fishing vessel,416010162
/vessels/details/416458600,WAI TAN,Fishing vessel,416458600
/vessels/details/416069636,CTR-NC1120,Fishing vessel,416069636
/vessels/details/416066797,TAI PING,Fishing vessel,416066797
/vessels/details/416002105,JINN JI SHYANG NO22,Fishing vessel,416002105
/vessels/details/416356889,68963,Fishing vessel,416356889
/vessels/details/416221800,JIN HSIANG MAN,Fishing vessel,416221800
/vessels/details/416004102,HSIN LONG FA NO.66,Fishing vessel,416004102
/vessels/details/416009877,CTS-3506,Fishing vessel,416009877
/vessels/details/416010364,JIN FONG LI,Fishing vessel,416010364
/vessels/details/416006878,DONGHAEYUGAANG NO.1,Fishing vessel,416006878
/vessels/details/416008514,YEONG CHYANG SHING 3,Fishing vessel,416008514
/vessels/details/416006871,SHIN FA TSAIR NO.88,Fishing vessel,416006871
/vessels/details/416002965,JI MAN SHING,Fishing vessel,416002965
/vessels/details/416007634,YNG SHIN CHUEN,Fishing vessel,416007634
/vessels/details/416009311,JIN JIA HE,Fishing vessel,416009311
/vessels/details/7825320,YURYO MARU,Fishing Vessel,7825320
/vessels/details/416005886,U899999,Fishing vessel,416005886
/vessels/details/416010453,SHIN SHENQ NO.8,Fishing vessel,416010453
/vessels/details/6525466,KAO YA NO. 1,Fishing Vessel,6525466
/vessels/details/416001972,XINFURONG8,Fishing vessel,416001972
/vessels/details/416070684,CTR-PTG4061,Fishing vessel,416070684
/vessels/details/416012074,JENQ NONG NO.168,Fishing vessel,416012074
/vessels/details/416005566,CRAZY FRIDAY,Fishing vessel,416005566
/vessels/details/416066334,CTR-HL0116,Fishing vessel,416066334
/vessels/details/416007417,JYH YI 268,Fishing vessel,416007417
/vessels/details/416001861,YU MAN CHANG NO.189,Fishing vessel,416001861
/vessels/details/416000373,FUH AN NO 1,Fishing vessel,416000373
/vessels/details/416008769,JUY,Fishing vessel,416008769
/vessels/details/416000221,CHAO YI NO.76,Fishing vessel,416000221
/vessels/details/416008513,HORNG FWU JINN,Fishing vessel,416008513
/vessels/details/416066965,CTR-PT4429,Fishing vessel,416066965
/vessels/details/416018523,TENN PAI JI,Fishing vessel,416018523
/vessels/details/416011839,YU 6,Fishing vessel,416011839
/vessels/details/416009844,CTS-0266,Fishing vessel,416009844
/vessels/details/416068123,CTR-PT3271,Fishing vessel,416068123
/vessels/details/416008537,MING MAAN CHUEN,Fishing vessel,416008537
/vessels/details/416001083,CHIA CHIN CHUN NO26,Fishing vessel,416001083
/vessels/details/416000907,FU MAAN YI,Fishing vessel,416000907
/vessels/details/416066991,CTR NC9121,Fishing vessel,416066991
/vessels/details/416001871,XINYUANFA63,Fishing vessel,416001871
/vessels/details/416009001,NION,Fishing vessel,416009001
/vessels/details/416086666,086666,Fishing vessel,416086666
/vessels/details/416015453,YU FA NO129,Fishing vessel,416015453
/vessels/details/416009835,CTS-0199,Fishing vessel,416009835
/vessels/details/416071541,MING SHIN NO.1,Fishing vessel,416071541
/vessels/details/6811700,LIH SHENG NO. 11,Fishing Vessel,6811700
/vessels/details/416004776,CHERNG CHYUU,Fishing vessel,416004776
/vessels/details/416010538,YEONG FWU NO168,Fishing vessel,416010538
/vessels/details/9925485,FENG KUO NO. 689,Fishing Vessel,9925485
/vessels/details/416067299,CTR-NC1009,Fishing vessel,416067299
/vessels/details/416067661,CTR-CW0971,Fishing vessel,416067661
/vessels/details/416012408,CTS007600,Fishing vessel,416012408
/vessels/details/416213333,0,Fishing vessel,416213333
/vessels/details/416956739,51788,Fishing vessel,416956739
/vessels/details/416019768,YU.MNN.FU...NO.128,Fishing vessel,416019768
/vessels/details/416877668,QIONGDANYU,Fishing vessel,416877668
/vessels/details/416004014,JIN SHENQ NO.7,Fishing vessel,416004014
/vessels/details/7209540,KWO RONG NO. 11,Fishing Vessel,7209540
/vessels/details/416011391,YUAN SHING NO2,Fishing vessel,416011391
/vessels/details/416007155,JYI FENG LIH NO.3,Fishing vessel,416007155
/vessels/details/416000998,DAH JIHN MAAN NO88,Fishing vessel,416000998
/vessels/details/416000428,WANN BAO LONG NO.128,Fishing vessel,416000428
/vessels/details/416011799,CTS-4814,Fishing vessel,416011799
/vessels/details/416004254,416004254,Fishing vessel,416004254
/vessels/details/416008803,JINN F A NO.66,Fishing vessel,416008803
/vessels/details/416066257,CTR-TT0693,Fishing vessel,416066257
/vessels/details/416067442,CTR-CI 1651,Fishing vessel,416067442
/vessels/details/416033508,XIN CHANG 12,Fishing vessel,416033508
/vessels/details/416010536,SHEN SHYH NO 1,Fishing vessel,416010536
/vessels/details/416011405,CTS-6411,Fishing vessel,416011405
/vessels/details/416066457,CTR-KH6125,Fishing vessel,416066457
/vessels/details/416003807,CHYUAN JENN CHERNG 2,Fishing vessel,416003807
/vessels/details/416067516,CTR-TC 0559,Fishing vessel,416067516
/vessels/details/416006984,FENG SHING,Fishing vessel,416006984
/vessels/details/416739568,HAI LI,Fishing vessel,416739568
/vessels/details/416007125,JYI SHYANG SHING N08,Fishing vessel,416007125
/vessels/details/416069731,CTR PT3705,Fishing vessel,416069731
/vessels/details/416001532,JENN BEEI 6,Fishing vessel,416001532
/vessels/details/416010793,HEI YEH SHYR BAN,Fishing vessel,416010793
/vessels/details/416003577,JIN YNG FA,Fishing vessel,416003577
/vessels/details/416010892,CTS-3869,Fishing vessel,416010892
/vessels/details/416010045,CTS-7623,Fishing vessel,416010045
/vessels/details/416004861,HAI YUE WAN,Fishing vessel,416004861
/vessels/details/416002038,HORNG JYI TSAIR,Fishing vessel,416002038
/vessels/details/416001226,MAW YIH NO.236,Fishing vessel,416001226
/vessels/details/416006605,FUH SHENQ JYI,Fishing vessel,416006605
/vessels/details/7211024,TAO YUAN NO. 51,Fishing Vessel,7211024
/vessels/details/416071539,DE CHING NO.1,Fishing vessel,416071539
/vessels/details/416011106,JENQ TSONG,Fishing vessel,416011106
/vessels/details/416071284,CTR-PT3754,Fishing vessel,416071284
/vessels/details/416000235,JIN JINN YI NO.16,Fishing vessel,416000235
/vessels/details/416008796,CHYUAN SHENQ NO.1,Fishing vessel,416008796
/vessels/details/416007194,CT0-8690,Fishing vessel,416007194
/vessels/details/416011531,CTS-8765,Fishing vessel,416011531
/vessels/details/416008458,YEA MII,Fishing vessel,416008458
/vessels/details/416001045,MAW YU SHING NO-62,Fishing vessel,416001045
/vessels/details/416004919,YEONG FENG NO.36,Fishing vessel,416004919
/vessels/details/416005733,YU CHUN NO.58,Fishing vessel,416005733
/vessels/details/416003009,MAAN YU FENG 3,Fishing vessel,416003009
/vessels/details/416067552,CTR-NC0017,Fishing vessel,416067552
/vessels/details/416001913,XINLONGSHENG26,Fishing vessel,416001913
/vessels/details/416067254,CTR NC1071,Fishing vessel,416067254
/vessels/details/416010148,HANN RONG NO.1,Fishing vessel,416010148
/vessels/details/416568202,CHANG,Fishing vessel,416568202
/vessels/details/416109168,123,Fishing vessel,416109168
/vessels/details/416005112,JAW FENG NO 1688,Fishing vessel,416005112
/vessels/details/416002682,SHENG YI CAI NO33,Fishing vessel,416002682
/vessels/details/416008407,LIH JYE,Fishing vessel,416008407
/vessels/details/416002113,YU YU 36,Fishing vessel,416002113
/vessels/details/416003369,LONG FU NO.1,Fishing vessel,416003369
/vessels/details/416007766,SHUENN LIAN FWU NO.3,Fishing vessel,416007766
/vessels/details/416000628,DANIAU MIEN,Fishing vessel,416000628
/vessels/details/416002888,CHING CHUEN FA NO.10,Fishing vessel,416002888
/vessels/details/416071667,YU JIN 888,Fishing vessel,416071667
/vessels/details/416004618,SHING HER LIH NO.2,Fishing vessel,416004618
/vessels/details/416003762,XIN LI FU NO.6,Fishing vessel,416003762
/vessels/details/416231207,0C30C30C0,Fishing vessel,416231207
/vessels/details/416232700,FENG BAO TSAIR,Fishing vessel,416232700
/vessels/details/416007546,JIN SHUENN SHING,Fishing vessel,416007546
/vessels/details/416003937,JENQ DAH SHING NO.2,Fishing vessel,416003937
/vessels/details/416010683,CTS-7993,Fishing vessel,416010683
/vessels/details/7623772,KING MING NO. 2,Fishing Vessel,7623772
/vessels/details/416070295,CTR-IL0580,Fishing vessel,416070295
/vessels/details/416011813,CTS-7356,Fishing vessel,416011813
/vessels/details/416233836,HU,Fishing vessel,416233836
/vessels/details/416008777,LIAN JIN FA NO.28,Fishing vessel,416008777
/vessels/details/416008171,WEI FENG NO.1,Fishing vessel,416008171
/vessels/details/416069219,CTR-NC9219,Fishing vessel,416069219
/vessels/details/416005833,JIN RUI XIANG NO.6,Fishing vessel,416005833
/vessels/details/416068928,CTR-KH6029,Fishing vessel,416068928
/vessels/details/416007742,SHINN AN SHIN,Fishing vessel,416007742
/vessels/details/416013651,CTS-4740,Fishing vessel,416013651
/vessels/details/416001771,FWU CHARNG NO.78,Fishing vessel,416001771
/vessels/details/416008841,DAH SHINN NO.168,Fishing vessel,416008841
/vessels/details/416002265,MAAN TZAY FWU NO.6,Fishing vessel,416002265
/vessels/details/416009736,FU LIAN HAO,Fishing vessel,416009736
/vessels/details/416009404,SHENG LONG FU,Fishing vessel,416009404
/vessels/details/416069997,CTR-YL9176,Fishing vessel,416069997
/vessels/details/416011296,CTS-9755,Fishing vessel,416011296
/vessels/details/416002681,SAN LIAN FA NO.18,Fishing vessel,416002681
/vessels/details/416056688,PENG HU 56688,Fishing vessel,416056688
/vessels/details/416004331,AO SIN NO.66,Fishing vessel,416004331
/vessels/details/416008022,JYI SHYANG NO.26,Fishing vessel,416008022
/vessels/details/416007596,JIN YIH FA NO1,Fishing vessel,416007596
/vessels/details/416004232,JYI HER JINN,Fishing vessel,416004232
/vessels/details/416000123,SHIN JING FU NO.168,Fishing vessel,416000123
/vessels/details/416071458,CTR-CW1054,Fishing vessel,416071458
/vessels/details/6905147,YUNG LIEN NO. 1,Fishing Vessel,6905147
/vessels/details/416005736,DE XING YI NO.6,Fishing vessel,416005736
/vessels/details/416008984,HWA CHERN NO.3,Fishing vessel,416008984
/vessels/details/416007896,SHENQ TSAIR SHYANG,Fishing vessel,416007896
/vessels/details/8672926,MAN AN,Fishing Vessel,8672926
/vessels/details/416070365,YU LAN NO1,Fishing vessel,416070365
/vessels/details/416069681,CTR PT4299,Fishing vessel,416069681
/vessels/details/416336000,KAOFONG372,Fishing vessel,416336000
/vessels/details/416068859,CTR-TT0636,Fishing vessel,416068859
/vessels/details/416071569,CTR-PT0836,Fishing vessel,416071569
/vessels/details/416010754,AN SHUENN NO.99,Fishing vessel,416010754
/vessels/details/416011427,CTS-008558,Fishing vessel,416011427
/vessels/details/416010579,LIAN SHING NO.1,Fishing vessel,416010579
/vessels/details/416000247,SHENG YI CAI NO113,Fishing vessel,416000247
/vessels/details/416009974,CTS-8138,Fishing vessel,416009974
/vessels/details/416011476,CTS-008320,Fishing vessel,416011476
/vessels/details/416066911,CTR-PT3254,Fishing vessel,416066911
/vessels/details/416004209,LIH SHYE NO.216,Fishing vessel,416004209
/vessels/details/416006174,RONG HER FA,Fishing vessel,416006174
/vessels/details/8685090,YU FENG NO. 67,Fishing Vessel,8685090
/vessels/details/416066153,CTR-ML0601,Fishing vessel,416066153
/vessels/details/416069858,HONG SIANG NO.168,Fishing vessel,416069858
/vessels/details/416070141,CTR-NC1131,Fishing vessel,416070141
/vessels/details/416008179,FWU EEI MO SHA NO1,Fishing vessel,416008179
/vessels/details/416006423,YU SHAN G WAY NO627,Fishing vessel,416006423
/vessels/details/416071903,CTR PT0413,Fishing vessel,416071903
/vessels/details/416070445,CTR-IL0458,Fishing vessel,416070445
/vessels/details/416221900,JIN HSING FA NO268,Fishing vessel,416221900
/vessels/details/416066245,CTR-TT0055,Fishing vessel,416066245
/vessels/details/416008596,YU FENG,Fishing vessel,416008596
/vessels/details/416069198,CTR-NC1043,Fishing vessel,416069198
/vessels/details/416041009,D,Fishing vessel,416041009
/vessels/details/416006936,JIN CHUEN MAAN NO.6,Fishing vessel,416006936
/vessels/details/416008384,HAE TING YU SHUO .1,Fishing vessel,416008384
/vessels/details/416000963,JIN YOUNG FA 86,Fishing vessel,416000963
/vessels/details/7211000,HSIEH YU NO. 11,Fishing Vessel,7211000
/vessels/details/416006437,CTS 8897,Fishing vessel,416006437
/vessels/details/416009159,SHENQ FENG NO.168,Fishing vessel,416009159
/vessels/details/416071745,CTR PT4290,Fishing vessel,416071745
/vessels/details/416004886,ZAI WEN,Fishing vessel,416004886
/vessels/details/416004037,SHIN YU FA NO.66,Fishing vessel,416004037
/vessels/details/416011203,CTS-4832,Fishing vessel,416011203
/vessels/details/416004471,JIA CHUEN,Fishing vessel,416004471
/vessels/details/416002143,FU LONG SHUN,Fishing vessel,416002143
/vessels/details/416071542,CHI RUNG NO.1,Fishing vessel,416071542
/vessels/details/416008887,HSIEH CHIEN NO 888,Fishing vessel,416008887
/vessels/details/416068795,CTR-PT0739,Fishing vessel,416068795
/vessels/details/416005961,WEN CHANG NO1,Fishing vessel,416005961
/vessels/details/416066289,CR R-YL3175,Fishing vessel,416066289
/vessels/details/416001695,HAW I NO.66,Fishing vessel,416001695
/vessels/details/416067287,CTR-NC0707,Fishing vessel,416067287
/vessels/details/8746014,SHEN FU,Fishing Vessel,8746014
/vessels/details/416004586,DER SHENQ NO.168,Fishing vessel,416004586
/vessels/details/416001464,JIN HONG YI,Fishing vessel,416001464
/vessels/details/416005304,FWU LONG NO.1,Fishing vessel,416005304
/vessels/details/416014525,CHAUR JINQ,Fishing vessel,416014525
/vessels/details/416007852,CTS-009173,Fishing vessel,416007852
/vessels/details/416068971,CTR-NC0222,Fishing vessel,416068971
/vessels/details/416199500,JIN FU YI,Fishing vessel,416199500
/vessels/details/416069013,CTR-NC0510,Fishing vessel,416069013
/vessels/details/416068561,CTR-CI2177,Fishing vessel,416068561
/vessels/details/8747379,HO MAN FA,Fishing Vessel,8747379
/vessels/details/416010917,SHYNG SHONG LAI GA,Fishing vessel,416010917
/vessels/details/416010604,SHIN LING PO NO.66,Fishing vessel,416010604
/vessels/details/416067496,CTR-TC 0382,Fishing vessel,416067496
/vessels/details/9691993,SHIN SHUEN FAR NO. 688,Fishing Vessel,9691993
/vessels/details/416007103,SHIN HORNG FA,Fishing vessel,416007103
/vessels/details/416067084,CTR-YL1083,Fishing vessel,416067084
/vessels/details/7104130,AN PING NO. 1,Fishing Vessel,7104130
/vessels/details/416014176,QUEN-CHEN.NO9,Fishing vessel,416014176
/vessels/details/6927858,FONG KUO NO. 112,Fishing Vessel,6927858
/vessels/details/416071172,CTR-KC0678,Fishing vessel,416071172
/vessels/details/416002026,416002026,Fishing vessel,416002026
/vessels/details/416458562,SHIN DE YI 106,Fishing vessel,416458562
/vessels/details/416066431,CTR-TT0753,Fishing vessel,416066431
/vessels/details/416212700,MING FA CAI NO.36,Fishing vessel,416212700
/vessels/details/9676151,HUNG RUNG NO. 2,Fishing Vessel,9676151
/vessels/details/416007585,SEN BEEN,Fishing vessel,416007585
/vessels/details/416011713,HORNG JYI NO.6,Fishing vessel,416011713
/vessels/details/416007746,GWO FENG BA,Fishing vessel,416007746
/vessels/details/416008497,TAY SHING NO.2,Fishing vessel,416008497
/vessels/details/416008058,YEONG CHARNG SHUEEN,Fishing vessel,416008058
/vessels/details/416070069,CTR-NH8060,Fishing vessel,416070069
/vessels/details/7110799,CHIA FU NO. 5,Fishing Vessel,7110799
/vessels/details/8684864,YUAN CHING,Fishing Vessel,8684864
/vessels/details/416070922,JIANG YONG,Fishing vessel,416070922
/vessels/details/416015467,CTS-10120,Fishing vessel,416015467
/vessels/details/416059628,TAIYU 68792,Fishing vessel,416059628
/vessels/details/416068727,SIAO SAN,Fishing vessel,416068727
/vessels/details/416067063,CTR-SC0373,Fishing vessel,416067063
/vessels/details/416001497,DER CHERNG NO.136,Fishing vessel,416001497
/vessels/details/416002274,CHU HUAI NO 668,Fishing vessel,416002274
/vessels/details/416001458,CYUAN JI SING NO6,Fishing vessel,416001458
/vessels/details/416011893,JII CHUAN,Fishing vessel,416011893
/vessels/details/416004362,BEI HA RONG NO.168,Fishing vessel,416004362
/vessels/details/416007038,FWU YIH NO.7,Fishing vessel,416007038
/vessels/details/416007412,SHENQ LIH TSAIR NO.2,Fishing vessel,416007412
/vessels/details/416886009,YU JIN FU,Fishing vessel,416886009
/vessels/details/416009543,YANG CHERNG,Fishing vessel,416009543
/vessels/details/416003427,LONG SHENG FAN,Fishing vessel,416003427
/vessels/details/9772644,JIN HSIANG WANG,Fishing Vessel,9772644
/vessels/details/416007031,SHENQ HAE FWU NO.3,Fishing vessel,416007031
/vessels/details/416007214,HONGJIAN NO.168,Fishing vessel,416007214
/vessels/details/416229600,DE YU NO26,Fishing vessel,416229600
/vessels/details/416007196,WANN BAO LONG NO 88,Fishing vessel,416007196
/vessels/details/8685179,XING HUA SHENG NO. 606,Fishing Vessel,8685179
/vessels/details/416066259,CTR-TC0564,Fishing vessel,416066259
/vessels/details/416004148,SHENG LI FU NO.1,Fishing vessel,416004148
/vessels/details/416066758,CHIOU TIAN NO.1,Fishing vessel,416066758
/vessels/details/416000396,DAH YU CHYUU,Fishing vessel,416000396
/vessels/details/416002128,SHENG WANQ,Fishing vessel,416002128
/vessels/details/416004914,JYI DONG JY SHING,Fishing vessel,416004914
/vessels/details/416006657,FA CAI SHENG NO10,Fishing vessel,416006657
/vessels/details/416012869,CTS-9139,Fishing vessel,416012869
/vessels/details/416004931,SHINN JIA NO1,Fishing vessel,416004931
/vessels/details/416068482,CTR-CI2002,Fishing vessel,416068482
/vessels/details/416009894,CTS-5143,Fishing vessel,416009894
/vessels/details/416006543,FUH CHUEN SHAN NO.36,Fishing vessel,416006543
/vessels/details/416008708,JIN JIA MAAN,Fishing vessel,416008708
/vessels/details/416002353,KING LI SHENG NO,Fishing vessel,416002353
/vessels/details/416010124,FWU LIAN SHENQ NO2,Fishing vessel,416010124
/vessels/details/416012925,CHYUANSHYANGMAAN NO6,Fishing vessel,416012925
/vessels/details/416010321,CTS-8935,Fishing vessel,416010321
/vessels/details/416066813,SHUN HE HAO,Fishing vessel,416066813
/vessels/details/416006807,YUAN XING NO.8,Fishing vessel,416006807
/vessels/details/416446666,88888,Fishing vessel,416446666
/vessels/details/416067396,CTR-TP0164,Fishing vessel,416067396
/vessels/details/416002333,JIN HUI YUAN,Fishing vessel,416002333
/vessels/details/416002547,LONG WANG SHENG NO.7,Fishing vessel,416002547
/vessels/details/8629230,CHUN FA NO. 168,Fishing Vessel,8629230
/vessels/details/8748684,FONG KUO NO. 768,Fishing Vessel,8748684
/vessels/details/9932086,WEN HUNG DAR NO. 168,Fishing Vessel,9932086
/vessels/details/416003378,SHIN MING SHENQ NO3,Fishing vessel,416003378
/vessels/details/416004937,SHUN HAO,Fishing vessel,416004937
/vessels/details/416010727,CT S006678,Fishing vessel,416010727
/vessels/details/416001361,LIAN YI,Fishing vessel,416001361
/vessels/details/8665442,HONG CHANG NO. 168,Fishing Vessel,8665442
/vessels/details/416007398,SHIN CHARNG YAW,Fishing vessel,416007398
/vessels/details/416002841,DE HAI NO.12,Fishing vessel,416002841
/vessels/details/6815500,YUAN HAI,Fishing Vessel,6815500
/vessels/details/416008111,FWU MAAN NO.2,Fishing vessel,416008111
/vessels/details/416066154,CTR ML0923,Fishing vessel,416066154
/vessels/details/416008792,SHENQ LONG,Fishing vessel,416008792
/vessels/details/416003774,YU DONG FA NO36,Fishing vessel,416003774
/vessels/details/416161820,111,Fishing vessel,416161820
/vessels/details/416003145,YAO TAI HONG,Fishing vessel,416003145
/vessels/details/416008473,HONG YUAN,Fishing vessel,416008473
/vessels/details/416005423,RIH YUE SING NO.3,Fishing vessel,416005423
/vessels/details/416000874,SYH JYI SHYANG,Fishing vessel,416000874
/vessels/details/416002998,LIEN YU FA NO.32,Fishing vessel,416002998
/vessels/details/416008297,YUSHAN GAANGWAY 1110,Fishing vessel,416008297
/vessels/details/8647402,YU I HSIANG NO. 627,Fishing Vessel,8647402
/vessels/details/416000493,JIN LONG NO.36,Fishing vessel,416000493
/vessels/details/416066802,TIAN CHI,Fishing vessel,416066802
/vessels/details/416130666,00666-13-81,Fishing vessel,416130666
/vessels/details/416001866,C,Fishing vessel,416001866
/vessels/details/7647015,MING HWA NO. 21,Fishing Vessel,7647015
/vessels/details/416068935,CTR-KH5718,Fishing vessel,416068935
/vessels/details/416458605,WAI TAN,Fishing vessel,416458605
/vessels/details/416011856,CTS-9826,Fishing vessel,416011856
/vessels/details/416000776,MING SHENG TSIIR,Fishing vessel,416000776
/vessels/details/416000529,YU JIN NO.128,Fishing vessel,416000529
/vessels/details/416010624,CTS-0099,Fishing vessel,416010624
/vessels/details/416004409,YI RONG NO.3,Fishing vessel,416004409
/vessels/details/416010126,HAIYANG NO.36,Fishing vessel,416010126
/vessels/details/416002961,WANG DE CHUN NO.168,Fishing vessel,416002961
/vessels/details/416006548,MING SHYANG,Fishing vessel,416006548
/vessels/details/416022122,22122,Fishing vessel,416022122
/vessels/details/416001099,KUEN LIAN SHENQ,Fishing vessel,416001099
/vessels/details/416002287,RUEY I SHYANG NO10,Fishing vessel,416002287
/vessels/details/416070266,CTR-YL1017,Fishing vessel,416070266
/vessels/details/416900006,HE CHUN XING 6,Fishing vessel,416900006
/vessels/details/416007715,DAH SHUENN FA,Fishing vessel,416007715
/vessels/details/7211050,YUAN MAO NO. 1,Fishing Vessel,7211050
/vessels/details/416011263,CTS-7797,Fishing vessel,416011263
/vessels/details/416000437,YANG SIN,Fishing vessel,416000437
/vessels/details/416013116,CTS-7222,Fishing vessel,416013116
/vessels/details/416094678,LAO SAI,Fishing vessel,416094678
/vessels/details/416006875,OYSTER BROS,Fishing vessel,416006875
/vessels/details/416014504,CTS-006451,Fishing vessel,416014504
/vessels/details/416066118,CTR-TY0332,Fishing vessel,416066118
/vessels/details/416004155,HE SHUN FA,Fishing vessel,416004155
/vessels/details/416000745,MAN FU FENG NO .168,Fishing vessel,416000745
/vessels/details/8430110,CHEN CHIA NO. 1,Fishing Vessel,8430110
/vessels/details/416071576,CTR-TY0376,Fishing vessel,416071576
/vessels/details/416071538,SHIOU RU NO.1,Fishing vessel,416071538
/vessels/details/416014144,CTS-4065,Fishing vessel,416014144
/vessels/details/416007082,LONG DER HORNG NO.2,Fishing vessel,416007082
/vessels/details/416001233,JIA ZHAN,Fishing vessel,416001233
/vessels/details/8026945,HAI FU,Fishing Support Vessel,8026945
/vessels/details/416066295,DE FENGMAN NO1,Fishing vessel,416066295
/vessels/details/416012973,FARNG CHE NAN,Fishing vessel,416012973
/vessels/details/416070532,CTR-KH1363,Fishing vessel,416070532
/vessels/details/416009977,CTS-8291,Fishing vessel,416009977
/vessels/details/8678475,CHICH HSIANG NO. 2,Fishing Vessel,8678475
/vessels/details/416004049,CHING CHENG FU NO66,Fishing vessel,416004049
/vessels/details/416071969,CTR CI1176,Fishing vessel,416071969
/vessels/details/9108972,HUNG CHIN NO. 212,Fishing Vessel,9108972
/vessels/details/416010019,CTS-9948,Fishing vessel,416010019
/vessels/details/416001931,HSIN YUAN FA NO.168,Fishing vessel,416001931
/vessels/details/416008877,FENG TYAN NO1,Fishing vessel,416008877
/vessels/details/416007121,994134-712183,Fishing vessel,416007121
/vessels/details/416066964,CTR-PT2296,Fishing vessel,416066964
/vessels/details/416004187,TENN MING YANG NO688,Fishing vessel,416004187
/vessels/details/416199900,SHIN SHUENN FA NO 6,Fishing vessel,416199900
/vessels/details/416004425,TZAY YIH MAAN,Fishing vessel,416004425
/vessels/details/416090078,DA YUAN DU,Fishing vessel,416090078
/vessels/details/416008598,BAO SIANG NO.8,Fishing vessel,416008598
/vessels/details/416070175,CTR-ML0713,Fishing vessel,416070175
/vessels/details/6815469,CHIEN CHUEN NO. 6,Fishing Vessel,6815469
/vessels/details/416002425,CHENG QING FENG 268,Fishing vessel,416002425
/vessels/details/416003759,DAH HER LONG,Fishing vessel,416003759
/vessels/details/416000044,HAI FA TSAI,Fishing vessel,416000044
/vessels/details/416004478,JIUN FWU SHING,Fishing vessel,416004478
/vessels/details/416070195,CTR-NC0187,Fishing vessel,416070195
/vessels/details/416070700,JIN HO NO.33,Fishing vessel,416070700
/vessels/details/416071676,CTR-KH5458,Fishing vessel,416071676
/vessels/details/416011433,CTS-8802,Fishing vessel,416011433
/vessels/details/416067213,CTR-CW1023,Fishing vessel,416067213
/vessels/details/416458616,TAI WAN 00069,Fishing vessel,416458616
/vessels/details/8781258,SAN SHENG FA,Fishing Vessel,8781258
/vessels/details/416013605,MAAN SHUENN NO66,Fishing vessel,416013605
/vessels/details/416000196,MAAN HSING CHYUU,Fishing vessel,416000196
/vessels/details/416000394,SHIN DER FA NO.236,Fishing vessel,416000394
/vessels/details/416350872,FU HAN,Fishing vessel,416350872
/vessels/details/416007394,JIN SHENQ FA NO.1,Fishing vessel,416007394
/vessels/details/416005637,SHIN YUAN FA NO.386,Fishing vessel,416005637
/vessels/details/416011245,JIEH HORNG,Fishing vessel,416011245
/vessels/details/416066851,CTR-YL3024,Fishing vessel,416066851
/vessels/details/416003719,YEU HARNG NO.68,Fishing vessel,416003719
/vessels/details/416001019,JIN YING CHUN NO.16,Fishing vessel,416001019
/vessels/details/416661899,SHIN FWU AN NO16,Fishing vessel,416661899
/vessels/details/416003358,JIN HUA 58,Fishing vessel,416003358
/vessels/details/416000484,HE YUN SHENG,Fishing vessel,416000484
/vessels/details/416001323,SHIN HAE LIH NO6,Fishing vessel,416001323
/vessels/details/416037291,SHENQ JIA CHERNG,Fishing vessel,416037291
/vessels/details/416858567,XIN SHENG 88,Fishing vessel,416858567
/vessels/details/416000097,4160-7-55,Fishing vessel,416000097
/vessels/details/7032894,HUENG YUAN,Fishing Vessel,7032894
/vessels/details/416009621,YUAN HE,Fishing vessel,416009621
/vessels/details/416006466,SHENG FWU JINN NO.2,Fishing vessel,416006466
/vessels/details/416004386,FORMOSA OCEAN NO.2,Fishing vessel,416004386
/vessels/details/416660000,22666,Fishing vessel,416660000
/vessels/details/7210965,CHIAH YUH NO. 32,Fishing Vessel,7210965
/vessels/details/416012928,YU FWU NO.66,Fishing vessel,416012928
/vessels/details/416012301,MINFENG,Fishing vessel,416012301
/vessels/details/416011443,JIAN DER TSAIR NO.2,Fishing vessel,416011443
/vessels/details/416056952,22882,Fishing vessel,416056952
/vessels/details/416000617,RUEI MING FA,Fishing vessel,416000617
/vessels/details/416012992,SAN HER FA NO.16,Fishing vessel,416012992
/vessels/details/416066112,CTR-TY0547,Fishing vessel,416066112
/vessels/details/8454740,TENN TSAI JI,Fishing Vessel,8454740
/vessels/details/416033386,SHENG FENG NO.28,Fishing vessel,416033386
/vessels/details/416002039,WEN DAR,Fishing vessel,416002039
/vessels/details/416066961,CTR-PT4417,Fishing vessel,416066961
/vessels/details/416069213,CTR-NC9124,Fishing vessel,416069213
/vessels/details/416003903,SHENG YIH CIH NO.58,Fishing vessel,416003903
/vessels/details/416070537,CTR-KH5816,Fishing vessel,416070537
/vessels/details/416011823,CTS-7547,Fishing vessel,416011823
/vessels/details/416000551,CTR-NC0551,Fishing vessel,416000551
/vessels/details/416007527,SHENQ JYI NO.2,Fishing vessel,416007527
/vessels/details/416013974,YU SHENQ NO.8,Fishing vessel,416013974
/vessels/details/416010487,KAE HER,Fishing vessel,416010487
/vessels/details/416066067,CTR-TC0513,Fishing vessel,416066067
/vessels/details/416011869,CTS-7965,Fishing vessel,416011869
/vessels/details/416005893,JINLONGFA666,Fishing vessel,416005893
/vessels/details/416008736,SHENQ DER SHING,Fishing vessel,416008736
/vessels/details/416002412,52031,Fishing vessel,416002412
/vessels/details/416068681,CTR NC9159,Fishing vessel,416068681
/vessels/details/416001211,LONG HORNG FA,Fishing vessel,416001211
/vessels/details/416071448,CTR-NC9213,Fishing vessel,416071448
/vessels/details/8749303,KAO FONG NO. 8,Fishing Vessel,8749303
/vessels/details/416167600,HUNG YU NO.212,Fishing vessel,416167600
/vessels/details/416075694,123,Fishing vessel,416075694
/vessels/details/416010286,CTS-7401,Fishing vessel,416010286
/vessels/details/416006801,PYNG HER NO8,Fishing vessel,416006801
/vessels/details/416003474,YONG LIAN FA NO.8,Fishing vessel,416003474
/vessels/details/416000841,DAH JINN MAAN NO.57,Fishing vessel,416000841
/vessels/details/416003119,SHUENN FENG YU 366,Fishing vessel,416003119
/vessels/details/416800466,ZHEN QING FA NO.6,Fishing vessel,416800466
/vessels/details/6927846,FONG KUO NO. 111,Fishing Vessel,6927846
/vessels/details/416066633,CTR-PT3303,Fishing vessel,416066633
/vessels/details/416001054,CYUAN SHENG FA,Fishing vessel,416001054
/vessels/details/416556868,026,Fishing vessel,416556868
/vessels/details/416069051,CTR-NC0825,Fishing vessel,416069051
/vessels/details/416010905,CTS-8859,Fishing vessel,416010905
/vessels/details/416068108,CTR-PT1179,Fishing vessel,416068108
/vessels/details/416000625,MAAN FUH TZAY,Fishing vessel,416000625
/vessels/details/9785627,ANFONG 156,Fishing Vessel,9785627
/vessels/details/416010425,HAE LIH NO.168,Fishing vessel,416010425
/vessels/details/416010788,CTS-009969,Fishing vessel,416010788
/vessels/details/416001466,SHENG MAN SING,Fishing vessel,416001466
/vessels/details/8662880,HWA CHIN NO. 112,Fishing Vessel,8662880
/vessels/details/416066429,CTR-KH6084,Fishing vessel,416066429
/vessels/details/416008289,LI GUEL MEL,Fishing vessel,416008289
/vessels/details/416013572,SAN JYI NO.66,Fishing vessel,416013572
/vessels/details/416002378,GOANG JINN YU,Fishing vessel,416002378
/vessels/details/416025178,5178,Fishing vessel,416025178
/vessels/details/416014509,CTS-6111,Fishing vessel,416014509
/vessels/details/416002614,CHUNG YIH,Fishing vessel,416002614
/vessels/details/416069805,CTR TC0610,Fishing vessel,416069805
/vessels/details/416137804,CHYUAN JENN CHERNG V,Fishing vessel,416137804
/vessels/details/416068418,CTR-CI1285,Fishing vessel,416068418
/vessels/details/416007734,FUH SHYANG CHUEN,Fishing vessel,416007734
/vessels/details/416001094,KUN FENG MAAN,Fishing vessel,416001094
/vessels/details/416001792,JIN FU CAI,Fishing vessel,416001792
/vessels/details/416066632,CTR-CI0220,Fishing vessel,416066632
/vessels/details/416010706,CTS-9922,Fishing vessel,416010706
/vessels/details/416203165,13928,Fishing vessel,416203165
/vessels/details/416003172,D,Fishing vessel,416003172
/vessels/details/416066443,LONG MAN,Fishing vessel,416066443
/vessels/details/416012748,SHENQ SHING,Fishing vessel,416012748
/vessels/details/416003151,SHIN FUH HAE NO.16,Fishing vessel,416003151
/vessels/details/416240110,TIELONG2401-10-01,Fishing vessel,416240110
/vessels/details/416008098,JANN JI NO.168,Fishing vessel,416008098
/vessels/details/416014314,SHYE CHUEN NO.3,Fishing vessel,416014314
/vessels/details/416000079,4 OE1KAS X,Fishing vessel,416000079
/vessels/details/416010269,CTS-7174,Fishing vessel,416010269
/vessels/details/416015399,MAAN,Fishing vessel,416015399
/vessels/details/416002089,MAAN CHUAN JYI,Fishing vessel,416002089
/vessels/details/416069211,CTR-NC1282,Fishing vessel,416069211
/vessels/details/416902514,1,Fishing vessel,416902514
/vessels/details/416010833,CT0-009429,Fishing vessel,416010833
/vessels/details/416008092,HAU JIE NO.88,Fishing vessel,416008092
/vessels/details/416112233,JIA HUA,Fishing vessel,416112233
/vessels/details/416012991,BAO DAO,Fishing vessel,416012991
/vessels/details/416001719,SHENG JI JHENG NO77,Fishing vessel,416001719
/vessels/details/416071166,CTR-KC0673,Fishing vessel,416071166
/vessels/details/416008699,SHYANG FA NO.26,Fishing vessel,416008699
/vessels/details/416011786,SHEAU CHUAN DAO,Fishing vessel,416011786
/vessels/details/416070484,CTR-IL0786,Fishing vessel,416070484
/vessels/details/416005316,LONG LAILAI NO.6,Fishing vessel,416005316
/vessels/details/416009954,CTS-7454,Fishing vessel,416009954
/vessels/details/416013138,CTS-9780,Fishing vessel,416013138
/vessels/details/416445178,DAFENGSH068,Fishing vessel,416445178
/vessels/details/416102812,1,Fishing vessel,416102812
/vessels/details/416905009,XIN LIAN SHENG,Fishing vessel,416905009
/vessels/details/416070449,CTR-IL0465,Fishing vessel,416070449
/vessels/details/416006606,SHING DAR NO.6,Fishing vessel,416006606
/vessels/details/416007482,YEONG SHENQ TSAIR168,Fishing vessel,416007482
/vessels/details/416066683,WIN HUANG,Fishing vessel,416066683
/vessels/details/416071718,CTR-PT3253,Fishing vessel,416071718
/vessels/details/416005126,DA WU NO.2,Fishing vessel,416005126
/vessels/details/416071776,CTR-NC0241,Fishing vessel,416071776
/vessels/details/6927913,HEIGHLY NO. 1,Fishing Vessel,6927913
/vessels/details/416008472,DONG BEEI NO 6,Fishing vessel,416008472
/vessels/details/416001867,AUR SHING NO.58,Fishing vessel,416001867
/vessels/details/416002859,SHENG I TSIA NO268,Fishing vessel,416002859
/vessels/details/416002419,JIA HORNG CHERNG,Fishing vessel,416002419
/vessels/details/416010041,CT0-9657,Fishing vessel,416010041
/vessels/details/416066906,CTR-NH8095,Fishing vessel,416066906
/vessels/details/416000438,LIH FA NO.368,Fishing vessel,416000438
/vessels/details/416071567,JHONG MING NO.1,Fishing vessel,416071567
/vessels/details/416250000,FU XIN 06,Fishing vessel,416250000
/vessels/details/416000749,VHIA FU HSIANG NO.1,Fishing vessel,416000749
/vessels/details/416008351,MING CHYUAN TSAIR 9,Fishing vessel,416008351
/vessels/details/416003336,JIN PO LUO,Fishing vessel,416003336
/vessels/details/416458612,TAI WAN 00259,Fishing vessel,416458612
/vessels/details/416001755,JIN HWU FA,Fishing vessel,416001755
/vessels/details/416148736,L,Fishing vessel,416148736
/vessels/details/416002201,CHIN YU NO.38,Fishing vessel,416002201
/vessels/details/416004216,CHANG SHENG FA NO.6,Fishing vessel,416004216
/vessels/details/8672902,CHEN HSING NO. 668,Fishing Vessel,8672902
/vessels/details/8629149,FAIR PESCA NO. 707,Fishing Vessel,8629149
/vessels/details/416069657,CTR PT4298,Fishing vessel,416069657
/vessels/details/5184617,TA FONG NO. 1,Fishing Vessel,5184617
/vessels/details/416458582,TAI WAN 00898,Fishing vessel,416458582
/vessels/details/416008861,SHIN SHENQ JYI NO3,Fishing vessel,416008861
/vessels/details/416008536,YEONG JYI NO.88,Fishing vessel,416008536
/vessels/details/416006579,YU XUAN NO.6,Fishing vessel,416006579
/vessels/details/416003505,LIEN SHENG YI,Fishing vessel,416003505
/vessels/details/416011258,YU QING,Fishing vessel,416011258
/vessels/details/416007098,CHANG QING NO.12,Fishing vessel,416007098
/vessels/details/416069784,CTR PT3634,Fishing vessel,416069784
/vessels/details/416067224,CTR-NH6141,Fishing vessel,416067224
/vessels/details/416004242,NIAN SHENG NO168,Fishing vessel,416004242
/vessels/details/416014094,CT0-8956,Fishing vessel,416014094
/vessels/details/416007154,DAH HER SHIN,Fishing vessel,416007154
/vessels/details/416000654,AO SIN NO.28,Fishing vessel,416000654
/vessels/details/416005225,CHUN CHANG MAN NO168,Fishing vessel,416005225
/vessels/details/416014165,CTS-5846,Fishing vessel,416014165
/vessels/details/416004636,JIN FA BAO,Fishing vessel,416004636
/vessels/details/416008148,SHEAU HAE TWEN NO.66,Fishing vessel,416008148
/vessels/details/416006519,SHIN LONG SHENQ,Fishing vessel,416006519
/vessels/details/416069871,CTR-NC0752,Fishing vessel,416069871
/vessels/details/8781234,SAN SHENG FA NO. 3,Fishing Vessel,8781234
/vessels/details/416067301,CTR-NC9179,Fishing vessel,416067301
/vessels/details/416011631,LAI JYI NO.1,Fishing vessel,416011631
/vessels/details/416008126,FU HONG,Fishing vessel,416008126
/vessels/details/7737793,ANN MANN NO. 102,Fishing Vessel,7737793
/vessels/details/416014332,CTS-8482,Fishing vessel,416014332
/vessels/details/416000987,HONG JI SHENG,Fishing vessel,416000987
/vessels/details/416067045,CTR-CW0357,Fishing vessel,416067045
/vessels/details/416003366,YEA TAY NO 888,Fishing vessel,416003366
/vessels/details/416008055,BEY JIA NO.307,Fishing vessel,416008055
/vessels/details/416127600,SAN LAI FA NO.21,Fishing vessel,416127600
/vessels/details/416002656,TENN MING YANG NO368,Fishing vessel,416002656
/vessels/details/416012152,CTS-5100,Fishing vessel,416012152
/vessels/details/416009406,MO JINQ,Fishing vessel,416009406
/vessels/details/416007699,SHIN JINN FWU NO6,Fishing vessel,416007699
/vessels/details/416002216,CHERNG YIH MAAN,Fishing vessel,416002216
/vessels/details/416008099,00999,Fishing vessel,416008099
/vessels/details/416005815,DAH SHI AN NO.8,Fishing vessel,416005815
/vessels/details/416003841,YUNG SHUN FU NO1,Fishing vessel,416003841
/vessels/details/416001917,JINYANGFANO88,Fishing vessel,416001917
/vessels/details/416007272,LIAN RONG FA NO.6,Fishing vessel,416007272
/vessels/details/416900807,HSIN CHING TSAI NO3,Fishing vessel,416900807
/vessels/details/416011972,NENG JINN NO 1,Fishing vessel,416011972
/vessels/details/416008385,SHIN FEI LONG,Fishing vessel,416008385
/vessels/details/8651142,SHENG I TSAI 688,Fishing Vessel,8651142
/vessels/details/8662866,HWA SHAN NO. 212,Fishing Vessel,8662866
/vessels/details/7515133,KING HAI HWA NO. 1,Fishing Vessel,7515133
/vessels/details/416009764,SMILE SUNSHINE,Pleasure craft,416009764
/vessels/details/416005461,MANTA RAY,Pleasure craft,416005461
/vessels/details/416004815,HI FUNNY,Pleasure craft,416004815
/vessels/details/416004825,FENG DIH,Pleasure craft,416004825
/vessels/details/416171900,YING FA HSIANG 368,Pleasure craft,416171900
/vessels/details/416005720,LES ETOILE,Pleasure craft,416005720
/vessels/details/416009029,ASIAN NO.1,Pleasure craft,416009029
/vessels/details/416006649,TAN TAN 53,Sailing vessel,416006649
/vessels/details/416005605,METROPOLIS,Pleasure craft,416005605
/vessels/details/416005326,NPU MR NO.1,Sailing vessel,416005326
/vessels/details/416003036,XIN FU FENG 8,Pleasure craft,416003036
/vessels/details/416005545,SERENITY,Sailing vessel,416005545
/vessels/details/416010388,YACHT PARTY,Pleasure craft,416010388
/vessels/details/416005735,GIOIA,Pleasure craft,416005735
/vessels/details/416005053,IRENE,Sailing vessel,416005053
/vessels/details/416004977,HERA,Pleasure craft,416004977
/vessels/details/416006874,KRICO,Sailing vessel,416006874
/vessels/details/416012805,YACHT SUPERCAR 2,Pleasure craft,416012805
/vessels/details/416012809,TING TING QUEEN,Pleasure craft,416012809
/vessels/details/416008926,SV SAPPHIRE,Sailing vessel,416008926
/vessels/details/416005894,GABRIELLE,Pleasure craft,416005894
/vessels/details/416010423,ZHI REN,Pleasure craft,416010423
/vessels/details/416005340,DREAM,Sailing vessel,416005340
/vessels/details/416000021,YU MING NO288,Pleasure craft,416000021
/vessels/details/416556000,TO YU NO.2,Pleasure craft,416556000
/vessels/details/416002365,HONG SIANG NO.68,Pleasure craft,416002365
/vessels/details/416306091,XIN XIE DA NO.8,Pleasure craft,416306091
/vessels/details/416006356,YOU LONG,Pleasure craft,416006356
/vessels/details/416012808,TING TING PRINCESS,Pleasure craft,416012808
/vessels/details/416005436,CHOUETTE,Pleasure craft,416005436
/vessels/details/416009449,TAI JIN,Pleasure craft,416009449
/vessels/details/416005441,POOK NO.76,Pleasure craft,416005441
/vessels/details/416005665,BEAR 1,Pleasure craft,416005665
/vessels/details/416004113,DA SHU,Pleasure craft,416004113
/vessels/details/416006884,PRINCESS TANJA,Pleasure craft,416006884
/vessels/details/416004652,FORMOSA NO.1,Pleasure craft,416004652
/vessels/details/416004615,ANGEL FISH,Sailing vessel,416004615
/vessels/details/416004933,HARMONY,Pleasure craft,416004933
/vessels/details/416005171,BI LI CHIEN,Pleasure craft,416005171
/vessels/details/416005560,FU XING NO.888,Pleasure craft,416005560
/vessels/details/416011439,PROTAGONIST ONE,Pleasure craft,416011439
/vessels/details/416002719,DAH PERNG NO.1,Sailing vessel,416002719
/vessels/details/416005682,WARHAWK,Sailing vessel,416005682
/vessels/details/416005121,JI SHUN NO.9,Pleasure craft,416005121
/vessels/details/416005484,FINO,Pleasure craft,416005484
/vessels/details/416005515,OCEAN DREAM,Sailing vessel,416005515
/vessels/details/416009006,KITTEN,Sailing vessel,416009006
/vessels/details/416004567,MAZU YUNG YUAN,Pleasure craft,416004567
/vessels/details/416000389,SKY BULE NO.1,Pleasure craft,416000389
/vessels/details/416009512,SIN TIAN SING,Pleasure craft,416009512
/vessels/details/416005209,PHOENIX,Pleasure craft,416005209
/vessels/details/416005092,LE LE,Pleasure craft,416005092
/vessels/details/416000099,BUTTERFLY PRINCESS,Pleasure craft,416000099
/vessels/details/416005274,YEGAR,Sailing vessel,416005274
/vessels/details/416005419,GREEN TURTLE,Pleasure craft,416005419
/vessels/details/416008881,A VOTRE SANTE,Sailing vessel,416008881
/vessels/details/416004247,REWIND,Sailing vessel,416004247
/vessels/details/416005831,FANG STAR,Pleasure craft,416005831
/vessels/details/416008079,WEDNESDAY,Pleasure craft,416008079
/vessels/details/416005971,CHANG XIN,Pleasure craft,416005971
/vessels/details/416007035,LORNA II,Pleasure craft,416007035
/vessels/details/416010339,ZIPPY,Pleasure craft,416010339
/vessels/details/416004395,FENGPING BOAT,Pleasure craft,416004395
/vessels/details/416001671,FWU SHUENN NO 186,Pleasure craft,416001671
/vessels/details/416010081,HUA LAO YE,Pleasure craft,416010081
/vessels/details/416006133,CHAN WANG,Pleasure craft,416006133
/vessels/details/416005230,SERENITY,Pleasure craft,416005230
/vessels/details/416003538,LIMEI,Sailing vessel,416003538
/vessels/details/416012115,ASIAN ADMIRAL TIGER,Pleasure craft,416012115
/vessels/details/416006528,URANIA,Pleasure craft,416006528
/vessels/details/416009301,CARPE DIEM,Sailing vessel,416009301
/vessels/details/416005110,BLUE OCEAN 7,Pleasure craft,416005110
/vessels/details/416005180,JHAO FONG NO.88,Pleasure craft,416005180
/vessels/details/416002861,SHIN FANG NO.128,Pleasure craft,416002861
/vessels/details/416009179,GE AN,Pleasure craft,416009179
/vessels/details/416005742,ELIZABETH,Pleasure craft,416005742
/vessels/details/416009408,NEPTUNE,Pleasure craft,416009408
/vessels/details/416005218,HYPER PACIFIC,Pleasure craft,416005218
/vessels/details/416009251,NESOI,Pleasure craft,416009251
/vessels/details/416009723,ARGO,Pleasure craft,416009723
/vessels/details/416004910,FLYCAT 3,Pleasure craft,416004910
/vessels/details/416006691,EXPEDITION,Pleasure craft,416006691
/vessels/details/416004983,HEBE,Pleasure craft,416004983
/vessels/details/416010069,CHENGYI HOTEL,Pleasure craft,416010069
/vessels/details/416005519,IRINA,Sailing vessel,416005519
/vessels/details/416012806,YACHT SUPERCAR 3,Pleasure craft,416012806
/vessels/details/416012807,YACHT SUPERCAR 5,Pleasure craft,416012807
/vessels/details/416006777,SYMPHONY,Pleasure craft,416006777
/vessels/details/416005009,PRINCESS NAMI,Pleasure craft,416005009
/vessels/details/416009124,MOWGLI,Sailing vessel,416009124
/vessels/details/416004781,DREAM ON THE ROAD,Pleasure craft,416004781
/vessels/details/416009356,ALIBANGBANG 1,Pleasure craft,416009356
/vessels/details/416010396,PP-10096,Pleasure craft,416010396
/vessels/details/416006781,NO1 YI FANG,Pleasure craft,416006781
/vessels/details/416004163,TIEN SUEI,Pleasure craft,416004163
/vessels/details/416003125,DUO LUO MAN,Pleasure craft,416003125
/vessels/details/416009429,LIANG LIANG,Pleasure craft,416009429
/vessels/details/416005701,HANA BEAUTY,Pleasure craft,416005701
/vessels/details/416008594,IRIS,Sailing vessel,416008594
/vessels/details/416003523,KUWIT,Pleasure craft,416003523
/vessels/details/416009546,FU RONG NO.7,Pleasure craft,416009546
/vessels/details/416009506,JHU MA BEI LA,Pleasure craft,416009506
/vessels/details/416009013,YUEHAI,Pleasure craft,416009013
/vessels/details/416013829,SIN SIANG FA,Pleasure craft,416013829
/vessels/details/416014623,861209,Pleasure craft,416014623
/vessels/details/416009169,TIAN LONG NO.169,Pleasure craft,416009169
/vessels/details/416006393,YU CHIH KUANG,Pleasure craft,416006393
/vessels/details/416013349,TAMAGOMARU,Pleasure craft,416013349
/vessels/details/416003788,SHUN DONG FA NO.26,Pleasure craft,416003788
/vessels/details/416008503,TT TRIPS,Sailing vessel,416008503
/vessels/details/416009211,AN TUNG,Pleasure craft,416009211
/vessels/details/416013545,RI CHU WAN,Pleasure craft,416013545
/vessels/details/416013195,V2,Pleasure craft,416013195
/vessels/details/416005527,FORMOSA OCEAN NO.1,Pleasure craft,416005527
/vessels/details/416011729,INA,Sailing vessel,416011729
/vessels/details/416013745,MINGJUN,Pleasure craft,416013745
/vessels/details/416014171,MILANO,Pleasure craft,416014171
/vessels/details/416010399,INFINTI,Pleasure craft,416010399
/vessels/details/416009268,ROSEMARY,Pleasure craft,416009268
/vessels/details/416009768,MORGAN,Pleasure craft,416009768
/vessels/details/416009407,JIN YIN DAO NO.12,Pleasure craft,416009407
/vessels/details/416005194,ASIA PACIFIC YACHT 1,Pleasure craft,416005194
/vessels/details/416009872,CTS-3392,Pleasure craft,416009872
/vessels/details/416014218,SYUAN HAI,Pleasure craft,416014218
/vessels/details/416003957,LING PO NO.68,Pleasure craft,416003957
/vessels/details/416013189,SOLAS,Pleasure craft,416013189
/vessels/details/416009374,YACHT NO.2,Pleasure craft,416009374
/vessels/details/416009137,NO.1 DREAMER,Pleasure craft,416009137
/vessels/details/416244900,HAE YANG FWU SHING,Pleasure craft,416244900
/vessels/details/416013743,ZERO,Pleasure craft,416013743
/vessels/details/416007486,HAO WANG JIAO,Pleasure craft,416007486
/vessels/details/416005232,PO SAI TUNG,Pleasure craft,416005232
/vessels/details/416000589,JIIN FENG SHUENN NO6,Pleasure craft,416000589
/vessels/details/416004686,TSU HUEI TEMPLE NO.1,Pleasure craft,416004686
/vessels/details/416016844,965263,Pleasure craft,416016844
/vessels/details/416009747,HIGHLIGHT 1,Pleasure craft,416009747
/vessels/details/416009291,QIANYANG HOWL,Sailing vessel,416009291
/vessels/details/416007161,CELIA,Pleasure craft,416007161
/vessels/details/416009645,SKY WALKER,Pleasure craft,416009645
/vessels/details/416005684,DIRTYOLDMAN,Pleasure craft,416005684
/vessels/details/416013795,CAIPAIDUBI,Pleasure craft,416013795
/vessels/details/416014792,NEW PRICE,Pleasure craft,416014792
/vessels/details/416000076,BUTTERFLY PRIOCES,Pleasure craft,416000076
/vessels/details/416015219,NO.1314,Pleasure craft,416015219
/vessels/details/416015422,NING MENG GUO DONG 1,Pleasure craft,416015422
/vessels/details/416010074,ENVIRONMENTALFRIENDY,Pleasure craft,416010074
/vessels/details/416006299,MING YANG,Pleasure craft,416006299
/vessels/details/416004116,DONG SHINN,Pleasure craft,416004116
/vessels/details/416005561,ALEXANDER,Pleasure craft,416005561
/vessels/details/416009587,YUAN CHI,Pleasure craft,416009587
/vessels/details/416013338,THOUSAND MILES NO.1,Pleasure craft,416013338
/vessels/details/416155111,AA,Sailing vessel,416155111
/vessels/details/416013732,SEAWORLD,Pleasure craft,416013732
/vessels/details/416002929,RUEY CHUEN NO.2,Pleasure craft,416002929
/vessels/details/416004488,LITTLE SUNNY DAY,Sailing vessel,416004488
/vessels/details/416188188,HONG QI 166,Pleasure craft,416188188
/vessels/details/416062008,BOATNO.927464-08-40,Pleasure craft,416062008
/vessels/details/416009477,OCEANJOY,Pleasure craft,416009477
/vessels/details/416013225,YUNG SHENG,Pleasure craft,416013225
/vessels/details/416013833,FRESH,Pleasure craft,416013833
/vessels/details/416062009,BOATNO.927464-09-44,Pleasure craft,416062009
/vessels/details/416013237,LUO MENG,Pleasure craft,416013237
/vessels/details/416014127,SERENITY STAR,Pleasure craft,416014127
/vessels/details/416009089,FU CHI LA,Pleasure craft,416009089
/vessels/details/416013023,MYTH,Pleasure craft,416013023
/vessels/details/416009638,SHANG HUA,Pleasure craft,416009638
/vessels/details/416013735,DRAGONFLY,Pleasure craft,416013735
/vessels/details/416062004,BOATNO.927464-04-48,Pleasure craft,416062004
/vessels/details/416005172,ASIA PACIFIC 2,Pleasure craft,416005172
/vessels/details/416013483,AGUARIUS,Pleasure craft,416013483
/vessels/details/416011594,CRANCHI,Pleasure craft,416011594
/vessels/details/416005026,AURA,Pleasure craft,416005026
/vessels/details/416009039,BRAVE,Pleasure craft,416009039
/vessels/details/416010338,SMILING DOLPHIN,Pleasure craft,416010338
/vessels/details/416009087,DAWN PATROL,Sailing vessel,416009087
/vessels/details/416013516,SHIIRAMARU,Pleasure craft,416013516
/vessels/details/416002078,SHIN MING SHIN,Pleasure craft,416002078
/vessels/details/416000769,KLE,Pleasure craft,416000769
/vessels/details/416005555,MAN-STRONG,Sailing vessel,416005555
/vessels/details/416013739,GISINFOTONO.6,Pleasure craft,416013739
/vessels/details/416009334,SHIN SHUENN HARNG,Pleasure craft,416009334
/vessels/details/416010431,DANDELION,Sailing vessel,416010431
/vessels/details/416011748,GOLDEN DIAMOND NO.16,Pleasure craft,416011748
/vessels/details/416005443,DRAW TEA,Sailing vessel,416005443
/vessels/details/416006591,CTS9572,Pleasure craft,416006591
/vessels/details/416013539,SHIH CHIA,Pleasure craft,416013539
/vessels/details/416015224,YACHT SUPERCAR NO.9,Pleasure craft,416015224
/vessels/details/416005059,BESTIE,Pleasure craft,416005059
/vessels/details/416004483,LIANG JIN NO.1,Pleasure craft,416004483
/vessels/details/416009338,LE YOU,Pleasure craft,416009338
/vessels/details/416010133,MASO JASON 2,Pleasure craft,416010133
/vessels/details/416009337,HELA,Pleasure craft,416009337
/vessels/details/416005888,HAI FA CAI NO12,Pleasure craft,416005888
/vessels/details/416004897,BEAUTY ADA,Pleasure craft,416004897
/vessels/details/416005834,AU YOU SZ HAI,Pleasure craft,416005834
/vessels/details/416010401,FREEMAN,Sailing vessel,416010401
/vessels/details/416010347,VIGOR,Sailing vessel,416010347
/vessels/details/416004633,MOWGLI,Pleasure craft,416004633
/vessels/details/416008868,FLORA,Pleasure craft,416008868
/vessels/details/416004699,RIDGE RIDER,Pleasure craft,416004699
/vessels/details/416015222,YACHT SUPERCAR NO.7,Pleasure craft,416015222
/vessels/details/416009367,HEIMAYUYEH NO.8,Pleasure craft,416009367
/vessels/details/416006711,LABRAY,Pleasure craft,416006711
/vessels/details/416008943,FOUR SEASONS,Pleasure craft,416008943
/vessels/details/416000064,BUTTERFLY PRIOCES,Pleasure craft,416000064
/vessels/details/416004789,EAGLE.1,Pleasure craft,416004789
/vessels/details/416013348,JAGUAR,Pleasure craft,416013348
/vessels/details/416005333,MELITE,Pleasure craft,416005333
/vessels/details/416015904,981393,Pleasure craft,416015904
/vessels/details/416005604,WELLY MARINE,Pleasure craft,416005604
/vessels/details/416009663,AUTUMN GLORY,Pleasure craft,416009663
/vessels/details/416013763,CARAVANTURE,Pleasure craft,416013763
/vessels/details/416013773,DATANGNO.1,Pleasure craft,416013773
/vessels/details/416009464,WEILING,Pleasure craft,416009464
/vessels/details/416012459,FLYING TIGER NO.168,Pleasure craft,416012459
/vessels/details/416006844,XIN HONG,Pleasure craft,416006844
/vessels/details/416013728,G BAO,Pleasure craft,416013728
/vessels/details/416004823,CHYVAN YFMLDOD,Sailing vessel,416004823
/vessels/details/416004911,AQUINUVE,Sailing vessel,416004911
/vessels/details/416008958,MACONDO,Sailing vessel,416008958
/vessels/details/416006612,HILARY,Pleasure craft,416006612
/vessels/details/416016344,860450,Pleasure craft,416016344
/vessels/details/416005117,SHING HAE CHWAN SHUO,Pleasure craft,416005117
/vessels/details/416004515,BA DI KE LAI,Pleasure craft,416004515
/vessels/details/416008956,NIK,Pleasure craft,416008956
/vessels/details/416014229,HAI AN NO.3,Pleasure craft,416014229
/vessels/details/416013534,TWILIGHT,Pleasure craft,416013534
/vessels/details/416014037,RONG CHENG,Pleasure craft,416014037
/vessels/details/416005905,REN YU HAI,Pleasure craft,416005905
/vessels/details/416009553,UNCLES ROMANCE NO.1,Pleasure craft,416009553
/vessels/details/416003312,YA DIAO NO.3,Pleasure craft,416003312
/vessels/details/416009371,WARHAWK A,Sailing vessel,416009371
/vessels/details/416009696,861327,Pleasure craft,416009696
/vessels/details/416007198,SUPER INTERESTING,Pleasure craft,416007198
/vessels/details/416013755,YULENO.33,Pleasure craft,416013755
/vessels/details/416009158,VIVIAN,Pleasure craft,416009158
/vessels/details/416013447,HSIEN YU,Pleasure craft,416013447
/vessels/details/416007982,SANDA,Pleasure craft,416007982
/vessels/details/416004573,HONG DAO,Pleasure craft,416004573
/vessels/details/416012753,WAVES BREAKER,Sailing vessel,416012753
/vessels/details/416009943,CTS-7347,Pleasure craft,416009943
/vessels/details/416009189,DAI CHUN,Pleasure craft,416009189
/vessels/details/416012637,LUCKY GARDEN,Pleasure craft,416012637
/vessels/details/416000072,BUTTERFLY PRINCESS,Pleasure craft,416000072
/vessels/details/416012539,HEROWELL,Pleasure craft,416012539
/vessels/details/416004385,BETTY,Sailing vessel,416004385
/vessels/details/416005181,MASAO,Pleasure craft,416005181
/vessels/details/416005257,EGGY1,Pleasure craft,416005257
/vessels/details/416005989,TOPSAIL,Sailing vessel,416005989
/vessels/details/416009121,BROTHER ALANG,Pleasure craft,416009121
/vessels/details/416004517,SEA OF GALILEE,Pleasure craft,416004517
/vessels/details/416005496,DEG,Pleasure craft,416005496
/vessels/details/416006783,SING LONG,Pleasure craft,416006783
/vessels/details/416013202,LAI LAI,Pleasure craft,416013202
/vessels/details/416015919,CANAL LINK,Pleasure craft,416015919
/vessels/details/416013224,YUJUN,Pleasure craft,416013224
/vessels/details/416007682,SEVENANGELS,Pleasure craft,416007682
/vessels/details/416013499,SUNPOWER,Pleasure craft,416013499
/vessels/details/416014132,BLUESEAII,Sailing vessel,416014132
/vessels/details/416008821,SUN BELLA,Pleasure craft,416008821
/vessels/details/416004987,SOPHIE,Pleasure craft,416004987
/vessels/details/416013897,HSU FENH NO.888,Pleasure craft,416013897
/vessels/details/416013511,DESTINED,Pleasure craft,416013511
/vessels/details/416009761,FALESIA,Pleasure craft,416009761
/vessels/details/416866888,TAIFU,Sailing vessel,416866888
/vessels/details/416006848,WEN CHENG,Pleasure craft,416006848
/vessels/details/416005732,TSAE YEU YA SET,Pleasure craft,416005732
/vessels/details/416005140,JIEAN168,Pleasure craft,416005140
/vessels/details/416011593,A-DA,Pleasure craft,416011593
/vessels/details/416006158,POSEIDON NO.7,Pleasure craft,416006158
/vessels/details/416010336,OCEAN BEAUTY,Pleasure craft,416010336
/vessels/details/416009671,971220,Pleasure craft,416009671
/vessels/details/416013707,JHUAN-YE NO.1,Pleasure craft,416013707
/vessels/details/416006676,RED FORCE,Pleasure craft,416006676
/vessels/details/416013903,TARZAN NO.2,Pleasure craft,416013903
/vessels/details/416009952,CTS-7426,Pleasure craft,416009952
/vessels/details/416012314,AGOSTO,Pleasure craft,416012314
/vessels/details/416745689,59163,Pleasure craft,416745689
/vessels/details/416012739,PRINCESS WAN MEI,Sailing vessel,416012739
/vessels/details/416004655,FISH PRINCE,Pleasure craft,416004655
/vessels/details/416130000,4161-3187,Pleasure craft,416130000
/vessels/details/416013934,LAN SE JI-BEI,Pleasure craft,416013934
/vessels/details/416005413,PONYO,Sailing vessel,416005413
/vessels/details/416013762,JINGTAN,Pleasure craft,416013762
/vessels/details/416014211,TSUNG CHUNG NO.2,Pleasure craft,416014211
/vessels/details/416006759,JUSTIN,Pleasure craft,416006759
/vessels/details/416014131,MABEL,Pleasure craft,416014131
/vessels/details/416006899,YIH SHING,Pleasure craft,416006899
/vessels/details/416014198,SIN SIAN FONG,Pleasure craft,416014198
/vessels/details/416013749,SHANGAN,Pleasure craft,416013749
/vessels/details/416013859,HUNG HAI,Pleasure craft,416013859
/vessels/details/416012046,BIG 0,Pleasure craft,416012046
/vessels/details/416005634,ATTRACTION,Pleasure craft,416005634
/vessels/details/416004374,JING YANG,Pleasure craft,416004374
/vessels/details/416006446,DE YI 9,Pleasure craft,416006446
/vessels/details/416092102,FUCK 5678,Pleasure craft,416092102
/vessels/details/416012296,HYGGE 55,Sailing vessel,416012296
/vessels/details/416014202,SIANG DONG,Pleasure craft,416014202
/vessels/details/416015221,YACHT SUPERCAR NO.6,Pleasure craft,416015221
/vessels/details/416003732,WALTZ,Pleasure craft,416003732
/vessels/details/416005906,CHING SHA NO.66,Pleasure craft,416005906
/vessels/details/416014254,HAIFU NO.6,Pleasure craft,416014254
/vessels/details/416006876,JIN HE QUAN NO.7,Pleasure craft,416006876
/vessels/details/416005979,AIRLEE NO.2,Pleasure craft,416005979
/vessels/details/416004788,KIMPA NUMBER ONE,Pleasure craft,416004788
/vessels/details/416013537,DELIGHTFUL NAVIGATOR,Pleasure craft,416013537
/vessels/details/416008411,OCEAN BREEZE,Pleasure craft,416008411
/vessels/details/416106214,FANTASEA,Sailing vessel,416106214
/vessels/details/416009113,FREYBE 1,Sailing vessel,416009113
/vessels/details/416011166,BEND CUPBOARD NO.1,Pleasure craft,416011166
/vessels/details/416014062,GONGYUN,Pleasure craft,416014062
/vessels/details/416013358,REEL FUN,Pleasure craft,416013358
/vessels/details/416900001,YONG CHU 66,Pleasure craft,416900001
/vessels/details/416003602,JYILIHFENG NO.1,Pleasure craft,416003602
/vessels/details/416005432,XANADU,Pleasure craft,416005432
/vessels/details/416012588,FORWAED TO JIEHAI,Pleasure craft,416012588
/vessels/details/416004447,HAE YANG NENG YUAN 1,Pleasure craft,416004447
/vessels/details/416009329,JEWEL JUNIOR,Sailing vessel,416009329
/vessels/details/416006867,CHANG SHIN,Pleasure craft,416006867
/vessels/details/416010073,BLUESKYNO.8,Pleasure craft,416010073
/vessels/details/416005280,SILVER SWORD MOONLIG,Pleasure craft,416005280
/vessels/details/416006159,HAIZHONGFA,Pleasure craft,416006159
/vessels/details/416007459,FONGYUTING,Pleasure craft,416007459
/vessels/details/416009092,CALIFORNIA,Pleasure craft,416009092
/vessels/details/416007441,LIESURELY CHI,Pleasure craft,416007441
/vessels/details/416004731,CUTE,Pleasure craft,416004731
/vessels/details/416015185,BATEAU CEZANNE,Pleasure craft,416015185
/vessels/details/416008979,ONLY NO.1,Pleasure craft,416008979
/vessels/details/416014971,NO.1JETSEA,Pleasure craft,416014971
/vessels/details/416009135,YOUZHONG,Pleasure craft,416009135
/vessels/details/416013379,BA BUH,Pleasure craft,416013379
/vessels/details/416010462,POWER,Pleasure craft,416010462
/vessels/details/416043333,QUANG 29 D9,Pleasure craft,416043333
/vessels/details/416004625,CHENG CHENG,Pleasure craft,416004625
/vessels/details/416004541,LOVESEA HI FUN,Pleasure craft,416004541
/vessels/details/416013186,CIAN CIAN,Pleasure craft,416013186
/vessels/details/416207500,YU SHAN 366,Pleasure craft,416207500
/vessels/details/416004622,HUNTER,Pleasure craft,416004622
/vessels/details/416067043,FENG LI 3,Pleasure craft,416067043
/vessels/details/416009105,KAREN,Pleasure craft,416009105
/vessels/details/416005361,DREAMCATCHER,Sailing vessel,416005361
/vessels/details/416010075,928247,Pleasure craft,416010075
/vessels/details/416012813,ZHI BO ZHU ZHI LUAN,Pleasure craft,416012813
/vessels/details/416013758,VIENTO,Sailing vessel,416013758
/vessels/details/416005434,000,Pleasure craft,416005434
/vessels/details/416006847,FAN ZHA LAI,Pleasure craft,416006847
/vessels/details/416009133,DRAGON PHOENIX,Pleasure craft,416009133
/vessels/details/416012583,GUPPY,Pleasure craft,416012583
/vessels/details/416066888,TAN LI NO.168,Pleasure craft,416066888
/vessels/details/416005621,JIE PENG NO.2,Pleasure craft,416005621
/vessels/details/416013481,OCEANPRINCESS,Pleasure craft,416013481
/vessels/details/416005415,INDIGO STAR,Sailing vessel,416005415
/vessels/details/416004673,SHOU HONG NO.1,Pleasure craft,416004673
/vessels/details/416013372,AGLAIA,Pleasure craft,416013372
/vessels/details/416013935,CANCER STAR NO.12,Pleasure craft,416013935
/vessels/details/416009032,YU JHIH AI,Pleasure craft,416009032
/vessels/details/416011749,PON PON,Pleasure craft,416011749
/vessels/details/416008378,DON JEN 9,Pleasure craft,416008378
/vessels/details/416013761,SUNRISE1,Pleasure craft,416013761
/vessels/details/416003738,SNIN HORNG PERNG,Pleasure craft,416003738
/vessels/details/416001717,JIH GINN FUH NO.8,Pleasure craft,416001717
/vessels/details/416421398,3,Pleasure craft,416421398
/vessels/details/416008875,WU NONG,Pleasure craft,416008875
/vessels/details/416013531,JINJILI,Pleasure craft,416013531
/vessels/details/416004174,LULU,Sailing vessel,416004174
/vessels/details/416010353,VIVELAVIE,Pleasure craft,416010353
/vessels/details/416004748,HIGH CASTLE,Pleasure craft,416004748
/vessels/details/416005576,FLYING,Pleasure craft,416005576
/vessels/details/416009375,YACHT NO.3,Pleasure craft,416009375
/vessels/details/416009383,ZHENGDA NO.7,Pleasure craft,416009383
/vessels/details/416013886,CHIN MAN,Pleasure craft,416013886
/vessels/details/416005258,A GOOD DAY,Sailing vessel,416005258
/vessels/details/416008582,TEFITI,Sailing vessel,416008582
/vessels/details/416010341,AUK,Pleasure craft,416010341
/vessels/details/416009415,WIND WAVE OCEAN,Pleasure craft,416009415
/vessels/details/416012822,HYDROYACHT,Pleasure craft,416012822
/vessels/details/416015223,YACHT SUPERCAR NO.8,Pleasure craft,416015223
/vessels/details/416002351,MEEI DER,Pleasure craft,416002351
/vessels/details/416003201,YU REN NO.6,Pleasure craft,416003201
/vessels/details/416009098,CHUN AN,Pleasure craft,416009098
/vessels/details/416013515,YONGXINGNO.3,Pleasure craft,416013515
/vessels/details/416004875,RUI YU,Pleasure craft,416004875
/vessels/details/416014884,924566,Pleasure craft,416014884
/vessels/details/416013785,CORONA,Pleasure craft,416013785
/vessels/details/416009667,HORNG CHYUAN NO.168,Pleasure craft,416009667
/vessels/details/416008091,HI WING II,Pleasure craft,416008091
/vessels/details/416013187,THOUSAND MILES NO.8,Pleasure craft,416013187
/vessels/details/416062010,BOATNO.927464-10-44,Pleasure craft,416062010
/vessels/details/416008928,HAISHUNLI NO.168,Pleasure craft,416008928
/vessels/details/416013793,TAOSEN,Pleasure craft,416013793
/vessels/details/416009333,YOU YUEQING,Pleasure craft,416009333
/vessels/details/416013377,UNCLE JOHN,Pleasure craft,416013377
/vessels/details/416005435,NICK,Pleasure craft,416005435
/vessels/details/416013314,MOS,Sailing vessel,416013314
/vessels/details/416012989,PINETREELAKENO.1,Pleasure craft,416012989
/vessels/details/416005386,BIN LIH,Pleasure craft,416005386
/vessels/details/416009058,ANDIAMO,Pleasure craft,416009058
/vessels/details/416016323,KENTUCKY ENGLISH,Pleasure craft,416016323
/vessels/details/416009246,RUI HONG NO.1,Pleasure craft,416009246
/vessels/details/416485000,IMPRESSION,Sailing vessel,416485000
/vessels/details/416004508,SI DUO,Pleasure craft,416004508
/vessels/details/416008967,DECKEN,Pleasure craft,416008967
/vessels/details/416013989,HONG XIN,Pleasure craft,416013989
/vessels/details/416005480,BEAUTIFUL,Pleasure craft,416005480
/vessels/details/416006764,JIN FA TSAI NO168,Pleasure craft,416006764
/vessels/details/416011977,LAN JING MA LA SONG,Pleasure craft,416011977
/vessels/details/416012575,MORNINGSTARBOATS,Pleasure craft,416012575
/vessels/details/416003619,LUDONYU60036-19-94,Pleasure craft,416003619
/vessels/details/416399556,HS662385,Pleasure craft,416399556
/vessels/details/416014238,CHIH MA NO.3,Pleasure craft,416014238
/vessels/details/416013764,TZUHSIANG,Pleasure craft,416013764
/vessels/details/416012306,STONE MAN,Pleasure craft,416012306
/vessels/details/416009091,DRAGON KING,Pleasure craft,416009091
/vessels/details/416013442,RENA,Pleasure craft,416013442
/vessels/details/416003298,JIAN TZAY FA NO.7,Pleasure craft,416003298
/vessels/details/416009478,EMPEROR,Pleasure craft,416009478
/vessels/details/416009136,CHI CHI FAIRY,Pleasure craft,416009136
/vessels/details/416003731,ALWAYS SUNSHINE,Sailing vessel,416003731
/vessels/details/416013708,GUSHANNO.1,Pleasure craft,416013708
/vessels/details/416005497,ISIS WINGS,Sailing vessel,416005497
/vessels/details/416013025,WAVE DAMAGER,Pleasure craft,416013025
/vessels/details/416001121,CHARNG MING NO3,Pleasure craft,416001121
/vessels/details/416005982,HAI TING YU SHUO,Pleasure craft,416005982
/vessels/details/416016877,GOD OF WAR,Pleasure craft,416016877
/vessels/details/416008484,KIMPA NUMBER 66,Pleasure craft,416008484
/vessels/details/416013926,DA CHIAN,Pleasure craft,416013926
/vessels/details/416004381,MING FA NO.8,Pleasure craft,416004381
/vessels/details/416004649,YACHT NAME,Pleasure craft,416004649
/vessels/details/416006495,HONG SHUN NO.3,Pleasure craft,416006495
/vessels/details/416009448,SHENG KE,Pleasure craft,416009448
/vessels/details/416071881,LAILAI,Pleasure craft,416071881
/vessels/details/416010859,YANG FAN,Pleasure craft,416010859
/vessels/details/416009344,SUN XING,Pleasure craft,416009344
/vessels/details/416003519,HORNG TSAE TOUR 6,Pleasure craft,416003519
/vessels/details/416005675,HPF,Sailing vessel,416005675
/vessels/details/416012983,THETIS,Pleasure craft,416012983
/vessels/details/416013543,YUJIN,Pleasure craft,416013543
/vessels/details/416013564,YUAN CHI WANG TZU,Pleasure craft,416013564
/vessels/details/416777777,PADDY SAM,Pleasure craft,416777777
/vessels/details/416010463,GRAND UNION,Pleasure craft,416010463
/vessels/details/416013591,CT 0-009570,Pleasure craft,416013591
/vessels/details/416013368,FAR AHEAD,Pleasure craft,416013368
/vessels/details/416012791,HWANGJIACHYIBING168,Pleasure craft,416012791
/vessels/details/416005578,JIN MING,Pleasure craft,416005578
/vessels/details/416003313,DONGBU SHANG JINGNO1,Pleasure craft,416003313
/vessels/details/416009282,YAS,Pleasure craft,416009282
/vessels/details/416004959,915105,Pleasure craft,416004959
/vessels/details/416014186,YUAN FA NO.8,Pleasure craft,416014186
/vessels/details/416013437,WEI LAN ZHI HAI,Pleasure craft,416013437
/vessels/details/416009451,ANGELINA,Pleasure craft,416009451
/vessels/details/416013984,CHI GUI,Pleasure craft,416013984
/vessels/details/416005586,JULIA,Pleasure craft,416005586
/vessels/details/416006514,SHANGRI-LA,Pleasure craft,416006514
/vessels/details/416006161,CHIANG JI MIAN XIAN,Pleasure craft,416006161
/vessels/details/416010017,CTS-9884,Pleasure craft,416010017
/vessels/details/416013438,LI-XIN,Pleasure craft,416013438
/vessels/details/416004538,OCEAN CONCERTO,Sailing vessel,416004538
/vessels/details/416013153,HA KUO,Pleasure craft,416013153
/vessels/details/416009348,CORAL SEA,Pleasure craft,416009348
/vessels/details/416009416,FLYER TOTO,Pleasure craft,416009416
/vessels/details/416004926,ABVENTURE,Pleasure craft,416004926
/vessels/details/416009385,LIGHTTRAVEL,Pleasure craft,416009385
/vessels/details/416013375,WOLF,Pleasure craft,416013375
/vessels/details/416015645,MEICHEN,Pleasure craft,416015645
/vessels/details/416013823,951627,Sailing vessel,416013823
/vessels/details/416004991,HAI AN NO.1,Pleasure craft,416004991
/vessels/details/416009007,TACHIKAWA,Pleasure craft,416009007
/vessels/details/416014393,SIN MAN FU,Pleasure craft,416014393
/vessels/details/416009176,E BA,Pleasure craft,416009176
/vessels/details/416010499,KTER,Pleasure craft,416010499
/vessels/details/416005919,CROSSOCEAN 123,Pleasure craft,416005919
/vessels/details/416009238,ZHENGDA NO.168,Pleasure craft,416009238
/vessels/details/416005533,DAINTY,Pleasure craft,416005533
/vessels/details/416009735,C016718,Pleasure craft,416009735
/vessels/details/416010511,HONG SHUN NO.8,Pleasure craft,416010511
/vessels/details/416013744,REDANT,Pleasure craft,416013744
/vessels/details/416013538,SUNG TA,Pleasure craft,416013538
/vessels/details/416005449,LABRISE,Sailing vessel,416005449
/vessels/details/416013806,HAIYANG WEIFONG NO.2,Pleasure craft,416013806
/vessels/details/416013551,HE PING NO.9757,Pleasure craft,416013551
/vessels/details/416005712,BREEZE NO.1,Pleasure craft,416005712
/vessels/details/416013313,SOUTHERN CROSS,Pleasure craft,416013313
/vessels/details/416009274,LEGEND 2,Pleasure craft,416009274
/vessels/details/416013361,WIEN,Pleasure craft,416013361
/vessels/details/416005138,QUEEN TIFFANY,Sailing vessel,416005138
/vessels/details/416558959,HAILIN999,Pleasure craft,416558959
/vessels/details/416009765,HSING HANG,Pleasure craft,416009765
/vessels/details/416005084,KAI TUO JHE 1,Pleasure craft,416005084
/vessels/details/416009225,981422,Pleasure craft,416009225
/vessels/details/416005485,SAKURA,Pleasure craft,416005485
/vessels/details/416015016,TAI RONG,Pleasure craft,416015016
/vessels/details/416013262,IRIDIUM RHENIUM,Pleasure craft,416013262
/vessels/details/416009247,SHIYUUSHANTEMPLE,Pleasure craft,416009247
/vessels/details/416008416,SOUTH STAR,Pleasure craft,416008416
/vessels/details/416014032,SIANG JHENG,Pleasure craft,416014032
/vessels/details/416006882,SHEAU SHYONG,Pleasure craft,416006882
/vessels/details/416005822,LI SEA,Pleasure craft,416005822
/vessels/details/416005240,CONQUEROR,Pleasure craft,416005240
/vessels/details/416007506,FENG HE,Pleasure craft,416007506
/vessels/details/416014006,FOOC SHENG DA,Pleasure craft,416014006
/vessels/details/416009421,WAVE NO.9,Pleasure craft,416009421
/vessels/details/416014298,JULIET,Pleasure craft,416014298
/vessels/details/416010131,YOW SHING NO.21,Pleasure craft,416010131
/vessels/details/416009373,YACHT NO.1,Pleasure craft,416009373
/vessels/details/416067169,CTR-CW0634,Pleasure craft,416067169
/vessels/details/416014526,NTONE,Pleasure craft,416014526
/vessels/details/416013321,SEA SUNNY,Pleasure craft,416013321
/vessels/details/416009966,CTS-7732,Pleasure craft,416009966
/vessels/details/416007258,HONG ZHE,Pleasure craft,416007258
/vessels/details/416004329,416004329,Pleasure craft,416004329
/vessels/details/416013781,SPRING FAVOR,Pleasure craft,416013781
/vessels/details/416009123,OPENHERO,Pleasure craft,416009123
/vessels/details/416012984,SEABEASTHUNTER,Pleasure craft,416012984
/vessels/details/416009361,CORALLIUM,Pleasure craft,416009361
/vessels/details/416007507,JETSKITW,Pleasure craft,416007507
/vessels/details/416005154,ANJANIER,Pleasure craft,416005154
/vessels/details/416013359,THOUSAND MILES NO.6,Pleasure craft,416013359
/vessels/details/416013794,928325,Pleasure craft,416013794
/vessels/details/416014786,DE MAI NO.1264,Pleasure craft,416014786
/vessels/details/416011168,AURORA DAWN 2,Pleasure craft,416011168
/vessels/details/416667808,QIONGLINYU,Pleasure craft,416667808
/vessels/details/416013323,FU LAI EN,Pleasure craft,416013323
/vessels/details/416008929,WARHAWK E,Sailing vessel,416008929
/vessels/details/416005529,XIN YOUG TAI NO.21,Pleasure craft,416005529
/vessels/details/416013524,HE YOU,Pleasure craft,416013524
/vessels/details/416000515,MAN I FENG NO.2,Pleasure craft,416000515
/vessels/details/416012568,HEYU NO.189,Pleasure craft,416012568
/vessels/details/416005057,ROSELLA,Pleasure craft,416005057
/vessels/details/416002699,FLY LALA,Sailing vessel,416002699
/vessels/details/416008901,WEIRDO FREEDIVING,Pleasure craft,416008901
/vessels/details/416005775,TOUCAN,Sailing vessel,416005775
/vessels/details/416014341,ABALONE,Pleasure craft,416014341
/vessels/details/416017223,NTOU HSIANG YANG 1,Pleasure craft,416017223
/vessels/details/416013485,SWEI CHENG,Pleasure craft,416013485
/vessels/details/416004587,FALCON,Pleasure craft,416004587
/vessels/details/416062007,BOATNO.927464-07-44,Pleasure craft,416062007
/vessels/details/416005917,TUO JING,Pleasure craft,416005917
/vessels/details/416009452,HAPPYNIBO,Pleasure craft,416009452
/vessels/details/416000023,SH123,Pleasure craft,416000023
/vessels/details/416008914,SIRENIA,Pleasure craft,416008914
/vessels/details/416006681,SIN HANG HU JING,Pleasure craft,416006681
/vessels/details/416013865,CHING HAI YU,Pleasure craft,416013865
/vessels/details/416014785,POSEIDON NO.777,Pleasure craft,416014785
/vessels/details/416015218,ROYAL GUEST,Pleasure craft,416015218
/vessels/details/416014408,JIN FA CAI NO.2,Pleasure craft,416014408
/vessels/details/416012318,FLAVIA,Pleasure craft,416012318
/vessels/details/416013699,KINDNESS,Pleasure craft,416013699
/vessels/details/416011664,WARHAWK M,Sailing vessel,416011664
/vessels/details/416013198,THETIS,Pleasure craft,416013198
/vessels/details/416004547,SHIAN MING NO.168,Pleasure craft,416004547
/vessels/details/416008954,JINN FWU NO.168,Pleasure craft,416008954
/vessels/details/416000524,LINE FENG YI NO21,Pleasure craft,416000524
/vessels/details/416004988,YUJIAHAO,Pleasure craft,416004988
/vessels/details/416008957,COSMOS B612,Sailing vessel,416008957
/vessels/details/416005163,AU YOU SZ HAI NO3,Pleasure craft,416005163
/vessels/details/416006712,BAO LONG,Pleasure craft,416006712
/vessels/details/416013365,C S CHEN,Pleasure craft,416013365
/vessels/details/416013796,928329,Pleasure craft,416013796
/vessels/details/416014423,NIAO RI MAN,Pleasure craft,416014423
/vessels/details/416013045,910700,Pleasure craft,416013045
/vessels/details/416013533,JACK.YUN.C,Pleasure craft,416013533
/vessels/details/416170701,SHIN FON,Pleasure craft,416170701
/vessels/details/416013868,SHENG AI NO.2,Pleasure craft,416013868
/vessels/details/416012042,965780,Pleasure craft,416012042
/vessels/details/416013514,JAMES FAMILY,Pleasure craft,416013514
/vessels/details/416013569,SHUN FENG,Pleasure craft,416013569
/vessels/details/416013872,AN HE SHUN NO.66,Pleasure craft,416013872
/vessels/details/416008975,ROOSTERAT,Pleasure craft,416008975
/vessels/details/416014627,861263,Pleasure craft,416014627
/vessels/details/416002148,SIOG EAN YI,Pleasure craft,416002148
/vessels/details/416009111,JIN HAI SYUN NO 2007,Pleasure craft,416009111
/vessels/details/416006983,LING HANG WA JIA 1,Pleasure craft,416006983
/vessels/details/416007426,SARU,Pleasure craft,416007426
/vessels/details/416012656,OCEAN GOOD,Pleasure craft,416012656
/vessels/details/416009132,WISH,Pleasure craft,416009132
/vessels/details/416008872,FU GUEI,Pleasure craft,416008872
/vessels/details/416006505,LING YUE,Pleasure craft,416006505
/vessels/details/416789456,46299,Pleasure craft,416789456
/vessels/details/416004608,INCREDIBLE TPE 280,Sailing vessel,416004608
/vessels/details/416009439,ZHENGDA,Pleasure craft,416009439
/vessels/details/416575757,HOSM AIS TEST,Pleasure craft,416575757
/vessels/details/416013999,HUO FA NO.6,Pleasure craft,416013999
/vessels/details/416005985,JESSIE,Pleasure craft,416005985
/vessels/details/416008898,HAI REN NO.6,Pleasure craft,416008898
/vessels/details/416009002,MINTROCEAN 1,Sailing vessel,416009002
/vessels/details/416013467,CARLS VISION,Pleasure craft,416013467
/vessels/details/416003935,SHUENN SHENQ FENG,Pleasure craft,416003935
/vessels/details/416006268,PIN TONG,Pleasure craft,416006268
/vessels/details/416008485,KIMPA NUMBER 88,Pleasure craft,416008485
/vessels/details/416012804,YACHT SUPERCAR 1,Pleasure craft,416012804
/vessels/details/416011608,PP-3528,Law enforcment,416011608
/vessels/details/416004196,PP-10037,Law enforcment,416004196
/vessels/details/416005491,924689,Law enforcment,416005491
/vessels/details/416003000,CG 129,Law enforcment,416003000
/vessels/details/416008031,PP-10088,Law enforcment,416008031
/vessels/details/416144800,PP 3575,Law enforcment,416144800
/vessels/details/416009453,PP-10093,Law enforcment,416009453
/vessels/details/416005320,PP-10069,Law enforcment,416005320
/vessels/details/416256600,CG609,Law enforcment,416256600
/vessels/details/416047800,PP-3536,Law enforcment,416047800
/vessels/details/416005065,PP10061,Law enforcment,416005065
/vessels/details/416049500,PP 3555,Law enforcment,416049500
/vessels/details/416939000,HAI LIANG,Law enforcment,416939000
/vessels/details/416474000,CG-127,Law enforcment,416474000
/vessels/details/416937000,HAI EN,Law enforcment,416937000
/vessels/details/416002562,C. L. 934,Law enforcment,416002562
/vessels/details/416005516,TZU HANG,Medical,416005516
/vessels/details/416004821,PP-10053,Law enforcment,416004821
/vessels/details/416008639,PP-10090,Law enforcment,416008639
/vessels/details/416007464,PP-3503,Law enforcment,416007464
/vessels/details/416008878,KAO P62,Law enforcment,416008878
/vessels/details/416049600,PP-3556,Law enforcment,416049600
/vessels/details/416005207,PP-10065,Law enforcment,416005207
/vessels/details/416005946,PP-10073,Law enforcment,416005946
/vessels/details/416006956,CG605,Law enforcment,416006956
/vessels/details/416009469,CG610,Law enforcment,416009469
/vessels/details/416006794,CG1005,Law enforcment,416006794
/vessels/details/416005246,KAO P57,Law enforcment,416005246
/vessels/details/416145600,PP 3578,Law enforcment,416145600
/vessels/details/416011607,PP-3527,Law enforcment,416011607
/vessels/details/416255600,CG607,Law enforcment,416255600
/vessels/details/416005013,PP-10060,Law enforcment,416005013
/vessels/details/416002000,CG 128,Law enforcment,416002000
/vessels/details/416006793,CG1002,Law enforcment,416006793
/vessels/details/416006205,CG601,Law enforcment,416006205
/vessels/details/416007000,CG132,Law enforcment,416007000
/vessels/details/416002558,CL931,Law enforcment,416002558
/vessels/details/416008965,PP-3510,Law enforcment,416008965
/vessels/details/416009086,PP-3513,Law enforcment,416009086
/vessels/details/416179700,PP-10031,Law enforcment,416179700
/vessels/details/416013936,CG613,Law enforcment,416013936
/vessels/details/416011611,PP-3530,Law enforcment,416011611
/vessels/details/416006758,CG-602,Law enforcment,416006758
/vessels/details/416006022,PP-3586,Law enforcment,416006022
/vessels/details/416078700,CG120,Law enforcment,416078700
/vessels/details/416009286,HONG LUE 201,Anti-polution,416009286
/vessels/details/416007044,KEELUNG 651,Law enforcment,416007044
/vessels/details/416084700,PP-3557,Law enforcment,416084700
/vessels/details/416006645,CG5001,Law enforcment,416006645
/vessels/details/416144600,PP-3572,Law enforcment,416144600
/vessels/details/416085500,PP 3561,Law enforcment,416085500
/vessels/details/416009767,PP-3526,Law enforcment,416009767
/vessels/details/416005945,PP-10072,Law enforcment,416005945
/vessels/details/416000087,FORMOSA NO.9,Law enforcment,416000087
/vessels/details/416006073,KAO P60,Law enforcment,416006073
/vessels/details/416005947,PP-10075,Law enforcment,416005947
/vessels/details/416006646,CG5002 HSINCHU,Law enforcment,416006646
/vessels/details/416004117,PP10032,Law enforcment,416004117
/vessels/details/416013000,CG 133,Law enforcment,416013000
/vessels/details/416936000,HAI CHENG,Law enforcment,416936000
/vessels/details/416005000,CG-131 MIAOLI,Law enforcment,416005000
/vessels/details/416005189,PP 10063,Law enforcment,416005189
/vessels/details/416009756,PP-10095,Law enforcment,416009756
/vessels/details/416143600,PP-3567,Law enforcment,416143600
/vessels/details/416002561,HAI CHING,Law enforcment,416002561
/vessels/details/416009389,PP-3520,Law enforcment,416009389
/vessels/details/416006703,PP-3598,Law enforcment,416006703
/vessels/details/416048900,PP-3553,Law enforcment,416048900
/vessels/details/416143900,PP-3570,Law enforcment,416143900
/vessels/details/416012319,KP66,Law enforcment,416012319
/vessels/details/416176500,CG 122,Law enforcment,416176500
/vessels/details/416006792,CG1001,Law enforcment,416006792
/vessels/details/416006500,WEI HSING CUTTER,Military ops,416006500
/vessels/details/416005954,PP10082,Law enforcment,416005954
/vessels/details/416005964,PP-3581,Law enforcment,416005964
/vessels/details/416005405,KAO P58,Law enforcment,416005405
/vessels/details/416013306,K 733,Anti-polution,416013306
/vessels/details/416005119,PP-10062,Law enforcment,416005119
/vessels/details/416938000,HAI CHING,Law enforcment,416938000
/vessels/details/416004305,PP-10039,Law enforcment,416004305
/vessels/details/416009056,PP-10092,Law enforcment,416009056
/vessels/details/416215700,CG-123,Law enforcment,416215700
/vessels/details/416007462,PP-3501,Law enforcment,416007462
/vessels/details/416011606,PP-10097,Law enforcment,416011606
/vessels/details/416092800,PP 3565,Law enforcment,416092800
/vessels/details/416008638,PP-10089,Law enforcment,416008638
/vessels/details/416006018,PP-3587,Law enforcment,416006018
/vessels/details/416145700,PP-3580,Law enforcment,416145700
/vessels/details/416050500,HAI TA,Law enforcment,416050500
/vessels/details/416009704,KP65,Law enforcment,416009704
/vessels/details/416005953,PP-10081,Law enforcment,416005953
/vessels/details/416002477,SHUN DE SHENG NO 16,Anti-polution,416002477
/vessels/details/416009181,PP-3516,Law enforcment,416009181
/vessels/details/416014457,GREEN SEA,Anti-polution,416014457
/vessels/details/416005453,NATIONAL PARK NO 1,Law enforcment,416005453
/vessels/details/416005309,PP-10068,Law enforcment,416005309
/vessels/details/416004774,KEE 735,Anti-polution,416004774
/vessels/details/416144700,PP-3573,Law enforcment,416144700
/vessels/details/416024589,YU CING NO66,Law enforcment,416024589
/vessels/details/416145500,PP-3577,Law enforcment,416145500
/vessels/details/416236326,62288,Law enforcment,416236326
/vessels/details/416011613,PP-3532,Law enforcment,416011613
/vessels/details/416004651,RESCUE NO.1,SAR,416004651
/vessels/details/416009766,PP-3525,Law enforcment,416009766
/vessels/details/416008966,PP-3511,Law enforcment,416008966
/vessels/details/416011609,PP-3529,Law enforcment,416011609
/vessels/details/416006021,PP-3585,Law enforcment,416006021
/vessels/details/416009799,OCEAN SURVEYOR NO.9,SAR,416009799
/vessels/details/416084800,PP 3558,Law enforcment,416084800
/vessels/details/416048800,PP-3552,Law enforcment,416048800
/vessels/details/416005376,PP-10070,Law enforcment,416005376
/vessels/details/416012299,PP-10099,Law enforcment,416012299
/vessels/details/416289999,SEN SHAI 22,Law enforcment,416289999
/vessels/details/416012298,PP-10098,Law enforcment,416012298
/vessels/details/416179500,PP-10028,Law enforcment,416179500
/vessels/details/416619619,TA JIANG,Military ops,416619619
/vessels/details/416004195,PP-10035,Law enforcment,416004195
/vessels/details/416005465,NATIONAL PARK NO2,Law enforcment,416005465
/vessels/details/416626626,WAN CHIANG,Military ops,416626626
/vessels/details/416007465,PP-3505,Law enforcment,416007465
/vessels/details/416011612,PP-3531,Law enforcment,416011612
/vessels/details/416005358,EC-603 4 O 8WO000,SAR,416005358
/vessels/details/416144900,PP-3576,Law enforcment,416144900
/vessels/details/416144500,PP-3571,Law enforcment,416144500
/vessels/details/416005955,PP-10083,Law enforcment,416005955
/vessels/details/416009388,PP-3519,Law enforcment,416009388
/vessels/details/9565998,MP PAHLAWAN,Tug,9565998
/vessels/details/9876050,NO.9 TAO YU,Tug,9876050
/vessels/details/9828871,YU DA NOHCP,Tug,9828871
/vessels/details/9859997,TIPM NO.16402,Tug,9859997
/vessels/details/9709764,CSBC NO.12,Tug,9709764
/vessels/details/9937452,TAI CHIN 306,Tug,9937452
/vessels/details/9709752,CSBC 11,Tug,9709752
/vessels/details/9830381,TIPM NO. 16401,Tug,9830381
/vessels/details/9937440,TAICHIN 305,Tug,9937440
/vessels/details/9987926,TIPM NO. 15005,Tug,9987926
/vessels/details/9886627,TIPM NO.15002,Tug,9886627
/vessels/details/9886615,TIPM NO.15001,Tug,9886615
/vessels/details/9866093,MAILIAO 1506,Tug,9866093
/vessels/details/9866081,MAILIAO 1505,Tug,9866081
/vessels/details/9937414,TAI CHIN 301,Tug,9937414
/vessels/details/9937426,TAI CHIN 302,Tug,9937426
/vessels/details/9937438,TAI CHIN 303,Tug,9937438
/vessels/details/9947407,TIPM NO.13206,Tug,9947407
/vessels/details/9078024,TAO YU NO.3,Tug,9078024
/vessels/details/9911135,SHEN AO VII,Tug,9911135
/vessels/details/9911147,SHEN AO VIII,Tug,9911147
/vessels/details/9582051,KYE 601,Tug,9582051
/vessels/details/8660404,TAI CHIN 203,Tug,8660404
/vessels/details/9866067,MAILIAO 1503,Tug,9866067
/vessels/details/8849452,YUN AN NO. 3,Tug,8849452
/vessels/details/8810097,YUN AN I,Tug,8810097
/vessels/details/9866079,MAILIAO 1504,Tug,9866079
/vessels/details/9120188,YU LI.402,Tug,9120188
/vessels/details/8877291,EC 639,Tug,8877291
/vessels/details/9174593,YU FU NO. 569,Tug,9174593
/vessels/details/9078036,KAO 104,Tug,9078036
/vessels/details/8966315,TIPM NO. 12701,Tug,8966315
/vessels/details/8966365,EC 626,Tug,8966365
/vessels/details/8879768,KAO 102,Tug,8879768
/vessels/details/8509727,KAO 103,Tug,8509727
/vessels/details/9162796,YU MING NO. 288,Tug,9162796
/vessels/details/8879756,KAO 101,Tug,8879756
/vessels/details/8879794,KAO 112,Tug,8879794
/vessels/details/9865843,MAILIAO 1245,Tug,9865843
/vessels/details/9865829,MAILIAO 1243,Tug,9865829
/vessels/details/9865831,MAILIAO 1246,Tug,9865831
/vessels/details/9306043,YU HONG,Tug,9306043
/vessels/details/8134003,KAO 140,Tug,8134003
/vessels/details/9067532,KAO 146,Tug,9067532
/vessels/details/8877318,KAO 143,Tug,8877318
/vessels/details/8877320,KAO 145,Tug,8877320
/vessels/details/9290024,YU YUAN 101,Tug,9290024
/vessels/details/8849488,KAO 142,Tug,8849488
/vessels/details/9599054,HIGH ENERGY NO.102,Tug,9599054
/vessels/details/416000022,MAILIAO 1131,Tug,416000022
/vessels/details/416394000,CHUNG 422,Tug,416394000
/vessels/details/416005689,EC668,Tug,416005689
/vessels/details/416000125,TIPM NO.14502,Tug,416000125
/vessels/details/416000016,EC628,Tug,416000016
/vessels/details/416005618,KAO NO.146,Tug,416005618
/vessels/details/416008938,TIMP NO.15005,Tug,416008938
/vessels/details/416000135,TIPM NO.12602,Tug,416000135
/vessels/details/416005507,YUNG AN NO.16,Tug,416005507
/vessels/details/416003453,TIPM NO.13403,Tug,416003453
/vessels/details/416074500,HWANG CHANG NO.57,Tug,416074500
/vessels/details/416003456,TIPM NO.12606,Tug,416003456
/vessels/details/416000018,FORMOSA NO.8,Tug,416000018
/vessels/details/416008963,SEA AND LAND NO.12,Tug,416008963
/vessels/details/416005034,EC-648,Tug,416005034
/vessels/details/416005048,TIPM NO.13402,Tug,416005048
/vessels/details/416003745,MING LIANQ NO5,Tug,416003745
/vessels/details/416000133,DA HE NO 3,Tug,416000133
/vessels/details/416002956,TIPM NO.13303,Tug,416002956
/vessels/details/416006633,CHUNG CHENG NO 3,Tug,416006633
/vessels/details/416005508,YUNG AN NO.17,Tug,416005508
/vessels/details/416002974,DONG LIAN NO.8,Tug,416002974
/vessels/details/416005657,CHAU HSEN NO 16,Tug,416005657
/vessels/details/416008936,KING KANG NO.5,Tug,416008936
/vessels/details/416005338,TIPM 16401,Tug,416005338
/vessels/details/416000124,TIPM NO.14501,Tug,416000124
/vessels/details/416003096,TAI CHIN 205,Tug,416003096
/vessels/details/416005052,EC 656,Tug,416005052
/vessels/details/416005167,EC659,Tug,416005167
/vessels/details/416000130,YUNG AN NO.6,Tug,416000130
/vessels/details/416004796,TUG410,Tug,416004796
/vessels/details/416004966,SEA AND LAND NO6,Tug,416004966
/vessels/details/416005456,OS6,Tug,416005456
/vessels/details/416003906,MAILIAO 1502,Tug,416003906
/vessels/details/416009331,EC 655,Tug,416009331
/vessels/details/416004301,YI LIN NO.6,Tug,416004301
/vessels/details/416012800,HANG WOEN NO 5,Tug,416012800
/vessels/details/416000121,TIPM NO.12702,Tug,416000121
/vessels/details/416391000,CHUNG 419,Tug,416391000
/vessels/details/416005912,KMSC NO502,Tug,416005912
/vessels/details/416004111,TAO YU NO6,Tug,416004111
/vessels/details/416002529,CHAU SHEN NO 111,Tug,416002529
/vessels/details/416003454,TIPM NO.13405,Tug,416003454
/vessels/details/416003893,YU FU NO.569,Tug,416003893
/vessels/details/416000020,YU CHIA,Tug,416000020
/vessels/details/416003076,FENG FU NO 3,Tug,416003076
/vessels/details/416000090,YU SHAN 289 2,Tug,416000090
/vessels/details/416002987,TIPM NO.13301,Tug,416002987
/vessels/details/416003905,MAILIAO 1501,Tug,416003905
/vessels/details/416393000,CHUNG 421,Tug,416393000
/vessels/details/416005118,KMSC NO.451,Tug,416005118
/vessels/details/416000065,TIPM NO.11701,Tug,416000065
/vessels/details/416003044,HAI YANG NO.9,Tug,416003044
/vessels/details/416002707,DA BEN NO.6,Tug,416002707
/vessels/details/416000045,HOPING PORT NO.3,Tug,416000045
/vessels/details/416005047,TIPM NO.13401,Tug,416005047
/vessels/details/416073900,EC632,Tug,416073900
/vessels/details/416007458,SHEN AO IX,Tug,416007458
/vessels/details/416001709,TIPM NO.13205,Tug,416001709
/vessels/details/416004524,YU JING 245,Tug,416004524
/vessels/details/416003457,TIPM NO.14401,Tug,416003457
/vessels/details/416004312,CHUNG CHENG NO 9,Tug,416004312
/vessels/details/416000080,TIPM NO.12701,Tug,416000080
/vessels/details/416000134,TIPM NO.12601,Tug,416000134
/vessels/details/416004847,FENG FU NO.2,Tug,416004847
/vessels/details/416155500,TIPM NO 14403,Tug,416155500
/vessels/details/416004439,KAO NO.288,Tug,416004439
/vessels/details/416003455,TIPM NO.12605,Tug,416003455
/vessels/details/416000030,HUNG YUNN NO.3,Tug,416000030
/vessels/details/416000035,HOPING PORT NO.1,Tug,416000035
/vessels/details/416073800,HWANG CHANG NO.56,Tug,416073800
/vessels/details/416005514,ZHONG ZHENG NO 7,Tug,416005514
/vessels/details/416008907,LONG XIANG,Tug,416008907
/vessels/details/416000406,DONG PING NO.2,Tug,416000406
/vessels/details/416000015,EC642,Tug,416000015
/vessels/details/416005098,CHUNG CHENG NO 5,Tug,416005098
/vessels/details/416006184,DA YANG NO.55,Tug,416006184
/vessels/details/416000091,EC-620,Tug,416000091
/vessels/details/416126600,YU DING N0 303,Tug,416126600
/vessels/details/416008028,AL SEALAND 101,Tug,416008028
/vessels/details/416122600,SEA DIVING 8,Tug,416122600
/vessels/details/416005229,EC653,Tug,416005229
/vessels/details/416008906,TAI CHIN 308,Tug,416008906
/vessels/details/416004559,EC658,Tug,416004559
/vessels/details/416002708,YONG XIANG NO3,Tug,416002708
/vessels/details/416002709,JUNG YUN NO1,Tug,416002709
/vessels/details/416000172,YU JI 309,Tug,416000172
/vessels/details/416004315,KMSC NO.321,Tug,416004315
/vessels/details/416002267,DA CHUAN CHI NO.10,Tug,416002267
/vessels/details/416009067,DA CHUAN CHI NO 9,Tug,416009067
/vessels/details/416008937,TIPM NO.15003,Tug,416008937
/vessels/details/416168800,RONG BANG NO 5,Tug,416168800
/vessels/details/416000017,YU TAI NO.403,Tug,416000017
/vessels/details/416073700,YUNG AN NO.1,Tug,416073700
/vessels/details/416000019,FORMOSA NO.3,Tug,416000019
/vessels/details/416005408,CHAU-HSEN NO.819,Tug,416005408
/vessels/details/416002266,TIPM NO.13203,Tug,416002266
/vessels/details/416003045,YI LIN NO.3,Tug,416003045
/vessels/details/416005859,KMSC NO.501,Tug,416005859
/vessels/details/416000108,TIPM NO.51601,Tug,416000108
/vessels/details/416392000,TIPM NO.12603,Tug,416392000
/vessels/details/416003923,KAO NO.112,Tug,416003923
/vessels/details/416012613,PAN CHENG NO.6,Tug,416012613
/vessels/details/416005254,YUNG AN NO9,Tug,416005254
/vessels/details/416005391,EC646,Tug,416005391
/vessels/details/416009009,CHAU HSEN 6001,Tug,416009009
/vessels/details/416168900,HAI YANG NO8,Tug,416168900
/vessels/details/416118700,DONG YEN NO.1,Tug,416118700
/vessels/details/416390000,CHUNG 418,Tug,416390000
/vessels/details/416003098,BAI LONG NO.6,Tug,416003098
/vessels/details/416003059,CHUNG CHING NO 21,Tug,416003059
/vessels/details/416003686,FONG WUN NO.1,Tug,416003686
/vessels/details/416011600,TA HO NO.8,Tug,416011600
/vessels/details/416004458,T 14302,Tug,416004458
/vessels/details/416003786,CHAU HSEN NO 12,Tug,416003786
/vessels/details/7737767,GAANG YEH NO. 2,Tug,7737767
/vessels/details/8966389,TAI CHIN 102,Tug,8966389
/vessels/details/8966391,HUNG YUNN NO. 3,Tug,8966391
/vessels/details/416006846,CHAU HSEN NO 28,Tug,416006846
/vessels/details/7527485,KAO 137,Tug,7527485
/vessels/details/8134041,KEE 1162,Tug,8134041
/vessels/details/8883642,KEE 1323,Tug,8883642
/vessels/details/7737884,KAO 136,Tug,7737884
/vessels/details/8849438,YUN AN NO. 5,Tug,8849438
/vessels/details/8032944,CHUNG 410,Tug,8032944
/vessels/details/416003693,DONG LIAN NO.7,Tug,416003693
/vessels/details/8835877,KAO 107,Tug,8835877
/vessels/details/8879770,KAO 105,Tug,8879770
/vessels/details/7738058,TAO YU,Tug,7738058
/vessels/details/416002749,TIPM NO.13202,Tug,416002749
/vessels/details/6819386,KAO 117,Tug,6819386
/vessels/details/9684005,EVER COMFORT 658,Tug,9684005
/vessels/details/9951513,KING KANG NO. 5,Tug,9951513
/vessels/details/8022341,FENG SHAN,Tug,8022341
/vessels/details/8660387,TAI CHIN 201,Tug,8660387
/vessels/details/9162801,MAILIAO 1401 GO,Tug,9162801
/vessels/details/8417091,CHUNG 412,Tug,8417091
/vessels/details/416005335,ZI QIANG QING KUAI,Tug,416005335
/vessels/details/416000036,HOPING PORT NO.2,Tug,416000036
/vessels/details/8032891,RUEY SUEY,Tug,8032891
/vessels/details/8022365,KAO 139,Tug,8022365
/vessels/details/416002711,MAILIAO NO 303,Tug,416002711
/vessels/details/8134091,TIEN HUO NO. 2,Pusher Tug,8134091
/vessels/details/8835839,SKY 211,Tug,8835839
/vessels/details/9690286,EC 648,Tug,9690286
/vessels/details/8332564,KEE 1163,Tug,8332564
/vessels/details/9162813,MAILIAO 1402,Tug,9162813
/vessels/details/7312919,CHUNG 406,Tug,7312919
/vessels/details/8032906,SHOU FENG,Tug,8032906
/vessels/details/9105059,KAO 108,Tug,9105059
/vessels/details/7345148,HWA LUNG NO. 119,Tug,7345148
/vessels/details/8966377,TAI CHIN 101,Tug,8966377
/vessels/details/8966303,DAH LIN NO. 2,Tug,8966303
/vessels/details/8032889,KEE 1161,Tug,8032889
/vessels/details/9442811,EC646,Tug,9442811
/vessels/details/9162784,MAILIAO 1161 GO,Tug,9162784
/vessels/details/8660399,TAI CHIN 202,Tug,8660399
/vessels/details/8966286,KEE 1282,Tug,8966286
/vessels/details/6808478,KUO HSIEN,Tug,6808478
/vessels/details/8317538,CHUNG 411,Tug,8317538
/vessels/details/416005755,CHAU HSEN NO 817,Tug,416005755
/vessels/details/416005298,TIPM NO.12501,Tug,416005298
/vessels/details/8849476,KAO 141,Tug,8849476
/vessels/details/416005838,FENG NENG NO 5,Tug,416005838
/vessels/details/8533821,EC 668,Tug,8533821
/vessels/details/7641451,KUANG FU,Tug,7641451
/vessels/details/8877306,KEE 1245,Tug,8877306
/vessels/details/8134089,TIEN HUO NO. 1,Pusher Tug,8134089
/vessels/details/6716326,KO 115,Tug,6716326
/vessels/details/8849426,KEE 1321,Tug,8849426
/vessels/details/8346852,EC 656,Tug,8346852
/vessels/details/9987914,TIPM NO. 15003,Tug,9987914
/vessels/details/7209887,KUO AI,Tug,7209887
/vessels/details/8515180,FENG BIN,Tug,8515180
/vessels/details/8835815,KEE 1242,Tug,8835815
/vessels/details/8877344,JYI-AN,Tug,8877344
/vessels/details/416003617,HE JHOU,Tug,416003617
/vessels/details/8966298,KEE 1322,Tug,8966298
/vessels/details/9047582,EC 659,Tug,9047582
/vessels/details/416001133,BELL.PATUM.RACH,Tug,416001133
/vessels/details/416005756,CHAU HSEN NO 818,Tug,416005756
/vessels/details/416004438,JOU YEOU YU,Tug,416004438
/vessels/details/8032877,KAO 138,Tug,8032877
/vessels/details/7737822,CHUNG 405,Tug,7737822
/vessels/details/416005876,DALONG NO.16,Tug,416005876
/vessels/details/7737872,KEE 702,Tug,7737872
/vessels/details/6819374,KAO 116,Tug,6819374
/vessels/details/8966353,TIPM NO. 13406,Tug,8966353
/vessels/details/416003083,TAI CHIN 201,Tug,416003083
/vessels/details/8877394,CHUNG 413,Tug,8877394
/vessels/details/416013191,CS01,Tug,416013191
/vessels/details/9162837,EC 649,Tug,9162837
/vessels/details/416154900,TIPM NO.14405,Tug,416154900
/vessels/details/8966420,YUN AN NO. 6,Tug,8966420
/vessels/details/8966339,KING KANG NO. 1,Tug,8966339
/vessels/details/9162825,MAILIAO 1242 GO,Tug,9162825
/vessels/details/8966171,LUHAI NO. 1,Tug,8966171
/vessels/details/8417106,TAO YU NO. 2,Tug,8417106
/vessels/details/7419913,KUO HO,Tug,7419913
/vessels/details/416157500,TIPM NO.14405,Tug,416157500
/vessels/details/7527289,FUNG SUNG,Tug,7527289
/vessels/details/8810102,YUN AN II,Tug,8810102
/vessels/details/7419767,SHENG AO NO. 2,Tug,7419767
/vessels/details/8966327,SKY 111,Tug,8966327
/vessels/details/8835889,SKY 311,Tug,8835889
/vessels/details/416397240,CHUNG 419,Tug,416397240
/vessels/details/7220257,OGI MARU,Tug,7220257
/vessels/details/8660416,TAI CHIN 205,Tug,8660416
/vessels/details/416003084,TAI CHIN 202,Tug,416003084
/vessels/details/1015179,EC 655,Tug,1015179
/vessels/details/9259202,KEE 1285,Tug,9259202
/vessels/details/7401423,SHENG AO NO. 1,Tug,7401423
/vessels/details/7419925,KUO PING,Tug,7419925
/vessels/details/8877289,SHEN AO NO. 5,Tug,8877289
/vessels/details/9138173,KEE 1324,Tug,9138173
/vessels/details/7214181,TSUNG MAO,Pusher Tug,7214181
/vessels/details/416005409,CHAU HSEN NO 8110,Tug,416005409
/vessels/details/8879782,KAO 111,Tug,8879782
/vessels/details/8222616,YUH SHAN,Tug,8222616
/vessels/details/416010421,HONG XIANG NO.8,Tug,416010421
/vessels/details/9162849,MAILIAO 1404 GO,Tug,9162849
/vessels/details/8835827,KEE 1243,Tug,8835827
/vessels/details/5399406,TAISEI MARU,Tug,5399406
/vessels/details/9915038,GREEN JADE,Wind Turbine Vessel,9915038
/vessels/details/9965045,WIND RIDER,Training Ship,9965045
/vessels/details/9682148,ORIENT CONSTRUCTOR,Work/Repair Vessel,9682148
/vessels/details/9987732,MP WIND ARCHER,Work/Repair Vessel,9987732
/vessels/details/9911094,TSS PIONEER,Work/Repair Vessel,9911094
/vessels/details/9606704,GEO POWER,Offshore Tug/Supply Ship,9606704
/vessels/details/9579119,PACIFIC HORNBILL,Offshore Tug/Supply Ship,9579119
/vessels/details/9559030,CSBC NO.16,Offshore Tug/Supply Ship,9559030
/vessels/details/9594212,MMA CRYSTAL,Offshore Tug/Supply Ship,9594212
/vessels/details/9670975,KAO 505,Hopper Dredger,9670975
/vessels/details/9804100,LEGEND,Research Vessel,9804100
/vessels/details/9637856,CG 127,Patrol Vessel,9637856
/vessels/details/9827504,NEW OCEANRESEARCHER1,Research Vessel,9827504
/vessels/details/9297797,GEO ENERGY,Offshore Tug/Supply Ship,9297797
/vessels/details/7129659,KAO 501,Hopper Dredger,7129659
/vessels/details/9637832,HSUN HU NO.7,Patrol Vessel,9637832
/vessels/details/9108934,YU YING NO.2,Training Ship,9108934
/vessels/details/9625114,ORIENT EXPLORER,Offshore Tug/Supply Ship,9625114
/vessels/details/9444132,APT NO.503,Offshore Tug/Supply Ship,9444132
/vessels/details/9444106,SEAGREEN NO.5,Offshore Tug/Supply Ship,9444106
/vessels/details/9633886,MAGELLAN 2,Anchor Hoy,9633886
/vessels/details/9668520,SUNNY BRIGHT,Research Vessel,9668520
/vessels/details/9459307,AUSTRALIS,Drilling Ship,9459307
/vessels/details/9457074,ORIENT NO.8,Offshore Tug/Supply Ship,9457074
/vessels/details/8988430,WHALE SHARK,Offshore Support Vessel,8988430
/vessels/details/9533971,POLARIS III,Research Vessel,9533971
/vessels/details/9522453,POLARIS II,Research Vessel,9522453
/vessels/details/9441635,ORIENT NO.6,Offshore Tug/Supply Ship,9441635
/vessels/details/9441673,ORIENT NO.7,Offshore Tug/Supply Ship,9441673
/vessels/details/9827499,NEW OCEANRESEARCHER3,Research Vessel,9827499
/vessels/details/9827487,NEW OCEANRESEARCHER2,Research Vessel,9827487
/vessels/details/8632354,YUN HSING,Patrol Vessel,8632354
/vessels/details/8949991,KAO 608,Motor Hopper,8949991
/vessels/details/9891464,VENTUS FORMOSA,Offshore Tug/Supply Ship,9891464
/vessels/details/7820992,TA HAN NO.711 P00 W,Offshore Tug/Supply Ship,7820992
/vessels/details/8849490,KAO 607,Motor Hopper,8849490
/vessels/details/8872033,KAO 606,Motor Hopper,8872033
/vessels/details/9112985,KAO 504,Dredger,9112985
/vessels/details/9102655,KAO 503,Dredger,9102655
/vessels/details/9406295,SEAGREEN NO15,Work/Repair Vessel,9406295
/vessels/details/9958949,VALIANT,Offshore Tug/Supply Ship,9958949
/vessels/details/9065936,HAI YU,Research Vessel,9065936
/vessels/details/9065924,AL SEALAND 101,Research Vessel,9065924
/vessels/details/9571727,POLARIS,Research Vessel,9571727
/vessels/details/9908011,FALCON 6,Offshore Tug/Supply Ship,9908011
/vessels/details/9908009,FALCON 5,Offshore Tug/Supply Ship,9908009
/vessels/details/9884069,FALCON NO.2,Offshore Tug/Supply Ship,9884069
/vessels/details/9952311,UMO GREEN,Offshore Tug/Supply Ship,9952311
/vessels/details/9952323,UMO JADE,Offshore Tug/Supply Ship,9952323
/vessels/details/9884057,FALCON NO.1,Offshore Tug/Supply Ship,9884057
/vessels/details/9912165,WOTAN,Offshore Tug/Supply Ship,9912165
/vessels/details/9912153,VALKYRIE,Offshore Tug/Supply Ship,9912153
/vessels/details/9956563,PESANACH,Offshore Tug/Supply Ship,9956563
/vessels/details/9894002,FALCON NO.3,Offshore Tug/Supply Ship,9894002
/vessels/details/9990076,PROSPEROUS THREE,Offshore Tug/Supply Ship,9990076
/vessels/details/1054955,MP EURUS,Offshore Tug/Supply Ship,1054955
/vessels/details/1088102,WAY FENG,Offshore Tug/Supply Ship,1088102
/vessels/details/9990090,MP CORUS,Offshore Tug/Supply Ship,9990090
/vessels/details/9486776,TRITON 8,Standby Safety Vessel,9486776
/vessels/details/9495909,TRITON7,Standby Safety Vessel,9495909
/vessels/details/9495894,TRITON1,Standby Safety Vessel,9495894
/vessels/details/9466075,TRITON9,Standby Safety Vessel,9466075
/vessels/details/1054979,PROSPEROUS FIVE,Offshore Tug/Supply Ship,1054979
/vessels/details/9884368,VENTUS BEIGANG,Offshore Tug/Supply Ship,9884368
/vessels/details/9945095,VENTUS SHENGANG,Offshore Tug/Supply Ship,9945095
/vessels/details/9994266,VENTUS DAAN,Offshore Tug/Supply Ship,9994266
/vessels/details/9909819,VENTUS XINGANG,Offshore Tug/Supply Ship,9909819
/vessels/details/9902079,VENTUS LUGANG,Offshore Tug/Supply Ship,9902079
/vessels/details/9899674,PROSPEROUS 1,Offshore Tug/Supply Ship,9899674
/vessels/details/9909833,TIPM NO.22603,Offshore Tug/Supply Ship,9909833
/vessels/details/9385362,PP-10028,Patrol Vessel,9385362
/vessels/details/9397901,PP-10031,Patrol Vessel,9397901
/vessels/details/9854442,TIPM 22602,Offshore Tug/Supply Ship,9854442
/vessels/details/9854430,TIPM 22601,Offshore Tug/Supply Ship,9854430
/vessels/details/9637923,PP-10038,Patrol Vessel,9637923
/vessels/details/9637935,PP-10039,Patrol Vessel,9637935
/vessels/details/9637911,PP-10037,Patrol Vessel,9637911
/vessels/details/9637882,PP-10032,Patrol Vessel,9637882
/vessels/details/9637894,PP-10033,Patrol Vessel,9637894
/vessels/details/9637947,PP-10050,Patrol Vessel,9637947
/vessels/details/9698903,PROSPEROUS 2,Offshore Tug/Supply Ship,9698903
/vessels/details/9642100,WORLD SEA,Offshore Tug/Supply Ship,9642100
/vessels/details/9681742,WORLD SAIL,Offshore Tug/Supply Ship,9681742
/vessels/details/9681730,UMO SCIROCCO,Offshore Tug/Supply Ship,9681730
/vessels/details/9681302,UMO MISTRAL,Offshore Tug/Supply Ship,9681302
/vessels/details/1093729,MP DAGODA,Offshore Tug/Supply Ship,1093729
/vessels/details/9770490,PHANTOM,Offshore Tug/Supply Ship,9770490
/vessels/details/8327600,HAI CHENG,Patrol Vessel,8327600
/vessels/details/4737596,PP-3589,Patrol Vessel,4737596
/vessels/details/416006145,WHITE DOLPHIN NO5023,Port tender,416006145
/vessels/details/416004878,SHENG YI FA,Diving ops,416004878
/vessels/details/416004769,SEA AND LAND NO.2,Other type,416004769
/vessels/details/416006833,YUNG TONG NO.727,Port tender,416006833
/vessels/details/416008982,SEA SOAR NO 9,Other type,416008982
/vessels/details/416006665,DONG YANG NO.12,Pilot,416006665
/vessels/details/416005672,927858,Other type,416005672
/vessels/details/416006735,CHUN FAN,Other type,416006735
/vessels/details/416015927,KAO 506,Dredging or UW ops,416015927
/vessels/details/416006443,DONG PING NO.6,Other type,416006443
/vessels/details/416003939,S8 KMSC NO 703,Pilot,416003939
/vessels/details/416006721,SAN GUI NO1,Port tender,416006721
/vessels/details/416004672,YU YING,Towing vessel,416004672
/vessels/details/416004172,MAI LIAO NO.205,Port tender,416004172
/vessels/details/416005729,GLORIOUS STAR,Other type,416005729
/vessels/details/416009589,YONG YI,Pilot,416009589
/vessels/details/416005691,SEN KOH NO.8,Local type,416005691
/vessels/details/416010344,DA YANG NO.12,Towing vessel,416010344
/vessels/details/416009379,MARITIME ONE,HSC,416009379
/vessels/details/416006639,HUNG FU,Other type,416006639
/vessels/details/416009254,YA CHANG NO.22,Other type,416009254
/vessels/details/416009103,EVERGREEN CONSTR NO1,Other type,416009103
/vessels/details/416009102,HWANG CHANG NO1,Towing vessel,416009102
/vessels/details/416005667,TA KUO YUAN NO.2,Port tender,416005667
/vessels/details/416009817,JHONG SIN NO.7,Towing vessel,416009817
/vessels/details/416006515,JUNG YU,Other type,416006515
/vessels/details/416006666,MING XING,Port tender,416006666
/vessels/details/416004127,YU HONG 401,Towing vessel,416004127
/vessels/details/416004766,YI MIN NO.8,Towing vessel,416004766
/vessels/details/416009475,LIAN JYI YIH NO.5,Towing vessel,416009475
/vessels/details/416004379,DA CHUAN CHI NO.18,Dredging or UW ops,416004379
/vessels/details/416006373,SEA AND LAND NO.3,Towing vessel,416006373
/vessels/details/416861168,CHING FU NO.668,Other type,416861168
/vessels/details/416243600,FONG KUO NO188,Other type,416243600
/vessels/details/416004261,YU CHIN NO.302,Towing vessel,416004261
/vessels/details/416004457,TIPM NO.14301,Towing vessel,416004457
/vessels/details/416009615,HWANG CHANG NO 32,Dredging or UW ops,416009615
/vessels/details/416010365,928217,Other type,416010365
/vessels/details/416002909,FORMOSA NO.6,Pilot,416002909
/vessels/details/416004725,HUNG YU,Dredging or UW ops,416004725
/vessels/details/416007217,HUNG YANG NO.2,Dredging or UW ops,416007217
/vessels/details/416003302,FU TIAN NO6,Port tender,416003302
/vessels/details/416005438,SOLARIS,Dredging or UW ops,416005438
/vessels/details/416004818,SEAGREEN NO 3,Other type,416004818
/vessels/details/416012614,DONG LIAN NO.11,Towing vessel,416012614
/vessels/details/416000844,S18 YUNG TONG NO 18,Pilot,416000844
/vessels/details/416006589,TIPM NO.514001,Other type,416006589
/vessels/details/416005160,CERES,HSC,416005160
/vessels/details/416004899,KAO 290,Port tender,416004899
/vessels/details/416003947,S9 KMSC NO 707,Pilot,416003947
/vessels/details/416004081,HUNG HSING,Dredging or UW ops,416004081
/vessels/details/416004697,KAO 505,Dredging or UW ops,416004697
/vessels/details/416006661,TA HSIN,Dredging or UW ops,416006661
/vessels/details/416005462,HON HAI NO.1,Dredging or UW ops,416005462
/vessels/details/416003944,TAI SHAN,Pilot,416003944
/vessels/details/416008939,HUNG YU NO.6,Other type,416008939
/vessels/details/416002923,G TIE 106,Pilot,416002923
/vessels/details/416002247,MAI LIAO NO.203,Pilot,416002247
/vessels/details/416006829,YUNG TONG NO.201,Port tender,416006829
/vessels/details/416249800,ARGO CAT,Other type,416249800
/vessels/details/416008899,WUN TONG NO1,Pilot,416008899
/vessels/details/416005607,KAO NO.305,Pilot,416005607
/vessels/details/416004612,JIE SHENG NO1,Local type,416004612
/vessels/details/416004663,SEA AND LAND NO5,Towing vessel,416004663
/vessels/details/416005935,KUN DE NO.2,Other type,416005935
/vessels/details/416009414,DRAGON PRINCE NO3,Dredging or UW ops,416009414
/vessels/details/416005312,SWAN01,HSC,416005312
/vessels/details/416005132,JONG SHYN 9,Other type,416005132
/vessels/details/416003941,S11 KMSC NO 706,Pilot,416003941
/vessels/details/416003929,KAO 905,Other type,416003929
/vessels/details/416002572,TA REN HER NO.10,Port tender,416002572
/vessels/details/416006667,BH-5031,Dredging or UW ops,416006667
/vessels/details/416006738,CHAU HSEN 26,WIG,416006738
/vessels/details/416006518,CHIN LAI FA,Other type,416006518
/vessels/details/416002722,JUNG SHUNG NO2,Port tender,416002722
/vessels/details/416064900,DONG HORNG NO.899,Other type,416064900
/vessels/details/416002721,JUNG HSING NO.3,Towing vessel,416002721
/vessels/details/416009209,BH2067,Port tender,416009209
/vessels/details/416009403,CABLE BAY,HSC,416009403
/vessels/details/416002172,MAI LIAO NO.202,Port tender,416002172
/vessels/details/416005147,SEA AND LAND NO.7,Towing vessel,416005147
/vessels/details/416005279,EC611,Pilot,416005279
/vessels/details/416014168,DAH LIN SHIPPING NO7,Other type,416014168
/vessels/details/416007437,CHUNG CHENG NO6,Port tender,416007437
/vessels/details/416900080,KAO 608,Dredging or UW ops,416900080
/vessels/details/416009152,YOU RONG NO.1,Towing vessel,416009152
/vessels/details/416902463,XIN JIN FENG 8,Port tender,416902463
/vessels/details/416004817,JUNG SHING NO.1,Other type,416004817
/vessels/details/416235900,FISHERY RESEARCHER 2,Other type,416235900
/vessels/details/416004922,JUNG YUN,Towing vessel,416004922
/vessels/details/416006655,PILOT BOARD,Towing vessel,416006655
/vessels/details/416003132,FENG FU,Towing vessel,416003132
/vessels/details/416005437,SOLARIS 2,Dredging or UW ops,416005437
/vessels/details/416006501,SEA GREEN NO 16,Other type,416006501
/vessels/details/416002703,YUNG TONG NO 16,Pilot,416002703
/vessels/details/416004238,PESCADORES,HSC,416004238
/vessels/details/416004384,FENG TZER YU,Other type,416004384
/vessels/details/416000843,S6 DA REN NO2,Pilot,416000843
/vessels/details/416006742,TAIPEI PILOT BOAT 7,Pilot,416006742
/vessels/details/416006831,YUNG TONG NO.202,Port tender,416006831
/vessels/details/416005176,HUNG YANG NO 1,Dredging or UW ops,416005176
/vessels/details/416042227,XIN JIN FENG 18,Towing vessel,416042227
/vessels/details/416006708,CHUAN LI NO.1,Port tender,416006708
/vessels/details/416012542,KMSC NO.902,Port tender,416012542
/vessels/details/416004656,WOEN JINN NO5,Towing vessel,416004656
/vessels/details/416006181,RONG SHENG,Dredging or UW ops,416006181
/vessels/details/416011900,KAO 609,Dredging or UW ops,416011900
/vessels/details/416003898,CHUNG CHING NO.22,Dredging or UW ops,416003898
/vessels/details/416100000,18136,HSC,416100000
/vessels/details/416006756,DA CHUAN CHI NO.16,Dredging or UW ops,416006756
/vessels/details/416004543,KAO 503,Dredging or UW ops,416004543
/vessels/details/416009318,HWANG CHANGA NO35,Dredging or UW ops,416009318
/vessels/details/416005698,WHITE DOLPHIN NO 3,Port tender,416005698
/vessels/details/416006654,YONG AN NO2,Pilot,416006654
/vessels/details/416003943,JIAN NAN NO 2,Pilot,416003943
/vessels/details/416005772,YU HE,Other type,416005772
/vessels/details/416000092,EC-626,Towing vessel,416000092
/vessels/details/416009445,HONG YUAN NO.2,Other type,416009445
/vessels/details/416008017,DRAGON PRINCE NO.2,Dredging or UW ops,416008017
/vessels/details/416009427,WHANG CHANG NO.52,Towing vessel,416009427
/vessels/details/416006891,DONG YEN NO.2,Other type,416006891
/vessels/details/416008989,HONG LUE NO.1,Other type,416008989
/vessels/details/416009011,RONG FA NO.6,Port tender,416009011
/vessels/details/416941905,DALONG NO.16,Towing vessel,416941905
/vessels/details/416239900,HUNG YANG,Other type,416239900
/vessels/details/416005613,KAO P47,Other type,416005613
/vessels/details/416003372,DA CHUAN CHI NO7,Dredging or UW ops,416003372
/vessels/details/416009472,DA YANG NO.7,Other type,416009472
/vessels/details/416008026,ZHENG HONG CAI NO 8,Other type,416008026
/vessels/details/416003945,SUNG SHAN,Port tender,416003945
/vessels/details/416000140,DAH LIN NO.1,Towing vessel,416000140
/vessels/details/416000194,MIN TAI,Other type,416000194
/vessels/details/416006621,YA CHANG NO.16,Other type,416006621
/vessels/details/416005211,JONG SHYN NO.8,Local type,416005211
/vessels/details/416009084,DONG PING NO17,Other type,416009084
/vessels/details/416008961,SEA AND LAND NO.9,Towing vessel,416008961
/vessels/details/416058000,EOS 4002,Other type,416058000
/vessels/details/416003266,S15 KMSC NO 702,Pilot,416003266
/vessels/details/416005476,KAO NO 308,Port tender,416005476
/vessels/details/416012541,KMSC NO.901,Port tender,416012541
/vessels/details/416002791,HUNG HUA NO 1,Port tender,416002791
/vessels/details/416006674,DA CHUAN CHI NO.8,Dredging or UW ops,416006674
/vessels/details/416006185,DA YANG NO.88,Other type,416006185
/vessels/details/416009319,HWANG CHANGA NO36,Dredging or UW ops,416009319
/vessels/details/416005202,RONG YUN NO.2,Port tender,416005202
/vessels/details/416046000,CSBC NO.15,Towing vessel,416046000
/vessels/details/416008869,JIU TAI HAO,Dredging or UW ops,416008869
/vessels/details/416005889,RESOLUTION,HSC,416005889
/vessels/details/416008962,SEA AND LAND NO.11,Towing vessel,416008962
/vessels/details/416004822,DONG PING NO.1,Towing vessel,416004822
/vessels/details/416012817,KAI SHIUAN N0.9,HSC,416012817
/vessels/details/416006143,KAI SHIUAN 8,Other type,416006143
/vessels/details/416005003,HUNG YU NO.1,Other type,416005003
/vessels/details/416005035,MAILIAO MARINE,Other type,416005035
/vessels/details/416002924,EC616,Pilot,416002924
/vessels/details/416002554,SAN CHING NO.6,Other type,416002554
/vessels/details/416000403,ALL STAR NO.1,Other type,416000403
/vessels/details/416006146,HUNG YI NO.2,Dredging or UW ops,416006146
/vessels/details/416004115,DAH LIN NO.9,Towing vessel,416004115
/vessels/details/416004322,WAN DA NO.9,Dredging or UW ops,416004322
/vessels/details/416004915,KAO 213,Port tender,416004915
/vessels/details/416008915,DF NO.66,Other type,416008915
/vessels/details/416013228,YOU RONG NO.9,Port tender,416013228
/vessels/details/416000866,HUANGGANG ZHIXING,HSC (HAZ-B),416000866
/vessels/details/416012075,JONG SHYN NO.5,Other type,416012075
/vessels/details/416006206,JUNG CHI NO 1,Other type,416006206
/vessels/details/416237900,HUNG YUNN,Towing vessel,416237900
/vessels/details/416009281,923906,Other type,416009281
/vessels/details/416005936,OCEAN NO.1,Dredging or UW ops,416005936
/vessels/details/416005759,AQUARIUS,Dredging or UW ops,416005759
/vessels/details/416003267,S2 KMSC NO 701,Pilot,416003267
/vessels/details/416002025,DA LONG,Dredging or UW ops,416002025
/vessels/details/416005509,VICTORIA 76,Local type,416005509
/vessels/details/416004284,EC 618,Pilot,416004284
/vessels/details/416003946,S7 HUAH SHAN HAW,Pilot,416003946
/vessels/details/416009789,WHANG CHANG NO.55,Towing vessel,416009789
/vessels/details/416006832,YUNG TONG NO.726,Port tender,416006832
/vessels/details/416900090,KING KANG NO.1,Towing vessel,416900090
/vessels/details/416006502,SEAGREEN NO145,Other type,416006502
/vessels/details/416005041,JIE LI NO.1,Pilot,416005041
/vessels/details/416003942,CHIEN NAN NO 1,Pilot,416003942
/vessels/details/416009236,DONG PING NO.16,Other type,416009236
/vessels/details/416008911,JENG HORNG TSAIR NO3,Port tender,416008911
/vessels/details/416006383,WHITE DOLPHIN 5O26,Port tender,416006383
/vessels/details/416006195,JIN DING NO.3,Port tender,416006195
/vessels/details/416004441,KAO NO.289,Pilot,416004441
/vessels/details/416003029,DA CHUAN CHI NO.12,Other type,416003029
/vessels/details/416006714,HUNG SHING NO.1,Dredging or UW ops,416006714
/vessels/details/416005124,GREENISLAND STAR NO3,HSC,416005124
/vessels/details/416009803,MING LIANQ NO.7,Port tender,416009803
/vessels/details/416005879,FENQ ING NO.88,Other type,416005879
/vessels/details/416005523,WOEN JINN NO 8,Towing vessel,416005523
/vessels/details/416005915,DONG PING NO.15,Other type,416005915
/vessels/details/416008941,927566,Other type,416008941
/vessels/details/416007218,HUNG YANG NO.3,Dredging or UW ops,416007218
/vessels/details/416009019,HUNG HUA NO.6,Other type,416009019
/vessels/details/416009195,WOEN RUEY NO7,Towing vessel,416009195
/vessels/details/416000439,CHIEN NAN NO.3,Pilot,416000439
/vessels/details/416009304,YA CHANG NO.20,Other type,416009304
/vessels/details/416006179,DF BUFFALO,Other type,416006179
/vessels/details/416005156,EC612,Port tender,416005156
/vessels/details/416009563,V,Other type,416009563
/vessels/details/416012635,HWANG CHANG NO.58,Towing vessel,416012635
/vessels/details/1073248,KAO NO.601,Motor Hopper,1073248
/vessels/details/416002434,SHENG YI SHENG,Other type,416002434
/vessels/details/416015802,860222,Other type,416015802
/vessels/details/416009302,1,Other type,416009302
/vessels/details/416005042,JIAN TAI NO.2,Pilot,416005042
/vessels/details/9766695,TAI FU NO. 8,Offshore Tug/Supply Ship,9766695
/vessels/details/416010476,KEE 652,Other type,416010476
/vessels/details/416031101,CTR-TT-0311-01 100,Other type,416031101
/vessels/details/7925625,CHUNG KUNG NO. 8,Motor Hopper,7925625
/vessels/details/416009821,PING FU NO.1,Dredging or UW ops,416009821
/vessels/details/416250223,XIAN DE NO.2,Dredging or UW ops,416250223
/vessels/details/416016509,969959,Other type,416016509
/vessels/details/416497603,CT3-4976-03 100,Other type,416497603
/vessels/details/416014179,HERMES VI,Other type,416014179
/vessels/details/416012985,KU TA OCEAN,Diving ops,416012985
/vessels/details/416015876,965722,Other type,416015876
/vessels/details/416015057,860077,Other type,416015057
/vessels/details/416804031,04888 LIN GAO TUO,Dredging or UW ops,416804031
/vessels/details/416005292,TAIPEI PILOT BOAT 2,Pilot,416005292
/vessels/details/416579579,LUNGTEH 579,WIG,416579579
/vessels/details/416005227,CHENG FENG NO1,Other type,416005227
/vessels/details/1055296,AESEN WIND 02,Offshore Tug/Supply Ship,1055296
/vessels/details/416015801,860212,Other type,416015801
/vessels/details/416016466,965433,Other type,416016466
/vessels/details/416292902,2929-02-52,Other type,416292902
/vessels/details/416014647,963912,Other type,416014647
/vessels/details/9100724,FPPC 502,Utility Vessel,9100724
/vessels/details/416556556,0,HSC,416556556
/vessels/details/416292903,2929-03 100,Other type,416292903
/vessels/details/416014353,861354,Other type,416014353
/vessels/details/416014859,924098,Other type,416014859
/vessels/details/416015903,981392,Other type,416015903
/vessels/details/416015917,982285,Other type,416015917
/vessels/details/416877972,MINGLIANYU65392,Other type,416877972
/vessels/details/416006741,DA DI TUI,HSC,416006741
/vessels/details/8824414,TOKA MARU NO. 18,Dredger,8824414
/vessels/details/416014637,861360,Other type,416014637
/vessels/details/416003622,DONG LIAN NO.1,Other type,416003622
/vessels/details/416001616,HO CHI FA,Other type,416001616
/vessels/details/416015887,970999,Other type,416015887
/vessels/details/4763753,PP-10096,Patrol Vessel,4763753
/vessels/details/416014178,C.L.932,Pilot,416014178
/vessels/details/416011180,00269,Dredging or UW ops,416011180
/vessels/details/416009355,DONG YEN NO.11,Other type,416009355
/vessels/details/8823367,KOWA MARU NO. 8,Dredger,8823367
/vessels/details/416004798,C0,Other type,416004798
/vessels/details/416010343,DA YANG NO.10,Other type,416010343
/vessels/details/9166168,PP-903,Patrol Vessel,9166168
/vessels/details/8521622,CHUNG 104,Hopper Dredger,8521622
/vessels/details/416014371,969951,Other type,416014371
/vessels/details/416662707,YUE HUI YU 662707,Other type (HAZ-D),416662707
/vessels/details/416014928,CS-9016,Other type,416014928
/vessels/details/416015503,860147,Other type,416015503
/vessels/details/416014818,920763,Other type,416014818
/vessels/details/416123666,SHUL SHENG CAIYUN,Other type,416123666
/vessels/details/416014934,928126,Other type,416014934
/vessels/details/416008182,ECHO 3,Diving ops,416008182
/vessels/details/416419202,CT3-4192-A2 64,Other type,416419202
/vessels/details/416386306,CT1-3863-06 49,Other type,416386306
/vessels/details/416009214,HAI SHUN-LI NO.5268,Other type,416009214
/vessels/details/8927010,PP-902,Patrol Vessel,8927010
/vessels/details/416014374,969987,Other type,416014374
/vessels/details/416418003,3CT2-4180 77,Other type,416418003
/vessels/details/416026607,00266-07- 8.1V,Other type,416026607
/vessels/details/416495401,BK-01 80,Other type,416495401
/vessels/details/416000903,MAAN FWU FENG NO.18,Other type,416000903
/vessels/details/9100712,FPPC 501,Utility Vessel,9100712
/vessels/details/416013223,YU WEN,Port tender,416013223
/vessels/details/416614513,CT2-6145-13 96,Other type,416614513
/vessels/details/416014862,924225,Other type,416014862
/vessels/details/416014566,860050,Other type,416014566
/vessels/details/416002911,EVER COMFORT 615,Port tender,416002911
/vessels/details/416015627,969738,Other type,416015627
/vessels/details/416008239,KUNPENG,Other type,416008239
/vessels/details/416614508,CT2-6145-08 56,Other type,416614508
/vessels/details/6412279,JIUN KANG NO. 3,Hopper Dredger,6412279
/vessels/details/416002795,TA I,Other type,416002795
/vessels/details/416015885,969908,Other type,416015885
/vessels/details/8327595,HAI AN,Patrol Vessel,8327595
/vessels/details/416015848,MARITIME PATROL NO.1,Other type,416015848
/vessels/details/416000527,0INU I S8888 NO.8,HSC,416000527
/vessels/details/416002289,1,HSC,416002289
/vessels/details/8877277,TAIWAN NO. 11,Work/Repair Vessel,8877277
/vessels/details/416295403,AK-3 97,Other type,416295403
/vessels/details/416009298,DE JHONG NO.8,Towing vessel,416009298
/vessels/details/416009426,WHANG CHANG NO.51,Towing vessel,416009426
/vessels/details/416001573,0,Towing vessel (tow>200),416001573
/vessels/details/416056789,00000000000000,Dredging or UW ops,416056789
/vessels/details/416004452,LIAN JYI YIH NO6,Towing vessel,416004452
/vessels/details/416016352,861242,Other type,416016352
/vessels/details/416014617,861145,Other type,416014617
/vessels/details/9637909,PP-10035,Patrol Vessel,9637909
/vessels/details/416005841,FENG NENG NO.7,Other type,416005841
/vessels/details/416295410,BK-10 100,Other type,416295410
/vessels/details/9077824,TA KUAN,Research Vessel,9077824
/vessels/details/416292904,2929-04 96,Other type,416292904
/vessels/details/416016805,CTR-TT-0168-5 34,Other type,416016805
/vessels/details/416804397,HHH,Other type (HAZ-D),416804397
/vessels/details/8883575,TAIWAN NO. 8,Crane Ship,8883575
/vessels/details/416501446,00,WIG (HAZ-D),416501446
/vessels/details/416003683,1,HSC,416003683
/vessels/details/416009249,928129,Other type,416009249
/vessels/details/416015883,969729,Other type,416015883
/vessels/details/416497602,CT3-4976-02 91,Other type,416497602
/vessels/details/4650578,LIENCHIANG,Patrol Vessel,4650578
/vessels/details/416447501,CT3-4475-01 65,Other type,416447501
/vessels/details/416008948,927664,Other type,416008948
/vessels/details/416014349,860310,Other type,416014349
/vessels/details/8026969,TAR SHIEH,Crew Boat,8026969
/vessels/details/416815877,GMUJB GGDKP MI001,Pilot,416815877
/vessels/details/416014335,JONG SHYN NO.5,Other type,416014335
/vessels/details/416016187,861357,Other type,416016187
/vessels/details/416016495,969826,Other type,416016495
/vessels/details/8820535,KINSEI MARU NO. 8,Dredger,8820535
/vessels/details/416015229,860054,Other type,416015229
/vessels/details/416014635,861311,Other type,416014635
/vessels/details/416386309,CT1-3863-09 63,Other type,416386309
/vessels/details/416008627,MAAN FENG YU,Other type,416008627
/vessels/details/416390109,CT2-3901-09 40,Other type,416390109
/vessels/details/416015137,965748,Other type,416015137
/vessels/details/416009229,928139,Other type,416009229
/vessels/details/416011874,981331,Other type,416011874
/vessels/details/416390113,CT2-3901-13 68,Other type,416390113
/vessels/details/8616697,MOU HSING,Patrol Vessel,8616697
/vessels/details/416031107,CTR-TT-0311-07 100,Other type,416031107
/vessels/details/416014366,969744,Other type,416014366
/vessels/details/416014878,924501,Other type,416014878
/vessels/details/416014596,860325,Other type,416014596
/vessels/details/9173460,PP-908,Patrol Vessel,9173460
/vessels/details/416015063,860187,Other type,416015063
/vessels/details/8519980,FENG DEN NO. 1,Dredger,8519980
/vessels/details/4729094,KAOHSIUNG,Patrol Vessel,4729094
/vessels/details/416015576,964914,Other type,416015576
/vessels/details/416071900,DONG LIAN NO.15,Other type,416071900
/vessels/details/416078978,C30,Towing vessel,416078978
/vessels/details/416183236,FU-KUO-NO-7,Other type,416183236
/vessels/details/416609601,CT2-6096-01 86,Other type,416609601
/vessels/details/416005284,1,HSC,416005284
/vessels/details/416609605,CT2-6096-05 27,Other type,416609605
/vessels/details/416614506,CT2-6145-06 62,Other type,416614506
/vessels/details/416009471,DA YANG NO.9,Other type,416009471
/vessels/details/416014906,927533,Other type,416014906
/vessels/details/416009616,YO SHENG,Other type,416009616
/vessels/details/416015083,861281,Other type,416015083
/vessels/details/1041752,CFA NO.3,Offshore Tug/Supply Ship,1041752
/vessels/details/416009093,SHENG XIN,Port tender,416009093
/vessels/details/416012744,GUANG YUH NO.6,Other type,416012744
/vessels/details/416975436,JI LONG,Other type,416975436
/vessels/details/416004482,969786,Other type,416004482
/vessels/details/416009018,KAI ZHONG NO.1,Other type,416009018
/vessels/details/416015278,964791,Other type,416015278
/vessels/details/416815538,GMUJB GGDKP MI001,Pilot,416815538
/vessels/details/416015614,965643,Other type,416015614
/vessels/details/416066139,CTR-NC0482,Towing vessel,416066139
/vessels/details/416015807,860414,Other type,416015807
/vessels/details/416001635,00000000000000,Dredging or UW ops,416001635
/vessels/details/416016328,860116,Other type,416016328
/vessels/details/416014373,969980,Other type,416014373
/vessels/details/416015054,860009,Other type,416015054
/vessels/details/416574913,CT2-5749-13 92,Other type,416574913
/vessels/details/416012746,YOU RONG NO.7,Other type,416012746
/vessels/details/416009021,HERMES IV,Other type,416009021
/vessels/details/416002285,1,HSC,416002285
/vessels/details/416009395,HWANG CHANG NO 2,Other type,416009395
/vessels/details/416001015,YU JIN 16168,Other type,416001015
/vessels/details/416016343,860434,Other type,416016343
/vessels/details/416008033,FORMOSA HAIYAN NO.7,Port tender,416008033
/vessels/details/416008882,Y U F A,Other type,416008882
/vessels/details/416015064,860213,Other type,416015064
/vessels/details/416015534,860381,Other type,416015534
/vessels/details/416016356,00000000000000,Dredging or UW ops,416016356
/vessels/details/416014343,HONG XIANG NO.6,Towing vessel,416014343
/vessels/details/416011881,940883,Other type,416011881
/vessels/details/416010337,HERMES NO.5,Diving ops,416010337
/vessels/details/416010101,X-01 100,Other type,416010101
/vessels/details/416213803,CTR-PT-2138-03 100,Other type,416213803
/vessels/details/416057711,57711,Dredging or UW ops,416057711
/vessels/details/416200441,Q,Other type,416200441
/vessels/details/416004705,OCEAN SURVEYOR,Other type,416004705
/vessels/details/416015466,KMSC NO.903,Port tender,416015466
/vessels/details/416058820,0MUJB GGDKP NO588,Pilot,416058820
/vessels/details/416500010,AIS BUOY-0010 69,Other type,416500010
/vessels/details/416448604,CT2-4486-04 80,Other type,416448604
/vessels/details/416013258,860073,Other type,416013258
/vessels/details/416002079,JINN SHYE CHERNG,Other type,416002079
/vessels/details/416015307,965008,Other type,416015307
/vessels/details/416008231,E-BA,Other type,416008231
/vessels/details/416006635,LAN JING NO.2,Other type,416006635
/vessels/details/4756138,TAIPEI,Patrol Vessel,4756138
/vessels/details/416295405,BK-05 90,Other type,416295405
/vessels/details/4756164,TAOYUAN,Patrol Vessel,4756164
/vessels/details/416015777,860108,Other type,416015777
/vessels/details/416016369,914205,Other type,416016369
/vessels/details/416014811,920050,Other type,416014811
/vessels/details/416009804,MING LIANQ NO.9,Port tender,416009804
/vessels/details/416002055,XIN HANG 6,HSC (HAZ-B),416002055
/vessels/details/4756114,HSINCHU,Patrol Vessel,4756114
/vessels/details/416014879,924502,Other type,416014879
/vessels/details/416004398,TIAN HAI,Other type,416004398
/vessels/details/416015949,860382,Other type,416015949
/vessels/details/416015372,969736,Other type,416015372
/vessels/details/4763765,PP-10097,Patrol Vessel,4763765
/vessels/details/416005318,TAHAN NO.6,Port tender,416005318
/vessels/details/416008888,0,Towing vessel (tow>200),416008888
/vessels/details/416058877,GMUJB GGDKP MI001,Pilot,416058877
/vessels/details/416058899,GMUJB GGDKP MI001,Pilot,416058899
/vessels/details/416015288,964843,Other type,416015288
/vessels/details/416015361,965681,Other type,416015361
/vessels/details/416012776,KUN DE,Other type,416012776
/vessels/details/416000388,1,HSC,416000388
/vessels/details/416008183,ECHO 4,Other type,416008183
/vessels/details/416386308,3863-08 100,Other type,416386308
/vessels/details/416013266,CL-1131,Other type,416013266
/vessels/details/416014619,8611V6,Other type,416014619
/vessels/details/4756152,MIAOLI,Patrol Vessel,4756152
/vessels/details/416292901,2929-01 84,Other type,416292901
/vessels/details/416883333,HAILIN,Other type,416883333
/vessels/details/416014931,928071,Other type,416014931
/vessels/details/416014905,927532,Other type,416014905
/vessels/details/8327624,PAO HSING,Patrol Vessel,8327624
/vessels/details/416015522,860262,Other type,416015522
/vessels/details/416015242,860176,Other type,416015242
/vessels/details/416006306,CAI JIAN NO.1,Diving ops,416006306
/vessels/details/416005866,EC605,Other type,416005866
/vessels/details/416587799,GMUJB GGDKP MI001,Pilot,416587799
/vessels/details/416012118,HWANG CHANG NO.11,Other type,416012118
/vessels/details/416001958,YU JIN NO.36,Other type,416001958
/vessels/details/416014351,861201,Other type,416014351
/vessels/details/7737858,HWA NYE NO. 4,Motor Hopper,7737858
/vessels/details/416905574,FU BIN 6,HSC (HAZ-B),416905574
/vessels/details/416001706,KMV NO. 06,Other type,416001706
/vessels/details/416014904,927531,Other type,416014904
/vessels/details/416009191,HAI TONG,Dredging or UW ops,416009191
/vessels/details/416013943,JIAO TONG NO.6,Port tender,416013943
/vessels/details/416448606,CT2-4486-06 78,Other type,416448606
/vessels/details/416003235,1,HSC,416003235
/vessels/details/416005854,982182,Other type,416005854
/vessels/details/416015583,965018,Other type,416015583
/vessels/details/416911979,YU ZHONG 1972,Other type,416911979
/vessels/details/416005587,1,HSC,416005587
/vessels/details/416071304,CTR-0713-04 46,Other type,416071304
/vessels/details/416006182,XIN JIN FENG NO.18,Port tender,416006182
/vessels/details/4756140,PINGTUNG,Patrol Vessel,4756140
/vessels/details/7213917,KAI FA NO. 1,Dredger,7213917
/vessels/details/416013307,915294,Other type,416013307
/vessels/details/4729082,YILAN,Patrol Vessel,4729082
/vessels/details/416016052,965447,Other type,416016052
/vessels/details/416448603,CT2-4486-03 68,Other type,416448603
/vessels/details/1055284,WIND EXPRESS 80,Offshore Tug/Supply Ship,1055284
/vessels/details/416014593,860318,Other type,416014593
/vessels/details/416015055,860033,Other type,416015055
/vessels/details/416016334,860322,Other type,416016334
/vessels/details/416014352,861326,Other type,416014352
/vessels/details/416131500,CHEN HSING NO.888,WIG,416131500
/vessels/details/8616702,FU HSING,Patrol Vessel,8616702
/vessels/details/416014885,924571,Other type,416014885
/vessels/details/416015289,964844,Other type,416015289
/vessels/details/416012774,YI ZHI YU NO.168,Other type,416012774
/vessels/details/416005158,LI TUNG,Other type,416005158
/vessels/details/416006536,00000000000000,Dredging or UW ops,416006536
/vessels/details/416015073,860387,Other type,416015073
/vessels/details/416015328,965197,Other type,416015328
/vessels/details/416419204,CT3-4192-A4 92,Other type,416419204
/vessels/details/1041740,CFA NO.1,Offshore Tug/Supply Ship,1041740
/vessels/details/416014364,965680,Other type,416014364
/vessels/details/416014832,921692,Other type,416014832
/vessels/details/416272209,HAI YU,Dredging or UW ops,416272209
/vessels/details/416012799,FENG CHENG NO.7,Dredging or UW ops,416012799
/vessels/details/416004558,969807,Other type,416004558
/vessels/details/416025574,FU BIN 6,HSC (HAZ-B),416025574
/vessels/details/416014886,924579,Other type,416014886
/vessels/details/416390107,CT2-3901-07 88,Other type,416390107
/vessels/details/416364197,AUXBZ89,Other type,416364197
/vessels/details/4763741,PP-10095,Patrol Vessel,4763741
/vessels/details/416343269,HONGCONGYE,WIG (HAZ-D),416343269
/vessels/details/416295409,BK-09 100,Other type,416295409
/vessels/details/416002424,DA JIN MAN NO.8,Other type,416002424
/vessels/details/416066556,00000000000000,Dredging or UW ops,416066556
/vessels/details/416016207,964016,Other type,416016207
/vessels/details/416390112,CT2-3901-12 88,Other type,416390112
/vessels/details/416015794,860163,Other type,416015794
/vessels/details/416009794,KUBI 1001,Other type,416009794
/vessels/details/416012745,YOU RONG NO.5,Other type,416012745
/vessels/details/416000690,Y U F A,HSC,416000690
/vessels/details/416602307,CT3-6023-07 89,Other type,416602307
/vessels/details/416014824,921054,Other type,416014824
/vessels/details/416016172,861236,Other type,416016172
/vessels/details/416014346,860148,Other type,416014346
/vessels/details/416014817,920753,Other type,416014817
/vessels/details/416012327,KANG HAO,Other type,416012327
/vessels/details/416014632,861302,Other type,416014632
/vessels/details/9927249,TIPM NO.22605,Offshore Tug/Supply Ship,9927249
/vessels/details/7925637,CHUNG KUNG NO. 9,Motor Hopper,7925637
/vessels/details/416614510,CT2-6145-10 55,Other type,416614510
/vessels/details/4763739,PP-10093,Patrol Vessel,4763739
/vessels/details/416004787,JUNG YUN NO5,Port tender,416004787
/vessels/details/416015859,964820,Other type,416015859
/vessels/details/416434503,CT3-4345-03 86,Other type,416434503
/vessels/details/416005688,TAIPEI PILOT BOAT3,Port tender,416005688
/vessels/details/416006668,ON DREAM NO.1,Other type,416006668
/vessels/details/416008181,ECHO 2,Other type,416008181
/vessels/details/416013309,GI YANG,Towing vessel,416013309
/vessels/details/416441196,MINLIANYU60401,Towing vessel (tow>200),416441196
/vessels/details/416000077,SH D16,Other type,416000077
/vessels/details/416609604,CT2-6096-04 80,Other type,416609604
/vessels/details/416016042,965201,Other type,416016042
/vessels/details/416033367,333-67 88,Other type,416033367
/vessels/details/8883587,TAIWAN NO. 10,Crane Ship,8883587
/vessels/details/416015884,969894,Other type,416015884
/vessels/details/416013267,CL-1132,Other type,416013267
/vessels/details/416002695,1,HSC,416002695
/vessels/details/416386310,CT1-3863-10 100,Other type,416386310
/vessels/details/416014924,927944,Other type,416014924
/vessels/details/416003167,1,HSC,416003167
/vessels/details/416005173,0 A A0,Other type,416005173
/vessels/details/416046363,DARK WARRIOR 0857,Other type,416046363
/vessels/details/416014639,861381,Other type,416014639
/vessels/details/416000182,924092,Other type,416000182
/vessels/details/4650566,KINMEN,Patrol Vessel,4650566
/vessels/details/416003334,TIAN HAI 668,Other type,416003334
/vessels/details/416015155,970940,Other type,416015155
/vessels/details/416003174,YU JIN NO 68,HSC,416003174
/vessels/details/416015782,860114,Other type,416015782
/vessels/details/416005714,GRIT MI88812,Pilot,416005714
/vessels/details/4650542,HO HSING,Patrol Vessel,4650542
/vessels/details/416015589,965103,Other type,416015589
/vessels/details/416596005,DENGDING005,Other type,416596005
/vessels/details/416010129,JIAO TONG NO.10,Other type,416010129
/vessels/details/416014369,969909,Other type,416014369
/vessels/details/416395544,DCIU.YING089 JOS,Other type,416395544
/vessels/details/4763777,PP-10098,Patrol Vessel,4763777
/vessels/details/416009285,CHANG AN NO.3,Dredging or UW ops,416009285
/vessels/details/416014362,965547,Other type,416014362
/vessels/details/416255804,UMO GREEN,HSC,416255804
/vessels/details/8327612,HAI PING,Patrol Vessel,8327612
/vessels/details/416016475,965672,Other type,416016475
/vessels/details/416012964,HUNG SHENG NO.1,Other type,416012964
/vessels/details/416614507,CT2-6145-07 57,Other type,416614507
/vessels/details/4756126,YUNLIN,Patrol Vessel,4756126
/vessels/details/9170212,PP-906,Patrol Vessel,9170212
/vessels/details/416015233,860106,Other type,416015233
/vessels/details/8022353,CHUNG SHIA,Crew Boat,8022353
/vessels/details/416002638,1,HSC,416002638
/vessels/details/416014863,924226,Other type,416014863
/vessels/details/416002006,CTR-TT-0020-06 96,Other type,416002006
/vessels/details/416272027,2720-27 83,Other type,416272027
/vessels/details/416001785,KUEN SHIN,Other type,416001785
/vessels/details/4756176,TAITUNG,Patrol Vessel,4756176
/vessels/details/416014876,924466,Other type,416014876
/vessels/details/416005477,HONG WEI NO.8,Towing vessel,416005477
/vessels/details/416005845,JUNG HSING NO.8,Other type,416005845
/vessels/details/416394588,2,HSC,416394588
/vessels/details/416013197,SWAN02,Other type,416013197
/vessels/details/416014607,860400,Other type,416014607
/vessels/details/416016481,965710,Other type,416016481
/vessels/details/416012963,JUN YANG NO.9,Other type,416012963
/vessels/details/416614504,CT2-6145-04 66,Other type,416614504
/vessels/details/416016257,09865375,Dredging or UW ops,416016257
/vessels/details/416009017,DOUBLEUP,Other type,416009017
/vessels/details/416126000,WANHAI103,Other type,416126000
/vessels/details/416014903,927036,Other type,416014903
/vessels/details/416016838,965224,Other type,416016838
/vessels/details/416015152,969937,Other type,416015152
/vessels/details/416015779,860111,Other type,416015779
/vessels/details/416004072,FENG WEI TENG NO.3,Other type,416004072
/vessels/details/416399808,CTR-3998-8 61,Other type,416399808
/vessels/details/416016496,969861,Other type,416016496
/vessels/details/416014801,GRANDOCEAN,Other type,416014801
/vessels/details/416055688,STAR,Other type,416055688
/vessels/details/416014822,921015,Other type,416014822
/vessels/details/8032982,CHUNG 203,Motor Hopper,8032982
/vessels/details/416010807,COOBY 1003,Other type,416010807
/vessels/details/9170573,PP-907,Patrol Vessel,9170573
/vessels/details/4650554,WEI HSUNG,Patrol Vessel,4650554
/vessels/details/416305222,MACARON,HSC,416305222
/vessels/details/416004791,YI MIN NO.8,Towing vessel,416004791
/vessels/details/4756102,CHIAYI,Patrol Vessel,4756102
/vessels/details/416009791,WHANG CHANG NO.53,Towing vessel,416009791
/vessels/details/416211838,ARAMBOY138,Other type,416211838
/vessels/details/416010426,FONG CING OCEAN,Diving ops,416010426
/vessels/details/416006142,CHUN YANG NO.2,Dredging or UW ops,416006142
/vessels/details/416016799,964316,Other type,416016799
/vessels/details/416013268,CL-1133,Other type,416013268
/vessels/details/416091018,PPF 1018 LOT,Diving ops,416091018
/vessels/details/416015518,860253,Other type,416015518
/vessels/details/416015545,NORTHSTARNO.1,Other type,416015545
/vessels/details/416014839,923200,Other type,416014839
/vessels/details/416014361,965520,Other type,416014361
/vessels/details/416123888,NKMU,Other type,416123888
/vessels/details/1048085,OCEANUS 1,Cable Layer,1048085
/vessels/details/416014377,981449,Other type,416014377
/vessels/details/416050044,50044,Dredging or UW ops,416050044
/vessels/details/416015763,860047,Other type,416015763
/vessels/details/416014834,921764,Other type,416014834
/vessels/details/4764719,PP-10070,Patrol Vessel,4764719
/vessels/details/416009774,LUCKY STAR,Other type,416009774
/vessels/details/1049601,HWANG CHANG 33,Motor Hopper,1049601
/vessels/details/416005487,YAN WEN HONG,HSC (HAZ-B),416005487
/vessels/details/416088812,Y U F A,Pilot,416088812
/vessels/details/416007495,JIA XIN NO 1,Other type,416007495
/vessels/details/416006788,TAHAN NO.8,Port tender,416006788
/vessels/details/416015373,969740,Other type,416015373
/vessels/details/8927008,PP-901,Patrol Vessel,8927008
/vessels/details/1076290,TSS CRUISER,Work/Repair Vessel,1076290
/vessels/details/416015788,860140,Other type,416015788
/vessels/details/416014597,860327,Other type,416014597
/vessels/details/416011314,HWANG CHANG NO.6,Other type,416011314
/vessels/details/416210008,DASHUNXING8-4 81,Other type,416210008
/vessels/details/416004895,CHI JIAN NO.8,Diving ops,416004895
/vessels/details/416626008,CT2-6260-08 96,Other type,416626008
/vessels/details/416014347,860156,Other type,416014347
/vessels/details/8521555,CHUNG 204,Motor Hopper,8521555
/vessels/details/9637844,TAI NAN,Patrol Vessel,9637844
/vessels/details/416033552,00000000000000,Dredging or UW ops,416033552
/vessels/details/416014662,964046,Other type,416014662
/vessels/details/416003712,DONG LIAN NO.2,Other type,416003712
/vessels/details/416394570,HAI KUNG 12,HSC,416394570
/vessels/details/416014918,927701,Other type,416014918
/vessels/details/416434535,4345-35 96,Other type,416434535
/vessels/details/416014798,860149,Other type,416014798
/vessels/details/9385374,PP-10029,Patrol Vessel,9385374
/vessels/details/416012638,CHUNG CHENG NO.8,Port tender,416012638
/vessels/details/416002782,SHENQ YUNN NO.1,Other type,416002782
/vessels/details/416431610,4316-10 72,Other type,416431610
/vessels/details/416003504,JINJINFU,Other type,416003504
/vessels/details/416014899,926921,Other type,416014899
/vessels/details/416012302,SL168,Other type,416012302
/vessels/details/416014938,928304,Other type,416014938
/vessels/details/416016455,965248,Other type,416016455
/vessels/details/416006257,SHENGTUFA,HSC (HAZ-A),416006257
/vessels/details/416272004,CTR-TT-2720-04 100,Other type,416272004
/vessels/details/416005959,CHP1,HSC,416005959
/vessels/details/416058777,GMUJB GGDKP MI001,Pilot,416058777
/vessels/details/416014907,927534,Other type,416014907
/vessels/details/416448605,CT2-4486-05 75,Other type,416448605
/vessels/details/416003845,FONG WUN,Other type,416003845
/vessels/details/416012904,CG612,Unknown,416012904
/vessels/details/416008051,CP-10001,Unknown,416008051
/vessels/details/416152020,416152020,Unknown,416152020
/vessels/details/416003673,0000093,Unknown,416003673
/vessels/details/416009538,CHYUAN JYI FWU,Unknown,416009538
/vessels/details/416006374,SEA AND LAND NO.8,Unknown,416006374
/vessels/details/416006663,JIA CHANG,Unknown,416006663
/vessels/details/416005168,FALIT,Unknown (HAZ-D),416005168
/vessels/details/416009465,JIAN NAN NO.6,Unknown,416009465
/vessels/details/416006637,MING LUNG NO 2,Unknown,416006637
/vessels/details/416004352,TIPM 15401,Unknown,416004352
/vessels/details/416002717,TAHAN NO.2,Unknown,416002717
/vessels/details/416004813,JI SHUN NO 8,Unknown,416004813
/vessels/details/416004122,SHUN LI NO18,Unknown,416004122
/vessels/details/416001479,JENQ CHANG FA,Unknown,416001479
/vessels/details/416005369,KING RUEI LOONG,Unknown,416005369
/vessels/details/416009335,XIANG CHENG,Unknown,416009335
/vessels/details/416003157,PRINCESS NO.268,Unknown,416003157
/vessels/details/416000041,JAN AN NO.1,Unknown,416000041
/vessels/details/416588188,MING FA 188,Unknown (HAZ-B),416588188
/vessels/details/416004306,PP 10050,Unknown,416004306
/vessels/details/416000762,HAI HUAN,Unknown,416000762
/vessels/details/416008964,G66 6,Unknown,416008964
/vessels/details/416005024,JIUH LONG NO 2,Unknown,416005024
/vessels/details/416006269,WAN CHN NO5,Unknown,416006269
/vessels/details/416008856,CP-10002,Unknown,416008856
/vessels/details/416009434,TONG MING NO.7,Unknown,416009434
/vessels/details/416002907,PYI JEOU WEI FENG,Unknown,416002907
/vessels/details/416006718,HWANG CHANG NO.8,Unknown,416006718
/vessels/details/416002884,KUAY LEH GONG JUU,Unknown,416002884
/vessels/details/416006284,YA MAN NI NO.168,Unknown,416006284
/vessels/details/416000043,TAO YU NO 5,Unknown,416000043
/vessels/details/416002821,TUNG LONG NO.9,Unknown,416002821
/vessels/details/416006026,CHAU HSEN NO 813,Unknown,416006026
/vessels/details/416008905,TAI CHIN 307,Unknown,416008905
/vessels/details/416006222,HAI AN NO.18,Unknown,416006222
/vessels/details/416000000,0,Unknown,416000000
/vessels/details/416004003,DAH TONG 8,Unknown (HAZ-B),416004003
/vessels/details/416006774,SOUTHNORTH STAR 2,Unknown,416006774
/vessels/details/416002346,JIN DER TSAI,Unknown,416002346
/vessels/details/416009466,JIAN NAN NO.12,Unknown,416009466
/vessels/details/416010464,CG611,Unknown,416010464
/vessels/details/416009467,TONG MING NO.11,Unknown,416009467
/vessels/details/416009592,SHYANG SHUENN,Unknown,416009592
/vessels/details/416002912,HARNG HAE JIA NO.16,Unknown,416002912
/vessels/details/416004004,DONG YEN NO.AIVDO,Unknown,416004004
/vessels/details/416005914,WOEN JINN NO13,Unknown,416005914
/vessels/details/416004603,TIPM NO.15402,Unknown,416004603
/vessels/details/416664000,SHANG MANG,Unknown,416664000
/vessels/details/416006955,CG603,Unknown,416006955
/vessels/details/416012117,THETIS,Unknown,416012117
/vessels/details/416006611,TAI HSING NO.1,Unknown,416006611
/vessels/details/416009303,YA CHANG OG.19,Unknown,416009303
/vessels/details/416004905,PP-10057,Unknown,416004905
/vessels/details/416006629,HWANG CHANG NO.7,Unknown,416006629
/vessels/details/416005091,BHE,Unknown,416005091
/vessels/details/416175500,HWA CHIH NO.222 AIVD,Unknown,416175500
/vessels/details/416004298,JYUN HAO,Unknown,416004298
/vessels/details/416000093,AIS TEST,Unknown,416000093
/vessels/details/416003558,LIAN JYI YIH NO1,Unknown,416003558
/vessels/details/416009354,TAI JI JHIH SING NO3,Unknown,416009354
/vessels/details/416009065,CP-10006,Unknown,416009065
/vessels/details/416006818,SHIN JIANN TSAIR,Unknown,416006818
/vessels/details/416005045,GOLD STAR NO.5,Unknown,416005045
/vessels/details/416003508,KINGBADA NO2,Unknown,416003508
/vessels/details/416006218,HAI AN NO.8,Unknown,416006218
/vessels/details/416003609,AO HSING NO36-09-84,Unknown,416003609
/vessels/details/416000996,TE HSIANG 1,Unknown,416000996
/vessels/details/416009432,TONG MING NO.1,Unknown,416009432
/vessels/details/416004366,G TIE 101,Unknown (HAZ-B),416004366
/vessels/details/416009198,BETTY,Unknown,416009198
/vessels/details/416006996,CG5003,Unknown,416006996
/vessels/details/416004223,CING YANG NO.11,Unknown,416004223
/vessels/details/416122222,12,Unknown,416122222
/vessels/details/416008855,WOEN JINN NO6,Unknown,416008855
/vessels/details/416105700,99,Unknown,416105700
/vessels/details/416009433,TONG MING NO.6,Unknown,416009433
/vessels/details/416002714,QINGXIN60027-14 30,Unknown,416002714
/vessels/details/416445000,CG 126,Unknown,416445000
/vessels/details/416003268,S13 HAI TUN,Unknown,416003268
/vessels/details/416311000,SHYE CHAN NO.6,Unknown,416311000
/vessels/details/416000050,CHAU HSEN NO 2,Unknown,416000050
/vessels/details/416009436,JIAN NAN NO.22,Unknown,416009436
/vessels/details/416246700,AN WEN FA NO 888,Unknown,416246700
/vessels/details/416005023,CHAU HSEN NO 22,Unknown,416005023
/vessels/details/416000061,CHANG AN NO.2,Unknown,416000061
/vessels/details/416004201,KAO 142,Unknown,416004201
/vessels/details/416003491,AN-TON NO.1,Unknown,416003491
/vessels/details/416004167,CHIA KIN NO.2,Unknown,416004167
/vessels/details/416004871,PP-10055,Unknown,416004871
/vessels/details/416004525,WOEN JINN NO-16,Unknown,416004525
/vessels/details/416175900,BAO SHAN NO.1,Unknown,416175900
/vessels/details/416006234,QING WAN NO.1,Unknown,416006234
/vessels/details/416012077,HWANG CHANG NO.101,Unknown,416012077
/vessels/details/416009435,TONG MING NO.25,Unknown,416009435
/vessels/details/416004602,TIPM NO.15401,Unknown,416004602
/vessels/details/416006582,HWANG CHANG NO.106,Unknown,416006582
/vessels/details/416005253,YUNG AN NO8,Unknown,416005253
/vessels/details/416000002,CT2-5253-1-285,Unknown,416000002
/vessels/details/416004118,PP 10033,Unknown,416004118
/vessels/details/416002831,668,Unknown,416002831
/vessels/details/416076000,CG5005,Unknown,416076000
/vessels/details/416000038,CT3-3291-416-38-99,Unknown,416000038
/vessels/details/416004812,CHENG FENG NO1,Unknown,416004812
/vessels/details/416006384,LIAN YIH,Unknown,416006384
/vessels/details/416004537,SHYE SHING,Unknown,416004537
/vessels/details/416003931,KAO 906,Unknown,416003931
/vessels/details/416006597,HWANG CHANG NO.105,Unknown,416006597
/vessels/details/416001215,LUDONYU60012-15-73,Unknown,416001215
/vessels/details/416003381,HAI PENG NO2,Unknown (HAZ-A),416003381
/vessels/details/416006596,JING CHEN HAO,Unknown,416006596
/vessels/details/416008942,CP-10005,Unknown,416008942
/vessels/details/416005198,VICTORIA,Unknown,416005198
/vessels/details/416002733,YA DIAO NO.2,Unknown,416002733
/vessels/details/416572201,YUJIN128NET-01-99,Unknown,416572201
/vessels/details/416026002,XINMANMAN026-0288,Unknown,416026002
/vessels/details/416956595,9565-9585,Unknown,416956595
/vessels/details/416888815,8888-1579,Unknown,416888815
/vessels/details/416005808,LIDONGYU60058-8-36,Unknown,416005808
/vessels/details/416070757,CTR-PT3417,Unknown,416070757
/vessels/details/416125817,LDY70023-3-75,Unknown,416125817
/vessels/details/416009405,LYU SI GUEI NO.2,Unknown,416009405
/vessels/details/416553502,416553502-91,Unknown,416553502
/vessels/details/416026019,XINMANMAN026-1916,Unknown,416026019
/vessels/details/416888802,8888-02-45,Unknown,416888802
/vessels/details/416763309,TIEMAOWANG67633-9,Unknown,416763309
/vessels/details/416253327,03150,Unknown,416253327
/vessels/details/416431701,QIXING2HAO-165,Unknown,416431701
/vessels/details/416538877,55581-17-96,Unknown,416538877
/vessels/details/416206710,62067-10-65,Unknown,416206710
/vessels/details/416016807,DA FA 168-07-71,Unknown,416016807
/vessels/details/416588906,5889-0693,Unknown,416588906
/vessels/details/416037604,CT0-3760-472,Unknown,416037604
/vessels/details/416531888,87686,Unknown,416531888
/vessels/details/416888805,87,Unknown,416888805
/vessels/details/416025352,11111,Unknown,416025352
/vessels/details/416602105,602105-93,Unknown,416602105
/vessels/details/416434537,4345-37 12V0,Unknown,416434537
/vessels/details/416606893,6068-9326,Unknown,416606893
/vessels/details/416346901,CT3-3469-BUOY-1-82,Unknown,416346901
/vessels/details/416008308,NIAO YU,Unknown,416008308
/vessels/details/416032011,4160-1199,Unknown,416032011
/vessels/details/416068624,LUJIAOYU60686-24,Unknown,416068624
/vessels/details/416012801,CTR-HL-0128-0160,Unknown,416012801
/vessels/details/416159936,MINLIANYU61599-90,Unknown,416159936
/vessels/details/416602109,602109-97,Unknown,416602109
/vessels/details/416700056,56-7,Unknown,416700056
/vessels/details/416000034,CT3-3291-416-34-99,Unknown,416000034
/vessels/details/416011208,11208-5 7V5,Unknown,416011208
/vessels/details/416194203,TIELONG-01942-03-79,Unknown,416194203
/vessels/details/416008132,NET-57,Unknown,416008132
/vessels/details/416668885,666888576,Unknown,416668885
/vessels/details/416272003,CTR-TT-2720-03 83,Unknown,416272003
/vessels/details/416474511,CT318667-BUOY-11-99,Unknown,416474511
/vessels/details/416391610,RONGTONG82-2,Unknown,416391610
/vessels/details/416070017,TAILONG00881-2-99,Unknown,416070017
/vessels/details/416011115,11115-627,Unknown,416011115
/vessels/details/416567155,5671-5516,Unknown,416567155
/vessels/details/416010524,SHIN FWU SHENQ,Unknown,416010524
/vessels/details/416556610,5566-10-62,Unknown,416556610
/vessels/details/416770003,JINFA36-375,Unknown,416770003
/vessels/details/416122128,11111,Unknown,416122128
/vessels/details/416385821,CT23858-21,Unknown,416385821
/vessels/details/416086500,V,Unknown,416086500
/vessels/details/416213903,4162139-3-90,Unknown,416213903
/vessels/details/416728913,7289-1377,Unknown,416728913
/vessels/details/416214528,CHEN,Unknown,416214528
/vessels/details/416245672,HSD-NET-48,Unknown,416245672
/vessels/details/416205111,05111-2,Unknown,416205111
/vessels/details/416016416,964436,Unknown,416016416
/vessels/details/416071714,CTR PT3037,Unknown,416071714
/vessels/details/416401382,JIAXIANG66-99,Unknown,416401382
/vessels/details/416928602,9286-0281,Unknown,416928602
/vessels/details/416006207,JIN BA DA NO.8,Unknown,416006207
/vessels/details/416122760,22760,Unknown,416122760
/vessels/details/416867802,8678-0244,Unknown,416867802
/vessels/details/416037010,AO HSING NO37-10-89,Unknown,416037010
/vessels/details/416588909,5889-0956,Unknown,416588909
/vessels/details/416199715,TIELONG61779-15-52,Unknown,416199715
/vessels/details/416089417,62,Unknown,416089417
/vessels/details/416222203,2222-0388,Unknown,416222203
/vessels/details/416574908,CT2-5749-0899,Unknown,416574908
/vessels/details/416005992,YU SHAN GAANGWAY1157,Unknown,416005992
/vessels/details/416553523,553523,Unknown,416553523
/vessels/details/416867812,8678-12-46,Unknown,416867812
/vessels/details/416448607,CT2-4486-0786,Unknown,416448607
/vessels/details/416997723,MINLY69977-23-80,Unknown,416997723
/vessels/details/416106301,CTR TT-0433-A155,Unknown,416106301
/vessels/details/416561759,5617-5979,Unknown,416561759
/vessels/details/416915125,000 00,Unknown,416915125
/vessels/details/416004502,CTR-TT-0045-0291,Unknown,416004502
/vessels/details/416015502,860132,Unknown,416015502
/vessels/details/416419215,CT3-4192-BUOY-15-91,Unknown,416419215
/vessels/details/416402504,X4- 99,Unknown,416402504
/vessels/details/416015186,JIN FUH CHERNG,Unknown,416015186
/vessels/details/416564606,CO L 05 A1 P2-54,Unknown,416564606
/vessels/details/416501294,TIELONG-01559-30-56,Unknown,416501294
/vessels/details/416525897,368,Unknown,416525897
/vessels/details/416318705,416318705-99,Unknown,416318705
/vessels/details/416002068,4160-6897,Unknown,416002068
/vessels/details/416878787,ELLA,Unknown,416878787
/vessels/details/416383840,3837-40-99,Unknown,416383840
/vessels/details/416067006,CTR HL0042,Unknown,416067006
/vessels/details/416309102,CT1-3091-BUOY-02-60,Unknown,416309102
/vessels/details/416035030,QI FAN 2 HAO-0-46,Unknown,416035030
/vessels/details/416399807,CTR-3998-7 68,Unknown,416399807
/vessels/details/416902703,69027-3,Unknown,416902703
/vessels/details/416333364,33364,Unknown,416333364
/vessels/details/416904310,69043-10-91,Unknown,416904310
/vessels/details/416997726,MINLY69977-26-96,Unknown,416997726
/vessels/details/416460020,CT2-4600-20 7V3,Unknown,416460020
/vessels/details/416060103,TAILONG00881-4,Unknown,416060103
/vessels/details/416130003,4161-3433,Unknown,416130003
/vessels/details/416350311,QI FAN 2 HAO-11-86,Unknown,416350311
/vessels/details/416574901,CT2-5749-0191,Unknown,416574901
/vessels/details/416733358,7333-5858,Unknown,416733358
/vessels/details/416071876,CHEN,Unknown,416071876
/vessels/details/416159913,YANSHENGDIAO-13-65,Unknown,416159913
/vessels/details/416186540,WAG NO C,Unknown,416186540
/vessels/details/416886066,BUOY80,Unknown,416886066
/vessels/details/416000538,SHIN FANG 66,Unknown,416000538
/vessels/details/416017823,0178-2364,Unknown,416017823
/vessels/details/416000320,TIELONG-01826-05-92,Unknown,416000320
/vessels/details/416447851,1957,Unknown,416447851
/vessels/details/416990001,9V,Unknown,416990001
/vessels/details/416511813,5118-13-96,Unknown,416511813
/vessels/details/416071144,JIN CUN HAO,Unknown,416071144
/vessels/details/416777031,88305-19-50,Unknown,416777031
/vessels/details/416695810,695810 87,Unknown,416695810
/vessels/details/416501290,TIELONG-01559-26-90,Unknown,416501290
/vessels/details/416431608,4316-0899,Unknown,416431608
/vessels/details/416419706,LURUYU64197-681,Unknown,416419706
/vessels/details/416060722,LUJIAOYU606072-94,Unknown,416060722
/vessels/details/416511808,5118-0826,Unknown,416511808
/vessels/details/416058034,GTS-5707-99,Unknown,416058034
/vessels/details/416013604,YEU HARN,Unknown,416013604
/vessels/details/416600303,FENGYU1HAO-390,Unknown,416600303
/vessels/details/416001818,6,Unknown,416001818
/vessels/details/416129215,1292-15-93,Unknown,416129215
/vessels/details/416001212,HSINGYUHSIANG,Unknown,416001212
/vessels/details/416175608,TIELONG61756-08-99,Unknown,416175608
/vessels/details/416275812,2758-12-36,Unknown,416275812
/vessels/details/416556604,5566-0480,Unknown,416556604
/vessels/details/416132005,416-1320-05-98,Unknown,416132005
/vessels/details/416222218,2222-18-77,Unknown,416222218
/vessels/details/416132006,416-1320-06-99,Unknown,416132006
/vessels/details/416002008,CT3561O,Unknown,416002008
/vessels/details/416553510,416553510-74,Unknown,416553510
/vessels/details/416360734,FUYU4163607-34-83,Unknown,416360734
/vessels/details/416660596,BAILONG,Unknown,416660596
/vessels/details/416614501,CT2-6145-0181,Unknown,416614501
/vessels/details/416015623,ABBA,Unknown,416015623
/vessels/details/416199707,TIELONG61997-07-84,Unknown,416199707
/vessels/details/416904312,69043-12-51,Unknown,416904312
/vessels/details/416004295,WANN LII JR SHING,Unknown,416004295
/vessels/details/416066996,CTR TT0034,Unknown,416066996
/vessels/details/416805494,XIN YU FA 868,Unknown,416805494
/vessels/details/416181818,18,Unknown,416181818
/vessels/details/416383825,3838-2592,Unknown,416383825
/vessels/details/416232317,2323-1799,Unknown,416232317
/vessels/details/416456318,12345-18-90,Unknown,416456318
/vessels/details/416121459,8766,Unknown,416121459
/vessels/details/416346908,CT3-3469-BUOY-8-99,Unknown,416346908
/vessels/details/416272007,2720-07-92,Unknown,416272007
/vessels/details/416016820,DA FA 168-20-62,Unknown,416016820
/vessels/details/416132003,416-1320-03-99,Unknown,416132003
/vessels/details/416448611,CT2-4486-1155,Unknown,416448611
/vessels/details/416071736,CTR-PT3755,Unknown,416071736
/vessels/details/416374704,3747-04-79,Unknown,416374704
/vessels/details/416292906,2929-0674,Unknown,416292906
/vessels/details/416448610,CT2-4486-1049,Unknown,416448610
/vessels/details/416888822,8888-22-01,Unknown,416888822
/vessels/details/416292908,2929-0886,Unknown,416292908
/vessels/details/416186336,MINLIANYU61863-68,Unknown,416186336
/vessels/details/416886044,BUOY71,Unknown,416886044
/vessels/details/416159939,MINLIANYU61599-81,Unknown,416159939
/vessels/details/416112137,1121-37-51,Unknown,416112137
/vessels/details/416008085,DONG PO NO.36,Unknown,416008085
/vessels/details/416001218,LUDONYU60012-18-69,Unknown,416001218
/vessels/details/416888819,8888-1958,Unknown,416888819
/vessels/details/416001369,JIN LON NO99,Unknown,416001369
/vessels/details/416071734,CTR PT3685,Unknown,416071734
/vessels/details/416010156,LUJIAOYU60101-19 50,Unknown,416010156
/vessels/details/416129201,1292-01-92,Unknown,416129201
/vessels/details/416997705,MINLY69977-05-67,Unknown,416997705
/vessels/details/416333313,3333-1384,Unknown,416333313
/vessels/details/416003618,AO HSING NO36-18-95,Unknown,416003618
/vessels/details/416555612,69,Unknown,416555612
/vessels/details/416232318,2323-1898,Unknown,416232318
/vessels/details/416383807,38380742,Unknown,416383807
/vessels/details/416528826,5288-26-29,Unknown,416528826
/vessels/details/416017828,0177-28-57,Unknown,416017828
/vessels/details/416998903,9989-3-77,Unknown,416998903
/vessels/details/416009500,YOU SHINN NO.2,Unknown,416009500
/vessels/details/416009202,DE JIA,Unknown,416009202
/vessels/details/416014936,928250,Unknown,416014936
/vessels/details/416292907,2929-0769,Unknown,416292907
/vessels/details/416575706,416575706,Unknown,416575706
/vessels/details/416009635,HER CHINQ LONG,Unknown,416009635
/vessels/details/416888814,8888-14-69,Unknown,416888814
/vessels/details/416501284,TIELONG-01559-20-93,Unknown,416501284
/vessels/details/416360730,FUYU4163607-30-81,Unknown,416360730
/vessels/details/416528822,5288-2239,Unknown,416528822
/vessels/details/416575705,416575705,Unknown,416575705
/vessels/details/416416417,94,Unknown,416416417
/vessels/details/416070085,CTR-PT2928,Unknown,416070085
/vessels/details/416383820,38382099,Unknown,416383820
/vessels/details/416777037,88305-12-77,Unknown,416777037
/vessels/details/416558861,35071-1-80,Unknown,416558861
/vessels/details/416295417,AK-17,Unknown,416295417
/vessels/details/416016806,DA FA 168-06-70,Unknown,416016806
/vessels/details/416232311,2323-1152,Unknown,416232311
/vessels/details/416904305,96043-5-89,Unknown,416904305
/vessels/details/416186309,TIELONG61863-9-99,Unknown,416186309
/vessels/details/416012566,CTS006585,Unknown,416012566
/vessels/details/416422903,416422903 9V,Unknown,416422903
/vessels/details/416733356,7333-5670,Unknown,416733356
/vessels/details/416087103,CTR-TT-0871-0388,Unknown,416087103
/vessels/details/416416416,99,Unknown,416416416
/vessels/details/416037008,AO HSING NO37-08-77,Unknown,416037008
/vessels/details/416402509,X9- 99,Unknown,416402509
/vessels/details/416009625,SHING JYH CHERNG NO2,Unknown,416009625
/vessels/details/416497669,STF-6986,Unknown,416497669
/vessels/details/416071493,CTR PT4524,Unknown,416071493
/vessels/details/416009468,HWA SHING,Unknown,416009468
/vessels/details/416318703,416318703-53,Unknown,416318703
/vessels/details/416016810,DA FA 168-10-70,Unknown,416016810
/vessels/details/416003175,JANG BIN NO1,Unknown,416003175
/vessels/details/416553524,553524 87,Unknown,416553524
/vessels/details/416474512,CT318667-BUOY-12-99,Unknown,416474512
/vessels/details/416497666,STF-6682,Unknown,416497666
/vessels/details/416561755,5617-5577,Unknown,416561755
/vessels/details/416402175,JIAXIANG66-99,Unknown,416402175
/vessels/details/416280017,SHUN LI 28 6V,Unknown,416280017
/vessels/details/416016592,RYH FA NO.168,Unknown,416016592
/vessels/details/416777218,YUBIAO 07772-18,Unknown,416777218
/vessels/details/416959156,9591-5649,Unknown,416959156
/vessels/details/416071301,CTR 0713 01-99,Unknown,416071301
/vessels/details/416089013,78,Unknown,416089013
/vessels/details/416576901,CT35769-01,Unknown,416576901
/vessels/details/416416803,12772-99,Unknown,416416803
/vessels/details/416602104,602104-90,Unknown,416602104
/vessels/details/416728904,7289-0479,Unknown,416728904
/vessels/details/416040922,40922,Unknown,416040922
/vessels/details/416672349,FUHAI2-50,Unknown,416672349
/vessels/details/416009572,JYI SHYANG NO16,Unknown,416009572
/vessels/details/416033526,DISCOVERY,Unknown,416033526
/vessels/details/416092600,PP-3562,Unknown,416092600
/vessels/details/416556602,5566-0258,Unknown,416556602
/vessels/details/416295407,BK-0792,Unknown,416295407
/vessels/details/416888830,8888-3057,Unknown,416888830
/vessels/details/416115653,1156-5391,Unknown,416115653
/vessels/details/416480101,LONGLINE BUOY-01-99,Unknown,416480101
/vessels/details/416002784,SHUENN SHING 268,Unknown,416002784
/vessels/details/416627627,DAN CHIANG,Unknown,416627627
/vessels/details/416088607,64,Unknown,416088607
/vessels/details/416577502,XINHONG168-299,Unknown,416577502
/vessels/details/416000470,FENGLI101-64,Unknown,416000470
/vessels/details/416008919,LIAN JYI YIH NO1,Unknown,416008919
/vessels/details/416555904,CT3-5559-NO-0499,Unknown,416555904
/vessels/details/416497672,STF-72-84,Unknown,416497672
/vessels/details/416292911,2929-11-43,Unknown,416292911
/vessels/details/416211241,WANG11241-6-80,Unknown,416211241
/vessels/details/416006648,SEIRA 90,Unknown,416006648
/vessels/details/416000999,123,Unknown,416000999
/vessels/details/416014909,927580,Unknown,416014909
/vessels/details/416579627,65796-278.2V,Unknown,416579627
/vessels/details/416399813,CT2-3998-1399,Unknown,416399813
/vessels/details/416024273,JIN FU SHIAN,Unknown,416024273
/vessels/details/416113003,123 91,Unknown,416113003
/vessels/details/416823528,235-28 96,Unknown,416823528
/vessels/details/416026009,XINMANMAN026-0943,Unknown,416026009
/vessels/details/416005633,KUROSHIO ONE,Unknown,416005633
/vessels/details/416893313,TIELONG68933-13-49,Unknown,416893313
/vessels/details/416004605,SHENG SHYANG MAAN 6,Unknown,416004605
/vessels/details/416067005,CTR PT3895,Unknown,416067005
/vessels/details/416295411,AK2954-1110,Unknown,416295411
/vessels/details/416383806,38380698,Unknown,416383806
/vessels/details/416497609,CT3-4976-0999,Unknown,416497609
/vessels/details/416211919,62119-19,Unknown,416211919
/vessels/details/416591502,591502 88,Unknown,416591502
/vessels/details/416066995,CTR CI1321,Unknown,416066995
/vessels/details/416280020,SHUN LI 28 3V,Unknown,416280020
/vessels/details/416601611,03610,Unknown (HAZ-A),416601611
/vessels/details/416602318,4166023-18 90,Unknown,416602318
/vessels/details/416233585,33585,Unknown,416233585
/vessels/details/416592314,CT2-5923-1434,Unknown,416592314
/vessels/details/416280010,SHUN LI 28 8V,Unknown,416280010
/vessels/details/416067021,HONG CHENG,Unknown,416067021
/vessels/details/416071705,CTR-PT2279,Unknown,416071705
/vessels/details/416497674,STF-74-99,Unknown,416497674
/vessels/details/416402520,X20 98,Unknown,416402520
/vessels/details/416100935,4161-14-92,Unknown,416100935
/vessels/details/416119668,0,Unknown,416119668
/vessels/details/416159943,MINLIANYU61599-79,Unknown,416159943
/vessels/details/416000642,WANN LII JR SHING,Unknown,416000642
/vessels/details/416464618,4646-1841,Unknown,416464618
/vessels/details/416511816,5118-1637,Unknown,416511816
/vessels/details/416005021,YACHTNAMC,Unknown,416005021
/vessels/details/416777219,YUBIAO 07772-19,Unknown,416777219
/vessels/details/416240800,JHAO FONG,Unknown,416240800
/vessels/details/416004202,RIS101-2 4V,Unknown,416004202
/vessels/details/416037005,AO HSING NO37-05-61,Unknown,416037005
/vessels/details/416136769,0,Unknown,416136769
/vessels/details/416600304,FENGYU1HAO-445,Unknown,416600304
/vessels/details/416733359,7333-5991,Unknown,416733359
/vessels/details/416525879,123,Unknown,416525879
/vessels/details/416146704,KF817016 82,Unknown,416146704
/vessels/details/416089274,4160-74-99,Unknown,416089274
/vessels/details/416088203,86,Unknown,416088203
/vessels/details/416213904,416213904,Unknown,416213904
/vessels/details/416026008,XINMANMAN026-0899,Unknown,416026008
/vessels/details/416175805,1758-05-76,Unknown,416175805
/vessels/details/416009556,TZAY SHING FA NO2,Unknown,416009556
/vessels/details/416014556,AJI,Unknown,416014556
/vessels/details/416449201,CT2-4492-BUOY-01-92,Unknown,416449201
/vessels/details/416112126,1121-2686,Unknown,416112126
/vessels/details/416272014,2720-14-90,Unknown,416272014
/vessels/details/416733353,7333-5309,Unknown,416733353
/vessels/details/416135952,0,Unknown,416135952
/vessels/details/416001095,CHINQ JUH,Unknown,416001095
/vessels/details/416501287,TIELONG-01559-23-77,Unknown,416501287
/vessels/details/416733361,7333-6179,Unknown,416733361
/vessels/details/416067008,CTR HL0435,Unknown,416067008
/vessels/details/416005814,LIDONGYU60058-14-57,Unknown,416005814
/vessels/details/416564605,CO L 05 A1 P1-74,Unknown,416564605
/vessels/details/416011141,LIAN HARNG NO.2,Unknown,416011141
/vessels/details/416112127,1121-27-19,Unknown,416112127
/vessels/details/416100010,AIS BUOY67,Unknown,416100010
/vessels/details/416333302,3333-0275,Unknown,416333302
/vessels/details/416088888,PTW,Unknown,416088888
/vessels/details/416071724,CTR-PT3386,Unknown,416071724
/vessels/details/416232306,2323-0693,Unknown,416232306
/vessels/details/416591503,591503100,Unknown,416591503
/vessels/details/416501285,TIELONG-01559-21-81,Unknown,416501285
/vessels/details/416314408,FENGLI-8-95,Unknown,416314408
/vessels/details/416497667,STF-6785,Unknown,416497667
/vessels/details/416888807,8888-0749,Unknown,416888807
/vessels/details/416006638,HWANG CHANG NO.100,Unknown,416006638
/vessels/details/416105711,55,Unknown,416105711
/vessels/details/416089114,46,Unknown,416089114
/vessels/details/416448617,CT2-4486-1783,Unknown,416448617
/vessels/details/416728902,4167289-0264,Unknown,416728902
/vessels/details/416904304,96043-4-99,Unknown,416904304
/vessels/details/416622519,66225-19-71,Unknown,416622519
/vessels/details/416032010,4160-1089,Unknown,416032010
/vessels/details/416280001,SHUN LI 28 9V,Unknown,416280001
/vessels/details/416886022,CTS-5707-87,Unknown,416886022
/vessels/details/416026507,AO HSING N3-02-83,Unknown,416026507
/vessels/details/416061922,LUJIAOYUYUN606192-,Unknown,416061922
/vessels/details/416321558,22789-1 80,Unknown,416321558
/vessels/details/416086562,4160-2-86,Unknown,416086562
/vessels/details/416129211,1292-11-86,Unknown,416129211
/vessels/details/416009569,JAAN YU,Unknown,416009569
/vessels/details/416008415,SHENG YUAN FU NO.8,Unknown,416008415
/vessels/details/416159930,MINLIANYU61599-03,Unknown,416159930
/vessels/details/416184526,20,Unknown,416184526
/vessels/details/416016812,DA FA 168-12-59,Unknown,416016812
/vessels/details/416997727,MINLY69977-27-65,Unknown,416997727
/vessels/details/416280008,SHUN LI 28 8V,Unknown,416280008
/vessels/details/416314403,FENGLI-3-30,Unknown,416314403
/vessels/details/416497661,STF-6198,Unknown,416497661
/vessels/details/416013398,CT0-8848,Unknown,416013398
/vessels/details/416037006,AO HSING NO37-06-78,Unknown,416037006
/vessels/details/416071537,MING JIA NO.2,Unknown,416071537
/vessels/details/416009101,YEE YANN,Unknown,416009101
/vessels/details/416280024,9V,Unknown,416280024
/vessels/details/416434531,4345-31,Unknown,416434531
/vessels/details/416071682,CTR-KH5426,Unknown,416071682
/vessels/details/416275803,2758-03-50,Unknown,416275803
/vessels/details/416374707,3747-07-50,Unknown,416374707
/vessels/details/416029302,TING TING 02-90,Unknown,416029302
/vessels/details/416009174,FU SHUN 2 9,Unknown,416009174
/vessels/details/416026010,XINMANMAN026-1001,Unknown,416026010
/vessels/details/416456319,12345-19-92,Unknown,416456319
/vessels/details/416009245,DOMINICAN,Unknown,416009245
/vessels/details/416070055,CTR-YL7039,Unknown,416070055
/vessels/details/416510219,TAINANAOYU 43007,Unknown (HAZ-C),416510219
/vessels/details/416001214,LUDONYU60012-14-97,Unknown,416001214
/vessels/details/416232302,2323-0299,Unknown,416232302
/vessels/details/416105705,93,Unknown,416105705
/vessels/details/416456317,12345-17-88,Unknown,416456317
/vessels/details/416275801,2758-01-83,Unknown,416275801
/vessels/details/416886011,BUOY06C,Unknown,416886011
/vessels/details/416078907,-CT882-07-77,Unknown,416078907
/vessels/details/416004954,WAN SIANG,Unknown,416004954
/vessels/details/416009565,JR FAMILY,Unknown,416009565
/vessels/details/416089275,4160-75-99,Unknown,416089275
/vessels/details/416612808,6128-0883,Unknown,416612808
/vessels/details/416194299,TIELONG-01942-99-99,Unknown,416194299
/vessels/details/416015612,965613,Unknown,416015612
/vessels/details/416003916,SHENG YUAN FU NO.3,Unknown,416003916
/vessels/details/416159950,MINLIANYU61599-29,Unknown,416159950
/vessels/details/416163310,61633-10,Unknown,416163310
/vessels/details/416129213,1292-13-99,Unknown,416129213
/vessels/details/416206703,MINPINGYU62067-03,Unknown,416206703
/vessels/details/416014577,860180,Unknown,416014577
/vessels/details/416014056,SHUN YI NO.1,Unknown,416014056
/vessels/details/416071754,CTR-PT4478,Unknown,416071754
/vessels/details/416449205,CT2-4492-BUOY-05-99,Unknown,416449205
/vessels/details/416823552,552-12 83,Unknown,416823552
/vessels/details/416071308,CTR-0713-0807,Unknown,416071308
/vessels/details/416058023,GTS-5707-99,Unknown,416058023
/vessels/details/416419205,CT34192-BUOY-B05-26,Unknown,416419205
/vessels/details/416374713,3747-13-71,Unknown,416374713
/vessels/details/416009861,CTS-3061,Unknown,416009861
/vessels/details/416958123,416958123-99,Unknown,416958123
/vessels/details/416553503,416553503-54,Unknown,416553503
/vessels/details/416330863,CT33086-0396,Unknown,416330863
/vessels/details/416009711,LUCHENG60097-117.7V,Unknown,416009711
/vessels/details/416528807,5288-07-99,Unknown,416528807
/vessels/details/416275820,2758-20-97,Unknown,416275820
/vessels/details/416066997,CTR TT0580,Unknown,416066997
/vessels/details/416458595,00576,Unknown,416458595
/vessels/details/416460017,CT2-4600-17 11V3,Unknown,416460017
/vessels/details/416318702,416318702-65,Unknown,416318702
/vessels/details/416011992,BAO TONG HAO,Unknown,416011992
/vessels/details/416194207,TIELONG-01942-07-99,Unknown,416194207
/vessels/details/416088910,35,Unknown,416088910
/vessels/details/416280021,SHUN LI 28 8V,Unknown,416280021
/vessels/details/416004486,SHING TUNG 168,Unknown,416004486
/vessels/details/416888827,8888-2758,Unknown,416888827
/vessels/details/416591501,591501 89,Unknown,416591501
/vessels/details/416037002,AO HSING NO37-02-68,Unknown,416037002
/vessels/details/416497673,STF-73-87,Unknown,416497673
/vessels/details/416383828,3838-2882,Unknown,416383828
/vessels/details/416295406,BK-0678,Unknown,416295406
/vessels/details/416888806,8888-06-69,Unknown,416888806
/vessels/details/416071703,CTR-PT1145,Unknown,416071703
/vessels/details/416553509,416553509-88,Unknown,416553509
/vessels/details/416136186,0,Unknown,416136186
/vessels/details/416015789,860144,Unknown,416015789
/vessels/details/416071692,CTR-KH5605,Unknown,416071692
/vessels/details/416089215,77,Unknown,416089215
/vessels/details/416600301,FENGYU1HAO-184,Unknown,416600301
/vessels/details/416272025,2720-25-96,Unknown,416272025
/vessels/details/416728907,7289-07-74,Unknown,416728907
/vessels/details/416272009,2720-09-98,Unknown,416272009
/vessels/details/416000326,TIELONG-01826-11-72,Unknown,416000326
/vessels/details/416906529,AT,Unknown,416906529
/vessels/details/416141308,SHING YANG 1 9V,Unknown,416141308
/vessels/details/416000324,TIELONG-01826-09-99,Unknown,416000324
/vessels/details/416997704,MINLY69977-04-60,Unknown,416997704
/vessels/details/416003604,AO HSING NO36-04-55,Unknown,416003604
/vessels/details/416777033,88305-14-75,Unknown,416777033
/vessels/details/416333305,333-0585,Unknown,416333305
/vessels/details/416000327,TIELONG-01826-12-99,Unknown,416000327
/vessels/details/416100006,62,Unknown,416100006
/vessels/details/416010106,1234-2-86,Unknown,416010106
/vessels/details/416009595,66,Unknown,416009595
/vessels/details/416959154,9591-5458,Unknown,416959154
/vessels/details/416777034,88305-11-71,Unknown,416777034
/vessels/details/416009594,YU SHAN G WAY 578,Unknown,416009594
/vessels/details/416431607,4316-07-57,Unknown,416431607
/vessels/details/416125814,LDY60291-1-41,Unknown,416125814
/vessels/details/416454570,YU 60602,Unknown,416454570
/vessels/details/416733352,7333-52-73,Unknown,416733352
/vessels/details/416016801,CTR-0168-01-99,Unknown,416016801
/vessels/details/416888828,8888-2875,Unknown,416888828
/vessels/details/416107657,0,Unknown,416107657
/vessels/details/416497668,STF-6888,Unknown,416497668
/vessels/details/416333307,333-0767,Unknown,416333307
/vessels/details/416998904,9989-4-48,Unknown,416998904
/vessels/details/416015482,HARNG JYI SHING NO.6,Unknown,416015482
/vessels/details/416135668,0,Unknown,416135668
/vessels/details/416026510,AO HSING NO37-069,Unknown,416026510
/vessels/details/416728908,7289-08-78,Unknown,416728908
/vessels/details/416449203,CT2-4492-BUOY-03-39,Unknown,416449203
/vessels/details/416067582,CTRCW00662208,Unknown,416067582
/vessels/details/416480106,LONGLINE BUOY-06-99,Unknown,416480106
/vessels/details/416600305,FENGYU1HAO-599,Unknown,416600305
/vessels/details/416159918,YANSHENGDIAO-18-60,Unknown,416159918
/vessels/details/416129216,1292-16-98,Unknown,416129216
/vessels/details/416448613,CT2-4486-1383,Unknown,416448613
/vessels/details/416668881,666888184,Unknown,416668881
/vessels/details/416666222,95522,Unknown,416666222
/vessels/details/416003646,AO HSING NO36-108,Unknown,416003646
/vessels/details/416280005,SHUN LI 28 9V,Unknown,416280005
/vessels/details/416688810,66888-10 90,Unknown,416688810
/vessels/details/416697238,62188,Unknown,416697238
/vessels/details/416347502,3475-0224,Unknown,416347502
/vessels/details/416016373,914918,Unknown,416016373
/vessels/details/416501298,TIELONG-01559-34-88,Unknown,416501298
/vessels/details/416612810,6128-10-57,Unknown,416612810
/vessels/details/416005821,SHIN SHENQ,Unknown,416005821
/vessels/details/416295404,BK-0490,Unknown,416295404
/vessels/details/416009599,JIN SHUNN YU,Unknown,416009599
/vessels/details/416222201,2222-0138,Unknown,416222201
/vessels/details/416017808,0178-0853,Unknown,416017808
/vessels/details/416123457,HUAN DAO 10,Unknown,416123457
/vessels/details/416000472,FENGLI103-80,Unknown,416000472
/vessels/details/416129219,1292-19-95,Unknown,416129219
/vessels/details/416071377,CTR TC0621,Unknown,416071377
/vessels/details/416688811,66888-11 90,Unknown,416688811
/vessels/details/416009533,SHANQ HAE,Unknown,416009533
/vessels/details/416061111,LUJIAOYUYUN606111-,Unknown,416061111
/vessels/details/416606896,6068-9651,Unknown,416606896
/vessels/details/416592325,CT2-5923-2521,Unknown,416592325
/vessels/details/416314405,FENGLI-5-77,Unknown,416314405
/vessels/details/416831215,TWN,Unknown,416831215
/vessels/details/416004394,SHENQ LIH NO.99,Unknown,416004394
/vessels/details/416402502,X2- 99,Unknown,416402502
/vessels/details/416015342,965491,Unknown,416015342
/vessels/details/416511803,5118-0334,Unknown,416511803
/vessels/details/416528830,5288-30-99,Unknown,416528830
/vessels/details/416323505,3235-0585,Unknown,416323505
/vessels/details/416275811,2758-11-20,Unknown,416275811
/vessels/details/416553506,416553506-90,Unknown,416553506
/vessels/details/416773504,XINJIANLI1HAO-499,Unknown,416773504
/vessels/details/416222732,2227-32-39,Unknown,416222732
/vessels/details/416005996,YU SHAN GAANG WAX398,Unknown,416005996
/vessels/details/416016804,DA FA 168-04-73,Unknown,416016804
/vessels/details/416330000,HWA SHAN N0.302,Unknown,416330000
/vessels/details/416136975,0,Unknown,416136975
/vessels/details/416100007,73,Unknown,416100007
/vessels/details/416888831,168888-31-93,Unknown,416888831
/vessels/details/416245671,HSD-NET-56,Unknown,416245671
/vessels/details/416416126,000 99,Unknown,416416126
/vessels/details/416009623,MAAN YIH,Unknown,416009623
/vessels/details/416959157,9591-5722,Unknown,416959157
/vessels/details/416667809,66678-9-83,Unknown,416667809
/vessels/details/416867804,8678-0451,Unknown,416867804
/vessels/details/416005804,HAE BIAN DIAW JIUH,Unknown,416005804
/vessels/details/416105708,78,Unknown,416105708
/vessels/details/416009624,DER JIN TSAIR NO3,Unknown,416009624
/vessels/details/416136972,0,Unknown,416136972
/vessels/details/416553508,416553508-81,Unknown,416553508
/vessels/details/416419212,CT3-4192-BUOY-12-99,Unknown,416419212
/vessels/details/416175807,1758-07-95,Unknown,416175807
/vessels/details/416008854,SHIN SHENQ GONG JUU,Unknown,416008854
/vessels/details/416345022,H41634502292,Unknown,416345022
/vessels/details/416035851,CT0-3585-01-60,Unknown,416035851
/vessels/details/416089271,4160-71-96,Unknown,416089271
/vessels/details/416055942,CT2-5594-2-91,Unknown,416055942
/vessels/details/416009571,ROEI HWA,Unknown,416009571
/vessels/details/416071882,CTR CI1291,Unknown,416071882
/vessels/details/416014826,921109,Unknown,416014826
/vessels/details/416867803,8678-0365,Unknown,416867803
/vessels/details/416808522,66,Unknown,416808522
/vessels/details/416012374,HORNG JYH NO.8,Unknown,416012374
/vessels/details/416232929,EVERGREEN PEACE,Unknown,416232929
/vessels/details/416015402,CT0-005870,Unknown,416015402
/vessels/details/416402154,JIAXIANG66-93,Unknown,416402154
/vessels/details/416017813,0178-13-59,Unknown,416017813
/vessels/details/416005204,YA GUAN NO.2,Unknown,416005204
/vessels/details/416112133,1121-33-44,Unknown,416112133
/vessels/details/416283856,2838-5682,Unknown,416283856
/vessels/details/416528813,5288-1366,Unknown,416528813
/vessels/details/416025683,111111,Unknown,416025683
/vessels/details/416572212,NET BUOY 12-93,Unknown,416572212
/vessels/details/416084443,4443-33,Unknown,416084443
/vessels/details/416012078,PENG AN NO.9,Unknown,416012078
/vessels/details/416004501,CTR-TT-0045-0188,Unknown,416004501
/vessels/details/416056845,60568-45-82,Unknown,416056845
/vessels/details/416110903,CTR-TT-1109-0366,Unknown,416110903
/vessels/details/416017824,0178-2459,Unknown,416017824
/vessels/details/416999005,HAI WAVE NO.8 13V1,Unknown,416999005
/vessels/details/416374712,3747-12-41,Unknown,416374712
/vessels/details/416001804,SHUN LI 18 7V,Unknown,416001804
/vessels/details/416637308,60097,Unknown,416637308
/vessels/details/416317101,3171-01-99,Unknown,416317101
/vessels/details/416008826,MONEY,Unknown,416008826
/vessels/details/416222204,2222-0477,Unknown,416222204
/vessels/details/416997702,MINLY69977-02-61,Unknown,416997702
/vessels/details/416004556,KENTING NO.2,Unknown,416004556
/vessels/details/416000328,TIELONG-01826-13-27,Unknown,416000328
/vessels/details/416570096,5700-9627,Unknown,416570096
/vessels/details/416508001,BUOY01-99,Unknown,416508001
/vessels/details/416867815,8678-15-64,Unknown,416867815
/vessels/details/416194201,TIELONG-01942-01-76,Unknown,416194201
/vessels/details/416014941,WAN SIANG 02,Unknown,416014941
/vessels/details/416997756,MINGLY69977-56-14,Unknown,416997756
/vessels/details/416360738,DESHENG-83,Unknown,416360738
/vessels/details/416292909,2929-0962,Unknown,416292909
/vessels/details/416001955,66,Unknown,416001955
/vessels/details/416508006,BUOY06-99,Unknown,416508006
/vessels/details/416016911,JIN PERNG NO.168,Unknown,416016911
/vessels/details/416012371,CTS007150,Unknown,416012371
/vessels/details/416383815,38381599,Unknown,416383815
/vessels/details/416005567,YI ZAI 12,Unknown,416005567
/vessels/details/416474509,CT318667-BUOY-09-99,Unknown,416474509
/vessels/details/416008706,SHIN FWU NO.3,Unknown,416008706
/vessels/details/416497607,CT3-4976-0767,Unknown,416497607
/vessels/details/416002927,YU LIN NO 6,Unknown,416002927
/vessels/details/416733734,7337-34-64,Unknown,416733734
/vessels/details/416280016,SHUN LI 28 7V,Unknown,416280016
/vessels/details/416066963,CTR-PT3940,Unknown,416066963
/vessels/details/416823530,235-30 98,Unknown,416823530
/vessels/details/416139779,FEIMA 3,Unknown,416139779
/vessels/details/416067028,CTR NC0366,Unknown,416067028
/vessels/details/416026011,XINMANMAN026-1199,Unknown,416026011
/vessels/details/416000480,FENGLI109-85,Unknown,416000480
/vessels/details/416305111,05111-3,Unknown,416305111
/vessels/details/416005551,YU ZHEN NO1,Unknown,416005551
/vessels/details/416346907,CT3-3469-BUOY-7-99,Unknown,416346907
/vessels/details/416100014,95,Unknown,416100014
/vessels/details/416823532,235-32 96,Unknown,416823532
/vessels/details/416867818,8678-18-81,Unknown,416867818
/vessels/details/416580005,5566-5-55,Unknown,416580005
/vessels/details/416000558,GAO BEI NO187,Unknown,416000558
/vessels/details/416733351,7333-51-45,Unknown,416733351
/vessels/details/416888811,L CHUON B24-63,Unknown,416888811
/vessels/details/416058002,BUOY02-96,Unknown,416058002
/vessels/details/416777003,88305-3-80,Unknown,416777003
/vessels/details/416053538,538,Unknown,416053538
/vessels/details/416199701,TIELONG61997-01-79,Unknown,416199701
/vessels/details/416000333,TIELONG-01826-18-97,Unknown,416000333
/vessels/details/416175804,1758-04-86,Unknown,416175804
/vessels/details/416012565,12565,Unknown,416012565
/vessels/details/416096818,LUYU60968-18-88,Unknown,416096818
/vessels/details/416431604,4316-04-99,Unknown,416431604
/vessels/details/416733736,7337-36-69,Unknown,416733736
/vessels/details/416013204,SHANQ HORNG NO 168,Unknown,416013204
/vessels/details/416146705,KF817017 76,Unknown,416146705
/vessels/details/416295435,BK3589,Unknown,416295435
/vessels/details/416008913,XIWANGZHIWANG,Unknown,416008913
/vessels/details/416194208,TIELONG-01942-08-98,Unknown,416194208
/vessels/details/416007508,SHANQ YU 168,Unknown,416007508
/vessels/details/416928604,9286-0433,Unknown,416928604
/vessels/details/416012811,MING SHENQ FA.106,Unknown,416012811
/vessels/details/416056848,60568-48-98,Unknown,416056848
/vessels/details/416194204,TIELONG-01942-04-88,Unknown,416194204
/vessels/details/416001217,LUDONYU60012-17-91,Unknown,416001217
/vessels/details/416763199,7631-19-85,Unknown,416763199
/vessels/details/416295433,BK3392,Unknown,416295433
/vessels/details/416010359,HENG LIH,Unknown,416010359
/vessels/details/416026007,XINMANMAN026-0738,Unknown,416026007
/vessels/details/416071305,CTR-0713-0599,Unknown,416071305
/vessels/details/416017827,0178-27-51,Unknown,416017827
/vessels/details/416001810,SHUN LI 18 7V,Unknown,416001810
/vessels/details/416002411,7788-11-34,Unknown,416002411
/vessels/details/416588903,5889-0370,Unknown,416588903
/vessels/details/416275817,2758-17-93,Unknown,416275817
/vessels/details/416129214,1292-14-86,Unknown,416129214
/vessels/details/416888812,8888-12-50,Unknown,416888812
/vessels/details/416175602,TIELONG61756-02-94,Unknown,416175602
/vessels/details/416431703,QIXING2HAO-309,Unknown,416431703
/vessels/details/416501293,TIELONG-01559-29-95,Unknown,416501293
/vessels/details/416125812,LDY70023-4-68,Unknown,416125812
/vessels/details/416360732,FUYU4163607-32-99,Unknown,416360732
/vessels/details/416275809,2758-09-94,Unknown,416275809
/vessels/details/416186319,MINLIANYU61863-63,Unknown,416186319
/vessels/details/416416846,012 96,Unknown,416416846
/vessels/details/416129210,1292-10-99,Unknown,416129210
/vessels/details/416071733,CTR-PT3604,Unknown,416071733
/vessels/details/416317103,3171-03-99,Unknown,416317103
/vessels/details/416016815,DA FA 168-15-62,Unknown,416016815
/vessels/details/416014004,FENG LIH NO.10,Unknown,416014004
/vessels/details/416501292,TIELONG-01559-28-94,Unknown,416501292
/vessels/details/416528809,5288-09-27,Unknown,416528809
/vessels/details/416588401,AIS BUOY78,Unknown,416588401
/vessels/details/416280011,SHUN LI 28 7V,Unknown,416280011
/vessels/details/416186313,TIELONG61863-13-60,Unknown,416186313
/vessels/details/416052322,2322,Unknown,416052322
/vessels/details/416180828,416180828,Unknown,416180828
/vessels/details/416728901,4167289-0160,Unknown,416728901
/vessels/details/416295408,K08 85,Unknown,416295408
/vessels/details/416626001,CT2-6260-0196,Unknown,416626001
/vessels/details/416743437,LUROOGXCAPM PY0KP,Unknown,416743437
/vessels/details/416159914,YANSHENGDIAO-14-82,Unknown,416159914
/vessels/details/416071796,CTR-PT2903,Unknown,416071796
/vessels/details/416528821,5288-2122,Unknown,416528821
/vessels/details/416561752,5617-5288,Unknown,416561752
/vessels/details/416015305,964974,Unknown,416015305
/vessels/details/416112118,1121-1825,Unknown,416112118
/vessels/details/416777022,88305-9-83,Unknown,416777022
/vessels/details/416315566,6469-05,Unknown,416315566
/vessels/details/416958012,GTS-5707-83,Unknown,416958012
/vessels/details/416007662,SHEAU FEI SHIANQ,Unknown,416007662
/vessels/details/416583404,SHIAN MAAN TZAY4-85,Unknown,416583404
/vessels/details/416186343,MINLIANYU61863-87,Unknown,416186343
/vessels/details/416959151,9591-5189,Unknown,416959151
/vessels/details/416009688,FONG YU NO.26,Unknown,416009688
/vessels/details/416003611,LUDONYU60036-11-92,Unknown,416003611
/vessels/details/416553505,416553505-93,Unknown,416553505
/vessels/details/416574903,CT2-5749-0385,Unknown,416574903
/vessels/details/416998901,9989-1-56,Unknown,416998901
/vessels/details/416050015,TAIFU66888-12,Unknown,416050015
/vessels/details/416888033,16888-33-97,Unknown,416888033
/vessels/details/416295431,BK3184,Unknown,416295431
/vessels/details/416088003,-03-YUBIAO 60,Unknown,416088003
/vessels/details/416012354,CTS000177,Unknown,416012354
/vessels/details/416511804,5118-0485,Unknown,416511804
/vessels/details/416501291,TIELONG-01559-27-98,Unknown,416501291
/vessels/details/416003256,SHENJINMAN-8-64,Unknown,416003256
/vessels/details/416009541,SHIN CHINQ TSAIR,Unknown,416009541
/vessels/details/416383839,3837-39-94,Unknown,416383839
/vessels/details/416105111,05111-1,Unknown,416105111
/vessels/details/416801694,FENGLI112-53,Unknown,416801694
/vessels/details/416123782,0002-99,Unknown,416123782
/vessels/details/416194205,TIELONG-01942-05-78,Unknown,416194205
/vessels/details/416888801,8888-01-97,Unknown,416888801
/vessels/details/416449202,CT2-4492-BUOY-02-34,Unknown,416449202
/vessels/details/416109018,4161-18-80,Unknown,416109018
/vessels/details/416904588,00456-16 7V9,Unknown,416904588
/vessels/details/416065820,CT3 4205 LIANGYIHAO,Unknown,416065820
/vessels/details/416186624,5566-3-86,Unknown,416186624
/vessels/details/416997706,MINLY69977-06-56,Unknown,416997706
/vessels/details/416636911,66369-1199,Unknown,416636911
/vessels/details/416001805,SHUN LI 18 7V,Unknown,416001805
/vessels/details/416017815,0178-15-61,Unknown,416017815
/vessels/details/416009691,FENG FWU MAAN,Unknown,416009691
/vessels/details/416511809,5118-0982,Unknown,416511809
/vessels/details/416959158,9591-5848,Unknown,416959158
/vessels/details/416005806,LIDONGYU60058-6-14,Unknown,416005806
/vessels/details/416374703,3747-03-69,Unknown,416374703
/vessels/details/416002067,4160-6712,Unknown,416002067
/vessels/details/416107661,0,Unknown,416107661
/vessels/details/416904302,96043-2-93,Unknown,416904302
/vessels/details/416222208,2222-0886,Unknown,416222208
/vessels/details/416175811,1758-11-84,Unknown,416175811
/vessels/details/416071726,CTR-PT3486,Unknown,416071726
/vessels/details/416280012,SHUN LI 28 9V,Unknown,416280012
/vessels/details/416476514,CT2-4765-14 11V7,Unknown,416476514
/vessels/details/416071722,CTR PT3346,Unknown,416071722
/vessels/details/416003654,K,Unknown,416003654
/vessels/details/416068764,CTR-PT2567,Unknown,416068764
/vessels/details/416015274,964748,Unknown,416015274
/vessels/details/416425804,64258-4-50,Unknown,416425804
/vessels/details/416612809,6128-09-65,Unknown,416612809
/vessels/details/416484569,62166,Unknown,416484569
/vessels/details/416802103,FENGLI116-93,Unknown,416802103
/vessels/details/416881608,HAUYUN88899,Unknown,416881608
/vessels/details/416112135,1121-35-34,Unknown,416112135
/vessels/details/416561756,5617-5679,Unknown,416561756
/vessels/details/416280022,416280022 8V,Unknown,416280022
/vessels/details/416602103,602103-97,Unknown,416602103
/vessels/details/416004349,JIN HAE FA NO.26,Unknown,416004349
/vessels/details/416015428,MING YOW NO.3,Unknown,416015428
/vessels/details/416419702,LURUYU64197-282,Unknown,416419702
/vessels/details/416402507,X7- 91,Unknown,416402507
/vessels/details/416275815,2758-15-81,Unknown,416275815
/vessels/details/416105699,78,Unknown,416105699
/vessels/details/416280006,SHUN LI 28 7V,Unknown,416280006
/vessels/details/416006283,HE PING NO 1,Unknown,416006283
/vessels/details/416400521,521-4,Unknown,416400521
/vessels/details/416000232,HSINGYUHSIANG,Unknown,416000232
/vessels/details/416614505,CT2-6145-0568,Unknown,416614505
/vessels/details/416186308,TIELONG61863-8-63,Unknown,416186308
/vessels/details/416158113,158-13 40,Unknown,416158113
/vessels/details/416012798,HO.CHING.NO.1.......,Unknown,416012798
/vessels/details/416159932,MINLIANYU61599-89,Unknown,416159932
/vessels/details/416330861,CT33086-0173,Unknown,416330861
/vessels/details/416222202,2222-0266,Unknown,416222202
/vessels/details/416107677,0,Unknown,416107677
/vessels/details/416888832,168888-32-87,Unknown,416888832
/vessels/details/416003615,LUDONYU60036-15-78,Unknown,416003615
/vessels/details/416280007,SHUN LI 28 6V,Unknown,416280007
/vessels/details/416066977,CTR-PT4419,Unknown,416066977
/vessels/details/416071728,CTR-PT3560,Unknown,416071728
/vessels/details/416000037,CT3-3291-416-37-99,Unknown,416000037
/vessels/details/416399801,CT2-3998-0151,Unknown,416399801
/vessels/details/416008999,POLAR RESCUE,Unknown,416008999
/vessels/details/416636915,66369-1501,Unknown,416636915
/vessels/details/416105527,81,Unknown,416105527
/vessels/details/416600009,XIAOBAILONG,Unknown,416600009
/vessels/details/416003364,33364,Unknown,416003364
/vessels/details/416123781,0001-98,Unknown,416123781
/vessels/details/416458560,TAI WAN,Unknown,416458560
/vessels/details/416576907,CT35769-07,Unknown,416576907
/vessels/details/416175605,TIELONG61756-05-93,Unknown,416175605
/vessels/details/416346909,CT3-3469-BUOY-9-95,Unknown,416346909
/vessels/details/416314488,FONG LI NO1-80,Unknown,416314488
/vessels/details/416449204,CT2-4492-BUOY-04-27,Unknown,416449204
/vessels/details/416007021,HAE FWU LIH NO16,Unknown,416007021
/vessels/details/416084445,4445-60,Unknown,416084445
/vessels/details/416084444,4444-33,Unknown,416084444
/vessels/details/416588702,5887-0265,Unknown,416588702
/vessels/details/416222212,2222-1286,Unknown,416222212
/vessels/details/416456309,12345-9-99,Unknown,416456309
/vessels/details/416101517,LUJIAOYU6010517-4,Unknown,416101517
/vessels/details/416383822,3838-2289,Unknown,416383822
/vessels/details/416009639,SHUENN SHING DER NO1,Unknown,416009639
/vessels/details/416626007,CT2-6260-07 100,Unknown,416626007
/vessels/details/416067002,CTR PT3770,Unknown,416067002
/vessels/details/416501299,TIELONG-01559-35-91,Unknown,416501299
/vessels/details/416998905,9989-5-55,Unknown,416998905
/vessels/details/416000028,994103004 8V,Unknown,416000028
/vessels/details/416123368,JUNGMONG-309,Unknown,416123368
/vessels/details/416431609,4316-09,Unknown,416431609
/vessels/details/416582588,582588,Unknown,416582588
/vessels/details/416132008,416-1320-08-99,Unknown,416132008
/vessels/details/416017817,0178-17-75,Unknown,416017817
/vessels/details/416501283,TIELONG-01559-19-83,Unknown,416501283
/vessels/details/416511810,5118-1085,Unknown,416511810
/vessels/details/416194206,TIELONG-01942-06-86,Unknown,416194206
/vessels/details/416622518,66225-18-35,Unknown,416622518
/vessels/details/416111081,111 10,Unknown,416111081
/vessels/details/416002064,4160-6439,Unknown,416002064
/vessels/details/416523745,61090-03,Unknown,416523745
/vessels/details/416110901,CTR-TT-1109-0184,Unknown,416110901
/vessels/details/416096011,XIN ZI 96-11-93,Unknown,416096011
/vessels/details/416016803,DA FA 168-03-70,Unknown,416016803
/vessels/details/416622516,66225-16-48,Unknown,416622516
/vessels/details/416002072,JIN MING MAN 8,Unknown,416002072
/vessels/details/416448602,CT2-4486-0260,Unknown,416448602
/vessels/details/416497671,STF-71-97,Unknown,416497671
/vessels/details/416011696,CT1-4189,Unknown,416011696
/vessels/details/416292913,2929-13-40,Unknown,416292913
/vessels/details/416002409,7788-09-48,Unknown,416002409
/vessels/details/416275813,2758-13-99,Unknown,416275813
/vessels/details/416002507,YI SHENG MANN 6,Unknown,416002507
/vessels/details/416141305,SHING YANG 1 9V,Unknown,416141305
/vessels/details/416602301,4166023-1 90,Unknown,416602301
/vessels/details/416636603,CT2-6366-RS-0387,Unknown,416636603
/vessels/details/416175809,1758-09-82,Unknown,416175809
/vessels/details/416067262,CTR-TY0390,Unknown,416067262
/vessels/details/416803610,03610,Unknown (HAZ-A),416803610
/vessels/details/416812909,V8129-0991,Unknown,416812909
/vessels/details/416374705,3747-05-78,Unknown,416374705
/vessels/details/416997721,MINLY69977-21-53,Unknown,416997721
/vessels/details/416000456,456,Unknown,416000456
/vessels/details/416311609,4162525-05,Unknown,416311609
/vessels/details/416553512,416553512-94,Unknown,416553512
/vessels/details/416576911,CT5769 - 11,Unknown,416576911
/vessels/details/416088809,66,Unknown,416088809
/vessels/details/416592313,CT2-5923-1396,Unknown,416592313
/vessels/details/416175603,TIELONG61756-03-94,Unknown,416175603
/vessels/details/416010125,FRESH AND REFRESHING,Unknown (HAZ-D),416010125
/vessels/details/416888027,16888-27-89,Unknown,416888027
/vessels/details/416201107,868-7 98,Unknown,416201107
/vessels/details/416314409,FENGLI-9-99,Unknown,416314409
/vessels/details/416130004,4161-3536,Unknown,416130004
/vessels/details/416295422,AK-22,Unknown,416295422
/vessels/details/416100020,43,Unknown,416100020
/vessels/details/416497660,STF-6076,Unknown,416497660
/vessels/details/416037004,AO HSING NO37-04-59,Unknown,416037004
/vessels/details/416006569,YU CHERNG FA,Unknown,416006569
/vessels/details/416292910,2929-1088,Unknown,416292910
/vessels/details/416528801,5288-01-07,Unknown,416528801
/vessels/details/416995504,JIN668-4 90,Unknown,416995504
/vessels/details/416867801,8678-0156,Unknown,416867801
/vessels/details/416867816,8678-16-81,Unknown,416867816
/vessels/details/416005638,SHIUH HORNG SHENG,Unknown,416005638
/vessels/details/416667804,66678-4-98,Unknown,416667804
/vessels/details/416588402,AIS BUOY64,Unknown,416588402
/vessels/details/416997709,MINLY69977-09-69,Unknown,416997709
/vessels/details/416017810,0178-1071,Unknown,416017810
/vessels/details/416591121,FU XING HAO 01,Unknown,416591121
/vessels/details/416008309,YUAN BEI,Unknown,416008309
/vessels/details/416009854,CTS-2688,Unknown,416009854
/vessels/details/416476503,CT2-4765-03 11V8,Unknown,416476503
/vessels/details/416686802,6868-02-76,Unknown,416686802
/vessels/details/416733363,7333-6367,Unknown,416733363
/vessels/details/416000432,-CT882-02-89,Unknown,416000432
/vessels/details/416317105,3171-05-96,Unknown,416317105
/vessels/details/416458573,TAI WAIV 8573,Unknown,416458573
/vessels/details/416008976,CGUHGDDSHCHHJB13,Unknown,416008976
/vessels/details/416056852,60568-52-70,Unknown,416056852
/vessels/details/416997724,MINLY69977-24-70,Unknown,416997724
/vessels/details/416129206,1292-06-97,Unknown,416129206
/vessels/details/416006141,JUN YANG NO.1,Unknown,416006141
/vessels/details/416592319,CT2-5923-1931,Unknown,416592319
/vessels/details/416000039,CT3-3291-416-39-99,Unknown,416000039
/vessels/details/416186322,MINLIANYU61863-31,Unknown,416186322
/vessels/details/416501282,TIELONG-01559-18-99,Unknown,416501282
/vessels/details/416132010,416-1320-10-96,Unknown,416132010
/vessels/details/416511815,5118-1568,Unknown,416511815
/vessels/details/416602106,602106-99,Unknown,416602106
/vessels/details/416617101,CT2 6171 01-83,Unknown,416617101
/vessels/details/416004013,JIN LONG YU,Unknown,416004013
/vessels/details/416402513,X13 99,Unknown,416402513
/vessels/details/416008525,SHIN DER FUH,Unknown,416008525
/vessels/details/416005757,HUA GUO NO 8,Unknown,416005757
/vessels/details/416899720,TIELONG68997-20-72,Unknown,416899720
/vessels/details/416175803,1758-03-85,Unknown,416175803
/vessels/details/416777038,88305-4-93,Unknown,416777038
/vessels/details/416528824,5288-24-17,Unknown,416528824
/vessels/details/416003249,SHEN JIN MAN18 4,Unknown,416003249
/vessels/details/416105530,99,Unknown,416105530
/vessels/details/416015944,860278,Unknown,416015944
/vessels/details/416232305,2323-0596,Unknown,416232305
/vessels/details/416440505,05-CT2-4405 10V8,Unknown,416440505
/vessels/details/416100015,HSD-NET-05,Unknown,416100015
/vessels/details/416106668,AIS NET MARK 99,Unknown,416106668
/vessels/details/416005797,YI GAANG 8V,Unknown,416005797
/vessels/details/416037007,AO HSING NO37-07-83,Unknown,416037007
/vessels/details/416295402,K02 94,Unknown,416295402
/vessels/details/416497662,STF-6295,Unknown,416497662
/vessels/details/416553513,416553513-97,Unknown,416553513
/vessels/details/416402508,X8- 99,Unknown,416402508
/vessels/details/416528810,5288-10-33,Unknown,416528810
/vessels/details/416003289,HAI LON NO188,Unknown,416003289
/vessels/details/416317106,3171-06-99,Unknown,416317106
/vessels/details/416360733,FUYU4163607-33-84,Unknown,416360733
/vessels/details/416672350,FUHAI3-54,Unknown,416672350
/vessels/details/416002842,HAO PERNG YEOU NO.2,Unknown,416002842
/vessels/details/416402179,JIAXIANG66-97,Unknown,416402179
/vessels/details/416816801,8168-01-73,Unknown,416816801
/vessels/details/416005530,CIAN SOU WEI YOU NO2,Unknown,416005530
/vessels/details/416688807,66888-7 80,Unknown,416688807
/vessels/details/416002939,YUAN SHUENN MAAN,Unknown,416002939
/vessels/details/416000063,994112319 9V,Unknown,416000063
/vessels/details/416013558,DAIYUE,Unknown,416013558
/vessels/details/416070251,CTR PT3616,Unknown,416070251
/vessels/details/416958134,416958134-80,Unknown,416958134
/vessels/details/416591123,FU XING HAO 03,Unknown,416591123
/vessels/details/416129204,1292-04-99,Unknown,416129204
/vessels/details/416402512,X12 96,Unknown,416402512
/vessels/details/416585657,5856-57-13,Unknown,416585657
/vessels/details/416105529,99,Unknown,416105529
/vessels/details/416146708,KF817020 72,Unknown,416146708
/vessels/details/416508004,BUOY04-99,Unknown,416508004
/vessels/details/416105146,GUI XING,Unknown,416105146
/vessels/details/416014002,JIN SHUEN,Unknown,416014002
/vessels/details/416010872,GUU GANG NO.1,Unknown,416010872
/vessels/details/416013342,LICA,Unknown,416013342
/vessels/details/416006301,BLUE WHALE 6,Unknown,416006301
/vessels/details/416958145,416958145-99,Unknown,416958145
/vessels/details/416330862,CT33086-0282,Unknown,416330862
/vessels/details/416175812,1758-12-84,Unknown,416175812
/vessels/details/416900000,8888,Unknown,416900000
/vessels/details/416295432,BK3288,Unknown,416295432
/vessels/details/416003403,MING FANG,Unknown,416003403
/vessels/details/416295420,AK-20,Unknown,416295420
/vessels/details/416026015,XINMANMAN026-1578,Unknown,416026015
/vessels/details/416800006,SUSHEYU04168-067.5V,Unknown,416800006
/vessels/details/416175607,TIELONG61756-07-70,Unknown,416175607
/vessels/details/416011718,SHENQ FENG I,Unknown,416011718
/vessels/details/416609602,CT2-6096-02 35,Unknown,416609602
/vessels/details/416346902,CT3-3469-BUOY-2-96,Unknown,416346902
/vessels/details/416006388,LUJIAOYU600638-1,Unknown,416006388
/vessels/details/416612805,6128-0578,Unknown,416612805
/vessels/details/416383804,38380481,Unknown,416383804
/vessels/details/416688822,66888-22 90,Unknown,416688822
/vessels/details/416448612,CT2-4486-1245,Unknown,416448612
/vessels/details/416016096,TOGETHER,Unknown,416016096
/vessels/details/416009995,CTS-8862,Unknown,416009995
/vessels/details/416272013,2720-13-99,Unknown,416272013
/vessels/details/416585253,838-31 95,Unknown,416585253
/vessels/details/416395310,CT1-3953-10-95,Unknown,416395310
/vessels/details/416056847,60568-47-86,Unknown,416056847
/vessels/details/416605111,05111-6,Unknown,416605111
/vessels/details/416003610,AO HSING NO36-10-90,Unknown,416003610
/vessels/details/416383833,4163838-3356,Unknown,416383833
/vessels/details/416612811,6128-11-67,Unknown,416612811
/vessels/details/416419705,LURUYU64197-581,Unknown,416419705
/vessels/details/416146702,KF817014 80,Unknown,416146702
/vessels/details/416888821,8888-21-99,Unknown,416888821
/vessels/details/416232316,2323-1697,Unknown,416232316
/vessels/details/416067003,CTR PT3828,Unknown,416067003
/vessels/details/416493103,4931-0301,Unknown,416493103
/vessels/details/416280023,416280023 8V,Unknown,416280023
/vessels/details/416431601,4316-01-76,Unknown,416431601
/vessels/details/416360736,DESHENG-99,Unknown,416360736
/vessels/details/416013566,LIH FENG NO.1,Unknown,416013566
/vessels/details/416159934,MINLIANYU61599-74,Unknown,416159934
/vessels/details/416112134,1121-34-35,Unknown,416112134
/vessels/details/416003108,JENN BEEI NO168,Unknown,416003108
/vessels/details/416007454,SHUN HU NO.6,Unknown,416007454
/vessels/details/416000612,168 43,Unknown,416000612
/vessels/details/416186320,MINLIANYU61863-74,Unknown,416186320
/vessels/details/416009604,TZAY SHENQ FA,Unknown,416009604
/vessels/details/416667803,66678-3-97,Unknown,416667803
/vessels/details/416005494,XIN YU FA 868,Unknown,416005494
/vessels/details/416001801,SHUN LI 18 7V,Unknown,416001801
/vessels/details/416867814,8678-14-82,Unknown,416867814
/vessels/details/416010056,56-10,Unknown,416010056
/vessels/details/416280013,SHUN LI 28 9V,Unknown,416280013
/vessels/details/416497663,STF-6380,Unknown,416497663
/vessels/details/416001874,RUIYLI,Unknown,416001874
/vessels/details/416575703,416575703,Unknown,416575703
/vessels/details/416194210,TIELONG-01942-10-99,Unknown,416194210
/vessels/details/416232307,2323-0786,Unknown,416232307
/vessels/details/416528805,5288-05-16,Unknown,416528805
/vessels/details/416005106,JYE LONG,Unknown,416005106
/vessels/details/416034565,4160-5-52,Unknown,416034565
/vessels/details/416001851,SHUN LI 18 8V,Unknown,416001851
/vessels/details/416777032,88305-16-54,Unknown,416777032
/vessels/details/416383842,3837-42-79,Unknown,416383842
/vessels/details/416088001,ADFRTGHUXXXRR76,Unknown,416088001
/vessels/details/416508002,BUOY02-91,Unknown,416508002
/vessels/details/416100001,HSD-NET-95,Unknown,416100001
/vessels/details/416448601,CT2-4486-0184,Unknown,416448601
/vessels/details/416967398,YI JHIH YAO YAO99,Unknown,416967398
/vessels/details/416553511,416553511-91,Unknown,416553511
/vessels/details/416592324,CT2-5923-2482,Unknown,416592324
/vessels/details/416508005,BUOY05-99,Unknown,416508005
/vessels/details/416592320,CT2-5923-2088,Unknown,416592320
/vessels/details/416904303,96043-3-44,Unknown,416904303
/vessels/details/416272005,2720-05-28,Unknown,416272005
/vessels/details/416194202,TIELONG-01942-02-50,Unknown,416194202
/vessels/details/416004355,SHUN FA LONG NO1,Unknown,416004355
/vessels/details/416728903,7289-03-86,Unknown,416728903
/vessels/details/416012528,12528,Unknown,416012528
/vessels/details/416000473,FENGLI104-55,Unknown,416000473
/vessels/details/416071309,CTR-0713-908,Unknown,416071309
/vessels/details/416056843,60568-43-99,Unknown,416056843
/vessels/details/416046907,AIS NET MARK,Unknown,416046907
/vessels/details/416064906,0649-0609,Unknown,416064906
/vessels/details/416588404,AIS BUOY77,Unknown,416588404
/vessels/details/416477507,4775-0007 61,Unknown,416477507
/vessels/details/416012512,CTS-7304,Unknown,416012512
/vessels/details/416105520,99,Unknown,416105520
/vessels/details/416995506,JIN668-6 97,Unknown,416995506
/vessels/details/416129202,1292-02-90,Unknown,416129202
/vessels/details/416454507,4545-0730,Unknown,416454507
/vessels/details/416317108,3171-08-99,Unknown,416317108
/vessels/details/416867807,8678-07-75,Unknown,416867807
/vessels/details/416283851,2838-5184,Unknown,416283851
/vessels/details/416065307,0653-0777,Unknown,416065307
/vessels/details/416418747,64187 47 90,Unknown,416418747
/vessels/details/416402084,JIAXIANG66-99,Unknown,416402084
/vessels/details/416026003,XINMANMAN026-0382,Unknown,416026003
/vessels/details/416222205,2222-0540,Unknown,416222205
/vessels/details/416511814,5118-1487,Unknown,416511814
/vessels/details/416309703,MINPINGYU63097-03,Unknown,416309703
/vessels/details/416071631,CTR-PT0923,Unknown,416071631
/vessels/details/416159928,MINLIANYU61599-46,Unknown,416159928
/vessels/details/416003676,CHPN WU,Unknown,416003676
/vessels/details/416004499,TANG YANG 11,Unknown,416004499
/vessels/details/416194222,TIELONG-01942-22-99,Unknown,416194222
/vessels/details/416501289,TIELONG-01559-25-88,Unknown,416501289
/vessels/details/416360731,FUYU4163607-31-90,Unknown,416360731
/vessels/details/416004278,DEI YI NO.20,Unknown,416004278
/vessels/details/416497670,STF-70-83,Unknown,416497670
/vessels/details/416016813,DA FA 168-13-64,Unknown,416016813
/vessels/details/416397803,3987-03-81,Unknown,416397803
/vessels/details/416495414,BK-14 100,Unknown,416495414
/vessels/details/416096008,XIN ZI 96-0861,Unknown,416096008
/vessels/details/416402514,X14 95,Unknown,416402514
/vessels/details/416555908,CT3-5559-0880,Unknown,416555908
/vessels/details/416583403,SHIAN MAAN TZAY3-81,Unknown,416583403
/vessels/details/416636912,66369-1262,Unknown,416636912
/vessels/details/416402518,X18 95,Unknown,416402518
/vessels/details/416177701,1777-01-12,Unknown,416177701
/vessels/details/416556836,65568-3672,Unknown,416556836
/vessels/details/416508003,BUOY03-99,Unknown,416508003
/vessels/details/416013292,XIN FA NO.18,Unknown,416013292
/vessels/details/416476512,CT2-4765-12 11V5,Unknown,416476512
/vessels/details/416055559,TAILONG00881-9-61,Unknown,416055559
/vessels/details/416314407,FENGLI-7-10,Unknown,416314407
/vessels/details/416888007,16888-7-97,Unknown,416888007
/vessels/details/416497675,STF-75-99,Unknown,416497675
/vessels/details/416561754,5617-5476,Unknown,416561754
/vessels/details/416010745,FEI YING NO.2,Unknown,416010745
/vessels/details/416280014,SHUN LI 28 9V,Unknown,416280014
/vessels/details/416011062,YEH JYH MING,Unknown,416011062
/vessels/details/416958234,416958234-99,Unknown,416958234
/vessels/details/416295412,BK-1293,Unknown,416295412
/vessels/details/416070819,CTR-CI2072,Unknown,416070819
/vessels/details/416997758,MINGLY69977-58-67,Unknown,416997758
/vessels/details/416232308,2323-0883,Unknown,416232308
/vessels/details/416603610,03610,Unknown (HAZ-A),416603610
/vessels/details/416026020,XINMANMAN026-2099,Unknown,416026020
/vessels/details/416561753,5617-5385,Unknown,416561753
/vessels/details/416997701,MINLY69977-01-99,Unknown,416997701
/vessels/details/416071433,CTR-NC1233,Unknown,416071433
/vessels/details/416003325,CHUN MING NO1,Unknown,416003325
/vessels/details/416186307,LM A17 G73 P1-32,Unknown,416186307
/vessels/details/416017819,0178-1952,Unknown,416017819
/vessels/details/416801592,FU YONG,Unknown,416801592
/vessels/details/416448609,CT2-4486-0932,Unknown,416448609
/vessels/details/416014808,861225,Unknown,416014808
/vessels/details/416825514,552-14 88,Unknown,416825514
/vessels/details/416008924,LIAN JYI YIH,Unknown,416008924
/vessels/details/416280004,SHUN LI 28 8V,Unknown,416280004
/vessels/details/416013506,SHAMI,Unknown,416013506
/vessels/details/416374709,3747-09-54,Unknown,416374709
/vessels/details/416397802,3987-02-80,Unknown,416397802
/vessels/details/416100009,AIS BUOY84,Unknown,416100009
/vessels/details/416000033,CT3-3291-416-33-99,Unknown,416000033
/vessels/details/416112108,1121-0846,Unknown,416112108
/vessels/details/416501286,TIELONG-01559-22-95,Unknown,416501286
/vessels/details/416066142,1729 90,Unknown,416066142
/vessels/details/416399803,CT2-3998-0337,Unknown,416399803
/vessels/details/416477599,4775-99915,Unknown,416477599
/vessels/details/416014606,860392,Unknown,416014606
/vessels/details/416575707,416575707,Unknown,416575707
/vessels/details/416071717,CTR-PT3238,Unknown,416071717
/vessels/details/416016365,914076,Unknown,416016365
/vessels/details/416626006,CT2-6260-0682,Unknown,416626006
/vessels/details/416503005,0005-3 40,Unknown,416503005
/vessels/details/416904306,69043-6-67,Unknown,416904306
/vessels/details/416315563,6469-02,Unknown,416315563
/vessels/details/416008069,YU MAAN,Unknown,416008069
/vessels/details/416511806,5118-0662,Unknown,416511806
/vessels/details/416175606,TIELONG61756-06-99,Unknown,416175606
/vessels/details/416275807,2758-07-59,Unknown,416275807
/vessels/details/416012556,CTS-7543,Unknown,416012556
/vessels/details/416275806,2758-06-61,Unknown,416275806
/vessels/details/416888045,16888-45-90,Unknown,416888045
/vessels/details/416009648,FU HAI FU,Unknown,416009648
/vessels/details/416073048,0730-4831,Unknown,416073048
/vessels/details/416015051,964712,Unknown,416015051
/vessels/details/416056393,CT2-5639-3-10,Unknown,416056393
/vessels/details/416096004,XIN ZI 96-04-99,Unknown,416096004
/vessels/details/416572301,CT0-5723-199,Unknown,416572301
/vessels/details/416295413,BK-1396,Unknown,416295413
/vessels/details/416026012,XINMANMAN026-1242,Unknown,416026012
/vessels/details/416602107,602107-78,Unknown,416602107
/vessels/details/416793612,TIELONG67936-12-50,Unknown,416793612
/vessels/details/416315720,572-5 50,Unknown,416315720
/vessels/details/416431605,4316-05-91,Unknown,416431605
/vessels/details/416239716,62366,Unknown,416239716
/vessels/details/416292912,2929-12-47,Unknown,416292912
/vessels/details/416777036,88305-2-99,Unknown,416777036
/vessels/details/416186321,MINLIANYU61863-54,Unknown,416186321
/vessels/details/416800073,SUSHEYU04168-738.0V,Unknown,416800073
/vessels/details/416402506,X6- 99,Unknown,416402506
/vessels/details/416005911,LUJIAOYU600591-48,Unknown,416005911
/vessels/details/416528823,5288-2349,Unknown,416528823
/vessels/details/416071545,CTR-PT1259,Unknown,416071545
/vessels/details/416396241,1957,Unknown,416396241
/vessels/details/416528827,5288-27-08,Unknown,416528827
/vessels/details/416010796,DIAW YEOU,Unknown,416010796
/vessels/details/416688812,66888-14 90,Unknown,416688812
/vessels/details/416374714,3747-14-43,Unknown,416374714
/vessels/details/416588902,5889-0252,Unknown,416588902
/vessels/details/416383819,38381970,Unknown,416383819
/vessels/details/416300521,521-3,Unknown,416300521
/vessels/details/416612802,6128-0256,Unknown,416612802
/vessels/details/416010063,CTS-009347-99,Unknown,416010063
/vessels/details/416100004,AIS BUOY87,Unknown,416100004
/vessels/details/416602111,602111-56,Unknown,416602111
/vessels/details/416165804,1658-0492,Unknown,416165804
/vessels/details/416156808,156808,Unknown,416156808
/vessels/details/416990006,AIS NET MARK20,Unknown,416990006
/vessels/details/416899718,TIELONG68997-18-90,Unknown,416899718
/vessels/details/416497664,STF-6490,Unknown,416497664
/vessels/details/416320801,MINPINGYU63208-01,Unknown,416320801
/vessels/details/416242436,LIEN DAR,Unknown,416242436
/vessels/details/416007325,99,Unknown,416007325
/vessels/details/416016692,860125,Unknown,416016692
/vessels/details/416553515,416553515-97,Unknown,416553515
/vessels/details/416283104,2831-04,Unknown,416283104
/vessels/details/416904301,96043-1-60,Unknown,416904301
/vessels/details/416816803,8168-03-01,Unknown,416816803
/vessels/details/416511801,5118-0162,Unknown,416511801
/vessels/details/416213901,4162139-1-50,Unknown,416213901
/vessels/details/416009534,DAH SHENQ,Unknown,416009534
/vessels/details/416066656,CTR-PT1040,Unknown,416066656
/vessels/details/416067011,CTR NC1213,Unknown,416067011
/vessels/details/416812401,ZSY04168-1-84,Unknown,416812401
/vessels/details/416012514,CT0-7781,Unknown,416012514
/vessels/details/416013095,CTS-5999,Unknown,416013095
/vessels/details/416175802,1758-02-94,Unknown,416175802
/vessels/details/416067474,CTR-PT 0841,Unknown,416067474
/vessels/details/416011976,HER CHYUAN,Unknown,416011976
/vessels/details/416087218,4160-8-92,Unknown,416087218
/vessels/details/416416415,99,Unknown,416416415
/vessels/details/416571571,ARS-571,Unknown,416571571
/vessels/details/416432611,SHA 11-88,Unknown,416432611
/vessels/details/416672352,FUHAI5-83,Unknown,416672352
/vessels/details/416012555,CTS-6999,Unknown,416012555
/vessels/details/416275804,2758-04-84,Unknown,416275804
/vessels/details/416157112,61571-12-197 80,Unknown,416157112
/vessels/details/416129220,1292-20-96,Unknown,416129220
/vessels/details/416553517,553517 63,Unknown,416553517
/vessels/details/416528818,5288-18-06,Unknown,416528818
/vessels/details/416016361,912247,Unknown,416016361
/vessels/details/416006795,CG-1006,Unknown,416006795
/vessels/details/416908850,9088-5088,Unknown,416908850
/vessels/details/416959150,9591-5065,Unknown,416959150
/vessels/details/416000203,666,Unknown,416000203
/vessels/details/416511807,5118-0786,Unknown,416511807
/vessels/details/416009568,WEN JAAN SHYANG,Unknown,416009568
/vessels/details/416556824,65568-247.6V,Unknown,416556824
/vessels/details/416383835,4163838-3585,Unknown,416383835
/vessels/details/416602110,602110-92,Unknown,416602110
/vessels/details/416002200,59,Unknown,416002200
/vessels/details/416037003,AO HSING NO37-03-21,Unknown,416037003
/vessels/details/416591506,591506 86,Unknown,416591506
/vessels/details/416292905,2929-0573,Unknown,416292905
/vessels/details/416602102,602102-81,Unknown,416602102
/vessels/details/416222206,2222-0671,Unknown,416222206
/vessels/details/416088912,65,Unknown,416088912
/vessels/details/416002069,4160-6998,Unknown,416002069
/vessels/details/416006739,DA CHUAN NO 168,Unknown,416006739
/vessels/details/416480108,LONGLINE BUOY-08-99,Unknown,416480108
/vessels/details/416014228,HAI WAVE NO.8,Unknown,416014228
/vessels/details/416402503,X3- 99,Unknown,416402503
/vessels/details/416016741,861345,Unknown,416016741
/vessels/details/416001648,LIN CHARNG NO 08,Unknown,416001648
/vessels/details/416553501,416553501-95,Unknown,416553501
/vessels/details/416002999,LIEN YU FA 32-93,Unknown,416002999
/vessels/details/416222214,2222-1462,Unknown,416222214
/vessels/details/416793614,TIELONG67936-14-71,Unknown,416793614
/vessels/details/416900088,FENGLI110-54,Unknown,416900088
/vessels/details/416003980,41600399,Unknown,416003980
/vessels/details/416402516,X16 99,Unknown,416402516
/vessels/details/416002059,4160-5999,Unknown,416002059
/vessels/details/416770005,JINFA36-556,Unknown,416770005
/vessels/details/416159904,TIELONG61599-4-49,Unknown,416159904
/vessels/details/416317104,3171-04-96,Unknown,416317104
/vessels/details/416014881,924517,Unknown,416014881
/vessels/details/416132001,416-1320-01-99,Unknown,416132001
/vessels/details/416612801,6128-01-75,Unknown,416612801
/vessels/details/416561757,5617-5777,Unknown,416561757
/vessels/details/416029305,TING TING 05-87,Unknown,416029305
/vessels/details/416224226,62166,Unknown,416224226
/vessels/details/416010416,SHUENN YANG NO168,Unknown,416010416
/vessels/details/416096007,XIN ZI 96-07-95,Unknown,416096007
/vessels/details/416132011,416-1320-11-99,Unknown,416132011
/vessels/details/416100013,85,Unknown,416100013
/vessels/details/416553519,553519 95,Unknown,416553519
/vessels/details/416415813,64158-137.5V,Unknown,416415813
/vessels/details/416553514,416553514-80,Unknown,416553514
/vessels/details/416997722,MINLY69977-22-64,Unknown,416997722
/vessels/details/416476501,CT2-4765-01 12V0,Unknown,416476501
/vessels/details/416999006,OCEAN NO.8 13V0,Unknown,416999006
/vessels/details/416575704,416575704,Unknown,416575704
/vessels/details/416432613,SHA 13-62,Unknown,416432613
/vessels/details/416157115,61571-15-197 10,Unknown,416157115
/vessels/details/416346910,CT3-3469-BUOY-10-59,Unknown,416346910
/vessels/details/416888833,168888-33-90,Unknown,416888833
/vessels/details/416175609,TIELONG61756-09-87,Unknown,416175609
/vessels/details/416556606,5566-06-73,Unknown,416556606
/vessels/details/416014248,BAO MAN,Unknown,416014248
/vessels/details/416011895,CTS8586,Unknown,416011895
/vessels/details/416177702,1777-02-92,Unknown,416177702
/vessels/details/416333311,3333-1179,Unknown,416333311
/vessels/details/416283105,2831-05,Unknown,416283105
/vessels/details/416069577,CTR-TP0168,Unknown,416069577
/vessels/details/416812701,8127-0189,Unknown,416812701
/vessels/details/416383830,4163838-3018,Unknown,416383830
/vessels/details/416314402,FENGLI-2-60,Unknown,416314402
/vessels/details/416346904,CT3-3469-BUOY-4-99,Unknown,416346904
/vessels/details/416823533,235-33 97,Unknown,416823533
/vessels/details/416477505,4775-0005 100,Unknown,416477505
/vessels/details/416402505,X5- 99,Unknown,416402505
/vessels/details/416409310,64093-10-92,Unknown,416409310
/vessels/details/416222082,222 68,Unknown,416222082
/vessels/details/416009562,MAAN YIH FA,Unknown,416009562
/vessels/details/416112122,1121-22-66,Unknown,416112122
/vessels/details/416773502,XINJIANLI1HAO-299,Unknown,416773502
/vessels/details/416419211,CT3-4192-BUOY-11-83,Unknown,416419211
/vessels/details/416280003,SHUN LI 28 9V,Unknown,416280003
/vessels/details/416211577,11,Unknown,416211577
/vessels/details/416129209,1292-09-99,Unknown,416129209
/vessels/details/416456011,H41645601184,Unknown,416456011
/vessels/details/416321458,YAN-1,Unknown,416321458
/vessels/details/416078906,-CT882-06-96,Unknown,416078906
/vessels/details/416636913,66369-1364,Unknown,416636913
/vessels/details/416555601,99,Unknown,416555601
/vessels/details/416528802,5288-02-39,Unknown,416528802
/vessels/details/416272026,2720-26-92,Unknown,416272026
/vessels/details/416159949,MINLIANYU61599-03,Unknown,416159949
/vessels/details/416419214,CT3-4192-BUOY-14-80,Unknown,416419214
/vessels/details/416867810,8678-10-32,Unknown,416867810
/vessels/details/416088405,76,Unknown,416088405
/vessels/details/416501281,TIELONG-01559-17-96,Unknown,416501281
/vessels/details/416071687,CTR-CW0219,Unknown,416071687
/vessels/details/416001850,SHUN LI 18 9V,Unknown,416001850
/vessels/details/416112105,1121-05-58,Unknown,416112105
/vessels/details/416035889,00999,Unknown,416035889
/vessels/details/416056851,60568-51-80,Unknown,416056851
/vessels/details/416175604,TIELONG61756-04-83,Unknown,416175604
/vessels/details/416013364,PENNY,Unknown,416013364
/vessels/details/416997760,MINGLY69977-60-72,Unknown,416997760
/vessels/details/416004503,CTR-TT-045-3 80,Unknown,416004503
/vessels/details/416105709,64,Unknown,416105709
/vessels/details/416004166,416004166,Unknown,416004166
/vessels/details/416456303,12345-3-46,Unknown,416456303
/vessels/details/416005221,YONG YI,Unknown,416005221
/vessels/details/416125552,12555-20 50,Unknown,416125552
/vessels/details/416071867,CT R-PT3776,Unknown,416071867
/vessels/details/416432612,SHA 12-57,Unknown,416432612
/vessels/details/416159907,YANSHENGDIAO-07-81,Unknown,416159907
/vessels/details/416105698,85,Unknown,416105698
/vessels/details/416256888,YU.FA.36,Unknown,416256888
/vessels/details/416066857,CTR CI0889,Unknown,416066857
/vessels/details/416500111,FONG CHUN NO.36,Unknown,416500111
/vessels/details/416733369,7333-69-60,Unknown,416733369
/vessels/details/416001122,1,Unknown,416001122
/vessels/details/416003257,SHENJINMAN-9-71,Unknown,416003257
/vessels/details/416001618,SHUANG XI,Unknown,416001618
/vessels/details/416115652,1156-5289,Unknown,416115652
/vessels/details/416011167,SHANDA,Unknown,416011167
/vessels/details/416121199,1211-99-58,Unknown,416121199
/vessels/details/416476513,CT2-4765-13 11V0,Unknown,416476513
/vessels/details/416436601,CT2-6366-RS-0179,Unknown,416436601
/vessels/details/416015708,SHYANG SHUENN,Unknown,416015708
/vessels/details/416222210,2222-1073,Unknown,416222210
/vessels/details/416183615,1111,Unknown,416183615
/vessels/details/416501280,TIELONG-01559-16-83,Unknown,416501280
/vessels/details/416000263,SHIN MAN MAN NO.3,Unknown (HAZ-D),416000263
/vessels/details/416123784,0004-51,Unknown,416123784
/vessels/details/416733365,7333-6586,Unknown,416733365
/vessels/details/416556601,5566-0176,Unknown,416556601
/vessels/details/416330866,CT33086-0699,Unknown,416330866
/vessels/details/416016853,965624,Unknown,416016853
/vessels/details/416001234,SHUENNSHENQHORNGNO16,Unknown,416001234
/vessels/details/416997728,MINLY69977-28-72,Unknown,416997728
/vessels/details/416553504,416553504-89,Unknown,416553504
/vessels/details/416000316,TIELONG-01826-01-87,Unknown,416000316
/vessels/details/416556608,5566-08-41,Unknown,416556608
/vessels/details/416002405,7788-05-81,Unknown,416002405
/vessels/details/416280015,SHUN LI 28 9V,Unknown,416280015
/vessels/details/416626009,CT2-6260-0966,Unknown,416626009
/vessels/details/416000477,FENGLI106-86,Unknown,416000477
/vessels/details/416995502,JIN668-2 92,Unknown,416995502
/vessels/details/416003620,AO HSING NO36-20-90,Unknown,416003620
/vessels/details/416037601,CT0-3760-195,Unknown,416037601
/vessels/details/416664471,CHIA CHUN,Unknown,416664471
/vessels/details/416511811,5118-1166,Unknown,416511811
/vessels/details/416001418,0,Unknown,416001418
/vessels/details/416015648,NO.2JETSEA,Unknown,416015648
/vessels/details/416777035,88305-10-95,Unknown,416777035
/vessels/details/416106303,CTR TT-0433-A365,Unknown,416106303
/vessels/details/416115569,0,Unknown,416115569
/vessels/details/416003612,LUDONYU60036-12-70,Unknown,416003612
/vessels/details/416663323,01588-16-63,Unknown,416663323
/vessels/details/416513982,NET4,Unknown,416513982
/vessels/details/416997753,MINGLY69977-53-71,Unknown,416997753
/vessels/details/416422904,416422904 9V,Unknown,416422904
/vessels/details/416003989,DAH CHUAN EII 8V,Unknown,416003989
/vessels/details/416002307,L,Unknown,416002307
/vessels/details/416017122,LUJIAOYU60065-1-16,Unknown,416017122
/vessels/details/416501288,TIELONG-01559-24-73,Unknown,416501288
/vessels/details/416007452,HAIYANG HANG XINGZHE,Unknown,416007452
/vessels/details/416123061,CT2-5168-010-91,Unknown,416123061
/vessels/details/416232304,2323-0497,Unknown,416232304
/vessels/details/416877887,YUFA668HAO97,Unknown,416877887
/vessels/details/416402501,X1- 99,Unknown,416402501
/vessels/details/416056850,60568-50-89,Unknown,416056850
/vessels/details/416066001,CTRCI1103,Unknown,416066001
/vessels/details/416132009,416-1320-09-94,Unknown,416132009
/vessels/details/416602108,602108-76,Unknown,416602108
/vessels/details/416060104,TAILONG00881-11,Unknown,416060104
/vessels/details/416997720,MINLY69977-20-35,Unknown,416997720
/vessels/details/416458580,TAIWAN 00895,Unknown,416458580
/vessels/details/416003666,MUH SHING NO 1,Unknown,416003666
/vessels/details/416012316,965734,Unknown,416012316
/vessels/details/416089316,44,Unknown,416089316
/vessels/details/416728909,7289-09-80,Unknown,416728909
/vessels/details/416866088,BUOY37,Unknown,416866088
/vessels/details/416014866,92484,Unknown,416014866
/vessels/details/416612804,6128-0448,Unknown,416612804
/vessels/details/416112112,1121-12-87,Unknown,416112112
/vessels/details/416728905,7289-05-88,Unknown,416728905
/vessels/details/416295415,AK-15 100,Unknown,416295415
/vessels/details/416039537,CT1-3953-7-69,Unknown,416039537
/vessels/details/416250827,123 93,Unknown,416250827
/vessels/details/416009147,MAAN JIANN TSAIR NO6,Unknown,416009147
/vessels/details/416016189,861401,Unknown,416016189
/vessels/details/416275805,2758-05-54,Unknown,416275805
/vessels/details/416409312,64093-12-51,Unknown,416409312
/vessels/details/416009531,DAH JYI LIH,Unknown,416009531
/vessels/details/416528804,5288-04-01,Unknown,416528804
/vessels/details/416009188,DAI WEI,Unknown,416009188
/vessels/details/416232310,2323-1001,Unknown,416232310
/vessels/details/416222215,2222-1580,Unknown,416222215
/vessels/details/416728911,7289-1178,Unknown,416728911
/vessels/details/416194211,TIELONG-01942-11-75,Unknown,416194211
/vessels/details/416010102,GTS-5707-99,Unknown,416010102
/vessels/details/416067092,CTR TT1097,Unknown,416067092
/vessels/details/416777030,88305-18-82,Unknown,416777030
/vessels/details/416314404,FENGLI-4-99,Unknown,416314404
/vessels/details/416016802,CTR-0168-02-89,Unknown,416016802
/vessels/details/416015393,SHING DER LIH NO.88,Unknown,416015393
/vessels/details/416431704,QIXING2HAO-499,Unknown,416431704
/vessels/details/416222211,2222-1188,Unknown,416222211
/vessels/details/416528811,5288-1156,Unknown,416528811
/vessels/details/416614503,CT2-6145-0340,Unknown,416614503
/vessels/details/416157110,61571-10-197 60,Unknown,416157110
/vessels/details/416497601,CT3-4976-01 100,Unknown,416497601
/vessels/details/416695803,695803 87,Unknown,416695803
/vessels/details/416013472,LANDBATTLE,Unknown,416013472
/vessels/details/416037009,AO HSING NO37-09-93,Unknown,416037009
/vessels/details/416141301,SHING YANG 1 9V,Unknown,416141301
/vessels/details/416666611,TIELONG66666-47,Unknown,416666611
/vessels/details/416280009,SHUN LI 28 9V,Unknown,416280009
/vessels/details/416175801,1758-01-99,Unknown,416175801
/vessels/details/416010608,CHAU TZANN NO.168,Unknown,416010608
/vessels/details/416070163,CTR-ML0930-01 90,Unknown,416070163
/vessels/details/416402511,X11 96,Unknown,416402511
/vessels/details/416016814,DA FA 168-14-44,Unknown,416016814
/vessels/details/416175806,1758-06-94,Unknown,416175806
/vessels/details/416003616,HE WORID,Unknown,416003616
/vessels/details/416303451,303451-0101,Unknown,416303451
/vessels/details/416899719,TIELONG68997-19-90,Unknown,416899719
/vessels/details/416105706,91,Unknown,416105706
/vessels/details/416606895,6068-9556,Unknown,416606895
/vessels/details/416728906,7289-06-81,Unknown,416728906
/vessels/details/416096821,LUYU60968-21-96,Unknown,416096821
/vessels/details/416111111,111-1101,Unknown,416111111
/vessels/details/416568568,568,Unknown,416568568
/vessels/details/416132002,416-1320-02-99,Unknown,416132002
/vessels/details/416695804,695804 94,Unknown,416695804
/vessels/details/416528819,5288-19-01,Unknown,416528819
/vessels/details/416105707,78,Unknown,416105707
/vessels/details/416011644,JIN SHUENN FA NO.88,Unknown,416011644
/vessels/details/416016817,DA FA 168-17-73,Unknown,416016817
/vessels/details/416002420,7788-20-86,Unknown,416002420
/vessels/details/416405111,05111-4,Unknown,416405111
/vessels/details/416017822,0178-2227,Unknown,416017822
/vessels/details/416003459,PENG XING,Unknown,416003459
/vessels/details/416000334,TIELONG-01826-19-85,Unknown,416000334
/vessels/details/416009884,CTS-3711,Unknown,416009884
/vessels/details/416952268,02268-157,Unknown,416952268
/vessels/details/416053711,LUJIAOYU605371-16,Unknown,416053711
/vessels/details/416419203,CT34192-BUOY-B03-99,Unknown,416419203
/vessels/details/416275810,2758-10-53,Unknown,416275810
/vessels/details/416383829,4163838-2914,Unknown,416383829
/vessels/details/416956596,9565-9691,Unknown,416956596
/vessels/details/416800011,SUSHEYU04168-117.1V,Unknown,416800011
/vessels/details/416056849,60568-49-88,Unknown,416056849
/vessels/details/416001219,LUDONYU60012-19-42,Unknown,416001219
/vessels/details/416402510,X10-99,Unknown,416402510
/vessels/details/416399802,CT2-3998-0265,Unknown,416399802
/vessels/details/416194297,TIELONG-01942-97-93,Unknown,416194297
/vessels/details/416283101,2831-01,Unknown,416283101
/vessels/details/416115650,1156-5093,Unknown,416115650
/vessels/details/416071303,CTR-0713-03 100,Unknown,416071303
/vessels/details/416051004,JILONG04019-1-51,Unknown,416051004
/vessels/details/416402934,JIAXIANG66-99,Unknown,416402934
/vessels/details/416350713,35007-13-56,Unknown,416350713
/vessels/details/416888817,8888-1778,Unknown,416888817
/vessels/details/416015392,SHUENN MAAN YU,Unknown,416015392
/vessels/details/416015691,WANN TZY 1,Unknown,416015691
/vessels/details/416213902,4162139-2-90,Unknown,416213902
/vessels/details/416163608,TIELONG61636-08-68,Unknown,416163608
/vessels/details/416893302,TIELONG68933-2-80,Unknown,416893302
/vessels/details/416031004,5688-BUOY-000004-85,Unknown,416031004
/vessels/details/416012402,CT0008617,Unknown,416012402
/vessels/details/416012933,LIH JYH NO.168,Unknown,416012933
/vessels/details/416129212,1292-12-88,Unknown,416129212
/vessels/details/416071782,CTR-PT4076,Unknown,416071782
/vessels/details/416416418,49,Unknown,416416418
/vessels/details/416347501,3475-0188,Unknown,416347501
/vessels/details/416222730,2227-30-65,Unknown,416222730
/vessels/details/416416419,91,Unknown,416416419
/vessels/details/416998902,9989-2-44,Unknown,416998902
/vessels/details/416037605,CT0-3760-575,Unknown,416037605
/vessels/details/416013315,DAYINO.3,Unknown,416013315
/vessels/details/416572204,YUJIN128NET-04-99,Unknown,416572204
/vessels/details/416871316,68713-16,Unknown,416871316
/vessels/details/416026013,XINMANMAN026-1318,Unknown,416026013
/vessels/details/416528808,5288-08-01,Unknown,416528808
/vessels/details/416888818,8888-18-98,Unknown,416888818
/vessels/details/416066066,CTR-TC0026,Unknown,416066066
/vessels/details/416528815,5288-15-01,Unknown,416528815
/vessels/details/416333666,JESTQQ,Unknown,416333666
/vessels/details/416011912,CTS003400,Unknown,416011912
/vessels/details/416129218,1292-18-98,Unknown,416129218
/vessels/details/416164223,TIELONG-01942-23-99,Unknown,416164223
/vessels/details/416016147,ROEI JYE,Unknown,416016147
/vessels/details/416474510,CT318667-BUOY-10-99,Unknown,416474510
/vessels/details/416614511,CT2-6145-1155,Unknown,416614511
/vessels/details/416997712,MINLY69977-12-64,Unknown,416997712
/vessels/details/416001724,XIN JIN XIANG NO.8,Unknown,416001724
/vessels/details/416008788,18,Unknown,416008788
/vessels/details/416448615,CT2-4486-1591,Unknown,416448615
/vessels/details/416112131,1121-31-99,Unknown,416112131
/vessels/details/416141304,SHING YANG 1 9V,Unknown,416141304
/vessels/details/416001588,LUJIAOYU600158-98,Unknown,416001588
/vessels/details/416728900,7289-00-81,Unknown,416728900
/vessels/details/416528812,5288-1241,Unknown,416528812
/vessels/details/416029303,TING TING 03-87,Unknown,416029303
/vessels/details/416016818,DA FA 168-18-81,Unknown,416016818
/vessels/details/416354312,00389-2-60,Unknown,416354312
/vessels/details/416222299,2222-9982,Unknown,416222299
/vessels/details/416733367,7333-6710,Unknown,416733367
/vessels/details/416295401,K01 86,Unknown,416295401
/vessels/details/416005807,LIDONGYU60058-7-46,Unknown,416005807
/vessels/details/416071302,CTR 0713 02-99,Unknown,416071302
/vessels/details/416399811,CT2-3998-1101,Unknown,416399811
/vessels/details/416159940,MINLIANYU61599-35,Unknown,416159940
/vessels/details/416272006,2720-0690,Unknown,416272006
/vessels/details/416129208,1292-08-96,Unknown,416129208
/vessels/details/416008012,4160-12-33,Unknown,416008012
/vessels/details/416997711,MINLY69977-11-76,Unknown,416997711
/vessels/details/416418743,64187 43 90,Unknown,416418743
/vessels/details/416360737,DESHENG-87,Unknown,416360737
/vessels/details/416222213,2222-1349,Unknown,416222213
/vessels/details/416777013,88305-17-69,Unknown,416777013
/vessels/details/416997730,MINLY69977-30-88,Unknown,416997730
/vessels/details/416006233,XIN BEI HAI QIN NO16,Unknown,416006233
/vessels/details/416005534,XIN HANG FU,Unknown,416005534
/vessels/details/416006003,WAN KUN,Unknown,416006003
/vessels/details/416431705,QIXING2HAO-501,Unknown,416431705
/vessels/details/416688808,66888-8 90,Unknown,416688808
/vessels/details/416006297,WAN SHUN NO.1,Unknown,416006297
/vessels/details/416553521,553521 92,Unknown,416553521
/vessels/details/416039532,CT1-3953-2-84,Unknown,416039532
/vessels/details/416383817,38381701,Unknown,416383817
/vessels/details/416802302,FENGLI118-82,Unknown,416802302
/vessels/details/416107688,0,Unknown,416107688
/vessels/details/416275818,2758-18-90,Unknown,416275818
/vessels/details/416067004,CTR PT3869,Unknown,416067004
/vessels/details/416093134,0931-3427,Unknown,416093134
/vessels/details/416002684,TAI XIN XIANG HAO,Unknown (HAZ-B),416002684
/vessels/details/416733366,7333-66-92,Unknown,416733366
/vessels/details/416002969,60-7091,Unknown,416002969
/vessels/details/416487875,586,Unknown,416487875
/vessels/details/416614509,CT2-6145-0976,Unknown,416614509
/vessels/details/416000329,TIELONG-01826-14-85,Unknown,416000329
/vessels/details/416416801,16771-99,Unknown,416416801
/vessels/details/416333309,3333-0981,Unknown,416333309
/vessels/details/416078901,-CT882-01-88,Unknown,416078901
/vessels/details/416556609,5566-09-60,Unknown,416556609
/vessels/details/416088102,54,Unknown,416088102
/vessels/details/416222209,2222-0926,Unknown,416222209
/vessels/details/416067098,CTR TT0895,Unknown,416067098
/vessels/details/416012519,CTS-6391,Unknown,416012519
/vessels/details/416448608,CT2-4486-0887,Unknown,416448608
/vessels/details/416766764,676-4 40,Unknown,416766764
/vessels/details/416000384,ZHEN FENG,Unknown,416000384
/vessels/details/416207900,YO N GQ U A N N36,Unknown (HAZ-B),416207900
/vessels/details/416088708,67,Unknown,416088708
/vessels/details/416071878,CTR PT3091,Unknown,416071878
/vessels/details/416000427,05771,Unknown,416000427
/vessels/details/416770007,JINFA36-778,Unknown,416770007
/vessels/details/416010931,CTS-9017,Unknown,416010931
/vessels/details/416416802,04399-99,Unknown,416416802
/vessels/details/416056844,60568-44-82,Unknown,416056844
/vessels/details/416150160,15015-10-62,Unknown,416150160
/vessels/details/416572202,YUJIN128NET-02-99,Unknown,416572202
/vessels/details/416017807,0178-0757,Unknown,416017807
/vessels/details/416275802,2758-02-73,Unknown,416275802
/vessels/details/416460001,CT2-4600-01 12V5,Unknown,416460001
/vessels/details/416402153,JIAXIANG66-99,Unknown,416402153
/vessels/details/416005810,LIDONGYU60058-10-31,Unknown,416005810
/vessels/details/416778877,778877-0184,Unknown,416778877
/vessels/details/416015031,964352,Unknown,416015031
/vessels/details/416588701,5887-0178,Unknown,416588701
/vessels/details/416275814,2758-14-83,Unknown,416275814
/vessels/details/416132012,416-1320-12-99,Unknown,416132012
/vessels/details/416553518,553518 93,Unknown,416553518
/vessels/details/416602101,602101-99,Unknown,416602101
/vessels/details/416816802,8168-02-77,Unknown,416816802
/vessels/details/416055553,TAILONG00881-3-80,Unknown,416055553
/vessels/details/416867813,8678-13-66,Unknown,416867813
/vessels/details/416129207,1292-07-96,Unknown,416129207
/vessels/details/416053535,535,Unknown,416053535
/vessels/details/416071684,CTR-KH1143,Unknown,416071684
/vessels/details/416159908,TIELONG61599-8-26,Unknown,416159908
/vessels/details/416066999,CTR PT3485,Unknown,416066999
/vessels/details/416029301,TING TING 01-88,Unknown,416029301
/vessels/details/416132007,416-1320-07-94,Unknown,416132007
/vessels/details/416023527,SIN LONG MAM,Unknown,416023527
/vessels/details/416555905,CT3-5559-NO-0526,Unknown,416555905
/vessels/details/416418008,CT2-4180-08 44,Unknown,416418008
/vessels/details/416107668,0,Unknown,416107668
/vessels/details/416013776,CYUAN SING NO.3,Unknown,416013776
/vessels/details/416199703,TIELONG61997-03-93,Unknown,416199703
/vessels/details/416060613,60606-13-93,Unknown,416060613
/vessels/details/416318701,416318701-96,Unknown,416318701
/vessels/details/416588907,5889-0762,Unknown,416588907
/vessels/details/416314410,FENGLI-10-33,Unknown,416314410
/vessels/details/416317102,3171-02-85,Unknown,416317102
/vessels/details/416100012,HSD-NET-86,Unknown,416100012
/vessels/details/416773501,XINJIANLI1HAO-196,Unknown,416773501
/vessels/details/416194298,TIELONG-01942-98-88,Unknown,416194298
/vessels/details/416159923,YANSHENGDIAO-23-98,Unknown,416159923
/vessels/details/416175610,TIELONG61756-10-51,Unknown,416175610
/vessels/details/416000497,0,Unknown,416000497
/vessels/details/416553522,553522 77,Unknown,416553522
/vessels/details/416333310,3333-1086,Unknown,416333310
/vessels/details/416600056,56-6,Unknown,416600056
/vessels/details/416636602,CT2-6366-RS-0283,Unknown,416636602
/vessels/details/416165680,65686,Unknown,416165680
/vessels/details/416583401,SHIAN MAAN TZAY1-87,Unknown,416583401
/vessels/details/416015928,CHUN YANG NO 1,Unknown,416015928
/vessels/details/416572213,NET BUOY 13-92,Unknown,416572213
/vessels/details/416956597,9565-9789,Unknown,416956597
/vessels/details/416129205,1292-05-90,Unknown,416129205
/vessels/details/416401798,JIAXIANG66-98,Unknown,416401798
/vessels/details/416777028,88305-8-95,Unknown,416777028
/vessels/details/416017821,0178-21-62,Unknown,416017821
/vessels/details/416159931,MINLIANYU61599-70,Unknown,416159931
/vessels/details/416000701,AIS BS LINKOU,Unknown,416000701
/vessels/details/416003966,1,Unknown,416003966
/vessels/details/416383831,4163838-3162,Unknown,416383831
/vessels/details/416636604,CT2-6366-RS-0494,Unknown,416636604
/vessels/details/416374711,3747-11-89,Unknown,416374711
/vessels/details/416766761,676-1 20,Unknown,416766761
/vessels/details/416997715,MINLY69977-15-65,Unknown,416997715
/vessels/details/416330864,CT33086-0462,Unknown,416330864
/vessels/details/416900056,56-9,Unknown,416900056
/vessels/details/416292914,2929-14-34,Unknown,416292914
/vessels/details/416431606,4316-06-91,Unknown,416431606
/vessels/details/416612803,6128-0361,Unknown,416612803
/vessels/details/416026005,XINMANMAN026-0583,Unknown,416026005
/vessels/details/416511812,5118-1257,Unknown,416511812
/vessels/details/416157113,61571-13-197 90,Unknown,416157113
/vessels/details/416783949,7839-49-35,Unknown,416783949
/vessels/details/416588703,5887-0386,Unknown,416588703
/vessels/details/416002063,4160-6330,Unknown,416002063
/vessels/details/416405859,11205 7V3,Unknown,416405859
/vessels/details/416071706,CTR-PT2752,Unknown,416071706
/vessels/details/416802606,FENGLI113-59,Unknown,416802606
/vessels/details/416614502,CT2-6145-0252,Unknown,416614502
/vessels/details/416600302,FENGYU1HAO-290,Unknown,416600302
/vessels/details/416051907,CTR-TT0519-7 60,Unknown,416051907
/vessels/details/416069901,CTR ML0809,Unknown,416069901
/vessels/details/416110902,CTR-TT-1109-0299,Unknown,416110902
/vessels/details/416609603,CT2-6096-03 73,Unknown,416609603
/vessels/details/416006244,AI GUO,Unknown,416006244
/vessels/details/416018917,60189-17-99,Unknown,416018917
/vessels/details/416000319,TIELONG-01826-04-79,Unknown,416000319
/vessels/details/416373737,HONE FU 37,Unknown,416373737
/vessels/details/416250882,25088-2-48,Unknown,416250882
/vessels/details/416016816,DA FA 168-16-71,Unknown,416016816
/vessels/details/416010016,CTS-9832,Unknown,416010016
/vessels/details/416186506,AIS-1865-06-84,Unknown,416186506
/vessels/details/416026004,XINMANMAN026-0486,Unknown,416026004
/vessels/details/416460016,CT2-4600-16 11V2,Unknown,416460016
/vessels/details/416333306,333-0680,Unknown,416333306
/vessels/details/416824603,68246-03-54,Unknown,416824603
/vessels/details/416264305,NETFISHING,Unknown,416264305
/vessels/details/416011605,AO HSING 116-05-34,Unknown,416011605
/vessels/details/416175808,1758-08-87,Unknown,416175808
/vessels/details/416799662,416799662 97,Unknown,416799662
/vessels/details/416003642,AO HSING NO3610-93,Unknown,416003642
/vessels/details/416105528,54,Unknown,416105528
/vessels/details/416501295,TIELONG-01559-31-89,Unknown,416501295
/vessels/details/416189500,20,Unknown,416189500
/vessels/details/416360000,CT2-41636,Unknown,416360000
/vessels/details/416528803,5288-03-81,Unknown,416528803
/vessels/details/416157114,61571-14-197 40,Unknown,416157114
/vessels/details/416617104,LONGLIN BUOY 04-99,Unknown,416617104
/vessels/details/416464611,4646-1157,Unknown,416464611
/vessels/details/416600306,FENGYU1HAO-693,Unknown,416600306
/vessels/details/416067505,CTR-TC 0463,Unknown,416067505
/vessels/details/416067714,CTR-CI0537,Unknown,416067714
/vessels/details/416315564,6469-03,Unknown,416315564
/vessels/details/416602320,4166023-20 90,Unknown,416602320
/vessels/details/416497605,CT3-4976-0599,Unknown,416497605
/vessels/details/416003814,KAI SHENG,Unknown,416003814
/vessels/details/416333083,333 65,Unknown,416333083
/vessels/details/416175601,TIELONG61756-01-96,Unknown,416175601
/vessels/details/416419213,CT3-4192-BUOY-13-99,Unknown,416419213
/vessels/details/416006868,YUE SHAN,Unknown,416006868
/vessels/details/416402515,X15 99,Unknown,416402515
/vessels/details/416017818,0178-18-43,Unknown,416017818
/vessels/details/416866066,BUOY99,Unknown,416866066
/vessels/details/416419703,LURUYU64197-368,Unknown,416419703
/vessels/details/416733355,7333-5585,Unknown,416733355
/vessels/details/416016819,DA FA 168-19-61,Unknown,416016819
/vessels/details/416350313,QI FAN 2 HAO-13-99,Unknown,416350313
/vessels/details/416014255,SHUN HAI SING NO.1,Unknown,416014255
/vessels/details/416016905,GWO JYE NO.8,Unknown,416016905
/vessels/details/416588908,5889-0885,Unknown,416588908
/vessels/details/416071307,CTR-0713-0780,Unknown,416071307
/vessels/details/416401496,JIAXIANG66-96,Unknown,416401496
/vessels/details/416096003,XIN ZI 96-0369,Unknown,416096003
/vessels/details/416275816,2758-16-80,Unknown,416275816
/vessels/details/416602303,CT3-6023-0399,Unknown,416602303
/vessels/details/416026014,XINMANMAN026-1478,Unknown,416026014
/vessels/details/416280002,SHUN LI 28 8V,Unknown,416280002
/vessels/details/416431603,4316-03-89,Unknown,416431603
/vessels/details/416867817,8678-17-57,Unknown,416867817
/vessels/details/416006685,420059900271,Unknown,416006685
/vessels/details/416015753,KUEN CHERNG NO.6,Unknown,416015753
/vessels/details/416005813,LIDONGYU60058-13-35,Unknown,416005813
/vessels/details/416069838,CTR-SH0176,Unknown,416069838
/vessels/details/416587089,00198,Unknown,416587089
/vessels/details/416014791,HWANG CHANG 99,Unknown,416014791
/vessels/details/416078905,-CT882-05-64,Unknown,416078905
/vessels/details/416213802,CTR-PT-2138-02 100,Unknown,416213802
/vessels/details/416132004,416-1320-04-95,Unknown,416132004
/vessels/details/416505111,05111-5,Unknown,416505111
/vessels/details/416000586,GUO DA NO168,Unknown,416000586
/vessels/details/416026001,XINMANMAN026-0178,Unknown,416026001
/vessels/details/416561751,5617-5186,Unknown,416561751
/vessels/details/416715046,HOSN WANG WEI YI,Unknown,416715046
/vessels/details/416733368,7333-68-84,Unknown,416733368
/vessels/details/416071801,CTR-HL0112,Unknown,416071801
/vessels/details/416556603,5566-0385,Unknown,416556603
/vessels/details/416186317,MINLIANYU61863-84,Unknown,416186317
/vessels/details/416575708,416575708,Unknown,416575708
/vessels/details/416888825,8888-2563,Unknown,416888825
/vessels/details/416958001,GTS-5707-99,Unknown,416958001
/vessels/details/416990004,-CT882-04-84,Unknown,416990004
/vessels/details/416601618,03610,Unknown (HAZ-A),416601618
/vessels/details/416146706,KF817018 62,Unknown,416146706
/vessels/details/416037602,CTO-3760-2-99,Unknown,416037602
/vessels/details/416346906,CT3-3469-BUOY-6-87,Unknown,416346906
/vessels/details/416958156,416958156-93,Unknown,416958156
/vessels/details/416010478,MING HUEI,Unknown,416010478
/vessels/details/416555901,CT3-5559-0163,Unknown,416555901
/vessels/details/416011602,AO HSING 116-02-03,Unknown,416011602
/vessels/details/416001508,LUJIAOYU60015-8-83,Unknown,416001508
/vessels/details/416186509,AIS-1865-09-95,Unknown,416186509
/vessels/details/416556607,5566-07-60,Unknown,416556607
/vessels/details/416572203,YUJIN128NET-03-99,Unknown,416572203
/vessels/details/416431706,QIXING2HAO-699,Unknown,416431706
/vessels/details/416686801,6868-01-79,Unknown,416686801
/vessels/details/416888808,8888-08-95,Unknown,416888808
/vessels/details/416067025,CTR SH0251,Unknown,416067025
/vessels/details/416577506,XINHONG168-691,Unknown,416577506
/vessels/details/416959159,9591-5927,Unknown,416959159
/vessels/details/416105712,40,Unknown,416105712
/vessels/details/416159909,TIELONG61599-9-32,Unknown,416159909
/vessels/details/416346905,CT3-3469-BUOY-5-99,Unknown,416346905
/vessels/details/416592331,CT2-5923-3188,Unknown,416592331
/vessels/details/416888824,8888-2482,Unknown,416888824
/vessels/details/416511802,5118-0262,Unknown,416511802
/vessels/details/416003787,YEONG FWU NO.188,Unknown,416003787
/vessels/details/416001941,0 96,Unknown,416001941
/vessels/details/416012522,TEST,Unknown,416012522
/vessels/details/416003255,SHENJINMAN-7-15,Unknown,416003255
/vessels/details/416001374,AHENG HONG DA,Unknown,416001374
/vessels/details/416528828,5288-28-67,Unknown,416528828
/vessels/details/416617103,LONGLIN BUOY 03-99,Unknown,416617103
/vessels/details/416397801,3987-01-79,Unknown,416397801
/vessels/details/416612806,6128-0652,Unknown,416612806
/vessels/details/416064608,0646-0851,Unknown,416064608
/vessels/details/416959152,9591-5266,Unknown,416959152
/vessels/details/416885366,RICK NO1,Unknown (HAZ-B),416885366
/vessels/details/416460696,60696-14-52,Unknown,416460696
/vessels/details/416055941,CT2-5594-1-99,Unknown,416055941
/vessels/details/416052539,CT2-5253-9 11,Unknown,416052539
/vessels/details/416626003,CT2-6260-0361,Unknown,416626003
/vessels/details/416079804,-CT882-04-58,Unknown,416079804
/vessels/details/416406077,PC313,Unknown,416406077
/vessels/details/416418001,1CT2-4180-1 12V9,Unknown,416418001
/vessels/details/416071725,CTR-PT3455,Unknown,416071725
/vessels/details/416770009,JINFA36-989,Unknown,416770009
/vessels/details/416003252,SHENJINMAN-4-75,Unknown,416003252
/vessels/details/416010635,CTS-3440,Unknown,416010635
/vessels/details/416015091,924478,Unknown,416015091
/vessels/details/416572211,NET BUOY 11-91,Unknown,416572211
/vessels/details/416383843,3837-43-98,Unknown,416383843
/vessels/details/416409313,64093-13-68,Unknown,416409313
/vessels/details/416823531,235-31 96,Unknown,416823531
/vessels/details/416017802,0178-0272,Unknown,416017802
/vessels/details/416311608,4162525-04,Unknown,416311608
/vessels/details/416116401,CTR-TT-1164-0166,Unknown,416116401
/vessels/details/416419802,30059-11 7V5,Unknown,416419802
/vessels/details/416553516,553516,Unknown,416553516
/vessels/details/416447503,CT3-4475-0354,Unknown,416447503
/vessels/details/416001786,588,Unknown (HAZ-B),416001786
/vessels/details/416592322,CT2-5923-2212,Unknown,416592322
/vessels/details/416056846,60568-46-56,Unknown,416056846
/vessels/details/416211912,62119-12-85,Unknown,416211912
/vessels/details/416026006,XINMANMAN026-0659,Unknown,416026006
/vessels/details/416773503,XINJIANLI1HAO-399,Unknown,416773503
/vessels/details/416112110,1121-1033,Unknown,416112110
/vessels/details/416088304,62,Unknown,416088304
/vessels/details/416431602,4316-02-96,Unknown,416431602
/vessels/details/416422606,416422606-6 90,Unknown,416422606
/vessels/details/416823529,235-29 88,Unknown,416823529
/vessels/details/416321406,3214-0690,Unknown,416321406
/vessels/details/416318402,3184-0290,Unknown,416318402
/vessels/details/416777012,88305-1-73,Unknown,416777012
/vessels/details/416011967,LONG MIIN NO.2099,Unknown,416011967
/vessels/details/416015145,969813,Unknown,416015145
/vessels/details/416011641,HAI LANG TZU,Unknown,416011641
/vessels/details/416115654,1156-5480,Unknown,416115654
/vessels/details/416010889,YEONG FENG NO3,Unknown,416010889
/vessels/details/416272011,2720-11-87,Unknown,416272011
/vessels/details/416275819,2758-19-84,Unknown,416275819
/vessels/details/416017805,0178-0564,Unknown,416017805
/vessels/details/416071306,CTR-0713-0668,Unknown,416071306
/vessels/details/416553507,416553507-80,Unknown,416553507
/vessels/details/416017829,0178-29-65,Unknown,416017829
/vessels/details/416402517,X17 95,Unknown,416402517
/vessels/details/416867811,8678-11-46,Unknown,416867811
/vessels/details/416501296,TIELONG-01559-32-66,Unknown,416501296
/vessels/details/416402519,X19 95,Unknown,416402519
/vessels/details/416330865,CT33086-0596,Unknown,416330865
/vessels/details/416340100,ANP VTS,Unknown,416340100
/vessels/details/416002070,4160-7094,Unknown,416002070
/vessels/details/416374701,3747-01-85,Unknown,416374701
/vessels/details/416069111,CTR-NC1202,Unknown,416069111
/vessels/details/416017800,0178-00-57,Unknown,416017800
/vessels/details/416275808,2758-08-72,Unknown,416275808
/vessels/details/416017816,0178-16-58,Unknown,416017816
/vessels/details/416086564,4160-4-73,Unknown,416086564
/vessels/details/416577510,XINHONG168-1099,Unknown,416577510
/vessels/details/416456316,12345-16-88,Unknown,416456316
/vessels/details/416136977,0,Unknown,416136977
/vessels/details/416602112,602112-99,Unknown,416602112
