url,name,type,imo
/vessels/details/9496680,POS LOGISTICS 1,Bulk Carrier,9496680
/vessels/details/9568574,LESTARI MANJUNG,Bulk Carrier,9568574
/vessels/details/9186950,STRAITS CHALLENGER,Vehicles Carrier,9186950
/vessels/details/9206023,JASA MURNI,Vehicles Carrier,9206023
/vessels/details/9805697,ALAM KUASA,Bulk Carrier,9805697
/vessels/details/9082324,GRAND VISION,Vehicles Carrier,9082324
/vessels/details/9607150,DUTA AZZAM,Bulk Carrier,9607150
/vessels/details/9446489,MALAYSIA PASSION,Vehicles Carrier,9446489
/vessels/details/9446477,MALAYSIA BRAVE,Vehicles Carrier,9446477
/vessels/details/9542283,MALAYSIA GRACE,Vehicles Carrier,9542283
/vessels/details/9566851,POS LOGISTICS 2,Bulk Carrier,9566851
/vessels/details/9460538,TASIK SAKURA,Bulk Carrier,9460538
/vessels/details/9290892,VISION 1,Bulk Carrier,9290892
/vessels/details/9311402,PACIFIC STAR,Bulk Carrier,9311402
/vessels/details/9267077,BILLION STAR,Bulk Carrier,9267077
/vessels/details/9872248,MTT SANDAKAN,Container Ship,9872248
/vessels/details/9872236,MTT SAPANGAR,Container Ship,9872236
/vessels/details/9974228,MTT PELEPAS,Container Ship,9974228
/vessels/details/9974216,MTT PORT KELANG,Container Ship,9974216
/vessels/details/9312339,TROPICAL STAR,Bulk Carrier,9312339
/vessels/details/9032331,MALAYSIA STAR,Vehicles Carrier,9032331
/vessels/details/9101106,MTT KUCHING DUA,Container Ship,9101106
/vessels/details/9148532,MTT BINTULU,Container Ship,9148532
/vessels/details/9248930,DANUM 175,Container Ship,9248930
/vessels/details/9238870,DANUM 168,Container Ship,9238870
/vessels/details/9255529,MTT HAIPHONG,Container Ship,9255529
/vessels/details/9151424,DANUM 172,Container Ship,9151424
/vessels/details/9236341,HARBOUR NEPTUNE,Container Ship,9236341
/vessels/details/9813864,MTT SAMALAJU,Container Ship,9813864
/vessels/details/9813852,MTT SAISUNEE,Container Ship,9813852
/vessels/details/9813876,MTT SENARI,Container Ship,9813876
/vessels/details/9159086,DANUM 171,Container Ship,9159086
/vessels/details/9988499,MTT LUMUT,Deck Cargo Ship,9988499
/vessels/details/9559470,SHINLINE 10,General Cargo Ship,9559470
/vessels/details/9559482,SHINLINE 11,General Cargo Ship,9559482
/vessels/details/9629237,SHINLINE 15,General Cargo Ship,9629237
/vessels/details/9629225,SHINLINE 12,General Cargo Ship,9629225
/vessels/details/9240469,HARBOUR ICONIC,Container Ship,9240469
/vessels/details/9308041,HARBOUR YOTTA,Container Ship,9308041
/vessels/details/9301316,HARBOUR ADVENTURE,Container Ship,9301316
/vessels/details/9365166,HARBOUR ZIRCON,Container Ship,9365166
/vessels/details/9121687,BUNGA MAS ENAM,Container Ship,9121687
/vessels/details/9406271,DANUM 173,Container Ship,9406271
/vessels/details/9100542,THAILINE 9,General Cargo Ship,9100542
/vessels/details/9176503,HARBOUR EXPRESS,Container Ship,9176503
/vessels/details/9169873,RMN AUX TA,General Cargo Ship,9169873
/vessels/details/9242601,HARBOUR GALAXY,Container Ship,9242601
/vessels/details/9242613,HARBOUR HORIZON,Container Ship,9242613
/vessels/details/9242584,HARBOUR STAR,Container Ship,9242584
/vessels/details/9945265,MTT RAJANG,Container Ship,9945265
/vessels/details/9912191,MTT SIBU,Container Ship,9912191
/vessels/details/8357215,DANUM 179,Deck Cargo Ship,8357215
/vessels/details/8357203,DANUM 178,Deck Cargo Ship,8357203
/vessels/details/8938148,MV THAILINE,General Cargo Ship,8938148
/vessels/details/9243291,DANUM 18,Deck Cargo Ship,9243291
/vessels/details/9510230,MV LEWANG,General Cargo Ship,9510230
/vessels/details/9548469,M.V.LENA,Bulk Carrier,9548469
/vessels/details/8926975,KONG HIN NO. 2,General Cargo Ship,8926975
/vessels/details/9333199,MV.DANUM 9,Deck Cargo Ship,9333199
/vessels/details/9553608,DANUM 112,Deck Cargo Ship,9553608
/vessels/details/9545869,LEHON,General Cargo Ship,9545869
/vessels/details/8600868,MV ALIKA,General Cargo Ship,8600868
/vessels/details/8217477,LINA,General Cargo Ship,8217477
/vessels/details/8627282,MV BANDAR BARU,General Cargo Ship,8627282
/vessels/details/8989836,HARBOUR UNITED,Container Ship,8989836
/vessels/details/9329605,LAUTAN MEGAJAYA,General Cargo Ship,9329605
/vessels/details/7944396,LINAU 16,General Cargo Ship,7944396
/vessels/details/9834911,BONGAWAN 99,Landing Craft,9834911
/vessels/details/7631951,DUTA SARANA,General Cargo Ship,7631951
/vessels/details/9613903,VICTORIA 8,Landing Craft,9613903
/vessels/details/8850841,BISTARI 18,Aggregates Carrier,8850841
/vessels/details/8704389,POWER JET,General Cargo Ship,8704389
/vessels/details/8424381,ARMADA 7,Landing Craft,8424381
/vessels/details/9830616,NESTLINE 1,Landing Craft,9830616
/vessels/details/533130932,ENPRIX ASIA,Cargo ship,533130932
/vessels/details/533170617,MV ROIRO,Cargo ship,533170617
/vessels/details/533000238,JINLUCK SATU,Cargo ship,533000238
/vessels/details/533567789,THAR THAR 7789,Cargo ship,533567789
/vessels/details/9553610,DANUM 115,Deck Cargo Ship,9553610
/vessels/details/9862877,SINAR MAJU,Landing Craft,9862877
/vessels/details/1075090,MTT XU MAY,Container Ship,1075090
/vessels/details/5344891,SUNGEI PANNAI,General Cargo Ship,5344891
/vessels/details/7634721,NEW MAN HING,General Cargo Ship,7634721
/vessels/details/533132899,MV POWER JET,Cargo ship,533132899
/vessels/details/7432537,FANTASTIC DOLPHIN,General Cargo Ship,7432537
/vessels/details/1054046,FC MARINE 5,Aggregates Carrier,1054046
/vessels/details/9558672,WAWASAN 3,Landing Craft,9558672
/vessels/details/533130827,PRIMELINE NO 9,Cargo ship,533130827
/vessels/details/533002015,JUNG SOON,Cargo ship,533002015
/vessels/details/9363259,AJANG MARWA,Landing Craft,9363259
/vessels/details/533170293,FAIR KING,Cargo ship,533170293
/vessels/details/533133651,LILY 30,Cargo ship,533133651
/vessels/details/9826093,JIN SA 2,Aggregates Carrier,9826093
/vessels/details/5337472,SRI LANJUT,General Cargo Ship,5337472
/vessels/details/8985270,JT SATU,Landing Craft,8985270
/vessels/details/533170757,TA KIONG 3,Cargo ship,533170757
/vessels/details/533888006,WHALE SHARK VI,Cargo ship,533888006
/vessels/details/533001283,PKFB 1283,Cargo ship,533001283
/vessels/details/533002482,PSF 2482.TUM.,Cargo ship,533002482
/vessels/details/9659024,SWATH PERDANA,Landing Craft,9659024
/vessels/details/8866577,SIANG PING NO. 1,Landing Craft,8866577
/vessels/details/9534638,LAYAR MAS 292,Landing Craft,9534638
/vessels/details/533170665,EE TAI NO.1,Cargo ship,533170665
/vessels/details/533373590,BAPCHUOI,Cargo ship,533373590
/vessels/details/533170418,LIAN SENG HIN 3,Cargo ship,533170418
/vessels/details/8529985,DAI CAT 05,Aggregates Carrier,8529985
/vessels/details/533133248,WEIYANG015,Cargo ship,533133248
/vessels/details/9398670,BONDEX JAYA 7,Landing Craft,9398670
/vessels/details/8659596,VEDA,Aggregates Carrier,8659596
/vessels/details/8671001,LINAU 6,Landing Craft,8671001
/vessels/details/8985220,JINLUCK SATU,General Cargo Ship,8985220
/vessels/details/9421829,PSALM 33,Landing Craft,9421829
/vessels/details/9644574,WOODY1,Landing Craft,9644574
/vessels/details/533966438,ALM00613K,Cargo ship,533966438
/vessels/details/9766865,SAGA RIA V,Landing Craft,9766865
/vessels/details/1105924,NING YUE,Deck Cargo Ship,1105924
/vessels/details/533826140,ASMAH 8,Cargo ship,533826140
/vessels/details/9988487,MTT LANGKAWI,Deck Cargo Ship,9988487
/vessels/details/7533680,SUPERIOR STAR,General Cargo Ship,7533680
/vessels/details/533095552,KNF,Cargo ship,533095552
/vessels/details/9662564,MK TEN,Landing Craft,9662564
/vessels/details/9787390,MV BANDAR EMAS,General Cargo Ship,9787390
/vessels/details/533170369,NGEE TAI 6,Cargo ship,533170369
/vessels/details/9112442,CAROL,Landing Craft,9112442
/vessels/details/1075129,MTT PERAWANG,Container Ship,1075129
/vessels/details/9463190,PELANGI PAGI,Landing Craft,9463190
/vessels/details/1105948,SHUNYI,Deck Cargo Ship,1105948
/vessels/details/8534875,NATTO DUA,General Cargo Ship,8534875
/vessels/details/533170125,WIN WIN 18,Cargo ship,533170125
/vessels/details/533393441,NGOC VUONG,Cargo ship,533393441
/vessels/details/9477268,DANUM 160,Container Ship,9477268
/vessels/details/8353207,TUONG KING I,General Cargo Ship,8353207
/vessels/details/9647849,MK 1,Landing Craft,9647849
/vessels/details/533133076,WEIYANG016,Cargo ship,533133076
/vessels/details/533160255,THE PROMISE,Cargo ship,533160255
/vessels/details/533128534,GIAN KHOAN-DIA CHAT,Cargo ship,533128534
/vessels/details/9647851,MK 2,Landing Craft,9647851
/vessels/details/1135199,PETRO VENTURE,Aggregates Carrier,1135199
/vessels/details/533160056,BONGAWAN 99,Cargo ship,533160056
/vessels/details/7920728,KHA YANG 333,Refrigerated Cargo Ship,7920728
/vessels/details/9557472,LE MIN,General Cargo Ship,9557472
/vessels/details/9684483,SSC FASEFULU,Landing Craft,9684483
/vessels/details/533118816,WHALE SHARK V,Cargo ship,533118816
/vessels/details/533170577,SINGAMAS,Cargo ship,533170577
/vessels/details/533133075,WEIYANG015,Cargo ship,533133075
/vessels/details/533132969,JT SATU,Cargo ship,533132969
/vessels/details/533150134,SKY MAS 2,Cargo ship,533150134
/vessels/details/8864191,ACCARES 1,Aggregates Carrier,8864191
/vessels/details/533020300,LAUTAN MEGAJAYA,Cargo ship,533020300
/vessels/details/533170733,SINGAMAS II,Cargo ship,533170733
/vessels/details/533999111,MERMAID EXPLORER,Cargo ship,533999111
/vessels/details/533130786,RELUXE 3,Cargo ship (HAZ-B),533130786
/vessels/details/533888004,WHALE SHARK X,Cargo ship,533888004
/vessels/details/533000722,GENLINK SATU,Cargo ship,533000722
/vessels/details/9633903,SK FALCON,Landing Craft,9633903
/vessels/details/533940123,HA WARNI,Cargo ship,533940123
/vessels/details/533170682,BANDAR IMAN,Cargo ship,533170682
/vessels/details/533000333,KHA YANG 333,Cargo ship,533000333
/vessels/details/9813888,MTT SEMPORNA,Container Ship,9813888
/vessels/details/8748024,BH FATT NO. 1,Aggregates Carrier,8748024
/vessels/details/533133377,IKAN AROMA,Cargo ship,533133377
/vessels/details/9469730,LAYAR MAS 290,Landing Craft,9469730
/vessels/details/9039963,OCEAN QUEEN I,General Cargo Ship,9039963
/vessels/details/533170755,RELIABLE 1,Cargo ship,533170755
/vessels/details/8987046,THAI LUNG,General Cargo Ship,8987046
/vessels/details/533133286,JIA SHENG 218,Cargo ship,533133286
/vessels/details/533888005,WHALE SHARK XII,Cargo ship,533888005
/vessels/details/9888534,LAJU 8733,Landing Craft,9888534
/vessels/details/9807437,LADY LAVENDER,Landing Craft,9807437
/vessels/details/8033699,SAMUDERA INDAH,General Cargo Ship,8033699
/vessels/details/533170688,JIAN SHENG,Cargo ship,533170688
/vessels/details/9079028,EXCEL,General Cargo Ship,9079028
/vessels/details/533999035,VINYEE 01,Cargo ship,533999035
/vessels/details/8982395,RIVERBANK EMAS,General Cargo Ship,8982395
/vessels/details/533170623,SING HONG NO 3,Cargo ship,533170623
/vessels/details/1021568,KAZO ANDA,Landing Craft,1021568
/vessels/details/533000514,TAMBAH MAJU,Cargo ship,533000514
/vessels/details/533118811,WHALE SHARK XVIII,Cargo ship,533118811
/vessels/details/9895898,ASB MARINE 3,Landing Craft,9895898
/vessels/details/533093441,NGOC VUONG,Cargo ship,533093441
/vessels/details/9669964,NEOPETRO 20,Landing Craft,9669964
/vessels/details/8112770,LIAN SENG HIN 3,General Cargo Ship,8112770
/vessels/details/7357206,CHIPBEE,General Cargo Ship,7357206
/vessels/details/5289455,RAJAH RAMIN,General Cargo Ship,5289455
/vessels/details/533170103,SALIM 9,Cargo ship,533170103
/vessels/details/7127455,BALT HARMONY,General Cargo Ship,7127455
/vessels/details/9543641,KOTA BELUD,Landing Craft,9543641
/vessels/details/533133099,TUONG KING,Cargo ship,533133099
/vessels/details/7101841,MUHIBBAH,General Cargo Ship,7101841
/vessels/details/533150049,YTC HOPPER 12,Cargo ship,533150049
/vessels/details/533825547,ARISSA,Cargo ship,533825547
/vessels/details/533170339,METAGAYA NO 3,Cargo ship,533170339
/vessels/details/9493080,NSANDA,Landing Craft,9493080
/vessels/details/533287652,MAOXIN5,Cargo ship,533287652
/vessels/details/533002740,MELABAN,Cargo ship,533002740
/vessels/details/9835800,TAG ALYA 2,Landing Craft,9835800
/vessels/details/533170544,SINGAMAS III,Cargo ship,533170544
/vessels/details/8740230,FU SOON NO. 1,General Cargo Ship,8740230
/vessels/details/533170128,LINAU 35,Cargo ship,533170128
/vessels/details/8529973,DAI CAT 04,Aggregates Carrier,8529973
/vessels/details/9984986,MTT LABUAN,Container Ship,9984986
/vessels/details/533170287,SAGA RIA V,Cargo ship,533170287
/vessels/details/533170787,JOHAN WIRA III,Cargo ship,533170787
/vessels/details/8005147,CELTIC DOLPHIN,General Cargo Ship,8005147
/vessels/details/9787302,ZHONG XIN 2,Aggregates Carrier,9787302
/vessels/details/533110704,DAYANG MAS 1,Cargo ship,533110704
/vessels/details/8980062,LIPO JAYA,Landing Craft,8980062
/vessels/details/9438080,DANUM 159,Container Ship,9438080
/vessels/details/6811657,DASSAN,General Cargo Ship,6811657
/vessels/details/1034230,SUNG FATT 37,Landing Craft,1034230
/vessels/details/533170000,SING YEW HONG,Cargo ship,533170000
/vessels/details/533095576,JHF 7976T,Cargo ship,533095576
/vessels/details/8837021,GOLIATH,Deck Cargo Ship,8837021
/vessels/details/8947929,YONG HUA 2,General Cargo Ship,8947929
/vessels/details/9548457,MV LEANN,Bulk Carrier,9548457
/vessels/details/533133158,SUNG FATT 37,Cargo ship,533133158
/vessels/details/533170573,NSP BARGE 1,Cargo ship,533170573
/vessels/details/533000964,MEE SHUN,Cargo ship,533000964
/vessels/details/7709007,JERIJEH,Landing Craft,7709007
/vessels/details/533170687,WEALTHFUL,Cargo ship,533170687
/vessels/details/8980086,MEGA HARAPAN,General Cargo Ship,8980086
/vessels/details/533001975,AKID SATU,Cargo ship,533001975
/vessels/details/1026726,MTT BINTANGOR,Container Ship,1026726
/vessels/details/5155032,HORNBILL,General Cargo Ship,5155032
/vessels/details/533132231,JOYSUNG 15,Cargo ship,533132231
/vessels/details/9245225,SALAM MAJU,Container Ship,9245225
/vessels/details/5372898,NADODD,Refrigerated Cargo Ship,5372898
/vessels/details/533132242,JIAN SOON,Cargo ship,533132242
/vessels/details/9607899,DAYANG CEMPAKA,Landing Craft,9607899
/vessels/details/8735211,BONDEX JAYA 5,Landing Craft,8735211
/vessels/details/533170849,VENTURI 11,Cargo ship,533170849
/vessels/details/9972581,ASB MARINE 1,Landing Craft,9972581
/vessels/details/533000499,TUONG KING II,Cargo ship,533000499
/vessels/details/1029077,BANDAR DINAMIK 292,General Cargo Ship,1029077
/vessels/details/533009090,SH,Cargo ship,533009090
/vessels/details/9912206,MTT SARIKEI,Container Ship,9912206
/vessels/details/1124138,HIRUOI,Landing Craft,1124138
/vessels/details/533108149,INDRAPURA SAKTI,Cargo ship,533108149
/vessels/details/9616307,BIMA SEPULUH,Landing Craft,9616307
/vessels/details/8842818,CHUNGSAN MARU,General Cargo Ship,8842818
/vessels/details/8988727,HAWK SUN,Landing Craft,8988727
/vessels/details/5344877,SRI ASAHAN,General Cargo Ship,5344877
/vessels/details/9840594,NESTLINE 3,Landing Craft,9840594
/vessels/details/9828730,SINGAMAS 5,Landing Craft,9828730
/vessels/details/533667779,KNFTRU0NG478 A1,Cargo ship,533667779
/vessels/details/533170754,HUNG SOON,Cargo ship,533170754
/vessels/details/9644316,LINAU 116,Cement Carrier,9644316
/vessels/details/9476252,UNITY SSV 01,Landing Craft,9476252
/vessels/details/533132587,AIRFISHVOYAGER,Cargo ship,533132587
/vessels/details/9787455,MV BANDAR HARAPAN,General Cargo Ship,9787455
/vessels/details/533132957,BISTARI 18,Cargo ship,533132957
/vessels/details/533000748,GLORY STAR,Cargo ship,533000748
/vessels/details/9907964,EE TAI NO. 1,Landing Craft,9907964
/vessels/details/8529959,DAI CAT 02,Aggregates Carrier,8529959
/vessels/details/533993441,NGOC VUONG,Cargo ship,533993441
/vessels/details/533393009,09A31,Cargo ship,533393009
/vessels/details/5156270,HUP HENG,General Cargo Ship,5156270
/vessels/details/533170818,OSIG,Cargo ship,533170818
/vessels/details/9362279,DAYANG CINTA,Landing Craft,9362279
/vessels/details/533170452,NESTLINE 1,Cargo ship,533170452
/vessels/details/9420409,SEAGOOD VICTORIA 6,Landing Craft,9420409
/vessels/details/8331297,SINGAWAN HIJAU,Landing Craft,8331297
/vessels/details/8423131,GEDONG DJAYA,General Cargo Ship,8423131
/vessels/details/533170384,FORTUNE NO 1,Cargo ship,533170384
/vessels/details/533902538,KEONG HUAT,Cargo ship,533902538
/vessels/details/533596979,GIAULEN125 OK,Cargo ship,533596979
/vessels/details/9105516,JANGKA 1,Aggregates Carrier,9105516
/vessels/details/9674256,NATAH 33,Landing Craft,9674256
/vessels/details/9056777,NGEE TAI NO. 3,General Cargo Ship,9056777
/vessels/details/7743261,KWONG HIN,General Cargo Ship,7743261
/vessels/details/8648456,PWI 2,Landing Craft,8648456
/vessels/details/8928337,JOHAN TOPAZ,General Cargo Ship,8928337
/vessels/details/533132266,OPL 59,Cargo ship,533132266
/vessels/details/9972347,JVC MARINER,Cargo ship,9972347
/vessels/details/9146065,MTT PULAU PINANG,Container Ship,9146065
/vessels/details/8529961,DAI CAT 03,Aggregates Carrier,8529961
/vessels/details/9305518,MV.DANUM 5,Deck Cargo Ship,9305518
/vessels/details/9188843,DANUM 3,Deck Cargo Ship,9188843
/vessels/details/533293979,GIAULEN125D36,Cargo ship,533293979
/vessels/details/9633898,SK SEAHAWK,Landing Craft,9633898
/vessels/details/9876127,GRAND PACIFIC,Landing Craft,9876127
/vessels/details/533001974,AISHAH 2,Cargo ship,533001974
/vessels/details/9644328,LINAU 118,Cement Carrier,9644328
/vessels/details/533110265,DIBUK 3,Cargo ship,533110265
/vessels/details/9351555,AJANG MARIAM,Landing Craft,9351555
/vessels/details/533000663,WHALE SHARK XI,Cargo ship,533000663
/vessels/details/533160223,SINLINE,Cargo ship,533160223
/vessels/details/533000433,SALIM 6,Cargo ship,533000433
/vessels/details/9984998,MTT LIMBANG,Container Ship,9984998
/vessels/details/9961611,JOYSUNG 15,Landing Craft,9961611
/vessels/details/533330467,JHF31276LI NH CHIZ,Cargo ship,533330467
/vessels/details/533170796,LIPO JAYA II,Cargo ship,533170796
/vessels/details/5154076,HONG WOON,General Cargo Ship,5154076
/vessels/details/9818773,MK SEVEN,Landing Craft,9818773
/vessels/details/533133495,RHOMBUS SEA 1,Cargo ship,533133495
/vessels/details/9653159,AJANG MAJESTIC,Landing Craft,9653159
/vessels/details/9589231,WAWASAN 8,Landing Craft,9589231
/vessels/details/533133371,VIVO MINDA,Cargo ship (HAZ-A),533133371
/vessels/details/9745718,JUTALIN,Landing Craft,9745718
/vessels/details/533000463,BONDEX JAYA 7,Cargo ship,533000463
/vessels/details/1075105,MTT REYA,Container Ship,1075105
/vessels/details/8001842,ARTIC DOLPHIN,General Cargo Ship,8001842
/vessels/details/533888002,WHALE SHARK III,Cargo ship,533888002
/vessels/details/533209303,SEAWIND,Cargo ship,533209303
/vessels/details/8333659,RIMEX 1,Landing Craft,8333659
/vessels/details/533102612,2612,Cargo ship,533102612
/vessels/details/9600968,WAWASAN 9,Landing Craft,9600968
/vessels/details/8516732,LINAU 15,General Cargo Ship,8516732
/vessels/details/533170185,IKAN AROMA,Cargo ship,533170185
/vessels/details/533133325,WEIYANG001,Cargo ship,533133325
/vessels/details/533462059,SEA WAVE,Cargo ship,533462059
/vessels/details/9692894,MUTIARA LAUT,Landing Craft,9692894
/vessels/details/7036814,SANTOS,General Cargo Ship,7036814
/vessels/details/7642118,YONG HUA,General Cargo Ship,7642118
/vessels/details/533000707,BANDAR BUNGA,Cargo ship,533000707
/vessels/details/533150133,SKY MAS 1,Cargo ship,533150133
/vessels/details/9774252,SINGAMAS III,Landing Craft,9774252
/vessels/details/1075131,MTT DUMAI,Container Ship,1075131
/vessels/details/9972593,ASB MARINE 2,Landing Craft,9972593
/vessels/details/533133622,JIA SHENG 2188,Cargo ship,533133622
/vessels/details/8354524,MEU HUAT 5,Landing Craft,8354524
/vessels/details/533111111,FSO PUTERICAKERAWALA,Cargo ship,533111111
/vessels/details/533133143,HAPLEE 56,Cargo ship,533133143
/vessels/details/1094785,BELINDA 23,Deck Cargo Ship,1094785
/vessels/details/5188704,KION SENG,General Cargo Ship,5188704
/vessels/details/533170063,CHING TAI NO1,Cargo ship,533170063
/vessels/details/9469728,LAYAR MAS 289,Landing Craft,9469728
/vessels/details/533170798,ING HUA SENG,Cargo ship,533170798
/vessels/details/533170456,SINGAMAS 5,Cargo ship,533170456
/vessels/details/9802671,NGEE TAI 6,Landing Craft,9802671
/vessels/details/533018600,HARBOUR 9,Cargo ship,533018600
/vessels/details/9910246,EAGLE VALLERY,Crude Oil Tanker,9910246
/vessels/details/9933602,EAGLE VELLORE,Crude Oil Tanker,9933602
/vessels/details/9714276,SERI CAMELLIA,LNG Tanker,9714276
/vessels/details/9756389,SERI CEMARA,LNG Tanker,9756389
/vessels/details/9714305,SERI CAMAR,LNG Tanker,9714305
/vessels/details/9714288,SERI CENDERAWASIH,LNG Tanker,9714288
/vessels/details/9714290,SERI CEMPAKA,LNG Tanker,9714290
/vessels/details/9331660,SERI BALHAF,LNG Tanker,9331660
/vessels/details/9331672,SERI BALQIS,LNG Tanker,9331672
/vessels/details/9331634,SERI BAKTI,LNG Tanker,9331634
/vessels/details/9331646,SERI BEGAWAN,LNG Tanker,9331646
/vessels/details/9331658,SERI BIJAKSANA,LNG Tanker,9331658
/vessels/details/9321653,SERI ANGGUN,LNG Tanker,9321653
/vessels/details/9293844,SERI AMANAH,LNG Tanker,9293844
/vessels/details/9329679,SERI AYU,LNG Tanker,9329679
/vessels/details/9321665,SERI ANGKASA,LNG Tanker,9321665
/vessels/details/9293832,SERI ALAM,LNG Tanker,9293832
/vessels/details/9245031,PUTERI ZAMRUD SATU,LNG Tanker,9245031
/vessels/details/9248502,PUTERI FIRUS SATU,LNG Tanker,9248502
/vessels/details/9211872,PUTERI DELIMA SATU,FSO,9211872
/vessels/details/9030826,PUTERI NILAM,LNG Tanker,9030826
/vessels/details/9030814,PUTERI DELIMA,LNG Tanker,9030814
/vessels/details/9902225,EAGLE CAMPOS,Crude Oil Tanker,9902225
/vessels/details/7428433,FSU TENAGA EMPAT,FSO,7428433
/vessels/details/9598256,EAGLE PARAIBA,Crude Oil Tanker,9598256
/vessels/details/9598268,EAGLE PARANA,Crude Oil Tanker,9598268
/vessels/details/9334040,FSO GOLDEN STAR,FSO,9334040
/vessels/details/9795074,EAGLE BINTULU,Crude Oil Tanker,9795074
/vessels/details/9422201,EAGLE KINARUT,Crude Oil Tanker,9422201
/vessels/details/9417000,EAGLE KUCHING,Crude Oil Tanker,9417000
/vessels/details/9397212,ATLANTIC EXPLORER,Crude Oil Tanker,9397212
/vessels/details/9041758,DUTA PACIFIC,FSO,9041758
/vessels/details/9162007,DUTA ABRAR,Oil Products Tanker,9162007
/vessels/details/9307140,PERMATA DULANG,Crude Oil Tanker,9307140
/vessels/details/8715534,RATU SONGKHLA,FSO,8715534
/vessels/details/9461685,ORKIM CITRINE,Chemical/Oil Products Tanker,9461685
/vessels/details/9568043,ORKIM FORTITUDE,Oil Products Tanker,9568043
/vessels/details/9120918,FOIS NAUTICATEMBIKAI,FSO,9120918
/vessels/details/9274630,HEXAGON ALPHA,Chemical/Oil Products Tanker,9274630
/vessels/details/9900253,ORKIM DIAMOND,Oil Products Tanker,9900253
/vessels/details/9900265,ORKIM EMERALD,Oil Products Tanker,9900265
/vessels/details/9956836,PAOLINA COSULICH,Bunkering Tanker,9956836
/vessels/details/9564401,ORKIM RELIANCE,Oil Products Tanker,9564401
/vessels/details/9564396,ORKIM DISCOVERY,Oil Products Tanker,9564396
/vessels/details/9830898,AVENIR ADVANTAGE,Bunkering Tanker,9830898
/vessels/details/9075424,COUGAR SATU,Oil Products Tanker,9075424
/vessels/details/9075395,LYNX SATU,Oil Products Tanker,9075395
/vessels/details/9075412,MT DRAGON SATU,Oil Products Tanker,9075412
/vessels/details/9075400,MK ENERGY DUA,Oil Products Tanker,9075400
/vessels/details/9505388,VERITY,Chemical/Oil Products Tanker,9505388
/vessels/details/9505390,VITESSE,Chemical/Oil Products Tanker,9505390
/vessels/details/9921099,NAUTICA PONTIAN 2,Oil Products Tanker,9921099
/vessels/details/9899583,ORKIM TOPAZ,Oil Products Tanker,9899583
/vessels/details/9685059,ORKIM GLORY,Oil Products Tanker,9685059
/vessels/details/9434096,JM SUTERA 2,Chemical/Oil Products Tanker,9434096
/vessels/details/9434101,JM SUTERA 3,Chemical/Oil Products Tanker,9434101
/vessels/details/9434084,JM SUTERA 1,Chemical/Oil Products Tanker,9434084
/vessels/details/9572886,ORKIM EXPRESS,Oil Products Tanker,9572886
/vessels/details/9498951,ATHEN,Oil Products Tanker,9498951
/vessels/details/9505106,FLOURISH,Oil Products Tanker,9505106
/vessels/details/9338228,LEADERSHIP,Oil Products Tanker,9338228
/vessels/details/9160487,GAS TESSA,LPG Tanker,9160487
/vessels/details/9524657,ORKIM FORTUNE,Oil Products Tanker,9524657
/vessels/details/9546825,ORKIM POWER,Oil Products Tanker,9546825
/vessels/details/9546837,ORKIM LEADER,Oil Products Tanker,9546837
/vessels/details/9524671,ORKIM HARMONY,Oil Products Tanker,9524671
/vessels/details/9291171,HARAPAN BARU,Bitumen Tanker,9291171
/vessels/details/9826885,LG ASPHALT 2,Bitumen Tanker,9826885
/vessels/details/9129201,MS KITE,Oil Products Tanker,9129201
/vessels/details/9150652,MS OSPREY.,Oil Products Tanker,9150652
/vessels/details/9290220,EMPOWER,Oil Products Tanker,9290220
/vessels/details/9355654,GOS MARIA,Oil Products Tanker,9355654
/vessels/details/9471185,EDEN,Oil Products Tanker,9471185
/vessels/details/9477749,STRAITS ENERGY,Oil Products Tanker,9477749
/vessels/details/9154141,PUSAKA PRIMA,Bitumen Tanker,9154141
/vessels/details/9209958,GLOBAL ACE,Oil Products Tanker,9209958
/vessels/details/9269398,ZENGO SINCERITY,Chemical/Oil Products Tanker,9269398
/vessels/details/9188520,ZOEY SATU,Oil Products Tanker,9188520
/vessels/details/9553945,PUSAKA GEMILANG,Bitumen Tanker,9553945
/vessels/details/9370989,SMF BEGONIA,Oil Products Tanker,9370989
/vessels/details/9635298,FM BLISS,Oil Products Tanker,9635298
/vessels/details/9479761,FM BREEZE,Oil Products Tanker,9479761
/vessels/details/9392224,FORTUNE QUEEN,Oil Products Tanker,9392224
/vessels/details/9799666,ASPIRE,Bitumen Tanker,9799666
/vessels/details/9380025,FM ACE,Oil Products Tanker,9380025
/vessels/details/9288162,PUSAKA ABADI,Bitumen Tanker,9288162
/vessels/details/9715969,ORKIM GAS SUCCESS,LPG Tanker,9715969
/vessels/details/9715957,ORKIM GAS BRILLIANCE,LPG Tanker,9715957
/vessels/details/8875619,PROGRESS 6,Oil Products Tanker,8875619
/vessels/details/9711676,ABBIE,Bunkering Tanker,9711676
/vessels/details/9111022,MS CARLA,Oil Products Tanker,9111022
/vessels/details/8901949,OMURA,Oil Products Tanker,8901949
/vessels/details/9717553,STRAITS GEMILANG,Oil Products Tanker,9717553
/vessels/details/9133549,GAS CRUSADER,LPG Tanker,9133549
/vessels/details/9072587,M.T.ORIENTAL GLORY,Oil Products Tanker,9072587
/vessels/details/9828235,SEAGULL,Oil Products Tanker,9828235
/vessels/details/9062219,STRAITS LOYALTY,Oil Products Tanker,9062219
/vessels/details/9132856,ZEVIROUS,Oil Products Tanker,9132856
/vessels/details/9041784,PROGRESS 2,Oil Products Tanker,9041784
/vessels/details/9381902,DANUM 23,Chemical/Oil Products Tanker,9381902
/vessels/details/9674969,DOLPHIN NEBULA,Oil Products Tanker,9674969
/vessels/details/9066916,PROGRESS 3,Oil Products Tanker,9066916
/vessels/details/9394492,SIERRA PIONEER,Oil Products Tanker,9394492
/vessels/details/9345532,TCK RU,Oil Products Tanker,9345532
/vessels/details/9016519,SCORPIO,Oil Products Tanker,9016519
/vessels/details/8850918,MTGASPIONEER,LPG Tanker,8850918
/vessels/details/8999037,WEALTHY,Oil Products Tanker,8999037
/vessels/details/9163099,STRAITS ABADI,Bitumen Tanker,9163099
/vessels/details/8921858,SILVER HONOUR,Oil Products Tanker,8921858
/vessels/details/8989082,SJ SATU,Oil Products Tanker,8989082
/vessels/details/9087829,OCEAN FORTUNE,Oil Products Tanker,9087829
/vessels/details/9104043,PD ACE,Oil Products Tanker,9104043
/vessels/details/9124067,ZAMAN BARU,Chemical Tanker,9124067
/vessels/details/9058139,TS NINE,Chemical/Oil Products Tanker,9058139
/vessels/details/8820573,PROGRESS 5,Oil Products Tanker,8820573
/vessels/details/9088146,CINDERELLA,Oil Products Tanker,9088146
/vessels/details/9118927,UNI CRYSTAL,Oil Products Tanker,9118927
/vessels/details/8804816,MEIWA,Chemical Tanker,8804816
/vessels/details/8021581,MT ATHENA,Oil Products Tanker,8021581
/vessels/details/9162186,MARNIA,Chemical Tanker,9162186
/vessels/details/9054042,FORCE LEADER,Chemical Tanker,9054042
/vessels/details/9736834,AM ITNAN,Bunkering Tanker,9736834
/vessels/details/8954594,SEIWA MARU,Chemical Tanker,8954594
/vessels/details/9117179,CAVALLA,Oil Products Tanker,9117179
/vessels/details/8626537,MT TAIKO 1,Chemical Tanker,8626537
/vessels/details/9703942,BELAIAN HARMONI,Bunkering Tanker,9703942
/vessels/details/9744817,DUANGTALAY 8,Water Tanker,9744817
/vessels/details/8619132,SILVER HARMONY,Oil Products Tanker,8619132
/vessels/details/533130933,ENPRIX II,Tanker,533130933
/vessels/details/533019800,PROGRESS 2,Tanker,533019800
/vessels/details/533001760,MEKAR JAYA,Tanker,533001760
/vessels/details/9526980,ORCHID CORAL,LPG Tanker,9526980
/vessels/details/9179945,FORTUNE GLORY,Chemical Tanker,9179945
/vessels/details/533966475,TORMAN III,Tanker,533966475
/vessels/details/8627529,NUR EYE I,Chemical Tanker,8627529
/vessels/details/6800880,RANAU,Oil Products Tanker,6800880
/vessels/details/533160243,ZUHAL,Tanker,533160243
/vessels/details/9892468,JM SUTERA 9,Oil Products Tanker,9892468
/vessels/details/533126762,MT JEEHAN,Tanker,533126762
/vessels/details/9066186,SHIMA MARU .,Oil Products Tanker,9066186
/vessels/details/533133065,FOUR SEASONS,Tanker,533133065
/vessels/details/8622505,CRYSTAL CORAL,Oil Products Tanker,8622505
/vessels/details/7923079,HUNG SING II,Oil Products Tanker,7923079
/vessels/details/8660179,LADY FORTUNE,Oil Products Tanker,8660179
/vessels/details/8682397,TCK KAI,Bitumen Tanker,8682397
/vessels/details/533132753,SILVER MASTER,Tanker,533132753
/vessels/details/533999028,VINYEE 03,Tanker,533999028
/vessels/details/533132458,LIN 99,Tanker,533132458
/vessels/details/8537358,KATORIN1,Chemical Tanker,8537358
/vessels/details/533170361,LADY FORTUN,Tanker,533170361
/vessels/details/533150048,HEEDA,Tanker,533150048
/vessels/details/8029662,MESRA 128,LPG Tanker,8029662
/vessels/details/1059175,SEA FORTUNA,Oil Products Tanker,1059175
/vessels/details/533910227,NONGTOON PKFB1238,Tanker,533910227
/vessels/details/533475523,BYLLFFP,Tanker,533475523
/vessels/details/533108733,AURORA,Tanker,533108733
/vessels/details/8980115,METRO NO. 2,Oil Products Tanker,8980115
/vessels/details/533170663,BEYOND SEA,Tanker,533170663
/vessels/details/9031818,PHOENIX,Oil Products Tanker,9031818
/vessels/details/9746578,AZEERA I,Chemical/Oil Products Tanker,9746578
/vessels/details/533160272,OCEAN STAR NO 1,Tanker,533160272
/vessels/details/8902163,FSO ORKID,FSO,8902163
/vessels/details/1056094,HARRIET 1,Oil Products Tanker,1056094
/vessels/details/533108244,PENEBOK,Tanker,533108244
/vessels/details/533000324,JH SNOW WHITE,Tanker,533000324
/vessels/details/8962163,CATHERINE,Oil Products Tanker,8962163
/vessels/details/9524712,KATSU PIONEER,Oil Products Tanker,9524712
/vessels/details/8403038,PSP GLORY,Oil Products Tanker,8403038
/vessels/details/8608925,PRINCESS MARYAM,Oil Products Tanker,8608925
/vessels/details/9414101,SMF IXORA,Oil Products Tanker,9414101
/vessels/details/533130922,UNITY SSV 06,Tanker,533130922
/vessels/details/9078921,RAHMAT,Oil Products Tanker,9078921
/vessels/details/533133444,GENEVIEVE 88,Tanker,533133444
/vessels/details/533110189,STAR STALLION,Tanker,533110189
/vessels/details/9683568,INFINITE STAR,Bunkering Tanker,9683568
/vessels/details/9081851,BO KWANG NO3,Bunkering Tanker,9081851
/vessels/details/9087611,JUPITER,Bitumen Tanker,9087611
/vessels/details/9066253,ESCOLAR,Oil Products Tanker,9066253
/vessels/details/9926166,NAUTICA MERSING 2,Oil Products Tanker,9926166
/vessels/details/7428457,FSU TENAGA SATU,FSO,7428457
/vessels/details/8660143,GERUDA SATU,Oil Products Tanker,8660143
/vessels/details/8421614,DAMANSARA,Oil Products Tanker,8421614
/vessels/details/9079652,PSP GOLDEN,Oil Products Tanker,9079652
/vessels/details/533000319,BINA SATU,Tanker,533000319
/vessels/details/533000930,SUMUR,Tanker,533000930
/vessels/details/8617615,URBAN SUCCESS,Oil Products Tanker,8617615
/vessels/details/8428519,BONGGAYA NO. 30,Vegetable Oil Tanker,8428519
/vessels/details/7815129,PAKNAKHON,Oil Products Tanker,7815129
/vessels/details/9058646,OSCAR,Oil Products Tanker,9058646
/vessels/details/9003744,MT STRAITS 1,Oil Products Tanker,9003744
/vessels/details/1081556,GENEVIEVE,Chemical Tanker,1081556
/vessels/details/8858958,KC ONE,Oil Products Tanker,8858958
/vessels/details/9005924,FSO PUTERI DULANG,FSO,9005924
/vessels/details/9134945,SEN 2008,Oil Products Tanker,9134945
/vessels/details/9030838,PUTERI ZAMRUD,LNG Tanker,9030838
/vessels/details/533131785,NAURA,Tanker,533131785
/vessels/details/533573000,BAHTERA LAUT,Tanker,533573000
/vessels/details/9178769,SEN LIN,Oil Products Tanker,9178769
/vessels/details/9417787,FSO MEKAR BERGADING,FSO,9417787
/vessels/details/7805265,CASPIAN SEA,FSO,7805265
/vessels/details/9115573,STRAITS 3,Bunkering Tanker,9115573
/vessels/details/9066435,DOLPHIN 1,Oil Products Tanker,9066435
/vessels/details/533017002,GEMBIRA,Tanker,533017002
/vessels/details/533132715,GOLD OCEAN NO 1,Tanker,533132715
/vessels/details/533133352,NAURA,Tanker,533133352
/vessels/details/9104201,OCTOPUS,Chemical/Oil Products Tanker,9104201
/vessels/details/9821108,AM WAHID,Oil Products Tanker,9821108
/vessels/details/533170465,GERUDA SATU,Tanker,533170465
/vessels/details/8891235,INFINITY,Oil Products Tanker,8891235
/vessels/details/8859471,AROWANA RANGERS,Oil Products Tanker,8859471
/vessels/details/8660167,KING RIVER,Oil Products Tanker,8660167
/vessels/details/533004330,GLORYANG,Tanker,533004330
/vessels/details/9067166,TOYO MARU,Chemical Tanker,9067166
/vessels/details/1040992,BITCOIN 88,Oil Products Tanker,1040992
/vessels/details/533170091,KING RIVER,Tanker,533170091
/vessels/details/9002192,FSO SEPAT,FSO,9002192
/vessels/details/9846990,JM SUTERA 8,Chemical/Oil Products Tanker,9846990
/vessels/details/8999805,HKF PIONEER 01,Oil Products Tanker,8999805
/vessels/details/533170644,OCEAN QUEEN 1,Tanker,533170644
/vessels/details/5337410,SRI KRANG,Oil Products Tanker,5337410
/vessels/details/9899569,ORKIM PEARL,Oil Products Tanker,9899569
/vessels/details/533170359,HONGDAR 2,Tanker,533170359
/vessels/details/8801761,MEWAH SEJATI,Oil Products Tanker,8801761
/vessels/details/9172404,MUER PANTAS,Chemical Tanker,9172404
/vessels/details/9798612,NYLEX 1,Chemical/Oil Products Tanker,9798612
/vessels/details/9072484,SILVER ELITE,Oil Products Tanker,9072484
/vessels/details/533108243,SABARIA,Tanker,533108243
/vessels/details/9261205,PUTERI MUTIARA SATU,LNG Tanker,9261205
/vessels/details/8035922,TUBA NO. 5,Oil Products Tanker,8035922
/vessels/details/9564372,ORKIM CHALLENGER,Oil Products Tanker,9564372
/vessels/details/9123946,SEIWA RANGER,Oil Products Tanker,9123946
/vessels/details/8508759,DOMINO,Oil Products Tanker,8508759
/vessels/details/9132844,SARANA PRIMA,Bitumen Tanker,9132844
/vessels/details/533132129,PSP GOLDEN,Tanker,533132129
/vessels/details/533170417,LADY LAVENDER,Tanker,533170417
/vessels/details/8504480,HOE HUP 99,Oil Products Tanker,8504480
/vessels/details/533040300,RATU SONGKHLA,Tanker (HAZ-D),533040300
/vessels/details/8909783,JUDY 2,Oil Products Tanker,8909783
/vessels/details/9746580,AZEERA II,Chemical/Oil Products Tanker,9746580
/vessels/details/9180487,EMERALD PRIDE,Oil Products Tanker,9180487
/vessels/details/8865004,SH WISDOM,Oil Products Tanker,8865004
/vessels/details/533132649,MT NILAM,Tanker,533132649
/vessels/details/9067154,BINA SATU,Oil Products Tanker,9067154
/vessels/details/9095199,ONSYS LIBRA,Oil Products Tanker,9095199
/vessels/details/1065875,LE INFINITY,Bitumen Tanker,1065875
/vessels/details/9056466,PSP GRACE,Oil Products Tanker,9056466
/vessels/details/9062673,TAISHAN,Oil Products Tanker,9062673
/vessels/details/9134323,AMAN SENDAI,LNG Tanker,9134323
/vessels/details/9058933,STURGEON,Bunkering Tanker,9058933
/vessels/details/1075820,PROSPERITA,Oil Products Tanker,1075820
/vessels/details/8706973,NUR EYE II,Bunkering Tanker,8706973
/vessels/details/8910770,TRITON,Chemical Tanker,8910770
/vessels/details/9062439,SINGA BERLIAN,Oil Products Tanker,9062439
/vessels/details/8204494,SALAMAH,Oil Products Tanker,8204494
/vessels/details/533132195,SH WISDOM,Tanker,533132195
/vessels/details/8888525,HEEDA,Bunkering Tanker,8888525
/vessels/details/8958722,SIBU GLORY,Oil Products Tanker,8958722
/vessels/details/533762787,BEAUTIFUL AND SWEET,Tanker,533762787
/vessels/details/1075375,HERA,Oil Products Tanker,1075375
/vessels/details/533170613,HAPLEE NO 1,Tanker,533170613
/vessels/details/9169706,FSO BENCHAMAS 2,FSO,9169706
/vessels/details/8626513,MT.JUPMARI,Chemical Tanker,8626513
/vessels/details/533130824,JUDY1,Tanker,533130824
/vessels/details/533132891,HKF PIONEER 1,Tanker,533132891
/vessels/details/9152521,MCM BRILLIANT,Oil Products Tanker,9152521
/vessels/details/9104093,WARRIOR 8,Oil Products Tanker,9104093
/vessels/details/9016387,ZAFIRAH,Oil Products Tanker,9016387
/vessels/details/8910782,YUHO MARU,Oil Products Tanker,8910782
/vessels/details/9084279,FUJI,Oil Products Tanker,9084279
/vessels/details/533170198,LESTARI,Tanker,533170198
/vessels/details/533170312,VENICE,Tanker,533170312
/vessels/details/533170777,B TENAGA NO.6,Tanker,533170777
/vessels/details/533479000,MT SIBU GLORY,Tanker,533479000
/vessels/details/8718330,MT SILVER GLORY,Oil Products Tanker,8718330
/vessels/details/533133285,MCM BRILLIANT,Tanker,533133285
/vessels/details/9921087,NAUTICA KLUANG 2,Oil Products Tanker,9921087
/vessels/details/533019600,PROGRESS 5,Tanker,533019600
/vessels/details/9078218,PROMISE III,Oil Products Tanker,9078218
/vessels/details/8962151,GLORYANG,Oil Products Tanker,8962151
/vessels/details/8331326,PEKASA,Oil Products Tanker,8331326
/vessels/details/8660155,HONGDAR 2,Oil Products Tanker,8660155
/vessels/details/533222083,PKFB 2083,Tanker,533222083
/vessels/details/9899571,ORKIM SAPPHIRE,Oil Products Tanker,9899571
/vessels/details/9105346,SERI MAYAA,Oil Products Tanker,9105346
/vessels/details/8804048,IYO MARU,Chemical Tanker,8804048
/vessels/details/8765632,PUTERI CAKRAWALA,FSO,8765632
/vessels/details/9765081,GOODWILL STAR,Passenger/Ro-Ro Cargo Ship,9765081
/vessels/details/9275244,PULAU PINANG,Passenger/Ro-Ro Cargo Ship,9275244
/vessels/details/9254393,PULAU PAYAR,Passenger/Ro-Ro Cargo Ship,9254393
/vessels/details/9086863,LILI MARLEEN,Passenger (Cruise) Ship,9086863
/vessels/details/5406118,CORAL TOPAZ,Passenger Ship,5406118
/vessels/details/9012484,MARINE STAR II,Passenger Ship,9012484
/vessels/details/9977610,TELUK BAHANG,Passenger/Ro-Ro Cargo Ship,9977610
/vessels/details/9977646,TELUK DUYUNG,Passenger/Ro-Ro Cargo Ship,9977646
/vessels/details/9977634,TELUK KAMPI,Passenger/Ro-Ro Cargo Ship,9977634
/vessels/details/1036161,SANI 1,Passenger Ship,1036161
/vessels/details/9137662,LABUAN EXPRESS TIGA,Passenger Ship,9137662
/vessels/details/9086198,EXPRESS KINABALU,Passenger Ship,9086198
/vessels/details/8958772,MV KENANGAN 2,Passenger Ship,8958772
/vessels/details/8742214,EXCEL EXPRESS 1,Passenger Ship,8742214
/vessels/details/533132808,SANI 1,Passenger ship,533132808
/vessels/details/533132856,OPL MARINE 61,Passenger ship,533132856
/vessels/details/533170214,PUTRA JAYA 1,Passenger ship,533170214
/vessels/details/1045320,ORIENTAL SKY,Passenger Ship,1045320
/vessels/details/8933186,CHAMPUR BARU,Passenger Ship,8933186
/vessels/details/8959362,ROYAL LIMBANG NO. 2,Passenger Ship,8959362
/vessels/details/533170219,EKSPRES BAHAGIA 99,Passenger ship,533170219
/vessels/details/533133421,STAFF BOAT3,Passenger ship,533133421
/vessels/details/533120193,OPL 15,Passenger ship,533120193
/vessels/details/533002710,EKSPRES BAHAGIA 98,Passenger ship,533002710
/vessels/details/533826136,ASMAH 11,Passenger ship,533826136
/vessels/details/533133083,OCEAN MARK,Passenger ship,533133083
/vessels/details/533133595,BPK1371P,Passenger ship,533133595
/vessels/details/8534186,RORO JAYA SATU,Passenger/Ro-Ro Cargo Ship,8534186
/vessels/details/533332212,KULUVAK,Passenger ship,533332212
/vessels/details/533055595,TRF964,Passenger ship,533055595
/vessels/details/9373125,ACOB EXPRESS 1,Passenger Ship,9373125
/vessels/details/7901617,PUTERI TIOMAN,Passenger Ship,7901617
/vessels/details/533170726,MARINE PRESTIGE,Passenger ship,533170726
/vessels/details/9051301,DRAGON STAR 1,Passenger Ship,9051301
/vessels/details/9040247,LANGKAWI FERRY 888,Passenger Ship,9040247
/vessels/details/533133112,BET 12,Passenger ship,533133112
/vessels/details/9672442,STARCITY EXPRESS NO. 3,Passenger Ship,9672442
/vessels/details/533170597,DANCING WAVE,Passenger ship,533170597
/vessels/details/7234129,GADIS LANGKA-SUKA,Passenger/Ro-Ro Cargo Ship,7234129
/vessels/details/8714580,MVLANGKAWI EKSPRES 1,Passenger Ship,8714580
/vessels/details/533160227,NORTH BORNEO CRUISES,Passenger ship,533160227
/vessels/details/533000082,MK OBOY7,Passenger ship,533000082
/vessels/details/9526435,TUAH 1,Passenger Ship,9526435
/vessels/details/533132108,CENTUS NINE,Passenger ship,533132108
/vessels/details/533110008,SS ONE,Passenger ship,533110008
/vessels/details/533133166,SA 75 P,Passenger ship,533133166
/vessels/details/1108926,AURORA,Passenger Ship,1108926
/vessels/details/533160219,PILOT BOAT PANTAS 3,Passenger ship,533160219
/vessels/details/533108800,NCA 01 JN8800,Passenger ship,533108800
/vessels/details/533959595,TRF,Passenger ship,533959595
/vessels/details/9829825,STAR CRAFTS 99,Passenger Ship,9829825
/vessels/details/533170526,MARINE STAR,Passenger ship,533170526
/vessels/details/533160257,LOVELY 01,Passenger ship,533160257
/vessels/details/533110618,KKD00888T,Passenger ship,533110618
/vessels/details/9055735,EKSPRES BAHAGIA,Passenger Ship,9055735
/vessels/details/533160256,LOVELY 02,Passenger ship,533160256
/vessels/details/533897979,QUANGVINH,Passenger ship,533897979
/vessels/details/9072355,MV LANGKAWI FERRY 1,Passenger Ship,9072355
/vessels/details/8659429,RO RO LANGKAWI,Passenger/Ro-Ro Cargo Ship,8659429
/vessels/details/9242924,ALAF BARU 2,Passenger Ship,9242924
/vessels/details/533170572,MARINE ELITE,Passenger ship,533170572
/vessels/details/533110446,DUTA PANGKOR 3,Passenger ship,533110446
/vessels/details/533005001,ROYAL LIMBANG NO 1,Passenger ship,533005001
/vessels/details/533132265,OPL 52,Passenger ship,533132265
/vessels/details/9082984,MH BORNEO EXPRESS 1,Passenger Ship,9082984
/vessels/details/9649263,KIMANIS 1,Passenger/Ro-Ro Cargo Ship,9649263
/vessels/details/5287017,PULAU TIOMAN,Passenger Ship,5287017
/vessels/details/8979245,CORAL ISLAND 1,Passenger Ship,8979245
/vessels/details/8026256,WARISAN PERDANA,Passenger/Ro-Ro Cargo Ship,8026256
/vessels/details/533004570,BIMA LAPAN,Passenger ship,533004570
/vessels/details/533702921,CB CLOUD 9,Passenger ship,533702921
/vessels/details/9784594,LABUAN EXPRESS 9,Passenger Ship,9784594
/vessels/details/533000041,BISTARI1,Passenger ship,533000041
/vessels/details/8958760,LAMBAIAN 3,Passenger Ship,8958760
/vessels/details/8905763,SENANG EKSPRES,Passenger Ship,8905763
/vessels/details/533133184,JN 9796 2 P,Passenger ship,533133184
/vessels/details/9103726,MING HAI,Passenger Ship,9103726
/vessels/details/533131171,PANTHER 332210,Passenger ship,533131171
/vessels/details/8900696,PUTERI MAHSURI,Passenger (Cruise) Ship,8900696
/vessels/details/533966462,CALYPSO,Passenger ship,533966462
/vessels/details/533132147,SEA FALCON,Passenger ship,533132147
/vessels/details/9139361,ZON 2,Passenger Ship,9139361
/vessels/details/8962149,LANGKAWI CORAL 2,Passenger Ship,8962149
/vessels/details/533001802,CATA 1903,Passenger ship,533001802
/vessels/details/533110449,DUTA PANGKOR 2,Passenger ship,533110449
/vessels/details/8962101,SEAGULL EXPRESS 3,Passenger Ship,8962101
/vessels/details/8746909,SHAULA 1,Passenger Ship,8746909
/vessels/details/533133185,JN 9796 2 P,Passenger ship,533133185
/vessels/details/533150043,JSR00048P,Passenger ship,533150043
/vessels/details/8821993,PAYAR,Passenger Ship,8821993
/vessels/details/9072379,LANGKAWI FERRY 3,Passenger Ship,9072379
/vessels/details/533133375,SA 11122 5 P,Passenger ship,533133375
/vessels/details/533337151,KAYA 88,Passenger ship,533337151
/vessels/details/533022300,MING HAI,Passenger ship,533022300
/vessels/details/8715077,MY MASTER,Passenger Ship,8715077
/vessels/details/533170227,STARCITY EXPRESS NO6,Passenger ship,533170227
/vessels/details/9546435,ACOB EXPRESS 2,Passenger Ship,9546435
/vessels/details/9012472,SELESA EKSPRES,Passenger Ship,9012472
/vessels/details/8980127,MID EAST EXPRESS NO. 1,Passenger Ship,8980127
/vessels/details/8538235,EKSPRES BAHAGIA 18,Passenger Ship,8538235
/vessels/details/533170676,BLUE OCEAN,Passenger ship,533170676
/vessels/details/9337999,RASA RINDU 1,Passenger Ship,9337999
/vessels/details/8746935,SAIPH,Passenger Ship,8746935
/vessels/details/533826852,OPL 35,Passenger ship,533826852
/vessels/details/9338008,SEJAHTERA 3,Passenger Ship,9338008
/vessels/details/8746894,SUHAIL,Passenger Ship,8746894
/vessels/details/533966510,P37,Passenger ship,533966510
/vessels/details/533560000,SRI LABUAN TIGA,Passenger ship,533560000
/vessels/details/533160263,PINK LADY 3,Passenger ship,533160263
/vessels/details/533133619,BPK1313P,Passenger ship,533133619
/vessels/details/533262363,MANCHESTERCITY,Passenger ship,533262363
/vessels/details/533170828,PSALM 8,Passenger ship,533170828
/vessels/details/533170599,KALTARA EXPRESS,Passenger ship,533170599
/vessels/details/533131168,JAGUAR MK2610 1 P,Passenger ship,533131168
/vessels/details/533123459,THANTAI B22TRF7920,Passenger ship,533123459
/vessels/details/533190928,A29KNF4,Passenger ship,533190928
/vessels/details/533130988,MY RORO LANGKAWI,Passenger ship,533130988
/vessels/details/8746923,SADR,Passenger Ship,8746923
/vessels/details/533170195,STARCITY EXPRESS NO5,Passenger ship,533170195
/vessels/details/533160264,PINK LADY 4,Passenger ship,533160264
/vessels/details/9072367,LANGKAWI FERRY 2,Passenger Ship,9072367
/vessels/details/533133332,SA 10996 5 P,Passenger ship,533133332
/vessels/details/533150123,PDT SATU,Passenger ship,533150123
/vessels/details/533000187,LANGKAWI FERRY 2,Passenger ship,533000187
/vessels/details/533000193,ALAF BARU 2,Passenger ship,533000193
/vessels/details/8958710,DUTA PANGKOR 7,Passenger Ship,8958710
/vessels/details/533108731,MARITIME SERVICES 3,Passenger ship,533108731
/vessels/details/533824899,ALPHA VIII,Passenger ship,533824899
/vessels/details/533133543,SEA LION 9,Passenger ship,533133543
/vessels/details/9883962,JOY STAR,Passenger/Ro-Ro Cargo Ship,9883962
/vessels/details/533160286,BAYU DESTINATION,Passenger ship,533160286
/vessels/details/8985945,NEW FRONTIERS NO. 6,Passenger Ship,8985945
/vessels/details/533000660,MY FERRY 2,Passenger ship,533000660
/vessels/details/533133594,BPK1150P,Passenger ship,533133594
/vessels/details/1061013,WAWASAN III,Passenger Ship,1061013
/vessels/details/533110654,OCEAN MAGIC,Passenger ship,533110654
/vessels/details/533133188,BAHAGIA NO 8,Passenger ship,533133188
/vessels/details/9860219,KALTARA EXPRESS,Passenger Ship,9860219
/vessels/details/533133428,KOTA TRAVEL MARINE,Passenger ship,533133428
/vessels/details/533825739,ALPHA IX,Passenger ship,533825739
/vessels/details/533130847,RORO JAYA DUA,Passenger ship,533130847
/vessels/details/533133258,SA 10000 5 P,Passenger ship,533133258
/vessels/details/9955844,WANTAS RORO,Passenger/Ro-Ro Cargo Ship,9955844
/vessels/details/533133266,SA 9876 5 P,Passenger ship,533133266
/vessels/details/8582755,MY RORO TIGA,Passenger/Ro-Ro Cargo Ship,8582755
/vessels/details/533133519,HG,Passenger ship,533133519
/vessels/details/8746882,SPICA,Passenger Ship,8746882
/vessels/details/533132734,JN 7733 2 P,Passenger ship,533132734
/vessels/details/8958734,IMPIAN 2,Passenger Ship,8958734
/vessels/details/533160297,JN 10248 2 P,Passenger ship,533160297
/vessels/details/533000650,MY FERRY,Passenger ship,533000650
/vessels/details/533825543,ALPHA VII,Passenger ship,533825543
/vessels/details/533160275,SN 7628 4 P BATHAWK,Passenger ship,533160275
/vessels/details/533133557,BPK1288P,Passenger ship,533133557
/vessels/details/533133488,MAR MAR,Passenger ship,533133488
/vessels/details/533826851,OPL 32,Passenger ship,533826851
/vessels/details/9977622,TELUK KUMBAR,Passenger/Ro-Ro Cargo Ship,9977622
/vessels/details/533170045,KIMANIS 1,Passenger ship,533170045
/vessels/details/9039951,FOLLOW ME EXPRESS,Passenger Ship,9039951
/vessels/details/8982357,LABUAN EXPRESS TUJUH,Passenger Ship,8982357
/vessels/details/533000690,MV PHIMAL 1,Passenger ship,533000690
/vessels/details/533000940,AURA,Passenger ship (HAZ-A),533000940
/vessels/details/533160276,SN7504 4P CARPE DIEM,Passenger ship,533160276
/vessels/details/533110616,KKD00009T,Passenger ship,533110616
/vessels/details/533150062,TUNA BIRU DAYANG,Passenger ship,533150062
/vessels/details/533141408,LISA 12,Passenger ship,533141408
/vessels/details/8534382,RORO JAYA DUA,Passenger/Ro-Ro Cargo Ship,8534382
/vessels/details/533000226,EXPRESS KINABALU,Passenger ship,533000226
/vessels/details/533170527,RATU PERTAMA NO2,Passenger ship,533170527
/vessels/details/533035900,NEW FRONTIERS NO 3,Passenger ship,533035900
/vessels/details/533000097,MK OBOY4,Passenger ship,533000097
/vessels/details/9202417,EKSPRES BAHAGIA II,Passenger Ship,9202417
/vessels/details/533824897,ALPHA XII,Passenger ship,533824897
/vessels/details/8988739,SUKA EKSPRESS,Passenger Ship,8988739
/vessels/details/533160083,SEA WONDER JN6850,Passenger ship,533160083
/vessels/details/9526447,TUAH 2,Passenger Ship,9526447
/vessels/details/1062251,AZ SEHATI,Passenger Ship,1062251
/vessels/details/533132815,TM9,Passenger ship,533132815
/vessels/details/9721190,PUTRA JAYA 1,Passenger/Ro-Ro Cargo Ship,9721190
/vessels/details/533170377,STAR CRAFTS 8,Passenger ship,533170377
/vessels/details/533160252,LUMBA LUMBA,Passenger ship,533160252
/vessels/details/8698463,STAR CRAFTS 8,Passenger Ship,8698463
/vessels/details/533133301,SA10788 5 P,Passenger ship,533133301
/vessels/details/533133259,SA 10800 5 P,Passenger ship,533133259
/vessels/details/533170285,ALKAHFI ASURA,Passenger ship,533170285
/vessels/details/533000033,MK OBOY8,Passenger ship,533000033
/vessels/details/8962096,BOEING SKY KING,Passenger Ship,8962096
/vessels/details/533124511,TRINIDAD JN5652 2 P,Passenger ship,533124511
/vessels/details/9256004,KENANGAN 6,Passenger Ship,9256004
/vessels/details/533170392,GALAXY,Passenger ship,533170392
/vessels/details/533010302,PG MARINE 41,Passenger ship,533010302
/vessels/details/533133167,SA 95 P,Passenger ship,533133167
/vessels/details/8746870,SIRIUS,Passenger Ship,8746870
/vessels/details/533018902,SG NAAV,Passenger ship,533018902
/vessels/details/533132165,PERTAMA LIMBANG,Passenger ship,533132165
/vessels/details/533150132,WAWASAN3,Passenger ship,533150132
/vessels/details/533826850,OPL 2,Passenger ship,533826850
/vessels/details/533133021,ORIENTAL SKY,Passenger ship,533133021
/vessels/details/533118815,LANKAYAN V,Passenger ship,533118815
/vessels/details/8980074,MALAYSIA EXPRESS 1,Passenger Ship,8980074
/vessels/details/533132542,YTL LADY II,Passenger ship,533132542
/vessels/details/533150041,JSR00078P,Passenger ship,533150041
/vessels/details/533133333,SA 11015 5 P,Passenger ship,533133333
/vessels/details/9139359,ZON 1,Passenger Ship,9139359
/vessels/details/8561517,CRYSTAL STAR,Passenger Ship,8561517
/vessels/details/8880987,STAR PYRAMID,Passenger Ship,8880987
/vessels/details/533110617,KKD00555T,Passenger ship,533110617
/vessels/details/1084431,BAHAGIA NO. 8,Passenger Ship,1084431
/vessels/details/533004280,CORAL ISLAND 1,Passenger ship,533004280
/vessels/details/533000820,MARINE STAR 2,Passenger ship,533000820
/vessels/details/9813905,EKSPRES BAHAGIA 168,Passenger Ship,9813905
/vessels/details/533000830,MV LANGKAWI FERRY3,Passenger ship,533000830
/vessels/details/533108453,SRI TANJONG 1,Passenger ship,533108453
/vessels/details/533966448,NORTH BORNEO CRUISES,Passenger ship,533966448
/vessels/details/533000308,GEMILANG 2,Passenger ship,533000308
/vessels/details/533800200,MID EAST EXPRESS 1,Passenger ship,533800200
/vessels/details/533000196,MY MASTER,Passenger ship,533000196
/vessels/details/533110249,MY MASTER 2,Passenger ship,533110249
/vessels/details/533170494,MARINE SUPER,Passenger ship,533170494
/vessels/details/9307906,REDANG SATU,Passenger Ship,9307906
/vessels/details/533010307,PGMARINE 50,Passenger ship,533010307
/vessels/details/533132688,EAGLE MAGIC,Passenger ship,533132688
/vessels/details/533825735,ALPHA XI,Passenger ship,533825735
/vessels/details/533170291,CENTUS SERENA,Passenger ship,533170291
/vessels/details/533999876,BPK1260P,Passenger ship,533999876
/vessels/details/533180006,LANGKAWI RORO,Passenger ship,533180006
/vessels/details/533010303,PG MARINE 19,Passenger ship,533010303
/vessels/details/9662459,EKSPRES BAHAGIA 99,Passenger Ship,9662459
/vessels/details/533133465,JN 6174 2 P,Passenger ship,533133465
/vessels/details/533110705,MY RORO TIGA,Passenger ship,533110705
/vessels/details/533100156,NCA 02 JN8871,Passenger ship,533100156
/vessels/details/533170745,PSALM 39,Passenger ship,533170745
/vessels/details/9583392,MY FERRY 2,Passenger Ship,9583392
/vessels/details/9343039,CORAL ISLAND 2,Passenger Ship,9343039
/vessels/details/533170571,MARINE SERENITY,Passenger ship,533170571
/vessels/details/533000045,MK OBOY 5,Passenger ship,533000045
/vessels/details/533133466,JN 10024 2 P,Passenger ship,533133466
/vessels/details/9616797,EKSPRES BAHAGIA 98,Passenger Ship,9616797
/vessels/details/8979441,FERI HARAPAN,Passenger/Ro-Ro Cargo Ship,8979441
/vessels/details/8746911,SABIK,Passenger Ship,8746911
/vessels/details/9842786,STAR SPEED,Passenger Ship,9842786
/vessels/details/533005002,ROYAL LIMBANG NO 2,Passenger ship,533005002
/vessels/details/533966461,POSEIDON,Passenger ship,533966461
/vessels/details/533133216,JN 10076 2 P,Passenger ship,533133216
/vessels/details/533133628,BPK996P,Passenger ship,533133628
/vessels/details/533170569,OCEAN SUCCESS,Passenger ship,533170569
/vessels/details/7608071,MARINE STAR,Passenger Ship,7608071
/vessels/details/533139922,SERENITY,Passenger ship,533139922
/vessels/details/9051882,SRI LABUAN TIGA,Passenger Ship,9051882
/vessels/details/533004250,EKSPRES BAHAGIA 18,Passenger ship,533004250
/vessels/details/533133542,SEA LION 3,Passenger ship,533133542
/vessels/details/8993899,SRI LABUAN LIMA,Passenger Ship,8993899
/vessels/details/533000536,SEJAHTERA 3,Passenger ship,533000536
/vessels/details/8781404,DIBUK 3,Passenger/Ro-Ro Cargo Ship,8781404
/vessels/details/533000098,MK OBOY2,Passenger ship,533000098
/vessels/details/533009307,GEMILANG 1,Passenger ship,533009307
/vessels/details/7928823,DE CRUISE,Passenger (Cruise) Ship,7928823
/vessels/details/533004880,NEOPETROL 10,Passenger ship,533004880
/vessels/details/8958784,KENANGAN 3,Passenger Ship,8958784
/vessels/details/533150047,BOREALIS,Passenger ship,533150047
/vessels/details/533130493,CATA 1601,Passenger ship (HAZ-A),533130493
/vessels/details/533240786,ALAF PTP SATU,Passenger ship (HAZ-C),533240786
/vessels/details/533000598,BLUEWATER 11,Passenger ship,533000598
/vessels/details/8960775,LABUAN EXPRESS LIMA,Passenger Ship,8960775
/vessels/details/533136139,JN9808,Passenger ship,533136139
/vessels/details/533110334,LANGKAWI FERRY 8,Passenger ship,533110334
/vessels/details/533800001,LABUAN EXPRESS 5,Passenger ship,533800001
/vessels/details/533130739,LUCKY M18,Passenger ship,533130739
/vessels/details/533000599,BLUEWATER 10,Passenger ship,533000599
/vessels/details/533110059,SERENITY II,Passenger ship,533110059
/vessels/details/533202021,6XM01WOAAAAAAAAAAGA,Passenger ship,533202021
/vessels/details/533133001,SUTERA,Passenger ship,533133001
/vessels/details/533130425,SY MISS COCO,Passenger ship,533130425
/vessels/details/533170795,MARINE GRACE,Passenger ship,533170795
/vessels/details/533170736,LUYAN,Passenger ship,533170736
/vessels/details/533341553,PKFB U 1553,Fishing vessel,533341553
/vessels/details/533912071,PKFB1551,Fishing vessel,533912071
/vessels/details/533093183,HG,Fishing vessel,533093183
/vessels/details/533564297,KNF 7757 -XUCANA A29,Fishing vessel,533564297
/vessels/details/533193832,PK 5663 F,Fishing vessel,533193832
/vessels/details/533191779,SLFA 3602,Fishing vessel,533191779
/vessels/details/533193579,PKFA7932,Fishing vessel,533193579
/vessels/details/533119190,JHF 7033 T AH MONG,Fishing vessel,533119190
/vessels/details/533331323,KF2075,Fishing vessel,533331323
/vessels/details/533191762,SLFA 4327,Fishing vessel,533191762
/vessels/details/533343256,PKFB 1262,Fishing vessel,533343256
/vessels/details/533912724,TRF54,Fishing vessel,533912724
/vessels/details/533356600,00485,Fishing vessel,533356600
/vessels/details/533193883,PKFA 7157,Fishing vessel,533193883
/vessels/details/533193523,PKFA 9704,Fishing vessel,533193523
/vessels/details/533191768,PKFA 9635,Fishing vessel,533191768
/vessels/details/533347722,KHF2017U,Fishing vessel,533347722
/vessels/details/533010274,HG,Fishing vessel,533010274
/vessels/details/533193903,PKFA 8322,Fishing vessel,533193903
/vessels/details/533192156,PKFB1148,Fishing vessel,533192156
/vessels/details/533985009,PAF 5009,Fishing vessel,533985009
/vessels/details/533346619,ZAW AYE,Fishing vessel,533346619
/vessels/details/533123399,PKFB399,Fishing vessel,533123399
/vessels/details/533341798,PREECHA1798,Fishing vessel,533341798
/vessels/details/533192917,PK 9154 F,Fishing vessel,533192917
/vessels/details/533193815,PKFB 799,Fishing vessel,533193815
/vessels/details/533193299,JHF 5355T,Fishing vessel,533193299
/vessels/details/533888999,4-39,Fishing vessel,533888999
/vessels/details/533461951,PKFB1951 SAR1983,Fishing vessel,533461951
/vessels/details/533192496,SLFA 4075,Fishing vessel,533192496
/vessels/details/533111323,PKFB1323...,Fishing vessel,533111323
/vessels/details/533201253,KHF883,Fishing vessel,533201253
/vessels/details/533911675,PAF 4888 SENG 68,Fishing vessel,533911675
/vessels/details/533342704,SH,Fishing vessel,533342704
/vessels/details/533911681,PKFA 7865UBENZ,Fishing vessel,533911681
/vessels/details/533561674,KNF7850A 27,Fishing vessel,533561674
/vessels/details/533908918,JHFA600T,Fishing vessel,533908918
/vessels/details/533686886,C24 MIT,Fishing vessel,533686886
/vessels/details/533910688,HLAHLA688,Fishing vessel,533910688
/vessels/details/533002498,KHF 2498 KYONG SITY,Fishing vessel,533002498
/vessels/details/533071391,PKFB-1939,Fishing vessel,533071391
/vessels/details/533010289,HG,Fishing vessel,533010289
/vessels/details/533561856,7070TC 24,Fishing vessel,533561856
/vessels/details/533193393,PKFA 822,Fishing vessel,533193393
/vessels/details/533456999,KNF F5,Fishing vessel,533456999
/vessels/details/533194077,KNF 6920,Fishing vessel,533194077
/vessels/details/533191289,JHFA1289T,Fishing vessel,533191289
/vessels/details/533193068,PKFA 8969,Fishing vessel,533193068
/vessels/details/533908445,JHF7009T,Fishing vessel,533908445
/vessels/details/533093038,GAO GAO B22,Fishing vessel,533093038
/vessels/details/533125335,AUNG MYO OO SLFA5335,Fishing vessel,533125335
/vessels/details/533193095,PKFB 101,Fishing vessel,533193095
/vessels/details/533110135,SH,Fishing vessel,533110135
/vessels/details/533010218,HG,Fishing vessel,533010218
/vessels/details/533999933,PKFB933,Fishing vessel,533999933
/vessels/details/533010338,HG,Fishing vessel,533010338
/vessels/details/533348546,PKF5119,Fishing vessel,533348546
/vessels/details/533192529,SLFA 4769,Fishing vessel,533192529
/vessels/details/533190472,JHF 9289 T,Fishing vessel,533190472
/vessels/details/533272727,DEN,Fishing vessel,533272727
/vessels/details/533154129,MI WINE 4129,Fishing vessel,533154129
/vessels/details/533193919,PKFA 9695,Fishing vessel,533193919
/vessels/details/533192775,SLFA 5001,Fishing vessel,533192775
/vessels/details/533571817,PKFB1817 KYONG CITY,Fishing vessel,533571817
/vessels/details/533210064,PAF 4619,Fishing vessel,533210064
/vessels/details/533346886,JHFA516,Fishing vessel,533346886
/vessels/details/533348030,5193 NAY MIN,Fishing vessel,533348030
/vessels/details/533111169,SA-169F,Fishing vessel,533111169
/vessels/details/533192887,PKFA 9519,Fishing vessel,533192887
/vessels/details/533344988,NAR NI 1863,Fishing vessel,533344988
/vessels/details/8977613,WASANA 328,Fishing Vessel,8977613
/vessels/details/533909380,TRF1359,Fishing vessel,533909380
/vessels/details/533193758,PKFB 1218,Fishing vessel,533193758
/vessels/details/533346050,SH1460U2,Fishing vessel,533346050
/vessels/details/533420699,NGOC NHI TNPD11,Fishing vessel,533420699
/vessels/details/533911650,WAN DI 2053,Fishing vessel,533911650
/vessels/details/533346624,PKFB1988 KOPHON,Fishing vessel,533346624
/vessels/details/533910015,PKFA 9344,Fishing vessel,533910015
/vessels/details/533193075,PKFA 9079,Fishing vessel,533193075
/vessels/details/533002449,THE KOP 4748,Fishing vessel,533002449
/vessels/details/533192415,PPF600,Fishing vessel,533192415
/vessels/details/533192541,SLFA 4979,Fishing vessel,533192541
/vessels/details/533340012,THET SOE PKFB1873,Fishing vessel,533340012
/vessels/details/533911746,RON ROEUN 746,Fishing vessel,533911746
/vessels/details/533192553,SLFA 5142,Fishing vessel,533192553
/vessels/details/533160301,SJN01442P,Fishing vessel,533160301
/vessels/details/533902316,JHFA 450.T,Fishing vessel,533902316
/vessels/details/533200788,HG,Fishing vessel,533200788
/vessels/details/533191643,TRF 1089,Fishing vessel,533191643
/vessels/details/533912498,KHF 2498 KYONG CITY,Fishing vessel,533912498
/vessels/details/533010309,HG,Fishing vessel,533010309
/vessels/details/533901326,SURIYA,Fishing vessel,533901326
/vessels/details/533190583,PKFB 650,Fishing vessel,533190583
/vessels/details/533131180,TRF-F 8,Fishing vessel,533131180
/vessels/details/533192518,SLFA4391,Fishing vessel,533192518
/vessels/details/533330906,A20DUCI,Fishing vessel,533330906
/vessels/details/533912171,SH,Fishing vessel,533912171
/vessels/details/533911888,PKFB1888,Fishing vessel,533911888
/vessels/details/533902999,PAF4988,Fishing vessel,533902999
/vessels/details/533108455,TFA 2524,Fishing vessel,533108455
/vessels/details/533909951,4423SENG,Fishing vessel,533909951
/vessels/details/533192438,PPF 348,Fishing vessel,533192438
/vessels/details/533910189,KHF2055 BOY,Fishing vessel,533910189
/vessels/details/533191784,SLFA 4316,Fishing vessel,533191784
/vessels/details/533193048,PKFA 8236,Fishing vessel,533193048
/vessels/details/533192434,PPF303,Fishing vessel,533192434
/vessels/details/533193648,PKFA 9160,Fishing vessel,533193648
/vessels/details/533192906,PKFB 445,Fishing vessel,533192906
/vessels/details/533192369,JHF 2463 T,Fishing vessel,533192369
/vessels/details/533198888,SLFA 4755,Fishing vessel,533198888
/vessels/details/533193471,PKF 5758,Fishing vessel,533193471
/vessels/details/533193931,PKFA8785,Fishing vessel,533193931
/vessels/details/533353335,PKFB1998,Fishing vessel,533353335
/vessels/details/533909441,MANAT 2050,Fishing vessel,533909441
/vessels/details/533001659,PKFB 1659,Fishing vessel,533001659
/vessels/details/533190392,PKFB320,Fishing vessel,533190392
/vessels/details/533347979,JAF4827,Fishing vessel,533347979
/vessels/details/533901789,JHFA248T,Fishing vessel,533901789
/vessels/details/533132952,HG B27,Fishing vessel,533132952
/vessels/details/533194033,PKFB 1201,Fishing vessel,533194033
/vessels/details/533684768,PAMMAJERE4768,Fishing vessel,533684768
/vessels/details/533160259,SBF66,Fishing vessel,533160259
/vessels/details/533193066,PKFA 8823,Fishing vessel,533193066
/vessels/details/533192764,SLFA 4759,Fishing vessel,533192764
/vessels/details/533111739,1739,Fishing vessel,533111739
/vessels/details/533194009,SLFA 4852,Fishing vessel,533194009
/vessels/details/533098765,K -,Fishing vessel,533098765
/vessels/details/533191511,SN 117 4 F,Fishing vessel,533191511
/vessels/details/533190858,SLFA4070,Fishing vessel,533190858
/vessels/details/533192401,PKFB 686,Fishing vessel,533192401
/vessels/details/533333003,KHA YANG N0.3,Fishing vessel,533333003
/vessels/details/533345317,PKFB1312,Fishing vessel,533345317
/vessels/details/533092897,HG,Fishing vessel,533092897
/vessels/details/533332016,KUN KHMER.2016,Fishing vessel,533332016
/vessels/details/533190246,PKFA 9155,Fishing vessel,533190246
/vessels/details/533912162,SH,Fishing vessel,533912162
/vessels/details/533901820,PKFB1820,Fishing vessel,533901820
/vessels/details/533191906,KHF 268,Fishing vessel,533191906
/vessels/details/533010191,SH,Fishing vessel,533010191
/vessels/details/533346890,SH,Fishing vessel,533346890
/vessels/details/533193009,PKFB263,Fishing vessel,533193009
/vessels/details/533192507,SLFA 4226,Fishing vessel,533192507
/vessels/details/533191821,KO PHYO PKFB1821,Fishing vessel,533191821
/vessels/details/533193659,PKFB117,Fishing vessel,533193659
/vessels/details/533191111,JHF 2363 T,Fishing vessel,533191111
/vessels/details/533564380,51 DONG HAI C2,Fishing vessel,533564380
/vessels/details/533222333,TD TR,Fishing vessel,533222333
/vessels/details/533160258,SBF 68,Fishing vessel,533160258
/vessels/details/533191736,SLFA 5050,Fishing vessel,533191736
/vessels/details/533001354,JHF2323T,Fishing vessel,533001354
/vessels/details/533121045,........,Fishing vessel,533121045
/vessels/details/533340010,SH,Fishing vessel,533340010
/vessels/details/533348027,JHFA500T,Fishing vessel,533348027
/vessels/details/533333039,KHA YANG NO39,Fishing vessel,533333039
/vessels/details/533666666,PAF 4921,Fishing vessel,533666666
/vessels/details/533192183,PKFA8921,Fishing vessel,533192183
/vessels/details/533912777,SH,Fishing vessel,533912777
/vessels/details/533909685,7821SON.OF.THE.SEA,Fishing vessel,533909685
/vessels/details/533911758,SH14601,Fishing vessel,533911758
/vessels/details/533347890,SH,Fishing vessel,533347890
/vessels/details/533194031,PKFB 924,Fishing vessel,533194031
/vessels/details/533010310,HG,Fishing vessel,533010310
/vessels/details/533191879,KHF 1312,Fishing vessel,533191879
/vessels/details/533911649,SH,Fishing vessel,533911649
/vessels/details/533190965,PKFB402,Fishing vessel,533190965
/vessels/details/533210028,HG,Fishing vessel,533210028
/vessels/details/533186816,SOMPONG816,Fishing vessel,533186816
/vessels/details/533191203,JHF 9725 B,Fishing vessel,533191203
/vessels/details/533190562,SLFA 4384,Fishing vessel,533190562
/vessels/details/533192774,SLFA 4962,Fishing vessel,533192774
/vessels/details/533902998,JHF8738T,Fishing vessel,533902998
/vessels/details/533381769,TAI SOR17698221,Fishing vessel,533381769
/vessels/details/533192125,PKFA797,Fishing vessel,533192125
/vessels/details/533347633,SH,Fishing vessel,533347633
/vessels/details/533193377,PKFA 1170,Fishing vessel,533193377
/vessels/details/533173917,SH,Fishing vessel,533173917
/vessels/details/533910017,JHFA1298,Fishing vessel,533910017
/vessels/details/533912745,SH,Fishing vessel,533912745
/vessels/details/533191905,KHF 25,Fishing vessel,533191905
/vessels/details/533192086,PKFA 9516,Fishing vessel,533192086
/vessels/details/533345256,PSF 2459,Fishing vessel,533345256
/vessels/details/533193991,PKFA 9652,Fishing vessel,533193991
/vessels/details/533192738,SLFA 1756,Fishing vessel,533192738
/vessels/details/533912723,MALAUNG..,Fishing vessel,533912723
/vessels/details/533010350,HG,Fishing vessel,533010350
/vessels/details/533911668,T. NAING1668,Fishing vessel,533911668
/vessels/details/533912778,ONE SEVEN,Fishing vessel,533912778
/vessels/details/533193151,KHF 896,Fishing vessel,533193151
/vessels/details/9850458,GIAT MAJU,Fishing Vessel,9850458
/vessels/details/533121931,PKFB1931,Fishing vessel,533121931
/vessels/details/533092007,A38,Fishing vessel,533092007
/vessels/details/533193234,PKFA 8700,Fishing vessel,533193234
/vessels/details/533193102,PKFB 138,Fishing vessel,533193102
/vessels/details/533224854,SA 1900 5 C,Fishing vessel,533224854
/vessels/details/533909443,JHFA1268T,Fishing vessel,533909443
/vessels/details/533194102,PKFB 895,Fishing vessel,533194102
/vessels/details/533345321,SLFA 5297 NAYLWINOO,Fishing vessel,533345321
/vessels/details/533912341,SH,Fishing vessel,533912341
/vessels/details/533192524,SLFA 4488,Fishing vessel,533192524
/vessels/details/533192459,PKFA8887,Fishing vessel,533192459
/vessels/details/533344984,SLFA4486,Fishing vessel,533344984
/vessels/details/533192937,PKFA 7151,Fishing vessel,533192937
/vessels/details/533002529,MIN,Fishing vessel,533002529
/vessels/details/533201256,JHFA373T 5 F,Fishing vessel,533201256
/vessels/details/533304829,PKFB1810,Fishing vessel,533304829
/vessels/details/533210072,HG,Fishing vessel,533210072
/vessels/details/533343935,PKFB2052,Fishing vessel,533343935
/vessels/details/8682763,KHA YANG 5,Fishing Vessel,8682763
/vessels/details/533210065,HG,Fishing vessel,533210065
/vessels/details/533191745,SLFA 5168,Fishing vessel,533191745
/vessels/details/533191193,JHF 5196 B,Fishing vessel,533191193
/vessels/details/533347972,PSF 2543.U2,Fishing vessel,533347972
/vessels/details/533901265,JHFA 265 T,Fishing vessel,533901265
/vessels/details/533101024,PHF24F32,Fishing vessel,533101024
/vessels/details/533444816,BONG LA 4816,Fishing vessel,533444816
/vessels/details/533162738,SUXIBOLUIC24,Fishing vessel,533162738
/vessels/details/533915448,PHAKU THEMBACT,Fishing vessel,533915448
/vessels/details/533194002,PKFA 1232,Fishing vessel,533194002
/vessels/details/533568221,PKFA 8221,Fishing vessel,533568221
/vessels/details/533201356,TRF1303,Fishing vessel,533201356
/vessels/details/533355544,KNF,Fishing vessel,533355544
/vessels/details/533191999,ROSIES-2025,Fishing vessel,533191999
/vessels/details/533092888,NILAM-01,Fishing vessel,533092888
/vessels/details/533194038,PKFB 1162,Fishing vessel,533194038
/vessels/details/533347982,PAF5037,Fishing vessel,533347982
/vessels/details/533909099,SLFA 5011,Fishing vessel,533909099
/vessels/details/533193104,PKFB 222,Fishing vessel,533193104
/vessels/details/533193837,PKFB 956,Fishing vessel,533193837
/vessels/details/533192773,SLFA 4956,Fishing vessel,533192773
/vessels/details/533333969,KHA YANG NO969,Fishing vessel,533333969
/vessels/details/533193984,KHF 1382,Fishing vessel,533193984
/vessels/details/533912074,M M 1294,Fishing vessel,533912074
/vessels/details/533133145,PR 1883 2 F,Fishing vessel,533133145
/vessels/details/533192477,SLFA 3352,Fishing vessel,533192477
/vessels/details/533193437,PKFA 1910,Fishing vessel,533193437
/vessels/details/533192736,JHF 614 B,Fishing vessel,533192736
/vessels/details/533190233,SLFA 4612,Fishing vessel,533190233
/vessels/details/533193655,PKFB1344,Fishing vessel,533193655
/vessels/details/533140602,SH,Fishing vessel,533140602
/vessels/details/533911976,SH,Fishing vessel,533911976
/vessels/details/533200928,HG,Fishing vessel,533200928
/vessels/details/533007802,PKFB.802QQQ,Fishing vessel,533007802
/vessels/details/533192751,SLFA 4156,Fishing vessel,533192751
/vessels/details/533193511,PKFA 7904,Fishing vessel,533193511
/vessels/details/533192513,SLFA 4328,Fishing vessel,533192513
/vessels/details/533193847,PKFB 1818,Fishing vessel,533193847
/vessels/details/533200794,HG,Fishing vessel,533200794
/vessels/details/533193739,PKFB 1172,Fishing vessel,533193739
/vessels/details/533347636,2010112068,Fishing vessel,533347636
/vessels/details/533193904,PKFA8332,Fishing vessel,533193904
/vessels/details/533339000,0,Fishing vessel,533339000
/vessels/details/533912715,SHPKFB1591,Fishing vessel,533912715
/vessels/details/533908384,SH PKFB1997,Fishing vessel,533908384
/vessels/details/533193123,PKFB 681,Fishing vessel,533193123
/vessels/details/533911226,TRF944,Fishing vessel,533911226
/vessels/details/533193067,PKFA 8839,Fishing vessel,533193067
/vessels/details/533190067,SLFA4702,Fishing vessel,533190067
/vessels/details/533877254,KNF 7243,Fishing vessel,533877254
/vessels/details/533193216,PKFA 8536,Fishing vessel,533193216
/vessels/details/533097535,79 TAN CUONG E37,Fishing vessel,533097535
/vessels/details/533191872,KHF 1234,Fishing vessel,533191872
/vessels/details/533191186,JHF 2299 T,Fishing vessel,533191186
/vessels/details/533908596,SH1937,Fishing vessel,533908596
/vessels/details/533399307,KHF 307 U,Fishing vessel,533399307
/vessels/details/533110719,JAYA 12,Fishing vessel,533110719
/vessels/details/533193926,PKFB 53,Fishing vessel,533193926
/vessels/details/533912165,SH,Fishing vessel,533912165
/vessels/details/533192986,PKFA8784,Fishing vessel,533192986
/vessels/details/533911776,PKFB 1776,Fishing vessel,533911776
/vessels/details/533193414,PKFB 994,Fishing vessel,533193414
/vessels/details/533193884,PKFA7563,Fishing vessel,533193884
/vessels/details/533111456,KNF 7828 A5 T R,Fishing vessel,533111456
/vessels/details/533911695,SF2.6069,Fishing vessel,533911695
/vessels/details/533592477,477CONG TRI A35,Fishing vessel,533592477
/vessels/details/533192489,SLFA 3740,Fishing vessel,533192489
/vessels/details/533321099,1739,Fishing vessel,533321099
/vessels/details/533190726,PAF 4673,Fishing vessel,533190726
/vessels/details/533193124,PKFB 722,Fishing vessel,533193124
/vessels/details/533912790,PKFB 1579.U2,Fishing vessel,533912790
/vessels/details/533911692,SH32016,Fishing vessel,533911692
/vessels/details/533194880,4880,Fishing vessel,533194880
/vessels/details/533193656,PKF5932,Fishing vessel,533193656
/vessels/details/533192545,SLFA 5090,Fishing vessel,533192545
/vessels/details/533348026,PAF480,Fishing vessel,533348026
/vessels/details/533909944,PKFB 1608,Fishing vessel,533909944
/vessels/details/533110731,JAYA 25,Fishing vessel,533110731
/vessels/details/533005258,KO NYI HTWE,Fishing vessel,533005258
/vessels/details/533001167,TRF 1167,Fishing vessel,533001167
/vessels/details/533194116,PKFB 1657,Fishing vessel,533194116
/vessels/details/533190164,SLFA 5123,Fishing vessel,533190164
/vessels/details/533606789,DAI CA CHAU,Fishing vessel,533606789
/vessels/details/533193061,PKFA 8746,Fishing vessel,533193061
/vessels/details/533193334,TRF 496,Fishing vessel,533193334
/vessels/details/533210223,SLFA4998,Fishing vessel,533210223
/vessels/details/533347631,TRF1366,Fishing vessel,533347631
/vessels/details/533193004,PKFA9754,Fishing vessel,533193004
/vessels/details/533826075,SH,Fishing vessel,533826075
/vessels/details/533192165,PKFA8250,Fishing vessel,533192165
/vessels/details/533191758,SLFA 5080,Fishing vessel,533191758
/vessels/details/533414818,WINKYAWOOPKFA4818,Fishing vessel,533414818
/vessels/details/533333005,KHA YANG 5,Fishing vessel,533333005
/vessels/details/533192998,PKFA 9506,Fishing vessel,533192998
/vessels/details/533192968,PKFA 8002,Fishing vessel,533192968
/vessels/details/533192363,JHFA 303 B,Fishing vessel,533192363
/vessels/details/533194034,PKFA1156,Fishing vessel,533194034
/vessels/details/533831739,PKFB1739,Fishing vessel,533831739
/vessels/details/533912169,TUAN TAKUR,Fishing vessel,533912169
/vessels/details/533000067,KHFSAMINGDONG2067,Fishing vessel,533000067
/vessels/details/533346513,PKFB 2087 U,Fishing vessel,533346513
/vessels/details/533191886,FH18,Fishing vessel,533191886
/vessels/details/533200975,SURAPON 975,Fishing vessel,533200975
/vessels/details/533911501,PADAIDIDAEN,Fishing vessel,533911501
/vessels/details/533192600,SLFA 5158,Fishing vessel,533192600
/vessels/details/533192782,SLFA 5149,Fishing vessel,533192782
/vessels/details/533191624,PAF 4120,Fishing vessel,533191624
/vessels/details/533142498,KHF 2498 KYONG CITY,Fishing vessel,533142498
/vessels/details/533910810,KNF 7 81 8 A-5,Fishing vessel,533910810
/vessels/details/533911277,SH,Fishing vessel,533911277
/vessels/details/533901765,PSF2476,Fishing vessel,533901765
/vessels/details/533347974,PKFB1318,Fishing vessel,533347974
/vessels/details/533192567,PKFB 555,Fishing vessel,533192567
/vessels/details/533903588,SH.2686,Fishing vessel,533903588
/vessels/details/533193679,PKFB 951,Fishing vessel,533193679
/vessels/details/533901938,PKFB.1938.U2.,Fishing vessel,533901938
/vessels/details/533001245,TRF1252,Fishing vessel,533001245
/vessels/details/533193552,PKFA7900,Fishing vessel,533193552
/vessels/details/533190526,PKFB 493,Fishing vessel,533190526
/vessels/details/533191781,SLFA 3746,Fishing vessel,533191781
/vessels/details/533684160,JHF 4160 T,Fishing vessel,533684160
/vessels/details/533201011,SLFA5292,Fishing vessel,533201011
/vessels/details/533914896,MALAUNG..,Fishing vessel,533914896
/vessels/details/533222449,M.R DOM 2449,Fishing vessel,533222449
/vessels/details/533903711,PKFB.1938.U2.K.P,Fishing vessel,533903711
/vessels/details/533191939,KHF 508,Fishing vessel,533191939
/vessels/details/533193792,PKFB 653,Fishing vessel,533193792
/vessels/details/533191987,KHF 2577,Fishing vessel,533191987
/vessels/details/533910029,PKFB 1583,Fishing vessel,533910029
/vessels/details/533992312,GHE OC C23,Fishing vessel,533992312
/vessels/details/533193806,PKFB874,Fishing vessel,533193806
/vessels/details/533193628,PKFA 9162,Fishing vessel,533193628
/vessels/details/533190181,SLFA 4708,Fishing vessel,533190181
/vessels/details/533901478,JHFA478T,Fishing vessel,533901478
/vessels/details/533901771,JHFA265T,Fishing vessel,533901771
/vessels/details/533347903,KHFU 2181YENG,Fishing vessel,533347903
/vessels/details/533192709,SLFA 4375,Fishing vessel,533192709
/vessels/details/533127788,PKFB1931,Fishing vessel,533127788
/vessels/details/533192632,SF3 259,Fishing vessel,533192632
/vessels/details/533180876,TRF1283A29,Fishing vessel,533180876
/vessels/details/533193907,PKFA 8512,Fishing vessel,533193907
/vessels/details/533190286,JHF 2788 T,Fishing vessel,533190286
/vessels/details/533667799,1739,Fishing vessel,533667799
/vessels/details/533110737,JIN HSIANG FA 168,Fishing vessel,533110737
/vessels/details/533193872,PK 5598 F,Fishing vessel,533193872
/vessels/details/533193439,PKFA1929,Fishing vessel,533193439
/vessels/details/533224177,SA 5699 5 C,Fishing vessel,533224177
/vessels/details/533192659,SF2 2277,Fishing vessel,533192659
/vessels/details/533992380,GHE OC 80 B23,Fishing vessel,533992380
/vessels/details/533210043,HG,Fishing vessel,533210043
/vessels/details/533523376,LNOI 077 A15 0777,Fishing vessel,533523376
/vessels/details/533193911,PKFA8620,Fishing vessel,533193911
/vessels/details/533191874,KHF 1261,Fishing vessel,533191874
/vessels/details/533191707,PKFA 7666,Fishing vessel,533191707
/vessels/details/533333059,KHA YANG NO59,Fishing vessel,533333059
/vessels/details/533000022,JHFA390T,Fishing vessel,533000022
/vessels/details/533191881,KHF 1329,Fishing vessel,533191881
/vessels/details/533678900,67,Fishing vessel,533678900
/vessels/details/533190757,JHF 2513 T,Fishing vessel,533190757
/vessels/details/533192768,SLFA 4832,Fishing vessel,533192768
/vessels/details/533192722,SLFA 5101,Fishing vessel,533192722
/vessels/details/533110102,SH,Fishing vessel,533110102
/vessels/details/533170431,SUNGTHAILEE 8,Fishing vessel,533170431
/vessels/details/533192116,PKFA7686,Fishing vessel,533192116
/vessels/details/533001909,FOREVER SMT 1909,Fishing vessel,533001909
/vessels/details/533191095,JHF 6526 B,Fishing vessel,533191095
/vessels/details/533901762,JHFA523T,Fishing vessel,533901762
/vessels/details/533104693,NAING OO LFA 4693,Fishing vessel,533104693
/vessels/details/533193077,PKFA 9124,Fishing vessel,533193077
/vessels/details/533125463,CS19,Fishing vessel,533125463
/vessels/details/533333631,SH,Fishing vessel,533333631
/vessels/details/533778899,PKFB1931,Fishing vessel,533778899
/vessels/details/533566858,A 19,Fishing vessel,533566858
/vessels/details/533194028,PKFA 942,Fishing vessel,533194028
/vessels/details/533192282,JHF 2882 T,Fishing vessel,533192282
/vessels/details/533347977,PAF5017,Fishing vessel,533347977
/vessels/details/533341098,PSF 1098,Fishing vessel,533341098
/vessels/details/533200916,HG,Fishing vessel,533200916
/vessels/details/533280419,CAHANANA2532,Fishing vessel,533280419
/vessels/details/533110009,SHF,Fishing vessel,533110009
/vessels/details/533001577,SN 1577 4 F,Fishing vessel,533001577
/vessels/details/533193047,PKFA 8191,Fishing vessel,533193047
/vessels/details/533193396,PKFA 7343,Fishing vessel,533193396
/vessels/details/533908443,JHFA6885,Fishing vessel,533908443
/vessels/details/533010298,HG,Fishing vessel,533010298
/vessels/details/533200333,MAWIN,Fishing vessel,533200333
/vessels/details/533919191,JHF A27,Fishing vessel,533919191
/vessels/details/533234567,KNF 7959 05 A,Fishing vessel,533234567
/vessels/details/533192888,PKFA 9540,Fishing vessel,533192888
/vessels/details/533908736,SH,Fishing vessel,533908736
/vessels/details/533909155,MALARINE,Fishing vessel,533909155
/vessels/details/533193335,TRF 63,Fishing vessel,533193335
/vessels/details/533193215,PKFA 8495,Fishing vessel,533193215
/vessels/details/533910021,PAF4600,Fishing vessel,533910021
/vessels/details/533910046,JHF5389ALOUN AOD,Fishing vessel,533910046
/vessels/details/533193982,SLFA 5133,Fishing vessel,533193982
/vessels/details/533191865,KHF 1181,Fishing vessel,533191865
/vessels/details/533133111,TM18,Fishing vessel,533133111
/vessels/details/8815736,PARI I,Fishing Support Vessel,8815736
/vessels/details/533150033,JHS7164T,Fishing vessel,533150033
/vessels/details/533193861,PKFB 450,Fishing vessel,533193861
/vessels/details/533912506,PKFB 529 PRASIT,Fishing vessel,533912506
/vessels/details/533192514,SLFA4340,Fishing vessel,533192514
/vessels/details/533113139,HG,Fishing vessel,533113139
/vessels/details/533108935,SH,Fishing vessel,533108935
/vessels/details/533347897,KHF1321,Fishing vessel,533347897
/vessels/details/533910794,SH999,Fishing vessel,533910794
/vessels/details/533113289,SF1-3289 WAN LAI,Fishing vessel,533113289
/vessels/details/533193586,PKFA 7936,Fishing vessel,533193586
/vessels/details/533198778,JHF8778,Fishing vessel,533198778
/vessels/details/533113325,SF1-3325 WANG LAI,Fishing vessel,533113325
/vessels/details/533912079,SH12,Fishing vessel,533912079
/vessels/details/533193929,SLF 3066,Fishing vessel,533193929
/vessels/details/533194093,KNF 7654,Fishing vessel,533194093
/vessels/details/533313645,TRFA38,Fishing vessel,533313645
/vessels/details/533192832,PKFB1092,Fishing vessel,533192832
/vessels/details/533346133,SH,Fishing vessel,533346133
/vessels/details/533909439,PKFB1807,Fishing vessel,533909439
/vessels/details/533193103,PKFB15,Fishing vessel,533193103
/vessels/details/533912500,PKFB 933,Fishing vessel,533912500
/vessels/details/533000003,KHA YANG NO3,Fishing vessel,533000003
/vessels/details/533092893,HG,Fishing vessel,533092893
/vessels/details/533948044,KHF2658,Fishing vessel,533948044
/vessels/details/533348240,SH,Fishing vessel,533348240
/vessels/details/533911274,SH,Fishing vessel,533911274
/vessels/details/533191984,KF 5444,Fishing vessel,533191984
/vessels/details/533440119,LAY 119,Fishing vessel,533440119
/vessels/details/533341999,PKFB1931,Fishing vessel,533341999
/vessels/details/533110128,SH,Fishing vessel,533110128
/vessels/details/533345261,PKFB 1085,Fishing vessel,533345261
/vessels/details/533301739,PKFB1739,Fishing vessel,533301739
/vessels/details/533192424,GT2432,Fishing vessel,533192424
/vessels/details/533908358,PKFB 1938 TAILAN,Fishing vessel,533908358
/vessels/details/533193685,PKFB 1004,Fishing vessel,533193685
/vessels/details/533192221,PAF 4188,Fishing vessel,533192221
/vessels/details/533190891,PKFB 533,Fishing vessel,533190891
/vessels/details/533010297,HG,Fishing vessel,533010297
/vessels/details/533010293,HG,Fishing vessel,533010293
/vessels/details/533123124,NE0 DAI,Fishing vessel,533123124
/vessels/details/533908914,TRF1419,Fishing vessel,533908914
/vessels/details/533191866,KHF 1188,Fishing vessel,533191866
/vessels/details/533555555,R..THANASIRI..555,Fishing vessel,533555555
/vessels/details/533560322,FX,Fishing vessel,533560322
/vessels/details/533361427,DINH -37,Fishing vessel,533361427
/vessels/details/533911850,HAWA 29F,Fishing vessel,533911850
/vessels/details/533347895,SH,Fishing vessel,533347895
/vessels/details/533352068,2068,Fishing vessel,533352068
/vessels/details/533010271,HG,Fishing vessel,533010271
/vessels/details/533192265,PAF 4848,Fishing vessel,533192265
/vessels/details/533398756,PKFB1739,Fishing vessel,533398756
/vessels/details/533190328,SF3 2116,Fishing vessel,533190328
/vessels/details/533454840,PSF 2339,Fishing vessel,533454840
/vessels/details/533333093,KHA YANG NO93,Fishing vessel,533333093
/vessels/details/533001759,PKFB 759,Fishing vessel,533001759
/vessels/details/533910228,SH,Fishing vessel,533910228
/vessels/details/533192875,PKFA 8223,Fishing vessel,533192875
/vessels/details/533348181,UNAVAILABLE,Fishing vessel,533348181
/vessels/details/533192338,JHFA 298 B,Fishing vessel,533192338
/vessels/details/533901999,PAF4736,Fishing vessel,533901999
/vessels/details/533309371,PKFB1739,Fishing vessel,533309371
/vessels/details/533192644,SF2 480,Fishing vessel,533192644
/vessels/details/533130618,FAJAR 7,Fishing vessel,533130618
/vessels/details/533917309,PADAIDIJHF 7309 T,Fishing vessel,533917309
/vessels/details/533908363,5037U1,Fishing vessel,533908363
/vessels/details/533223456,KNF,Fishing vessel,533223456
/vessels/details/533092763,HG,Fishing vessel,533092763
/vessels/details/533191406,JHF 2504 B,Fishing vessel,533191406
/vessels/details/533901332,JHFA1332T,Fishing vessel,533901332
/vessels/details/533901137,THAI F16 1866,Fishing vessel,533901137
/vessels/details/533092894,HG,Fishing vessel,533092894
/vessels/details/533859755,MALAYSIA PKFB755,Fishing vessel,533859755
/vessels/details/533193176,PK 8310 F,Fishing vessel,533193176
/vessels/details/533347721,PKFB1908,Fishing vessel,533347721
/vessels/details/533912718,SH1776,Fishing vessel,533912718
/vessels/details/533682526,SIKAMASEANG2526,Fishing vessel,533682526
/vessels/details/533825546,SH,Fishing vessel,533825546
/vessels/details/533909682,PKFB 1836,Fishing vessel,533909682
/vessels/details/533194091,KNF 7037,Fishing vessel,533194091
/vessels/details/533348238,SH,Fishing vessel,533348238
/vessels/details/533192756,SLFA 4452,Fishing vessel,533192756
/vessels/details/533911762,KERISI MARINE 5,Fishing vessel,533911762
/vessels/details/533388769,TAI SOR1769,Fishing vessel,533388769
/vessels/details/533562229,AUNG KO 7789,Fishing vessel,533562229
/vessels/details/533826616,SH,Fishing vessel,533826616
/vessels/details/533902803,PKFB5559,Fishing vessel,533902803
/vessels/details/533908361,PSF 1973,Fishing vessel,533908361
/vessels/details/533912232,MVP2232,Fishing vessel,533912232
/vessels/details/533114350,TF-4350 WANG LAI,Fishing vessel,533114350
/vessels/details/533190388,PKFB680,Fishing vessel,533190388
/vessels/details/533908393,PKFB1828,Fishing vessel,533908393
/vessels/details/533192573,SLFA 3377,Fishing vessel,533192573
/vessels/details/533361978,SH,Fishing vessel,533361978
/vessels/details/533910381,JHFA118T,Fishing vessel,533910381
/vessels/details/533193882,PKFA7080,Fishing vessel,533193882
/vessels/details/533200790,PKFB 1299,Fishing vessel,533200790
/vessels/details/533116767,KNF 892 C24,Fishing vessel,533116767
/vessels/details/533190353,SLFA 4842,Fishing vessel,533190353
/vessels/details/533341909,PKFB 1909,Fishing vessel,533341909
/vessels/details/533908923,KHF2618,Fishing vessel,533908923
/vessels/details/533333001,KHA YANG 1,Fishing vessel,533333001
/vessels/details/533908922,JHFA336T,Fishing vessel,533908922
/vessels/details/533193693,PKFB 1290,Fishing vessel,533193693
/vessels/details/533110081,SH,Fishing vessel,533110081
/vessels/details/533192697,PKFA 7571,Fishing vessel,533192697
/vessels/details/533191245,PAF 4825,Fishing vessel,533191245
/vessels/details/533910096,PKFB2077,Fishing vessel,533910096
/vessels/details/533311888,KHF18888,Fishing vessel,533311888
/vessels/details/533191554,SN6506 4 F,Fishing vessel,533191554
/vessels/details/533010319,HG,Fishing vessel,533010319
/vessels/details/533194035,PKFA7241,Fishing vessel,533194035
/vessels/details/533912339,SH,Fishing vessel,533912339
/vessels/details/533911684,KHF2582,Fishing vessel,533911684
/vessels/details/533190654,PKFB 598,Fishing vessel,533190654
/vessels/details/533192436,PPF 315,Fishing vessel,533192436
/vessels/details/533192491,SLFA3742,Fishing vessel,533192491
/vessels/details/533130973,TRF1309 A 38,Fishing vessel,533130973
/vessels/details/533902997,4539,Fishing vessel,533902997
/vessels/details/533000924,2538,Fishing vessel,533000924
/vessels/details/533193537,PKFA 7341,Fishing vessel,533193537
/vessels/details/533911694,JHF5442T,Fishing vessel,533911694
/vessels/details/533192884,PKFA 9025,Fishing vessel,533192884
/vessels/details/533355555,KHF U 2683,Fishing vessel,533355555
/vessels/details/533193867,PK2553F,Fishing vessel,533193867
/vessels/details/533193658,PKFA9147,Fishing vessel,533193658
/vessels/details/533192332,JHF 9502 B,Fishing vessel,533192332
/vessels/details/533347969,SH,Fishing vessel,533347969
/vessels/details/533192475,SLFA3289,Fishing vessel,533192475
/vessels/details/533192483,SLFA 3568,Fishing vessel,533192483
/vessels/details/533910090,SH,Fishing vessel,533910090
/vessels/details/533192391,PKFA9177,Fishing vessel,533192391
/vessels/details/533193741,PKFB 901,Fishing vessel,533193741
/vessels/details/533911294,M M 1294,Fishing vessel,533911294
/vessels/details/533797979,KNF 79,Fishing vessel,533797979
/vessels/details/533041770,PAF4603,Fishing vessel,533041770
/vessels/details/533908916,SH,Fishing vessel,533908916
/vessels/details/533193928,PKFB599,Fishing vessel,533193928
/vessels/details/533192836,PKFA 8146,Fishing vessel,533192836
/vessels/details/533192324,JHF 5310 B,Fishing vessel,533192324
/vessels/details/533190047,SLFA4846,Fishing vessel,533190047
/vessels/details/533343242,PKFB1846,Fishing vessel,533343242
/vessels/details/533912853,ZAW AUNG SLFA 5235,Fishing vessel,533912853
/vessels/details/533191918,KHF 305,Fishing vessel,533191918
/vessels/details/533912173,PAF4545,Fishing vessel,533912173
/vessels/details/533210073,JHFA468T,Fishing vessel,533210073
/vessels/details/533193221,PKFA 8636,Fishing vessel,533193221
/vessels/details/533901300,JHFA300T,Fishing vessel,533901300
/vessels/details/533000789,SHTMGPAJ,Fishing vessel,533000789
/vessels/details/533602369,123,Fishing vessel,533602369
/vessels/details/533010262,HG,Fishing vessel,533010262
/vessels/details/533150026,JBF2216,Fishing vessel,533150026
/vessels/details/533191515,SN 6686 4 F,Fishing vessel,533191515
/vessels/details/533192101,PKFA3810,Fishing vessel,533192101
/vessels/details/533349763,KO KO LWIN,Fishing vessel,533349763
/vessels/details/533191729,SLFA 4735,Fishing vessel,533191729
/vessels/details/533192997,PKFA 9138,Fishing vessel,533192997
/vessels/details/533191548,BN 284 4 F,Fishing vessel,533191548
/vessels/details/533911303,SH,Fishing vessel,533911303
/vessels/details/533201824,HG,Fishing vessel,533201824
/vessels/details/533192207,KNF 6807,Fishing vessel,533192207
/vessels/details/533190339,SF3 1778,Fishing vessel,533190339
/vessels/details/533908444,JHF7009U2,Fishing vessel,533908444
/vessels/details/533192976,PKFA8210,Fishing vessel,533192976
/vessels/details/533010269,HG,Fishing vessel,533010269
/vessels/details/533193453,PKFA2055,Fishing vessel,533193453
/vessels/details/533542278,TFA 542,Fishing vessel,533542278
/vessels/details/533191935,KHF 448,Fishing vessel,533191935
/vessels/details/533192579,SLFA 4042,Fishing vessel,533192579
/vessels/details/533908727,PKFA-5820WHO IM I,Fishing vessel,533908727
/vessels/details/533018117,LR 25 C28,Fishing vessel,533018117
/vessels/details/533190323,SF2 2080,Fishing vessel,533190323
/vessels/details/533123123,SH,Fishing vessel,533123123
/vessels/details/533192584,SLFA 4416,Fishing vessel,533192584
/vessels/details/533037565,1739,Fishing vessel,533037565
/vessels/details/533642516,P-MUAN,Fishing vessel,533642516
/vessels/details/533005099,EAGLE POWER,Fishing vessel,533005099
/vessels/details/533193497,PKFA 3325,Fishing vessel,533193497
/vessels/details/533908724,JHF6546,Fishing vessel,533908724
/vessels/details/533343774,SH,Fishing vessel,533343774
/vessels/details/533191776,SLFA 3487,Fishing vessel,533191776
/vessels/details/533092599,HG,Fishing vessel,533092599
/vessels/details/533123119,PU VA SINGEL46,Fishing vessel,533123119
/vessels/details/533193241,PSF 2388,Fishing vessel,533193241
/vessels/details/533343241,PKFB1504,Fishing vessel,533343241
/vessels/details/533010294,HG,Fishing vessel,533010294
/vessels/details/533190001,JHF 8878TTAI NGEP,Fishing vessel,533190001
/vessels/details/533563909,- MT,Fishing vessel,533563909
/vessels/details/533190133,SLFA 4699,Fishing vessel,533190133
/vessels/details/533192395,PKFB163,Fishing vessel,533192395
/vessels/details/533201716,KM CTW 08 BANG UNYIL,Fishing vessel,533201716
/vessels/details/533112874,HG,Fishing vessel,533112874
/vessels/details/533312030,PKFB1739,Fishing vessel,533312030
/vessels/details/533092948,KNF,Fishing vessel,533092948
/vessels/details/533111024,TRF-1024 WANG LAI,Fishing vessel,533111024
/vessels/details/533191311,PPF 1050,Fishing vessel,533191311
/vessels/details/533191991,KHF 1331,Fishing vessel,533191991
/vessels/details/533110733,JAYA 27,Fishing vessel,533110733
/vessels/details/533347712,SH,Fishing vessel,533347712
/vessels/details/533951903,PKFB1903,Fishing vessel,533951903
/vessels/details/533340404,TRF 1400,Fishing vessel,533340404
/vessels/details/533347523,PAF4339,Fishing vessel,533347523
/vessels/details/533342122,SH,Fishing vessel,533342122
/vessels/details/533150195,WAI YAN LAY 772,Fishing vessel,533150195
/vessels/details/533092596,HG,Fishing vessel,533092596
/vessels/details/533335555,TRF 2A27,Fishing vessel,533335555
/vessels/details/533912750,KHF2108,Fishing vessel,533912750
/vessels/details/533909943,PKFB1932,Fishing vessel,533909943
/vessels/details/533348172,1938TAILAN,Fishing vessel,533348172
/vessels/details/533193895,PKFA7978,Fishing vessel,533193895
/vessels/details/533910311,SH,Fishing vessel,533910311
/vessels/details/533191727,SLFA 4602,Fishing vessel,533191727
/vessels/details/533192785,PKFA 9153,Fishing vessel,533192785
/vessels/details/533194122,PKFA 260,Fishing vessel,533194122
/vessels/details/533110127,SF3-2716,Fishing vessel,533110127
/vessels/details/533093185,HG,Fishing vessel,533093185
/vessels/details/533190629,SLFA 5086,Fishing vessel,533190629
/vessels/details/533347896,JHFA111T,Fishing vessel,533347896
/vessels/details/533010270,HG,Fishing vessel,533010270
/vessels/details/533902226,SURIYA 2226,Fishing vessel,533902226
/vessels/details/533192874,PKFA 7754,Fishing vessel,533192874
/vessels/details/533192749,SLFA 4128,Fishing vessel,533192749
/vessels/details/533192683,SF2 95,Fishing vessel,533192683
/vessels/details/533192017,KF 5499,Fishing vessel,533192017
/vessels/details/533111098,TRF-1098 WANG LAI,Fishing vessel,533111098
/vessels/details/533342515,SH2515NGWRQM,Fishing vessel,533342515
/vessels/details/533191513,BN 998 4 F,Fishing vessel,533191513
/vessels/details/533192532,SLFA 4806,Fishing vessel,533192532
/vessels/details/533560027,KNFC9C0 -,Fishing vessel,533560027
/vessels/details/533910031,JHFA438T,Fishing vessel,533910031
/vessels/details/533912785,JHF5183,Fishing vessel,533912785
/vessels/details/533193682,PKFB 1492,Fishing vessel,533193682
/vessels/details/533340009,NA MIN ZAW 7881,Fishing vessel,533340009
/vessels/details/533133483,RED HUNTER MARINE,Fishing vessel,533133483
/vessels/details/533347889,SH,Fishing vessel,533347889
/vessels/details/533002538,PHU BAW THAU,Fishing vessel,533002538
/vessels/details/533092890,HG,Fishing vessel,533092890
/vessels/details/533192145,PKFA8654,Fishing vessel,533192145
/vessels/details/533012345,SH,Fishing vessel,533012345
/vessels/details/533912505,PKFB1986,Fishing vessel,533912505
/vessels/details/533340461,PKFB1595JAPSA,Fishing vessel,533340461
/vessels/details/533200918,HG,Fishing vessel,533200918
/vessels/details/7944786,TUNKU LAUT,Fishing Vessel,7944786
/vessels/details/533912796,SH,Fishing vessel,533912796
/vessels/details/533194012,PKFB 234,Fishing vessel,533194012
/vessels/details/533191541,SSK00550F,Fishing vessel,533191541
/vessels/details/533193505,PKFA4071,Fishing vessel,533193505
/vessels/details/533340467,SH,Fishing vessel,533340467
/vessels/details/533068834,KNF909,Fishing vessel,533068834
/vessels/details/533192926,PKFA 3874,Fishing vessel,533192926
/vessels/details/533191538,TAU 38C11,Fishing vessel,533191538
/vessels/details/533193227,PKFB 223,Fishing vessel,533193227
/vessels/details/533908592,SH,Fishing vessel,533908592
/vessels/details/533405743,RMN WARSHIP 14,Fishing vessel,533405743
/vessels/details/533190718,PAF 4253,Fishing vessel,533190718
/vessels/details/533192711,SLFA 4672,Fishing vessel,533192711
/vessels/details/533910412,PKFB1950,Fishing vessel,533910412
/vessels/details/533252519,SENG-THAI- KH 2519,Fishing vessel,533252519
/vessels/details/533193635,PKFA 898,Fishing vessel,533193635
/vessels/details/533912495,SH,Fishing vessel,533912495
/vessels/details/533192957,PKFA7742,Fishing vessel,533192957
/vessels/details/533193035,PKFA 6877,Fishing vessel,533193035
/vessels/details/533111804,SF2-804 WANG LAI,Fishing vessel,533111804
/vessels/details/533191704,TRF1234,Fishing vessel,533191704
/vessels/details/533191974,KHF 1288,Fishing vessel,533191974
/vessels/details/533194055,PK 2836 F,Fishing vessel,533194055
/vessels/details/533129832,PKFB1198,Fishing vessel,533129832
/vessels/details/533192212,KNF 7031,Fishing vessel,533192212
/vessels/details/533909539,SH,Fishing vessel,533909539
/vessels/details/533192719,SLFA 4644,Fishing vessel,533192719
/vessels/details/533193696,PKFB 1030,Fishing vessel,533193696
/vessels/details/533193636,PKFB432,Fishing vessel,533193636
/vessels/details/533466987,DAU LUOI B15 36,Fishing vessel,533466987
/vessels/details/533193533,PKFA7330,Fishing vessel,533193533
/vessels/details/533343251,SH,Fishing vessel,533343251
/vessels/details/533192995,PKFA9110,Fishing vessel,533192995
/vessels/details/533910795,SH,Fishing vessel,533910795
/vessels/details/533114379,SLFA4379CAITUNG CITY,Fishing vessel,533114379
/vessels/details/533200000,TRF686,Fishing vessel,533200000
/vessels/details/533912526,JHF2526 T SENG 68,Fishing vessel,533912526
/vessels/details/533193174,PKFA 8761,Fishing vessel,533193174
/vessels/details/533010354,PKFB1459,Fishing vessel,533010354
/vessels/details/533190498,PKFB 973,Fishing vessel,533190498
/vessels/details/533193868,PK5131F,Fishing vessel,533193868
/vessels/details/533192154,PKFA9151,Fishing vessel,533192154
/vessels/details/533113024,LM 09KIM NGAN2 B31,Fishing vessel,533113024
/vessels/details/533193447,PKFA1983,Fishing vessel,533193447
/vessels/details/533911693,PA4852,Fishing vessel,533911693
/vessels/details/533200924,DORY,Fishing vessel,533200924
/vessels/details/533108151,84,Fishing vessel,533108151
/vessels/details/533346903,SH,Fishing vessel,533346903
/vessels/details/533344987,PAF5000 U1,Fishing vessel,533344987
/vessels/details/533089489,HT-19BAN2,Fishing vessel,533089489
/vessels/details/533919179,PAF 4896 T0AN,Fishing vessel,533919179
/vessels/details/533190691,JHF 2828 T,Fishing vessel,533190691
/vessels/details/533119769,THAT KO,Fishing vessel,533119769
/vessels/details/533190269,JHF 2375 T,Fishing vessel,533190269
/vessels/details/533191009,SF2 797,Fishing vessel,533191009
/vessels/details/533092597,PKFB2059,Fishing vessel,533092597
/vessels/details/533013000,TRF1007,Fishing vessel,533013000
/vessels/details/533901760,JHF9308,Fishing vessel,533901760
/vessels/details/533191885,KHF 1787,Fishing vessel,533191885
/vessels/details/533111688,KNF7278LAHK,Fishing vessel,533111688
/vessels/details/533341637,PKFB 1637 U,Fishing vessel,533341637
/vessels/details/533909371,P-MUAN,Fishing vessel,533909371
/vessels/details/533911308,SH,Fishing vessel,533911308
/vessels/details/533908925,PSF 1882 U,Fishing vessel,533908925
/vessels/details/7343425,LANGKAWI TUNA 1,Fishing Vessel,7343425
/vessels/details/533192717,SLFA 4175,Fishing vessel,533192717
/vessels/details/533201823,NAY THUSLFA4712,Fishing vessel,533201823
/vessels/details/533193621,PKFA892,Fishing vessel,533193621
/vessels/details/533224141,LD 127 5 F,Fishing vessel,533224141
/vessels/details/533192885,PKFA 9054,Fishing vessel,533192885
/vessels/details/533347898,PSF 2543,Fishing vessel,533347898
/vessels/details/533191755,SLFA 3995,Fishing vessel,533191755
/vessels/details/533912502,PKFA8221,Fishing vessel,533912502
/vessels/details/533191544,SSK00311F,Fishing vessel,533191544
/vessels/details/533787879,1859PO VEASNA,Fishing vessel,533787879
/vessels/details/533401401,MAHAGARP,Fishing vessel,533401401
/vessels/details/533193738,PKFB 95,Fishing vessel,533193738
/vessels/details/533132264,REEL CRAZY,Fishing vessel,533132264
/vessels/details/533341821,PKFB 1821,Fishing vessel,533341821
/vessels/details/533193915,PKFA 9150,Fishing vessel,533193915
/vessels/details/533194043,PKFA 1222,Fishing vessel,533194043
/vessels/details/533340045,BANYAR TUN811,Fishing vessel,533340045
/vessels/details/533191927,KHF 368,Fishing vessel,533191927
/vessels/details/533340016,SH..MUHAMMAD..SYAWAL,Fishing vessel,533340016
/vessels/details/533340015,SH,Fishing vessel,533340015
/vessels/details/533031739,PKFB1739,Fishing vessel,533031739
/vessels/details/533908919,KHF2223,Fishing vessel,533908919
/vessels/details/533190666,PAF 4279,Fishing vessel,533190666
/vessels/details/533191705,JHF 1386 B,Fishing vessel,533191705
/vessels/details/533391739,PKFB1739,Fishing vessel,533391739
/vessels/details/533912158,SH,Fishing vessel,533912158
/vessels/details/533911838,CHIT OO 7781,Fishing vessel,533911838
/vessels/details/533093289,JHFT,Fishing vessel,533093289
/vessels/details/533903583,KHF2668,Fishing vessel,533903583
/vessels/details/533991659,PKFB1659,Fishing vessel,533991659
/vessels/details/533110734,JAYA 28,Fishing vessel,533110734
/vessels/details/533912795,SH,Fishing vessel,533912795
/vessels/details/533190894,PKFB 360,Fishing vessel,533190894
/vessels/details/533193118,PKFB 629,Fishing vessel,533193118
/vessels/details/533200797,JHFA468T,Fishing vessel,533200797
/vessels/details/533192893,PKFB 10,Fishing vessel,533192893
/vessels/details/533333095,KHA YANG NO95,Fishing vessel,533333095
/vessels/details/533193092,PKFA 9772,Fishing vessel,533193092
/vessels/details/533193395,PKFA 1270,Fishing vessel,533193395
/vessels/details/533009276,TRF 1268,Fishing vessel,533009276
/vessels/details/533192003,KHF 1265,Fishing vessel,533192003
/vessels/details/533110085,SH,Fishing vessel,533110085
/vessels/details/533192938,PKFA7152,Fishing vessel,533192938
/vessels/details/533192078,PKFA 8415,Fishing vessel,533192078
/vessels/details/533681333,JHF1333T SENG68,Fishing vessel,533681333
/vessels/details/533347975,PKFB 763,Fishing vessel,533347975
/vessels/details/533190525,PKFA9088,Fishing vessel,533190525
/vessels/details/533009544,BIG BITE,Fishing vessel,533009544
/vessels/details/533911754,PKFB4669,Fishing vessel,533911754
/vessels/details/533902519,SENG-THAI- KH 2519,Fishing vessel,533902519
/vessels/details/533200925,PKFA 7952 SPIRIT,Fishing vessel,533200925
/vessels/details/533111551,TRF-551 WANG LAI,Fishing vessel,533111551
/vessels/details/533912789,KHF2500,Fishing vessel,533912789
/vessels/details/533311878,SH,Fishing vessel,533311878
/vessels/details/533191741,SLFA 5105,Fishing vessel,533191741
/vessels/details/533678221,PKFA8221,Fishing vessel,533678221
/vessels/details/533911759,SH,Fishing vessel,533911759
/vessels/details/533191764,SLFA 4711,Fishing vessel,533191764
/vessels/details/533346622,KHF5195,Fishing vessel,533346622
/vessels/details/533191884,KHF 1348,Fishing vessel,533191884
/vessels/details/533901784,JHFA438T,Fishing vessel,533901784
/vessels/details/533909001,NT 2811,Fishing vessel,533909001
/vessels/details/533909445,JHFA1269T,Fishing vessel,533909445
/vessels/details/533312000,LUMUT,Fishing vessel,533312000
/vessels/details/533193197,PKFA 7734,Fishing vessel,533193197
/vessels/details/533190381,PKFB685,Fishing vessel,533190381
/vessels/details/533651972,U LAY SEIN 1972,Fishing vessel,533651972
/vessels/details/533910224,PKFB1513,Fishing vessel,533910224
/vessels/details/533903581,KHF1819,Fishing vessel,533903581
/vessels/details/533339856,THET LWIN NLD GZ,Fishing vessel,533339856
/vessels/details/533192386,PKFA 8673,Fishing vessel,533192386
/vessels/details/533193873,PKFA 3062,Fishing vessel,533193873
/vessels/details/533193747,PKFB 975,Fishing vessel,533193747
/vessels/details/533346892,SH,Fishing vessel,533346892
/vessels/details/533340372,SH,Fishing vessel,533340372
/vessels/details/533007905,KNF 7905 S40 B1,Fishing vessel,533007905
/vessels/details/533959999,SAI A27,Fishing vessel,533959999
/vessels/details/533193515,PKFB1119,Fishing vessel,533193515
/vessels/details/533193223,PKFB 1113,Fishing vessel,533193223
/vessels/details/533193446,PKFA 923,Fishing vessel,533193446
/vessels/details/533911276,SH,Fishing vessel,533911276
/vessels/details/533346000,PPF1739,Fishing vessel,533346000
/vessels/details/533345481,SH,Fishing vessel,533345481
/vessels/details/533991931,PKFB 31,Fishing vessel,533991931
/vessels/details/533901777,PAF4653,Fishing vessel,533901777
/vessels/details/533193584,PKFA 7935,Fishing vessel,533193584
/vessels/details/533192109,PKFA7595,Fishing vessel,533192109
/vessels/details/533116798,KNF6798,Fishing vessel,533116798
/vessels/details/533384803,PAF 4803 F,Fishing vessel,533384803
/vessels/details/533911757,PKFB1598,Fishing vessel,533911757
/vessels/details/533193244,SF1 4829,Fishing vessel,533193244
/vessels/details/533901460,JHF A 460 T,Fishing vessel,533901460
/vessels/details/533346048,SH1545U,Fishing vessel,533346048
/vessels/details/533997111,SHF,Fishing vessel,533997111
/vessels/details/533176919,KHF1983,Fishing vessel,533176919
/vessels/details/533193974,JHFA 477 B,Fishing vessel,533193974
/vessels/details/533933933,PKFB 933,Fishing vessel,533933933
/vessels/details/533342089,SH 2089,Fishing vessel,533342089
/vessels/details/533190552,SLFA 4863,Fishing vessel,533190552
/vessels/details/533192828,PKFA 9961,Fishing vessel,533192828
/vessels/details/533908921,SH,Fishing vessel,533908921
/vessels/details/533908784,PAF4747,Fishing vessel,533908784
/vessels/details/533001295,I,Fishing vessel,533001295
/vessels/details/533190952,PKFA 8978,Fishing vessel,533190952
/vessels/details/533192422,SLFA 4337,Fishing vessel,533192422
/vessels/details/533001298,NO LOGO 31. CH15A,Fishing vessel,533001298
/vessels/details/533911683,SH,Fishing vessel,533911683
/vessels/details/533192744,SLFA3748,Fishing vessel,533192744
/vessels/details/533012067,PKFSAMINGDONG2067,Fishing vessel,533012067
/vessels/details/533192757,SLFA 4527,Fishing vessel,533192757
/vessels/details/533201388,JHFA388T,Fishing vessel,533201388
/vessels/details/533192542,SLFA 4999,Fishing vessel,533192542
/vessels/details/533195085,PAF 5085,Fishing vessel,533195085
/vessels/details/533909941,SLFA5265,Fishing vessel,533909941
/vessels/details/533344986,SOE LWIN 5236,Fishing vessel,533344986
/vessels/details/533346891,TRF1357,Fishing vessel,533346891
/vessels/details/533348236,PKFB1772,Fishing vessel,533348236
/vessels/details/533911689,SH,Fishing vessel,533911689
/vessels/details/533666668,SUPER BIG 668,Fishing vessel,533666668
/vessels/details/533193087,PKFA 9687,Fishing vessel,533193087
/vessels/details/533191787,SLFA 4548,Fishing vessel,533191787
/vessels/details/533191926,KHF 358,Fishing vessel,533191926
/vessels/details/533900968,JHF7009U1,Fishing vessel,533900968
/vessels/details/533905000,PAF5000,Fishing vessel,533905000
/vessels/details/533192411,PPF 412,Fishing vessel,533192411
/vessels/details/533010264,HG,Fishing vessel,533010264
/vessels/details/533685309,JERDAN5309,Fishing vessel,533685309
/vessels/details/533347525,KHF1332U,Fishing vessel,533347525
/vessels/details/533938938,PKFB938,Fishing vessel,533938938
/vessels/details/533992359,59 GHE 0C B 21,Fishing vessel,533992359
/vessels/details/533193782,PKFB 1325,Fishing vessel,533193782
/vessels/details/533974456,JHF6935,Fishing vessel,533974456
/vessels/details/533333399,KHA YANG 399,Fishing vessel,533333399
/vessels/details/533909101,KHF2282 U.,Fishing vessel,533909101
/vessels/details/533900982,PKFB.1631.FREEBIRD,Fishing vessel,533900982
/vessels/details/533901786,JHF5368TTAI LAR 7C,Fishing vessel,533901786
/vessels/details/533190389,PKFB 68,Fishing vessel,533190389
/vessels/details/533192933,PKFA 7051,Fishing vessel,533192933
/vessels/details/533193816,PK 9035 F,Fishing vessel,533193816
/vessels/details/533910222,TRF1000,Fishing vessel,533910222
/vessels/details/533345278,SH3302,Fishing vessel,533345278
/vessels/details/533912499,MAHAGARP,Fishing vessel,533912499
/vessels/details/533901769,PAF4493,Fishing vessel,533901769
/vessels/details/533910235,PKFB1950,Fishing vessel,533910235
/vessels/details/533113865,SF1-3865 WANG LAI,Fishing vessel,533113865
/vessels/details/533130412,CRANCHI41,Fishing vessel,533130412
/vessels/details/533244961,PA DOM 9661,Fishing vessel,533244961
/vessels/details/533193097,PKFB1050,Fishing vessel,533193097
/vessels/details/533911648,TRF1246,Fishing vessel,533911648
/vessels/details/533891793,PKFBSOTHY1793,Fishing vessel,533891793
/vessels/details/533200793,PKFB 729,Fishing vessel,533200793
/vessels/details/533720000,NHU QUYNH CAOD0I C17,Fishing vessel,533720000
/vessels/details/533190793,PAF 4716,Fishing vessel,533190793
/vessels/details/533190555,SLFA 3445,Fishing vessel,533190555
/vessels/details/533908364,JHFA4559T,Fishing vessel,533908364
/vessels/details/533192448,ROBIN 9,Fishing vessel,533192448
/vessels/details/533193498,PKFB 902,Fishing vessel,533193498
/vessels/details/533911697,4136,Fishing vessel,533911697
/vessels/details/533093280,KNF 7819,Fishing vessel,533093280
/vessels/details/533004239,PKFB1739,Fishing vessel,533004239
/vessels/details/533193694,PKFB1025,Fishing vessel,533193694
/vessels/details/533211838,PKFB 1838,Fishing vessel,533211838
/vessels/details/533191757,SLFA 4782,Fishing vessel,533191757
/vessels/details/533010342,HG,Fishing vessel,533010342
/vessels/details/533181818,TRF,Fishing vessel,533181818
/vessels/details/533010327,HG,Fishing vessel,533010327
/vessels/details/533300032,PSF 2.5.3.2,Fishing vessel,533300032
/vessels/details/533201406,LUOI XU C24,Fishing vessel,533201406
/vessels/details/533912338,SH,Fishing vessel,533912338
/vessels/details/533192963,PKFA 7846,Fishing vessel,533192963
/vessels/details/533347893,PAF4487,Fishing vessel,533347893
/vessels/details/533909444,JHFA280 T,Fishing vessel,533909444
/vessels/details/533908786,PSF1164,Fishing vessel,533908786
/vessels/details/533192695,SF3 231,Fishing vessel,533192695
/vessels/details/533191723,SLFA 4526,Fishing vessel,533191723
/vessels/details/533908447,SH,Fishing vessel,533908447
/vessels/details/533192334,JHF 9879 B,Fishing vessel,533192334
/vessels/details/533191703,JHF 2161 T,Fishing vessel,533191703
/vessels/details/533190000,JHF 8876 T,Fishing vessel,533190000
/vessels/details/533193737,PKFB 1164,Fishing vessel,533193737
/vessels/details/533231523,66 E31,Fishing vessel,533231523
/vessels/details/533191732,SLFA 4865,Fishing vessel,533191732
/vessels/details/533910012,SH,Fishing vessel,533910012
/vessels/details/533911672,SLFA 5072,Fishing vessel,533911672
/vessels/details/533190313,PKFB 1709,Fishing vessel,533190313
/vessels/details/533911769,ADBCEE,Fishing vessel,533911769
/vessels/details/533110609,IBU WIRA 2,Fishing vessel,533110609
/vessels/details/533910049,PKFB 1520,Fishing vessel,533910049
/vessels/details/533611055,JHF2337T,Fishing vessel,533611055
/vessels/details/533575576,CAU L0I 60 F 33,Fishing vessel,533575576
/vessels/details/533190157,SLFA 4614,Fishing vessel,533190157
/vessels/details/533194123,PKFB 1220,Fishing vessel,533194123
/vessels/details/533201825,HG,Fishing vessel,533201825
/vessels/details/7305916,CEMERLANG 3,Fishing Vessel,7305916
/vessels/details/533444555,PK45,Fishing vessel,533444555
/vessels/details/533192927,PKFA4384,Fishing vessel,533192927
/vessels/details/533903584,PSF1551,Fishing vessel,533903584
/vessels/details/533114742,SF1-4742 WANG LAI,Fishing vessel,533114742
/vessels/details/533190292,SLFA 4709,Fishing vessel,533190292
/vessels/details/533193553,PKFA7924,Fishing vessel,533193553
/vessels/details/533192526,SLFA4719,Fishing vessel,533192526
/vessels/details/533200922,HG,Fishing vessel,533200922
/vessels/details/533192522,SLFA4410,Fishing vessel,533192522
/vessels/details/533912782,FIVE EIGHT,Fishing vessel,533912782
/vessels/details/533910226,SH,Fishing vessel,533910226
/vessels/details/533254609,33 KHANH THANG 1,Fishing vessel,533254609
/vessels/details/533908778,JHF 8778,Fishing vessel,533908778
/vessels/details/533193053,PKFA 8340,Fishing vessel,533193053
/vessels/details/533346898,PKFB 1736 BUNCHUAI,Fishing vessel,533346898
/vessels/details/533912725,PAF4303,Fishing vessel,533912725
/vessels/details/533342124,SH,Fishing vessel,533342124
/vessels/details/533191686,TRF 787,Fishing vessel,533191686
/vessels/details/533340014,SH,Fishing vessel,533340014
/vessels/details/533192879,PKFA 8765,Fishing vessel,533192879
/vessels/details/533101739,1739,Fishing vessel,533101739
/vessels/details/533193748,PKFB 1187,Fishing vessel,533193748
/vessels/details/533211323,PKFB1323,Fishing vessel,533211323
/vessels/details/533111482,PK1482 KUP TAN HI,Fishing vessel,533111482
/vessels/details/533155216,KERISI MARINE,Fishing vessel,533155216
/vessels/details/533192147,PKFA8725,Fishing vessel,533192147
/vessels/details/533110725,JAYA 19,Fishing vessel,533110725
/vessels/details/533192249,PAF 4152,Fishing vessel,533192249
/vessels/details/533561805,JHF8788,Fishing vessel,533561805
/vessels/details/533915110,PT.ASLI,Fishing vessel,533915110
/vessels/details/533910225,PKFBU1887,Fishing vessel,533910225
/vessels/details/533911977,KO PAI FA 826,Fishing vessel,533911977
/vessels/details/533341337,PKFB1337,Fishing vessel,533341337
/vessels/details/533190435,SLFA 5016,Fishing vessel,533190435
/vessels/details/533133028,HALLELUJAH,Fishing vessel,533133028
/vessels/details/533903582,NAYOOG5079,Fishing vessel,533903582
/vessels/details/533191728,SLFA 4626,Fishing vessel,533191728
/vessels/details/533200791,HG,Fishing vessel,533200791
/vessels/details/533000735,KNF7714,Fishing vessel,533000735
/vessels/details/533200931,HG,Fishing vessel,533200931
/vessels/details/533210036,HG,Fishing vessel,533210036
/vessels/details/533908713,KNF 7483,Fishing vessel,533908713
/vessels/details/533010328,SONG,Fishing vessel,533010328
/vessels/details/533301340,SH,Fishing vessel,533301340
/vessels/details/533348177,888,Fishing vessel,533348177
/vessels/details/533121212,JHF 9 A27,Fishing vessel,533121212
/vessels/details/533190394,PKFA 9179,Fishing vessel,533190394
/vessels/details/533778779,KHE - 62,Fishing vessel,533778779
/vessels/details/533347983,JHFA398T,Fishing vessel,533347983
/vessels/details/533110123,KHF 2060 A15,Fishing vessel,533110123
/vessels/details/533192479,SLFA 3361,Fishing vessel,533192479
/vessels/details/533112166,U ONE ONE KHF 2166,Fishing vessel,533112166
/vessels/details/533908597,KHF2528,Fishing vessel,533908597
/vessels/details/533193055,PKFA 8418,Fishing vessel,533193055
/vessels/details/533586940,KH 2532,Fishing vessel,533586940
/vessels/details/533912078,WI WEE WHAN 2078,Fishing vessel,533912078
/vessels/details/533912157,KF2362,Fishing vessel,533912157
/vessels/details/533193606,PKFB 796,Fishing vessel,533193606
/vessels/details/533194013,TRF 368,Fishing vessel,533194013
/vessels/details/533910489,KNF11,Fishing vessel,533910489
/vessels/details/533825553,KNF7422,Fishing vessel,533825553
/vessels/details/533200917,SH,Fishing vessel,533200917
/vessels/details/533193357,TRF 1051,Fishing vessel,533193357
/vessels/details/533191788,SLFA 4682,Fishing vessel,533191788
/vessels/details/533010337,2262H,Fishing vessel,533010337
/vessels/details/533201018,CH,Fishing vessel,533201018
/vessels/details/533110087,MINTER,Fishing vessel,533110087
/vessels/details/533190961,PKFB447,Fishing vessel,533190961
/vessels/details/533191516,SN 6498 4 F,Fishing vessel,533191516
/vessels/details/533378787,KHF U 2683,Fishing vessel,533378787
/vessels/details/533912218,JHF7309T,Fishing vessel,533912218
/vessels/details/533193527,PKFA 7268,Fishing vessel,533193527
/vessels/details/533193485,PKFA2905,Fishing vessel,533193485
/vessels/details/533111999,PKFB1199,Fishing vessel,533111999
/vessels/details/533093142,TRF,Fishing vessel,533093142
/vessels/details/533192699,PKFA 9746,Fishing vessel,533192699
/vessels/details/533347711,SH,Fishing vessel,533347711
/vessels/details/533826625,SH,Fishing vessel,533826625
/vessels/details/533193568,PKFA 9523,Fishing vessel,533193568
/vessels/details/533989898,KHFU2683,Fishing vessel,533989898
/vessels/details/533912497,SH,Fishing vessel,533912497
/vessels/details/533190794,PAF 4707,Fishing vessel,533190794
/vessels/details/533193878,PKFA4599,Fishing vessel,533193878
/vessels/details/533346620,TRF1107,Fishing vessel,533346620
/vessels/details/533345314,SH,Fishing vessel,533345314
/vessels/details/533900433,JHFA433T,Fishing vessel,533900433
/vessels/details/533000754,A 27,Fishing vessel,533000754
/vessels/details/533908852,KHF1316,Fishing vessel,533908852
/vessels/details/533192838,PKFB 1691,Fishing vessel,533192838
/vessels/details/533908735,SH,Fishing vessel,533908735
/vessels/details/533192814,PKFA 8995,Fishing vessel,533192814
/vessels/details/533322859,PKFB1859,Fishing vessel,533322859
/vessels/details/533122519,PKFB1931,Fishing vessel,533122519
/vessels/details/533251168,2371 JOOY JAI872,Fishing vessel,533251168
/vessels/details/533190255,SLFA 3467,Fishing vessel,533190255
/vessels/details/533193125,PKFB 1500,Fishing vessel,533193125
/vessels/details/533455689,KNF GH,Fishing vessel,533455689
/vessels/details/533193069,PKFA 8979,Fishing vessel,533193069
/vessels/details/533192534,SLFA 4822,Fishing vessel,533192534
/vessels/details/533221198,PKFB1198,Fishing vessel,533221198
/vessels/details/533910094,SH,Fishing vessel,533910094
/vessels/details/533200929,HG,Fishing vessel,533200929
/vessels/details/533343243,PKFB70,Fishing vessel,533343243
/vessels/details/533018852,RJ 4,Fishing vessel,533018852
/vessels/details/533193099,PKFB 1060,Fishing vessel,533193099
/vessels/details/533192851,PKFA9487,Fishing vessel,533192851
/vessels/details/533912219,JHF5399T,Fishing vessel,533912219
/vessels/details/533193791,PKFB 1491,Fishing vessel,533193791
/vessels/details/533193699,PKFB 1232,Fishing vessel,533193699
/vessels/details/533192388,PKFA 8929,Fishing vessel,533192388
/vessels/details/533100001,PAF4489,Fishing vessel,533100001
/vessels/details/533191742,SLFA 5132,Fishing vessel,533191742
/vessels/details/533094013,KNF909,Fishing vessel,533094013
/vessels/details/533190616,PKFB 767,Fishing vessel,533190616
/vessels/details/533910490,BANG MUHLL,Fishing vessel,533910490
/vessels/details/533908920,JHF6935,Fishing vessel,533908920
/vessels/details/533442276,KHF2276,Fishing vessel,533442276
/vessels/details/533190279,JHF 2402 T,Fishing vessel,533190279
/vessels/details/533193438,PKFA 8801,Fishing vessel,533193438
/vessels/details/533192758,SLFA 4687,Fishing vessel,533192758
/vessels/details/533191634,TRF 1116,Fishing vessel,533191634
/vessels/details/533191712,PKFA 8890,Fishing vessel,533191712
/vessels/details/533193451,PKFB 842,Fishing vessel,533193451
/vessels/details/533092767,HG,Fishing vessel,533092767
/vessels/details/533101369,KHF 1369NAING SAN,Fishing vessel,533101369
/vessels/details/533331983,1983,Fishing vessel,533331983
/vessels/details/533910327,SH,Fishing vessel,533910327
/vessels/details/533562780,HANTRF809 A29,Fishing vessel,533562780
/vessels/details/533192748,SLFA 4092,Fishing vessel,533192748
/vessels/details/533904835,PAF 4835 F,Fishing vessel,533904835
/vessels/details/533347638,SH,Fishing vessel,533347638
/vessels/details/533193059,PKFA 8694,Fishing vessel,533193059
/vessels/details/533193107,PKFB 574,Fishing vessel,533193107
/vessels/details/533190093,PKFB 865,Fishing vessel,533190093
/vessels/details/533194105,PKFA 7925,Fishing vessel,533194105
/vessels/details/533902042,SHENZHEN-2042,Fishing vessel,533902042
/vessels/details/533193181,PKFA 3597,Fishing vessel,533193181
/vessels/details/533193364,TFA 2425,Fishing vessel,533193364
/vessels/details/533193389,PKFA1244,Fishing vessel,533193389
/vessels/details/533191277,PPF 898,Fishing vessel,533191277
/vessels/details/533991719,PRAKAIWAN17199999,Fishing vessel,533991719
/vessels/details/533910039,PKFB 2086.U2,Fishing vessel,533910039
/vessels/details/533201019,K H F 315,Fishing vessel,533201019
/vessels/details/533193625,PKFA 8958,Fishing vessel,533193625
/vessels/details/533902325,JHFA 465.T,Fishing vessel,533902325
/vessels/details/533111531,SF2-531 WANG LAI,Fishing vessel,533111531
/vessels/details/533193413,PKFB 673,Fishing vessel,533193413
/vessels/details/533353527,48-NHU Y-F337SON,Fishing vessel,533353527
/vessels/details/533347973,PSF 1889,Fishing vessel,533347973
/vessels/details/533192355,JHF 1175 B,Fishing vessel,533192355
/vessels/details/533210068,HG,Fishing vessel,533210068
/vessels/details/533093948,TRF 1350,Fishing vessel,533093948
/vessels/details/533193627,PKFA 8961,Fishing vessel,533193627
/vessels/details/533090902,PAF4602,Fishing vessel,533090902
/vessels/details/533094132,HG,Fishing vessel,533094132
/vessels/details/533147000,U CHIT 4860,Fishing vessel,533147000
/vessels/details/533193705,PKFB 894,Fishing vessel,533193705
/vessels/details/533902320,JHFA266T,Fishing vessel,533902320
/vessels/details/533180456,TAU 87 A5Z,Fishing vessel,533180456
/vessels/details/533010340,KHF2552,Fishing vessel,533010340
/vessels/details/533190367,SLFA 5077,Fishing vessel,533190367
/vessels/details/533110721,JAYA15,Fishing vessel,533110721
/vessels/details/533981739,PKFB1739,Fishing vessel,533981739
/vessels/details/533908590,PKFB1534,Fishing vessel,533908590
/vessels/details/533192947,PKFA 7586,Fishing vessel,533192947
/vessels/details/533002364,2364,Fishing vessel,533002364
/vessels/details/533910746,RON ROEUN 746,Fishing vessel,533910746
/vessels/details/533191146,JHF 6099B,Fishing vessel,533191146
/vessels/details/533010329,PKFB 2079,Fishing vessel,533010329
/vessels/details/533192718,SLFA 4361,Fishing vessel,533192718
/vessels/details/533201260,HG,Fishing vessel,533201260
/vessels/details/533909311,MALAYSIA PKFB755,Fishing vessel,533909311
/vessels/details/533202010,TRF 1032,Fishing vessel,533202010
/vessels/details/533334444,KNF 7850 A 27,Fishing vessel,533334444
/vessels/details/533902575,KHF 2575 U,Fishing vessel,533902575
/vessels/details/533910042,PKFB2091,Fishing vessel,533910042
/vessels/details/533391485,PKFB 1485,Fishing vessel,533391485
/vessels/details/533150082,JHSR7202T,Fishing vessel,533150082
/vessels/details/533193691,PKFB797,Fishing vessel,533193691
/vessels/details/533991751,KHF 1751,Fishing vessel,533991751
/vessels/details/533194818,WINKYAWOO PKFA4818,Fishing vessel,533194818
/vessels/details/533192991,PKFA 8935,Fishing vessel,533192991
/vessels/details/533111052,KNF7727,Fishing vessel,533111052
/vessels/details/533333009,KHA YANG 9,Fishing vessel,533333009
/vessels/details/533538538,PHU BAW THEA,Fishing vessel,533538538
/vessels/details/533910027,PKFB 1787,Fishing vessel,533910027
/vessels/details/533131835,PKFB U 835,Fishing vessel,533131835
/vessels/details/533193106,PKFB 281,Fishing vessel,533193106
/vessels/details/533768768,DOAISTRI768,Fishing vessel,533768768
/vessels/details/7910371,REEF EXPLORER,Fishing Vessel,7910371
/vessels/details/533826622,SH,Fishing vessel,533826622
/vessels/details/533192443,PPF 372,Fishing vessel,533192443
/vessels/details/533193319,TRF 1216,Fishing vessel,533193319
/vessels/details/533191717,SLFA 4016,Fishing vessel,533191717
/vessels/details/533912490,KHFU2683,Fishing vessel,533912490
/vessels/details/533133297,SJN 01822 X,Fishing vessel,533133297
/vessels/details/533193235,PKFB 167,Fishing vessel,533193235
/vessels/details/533192387,PKFA8908,Fishing vessel,533192387
/vessels/details/533190442,JHF 7248 T,Fishing vessel,533190442
/vessels/details/533192955,PKFA7657,Fishing vessel,533192955
/vessels/details/533902112,JHF A 112 T,Fishing vessel,533902112
/vessels/details/533193549,PKFA 7897,Fishing vessel,533193549
/vessels/details/533110727,JAYA 22,Fishing vessel,533110727
/vessels/details/533192853,PKFA 9731,Fishing vessel,533192853
/vessels/details/533331165,KHF1165 U,Fishing vessel,533331165
/vessels/details/533192625,SF2 72,Fishing vessel,533192625
/vessels/details/533190976,PKFB735,Fishing vessel,533190976
/vessels/details/533098400,PKFB1951 SARI,Fishing vessel,533098400
/vessels/details/533010330,HG,Fishing vessel,533010330
/vessels/details/533909437,PKFA9974...LIVERP00L,Fishing vessel,533909437
/vessels/details/533002433,PSF2433,Fishing vessel,533002433
/vessels/details/533908782,JHFA469T,Fishing vessel,533908782
/vessels/details/533192547,SLFA 5122,Fishing vessel,533192547
/vessels/details/533150131,SEA STAR SEDELI,Fishing vessel,533150131
/vessels/details/533191919,PAF,Fishing vessel,533191919
/vessels/details/533195083,SLFA 83-91,Fishing vessel,533195083
/vessels/details/533192506,SLFA 4225,Fishing vessel,533192506
/vessels/details/533193811,PKFB817,Fishing vessel,533193811
/vessels/details/533192264,PAF 4623,Fishing vessel,533192264
/vessels/details/533192883,PKFA 8997,Fishing vessel,533192883
/vessels/details/533194101,PKFB 689,Fishing vessel,533194101
/vessels/details/533908449,PPF2006,Fishing vessel,533908449
/vessels/details/533914919,JHF 4919 T,Fishing vessel,533914919
/vessels/details/533912068,SHTONG821,Fishing vessel,533912068
/vessels/details/533192065,PKFB141,Fishing vessel,533192065
/vessels/details/533192845,SLFA 4674,Fishing vessel,533192845
/vessels/details/533191298,SLFA 4639,Fishing vessel,533191298
/vessels/details/533192474,SLFA 3280,Fishing vessel,533192474
/vessels/details/533123467,TRF1268,Fishing vessel,533123467
/vessels/details/533193086,PKFA 9577,Fishing vessel,533193086
/vessels/details/533911690,KF2362,Fishing vessel,533911690
/vessels/details/533110723,JAYA 17,Fishing vessel,533110723
/vessels/details/533192441,PPF 360,Fishing vessel,533192441
/vessels/details/533192944,PKFA 7551,Fishing vessel,533192944
/vessels/details/533192829,PKFB 1021,Fishing vessel,533192829
/vessels/details/533107646,TRF1411,Fishing vessel,533107646
/vessels/details/533150032,JHS426T,Fishing vessel,533150032
/vessels/details/533901124,PKFB1615,Fishing vessel,533901124
/vessels/details/533902310,PKFB1649,Fishing vessel,533902310
/vessels/details/533901768,JHF9515T,Fishing vessel,533901768
/vessels/details/533192138,PKFA8435,Fishing vessel,533192138
/vessels/details/533900767,KHF2289,Fishing vessel,533900767
/vessels/details/533915001,MBAH DUKUN,Fishing vessel,533915001
/vessels/details/533191912,KHF 288,Fishing vessel,533191912
/vessels/details/533348024,PSF2495,Fishing vessel,533348024
/vessels/details/533193853,PKFA 9539,Fishing vessel,533193853
/vessels/details/533194068,JHF 5151 T,Fishing vessel,533194068
/vessels/details/533093184,HG,Fishing vessel,533093184
/vessels/details/533193079,PKFA9471,Fishing vessel,533193079
/vessels/details/533093283,PAFCUBU-,Fishing vessel,533093283
/vessels/details/533911753,PSF1078,Fishing vessel,533911753
/vessels/details/533193026,PK 4083 F,Fishing vessel,533193026
/vessels/details/533121391,PKFB1931,Fishing vessel,533121391
/vessels/details/533912075,KHF 2498 KYONG CITY,Fishing vessel,533912075
/vessels/details/533193072,PKFA 9004,Fishing vessel,533193072
/vessels/details/533192495,SLFA 4057,Fishing vessel,533192495
/vessels/details/533341175,HG,Fishing vessel,533341175
/vessels/details/533193936,I KNF 892,Fishing vessel,533193936
/vessels/details/533192626,SF2 132,Fishing vessel,533192626
/vessels/details/533347639,KO KO MG PKF 1973,Fishing vessel,533347639
/vessels/details/533193305,TRF975,Fishing vessel,533193305
/vessels/details/533192611,SF1 2901,Fishing vessel,533192611
/vessels/details/533192008,KF 4360,Fishing vessel,533192008
/vessels/details/533112343,HG,Fishing vessel,533112343
/vessels/details/533170797,MARINE HARVEST,Fishing vessel,533170797
/vessels/details/533192746,SLFA 3881,Fishing vessel,533192746
/vessels/details/533130702,FAJAR11,Fishing vessel,533130702
/vessels/details/533193116,PKFB364,Fishing vessel,533193116
/vessels/details/533000199,KN F7499,Fishing vessel,533000199
/vessels/details/533193875,PKFA3637,Fishing vessel,533193875
/vessels/details/533912212,PAF 4616,Fishing vessel,533912212
/vessels/details/533110729,JAYA 24,Fishing vessel,533110729
/vessels/details/533092761,HG,Fishing vessel,533092761
/vessels/details/533191841,KF 5406,Fishing vessel,533191841
/vessels/details/533348245,PKFB1990,Fishing vessel,533348245
/vessels/details/533192886,PKFA 9056,Fishing vessel,533192886
/vessels/details/533190514,PKFB 832,Fishing vessel,533190514
/vessels/details/533911670,PSF2441,Fishing vessel,533911670
/vessels/details/533176538,JHF423,Fishing vessel,533176538
/vessels/details/533131169,LYNX332227,Fishing vessel,533131169
/vessels/details/533912175,SH,Fishing vessel,533912175
/vessels/details/533210042,HG,Fishing vessel,533210042
/vessels/details/533110132,ZAW TUN,Fishing vessel,533110132
/vessels/details/533190192,PKFA8866,Fishing vessel,533190192
/vessels/details/533200795,HG,Fishing vessel,533200795
/vessels/details/533193081,PKFA9475,Fishing vessel,533193081
/vessels/details/533345283,PAF4644,Fishing vessel,533345283
/vessels/details/533826731,SH,Fishing vessel,533826731
/vessels/details/533192801,PKFA 8283,Fishing vessel,533192801
/vessels/details/533192772,SLFA 4951,Fishing vessel,533192772
/vessels/details/533191875,KHF 1269,Fishing vessel,533191875
/vessels/details/533581739,PKFB1739,Fishing vessel,533581739
/vessels/details/533010299,HG,Fishing vessel,533010299
/vessels/details/8977601,WASANA 318,Fishing Vessel,8977601
/vessels/details/533110728,JAVA 23,Fishing vessel,533110728
/vessels/details/533911306,SH,Fishing vessel,533911306
/vessels/details/533192889,PKFA 9596,Fishing vessel,533192889
/vessels/details/533194097,PKFA 8954,Fishing vessel,533194097
/vessels/details/533981222,1222,Fishing vessel,533981222
/vessels/details/533391883,PKFB1883 51,Fishing vessel,533391883
/vessels/details/533903580,KNF 7155,Fishing vessel,533903580
/vessels/details/533191709,PKFA 8791-87,Fishing vessel,533191709
/vessels/details/533912174,JHF2486T,Fishing vessel,533912174
/vessels/details/533193535,PKFA 7333,Fishing vessel,533193535
/vessels/details/533999821,821,Fishing vessel,533999821
/vessels/details/533191989,KHF 2368,Fishing vessel,533191989
/vessels/details/533191737,SLFA5083,Fishing vessel,533191737
/vessels/details/533192637,SF2 1366,Fishing vessel,533192637
/vessels/details/533911129,TEN UY 192,Fishing vessel,533911129
/vessels/details/533192912,PK2856F,Fishing vessel,533192912
/vessels/details/533122075,KF2075,Fishing vessel,533122075
/vessels/details/533193272,SLFA 5127,Fishing vessel,533193272
/vessels/details/533190267,JHF 2319 T,Fishing vessel,533190267
/vessels/details/533192646,SF3 230,Fishing vessel,533192646
/vessels/details/533193800,PKFB 885,Fishing vessel,533193800
/vessels/details/533909545,KHF2918,Fishing vessel,533909545
/vessels/details/533192766,SLFA 4796,Fishing vessel,533192766
/vessels/details/533190214,PAF 4125,Fishing vessel,533190214
/vessels/details/533092450,HP T95,Fishing vessel,533092450
/vessels/details/533130701,FAJAR13,Fishing vessel,533130701
/vessels/details/533193391,PKFB1222,Fishing vessel,533193391
/vessels/details/533345277,SH,Fishing vessel,533345277
/vessels/details/533193006,PKFB 1200,Fishing vessel,533193006
/vessels/details/533192868,PKFB 564,Fishing vessel,533192868
/vessels/details/533192214,KNF 7220,Fishing vessel,533192214
/vessels/details/533908440,SH 2039 U,Fishing vessel,533908440
/vessels/details/533826156,SH,Fishing vessel,533826156
/vessels/details/533001220,TRF1408,Fishing vessel,533001220
/vessels/details/533111668,SLFA4379PRANTALE,Fishing vessel,533111668
/vessels/details/533193573,PKFA7926,Fishing vessel,533193573
/vessels/details/533901672,PKEB 1672,Fishing vessel,533901672
/vessels/details/533192343,JHFA 358 B,Fishing vessel,533192343
/vessels/details/533192778,SLFA 5068,Fishing vessel,533192778
/vessels/details/533912077,PKFBU2037,Fishing vessel,533912077
/vessels/details/533901779,PKFB1778KOCHAU,Fishing vessel,533901779
/vessels/details/533108451,TRF1198U,Fishing vessel,533108451
/vessels/details/533192587,SLFA 4643,Fishing vessel,533192587
/vessels/details/533193229,PKFB 544,Fishing vessel,533193229
/vessels/details/533193063,PKFA 8756,Fishing vessel,533193063
/vessels/details/533908787,SH,Fishing vessel,533908787
/vessels/details/533911026,PKFB 1026,Fishing vessel,533911026
/vessels/details/533192892,PKFA 9736,Fishing vessel,533192892
/vessels/details/533912161,JHF5255T,Fishing vessel,533912161
/vessels/details/533311111,PSF 1882U2,Fishing vessel,533311111
/vessels/details/533912762,JHF5769T,Fishing vessel,533912762
/vessels/details/533897456,SOE THU PKFA 8904,Fishing vessel,533897456
/vessels/details/533192702,SLFA 4477,Fishing vessel,533192702
/vessels/details/533912160,SH,Fishing vessel,533912160
/vessels/details/533342125,PKFB770,Fishing vessel,533342125
/vessels/details/533911696,BRAYANG,Fishing vessel,533911696
/vessels/details/533348756,THONG 1263,Fishing vessel,533348756
/vessels/details/533345490,2068,Fishing vessel,533345490
/vessels/details/533985933,PKFB1739,Fishing vessel,533985933
/vessels/details/533190363,SLFA4318,Fishing vessel,533190363
/vessels/details/533344712,PKFB1398 TAI A,Fishing vessel,533344712
/vessels/details/533200926,HG,Fishing vessel,533200926
/vessels/details/533192769,SLFA 4916,Fishing vessel,533192769
/vessels/details/533825552,TFA1474,Fishing vessel,533825552
/vessels/details/533192896,PKFB 1305,Fishing vessel,533192896
/vessels/details/533989868,WENDY39B4,Fishing vessel,533989868
/vessels/details/533192737,PKFA 8838,Fishing vessel,533192737
/vessels/details/533342119,SH,Fishing vessel,533342119
/vessels/details/533911674,PKFB 1490 U,Fishing vessel,533911674
/vessels/details/533112873,HG,Fishing vessel,533112873
/vessels/details/533193022,SLFA 4167,Fishing vessel,533193022
/vessels/details/533908589,NAI LAWE NAI PKFB713,Fishing vessel,533908589
/vessels/details/533123567,PKFB 688,Fishing vessel,533123567
/vessels/details/533912503,PKFB 1583,Fishing vessel,533912503
/vessels/details/533901891,SINGYAI PKFB 1891,Fishing vessel,533901891
/vessels/details/533192203,KNF 211 A,Fishing vessel,533192203
/vessels/details/533910796,SH,Fishing vessel,533910796
/vessels/details/533211656,SRIRUNG.1656,Fishing vessel,533211656
/vessels/details/533333007,KHA YANG NO7,Fishing vessel,533333007
/vessels/details/533912168,JHFA1329T,Fishing vessel,533912168
/vessels/details/533193695,PKFB1343,Fishing vessel,533193695
/vessels/details/533092896,HG,Fishing vessel,533092896
/vessels/details/533193433,PKFA 1897,Fishing vessel,533193433
/vessels/details/533210071,JHFA188,Fishing vessel,533210071
/vessels/details/533116867,SF1-5244,Fishing vessel,533116867
/vessels/details/533192593,SLFA 4833,Fishing vessel,533192593
/vessels/details/533561928,NU-47 A9,Fishing vessel,533561928
/vessels/details/533902309,PKFB1313,Fishing vessel,533902309
/vessels/details/533224552,KNF 7814,Fishing vessel,533224552
/vessels/details/533908789,PKFB2013,Fishing vessel,533908789
/vessels/details/533231933,BIG TOU,Fishing vessel,533231933
/vessels/details/533565788,FS0MEKARBERGADING,Fishing vessel,533565788
/vessels/details/533190002,PSF 2428,Fishing vessel,533190002
/vessels/details/533193382,PKFA 1197,Fishing vessel,533193382
/vessels/details/533192054,PKFA 8721,Fishing vessel,533192054
/vessels/details/533193314,TRF 513,Fishing vessel,533193314
/vessels/details/533192942,PKFA7297,Fishing vessel,533192942
/vessels/details/533190294,SLFA 4650,Fishing vessel,533190294
/vessels/details/533911228,PKFB228,Fishing vessel,533911228
/vessels/details/533192527,SLFA 4755,Fishing vessel,533192527
/vessels/details/533192865,PKFA 9765,Fishing vessel,533192865
/vessels/details/533190765,JHF1235,Fishing vessel,533190765
/vessels/details/533901753,JHF6388,Fishing vessel,533901753
/vessels/details/533348244,SH,Fishing vessel,533348244
/vessels/details/533009661,PKFA 9661,Fishing vessel,533009661
/vessels/details/533110088,SH,Fishing vessel,533110088
/vessels/details/533915769,KHUNCHY SHENG,Fishing vessel,533915769
/vessels/details/533912787,PKFB 9999,Fishing vessel,533912787
/vessels/details/533901761,JHF8766T,Fishing vessel,533901761
/vessels/details/533200932,SLFA 5291,Fishing vessel,533200932
/vessels/details/533737899,KIMLY863 F.21,Fishing vessel,533737899
/vessels/details/533825736,TFA 956,Fishing vessel,533825736
/vessels/details/533193994,PKFA 8184,Fishing vessel,533193994
/vessels/details/533110126,SH,Fishing vessel,533110126
/vessels/details/533912433,PSF 2433,Fishing vessel,533912433
/vessels/details/533192031,KF 5507,Fishing vessel,533192031
/vessels/details/533912539,KHF U 2539,Fishing vessel,533912539
/vessels/details/533191904,KHF 24,Fishing vessel,533191904
/vessels/details/533193455,PKFB 896,Fishing vessel,533193455
/vessels/details/533903000,JHF8883T,Fishing vessel,533903000
/vessels/details/533110091,SH,Fishing vessel,533110091
/vessels/details/533111994,TRF-994 WANG LAI,Fishing vessel,533111994
/vessels/details/533909543,SH,Fishing vessel,533909543
/vessels/details/533193014,PKFB566,Fishing vessel,533193014
/vessels/details/533190868,PKFB 1088,Fishing vessel,533190868
/vessels/details/533201259,HG,Fishing vessel,533201259
/vessels/details/533911309,SH,Fishing vessel,533911309
/vessels/details/533193819,PKFB916,Fishing vessel,533193819
/vessels/details/533193101,PKFB 114,Fishing vessel,533193101
/vessels/details/533340466,SH,Fishing vessel,533340466
/vessels/details/533912713,SH,Fishing vessel,533912713
/vessels/details/533991864,KNF7191 C24,Fishing vessel,533991864
/vessels/details/533092889,HG,Fishing vessel,533092889
/vessels/details/533192841,PPF 911,Fishing vessel,533192841
/vessels/details/533110103,SH,Fishing vessel,533110103
/vessels/details/533010356,HG,Fishing vessel,533010356
/vessels/details/533191512,SN 6677 4 F,Fishing vessel,533191512
/vessels/details/533224054,SA 979 5 F,Fishing vessel,533224054
/vessels/details/533000900,PKFB900,Fishing vessel,533000900
/vessels/details/533905300,KHF 2316,Fishing vessel,533905300
/vessels/details/533192417,PPF 730,Fishing vessel,533192417
/vessels/details/533192915,PK 5555 F,Fishing vessel,533192915
/vessels/details/533914136,4136,Fishing vessel,533914136
/vessels/details/533930326,TRF A38,Fishing vessel,533930326
/vessels/details/533010349,KHF2366,Fishing vessel,533010349
/vessels/details/7203833,K. L. KURAU,Fishing Vessel,7203833
/vessels/details/533193987,LD 13705F,Fishing vessel,533193987
/vessels/details/533347717,PKFB 1538,Fishing vessel,533347717
/vessels/details/533911751,SH,Fishing vessel,533911751
/vessels/details/533224346,SA 848 5 F,Fishing vessel,533224346
/vessels/details/533191454,SLFA 4649,Fishing vessel,533191454
/vessels/details/533170852,MARINE HARVERST 02,Fishing vessel,533170852
/vessels/details/533341020,K.D.T 1020,Fishing vessel,533341020
/vessels/details/533779779,NGAN 98 0K,Fishing vessel,533779779
/vessels/details/533192124,PKFA7797,Fishing vessel,533192124
/vessels/details/533342318,SH SO VIT 2918,Fishing vessel,533342318
/vessels/details/533100000,JHF1219,Fishing vessel,533100000
/vessels/details/533338865,PKFB1865UNITHAILINE,Fishing vessel,533338865
/vessels/details/533912722,SH 1263,Fishing vessel,533912722
/vessels/details/533192292,JHF 543 B,Fishing vessel,533192292
/vessels/details/533190366,SLFA 4843,Fishing vessel,533190366
/vessels/details/533192494,SLFA 4018,Fishing vessel,533192494
/vessels/details/533193074,PKFA 9027,Fishing vessel,533193074
/vessels/details/533997788,PKFB 931,Fishing vessel,533997788
/vessels/details/533193686,PKFB881,Fishing vessel,533193686
/vessels/details/533347971,TRF1351,Fishing vessel,533347971
/vessels/details/533345471,SH,Fishing vessel,533345471
/vessels/details/533910334,KHF2732,Fishing vessel,533910334
/vessels/details/533190468,JHFA468T,Fishing vessel,533190468
/vessels/details/533912726,SH,Fishing vessel,533912726
/vessels/details/533192674,SF2 1015,Fishing vessel,533192674
/vessels/details/533882288,PKFB288,Fishing vessel,533882288
/vessels/details/533122505,KHF 2505,Fishing vessel,533122505
/vessels/details/533111852,PKFB 1852,Fishing vessel,533111852
/vessels/details/533190236,SLFA 4713,Fishing vessel,533190236
/vessels/details/533130586,GAJAH MADA 106,Fishing vessel,533130586
/vessels/details/533900001,REELAXING,Fishing vessel,533900001
/vessels/details/533910020,PKFB 2086.U,Fishing vessel,533910020
/vessels/details/533999645,SH645,Fishing vessel,533999645
/vessels/details/533902323,KHF1955.U,Fishing vessel,533902323
/vessels/details/533192512,SLFA 4311,Fishing vessel,533192512
/vessels/details/533012902,PKFB1647,Fishing vessel,533012902
/vessels/details/533001820,4 HU01 C24,Fishing vessel,533001820
/vessels/details/533110129,KHF2399,Fishing vessel,533110129
/vessels/details/533110082,PKFB2031,Fishing vessel,533110082
/vessels/details/533192894,PKFB 1209,Fishing vessel,533192894
/vessels/details/533342217,KHF 2217 U,Fishing vessel,533342217
/vessels/details/533901756,PKFB1866 U.1,Fishing vessel,533901756
/vessels/details/533190607,PAF 4418,Fishing vessel,533190607
/vessels/details/533193626,PKFA 8974,Fishing vessel,533193626
/vessels/details/533190705,JHF 5282 T,Fishing vessel,533190705
/vessels/details/533130025,SAHAN 18,Fishing vessel,533130025
/vessels/details/533194032,PKFA 9067,Fishing vessel,533194032
/vessels/details/533150114,MML00653P,Fishing vessel,533150114
/vessels/details/533194046,PPF 314,Fishing vessel,533194046
/vessels/details/533192565,PKFB 426,Fishing vessel,533192565
/vessels/details/533201212,JHFA388T,Fishing vessel,533201212
/vessels/details/533911678,JHFA1328,Fishing vessel,533911678
/vessels/details/533190557,SLFA 4811,Fishing vessel,533190557
/vessels/details/533340373,SH,Fishing vessel,533340373
/vessels/details/533000577,KTF5191,Fishing vessel,533000577
/vessels/details/533192602,SLFA 5171,Fishing vessel,533192602
/vessels/details/533192432,PPF 258,Fishing vessel,533192432
/vessels/details/533192510,SLFA 4295,Fishing vessel,533192510
/vessels/details/533092895,HG,Fishing vessel,533092895
/vessels/details/533191626,PAF 4256,Fishing vessel,533191626
/vessels/details/533193787,PKFB 827,Fishing vessel,533193787
/vessels/details/533191743,SLFA 5138,Fishing vessel,533191743
/vessels/details/533908448,JHF8448T,Fishing vessel,533908448
/vessels/details/533292095,BIG KAENG 2068,Fishing vessel,533292095
/vessels/details/533909315,PSF 2485 U,Fishing vessel,533909315
/vessels/details/533092760,HG,Fishing vessel,533092760
/vessels/details/533193522,PKFA 7238,Fishing vessel,533193522
/vessels/details/533911108,AUNGTHET PKFB1108,Fishing vessel,533911108
/vessels/details/533199743,SLFA 4716 -52,Fishing vessel,533199743
/vessels/details/533912712,2818,Fishing vessel,533912712
/vessels/details/533340405,TRF1059,Fishing vessel,533340405
/vessels/details/533560129,SF2 3876 DE TU CATTE,Fishing vessel,533560129
/vessels/details/533002192,KHF 2192.TUM.,Fishing vessel,533002192
/vessels/details/533909317,LUM YONG 1085,Fishing vessel,533909317
/vessels/details/533010318,HG,Fishing vessel,533010318
/vessels/details/533195138,SLFA 4716 -80,Fishing vessel,533195138
/vessels/details/533908360,V.10,Fishing vessel,533908360
/vessels/details/533191011,SF2 787,Fishing vessel,533191011
/vessels/details/533877289,D H C 34,Fishing vessel,533877289
/vessels/details/533092764,HG,Fishing vessel,533092764
/vessels/details/533191218,PKFA 8814,Fishing vessel,533191218
/vessels/details/533193771,PKFB1249,Fishing vessel,533193771
/vessels/details/533909546,201011,Fishing vessel,533909546
/vessels/details/533342075,KF1323,Fishing vessel,533342075
/vessels/details/533193454,PKFA8629,Fishing vessel,533193454
/vessels/details/533877779,H D,Fishing vessel,533877779
/vessels/details/533193461,PK 477 F,Fishing vessel,533193461
/vessels/details/533912217,SH,Fishing vessel,533912217
/vessels/details/533000245,JHS2913T,Fishing vessel,533000245
/vessels/details/533000812,KNF7772,Fishing vessel,533000812
/vessels/details/533191262,PKFA 3635,Fishing vessel,533191262
/vessels/details/533911892,KHF,Fishing vessel,533911892
/vessels/details/533384849,PAF4849ARKA,Fishing vessel,533384849
/vessels/details/533449449,KNF 7406 1 40,Fishing vessel,533449449
/vessels/details/533826076,SH,Fishing vessel,533826076
/vessels/details/533191849,TRF963,Fishing vessel,533191849
/vessels/details/533902314,HUNTER1671,Fishing vessel,533902314
/vessels/details/533093750,HAU C 24,Fishing vessel,533093750
/vessels/details/533342123,PKFB793,Fishing vessel,533342123
/vessels/details/533341755,PKFB1755,Fishing vessel,533341755
/vessels/details/533910022,SH,Fishing vessel,533910022
/vessels/details/533150116,MML00470P,Fishing vessel,533150116
/vessels/details/533909947,PKFA 5608 U,Fishing vessel,533909947
/vessels/details/533193657,PKFA9140,Fishing vessel,533193657
/vessels/details/533010195,TRF,Fishing vessel,533010195
/vessels/details/533110608,IBU WIRA 1,Fishing vessel,533110608
/vessels/details/533193273,SLFA 4850,Fishing vessel,533193273
/vessels/details/533903011,KHF2676,Fishing vessel,533903011
/vessels/details/533789798,JHF98TS,Fishing vessel,533789798
/vessels/details/533342126,THAI 9726 U,Fishing vessel,533342126
/vessels/details/533110722,JAYA 16,Fishing vessel,533110722
/vessels/details/533193417,PKFA 1817,Fishing vessel,533193417
/vessels/details/533914888,PAF 4888 SENG 68,Fishing vessel,533914888
/vessels/details/533901529,PAF4529,Fishing vessel,533901529
/vessels/details/533910019,KOZIN8567,Fishing vessel,533910019
/vessels/details/533859999,LR47BD,Fishing vessel,533859999
/vessels/details/533912767,JHF5365T,Fishing vessel,533912767
/vessels/details/533193525,PKFA7250,Fishing vessel,533193525
/vessels/details/533193843,PKFA 7814,Fishing vessel,533193843
/vessels/details/8816560,K. L. PAUS,Fishing Vessel,8816560
/vessels/details/533192531,SLFA 4792,Fishing vessel,533192531
/vessels/details/533348739,JHF8739,Fishing vessel,533348739
/vessels/details/533193934,PKFA7637,Fishing vessel,533193934
/vessels/details/533191102,JHF 2429 T,Fishing vessel,533191102
/vessels/details/533190385,PKFB332,Fishing vessel,533190385
/vessels/details/533191724,SLFA 4531,Fishing vessel,533191724
/vessels/details/533910755,PKFB933,Fishing vessel,533910755
/vessels/details/533193839,PKFB907,Fishing vessel,533193839
/vessels/details/533911685,KHF1302,Fishing vessel,533911685
/vessels/details/533727899,KIMLY863 F.21,Fishing vessel,533727899
/vessels/details/533210192,PKFB 1838,Fishing vessel,533210192
/vessels/details/533031020,PKFB 1000020000,Fishing vessel,533031020
/vessels/details/533112113,SF3-2113 WAN LAI,Fishing vessel,533112113
/vessels/details/533192817,PKFA9099,Fishing vessel,533192817
/vessels/details/533191447,SLFA 5115 -50,Fishing vessel,533191447
/vessels/details/533193545,PKFA 7367,Fishing vessel,533193545
/vessels/details/533912166,JHFA 380T,Fishing vessel,533912166
/vessels/details/533103736,608,Fishing vessel,533103736
/vessels/details/533108452,SH,Fishing vessel,533108452
/vessels/details/533347634,MG ZIN MYO,Fishing vessel,533347634
/vessels/details/533397979,KNF7957 C24,Fishing vessel,533397979
/vessels/details/533000692,692,Fishing vessel,533000692
/vessels/details/533193323,TFA 1816,Fishing vessel,533193323
/vessels/details/533192102,PKFA7049,Fishing vessel,533192102
/vessels/details/533147978,PAF5043,Fishing vessel,533147978
/vessels/details/533912156,JHFA1333T KOMSAN,Fishing vessel,533912156
/vessels/details/533908739,PSF2499,Fishing vessel,533908739
/vessels/details/533192945,PKFA7555,Fishing vessel,533192945
/vessels/details/533902622,SURIYA 6222,Fishing vessel,533902622
/vessels/details/533351763,PKFB1763,Fishing vessel,533351763
/vessels/details/533910380,PAF4631,Fishing vessel,533910380
/vessels/details/533111192,WIN WIN,Fishing vessel,533111192
/vessels/details/533194807,PAF 4817,Fishing vessel,533194807
/vessels/details/533192561,PKFB 304,Fishing vessel,533192561
/vessels/details/533190574,PKFA 9055,Fishing vessel,533190574
/vessels/details/533192467,WANYAN 467,Fishing vessel,533192467
/vessels/details/533193042,PKFA7800,Fishing vessel,533193042
/vessels/details/533112578,KO NYO SAN KHF 2758,Fishing vessel,533112578
/vessels/details/533908729,SH,Fishing vessel,533908729
/vessels/details/533111411,TRF 1411,Fishing vessel,533111411
/vessels/details/533912501,SH,Fishing vessel,533912501
/vessels/details/533192546,SLFA 5112,Fishing vessel,533192546
/vessels/details/533193441,PKFB1095,Fishing vessel,533193441
/vessels/details/533193932,PKFB 469,Fishing vessel,533193932
/vessels/details/533192759,SLFA 4695,Fishing vessel,533192759
/vessels/details/533193168,PKFB 1755,Fishing vessel,533193168
/vessels/details/533908788,PSF 2485 U.2,Fishing vessel,533908788
/vessels/details/533191518,SN211 4 F,Fishing vessel,533191518
/vessels/details/533270789,LY86321.F,Fishing vessel,533270789
/vessels/details/533911677,PSF 2456,Fishing vessel,533911677
/vessels/details/533193836,PKF 5936,Fishing vessel,533193836
/vessels/details/533123746,VA CAMBODIA 746,Fishing vessel,533123746
/vessels/details/533109564,PSF 2448,Fishing vessel,533109564
/vessels/details/533192811,PKFA 8779,Fishing vessel,533192811
/vessels/details/533000933,PKFB1933,Fishing vessel,533000933
/vessels/details/533655012,QIONGCHANGYU22093,Fishing vessel,533655012
/vessels/details/533192635,SF2 1368,Fishing vessel,533192635
/vessels/details/533824898,TFA2615,Fishing vessel,533824898
/vessels/details/533200923,HG,Fishing vessel,533200923
/vessels/details/533300818,TRF1413,Fishing vessel,533300818
/vessels/details/533210102,PKFB 1838,Fishing vessel,533210102
/vessels/details/533193486,PKFB1301,Fishing vessel,533193486
/vessels/details/533010290,HG,Fishing vessel,533010290
/vessels/details/533911101,SH,Fishing vessel,533911101
/vessels/details/533112798,SF1-2798 KUCHING,Fishing vessel,533112798
/vessels/details/533192431,PPF 250,Fishing vessel,533192431
/vessels/details/533908730,SH 2079,Fishing vessel,533908730
/vessels/details/533001323,PKFB1323,Fishing vessel,533001323
/vessels/details/533193722,PKFB 1204,Fishing vessel,533193722
/vessels/details/533192032,PKFA 8602,Fishing vessel,533192032
/vessels/details/533560118,LX314 HOA L0I C36,Fishing vessel,533560118
/vessels/details/533190265,JHF 2225 T,Fishing vessel,533190265
/vessels/details/533904732,PAF4732,Fishing vessel,533904732
/vessels/details/533192856,PKFB 518,Fishing vessel,533192856
/vessels/details/533908442,KHF 1836 U2,Fishing vessel,533908442
/vessels/details/533345325,KHF2378,Fishing vessel,533345325
/vessels/details/533340023,SH,Fishing vessel,533340023
/vessels/details/533901312,JHF9666T,Fishing vessel,533901312
/vessels/details/533412031,WINKYAWOOPKFB2031,Fishing vessel,533412031
/vessels/details/533346893,PKFB1909,Fishing vessel,533346893
/vessels/details/533181381,PAF 4914 LU0I B 15,Fishing vessel,533181381
/vessels/details/533910232,PKFB 1932 U,Fishing vessel,533910232
/vessels/details/533346499,JI MAN 1818,Fishing vessel,533346499
/vessels/details/533908785,PKFB 1593,Fishing vessel,533908785
/vessels/details/533333529,PKFB529,Fishing vessel,533333529
/vessels/details/533193983,PKFB1039,Fishing vessel,533193983
/vessels/details/533190766,SF2 166,Fishing vessel,533190766
/vessels/details/533346506,KHF1781,Fishing vessel,533346506
/vessels/details/533191825,KF 2407,Fishing vessel,533191825
/vessels/details/533101111,SHF,Fishing vessel,533101111
/vessels/details/533192939,PKFA7154,Fishing vessel,533192939
/vessels/details/533192585,SLFA 4430,Fishing vessel,533192585
/vessels/details/533114693,U ONE ONE KHF 2166,Fishing vessel,533114693
/vessels/details/533901775,PKFB1555,Fishing vessel,533901775
/vessels/details/533050634,KNF909,Fishing vessel,533050634
/vessels/details/533910033,KF2362,Fishing vessel,533910033
/vessels/details/533190982,PKFB1738,Fishing vessel,533190982
/vessels/details/533193654,PKFA9139,Fishing vessel,533193654
/vessels/details/533441910,PHAI .1910KH,Fishing vessel,533441910
/vessels/details/533111158,ABCDE,Fishing vessel,533111158
/vessels/details/533191738,SLFA 5091,Fishing vessel,533191738
/vessels/details/533331620,PKFB-792,Fishing vessel,533331620
/vessels/details/533192487,SLFA 3736,Fishing vessel,533192487
/vessels/details/533193321,TFA 2595,Fishing vessel,533193321
/vessels/details/533192456,SLFA 4099,Fishing vessel,533192456
/vessels/details/533302527,KHF2527,Fishing vessel,533302527
/vessels/details/533910030,SH,Fishing vessel,533910030
/vessels/details/533111009,TRF-1009 WANG LAI,Fishing vessel,533111009
/vessels/details/533191048,SLFA 3447,Fishing vessel,533191048
/vessels/details/533891712,GRIPEN II 12,Fishing vessel,533891712
/vessels/details/533912163,SH,Fishing vessel,533912163
/vessels/details/533192148,PKFA8751,Fishing vessel,533192148
/vessels/details/533193329,TRF 148,Fishing vessel,533193329
/vessels/details/533193825,PK5074F,Fishing vessel,533193825
/vessels/details/533346889,TRF1246,Fishing vessel,533346889
/vessels/details/533910800,MGF 1885,Fishing vessel,533910800
/vessels/details/533191632,TRF 1026,Fishing vessel,533191632
/vessels/details/533193745,PKFB 860,Fishing vessel,533193745
/vessels/details/533346495,SH,Fishing vessel,533346495
/vessels/details/533191847,KF 5515,Fishing vessel,533191847
/vessels/details/533180997,KNF24BAN6,Fishing vessel,533180997
/vessels/details/533191898,KHF2268,Fishing vessel,533191898
/vessels/details/533092190,68 D24,Fishing vessel,533092190
/vessels/details/533124786,UNICO,Fishing vessel,533124786
/vessels/details/533631631,SUXIBOLUI,Fishing vessel,533631631
/vessels/details/533909948,JHF A1299,Fishing vessel,533909948
/vessels/details/533903939,KNF 7243,Fishing vessel,533903939
/vessels/details/533190652,PKFB1073,Fishing vessel,533190652
/vessels/details/533661719,PRAKAIWAN17199999,Fishing vessel,533661719
/vessels/details/533911263,SH,Fishing vessel,533911263
/vessels/details/533908783,PAF4535,Fishing vessel,533908783
/vessels/details/533193721,PKFB 1127,Fishing vessel,533193721
/vessels/details/533110134,ZAW TINT . 5175,Fishing vessel,533110134
/vessels/details/533192119,PKFA7770,Fishing vessel,533192119
/vessels/details/533321039,PKFB1739,Fishing vessel,533321039
/vessels/details/533092765,HG,Fishing vessel,533092765
/vessels/details/533210029,ARAMBOY 38,Fishing vessel,533210029
/vessels/details/533191514,BN 332 4 F,Fishing vessel,533191514
/vessels/details/533111119,ANH 7,Fishing vessel,533111119
/vessels/details/533110683,IBU WIRA 7,Fishing vessel,533110683
/vessels/details/533191931,KHF 423,Fishing vessel,533191931
/vessels/details/533201283,KOHTIKEPKFB1283,Fishing vessel,533201283
/vessels/details/533190297,KNF 7912,Fishing vessel,533190297
/vessels/details/533092368,BINH BUA D24,Fishing vessel,533092368
/vessels/details/533190295,SLFA 4605,Fishing vessel,533190295
/vessels/details/533911686,PKFB 1523,Fishing vessel,533911686
/vessels/details/533910187,SH.1573,Fishing vessel,533910187
/vessels/details/533345019,SLFA U 5019,Fishing vessel,533345019
/vessels/details/533191853,KF 5555,Fishing vessel,533191853
/vessels/details/533192923,PKFA 3781,Fishing vessel,533192923
/vessels/details/533191889,KHF 1997,Fishing vessel,533191889
/vessels/details/533912340,748 PAT MOOKINDY,Fishing vessel,533912340
/vessels/details/533910101,PKFB2000,Fishing vessel,533910101
/vessels/details/533910488,SH,Fishing vessel,533910488
/vessels/details/533193445,PKFA1977,Fishing vessel,533193445
/vessels/details/533152735,PAF4918,Fishing vessel,533152735
/vessels/details/533981765,PKFB1765,Fishing vessel,533981765
/vessels/details/533193634,PKFB 1184,Fishing vessel,533193634
/vessels/details/533190923,SLFA 4611,Fishing vessel,533190923
/vessels/details/533093910,58A19,Fishing vessel,533093910
/vessels/details/533341757,KHF,Fishing vessel,533341757
/vessels/details/533393987,P-VUONG 87,Fishing vessel,533393987
/vessels/details/533193534,PKFA 7901,Fishing vessel,533193534
/vessels/details/533192908,PKFB 627,Fishing vessel,533192908
/vessels/details/533911545,JHFA 545 T SENG 68,Fishing vessel,533911545
/vessels/details/533750517,TRF227,Fishing vessel,533750517
/vessels/details/533123456,M1235,Fishing vessel,533123456
/vessels/details/533193514,PKFA7087,Fishing vessel,533193514
/vessels/details/533092892,HG,Fishing vessel,533092892
/vessels/details/533348174,SH ZAW ZAW 777,Fishing vessel,533348174
/vessels/details/533108730,SH,Fishing vessel,533108730
/vessels/details/533779777,PKF 2075U,Fishing vessel,533779777
/vessels/details/533340029,SH,Fishing vessel,533340029
/vessels/details/533192996,PKFA 9130,Fishing vessel,533192996
/vessels/details/533191534,BN 234 4 F,Fishing vessel,533191534
/vessels/details/533192767,SLFA 4826,Fishing vessel,533192767
/vessels/details/533322548,NAY PHYO PYAE 2548,Fishing vessel,533322548
/vessels/details/533449363,KNF-7403,Fishing vessel,533449363
/vessels/details/533002555,MIN,Fishing vessel,533002555
/vessels/details/533000035,KHA YANG NO35,Fishing vessel,533000035
/vessels/details/533569509,KAPA 09 A 28,Fishing vessel,533569509
/vessels/details/533150025,JHS154T,Fishing vessel,533150025
/vessels/details/533382886,TRF128700 87,Fishing vessel,533382886
/vessels/details/533110869,KNF 7771,Fishing vessel,533110869
/vessels/details/533910023,SH2008,Fishing vessel,533910023
/vessels/details/533347710,KHF2499 SEA DARGON,Fishing vessel,533347710
/vessels/details/533192047,PKFA8436,Fishing vessel,533192047
/vessels/details/533194132,JHS611T,Fishing vessel,533194132
/vessels/details/533133207,DIVE ADDICT,Fishing vessel,533133207
/vessels/details/533119613,OCEAN CHAN,Fishing vessel,533119613
/vessels/details/533001344,TRF3,Fishing vessel,533001344
/vessels/details/533388221,TAI SOR1769,Fishing vessel,533388221
/vessels/details/533193371,PKFA 9199,Fishing vessel,533193371
/vessels/details/533301817,PKFB1817 KYONG CITY,Fishing vessel,533301817
/vessels/details/533908927,PKFB 1538 U,Fishing vessel,533908927
/vessels/details/533191119,PAF 4438,Fishing vessel,533191119
/vessels/details/533901759,PAF 4696,Fishing vessel,533901759
/vessels/details/533344983,PKFB1886,Fishing vessel,533344983
/vessels/details/533132548,ARISE SHINE,Fishing vessel,533132548
/vessels/details/533132973,TM11,Fishing vessel,533132973
/vessels/details/533777243,KNF 7243,Fishing vessel,533777243
/vessels/details/533002272,F-29,Fishing vessel,533002272
/vessels/details/533193128,PAF 4277,Fishing vessel,533193128
/vessels/details/533192502,SLFA 4185,Fishing vessel,533192502
/vessels/details/533010261,GRIPEN II 12,Fishing vessel,533010261
/vessels/details/533340011,SH,Fishing vessel,533340011
/vessels/details/533010315,HG,Fishing vessel,533010315
/vessels/details/533194079,KNF 7998,Fishing vessel,533194079
/vessels/details/533201705,II I - 0,Fishing vessel,533201705
/vessels/details/533193225,PKFB 1208,Fishing vessel,533193225
/vessels/details/533684803,TA BOLA BALE,Fishing vessel,533684803
/vessels/details/533908732,PSF1887,Fishing vessel,533908732
/vessels/details/533191791,SLFA 4789,Fishing vessel,533191791
/vessels/details/533910234,1615,Fishing vessel,533910234
/vessels/details/533192488,SLFA 3737,Fishing vessel,533192488
/vessels/details/533908595,SH,Fishing vessel,533908595
/vessels/details/533191246,JHF 8425T,Fishing vessel,533191246
/vessels/details/533193065,PKFA 8771,Fishing vessel,533193065
/vessels/details/533192932,PKFA7038,Fishing vessel,533192932
/vessels/details/533190109,SLFA 4635,Fishing vessel,533190109
/vessels/details/533193105,PKFB 251,Fishing vessel,533193105
/vessels/details/533344438,TRF990,Fishing vessel,533344438
/vessels/details/533343399,PKFB 31,Fishing vessel,533343399
/vessels/details/533092598,HG,Fishing vessel,533092598
/vessels/details/533901303,PKFB1817 KYONG CITY,Fishing vessel,533901303
/vessels/details/533192473,SLFA 2977,Fishing vessel,533192473
/vessels/details/533341675,KYAW MIN OOPKFB1675,Fishing vessel,533341675
/vessels/details/533190994,SF2 44,Fishing vessel,533190994
/vessels/details/533133591,DEEPSEEK,Fishing vessel,533133591
/vessels/details/533949494,7 GIANG,Fishing vessel,533949494
/vessels/details/533612345,PKFB 1859,Fishing vessel,533612345
/vessels/details/533170689,MARINE PRINCESS 2828,Fishing vessel,533170689
/vessels/details/533010267,HG,Fishing vessel,533010267
/vessels/details/533191629,TFA 2338,Fishing vessel,533191629
/vessels/details/9809980,SCHEHERAZADE,Yacht,9809980
/vessels/details/9829394,FLYING FOX,Yacht,9829394
/vessels/details/1009340,MYA,Yacht,1009340
/vessels/details/9740251,QUANTUM BLUE,Yacht,9740251
/vessels/details/9569293,PACIFIC X,Yacht,9569293
/vessels/details/1012268,ROYAL ROMANCE,Yacht,1012268
/vessels/details/1011202,MY NIRVANA,Yacht,1011202
/vessels/details/1011757,AMORE VERO,Yacht,1011757
/vessels/details/1012969,AURORA X,Yacht,1012969
/vessels/details/1010648,SEA RHAPSODY,Yacht,1010648
/vessels/details/1012880,SERENITY AND UNITY,Yacht,1012880
/vessels/details/1005411,AZUL V,Yacht,1005411
/vessels/details/9704958,NAVIS ONE,Yacht,9704958
/vessels/details/9901570,AQUAMARINE X,Yacht,9901570
/vessels/details/9562520,OCEAN EMERALD,Yacht,9562520
/vessels/details/9752747,ANYUTA,Yacht,9752747
/vessels/details/9686261,TANGO 5,Yacht,9686261
/vessels/details/533110076,EMOTION 2,Pleasure craft,533110076
/vessels/details/533110538,DENIZ,Pleasure craft,533110538
/vessels/details/533132854,GRATITUDE ONE,Pleasure craft,533132854
/vessels/details/533132842,OCEAN BOOK,Sailing vessel,533132842
/vessels/details/533110665,LEELAWADEE,Pleasure craft,533110665
/vessels/details/533131074,F ONE,Sailing vessel,533131074
/vessels/details/533110402,DAKOTA,Sailing vessel,533110402
/vessels/details/533133505,SY NANOI,Sailing vessel,533133505
/vessels/details/533133533,SOLARIS,Pleasure craft,533133533
/vessels/details/533110152,LIBRAN SONG,Sailing vessel,533110152
/vessels/details/533005100,AKAMA,Pleasure craft,533005100
/vessels/details/533133105,EEG ONE,Pleasure craft,533133105
/vessels/details/533110539,ROSY SKY 88,Pleasure craft,533110539
/vessels/details/533130126,TARINI,Pleasure craft,533130126
/vessels/details/533133064,VAGOZ,Pleasure craft,533133064
/vessels/details/533132609,COCO LOCO,Sailing vessel,533132609
/vessels/details/533131045,CHAN YIK,Pleasure craft,533131045
/vessels/details/533130626,ALWAYS SATURDAY,Pleasure craft,533130626
/vessels/details/533001910,NYMPHAEA,Pleasure craft,533001910
/vessels/details/533130998,TERAJU,Sailing vessel,533130998
/vessels/details/533132682,FASHION ONE,Sailing vessel,533132682
/vessels/details/533333000,3,Pleasure craft,533333000
/vessels/details/533132539,XMILE,Pleasure craft,533132539
/vessels/details/533133506,KATI S,Pleasure craft,533133506
/vessels/details/533110613,ZIG ZAG,Sailing vessel,533110613
/vessels/details/533132965,NANDJI 2,Sailing vessel,533132965
/vessels/details/533110022,TIGGER II,Sailing vessel,533110022
/vessels/details/533132418,JULIMAR,Pleasure craft,533132418
/vessels/details/533132317,EVENT HORIZON,Pleasure craft,533132317
/vessels/details/533130968,THE MAGGIE,Pleasure craft,533130968
/vessels/details/533130074,LINDAVIA,Pleasure craft,533130074
/vessels/details/533130423,MV ULTRA VIRES,Pleasure craft,533130423
/vessels/details/533110357,AMORLA,Sailing vessel,533110357
/vessels/details/533130803,KALOU,Sailing vessel,533130803
/vessels/details/533132705,KARIBU,Pleasure craft,533132705
/vessels/details/533110698,MONICAPRIL,Pleasure craft,533110698
/vessels/details/533110594,OPAL,Pleasure craft,533110594
/vessels/details/533001770,TIGER,Pleasure craft,533001770
/vessels/details/533132276,WATERDRAGON,Sailing vessel,533132276
/vessels/details/533110069,POSEIDON,Pleasure craft,533110069
/vessels/details/533133096,SUPERV,Pleasure craft,533133096
/vessels/details/533000840,SARA,Pleasure craft,533000840
/vessels/details/533132882,BLACKBIRD,Pleasure craft,533132882
/vessels/details/533132097,ROSY SKY 67,Pleasure craft,533132097
/vessels/details/533001810,NAKULA,Pleasure craft,533001810
/vessels/details/533130131,GUDU,Pleasure craft,533130131
/vessels/details/533133267,SONG OF SONGS,Pleasure craft,533133267
/vessels/details/533132583,GUTSY,Pleasure craft,533132583
/vessels/details/533132301,STAR TRAVEL,Sailing vessel,533132301
/vessels/details/533110622,CLOUDWIND,Sailing vessel,533110622
/vessels/details/533130594,AMARGOSA,Sailing vessel,533130594
/vessels/details/533132591,BEZBOYANZ MY,Pleasure craft,533132591
/vessels/details/533132501,JADESTAR,Pleasure craft,533132501
/vessels/details/533132993,ZANZIBAR,Pleasure craft,533132993
/vessels/details/533110389,RAINBOW SAFARI,Sailing vessel,533110389
/vessels/details/533133073,FOUNTAINE PAJOT MY6,Pleasure craft,533133073
/vessels/details/533110373,KAMARA,Pleasure craft,533110373
/vessels/details/533132504,STAR OF THE SEA,Pleasure craft,533132504
/vessels/details/533170025,RIPPLE EFFECT,Pleasure craft,533170025
/vessels/details/533132578,TRI,Pleasure craft,533132578
/vessels/details/533132318,REGION 33,Pleasure craft,533132318
/vessels/details/533131017,VALENCIA I,Pleasure craft,533131017
/vessels/details/533133057,LET IT BE,Pleasure craft,533133057
/vessels/details/533110396,ENDORFIN,Pleasure craft,533110396
/vessels/details/533130544,MZUNGU,Pleasure craft,533130544
/vessels/details/533130023,JYOHANA,Sailing vessel,533130023
/vessels/details/533110492,MICHELLE,Sailing vessel,533110492
/vessels/details/533133394,LONGSHAN GLORY V,Pleasure craft,533133394
/vessels/details/533110641,RAFROCK,Pleasure craft,533110641
/vessels/details/533131030,PETIT PIMOUSSE,Pleasure craft,533131030
/vessels/details/533132549,PREMIER CRU 1,Sailing vessel,533132549
/vessels/details/533133604,CHORUS BY THE SEA,Sailing vessel,533133604
/vessels/details/533133439,CHOPIN,Pleasure craft,533133439
/vessels/details/533133084,SY CAPTAIN NAPOLEON,Sailing vessel,533133084
/vessels/details/533110105,KATRIN,Pleasure craft,533110105
/vessels/details/533130322,SEVEN,Pleasure craft,533130322
/vessels/details/533133141,SV COOL BANANAS,Sailing vessel,533133141
/vessels/details/533130454,INDIGO,Pleasure craft,533130454
/vessels/details/533132452,IRON LADY,Sailing vessel,533132452
/vessels/details/533133639,VODA 2,Pleasure craft,533133639
/vessels/details/533132204,SY SNOW,Pleasure craft,533132204
/vessels/details/533110558,MARLOW,Sailing vessel,533110558
/vessels/details/533133355,MY SONAS,Pleasure craft,533133355
/vessels/details/533132365,DELAY NO MORE,Pleasure craft,533132365
/vessels/details/9885685,SONG OF SONGS,Yacht,9885685
/vessels/details/533132375,TERRE NOUVEAU,Pleasure craft,533132375
/vessels/details/533130328,SEVENSEAS CONQUERESS,Pleasure craft,533130328
/vessels/details/533110657,PEACE 88,Pleasure craft,533110657
/vessels/details/533132252,TRITEIA,Pleasure craft,533132252
/vessels/details/533133122,BELLE POULE,Sailing vessel,533133122
/vessels/details/533110489,TARTUGA,Sailing vessel,533110489
/vessels/details/533132445,IMMODERATUS,Pleasure craft,533132445
/vessels/details/533133474,NAVETTA,Pleasure craft,533133474
/vessels/details/533131146,SEAQUEEN STEPHANIE,Pleasure craft,533131146
/vessels/details/533110454,AMETHYST 1,Pleasure craft,533110454
/vessels/details/533110018,SANDROSE,Sailing vessel,533110018
/vessels/details/533000920,PEYSER,Pleasure craft,533000920
/vessels/details/533133182,QUEENS,Sailing vessel,533133182
/vessels/details/533132652,BARRACUDA 8,Pleasure craft,533132652
/vessels/details/533132585,PASADENA,Sailing vessel,533132585
/vessels/details/533130459,CAPRICORN II,Pleasure craft,533130459
/vessels/details/533110547,VAYA-CON-DIOS,Sailing vessel,533110547
/vessels/details/533445566,20,Pleasure craft,533445566
/vessels/details/533133409,CHARIOT1,Pleasure craft,533133409
/vessels/details/533132294,CHINA CAT SUNFLOWER,Sailing vessel,533132294
/vessels/details/533133223,SC BELLA,Pleasure craft,533133223
/vessels/details/9869277,MY ALMA,Yacht,9869277
/vessels/details/533130912,BAREFOOT,Sailing vessel,533130912
/vessels/details/533131019,VICKY,Pleasure craft,533131019
/vessels/details/533132651,NADINE,Pleasure craft,533132651
/vessels/details/533131002,LIBRANS,Pleasure craft,533131002
/vessels/details/533130489,ARKANTOS,Pleasure craft,533130489
/vessels/details/533110216,ECK1,Pleasure craft,533110216
/vessels/details/533132078,DAMAI PUTERI,Pleasure craft,533132078
/vessels/details/533132462,ADVISORS ALLIANCE 5,Pleasure craft,533132462
/vessels/details/533133025,DUAN DUAN,Pleasure craft,533133025
/vessels/details/533131154,SADE,Sailing vessel,533131154
/vessels/details/533132312,WHITE FALCON,Sailing vessel,533132312
/vessels/details/533130078,VALENTINA VI,Sailing vessel,533130078
/vessels/details/533132324,LIMPEH,Pleasure craft,533132324
/vessels/details/533110053,YTL LADY,Pleasure craft,533110053
/vessels/details/533130773,MARRANT,Sailing vessel,533130773
/vessels/details/533130513,RNR,Pleasure craft,533130513
/vessels/details/533110664,VEGA II,Sailing vessel,533110664
/vessels/details/533001040,BIRREGURRA,Sailing vessel,533001040
/vessels/details/533110624,LARRIKIN,Sailing vessel,533110624
/vessels/details/533132817,CC PRINCESS,Sailing vessel,533132817
/vessels/details/533133135,NEBULAS,Sailing vessel,533133135
/vessels/details/533132439,SV SEADRAGON,Sailing vessel,533132439
/vessels/details/533110688,BURRAGAH II,Sailing vessel,533110688
/vessels/details/533132632,SY AVITAS,Pleasure craft,533132632
/vessels/details/533110475,POERAVA,Pleasure craft,533110475
/vessels/details/533133524,SWANKY,Sailing vessel,533133524
/vessels/details/533132314,ISUKE,Sailing vessel,533132314
/vessels/details/533133221,SV JDLT,Sailing vessel,533133221
/vessels/details/533130537,TRIBE,Sailing vessel,533130537
/vessels/details/533110621,MEI MEI II,Pleasure craft,533110621
/vessels/details/533110718,JAYA 11,Pleasure craft,533110718
/vessels/details/533132744,SV SAVANNAH,Pleasure craft,533132744
/vessels/details/533110104,MOFANO,Pleasure craft,533110104
/vessels/details/533132519,PEIPEI,Sailing vessel,533132519
/vessels/details/533133205,VICTORIA ONE,Pleasure craft,533133205
/vessels/details/533133255,DIVINE DREAM,Pleasure craft,533133255
/vessels/details/533133252,BRIO,Sailing vessel,533133252
/vessels/details/533110659,IMAGINATION,Sailing vessel,533110659
/vessels/details/533132522,TETRA,Sailing vessel,533132522
/vessels/details/533132454,REEVA,Sailing vessel,533132454
/vessels/details/533131145,AMANDA,Pleasure craft,533131145
/vessels/details/533150063,FOREST ARCHER III,Pleasure craft,533150063
/vessels/details/533000072,DOLPHIN EXPLORER 22,Pleasure craft,533000072
/vessels/details/533130616,ANNETTE2,Sailing vessel,533130616
/vessels/details/533133318,SV AMY,Pleasure craft,533133318
/vessels/details/533133361,FUNTASTIC,Pleasure craft,533133361
/vessels/details/533133283,MAALIFUSHI,Pleasure craft,533133283
/vessels/details/533132769,TAURUS 1,Sailing vessel,533132769
/vessels/details/533132303,MARIAH CAREY,Pleasure craft,533132303
/vessels/details/533130507,FRIDAY,Sailing vessel,533130507
/vessels/details/533110468,REMINGTON,Sailing vessel,533110468
/vessels/details/533133357,LEAD SAIL,Sailing vessel,533133357
/vessels/details/533132461,OHANA TIME,Sailing vessel,533132461
/vessels/details/533132749,CALYPSOMAGIC,Pleasure craft,533132749
/vessels/details/533110119,ARUN,Sailing vessel,533110119
/vessels/details/533110196,AKKUR,Sailing vessel,533110196
/vessels/details/533132448,DAWDLE,Sailing vessel,533132448
/vessels/details/533133177,SUNRISE 2,Pleasure craft,533133177
/vessels/details/533110543,DELI 8,Sailing vessel,533110543
/vessels/details/533132344,TEW,Pleasure craft,533132344
/vessels/details/533110545,SABRINA,Pleasure craft,533110545
/vessels/details/533110711,KUMA,Sailing vessel,533110711
/vessels/details/533133278,CORA CAT 48,Pleasure craft,533133278
/vessels/details/533301133,BELL-LA.SHARKSEA33,Pleasure craft,533301133
/vessels/details/533110205,AGNES,Pleasure craft,533110205
/vessels/details/533000799,NEOPETRO 8,Sailing vessel,533000799
/vessels/details/533133624,OCEAN ESCAPE,Sailing vessel,533133624
/vessels/details/533110381,DIANAUNO,Pleasure craft,533110381
/vessels/details/533133472,FENGSHUN,Pleasure craft,533133472
/vessels/details/533132228,PASSION ONE,Sailing vessel,533132228
/vessels/details/533133343,LINX,Pleasure craft,533133343
/vessels/details/533130788,NOAASARK,Pleasure craft,533130788
/vessels/details/533132336,PURNAMA8,Pleasure craft,533132336
/vessels/details/533130319,NEL BLU,Sailing vessel,533130319
/vessels/details/533133097,MUNCHING DENTIST,Pleasure craft,533133097
/vessels/details/533132784,GLADIATOR 1,Pleasure craft,533132784
/vessels/details/533132421,HAUMEA,Pleasure craft,533132421
/vessels/details/533110555,SINDBAD,Pleasure craft,533110555
/vessels/details/533130649,TEQUILA,Sailing vessel,533130649
/vessels/details/533132429,SHANTI II,Pleasure craft,533132429
/vessels/details/533130436,MESTIZA,Sailing vessel,533130436
/vessels/details/533831007,SY PHOENIX,Pleasure craft,533831007
/vessels/details/533110226,SALTY NOMAD,Sailing vessel,533110226
/vessels/details/533130503,PRIMETIME,Sailing vessel,533130503
/vessels/details/533110021,PRINCESS F56,Pleasure craft,533110021
/vessels/details/533110236,NIGHT FURY,Sailing vessel,533110236
/vessels/details/533132257,SALTY,Pleasure craft,533132257
/vessels/details/533110072,SADE 2,Sailing vessel,533110072
/vessels/details/533132639,LET IT BE 2,Pleasure craft,533132639
/vessels/details/533132717,D OSCAR,Pleasure craft,533132717
/vessels/details/533132384,LADY JUDY,Pleasure craft,533132384
/vessels/details/533054400,BELLE VIE,Pleasure craft,533054400
/vessels/details/533130695,STAY FROSTY,Sailing vessel,533130695
/vessels/details/533130456,MICASA,Sailing vessel,533130456
/vessels/details/533133289,SY BLOSSOM,Pleasure craft,533133289
/vessels/details/533132534,MAX ONE,Sailing vessel,533132534
/vessels/details/533132497,HIWAGA,Pleasure craft,533132497
/vessels/details/533133494,TIGH NA MARA,Sailing vessel,533133494
/vessels/details/533132635,SEAPUP,Sailing vessel,533132635
/vessels/details/533132531,SWEET CAROLINE,Pleasure craft,533132531
/vessels/details/533133493,NEBO,Sailing vessel,533133493
/vessels/details/533000006,HALILINTAR 6,Sailing vessel,533000006
/vessels/details/533130541,HERMITAGE,Pleasure craft,533130541
/vessels/details/533005800,GABRIELLA,Pleasure craft,533005800
/vessels/details/533888888,KUP TAN HO 1591,Pleasure craft,533888888
/vessels/details/533132708,AKASA,Sailing vessel,533132708
/vessels/details/533132325,ABORA,Sailing vessel,533132325
/vessels/details/533133422,BLUEGAME BGM 75,Pleasure craft,533133422
/vessels/details/533110423,JANTANA,Pleasure craft,533110423
/vessels/details/533110274,WHY KNOT 1,Pleasure craft,533110274
/vessels/details/533130665,KINGFISHER 2,Pleasure craft,533130665
/vessels/details/533132917,ARRIBA,Sailing vessel,533132917
/vessels/details/533130814,SIX DEGREES,Sailing vessel,533130814
/vessels/details/533110677,PETRUS OF LONDON,Pleasure craft,533110677
/vessels/details/533133168,ISLAY,Pleasure craft,533133168
/vessels/details/533133449,BIT56,Pleasure craft,533133449
/vessels/details/533130964,BLAZE II,Sailing vessel,533130964
/vessels/details/533132524,MY SIENNA,Pleasure craft,533132524
/vessels/details/533110425,XIMULA III,Sailing vessel,533110425
/vessels/details/533110368,ENDLESS SUMMER,Sailing vessel,533110368
/vessels/details/533133137,RUMBUM,Pleasure craft,533133137
/vessels/details/533110252,KAI XIN,Sailing vessel,533110252
/vessels/details/533131057,COSMOLEDO,Sailing vessel,533131057
/vessels/details/533132685,JOJO 99,Pleasure craft,533132685
/vessels/details/533133069,CHEKEMOUT,Pleasure craft,533133069
/vessels/details/533110272,MARIPOSA,Pleasure craft,533110272
/vessels/details/533132804,BANK WIN,Pleasure craft,533132804
/vessels/details/533130344,STELLA MARIS II,Pleasure craft,533130344
/vessels/details/533132985,CWAVE,Pleasure craft,533132985
/vessels/details/533950005,LUMBA LUMBA,Pleasure craft,533950005
/vessels/details/533110225,NOORDERZON,Sailing vessel,533110225
/vessels/details/533110319,FIREBIRD,Sailing vessel,533110319
/vessels/details/533110299,RIZKITT,Sailing vessel,533110299
/vessels/details/533131006,BARNACLES,Sailing vessel,533131006
/vessels/details/533160295,SUPER MEGA TRILLION,Pleasure craft,533160295
/vessels/details/533132663,ALEXANDRA STAR,Pleasure craft,533132663
/vessels/details/533132602,MOONRAKER,Sailing vessel,533132602
/vessels/details/533130438,SHAMBALA,Sailing vessel,533130438
/vessels/details/533132144,XUMA,Pleasure craft,533132144
/vessels/details/533132077,MCKENZIE,Pleasure craft,533132077
/vessels/details/533132901,CAT ISLAND,Sailing vessel,533132901
/vessels/details/533013011,LADY REBECCA,Pleasure craft,533013011
/vessels/details/533110273,MIQUETTE1,Pleasure craft,533110273
/vessels/details/533132711,HORIZON DISCOVERY,Sailing vessel,533132711
/vessels/details/533133311,RUMBOTTLE,Sailing vessel,533133311
/vessels/details/533132495,TRIUMPH THROUGH,Pleasure craft,533132495
/vessels/details/533133191,ENTROPI,Pleasure craft,533133191
/vessels/details/533130599,TE OVIRI,Sailing vessel,533130599
/vessels/details/533130434,MAIJA,Sailing vessel,533130434
/vessels/details/533132193,IMPERIA,Sailing vessel,533132193
/vessels/details/533140181,UKUR 6,Pleasure craft,533140181
/vessels/details/533110168,SE ONE,Pleasure craft,533110168
/vessels/details/533130077,HQ,Pleasure craft,533130077
/vessels/details/533132274,JENNY T,Sailing vessel,533132274
/vessels/details/533131101,PACIFIC ZULU,Pleasure craft,533131101
/vessels/details/533133156,BELLISSIMA,Pleasure craft,533133156
/vessels/details/533133293,ARARA-AZUL,Sailing vessel,533133293
/vessels/details/533130287,SDARLING,Pleasure craft,533130287
/vessels/details/533132938,MICKEY,Sailing vessel,533132938
/vessels/details/533133304,OGA,Sailing vessel,533133304
/vessels/details/533000999,SGR9,Pleasure craft,533000999
/vessels/details/533132819,OPUS TWO,Pleasure craft,533132819
/vessels/details/533132983,J.J PRINCESS,Pleasure craft,533132983
/vessels/details/533131191,HAYLEIGH HAYDEN,Pleasure craft,533131191
/vessels/details/533133359,BUHAYALIK,Sailing vessel,533133359
/vessels/details/533130659,PERRITO,Pleasure craft,533130659
/vessels/details/533010176,PKFB - 2086,Sailing vessel,533010176
/vessels/details/533110056,SOFIYA,Pleasure craft,533110056
/vessels/details/533110041,DALLINGHOO,Sailing vessel,533110041
/vessels/details/533132496,SUMMER III,Pleasure craft,533132496
/vessels/details/533132582,SIXTY SEVEN,Pleasure craft,533132582
/vessels/details/533130278,RADIANCE,Pleasure craft,533130278
/vessels/details/533130536,S5572 ANE,Pleasure craft,533130536
/vessels/details/533131048,GABRIELA,Pleasure craft,533131048
/vessels/details/533130249,CLOVER,Pleasure craft,533130249
/vessels/details/533133434,VERONICA 7,Pleasure craft,533133434
/vessels/details/533133575,NO SHOES,Pleasure craft,533133575
/vessels/details/533110356,PRINCESS BELLO,Pleasure craft,533110356
/vessels/details/533000289,TIVELLE,Pleasure craft,533000289
/vessels/details/533131161,BELLA,Sailing vessel,533131161
/vessels/details/533133401,BOHAI,Pleasure craft,533133401
/vessels/details/533130577,LIBERTY 2,Sailing vessel,533130577
/vessels/details/533133292,BLUE WONDERLAND,Pleasure craft,533133292
/vessels/details/533130898,DILLY DALLY SV,Sailing vessel,533130898
/vessels/details/533132413,KOHIMARAMA,Pleasure craft,533132413
/vessels/details/533132526,SY SERENE,Pleasure craft,533132526
/vessels/details/533132292,BAZILEUS,Sailing vessel,533132292
/vessels/details/533130065,SEA BASS,Sailing vessel,533130065
/vessels/details/533133362,BREEZEASY,Sailing vessel,533133362
/vessels/details/533132149,HAPPYOURS,Pleasure craft,533132149
/vessels/details/533170819,MARLIN STRIKE,Pleasure craft,533170819
/vessels/details/533130519,TWIN MAGIC,Sailing vessel,533130519
/vessels/details/533130889,JW ELLUANNE,Pleasure craft,533130889
/vessels/details/533110253,SY TIKAI,Sailing vessel,533110253
/vessels/details/533330000,5,Pleasure craft,533330000
/vessels/details/533110661,SHAH OF LANGKAWI,Pleasure craft,533110661
/vessels/details/533132565,S.Y ZIGZAG,Sailing vessel,533132565
/vessels/details/533132308,LACRIMA,Sailing vessel,533132308
/vessels/details/533110451,DUTA PANGKOR 1,Pleasure craft,533110451
/vessels/details/533110207,PRINCESS SARAWAK,Pleasure craft,533110207
/vessels/details/533130726,SV DABLU,Sailing vessel,533130726
/vessels/details/533110284,AZIMUT ATLANTIS 43,Pleasure craft,533110284
/vessels/details/533000291,PEYSER 1,Pleasure craft,533000291
/vessels/details/533130593,ATOLL EXPLORER,Sailing vessel,533130593
/vessels/details/533130908,TEORATERA,Pleasure craft,533130908
/vessels/details/533132386,MALUHIA,Sailing vessel,533132386
/vessels/details/533133346,AXOPAR45XC241182,Pleasure craft,533133346
/vessels/details/533002110,SERENITY,Pleasure craft,533002110
/vessels/details/533133552,CALOLILLA,Pleasure craft,533133552
/vessels/details/533132956,CELESTIAL SOUND,Pleasure craft,533132956
/vessels/details/533110307,MAHE,Pleasure craft,533110307
/vessels/details/533110097,KIDDIES TOY,Pleasure craft,533110097
/vessels/details/533132878,FENG359B,Sailing vessel,533132878
/vessels/details/533130632,TAN TAN,Sailing vessel,533130632
/vessels/details/533132874,CHAAC,Sailing vessel,533132874
/vessels/details/533109797,MEMORIES MAKER,Pleasure craft,533109797
/vessels/details/533110124,CAMILLA,Pleasure craft,533110124
/vessels/details/533133055,PAYU,Sailing vessel,533133055
/vessels/details/533130980,TIN BOX 11,Pleasure craft,533130980
/vessels/details/533131073,JANICE,Pleasure craft,533131073
/vessels/details/533110316,INDI BELLE,Pleasure craft,533110316
/vessels/details/533110224,INSPIRATION,Pleasure craft,533110224
/vessels/details/533110535,POLITE,Pleasure craft,533110535
/vessels/details/533130464,REVEL,Sailing vessel,533130464
/vessels/details/533110534,LUNA BLU,Sailing vessel,533110534
/vessels/details/533110408,ZOROCCO,Sailing vessel,533110408
/vessels/details/533133354,DANCING DAYS,Sailing vessel,533133354
/vessels/details/533110188,MAKATA,Sailing vessel,533110188
/vessels/details/533132269,FEI YU,Sailing vessel,533132269
/vessels/details/533110715,AURORA X,Pleasure craft,533110715
/vessels/details/533130939,STRIKE FORCE DELTA,Pleasure craft,533130939
/vessels/details/533133138,FIFTY SEVEN,Pleasure craft,533133138
/vessels/details/533110101,SOPHIE,Sailing vessel,533110101
/vessels/details/533133487,DRAGONFLY 58,Pleasure craft,533133487
/vessels/details/533140158,FCB2005,Pleasure craft,533140158
/vessels/details/533132459,MY CALYPSO,Pleasure craft,533132459
/vessels/details/533132783,APKALLU,Pleasure craft,533132783
/vessels/details/533000980,DOLPHIN EXPLORER,Pleasure craft,533000980
/vessels/details/533132564,UJUD,Pleasure craft,533132564
/vessels/details/533110154,INUKA,Sailing vessel,533110154
/vessels/details/533133459,PARTNERS TWO,Sailing vessel,533133459
/vessels/details/533132624,SPARTA,Pleasure craft,533132624
/vessels/details/533132025,TAMATA,Sailing vessel,533132025
/vessels/details/533110212,LADY SUNSHINE,Sailing vessel,533110212
/vessels/details/533110037,MV PLANET ONE,Pleasure craft,533110037
/vessels/details/533130671,STARTREK,Sailing vessel,533130671
/vessels/details/533132502,ALIES 37,Pleasure craft,533132502
/vessels/details/533110237,FRETLESS,Sailing vessel,533110237
/vessels/details/533110415,SOLITON,Sailing vessel,533110415
/vessels/details/533130884,VIOLEE,Pleasure craft,533130884
/vessels/details/533132605,SARAH SOPHIE,Pleasure craft,533132605
/vessels/details/533110537,INGWE II,Pleasure craft,533110537
/vessels/details/533132552,MARIUS,Sailing vessel,533132552
/vessels/details/533110673,YNOT,Pleasure craft,533110673
/vessels/details/533133201,JN 828 2 R,Pleasure craft,533133201
/vessels/details/533132081,THE GWALARN,Pleasure craft,533132081
/vessels/details/533150054,PRESIDENT RF,Pleasure craft,533150054
/vessels/details/533130394,WASANA,Pleasure craft,533130394
/vessels/details/533110343,VITA SPENSIERATA,Sailing vessel,533110343
/vessels/details/533132873,DAVA D,Pleasure craft,533132873
/vessels/details/533131132,PAN SILVER 7,Pleasure craft,533131132
/vessels/details/533132888,CHARIS,Pleasure craft,533132888
/vessels/details/533132033,FLO,Pleasure craft,533132033
/vessels/details/533130735,TRANQUILITY,Pleasure craft,533130735
/vessels/details/533110405,NATABELLA,Sailing vessel,533110405
/vessels/details/533110191,QUAKERBIRD,Pleasure craft,533110191
/vessels/details/533132782,AQUILA 32 71,Pleasure craft,533132782
/vessels/details/533132141,NAUTIGIRL,Pleasure craft,533132141
/vessels/details/533132444,PRINCESS ALIA,Pleasure craft,533132444
/vessels/details/533000314,LADY LIDIA,Pleasure craft,533000314
/vessels/details/533132545,MILADY HELEN,Sailing vessel,533132545
/vessels/details/533132876,HAI LI LANG HUA,Sailing vessel,533132876
/vessels/details/533150094,MAHALA,Pleasure craft,533150094
/vessels/details/533133231,MANTA ORO,Pleasure craft,533133231
/vessels/details/533132287,DIVINE STELLAR,Pleasure craft,533132287
/vessels/details/533110701,PLATO,Sailing vessel,533110701
/vessels/details/533130783,FLY TIGER,Pleasure craft,533130783
/vessels/details/533133011,MALAYA,Pleasure craft,533133011
/vessels/details/533133044,FITZCARRALDO,Sailing vessel,533133044
/vessels/details/533110606,ALBATROSS,Sailing vessel,533110606
/vessels/details/533132859,LORD OF THE SEA,Sailing vessel,533132859
/vessels/details/533700199,MY JAMJUREE,Pleasure craft,533700199
/vessels/details/533132757,DAMAI PRINCESS,Pleasure craft,533132757
/vessels/details/533133347,BACCARAT,Pleasure craft,533133347
/vessels/details/533132616,LUIPERD,Pleasure craft,533132616
/vessels/details/533132664,MAYA ONE,Pleasure craft,533132664
/vessels/details/533110323,IMAGINE 10,Sailing vessel,533110323
/vessels/details/533133581,NORD WEST - LANGKAWI,Sailing vessel,533133581
/vessels/details/533132268,GWEILO,Pleasure craft,533132268
/vessels/details/533130469,MORVEN,Pleasure craft,533130469
/vessels/details/533132696,SV LIDA GIRL,Sailing vessel,533132696
/vessels/details/533132022,HOT WALLET,Pleasure craft,533132022
/vessels/details/533110078,KIDDIES TOY II,Pleasure craft,533110078
/vessels/details/533133416,DISCOVER PARADISE,Sailing vessel,533133416
/vessels/details/533132313,ZABAVA SOLO SAILOR,Sailing vessel,533132313
/vessels/details/533110332,MOONSHOT,Sailing vessel,533110332
/vessels/details/533132172,MANDARIN,Pleasure craft,533132172
/vessels/details/533133091,SERENEA,Pleasure craft,533133091
/vessels/details/533001140,REEL FAITH,Pleasure craft,533001140
/vessels/details/533132964,CAVIAR,Sailing vessel,533132964
/vessels/details/533133609,ER YU GE,Pleasure craft,533133609
/vessels/details/533110472,ALAMAR,Pleasure craft,533110472
/vessels/details/533110564,ANGELINE,Pleasure craft,533110564
/vessels/details/533110553,HYM FAMILLE,Pleasure craft,533110553
/vessels/details/533133068,CATTIVA,Sailing vessel,533133068
/vessels/details/533133446,TZANEEN,Pleasure craft,533133446
/vessels/details/533131133,SEA DOG,Pleasure craft,533131133
/vessels/details/533133636,LEAD SAIL FORMOSA,Sailing vessel,533133636
/vessels/details/533110574,DEL 2,Pleasure craft,533110574
/vessels/details/533110321,NEREIDS,Sailing vessel,533110321
/vessels/details/533133453,EVA ZHU,Pleasure craft,533133453
/vessels/details/533132988,APRIL II,Pleasure craft,533132988
/vessels/details/533110599,PUTRI ADEL,Pleasure craft,533110599
/vessels/details/533130693,MS SABRINA,Pleasure craft,533130693
/vessels/details/533001790,BERGE FABER,Pleasure craft,533001790
/vessels/details/533133199,SPIRIT XL,Sailing vessel,533133199
/vessels/details/533110648,SORRENTO,Pleasure craft,533110648
/vessels/details/533110131,SH,Sailing vessel,533110131
/vessels/details/533110601,SEVEN,Sailing vessel,533110601
/vessels/details/533007848,KNF 7848,Pleasure craft,533007848
/vessels/details/533133288,SANLORENZO SL90A843,Pleasure craft,533133288
/vessels/details/533132745,PAJE 3,Pleasure craft,533132745
/vessels/details/533130744,AOTEA,Sailing vessel,533130744
/vessels/details/533132432,CANTERA,Pleasure craft,533132432
/vessels/details/533133399,AYLA,Pleasure craft,533133399
/vessels/details/533132296,JULS 84,Pleasure craft,533132296
/vessels/details/533132898,REEL MASTER,Pleasure craft,533132898
/vessels/details/533130461,MICO VERDE,Sailing vessel,533130461
/vessels/details/533130850,SEAS THE DAY,Pleasure craft,533130850
/vessels/details/533110577,LOCHRANNIE,Pleasure craft,533110577
/vessels/details/533110247,JAX 2,Pleasure craft,533110247
/vessels/details/533132678,SY SAIL LA VIE,Pleasure craft,533132678
/vessels/details/533133349,D OPRAH,Pleasure craft,533133349
/vessels/details/533132305,LADY LILIAN,Pleasure craft,533132305
/vessels/details/533133351,CELESTARA,Sailing vessel,533133351
/vessels/details/533054900,EN DIAN,Sailing vessel,533054900
/vessels/details/533130987,BANWAJER,Pleasure craft,533130987
/vessels/details/533132248,OCEAN SUNSET,Sailing vessel,533132248
/vessels/details/533132333,MY VIOLY,Pleasure craft,533132333
/vessels/details/533132101,ANEMONE,Pleasure craft,533132101
/vessels/details/533130029,LOVELY DAY,Pleasure craft,533130029
/vessels/details/533110544,BLOWFISH,Pleasure craft,533110544
/vessels/details/533132285,FREYJA,Pleasure craft,533132285
/vessels/details/533133035,MAJESTY 62,Pleasure craft,533133035
/vessels/details/533110326,OKAA,Sailing vessel,533110326
/vessels/details/533133117,MADAME HO,Pleasure craft,533133117
/vessels/details/533110052,MAGATA,Pleasure craft,533110052
/vessels/details/533133468,NOMAD 101,Pleasure craft,533133468
/vessels/details/533132894,JACKPOT 2,Pleasure craft,533132894
/vessels/details/533132484,LYNX,Pleasure craft,533132484
/vessels/details/533110706,SALADIN OF LANGKAWI,Pleasure craft,533110706
/vessels/details/533133445,MUSINA,Pleasure craft,533133445
/vessels/details/533133113,JENS JAUNT,Sailing vessel,533133113
/vessels/details/533110498,DECANO,Pleasure craft,533110498
/vessels/details/533132525,SY QUERIDA MIA,Pleasure craft,533132525
/vessels/details/533110548,PI JUI EXPRESS,Sailing vessel,533110548
/vessels/details/533110364,POLITE II,Pleasure craft,533110364
/vessels/details/533132079,MANTA BLU,Pleasure craft,533132079
/vessels/details/533132697,SUENITO,Sailing vessel,533132697
/vessels/details/533132877,GRAND KAZAAS,Pleasure craft,533132877
/vessels/details/533132091,ESCAPADE,Sailing vessel,533132091
/vessels/details/533730093,TENDER TO TANGO 5,Pleasure craft,533730093
/vessels/details/533130444,BARBADOS BOUND,Sailing vessel,533130444
/vessels/details/533130909,VIRGO,Pleasure craft,533130909
/vessels/details/533133042,TYRAEL,Pleasure craft,533133042
/vessels/details/533000258,DANGA PRINCESS,Pleasure craft,533000258
/vessels/details/533170368,MEU HUAT 5,Pleasure craft,533170368
/vessels/details/533132381,WAGA MARI,Pleasure craft,533132381
/vessels/details/533110516,LILI PUT,Sailing vessel,533110516
/vessels/details/533132724,MARIA 6,Sailing vessel,533132724
/vessels/details/533133491,KURA-KURA,Pleasure craft,533133491
/vessels/details/533131094,DASH,Sailing vessel,533131094
/vessels/details/533130358,WAVE WALKER,Pleasure craft,533130358
/vessels/details/533211236,123,Pleasure craft,533211236
/vessels/details/533110362,TAMOURE,Sailing vessel,533110362
/vessels/details/533132879,LUCKY LADY,Sailing vessel,533132879
/vessels/details/533133041,SALTBURN,Pleasure craft,533133041
/vessels/details/533131181,COPACABANA,Pleasure craft,533131181
/vessels/details/533133599,LUXSEA,Pleasure craft,533133599
/vessels/details/533132987,KSENIYA,Pleasure craft,533132987
/vessels/details/533130615,SV BRAHMINY KITE,Sailing vessel,533130615
/vessels/details/533133012,HERMANUS,Pleasure craft,533133012
/vessels/details/533110529,SEA E O,Pleasure craft,533110529
/vessels/details/533132309,TURKISH VAN,Sailing vessel,533132309
/vessels/details/533131027,CAYENNE,Sailing vessel,533131027
/vessels/details/533132598,ADI,Sailing vessel,533132598
/vessels/details/533133052,HSIEN YI,Sailing vessel,533133052
/vessels/details/533132364,LADY S,Pleasure craft,533132364
/vessels/details/533170305,KEMANA JAYA 5,Pleasure craft,533170305
/vessels/details/533132234,5 ACES,Pleasure craft,533132234
/vessels/details/533132199,HERENUI,Sailing vessel,533132199
/vessels/details/533133596,AXOPAR29ST251285,Pleasure craft,533133596
/vessels/details/533133039,SV KEA,Pleasure craft,533133039
/vessels/details/533132521,ONE LOVE,Pleasure craft,533132521
/vessels/details/533130285,CHRISTINE,Pleasure craft,533130285
/vessels/details/533110075,ASMARA ALIDA,Sailing vessel,533110075
/vessels/details/533132154,SITKA,Sailing vessel,533132154
/vessels/details/533132061,BEST DIAMOND,Sailing vessel,533132061
/vessels/details/533133571,ELSA 1,Pleasure craft,533133571
/vessels/details/533132995,KESINI,Sailing vessel,533132995
/vessels/details/533132541,SY FOREVER YANG,Sailing vessel,533132541
/vessels/details/533130772,JACKPOT,Sailing vessel,533130772
/vessels/details/533132319,ELAN,Sailing vessel,533132319
/vessels/details/533132925,SY ALLEY CAT,Pleasure craft,533132925
/vessels/details/533130576,SY SENGAWA,Sailing vessel,533130576
/vessels/details/533133014,FAIRLINE SQ58 413,Pleasure craft,533133014
/vessels/details/533170424,BONDEX JAYA 5,Pleasure craft,533170424
/vessels/details/533110426,ARCHIPELAGIC,Pleasure craft,533110426
/vessels/details/533132456,3ERENDIPITY 1,Sailing vessel,533132456
/vessels/details/9234630,AMINAH,Yacht,9234630
/vessels/details/533110195,GOODNEWS,Pleasure craft,533110195
/vessels/details/533132227,RUNAWAY,Sailing vessel,533132227
/vessels/details/533110551,EASY RIDER,Pleasure craft,533110551
/vessels/details/533110693,VAGUE A BOND,Sailing vessel,533110693
/vessels/details/533132658,BEAR BEAR,Pleasure craft,533132658
/vessels/details/533170302,HUAT SUNG 3,Pleasure craft,533170302
/vessels/details/533132045,KOKOMO,Sailing vessel,533132045
/vessels/details/533133387,SUNISA,Sailing vessel,533133387
/vessels/details/533133227,COOKY,Sailing vessel,533133227
/vessels/details/533133423,OCEAN 90,Pleasure craft,533133423
/vessels/details/533130831,AQUILA SUNRISE,Pleasure craft,533130831
/vessels/details/533132972,KARMA 1,Sailing vessel,533132972
/vessels/details/533150086,JASGALORE,Pleasure craft,533150086
/vessels/details/533130986,SOFIA I,Pleasure craft,533130986
/vessels/details/533132951,SALTY CATHERINE,Sailing vessel,533132951
/vessels/details/8529557,5 ACES,Yacht,8529557
/vessels/details/533055100,REEL POWER,Pleasure craft,533055100
/vessels/details/533132383,RENATE,Sailing vessel,533132383
/vessels/details/533007200,KEOKEO,Sailing vessel,533007200
/vessels/details/533131127,PAN SILVER 1,Pleasure craft,533131127
/vessels/details/533132885,EL NINO,Sailing vessel,533132885
/vessels/details/533121048,0,Pleasure craft,533121048
/vessels/details/533110407,ALLEGRO,Sailing vessel,533110407
/vessels/details/533110089,GRETTA LINDSAY,Pleasure craft,533110089
/vessels/details/533054500,BONOBO,Sailing vessel,533054500
/vessels/details/533132408,WHITE ROSE III,Pleasure craft,533132408
/vessels/details/533110584,ALECTRYON,Sailing vessel,533110584
/vessels/details/533110699,WAVESHARK,Pleasure craft,533110699
/vessels/details/533132923,PROVIDENCE SG,Pleasure craft,533132923
/vessels/details/533132998,PHOENIX ONE,Pleasure craft,533132998
/vessels/details/533114639,SF1-4639WANGLAI,Pleasure craft,533114639
/vessels/details/533110153,PIROL,Sailing vessel,533110153
/vessels/details/9139191,MY ADVENTURE,Yacht,9139191
/vessels/details/533140156,FCB2003,Pleasure craft,533140156
/vessels/details/533180093,MY TESANIA 1,Pleasure craft,533180093
/vessels/details/533133317,MOOVE,Pleasure craft,533133317
/vessels/details/533110385,LUCY,Sailing vessel,533110385
/vessels/details/533132509,MOONAGE DAYDREAM,Sailing vessel,533132509
/vessels/details/533133617,RULIN 1,Pleasure craft,533133617
/vessels/details/533132107,OPL MARINE 50,Pleasure craft,533132107
/vessels/details/533110571,LIGHTSHIP,Pleasure craft,533110571
/vessels/details/533130472,SV KALOLAINA,Pleasure craft,533130472
/vessels/details/533132153,TINGS TU SEA,Pleasure craft,533132153
/vessels/details/533110186,S.V. ANAHI,Sailing vessel,533110186
/vessels/details/533109892,OCEN FISHING,Pleasure craft,533109892
/vessels/details/533130411,INSANITY,Sailing vessel,533130411
/vessels/details/533110034,HKH,Sailing vessel,533110034
/vessels/details/9777967,MYKONOS,Yacht,9777967
/vessels/details/533132414,LA NAGA,Sailing vessel,533132414
/vessels/details/533000714,PSALM 68,Pleasure craft,533000714
/vessels/details/533110424,ROYAL YACHT AMINAH,Pleasure craft,533110424
/vessels/details/533110493,THE NEXT FACTOR,Pleasure craft,533110493
/vessels/details/533150117,MNF,Pleasure craft,533150117
/vessels/details/533132927,LEADSAIL ARK,Sailing vessel,533132927
/vessels/details/533132627,MASTERPOINT,Pleasure craft,533132627
/vessels/details/533133402,SANLORENZO SL96A 850,Pleasure craft,533133402
/vessels/details/533132752,SMILEY AURORA,Pleasure craft,533132752
/vessels/details/533110638,SAMKARA,Pleasure craft,533110638
/vessels/details/533131056,SUNDUST,Pleasure craft,533131056
/vessels/details/533131198,MR SEAHORSE,Sailing vessel,533131198
/vessels/details/533131152,ANDROMEDA,Sailing vessel,533131152
/vessels/details/533132346,KAZ,Pleasure craft,533132346
/vessels/details/533110166,LIVE LUCKY,Sailing vessel,533110166
/vessels/details/533130954,KATLA,Sailing vessel,533130954
/vessels/details/533110444,MESRA FERI 3,Pleasure craft,533110444
/vessels/details/533132791,BIT,Sailing vessel,533132791
/vessels/details/533131128,PAN SILVER 3,Pleasure craft,533131128
/vessels/details/533133194,LIFEOFTHEMILLENNIUM,Pleasure craft,533133194
/vessels/details/533132262,HUGO AND GIORGIO,Pleasure craft,533132262
/vessels/details/533133336,AXOPAQR7XC24119200,Pleasure craft,533133336
/vessels/details/533110554,OSBORNE STAR,Sailing vessel,533110554
/vessels/details/533132121,LA BELLA VITA,Pleasure craft,533132121
/vessels/details/533110294,OMBAK RINDU,Sailing vessel,533110294
/vessels/details/533131022,SILVER MOON,Pleasure craft,533131022
/vessels/details/533132326,RUEN,Pleasure craft,533132326
/vessels/details/533133335,RAFFY,Pleasure craft,533133335
/vessels/details/533000303,SOLSTICE,Sailing vessel,533000303
/vessels/details/533133438,ABS 52,Pleasure craft,533133438
/vessels/details/533132356,GOLDEN STONE,Pleasure craft,533132356
/vessels/details/533132978,BEUTEE,Pleasure craft,533132978
/vessels/details/533132225,RAHWIA,Sailing vessel,533132225
/vessels/details/533131174,FAIRLINE F33 26,Pleasure craft,533131174
/vessels/details/533110345,KHALEESI,Pleasure craft,533110345
/vessels/details/533002520,ASIA JAYA 29,Pleasure craft,533002520
/vessels/details/533130026,NADHIRAH,Sailing vessel,533130026
/vessels/details/533110418,MY VAUDREY,Pleasure craft,533110418
/vessels/details/533110178,KOKOPELLI,Sailing vessel,533110178
/vessels/details/533133275,EMOTION,Pleasure craft,533133275
/vessels/details/533110404,AZOR II,Sailing vessel,533110404
/vessels/details/533132641,LAYLA 1,Pleasure craft,533132641
/vessels/details/533132619,HARBOR PRISM,Pleasure craft,533132619
/vessels/details/533132955,BLUEGAME BG42,Pleasure craft,533132955
/vessels/details/533132666,DUFOUR 61,Sailing vessel,533132666
/vessels/details/533133291,GYPSY,Pleasure craft,533133291
/vessels/details/533133471,LAYANG LAYANG,Sailing vessel,533133471
/vessels/details/533133271,MILANAD,Sailing vessel,533133271
/vessels/details/533132253,MEEMEE,Pleasure craft,533132253
/vessels/details/533110017,FAST ONE,Pleasure craft,533110017
/vessels/details/533110524,CASSIOPEIA,Pleasure craft,533110524
/vessels/details/533133379,FORGETMENOT,Pleasure craft,533133379
/vessels/details/533110576,SV BLISS,Sailing vessel,533110576
/vessels/details/533110513,ROXY SUMMER,Pleasure craft,533110513
/vessels/details/533130696,DESTINY 12,Sailing vessel,533130696
/vessels/details/533132918,SECOND WIFE,Pleasure craft,533132918
/vessels/details/533132828,PEARLY BELL 2,Sailing vessel,533132828
/vessels/details/533132778,JIYUU,Sailing vessel,533132778
/vessels/details/533110593,KAIMANA,Sailing vessel,533110593
/vessels/details/533131020,LAGOONER,Pleasure craft,533131020
/vessels/details/533131105,ABRAXAS,Sailing vessel,533131105
/vessels/details/533132852,YUNI,Sailing vessel,533132852
/vessels/details/533130863,BAWAH FLYER,Pleasure craft,533130863
/vessels/details/533133093,KASH,Pleasure craft,533133093
/vessels/details/533132307,NARWHAL,Pleasure craft,533132307
/vessels/details/533001750,KATSU,Pleasure craft,533001750
/vessels/details/533132944,SV RHUMB RUNNER,Pleasure craft,533132944
/vessels/details/533110672,NOM NOM,Pleasure craft,533110672
/vessels/details/533133047,LEGEND N 702769,Sailing vessel,533133047
/vessels/details/533133337,SEAQUEST,Pleasure craft,533133337
/vessels/details/533130835,CASSIUS,Sailing vessel,533130835
/vessels/details/533133198,VISA,Pleasure craft,533133198
/vessels/details/533130575,LA CHICA,Sailing vessel,533130575
/vessels/details/533132718,PAW,Sailing vessel,533132718
/vessels/details/533133562,HOLLY,Sailing vessel,533133562
/vessels/details/533132289,PANGLIMA 1,Pleasure craft,533132289
/vessels/details/533132363,DARK HORSE,Sailing vessel,533132363
/vessels/details/533150024,JHS 9954 T,Pleasure craft,533150024
/vessels/details/533133192,FUNG FAI,Pleasure craft,533133192
/vessels/details/533110306,DIOR,Sailing vessel,533110306
/vessels/details/533133254,MARITIME,Pleasure craft,533133254
/vessels/details/533132157,DECEMBER,Pleasure craft,533132157
/vessels/details/533130602,GB ODYSSEY,Sailing vessel,533130602
/vessels/details/533133601,HIGH HEELS,Sailing vessel,533133601
/vessels/details/533554144,JITLADA,Pleasure craft,533554144
/vessels/details/533132586,ALBA LASS,Sailing vessel,533132586
/vessels/details/533110656,SEAWOLFF,Pleasure craft,533110656
/vessels/details/533130663,VICTORIA YACHTING,Sailing vessel,533130663
/vessels/details/533132834,MAJABELLE,Pleasure craft,533132834
/vessels/details/533131058,ENCHANTED,Pleasure craft,533131058
/vessels/details/533110678,OCEANIA PANDA,Pleasure craft,533110678
/vessels/details/533133086,POSEIDON66,Pleasure craft,533133086
/vessels/details/533133008,PAARL,Pleasure craft,533133008
/vessels/details/533133263,SJN 01098P,Pleasure craft,533133263
/vessels/details/533132575,MY HAPPY,Pleasure craft,533132575
/vessels/details/533702776,RONY,Pleasure craft,533702776
/vessels/details/533110262,SV ZAZEN,Sailing vessel,533110262
/vessels/details/533133475,MANAVA,Sailing vessel,533133475
/vessels/details/533132706,THE BLUE IRIS,Pleasure craft,533132706
/vessels/details/533110281,SAYANG,Pleasure craft,533110281
/vessels/details/533133448,AGNES III,Pleasure craft,533133448
/vessels/details/533110595,PLAN B,Pleasure craft,533110595
/vessels/details/533132683,AZIMUT 60,Pleasure craft,533132683
/vessels/details/533110647,PETER PAN,Pleasure craft,533110647
/vessels/details/533110149,SALAMANDRA,Sailing vessel,533110149
/vessels/details/533132024,SUNRISE,Pleasure craft,533132024
/vessels/details/533131153,SY VALKYRIE,Sailing vessel,533131153
/vessels/details/533110552,SILVER DREAM,Pleasure craft,533110552
/vessels/details/533130483,AMAZING LOVE,Pleasure craft,533130483
/vessels/details/533110049,SIMPLY,Pleasure craft,533110049
/vessels/details/533133175,DELTAMAS,Pleasure craft,533133175
/vessels/details/533132922,FAST ELSER X,Pleasure craft,533132922
/vessels/details/533132967,INDIE,Sailing vessel,533132967
/vessels/details/533132036,KAZE,Pleasure craft,533132036
/vessels/details/533130069,AQUAHOLIC,Pleasure craft,533130069
/vessels/details/533300763,JELITA,Sailing vessel,533300763
/vessels/details/533110703,SUPER RICH,Pleasure craft,533110703
/vessels/details/533132726,SV VAIRANI,Pleasure craft,533132726
/vessels/details/533133299,EP,Pleasure craft,533133299
/vessels/details/533131122,EXCEPTONE,Sailing vessel,533131122
/vessels/details/533140157,FCB2004,Pleasure craft,533140157
/vessels/details/533130494,GADIS PULA0,Sailing vessel,533130494
/vessels/details/533110106,GYPSY SOUL,Sailing vessel,533110106
/vessels/details/533133018,GALLA,Pleasure craft,533133018
/vessels/details/533132239,HONEST MISTAKE,Pleasure craft,533132239
/vessels/details/533132536,IZUM,Pleasure craft,533132536
/vessels/details/533130523,BLUE DIAMOND,Sailing vessel,533130523
/vessels/details/533133541,MY CALADAN,Pleasure craft,533133541
/vessels/details/533133412,SANCTUM,Sailing vessel,533133412
/vessels/details/533132244,PARROT,Pleasure craft,533132244
/vessels/details/533133007,GHOST RIDER,Sailing vessel,533133007
/vessels/details/533133029,AMANPURI 2,Sailing vessel,533133029
/vessels/details/533110455,DEMAREST,Pleasure craft,533110455
/vessels/details/533133592,INNOVISTA,Pleasure craft,533133592
/vessels/details/533130288,ROYAL PEARL,Pleasure craft,533130288
/vessels/details/533133437,SERENITE,Pleasure craft,533133437
/vessels/details/533132529,VANCOUVER 1,Sailing vessel,533132529
/vessels/details/533132345,SYNERGY 1,Pleasure craft,533132345
/vessels/details/533131164,ALMOST HOME,Sailing vessel,533131164
/vessels/details/533131134,MOANA O AROHA,Pleasure craft,533131134
/vessels/details/533132928,JELLY SEA,Pleasure craft,533132928
/vessels/details/533133061,TARA OF THE SEA,Pleasure craft,533133061
/vessels/details/533133163,UNICAT,Pleasure craft,533133163
/vessels/details/533110268,OH MY,Sailing vessel,533110268
/vessels/details/533130221,PILIGRIM,Sailing vessel,533130221
/vessels/details/533133092,FIVE LOAVES,Pleasure craft,533133092
/vessels/details/533132424,KOKOMO 1,Sailing vessel,533132424
/vessels/details/533133392,OHLOTFUN2,Pleasure craft,533133392
/vessels/details/533110287,DEJA VU1,Sailing vessel,533110287
/vessels/details/533110011,IMAGINE,Pleasure craft,533110011
/vessels/details/533110303,MARKTIME,Pleasure craft,533110303
/vessels/details/533132725,MY WINDSPIRATION,Sailing vessel,533132725
/vessels/details/533133187,ROXANNE,Sailing vessel,533133187
/vessels/details/533131129,PAN SILVER 5,Pleasure craft,533131129
/vessels/details/533110314,RUACH,Sailing vessel,533110314
/vessels/details/533132073,DA MOON,Pleasure craft,533132073
/vessels/details/533133514,ZEFIR,Pleasure craft,533133514
/vessels/details/533110484,SAGAR RANI,Sailing vessel,533110484
/vessels/details/533133056,TIMEOUT,Pleasure craft,533133056
/vessels/details/533110174,EAGLE 4,Pleasure craft,533110174
/vessels/details/533110623,ROSARIO,Pleasure craft,533110623
/vessels/details/533130614,SANTAI,Pleasure craft,533130614
/vessels/details/533133027,AMANPURI,Sailing vessel,533133027
/vessels/details/533110585,B2113,Pleasure craft,533110585
/vessels/details/533110028,LITTLE PRINCESS,Pleasure craft,533110028
/vessels/details/9940930,AL REEM,Pleasure craft,9940930
/vessels/details/533133414,ELBA 45 247,Pleasure craft,533133414
/vessels/details/533133176,COCKAINE,Sailing vessel,533133176
/vessels/details/533130647,TINA V,Pleasure craft,533130647
/vessels/details/533130752,LA DOLCE VITA,Pleasure craft,533130752
/vessels/details/533132207,SOPHIAZ,Pleasure craft,533132207
/vessels/details/533441109,PKFB1109,Sailing vessel,533441109
/vessels/details/533133452,THAI GIRL 2,Sailing vessel,533133452
/vessels/details/533180150,ROYAL YACHT JALIL,Pleasure craft,533180150
/vessels/details/533130284,LEAD SAIL III,Sailing vessel,533130284
/vessels/details/533130927,TNT LEISURE,Pleasure craft,533130927
/vessels/details/533110201,NIOBE,Sailing vessel,533110201
/vessels/details/533132584,SALVACH,Sailing vessel,533132584
/vessels/details/533132226,YO GOGAL,Sailing vessel,533132226
/vessels/details/533132117,PROMPRANG,Pleasure craft,533132117
/vessels/details/533132764,LIBERTALIA,Pleasure craft,533132764
/vessels/details/533132704,CHELYABINSK,Sailing vessel,533132704
/vessels/details/533110051,GECKO,Pleasure craft,533110051
/vessels/details/533110305,GREAT SENSATION,Sailing vessel,533110305
/vessels/details/533170774,COCO 2,Sailing vessel,533170774
/vessels/details/533130822,B NATURAL,Sailing vessel,533130822
/vessels/details/533132662,MAHAGUNA,Pleasure craft,533132662
/vessels/details/533130451,SOPHIA,Pleasure craft,533130451
/vessels/details/533133405,WANI,Sailing vessel,533133405
/vessels/details/533132389,THALASSA TT,Sailing vessel,533132389
/vessels/details/533110399,KIHOE,Sailing vessel,533110399
/vessels/details/533110372,AX SEDNA,Pleasure craft,533110372
/vessels/details/533133002,XARAGUA,Sailing vessel,533133002
/vessels/details/533110674,ILREA,Sailing vessel,533110674
/vessels/details/533133309,BLISS 2,Pleasure craft,533133309
/vessels/details/533133241,SPRINGS,Pleasure craft,533133241
/vessels/details/533110634,EVAZION,Sailing vessel,533110634
/vessels/details/533110473,LADY ELIZABETH,Sailing vessel,533110473
/vessels/details/533133334,OPULENCE,Pleasure craft,533133334
/vessels/details/533133608,DYNAMITE,Sailing vessel,533133608
/vessels/details/533132376,LETO,Sailing vessel,533132376
/vessels/details/533132076,WHITE PRINCESS,Pleasure craft,533132076
/vessels/details/533130111,LADY REBECCA,Pleasure craft,533130111
/vessels/details/533132138,HUMMINGBIRD II,Sailing vessel,533132138
/vessels/details/533130183,SY ARALIYA,Sailing vessel,533130183
/vessels/details/533132202,BARBOSA,Pleasure craft,533132202
/vessels/details/533110592,LUNA,Sailing vessel,533110592
/vessels/details/8340597,LANGKAWI LADY,Yacht,8340597
/vessels/details/533110066,ASPIRATION,Sailing vessel,533110066
/vessels/details/533133572,KERIDA,Sailing vessel,533133572
/vessels/details/533132122,SANLORENZO SD96 93,Pleasure craft,533132122
/vessels/details/533133245,AXOPAR37XC240291,Pleasure craft,533133245
/vessels/details/533132948,BLUE,Pleasure craft,533132948
/vessels/details/533133009,ALENA,Pleasure craft,533133009
/vessels/details/533520413,REPOSE,Sailing vessel,533520413
/vessels/details/533110536,FINALE 2,Sailing vessel,533110536
/vessels/details/533110559,LAPITA,Pleasure craft,533110559
/vessels/details/533132845,FILE MOU,Sailing vessel,533132845
/vessels/details/533110146,KIARA,Sailing vessel,533110146
/vessels/details/533000950,OCEAN LILY,Pleasure craft,533000950
/vessels/details/533131108,LUSI,Pleasure craft,533131108
/vessels/details/533132398,THE NAUTILUS,Pleasure craft,533132398
/vessels/details/533133043,MONDAY NIGHT,Sailing vessel,533133043
/vessels/details/533132999,FREEDOM 2,Sailing vessel,533132999
/vessels/details/533132179,SAKKARA,Sailing vessel,533132179
/vessels/details/533132892,D OPTIMUS,Pleasure craft,533132892
/vessels/details/533132676,RAGMAN VIII,Pleasure craft,533132676
/vessels/details/533110241,NEMO,Pleasure craft,533110241
/vessels/details/533132514,CHASING BLUE,Sailing vessel,533132514
/vessels/details/533110114,NAUTILUX,Pleasure craft,533110114
/vessels/details/533130479,DYNAMITE,Sailing vessel,533130479
/vessels/details/533131149,SALT SHAKER II,Pleasure craft,533131149
/vessels/details/533110295,DEFENDER,Pleasure craft,533110295
/vessels/details/533133148,JIANGHE,Pleasure craft,533133148
/vessels/details/533110121,CHAMPAGNE,Sailing vessel,533110121
/vessels/details/533133195,AMANEA,Pleasure craft,533133195
/vessels/details/533110235,EVA,Pleasure craft,533110235
/vessels/details/533130638,ATOOI,Sailing vessel,533130638
/vessels/details/533130107,SINARAN,Pleasure craft,533130107
/vessels/details/533110313,VINCELLE OF INDIA,Pleasure craft,533110313
/vessels/details/533133016,GURU,Sailing vessel,533133016
/vessels/details/533005600,SGYACHT,Pleasure craft,533005600
/vessels/details/533132668,LINECLEAR,Pleasure craft,533132668
/vessels/details/533132355,DEPINX1475,Sailing vessel,533132355
/vessels/details/533180158,SEA WARRIOR,Pleasure craft,533180158
/vessels/details/533140155,FCB2002,Pleasure craft,533140155
/vessels/details/533110304,THE ADVOCATE,Pleasure craft,533110304
/vessels/details/533132247,GIDDY UP,Sailing vessel,533132247
/vessels/details/533132629,MELODYBEL,Pleasure craft,533132629
/vessels/details/533110361,HEIMTLI,Pleasure craft,533110361
/vessels/details/533132205,PRINCESS CAREY,Pleasure craft,533132205
/vessels/details/533130455,LADY QUIKGLOW 1,Pleasure craft,533130455
/vessels/details/533130115,SEA RANCH,Sailing vessel,533130115
/vessels/details/533132562,FAVOR,Pleasure craft,533132562
/vessels/details/533110173,RISING STAR,Sailing vessel,533110173
/vessels/details/533300000,LADY MASTER,Pleasure craft,533300000
/vessels/details/533132795,THELKEN,Pleasure craft,533132795
/vessels/details/533132137,DREAMCATCHER OF S F,Pleasure craft,533132137
/vessels/details/533133003,STRAND,Pleasure craft,533133003
/vessels/details/533110639,BLUE PHOENIX 11,Pleasure craft,533110639
/vessels/details/533132994,GRIT,Pleasure craft,533132994
/vessels/details/533133517,SY MANUIA,Pleasure craft,533133517
/vessels/details/533110653,IZAN,Sailing vessel,533110653
/vessels/details/533133033,ESPRIT,Pleasure craft,533133033
/vessels/details/533132699,BILA BILA,Pleasure craft,533132699
/vessels/details/533039600,MARK ZOOK,Pleasure craft,533039600
/vessels/details/533132405,WHATABOUT,Pleasure craft,533132405
/vessels/details/533133341,MATILDE II,Sailing vessel,533133341
/vessels/details/533132511,SY JUNIPER,Sailing vessel,533132511
/vessels/details/533130158,KATALI,Sailing vessel,533130158
/vessels/details/533132801,PRINCESS TIFFANY,Pleasure craft,533132801
/vessels/details/533340460,TOKEPAW,Sailing vessel,533340460
/vessels/details/533132681,VALKYRIE-LANGKAWI,Sailing vessel,533132681
/vessels/details/533130582,HAI SOON HUAT 1,Pleasure craft,533130582
/vessels/details/9121675,RMN AUX 5,Naval/Naval Auxiliary,9121675
/vessels/details/533930012,KPD SETIA,Law enforcment,533930012
/vessels/details/533065544,RMN WARSHIP 30,Military ops,533065544
/vessels/details/533966501,PERKASA 1223,Law enforcment,533966501
/vessels/details/4591239,RMN WARSHIP 171,Military ops,4591239
/vessels/details/533140104,RMN 112,Military ops,533140104
/vessels/details/533130076,RMN WARSHIP 271,Military ops,533130076
/vessels/details/533140177,MPV AKAMAR,Law enforcment,533140177
/vessels/details/533930005,PSB1,Law enforcment,533930005
/vessels/details/533001672,WUTTITA 1672,Anti-polution,533001672
/vessels/details/533140002,KM NIPAH,Law enforcment,533140002
/vessels/details/533140174,FIC 05,Law enforcment,533140174
/vessels/details/533140108,RMN WARSHIP 114,Law enforcment,533140108
/vessels/details/533966500,PERKASA 1239,Law enforcment,533966500
/vessels/details/533000390,MV SADR,Law enforcment,533000390
/vessels/details/533588891,BRA,Military ops,533588891
/vessels/details/533140178,RMN WARSHIP 46,Military ops,533140178
/vessels/details/533000625,KM KIMANIS,Law enforcment,533000625
/vessels/details/533140019,KM NYALAU,Law enforcment,533140019
/vessels/details/533140023,KM JEPAK,Law enforcment,533140023
/vessels/details/533140105,CB2206,Military ops,533140105
/vessels/details/533140103,RMN 111,Military ops,533140103
/vessels/details/533000638,KM RENTAP,Law enforcment,533000638
/vessels/details/533346625,KINE 134,Military ops,533346625
/vessels/details/533140169,FIC 01,Law enforcment,533140169
/vessels/details/533966559,PENGGALANG 1723,Law enforcment,533966559
/vessels/details/533000026,KD LEKIR 26,Military ops,533000026
/vessels/details/533140171,FIC 02,Law enforcment,533140171
/vessels/details/533226028,RHINCODON TYPUS,Law enforcment,533226028
/vessels/details/533038300,PENYELAMAT 10,Military ops,533038300
/vessels/details/533000621,KM BISTARI,Law enforcment,533000621
/vessels/details/533966498,KM NUSA,Law enforcment,533966498
/vessels/details/533140173,RMN FCB 1131,Law enforcment,533140173
/vessels/details/533966491,PERKASA 1236,Law enforcment,533966491
/vessels/details/533000627,KM STAPA,Law enforcment,533000627
/vessels/details/533140194,FCB 2233,Military ops,533140194
/vessels/details/533300021,NAI WIN OO,Military ops,533300021
/vessels/details/533966504,PERKASA 1226,Law enforcment,533966504
/vessels/details/533015200,SIRIUS,Law enforcment,533015200
/vessels/details/533107000,KINE 134,Military ops,533107000
/vessels/details/533966493,PERKASA 1229,Law enforcment,533966493
/vessels/details/533140015,KM SEBATIK,Law enforcment,533140015
/vessels/details/533140025,KM TAMBISAN,Law enforcment,533140025
/vessels/details/533000658,KM BIJAK,Law enforcment,533000658
/vessels/details/533000616,KM AMANAH,Law enforcment,533000616
/vessels/details/533588892,PRA,Military ops,533588892
/vessels/details/533003508,RMNWARSHIP 3508,Military ops,533003508
/vessels/details/533000613,KM GAGAH,Law enforcment,533000613
/vessels/details/533140193,FCB 2232,Military ops,533140193
/vessels/details/533140014,KM TENGGOL,Law enforcment,533140014
/vessels/details/533000271,KM ADIL,Law enforcment,533000271
/vessels/details/533966495,PERKASA 1231,Law enforcment,533966495
/vessels/details/533140164,FCB2205,Military ops,533140164
/vessels/details/533000628,KM SEMILANG,Law enforcment,533000628
/vessels/details/533140175,FIC 06,Law enforcment,533140175
/vessels/details/533140001,KM BURAU,Law enforcment,533140001
/vessels/details/533000332,RMN 332,Military ops,533000332
/vessels/details/533140013,KM MABUL,Law enforcment,533140013
/vessels/details/533966499,PERKASA 1238,Law enforcment,533966499
/vessels/details/533000631,KM MERSUJI,Law enforcment,533000631
/vessels/details/533140009,KM REDANG,Law enforcment,533140009
/vessels/details/533140195,FCB 2234,Military ops,533140195
/vessels/details/533000632,KM SIAKAP,Law enforcment,533000632
/vessels/details/533140112,RMN 3505,Military ops,533140112
/vessels/details/533140159,FCB2201,Military ops,533140159
/vessels/details/533170161,NEOPETRO 11,Resolution 18 ship,533170161
/vessels/details/533000657,KM SETIA,Law enforcment,533000657
/vessels/details/533000619,KM MULIA,Law enforcment,533000619
/vessels/details/533130949,PC32,Law enforcment,533130949
/vessels/details/533966505,PERKASA 1240,Law enforcment,533966505
/vessels/details/533404761,KD LEDANG,Military ops,533404761
/vessels/details/533300001,RMN 331,Military ops,533300001
/vessels/details/533966514,PERKASA 1242,Law enforcment,533966514
/vessels/details/533038200,PENYELAMAT 9,Law enforcment,533038200
/vessels/details/533000601,KM LANGKAWI,Law enforcment,533000601
/vessels/details/533000624,KM SIANGIN,Law enforcment,533000624
/vessels/details/533910382,PKFB 2098,Anti-polution,533910382
/vessels/details/533112222,TIGER,SAR,533112222
/vessels/details/533466875,PERANTAU,Military ops,533466875
/vessels/details/533110098,DESTINY,Anti-polution,533110098
/vessels/details/533130879,JURUKUR,SAR,533130879
/vessels/details/533000623,KM DANGA,Law enforcment,533000623
/vessels/details/533140163,CB2204,Military ops,533140163
/vessels/details/533966502,PERKASA 1220,Law enforcment,533966502
/vessels/details/533966516,PERKASA 1241,Law enforcment,533966516
/vessels/details/533966511,PERKASA 1244,Law enforcment,533966511
/vessels/details/533000602,KM BANGGI,Law enforcment,533000602
/vessels/details/533966457,BOT HIDROGRAFI 1,Military ops,533966457
/vessels/details/533130091,RMN WARSHIP 272,Military ops,533130091
/vessels/details/533966515,PERKASA 1243,Law enforcment,533966515
/vessels/details/533000025,KD KASTURI,Military ops,533000025
/vessels/details/533140196,FCB 2235,Military ops,533140196
/vessels/details/533966490,PERKASA 1235,Law enforcment,533966490
/vessels/details/533140161,FCB2202,Military ops,533140161
/vessels/details/533055800,PA 54,Law enforcment,533055800
/vessels/details/533140022,KM KIDURONG,Law enforcment,533140022
/vessels/details/533140027,KM SIAGUT,Law enforcment,533140027
/vessels/details/533140008,KM PERINGGI,Law enforcment,533140008
/vessels/details/533000618,KM TEGAS,Law enforcment,533000618
/vessels/details/533140192,LAYAR 2,Law enforcment,533140192
/vessels/details/533140016,KM TUGAU,Law enforcment,533140016
/vessels/details/533966472,BOT HIDROGRAFI 2,Military ops,533966472
/vessels/details/533966506,PERKASA 1227,Law enforcment,533966506
/vessels/details/533966509,PERKASA 1224,Law enforcment,533966509
/vessels/details/533000617,KM JUJUR,Law enforcment,533000617
/vessels/details/533966508,PERKASA 1228,Law enforcment,533966508
/vessels/details/533140183,FCB 2031,Military ops,533140183
/vessels/details/533140182,FCB 2030,Military ops,533140182
/vessels/details/533000633,KM MALAWALI,Law enforcment,533000633
/vessels/details/533000622,KM MARUDU,Law enforcment,533000622
/vessels/details/533966555,PENGGALANG 31,Law enforcment,533966555
/vessels/details/533140172,RMN FCB 1130,Law enforcment,533140172
/vessels/details/533102538,GRIPEN,Military ops,533102538
/vessels/details/533140185,FCB 2231,Military ops,533140185
/vessels/details/533140032,KM SIBUAN,Law enforcment,533140032
/vessels/details/533130945,PC31,Law enforcment,533130945
/vessels/details/533966492,PERKASA 1222,Law enforcment,533966492
/vessels/details/533140146,RMN WARSHIP 136,Law enforcment,533140146
/vessels/details/533000030,ALNILAM,Law enforcment,533000030
/vessels/details/533000272,KM PINTAR,Law enforcment,533000272
/vessels/details/533140021,KM NIAH,Law enforcment,533140021
/vessels/details/533140107,RMN WARSHIP 113,Military ops,533140107
/vessels/details/533140184,FCB2230,Military ops,533140184
/vessels/details/9396866,TARGET 36,Tug,9396866
/vessels/details/9605475,DANUM 136,Tug,9605475
/vessels/details/9568366,TARGET 37,Tug,9568366
/vessels/details/9520417,PADU TENANG,Tug,9520417
/vessels/details/9520429,AMAN TENANG,Tug,9520429
/vessels/details/9501485,KEJORA PROSPER,Tug,9501485
/vessels/details/9795579,AMBERSTAR 40608,Tug,9795579
/vessels/details/9833618,KEJORA PTP 82,Tug,9833618
/vessels/details/1034527,KSP VENUS,Tug,1034527
/vessels/details/9715256,KSP VIRGO,Tug,9715256
/vessels/details/9715268,KSP VIRTUE,Tug,9715268
/vessels/details/9714848,NAUTICA TG.PUTERIXIX,Tug,9714848
/vessels/details/9714850,NAUTICA TG.PUTERI XX,Tug,9714850
/vessels/details/9668831,MANDAHAN,Tug,9668831
/vessels/details/9370616,KSP LIBRA,Tug,9370616
/vessels/details/9370604,KSP LEO,Tug,9370604
/vessels/details/9329136,POLLUX,Tug,9329136
/vessels/details/9883950,LONG LELLANG,Tug,9883950
/vessels/details/9111979,KSP 44,Pusher Tug,9111979
/vessels/details/9111967,KSP 43,Pusher Tug,9111967
/vessels/details/9707900,NAUTICA TG.PUTERI 21,Tug,9707900
/vessels/details/7931521,FC VIKING,Tug,7931521
/vessels/details/9707883,NAUTICA TG PUTERI 25,Tug,9707883
/vessels/details/9570204,SAMUDRA LAJU 2,Tug,9570204
/vessels/details/9830721,SUN TZU,Tug,9830721
/vessels/details/9327231,TB MIRZAM,Tug,9327231
/vessels/details/9126120,BADANG LAPAN,Tug,9126120
/vessels/details/9585687,EASTPORT BRAVO,Tug,9585687
/vessels/details/9769570,MACALLAN 9,Tug,9769570
/vessels/details/9126118,BADANG TUJUH,Tug,9126118
/vessels/details/9650523,NUR BARAKAH,Tug,9650523
/vessels/details/9149160,TAG NUR 12,Tug,9149160
/vessels/details/9149172,TAG NUR 1O,Tug,9149172
/vessels/details/9149184,TAG NUR 11,Tug,9149184
/vessels/details/9188051,TAG NUR 20,Tug,9188051
/vessels/details/9492969,HIGHLINE 66,Tug,9492969
/vessels/details/9734599,MACALLAN 3,Tug,9734599
/vessels/details/9793612,JOYCE,Tug,9793612
/vessels/details/9668001,MACALLAN 1,Tug,9668001
/vessels/details/9352468,SUEANN,Tug,9352468
/vessels/details/9216535,BADANG SEPULUH,Tug,9216535
/vessels/details/9289609,KSP SUN,Tug,9289609
/vessels/details/9289623,ACE STAR,Tug,9289623
/vessels/details/9289611,ACE GUARD,Tug,9289611
/vessels/details/9560405,KEJORA SPRING,Tug,9560405
/vessels/details/9501382,KEJORA SALVO,Tug,9501382
/vessels/details/9315678,ACE SCOUT,Tug,9315678
/vessels/details/9371490,KEJORA SUNRISE,Tug,9371490
/vessels/details/9253959,TAG NUR 18,Tug,9253959
/vessels/details/9253973,TM GLOBAL 58,Tug,9253973
/vessels/details/9568316,KSP SUMMIT,Tug,9568316
/vessels/details/9261592,KSP SCULPTOR,Tug,9261592
/vessels/details/9568304,KSP SUCCESS,Tug,9568304
/vessels/details/9192210,KEJORA LIMA,Tug,9192210
/vessels/details/9069396,NIDA,Tug,9069396
/vessels/details/9102459,NADYIONEL,Tug,9102459
/vessels/details/9685281,SINARAN SETIA,Tug,9685281
/vessels/details/9457799,MAJU BINTANG 2,Tug,9457799
/vessels/details/9630652,JANA NO. 1,Tug,9630652
/vessels/details/9823077,RIKI 19,Tug,9823077
/vessels/details/9876672,MCL PRIMO 1,Tug,9876672
/vessels/details/9089762,WAN 106,Tug,9089762
/vessels/details/9443229,EVER ROYAL,Tug,9443229
/vessels/details/9777876,MELOR,Tug,9777876
/vessels/details/8984343,SINLINE 3-,Tug,8984343
/vessels/details/9919802,CASSANDRA 231,Tug,9919802
/vessels/details/9263801,BESTWIN 58,Tug,9263801
/vessels/details/8888575,KENCANA RAYA,Tug,8888575
/vessels/details/9072276,NAUTICAL EAST 1,Tug,9072276
/vessels/details/9855379,PARAGON 9,Tug,9855379
/vessels/details/533064900,JETTA 36,Tug,533064900
/vessels/details/533003020,JANA NO.1,Tug,533003020
/vessels/details/533160216,BESTARRI 3,Tug,533160216
/vessels/details/533131081,OPL MARINE 22,Tug,533131081
/vessels/details/533064500,JETTA 33,Tug,533064500
/vessels/details/533132491,MCL PRIMO 3,Tug,533132491
/vessels/details/533000513,BRANTAS 1203,Tug,533000513
/vessels/details/533132132,BADANG SEBELAS,Tug,533132132
/vessels/details/533005400,KEJORA 42,Tug,533005400
/vessels/details/533132016,ACE SYNERGY,Tug,533132016
/vessels/details/533130866,SEA DYNAMIC,Tug,533130866
/vessels/details/533132864,TBMELOR,Tug,533132864
/vessels/details/533001320,JETTA 35,Tug,533001320
/vessels/details/533000202,KSP SCORPIUS,Tug,533000202
/vessels/details/533000203,KSP SUN,Tug,533000203
/vessels/details/533001360,JETTA 37,Tug,533001360
/vessels/details/533000205,KSP SCULPTOR,Tug,533000205
/vessels/details/533160041,EVER ROYAL,Tug,533160041
/vessels/details/8660193,JAYA STAR,Tug,8660193
/vessels/details/9071088,KLIH 1,Tug,9071088
/vessels/details/533936630,TAU53,Tug,533936630
/vessels/details/9089774,WAN 107,Tug,9089774
/vessels/details/533110707,MS TUG 88,Tug,533110707
/vessels/details/7409528,MEISUN T36,Tug,7409528
/vessels/details/533001440,TB MCL EXPRESS II,Tug,533001440
/vessels/details/9653616,DANUM 161,Tug,9653616
/vessels/details/533170115,JIN HWA 47,Tug,533170115
/vessels/details/533170048,DANUM 143,Tug,533170048
/vessels/details/9826926,TARGET 10,Tug,9826926
/vessels/details/533000007,MODALWAN NO7,Tug,533000007
/vessels/details/533170602,VIKING 32,Tug,533170602
/vessels/details/9569437,TB TOLL ALPHA,Tug,9569437
/vessels/details/533131026,LOW KIM CHUAN 88,Tug,533131026
/vessels/details/8696142,KWANSOO 10,Tug,8696142
/vessels/details/533000014,RUBY,Tug,533000014
/vessels/details/533000402,KIONG MIN 3,Tug,533000402
/vessels/details/533922339,PLAYBOY 2339,Tug,533922339
/vessels/details/9188049,TAG NUR 21,Pusher Tug,9188049
/vessels/details/9830587,MACALLAN 17,Tug,9830587
/vessels/details/533331487,BELL-LA.1487,Tug,533331487
/vessels/details/533845000,TEKUN 16217,Tug,533845000
/vessels/details/9356440,NAUTICA TG PUTERI I,Tug,9356440
/vessels/details/9443322,BUDGET 17,Tug,9443322
/vessels/details/533411234,SOE PYAE ...,Tug,533411234
/vessels/details/533170353,POLY 32,Tug,533170353
/vessels/details/9169469,KEJORA LEKIR,Tug,9169469
/vessels/details/533160006,EASTPORT BRAVO,Tug,533160006
/vessels/details/533180025,CKG BERJAVA 101,Tug,533180025
/vessels/details/9433975,HIGHLINE 56,Tug,9433975
/vessels/details/533191579,SERUDONG 1,Tug,533191579
/vessels/details/9515369,BUDGET 19,Tug,9515369
/vessels/details/9449479,DANUM 76,Tug,9449479
/vessels/details/533133324,GERAK PERDANA,Tug,533133324
/vessels/details/8022559,ANGGUN SARI,Tug,8022559
/vessels/details/533170586,JAYA STAR,Tug,533170586
/vessels/details/8313764,BARAKUDA,Tug,8313764
/vessels/details/9210763,CROSS OCEAN 101,Tug,9210763
/vessels/details/9256949,HAMUDI DUA,Tug,9256949
/vessels/details/9471628,HIGHLINE 61,Tug,9471628
/vessels/details/533004860,JIN HWA 45,Tug,533004860
/vessels/details/9398864,INTAN SARI,Tug,9398864
/vessels/details/9112430,BONGGAYA 78,Tug,9112430
/vessels/details/533311979,SEA FALCON,Tug,533311979
/vessels/details/9717840,NTT BERCHAM,Tug,9717840
/vessels/details/533180026,JAWA,Tug,533180026
/vessels/details/533003700,HAGGAI 1,Tug,533003700
/vessels/details/9154907,KEJORA INDAH,Tug,9154907
/vessels/details/9349851,UNION STAR 1,Tug,9349851
/vessels/details/9751200,MACALLAN 6,Tug,9751200
/vessels/details/8818556,VIVO NITA,Tug,8818556
/vessels/details/1022835,LION KIMTRANS TB 2,Tug,1022835
/vessels/details/533016300,TB COOLDUGONG 118,Tug,533016300
/vessels/details/533170556,CAPE 7,Tug,533170556
/vessels/details/533000461,KAJANG 8,Tug,533000461
/vessels/details/9827009,PLUS 2,Tug,9827009
/vessels/details/533133573,OSIRIS 2,Tug,533133573
/vessels/details/9468035,POLY 22,Tug,9468035
/vessels/details/8996580,HIGHLINE26,Tug,8996580
/vessels/details/533132774,KIONG MIN 33,Tug,533132774
/vessels/details/8731796,GUNUNG DAMAI 1,Tug,8731796
/vessels/details/533133004,SINGA JAYA-PPP03211K,Tug,533133004
/vessels/details/533341172,KAYA 12,Tug,533341172
/vessels/details/7425974,MASINDRA 9,Tug,7425974
/vessels/details/9278301,NEW LINE 8,Tug,9278301
/vessels/details/9707912,NAUTICA TGPUTERI 22,Tug,9707912
/vessels/details/8979221,BONSPEED 10,Tug,8979221
/vessels/details/533160202,SABAWANGSA N0.1601,Tug,533160202
/vessels/details/533170292,TB MCL PUTERA 1,Tug,533170292
/vessels/details/533130424,TAG NUR 9,Tug,533130424
/vessels/details/9476628,SAMUDRA EMAS 1,Tug,9476628
/vessels/details/533222222,SF2 3876,Tug,533222222
/vessels/details/533133269,HENG HENG 29,Tug,533133269
/vessels/details/9557525,SOLID 8,Tug,9557525
/vessels/details/1075416,TUAH Q01,Tug,1075416
/vessels/details/9695341,WINNING 26,Tug,9695341
/vessels/details/1121291,TANG TIEW HEE H 118,Tug,1121291
/vessels/details/9489390,EASTERN BLISS 2,Tug,9489390
/vessels/details/9661778,HARBOUR OSCAR,Tug,9661778
/vessels/details/9665578,EVER OCEAN GULL,Tug,9665578
/vessels/details/9177208,BRANTAS 1202,Tug,9177208
/vessels/details/533001487,BELL-LA.SHARKSEA,Tug,533001487
/vessels/details/9864693,MACALLAN 21,Tug,9864693
/vessels/details/9131565,HOCK PENG 33,Tug,9131565
/vessels/details/9707728,NAUTICA TG.PUTERI 24,Tug,9707728
/vessels/details/533002430,FORDECO 97,Tug,533002430
/vessels/details/8890891,TUTON,Tug,8890891
/vessels/details/9127916,COOL DUGONG 113,Tug,9127916
/vessels/details/533170061,DANUM 141,Tug,533170061
/vessels/details/533000523,CRYSTAL NO 2,Tug,533000523
/vessels/details/9380960,BINTANG SARI,Tug,9380960
/vessels/details/9046473,PROMEX 8,Tug,9046473
/vessels/details/8745852,GERAK PANTAS,Tug,8745852
/vessels/details/9219587,HAGGAI 3,Tug,9219587
/vessels/details/9276652,DAWAMA,Tug,9276652
/vessels/details/9742182,GLOBAL 1,Tug,9742182
/vessels/details/6813710,SAUJANA,Tug,6813710
/vessels/details/533170607,DANUM 131,Tug,533170607
/vessels/details/9615793,RICHBLUE 1,Tug,9615793
/vessels/details/9551430,KSP ZENITH,Tug,9551430
/vessels/details/9821029,HELANG SEROJA,Tug,9821029
/vessels/details/533170764,BERHALA,Tug,533170764
/vessels/details/533170748,SHIPPER LINK 6,Tug,533170748
/vessels/details/533170548,BONSPEED 10,Tug,533170548
/vessels/details/533170196,SINHIN 5,Tug,533170196
/vessels/details/533057900,IN THYE 2,Tug,533057900
/vessels/details/9072317,KEJORA DUA,Tug,9072317
/vessels/details/9026095,JIN HWA 47,Tug,9026095
/vessels/details/533002900,TUTON,Tug,533002900
/vessels/details/533132709,EVOSUN TUG 01,Tug,533132709
/vessels/details/533457000,MAJU BINTANG I,Tug,533457000
/vessels/details/533170555,ML OSIRIS 1,Tug,533170555
/vessels/details/9818345,BOMBER 1601,Pusher Tug,9818345
/vessels/details/9830642,MACALLAN 18,Tug,9830642
/vessels/details/9308314,DANUM 8,Tug,9308314
/vessels/details/8660208,LADY MASTER,Tug,8660208
/vessels/details/9429340,DANUM 61,Tug,9429340
/vessels/details/9588421,SEACREST WARRIOR,Tug,9588421
/vessels/details/533130801,TB.MEISUN T35,Tug,533130801
/vessels/details/533130178,STARBRIGHT,Tug,533130178
/vessels/details/533132159,CORAL 1,Tug,533132159
/vessels/details/9428164,HIGHLINE 51,Tug,9428164
/vessels/details/9157026,BOSTA KAYUNG NO. 15,Tug,9157026
/vessels/details/9788825,NAUTICA TG.PUTERI 38,Tug,9788825
/vessels/details/9812339,LAJU 1,Tug,9812339
/vessels/details/9571947,JIN HWA 32,Tug,9571947
/vessels/details/9564944,GOJIRA 1,Tug,9564944
/vessels/details/9372028,MAJU BINTANG,Tug,9372028
/vessels/details/7506792,TONG SENG 8,Tug,7506792
/vessels/details/533170156,MERANTI 33,Tug,533170156
/vessels/details/1072115,JOYSUNG NO. 11,Tug,1072115
/vessels/details/1034503,KSP VICTORY,Tug,1034503
/vessels/details/8864593,VICTORIA 22,Tug,8864593
/vessels/details/8975897,MODALWAN 1022,Tug,8975897
/vessels/details/9507934,BINTANG CATUR 2,Tug,9507934
/vessels/details/533170322,FOREMOST 20,Tug,533170322
/vessels/details/533170211,VIRGO 19,Tug,533170211
/vessels/details/533170675,DANUM 140,Tug,533170675
/vessels/details/9701542,CORAL 1,Tug,9701542
/vessels/details/533050278,SIN MATU 12,Tug,533050278
/vessels/details/533221838,ARAMBOXS,Tug,533221838
/vessels/details/9305996,MODALWAN 1041,Tug,9305996
/vessels/details/9188702,DAEBO 2,Tug,9188702
/vessels/details/9045223,BADANG ENAM,Tug,9045223
/vessels/details/533752525,ETRA 711,Tug,533752525
/vessels/details/9620891,KSP PIONEER,Tug,9620891
/vessels/details/9862889,WIRA 5,Tug,9862889
/vessels/details/533170674,SABAH 1,Tug,533170674
/vessels/details/9821017,HELANG SAKURA,Tug,9821017
/vessels/details/533170488,TUG.EVER DRAGON,Tug,533170488
/vessels/details/533762369,NATIONAL 71,Tug,533762369
/vessels/details/533130818,ENG LEE 76,Tug,533130818
/vessels/details/533170212,VIRGO 29,Tug,533170212
/vessels/details/9827621,MEGAH TENANG,Tug,9827621
/vessels/details/9076428,TAG NUR DUA,Tug,9076428
/vessels/details/9685293,SINARAN WARNA,Tug,9685293
/vessels/details/533901656,SRIRUNG..1656,Tug,533901656
/vessels/details/9434008,HUB III,Tug,9434008
/vessels/details/9499008,DANUM 90,Tug,9499008
/vessels/details/533133426,OCEAN 1,Tug,533133426
/vessels/details/533132844,TAKA 3,Tug,533132844
/vessels/details/533191566,EVER CHARITY,Tug,533191566
/vessels/details/9157040,FLORA,Tug,9157040
/vessels/details/533000130,BADANG TUJUH,Tug,533000130
/vessels/details/8825377,BONGGAYA NO. 39,Tug,8825377
/vessels/details/9492971,SAMUDRA MAJU 1,Tug,9492971
/vessels/details/8923234,REBECCA NO. 1,Tug,8923234
/vessels/details/9791406,HARMONI SATU,Tug,9791406
/vessels/details/8660210,LADY POLINE,Tug,8660210
/vessels/details/9193836,BOSTA KAYUNG NO. 17,Tug,9193836
/vessels/details/8996657,SMC OBANDO,Tug,8996657
/vessels/details/533332651,BINTANG CATUR 2,Tug,533332651
/vessels/details/9763057,NAUTICA PUTERI XXIX,Tug,9763057
/vessels/details/8772685,IN THYE 2,Tug,8772685
/vessels/details/9615640,SMOOTH WATER 1,Tug,9615640
/vessels/details/9600176,SERUDONG 7,Tug,9600176
/vessels/details/533170419,FOREMOST METRO 11,Tug,533170419
/vessels/details/8212051,YTC TUG 36,Tug,8212051
/vessels/details/9328833,KENCANA MAKMUR I,Tug,9328833
/vessels/details/533133234,BOSTA KAYUNG NO 18,Tug,533133234
/vessels/details/533170472,JOYSUNG 5,Tug,533170472
/vessels/details/9501966,ASB MUTIARA 3,Tug,9501966
/vessels/details/9547300,NEWTON 3,Tug,9547300
/vessels/details/533160038,EVER JUBILANT,Tug,533160038
/vessels/details/9275464,KSP PHOENIX,Tug,9275464
/vessels/details/9786889,ACE BREAM,Tug,9786889
/vessels/details/533160037,EVER GORGEOUS,Tug,533160037
/vessels/details/9495428,BLUE STAR,Tug,9495428
/vessels/details/8537085,LION KIMTRANS TB 1,Tug,8537085
/vessels/details/9641986,MACALLAN 2,Tug,9641986
/vessels/details/9803077,MACALLAN 11,Tug,9803077
/vessels/details/9662497,MCL POWER III,Tug,9662497
/vessels/details/9524401,BRANTAS 1301,Tug,9524401
/vessels/details/9530814,DANUM 145,Tug,9530814
/vessels/details/9762297,FORDECO 115,Tug,9762297
/vessels/details/533002530,MK ENAM,Tug,533002530
/vessels/details/9822504,NAUTILUS 2,Pusher Tug,9822504
/vessels/details/9208631,ZAMBATEK 33,Tug,9208631
/vessels/details/9027661,SUNG FATT 35,Tug,9027661
/vessels/details/9616319,HUB 16,Tug,9616319
/vessels/details/7232949,KENDREDGE 2,Tug,7232949
/vessels/details/9168142,KEJORA TUAH 4,Tug,9168142
/vessels/details/533002580,EASTERN BLISS 8,Tug,533002580
/vessels/details/533170723,MV TUGAU,Tug,533170723
/vessels/details/533170367,EVER VENUS,Tug,533170367
/vessels/details/533039300,LOWKIMCHUAN118,Tug,533039300
/vessels/details/533021400,LION KIMTRANS TB2,Tug,533021400
/vessels/details/8975885,MODALWAN 1020,Tug,8975885
/vessels/details/9237450,MV AYYAZ SATU,Tug,9237450
/vessels/details/9765005,JAY VARUNA,Tug,9765005
/vessels/details/9876115,SRI SEMERAK,Tug,9876115
/vessels/details/9707974,MAJU SOON CHING NO. 6,Tug,9707974
/vessels/details/533004390,TIP TOP 1,Tug,533004390
/vessels/details/9608166,NAUTICA TG.PUTERIXII,Tug,9608166
/vessels/details/9462835,MK LAPAN,Tug,9462835
/vessels/details/9553531,AG AZZAM,Tug,9553531
/vessels/details/8693138,CKG BERJAYA 101,Tug,8693138
/vessels/details/533000408,WARISAN 11,Tug,533000408
/vessels/details/533191553,IVANA VI,Tug,533191553
/vessels/details/9717838,NTT BATIK,Tug,9717838
/vessels/details/533133066,BESTWIN 58,Tug,533133066
/vessels/details/9733662,PERFECT 11,Tug,9733662
/vessels/details/533456789,RECON.135,Tug,533456789
/vessels/details/9409211,JOHAN PIONEER 2,Tug,9409211
/vessels/details/533130829,ANCHOR TUG 16,Tug,533130829
/vessels/details/533901068,SAROM.1693,Tug,533901068
/vessels/details/1088085,GERAK PERDANA,Tug,1088085
/vessels/details/8022547,MASINDRA 11,Tug,8022547
/vessels/details/9391684,KENCANA PERKASA SATU,Tug,9391684
/vessels/details/533110248,GERAK GEMILANG,Tug,533110248
/vessels/details/9623790,HUB 23,Tug,9623790
/vessels/details/533170701,KWANSOO 11,Tug,533170701
/vessels/details/533130953,KETARA TUG DUA,Tug,533130953
/vessels/details/9710218,SINGAWAN ANGGUN,Tug,9710218
/vessels/details/533170135,JIN HWA 43,Tug,533170135
/vessels/details/533160195,SAWEKO RICHIE,Tug,533160195
/vessels/details/533170134,EVER OCEAN SILK,Tug,533170134
/vessels/details/9154660,MODALWAN NO. 2,Tug,9154660
/vessels/details/9404261,DANUM 50,Tug,9404261
/vessels/details/9327229,PW TEKUN,Tug,9327229
/vessels/details/9532446,DANUM 150,Tug,9532446
/vessels/details/9264582,AJANG IKHLAS,Tug,9264582
/vessels/details/9837157,MCL PUTERA III,Tug,9837157
/vessels/details/9645152,HELANG SAMUDRA,Tug,9645152
/vessels/details/9089786,WAN 105,Tug,9089786
/vessels/details/533170539,YTC TUG 18,Tug,533170539
/vessels/details/9717876,NTT BIKAM,Tug,9717876
/vessels/details/9158317,BRANTAS 1001,Tug,9158317
/vessels/details/533001133,BELL.PATUM.RACH,Tug,533001133
/vessels/details/8888068,VIKING 31,Tug,8888068
/vessels/details/9376567,NAUTILLUS,Tug,9376567
/vessels/details/9638707,MEB TUG 8,Tug,9638707
/vessels/details/9268227,SAMUDRA RAYA 1 U,Tug,9268227
/vessels/details/9436604,TEKUN 12262,Tug,9436604
/vessels/details/9373981,JIN HWA 49,Tug,9373981
/vessels/details/533170517,TAZ 14,Tug,533170517
/vessels/details/533017003,AKID 11,Tug,533017003
/vessels/details/9320958,KEJORA 41,Tug,9320958
/vessels/details/533132255,MAJU BINTANG 2,Tug,533132255
/vessels/details/9775218,SCI SUCCESS,Tug,9775218
/vessels/details/1083229,CASSANDRA 262,Tug,1083229
/vessels/details/8898714,COOL DUGONG 118,Tug,8898714
/vessels/details/8660181,LADY LUCK,Tug,8660181
/vessels/details/9276638,DURAR,Tug,9276638
/vessels/details/9564334,TB SINARAN MENTARI,Tug,9564334
/vessels/details/9517537,ASIA JAYA 29,Tug,9517537
/vessels/details/533170637,KWANSOO 10,Tug,533170637
/vessels/details/9803089,MACALLAN 12,Tug,9803089
/vessels/details/9648958,JIN HWA 45,Tug,9648958
/vessels/details/533000554,KEJORA ENAM,Tug,533000554
/vessels/details/533000178,GERAK TEGAS,Tug,533000178
/vessels/details/533191565,EVER SUNLIGHT,Tug,533191565
/vessels/details/1114121,MUHIBBAH 20125,Tug,1114121
/vessels/details/533002570,OCEAN 22,Tug,533002570
/vessels/details/533170251,MACALLAN 3,Tug,533170251
/vessels/details/533130919,TB COOL DUGONG 08,Tug,533130919
/vessels/details/8121226,LONG LAMA,Tug,8121226
/vessels/details/533170744,CENTILLION 1,Tug,533170744
/vessels/details/7825825,MASINDRA 13,Tug,7825825
/vessels/details/533999009,ONE UP 39,Tug,533999009
/vessels/details/9517501,ASIA JAYA 28,Tug,9517501
/vessels/details/533170775,YONG LEE 5,Tug,533170775
/vessels/details/533000229,TB GLORIA 2,Tug,533000229
/vessels/details/9261580,KSP SCORPIUS,Tug,9261580
/vessels/details/9487835,SHIPPER LINK 6,Tug,9487835
/vessels/details/9198460,OCEANLINE 21,Tug,9198460
/vessels/details/9433987,HIGHLINE 59,Tug,9433987
/vessels/details/533170707,DELTA 9,Tug,533170707
/vessels/details/533066500,MUHIBBAH AP 11,Tug,533066500
/vessels/details/533004720,EVER SUNRISE,Tug,533004720
/vessels/details/9247716,HARBOUR CHALLENGER,Tug,9247716
/vessels/details/9379454,DANUM 176,Tug,9379454
/vessels/details/533170209,MCL POWER III,Tug,533170209
/vessels/details/533170696,SHIPPER LINK 3,Tug,533170696
/vessels/details/9432397,BRANTAS 1203,Tug,9432397
/vessels/details/533160009,SCI SUCCESS,Tug,533160009
/vessels/details/533000268,KIONG MIN NO 8,Tug,533000268
/vessels/details/9642265,BADANG SEBELAS,Tug,9642265
/vessels/details/9373852,EVERLINE 3,Tug,9373852
/vessels/details/8997041,MULIA PERMATA,Tug,8997041
/vessels/details/9458705,EPIC SASA 2,Tug,9458705
/vessels/details/533170406,MCL PUTERA II,Tug,533170406
/vessels/details/7802469,SIN MATU 23,Tug,7802469
/vessels/details/9564839,MANUEL 88,Tug,9564839
/vessels/details/9608154,NAUTICA TG PUTERIXI,Tug,9608154
/vessels/details/533130921,COOL DUGONG 07,Tug,533130921
/vessels/details/533130978,CASSANDRA 171,Tug,533130978
/vessels/details/533132961,HARBOUR DRAGON,Tug,533132961
/vessels/details/8022561,MASINDRA 15,Tug,8022561
/vessels/details/533131118,WAN 106,Tug,533131118
/vessels/details/533122382,KHF 2382,Tug,533122382
/vessels/details/533132836,WANTAS 23,Tug,533132836
/vessels/details/8955172,MESRA 20,Tug,8955172
/vessels/details/533000037,HAI HENG NO 92,Tug,533000037
/vessels/details/533160033,OCEAN KAYA 33,Tug,533160033
/vessels/details/9282728,BINTANG SEBATIK 87,Tug,9282728
/vessels/details/9570383,HARBOUR LIBRA,Tug,9570383
/vessels/details/533170524,MV TUBAU,Tug,533170524
/vessels/details/1034620,SAMUDRA SAGA 2,Tug,1034620
/vessels/details/533021700,LION KIMTRANS TB 1,Tug,533021700
/vessels/details/9501435,KEJORA 57,Tug,9501435
/vessels/details/9578830,GOJIRA2,Tug,9578830
/vessels/details/533000696,DURAR,Tug,533000696
/vessels/details/533000737,DANUM 81,Tug,533000737
/vessels/details/533003300,BRANTAS 1202,Tug,533003300
/vessels/details/7825198,EAGLE RAY,Tug,7825198
/vessels/details/533111813,PORMAN CITY 1813,Tug,533111813
/vessels/details/533021800,LION KIMTRANS TB3,Tug,533021800
/vessels/details/533170522,MV TATAU,Tug,533170522
/vessels/details/9568823,BORSTAR I,Tug,9568823
/vessels/details/1091604,STINGRAY 1,Tug,1091604
/vessels/details/533170678,MCL PRIMO 2,Tug,533170678
/vessels/details/533334742,TUGBOAT BUMIJAYA2215,Tug,533334742
/vessels/details/9535462,DANUM 93,Tug,9535462
/vessels/details/9734604,MACALLAN 5,Tug,9734604
/vessels/details/9089798,GERAK TEGAS,Tug,9089798
/vessels/details/533170387,LAJU 1,Tug,533170387
/vessels/details/9366251,GLORIA 2,Tug,9366251
/vessels/details/533170123,MELANA 30,Tug,533170123
/vessels/details/533848003,BONGGAYA 78,Tug,533848003
/vessels/details/9501459,KEJORA 59,Tug,9501459
/vessels/details/9281255,SABAWANGSA NO. 1602,Tug,9281255
/vessels/details/8891948,COOL DUGONG 88,Tug,8891948
/vessels/details/533180217,AMANWCN,Tug,533180217
/vessels/details/8869517,KENCANA KAWAN,Tug,8869517
/vessels/details/533000652,EVER RAINBOW,Tug,533000652
/vessels/details/9332080,EVER MASTER,Tug,9332080
/vessels/details/533002390,SABAWANGSA NO.1602,Tug,533002390
/vessels/details/9320960,KEJORA 42,Tug,9320960
/vessels/details/9517862,TEKUN 16217,Tug,9517862
/vessels/details/533000301,KEJORA SUTRA,Tug,533000301
/vessels/details/533170145,DANUM 162,Tug,533170145
/vessels/details/533000823,DANUM 99,Tug,533000823
/vessels/details/9854820,OSIRIS 1,Tug,9854820
/vessels/details/9092551,ALLIANCE 77,Tug,9092551
/vessels/details/533170672,DANUM 111,Tug,533170672
/vessels/details/533020500,MEISUN T36,Tug,533020500
/vessels/details/9653628,DANUM 162,Tug,9653628
/vessels/details/533000256,KEJORA INDAH,Tug,533000256
/vessels/details/533131117,WAN 107,Tug,533131117
/vessels/details/9674995,TNT SURGE,Tug,9674995
/vessels/details/9138537,YTC TUG 12,Tug,9138537
/vessels/details/533000242,TEKUN 12262,Tug,533000242
/vessels/details/9689017,EVER OCEAN SILK,Tug,9689017
/vessels/details/9216523,BADANG SEMBILAN,Tug,9216523
/vessels/details/533130714,ILHAM 3,Tug,533130714
/vessels/details/9047594,VICTORIA 1,Tug,9047594
/vessels/details/533911487,ROCK LEK LEK.,Tug,533911487
/vessels/details/533001533,PKFB 1533,Tug,533001533
/vessels/details/533170605,LONG LELLANG,Tug,533170605
/vessels/details/533170503,TARGET 10,Tug,533170503
/vessels/details/533170243,PAGOLINK 6,Tug,533170243
/vessels/details/533170347,SING HONG JAYA 5,Tug,533170347
/vessels/details/9682655,HOW WEI 3,Tug,9682655
/vessels/details/9368132,SOLID I,Tug,9368132
/vessels/details/9827633,POWER TENANG,Tug,9827633
/vessels/details/9371440,EVERLINE 6,Tug,9371440
/vessels/details/533312001,HAPPINESS THUYA,Tug,533312001
/vessels/details/533004210,HOVEN LINE 1,Tug,533004210
/vessels/details/533170294,PARADISE,Tug,533170294
/vessels/details/9168312,IZAR,Tug,9168312
/vessels/details/533130354,CASSANDRA1,Tug,533130354
/vessels/details/533170143,WINNING 26,Tug,533170143
/vessels/details/533170702,JIN HWA 49,Tug,533170702
/vessels/details/8341321,CAPRICORN 158,Tug,8341321
/vessels/details/9874753,SUPER TENANG,Tug,9874753
/vessels/details/9324772,EPIC SASA,Tug,9324772
/vessels/details/9762120,NAUTICA TG PUTERI27,Tug,9762120
/vessels/details/8988090,PANCON 7,Tug,8988090
/vessels/details/9192208,KEJORA TUJUH,Tug,9192208
/vessels/details/533133082,MCL POWER 2,Tug,533133082
/vessels/details/533170379,MARVEL3,Tug,533170379
/vessels/details/533180015,PANCON 7,Tug,533180015
/vessels/details/533000785,FUSO MARU NO8,Tug,533000785
/vessels/details/9125463,RM ARMADA,Tug,9125463
/vessels/details/9261267,MINERAL 6,Tug,9261267
/vessels/details/9657492,MCL EXPRESS II,Tug,9657492
/vessels/details/9134830,VIKING 30,Tug,9134830
/vessels/details/9264594,DESTINY NO 3,Tug,9264594
/vessels/details/533170851,CAHAYA MADANI,Tug,533170851
/vessels/details/533000769,EVER JAYA,Tug,533000769
/vessels/details/533170437,DANUM 82,Tug,533170437
/vessels/details/533000069,ANGGUN SARI,Tug,533000069
/vessels/details/533170747,MAJU SOON CHING NO 2,Tug,533170747
/vessels/details/9629861,FOREMOST 18,Tug,9629861
/vessels/details/9692222,EVERBEST,Tug,9692222
/vessels/details/533045900,LOWKIMCHUAN128,Tug,533045900
/vessels/details/8971798,PERAPAT SATU,Tug,8971798
/vessels/details/9576600,VIRGO 19,Tug,9576600
/vessels/details/533000482,JM INTAN,Tug,533000482
/vessels/details/9480320,BUDGET 18,Tug,9480320
/vessels/details/9691060,NUR AMANAH,Tug,9691060
/vessels/details/533004770,M.V KIDURONG JAYA,Tug,533004770
/vessels/details/9822396,BOMBER 1201,Tug,9822396
/vessels/details/533170697,EMPIRE 9,Tug,533170697
/vessels/details/9328821,WM OCEANLINE 1,Tug,9328821
/vessels/details/533170246,DANUM 30,Tug,533170246
/vessels/details/533170457,RIKI 19,Tug,533170457
/vessels/details/533055200,JOANNE NO 2,Tug,533055200
/vessels/details/533170455,TB HYWIND3,Tug,533170455
/vessels/details/533888001,BEST TUG NO 8,Tug,533888001
/vessels/details/533000556,ESQUIRE NO 1,Tug,533000556
/vessels/details/533001033,PKFB1033,Tug,533001033
/vessels/details/533021500,LION KIMTRANS TB 8,Tug,533021500
/vessels/details/533150081,YTC TUG 39,Tug,533150081
/vessels/details/533329388,EVER PEACE,Tug,533329388
/vessels/details/1137886,SPANSEAS 1,Tug,1137886
/vessels/details/9131890,SABAWANGSA NO. 1608,Tug,9131890
/vessels/details/9771626,PARAGON 3,Tug,9771626
/vessels/details/9689768,JIN HWA 43,Tug,9689768
/vessels/details/533160246,BUDGET 18,Tug,533160246
/vessels/details/1122740,CASSANDRA 233,Tug,1122740
/vessels/details/533170809,MEGA RIMBA NO1,Tug,533170809
/vessels/details/9311945,SUNGAI LAYUN 1,Tug,9311945
/vessels/details/7018264,DYAMIC I,Tug,7018264
/vessels/details/9658628,HELANG ANGKASA,Tug,9658628
/vessels/details/9149031,CASTAR 8,Tug,9149031
/vessels/details/9795567,AMBERSTAR 40607,Tug,9795567
/vessels/details/9547996,FORDECO 97,Tug,9547996
/vessels/details/9126546,SHIPPER LINK 3,Tug,9126546
/vessels/details/533010352,KHF1999,Tug,533010352
/vessels/details/533170833,VIRGO LEGEND 9,Tug,533170833
/vessels/details/9616321,HUB 19,Tug,9616321
/vessels/details/9414864,DANUM 53,Tug,9414864
/vessels/details/9825192,TAG NUR 38,Tug,9825192
/vessels/details/533391995,LEO1995600,Tug,533391995
/vessels/details/533160169,ML CROCKER 2,Tug,533160169
/vessels/details/533002870,KIEN SAN 1,Tug,533002870
/vessels/details/9382607,WM EASTERNLINE I,Tug,9382607
/vessels/details/533001470,MEB TUG 7,Tug,533001470
/vessels/details/9396490,AMAN WCN,Tug,9396490
/vessels/details/533130821,SINAR SEMINAR 1,Tug,533130821
/vessels/details/533000002,IMAR 2,Tug,533000002
/vessels/details/1014802,SA PRIDE,Tug,1014802
/vessels/details/533170549,CAHAYA EMAS,Tug,533170549
/vessels/details/533170705,DANUM176,Tug,533170705
/vessels/details/533133638,SING HONG 98,Tug,533133638
/vessels/details/9546538,MEB TUG 6,Tug,9546538
/vessels/details/533130791,SRITAMA 01,Tug,533130791
/vessels/details/533110494,KKD00900T,Tug,533110494
/vessels/details/533908387,NANING...EC...7803,Tug,533908387
/vessels/details/533133539,CASSANDRA235,Tug,533133539
/vessels/details/9251793,MASSIVE 9,Tug,9251793
/vessels/details/533000105,EPIC SASA,Tug,533000105
/vessels/details/9315628,WINNING 27,Tug,9315628
/vessels/details/533133353,MCL PIVOT 3,Tug,533133353
/vessels/details/9127734,SEA FARING,Tug,9127734
/vessels/details/533170281,MK LAPAN,Tug,533170281
/vessels/details/9507324,DANUM 82,Tug,9507324
/vessels/details/9674892,POLY 32,Tug,9674892
/vessels/details/8996633,MANYPLUS 1,Tug,8996633
/vessels/details/9703370,SABAH 1,Tug,9703370
/vessels/details/7419676,BADANG SATU,Tug,7419676
/vessels/details/533191567,EVER LUCK,Tug,533191567
/vessels/details/533001480,MEB TUG 8,Tug,533001480
/vessels/details/9376256,SEALINK MAJU 6,Tug,9376256
/vessels/details/9376579,WM WATER MASTER I,Tug,9376579
/vessels/details/9878565,CROCKER 2,Tug,9878565
/vessels/details/533170147,SINGAWAN HEBAT,Tug,533170147
/vessels/details/533170253,MAJU SOON CHING NO 6,Tug,533170253
/vessels/details/7419688,MASINDRA 7,Tug,7419688
/vessels/details/8957558,YU LEE 26,Tug,8957558
/vessels/details/533170173,SINGAWAN ANGGUN,Tug,533170173
/vessels/details/9549839,DANUM 99,Tug,9549839
/vessels/details/8530403,ENG LEE 76,Tug,8530403
/vessels/details/533912422,SABAHTUG NO 7,Tug,533912422
/vessels/details/1076111,LAO TZU,Tug,1076111
/vessels/details/533160163,EASTERN BLISS 2,Tug,533160163
/vessels/details/7353042,JICORE 7,Tug,7353042
/vessels/details/9530838,DANUM 148,Tug,9530838
/vessels/details/8605210,RUBY,Tug,8605210
/vessels/details/9492646,OCEANLINE 261,Tug,9492646
/vessels/details/533170882,BOSSTAR 3,Tug,533170882
/vessels/details/1034515,KSP VERONA,Tug,1034515
/vessels/details/533191558,HANG YUN 10,Tug,533191558
/vessels/details/9433999,POWER JME 11,Tug,9433999
/vessels/details/8119493,KATIBAS,Tug,8119493
/vessels/details/533021900,LION KIMTRANS TB5,Tug,533021900
/vessels/details/533110311,KKD00054T,Tug,533110311
/vessels/details/8216863,JICORE 5,Tug,8216863
/vessels/details/533160236,SANTALU 20,Tug,533160236
/vessels/details/533170492,DANUM 113,Tug,533170492
/vessels/details/9545950,FORDECO 91,Tug,9545950
/vessels/details/533000729,MT.NIDA,Tug,533000729
/vessels/details/9724104,STAR BRIGHT,Tug,9724104
/vessels/details/9804655,MACALLAN 15,Tug,9804655
/vessels/details/9045211,BADANGLIMA,Tug,9045211
/vessels/details/7301295,TAREK,Tug,7301295
/vessels/details/9480332,KIEN SAN 2,Tug,9480332
/vessels/details/9908152,MAJU TENANG,Tug,9908152
/vessels/details/9708007,MELL SORAYA,Tug,9708007
/vessels/details/9742223,JPD DUA,Tug,9742223
/vessels/details/1098286,MCL PIVOT 3,Tug,1098286
/vessels/details/533170159,SEA FARING,Tug,533170159
/vessels/details/533452025,SOE PYAE ...,Tug,533452025
/vessels/details/533848000,EASTPORT ALPHA,Tug,533848000
/vessels/details/9253167,YTC TUG 26,Pusher Tug,9253167
/vessels/details/9089360,TARGET,Tug,9089360
/vessels/details/9404273,DANUM 51,Tug,9404273
/vessels/details/9640683,DANUM 143,Tug,9640683
/vessels/details/9173458,PIONEER GLORY,Tug,9173458
/vessels/details/533819000,ASIA JAYA 28,Tug,533819000
/vessels/details/9037410,MEGAH SARI,Tug,9037410
/vessels/details/533170446,PLUS 2,Tug,533170446
/vessels/details/9717864,NTT BIDOR,Tug,9717864
/vessels/details/533132959,HARBOUR FRIDA 1,Tug,533132959
/vessels/details/9644110,KIDURONG JAYA,Tug,9644110
/vessels/details/533131010,IN THYE 8,Tug,533131010
/vessels/details/533000250,BADANGSEPULUH,Tug,533000250
/vessels/details/9206877,NILAM SARI,Tug,9206877
/vessels/details/533130876,SRI SEMERAK,Tug,533130876
/vessels/details/533002890,EVER PROSPER,Tug,533002890
/vessels/details/533439000,GUNUNG DAMAI 1,Tug,533439000
/vessels/details/9654892,M.V.SAMALAJU JAYA,Tug,9654892
/vessels/details/9638692,MEB TUG 7,Tug,9638692
/vessels/details/533170671,HOCK PENG 27,Tug,533170671
/vessels/details/533316035,EVER OCEAN GULL,Tug,533316035
/vessels/details/9882281,IN THYE 8,Tug,9882281
/vessels/details/533170014,UNION STAR 1,Tug,533170014
/vessels/details/533002590,EVER SUNSHINE,Tug,533002590
/vessels/details/533000169,ALLIANCE 77,Tug,533000169
/vessels/details/533160136,MINERAL 6,Tug,533160136
/vessels/details/533067500,MODALWAN 1020,Tug,533067500
/vessels/details/533170413,FLORA,Tug,533170413
/vessels/details/533170341,BIWIN 11,Tug,533170341
/vessels/details/533191568,EVER NEW,Tug,533191568
/vessels/details/9769568,MACALLAN 8,Tug,9769568
/vessels/details/9429780,DANUM 70,Tug,9429780
/vessels/details/533000455,NAUTILLUS,Tug,533000455
/vessels/details/533001000,OSIRIS 2,Tug,533001000
/vessels/details/9171905,MODALWAN NO. 7,Tug,9171905
/vessels/details/533170751,THE TSUBOTAI,Tug,533170751
/vessels/details/533000731,HILAL,Tug,533000731
/vessels/details/1121306,TANG TIEW HEE H 119,Tug,1121306
/vessels/details/9139517,VIKING 23,Tug,9139517
/vessels/details/9624720,NAUTICA TG.PUTERI17,Tug,9624720
/vessels/details/9191682,EASTPORT ECHO,Tug,9191682
/vessels/details/8535506,LION KIMTRANS TB 6,Tug,8535506
/vessels/details/9443231,EK ARIES,Tug,9443231
/vessels/details/533170271,PRO NO 2,Tug,533170271
/vessels/details/9686560,MCL PUTERA II,Tug,9686560
/vessels/details/533133469,SEA FARING,Tug,533133469
/vessels/details/533121656,SRIRUNG.,Tug,533121656
/vessels/details/9756286,TARGET 9,Tug,9756286
/vessels/details/9804667,MACALLAN 16,Tug,9804667
/vessels/details/9585716,TEGUH 16501,Tug,9585716
/vessels/details/533170092,LADY POLINE,Tug,533170092
/vessels/details/533170708,POLY 27,Tug,533170708
/vessels/details/533191564,EVER SILVER,Tug,533191564
/vessels/details/9266516,HARMONY 1,Tug,9266516
/vessels/details/9537082,LANPAN 19,Tug,9537082
/vessels/details/1076123,BERJAYA 112,Tug,1076123
/vessels/details/9644665,DANUM 141,Tug,9644665
/vessels/details/533133181,BOSTA KAYUNG 22,Tug,533133181
/vessels/details/533168025,YU SIONG 6,Tug,533168025
/vessels/details/1043073,HARBOUR DRAGON,Tug,1043073
/vessels/details/533170553,BANDAR HAGGAI 3,Tug,533170553
/vessels/details/9686053,HELANG SATRIA,Tug,9686053
/vessels/details/533110199,SSE NATALIE,Tug,533110199
/vessels/details/533110309,KKD00130T,Tug,533110309
/vessels/details/533003010,FOREMOST 18,Tug,533003010
/vessels/details/533999018,SABAH TUG NO8,Tug,533999018
/vessels/details/533067300,MODALWANNO11,Tug,533067300
/vessels/details/533002840,RICHBLUE 1,Tug,533002840
/vessels/details/533170681,ORIENT PEARL NO 1,Tug,533170681
/vessels/details/533133635,IN THYE 9,Tug,533133635
/vessels/details/9532238,SAMUDRA JAYA 1,Tug,9532238
/vessels/details/533053600,TB WANTAS 8,Tug,533053600
/vessels/details/7641748,GREENVILLE 10,Tug,7641748
/vessels/details/533140205,SB JAYA,Tug,533140205
/vessels/details/533170129,CAHAYA MAJU,Tug,533170129
/vessels/details/533160007,PARAGON 3,Tug,533160007
/vessels/details/9500015,ATLANTIC 8,Tug,9500015
/vessels/details/8739451,SINHIN 5,Tug,8739451
/vessels/details/9578854,WIRA 3,Tug,9578854
/vessels/details/533191986,JATI 7 B30,Tug,533191986
/vessels/details/533170636,GLOBALSTAR3,Tug,533170636
/vessels/details/9237448,SARAH 9,Tug,9237448
/vessels/details/533066600,MUHIBBAH AP10,Tug,533066600
/vessels/details/9277137,SABAWANGSA NO. 1601,Tug,9277137
/vessels/details/1065942,CASSANDRA 261,Tug,1065942
/vessels/details/8022535,MESRA V,Tug,8022535
/vessels/details/9313371,KEJORA SPACE,Tug,9313371
/vessels/details/9629859,TIP TOP 1,Pusher Tug,9629859
/vessels/details/9864708,BALVENIE 11,Tug,9864708
/vessels/details/9916513,MCL PRIMO 2,Tug,9916513
/vessels/details/533170737,SINGAMAS 8,Tug,533170737
/vessels/details/533170201,ORIENT 1,Tug,533170201
/vessels/details/9191709,EASTPORT CHARLIE,Tug,9191709
/vessels/details/533000071,YTC TUG 36,Tug,533000071
/vessels/details/533133435,CASSANDRA 233,Tug,533133435
/vessels/details/533170583,MCL PRIMO 1,Tug,533170583
/vessels/details/533855000,HARBOUR LIBRA,Tug,533855000
/vessels/details/533133081,SILI SUAI NO 5,Tug,533133081
/vessels/details/9688245,SAMALAJU JAYA 3,Tug,9688245
/vessels/details/533170394,VIKING 24,Tug,533170394
/vessels/details/9046069,YTC TUG 37,Tug,9046069
/vessels/details/9069401,HILAL,Tug,9069401
/vessels/details/8923985,VIKING 26,Tug,8923985
/vessels/details/9751212,TB.MACALLAN 7,Tug,9751212
/vessels/details/533132803,PROMAX NO2,Tug,533132803
/vessels/details/533170127,KAJANG 9,Tug,533170127
/vessels/details/533133451,SUMAI MULIA,Tug,533133451
/vessels/details/533170429,DANUM 42,Tug,533170429
/vessels/details/533002001,PKFB . 2001,Tug,533002001
/vessels/details/533021600,LION KIMTRANS TB 6,Tug,533021600
/vessels/details/533170804,POLY18,Tug,533170804
/vessels/details/533037400,LION KIMTRANS TB10,Tug,533037400
/vessels/details/533132133,SMART OCEAN 101,Tug,533132133
/vessels/details/533170221,ETRA 711,Tug,533170221
/vessels/details/533170099,MK3,Tug,533170099
/vessels/details/9608180,NAUTICA TG. PUTERI XVI,Tug,9608180
/vessels/details/533004800,WANTAS 2,Tug,533004800
/vessels/details/9444259,INAI TERATAI 125,Tug,9444259
/vessels/details/8970732,HIGHLINE 21,Tug,8970732
/vessels/details/533063200,MEGAH SARI,Tug,533063200
/vessels/details/533000765,LEE LING 33,Tug,533000765
/vessels/details/9377303,MAJU BINTANG 1,Tug,9377303
/vessels/details/8739176,SUPER TOP 1,Tug,8739176
/vessels/details/533062200,BINTANG SARI,Tug,533062200
/vessels/details/9191694,EASTPORT DELTA,Tug,9191694
/vessels/details/533930051,JPDS JPD SATU,Tug,533930051
/vessels/details/9411707,EVER GORGEOUS,Tug,9411707
/vessels/details/533832000,TEGUH16501,Tug,533832000
/vessels/details/533160233,SANTALU 26,Tug,533160233
/vessels/details/533170856,BRAVE EAGLE III,Tug,533170856
/vessels/details/1027823,LION KIMTRANS TB 3,Tug,1027823
/vessels/details/533170591,BOSTA KAYUNG NO 26,Tug,533170591
/vessels/details/9503299,BATAM TIGA,Tug,9503299
/vessels/details/533130349,JAY VARUNA,Tug,533130349
/vessels/details/9769075,GOLD VIEW 11,Tug,9769075
/vessels/details/533000444,KING RICH 93,Tug,533000444
/vessels/details/9605463,DANUM 135,Tug,9605463
/vessels/details/533133051,WINNING 27,Tug,533133051
/vessels/details/9717852,NTT BERUAS,Tug,9717852
/vessels/details/533180046,BOMBER 801,Tug,533180046
/vessels/details/7425962,MASINDRA 3,Tug,7425962
/vessels/details/9164146,YU LEE 29,Tug,9164146
/vessels/details/533132611,BOTANY 800,Tug,533132611
/vessels/details/9499993,ATLANTIC 6,Tug,9499993
/vessels/details/533459586,AYE MIN OO 9586,Tug,533459586
/vessels/details/533002380,TB.SABAWANGSA 1601,Tug,533002380
/vessels/details/533004160,TB.MEISUN T31,Tug,533004160
/vessels/details/9312286,AJANG INDAH,Tug,9312286
/vessels/details/9578866,TALENT 1,Tug,9578866
/vessels/details/9218923,SYRMA,Tug,9218923
/vessels/details/533000449,MAJU BINTANG,Tug,533000449
/vessels/details/9707895,NAUTICA TG PUTERI 26,Tug,9707895
/vessels/details/9073763,SIN MATU 12,Tug,9073763
/vessels/details/533133062,CASSANDRA 261,Tug,533133062
/vessels/details/1128172,CASSANDRA 235,Tug,1128172
/vessels/details/9162083,HARBOUR WINNER,Tug,9162083
/vessels/details/9560417,KEJORA SUTRA,Tug,9560417
/vessels/details/533821000,EVER ALPHA,Tug,533821000
/vessels/details/533160238,BUDGET 17,Tug,533160238
/vessels/details/533132412,IZAR,Tug,533132412
/vessels/details/9066899,BUMI JAYA,Tug,9066899
/vessels/details/9616333,HUB21,Tug,9616333
/vessels/details/533132431,CASSANDRA 232,Tug,533132431
/vessels/details/8971243,VICTORIA 3,Tug,8971243
/vessels/details/533170839,DANUM 132,Tug,533170839
/vessels/details/533064800,JETTA 16,Tug,533064800
/vessels/details/533132017,ACE STAR,Tug,533132017
/vessels/details/533570000,DANUM 93,Tug,533570000
/vessels/details/533160247,BUDGET 19,Tug,533160247
/vessels/details/9769805,CROCKER ONE,Tug,9769805
/vessels/details/9578842,EASTERN BLISS 3,Tug,9578842
/vessels/details/533132797,JOYSUNG NO 11,Tug,533132797
/vessels/details/533132162,ANCHOR TUG 1201,Tug,533132162
/vessels/details/8211978,YTC TUG 18,Tug,8211978
/vessels/details/533170030,BANGSAWAN 1,Tug,533170030
/vessels/details/9315666,ACE SYNERGY,Tug,9315666
/vessels/details/9717890,NTT LUMUT,Tug,9717890
/vessels/details/9642679,BADANG DUA BELAS,Tug,9642679
/vessels/details/533133208,CASSANDRA 262,Tug,533133208
/vessels/details/9275476,KSP PISCES,Tug,9275476
/vessels/details/533002450,BONGAWAN 9,Tug,533002450
/vessels/details/533000574,SOON HING NO 21,Tug,533000574
/vessels/details/9576612,VIRGO 29,Tug,9576612
/vessels/details/1016147,BJAYA7,Tug,1016147
/vessels/details/9572501,MARC,Tug,9572501
/vessels/details/9431953,PERWIRA I,Tug,9431953
/vessels/details/533191578,TNTSURGE,Tug,533191578
/vessels/details/533130860,SABAWANGSA NO.1608,Tug,533130860
/vessels/details/533002610,SAHAN 18,Tug,533002610
/vessels/details/533000150,BADANG LAPAN,Tug,533000150
/vessels/details/533999030,SABAWANGSA NO.1203,Tug,533999030
/vessels/details/533000066,YTC TUG 26,Tug,533000066
/vessels/details/9407720,SSE NATALIE,Tug,9407720
/vessels/details/533110016,TB BOMBER 102,Tug,533110016
/vessels/details/9707924,NAUTICA TG.PUTERI 23,Tug,9707924
/vessels/details/9830733,THE TSUBOTAI,Tug,9830733
/vessels/details/8119481,KENYANA,Tug,8119481
/vessels/details/8119479,KAPIT,Tug,8119479
/vessels/details/8979180,ADI SEGARA 2,Tug,8979180
/vessels/details/533002410,KIEN SAN 2,Tug,533002410
/vessels/details/533160204,SABAWANGSA 12,Tug,533160204
/vessels/details/9889796,TAG NUR 39,Tug,9889796
/vessels/details/533191581,SERUDONG 7,Tug,533191581
/vessels/details/9645255,SING HONG JAYA 5,Tug,9645255
/vessels/details/9160035,PIONEER SUCCESS,Tug,9160035
/vessels/details/533170792,RINWOOD JAYA 9,Tug,533170792
/vessels/details/533873000,OCEAN QUEEN 1,Tug,533873000
/vessels/details/533132168,KUNCI 56,Tug,533132168
/vessels/details/533130596,BOMBER TUG 101,Tug,533130596
/vessels/details/533311972,1972,Tug,533311972
/vessels/details/9549853,TAQWA ADAM,Tug,9549853
/vessels/details/9846380,EVER DRAGON,Tug,9846380
/vessels/details/533130357,KENCANA JAYA,Tug,533130357
/vessels/details/533170144,DANUM 161,Tug,533170144
/vessels/details/533160017,OCEAN 11,Tug,533160017
/vessels/details/533402025,SOE PYAE ... 9,Tug,533402025
/vessels/details/9507312,DANUM 81,Tug,9507312
/vessels/details/8980098,MEISUN T30,Tug,8980098
/vessels/details/533053700,BRANTAS 1001,Tug,533053700
/vessels/details/533130022,HAI IAN OIL 621,Tug,533130022
/vessels/details/9187617,DICKSON 8,Tug,9187617
/vessels/details/533160039,EVER ARMADA,Tug,533160039
/vessels/details/533110136,KKD00059T,Tug,533110136
/vessels/details/9833606,KEJORA PTP 81,Tug,9833606
/vessels/details/8996645,MANYPLUS 3,Tug,8996645
/vessels/details/533170471,MCL PUTERA III,Tug,533170471
/vessels/details/8797518,BUMIJAYA 1007,Tug,8797518
/vessels/details/533170199,PERFECT 11,Tug,533170199
/vessels/details/8936279,JUARA,Tug,8936279
/vessels/details/8790871,SUNG FATT 27,Tug,8790871
/vessels/details/9738351,SRITAMA 01,Tug,9738351
/vessels/details/533170338,TB BINTANG SEBATIK87,Tug,533170338
/vessels/details/9753375,HARBOUR TRADER,Tug,9753375
/vessels/details/9608178,NAUTICA TG PUTERI XV,Tug,9608178
/vessels/details/533067400,TB WAN 105,Tug,533067400
/vessels/details/9814507,KWANSOO 11,Tug,9814507
/vessels/details/533132805,GLOBAL STAR NO 1,Tug,533132805
/vessels/details/9530826,DANUM 146,Tug,9530826
/vessels/details/9564827,GLORY 1,Tug,9564827
/vessels/details/9164330,EASTPORT ALPHA,Tug,9164330
/vessels/details/9694309,GRACIOUS 8,Tug,9694309
/vessels/details/9115884,HORNBILL LAND,Tug,9115884
/vessels/details/533000084,GERAK PANTAS,Tug,533000084
/vessels/details/533000431,HARBOUR WINNER,Tug,533000431
/vessels/details/9705500,OCEAN KAYA 33,Tug,9705500
/vessels/details/1125405,IN THYE 9,Tug,1125405
/vessels/details/1114119,MUHIBBAH 20123,Tug,1114119
/vessels/details/533170459,SUNG FATT 27,Tug,533170459
/vessels/details/533132158,SEA HORSE 2,Tug,533132158
/vessels/details/9515371,BONGAWAN 9,Tug,9515371
/vessels/details/8313752,PIRANA,Tug,8313752
/vessels/details/533130521,SENGHO1,Tug,533130521
/vessels/details/533170152,FOREMOST 26,Tug,533170152
/vessels/details/533160092,MORI 01 JN4770,Tug,533160092
/vessels/details/533000766,POLY 11,Tug,533000766
/vessels/details/9776937,GLOBAL 2,Tug,9776937
/vessels/details/533110219,KKD00132T,Tug,533110219
/vessels/details/533130571,BOMBER 1601,Tug,533130571
/vessels/details/9683752,JIN HWA 40,Tug,9683752
/vessels/details/9288966,EVER ARMADA,Tug,9288966
/vessels/details/8980103,MEISUN T31,Tug,8980103
/vessels/details/533950001,ML CROCKER ONE,Tug,533950001
/vessels/details/533170454,EXCEL TOWDAH,Tug,533170454
/vessels/details/9735517,EXCELLENT 8,Tug,9735517
/vessels/details/7901681,KENCANA JAYA,Tug,7901681
/vessels/details/8996669,MANYPLUS 18,Tug,8996669
/vessels/details/9717888,NTT LARUT,Tug,9717888
/vessels/details/8941573,SAGARIA 1,Tug,8941573
/vessels/details/9772797,MCL PUTERA I,Tug,9772797
/vessels/details/9218600,KIEN SAN 1,Tug,9218600
/vessels/details/533004150,MEISUN T30,Tug,533004150
/vessels/details/9687978,TEGUH 12567,Tug,9687978
/vessels/details/533160111,EVER HARMONIC,Tug,533160111
/vessels/details/9693836,ORIENT 1,Tug,9693836
/vessels/details/9276640,DURRAH,Tug,9276640
/vessels/details/8984446,SUNG FATT 31,Tug,8984446
/vessels/details/8898427,JEMAJA,Tug,8898427
/vessels/details/8979219,WARISAN 11,Tug,8979219
/vessels/details/8936281,KIONHIM 99,Tug,8936281
/vessels/details/533000532,KIONG MIN 2,Tug,533000532
/vessels/details/9862786,NAUTICA TG PUTERI37,Tug,9862786
/vessels/details/8609046,JAWA,Tug,8609046
/vessels/details/533301487,BELL-LA.SHARKSEA,Tug,533301487
/vessels/details/9667978,TB SAMUDRA BINTANG 2,Tug,9667978
/vessels/details/9313383,KEJORA ENAM,Tug,9313383
/vessels/details/533999004,ONE UP 33,Tug,533999004
/vessels/details/9762132,NAUTICA TG PUTERI28,Tug,9762132
/vessels/details/533130546,OCEAN BLUE 11,Tug,533130546
/vessels/details/9625346,TARGET 8,Tug,9625346
/vessels/details/533191576,EVER SPLENDID,Tug,533191576
/vessels/details/9514145,DANUM 91,Tug,9514145
/vessels/details/9667980,TALENTLINK6,Tug,9667980
/vessels/details/533170734,EXCEL NO 2,Tug,533170734
/vessels/details/533012900,KENCANA PERKASA SATU,Tug,533012900
/vessels/details/533310573,HAPPINESS THUYA,Tug,533310573
/vessels/details/533170622,BOSTA KAYUNG NO 16,Tug,533170622
/vessels/details/9107930,FAIRWAY VII,Tug,9107930
/vessels/details/1043061,HARBOUR FRIDA 1,Tug,1043061
/vessels/details/1087562,RM PHOENIX,Tug,1087562
/vessels/details/533133144,COMPASS NO 20,Tug,533133144
/vessels/details/533039200,MEB TUG 6,Tug,533039200
/vessels/details/533133504,TOBI 9,Tug,533133504
/vessels/details/533635000,BADANG SEMBILAN,Tug,533635000
/vessels/details/533064600,JETTA 22,Tug,533064600
/vessels/details/533201838,ARAMBOYS,Tug,533201838
/vessels/details/9535450,DANUM 92,Tug,9535450
/vessels/details/533132011,CASSANDRA 231,Tug,533132011
/vessels/details/9552757,EVER ALPHA,Tug,9552757
/vessels/details/8121238,LONG SUKANG,Tug,8121238
/vessels/details/533150089,YTC TUG 37,Tug,533150089
/vessels/details/9653147,OCEAN 22,Tug,9653147
/vessels/details/533133492,ILHAM TEGUH,Tug,533133492
/vessels/details/1014826,SA UNITY,Tug,1014826
/vessels/details/533000753,SUPER TOP 1,Tug,533000753
/vessels/details/533170677,GALIAN JAYA 9,Tug,533170677
/vessels/details/533000166,MERCEDES STAR 15,Tug,533000166
/vessels/details/9213466,TB HAMAL,Tug,9213466
/vessels/details/533302025,SOE PYAE ...,Tug,533302025
/vessels/details/9050436,RAMAI 103,Tug,9050436
/vessels/details/9562269,LANPAN 21,Tug,9562269
/vessels/details/533111719,PRAKAIWAN17199999,Tug,533111719
/vessels/details/533000704,DURRAH,Tug,533000704
/vessels/details/533170842,DANUM 180,Tug,533170842
/vessels/details/9786891,ACE OSCAR,Tug,9786891
/vessels/details/533170307,HUNG SING IV,Tug,533170307
/vessels/details/9089358,EVER PEACE,Tug,9089358
/vessels/details/9652428,OCEAN 11,Tug,9652428
/vessels/details/8212063,YTC TUG 38,Tug,8212063
/vessels/details/9739185,PFLNG DUA,Offshore Support Vessel,9739185
/vessels/details/9665085,PFLNG SATU,Offshore Support Vessel,9665085
/vessels/details/7351812,FPSO KIKEH,Offshore Support Vessel,7351812
/vessels/details/8900414,FPSO HELANG,Offshore Support Vessel,8900414
/vessels/details/9568782,INAI KENANGA,Hopper Dredger,9568782
/vessels/details/9313254,MAMPU 1,Offshore Support Vessel,9313254
/vessels/details/7903043,MV JAY ANANDA,Hopper Dredger,7903043
/vessels/details/9701669,OS ONE,Offshore Support Vessel,9701669
/vessels/details/9701671,M GUARDIAN,Offshore Support Vessel,9701671
/vessels/details/9696175,MMA PRESTIGE,Offshore Support Vessel,9696175
/vessels/details/9696187,MMA PINNACLE,Offshore Support Vessel,9696187
/vessels/details/9754305,KEYFIELD COMPASSION,Offshore Support Vessel,9754305
/vessels/details/9694062,KAYRA,Offshore Support Vessel,9694062
/vessels/details/9693915,OLV VENTURE 1,Offshore Support Vessel,9693915
/vessels/details/9413468,HD PERMATA,Offshore Tug/Supply Ship,9413468
/vessels/details/9765641,ICON ALIZA,Offshore Tug/Supply Ship,9765641
/vessels/details/9726683,ICON VALIANT,Offshore Support Vessel,9726683
/vessels/details/9651929,MMA VALOUR,Offshore Tug/Supply Ship,9651929
/vessels/details/9769659,EXECUTIVE ASPIRE,Offshore Tug/Supply Ship,9769659
/vessels/details/8213316,INAI LAVENDER,Hopper Dredger,8213316
/vessels/details/9657935,MMA MAJESTIC,Offshore Tug/Supply Ship,9657935
/vessels/details/9706164,BERKAT TUAH,Offshore Support Vessel,9706164
/vessels/details/9612571,MEGA BAKTI,Standby Safety Vessel,9612571
/vessels/details/9730531,KEYFIELD GRATITUDE,Offshore Tug/Supply Ship,9730531
/vessels/details/9727900,SK PERFECT,Offshore Tug/Supply Ship,9727900
/vessels/details/9745055,EXECUTIVE EXCELLENCE,Offshore Tug/Supply Ship,9745055
/vessels/details/9559042,TW0 PAC1FIC,Offshore Tug/Supply Ship,9559042
/vessels/details/8404915,INAI TECOMA,Hopper Dredger,8404915
/vessels/details/9478145,PETRA ORBIT,Offshore Support Vessel,9478145
/vessels/details/9529229,MV.SETIA ULUNG,Offshore Support Vessel,9529229
/vessels/details/9615626,EXECUTIVE VALOUR,Offshore Tug/Supply Ship,9615626
/vessels/details/9745029,EXECUTIVE BRILLIANCE,Offshore Tug/Supply Ship,9745029
/vessels/details/9672894,EXECUTIVE TIDE,Offshore Tug/Supply Ship,9672894
/vessels/details/9672909,EXECUTIVE STRIDE,Offshore Tug/Supply Ship,9672909
/vessels/details/9556650,SAUJANA LAPAN,Offshore Support Vessel,9556650
/vessels/details/9728588,JM CEKAL,Offshore Tug/Supply Ship,9728588
/vessels/details/9647019,KAZO ANGGREK 7501,Offshore Tug/Supply Ship,9647019
/vessels/details/9653886,BAHTERA PERMAI,Offshore Tug/Supply Ship,9653886
/vessels/details/9810599,POLARIS,Buoy/Lighthouse Vessel,9810599
/vessels/details/9369631,HD PAHLAWAN,Offshore Tug/Supply Ship,9369631
/vessels/details/9607928,VT ACCOM,Offshore Support Vessel,9607928
/vessels/details/9555395,BRIDGEWATER 130,Offshore Tug/Supply Ship,9555395
/vessels/details/9555400,SK PIONEER,Offshore Tug/Supply Ship,9555400
/vessels/details/9555412,BRIDGEWATER 131,Offshore Tug/Supply Ship,9555412
/vessels/details/9761994,HAPLEE 56,Hopper Dredger,9761994
/vessels/details/9592989,MP PREVAIL,Offshore Tug/Supply Ship,9592989
/vessels/details/9354947,JP88 STORK,Offshore Tug/Supply Ship,9354947
/vessels/details/9638020,MARINA STAR 35510,Utility Vessel,9638020
/vessels/details/9565857,TAHA ASSAFA,Offshore Tug/Supply Ship,9565857
/vessels/details/9565845,TAHA ASSALAM,Offshore Tug/Supply Ship,9565845
/vessels/details/9534121,YINSON PERWIRA,Offshore Tug/Supply Ship,9534121
/vessels/details/9515503,PERDANA HORIZON,Offshore Tug/Supply Ship,9515503
/vessels/details/9427873,INTAN RATU,Offshore Tug/Supply Ship,9427873
/vessels/details/9603180,JM EHSAN,Offshore Tug/Supply Ship,9603180
/vessels/details/9390056,ANGGUN,Offshore Tug/Supply Ship,9390056
/vessels/details/9721528,SK EONIK,Offshore Tug/Supply Ship,9721528
/vessels/details/9688726,MEO RANGER,Offshore Tug/Supply Ship,9688726
/vessels/details/9570759,EXECUTIVE PRIDE,Offshore Tug/Supply Ship,9570759
/vessels/details/9570747,EXECUTIVE HONOUR,Offshore Tug/Supply Ship,9570747
/vessels/details/9564803,QUATRO GUMUSUT,Offshore Tug/Supply Ship,9564803
/vessels/details/9680451,DAYA CERIA,Offshore Tug/Supply Ship,9680451
/vessels/details/9480813,SEALINK 161,Offshore Tug/Supply Ship,9480813
/vessels/details/9492024,BAHTERA ZAMRUD,Offshore Tug/Supply Ship,9492024
/vessels/details/9623972,OMNI MARISSA,Offshore Tug/Supply Ship,9623972
/vessels/details/9680695,SK PRODIGY,Offshore Tug/Supply Ship,9680695
/vessels/details/9552240,BRIDGEWATER 63,Offshore Tug/Supply Ship,9552240
/vessels/details/9597915,HD HEBAT,Offshore Tug/Supply Ship,9597915
/vessels/details/9563366,MAZU 60,Offshore Tug/Supply Ship,9563366
/vessels/details/9425588,TEGAS SANTUBONG,Offshore Tug/Supply Ship,9425588
/vessels/details/9587271,SK PARTNER,Offshore Tug/Supply Ship,9587271
/vessels/details/9331971,TANJUNG SARI,Offshore Tug/Supply Ship,9331971
/vessels/details/9562130,TWO KASTURI,Offshore Tug/Supply Ship,9562130
/vessels/details/9644627,VT HANDLER,Anchor Hoy,9644627
/vessels/details/9543213,SK PATRON,Offshore Tug/Supply Ship,9543213
/vessels/details/9529281,SETIA HEBAT,Offshore Tug/Supply Ship,9529281
/vessels/details/9535955,M GRACE,Offshore Tug/Supply Ship,9535955
/vessels/details/9656618,BERKAT TENANG,Offshore Tug/Supply Ship,9656618
/vessels/details/9640877,SYNERGY AURORA,Offshore Tug/Supply Ship,9640877
/vessels/details/9582221,RUHM PERTAMA,Offshore Tug/Supply Ship,9582221
/vessels/details/9691864,SALVIN EXPLORER,Offshore Tug/Supply Ship,9691864
/vessels/details/9561746,CASSANDRA VI,Offshore Tug/Supply Ship,9561746
/vessels/details/9487720,CASSANDRA NO.5,Offshore Tug/Supply Ship,9487720
/vessels/details/9606261,JASON DUA,Anchor Hoy,9606261
/vessels/details/9416903,JAVA IRDINA,Offshore Tug/Supply Ship,9416903
/vessels/details/9258260,PEDOMAN,Buoy/Lighthouse Vessel,9258260
/vessels/details/8029583,ACE JAVELIN,Offshore Tug/Supply Ship,8029583
/vessels/details/7618806,AMITA 1,Motor Hopper,7618806
/vessels/details/9342994,BAYU INTAN,Offshore Tug/Supply Ship,9342994
/vessels/details/7901954,BIG HORN RIVER,Offshore Tug/Supply Ship,7901954
/vessels/details/4684892,KM BENDAHARA,Patrol Vessel,4684892
/vessels/details/9431329,OLV SUPPORTER,Offshore Tug/Supply Ship,9431329
/vessels/details/8697732,COOL MARLIN 23,Motor Hopper,8697732
/vessels/details/9448126,KIM HENG 3803,Offshore Tug/Supply Ship,9448126
/vessels/details/9987392,DANMAI 33,Offshore Support Vessel,9987392
/vessels/details/9837262,MYY CAMELLIA,Standby Safety Vessel,9837262
/vessels/details/9371866,PERMATA,Buoy/Lighthouse Vessel,9371866
/vessels/details/4721444,KM LAHAD DATU,Patrol Vessel,4721444
/vessels/details/9830692,BAGAN DATUK,Patrol Vessel,9830692
/vessels/details/9971159,HELENA,Offshore Tug/Supply Ship,9971159
/vessels/details/9906831,SAHAN BETA 3,Offshore Tug/Supply Ship,9906831
/vessels/details/9384772,MARLIN,Training Ship,9384772
/vessels/details/9787091,NAUTICA GAMBIR,Crew Boat,9787091
/vessels/details/9787089,NAUTICA LANGSAT,Crew Boat,9787089
/vessels/details/9742508,CENTUS SERENA,Offshore Tug/Supply Ship,9742508
/vessels/details/9636096,NEOPETRO 18,Offshore Tug/Supply Ship,9636096
/vessels/details/9683233,SAHAN 19,Utility Vessel,9683233
/vessels/details/1016343,WINNING VENTURE 3,Offshore Tug/Supply Ship,1016343
/vessels/details/9936575,TSEVEN ELISE,Other type,9936575
/vessels/details/533180197,NADYIONEL,Towing vessel,533180197
/vessels/details/533620000,TB KENCANA RAYA,Towing vessel,533620000
/vessels/details/533131063,OPL MARINE 23,Pilot,533131063
/vessels/details/533680102,ALAF PTP DUA,Pilot,533680102
/vessels/details/533150098,SP3,Pilot,533150098
/vessels/details/533150097,SP1,Pilot,533150097
/vessels/details/533130035,ROYAL ALBATROSS,Other type,533130035
/vessels/details/533132547,ELSI,Other type,533132547
/vessels/details/533132397,AR DIAMOND,Towing vessel,533132397
/vessels/details/533130061,FPS GUMUSUT KAKAP,Other type,533130061
/vessels/details/9689237,MV ANIS,Offshore Support Vessel,9689237
/vessels/details/8102622,JOHANN I,Standby Safety Vessel,8102622
/vessels/details/533111116,TEGUH 7,Pilot,533111116
/vessels/details/9710610,AISHAH AIMS 4,Offshore Tug/Supply Ship,9710610
/vessels/details/533170398,DAI HUU 03SO 9 B 5,Towing vessel,533170398
/vessels/details/9367566,SEALINK VANESSA 4,Offshore Tug/Supply Ship,9367566
/vessels/details/9484027,AJANG SENTOSA,Offshore Tug/Supply Ship,9484027
/vessels/details/533000445,PERMATA HIDRO,Local type,533000445
/vessels/details/8784315,PETRA CHALLENGER,Work/Repair Vessel,8784315
/vessels/details/9812717,MK TWELVE,Standby Safety Vessel,9812717
/vessels/details/533901335,QL.JHFA335T.LAO.40.D,Port tender,533901335
/vessels/details/8315578,KEMAJUAN,Research Vessel,8315578
/vessels/details/533101826,STAR 1826,Towing vessel (tow>200),533101826
/vessels/details/9546526,KEYFIELD AMANAH,Offshore Support Vessel,9546526
/vessels/details/9694098,MP DYNAMIC,Offshore Support Vessel,9694098
/vessels/details/9375044,BAYCORP MERSING,Offshore Tug/Supply Ship,9375044
/vessels/details/533686868,OK,Towing vessel,533686868
/vessels/details/9583433,AJANG KINSHIP,Research Vessel,9583433
/vessels/details/9697181,ICON SOPHIA,Offshore Tug/Supply Ship,9697181
/vessels/details/8662737,MINKE,Crane Ship,8662737
/vessels/details/8331259,KAJANG 10,Research Vessel,8331259
/vessels/details/1079058,STRATEGIC SINGAPORE H656,Offshore Tug/Supply Ship,1079058
/vessels/details/9556662,MV PERDANA SOVEREIGN,Offshore Support Vessel,9556662
/vessels/details/533999020,LISSON NO.16,Towing vessel,533999020
/vessels/details/533018895,SRI PERKASA 76,Pilot,533018895
/vessels/details/9030395,BERKAT LAJU,Offshore Tug/Supply Ship,9030395
/vessels/details/9200732,AJANG HARAPAN,Cable Layer,9200732
/vessels/details/533170432,SAKURA 2,Other type,533170432
/vessels/details/9653941,BAHTERA PERTIWI,Offshore Tug/Supply Ship,9653941
/vessels/details/9987495,GEN 4 TWO,Offshore Tug/Supply Ship,9987495
/vessels/details/533003506,RMN 3506,Other type,533003506
/vessels/details/9680231,SK PRISTINE,Offshore Tug/Supply Ship,9680231
/vessels/details/9310496,AJANG MEDINA,Pollution Control Vessel,9310496
/vessels/details/8757788,DERRICK BARGE 30,Pipe Layer,8757788
/vessels/details/9694074,SK MARCO POLO,Offshore Support Vessel,9694074
/vessels/details/9745031,EXECUTIVE BALANCE,Offshore Tug/Supply Ship,9745031
/vessels/details/9775672,FUJIAN SOUTHEAST SK920,Offshore Tug/Supply Ship,9775672
/vessels/details/9545259,JM TENANG,Offshore Tug/Supply Ship,9545259
/vessels/details/533131189,NATTO DUA,Dredging or UW ops,533131189
/vessels/details/533321940,ALAF TIGA,Pilot,533321940
/vessels/details/9754666,SK LINE 516,Offshore Tug/Supply Ship,9754666
/vessels/details/533170771,LINAU 45,Other type,533170771
/vessels/details/9432098,SK LINE 4,Standby Safety Vessel,9432098
/vessels/details/9898292,LAGUNA SETIA 2,Offshore Support Vessel,9898292
/vessels/details/9723411,FUJIAN MAWEI SK913,Offshore Tug/Supply Ship,9723411
/vessels/details/533108242,BEST TUG 2,Towing vessel,533108242
/vessels/details/533000123,NORTH PORT PILOT OFF,Pilot,533000123
/vessels/details/9864617,KOTA BELUD,Patrol Vessel,9864617
/vessels/details/9640205,NEOPETRO 9,Utility Vessel,9640205
/vessels/details/9568770,INAI SAFFRON,Hopper Dredger,9568770
/vessels/details/1079060,STRATEGIC SINGAPORE H657,Offshore Tug/Supply Ship,1079060
/vessels/details/533018885,SRI PERKASA 75,Pilot,533018885
/vessels/details/533092070,79 GHE OC DAI UY C23,Pilot,533092070
/vessels/details/9775684,FUJIAN SOUTHEAST SK921,Offshore Tug/Supply Ship,9775684
/vessels/details/533475067,KNF 7687,Towing vessel,533475067
/vessels/details/9971135,HANA,Offshore Tug/Supply Ship,9971135
/vessels/details/533090297,KNF16,Other type,533090297
/vessels/details/4591502,HANDALAN,Patrol Vessel,4591502
/vessels/details/9358606,SETIA CEKAP,Offshore Tug/Supply Ship,9358606
/vessels/details/533170664,SENG HENG ELITE,Pilot,533170664
/vessels/details/9947342,GEN 4 ONE,Offshore Tug/Supply Ship,9947342
/vessels/details/8966872,BIMA TIGA,Standby Safety Vessel,8966872
/vessels/details/9971329,ALKAHFI GRACE,Offshore Tug/Supply Ship,9971329
/vessels/details/9683922,JATI SIX,Offshore Tug/Supply Ship,9683922
/vessels/details/533170224,ANH 2THUC,WIG,533170224
/vessels/details/533131096,5 PACK,Other type,533131096
/vessels/details/9579614,BAHTERA TIARA,Offshore Tug/Supply Ship,9579614
/vessels/details/1106564,JATI SIPADAN,Offshore Tug/Supply Ship,1106564
/vessels/details/5420188,ESPRIT VII,Dredger,5420188
/vessels/details/9513921,KAS MARINE 1,Offshore Tug/Supply Ship,9513921
/vessels/details/9971991,CENTUS THIRTEEN,Offshore Tug/Supply Ship,9971991
/vessels/details/533000001,KHA YANG NO1,Other type,533000001
/vessels/details/533092238,TRF1326 C24-26,Towing vessel (tow>200),533092238
/vessels/details/533418672,RAM 138,Other type,533418672
/vessels/details/9606182,EXPRESS 66,Offshore Tug/Supply Ship,9606182
/vessels/details/9339894,BIMA LIMA,Offshore Tug/Supply Ship,9339894
/vessels/details/9619622,AJANG STAR,Standby Safety Vessel,9619622
/vessels/details/4591514,PERKASA,Patrol Vessel,4591514
/vessels/details/8784339,PETRA ENDEAVOUR,Work/Repair Vessel,8784339
/vessels/details/7029897,POGUN RANAU,Offshore Tug/Supply Ship,7029897
/vessels/details/533268868,KNF-2,HSC,533268868
/vessels/details/9671357,SK PARAGON,Offshore Tug/Supply Ship,9671357
/vessels/details/533000012,BOT AMBULAN,HSC,533000012
/vessels/details/533746000,JAYARAYA,Towing vessel,533746000
/vessels/details/9938470,MARINE SUCCESS,Offshore Tug/Supply Ship,9938470
/vessels/details/9552161,HD WIRA,Offshore Tug/Supply Ship,9552161
/vessels/details/9456056,TAHA DUA,Offshore Tug/Supply Ship,9456056
/vessels/details/9973767,ALKAHFI GRAND,Offshore Tug/Supply Ship,9973767
/vessels/details/533018870,SRI PERKASA 71,Pilot,533018870
/vessels/details/9779513,SK LINE 206,Offshore Tug/Supply Ship,9779513
/vessels/details/9507568,KPV REDANG,Offshore Support Vessel,9507568
/vessels/details/9672882,EXECUTIVE COURAGE,Offshore Tug/Supply Ship,9672882
/vessels/details/9422902,AJANG ISA,Offshore Tug/Supply Ship,9422902
/vessels/details/533311892,P.SIK JING 92,Towing vessel,533311892
/vessels/details/9557276,NEOPETRO 8,Standby Safety Vessel,9557276
/vessels/details/9473042,GEMIA,Offshore Tug/Supply Ship,9473042
/vessels/details/9971111,BLUE PETRA 2,Offshore Tug/Supply Ship,9971111
/vessels/details/533999999,PAF-B4S39,Other type,533999999
/vessels/details/9575931,MK NINES,Offshore Tug/Supply Ship,9575931
/vessels/details/9359179,AJANG DUHA,Offshore Tug/Supply Ship,9359179
/vessels/details/9485540,TANJUNG PUTERI 1,Offshore Tug/Supply Ship,9485540
/vessels/details/533898000,KPF898,Other type,533898000
/vessels/details/533170684,MEDAN JAYA 8,Pilot,533170684
/vessels/details/533132556,SRI PERKASA 85,Pilot,533132556
/vessels/details/9653109,ICON AMARA,Offshore Tug/Supply Ship,9653109
/vessels/details/9576686,ICON TIGRIS,Offshore Tug/Supply Ship,9576686
/vessels/details/9613472,MK ENAM,Utility Vessel,9613472
/vessels/details/9486764,SK LINE 800,Standby Safety Vessel,9486764
/vessels/details/9064633,MUJATRA I,Crew Boat,9064633
/vessels/details/9854985,ALKAHFI CARE,Offshore Tug/Supply Ship,9854985
/vessels/details/533686866,KNF-2-A29,HSC,533686866
/vessels/details/533170411,MK TWELVE,Pilot,533170411
/vessels/details/9519547,INAI TERASEK,Dredger,9519547
/vessels/details/533552109,JHF459TU1,Local type,533552109
/vessels/details/9310185,AJANG SHARIAH,Standby Safety Vessel,9310185
/vessels/details/9528689,JHW AMETHYST,Well Stimulation Vessel,9528689
/vessels/details/9771157,SK MAJESTIC,Offshore Support Vessel,9771157
/vessels/details/533002160,KOTA LAKSAMANA 101,Other type,533002160
/vessels/details/533170662,CHAKLI 1,Towing vessel,533170662
/vessels/details/533039039,300I LY,Towing vessel,533039039
/vessels/details/8799011,TWO AARYAN,Offshore Support Vessel,8799011
/vessels/details/9318589,DAYANG PERTAMA,Offshore Support Vessel,9318589
/vessels/details/9854997,ALKAHFI COURAGE,Offshore Tug/Supply Ship,9854997
/vessels/details/533301892,P.SIK JING 92,Towing vessel,533301892
/vessels/details/9809801,KEYFIELD KINDNESS,Offshore Tug/Supply Ship,9809801
/vessels/details/533170177,JAYA TING 6,Towing vessel,533170177
/vessels/details/9770268,ALKAHFI MARYAM,Offshore Tug/Supply Ship,9770268
/vessels/details/8818910,FPSO CENDOR,Offshore Support Vessel,8818910
/vessels/details/9375068,AJANG DAWAH,Offshore Tug/Supply Ship,9375068
/vessels/details/9505869,PSALM 128,Standby Safety Vessel,9505869
/vessels/details/9480851,SEALINK MAJU 8,Offshore Tug/Supply Ship,9480851
/vessels/details/533991138,GHE 0C38C23,Pilot,533991138
/vessels/details/9664768,SETIA JIHAD,Offshore Tug/Supply Ship,9664768
/vessels/details/8026490,LOGISTIC I,Offshore Tug/Supply Ship,8026490
/vessels/details/9684017,CASSANDRA 9,Research Vessel,9684017
/vessels/details/9787675,MALIKAI,Other type,9787675
/vessels/details/533130199,CAKERAWALA,Other type,533130199
/vessels/details/533333333,TEGUH 8 BPK972P,Pilot,533333333
/vessels/details/9779290,KEYFIELD FALCON,Offshore Support Vessel,9779290
/vessels/details/9754654,SK LINE 515,Offshore Tug/Supply Ship,9754654
/vessels/details/533133058,LONG LIVE,Other type,533133058
/vessels/details/533170468,DAYANG ALMIRA,Other type,533170468
/vessels/details/7225881,INAI TULIP,Hopper Dredger,7225881
/vessels/details/9593567,TAHA ASSALAM,Offshore Tug/Supply Ship,9593567
/vessels/details/533427007,AISKSB,Local type,533427007
/vessels/details/533181298,KANTANNILAI,Towing vessel,533181298
/vessels/details/8402137,PELITA INDAH,Buoy/Lighthouse Vessel,8402137
/vessels/details/533193746,HWANG,Local type,533193746
/vessels/details/9819210,SK LINE 608,Offshore Support Vessel,9819210
/vessels/details/9430569,KEYFIELD ITQAN,Offshore Support Vessel,9430569
/vessels/details/1016331,TARGET 17,Offshore Tug/Supply Ship,1016331
/vessels/details/1014785,NP EXPLORER,Offshore Tug/Supply Ship,1014785
/vessels/details/9494888,MMA MONARCH,Offshore Tug/Supply Ship,9494888
/vessels/details/533472481,YLLF,Other type,533472481
/vessels/details/9971317,ALKAHFI GENTLE,Offshore Tug/Supply Ship,9971317
/vessels/details/9766463,SK LINE 607,Offshore Support Vessel,9766463
/vessels/details/533170113,JIN HWA 40,Towing vessel,533170113
/vessels/details/1017452,TEGAS UTAMA,Utility Vessel,1017452
/vessels/details/533994945,2DUOC,Towing vessel,533994945
/vessels/details/9096636,PSALM 68,Standby Safety Vessel,9096636
/vessels/details/533140209,DOF 2512,Other type,533140209
/vessels/details/9776810,DAYA INDAH SATU,Offshore Tug/Supply Ship,9776810
/vessels/details/1018286,CENTUS ALESHA,Offshore Tug/Supply Ship,1018286
/vessels/details/9655729,CARIMIN AIRIS,Offshore Tug/Supply Ship,9655729
/vessels/details/8107127,FPSO BERANTAI,Offshore Support Vessel,8107127
/vessels/details/9869784,ALKAHFI COMFORT,Offshore Tug/Supply Ship,9869784
/vessels/details/9642318,PH PRESTIJ,Crew Boat,9642318
/vessels/details/533018901,SRI PERKASA 82,Pilot,533018901
/vessels/details/533399999,B 22,Other type,533399999
/vessels/details/9478171,AJANG HAIDAH,Offshore Support Vessel,9478171
/vessels/details/9715529,SK PARAMOUNT,Offshore Support Vessel,9715529
/vessels/details/9363742,TC SKY,Offshore Tug/Supply Ship,9363742
/vessels/details/533081940,ALAF SATU,Pilot,533081940
/vessels/details/533826846,WAHIDA 19,Towing vessel,533826846
/vessels/details/7937898,MELANA 6,Work/Repair Vessel,7937898
/vessels/details/9688154,NEOPETRO 11,Utility Vessel,9688154
/vessels/details/9753399,NAUTICA TG PUTERIXXX,Offshore Tug/Supply Ship,9753399
/vessels/details/9352779,AJANG HIKMAH,Offshore Support Vessel,9352779
/vessels/details/9908906,CENTUS NINE,Offshore Tug/Supply Ship,9908906
/vessels/details/533110238,DORADO,HSC,533110238
/vessels/details/533121054,GODDESS,Towing vessel,533121054
/vessels/details/9473303,MK FOURTEEN,Offshore Tug/Supply Ship,9473303
/vessels/details/9775610,SK PRELUDE,Offshore Tug/Supply Ship,9775610
/vessels/details/533170513,SENG HENG BEST,Other type,533170513
/vessels/details/9542441,JATI FOUR,Offshore Tug/Supply Ship,9542441
/vessels/details/533110308,KKD00087T,Towing vessel,533110308
/vessels/details/9548392,BORNEO 2,Offshore Tug/Supply Ship,9548392
/vessels/details/533093675,LU0I F1O,Towing vessel,533093675
/vessels/details/9444089,PERDANA TRAVELLER,Offshore Tug/Supply Ship,9444089
/vessels/details/8953057,ARWANA SATU,Pipe Layer,8953057
/vessels/details/533123458,TOK BALI PORT,Port tender,533123458
/vessels/details/9622863,DAYANG MUTIARA,Offshore Support Vessel,9622863
/vessels/details/8896857,HARBOUR 12,Motor Hopper,8896857
/vessels/details/9966790,SK ADVANCE,Offshore Tug/Supply Ship,9966790
/vessels/details/533018903,SRI PERKASA 8,Pilot,533018903
/vessels/details/9754197,JATI SEVEN,Offshore Tug/Supply Ship,9754197
/vessels/details/9627409,AISHAH AIMS 3,Offshore Tug/Supply Ship,9627409
/vessels/details/9498078,SK LINE 805,Standby Safety Vessel,9498078
/vessels/details/9910961,TEGAS MULIA,Offshore Tug/Supply Ship,9910961
/vessels/details/9683934,JATI 8,Offshore Tug/Supply Ship,9683934
/vessels/details/533018873,SRI PERKASA 57,Pilot,533018873
/vessels/details/533111120,TEGUH 1 BPK966P,Pilot,533111120
/vessels/details/533305288,NAKCHALEETI 773,Other type,533305288
/vessels/details/8332344,SIN BEE NO. 1,Offshore Tug/Supply Ship,8332344
/vessels/details/533140208,DOF 2511,Other type,533140208
/vessels/details/533826848,GAGAH 4,Towing vessel,533826848
/vessels/details/533180041,PERDANA PROTECTOR,Other type,533180041
/vessels/details/9804473,EXPRESS 100,Offshore Tug/Supply Ship,9804473
/vessels/details/533130877,SYAHBANDAR 1,HSC,533130877
/vessels/details/533397968,KNF-2,HSC,533397968
/vessels/details/533495969,KNF16,Other type,533495969
/vessels/details/9318890,AJANG MUNA,Pollution Control Vessel,9318890
/vessels/details/9042427,MTC LEDANG,Offshore Support Vessel,9042427
/vessels/details/533875000,MUHIBBAHJB1,Other type,533875000
/vessels/details/9869801,ALKAHFI CHIEF,Offshore Tug/Supply Ship,9869801
/vessels/details/9534212,PERDANA MARATHON,Offshore Tug/Supply Ship,9534212
/vessels/details/533132243,SP2,Pilot,533132243
/vessels/details/533130771,MANTA RAY,Towing vessel,533130771
/vessels/details/9430557,JM SERI BESUT,Offshore Tug/Supply Ship,9430557
/vessels/details/9774238,PELICAN GEM,Offshore Tug/Supply Ship,9774238
/vessels/details/533826077,CAMAR SAMUDRA,Port tender,533826077
/vessels/details/9509190,PERDANA FRONTIER,Offshore Tug/Supply Ship,9509190
/vessels/details/533133279,AFIYAH AIMS 2,Pilot,533133279
/vessels/details/9581409,SMS VENTURE,Utility Vessel,9581409
/vessels/details/533130903,NTPXVI,Other type,533130903
/vessels/details/533090691,BN,Other type,533090691
/vessels/details/8601056,DAYANG SARI,Fire Fighting Vessel,8601056
/vessels/details/9554951,ASB MUTIARA 8,Offshore Tug/Supply Ship,9554951
/vessels/details/9754214,JATI TEN,Offshore Tug/Supply Ship,9754214
/vessels/details/9394595,BAHTERA INTAN,Offshore Tug/Supply Ship,9394595
/vessels/details/9635250,SK PROGRESS,Offshore Tug/Supply Ship,9635250
/vessels/details/9551650,PUTRA ANDIKA 1,Offshore Tug/Supply Ship,9551650
/vessels/details/9727895,SK PRIME,Offshore Tug/Supply Ship,9727895
/vessels/details/533131082,HARBOUR 1,Dredging or UW ops,533131082
/vessels/details/9705598,OCEAN RANGER,Offshore Tug/Supply Ship,9705598
/vessels/details/7005231,INAI SELASIH,Hopper Dredger,7005231
/vessels/details/9972323,SAHAN CHARLIE 2,Utility Vessel,9972323
/vessels/details/9339143,PERMATA HIDRO,Research Vessel,9339143
/vessels/details/9610511,JM SAMUDERA,Offshore Tug/Supply Ship,9610511
/vessels/details/533150099,SP4,Pilot,533150099
/vessels/details/9973779,ALKAHFI GLORY,Offshore Tug/Supply Ship,9973779
/vessels/details/9766762,JVC ALPHA,Offshore Tug/Supply Ship,9766762
/vessels/details/9203411,TG. MANIS,Patrol Vessel,9203411
/vessels/details/9727912,SK PLENTY,Offshore Tug/Supply Ship,9727912
/vessels/details/9538050,JASA KENYALANG,Offshore Tug/Supply Ship,9538050
/vessels/details/9557264,NEOPETRO 3,Standby Safety Vessel,9557264
/vessels/details/7720427,OFFSHORE STEPHANITURM,Offshore Support Vessel,7720427
/vessels/details/9771808,FUJIAN BAIMA SK116,Offshore Tug/Supply Ship,9771808
/vessels/details/8796021,SAPURA 300,Work/Repair Vessel,8796021
/vessels/details/9745304,SK PREMIER,Offshore Support Vessel,9745304
/vessels/details/1110187,PELICAN BRILLIANT,Offshore Tug/Supply Ship,1110187
/vessels/details/533170686,MEDAN JAYA 9,Pilot,533170686
/vessels/details/8715596,KM ARAU,Patrol Vessel,8715596
/vessels/details/9480784,BAHTERA AZALEA,Offshore Tug/Supply Ship,9480784
/vessels/details/533133149,NAUTICATGPUTERIXVIII,Other type,533133149
/vessels/details/9609938,CAHAYA INDAH,Offshore Tug/Supply Ship,9609938
/vessels/details/9965631,EXPRESS 95,Offshore Tug/Supply Ship,9965631
/vessels/details/533102141,ALAF PTP TIGA,Pilot,533102141
/vessels/details/533180460,JHF 2610 T,Dredging or UW ops,533180460
/vessels/details/533018890,SRI PERKASA 91,Pilot,533018890
/vessels/details/533130557,KINDP-A,Other type,533130557
/vessels/details/533224452,ICON-LUMI-A,Other type,533224452
/vessels/details/9605918,PTSC LAM KINH,Offshore Tug/Supply Ship,9605918
/vessels/details/533888009,SA10499 5 P,HSC,533888009
/vessels/details/533826080,TB GITA 3,Towing vessel,533826080
/vessels/details/533170695,FORHIL 3,Other type,533170695
/vessels/details/9593995,PSALM 93,Offshore Tug/Supply Ship,9593995
/vessels/details/533091018,PPF 1018 LOT,Diving ops,533091018
/vessels/details/9375020,CMS ROBIAH,Offshore Tug/Supply Ship,9375020
/vessels/details/9410351,JM INDAH,Offshore Tug/Supply Ship,9410351
/vessels/details/9730608,CENTUS THREE,Offshore Tug/Supply Ship,9730608
/vessels/details/7618818,YTC HOPPER 7,Motor Hopper,7618818
/vessels/details/4593548,BANGGI,Patrol Vessel,4593548
/vessels/details/533877000,LOW KIM CHUAN 18,Towing vessel,533877000
/vessels/details/9346316,AJANG IKHTIAR,Anchor Hoy,9346316
/vessels/details/9775660,FUJIAN SOUTHEAST SK919,Offshore Tug/Supply Ship,9775660
/vessels/details/8402149,STAR STALLION,Buoy/Lighthouse Vessel,8402149
/vessels/details/533170519,NAKHODA PERTIWI,Pilot,533170519
/vessels/details/9683908,BORNEO V,Offshore Tug/Supply Ship,9683908
/vessels/details/533130320,A 27,Port tender,533130320
/vessels/details/8875334,KARU,Research Vessel,8875334
/vessels/details/9783112,ICON ANDRA,Offshore Tug/Supply Ship,9783112
/vessels/details/533132768,PRINCESS MARY,Other type,533132768
/vessels/details/9895874,ALKAHFI CHARM,Offshore Tug/Supply Ship,9895874
/vessels/details/9610523,JM SETIA,Offshore Tug/Supply Ship,9610523
/vessels/details/9691826,KAZO CEKAP,Offshore Tug/Supply Ship,9691826
/vessels/details/9467536,MICLYN EMPEROR,Offshore Tug/Supply Ship,9467536
/vessels/details/9664756,SETIA HIJRAH,Offshore Tug/Supply Ship,9664756
/vessels/details/9552252,KAZO JAX,Offshore Tug/Supply Ship,9552252
/vessels/details/9720677,SK MAVEN,Offshore Tug/Supply Ship,9720677
/vessels/details/9640217,NEOPETRO 10,Utility Vessel,9640217
/vessels/details/9840996,DAMEN GORINCHEM 555503,Patrol Vessel,9840996
/vessels/details/9775658,FUJIAN SOUTHEAST SK918,Offshore Tug/Supply Ship,9775658
/vessels/details/1041960,CARIMIN ASTER,Crew Boat,1041960
/vessels/details/9432103,SK LINE 3,Standby Safety Vessel,9432103
/vessels/details/533331311,TRF1A27,Towing vessel,533331311
/vessels/details/9971977,TARGET 103,Offshore Tug/Supply Ship,9971977
/vessels/details/533005500,PW TEKUN,Towing vessel,533005500
/vessels/details/9685982,OCEAN PRIDE,Offshore Tug/Supply Ship,9685982
/vessels/details/533133584,SKG 521,Other type,533133584
/vessels/details/533132628,GOLF,Dredging or UW ops,533132628
/vessels/details/9548134,TANJUNG DAHAN 1,Offshore Tug/Supply Ship,9548134
/vessels/details/9572630,INAI IXORA,Dredger,9572630
/vessels/details/9627394,AISHAH AIMS 2,Offshore Tug/Supply Ship,9627394
/vessels/details/9318747,AJANG SAFA,Offshore Tug/Supply Ship,9318747
/vessels/details/9040168,BORCOS TEGAS,Offshore Tug/Supply Ship,9040168
/vessels/details/8304438,KAJANG 8,Offshore Tug/Supply Ship,8304438
/vessels/details/9559080,SAFIR KISH 4,Offshore Tug/Supply Ship,9559080
/vessels/details/1104035,CHEOY LEE 5301,Offshore Tug/Supply Ship,1104035
/vessels/details/9705639,SAPURA DUYONG,Offshore Support Vessel,9705639
/vessels/details/9775397,SAHAN BETA 9,Offshore Tug/Supply Ship,9775397
/vessels/details/533331219,MH 19,Other type,533331219
/vessels/details/9498042,SETIA YAKIN,Utility Vessel,9498042
/vessels/details/8304464,MESRA I,Offshore Tug/Supply Ship,8304464
/vessels/details/9745316,SK PURPOSE,Offshore Support Vessel,9745316
/vessels/details/9697789,SK PRECIOUS,Offshore Tug/Supply Ship,9697789
/vessels/details/9203409,TG. EMBANG,Patrol Vessel,9203409
/vessels/details/533018897,SRI PERKASA 72,Pilot,533018897
/vessels/details/9526746,PSALM 88,Standby Safety Vessel,9526746
/vessels/details/533118817,CQ 5,Local type,533118817
/vessels/details/533140152,RMN FCB 1101,Other type,533140152
/vessels/details/533180191,AWB PETRA CHALLENGER,Other type,533180191
/vessels/details/533123444,ICON AMIRA 1,Other type,533123444
/vessels/details/9739795,MYY ALEEYA,Offshore Support Vessel,9739795
/vessels/details/9480887,VANESSA 17,Offshore Tug/Supply Ship,9480887
/vessels/details/9787417,KEYFIELD HELMS 1,Offshore Tug/Supply Ship,9787417
/vessels/details/9697167,SK PRUDENCE,Offshore Tug/Supply Ship,9697167
/vessels/details/9841005,DAMEN GORINCHEM 555504,Patrol Vessel,9841005
/vessels/details/533966476,KM MARLIN,Other type,533966476
/vessels/details/9809899,LAGUNA SETIA1,Offshore Support Vessel,9809899
/vessels/details/8870372,AJANG SYAWAL,Standby Safety Vessel,8870372
/vessels/details/533699808,ALAF DUA,Pilot,533699808
/vessels/details/9900540,BLUE PETRA 1,Offshore Tug/Supply Ship,9900540
/vessels/details/5185960,KETAM,Hopper Dredger,5185960
/vessels/details/9543184,MASINDRA JEDDAH,Offshore Tug/Supply Ship,9543184
/vessels/details/9642291,PH. VIKING,Crew Boat,9642291
/vessels/details/533133389,JHS210T,HSC,533133389
/vessels/details/9761724,CARIMIN ACACIA,Offshore Support Vessel,9761724
/vessels/details/9616448,RV DISCOVERY,Research Vessel,9616448
/vessels/details/9305233,TANJUNG NOSONG,Pollution Control Vessel,9305233
/vessels/details/533018887,SRIPERKASA 55,Pilot,533018887
/vessels/details/9484053,AJANG SINCERE,Offshore Tug/Supply Ship,9484053
/vessels/details/1014814,JVC SAPPHIRE,Utility Vessel,1014814
/vessels/details/9688104,JM GEMILANG,Offshore Tug/Supply Ship,9688104
/vessels/details/533130561,SFDP-A,Other type,533130561
/vessels/details/9722156,ROBUST TWO,Utility Vessel,9722156
/vessels/details/9900423,CENTUS EIGHT,Offshore Tug/Supply Ship,9900423
/vessels/details/533000715,KAJANG 10,Towing vessel,533000715
/vessels/details/9727924,SK LINE 720,Offshore Tug/Supply Ship,9727924
/vessels/details/533000111,SGR 1,HSC,533000111
/vessels/details/533133499,VISTA SETIA,Local type,533133499
/vessels/details/9480796,VIE DAMAI,Offshore Tug/Supply Ship,9480796
/vessels/details/9959967,DOLPHIN SATU,Offshore Tug/Supply Ship,9959967
/vessels/details/9381304,SETIA RENTAS,Offshore Tug/Supply Ship,9381304
/vessels/details/8304440,KAJANG 9,Offshore Tug/Supply Ship,8304440
/vessels/details/8304452,MESRA II,Offshore Tug/Supply Ship,8304452
/vessels/details/1017440,TEGAS MADANI,Offshore Tug/Supply Ship,1017440
/vessels/details/533132643,KETARA TUG 3,Other type,533132643
/vessels/details/533018400,HARBOUR 7,Towing vessel,533018400
/vessels/details/533331111,TRF1 A 27,Towing vessel,533331111
/vessels/details/533004338,BONG LA 4338,Towing vessel,533004338
/vessels/details/9529152,DUYONG TIGA,Offshore Tug/Supply Ship,9529152
/vessels/details/533018900,KENG SENG II,Towing vessel,533018900
/vessels/details/9466087,JEREMIAH 1714,Standby Safety Vessel,9466087
/vessels/details/9692882,ALKAHFI ASURA,Offshore Tug/Supply Ship,9692882
/vessels/details/9710646,AISHAH AIMS 5,Offshore Tug/Supply Ship,9710646
/vessels/details/9727936,SK LINE 721,Offshore Tug/Supply Ship,9727936
/vessels/details/9537824,KPV KAPAS,Offshore Tug/Supply Ship,9537824
/vessels/details/9529164,VANESSA 18,Offshore Tug/Supply Ship,9529164
/vessels/details/533130993,PERDANA EXCELSIOR,Other type,533130993
/vessels/details/1089716,SK LINE 521,Offshore Tug/Supply Ship,1089716
/vessels/details/533170171,NUR AMANAH,Other type,533170171
/vessels/details/9596583,GRADE ONE MANJUNG 1,Offshore Tug/Supply Ship,9596583
/vessels/details/533133277,AFIYAH AIMS 1,Pilot,533133277
/vessels/details/9101728,ALBATROSS 2,Standby Safety Vessel,9101728
/vessels/details/9467524,MICLYN EMPRESS,Offshore Tug/Supply Ship,9467524
/vessels/details/533000008,M.T SWEE,Towing vessel,533000008
/vessels/details/9543225,SK PALADIN,Offshore Tug/Supply Ship,9543225
/vessels/details/1125376,KIM SEAH H465,Offshore Tug/Supply Ship,1125376
/vessels/details/533018893,SRI PERKASA 32,Pilot,533018893
/vessels/details/9690638,SK POWER,Offshore Tug/Supply Ship,9690638
/vessels/details/4593536,LANGKAWI,Patrol Vessel,4593536
/vessels/details/8628236,MEGA MARIA,Standby Safety Vessel,8628236
/vessels/details/533170638,EASTPOT TUJUH,HSC,533170638
/vessels/details/9908918,CENTUS TEN,Offshore Tug/Supply Ship,9908918
/vessels/details/533018888,STRAITSPERKASA SPARE,Pilot,533018888
/vessels/details/533107647,SE EXPRESS,Other type,533107647
/vessels/details/533170501,BANGGI EXPRESS,HSC,533170501
/vessels/details/1018274,DIANA,Offshore Tug/Supply Ship,1018274
/vessels/details/9410363,JM MURNI,Offshore Tug/Supply Ship,9410363
/vessels/details/533133559,HERO 333,HSC,533133559
/vessels/details/9664378,BELAIT PSV 2,Offshore Tug/Supply Ship,9664378
/vessels/details/9650896,CENTUS SOPHIE,Offshore Tug/Supply Ship,9650896
/vessels/details/533131344,TRF 3,Towing vessel (tow>200),533131344
/vessels/details/9498030,SETIA BUDI,Utility Vessel,9498030
/vessels/details/533170458,MEGA HOPE,Pilot,533170458
/vessels/details/533138032,MATAKING ISLAND,Other type,533138032
/vessels/details/9671383,ICON ZARA,Offshore Tug/Supply Ship,9671383
/vessels/details/533274821,RMN 3502,Other type,533274821
/vessels/details/9327695,MS SETIA,Utility Vessel,9327695
/vessels/details/1047574,SK ACTIVE,Offshore Tug/Supply Ship,1047574
/vessels/details/1040758,MARINE CITRINE,Offshore Tug/Supply Ship,1040758
/vessels/details/1036721,EXPRESS 103,Offshore Tug/Supply Ship,1036721
/vessels/details/1018298,CENTUS ALEEYA,Offshore Tug/Supply Ship,1018298
/vessels/details/9767625,XIAMEN SK726,Offshore Tug/Supply Ship,9767625
/vessels/details/9165372,SINARAN LAUT,Buoy/Lighthouse Vessel,9165372
/vessels/details/9710452,TWO LEKIU,Offshore Tug/Supply Ship,9710452
/vessels/details/533180102,PERDANA EMERALD,Other type,533180102
/vessels/details/8875281,DAYANG NILAM,Utility Vessel,8875281
/vessels/details/533018001,BOT PELBAGAI,HSC,533018001
/vessels/details/533180190,TWO AARYAN,Other type,533180190
/vessels/details/1067421,PLEASANT ENGINEERING 0124,Utility Vessel,1067421
/vessels/details/9775476,TARGET 11,Offshore Tug/Supply Ship,9775476
/vessels/details/9771781,FUJIAN BAIMA SK113,Offshore Tug/Supply Ship,9771781
/vessels/details/9627382,AISHAH AIMS 1,Offshore Tug/Supply Ship,9627382
/vessels/details/9722144,ROBUST ONE,Utility Vessel,9722144
/vessels/details/533332740,ALAF TIGA,Pilot,533332740
/vessels/details/9983712,ALKAHFI CRYSTAL,Offshore Tug/Supply Ship,9983712
/vessels/details/533930050,JPDS PILOT SATU,Pilot,533930050
/vessels/details/8304476,MESRA VII,Offshore Tug/Supply Ship,8304476
/vessels/details/8119467,MERPATI,Research Vessel,8119467
/vessels/details/9577202,SAPURA WIRA,Offshore Tug/Supply Ship,9577202
/vessels/details/533110058,MY J WIND,Other type,533110058
/vessels/details/9715517,YINSON HERMES,Offshore Tug/Supply Ship,9715517
/vessels/details/9689196,DAYANG OPAL,Offshore Support Vessel,9689196
/vessels/details/9488683,SETIA TEGUH,Offshore Tug/Supply Ship,9488683
/vessels/details/1125352,KIM SEAH H418,Offshore Tug/Supply Ship,1125352
/vessels/details/533091729,GS,Towing vessel,533091729
/vessels/details/533599699,LY B 22,HSC,533599699
/vessels/details/9268617,CARINA 23,Hopper Dredger,9268617
/vessels/details/9473286,UFS SATU,Offshore Tug/Supply Ship,9473286
/vessels/details/1108811,NATAH NS208,Offshore Support Vessel,1108811
/vessels/details/533000000,KUANTAN PORT CONTROL,Port tender,533000000
/vessels/details/533150126,SHUN DA 198,Dredging or UW ops,533150126
/vessels/details/533110023,LANGKAWI AUTO EXP 2,Other type,533110023
/vessels/details/9106998,MASTER 1,Crew Boat,9106998
/vessels/details/533170077,FAIRWAY 8,Towing vessel,533170077
/vessels/details/533180043,PERDANA RESOLUTE,Other type,533180043
/vessels/details/9573543,BAHTERA LAZURIT,Offshore Tug/Supply Ship,9573543
/vessels/details/533130556,ERB WEST,Other type,533130556
/vessels/details/533131156,TRF1303,Other type,533131156
/vessels/details/4721432,KM KOTA KINABALU,Patrol Vessel,4721432
/vessels/details/533174479,LOUNGTHAK.479.T,Other type,533174479
/vessels/details/9568768,INAI JASMINE,Hopper Dredger,9568768
/vessels/details/9396608,DAYANG BERLIAN,Offshore Support Vessel,9396608
/vessels/details/9688738,RESOLUTION,Offshore Tug/Supply Ship,9688738
/vessels/details/533133611,QL INFINITY,Dredging or UW ops,533133611
/vessels/details/7808061,O. I. RENAVESS,Work/Repair Vessel,7808061
/vessels/details/533000060,ATIRA,Other type,533000060
/vessels/details/9510395,SETIA KILAS,Utility Vessel,9510395
/vessels/details/9840984,KM TUN FATIMAH,Patrol Vessel,9840984
/vessels/details/8604254,AJANG HIRA,Offshore Support Vessel,8604254
/vessels/details/9760756,TEGAS MAJU,Offshore Tug/Supply Ship,9760756
/vessels/details/9723423,FUJIAN MAWEI SK915,Offshore Tug/Supply Ship,9723423
/vessels/details/533179999,PKFB 1799999999NAN,Other type,533179999
/vessels/details/9481790,SETIA ZAMAN,Utility Vessel,9481790
/vessels/details/533170588,MEGA SUCCESS,Pilot,533170588
/vessels/details/9553672,BIMA LAPAN,Offshore Tug/Supply Ship,9553672
/vessels/details/9478183,PETRA GALAXY,Offshore Support Vessel,9478183
/vessels/details/9619141,BAHTERA MAKMUR,Offshore Tug/Supply Ship,9619141
/vessels/details/9728590,JM TABAH,Offshore Tug/Supply Ship,9728590
/vessels/details/9971989,CENTUS TWELVE,Offshore Tug/Supply Ship,9971989
/vessels/details/533005085,RMN WARSHIP 3511,Other type,533005085
/vessels/details/9709403,OGC FUTURE,Standby Safety Vessel,9709403
/vessels/details/533017001,PGMARINE 37,Pilot,533017001
/vessels/details/533110038,NAMASTE,Other type,533110038
/vessels/details/533130001,AIS NO.1,Towing vessel,533130001
/vessels/details/9545261,JM INTAN,Offshore Tug/Supply Ship,9545261
/vessels/details/9369447,POLARIS PACIFIC 1,Offshore Tug/Supply Ship,9369447
/vessels/details/9771145,KEYFIELD WISDOM,Offshore Support Vessel,9771145
/vessels/details/9671371,ICON IKHLAS,Offshore Tug/Supply Ship,9671371
/vessels/details/533000705,M.T DAWAMA,Port tender,533000705
/vessels/details/1097074,SKA 102,Offshore Tug/Supply Ship,1097074
/vessels/details/533268869,KNF-2,HSC,533268869
/vessels/details/9709415,OGC NURSYA,Standby Safety Vessel,9709415
/vessels/details/533130269,DERRICK BARGE 30,Other type,533130269
/vessels/details/533131188,NATTO SATU,Dredging or UW ops,533131188
/vessels/details/533930058,JPDS JPD DUA,Towing vessel,533930058
/vessels/details/5126043,GANNET,Hopper Dredger,5126043
/vessels/details/9548380,ASB MUTIARA 5,Crew Boat,9548380
/vessels/details/9761982,HAPLEE 66,Hopper Dredger,9761982
/vessels/details/533886866,KNF-2-8,Towing vessel,533886866
/vessels/details/533170289,SENG HENG AWESOME,Pilot,533170289
/vessels/details/9626649,JM PERMAI,Offshore Tug/Supply Ship,9626649
/vessels/details/8113671,MESRA VI,Standby Safety Vessel,8113671
/vessels/details/9689249,ALYA,Offshore Support Vessel,9689249
/vessels/details/9565778,SAPURA JANE,Offshore Support Vessel,9565778
/vessels/details/9630781,BORNEO III,Offshore Tug/Supply Ship,9630781
/vessels/details/9683910,JATI FIVE,Offshore Tug/Supply Ship,9683910
/vessels/details/1103184,JATI MANUKAN,Crew Boat,1103184
/vessels/details/9766774,JVC BRAVO,Offshore Tug/Supply Ship,9766774
/vessels/details/533150111,SRI PERKASA 78,Pilot,533150111
/vessels/details/8875346,KAJIB,Research Vessel,8875346
/vessels/details/9596595,GRADE ONE MANJUNG 2,Offshore Tug/Supply Ship,9596595
/vessels/details/533150105,SP5,Pilot,533150105
/vessels/details/9771793,FUJIAN BAIMA SK115,Offshore Tug/Supply Ship,9771793
/vessels/details/533910035,SUPHON 308,Towing vessel,533910035
/vessels/details/9459216,BINTANG TIMUR,Offshore Tug/Supply Ship,9459216
/vessels/details/8802636,SOLAS,Buoy/Lighthouse Vessel,8802636
/vessels/details/7633856,SAZ SUPPLY,Offshore Tug/Supply Ship,7633856
/vessels/details/9557886,DALEKO 81,Offshore Tug/Supply Ship,9557886
/vessels/details/533133077,ODAS 1 BUOY,Other type,533133077
/vessels/details/9527594,PTSC HUONG GIANG,Offshore Tug/Supply Ship,9527594
/vessels/details/9475789,MK THIRTEEN,Offshore Tug/Supply Ship,9475789
/vessels/details/9536911,PERDANA RANGER,Offshore Tug/Supply Ship,9536911
/vessels/details/533131083,PARADISE,Other type,533131083
/vessels/details/533000567,KGS,Towing vessel,533000567
/vessels/details/533133417,MEU HUAT 5,Other type,533133417
/vessels/details/9731353,SAHAN 31,Utility Vessel,9731353
/vessels/details/9009750,KM PEKAN,Patrol Vessel,9009750
/vessels/details/9708019,BOS AZLINA,Offshore Tug/Supply Ship,9708019
/vessels/details/9589023,PSALM 99,Offshore Tug/Supply Ship,9589023
/vessels/details/9449637,SEALINK VANESSA 12,Offshore Tug/Supply Ship,9449637
/vessels/details/9717747,GRADE ONE MANJUNG 6,Offshore Tug/Supply Ship,9717747
/vessels/details/533000328,EAGLE RAY,Towing vessel,533000328
/vessels/details/9651905,ICON AMIRA,Offshore Tug/Supply Ship,9651905
/vessels/details/9831464,CENTUS SEVEN,Offshore Tug/Supply Ship,9831464
/vessels/details/7041601,FPSO BERTAM,Offshore Support Vessel,7041601
/vessels/details/9534119,PERDANA EXPEDITION,Offshore Tug/Supply Ship,9534119
/vessels/details/8331261,KAJANG 11,Research Vessel,8331261
/vessels/details/9782481,EKSPRES 93,Offshore Tug/Supply Ship,9782481
/vessels/details/8775077,TWO EASTWIND,Offshore Support Vessel,8775077
/vessels/details/9801184,GRADE ONE MANJUNG 8,Offshore Tug/Supply Ship,9801184
/vessels/details/9767601,XIAMEN SK723,Offshore Tug/Supply Ship,9767601
/vessels/details/533160109,YAKIN 39,Towing vessel,533160109
/vessels/details/533133342,BINTAN RESORTS III,Other type,533133342
/vessels/details/9538048,JATI KENYALANG,Offshore Tug/Supply Ship,9538048
/vessels/details/9555424,BRIDGEWATER 132,Offshore Tug/Supply Ship,9555424
/vessels/details/533550071,NATIONAL 71,Other type,533550071
/vessels/details/9779460,NAM CHEONG SK729,Offshore Tug/Supply Ship,9779460
/vessels/details/533451656,SRIRUNG.1656,Other type,533451656
/vessels/details/533130564,SMQ-A,Other type,533130564
/vessels/details/9728605,MM TEGUH,Offshore Tug/Supply Ship,9728605
/vessels/details/533111117,TEGUH 3 BPK969P,Pilot,533111117
/vessels/details/533093236,BLUE PULL,Other type,533093236
/vessels/details/9541629,SURYA KELANG,Offshore Tug/Supply Ship,9541629
/vessels/details/533160191,NZ EKSPRESS,HSC,533160191
/vessels/details/9730660,HISYAM 6,Offshore Tug/Supply Ship,9730660
/vessels/details/1136686,KIM SEAH H468,Offshore Tug/Supply Ship,1136686
/vessels/details/533018889,SRI PERKASA 39,Pilot,533018889
/vessels/details/533826145,GITA.1,Towing vessel,533826145
/vessels/details/9681637,VANESSA 9,Offshore Tug/Supply Ship,9681637
/vessels/details/533170634,NAKHODA PA MAIN,Pilot,533170634
/vessels/details/9534767,DAYANG ZAMRUD,Offshore Support Vessel,9534767
/vessels/details/9504827,TWO NADIM,Offshore Tug/Supply Ship,9504827
/vessels/details/9430545,JM HADHARI,Offshore Tug/Supply Ship,9430545
/vessels/details/9444077,PERDANA ADVENTURER,Offshore Tug/Supply Ship,9444077
/vessels/details/8507327,BUNGA KERTAS,Offshore Support Vessel,8507327
/vessels/details/4593093,PERANTAU,Research Vessel,4593093
/vessels/details/533101804,P A Y,HSC,533101804
/vessels/details/9723447,FUJIAN MAWEI SK917,Offshore Tug/Supply Ship,9723447
/vessels/details/9935820,TARGET 12,Mooring Vessel,9935820
/vessels/details/533018891,SRI PERKASA 92,Pilot,533018891
/vessels/details/9446063,CMS AFIYA,Anchor Hoy,9446063
/vessels/details/533132554,SRI PERKASA 81,Pilot,533132554
/vessels/details/9688166,NEOPETRO 12,Utility Vessel,9688166
/vessels/details/9812303,ROBUST THREE,Utility Vessel,9812303
/vessels/details/9767613,XIAMEN SK725,Offshore Tug/Supply Ship,9767613
/vessels/details/9709398,OGC PROGRESSOR,Standby Safety Vessel,9709398
/vessels/details/533130565,KNPG-B,Other type,533130565
/vessels/details/9548146,TANJUNG DAHAN 2,Offshore Tug/Supply Ship,9548146
/vessels/details/9538036,PUTRA KENYALANG,Offshore Tug/Supply Ship,9538036
/vessels/details/9723409,SK KINETIK,Offshore Tug/Supply Ship,9723409
/vessels/details/9680217,PSALM 89,Utility Vessel,9680217
/vessels/details/533912716,KHF2289.LUMTHONGCITY,Towing vessel (tow>200),533912716
/vessels/details/8327090,ALIO,Offshore Tug/Supply Ship,8327090
/vessels/details/533002067,KHF2067PANGKOR SAKAI,Other type,533002067
/vessels/details/533678999,67 F19,Towing vessel,533678999
/vessels/details/7406813,HARTAMAS,Offshore Tug/Supply Ship,7406813
/vessels/details/9692090,GRADE ONE MANJUNG 3,Offshore Tug/Supply Ship,9692090
/vessels/details/533363995,NH0X BOY,Dredging or UW ops,533363995
/vessels/details/533912167,KHF..BANGKOR..2289,Towing vessel,533912167
/vessels/details/7397335,SARKU SAMBANG,Offshore Support Vessel,7397335
/vessels/details/9717797,DAYANG RUBY,Offshore Support Vessel,9717797
/vessels/details/533999040,BEST TUG NO3,Towing vessel,533999040
/vessels/details/533341656,SRIRUNG.1656,Other type,533341656
/vessels/details/1036719,EXPRESS 102,Offshore Tug/Supply Ship,1036719
/vessels/details/9728057,SK MERIDIAN,Offshore Support Vessel,9728057
/vessels/details/9645229,SEALINK 179,Offshore Tug/Supply Ship,9645229
/vessels/details/9495882,NEOPETRO 7,Standby Safety Vessel,9495882
/vessels/details/9729037,VELESTO NAGA 8,Drilling Ship,9729037
/vessels/details/9585821,JM GAGAH 2,Offshore Tug/Supply Ship,9585821
/vessels/details/533093268,KNF,Towing vessel,533093268
/vessels/details/533764000,KENCANA MAKMUR 1,Towing vessel,533764000
/vessels/details/9290256,TANJUNG KLIAS,Pollution Control Vessel,9290256
/vessels/details/9572642,INAI LIATREE,Dredger,9572642
/vessels/details/533345312,PSF1363 ADULDECH.,HSC,533345312
/vessels/details/9742481,DAYANG AISYAH,Standby Safety Vessel,9742481
/vessels/details/1104023,CHEOY LEE 5300,Offshore Tug/Supply Ship,1104023
/vessels/details/533966485,PB-11,Dredging or UW ops,533966485
/vessels/details/1138282,KIM SEAH H619,Crew Boat,1138282
/vessels/details/533999099,SANTAI LADY,Other type,533999099
/vessels/details/1067445,PLEASANT ENGINEERING 0324,Utility Vessel,1067445
/vessels/details/9705627,SAPURA AMAN,Offshore Support Vessel,9705627
/vessels/details/8751447,TSEVEN SHIRLEY,Drilling Ship,8751447
/vessels/details/9373589,SEALINK MAJU 21,Offshore Tug/Supply Ship,9373589
/vessels/details/9688116,JM CEMERLANG,Offshore Tug/Supply Ship,9688116
/vessels/details/9625334,OMNI STELLA,Offshore Tug/Supply Ship,9625334
/vessels/details/533912289,KHF.2289.BANGKORCITY,Towing vessel,533912289
/vessels/details/9715402,CENTUS TWO,Crew Boat,9715402
/vessels/details/533132884,NAMTARN,Local type,533132884
/vessels/details/9526057,PERDANA VOYAGER,Offshore Tug/Supply Ship,9526057
/vessels/details/533000004,RMN WARSHIP 3507,Other type (HAZ-A),533000004
/vessels/details/533110575,NOH RULES,HSC,533110575
/vessels/details/8902175,RUBY II,Offshore Support Vessel,8902175
/vessels/details/9971147,HALIMA,Offshore Tug/Supply Ship,9971147
/vessels/details/533010706,KTD 176,Other type,533010706
/vessels/details/9849215,SRI AMAN,Patrol Vessel,9849215
/vessels/details/533130562,SJQ-A,Other type,533130562
/vessels/details/9723435,FUJIAN MAWEI SK916,Offshore Tug/Supply Ship,9723435
/vessels/details/533170683,AMAN JUARA,Pilot,533170683
/vessels/details/1039319,CENTUS SAFINA ONE,Offshore Tug/Supply Ship,1039319
/vessels/details/533000156,TAG ALYA 3,Port tender,533000156
/vessels/details/9288631,SETIA HANDAL,Offshore Tug/Supply Ship,9288631
/vessels/details/533907839,JHFA396T,Port tender,533907839
/vessels/details/533669946,R0JNALD0,Towing vessel,533669946
/vessels/details/533130554,ENPRIX LEO,Other type,533130554
/vessels/details/9577812,JM SEPOI,Offshore Tug/Supply Ship,9577812
/vessels/details/1058157,PSALM 8,Offshore Tug/Supply Ship,1058157
/vessels/details/9715397,CENTUS ONE,Crew Boat,9715397
/vessels/details/9776949,KURNIA MAJU,Standby Safety Vessel,9776949
/vessels/details/533696969,ES,Dredging or UW ops,533696969
/vessels/details/9688788,JM ABADI,Offshore Tug/Supply Ship,9688788
/vessels/details/533130878,JURAGAN,Other type,533130878
/vessels/details/533111799,PKFB 17999999999 NAN,Other type,533111799
/vessels/details/533888899,CAU LOI 01 58,Other type,533888899
/vessels/details/9674103,MK 3,Utility Vessel,9674103
/vessels/details/9064645,MUJATRA II,Crew Boat,9064645
/vessels/details/9587283,SK PATH,Offshore Tug/Supply Ship,9587283
/vessels/details/9473298,UFS DUA,Offshore Tug/Supply Ship,9473298
/vessels/details/9754549,MV NADIRA,Offshore Tug/Supply Ship,9754549
/vessels/details/9895886,PELICAN CHAMPION,Offshore Tug/Supply Ship,9895886
/vessels/details/9428035,AJANG HORMAT,Offshore Support Vessel,9428035
/vessels/details/9626637,JM PURNAMA,Offshore Tug/Supply Ship,9626637
/vessels/details/9507570,SK MARATHON,Offshore Support Vessel,9507570
/vessels/details/9730672,HISYAM 8,Offshore Tug/Supply Ship,9730672
/vessels/details/533170766,SC TUKONG ARA,Other type,533170766
/vessels/details/533033033,DELTA MARINE,Pilot,533033033
/vessels/details/9971123,HAWA,Offshore Tug/Supply Ship,9971123
/vessels/details/533009973,SRI PERKASA 32,Pilot,533009973
/vessels/details/533170673,PA UMOR,Pilot,533170673
/vessels/details/9742493,DAYANG ALMIRA,Standby Safety Vessel,9742493
/vessels/details/9427677,MUTIARA RATU,Offshore Tug/Supply Ship,9427677
/vessels/details/9562128,TANJUNG BIRU 1,Offshore Tug/Supply Ship,9562128
/vessels/details/9585754,TWO LEKIR,Offshore Tug/Supply Ship,9585754
/vessels/details/533346902,SLFA4430,HSC,533346902
/vessels/details/533170765,SC SAMPADI,Other type,533170765
/vessels/details/533133593,DELTA 2,Pilot,533133593
/vessels/details/533110198,SINARANSELAT,WIG,533110198
/vessels/details/1048023,KAZO AGILITY,Crew Boat,1048023
/vessels/details/9510383,SETIA DERAS,Utility Vessel,9510383
/vessels/details/533913018,AUNG SOE 5270,Towing vessel (tow>200),533913018
/vessels/details/9771779,SK LINE 112,Offshore Tug/Supply Ship,9771779
/vessels/details/9426439,SAPURA CONQUEST,Offshore Support Vessel,9426439
/vessels/details/533170475,EXPRESS PELICAN,HSC,533170475
/vessels/details/533912714,CAMAR SAMUDRA 4,Port tender,533912714
/vessels/details/533024883,BVUVOGCYD24,Towing vessel (tow>200),533024883
/vessels/details/8102634,MERBAH,Standby Safety Vessel,8102634
/vessels/details/1079797,TEGAS MESRA,Offshore Tug/Supply Ship,1079797
/vessels/details/9648960,SOVEREIGN,Utility Vessel,9648960
/vessels/details/9577800,JM BAYU,Offshore Tug/Supply Ship,9577800
/vessels/details/8320016,ASIE III,Offshore Tug/Supply Ship,8320016
/vessels/details/9538024,BINTANG KENYALANG,Offshore Tug/Supply Ship,9538024
/vessels/details/9585833,JM PERKASA 2,Offshore Tug/Supply Ship,9585833
/vessels/details/4721420,TOK BALI,Patrol Vessel,4721420
/vessels/details/533132881,DELTA 1,Pilot,533132881
/vessels/details/9380219,PERMATA RATU,Offshore Tug/Supply Ship,9380219
/vessels/details/533001840,LANGKAWI AUTO EXP. 1,Other type,533001840
/vessels/details/9740548,EKSPRES 85,Offshore Tug/Supply Ship,9740548
/vessels/details/533130994,PERDANA ENDURANCE,Other type,533130994
/vessels/details/1089704,SKG 520,Offshore Tug/Supply Ship,1089704
/vessels/details/9972335,SAHAN CHARLIE 5,Utility Vessel,9972335
/vessels/details/9681649,VANESSA 10,Offshore Tug/Supply Ship,9681649
/vessels/details/9738064,ULTRA JAYA,Utility Vessel,9738064
/vessels/details/533902289,1537 KONAY PA JI RO,Towing vessel (tow>200),533902289
/vessels/details/533018871,SRI PERKASA 73,Pilot,533018871
/vessels/details/9930026,PELICAN BLESSING,Offshore Tug/Supply Ship,9930026
/vessels/details/7825502,AMITA 2,Motor Hopper,7825502
/vessels/details/533000965,CAHAYA INDAH,Port tender,533000965
/vessels/details/9318802,BAHTERA LAUT,Offshore Tug/Supply Ship,9318802
/vessels/details/5007431,AKTINA,Buoy/Lighthouse Vessel,5007431
/vessels/details/9947330,CENTUS ELEVEN,Offshore Tug/Supply Ship,9947330
/vessels/details/533397891,KNF-2 A29,HSC,533397891
/vessels/details/9480760,DUYONG DUA,Offshore Tug/Supply Ship,9480760
/vessels/details/9683221,SAHAN 18,Utility Vessel,9683221
/vessels/details/533090909,SH-C34,Towing vessel,533090909
/vessels/details/9603178,JM SALAM,Offshore Tug/Supply Ship,9603178
/vessels/details/9283447,MV TANJUNG TRANG,Buoy/Lighthouse Vessel,9283447
/vessels/details/9674115,MK5,Offshore Tug/Supply Ship,9674115
/vessels/details/9666247,EXPRESS 73,Offshore Tug/Supply Ship,9666247
/vessels/details/533191465,TELUKRUBIAH,Pilot,533191465
/vessels/details/9577159,BIMA MULU,Crew Boat,9577159
/vessels/details/9399947,LEE LING 88,Utility Vessel,9399947
/vessels/details/9193159,KM SATRIA,Patrol Vessel,9193159
/vessels/details/1079084,STRATEGIC SINGAPORE H659,Offshore Tug/Supply Ship,1079084
/vessels/details/9438755,TEGAS MAKMUR,Utility Vessel,9438755
/vessels/details/1079072,STRATEGIC SINGAPORE H658,Offshore Tug/Supply Ship,1079072
/vessels/details/1099876,NAM CHEONG NC103,Offshore Tug/Supply Ship,1099876
/vessels/details/9972311,SAHAN CHARLIE 11,Utility Vessel,9972311
/vessels/details/533133247,8QH,Other type,533133247
/vessels/details/533133078,ODAS 2 BUOY,Other type,533133078
/vessels/details/533000492,JM PURNAMA,Other type,533000492
/vessels/details/9268215,DIANA 23,Hopper Dredger,9268215
/vessels/details/9745043,EXECUTIVEBENEVOLENCE,Offshore Tug/Supply Ship,9745043
/vessels/details/1067433,PLEASANT ENGINEERING 0224,Utility Vessel,1067433
/vessels/details/533065432,JH5223T,Other type,533065432
/vessels/details/9371567,SYNERGY EXPLORER,Offshore Tug/Supply Ship,9371567
/vessels/details/9767118,SAHAN 8,Utility Vessel,9767118
/vessels/details/533561806,VAN BORITHPKFB1806,WIG (HAZ-A),533561806
/vessels/details/533170752,SC SARI,Other type,533170752
/vessels/details/9715531,SK PINNACLE,Offshore Tug/Supply Ship,9715531
/vessels/details/1082122,CENTUS SIXTEEN,Offshore Tug/Supply Ship,1082122
/vessels/details/533004870,NEOPETRO 9,Other type,533004870
/vessels/details/4591538,GEMPITA,Patrol Vessel,4591538
/vessels/details/533346138,A.AEK,Towing vessel,533346138
/vessels/details/9717759,GRADE ONE MANJUNG 7,Offshore Tug/Supply Ship,9717759
/vessels/details/9201114,OS TWO,Offshore Support Vessel,9201114
/vessels/details/9721205,KEYFIELD GRACE,Offshore Tug/Supply Ship,9721205
/vessels/details/533987654,1858,Other type,533987654
/vessels/details/9411240,KEYFIELD COMMANDER,Offshore Support Vessel,9411240
/vessels/details/1059371,MV. AMANDA 22,Hopper Dredger,1059371
/vessels/details/533831000,EASTERN BLISS 3,Other type,533831000
/vessels/details/8109577,PICHO,Standby Safety Vessel,8109577
/vessels/details/533037500,LION KIMTRANS TB 9,Towing vessel,533037500
/vessels/details/9650884,CENTUS SOPHIA,Offshore Tug/Supply Ship,9650884
/vessels/details/533000040,ALDEBARAN,Other type,533000040
/vessels/details/9740885,JATI NINE,Offshore Tug/Supply Ship,9740885
/vessels/details/5067728,CAHAYA,Buoy/Lighthouse Vessel,5067728
/vessels/details/9485382,HATA TIGA,Offshore Tug/Supply Ship,9485382
/vessels/details/9753856,SK MAGNITUDE,Offshore Support Vessel,9753856
/vessels/details/9529542,TIONG WOON OCEAN 18,Offshore Tug/Supply Ship,9529542
/vessels/details/533952000,COOL DUGONG 98,Towing vessel,533952000
/vessels/details/9394088,BAHTERA HAMOS,Offshore Tug/Supply Ship,9394088
/vessels/details/9619127,BAHTERA MULIA,Offshore Tug/Supply Ship,9619127
/vessels/details/9529384,EASTMAL TEGUH,Offshore Tug/Supply Ship,9529384
/vessels/details/9193147,KM PERWIRA,Patrol Vessel,9193147
/vessels/details/9752125,KEYFIELD AULIA,Offshore Tug/Supply Ship,9752125
/vessels/details/533225544,KNF7992,Towing vessel (tow>200),533225544
/vessels/details/533001791,PKFB 1791,Towing vessel,533001791
/vessels/details/533130084,SAPURA 2000,Other type,533130084
/vessels/details/9683893,BORNEO IV,Offshore Tug/Supply Ship,9683893
/vessels/details/9721542,SK ARCTIK,Offshore Tug/Supply Ship,9721542
/vessels/details/1014761,GOLF,Dredger,1014761
/vessels/details/9075113,SIN BEE II,Work/Repair Vessel,9075113
/vessels/details/9263681,NEOPETRO 2,Utility Vessel,9263681
/vessels/details/9619220,SEPUTEH,Crew Boat,9619220
/vessels/details/533110676,MAHALO,Unknown,533110676
/vessels/details/533110172,NINA,Unknown,533110172
/vessels/details/533133345,DARWIN SOUND ONE,Unknown,533133345
/vessels/details/533052600,MATARIKI,Unknown,533052600
/vessels/details/533001504,RMN WARSHIP 1504,Unknown,533001504
/vessels/details/533110505,PLUME,Unknown,533110505
/vessels/details/533621586,LKK21586-538.0V,Unknown,533621586
/vessels/details/533945300,QUOC CHIEN 31E31,Unknown,533945300
/vessels/details/533555025,33555-25-69,Unknown,533555025
/vessels/details/533451111,PKTB 1636WONG,Unknown,533451111
/vessels/details/533110476,KAVA,Unknown,533110476
/vessels/details/533002269,GIUALUOI NHAT VY A26,Unknown,533002269
/vessels/details/533999017,33999-17-88,Unknown,533999017
/vessels/details/533000209,WAWASAN1,Unknown,533000209
/vessels/details/533555011,33555-11-22,Unknown,533555011
/vessels/details/533117882,KENFISHER,Unknown,533117882
/vessels/details/533132617,SEABREEZE 1,Unknown,533132617
/vessels/details/533110441,MESRA FERI 6,Unknown,533110441
/vessels/details/533191925,KHF 333,Unknown,533191925
/vessels/details/533000034,EY,Unknown,533000034
/vessels/details/533110155,NEPTUNE,Unknown,533110155
/vessels/details/533303939,PKFB1739,Unknown,533303939
/vessels/details/533110335,LUMUT PORT 2,Unknown,533110335
/vessels/details/533404340,KTIENLU0IN0IC20,Unknown (HAZ-B),533404340
/vessels/details/533133098,TM HEBAT,Unknown,533133098
/vessels/details/533770004,LURONGYIU53377-4-79,Unknown,533770004
/vessels/details/533110533,FIREFOX,Unknown,533110533
/vessels/details/533132787,FREYBE3A,Unknown,533132787
/vessels/details/533945945,EDMNBCH19F,Unknown,533945945
/vessels/details/533132633,FAR STAR,Unknown,533132633
/vessels/details/533193002,PKFA 9696,Unknown,533193002
/vessels/details/533193392,PKFA 1250,Unknown,533193392
/vessels/details/533194741,SLFA4741,Unknown,533194741
/vessels/details/533215504,LIN21550-4-02,Unknown,533215504
/vessels/details/533110442,MESRA FERI 2,Unknown,533110442
/vessels/details/533381110,PKFB 1110,Unknown,533381110
/vessels/details/533110242,ELLY,Unknown,533110242
/vessels/details/533110142,ADVENTURE II,Unknown,533110142
/vessels/details/533133128,SEASATION,Unknown,533133128
/vessels/details/533493116,XIANG49311-6-99,Unknown,533493116
/vessels/details/533130220,SCS RT1,Unknown,533130220
/vessels/details/533140533,GIUALUOI69 B17 86,Unknown,533140533
/vessels/details/533193544,PKFB 1112,Unknown,533193544
/vessels/details/533219885,LIN21988-5-68,Unknown,533219885
/vessels/details/533881499,PKFB1832,Unknown,533881499
/vessels/details/533002268,DAULUOI NHATVYA26,Unknown,533002268
/vessels/details/533789789,HONGHANH98TS,Unknown,533789789
/vessels/details/533170138,KOSEI MARU,Unknown,533170138
/vessels/details/533002150,RV DISCOVERY,Unknown,533002150
/vessels/details/533140465,RMN WARSHIP 48,Unknown,533140465
/vessels/details/533908726,JHFA NONGTONTAN536,Unknown,533908726
/vessels/details/533131115,ANDERSON,Unknown,533131115
/vessels/details/533826733,SH,Unknown,533826733
/vessels/details/533191876,KHF 1290,Unknown,533191876
/vessels/details/533193784,PKFB1346,Unknown,533193784
/vessels/details/533191509,SN 1426 4 F,Unknown,533191509
/vessels/details/533128063,21137-17-58,Unknown,533128063
/vessels/details/533180050,SAUJANA LAPAN,Unknown,533180050
/vessels/details/533005523,PAF T D T,Unknown,533005523
/vessels/details/533179990,SLFA 4219,Unknown,533179990
/vessels/details/533130936,SMART1,Unknown,533130936
/vessels/details/533110628,ELIZABETH IV,Unknown,533110628
/vessels/details/533770003,LURONGYIU53377-3-81,Unknown,533770003
/vessels/details/533123784,LIN12378-4-02,Unknown,533123784
/vessels/details/533132557,KEN DREAM,Unknown,533132557
/vessels/details/533439703,HONG-3 70,Unknown,533439703
/vessels/details/533132517,NUKU ALOFA,Unknown,533132517
/vessels/details/533545678,M.N.T4742,Unknown,533545678
/vessels/details/533140634,RMN WARSHIP 48,Unknown,533140634
/vessels/details/533388888,JHF888T,Unknown,533388888
/vessels/details/533110148,GLORY,Unknown,533110148
/vessels/details/533215771,LIN21577-1-51,Unknown,533215771
/vessels/details/533194036,PKFA 2279,Unknown,533194036
/vessels/details/533218761,8421876-1-71,Unknown,533218761
/vessels/details/533193725,PKFB1134,Unknown,533193725
/vessels/details/533100100,JFS,Unknown,533100100
/vessels/details/533130930,LIBELLE,Unknown,533130930
/vessels/details/533160228,SANTALU 36,Unknown,533160228
/vessels/details/533140145,RMN WARSHIP 48,Unknown,533140145
/vessels/details/533567890,RMN 47,Unknown,533567890
/vessels/details/533132742,JERUNPLATFORMAIS,Unknown,533132742
/vessels/details/533191938,KHF 505,Unknown,533191938
/vessels/details/8771447,VELESTO NAGA 4,Unknown,8771447
/vessels/details/533404181,KNF 7243,Unknown,533404181
/vessels/details/533170761,SC BURUNG,Unknown,533170761
/vessels/details/533191942,KHF 900,Unknown,533191942
/vessels/details/533215153,LIN 21515-3-85,Unknown,533215153
/vessels/details/533170785,FLEXI SUCCESS,Unknown,533170785
/vessels/details/533132822,MERAKI,Unknown,533132822
/vessels/details/533333368,PAF CHIM NE A,Unknown,533333368
/vessels/details/533796601,88013-01-51,Unknown,533796601
/vessels/details/533140179,RMN WARSHIP 48,Unknown,533140179
/vessels/details/533900111,V - 2,Unknown,533900111
/vessels/details/533900099,MUDA PROD. COMPLEX,Unknown,533900099
/vessels/details/8751344,TSEVEN ENYA,Platform,8751344
/vessels/details/533191971,KF 5420,Unknown,533191971
/vessels/details/533493111,XIANG49311-1-97,Unknown,533493111
/vessels/details/533130409,KENCANA KAWAN,Unknown,533130409
/vessels/details/533000024,JHF8421T,Unknown,533000024
/vessels/details/533110000,TAP REQUEST 2NM CPA,Unknown,533110000
/vessels/details/533004790,SANKALPA,Unknown,533004790
/vessels/details/533194716,SLFA4716,Unknown,533194716
/vessels/details/533193764,PKFB 1225,Unknown,533193764
/vessels/details/533191945,PKFA 8416,Unknown,533191945
/vessels/details/533218064,LIN 21806-4-31,Unknown,533218064
/vessels/details/533318856,SLFA5277,Unknown,533318856
/vessels/details/533124486,UNICO,Unknown,533124486
/vessels/details/533071004,WANGBIAO072-4-99,Unknown,533071004
/vessels/details/533130636,AIRFISH VOYAGER,Unknown,533130636
/vessels/details/1119107,WANZAH SANTUBONG,Unknown,1119107
/vessels/details/533888666,TIKTOK DUNG SEN A12,Unknown,533888666
/vessels/details/533192977,PKFA 8219,Unknown,533192977
/vessels/details/533215873,LIN21587-3-46,Unknown,533215873
/vessels/details/533917592,TRF 12,Unknown,533917592
/vessels/details/533160131,RENTAK MEWAH,Unknown,533160131
/vessels/details/533789009,PHAO T T 54 68,Unknown,533789009
/vessels/details/533160299,GAYANA 2,Unknown,533160299
/vessels/details/533346895,PKFB.. 1686,Unknown,533346895
/vessels/details/533193744,PKFB1176,Unknown,533193744
/vessels/details/533192259,PAF 4156,Unknown,533192259
/vessels/details/533110523,SEA ANGEL 2,Unknown,533110523
/vessels/details/533575757,TFA134022B,Unknown,533575757
/vessels/details/533193386,PKFB 1051,Unknown,533193386
/vessels/details/533555022,33555-22-67,Unknown,533555022
/vessels/details/533130002,AIS NO.2,Unknown,533130002
/vessels/details/533099111,SHF,Unknown,533099111
/vessels/details/533796602,88013-02-94,Unknown,533796602
/vessels/details/533556602,355-2,Unknown,533556602
/vessels/details/533383579,PKFB 1110,Unknown,533383579
/vessels/details/533170461,PELANGI PAGI,Unknown,533170461
/vessels/details/533110439,MESRA FERI 5,Unknown,533110439
/vessels/details/533571179,PKFB 1110,Unknown,533571179
/vessels/details/533030915,BINTULU AIS,Unknown,533030915
/vessels/details/533196881,19688-1-92,Unknown,533196881
/vessels/details/533133094,VARSAGOD,Unknown,533133094
/vessels/details/533128381,LIN 12838-1-88,Unknown,533128381
/vessels/details/533912760,TRF 1318,Unknown,533912760
/vessels/details/533178599,WINTO,Unknown,533178599
/vessels/details/533388933,33889-A33-48,Unknown,533388933
/vessels/details/533599999,PKFB1198U1,Unknown,533599999
/vessels/details/533191734,SLFA4880,Unknown,533191734
/vessels/details/533191744,SLFA 5139,Unknown,533191744
/vessels/details/533219583,LIN21958-3-92,Unknown,533219583
/vessels/details/533132477,ST MICHEL,Unknown,533132477
/vessels/details/533411301,ZHETONGXIANGCAO00229,Unknown,533411301
/vessels/details/533131069,TREKKERS LODGE,Unknown,533131069
/vessels/details/533001917,PAF 4602,Unknown,533001917
/vessels/details/533999031,33999-31-94,Unknown,533999031
/vessels/details/533193412,PKFA1809,Unknown,533193412
/vessels/details/533330003,53333-3-93,Unknown,533330003
/vessels/details/533336688,ZJ54,Unknown,533336688
/vessels/details/533770005,LURONGYIU53377-5-47,Unknown,533770005
/vessels/details/533191878,KHF 1307,Unknown,533191878
/vessels/details/533191956,SLF 7531,Unknown,533191956
/vessels/details/533439701,HONG-1 80,Unknown,533439701
/vessels/details/533191947,PKFA 9158,Unknown,533191947
/vessels/details/533101355,KIN 134,Unknown,533101355
/vessels/details/533439704,HONG-4 40,Unknown,533439704
/vessels/details/533110518,FLORIX II,Unknown,533110518
/vessels/details/533211852,PKFB1852,Unknown,533211852
/vessels/details/533016983,SAN01698-3-74,Unknown,533016983
/vessels/details/533571110,PKFB 1110,Unknown,533571110
/vessels/details/533451256,KHF 1256THAMOR.999,Unknown (HAZ-C),533451256
/vessels/details/533113267,SF1-3267 WANG LAI,Unknown,533113267
/vessels/details/533571138,PKFB 1110,Unknown,533571138
/vessels/details/533556603,355-3,Unknown,533556603
/vessels/details/533386111,KNEUI,Unknown,533386111
/vessels/details/533191955,PSF 2375,Unknown,533191955
/vessels/details/533434818,MY WINKYAWOOPKFA4818,Unknown,533434818
/vessels/details/533770002,LURONGYIU53377-2-68,Unknown,533770002
/vessels/details/533170767,SC TALANG-TALANG,Unknown,533170767
/vessels/details/533217894,LIN21789-4-99,Unknown,533217894
/vessels/details/533439702,HONG-2 50,Unknown,533439702
/vessels/details/533071003,WANGBIAO072-3-83,Unknown,533071003
/vessels/details/533193427,PKFB 1016,Unknown,533193427
/vessels/details/533072001,WANGBIAO072-1-80,Unknown,533072001
/vessels/details/533000960,WAWASAN 2,Unknown,533000960
/vessels/details/533192985,PKFA 8775,Unknown,533192985
/vessels/details/533170762,SC SATANG,Unknown,533170762
/vessels/details/533330001,53333-1-96,Unknown,533330001
/vessels/details/533072002,WANGBIAO072-2-79,Unknown,533072002
/vessels/details/533999002,33999-2-96,Unknown,533999002
/vessels/details/533121047,MEI HAO,Unknown,533121047
/vessels/details/533555028,33555-28-73,Unknown,533555028
/vessels/details/533192136,PKFA8298,Unknown,533192136
/vessels/details/533191883,KHF 1336,Unknown,533191883
/vessels/details/533193141,KHF 2489,Unknown,533193141
/vessels/details/533002850,KAJANG 11,Unknown,533002850
/vessels/details/533101010,PKFB 1110,Unknown,533101010
/vessels/details/533410883,DAU LUOI B15-88,Unknown,533410883
/vessels/details/533132838,ISLAND,Unknown,533132838
/vessels/details/533191868,KHF 1198,Unknown,533191868
/vessels/details/533961280,KNF7278,Unknown,533961280
/vessels/details/533351678,MORNINGSTAR PKFB1678,Unknown (HAZ-D),533351678
/vessels/details/533212591,LIN21259-B1-62,Unknown,533212591
/vessels/details/533999013,33999-13-91,Unknown,533999013
/vessels/details/533130779,MMA PINNACLE,Unknown,533130779
/vessels/details/533110329,CEST LE VENT,Unknown,533110329
/vessels/details/533131166,CHEETAHMK15291C,Unknown,533131166
/vessels/details/533121030,-00 00,Unknown,533121030
/vessels/details/533848484,TRF 12,Unknown,533848484
/vessels/details/533555556,PA PA BUN,Unknown,533555556
/vessels/details/533191490,JHFA490T,Unknown,533191490
/vessels/details/533300487,E27-99,Unknown,533300487
/vessels/details/533111110,PKFB 1110,Unknown,533111110
/vessels/details/533100010,PKFB 1110,Unknown,533100010
/vessels/details/533215881,69375-10-72,Unknown,533215881
/vessels/details/533193704,PKFB 1087,Unknown,533193704
/vessels/details/533555018,33555-18-66,Unknown,533555018
/vessels/details/533000579,HAI HENG 89,Unknown,533000579
/vessels/details/533000329,URANUS,Unknown,533000329
/vessels/details/533002414,...TRO TREU...,Unknown,533002414
/vessels/details/533533533,LUOI CHUON B12,Unknown,533533533
/vessels/details/533999014,33999-14-87,Unknown,533999014
/vessels/details/533121381,LIN21381-1-99,Unknown,533121381
/vessels/details/533192227,TFA 2500,Unknown,533192227
/vessels/details/533999023,33999-23-85,Unknown,533999023
/vessels/details/533439705,HONG-5 40,Unknown,533439705
/vessels/details/533127919,LIN 12791-9-87,Unknown,533127919
/vessels/details/533160043,TIAN 22,Unknown,533160043
/vessels/details/533111827,TAGO 1,Unknown,533111827
/vessels/details/533116868,SEA BIRD MARINE,Unknown,533116868
/vessels/details/533131194,PEGAGA,Unknown,533131194
/vessels/details/533010000,LXU 911 A35,Unknown,533010000
/vessels/details/533130379,BERGADING-CPP,Unknown,533130379
/vessels/details/533130028,KBB PLATFORM,Unknown,533130028
/vessels/details/533097474,7979,Unknown,533097474
/vessels/details/533000055,TRF 1350,Unknown,533000055
/vessels/details/533333031,33333-31-99,Unknown,533333031
/vessels/details/533140149,RMN WARSHIP 48,Unknown,533140149
/vessels/details/533140117,RMN 3510,Unknown,533140117
/vessels/details/533193785,PKFB 940,Unknown,533193785
/vessels/details/533902035,M Y T-2035,Unknown (HAZ-C),533902035
/vessels/details/533008998,SAN00899-8-60,Unknown,533008998
/vessels/details/533170704,HAWK SUN,Unknown,533170704
/vessels/details/533193661,PKFA 9148,Unknown,533193661
/vessels/details/533120836,LIN12083-6-99,Unknown,533120836
/vessels/details/533000079,PAF 4946 A16,Unknown,533000079
/vessels/details/533192469,SLFA 2881,Unknown,533192469
/vessels/details/533010181,BA BUNA 19 B,Unknown,533010181
/vessels/details/533191481,PKFA-9662,Unknown,533191481
/vessels/details/533215387,LIN21538-7-88,Unknown,533215387
/vessels/details/533110443,MESRA FERI 1,Unknown,533110443
/vessels/details/533133089,HOWLS CASTLE,Unknown,533133089
/vessels/details/533191827,KF 2422,Unknown,533191827
/vessels/details/533194086,KNF 8002,Unknown,533194086
/vessels/details/533058869,PHAO GIUA B15.SOS,Unknown,533058869
/vessels/details/533132004,QUE SERA,Unknown,533132004
/vessels/details/533193742,PKFB 1174,Unknown,533193742
/vessels/details/533150088,JAPAMALA,Unknown,533150088
/vessels/details/533335566,20,Unknown,533335566
/vessels/details/533133363,WANDERER V,Unknown,533133363
/vessels/details/533999007,33999-7-96,Unknown,533999007
/vessels/details/533813213,TAU 23,Unknown,533813213
/vessels/details/533355577,20,Unknown,533355577
/vessels/details/533611639,DAULUOIB15-99,Unknown,533611639
/vessels/details/533555021,33555-21-68,Unknown,533555021
/vessels/details/533273789,KIMLY 863,Unknown,533273789
/vessels/details/533191806,KF 2041,Unknown,533191806
/vessels/details/533130104,PACE,Unknown,533130104
/vessels/details/533888010,GIUA.LUOI.B15-80,Unknown,533888010
/vessels/details/533333158,VANBORITH,Unknown,533333158
/vessels/details/533555002,33555-2-73,Unknown,533555002
/vessels/details/533770006,LURONGYIU53377-6-81,Unknown,533770006
/vessels/details/533210776,PKFB776,Unknown,533210776
/vessels/details/533357999,PKFB 1110,Unknown,533357999
/vessels/details/533102413,JN10239 AMAZING LOVE,Unknown,533102413
/vessels/details/533633798,K999999TS,Unknown,533633798
/vessels/details/533193136,KHF 1255,Unknown,533193136
/vessels/details/533194021,PKFA9044,Unknown,533194021
/vessels/details/533969000,SKYLARK,Unknown,533969000
/vessels/details/533215014,LIN21501-B4-87,Unknown,533215014
/vessels/details/533330002,53333-2-99,Unknown,533330002
/vessels/details/533110071,KAY SIRA,Unknown,533110071
/vessels/details/533191832,KF 4199,Unknown,533191832
