url,name,type,imo
/vessels/details/9868326,HMM OSLO,Container Ship,9868326
/vessels/details/9868340,HMM SOUTHAMPTON,Container Ship,9868340
/vessels/details/9868364,HMM ST PETERSBURG,Container Ship,9868364
/vessels/details/9868338,HMM ROTTERDAM,Container Ship,9868338
/vessels/details/9868352,HMM STOCKHOLM,Container Ship,9868352
/vessels/details/9863297,HMM ALGECIRAS,Container Ship,9863297
/vessels/details/9863340,HMM HELSINKI,Container Ship,9863340
/vessels/details/9863314,HMM DUBLIN,Container Ship,9863314
/vessels/details/9863338,HMM HAMBURG,Container Ship,9863338
/vessels/details/9868314,HMM LE HAVRE,Container Ship,9868314
/vessels/details/9863302,HMM COPENHAGEN,Container Ship,9863302
/vessels/details/9863326,HMM GDANSK,Container Ship,9863326
/vessels/details/9869239,HMM HANUL,Container Ship,9869239
/vessels/details/9869174,HMM GAON,Container Ship,9869174
/vessels/details/9869162,HMM NURI,Container Ship,9869162
/vessels/details/9869186,HMM GARAM,Container Ship,9869186
/vessels/details/9869198,HMM MIR,Container Ship,9869198
/vessels/details/9869203,HMM HANBADA,Container Ship,9869203
/vessels/details/9869215,HMM RAON,Container Ship,9869215
/vessels/details/9869227,HMM DAON,Container Ship,9869227
/vessels/details/9637246,HMM DRIVE,Container Ship,9637246
/vessels/details/9637258,HMM VICTORY,Container Ship,9637258
/vessels/details/9637260,HMM PRIDE,Container Ship,9637260
/vessels/details/9637234,HMM HOPE,Container Ship,9637234
/vessels/details/9637222,HMM DREAM,Container Ship,9637222
/vessels/details/9742168,HMM PROMISE,Container Ship,9742168
/vessels/details/9742170,HMM BLESSING,Container Ship,9742170
/vessels/details/9713052,GLOBAL PIONEER,Bulk Carrier,9713052
/vessels/details/9748708,PAN DELIGHT,Bulk Carrier,9748708
/vessels/details/9589396,SM GUARDIAN,Bulk Carrier,9589396
/vessels/details/9590606,GLOVIS ADVANCE,Bulk Carrier,9590606
/vessels/details/9455959,MEREDITH VICTORY,Bulk Carrier,9455959
/vessels/details/9432804,ROSEMARY,Bulk Carrier,9432804
/vessels/details/9490911,HL SUCCESS,Bulk Carrier,9490911
/vessels/details/9539107,GLOBAL TALENT,Bulk Carrier,9539107
/vessels/details/9534640,GLOBAL TRUST,Bulk Carrier,9534640
/vessels/details/9490595,GLOBAL ENTERPRISE,Bulk Carrier,9490595
/vessels/details/9324502,WHITE ROSE,Bulk Carrier,9324502
/vessels/details/9304538,SJ ASIA,Bulk Carrier,9304538
/vessels/details/9722106,PAN KOMIPO,Bulk Carrier,9722106
/vessels/details/9708605,PAN TAEAN,Bulk Carrier,9708605
/vessels/details/9708590,PAN JINJU,Bulk Carrier,9708590
/vessels/details/9347437,KMTC COLOMBO,Container Ship,9347437
/vessels/details/9347449,KMTC MUNDRA,Container Ship,9347449
/vessels/details/9323510,HMM BANGKOK,Container Ship,9323510
/vessels/details/9323522,HMM JAKARTA,Container Ship,9323522
/vessels/details/9323508,HMM COLOMBO,Container Ship,9323508
/vessels/details/9312949,SM YANTIAN,Container Ship,9312949
/vessels/details/9312767,SM BUSAN,Container Ship,9312767
/vessels/details/9312755,SM LONG BEACH,Container Ship,9312755
/vessels/details/9347425,SM KWANGYANG,Container Ship,9347425
/vessels/details/9312937,SM NINGBO,Container Ship,9312937
/vessels/details/9312779,SM SHANGHAI,Container Ship,9312779
/vessels/details/9409182,KMTC DELHI,Container Ship,9409182
/vessels/details/9445409,GLOVIS SOLOMON,Vehicles Carrier,9445409
/vessels/details/9463085,HMM VANCOUVER,Container Ship,9463085
/vessels/details/9385013,HMM OAKLAND,Container Ship,9385013
/vessels/details/9385001,HMM TACOMA,Container Ship,9385001
/vessels/details/9203576,ASIAN MAJESTY,Vehicles Carrier,9203576
/vessels/details/9176606,ASIAN EMPIRE,Vehicles Carrier,9176606
/vessels/details/9158616,ASIAN CAPTAIN,Vehicles Carrier,9158616
/vessels/details/9775828,GLOVIS SILVER,Vehicles Carrier,9775828
/vessels/details/9445980,MORNING LADY,Vehicles Carrier,9445980
/vessels/details/9749594,GLOVIS SPRING,Vehicles Carrier,9749594
/vessels/details/9749582,GLOVIS SIRIUS,Vehicles Carrier,9749582
/vessels/details/9749570,GLOVIS STELLA,Vehicles Carrier,9749570
/vessels/details/9749568,GLOVIS SUN,Vehicles Carrier,9749568
/vessels/details/9674165,GLOVIS SPIRIT,Vehicles Carrier,9674165
/vessels/details/9674189,GLOVIS SUPERIOR,Vehicles Carrier,9674189
/vessels/details/9674177,GLOVIS SUPREME,Vehicles Carrier,9674177
/vessels/details/9702431,GLOVIS SPLENDOR,Vehicles Carrier,9702431
/vessels/details/9702405,GLOVIS SUNRISE,Vehicles Carrier,9702405
/vessels/details/9702417,GLOVIS SUMMIT,Vehicles Carrier,9702417
/vessels/details/9702429,GLOVIS SYMPHONY,Vehicles Carrier,9702429
/vessels/details/9519145,MORNING CORNELIA,Vehicles Carrier,9519145
/vessels/details/9519133,MORNING CELINE,Vehicles Carrier,9519133
/vessels/details/9477919,MORNING CAMILLA,Vehicles Carrier,9477919
/vessels/details/9477830,MORNING CECILIE,Vehicles Carrier,9477830
/vessels/details/9419759,GLOVIS CARDINAL,Vehicles Carrier,9419759
/vessels/details/9451898,GLOVIS COUGAR,Vehicles Carrier,9451898
/vessels/details/9414876,GLOVIS CONDOR,Vehicles Carrier,9414876
/vessels/details/9706994,GLOVIS CROWN,Vehicles Carrier,9706994
/vessels/details/9707015,GLOVIS CAPTAIN,Vehicles Carrier,9707015
/vessels/details/9707027,GLOVIS COSMOS,Vehicles Carrier,9707027
/vessels/details/9707003,GLOVIS CRYSTAL,Vehicles Carrier,9707003
/vessels/details/9574092,MORNING CARA,Vehicles Carrier,9574092
/vessels/details/9651101,GLOVIS COURAGE,Vehicles Carrier,9651101
/vessels/details/9651113,GLOVIS CHAMPION,Vehicles Carrier,9651113
/vessels/details/9590589,GLOVIS CENTURY,Vehicles Carrier,9590589
/vessels/details/9590591,GLOVIS CHALLENGE,Vehicles Carrier,9590591
/vessels/details/9336074,MORNING COMPOSER,Vehicles Carrier,9336074
/vessels/details/9336050,MORNING CONDUCTOR,Vehicles Carrier,9336050
/vessels/details/9312834,MORNING CHORUS,Vehicles Carrier,9312834
/vessels/details/9312822,MORNING CONCERT,Vehicles Carrier,9312822
/vessels/details/9176632,ASIAN EMPEROR,Vehicles Carrier,9176632
/vessels/details/9158604,GLOVIS CHORUS,Vehicles Carrier,9158604
/vessels/details/9203588,ASIAN DYNASTY,Vehicles Carrier,9203588
/vessels/details/9203590,ASIAN TRUST,Vehicles Carrier,9203590
/vessels/details/9122930,GLOVIS CORONA,Vehicles Carrier,9122930
/vessels/details/9122966,ASIAN VISION,Vehicles Carrier,9122966
/vessels/details/9122942,GLOVIS COMET,Vehicles Carrier,9122942
/vessels/details/9297527,ANTWERP BRIDGE,Container Ship,9297527
/vessels/details/9292230,BEIJING BRIDGE,Container Ship,9292230
/vessels/details/9292266,GRACE BRIDGE,Container Ship,9292266
/vessels/details/9347607,HYUNDAI GOODWILL,Container Ship,9347607
/vessels/details/9347592,HYUNDAI INTEGRAL,Container Ship,9347592
/vessels/details/9723928,KMTC DUBAI,Container Ship,9723928
/vessels/details/9665695,KMTC MUMBAI,Container Ship,9665695
/vessels/details/9367592,MORNING NINNI,Vehicles Carrier,9367592
/vessels/details/9367580,MORNING MARGARETA,Vehicles Carrier,9367580
/vessels/details/9633135,ORIENTAL LEADER,Bulk Carrier,9633135
/vessels/details/9277539,ORIENTAL STAR,Bulk Carrier,9277539
/vessels/details/9290971,ORIENTAL ENTERPRISE,Bulk Carrier,9290971
/vessels/details/9070462,K.ASIAN BEAUTY,Vehicles Carrier,9070462
/vessels/details/9624677,OCEAN CARRIER,Bulk Carrier,9624677
/vessels/details/9595876,CK BLUEBELL,Bulk Carrier,9595876
/vessels/details/9595864,CK ANGIE,Bulk Carrier,9595864
/vessels/details/9638642,GENEVA QUEEN,Bulk Carrier,9638642
/vessels/details/9621390,PAN MUTIARA,Bulk Carrier,9621390
/vessels/details/9718961,PAN FUTURE,Bulk Carrier,9718961
/vessels/details/9710658,GLOVIS DAYLIGHT,Bulk Carrier,9710658
/vessels/details/9710660,GLOVIS DIAMOND,Bulk Carrier,9710660
/vessels/details/9710608,GLOVIS DESIRE,Bulk Carrier,9710608
/vessels/details/9464704,SM TIANJIN,Container Ship,9464704
/vessels/details/9456953,SM SEOUL,Container Ship,9456953
/vessels/details/9318515,MORNING MENAD,Vehicles Carrier,9318515
/vessels/details/9375501,KMTC NHAVA SHEVA,Container Ship,9375501
/vessels/details/9375496,KMTC MANILA,Container Ship,9375496
/vessels/details/9375513,KMTC CHENNAI,Container Ship,9375513
/vessels/details/9375305,KMTC JEBEL ALI,Container Ship,9375305
/vessels/details/9409027,SM PORTLAND,Container Ship,9409027
/vessels/details/9225067,SM DONGHAE,Bulk Carrier,9225067
/vessels/details/9395939,SM QINGDAO,Container Ship,9395939
/vessels/details/9374210,JADE,Bulk Carrier,9374210
/vessels/details/9214056,ORIENTAL FRONTIER,Bulk Carrier,9214056
/vessels/details/9707675,SM EMERALD,Bulk Carrier,9707675
/vessels/details/9690133,YOUNG GLORY,Bulk Carrier,9690133
/vessels/details/9686546,YOUNG HARMONY,Bulk Carrier,9686546
/vessels/details/9767558,WOOYANG BELOS,Bulk Carrier,9767558
/vessels/details/9782326,WOOYANG IVY,Bulk Carrier,9782326
/vessels/details/9605736,PACIFIC PRIDE,Bulk Carrier,9605736
/vessels/details/9275385,PORT KLANG VOYAGER,Container Ship,9275385
/vessels/details/9528158,DK IONE,Bulk Carrier,9528158
/vessels/details/9629976,DL PANSY,Bulk Carrier,9629976
/vessels/details/9455648,WOOYANG DANDY,Bulk Carrier,9455648
/vessels/details/9478511,SJ COLOMBO,Bulk Carrier,9478511
/vessels/details/9418729,SJ BUSAN,Bulk Carrier,9418729
/vessels/details/9593323,MAPLE HARBOUR,Bulk Carrier,9593323
/vessels/details/9322762,HOPE MANN,Bulk Carrier,9322762
/vessels/details/9382695,ENY,Bulk Carrier,9382695
/vessels/details/9333266,STAR MANN,Bulk Carrier,9333266
/vessels/details/9310678,WOORI SUN,Bulk Carrier,9310678
/vessels/details/9314923,KMTC HOCHIMINH,Container Ship,9314923
/vessels/details/9315848,KMTC TIANJIN,Container Ship,9315848
/vessels/details/9626405,KMTC NINGBO,Container Ship,9626405
/vessels/details/9626417,KMTC SHENZHEN,Container Ship,9626417
/vessels/details/9882205,KMTC SEOUL,Container Ship,9882205
/vessels/details/9235593,KMTC QINGDAO,Container Ship,9235593
/vessels/details/9258337,ROSE MANN,Bulk Carrier,9258337
/vessels/details/9532288,JAKARTA VOYAGER,Container Ship,9532288
/vessels/details/9532276,HOCHIMINH VOYAGER,Container Ship,9532276
/vessels/details/9536973,SHANGHAI VOYAGER,Container Ship,9536973
/vessels/details/9731391,WOOYANG ELITE,Bulk Carrier,9731391
/vessels/details/9312418,HMM CEBU,Container Ship,9312418
/vessels/details/9658446,HMM MONGLA,Container Ship,9658446
/vessels/details/9638147,WOOYANG CLES,Bulk Carrier,9638147
/vessels/details/9701293,HMM CHITTAGONG,Container Ship,9701293
/vessels/details/9658458,HMM DHAKA,Container Ship,9658458
/vessels/details/9626015,PAN BONITA,Bulk Carrier,9626015
/vessels/details/9626003,PAN AMBER,Bulk Carrier,9626003
/vessels/details/9308663,HMM MANILA,Container Ship,9308663
/vessels/details/9308675,HMM DAVAO,Container Ship,9308675
/vessels/details/9768942,PAN FORTUNE,Bulk Carrier,9768942
/vessels/details/9768928,PAN GRACE,Bulk Carrier,9768928
/vessels/details/9253155,MPV THALIA,General Cargo Ship,9253155
/vessels/details/9244556,MPV CLIO,General Cargo Ship,9244556
/vessels/details/9238820,MPV URANIA,General Cargo Ship,9238820
/vessels/details/9571404,WOOHYUN SKY,Bulk Carrier,9571404
/vessels/details/9605994,WOOHYUN STAR,General Cargo Ship,9605994
/vessels/details/9597680,MV JOO HYE,General Cargo Ship,9597680
/vessels/details/9626376,MAPLE MARINA,Bulk Carrier,9626376
/vessels/details/9623219,SUN RISE,Heavy Load Carrier,9623219
/vessels/details/9736420,SN SERENITY,General Cargo Ship,9736420
/vessels/details/9274202,KMTC SHANGHAI,Container Ship,9274202
/vessels/details/9557214,GOLDEN MAPLE,Bulk Carrier,9557214
/vessels/details/9489223,CH CLARE,Bulk Carrier,9489223
/vessels/details/9489235,CH BELLA,Bulk Carrier,9489235
/vessels/details/9489247,CH DORIS,Bulk Carrier,9489247
/vessels/details/9392810,SN OPAL,General Cargo Ship,9392810
/vessels/details/9802023,PANCON CHAMPION,Container Ship,9802023
/vessels/details/9802011,DONGJIN VOYAGER,Container Ship,9802011
/vessels/details/9939266,DONGJIN CONFIDENT,Container Ship,9939266
/vessels/details/9879363,SAWASDEE PACIFIC,Container Ship,9879363
/vessels/details/9886079,SAWASDEE SUNRISE,Container Ship,9886079
/vessels/details/9886067,SAWASDEE BALTIC,Container Ship,9886067
/vessels/details/9931721,PANCON BRIDGE,Container Ship,9931721
/vessels/details/8401195,DONG JIN,Bulk Carrier,8401195
/vessels/details/9925722,SKY RAINBOW,Container Ship,9925722
/vessels/details/9471616,SUN SHINE,Heavy Load Carrier,9471616
/vessels/details/9760287,HEUNG-A BANGKOK,Container Ship,9760287
/vessels/details/9760299,HEUNGA HOCHIMINH,Container Ship,9760299
/vessels/details/9377705,SAWASDEE THAILAND,Container Ship,9377705
/vessels/details/9712369,HMM HERITAGE,Container Ship,9712369
/vessels/details/9712371,HMM HARVEST,Container Ship,9712371
/vessels/details/9470313,KHARIS TRINITY,Bulk Carrier,9470313
/vessels/details/9219240,SM JAKARTA,Container Ship,9219240
/vessels/details/9157741,KMTC KEELUNG,Container Ship,9157741
/vessels/details/9131852,KMTC PUSAN,Container Ship,9131852
/vessels/details/9131864,KMTC ULSAN,Container Ship,9131864
/vessels/details/9217424,KMTC JAKARTA,Container Ship,9217424
/vessels/details/9217412,KMTC SINGAPORE,Container Ship,9217412
/vessels/details/9962380,DONGBANG GIANT NO.9,Heavy Load Carrier,9962380
/vessels/details/9586758,MEGA CARAVAN 2,Heavy Load Carrier,9586758
/vessels/details/9578608,MEGA CARAVAN,Heavy Load Carrier,9578608
/vessels/details/9802982,CY INTEROCEAN II,Heavy Load Carrier,9802982
/vessels/details/9802970,CY INTEROCEAN I,Heavy Load Carrier,9802970
/vessels/details/9593244,HANJIN LEADER,Heavy Load Carrier,9593244
/vessels/details/9593397,DONGBANG GIANT NO.6,Heavy Load Carrier,9593397
/vessels/details/9248227,PANSTAR GENIE,Ro-Ro Cargo Ship,9248227
/vessels/details/9251016,PANSTAR GENIE NO.2,Ro-Ro Cargo Ship,9251016
/vessels/details/9402512,KHARIS HERITAGE,Container Ship,9402512
/vessels/details/9586904,DONGBANG GIANT NO.3,Heavy Load Carrier,9586904
/vessels/details/9546253,OCEAN SUCCESS,General Cargo Ship,9546253
/vessels/details/9601601,WOOHYUN GREEN,General Cargo Ship,9601601
/vessels/details/9562855,WOOHYUN HOPE,General Cargo Ship,9562855
/vessels/details/9583689,HANJIN PIONEER,Heavy Load Carrier,9583689
/vessels/details/9513206,DDS MARINA,General Cargo Ship,9513206
/vessels/details/9284233,DAEYANG,Ro-Ro Cargo Ship,9284233
/vessels/details/9379923,DONGBANG GIANT NO5,Heavy Load Carrier,9379923
/vessels/details/9693941,HEUNG-A XIAMEN,Container Ship,9693941
/vessels/details/9693927,HEUNG-A JANICE,Container Ship,9693927
/vessels/details/9693953,HEUNG-A AKITA,Container Ship,9693953
/vessels/details/9704300,DONGJIN ENTERPRISE,Container Ship,9704300
/vessels/details/9707522,PEGASUS PETA,Container Ship,9707522
/vessels/details/9622710,WORLD LUNA,General Cargo Ship,9622710
/vessels/details/9397107,SENDAI TRADER,Container Ship,9397107
/vessels/details/9754783,STAR CHALLENGER,Container Ship,9754783
/vessels/details/9754795,STAR VOYAGER,Container Ship,9754795
/vessels/details/9276339,SEAWORLD MARINE 2,Ro-Ro Cargo Ship,9276339
/vessels/details/9891933,DONGJIN CONTINENTAL,Container Ship,9891933
/vessels/details/9884904,PANCON HARMONY,Container Ship,9884904
/vessels/details/9915973,KOBE TRADER,Container Ship,9915973
/vessels/details/9915961,YOKOHAMA TRADER,Container Ship,9915961
/vessels/details/9915985,QINGDAO TRADER,Container Ship,9915985
/vessels/details/9374129,SM TOKYO,Container Ship,9374129
/vessels/details/9978664,PEGASUS HOPE,Container Ship,9978664
/vessels/details/9749116,PANCON VICTORY,Container Ship,9749116
/vessels/details/9641156,WECAN,Container Ship,9641156
/vessels/details/9635420,PANCON SUCCESS,Container Ship,9635420
/vessels/details/9635418,PANCON GLORY,Container Ship,9635418
/vessels/details/9347968,NINGBO TRADER,Container Ship,9347968
/vessels/details/9689665,SUNNY ACACIA,Container Ship,9689665
/vessels/details/9738765,SUNNY ROSE,Container Ship,9738765
/vessels/details/9383546,HECAN,Container Ship,9383546
/vessels/details/9698379,HEUNG-A SARAH,Container Ship,9698379
/vessels/details/9615339,DONGJIN VENUS,Container Ship,9615339
/vessels/details/9385245,SKY VICTORIA,Container Ship,9385245
/vessels/details/9643647,DK ITONIA,General Cargo Ship,9643647
/vessels/details/9260976,OCEAN LEADER,General Cargo Ship,9260976
/vessels/details/9354234,KOOKYANG SINGAPORE,General Cargo Ship,9354234
/vessels/details/9499967,SN LUMINA,General Cargo Ship,9499967
/vessels/details/9164603,POS YOKOHAMA,Container Ship,9164603
/vessels/details/9281358,TY INCHEON,Container Ship,9281358
/vessels/details/9251145,DONGJIN FORTUNE,Container Ship,9251145
/vessels/details/9247302,DONGJIN FIDES,Container Ship,9247302
/vessels/details/9247297,SUNNY DAHLIA,Container Ship,9247297
/vessels/details/9329576,OSAKA VOYAGER,Container Ship,9329576
/vessels/details/9329590,VOSTOCHNY VOYAGER,Container Ship,9329590
/vessels/details/9329588,HAKATA VOYAGER,Container Ship,9329588
/vessels/details/9234771,DK ILIOS,General Cargo Ship,9234771
/vessels/details/9159957,DONG BANG CHALLENGER,Palletised Cargo Ship,9159957
/vessels/details/9066485,SEIN KASAMA,Refrigerated Cargo Ship,9066485
/vessels/details/9047271,SEIN PHOENIX,Refrigerated Cargo Ship,9047271
/vessels/details/9047245,SEIN TOPAZ,Refrigerated Cargo Ship,9047245
/vessels/details/9047257,SEIN HONOR,Refrigerated Cargo Ship,9047257
/vessels/details/9045168,SEIN SAPPHIRE,Refrigerated Cargo Ship,9045168
/vessels/details/9268564,JUNGJIN,Cement Carrier,9268564
/vessels/details/9369150,SAMPYO 5HO,Cement Carrier,9369150
/vessels/details/9305946,SAMPYO 1HO,Cement Carrier,9305946
/vessels/details/9522855,SHINSUNG BRIGHT,General Cargo Ship,9522855
/vessels/details/8904941,DHARA,Refrigerated Cargo Ship,8904941
/vessels/details/9209908,SINOKOR NIIGATA,Container Ship,9209908
/vessels/details/9191644,ZENITH ROYAL,General Cargo Ship,9191644
/vessels/details/9343182,MV SHINYANG,Cement Carrier,9343182
/vessels/details/9483566,MORNING SKY,Cement Carrier,9483566
/vessels/details/9357779,MV JIN YANG,Cement Carrier,9357779
/vessels/details/9331945,MV DAEHAN NO.1,Cement Carrier,9331945
/vessels/details/9051789,SEIN FRONTIER,Refrigerated Cargo Ship,9051789
/vessels/details/9121027,CHANG YAHNG,Cement Carrier,9121027
/vessels/details/9128295,MV DANYANG,Cement Carrier,9128295
/vessels/details/9156280,KEUN YANG,Cement Carrier,9156280
/vessels/details/9172600,SUSEONG NO2,Cement Carrier,9172600
/vessels/details/8807430,SEIN QUEEN,Refrigerated Cargo Ship,8807430
/vessels/details/9496862,ILSHIN PRINCESSROYAL,Ro-Ro Cargo Ship,9496862
/vessels/details/9550187,SKY GLORY,General Cargo Ship,9550187
/vessels/details/9550175,SKY AURORA,General Cargo Ship,9550175
/vessels/details/8813623,SEIN SKY,Refrigerated Cargo Ship,8813623
/vessels/details/9580235,SAMPYO NO.3,Cement Carrier,9580235
/vessels/details/9580223,SAM PYO 2,Cement Carrier,9580223
/vessels/details/8906808,SEIN VENUS,Refrigerated Cargo Ship,8906808
/vessels/details/9009669,LAKE NOVA,Refrigerated Cargo Ship,9009669
/vessels/details/9004401,LAKE PEARL,Refrigerated Cargo Ship,9004401
/vessels/details/9520223,WOOYANG VICTORY,General Cargo Ship,9520223
/vessels/details/9005302,SUSEONG7,Cement Carrier,9005302
/vessels/details/8717996,SUSEONG 6,Cement Carrier,8717996
/vessels/details/8715326,DRAGON SKY,Cement Carrier,8715326
/vessels/details/9317224,HAEJIN,Cement Carrier,9317224
/vessels/details/9428724,KEUM YANG POST,General Cargo Ship,9428724
/vessels/details/9524229,DK INFINITY,General Cargo Ship,9524229
/vessels/details/9524217,ZENITH BUSAN,General Cargo Ship,9524217
/vessels/details/9428712,KEUM YANG PRIME,General Cargo Ship,9428712
/vessels/details/9163439,MV BADARO,Refrigerated Cargo Ship,9163439
/vessels/details/9846433,ARIES,General Cargo Ship,9846433
/vessels/details/9846445,LIBRA,General Cargo Ship,9846445
/vessels/details/9365427,S MERCURY,General Cargo Ship,9365427
/vessels/details/9365439,S FREDDIE,General Cargo Ship,9365439
/vessels/details/9365441,SCUTUM,General Cargo Ship,9365441
/vessels/details/9294783,TAURUS,General Cargo Ship,9294783
/vessels/details/9294769,DK IMAN,General Cargo Ship,9294769
/vessels/details/9294771,LEPUS,General Cargo Ship,9294771
/vessels/details/9323302,SUN EASTERN,General Cargo Ship,9323302
/vessels/details/9698343,NO.2 JOCHOH,Refrigerated Cargo Ship,9698343
/vessels/details/9496836,ZENITH QUEEN,General Cargo Ship,9496836
/vessels/details/9496848,ZENITH AURORA,General Cargo Ship,9496848
/vessels/details/9126261,JOCHOH,Refrigerated Cargo Ship,9126261
/vessels/details/9196474,DONGJIN GENIUS,General Cargo Ship,9196474
/vessels/details/9313230,SUN VESTA,General Cargo Ship,9313230
/vessels/details/9403920,TY EVER,General Cargo Ship,9403920
/vessels/details/9565209,TY NOBLE,General Cargo Ship,9565209
/vessels/details/9400435,TY IRIS,General Cargo Ship,9400435
/vessels/details/9472050,TY GLORIA,General Cargo Ship,9472050
/vessels/details/9128300,SUNNY PALM,Container Ship,9128300
/vessels/details/9121041,SUNNY SPRUCE,Container Ship,9121041
/vessels/details/9194892,LAKE AURORA,Refrigerated Cargo Ship,9194892
/vessels/details/9155810,KWANGYANG LEADER,Ro-Ro Cargo Ship,9155810
/vessels/details/9159969,DONGBANG GLORY,Palletised Cargo Ship,9159969
/vessels/details/9004657,LAKE CASTLE,Refrigerated Cargo Ship,9004657
/vessels/details/9172442,LAKE DREAM,Refrigerated Cargo Ship,9172442
/vessels/details/8921339,ZENITH ORION,General Cargo Ship,8921339
/vessels/details/8603121,SALTLAKE,Refrigerated Cargo Ship,8603121
/vessels/details/9684067,SEIBU,Refrigerated Cargo Ship,9684067
/vessels/details/8513871,SUN FLOWER 7,Refrigerated Cargo Ship,8513871
/vessels/details/9380336,ST OCEAN,General Cargo Ship,9380336
/vessels/details/9172909,SEIYU,Refrigerated Cargo Ship,9172909
/vessels/details/8697378,POSEIDON,Deck Cargo Ship,8697378
/vessels/details/9814636,TY HAPPY,General Cargo Ship,9814636
/vessels/details/9507441,ST BELLA,General Cargo Ship,9507441
/vessels/details/8808161,SEISHIN,Refrigerated Cargo Ship,8808161
/vessels/details/9793301,KEUM YANG 1,General Cargo Ship,9793301
/vessels/details/9793313,KEUM YANG 2,General Cargo Ship,9793313
/vessels/details/9080376,NO17 CORE,General Cargo Ship,9080376
/vessels/details/9622954,PIONEER,General Cargo Ship,9622954
/vessels/details/9884928,ZENITH CROWN,General Cargo Ship,9884928
/vessels/details/9373113,DK IWAY,General Cargo Ship,9373113
/vessels/details/9344887,S MERMAID,General Cargo Ship,9344887
/vessels/details/9356775,SUN FORTUNE,Bulk Carrier,9356775
/vessels/details/9392585,KS SUNGLORY,General Cargo Ship,9392585
/vessels/details/9549308,ST STELLA,Bulk Carrier,9549308
/vessels/details/9352286,S GLORIA,Bulk Carrier,9352286
/vessels/details/9450959,SS LUNA,General Cargo Ship,9450959
/vessels/details/9124108,FIRST AI,General Cargo Ship,9124108
/vessels/details/9238648,JANGHO ANGEL,General Cargo Ship,9238648
/vessels/details/9135315,SUNGWOO 11,General Cargo Ship,9135315
/vessels/details/9071442,MV SEABORNE CARGO 3,General Cargo Ship,9071442
/vessels/details/9401453,RUBY OCEAN HO,General Cargo Ship,9401453
/vessels/details/9459694,SEUNG JIN,General Cargo Ship,9459694
/vessels/details/8936463,NO.7 HAE MIN,General Cargo Ship,8936463
/vessels/details/9881134,JS SUN,General Cargo Ship,9881134
/vessels/details/9596404,BLUE OCEAN HO,General Cargo Ship,9596404
/vessels/details/8998552,BUKWANG NO 5,General Cargo Ship,8998552
/vessels/details/440346037,DONGJIN ENTERPRISE,Cargo ship,440346037
/vessels/details/441654005,SKY GLORY,Cargo ship,441654005
/vessels/details/440111000,SM TIANJIN,Cargo ship (HAZ-D),440111000
/vessels/details/440223310,CHO YANG 20001,Cargo ship,440223310
/vessels/details/440104620,GWANG JIN 25HO,Cargo ship,440104620
/vessels/details/440705430,105 JIN KYUNG,Cargo ship,440705430
/vessels/details/440220440,JONG YUNG 5005,Cargo ship,440220440
/vessels/details/8031691,AN YEONG NO. 9,General Cargo Ship,8031691
/vessels/details/8031627,SSANG YONG,General Cargo Ship,8031627
/vessels/details/9689653,SUNNY DAISY,Container Ship,9689653
/vessels/details/8980646,KYOEI MARU NO. 18,General Cargo Ship,8980646
/vessels/details/9523304,LUCKY OCEAN HO,General Cargo Ship,9523304
/vessels/details/440117440,HYUNDAI DANGJIN,Cargo ship,440117440
/vessels/details/6813899,TONG UN 1002,General Cargo Ship,6813899
/vessels/details/9539731,HL BALIKPAPAN,Bulk Carrier,9539731
/vessels/details/440119013,SUNNY PALM,Cargo ship,440119013
/vessels/details/440546021,DAEHAN NO.1,Cargo ship,440546021
/vessels/details/440310260,NO.21 WOO RI,Cargo ship,440310260
/vessels/details/9520352,MEGA TRUST,Heavy Load Carrier,9520352
/vessels/details/9528421,MEGA PASSION,Heavy Load Carrier,9528421
/vessels/details/8701648,SEJU FRONTIER,Ro-Ro Cargo Ship,8701648
/vessels/details/440310517,KWANGYANG LEADER,Cargo ship,440310517
/vessels/details/440018550,HANKUKNO22,Cargo ship,440018550
/vessels/details/9340518,SUNG HEE,Bulk Carrier,9340518
/vessels/details/7010614,YU DAL,General Cargo Ship,7010614
/vessels/details/8804907,DONG-A NO. 23,Aggregates Carrier,8804907
/vessels/details/1028774,PEGASUS,General Cargo Ship,1028774
/vessels/details/440100920,23WOORIHO,Cargo ship,440100920
/vessels/details/9117909,GLOBAL 101,General Cargo Ship,9117909
/vessels/details/7018214,HAEMAN GLORY,General Cargo Ship,7018214
/vessels/details/440149040,SUNG SIN 10002,Cargo ship,440149040
/vessels/details/440490981,KMTC JAKARTA,Cargo ship (HAZ-D),440490981
/vessels/details/9803156,ZENITH VEGA,General Cargo Ship,9803156
/vessels/details/440059870,1 WOOYANGHO,Cargo ship,440059870
/vessels/details/440329440,HAN CHANG HO,Cargo ship,440329440
/vessels/details/440215260,NO.1 ASIA,Cargo ship,440215260
/vessels/details/9877224,KWANGYANG HARVEST,General Cargo Ship,9877224
/vessels/details/8224212,JE TONG,General Cargo Ship,8224212
/vessels/details/441127029,TY INCHEBB,Cargo ship,441127029
/vessels/details/9087910,PHAROSTAR,Refrigerated Cargo Ship,9087910
/vessels/details/440406050,CHUNG,Cargo ship,440406050
/vessels/details/441287029,D 0000,Cargo ship,441287029
/vessels/details/7355739,MYUNG JIN NO. 77,General Cargo Ship,7355739
/vessels/details/440044190,DAE AA HO,Cargo ship,440044190
/vessels/details/440031250,HAN IL HO,Cargo ship,440031250
/vessels/details/440338850,KEUM OH 12000,Cargo ship,440338850
/vessels/details/440066870,SEUNGUNHO,Cargo ship,440066870
/vessels/details/440195450,NO.103 SAM IL,Cargo ship,440195450
/vessels/details/440332680,HN 3003 HO,Cargo ship,440332680
/vessels/details/8419570,ZENITH MINE,General Cargo Ship,8419570
/vessels/details/440704460,SAEGAE,Cargo ship,440704460
/vessels/details/440091810,YOUNGBOKHO,Cargo ship,440091810
/vessels/details/7311939,SAE JO YANG,General Cargo Ship,7311939
/vessels/details/440036760,NEW MARINE,Cargo ship,440036760
/vessels/details/6813887,TONG UN 1001,General Cargo Ship,6813887
/vessels/details/440113740,SHIN CHANG 5,Cargo ship,440113740
/vessels/details/7213096,SOYOKAZE,Refrigerated Cargo Ship,7213096
/vessels/details/7930606,TONG UN NO. 301,General Cargo Ship,7930606
/vessels/details/440321180,SAESEUM CARFERRY,Cargo ship,440321180
/vessels/details/9793325,KEUM YANG 3,General Cargo Ship,9793325
/vessels/details/440307600,SIN YANG 15 HO,Cargo ship,440307600
/vessels/details/8326618,HYAE MIN NO. 3,General Cargo Ship,8326618
/vessels/details/440135420,KUKYANG0 5 HO,Cargo ship,440135420
/vessels/details/8123597,DAL SUNG NO. 11,General Cargo Ship,8123597
/vessels/details/440042010,101TONG YEONG KAL,Cargo ship,440042010
/vessels/details/440302120,25SIN CHEUN,Cargo ship,440302120
/vessels/details/440091550,MAN SEONG HO,Cargo ship,440091550
/vessels/details/9285964,SUSEONG3,Cement Carrier,9285964
/vessels/details/440210740,NAMJIN HO,Cargo ship,440210740
/vessels/details/441632037,SKY AURORA,Cargo ship,441632037
/vessels/details/6813904,TONG UN 1003,General Cargo Ship,6813904
/vessels/details/9110303,DAEHOINCHEON,General Cargo Ship,9110303
/vessels/details/9879375,SAWASDEE ATLANTIC,Container Ship,9879375
/vessels/details/7831551,PYONG RYAK,General Cargo Ship,7831551
/vessels/details/9358357,JIN AN,Cement Carrier,9358357
/vessels/details/440129690,5 GEUM YEONG,Cargo ship,440129690
/vessels/details/440133490,DAE SUNG 8001,Cargo ship,440133490
/vessels/details/440138997,KWANGYANG SUNSHINE,Cargo ship,440138997
/vessels/details/440188645,PHOS,Cargo ship,440188645
/vessels/details/8811132,JA YANG,Cement Carrier,8811132
/vessels/details/441351315,TRINH 95,Cargo ship,441351315
/vessels/details/440309029,QINGDAO TRADER,Cargo ship,440309029
/vessels/details/9748693,PAN COSMOS,Bulk Carrier,9748693
/vessels/details/9812602,ILSHIN GREEN IRIS,Bulk Carrier,9812602
/vessels/details/440113701,DAEHO BUSAN,Cargo ship,440113701
/vessels/details/8877772,NAIKAI MARU NO. 18,Aggregates Carrier,8877772
/vessels/details/440600622,308 ILSEUNGHO,Cargo ship,440600622
/vessels/details/9403889,SJ ANGEL,General Cargo Ship,9403889
/vessels/details/440315580,A JU2HO,Cargo ship,440315580
/vessels/details/8622866,CHOEI MARU NO. 21,Aggregates Carrier,8622866
/vessels/details/441210490,MITRA 1210490 B,Cargo ship,441210490
/vessels/details/440134690,SUNG W00 11,Cargo ship,440134690
/vessels/details/9545015,STAR EXPRESS,Container Ship,9545015
/vessels/details/8226818,KYUNG HAE NO. 102,Refrigerated Cargo Ship,8226818
/vessels/details/440222110,23GUNJINHO,Cargo ship,440222110
/vessels/details/9262273,MV MORNING SUN,Cement Carrier,9262273
/vessels/details/8031914,O YANG NO. 706,Refrigerated Cargo Ship,8031914
/vessels/details/6919538,JIN YOUNG NO. 102,Refrigerated Cargo Ship,6919538
/vessels/details/440106060,EOHANGDONGHAE NO2,Cargo ship,440106060
/vessels/details/7831549,JANG GYONG NO. 2,General Cargo Ship,7831549
/vessels/details/440800522,17277,Cargo ship,440800522
/vessels/details/7203388,MORNING STAR,General Cargo Ship,7203388
/vessels/details/440108810,NO 2005 TAEPYUNGYANG,Cargo ship,440108810
/vessels/details/440406880,MYEONGGAHO,Cargo ship,440406880
/vessels/details/5237141,MISS YUYANG NO. 2,General Cargo Ship,5237141
/vessels/details/440327540,NONGHYUPHO,Cargo ship,440327540
/vessels/details/440710200,101SINDONG,Cargo ship,440710200
/vessels/details/440074880,HAE YNUNG 1502,Cargo ship,440074880
/vessels/details/8720395,KYORITSU MARU NO. 5,Aggregates Carrier,8720395
/vessels/details/440127029,SUN EASTERN,Cargo ship,440127029
/vessels/details/9375965,K.ASTER,Bulk Carrier,9375965
/vessels/details/9814624,TY JOY,General Cargo Ship,9814624
/vessels/details/440012490,YEONGJIN FERRY 3HO,Cargo ship,440012490
/vessels/details/441953013,HANSUNG INCHEON,Cargo ship,441953013
/vessels/details/440119029,SUNNY PALM,Cargo ship,440119029
/vessels/details/9459527,SM JAGUAR,Bulk Carrier,9459527
/vessels/details/440314330,NEWFERRY,Cargo ship,440314330
/vessels/details/9415868,SJ GLORY,General Cargo Ship,9415868
/vessels/details/440102150,MYUNGJIN,Cargo ship (HAZ-C),440102150
/vessels/details/6827773,TONG UN 1010,General Cargo Ship,6827773
/vessels/details/9110298,KONG YOUNG,General Cargo Ship,9110298
/vessels/details/7417989,TAM RA,General Cargo Ship,7417989
/vessels/details/440309160,3 CHANG SUNG HO,Cargo ship,440309160
/vessels/details/9511741,HESED,General Cargo Ship,9511741
/vessels/details/7737614,JANG YUNG NO. 8,General Cargo Ship,7737614
/vessels/details/8944111,MV ASAKA,General Cargo Ship,8944111
/vessels/details/8204690,YAYOI,Refrigerated Cargo Ship,8204690
/vessels/details/440120053,HEUNG-A ULSAN,Cargo ship,440120053
/vessels/details/440111349,NO.7SSANGYONG,Cargo ship,440111349
/vessels/details/6821896,TONG UN 1008,General Cargo Ship,6821896
/vessels/details/8419867,ORIENTAL FORTUNE,General Cargo Ship,8419867
/vessels/details/440310550,YEOSU 3 HO,Cargo ship,440310550
/vessels/details/440202101,27 KUMJIN,Cargo ship,440202101
/vessels/details/9587738,HANNAM,General Cargo Ship,9587738
/vessels/details/9355082,LINAHO,Cement Carrier,9355082
/vessels/details/9126845,SAM SUNG5HO,General Cargo Ship,9126845
/vessels/details/9081148,WONJIN NO. 3,General Cargo Ship,9081148
/vessels/details/440023280,MO DO HO,Cargo ship,440023280
/vessels/details/9390202,SJ HONOR,General Cargo Ship,9390202
/vessels/details/440999999,KWANGYANG 6001HO,Cargo ship,440999999
/vessels/details/9395771,KS SUNRISE,General Cargo Ship,9395771
/vessels/details/440384997,HEUNG-A SARAH,Cargo ship,440384997
/vessels/details/440027090,HN 3001,Cargo ship,440027090
/vessels/details/8934166,FUJITAKA MARU NO. 31,Aggregates Carrier,8934166
/vessels/details/9096765,MEGA PIONEER,General Cargo Ship,9096765
/vessels/details/440014620,KOREX 5001,Cargo ship,440014620
/vessels/details/440400001,UAIS TEST HO,Cargo ship,440400001
/vessels/details/9545003,STAR PIONEER,Container Ship,9545003
/vessels/details/5409304,ILL YEONG NO. 2,General Cargo Ship,5409304
/vessels/details/440400997,STAR CHALLENGER,Cargo ship,440400997
/vessels/details/441133029,GLOVIS SUPREME,Cargo ship,441133029
/vessels/details/440315280,JE17YEONGHO,Cargo ship,440315280
/vessels/details/440109750,CHEONG SIN HO,Cargo ship,440109750
/vessels/details/8911607,SEIN SPRING,Refrigerated Cargo Ship,8911607
/vessels/details/9793337,KEUM YANG 5,General Cargo Ship,9793337
/vessels/details/440058981,SM TOKYO,Cargo ship,440058981
/vessels/details/9003251,HALLA 3,Cement Carrier,9003251
/vessels/details/440224940,HAE KWANG 8001,Cargo ship,440224940
/vessels/details/1048310,ST FREYA,General Cargo Ship,1048310
/vessels/details/440063060,GEUM GWANG 11,Cargo ship,440063060
/vessels/details/9102849,SUNNY OAK,Container Ship,9102849
/vessels/details/9205536,YEON SEONG 8HO,General Cargo Ship,9205536
/vessels/details/440171509,SUSEONG7,Cargo ship,440171509
/vessels/details/440068190,DAEBAKHO,Cargo ship,440068190
/vessels/details/9695298,HEUNG-A YOUNG,Container Ship,9695298
/vessels/details/9135028,SEABORNE CARGO 10,General Cargo Ship,9135028
/vessels/details/440189040,SB 1001 HO,Cargo ship,440189040
/vessels/details/440063660,DAE MYEONG 8 HO,Cargo ship,440063660
/vessels/details/8327179,KYUNG BIN NO. 2,Aggregates Carrier,8327179
/vessels/details/440590656,CAO DOI A15B15,Cargo ship,440590656
/vessels/details/440501240,CARNIVALHO,Cargo ship,440501240
/vessels/details/440508070,HIT HO,Cargo ship,440508070
/vessels/details/9750438,SM DIAMOND,Bulk Carrier,9750438
/vessels/details/6614009,CHANG LIM NO. 1,General Cargo Ship,6614009
/vessels/details/9623386,LIEBE,General Cargo Ship,9623386
/vessels/details/8415419,KOEI MARU,Aggregates Carrier,8415419
/vessels/details/9997373,ZENITH MERCURY,General Cargo Ship,9997373
/vessels/details/6720262,CHUNG RYONG NO. 1,General Cargo Ship,6720262
/vessels/details/9609586,HANJIN GREEN,General Cargo Ship,9609586
/vessels/details/440317650,SUNG SHIN 10003,Cargo ship,440317650
/vessels/details/8606317,DRAGONSTAR,Cement Carrier,8606317
/vessels/details/441888888,9999PSG9999,Cargo ship,441888888
/vessels/details/440040096,SUN SHINE,Cargo ship,440040096
/vessels/details/9623374,ELPIS,General Cargo Ship,9623374
/vessels/details/440021350,DAEJIN11HO,Cargo ship,440021350
/vessels/details/9220524,KS HERMES,Ro-Ro Cargo Ship,9220524
/vessels/details/441234560,TEST,Cargo ship,441234560
/vessels/details/7651913,YONG SU,Aggregates Carrier,7651913
/vessels/details/8015506,JIN YAK,General Cargo Ship,8015506
/vessels/details/440120170,HAN RYEO SOO DO HO,Cargo ship,440120170
/vessels/details/9466178,DAEHO JEJU,General Cargo Ship,9466178
/vessels/details/9644471,YUJIN BUSAN,General Cargo Ship,9644471
/vessels/details/9003249,HALLA N02,Cement Carrier,9003249
/vessels/details/440214570,SEONG SIN 5001,Cargo ship,440214570
/vessels/details/440153510,GUBONGHO,Cargo ship,440153510
/vessels/details/440202100,27 KUMJIN,Cargo ship,440202100
/vessels/details/9517628,NAGOYA TRADER,Container Ship,9517628
/vessels/details/441999013,DK IMAN BB,Cargo ship,441999013
/vessels/details/9078878,DAEHO SEOUL,General Cargo Ship,9078878
/vessels/details/9331440,DONGBANG ACE,Ro-Ro Cargo Ship,9331440
/vessels/details/440046005,HEUNGA HOCHIMINH,Cargo ship (HAZ-A),440046005
/vessels/details/440000019,PHAO-19 CHI 59,Cargo ship,440000019
/vessels/details/440602020,KANG NAM HO,Cargo ship (HAZ-A),440602020
/vessels/details/9129067,KWANGYANG 12,General Cargo Ship,9129067
/vessels/details/9155822,KWANGYANG PIONEER,Ro-Ro Cargo Ship,9155822
/vessels/details/9217606,SUNGWOO JEJU,Ro-Ro Cargo Ship,9217606
/vessels/details/9595797,SKY HOPE,Container Ship,9595797
/vessels/details/9204219,SHIN CHANG NO. 5,General Cargo Ship,9204219
/vessels/details/8627335,KUMJIN NO. 5,General Cargo Ship,8627335
/vessels/details/8839782,DONG-A 200,General Cargo Ship,8839782
/vessels/details/9821201,MV SOONI,Deck Cargo Ship,9821201
/vessels/details/440149850,NEW HAEJIN HO,Cargo ship,440149850
/vessels/details/440129710,101 YANG JI,Cargo ship,440129710
/vessels/details/440303029,KOBE TRADER,Cargo ship (HAZ-A),440303029
/vessels/details/440706100,GEULRORI9HO,Cargo ship,440706100
/vessels/details/440120037,HEUNG-A ULSAN,Cargo ship,440120037
/vessels/details/9985899,YUIL 1022,Bulk Carrier,9985899
/vessels/details/440148005,ILSHIN GREEN IRIS,Cargo ship,440148005
/vessels/details/440504430,GOLD,Cargo ship,440504430
/vessels/details/440136300,379 HAE JIN HO,Cargo ship,440136300
/vessels/details/8135239,HAE JIN,General Cargo Ship,8135239
/vessels/details/440600512,DONGHAE,Cargo ship,440600512
/vessels/details/441058297,SUGANYU02966,Cargo ship,441058297
/vessels/details/9207156,MV YUJIN,General Cargo Ship,9207156
/vessels/details/440221045,PEGASUS PETA,Cargo ship,440221045
/vessels/details/441432053,STAR EXPRESS,Cargo ship (HAZ-A),441432053
/vessels/details/7220556,CHUN BO,General Cargo Ship,7220556
/vessels/details/440143390,SS B1,Cargo ship,440143390
/vessels/details/1096563,CY FRONTIER,Heavy Load Carrier,1096563
/vessels/details/440041490,VARUNA,Cargo ship,440041490
/vessels/details/440184198,TEST98,Cargo ship,440184198
/vessels/details/440005090,KANG NAM 5005,Cargo ship,440005090
/vessels/details/440332040,2006 CHEOL YONG HO,Cargo ship,440332040
/vessels/details/440114180,GS 5,Cargo ship,440114180
/vessels/details/9159971,HANJIN 3007,Palletised Cargo Ship,9159971
/vessels/details/440304490,KANGJIN,Cargo ship,440304490
/vessels/details/440353959,TUANVU29-220,Cargo ship,440353959
/vessels/details/440189880,508 DEOK JIN HO,Cargo ship,440189880
/vessels/details/441323566,NBTD666,Cargo ship,441323566
/vessels/details/440301045,YOKOHAMA TRADER,Cargo ship,440301045
/vessels/details/440064810,600,Cargo ship,440064810
/vessels/details/6829018,TONG UN 1011,General Cargo Ship,6829018
/vessels/details/440148720,TONG YEONG NO.1,Cargo ship,440148720
/vessels/details/7829455,YOUNG WON NO. 7,General Cargo Ship,7829455
/vessels/details/441204712,KAI XUAN GONG 999,Cargo ship,441204712
/vessels/details/9978652,PEGASUS DREAM,Container Ship,9978652
/vessels/details/9140035,SAM SUNG 2HO,General Cargo Ship,9140035
/vessels/details/8303678,TAI YOUNG JASMIN,General Cargo Ship,8303678
/vessels/details/440153810,DAE JIN 8001,Cargo ship,440153810
/vessels/details/440060240,SINCHANGHO,Cargo ship,440060240
/vessels/details/8326606,HYAE MIN NO. 2,General Cargo Ship,8326606
/vessels/details/9159983,HANJIN3008,Palletised Cargo Ship,9159983
/vessels/details/1065057,WOOHYUN DREAM,General Cargo Ship,1065057
/vessels/details/7830624,KOEI MARU NO. 21,Aggregates Carrier,7830624
/vessels/details/9057082,25 KUMJIN,General Cargo Ship,9057082
/vessels/details/440187170,SINHAE,Cargo ship,440187170
/vessels/details/440011070,SANG JIN HO,Cargo ship,440011070
/vessels/details/440285968,618,Cargo ship,440285968
/vessels/details/6827802,TONG UN 1014,General Cargo Ship,6827802
/vessels/details/440409320,TAEGEUK2HO,Cargo ship,440409320
/vessels/details/9791248,KOREX YEOSU,Self Discharging Bulk Carrier,9791248
/vessels/details/1048308,DONGBANG RUBY,General Cargo Ship,1048308
/vessels/details/9015840,CHERRY STAR,Refrigerated Cargo Ship,9015840
/vessels/details/440189870,507 DEOK JIN HO,Cargo ship,440189870
/vessels/details/7033379,MASUFUKU MARU,Aggregates Carrier,7033379
/vessels/details/7852804,TOKA MARU NO. 8,General Cargo Ship,7852804
/vessels/details/441845001,LIEBEO,Cargo ship,441845001
/vessels/details/440314850,NO.3 DAEKYEONG,Cargo ship,440314850
/vessels/details/440710197,101SINDONG,Cargo ship,440710197
/vessels/details/9141247,SEJU SHINKWANG,Ro-Ro Cargo Ship,9141247
/vessels/details/440402450,DAEYANG1HO,Cargo ship,440402450
/vessels/details/441300005,SUNNY LINDEN,Cargo ship,441300005
/vessels/details/440203250,23 U YANG HO,Cargo ship,440203250
/vessels/details/8223919,HANDONG NO. 8,General Cargo Ship,8223919
/vessels/details/9088835,DAEHO BUSAN,General Cargo Ship,9088835
/vessels/details/9182681,TSHAPPY,General Cargo Ship,9182681
/vessels/details/440046450,NEW BAL LI HO,Cargo ship,440046450
/vessels/details/440038240,BADARO8HO,Cargo ship,440038240
/vessels/details/440077621,SAMPYO NO.3,Cargo ship,440077621
/vessels/details/441127013,TY INCHEON,Cargo ship,441127013
/vessels/details/8428961,HAE DONG,Aggregates Carrier,8428961
/vessels/details/8031744,DAE WON NO. 101,General Cargo Ship,8031744
/vessels/details/9133472,MV MORNING CALM,Cement Carrier,9133472
/vessels/details/441596005,TY GLORIA,Cargo ship,441596005
/vessels/details/440076880,STAR,Cargo ship,440076880
/vessels/details/440319130,HAE KWANG 8002,Cargo ship,440319130
/vessels/details/9397250,HS GLORY,Bulk Carrier,9397250
/vessels/details/440100930,HAE YOUNG 6001 HO,Cargo ship,440100930
/vessels/details/441999999,TEST,Cargo ship,441999999
/vessels/details/8031665,DONG KUK,General Cargo Ship,8031665
/vessels/details/440022260,TJ 1,Cargo ship,440022260
/vessels/details/440304970,57 DEOK JIN HO,Cargo ship,440304970
/vessels/details/440004790,WESTCARFERRY,Cargo ship,440004790
/vessels/details/440094440,JWASUYOUNGHO,Cargo ship,440094440
/vessels/details/440122340,906 DUCK HAE,Cargo ship,440122340
/vessels/details/6821884,TONG UN 1007,General Cargo Ship,6821884
/vessels/details/440109140,303 NAM HE HO,Cargo ship,440109140
/vessels/details/9749128,PANCON SUNSHINE,Container Ship,9749128
/vessels/details/8869701,HAEDUCK OKPO,General Cargo Ship,8869701
/vessels/details/8910873,SEA ORION,General Cargo Ship,8910873
/vessels/details/440007930,HANJIN,Cargo ship,440007930
/vessels/details/440001240,HAN KANG 5,Cargo ship,440001240
/vessels/details/440335870,DUKSUNGHO,Cargo ship,440335870
/vessels/details/440781199,TEST7777777,Cargo ship,440781199
/vessels/details/9032408,SSULSAN,General Cargo Ship,9032408
/vessels/details/440194360,DA WON 3HO,Cargo ship,440194360
/vessels/details/9647021,KWANGYANG SUNSHINE,General Cargo Ship,9647021
/vessels/details/440218660,HAESUNGHO,Cargo ship,440218660
/vessels/details/9355094,KTAJO,Limestone Carrier,9355094
/vessels/details/440321550,75 DONG KYUNG HO,Cargo ship,440321550
/vessels/details/440210550,DAE,Cargo ship,440210550
/vessels/details/441434981,SUNG HEE,Cargo ship,441434981
/vessels/details/441596021,TY GLORIA,Cargo ship,441596021
/vessels/details/440330021,SHANGHAI VOYAGER,Cargo ship,440330021
/vessels/details/9128922,INTRANS TINA,Bulk Carrier,9128922
/vessels/details/9230983,MORNING STAR,Cement Carrier,9230983
/vessels/details/440066037,ZENITH VEGA,Cargo ship,440066037
/vessels/details/7417707,TAE YANG,General Cargo Ship,7417707
/vessels/details/441234579,9999MANCITY9999,Cargo ship,441234579
/vessels/details/440106021,ENY BB,Cargo ship,440106021
/vessels/details/440002000,JUNG BU 1 5,Cargo ship,440002000
/vessels/details/7035901,SUH KANG CHALLENGER,General Cargo Ship,7035901
/vessels/details/440057590,7 GEUM IL HO,Cargo ship,440057590
/vessels/details/7222554,GRAKE,Container Ship,7222554
/vessels/details/9899698,TY PONY,General Cargo Ship,9899698
/vessels/details/440150980,1004ECHO,Cargo ship,440150980
/vessels/details/440153829,DAE JIN 8001,Cargo ship,440153829
/vessels/details/9268930,SUN GRACE,Bulk Carrier,9268930
/vessels/details/440162960,SU HAE 59HO,Cargo ship,440162960
/vessels/details/440304810,801 DEOK JIN HO,Cargo ship,440304810
/vessels/details/8103793,TAKAYAMA MARU,General Cargo Ship,8103793
/vessels/details/440321080,103CHUNGYONGCARFERRY,Cargo ship,440321080
/vessels/details/8623731,STELLA,Aggregates Carrier,8623731
/vessels/details/7831161,KEUNG MEUNG,Aggregates Carrier,7831161
/vessels/details/8320975,FUTURE NO. 1,Cement Carrier,8320975
/vessels/details/441441999,TH DAT E32,Cargo ship,441441999
/vessels/details/8204121,SANWA FONTAINE,Refrigerated Cargo Ship,8204121
/vessels/details/7327859,NAM KWANG NO. 2,General Cargo Ship,7327859
/vessels/details/9863663,CARINA,General Cargo Ship,9863663
/vessels/details/440221300,NOKDO,Cargo ship,440221300
/vessels/details/7418115,ACE PUSAN,General Cargo Ship,7418115
/vessels/details/7737652,YURIWANG NO. 7,General Cargo Ship,7737652
/vessels/details/6813928,TONG UN 1006,General Cargo Ship,6813928
/vessels/details/7831159,NAM KWANG NO. 3,General Cargo Ship,7831159
/vessels/details/9039664,KUMJIN NO. 17,General Cargo Ship,9039664
/vessels/details/5237139,MISS YUYANG NO. 1,General Cargo Ship,5237139
/vessels/details/440200043,GEO MOON HO,Cargo ship,440200043
/vessels/details/440127013,SUN EAST,Cargo ship,440127013
/vessels/details/9372626,MORNING NURI,Cement Carrier,9372626
/vessels/details/9118939,HYAEMIN NO.1,General Cargo Ship,9118939
/vessels/details/440076760,MAN GYEONG HO,Cargo ship,440076760
/vessels/details/9693939,HEUNG-A HAIPHONG,Container Ship,9693939
/vessels/details/8702628,HIYOSHI MARU NO. 25,General Cargo Ship,8702628
/vessels/details/440112510,CHEONG NAM NO7,Cargo ship,440112510
/vessels/details/7114563,BRONZE BELL,General Cargo Ship,7114563
/vessels/details/440318220,TAE YOON HO,Cargo ship,440318220
/vessels/details/440329020,BAEKJO101HO,Cargo ship,440329020
/vessels/details/440273013,OSAKA VOYAGER,Cargo ship,440273013
/vessels/details/440129420,YOUNG WON 2HO,Cargo ship,440129420
/vessels/details/9623398,KARA,General Cargo Ship,9623398
/vessels/details/441080999,MEMEDA,Cargo ship,441080999
/vessels/details/440143920,BIG,Cargo ship,440143920
/vessels/details/440146420,11 SSANG YONG,Cargo ship,440146420
/vessels/details/8824610,CHUNG RYONG NO. 5,General Cargo Ship,8824610
/vessels/details/9841330,TY MERRY,General Cargo Ship,9841330
/vessels/details/441941989,SUN FORTUNE,Cargo ship,441941989
/vessels/details/9372638,MORNING VICTORY,Cement Carrier,9372638
/vessels/details/9921673,KWANGYANG AMBITION,General Cargo Ship,9921673
/vessels/details/9318656,OCEAN CONCORD 2,Cement Carrier,9318656
/vessels/details/440321013,SAWASDEE PACIFIC,Cargo ship,440321013
/vessels/details/8410782,CHUNG YANG,Cement Carrier,8410782
/vessels/details/7354254,DA HAN NO. 1,Aggregates Carrier,7354254
/vessels/details/9426532,SH GRACE,General Cargo Ship,9426532
/vessels/details/440188325,DAEHO SEJONG,Cargo ship,440188325
/vessels/details/9538256,WOOYANG GLORY,General Cargo Ship,9538256
/vessels/details/440134720,23 KUMJIN,Cargo ship,440134720
/vessels/details/441287013,D 0000,Cargo ship,441287013
/vessels/details/441000123,UAIS TEST HO,Cargo ship,441000123
/vessels/details/6827785,TONG UN 1012,General Cargo Ship,6827785
/vessels/details/440600375,16 HAE GEUM HO,Cargo ship,440600375
/vessels/details/440126580,SHUN DA 88888,Cargo ship,440126580
/vessels/details/7829560,SAM WOO HAN DONG,General Cargo Ship,7829560
/vessels/details/440272997,OSAKA VOYAGER,Cargo ship,440272997
/vessels/details/440030790,HAE GUN 9001,Cargo ship,440030790
/vessels/details/440400002,TEST,Cargo ship,440400002
/vessels/details/8106410,ZENITH CROWN,General Cargo Ship,8106410
/vessels/details/9573098,ILSHIN POLARIS ROYAL,Ro-Ro Cargo Ship,9573098
/vessels/details/9841328,TY LUCKY,General Cargo Ship,9841328
/vessels/details/9558684,SAM IL NO. 505,General Cargo Ship,9558684
/vessels/details/440010060,SUNG SHIN 9001,Cargo ship,440010060
/vessels/details/440117350,IM GEUM HO,Cargo ship,440117350
/vessels/details/8908612,HALLA NO.1,Cement Carrier,8908612
/vessels/details/440197880,306GWANGMYUNG,Cargo ship,440197880
/vessels/details/9190640,SM DONGHAE 2,Bulk Carrier,9190640
/vessels/details/440080650,3SUNBOKHO,Cargo ship,440080650
/vessels/details/441772021,SINOKOR NIIGATA,Cargo ship,441772021
/vessels/details/8031603,SAND CARRY 5,General Cargo Ship,8031603
/vessels/details/8706894,SANPO MARU NO. 10,Aggregates Carrier,8706894
/vessels/details/440013130,MI RAE NO.3,Cargo ship,440013130
/vessels/details/440300590,TAE HA 1HO,Cargo ship,440300590
/vessels/details/8032023,SAM POONG,General Cargo Ship,8032023
/vessels/details/440215420,KUKJEHO,Cargo ship,440215420
/vessels/details/9659684,CS ONSAN,Bulk/Oil Carrier,9659684
/vessels/details/440084090,DAE SEUNG HO,Cargo ship,440084090
/vessels/details/440385013,HEUNG-A SARAH,Cargo ship,440385013
/vessels/details/9003263,HALLA FRONTIER,Cement Carrier,9003263
/vessels/details/8817069,SEJU PIONEER,Ro-Ro Cargo Ship,8817069
/vessels/details/441165258,666666,Cargo ship,441165258
/vessels/details/8717960,JE HAE,Limestone Carrier,8717960
/vessels/details/440309420,DEOKSEONGHO,Cargo ship,440309420
/vessels/details/6928008,DAE YANG NO. 5,General Cargo Ship,6928008
/vessels/details/9378383,SUN OCEAN,General Cargo Ship,9378383
/vessels/details/441520053,SNK LADY,Cargo ship,441520053
/vessels/details/440308780,CHEONG HYU 1501,Cargo ship,440308780
/vessels/details/7903976,EVER MASAN,General Cargo Ship,7903976
/vessels/details/7930644,TONG UN NO. 306,General Cargo Ship,7930644
/vessels/details/440167390,HAE SUNG 11 HO,Cargo ship,440167390
/vessels/details/440031620,NO3DONGKWANG,Cargo ship,440031620
/vessels/details/440327570,HANGRO FERRY,Cargo ship,440327570
/vessels/details/440100060,SEOM SA RANG,Cargo ship,440100060
/vessels/details/440188341,DAEHO SEJONG,Cargo ship,440188341
/vessels/details/9136981,KUMJIN NO. 23,General Cargo Ship,9136981
/vessels/details/440185970,CHANG SUNG HO,Cargo ship,440185970
/vessels/details/9044231,SUSEONG ACE,Cement Carrier,9044231
/vessels/details/9685061,PEGASUS TERA,Container Ship,9685061
/vessels/details/9205603,IL SHIN GOLD RIVER,Bulk Carrier,9205603
/vessels/details/440154421,DAEHO SEC,Cargo ship,440154421
/vessels/details/440400990,501EUNSUNG,Cargo ship,440400990
/vessels/details/9150640,DONGBANG SAPPHIRE,General Cargo Ship,9150640
/vessels/details/440394981,HEUNG-A BANGKOK,Cargo ship,440394981
/vessels/details/440108460,KWANGYANG12,Cargo ship,440108460
/vessels/details/8031897,JANG GYONG NO. 3,General Cargo Ship,8031897
/vessels/details/440132890,UL SAN 8001,Cargo ship,440132890
/vessels/details/440333720,JONG IN HO,Cargo ship,440333720
/vessels/details/9280287,HAEDONG NO. 3,General Cargo Ship,9280287
/vessels/details/440035540,KWANGDUKHO,Cargo ship,440035540
/vessels/details/8709468,SUSEONG NO5,Cement Carrier,8709468
/vessels/details/9932634,DREAMS,Deck Cargo Ship,9932634
/vessels/details/441788005,KMTC ULSAN,Cargo ship (HAZ-A),441788005
/vessels/details/440100773,ST FREYA,Cargo ship,440100773
/vessels/details/9136606,OCEAN KARIS,General Cargo Ship,9136606
/vessels/details/440072660,620,Cargo ship,440072660
/vessels/details/8014722,JANG YUNG ORCHID,General Cargo Ship,8014722
/vessels/details/440584997,KMTC KEENBBG,Cargo ship (HAZ-A),440584997
/vessels/details/440147910,JO EUN HO,Cargo ship,440147910
/vessels/details/440199013,OCEAN LEADER,Cargo ship,440199013
/vessels/details/440105630,NO.501 SAM IL,Cargo ship,440105630
/vessels/details/8429068,KEUM KANG NO. 11,Aggregates Carrier,8429068
/vessels/details/9209245,SOHOH,Refrigerated Cargo Ship,9209245
/vessels/details/6406531,CHUNG RYONG NO. 1,General Cargo Ship,6406531
/vessels/details/440208880,SHIN JIN,Cargo ship,440208880
/vessels/details/9867279,OHSUNG NO.3,Deck Cargo Ship,9867279
/vessels/details/440401013,STAR CHALLENGER,Cargo ship,440401013
/vessels/details/440000472,HAN GANG22,Cargo ship,440000472
/vessels/details/440185480,HAE SEONG 15 HO,Cargo ship,440185480
/vessels/details/8627945,TOKAI MARU NO. 7,General Cargo Ship,8627945
/vessels/details/440154405,DAEHO SEOUL,Cargo ship,440154405
/vessels/details/8816481,KINSEI MARU NO. 18,Aggregates Carrier,8816481
/vessels/details/440055410,NO17 SSANGYONG,Cargo ship,440055410
/vessels/details/440184199,TEST199,Cargo ship,440184199
/vessels/details/7831317,JANG YUNG NO. 6,General Cargo Ship,7831317
/vessels/details/8031512,JANG YUNG NO. 9,General Cargo Ship,8031512
/vessels/details/441745013,LEPUS,Cargo ship,441745013
/vessels/details/440000630,SIN YANG 9 HO,Cargo ship,440000630
/vessels/details/7220623,HEUNG AH NO. 11,General Cargo Ship,7220623
/vessels/details/9103623,JANGHO WIN,General Cargo Ship,9103623
/vessels/details/6827797,TONG UN 1013,General Cargo Ship,6827797
/vessels/details/440103845,SEJU PIONEER,Cargo ship,440103845
/vessels/details/7642974,IN DUK,Aggregates Carrier,7642974
/vessels/details/440162037,PORT KLANG VOYAGER,Cargo ship,440162037
/vessels/details/8810281,SAMIL NO. 501,Aggregates Carrier,8810281
/vessels/details/6821901,TONG UN 1009,General Cargo Ship,6821901
/vessels/details/5311612,MARUZEN MARU NO. 10,General Cargo Ship,5311612
/vessels/details/440154440,BUSAN 503,Cargo ship,440154440
/vessels/details/440248037,HL SUCCEBB,Cargo ship,440248037
/vessels/details/9031038,TONG UN NO. 502,General Cargo Ship,9031038
/vessels/details/440314340,HAE JIN HO,Cargo ship,440314340
/vessels/details/7220647,DONG A NO. 22,General Cargo Ship,7220647
/vessels/details/9793351,KEUM YANG 7,General Cargo Ship,9793351
/vessels/details/9194919,OCEANUS,Refrigerated Cargo Ship,9194919
/vessels/details/8909915,EUGENE1HO,General Cargo Ship,8909915
/vessels/details/440100870,TAMLA 126,Cargo ship,440100870
/vessels/details/7394565,ACARREO,Limestone Carrier,7394565
/vessels/details/440366005,STAR VOYAGER,Cargo ship,440366005
/vessels/details/9997361,ZENITH GRACE,General Cargo Ship,9997361
/vessels/details/441010000,441010000,Cargo ship,441010000
/vessels/details/440042320,PYEONGSAN,Cargo ship,440042320
/vessels/details/7326374,CHANG SUNG NO. 16,General Cargo Ship,7326374
/vessels/details/441653989,SKY GLORY,Cargo ship,441653989
/vessels/details/9167708,DONGJIN NAGOYA,General Cargo Ship,9167708
/vessels/details/7103411,SAM POONG NO. 7,Refrigerated Cargo Ship,7103411
/vessels/details/440190320,SEONGYEONG9HO,Cargo ship,440190320
/vessels/details/8864610,SSANG YONG NO. 7,General Cargo Ship,8864610
/vessels/details/8224224,BOGO 1,General Cargo Ship,8224224
/vessels/details/9899686,TY BONNY,General Cargo Ship,9899686
/vessels/details/8514473,ZENITH SH INE,General Cargo Ship,8514473
/vessels/details/9159335,HANSUNG INCHEON,Container Ship,9159335
/vessels/details/440046850,NO.1 SEO JIN HO,Cargo ship,440046850
/vessels/details/440108469,KWANGYANG12,Cargo ship,440108469
/vessels/details/440082340,SUGIL,Cargo ship,440082340
/vessels/details/8542810,JAEWON STELLA,Deck Cargo Ship,8542810
/vessels/details/440220021,SM SHANGHAI,Cargo ship (HAZ-A),440220021
/vessels/details/440217610,KEUM YOUNG 2001,Cargo ship,440217610
/vessels/details/8510477,DAE YANG NO. 2,General Cargo Ship,8510477
/vessels/details/8031732,MYUNG JIN,General Cargo Ship,8031732
/vessels/details/9105360,MV.KATAH,Refrigerated Cargo Ship,9105360
/vessels/details/440567029,SUNNY OAK,Cargo ship,440567029
/vessels/details/440162021,PORT KLANG VOYAGER,Cargo ship,440162021
/vessels/details/9466166,SNK LADY,General Cargo Ship,9466166
/vessels/details/440171493,SUSEONG7,Cargo ship,440171493
/vessels/details/9577549,WESTERN MARINE,Bulk Carrier,9577549
/vessels/details/440010184,HEASUNG-BEN,Cargo ship,440010184
/vessels/details/440314180,NEW ILCHULBONG,Cargo ship,440314180
/vessels/details/441421045,KMTC SEOUL,Cargo ship (HAZ-A),441421045
/vessels/details/440320997,SAWASDEE PACIFIC,Cargo ship,440320997
/vessels/details/9020780,LAKE WIN,Refrigerated Cargo Ship,9020780
/vessels/details/7829558,YURIWANG NO. 5,General Cargo Ship,7829558
/vessels/details/440834997,HAEJIN,Cargo ship,440834997
/vessels/details/7648461,SHINTO MARU,Aggregates Carrier,7648461
/vessels/details/9803338,ZENITH SILVER,General Cargo Ship,9803338
/vessels/details/9108726,SUSEONG NO.1,Cement Carrier,9108726
/vessels/details/440307650,SIN SE GYE 1 HO,Cargo ship,440307650
/vessels/details/8840066,HAE YANG 2,General Cargo Ship,8840066
/vessels/details/441246005,PANSTAR GENIE NO.2,Cargo ship,441246005
/vessels/details/9259575,SHINJUNG501,Bulk Carrier,9259575
/vessels/details/440310501,KWANGYANG LEADER,Cargo ship,440310501
/vessels/details/440701430,CHEONJIHO,Cargo ship (HAZ-C),440701430
/vessels/details/440312330,YEONG WON 1HO,Cargo ship,440312330
/vessels/details/8510661,TONG UN NO. 307,General Cargo Ship,8510661
/vessels/details/440313270,SEUNG YEON,Cargo ship,440313270
/vessels/details/8680375,VICTORY 1002,General Cargo Ship,8680375
/vessels/details/440018190,SOO-YEON 5HO,Cargo ship,440018190
/vessels/details/440124360,2 CHEUNG MU,Cargo ship,440124360
/vessels/details/9889174,JAEWON NIKE,General Cargo Ship,9889174
/vessels/details/8325054,SUNG WOON NO. 22,Aggregates Carrier,8325054
/vessels/details/9354155,SS JIN,General Cargo Ship,9354155
/vessels/details/440000132,CHO SEUK 2,Cargo ship,440000132
/vessels/details/8031718,HAN UN NO. 502,General Cargo Ship,8031718
/vessels/details/9402500,HONGKONG VOYAGER,Container Ship,9402500
/vessels/details/9129031,PRETTY PROSPERITY,Bulk Carrier,9129031
/vessels/details/440185690,JINSEON51HO,Cargo ship,440185690
/vessels/details/440277000,HAN GANG15,Cargo ship,440277000
/vessels/details/9003794,KEUM HO NO. 3,Aggregates Carrier,9003794
/vessels/details/440077510,HAE SHIN 101,Cargo ship,440077510
/vessels/details/440099860,HEUNGSEONHO,Cargo ship,440099860
/vessels/details/441432037,STAR EXPRESS,Cargo ship,441432037
/vessels/details/440316110,BOOIL,Cargo ship,440316110
/vessels/details/440179340,SUN WOO 101 HO,Cargo ship,440179340
/vessels/details/7930618,TONG UN NO. 302,General Cargo Ship,7930618
/vessels/details/440312650,DAEJIN7HO,Cargo ship,440312650
/vessels/details/440133692,MYUNGJIN20001HO,Cargo ship,440133692
/vessels/details/440221240,SIN,Cargo ship,440221240
/vessels/details/440074997,SAWASDEE THAILAND,Cargo ship (HAZ-C),440074997
/vessels/details/7831252,KEON A NO. 7,Aggregates Carrier,7831252
/vessels/details/440507870,NURI,Cargo ship,440507870
/vessels/details/6610728,BUSEONG,General Cargo Ship,6610728
/vessels/details/9236121,K PINE,Deck Cargo Ship,9236121
/vessels/details/7418127,DONG HUN NO. 101,General Cargo Ship,7418127
/vessels/details/440333980,TAE YANG 6001,Cargo ship,440333980
/vessels/details/440046150,HAE SEONG 9 HO,Cargo ship,440046150
/vessels/details/440128740,HAE NAM,Cargo ship,440128740
/vessels/details/9317236,YU JIN,Cement Carrier,9317236
/vessels/details/440033820,PS TRUST,Cargo ship,440033820
/vessels/details/440011240,MI RAE NO.9,Cargo ship,440011240
/vessels/details/7829522,CLOVER,General Cargo Ship,7829522
/vessels/details/9921685,KWANGYANG PRIME,General Cargo Ship,9921685
/vessels/details/9884916,ZENITH WIN,General Cargo Ship,9884916
/vessels/details/9623362,FAITH,General Cargo Ship,9623362
/vessels/details/9511739,PHOS,General Cargo Ship,9511739
/vessels/details/440308560,ANIN3HO,Cargo ship,440308560
/vessels/details/8915938,SUMIYOSHI MARU NO. 12,Aggregates Carrier,8915938
/vessels/details/7916296,YOUNGDUCK NO. 3,Refrigerated Cargo Ship,7916296
/vessels/details/9415985,POS SHANGHAI,Container Ship,9415985
/vessels/details/9488449,HJ CHEONGJEONGNURI,Nuclear Fuel Carrier,9488449
/vessels/details/9394454,ILSHIN PRINCESS,Ro-Ro Cargo Ship,9394454
/vessels/details/9599339,DAEHO SEJONG,General Cargo Ship,9599339
/vessels/details/8875243,KEUM HO 9 HO,Aggregates Carrier,8875243
/vessels/details/440108453,KWANGYANG12,Cargo ship,440108453
/vessels/details/8031598,SAM SHIN NO. 1,General Cargo Ship,8031598
/vessels/details/440042980,DY9000,Cargo ship,440042980
/vessels/details/9031026,TONG UN NO. 501,General Cargo Ship,9031026
/vessels/details/9846457,PLUTO,General Cargo Ship,9846457
/vessels/details/440144050,HAEYANGHO,Cargo ship,440144050
/vessels/details/9595620,C. CHALLENGER,Crude Oil Tanker,9595620
/vessels/details/9595618,C. INNOVATOR,Crude Oil Tanker,9595618
/vessels/details/9837597,UNIVERSAL LEADER,Crude Oil Tanker,9837597
/vessels/details/9837614,UNIVERSAL PARTNER,Crude Oil Tanker,9837614
/vessels/details/9837602,UNIVERSAL WINNER,Crude Oil Tanker,9837602
/vessels/details/9837626,UNIVERSAL CREATOR,Crude Oil Tanker,9837626
/vessels/details/9837638,UNIVERSAL VICTOR,Crude Oil Tanker,9837638
/vessels/details/9845154,V. PROGRESS,Crude Oil Tanker,9845154
/vessels/details/9018555,HYUNDAI UTOPIA,LNG Tanker,9018555
/vessels/details/9409302,G.FOREVER,LPG Tanker,9409302
/vessels/details/9443865,GRAND ACE9,Chemical/Oil Products Tanker,9443865
/vessels/details/9443853,GRAND ACE11,Chemical/Oil Products Tanker,9443853
/vessels/details/9336660,GREEN ONE,LPG Tanker,9336660
/vessels/details/9244984,RAON TERESA,Chemical/Oil Products Tanker,9244984
/vessels/details/9272682,YC AZALEA,Chemical/Oil Products Tanker,9272682
/vessels/details/9303651,MS FREESIA,Chemical/Oil Products Tanker,9303651
/vessels/details/9505986,SH FREESIA,Chemical/Oil Products Tanker,9505986
/vessels/details/9416111,SAEHAN JASPER,Chemical/Oil Products Tanker,9416111
/vessels/details/9311256,YC PANSY,Chemical/Oil Products Tanker,9311256
/vessels/details/9304344,YC DAISY,Chemical/Oil Products Tanker,9304344
/vessels/details/9324215,G SILVER,Chemical/Oil Products Tanker,9324215
/vessels/details/9296884,DS ROSA,Chemical/Oil Products Tanker,9296884
/vessels/details/9305544,CNC DREAM,Chemical/Oil Products Tanker,9305544
/vessels/details/9340453,OCEAN HOPE,Chemical/Oil Products Tanker,9340453
/vessels/details/9392999,JBU ONYX,Chemical/Oil Products Tanker,9392999
/vessels/details/9400409,JBU OPAL,Chemical/Oil Products Tanker,9400409
/vessels/details/9412725,JBU SAPPHIRE,Chemical/Oil Products Tanker,9412725
/vessels/details/9330587,DS OCEAN,Chemical/Oil Products Tanker,9330587
/vessels/details/9512135,SEA CRYSTAL,Chemical/Oil Products Tanker,9512135
/vessels/details/9498121,POLARIS,Chemical/Oil Products Tanker,9498121
/vessels/details/9460540,GRACE,Chemical/Oil Products Tanker,9460540
/vessels/details/9240134,INWANG,LPG Tanker,9240134
/vessels/details/9361483,WOODONG,Chemical/Oil Products Tanker,9361483
/vessels/details/9361471,DS PANTHER,Chemical/Oil Products Tanker,9361471
/vessels/details/9458315,SEONGHO ACE,Chemical/Oil Products Tanker,9458315
/vessels/details/9381330,ROYAL CRYSTAL 7,Chemical/Oil Products Tanker,9381330
/vessels/details/9381366,KTS BROWN,Chemical/Oil Products Tanker,9381366
/vessels/details/9381354,SKY RUNNER,Chemical/Oil Products Tanker,9381354
/vessels/details/9439319,WOO CHAN,Chemical/Oil Products Tanker,9439319
/vessels/details/9346043,NEW SILVER,Chemical/Oil Products Tanker,9346043
/vessels/details/9438925,ONSAN CHEMI,Chemical/Oil Products Tanker,9438925
/vessels/details/9378785,CNC BULL,Chemical/Oil Products Tanker,9378785
/vessels/details/9730971,ASIAN PIONEER,Chemical/Oil Products Tanker,9730971
/vessels/details/9730983,NO.2 ASIAN PIONEER,Chemical/Oil Products Tanker,9730983
/vessels/details/9457830,JN CAMELLIA,Chemical/Oil Products Tanker,9457830
/vessels/details/9274276,KOREA CHEMI,Chemical/Oil Products Tanker,9274276
/vessels/details/9304291,CHEMICAL MARKETER,Chemical/Oil Products Tanker,9304291
/vessels/details/9330381,BEGONIA,Chemical/Oil Products Tanker,9330381
/vessels/details/9330408,WOOJIN KELLY,Chemical/Oil Products Tanker,9330408
/vessels/details/9451393,JN IRIS,Chemical/Oil Products Tanker,9451393
/vessels/details/9452830,SUPER FORTE,Chemical/Oil Products Tanker,9452830
/vessels/details/9452828,SUPER EASTERN,Chemical/Oil Products Tanker,9452828
/vessels/details/9829552,WOOLIM 5,Chemical/Oil Products Tanker,9829552
/vessels/details/9337298,FORTUNE JIWON,Chemical/Oil Products Tanker,9337298
/vessels/details/9322994,INTRANS EDY,Chemical/Oil Products Tanker,9322994
/vessels/details/9323003,FORTUNE KAREN,Chemical/Oil Products Tanker,9323003
/vessels/details/9322970,FORTUNE YOUNGIN,Chemical/Oil Products Tanker,9322970
/vessels/details/9366938,SKY JOY,Chemical/Oil Products Tanker,9366938
/vessels/details/9366926,SKY WINNER,Chemical/Oil Products Tanker,9366926
/vessels/details/9499943,ASIAN LILAC,Chemical/Oil Products Tanker,9499943
/vessels/details/9515292,DS COUGAR,Chemical/Oil Products Tanker,9515292
/vessels/details/9415002,DM DRAGON,Chemical/Oil Products Tanker,9415002
/vessels/details/9415014,TONG YOUNG,Chemical/Oil Products Tanker,9415014
/vessels/details/9221669,MT MARIGOLD,Chemical/Oil Products Tanker,9221669
/vessels/details/9303273,DAESAN CHEMI,Chemical/Oil Products Tanker,9303273
/vessels/details/9442665,WOOJIN ELVIS,Chemical/Oil Products Tanker,9442665
/vessels/details/9409508,SALVIA,Chemical/Oil Products Tanker,9409508
/vessels/details/9363807,JN NEPTUNE,Chemical/Oil Products Tanker,9363807
/vessels/details/9317262,WOOJIN FRANK,Chemical/Oil Products Tanker,9317262
/vessels/details/9383144,KS HONOR,Oil Products Tanker,9383144
/vessels/details/9264879,QUARTERBACK J,Chemical/Oil Products Tanker,9264879
/vessels/details/9279939,CNC RICH,Chemical/Oil Products Tanker,9279939
/vessels/details/9490076,DOO LA NO.7,Chemical/Oil Products Tanker,9490076
/vessels/details/9435870,WOOLIM DRAGON 7,Chemical/Oil Products Tanker,9435870
/vessels/details/9193587,JEIL CRYSTAL,Chemical/Oil Products Tanker,9193587
/vessels/details/9200598,MANDALA,Chemical/Oil Products Tanker,9200598
/vessels/details/9200603,GEUM GANG,Chemical/Oil Products Tanker,9200603
/vessels/details/9162112,PARAMITA,Chemical/Oil Products Tanker,9162112
/vessels/details/9317030,ASIAN GRACE,Chemical/Oil Products Tanker,9317030
/vessels/details/9272723,ES LILY,Chemical/Oil Products Tanker,9272723
/vessels/details/9321809,DOOLA STAR,Chemical/Oil Products Tanker,9321809
/vessels/details/9279927,STO LOBELIA,Chemical/Oil Products Tanker,9279927
/vessels/details/9829502,KOREA VICTORY,Chemical/Oil Products Tanker,9829502
/vessels/details/9390707,GIANT SAMBU,Chemical/Oil Products Tanker,9390707
/vessels/details/9431745,LOTUS SAMBU,Chemical/Oil Products Tanker,9431745
/vessels/details/9390719,DL DIAMOND,Chemical/Oil Products Tanker,9390719
/vessels/details/9412426,ES ROSE,Chemical/Oil Products Tanker,9412426
/vessels/details/9284714,STO AZALEA,Chemical/Oil Products Tanker,9284714
/vessels/details/9297711,INCHEON CHEMI,Chemical/Oil Products Tanker,9297711
/vessels/details/9523249,OCEAN JUPITER,Chemical/Oil Products Tanker,9523249
/vessels/details/9511105,DAEHO SUNNY,Chemical/Oil Products Tanker,9511105
/vessels/details/9279707,GOLDSTAR SHINE,Chemical/Oil Products Tanker,9279707
/vessels/details/9246932,MISIKAN,Oil Products Tanker,9246932
/vessels/details/9272814,WOOJIN CHEMI,Chemical/Oil Products Tanker,9272814
/vessels/details/9922665,WOOLIM DRAGON,Chemical/Oil Products Tanker,9922665
/vessels/details/9922653,WOO JIN,Chemical/Oil Products Tanker,9922653
/vessels/details/9947861,WOO HWANG,Chemical/Oil Products Tanker,9947861
/vessels/details/9317212,HANYU VICTORIA,Bitumen Tanker,9317212
/vessels/details/9814064,WOO HYUK,Chemical/Oil Products Tanker,9814064
/vessels/details/9841093,YN GWANGYANG,Chemical/Oil Products Tanker,9841093
/vessels/details/9372341,YN OCEAN,Chemical/Oil Products Tanker,9372341
/vessels/details/9544023,FC DELLA,Chemical/Oil Products Tanker,9544023
/vessels/details/9372377,FC GRACE,Chemical/Oil Products Tanker,9372377
/vessels/details/9284829,PRINCESS CRYSTAL,Chemical/Oil Products Tanker,9284829
/vessels/details/9440239,ARO LAKE,Chemical/Oil Products Tanker,9440239
/vessels/details/9368936,MS ZINNIA,LPG Tanker,9368936
/vessels/details/9368924,MS SALVIA,LPG Tanker,9368924
/vessels/details/9448865,MS BLESS,LPG Tanker,9448865
/vessels/details/9519688,DL LILY,LPG Tanker,9519688
/vessels/details/9687631,HANYU IMPERIAL,Bitumen Tanker,9687631
/vessels/details/9926582,GAS FREEWAY,LPG Tanker,9926582
/vessels/details/9355123,CHAMPION ROAD,LPG Tanker,9355123
/vessels/details/9725809,SUNNY QUEEN,Chemical/Oil Products Tanker,9725809
/vessels/details/9611773,JN RUBY,Chemical/Oil Products Tanker,9611773
/vessels/details/9405643,JN EMERALD,Chemical/Oil Products Tanker,9405643
/vessels/details/9425617,NEW GLOBAL,Chemical/Oil Products Tanker,9425617
/vessels/details/9425605,303 HYODONG CHEMI,Chemical/Oil Products Tanker,9425605
/vessels/details/9425629,NEW HARMONY,Chemical/Oil Products Tanker,9425629
/vessels/details/9409364,YC COSMOS,Chemical/Oil Products Tanker,9409364
/vessels/details/9377432,MEDIA,Chemical/Oil Products Tanker,9377432
/vessels/details/9377822,WOO CHOON,Chemical/Oil Products Tanker,9377822
/vessels/details/9310226,GOLDEN SKY HANA,Chemical/Oil Products Tanker,9310226
/vessels/details/9496094,SEONGHO PIOCE,Chemical/Oil Products Tanker,9496094
/vessels/details/9427251,SEONGHO GALAXY,Chemical/Oil Products Tanker,9427251
/vessels/details/9113941,ASIA GAS,LPG Tanker,9113941
/vessels/details/9514298,SHINING ROAD,LPG Tanker,9514298
/vessels/details/9434541,MS SHARON,LPG Tanker,9434541
/vessels/details/9253416,HALAK,Chemical/Oil Products Tanker,9253416
/vessels/details/9256729,MARINE GAS,LPG Tanker,9256729
/vessels/details/9235270,LADY GAS,LPG Tanker,9235270
/vessels/details/9448853,MS FAVOR,LPG Tanker,9448853
/vessels/details/9766619,BELIEF GAS,LPG Tanker,9766619
/vessels/details/9402988,HAPPY GAS,LPG Tanker,9402988
/vessels/details/9550618,TAI HAI 5,Chemical Tanker,9550618
/vessels/details/9726827,SAEHAN MIRINAE,LPG Tanker,9726827
/vessels/details/9715921,GAS OCEANROAD,LPG Tanker,9715921
/vessels/details/9496197,GREEN GAS,LPG Tanker,9496197
/vessels/details/9578878,NO 7 SJ GAS,LPG Tanker,9578878
/vessels/details/9819442,RISING SAMBU,Chemical/Oil Products Tanker,9819442
/vessels/details/9816244,GOLDEN BRIDGE HANA,Chemical/Oil Products Tanker,9816244
/vessels/details/9808857,GOLDEN SUNNY HANA,Chemical/Oil Products Tanker,9808857
/vessels/details/9627942,NO 8 SJGAS,LPG Tanker,9627942
/vessels/details/9473664,GOLDEN HANA,Chemical/Oil Products Tanker,9473664
/vessels/details/9502520,KEOYOUNG MASTER,Chemical/Oil Products Tanker,9502520
/vessels/details/9468499,GOLDEN JOY HANA,Chemical/Oil Products Tanker,9468499
/vessels/details/9540170,GOLDEN KEY HANA,Chemical/Oil Products Tanker,9540170
/vessels/details/9747273,YOKOHAMA PIONEER,Chemical/Oil Products Tanker,9747273
/vessels/details/9714537,ROYAL SAMBU,Chemical/Oil Products Tanker,9714537
/vessels/details/9288007,SUNRISE SAMBU,Chemical/Oil Products Tanker,9288007
/vessels/details/9268306,PACIFIC SAMBU,Chemical/Oil Products Tanker,9268306
/vessels/details/9272759,GOLDEN AI HANA,Chemical/Oil Products Tanker,9272759
/vessels/details/9287027,WOOJIN PIONEER,Chemical/Oil Products Tanker,9287027
/vessels/details/9279575,NO.3 GREEN PIONEER,Chemical/Oil Products Tanker,9279575
/vessels/details/9747261,KOBE PIONEER,Chemical/Oil Products Tanker,9747261
/vessels/details/9730957,BUSAN PIONEER,Chemical/Oil Products Tanker,9730957
/vessels/details/9730969,ULSAN PIONEER,Chemical/Oil Products Tanker,9730969
/vessels/details/9301691,MALY,Chemical/Oil Products Tanker,9301691
/vessels/details/9267986,103 HYODONG CHEMI,Chemical/Oil Products Tanker,9267986
/vessels/details/9363170,KTS GREEN,Chemical/Oil Products Tanker,9363170
/vessels/details/9275842,TN LUNA,Chemical/Oil Products Tanker,9275842
/vessels/details/9324590,SPRING ALPHA,Chemical/Oil Products Tanker,9324590
/vessels/details/9355018,MIRACLE ALPHA,Chemical/Oil Products Tanker,9355018
/vessels/details/9186467,101HYODONG CHEMI,Chemical/Oil Products Tanker,9186467
/vessels/details/9276781,KTS SILVER,Chemical/Oil Products Tanker,9276781
/vessels/details/9297307,111 HYODONG CHEMI,Chemical/Oil Products Tanker,9297307
/vessels/details/9337860,GALAXY SAMBU,Chemical/Oil Products Tanker,9337860
/vessels/details/9167394,NO.3 SJ GAS,LPG Tanker,9167394
/vessels/details/9262285,107 HYODONG CHEMI,Chemical/Oil Products Tanker,9262285
/vessels/details/9253997,109 HYODONGCHEMI,Chemical/Oil Products Tanker,9253997
/vessels/details/9333113,SUN PRINCESS,Chemical/Oil Products Tanker,9333113
/vessels/details/9284415,WOO SEOK,Chemical/Oil Products Tanker,9284415
/vessels/details/9268667,WOO HYEON,Chemical/Oil Products Tanker,9268667
/vessels/details/9297280,WOO JONG,Chemical/Oil Products Tanker,9297280
/vessels/details/9284427,SEYANG PRIME,Chemical/Oil Products Tanker,9284427
/vessels/details/9299226,WOOGUM,Chemical/Oil Products Tanker,9299226
/vessels/details/9240213,KEOJE ESION,Chemical/Oil Products Tanker,9240213
/vessels/details/9798090,KEOYOUNGSTAR3,Chemical/Oil Products Tanker,9798090
/vessels/details/9214197,FC VICTORY,Chemical/Oil Products Tanker,9214197
/vessels/details/9166338,GRACE SAMBU,Chemical/Oil Products Tanker,9166338
/vessels/details/9265770,TAECHANG GOLD,Oil Products Tanker,9265770
/vessels/details/9836610,DOOLA SKY,Chemical/Oil Products Tanker,9836610
/vessels/details/9830264,7DAEBOK,Oil Products Tanker,9830264
/vessels/details/9952000,NO.7 HANA,Chemical/Oil Products Tanker,9952000
/vessels/details/9435301,KEOYOUNG STAR,Chemical/Oil Products Tanker,9435301
/vessels/details/9362798,KEOYOUNG STAR 5,Chemical/Oil Products Tanker,9362798
/vessels/details/9370575,GLORY HANA,Chemical/Oil Products Tanker,9370575
/vessels/details/9397169,NURI HANA,Chemical/Oil Products Tanker,9397169
/vessels/details/9136515,SKY MIR,Chemical/Oil Products Tanker,9136515
/vessels/details/9890707,WOORI HANA,Chemical/Oil Products Tanker,9890707
/vessels/details/9765988,KEOYOUNG BLUE 1,Chemical/Oil Products Tanker,9765988
/vessels/details/9317286,GAS BROADWAY,LPG Tanker,9317286
/vessels/details/9398577,KEOYOUNG SEVEN,Chemical/Oil Products Tanker,9398577
/vessels/details/9368089,ECO GAS,LPG Tanker,9368089
/vessels/details/9321794,KEOYOUNG SUN5,Chemical/Oil Products Tanker,9321794
/vessels/details/8974908,DEOKSUNG 2 HO,Oil Products Tanker,8974908
/vessels/details/9323601,SONGRIM HO,Chemical/Oil Products Tanker,9323601
/vessels/details/9264477,7 SUN YEONG,Oil Products Tanker,9264477
/vessels/details/8952493,BO KWANG TIARA,Chemical Tanker,8952493
/vessels/details/9200639,DONGHAE SEASTAR,Oil Products Tanker,9200639
/vessels/details/9745627,ZIRCON,Oil Products Tanker,9745627
/vessels/details/440413160,BIRYONGHO,Tanker,440413160
/vessels/details/440113550,WOO SUNG HO,Tanker,440113550
/vessels/details/440021230,GWANG SEONG,Tanker,440021230
/vessels/details/440074350,GA YEON HO,Tanker,440074350
/vessels/details/440208060,CHEONGHAE NO1,Tanker,440208060
/vessels/details/440322190,JANG BO HO,Tanker,440322190
/vessels/details/8952455,DEUKJIN,Chemical Tanker,8952455
/vessels/details/8528060,DAEMIN,Oil Products Tanker,8528060
/vessels/details/440403125,BOKWANG VENUS,Tanker,440403125
/vessels/details/440042149,WOO SUNG HO,Tanker,440042149
/vessels/details/440053941,WOO HYEON,Tanker (HAZ-B),440053941
/vessels/details/9230335,WOO SUN,Chemical/Oil Products Tanker,9230335
/vessels/details/9278703,BUM YOUNG,Chemical/Oil Products Tanker,9278703
/vessels/details/7904035,GOLDEN EIGHT,Oil Products Tanker,7904035
/vessels/details/440323381,BO KWANG TIARA,Tanker,440323381
/vessels/details/440048229,GREEN HO,Tanker,440048229
/vessels/details/9181352,BU KWANG HO,Chemical/Oil Products Tanker,9181352
/vessels/details/440300970,96 SHIN HYUN,Tanker,440300970
/vessels/details/8712714,SAIRYO MARU,Oil Products Tanker,8712714
/vessels/details/441843812,GRAND ACE1,Tanker,441843812
/vessels/details/440232053,DOOLA STAR,Tanker (HAZ-A),440232053
/vessels/details/8599461,GA YEON,Bunkering Tanker,8599461
/vessels/details/440172660,11CHUNG KYUNG,Tanker,440172660
/vessels/details/8627323,TENSHO MARU,Oil Products Tanker,8627323
/vessels/details/440035420,DAE IL,Tanker,440035420
/vessels/details/440151029,NEW DONGSIN,Tanker,440151029
/vessels/details/440409260,ASUNG,Tanker,440409260
/vessels/details/9281176,WOOWONHO,Oil Products Tanker,9281176
/vessels/details/9248215,ARAM,Chemical Tanker,9248215
/vessels/details/440105701,DAE JEONG,Tanker,440105701
/vessels/details/440192565,JINSUNGHO,Tanker,440192565
/vessels/details/8963430,WAKAMIZU,Water Tanker,8963430
/vessels/details/440208580,BOMUN,Tanker,440208580
/vessels/details/440186510,301OSEONG,Tanker,440186510
/vessels/details/440014880,TAE HWA GOLD HO,Tanker,440014880
/vessels/details/440134645,HYUNJUNG,Tanker,440134645
/vessels/details/8226155,EIFUKU MARU NO. 2,Oil Products Tanker,8226155
/vessels/details/440303525,CHEONGDAM,Tanker,440303525
/vessels/details/440142810,JO SEONG,Tanker,440142810
/vessels/details/9805300,YN BUSAN,Chemical/Oil Products Tanker,9805300
/vessels/details/9914319,NO. 36 HAN JIN,Oil Products Tanker,9914319
/vessels/details/440058101,KEOJE YUBIA,Tanker (HAZ-A),440058101
/vessels/details/440130805,MANBOK HCN,Tanker,440130805
/vessels/details/8325949,WOO JUNG NO. 7,Oil Products Tanker,8325949
/vessels/details/440714100,DEOKSUNG 2 HO,Tanker,440714100
/vessels/details/440409957,BS RUBY,Tanker,440409957
/vessels/details/440182150,HY GWANGYANG,Tanker,440182150
/vessels/details/440173045,WOODONG BB,Tanker (HAZ-B),440173045
/vessels/details/7220594,SAM EUN,Bunkering Tanker,7220594
/vessels/details/8909977,FINE CHEMI,Chemical Tanker,8909977
/vessels/details/8132249,MAN SOO HO,LPG Tanker,8132249
/vessels/details/440116210,TAE KYONG,Tanker,440116210
/vessels/details/440133190,JU WON5HO,Tanker,440133190
/vessels/details/440500330,SONGRIM HO,Tanker,440500330
/vessels/details/440215220,GLOBAL1HO,Tanker,440215220
/vessels/details/440138820,JINSUNG,Tanker,440138820
/vessels/details/440192810,SAM WOO 1HO,Tanker,440192810
/vessels/details/6725559,HUNG KUK NO. 1,Oil Products Tanker,6725559
/vessels/details/9236901,OCEAN GAS,LPG Tanker,9236901
/vessels/details/8414453,YUJIN NO. 1,Oil Products Tanker,8414453
/vessels/details/440107070,AYOUNG,Tanker,440107070
/vessels/details/440155877,36 HANJIN,Tanker,440155877
/vessels/details/8032700,KOEI MARU NO. 5,Oil Products Tanker,8032700
/vessels/details/440038757,NO8WOOJINHO,Tanker (HAZ-A),440038757
/vessels/details/440114010,DONG YOUNG,Tanker,440114010
/vessels/details/8510178,SHINKO MARU NO. 18,Oil Products Tanker,8510178
/vessels/details/440030990,NO2 SANGHOON,Tanker,440030990
/vessels/details/440155010,YU SUNG HO,Tanker (HAZ-A),440155010
/vessels/details/8604931,EIHO MARU NO. 3,Chemical Tanker,8604931
/vessels/details/440505653,KYUNGSUNGHO,Tanker,440505653
/vessels/details/7639458,NATION,Oil Products Tanker,7639458
/vessels/details/440414901,NO1 GEO SUNG,Tanker,440414901
/vessels/details/440001860,DONGIL HO,Tanker,440001860
/vessels/details/9683283,GEOYOUNGHO NO. 13,Oil Products Tanker,9683283
/vessels/details/9959905,PRETTY HANA,Chemical/Oil Products Tanker,9959905
/vessels/details/440048620,HAESUNG,Tanker,440048620
/vessels/details/440129160,HYEON.SUNG,Tanker,440129160
/vessels/details/440066170,HAEDEOGHO,Tanker,440066170
/vessels/details/9409376,NEW CHALLENGE,Chemical/Oil Products Tanker,9409376
/vessels/details/7221213,YUMO NO. 5,Oil Products Tanker,7221213
/vessels/details/8951748,SEIYU MARU NO. 21,Oil Products Tanker,8951748
/vessels/details/7933074,SANKO MARU NO. 5,Oil Products Tanker,7933074
/vessels/details/440407080,HYUN JIN HO,Tanker (HAZ-B),440407080
/vessels/details/440155370,3HAEKWANG,Tanker,440155370
/vessels/details/9411587,KEOJE CORDELIA,Chemical/Oil Products Tanker,9411587
/vessels/details/440400549,DONGHAE GLORY,Tanker,440400549
/vessels/details/440155893,36 HANJIN,Tanker,440155893
/vessels/details/440138700,SKY STAR,Tanker,440138700
/vessels/details/440103150,WOO JIN,Tanker,440103150
/vessels/details/8864127,DUAM 1,Oil Products Tanker,8864127
/vessels/details/440320460,WOO SEUNG,Tanker,440320460
/vessels/details/8626068,EIKO MARU NO. 8,Oil Products Tanker,8626068
/vessels/details/440504053,DONGHAE SEASTAR,Tanker,440504053
/vessels/details/440146021,CHAMPION ROAD,Tanker,440146021
/vessels/details/440139560,CHANYEONG,Tanker,440139560
/vessels/details/440201445,BLUE OCEAN HO,Tanker,440201445
/vessels/details/9932622,HANYU ULSAN,Oil Products Tanker,9932622
/vessels/details/9301665,GREEN OCEAN,Chemical/Oil Products Tanker,9301665
/vessels/details/440308580,GAJINHO,Tanker,440308580
/vessels/details/440060180,SOS NO.1,Tanker,440060180
/vessels/details/9244879,TN IDUN,Chemical/Oil Products Tanker,9244879
/vessels/details/440143589,KTS GOLD,Tanker (HAZ-A),440143589
/vessels/details/440402020,DONGSUNG 9HO,Tanker,440402020
/vessels/details/440220213,CHEON WANG HO,Tanker,440220213
/vessels/details/440044270,3 HYEON JIN HO,Tanker,440044270
/vessels/details/1058547,HY GWANGYANG,Oil Products Tanker,1058547
/vessels/details/8031847,HAN IL NO. 77,Oil Products Tanker,8031847
/vessels/details/440128870,3YOUNG,Tanker,440128870
/vessels/details/440331749,BO WON HO,Tanker,440331749
/vessels/details/8509909,JEIL NO. 5,Chemical Tanker,8509909
/vessels/details/440132720,NO 7 YOOK IL,Tanker,440132720
/vessels/details/5190848,MIN WOO NO. 3,Oil Products Tanker,5190848
/vessels/details/440105890,7BOKWANG,Tanker,440105890
/vessels/details/9923607,GYEONG SEONG HO,Oil Products Tanker,9923607
/vessels/details/9935131,21 DONGBANG,Oil Products Tanker,9935131
/vessels/details/440102770,RIU NO3,Tanker,440102770
/vessels/details/440129950,JOONG WON HO,Tanker,440129950
/vessels/details/7204904,YU HWA,LPG Tanker,7204904
/vessels/details/9136632,PILLOS 1,Chemical Tanker,9136632
/vessels/details/6723197,WOOJUNG NO. 1,Oil Products Tanker,6723197
/vessels/details/440184053,FORTUNE KAREN,Tanker,440184053
/vessels/details/9384643,DONGSOO1,Chemical/Oil Products Tanker,9384643
/vessels/details/9877195,308 HYODONG CHEMI,Chemical/Oil Products Tanker,9877195
/vessels/details/9532434,KTS BLUE,Chemical/Oil Products Tanker,9532434
/vessels/details/9396438,NO.1EUNHEE,Oil Products Tanker,9396438
/vessels/details/1044405,PHA RUNG YN-04,Chemical/Oil Products Tanker,1044405
/vessels/details/440001909,DONGIL HO,Tanker,440001909
/vessels/details/7934949,EISHO MARU NO. 30,Oil Products Tanker,7934949
/vessels/details/440139890,SIN IL 1 HO,Tanker,440139890
/vessels/details/440400933,WOOWONHO,Tanker,440400933
/vessels/details/8520604,TOKO MARU,Chemical Tanker,8520604
/vessels/details/440327580,5 HA NA,Tanker,440327580
/vessels/details/440197045,RUBY OCEAN HO,Tanker,440197045
/vessels/details/440153850,12CHUNGKYUNG,Tanker,440153850
/vessels/details/8911633,HOEI MARU NO. 18,Oil Products Tanker,8911633
/vessels/details/440185570,SOO KYEONG,Tanker,440185570
/vessels/details/440148069,GANG JEON HO,Tanker,440148069
/vessels/details/440020220,68 SE HAN,Tanker,440020220
/vessels/details/9276913,SEYANG GLORY,Chemical/Oil Products Tanker,9276913
/vessels/details/9078505,NC HAE YANG AIVDM,Oil Products Tanker,9078505
/vessels/details/9922811,K LNG DREAM,Bunkering Tanker,9922811
/vessels/details/440203830,SKY MARS,Tanker,440203830
/vessels/details/440300680,HAEWON 3HO,Tanker,440300680
/vessels/details/7221122,SUN MANG NO. 2,Oil Products Tanker,7221122
/vessels/details/440329490,1 SE JIN,Tanker,440329490
/vessels/details/440102069,DEUKJIN R,Tanker,440102069
/vessels/details/8553170,BONG EUN,Oil Products Tanker,8553170
/vessels/details/9760926,INFINITY SAMBU,Chemical/Oil Products Tanker,9760926
/vessels/details/440002070,SUN YEONG,Tanker (HAZ-A),440002070
/vessels/details/8032396,OJI MARU,Oil Products Tanker,8032396
/vessels/details/9561112,HANYU EMPIRE,Bitumen Tanker,9561112
/vessels/details/9650690,YU SUNG HO,Oil Products Tanker,9650690
/vessels/details/440198690,GLOBAL3HO,Tanker,440198690
/vessels/details/5253353,NISSEI MARU NO. 38,Oil Products Tanker,5253353
/vessels/details/440320380,KUM YANG,Tanker,440320380
/vessels/details/9203966,DB SUNNY,Chemical/Oil Products Tanker,9203966
/vessels/details/441269045,NO 1 HANMIREU,Tanker,441269045
/vessels/details/9284336,WOO YEONG NO. 5,Chemical Tanker,9284336
/vessels/details/440400037,PHOENIX,Tanker,440400037
/vessels/details/7616535,TAIKAN MARU,Oil Products Tanker,7616535
/vessels/details/440135730,BOMYOUNG,Tanker (HAZ-D),440135730
/vessels/details/440141630,77YOUNGDEOK,Tanker,440141630
/vessels/details/440044901,NO21BUYOCK,Tanker,440044901
/vessels/details/8713940,HAE YANG,Oil Products Tanker,8713940
/vessels/details/440149365,NO.11 SEYANG,Tanker,440149365
/vessels/details/440337250,3SAMHEUNG,Tanker,440337250
/vessels/details/440104470,101 YOUNG JIN,Tanker,440104470
/vessels/details/440204360,NO.7 MINSUNG,Tanker,440204360
/vessels/details/9288306,CHARIS,Caprolactam Tanker,9288306
/vessels/details/440232037,DOOLA STAR,Tanker (HAZ-A),440232037
/vessels/details/440113080,9SE YUN,Tanker,440113080
/vessels/details/7221110,SU HYUP NO. 1,Oil Products Tanker,7221110
/vessels/details/440044760,GEON RYONG,Tanker,440044760
/vessels/details/9231717,C.HORIZON,Oil Products Tanker,9231717
/vessels/details/440018090,DONGHWA5HO,Tanker,440018090
/vessels/details/440152720,SAM SUNG HO,Tanker,440152720
/vessels/details/440155850,36 HANJIN,Tanker,440155850
/vessels/details/440199541,SUNGSIMH,Tanker,440199541
/vessels/details/440151740,DONG BANG NO 3,Tanker,440151740
/vessels/details/440049637,SONG SOON HO,Tanker,440049637
/vessels/details/440300980,NO1DONGYANG,Tanker,440300980
/vessels/details/1046544,BOMUN,Oil Products Tanker,1046544
/vessels/details/440053733,17 YU SUNG,Tanker,440053733
/vessels/details/440301010,SUNWOO 1HO,Tanker,440301010
/vessels/details/440300690,2 KEUMJINHO,Tanker,440300690
/vessels/details/440048210,GREEN HO,Tanker,440048210
/vessels/details/9877987,WOO SUNG HO,Oil Products Tanker,9877987
/vessels/details/440103013,98CHEONGHAE,Tanker,440103013
/vessels/details/440114981,SKY ROYAL,Tanker,440114981
/vessels/details/440308661,197 CHANG WON,Tanker,440308661
/vessels/details/440103461,A-ONE,Tanker,440103461
/vessels/details/440321077,DONGSOO1,Tanker,440321077
/vessels/details/1014266,LUNA HANA,Chemical/Oil Products Tanker,1014266
/vessels/details/8532712,NO. 3 HYUNJIN,Oil Products Tanker,8532712
/vessels/details/440188060,MANSU HO,Tanker,440188060
/vessels/details/440113210,HANSUNG 8,Tanker,440113210
/vessels/details/440142821,JO SEONG,Tanker,440142821
/vessels/details/1047706,23 BU KWANG HO,Oil Products Tanker,1047706
/vessels/details/9263095,BUM SHIN,Chemical/Oil Products Tanker,9263095
/vessels/details/440103440,A-ONE,Tanker,440103440
/vessels/details/440154080,A SEONG,Tanker (HAZ-B),440154080
/vessels/details/440106981,GREEN OCEAN,Tanker,440106981
/vessels/details/440203813,SKY MARS,Tanker,440203813
/vessels/details/440319330,SEH HAE 1HO,Tanker,440319330
/vessels/details/9713258,NO.3 SUNG WON,Oil Products Tanker,9713258
/vessels/details/440326290,EUN SUNG 1HO,Tanker,440326290
/vessels/details/440191781,ARA1HO,Tanker,440191781
/vessels/details/9254367,DONGNAM ACE,Oil Products Tanker,9254367
/vessels/details/9920019,NO. 7 SE YUN,Oil Products Tanker,9920019
/vessels/details/440142850,SAMYANG,Tanker,440142850
/vessels/details/7830076,SAEYANG NO. 7,Chemical Tanker,7830076
/vessels/details/440505620,KYUNGSUNGHO,Tanker,440505620
/vessels/details/440028020,DA WON HO,Tanker,440028020
/vessels/details/8533948,OCEAN ACE NO. 2,Oil Products Tanker,8533948
/vessels/details/9939151,KEOYOUNG BLUE 7,Chemical/Oil Products Tanker,9939151
/vessels/details/440011120,MINSUNG11,Tanker,440011120
/vessels/details/9060065,HAN GIL,Oil Products Tanker,9060065
/vessels/details/440010440,NEW SUN HO,Tanker (HAZ-C),440010440
/vessels/details/440085030,GANGILHO,Tanker,440085030
/vessels/details/440707950,SANLOUIS,Tanker,440707950
/vessels/details/440303541,CHEONGDAM,Tanker,440303541
/vessels/details/8032231,EIHO MARU,Oil Products Tanker,8032231
/vessels/details/9866160,KEOYOUNG BLUE 5,Chemical/Oil Products Tanker,9866160
/vessels/details/440038773,NO8WOOJINHO,Tanker (HAZ-A),440038773
/vessels/details/8132328,KONPIRA MARU,Oil Products Tanker,8132328
/vessels/details/8707903,DUAM 9,Oil Products Tanker,8707903
/vessels/details/440410460,JUNYOUNG,Tanker,440410460
/vessels/details/440084290,YONG CHEON,Tanker,440084290
/vessels/details/440019380,DURUHO,Tanker,440019380
/vessels/details/7933153,TOKUYOSHI MARU NO. 5,Oil Products Tanker,7933153
/vessels/details/440138725,SKY STAR,Tanker,440138725
/vessels/details/440701240,1SE YUN,Tanker,440701240
/vessels/details/440149349,NO.11 SEYANG,Tanker,440149349
/vessels/details/9512862,GOLDEN WINGS,Chemical Tanker,9512862
/vessels/details/9622722,K GAS,LPG Tanker,9622722
/vessels/details/440300950,WOO KYUNG,Tanker,440300950
/vessels/details/6619437,JIN YANG,Oil Products Tanker,6619437
/vessels/details/9222663,SKY MARS,Oil Products Tanker,9222663
/vessels/details/440323365,BO KWANG TIARA,Tanker,440323365
/vessels/details/440130789,MANBOK HO,Tanker,440130789
/vessels/details/9680736,DONGJIN ACE,Oil Products Tanker,9680736
/vessels/details/1022691,12 CHUNGKYUNG,Oil Products Tanker,1022691
/vessels/details/6827096,YEONG JIN NO. 88,LPG Tanker,6827096
/vessels/details/440308690,CHEONGHAE3HO,Tanker,440308690
/vessels/details/8630162,SHINYO MARU,Oil Products Tanker,8630162
/vessels/details/1129061,NO. 1 SEYUN,Oil Products Tanker,1129061
/vessels/details/8865080,SP MARINE,Chemical Tanker,8865080
/vessels/details/440053925,WOO HYEON,Tanker (HAZ-B),440053925
/vessels/details/7044237,BOWOON NO. 23,LPG Tanker,7044237
/vessels/details/9046772,KIZAN MARU,Oil Products Tanker,9046772
/vessels/details/9159256,SONG SOON HO,Chemical Tanker,9159256
/vessels/details/9403267,DL RUBY,Chemical/Oil Products Tanker,9403267
/vessels/details/9678678,GWANGJIN 107,Chemical/Oil Products Tanker,9678678
/vessels/details/8103602,KANE MARU,Oil Products Tanker,8103602
/vessels/details/440135909,JUNG WOO 1,Tanker,440135909
/vessels/details/8841008,DONG IN 13,Oil Products Tanker,8841008
/vessels/details/440109720,BOYOUNGHO,Tanker,440109720
/vessels/details/9764207,KEOYOUNG DREAM 3,Chemical/Oil Products Tanker,9764207
/vessels/details/9321782,KEOYOUNG SUN3,Chemical/Oil Products Tanker,9321782
/vessels/details/440192560,JINSUNG,Tanker,440192560
/vessels/details/440312990,MOKRIMBUSAN DM,Tanker,440312990
/vessels/details/440111480,DAEYOU,Tanker,440111480
/vessels/details/9072941,EIWA MARU,Oil Products Tanker,9072941
/vessels/details/8875865,JUNGJIN 5,Bunkering Tanker,8875865
/vessels/details/440103477,A-ONE,Tanker,440103477
/vessels/details/9891854,KOREA VISION,LPG Tanker,9891854
/vessels/details/1016513,BS ULSAN,Chemical/Oil Products Tanker,1016513
/vessels/details/440400570,DONGHAE GLORY,Tanker,440400570
/vessels/details/7913713,KANOKAWA MARU,Oil Products Tanker,7913713
/vessels/details/440324850,NO3TAEYOUNG,Tanker,440324850
/vessels/details/440114300,BUWON7,Tanker,440114300
/vessels/details/8220888,SHINSEI MARU,Oil Products Tanker,8220888
/vessels/details/6710023,SUN YANG NO. 7,Chemical Tanker,6710023
/vessels/details/440403109,SH GRACE,Tanker,440403109
/vessels/details/9254795,GEUM CHANG,Bunkering Tanker,9254795
/vessels/details/7104075,SUZUKA MARU,Oil Products Tanker,7104075
/vessels/details/440027730,SOO HYUN,Tanker,440027730
/vessels/details/440305893,BOSUNG,Tanker,440305893
/vessels/details/440603200,MA RIN 301 HO,Tanker,440603200
/vessels/details/440027460,CHEONG YONG,Tanker,440027460
/vessels/details/440138741,SKY STAR,Tanker,440138741
/vessels/details/1027225,DAEJIN,Bunkering Tanker,1027225
/vessels/details/440401781,SONG DEOG,Tanker,440401781
/vessels/details/9102801,LOI DREAM,Oil Products Tanker,9102801
/vessels/details/440034310,LT SAM BO,Tanker,440034310
/vessels/details/440409765,ARAM,Tanker,440409765
/vessels/details/440324890,12SAMBOO,Tanker,440324890
/vessels/details/440047205,NO.1EUNH,Tanker,440047205
/vessels/details/440321540,PYEONG JIN 5,Tanker,440321540
/vessels/details/440328677,SAMWOOTUG,Tanker,440328677
/vessels/details/9848833,WOOLIM 7,Chemical/Oil Products Tanker,9848833
/vessels/details/440102620,3OCEAN,Tanker,440102620
/vessels/details/8626745,KYOKUJUN MARU,Oil Products Tanker,8626745
/vessels/details/440155380,KEUMHYANG,Tanker,440155380
/vessels/details/440102820,SUNG SIN HO,Tanker,440102820
/vessels/details/440010037,OSUNG,Tanker,440010037
/vessels/details/9063562,2 BO WON,Oil Products Tanker,9063562
/vessels/details/440002690,HY BUSAN,Tanker,440002690
/vessels/details/440000330,SIN GWANG HO,Tanker,440000330
/vessels/details/8998368,NO21BUYOUNG,Oil Products Tanker,8998368
/vessels/details/440145230,NO.1 BAE SANG,Tanker,440145230
/vessels/details/440134620,HYUNJUNG,Tanker,440134620
/vessels/details/8566892,SAMSUNG,Oil Products Tanker,8566892
/vessels/details/8731320,ANGEL NO. 1,Oil Products Tanker,8731320
/vessels/details/8617536,KYO MARU NO. 3,Oil Products Tanker,8617536
/vessels/details/440151013,NEW DONGSIN,Tanker,440151013
/vessels/details/441843787,GR,Tanker,441843787
/vessels/details/440111733,YU SUNG HO,Tanker,440111733
/vessels/details/440322380,MT YUJIN,Tanker,440322380
/vessels/details/440178690,DAIN3HO,Tanker,440178690
/vessels/details/440076890,YEONG ROO,Tanker,440076890
/vessels/details/440102005,DONG BANG 7HO,Tanker,440102005
/vessels/details/7914717,KOSEI MARU,Oil Products Tanker,7914717
/vessels/details/1129073,NO. 2 SEYUN,Oil Products Tanker,1129073
/vessels/details/7932989,KATSURAGI MARU NO. 2,Oil Products Tanker,7932989
/vessels/details/440017125,NA RO,Tanker,440017125
/vessels/details/441277045,101HYODONG CHEMI,Tanker,441277045
/vessels/details/440192549,JINSUNGHO,Tanker,440192549
/vessels/details/440110050,SUNGYOONHO,Tanker,440110050
/vessels/details/440020197,68 SE HAN,Tanker,440020197
/vessels/details/7912549,EISHO MARU NO. 28,Oil Products Tanker,7912549
/vessels/details/440111470,MS2HO,Tanker,440111470
/vessels/details/440134270,WOO BIN HO,Tanker,440134270
/vessels/details/440066293,103 DONG SUNG,Tanker,440066293
/vessels/details/8870255,GEON RYONG,Oil Products Tanker,8870255
/vessels/details/440017141,NA RO,Tanker,440017141
/vessels/details/440048245,GREEN HO,Tanker,440048245
/vessels/details/8122359,YONG AN HO,Oil Products Tanker,8122359
/vessels/details/9057824,TOMIFUKU MARU,Chemical Tanker,9057824
/vessels/details/9137064,DIA OCEAN HO,Oil Products Tanker,9137064
/vessels/details/440017150,HAEWON,Tanker,440017150
/vessels/details/7429449,SUNRISE,LPG Tanker,7429449
/vessels/details/440114920,NO.7 HAEGU,Tanker,440114920
/vessels/details/1111741,MINSUNG 11,Oil Products Tanker,1111741
/vessels/details/8526036,A-ONE,Bunkering Tanker,8526036
/vessels/details/440209870,2DAE YOUNG HO,Tanker,440209870
/vessels/details/440220197,CHEON WANG HO,Tanker,440220197
/vessels/details/9291169,3 SUNYEONG,Oil Products Tanker,9291169
/vessels/details/7370765,WAKAMIZU,Chemical Tanker,7370765
/vessels/details/440102010,PYUNG JIN 6,Tanker,440102010
/vessels/details/440305909,BOSUNG,Tanker,440305909
/vessels/details/441088997,WOO SUN,Tanker,441088997
/vessels/details/440112380,KUKDONG3HO,Tanker,440112380
/vessels/details/440104500,NO.5 MIN SUNG,Tanker,440104500
/vessels/details/8555362,209 HYUNDAI,Oil Products Tanker,8555362
/vessels/details/8125351,NISSHO MARU,Oil Products Tanker,8125351
/vessels/details/440103029,98CHEONGHAE,Tanker,440103029
/vessels/details/9275880,MS CLEAN,Oil Products Tanker,9275880
/vessels/details/7850650,WOO CHANG,Chemical Tanker,7850650
/vessels/details/440400200,HAE CHANG SUN,Tanker,440400200
/vessels/details/440144180,MT 5 HAN YU HO,Tanker,440144180
/vessels/details/441269029,NO 1 HANMIREU,Tanker,441269029
/vessels/details/440038740,NO8WOOJINHO,Tanker (HAZ-A),440038740
/vessels/details/440101989,DONG BANG 7HO,Tanker,440101989
/vessels/details/440413420,BAEK KEAUNG,Tanker,440413420
/vessels/details/440048980,SAESIDE,Tanker,440048980
/vessels/details/440409781,ARAM,Tanker,440409781
/vessels/details/7220635,HUNG KUK,Oil Products Tanker,7220635
/vessels/details/440130485,STELLA HO,Tanker,440130485
/vessels/details/440145253,NO.1 BAE SANG,Tanker,440145253
/vessels/details/441843921,GR,Tanker,441843921
/vessels/details/440314810,21 DONGBANG,Tanker,440314810
/vessels/details/8823185,ABELIA,Oil Products Tanker,8823185
/vessels/details/9827748,DOOLA SUN,Oil Products Tanker,9827748
/vessels/details/7221134,SU HYUP NO. 3,Oil Products Tanker,7221134
/vessels/details/440400245,HAE CHANG SUN,Tanker,440400245
/vessels/details/440009829,NO.9 MINSUNG,Tanker (HAZ-C),440009829
/vessels/details/440002485,KTS GREEN,Tanker (HAZ-A),440002485
/vessels/details/440197410,HWA JEONG ACE,Tanker,440197410
/vessels/details/9231066,HANA PIONEER,Chemical/Oil Products Tanker,9231066
/vessels/details/440103020,98CHEONGHAE,Tanker,440103020
/vessels/details/440305860,BOSUNG,Tanker,440305860
/vessels/details/8132574,HAE KWANG NO. 1,Oil Products Tanker,8132574
/vessels/details/9935997,5 SEYUN,Oil Products Tanker,9935997
/vessels/details/440153973,SKY MIR,Tanker,440153973
/vessels/details/8864256,KOBE KYUSHU MARU,Water Tanker,8864256
/vessels/details/7914626,MEIWA MARU,Oil Products Tanker,7914626
/vessels/details/440400553,DONGHAE GLORY,Tanker,440400553
/vessels/details/440308725,CHEONGHAE3HO,Tanker,440308725
/vessels/details/8502846,EIKO MARU NO. 11,Oil Products Tanker,8502846
/vessels/details/440212581,MIRACLE ALPHA,Tanker (HAZ-B),440212581
/vessels/details/440300640,DONGIL,Tanker,440300640
/vessels/details/440141340,7SE YUN,Tanker,440141340
/vessels/details/440144550,3 HANYU,Tanker,440144550
/vessels/details/440333030,103ASIA,Tanker,440333030
/vessels/details/440058085,KEOJE YUBIA,Tanker (HAZ-A),440058085
/vessels/details/8712843,DAEKWANG,Oil Products Tanker,8712843
/vessels/details/440074250,SIN YEONG,Tanker,440074250
/vessels/details/9657519,JS ONSAN,Bitumen Tanker,9657519
/vessels/details/440142837,JO SEONG,Tanker,440142837
/vessels/details/9072915,ZENKO MARU NO. 5,Oil Products Tanker,9072915
/vessels/details/440144240,HWAN KYUNG 1HO,Tanker,440144240
/vessels/details/440312997,MOKRIMBUSAN DM,Tanker,440312997
/vessels/details/8221167,FUJI MARU NO. 3,Oil Products Tanker,8221167
/vessels/details/440103790,13DAESIN,Tanker,440103790
/vessels/details/440191333,BU KWANG HO,Tanker,440191333
/vessels/details/8214475,KAKUSHUN MARU NO. 7,Oil Products Tanker,8214475
/vessels/details/440033880,ANGELA HO,Tanker,440033880
/vessels/details/9152193,TAEJIN,Oil Products Tanker,9152193
/vessels/details/440504890,HEUNG BU,Tanker (HAZ-B),440504890
/vessels/details/9834143,JIN YANG 1HO,Oil Products Tanker,9834143
/vessels/details/440047430,5 KEUM JIN,Tanker,440047430
/vessels/details/8816510,SUN MANG NO. 88,Oil Products Tanker,8816510
/vessels/details/440153770,BUYANG ACE,Tanker,440153770
/vessels/details/7334498,SAM JIN NO. 5,LPG Tanker,7334498
/vessels/details/440099160,SANG GEUM HO,Tanker,440099160
/vessels/details/440077861,KTS SILVER,Tanker,440077861
/vessels/details/440135650,DAE SUNG HO,Tanker,440135650
/vessels/details/440113630,WOOJIN1HO,Tanker (HAZ-A),440113630
/vessels/details/9786310,NA RO,Oil Products Tanker,9786310
/vessels/details/8944159,DAE YOUNG,Oil Products Tanker,8944159
/vessels/details/440304290,NO.1 YOUNG JIN,Tanker,440304290
/vessels/details/440006970,OCEAN BEST,Tanker,440006970
/vessels/details/440109749,P-135,Tanker,440109749
/vessels/details/440038830,TAE KWANG HO,Tanker,440038830
/vessels/details/440123007,ABC,Tanker,440123007
/vessels/details/1016525,PHA RUNG YN-03,Chemical/Oil Products Tanker,1016525
/vessels/details/440020213,68 SE HA,Tanker,440020213
/vessels/details/7832579,YU SUNG NO. 1,Oil Products Tanker,7832579
/vessels/details/9699531,DAE JEONG,Oil Products Tanker,9699531
/vessels/details/9151486,BO SUNG 1,Oil Products Tanker,9151486
/vessels/details/8713158,MASAGORO MARU,Oil Products Tanker,8713158
/vessels/details/441602997,NEW HARMONY,Tanker,441602997
/vessels/details/9887360,HANYU FRONTIER,Chemical Tanker,9887360
/vessels/details/440101220,HANSEONG 9HO W,Tanker,440101220
/vessels/details/440301180,1SEYUN,Tanker,440301180
/vessels/details/8810970,CHUNG KYUNG,Oil Products Tanker,8810970
/vessels/details/7602833,HAEMAN NO. 1,Oil Products Tanker,7602833
/vessels/details/440207710,NEW KEUMCHANGGOLD,Tanker,440207710
/vessels/details/440130480,STELLA HO,Tanker,440130480
/vessels/details/440049653,SONG SOON HO,Tanker,440049653
/vessels/details/6406490,DAE YANG,Oil Products Tanker,6406490
/vessels/details/5323407,SHINKO MARU,Water Tanker,5323407
/vessels/details/9655793,OCEAN ACE 11,Chemical/Oil Products Tanker,9655793
/vessels/details/7930266,DAIKOKU MARU,Oil Products Tanker,7930266
/vessels/details/440108750,1 JIN YOUNG HO,Tanker,440108750
/vessels/details/440300820,NO.3 GEUM YANG,Tanker,440300820
/vessels/details/440204405,NO.7 MINSUNG,Tanker,440204405
/vessels/details/9480306,KTS WHITE,Chemical/Oil Products Tanker,9480306
/vessels/details/440326370,OCEAN ACE 2HO,Tanker,440326370
/vessels/details/8622414,NICHIYO MARU,Oil Products Tanker,8622414
/vessels/details/9673745,G.WISDOM,LPG Tanker,9673745
/vessels/details/9781499,BUM KANG,Oil Products Tanker,9781499
/vessels/details/7103291,CHEMICARRY NO. 1,Chemical Tanker,7103291
/vessels/details/9413042,PHOENIX,Chemical/Oil Products Tanker,9413042
/vessels/details/9337858,KTS RED,Chemical/Oil Products Tanker,9337858
/vessels/details/440130790,MANBOK HO,Tanker,440130790
/vessels/details/440009840,NO.9 MINSUNG,Tanker,440009840
/vessels/details/9230323,SKY ROYAL,Chemical/Oil Products Tanker,9230323
/vessels/details/9046734,FUJISHIRO MARU NO. 2,Oil Products Tanker,9046734
/vessels/details/1038420,DAEIL,Oil Products Tanker,1038420
/vessels/details/440009260,HONG JINHO,Tanker,440009260
/vessels/details/440120420,DAE CHANG STAR,Tanker (HAZ-A),440120420
/vessels/details/8324452,DAE HAN NO. 9,Chemical/Oil Products Tanker,8324452
/vessels/details/7913921,UTOKU MARU NO. 5,Oil Products Tanker,7913921
/vessels/details/440110880,2 SEUNG HAN,Tanker,440110880
/vessels/details/440133200,CHEONG HAE,Tanker,440133200
/vessels/details/8428222,MI SUNG NO. 7,Oil Products Tanker,8428222
/vessels/details/440129440,KWANG IL HO,Tanker,440129440
/vessels/details/440149001,HAX IXEST MAL,Tanker,440149001
/vessels/details/440204010,5 DAE BO,Tanker,440204010
/vessels/details/440328869,209HYUNDAI,Tanker,440328869
/vessels/details/9900875,19 YU SUNG HO,Oil Products Tanker,9900875
/vessels/details/9296652,O SUNG,Oil Products Tanker,9296652
/vessels/details/9063380,DUAM 3,Oil Products Tanker,9063380
/vessels/details/9057783,SHUHO MARU,Chemical Tanker,9057783
/vessels/details/8631207,SHOSEI MARU,Oil Products Tanker,8631207
/vessels/details/440331765,BO WON HO,Tanker,440331765
/vessels/details/440220160,CHEON WANG HO,Tanker,440220160
/vessels/details/440400949,WOOWONHO,Tanker,440400949
/vessels/details/440116405,DL DIAMOND,Tanker (HAZ-A),440116405
/vessels/details/440316630,GWANG BOG HO,Tanker,440316630
/vessels/details/440023930,KOMAR NO1,Tanker,440023930
/vessels/details/440155045,YU SUNG K,Tanker (HAZ-A),440155045
/vessels/details/440100740,ARAHO,Tanker,440100740
/vessels/details/440014517,WOO CHAN,Tanker (HAZ-A),440014517
/vessels/details/9102368,SAE GYOUNG HO,Oil Products Tanker,9102368
/vessels/details/440505637,KYUNGSUNGHO,Tanker,440505637
/vessels/details/9459888,CHANG YONG 1HO,Oil Products Tanker,9459888
/vessels/details/440019230,HYUNJUN,Tanker (HAZ-A),440019230
/vessels/details/440135930,JUNG WOO 1,Tanker,440135930
/vessels/details/440407340,NO.20 CHEONG WOO,Tanker,440407340
/vessels/details/440224160,NO3SE YUN,Tanker,440224160
/vessels/details/9841263,KEOJE YUBIA,Oil Products Tanker,9841263
/vessels/details/9478080,SJ HOPE,Chemical/Oil Products Tanker,9478080
/vessels/details/9843003,GRACE ALPHA,Chemical/Oil Products Tanker,9843003
/vessels/details/440136090,NO.1 GEONBONG HO,Tanker,440136090
/vessels/details/440112357,KUKDONG3HO,Tanker,440112357
/vessels/details/440113893,SEYANG GLORY,Tanker,440113893
/vessels/details/440080030,NO.1 WOORI,Tanker,440080030
/vessels/details/440265013,UNIVERSAL CREATOR,Tanker,440265013
/vessels/details/440315630,GUN BONG HO,Tanker,440315630
/vessels/details/8875994,SU HYUP HO NO. 1,Oil Products Tanker,8875994
/vessels/details/440504990,WESTERN1HO,Tanker (HAZ-A),440504990
/vessels/details/440066277,103 DONG SUNG,Tanker,440066277
/vessels/details/440305160,YUHAN1,Tanker,440305160
/vessels/details/440134773,SAM JIN NO.1,Tanker,440134773
/vessels/details/440113980,HA BEO 2HO,Tanker,440113980
/vessels/details/440128530,KEUM KANG,Tanker,440128530
/vessels/details/7535535,CHEMICARRY NO. 22,LPG Tanker,7535535
/vessels/details/440208629,BOMUN,Tanker,440208629
/vessels/details/440321065,DONGSOO1,Tanker,440321065
/vessels/details/440132370,KOMAR NO2,Tanker,440132370
/vessels/details/9842267,103 DONG SUNG,Oil Products Tanker,9842267
/vessels/details/9124304,NAM KYUNG HO,Chemical/Oil Products Tanker,9124304
/vessels/details/440323060,DONG UN,Tanker,440323060
/vessels/details/440709700,MUSUNG,Tanker,440709700
/vessels/details/440207170,NO.3NAMSEONGHO,Tanker,440207170
/vessels/details/440310720,MIR HO,Tanker,440310720
/vessels/details/440130469,STELLA HO,Tanker,440130469
/vessels/details/9626352,TN LETO,Chemical/Oil Products Tanker,9626352
/vessels/details/440205338,G SILVER,Tanker,440205338
/vessels/details/440151030,NEW DONGSIN,Tanker,440151030
/vessels/details/440167740,NO1 KEOYANG,Tanker,440167740
/vessels/details/8567365,NO. 12 HANJIN,Oil Products Tanker,8567365
/vessels/details/440010110,3 SUNYEONG,Tanker,440010110
/vessels/details/7518771,KISONAGI MARU,Chemical/Oil Products Tanker,7518771
/vessels/details/440203829,SKY MARS,Tanker,440203829
/vessels/details/9713260,AREUM,Oil Products Tanker,9713260
/vessels/details/440044917,NO21BUYOUNG,Tanker,440044917
/vessels/details/440305381,5WOOYUNG,Tanker,440305381
/vessels/details/440110750,KEUMSUNG HO,Tanker,440110750
/vessels/details/9297230,TN RHEA,Chemical/Oil Products Tanker,9297230
/vessels/details/440049840,5 SHIN JIN HO,Tanker,440049840
/vessels/details/8844579,EISHIN MARU,Oil Products Tanker,8844579
/vessels/details/440151733,DONG BANG NO 3,Tanker,440151733
/vessels/details/8805121,TAE YOUNG,Chemical Tanker,8805121
/vessels/details/440108790,3MYEONGGWANG,Tanker,440108790
/vessels/details/440134610,NO7HANAHO,Tanker,440134610
/vessels/details/9929223,KUK DONG 3 HO,Oil Products Tanker,9929223
/vessels/details/8706882,SENWA MARU,Oil Products Tanker,8706882
/vessels/details/440600158,HAE KWANG,Tanker,440600158
/vessels/details/441906981,GOLDEN AI HANA,Tanker (HAZ-B),441906981
/vessels/details/9036662,HOYOSHI MARU NO. 15,Oil Products Tanker,9036662
/vessels/details/440117310,HAE WOO,Tanker,440117310
/vessels/details/440696053,HANYU IMPERIAL,Tanker,440696053
/vessels/details/440047209,NO.1EUNHEE,Tanker,440047209
/vessels/details/8313245,KAEI MARU NO. 5,Bunkering Tanker,8313245
/vessels/details/440009270,DONG YANG 1HO,Tanker (HAZ-A),440009270
/vessels/details/8013388,KIKU MARU NO. 18,Oil Products Tanker,8013388
/vessels/details/440102050,MYUNGJIN,Tanker,440102050
/vessels/details/440034690,SAM WOO 7HO,Tanker,440034690
/vessels/details/440117520,BUYUNG HO,Tanker,440117520
/vessels/details/440120270,NO.15 DAESHIN,Tanker,440120270
/vessels/details/440061040,EUN SEONG HO,Tanker,440061040
/vessels/details/9009827,DAEBOK GAS,LPG Tanker,9009827
/vessels/details/7913919,UTOKU MARU NO. 3,Oil Products Tanker,7913919
/vessels/details/7035119,POLAR GAS,LPG Tanker,7035119
/vessels/details/5237799,MIN WOO NO. 9,Oil Products Tanker,5237799
/vessels/details/440116720,TAEYANGHO,Tanker,440116720
/vessels/details/9913597,HWA JEONG ACE,Oil Products Tanker,9913597
/vessels/details/440331080,13DAEYANG,Tanker,440331080
/vessels/details/9209946,TRITON,Crude Oil Tanker,9209946
/vessels/details/441581583,SEONGHO ACE,Tanker (HAZ-B),441581583
/vessels/details/8021945,EIHO MARU,Oil Products Tanker,8021945
/vessels/details/9796028,JS JIANGYIN,Bitumen Tanker,9796028
/vessels/details/440742500,KOMERI 1HO,Tanker,440742500
/vessels/details/440332005,BU KWANG 9 HO,Tanker,440332005
/vessels/details/440130277,C.HORIZON,Tanker (HAZ-A),440130277
/vessels/details/440703970,1MYEONG GWANG,Tanker,440703970
/vessels/details/9427237,BONANZA,Chemical/Oil Products Tanker,9427237
/vessels/details/9877999,YU SUNG HO,Oil Products Tanker,9877999
/vessels/details/8896338,ICHI MARU NO. 2,Chemical Tanker,8896338
/vessels/details/440199510,SUNGSIMHO,Tanker,440199510
/vessels/details/440155350,NO.11 SONGWON,Tanker,440155350
/vessels/details/8220979,KOJUN MARU NO. 3,Oil Products Tanker,8220979
/vessels/details/440159820,NO 1 SUNGJIN,Tanker,440159820
/vessels/details/440400010,PHOENIX,Tanker,440400010
/vessels/details/441843962,GR,Tanker,441843962
/vessels/details/440314220,WOO WON 2HO,Tanker,440314220
/vessels/details/440600037,SAM JUNG 5HO,Tanker,440600037
/vessels/details/9414553,SECHANGVENUS,Oil Products Tanker,9414553
/vessels/details/440045110,HAE UN HO,Tanker,440045110
/vessels/details/9786308,SANGA HO,Oil Products Tanker,9786308
/vessels/details/440156960,SUNGJIN ACE,Tanker,440156960
/vessels/details/440184037,FORTUNE KAREN,Tanker (HAZ-B),440184037
/vessels/details/440205045,FORTUNE JIWON,Tanker (HAZ-B),440205045
/vessels/details/440124405,BUM KANG,Tanker,440124405
/vessels/details/440147210,7 CHUN YANG,Tanker,440147210
/vessels/details/8220826,KAIYO MARU,Chemical Tanker,8220826
/vessels/details/440124310,9 WON YANG,Tanker,440124310
/vessels/details/440144530,MT BU SUNG,Tanker,440144530
/vessels/details/8132421,SONG CHANG,Oil Products Tanker,8132421
/vessels/details/440303500,CHEONGDAM,Tanker,440303500
/vessels/details/440401765,SONG DEOG,Tanker,440401765
/vessels/details/440330350,12HANJIN,Tanker,440330350
/vessels/details/440331880,OCEAN IRIS,Tanker,440331880
/vessels/details/440033210,HANDONG 27HO,Tanker,440033210
/vessels/details/6406543,KUM CHUN NO. 1,Oil Products Tanker,6406543
/vessels/details/440507780,23 BU GWANG,Tanker,440507780
/vessels/details/440144245,FC VICTORY,Tanker,440144245
/vessels/details/440075960,GI SUNG HO,Tanker,440075960
/vessels/details/440316730,5WOORIHO,Tanker,440316730
/vessels/details/440331893,JEWANG,Tanker,440331893
/vessels/details/9494852,DOOLA NO.5,Oil Products Tanker,9494852
/vessels/details/8515051,SAMBI HO,Chemical Tanker,8515051
/vessels/details/9770153,SONG YANG NO.1,Oil Products Tanker,9770153
/vessels/details/9159490,HANYU NURI,Chemical/Oil Products Tanker,9159490
/vessels/details/7237884,HONGBO NO. 5,Chemical/Oil Products Tanker,7237884
/vessels/details/440134757,SAM JIN NO.1,Tanker,440134757
/vessels/details/440106997,GREEN OCEAN,Tanker,440106997
/vessels/details/8421640,DUAM 5,Oil Products Tanker,8421640
/vessels/details/1097878,9 MINSUNG,Oil Products Tanker,1097878
/vessels/details/8514071,EISHIN MARU,Oil Products Tanker,8514071
/vessels/details/440310460,SINSEONG HO,Tanker,440310460
/vessels/details/440102350,11 DAE YOUNG HO,Tanker,440102350
/vessels/details/440051765,7DAEBOK,Tanker,440051765
/vessels/details/5058442,KOREA EDINBURGH,Oil Products Tanker,5058442
/vessels/details/440009990,HANGANGRENAISSANCE,Tanker,440009990
/vessels/details/440321061,DONGSOO1,Tanker,440321061
/vessels/details/440223240,SAMYUNG,Tanker,440223240
/vessels/details/7929188,FUKUEI MARU,Oil Products Tanker,7929188
/vessels/details/440331941,108 JIN YEONG HO A,Tanker (HAZ-C),440331941
/vessels/details/8416097,TSURUSHIMA MARU,Oil Products Tanker,8416097
/vessels/details/9821847,KOREA VENUS,Chemical/Oil Products Tanker,9821847
/vessels/details/7904164,KOHO MARU NO. 7,LPG Tanker,7904164
/vessels/details/440208037,CHEONGHAE NO1,Tanker,440208037
/vessels/details/8895346,HOEI MARU NO. 75,Oil Products Tanker,8895346
/vessels/details/1016501,BS HAIPHONG,Chemical/Oil Products Tanker,1016501
/vessels/details/440143570,KTS GOLD,Tanker (HAZ-A),440143570
/vessels/details/440117640,SHINSUNG,Tanker,440117640
/vessels/details/9514872,BO WON HO,Chemical/Oil Products Tanker,9514872
/vessels/details/440031780,SINJEONG3HO,Tanker,440031780
/vessels/details/8031574,SAM BU NO. 11,Oil Products Tanker,8031574
/vessels/details/440190820,DONGBANG ACE,Tanker,440190820
/vessels/details/8513912,EIZO MARU NO. 11,Oil Products Tanker,8513912
/vessels/details/440042650,21DONG YANG HO,Tanker,440042650
/vessels/details/7231414,CHEMICARRY NO. 3,Chemical Tanker,7231414
/vessels/details/440102760,NO.8 MINSUNG,Tanker,440102760
/vessels/details/9805116,YN YEOSU,Chemical/Oil Products Tanker,9805116
/vessels/details/7649855,JIN HAE,LPG Tanker,7649855
/vessels/details/440135890,GAYA 1HO,Tanker,440135890
/vessels/details/9929211,KUKDONG1HO,Oil Products Tanker,9929211
/vessels/details/440509320,GLOBAL 1,Tanker,440509320
/vessels/details/7801154,HAE KWANG NO. 1,Chemical/Oil Products Tanker,7801154
/vessels/details/440003880,GEHAE 2HO,Tanker,440003880
/vessels/details/440114997,SKY ROYAL,Tanker,440114997
/vessels/details/440048970,SIN MI JU HO,Tanker,440048970
/vessels/details/440132149,HANYU ULSAN,Tanker,440132149
/vessels/details/9234965,DONG BANG 7HO,Oil Products Tanker,9234965
/vessels/details/9202912,BAEK KYUNG HO,Oil Products Tanker,9202912
/vessels/details/440113189,HANSUNG 8,Tanker,440113189
/vessels/details/9935674,3 MYEONGGWANG,Oil Products Tanker,9935674
/vessels/details/440005221,SONG YANG NO.1,Tanker,440005221
/vessels/details/1019979,CLAYTON,Chemical/Oil Products Tanker,1019979
/vessels/details/8713146,DOK SUNG 7,Oil Products Tanker,8713146
/vessels/details/440302650,GA YA 3 HO,Tanker,440302650
/vessels/details/440208613,BOMUN,Tanker,440208613
/vessels/details/440061813,DONG MYUNG ACE,Tanker,440061813
/vessels/details/9786293,YOUNG JIN,Oil Products Tanker,9786293
/vessels/details/440053749,17 YU SUNG,Tanker,440053749
/vessels/details/7103485,SAE HWA NO. 1,Chemical Tanker,7103485
/vessels/details/440103820,1GWANGMYEONG,Tanker,440103820
/vessels/details/8221208,FUYO MARU,Oil Products Tanker,8221208
/vessels/details/440241013,SUPER EASTERN,Tanker,440241013
/vessels/details/440154960,32DAEYOUNG,Tanker,440154960
/vessels/details/440198710,SINHWAHO,Tanker,440198710
/vessels/details/8820585,KANG NAM IL HO,Oil Products Tanker,8820585
/vessels/details/441106997,SUNNY SPRUCE I,Tanker,441106997
/vessels/details/440330260,DAEJIN HO,Tanker,440330260
/vessels/details/440191790,ARA1HO,Tanker,440191790
/vessels/details/8989678,8 WOO JIN,Vegetable Oil Tanker,8989678
/vessels/details/8429317,YOUNG DONG NO. 7,Oil Products Tanker,8429317
/vessels/details/440305397,5WOOYUNG,Tanker,440305397
/vessels/details/9570591,SUN FREESIA,Chemical/Oil Products Tanker,9570591
/vessels/details/440102290,2SE YUN,Tanker,440102290
/vessels/details/440105250,JEONG SEONG,Tanker,440105250
/vessels/details/7407465,KONOSHIMA,Water Tanker,7407465
/vessels/details/440125440,96DONGBANG,Tanker,440125440
/vessels/details/440500346,SONGRIM HO,Tanker,440500346
/vessels/details/440305360,5WOOYUNG,Tanker,440305360
/vessels/details/440149350,NO.11 SEYANG,Tanker,440149350
/vessels/details/6513334,SAM BU NO. 7,Oil Products Tanker,6513334
/vessels/details/440133270,BOWON,Tanker,440133270
/vessels/details/440145620,GLOBAL 5 H0,Tanker,440145620
/vessels/details/440314520,SEONG WON 3 HO,Tanker,440314520
/vessels/details/8351663,12 SAMBOO,Oil Products Tanker,8351663
/vessels/details/8815578,TAISEI MARU NO. 21,Chemical Tanker,8815578
/vessels/details/440210277,JANGMIHO,Tanker,440210277
/vessels/details/440112373,KUKDONG3HO,Tanker,440112373
/vessels/details/440100190,NO.11 BOKYUNG,Tanker,440100190
/vessels/details/440127710,3TAEKYENG,Tanker,440127710
/vessels/details/8530922,17 YU SUNG,Oil Products Tanker,8530922
/vessels/details/440053280,GO RYO 3 HO,Tanker,440053280
/vessels/details/9251119,GEUMILHO,Oil Products Tanker,9251119
/vessels/details/440048677,FC GRACE,Tanker,440048677
/vessels/details/440101370,BONG EUN,Tanker,440101370
/vessels/details/9296494,HAE SUNG,Chemical Tanker,9296494
/vessels/details/440047221,NO.1EUNHEE,Tanker,440047221
/vessels/details/440133280,MANSUNGHO,Tanker,440133280
/vessels/details/440708200,21HAPDONGHO,Tanker,440708200
/vessels/details/8226002,JIN HEUNG,Chemical Tanker,8226002
/vessels/details/440133940,HAEDUK 3,Tanker,440133940
/vessels/details/440192230,SEONJIN,Tanker,440192230
/vessels/details/440054380,CHIL SEONG HO,Tanker,440054380
/vessels/details/9175896,SKYCHEMI,Chemical/Oil Products Tanker,9175896
/vessels/details/9262261,NO 1 HANMIREU,Oil Products Tanker,9262261
/vessels/details/9318644,KTS GOLD,Chemical/Oil Products Tanker,9318644
/vessels/details/9240639,MYUNG JIN,Chemical Tanker,9240639
/vessels/details/8738067,BU KWANG 9 HO,Oil Products Tanker,8738067
/vessels/details/9079573,207 HYUNDAI,Oil Products Tanker,9079573
/vessels/details/9352169,HANYU PIONEER,Chemical/Oil Products Tanker,9352169
/vessels/details/440105717,DAE JEONG,Tanker,440105717
/vessels/details/440172661,11CHUNG KYUNG,Tanker,440172661
/vessels/details/6406567,HAN IL NO. 7,Oil Products Tanker,6406567
/vessels/details/440316197,INTRANS EDY,Tanker (HAZ-B),440316197
/vessels/details/440026590,9MINSUNG,Tanker,440026590
/vessels/details/440155365,KEUMHYANG,Tanker,440155365
/vessels/details/9159206,TOKO MARU NO. 10,Chemical Tanker,9159206
/vessels/details/440049630,SONG SOON HO,Tanker,440049630
/vessels/details/440144229,FC VICTORY,Tanker,440144229
/vessels/details/8533572,SUNYOUNG 15,Oil Products Tanker,8533572
/vessels/details/8135552,FUJI MARU NO. 5,Oil Products Tanker,8135552
/vessels/details/440312010,NO2 HAEJIN,Tanker,440312010
/vessels/details/1060473,HY BUSAN,Oil Products Tanker,1060473
/vessels/details/440308709,CHEONGHAE3HO,Tanker,440308709
/vessels/details/440406830,MYEONG JIN,Tanker,440406830
/vessels/details/440789789,SY 1,Tanker,440789789
/vessels/details/440119020,NO3 BOSUNG,Tanker,440119020
/vessels/details/8924939,KOWA MARU NO. 12,Oil Products Tanker,8924939
/vessels/details/9414319,NOEL,Chemical/Oil Products Tanker,9414319
/vessels/details/440052990,1DAEYOUNG,Tanker,440052990
/vessels/details/9442639,SONG DEOG,Oil Products Tanker,9442639
/vessels/details/440089670,GENESIS,Tanker,440089670
/vessels/details/440504030,DONGHAE SEASTAR,Tanker,440504030
/vessels/details/9470246,HAEIN HOPE,Chemical/Oil Products Tanker,9470246
/vessels/details/440197413,HWA JEONG ACE,Tanker,440197413
/vessels/details/441943029,SJ HOPE,Tanker,441943029
/vessels/details/8604436,SANEI MARU,Chemical Tanker,8604436
/vessels/details/441103013,KOREA VISION,Tanker,441103013
/vessels/details/1135175,GENESIS,Oil Products Tanker,1135175
/vessels/details/440112770,SANG HYUN HO,Tanker,440112770
/vessels/details/440018400,NO.13 DONGHWA,Tanker,440018400
/vessels/details/440328880,209HYUNDAI,Tanker,440328880
/vessels/details/440414850,NO.1 GEO SUNG,Tanker,440414850
/vessels/details/8348367,TAEHWA GOLD,Oil Products Tanker,8348367
/vessels/details/440145400,NO.1 KYUNGJIN,Tanker,440145400
/vessels/details/7429334,CHEMICARRY NO. 25,Chemical Tanker,7429334
/vessels/details/440061797,DONG MYUNG ACE,Tanker,440061797
/vessels/details/8874201,HAE KWANG NO. 5,Oil Products Tanker,8874201
/vessels/details/440191190,YU WON HO,Tanker,440191190
/vessels/details/440103680,DAEWON 2 HO,Tanker,440103680
/vessels/details/440121610,NO7 MIN SUNG,Tanker,440121610
/vessels/details/440313013,MOKRIMBUSAN DM,Tanker,440313013
/vessels/details/8610552,WOO KYUNG,Chemical Tanker,8610552
/vessels/details/9576909,DL AMBER,Chemical/Oil Products Tanker,9576909
/vessels/details/440330120,13GEOYEONG,Tanker,440330120
/vessels/details/440199525,SUNGSIMHO,Tanker,440199525
/vessels/details/440101420,NO.2 KWANGJINHO,Tanker,440101420
/vessels/details/440271029,UNIVERSAL PARTNER,Tanker,440271029
/vessels/details/440106050,BO SUNG 3HO,Tanker,440106050
/vessels/details/9972050,MUSUNG,Oil Products Tanker,9972050
/vessels/details/9124237,SAM JIN NO.1,Oil Products Tanker,9124237
/vessels/details/440150550,SAM SUNG,Tanker,440150550
/vessels/details/440014501,WOO CHAN,Tanker (HAZ-A),440014501
/vessels/details/440134870,SHINWOO,Tanker (HAZ-D),440134870
/vessels/details/440142830,95KYEONG JIN,Tanker,440142830
/vessels/details/9867475,QUEEN JENUVIA,Passenger/Ro-Ro Cargo Ship,9867475
/vessels/details/9901386,QUEEN JENUVIA II,Passenger/Ro-Ro Cargo Ship,9901386
/vessels/details/9873307,HANIL GOLD STELLA,Passenger/Ro-Ro Cargo Ship,9873307
/vessels/details/9241700,SEONG HEE,Passenger/Ro-Ro Cargo Ship,9241700
/vessels/details/9001291,SEA STAR CRUISE,Passenger/Ro-Ro Cargo Ship,9001291
/vessels/details/9975959,EL DORADO EXPRESS,Passenger/Ro-Ro Cargo Ship,9975959
/vessels/details/9160114,HARMONY FLOWER,Passenger/Ro-Ro Cargo Ship,9160114
/vessels/details/9248007,PANSTAR TSUSHIMA LIN,Passenger Ship,9248007
/vessels/details/9194256,KOREA PRINCE,Passenger Ship,9194256
/vessels/details/9645231,SEA FLOWER,Passenger Ship,9645231
/vessels/details/9328998,KOREAKING,Passenger Ship,9328998
/vessels/details/9309198,NEWQUEEN,Passenger Ship,9309198
/vessels/details/9281073,NEW DOLPHIN,Passenger Ship,9281073
/vessels/details/9257450,NEW ANGEL,Passenger Ship,9257450
/vessels/details/9553191,FIRSTANGEL,Passenger Ship,9553191
/vessels/details/440123380,CHEONSA1HO,Passenger ship,440123380
/vessels/details/440099020,KOREA 203,Passenger ship,440099020
/vessels/details/440081950,KOREA PEACE,Passenger ship,440081950
/vessels/details/440046510,DAEBU ILAND,Passenger ship,440046510
/vessels/details/440113560,SAMSUNG F1 HO,Passenger ship,440113560
/vessels/details/9102394,YONGJOO NO. 5,Passenger/Ro-Ro Cargo Ship,9102394
/vessels/details/7311941,SAM YUNG,Passenger Ship,7311941
/vessels/details/440301280,SEOM SALANG 3HO,Passenger ship,440301280
/vessels/details/440100915,SEOJIN7,Passenger ship,440100915
/vessels/details/440022920,MI RAE 13HO,Passenger ship,440022920
/vessels/details/440100030,BANG JU 1 HO,Passenger ship,440100030
/vessels/details/440217360,DAEBAGFISHING,Passenger ship,440217360
/vessels/details/7814905,HANKUK DAEMA FERRY,Passenger Ship,7814905
/vessels/details/7233230,NAM HAE NO. 2,Passenger Ship,7233230
/vessels/details/9258399,ONGJIN FAMILY,Passenger Ship,9258399
/vessels/details/7731555,HIJET,Passenger Ship,7731555
/vessels/details/440302180,CHEONSACARFERRY,Passenger ship,440302180
/vessels/details/440313160,HANGANG BUS 102,Passenger ship,440313160
/vessels/details/9143831,NEW GOLD STAR,Passenger Ship,9143831
/vessels/details/440117740,YOKJIYEONGDONGGOSOK,Passenger ship,440117740
/vessels/details/6406505,KA YA,Passenger/General Cargo Ship,6406505
/vessels/details/9298052,GUM OH EXPRESS FERRY,Passenger Ship,9298052
/vessels/details/440200180,HAE RANG 3 HO,Passenger ship,440200180
/vessels/details/9130858,HARMONY,Passenger Ship,9130858
/vessels/details/9127552,OKDO FERRY,Passenger Ship,9127552
/vessels/details/9203540,JANG JA FERRY,Passenger Ship,9203540
/vessels/details/9040845,DREAM,Passenger Ship,9040845
/vessels/details/9917505,ULSAN TAEHWA,Passenger Ship,9917505
/vessels/details/440312730,DU MO HO,Passenger ship,440312730
/vessels/details/440182470,DEOGJEOG HO,Passenger ship,440182470
/vessels/details/7311915,DUCK IL,Passenger Ship,7311915
/vessels/details/440402180,NARSHA13,Passenger ship,440402180
/vessels/details/440336370,BUKDOGOSOKFERRY,Passenger ship,440336370
/vessels/details/440147630,SARYANG,Passenger ship (HAZ-A),440147630
/vessels/details/440173540,CAMELLIA,Passenger ship,440173540
/vessels/details/1107427,OLIVIA 1,Passenger/Ro-Ro Cargo Ship,1107427
/vessels/details/440320250,GEOBUKSEON,Passenger ship,440320250
/vessels/details/440139830,SLOWCITY,Passenger ship,440139830
/vessels/details/9819480,SILVER CLOUD,Passenger/Ro-Ro Cargo Ship,9819480
/vessels/details/9172026,GAE YA FERRY,Passenger Ship,9172026
/vessels/details/440307380,MAEMULDO GUKYOUNG1HO,Passenger ship,440307380
/vessels/details/440116710,HE GEUM GANG 3HO,Passenger ship,440116710
/vessels/details/8889139,KINKO,Passenger Ship,8889139
/vessels/details/440136640,SEOMSARANG NO.15HO,Passenger ship,440136640
/vessels/details/440092120,OK JU HO,Passenger ship,440092120
/vessels/details/440404650,SUNG GILL HO,Passenger ship,440404650
/vessels/details/440204320,POONG YANG,Passenger ship,440204320
/vessels/details/440216380,SEA TRIAL-JEONGI,Passenger ship,440216380
/vessels/details/440317190,WAN NONG FERRY HO,Passenger ship,440317190
/vessels/details/440189830,HANSOL3HO,Passenger ship,440189830
/vessels/details/440014790,3 YONGJIN,Passenger ship,440014790
/vessels/details/440322880,YEOSU OCEAN CRUISE,Passenger ship,440322880
/vessels/details/440301470,JUK DO HAEBARAGI,Passenger ship,440301470
/vessels/details/440115720,HANRYEO CARFERRY,Passenger ship,440115720
/vessels/details/440704290,HANSANNONGHYUPFERRY2,Passenger ship,440704290
/vessels/details/440319820,QUEENCHEONGSAN,Passenger ship,440319820
/vessels/details/440083090,SUNGJU SAN,Passenger ship,440083090
/vessels/details/9639244,SARYANG,Passenger/Ro-Ro Cargo Ship,9639244
/vessels/details/8007614,HAN BO NO. 103,Passenger Ship,8007614
/vessels/details/440148580,NEWBLUESIAH,Passenger ship,440148580
/vessels/details/440009210,HALIM FERRY 9HO,Passenger ship,440009210
/vessels/details/440133580,SUNKYUNG NO.3,Passenger ship,440133580
/vessels/details/440022760,DAEBUGOSOKFERY NO3,Passenger ship,440022760
/vessels/details/9155652,SEWOLTARA,Passenger Ship,9155652
/vessels/details/8934805,HAN LIM FERRY 3 HO,Passenger/Ro-Ro Cargo Ship,8934805
/vessels/details/9198161,HANGRO FERRY,Passenger/Ro-Ro Cargo Ship,9198161
/vessels/details/440110160,FAMILY,Passenger ship,440110160
/vessels/details/440137020,TAEPYUNGYANG 3HO,Passenger ship,440137020
/vessels/details/8827478,CHANGANGLAND,Passenger Ship,8827478
/vessels/details/440218540,GA JA SEOM YEU RO HO,Passenger ship,440218540
/vessels/details/440126970,JEONJIN 15,Passenger ship,440126970
/vessels/details/9981051,NOVA,Passenger Ship,9981051
/vessels/details/440323420,DAEHEUNGGOSOKCARFERR,Passenger ship,440323420
/vessels/details/440141680,MINGUKHO,Passenger ship,440141680
/vessels/details/9870032,DREAM ISLAND,Passenger/Ro-Ro Cargo Ship,9870032
/vessels/details/8871417,YONGJOO NO. 3,Passenger/Ro-Ro Cargo Ship,8871417
/vessels/details/9102605,GOLD COAST,Passenger Ship,9102605
/vessels/details/9870745,MIRAE NO. 15,Passenger/Ro-Ro Cargo Ship,9870745
/vessels/details/440156760,MAEMULDOUKYUNG2HO,Passenger ship,440156760
/vessels/details/440077450,JAIEONTEU 2,Passenger ship,440077450
/vessels/details/440108320,IBK,Passenger ship,440108320
/vessels/details/440300012,JANGDO FERRY,Passenger ship,440300012
/vessels/details/440041070,MYUNG DUCK 5 HO,Passenger ship,440041070
/vessels/details/440300669,SUNFLOWER,Passenger ship,440300669
/vessels/details/440126030,SMART,Passenger ship,440126030
/vessels/details/440123650,96PYENG JIN HO,Passenger ship,440123650
/vessels/details/9125932,SEASTAR 7,Passenger/Ro-Ro Cargo Ship,9125932
/vessels/details/440328630,GREEN JINDO,Passenger ship,440328630
/vessels/details/440336350,NEW DREAM,Passenger ship,440336350
/vessels/details/440200170,DAEHYOUNG CARFERRY 3,Passenger ship,440200170
/vessels/details/440406440,DOKDOPYUNGHWA,Passenger ship,440406440
/vessels/details/440742300,ROYAL PARK CITY3,Passenger ship,440742300
/vessels/details/440100427,CHUNGMUGONGCRUISE,Passenger ship,440100427
/vessels/details/9615262,SUNRISE,Passenger Ship,9615262
/vessels/details/440104880,2YOUNG11,Passenger ship,440104880
/vessels/details/440410330,SUN STAR,Passenger ship,440410330
/vessels/details/440707050,NO.3 GO71HD0PUD C 2,Passenger ship,440707050
/vessels/details/440309630,NO6 DONG SUNG,Passenger ship,440309630
/vessels/details/440157760,YEONGGWANGSARANG,Passenger ship,440157760
/vessels/details/440334170,EILOSAM2HO,Passenger ship,440334170
/vessels/details/440001660,GEO MUN DO SA RANGHO,Passenger ship,440001660
/vessels/details/440139880,DAEHANHO,Passenger ship,440139880
/vessels/details/440069660,MARADO1HO,Passenger ship,440069660
/vessels/details/440095690,IL SIN 1 HO,Passenger ship,440095690
/vessels/details/440302080,SLOWCITY2,Passenger ship,440302080
/vessels/details/440092590,SLOWCITY6,Passenger ship,440092590
/vessels/details/9147289,DOLPHIN,Passenger Ship,9147289
/vessels/details/440126290,SAESEOM DOORAE,Passenger ship,440126290
/vessels/details/440161690,SLOWCITY5,Passenger ship,440161690
/vessels/details/440407990,SB99HO,Passenger ship,440407990
/vessels/details/440335170,DOCHOCARFERRY,Passenger ship,440335170
/vessels/details/440304500,TTANG KKEUT HO,Passenger ship,440304500
/vessels/details/440055221,NO.3 DONGBAEK,Passenger ship,440055221
/vessels/details/9639141,DAEHEUNG GOSOK CAR FERRY,Passenger/Ro-Ro Cargo Ship,9639141
/vessels/details/9019717,APHAE NO. 303,Passenger/Ro-Ro Cargo Ship,9019717
/vessels/details/440004700,ANSAN FERRY,Passenger ship,440004700
/vessels/details/440500260,SHINHANGOSOKHWERIHO,Passenger ship,440500260
/vessels/details/9921350,SANTA MONICA,Passenger/Ro-Ro Cargo Ship,9921350
/vessels/details/440333540,TAEPYEONGYANG1HO,Passenger ship,440333540
/vessels/details/440316870,NOHWA CAR FERRY NO.7,Passenger ship,440316870
/vessels/details/440218690,YOUNGJINHO,Passenger ship,440218690
/vessels/details/440061020,HAN RYEO 7,Passenger ship,440061020
/vessels/details/7718424,FERRY EZAKI NO. 8,Passenger Ship,7718424
/vessels/details/440308230,SEOMSARANG NO .9,Passenger ship,440308230
/vessels/details/8875205,SINAN NONG HYUP FERRY NO. 2,Passenger/Ro-Ro Cargo Ship,8875205
/vessels/details/440508320,ANGOLSINHANGHO,Passenger ship,440508320
/vessels/details/9144378,BARAMTARA,Passenger Ship,9144378
/vessels/details/440509920,HAEJIN ISLAND,Passenger ship,440509920
/vessels/details/440049790,GOGUNSAN CARFERRY,Passenger ship,440049790
/vessels/details/8327935,SOON PUNG,Passenger Ship,8327935
/vessels/details/440701360,ISLAND J,Passenger ship,440701360
/vessels/details/440706050,UDO LAND,Passenger ship,440706050
/vessels/details/440115890,LOVE CRUZ,Passenger ship,440115890
/vessels/details/8031562,SAE MA EUL,Passenger Ship,8031562
/vessels/details/440221590,NOTILUS,Passenger ship,440221590
/vessels/details/440301110,PYEONGHWAHWE RI5HO,Passenger ship,440301110
/vessels/details/9169952,HAEDO MARINER,Passenger Ship,9169952
/vessels/details/440301960,GUEM OH EXPRESSFERRY,Passenger ship,440301960
/vessels/details/9138020,SAE JONG FERRY,Passenger Ship,9138020
/vessels/details/440200997,5 EUNHASOO HO,Passenger ship,440200997
/vessels/details/440116110,JE1 NEW STAR,Passenger ship,440116110
/vessels/details/440105070,BAEK RYAONG2,Passenger ship,440105070
/vessels/details/7312830,DAE HEUNG,Passenger Ship,7312830
/vessels/details/440144630,SONGLIMFERRY3HO,Passenger ship,440144630
/vessels/details/440017010,SEOHAENURI,Passenger ship,440017010
/vessels/details/440314780,PYEONGHWA FERRY NO9,Passenger ship,440314780
/vessels/details/440128610,MI NAM HO,Passenger ship,440128610
/vessels/details/9320192,SEODONG NO. 3,Passenger/Ro-Ro Cargo Ship,9320192
/vessels/details/8814134,KOREA EXPRESS,Passenger Ship,8814134
/vessels/details/9185669,KUK DONG CRUISE,Passenger Ship,9185669
/vessels/details/440142470,SEOM SARANG 6HO,Passenger ship,440142470
/vessels/details/9838292,SONGLIM BLUE OCEAN,Passenger/Ro-Ro Cargo Ship,9838292
/vessels/details/8876405,GOLD FERRY 3HO,Passenger/Ro-Ro Cargo Ship,8876405
/vessels/details/440151060,NO1HANSOL,Passenger ship,440151060
/vessels/details/440323970,SEOM SA RANG NO.13,Passenger ship,440323970
/vessels/details/9184342,SHINHAE NO. 9,Passenger/Ro-Ro Cargo Ship,9184342
/vessels/details/9223021,SEJONG NO. 1,Passenger Ship,9223021
/vessels/details/440105690,DAEBUGOSOKPERI 9HO,Passenger ship,440105690
/vessels/details/440320190,CHEONSA3HO,Passenger ship,440320190
/vessels/details/9830654,NEW COSMOS,Passenger Ship,9830654
/vessels/details/9308730,ANGEL,Passenger Ship,9308730
/vessels/details/440031670,DAEBU GOSOK FERRY,Passenger ship,440031670
/vessels/details/440323650,NARAEHO,Passenger ship,440323650
/vessels/details/9694880,QUEEN STAR 2,Passenger Ship,9694880
/vessels/details/440304230,KEUM O FERRY NO.7,Passenger ship,440304230
/vessels/details/440059720,HAI JUNG HO,Passenger ship,440059720
/vessels/details/440103110,CHEOM DAN 7HO,Passenger ship,440103110
/vessels/details/9184512,NEW AIRPORT NO. 3,Passenger Ship,9184512
/vessels/details/440077530,DIANA,Passenger ship,440077530
/vessels/details/440317750,SEOMSARANG NO.10,Passenger ship,440317750
/vessels/details/440101450,HAN SEONG 1 HO,Passenger ship,440101450
/vessels/details/440412790,YEONORANG,Passenger ship,440412790
/vessels/details/440110010,JE2 SARYANG,Passenger ship,440110010
/vessels/details/440126460,HAE OREUM A HO,Passenger ship,440126460
/vessels/details/440508730,HANGANGBUS 111,Passenger ship,440508730
/vessels/details/8904862,FERRY KIZUNA,Passenger/Ro-Ro Cargo Ship,8904862
/vessels/details/440051860,HAERANG2HO,Passenger ship,440051860
/vessels/details/9269116,MV REINA JUSTISYA,Passenger/Ro-Ro Cargo Ship,9269116
/vessels/details/9138032,BOSUNG FERRY,Passenger Ship,9138032
/vessels/details/440139850,SUMDRIBIGUM NONGHYUP,Passenger ship,440139850
/vessels/details/440504400,3EUNHASU,Passenger ship,440504400
/vessels/details/440185120,WOO DO SA RANG 3HO,Passenger ship,440185120
/vessels/details/440210960,HANGANG112,Passenger ship,440210960
/vessels/details/440705620,BLUERAY2,Passenger ship,440705620
/vessels/details/440189780,SINSEONDAE1 HO,Passenger ship,440189780
/vessels/details/440058950,SUWON HO,Passenger ship,440058950
/vessels/details/440175290,SEUNG LI,Passenger ship,440175290
/vessels/details/440305230,YEONGDONG KRYSTAL,Passenger ship,440305230
/vessels/details/440042810,HAEURI 306,Passenger ship,440042810
/vessels/details/440334120,NO.2 KUEMKANG,Passenger ship,440334120
/vessels/details/9277022,JANGBOGO,Passenger Ship,9277022
/vessels/details/440414020,RISABU CRUISE,Passenger ship,440414020
/vessels/details/440034740,SEOMSARANG 16HO,Passenger ship,440034740
/vessels/details/440309990,KAISYAREU100JJR-160,Passenger ship (HAZ-B),440309990
/vessels/details/440301720,HAERANG HO,Passenger ship,440301720
/vessels/details/440003110,HAENURY,Passenger ship,440003110
/vessels/details/440050790,PYEONGHWAFERRY.NO11,Passenger ship,440050790
/vessels/details/440334250,WAN NONG FERRY NO.2,Passenger ship,440334250
/vessels/details/441073000,KCG1505,Passenger ship,441073000
/vessels/details/440032330,SEJONG9HO,Passenger ship,440032330
/vessels/details/9133379,GOLD CAR FERRY,Passenger Ship,9133379
/vessels/details/9834935,KOREA EXPRESS CAR FERRY,Passenger/Ro-Ro Cargo Ship,9834935
/vessels/details/440200190,DAEHYENG CAFERY NO.2,Passenger ship,440200190
/vessels/details/440202730,BADA NURI HO,Passenger ship,440202730
/vessels/details/440332730,HANGANG109,Passenger ship,440332730
/vessels/details/440213050,GAJASEAGEAROHO,Passenger ship (HAZ-C),440213050
/vessels/details/440600447,HAPPY HOUR,Passenger ship,440600447
/vessels/details/440205380,HAN GIL3,Passenger ship,440205380
/vessels/details/440150740,NARI,Passenger ship,440150740
/vessels/details/440113300,GLORY TOUR,Passenger ship,440113300
/vessels/details/440075380,DAE SUNG GOLD HO,Passenger ship,440075380
/vessels/details/440010560,SE JONG 5HO,Passenger ship,440010560
/vessels/details/9380702,SEOMSARANG NO. 7,Passenger/Ro-Ro Cargo Ship,9380702
/vessels/details/9246372,KUMIL FERRY,Passenger/Ro-Ro Cargo Ship,9246372
/vessels/details/440307870,DOCHOCARFERRY2,Passenger ship,440307870
/vessels/details/8532944,SUMDRI BIGUM NONGHYUP EXPRESS FERRY,Passenger/Ro-Ro Cargo Ship,8532944
/vessels/details/8534722,DOCHO CAR FERRY,Passenger/Ro-Ro Cargo Ship,8534722
/vessels/details/8629307,CITI,Passenger Ship,8629307
/vessels/details/8707070,ILEOKJO,Passenger Ship,8707070
/vessels/details/440315540,DAEJANGDOHO,Passenger ship,440315540
/vessels/details/9106089,WEST GREEN,Passenger Ship,9106089
/vessels/details/440213230,SONG DO HO,Passenger ship,440213230
/vessels/details/440079540,HAN RYEO 9,Passenger ship,440079540
/vessels/details/8827856,USELL BETA,Passenger Ship,8827856
/vessels/details/440201013,5 EUNHASOO HO,Passenger ship,440201013
/vessels/details/9087336,PARADISE,Passenger Ship,9087336
/vessels/details/440123889,LUJIAOYU60687,Passenger ship (HAZ-C),440123889
/vessels/details/7311903,KWANG SOON,Passenger/General Cargo Ship,7311903
/vessels/details/8031926,O YANG NO. 705,Passenger Ship,8031926
/vessels/details/440118670,A RA HO,Passenger ship,440118670
/vessels/details/8960804,BISAN,Passenger Ship,8960804
/vessels/details/440705480,NEW AULGI CARFERRY,Passenger ship,440705480
/vessels/details/7820083,NAM HAE NO. 7,Passenger Ship,7820083
/vessels/details/9328986,KOREA PRINCESS,Passenger Ship,9328986
/vessels/details/9344277,GEOGEUM CAR FERRY NO. 15,Passenger/Ro-Ro Cargo Ship,9344277
/vessels/details/9859143,GUNSAN PEARL,Passenger/Ro-Ro Cargo Ship,9859143
/vessels/details/9283356,KOREA STAR,Passenger Ship,9283356
/vessels/details/8629917,ELFFE 1,Passenger Ship,8629917
/vessels/details/440329260,MAN SE HO,Passenger ship,440329260
/vessels/details/440324190,YOUNGJIN PERRY 5HO,Passenger ship,440324190
/vessels/details/440300635,PEULROPIA,Passenger ship,440300635
/vessels/details/440129150,JE IL 9HO,Passenger ship,440129150
/vessels/details/440091870,UDOFERRY3HO,Passenger ship,440091870
/vessels/details/9401207,SINHAN EXPRESS FERRY,Passenger/Ro-Ro Cargo Ship,9401207
/vessels/details/440069040,SEOMSARANG HO,Passenger ship,440069040
/vessels/details/9142801,UTOPIA,Passenger Ship,9142801
/vessels/details/9300336,HAJINGOSOCKCARFERRY,Passenger/Ro-Ro Cargo Ship,9300336
/vessels/details/440319640,NEWJANGBOGOHO,Passenger ship,440319640
/vessels/details/7327861,FERRY,Passenger Ship,7327861
/vessels/details/440171820,GRAND FERRY,Passenger ship,440171820
/vessels/details/440311950,DEUKRYANG 5,Passenger ship,440311950
/vessels/details/440707045,NO.3 GO71HD0PUD C 2,Passenger ship,440707045
/vessels/details/440116870,YOKJIHO,Passenger ship,440116870
/vessels/details/440029550,SONGRIM BLUE OCEAN,Passenger ship,440029550
/vessels/details/440300560,SEOMSARANG NO.2,Passenger ship,440300560
/vessels/details/8533601,MIRAE NO. 13,Passenger/Ro-Ro Cargo Ship,8533601
/vessels/details/9873292,SUNFLOWER CRUISE,Passenger/Ro-Ro Cargo Ship,9873292
/vessels/details/8921779,VOYAGER,Passenger Ship,8921779
/vessels/details/9154517,JEJUCRUISE,Passenger/Ro-Ro Cargo Ship,9154517
/vessels/details/440152820,KEYNG KUM HO,Passenger ship,440152820
/vessels/details/440002510,GANGHWAFERRY,Passenger ship,440002510
/vessels/details/440129790,IK SEONG,Passenger ship,440129790
/vessels/details/9676278,MIRAE 9,Passenger/Ro-Ro Cargo Ship,9676278
/vessels/details/9615250,SEASTAR 5,Passenger Ship,9615250
/vessels/details/440304270,SEOMSARANG NO.7,Passenger ship,440304270
/vessels/details/8875736,SIN KWANG EXPRESS FERRY,Passenger/Ro-Ro Cargo Ship,8875736
/vessels/details/440410560,HAN SOL 2 HO,Passenger ship,440410560
/vessels/details/9305520,SEOMSARANG NO. 6,Passenger Ship,9305520
/vessels/details/440070660,ROITANIA,Passenger ship,440070660
/vessels/details/440109850,JI SE 3 HO,Passenger ship,440109850
/vessels/details/440158150,CHEONSA ISLAND3,Passenger ship,440158150
/vessels/details/7416325,NAM HAE,Passenger Ship,7416325
/vessels/details/440145080,JE16 JIN YEONG HO,Passenger ship,440145080
/vessels/details/8827844,USELL ALPHA,Passenger Ship,8827844
/vessels/details/440147650,YOKJIYEONGDONGGOLD,Passenger ship,440147650
/vessels/details/440705770,998DEAHAN HO,Passenger ship,440705770
/vessels/details/440313240,HYUNDAI CRUISE,Passenger ship,440313240
/vessels/details/440014220,3004,Passenger ship,440014220
/vessels/details/440018420,SIN YANG MASON,Passenger ship,440018420
/vessels/details/440337750,CHUNGHAE 2HO,Passenger ship,440337750
/vessels/details/9001526,TIGER,Passenger/Ro-Ro Cargo Ship,9001526
/vessels/details/440328350,SEOM SARANG 11,Passenger ship,440328350
/vessels/details/440101130,BO RYEONG DONG BAEK,Passenger ship,440101130
/vessels/details/8031938,BAEKDO GOOKYUNG,Passenger Ship,8031938
/vessels/details/9281243,SEOMSARANG NO.6,Passenger/Ro-Ro Cargo Ship,9281243
/vessels/details/9082570,NEW NAMHAE QUEEN,Passenger Ship,9082570
/vessels/details/9955210,EOCHEONG CAR FERRY,Passenger/Ro-Ro Cargo Ship,9955210
/vessels/details/440046910,KOREA EXPRESS,Passenger ship,440046910
/vessels/details/9090943,SAMBONG,Passenger Ship,9090943
/vessels/details/440092670,BIYANDO,Passenger ship,440092670
/vessels/details/440707500,EOCHEONG CARFERRY,Passenger ship,440707500
/vessels/details/9139347,YOUNG SIN HAESANG,Passenger Ship,9139347
/vessels/details/440333660,JAGALCHI CRUISE,Passenger ship,440333660
/vessels/details/440333920,SEOM SA RANG 1HO,Passenger ship,440333920
/vessels/details/8629905,NODLE,Passenger Ship,8629905
/vessels/details/440001980,SEOMSARANG3HO,Passenger ship,440001980
/vessels/details/440055170,NO.3 DONGBAEK,Passenger ship,440055170
/vessels/details/9321627,DOCHO CAR FERRY2,Passenger/Ro-Ro Cargo Ship,9321627
/vessels/details/9140891,AURORA,Passenger Ship,9140891
/vessels/details/440156420,SIN BI HO,Passenger ship,440156420
/vessels/details/7855442,NARA,Passenger Ship,7855442
/vessels/details/8629890,MANDARIN DUCK,Passenger Ship,8629890
/vessels/details/440129360,UDO SARANG 5,Passenger ship,440129360
/vessels/details/440023920,SAMBO NO.6,Passenger ship,440023920
/vessels/details/440707061,NO.3 GO71HD0PUD C 2,Passenger ship,440707061
/vessels/details/9170236,DAECHEON CRUISE,Passenger Ship,9170236
/vessels/details/9148831,SINHAE NO. 5,Passenger/Ro-Ro Cargo Ship,9148831
/vessels/details/8873166,JEUNG DO NO. 1,Passenger/Ro-Ro Cargo Ship,8873166
/vessels/details/440338630,GASA FERRY,Passenger ship,440338630
/vessels/details/441162981,SEONG HEE,Passenger ship,441162981
/vessels/details/8875982,JOYANG FERRY NO. 1,Passenger/Ro-Ro Cargo Ship,8875982
/vessels/details/440705860,BLUERAY1,Passenger ship,440705860
/vessels/details/8533493,ECONURI,Passenger Ship,8533493
/vessels/details/440510360,SSUK SEOM HO,Passenger ship,440510360
/vessels/details/440081880,BLUERAY3,Passenger ship,440081880
/vessels/details/9870226,HAMEL,Passenger Ship,9870226
/vessels/details/440233013,PANSTAR TSUSHIMA LIN,Passenger ship,440233013
/vessels/details/440987654,AIS 571,Passenger ship,440987654
/vessels/details/440313150,HANGANG 101,Passenger ship,440313150
/vessels/details/440150320,SAMWONHO,Passenger ship,440150320
/vessels/details/440111930,BAENISEU,Passenger ship,440111930
/vessels/details/8827703,SAIL NO. 102,Passenger Ship,8827703
/vessels/details/440011280,KOREANA,Passenger ship,440011280
/vessels/details/8629553,KWAN KWANG NO. 9,Passenger Ship,8629553
/vessels/details/440317360,HAN RYEO 3HO,Passenger ship,440317360
/vessels/details/440095860,HAERANG5HO,Passenger ship,440095860
/vessels/details/440010340,PRINCESS,Passenger ship,440010340
/vessels/details/9155640,SINHAN FERRY NO. 3,Passenger/Ro-Ro Cargo Ship,9155640
/vessels/details/440333060,SEOMSARANG 12HO,Passenger ship,440333060
/vessels/details/440004300,DAIAN FERRY,Passenger ship,440004300
/vessels/details/440021110,NOHWACARFERRY3HO,Passenger ship,440021110
/vessels/details/440702510,UDO LAND NO.1,Passenger ship,440702510
/vessels/details/7507538,VENUS NO. 1,Passenger Ship,7507538
/vessels/details/440105570,CHUNG MU GONG 1,Passenger ship,440105570
/vessels/details/9812767,NEW SHIDAO PEARL,Passenger/Ro-Ro Cargo Ship,9812767
/vessels/details/440329080,POONGJINFERRY5HO,Passenger ship,440329080
/vessels/details/6917748,DONG YANG EXPRESS FERRY NO. 3,Passenger Ship,6917748
/vessels/details/440154350,HAMEL CRUISE SHIP,Passenger ship,440154350
/vessels/details/440012800,HAEUNDAERIVERCRUISE,Passenger ship,440012800
/vessels/details/440007790,BAN GA WER,Passenger ship,440007790
/vessels/details/440332810,EUNHAEFERRY,Passenger ship,440332810
/vessels/details/8219528,OLYMPIC,Passenger Ship,8219528
/vessels/details/9004970,GANG REUNG CRUISE HO,Passenger Ship,9004970
/vessels/details/440334860,SLOW ISLAND,Passenger ship,440334860
/vessels/details/9228605,WESTFRONTIER,Passenger Ship,9228605
/vessels/details/440506020,PAJANGGUEMCARFERRY,Passenger ship,440506020
/vessels/details/440323750,PURPLE,Passenger ship,440323750
/vessels/details/440177010,YEOUL,Passenger ship,440177010
/vessels/details/440190220,HANSAN NONGHYUPFERRY,Passenger ship,440190220
/vessels/details/440304240,GUMIL FERRY NO.2,Passenger ship,440304240
/vessels/details/440311160,AH PYEONG,Passenger ship,440311160
/vessels/details/440407460,HANGANG110,Passenger ship,440407460
/vessels/details/440322160,UTOPIA,Passenger ship,440322160
/vessels/details/9945588,KOREA PRIDE,Passenger Ship,9945588
/vessels/details/440212060,PUREUN NARAE,Passenger ship,440212060
/vessels/details/9046007,SUNCRUISER,Passenger Ship,9046007
/vessels/details/440126990,WHARANG,Passenger ship,440126990
/vessels/details/440193710,HAPPY CRUISE,Passenger ship,440193710
/vessels/details/9276999,NEW UHCHEONG FERRY,Passenger Ship,9276999
/vessels/details/440032230,NEW ANGEL,Passenger ship,440032230
/vessels/details/440177410,SANG YUN HAE SANG1HO,Passenger ship,440177410
/vessels/details/440052320,BAEGHO HO,Passenger ship,440052320
/vessels/details/440192010,YOKJI CAR FERRY HO,Passenger ship,440192010
/vessels/details/440129910,SONGAKSAN102,Passenger ship,440129910
/vessels/details/440139280,CHENSA2HO,Passenger ship,440139280
/vessels/details/9637480,MIRAE NO. 3,Passenger/Ro-Ro Cargo Ship,9637480
/vessels/details/440210110,SEOMSARANG 5HO,Passenger ship,440210110
/vessels/details/440300672,GASAFERRY NO3,Passenger ship,440300672
/vessels/details/9291523,ARION JEJU,Passenger/Ro-Ro Cargo Ship,9291523
/vessels/details/440602840,TONGJEYEONG HO,Passenger ship,440602840
/vessels/details/8912704,NAM HAE STAR,Passenger Ship,8912704
/vessels/details/440003840,PLOPIA 2,Passenger ship,440003840
/vessels/details/8132548,CHANG YOUNG,Passenger Ship,8132548
/vessels/details/9186443,DAEHEUNG FERRY NO. 9,Passenger/Ro-Ro Cargo Ship,9186443
/vessels/details/440302330,WANNONG FERRY 5HO,Passenger ship,440302330
/vessels/details/9749013,MOSEULPO NO. 2,Passenger Ship,9749013
/vessels/details/440117660,SEOMSARANG NO.17,Passenger ship,440117660
/vessels/details/440184070,HWANGYEONG12HO,Passenger ship,440184070
/vessels/details/9260512,SEOMSARANG NO. 3,Passenger/Ro-Ro Cargo Ship,9260512
/vessels/details/440116690,HE GEUM GANG 2HO,Passenger ship,440116690
/vessels/details/9327750,CHEONSA CAR FERRY,Passenger/Ro-Ro Cargo Ship,9327750
/vessels/details/9154878,DONGYANG GOLD,Passenger Ship,9154878
/vessels/details/440137480,WANNONG FERRY 3HO,Passenger ship,440137480
/vessels/details/440713500,MU RYONG 1,Passenger ship,440713500
/vessels/details/9604835,SEASTAR 1,Passenger Ship,9604835
/vessels/details/440000670,DREAM JANGBOGOHO,Passenger ship,440000670
/vessels/details/9114220,JULIA AQUA,Passenger Ship,9114220
/vessels/details/7327873,HYANG NAM,Passenger Ship,7327873
/vessels/details/440159460,TONG YEONG SEOM DORI,Passenger ship,440159460
/vessels/details/9241748,SEOMSARANG NO. 1,Passenger/Ro-Ro Cargo Ship,9241748
/vessels/details/8822179,CARNATION,Passenger Ship,8822179
/vessels/details/9133991,CHEONGHAEJIN CAR FERRY NO. 1,Passenger Ship,9133991
/vessels/details/440200960,5 EUNHASOO HO,Passenger ship,440200960
/vessels/details/440414910,SLOCITY3HO,Passenger ship,440414910
/vessels/details/8979659,SHANGRILA,Passenger Ship,8979659
/vessels/details/9153692,SINJIN FERRY NO. 2,Passenger Ship,9153692
/vessels/details/8823733,FERRY HISAKA,Passenger Ship,8823733
/vessels/details/9230579,LAND END TO BOKIL,Passenger/Ro-Ro Cargo Ship,9230579
/vessels/details/440001310,NO.11HANLIMFERRY,Passenger ship,440001310
/vessels/details/440301190,DONGYANG GOLD,Passenger ship,440301190
/vessels/details/440003530,5 DEOG IL,Passenger ship,440003530
/vessels/details/440120930,15 SU YUNG HO,Passenger ship,440120930
/vessels/details/9820489,SEASTAR11,Passenger Ship,9820489
/vessels/details/440122450,29 DEOK JIN HO,Passenger ship,440122450
/vessels/details/7729813,KYUNG JU,Passenger Ship,7729813
/vessels/details/440413840,SEONYEO,Passenger ship,440413840
/vessels/details/440317830,NOHWACARFERRY5HO,Passenger ship,440317830
/vessels/details/440118560,CHEONGSAN ISLAND,Passenger ship,440118560
/vessels/details/440302170,SHINWON1000,Passenger ship,440302170
/vessels/details/440111650,GROLIA,Passenger ship,440111650
/vessels/details/440216560,SLOW CITY CHEONG SAN,Passenger ship,440216560
/vessels/details/9185683,SEASTAR 3,Passenger Ship,9185683
/vessels/details/440149960,DONG MYEONG,Passenger ship,440149960
/vessels/details/8132586,PRINCE,Passenger Ship,8132586
/vessels/details/440110130,BAEKJO 7HO,Passenger ship,440110130
/vessels/details/440119730,DOLPHINS EXPRESS,Passenger ship,440119730
/vessels/details/440310880,SEMSARANG NO.8HO,Passenger ship,440310880
/vessels/details/9142813,PINKDOLPHIN,Passenger Ship,9142813
/vessels/details/440157510,HANSAN NONGHYUP 3HO,Passenger ship,440157510
/vessels/details/440333045,NINA,Passenger ship,440333045
/vessels/details/9043718,MARINE BRIDGE,Passenger Ship,9043718
/vessels/details/440155740,101FERY,Passenger ship,440155740
/vessels/details/440007870,SAMBO12,Passenger ship,440007870
/vessels/details/7930565,COMMODORE KOSOK NO. 2,Passenger/General Cargo Ship,7930565
/vessels/details/440503730,SEOMSARANG 2HO,Passenger ship,440503730
/vessels/details/8629656,UVA,Passenger Ship,8629656
/vessels/details/8534708,QUEEN CHEONGSAN,Passenger/Ro-Ro Cargo Ship,8534708
/vessels/details/8718586,CAMELLIA,Passenger Ship,8718586
/vessels/details/441162997,SEONG HEE,Passenger ship,441162997
/vessels/details/440007580,MIRAE 15HO,Passenger ship,440007580
/vessels/details/8607385,SEJONG,Fish Factory Ship,8607385
/vessels/details/8505977,SAE IN LEADER,Fishing Vessel,8505977
/vessels/details/9829124,NO.38 MUGUNGHWA,Fishing Support Vessel,9829124
/vessels/details/9824409,MUGUNGHWA NO.36,Fishing Support Vessel,9824409
/vessels/details/9699579,SHILLA PIONEER,Fishing Vessel,9699579
/vessels/details/6622745,SAEBADA,Fish Factory Ship,6622745
/vessels/details/9713985,FV.MIRAERO,Fishing Vessel,9713985
/vessels/details/9010345,VASCO,Fishing Vessel,9010345
/vessels/details/8532920,MUGUNGHWA NO. 24,Fishing Support Vessel,8532920
/vessels/details/8571134,TAMGU NO. 22,Fishing Support Vessel,8571134
/vessels/details/9262833,BLUE OCEAN,Fishing Vessel,9262833
/vessels/details/8662828,SKYMAX 101,Fishing Vessel,8662828
/vessels/details/9012355,OCEAN PARK,Fishing Vessel,9012355
/vessels/details/8821292,SAE IN PIONEER,Fishing Vessel,8821292
/vessels/details/8608822,SEVEN PARK,Fishing Vessel,8608822
/vessels/details/8532906,MUGUNGHWA NO. 13,Fishing Support Vessel,8532906
/vessels/details/9230646,SAE IN VICTOR,Fishing Vessel,9230646
/vessels/details/9196785,TS CHUNG HAE JIN,Fishing Vessel,9196785
/vessels/details/7123693,O YANG NO. 97,Fishing Vessel,7123693
/vessels/details/8905567,NO 621DONGWON,Fishing Vessel,8905567
/vessels/details/8911310,NO631DONGWON,Fishing Vessel,8911310
/vessels/details/9032991,NO.637 DONGWON,Fishing Vessel,9032991
/vessels/details/8821541,NO.211DONG WON,Fishing Vessel,8821541
/vessels/details/8717805,DONG WON NO.203,Fishing Vessel,8717805
/vessels/details/8804062,355ORYONG,Fishing Vessel,8804062
/vessels/details/8748816,SAE IN MASTER,Fishing Vessel,8748816
/vessels/details/7410113,AGNES 9,Fishing Vessel,7410113
/vessels/details/7410072,HAE JEONG 1,Fishing Vessel,7410072
/vessels/details/7394577,SUN HAE NO. 316,Fishing Vessel,7394577
/vessels/details/8821369,NO 735 ORYONG,Fishing Vessel,8821369
/vessels/details/8613621,NO101 OYANG,Fishing Vessel,8613621
/vessels/details/440113650,PARKER HO,Fishing vessel,440113650
/vessels/details/440000400,HAE YANG HO,Fishing vessel,440000400
/vessels/details/440705460,SUNPUNGHO,Fishing vessel,440705460
/vessels/details/440156789,105WOOYANG,Fishing vessel,440156789
/vessels/details/440037910,YEON HWA HO,Fishing vessel,440037910
/vessels/details/440009780,MAN SEONG HO,Fishing vessel,440009780
/vessels/details/440410890,DONGMYUNG,Fishing vessel,440410890
/vessels/details/440103980,308 DAE YOUNG HO,Fishing vessel,440103980
/vessels/details/440139550,JIN SEONG HO,Fishing vessel,440139550
/vessels/details/8827739,O YANG NO. 806,Fish Carrier,8827739
/vessels/details/440111670,DARK HORSE,Fishing vessel,440111670
/vessels/details/440600417,GWANGYUNG,Fishing vessel,440600417
/vessels/details/441538000,JE101 SEONGJINHO,Fishing vessel,441538000
/vessels/details/440136910,SIN YOUNG HO,Fishing vessel,440136910
/vessels/details/5071212,CHOKYU MARU NO. 21,Fishing Vessel,5071212
/vessels/details/440327450,SUNG SIN HO,Fishing vessel,440327450
/vessels/details/440734500,GEUMNAMHO,Fishing vessel,440734500
/vessels/details/440125300,88MYUNG CHEON,Fishing vessel,440125300
/vessels/details/440099590,DAE BAK HO,Fishing vessel,440099590
/vessels/details/440132100,BAEK DUSAN HO,Fishing vessel,440132100
/vessels/details/7220972,KWANG MYUNG NO. 10,Fishing Vessel,7220972
/vessels/details/440034330,HAI SUNG,Fishing vessel,440034330
/vessels/details/440411270,88BU YUNG,Fishing vessel,440411270
/vessels/details/440196810,HA ON HO,Fishing vessel,440196810
/vessels/details/440409010,YONG OENHO,Fishing vessel,440409010
/vessels/details/440142310,CHEON KANG,Fishing vessel,440142310
/vessels/details/440021710,SEO KWANG 3HO,Fishing vessel,440021710
/vessels/details/440013490,JINZOO7 HO,Fishing vessel,440013490
/vessels/details/440058380,2 EUN JIN HO,Fishing vessel,440058380
/vessels/details/440010400,78 IM SU,Fishing vessel,440010400
/vessels/details/8610643,303 ORYONG,Fishing Vessel,8610643
/vessels/details/440128640,NEW DEAL,Fishing vessel,440128640
/vessels/details/440323530,3 DAE YANG,Fishing vessel,440323530
/vessels/details/8327894,HAE WANG NO. 21,Fishing Vessel,8327894
/vessels/details/440117170,2012SHIN A,Fishing vessel,440117170
/vessels/details/440031510,YULIMHO,Fishing vessel,440031510
/vessels/details/440004570,NO2 DAE CHEONG 0,Fishing vessel,440004570
/vessels/details/440060520,BOO YOUNG,Fishing vessel,440060520
/vessels/details/6921567,SEO YANG NO. 89,Fishing Vessel,6921567
/vessels/details/440328490,RISSANGHO,Fishing vessel,440328490
/vessels/details/440204090,MYEONGYANGHO,Fishing vessel,440204090
/vessels/details/440122660,99GWANGYANG,Fishing vessel,440122660
/vessels/details/440129310,301 CHEONG GWANG,Fishing vessel,440129310
/vessels/details/440113330,337HAN SEONG HO,Fishing vessel,440113330
/vessels/details/440122940,113 HONG EUN,Fishing vessel,440122940
/vessels/details/440122805,55 KUM JEONG,Fishing vessel,440122805
/vessels/details/440201280,WOO YEN HO,Fishing vessel,440201280
/vessels/details/440081690,HANKOOK,Fishing vessel,440081690
/vessels/details/6725937,DAE WANG NO. 102,Fishing Vessel,6725937
/vessels/details/440509760,NO1,Fishing vessel,440509760
/vessels/details/6416639,HAE YANG NO. 3,Fishing Vessel,6416639
/vessels/details/440006949,DAE GYEONG HO,Fishing vessel,440006949
/vessels/details/440134050,HYUNDAE 10 HO,Fishing vessel,440134050
/vessels/details/440142890,BINSEU,Fishing vessel,440142890
/vessels/details/440600198,800HYUN JONG,Fishing vessel,440600198
/vessels/details/440104530,17 DAEIL,Fishing vessel,440104530
/vessels/details/440139130,DRAGON 1 HO,Fishing vessel,440139130
/vessels/details/440169650,FELIXHO,Fishing vessel,440169650
/vessels/details/440148040,HAE GEUM GANG HO,Fishing vessel,440148040
/vessels/details/440403790,61PYEONG HWA,Fishing vessel,440403790
/vessels/details/440146390,GEUM SEONG 3 HO,Fishing vessel,440146390
/vessels/details/8709092,ORYONG NO 708,Fishing Vessel,8709092
/vessels/details/9011167,DONGWON639,Fishing Vessel,9011167
/vessels/details/7734703,SE YANG NO. 55,Fishing Vessel,7734703
/vessels/details/440331890,YONG SEONG,Fishing vessel,440331890
/vessels/details/9041100,ORYONG NO.725,Fishing Vessel,9041100
/vessels/details/440175850,SUNG JIN,Fishing vessel,440175850
/vessels/details/440008220,DAEYANGHO,Fishing vessel,440008220
/vessels/details/440194630,BU YOUNG HO,Fishing vessel,440194630
/vessels/details/8821333,HAE SEUNG NO. 151,Fishing Vessel,8821333
/vessels/details/440312260,SEONGPUNGHO,Fishing vessel,440312260
/vessels/details/6620424,NAM HAE NO. 273,Fishing Vessel,6620424
/vessels/details/440917336,WUUSPNGEQISSBI -,Fishing vessel,440917336
/vessels/details/440159910,DOONG DOONG HO,Fishing vessel,440159910
/vessels/details/440005610,SEVEN STAR,Fishing vessel,440005610
/vessels/details/6704529,BAEK YEONG NO. 109,Fishing Vessel,6704529
/vessels/details/440150580,JOYANGHO,Fishing vessel,440150580
/vessels/details/440100470,AULHO,Fishing vessel,440100470
/vessels/details/440183260,2TAEYANGHO,Fishing vessel,440183260
/vessels/details/440144340,CASCADE,Fishing vessel,440144340
/vessels/details/440325150,608GIL JEONG HO,Fishing vessel,440325150
/vessels/details/440000458,YONGSUNG 7HO,Fishing vessel,440000458
/vessels/details/440137720,YONG JIN 3 HO,Fishing vessel,440137720
/vessels/details/440406850,EO BOK,Fishing vessel,440406850
/vessels/details/8413552,YOUNG KIL NO. 36,Fishing Vessel,8413552
/vessels/details/440181020,BOSTON WHALER 305 HO,Fishing vessel,440181020
/vessels/details/440122880,102 DAE SUEONG,Fishing vessel,440122880
/vessels/details/440503270,MI PO,Fishing vessel,440503270
/vessels/details/440208560,HWANG HAE HO,Fishing vessel,440208560
/vessels/details/440323490,BLUWON HO,Fishing vessel,440323490
/vessels/details/6716376,TAE YANG NO. 106,Fishing Vessel,6716376
/vessels/details/440402520,SAESUMNURI,Fishing vessel,440402520
/vessels/details/440195970,MYEONG JIN 88,Fishing vessel,440195970
/vessels/details/440332110,YOUNG JI HO,Fishing vessel,440332110
/vessels/details/440223450,JONG GOOK HO,Fishing vessel,440223450
/vessels/details/440159630,77MYEONG CHEON,Fishing vessel,440159630
/vessels/details/440200225,MYUNGSUNG2HO,Fishing vessel,440200225
/vessels/details/440025520,MARUHO,Fishing vessel,440025520
/vessels/details/440184850,ROOKIE,Fishing vessel,440184850
/vessels/details/440155960,TAE PYEONG HO,Fishing vessel,440155960
/vessels/details/440116820,MIDAS-720,Fishing vessel,440116820
/vessels/details/440191550,SU DEOG,Fishing vessel,440191550
/vessels/details/6423034,YOUNG KWANG NO. 5,Fishing Vessel,6423034
/vessels/details/440706330,MONSTER HO,Fishing vessel,440706330
/vessels/details/440410250,SUPER MARLIN,Fishing vessel,440410250
/vessels/details/8905579,NO.622 DONGWON,Fishing Vessel,8905579
/vessels/details/440030770,KYE RIM 1HO,Fishing vessel,440030770
/vessels/details/440000114,WOLKWANG MARINE,Fishing vessel,440000114
/vessels/details/440073540,JE IL HO,Fishing vessel,440073540
/vessels/details/440012390,99 YOUNG GWANG,Fishing vessel,440012390
/vessels/details/440334840,DAEJIN 5HO,Fishing vessel,440334840
/vessels/details/440113230,NEW TOP FISHING,Fishing vessel,440113230
/vessels/details/440212960,CHUNGWOON,Fishing vessel,440212960
/vessels/details/440748300,BOKGILIHO,Fishing vessel,440748300
/vessels/details/440030020,SEOK HWAN HO,Fishing vessel,440030020
/vessels/details/440700880,DURI,Fishing vessel,440700880
/vessels/details/440204280,HAE SEONG HO,Fishing vessel,440204280
/vessels/details/440707270,GRANG BLUE,Fishing vessel,440707270
/vessels/details/440504130,F,Fishing vessel,440504130
/vessels/details/440142130,11 HAE SEONG,Fishing vessel,440142130
/vessels/details/8647567,SETA 62,Fishing Vessel,8647567
/vessels/details/440009620,MINYEONG,Fishing vessel,440009620
/vessels/details/440333310,CHEONGYANG FISHING,Fishing vessel,440333310
/vessels/details/440202870,CHAR LIE,Fishing vessel,440202870
/vessels/details/440031940,1 CHEONG HAE,Fishing vessel,440031940
/vessels/details/440070970,TEAM SKY,Fishing vessel,440070970
/vessels/details/440184690,HAI DAL SU SAN,Fishing vessel,440184690
/vessels/details/440413270,MEOT JAENG I,Fishing vessel,440413270
/vessels/details/440212840,7HAESIN,Fishing vessel,440212840
/vessels/details/440010380,2 HYE KWANG HO,Fishing vessel,440010380
/vessels/details/440121890,7 DAE YANG HO,Fishing vessel,440121890
/vessels/details/7937159,KOTOKU MARU NO. 28,Fishing Vessel,7937159
/vessels/details/440506770,HEUK RYONG HO,Fishing vessel,440506770
/vessels/details/440219510,KOREANA2,Fishing vessel,440219510
/vessels/details/440221790,HAE RYONG,Fishing vessel,440221790
/vessels/details/440103460,MIGANG1HO,Fishing vessel,440103460
/vessels/details/5396820,HAN GIL NO. 16,Fishing Vessel,5396820
/vessels/details/440148340,508 GANG SEONG,Fishing vessel,440148340
/vessels/details/440412540,JOSABEUROHO,Fishing vessel,440412540
/vessels/details/440078880,GAMAUJI,Fishing vessel,440078880
/vessels/details/440110930,HYUN DAI HO,Fishing vessel,440110930
/vessels/details/440196140,CHANG GIL,Fishing vessel,440196140
/vessels/details/440019400,JE103 MYEONGJEONG,Fishing vessel,440019400
/vessels/details/440304550,ANSONG,Fishing vessel,440304550
/vessels/details/440122390,DAE YANG,Fishing vessel,440122390
/vessels/details/440184260,STELLA,Fishing vessel,440184260
/vessels/details/440102530,102 NAM PO,Fishing vessel,440102530
/vessels/details/440185310,SUE FEO SE TA,Fishing vessel,440185310
/vessels/details/440221270,EUN HYE,Fishing vessel,440221270
/vessels/details/440066710,BLACK STONE HO,Fishing vessel,440066710
/vessels/details/440068750,BYTE,Fishing vessel,440068750
/vessels/details/7394022,AUROLA NO. 7,Fishing Vessel,7394022
/vessels/details/440182330,SEONG JIN HO,Fishing vessel,440182330
/vessels/details/440100530,7 SUNG UNG,Fishing vessel,440100530
/vessels/details/440079280,VINUS,Fishing vessel,440079280
/vessels/details/440089450,BEST FISHING HO,Fishing vessel,440089450
/vessels/details/440146040,101WONJO HO,Fishing vessel,440146040
/vessels/details/440199820,CHUNGJUNG,Fishing vessel,440199820
/vessels/details/440185240,BEST HO,Fishing vessel,440185240
/vessels/details/440047710,YOUNG SIN HO,Fishing vessel,440047710
/vessels/details/440403130,NA LA HO,Fishing vessel,440403130
/vessels/details/440318250,FISHINGMANAGER2HO,Fishing vessel,440318250
/vessels/details/440130250,HERMES,Fishing vessel,440130250
/vessels/details/440209680,BR RAEK PUL,Fishing vessel,440209680
/vessels/details/440049480,3 SHIN YOUNG,Fishing vessel,440049480
/vessels/details/440110090,MIN SEONG,Fishing vessel,440110090
/vessels/details/440070540,FESTIVAL,Fishing vessel,440070540
/vessels/details/6508054,DONG HEUI NO. 17,Fishing Vessel,6508054
/vessels/details/9807243,SAE HAE RIM,Fishing Vessel,9807243
/vessels/details/440708240,2 JEONG YANG HO,Fishing vessel,440708240
/vessels/details/440338760,303MANSEON,Fishing vessel,440338760
/vessels/details/440128090,302 MYUNG YANG,Fishing vessel,440128090
/vessels/details/440148710,KKOTCHEONGCHUN1,Fishing vessel,440148710
/vessels/details/440015900,9 SAM YANG HO,Fishing vessel,440015900
/vessels/details/440081290,199 MYEONG JIN HO,Fishing vessel,440081290
/vessels/details/440086680,GEUM YOUNG HO,Fishing vessel,440086680
/vessels/details/440325190,YONG JIN HO,Fishing vessel,440325190
/vessels/details/440191280,DOLLS2,Fishing vessel,440191280
/vessels/details/440101590,SUJINHO,Fishing vessel,440101590
/vessels/details/440504250,DEOKSEONGHO,Fishing vessel,440504250
/vessels/details/440009420,SUNNY HO,Fishing vessel,440009420
/vessels/details/440146890,2PYEONGHWA HO,Fishing vessel,440146890
/vessels/details/8621068,GEUM YEONG NO. 31,Fishing Vessel,8621068
/vessels/details/5244730,DONG SUNG NO. 102,Fishing Vessel,5244730
/vessels/details/440200990,WOO JEONG HO,Fishing vessel,440200990
/vessels/details/6820567,MISO,Fishing Vessel,6820567
/vessels/details/6811803,SUNLIGHT NO. 20,Fishing Vessel,6811803
/vessels/details/441131450,WOO JU HO,Fishing vessel,441131450
/vessels/details/440112290,MIR.,Fishing vessel,440112290
/vessels/details/440049440,NO.2 MASTER,Fishing vessel,440049440
/vessels/details/440015700,7YUIL,Fishing vessel,440015700
/vessels/details/9699593,SAJO CONCORDIA,Fishing Vessel,9699593
/vessels/details/440156920,GYEONG NAM 243HO,Fishing vessel,440156920
/vessels/details/440172760,SAMDE,Fishing vessel,440172760
/vessels/details/440324840,WOOJEONG,Fishing vessel,440324840
/vessels/details/440017550,KEUM GWANG,Fishing vessel,440017550
/vessels/details/440017890,HEUNG JIN HO,Fishing vessel,440017890
/vessels/details/8873154,MANGU NO. 2,Fishing Vessel,8873154
/vessels/details/6902858,HAN SUNG NO. 1,Fishing Vessel,6902858
/vessels/details/440008020,CHANG YEONG HO,Fishing vessel,440008020
/vessels/details/440199640,209NAMGWANGHO,Fishing vessel,440199640
/vessels/details/440200580,YONG JUNG 5HO,Fishing vessel,440200580
/vessels/details/440072260,KANG SAN,Fishing vessel,440072260
/vessels/details/440049580,22WOOJIN,Fishing vessel,440049580
/vessels/details/440332230,HYUN DAE 6HO,Fishing vessel,440332230
/vessels/details/440065330,BUKYEUNGHO,Fishing vessel,440065330
/vessels/details/440306590,HAE MING WAY,Fishing vessel,440306590
/vessels/details/440317680,SOON HEUNG 3HO,Fishing vessel,440317680
/vessels/details/440099190,TEAM VETERAN,Fishing vessel,440099190
/vessels/details/440084920,WATTAHO,Fishing vessel,440084920
/vessels/details/440105150,11 MYUNG JUNG,Fishing vessel,440105150
/vessels/details/440216060,303MUNGYEONG,Fishing vessel,440216060
/vessels/details/440707590,NO.1 SEOP SUNG,Fishing vessel,440707590
/vessels/details/440092890,EUN JEONG,Fishing vessel,440092890
/vessels/details/440139470,KEUN BADA HO,Fishing vessel,440139470
/vessels/details/6919617,HAN SUNG NO. 1,Fishing Vessel,6919617
/vessels/details/9713973,SEGYERO,Fishing Vessel,9713973
/vessels/details/440218010,SEONG GWANG HO,Fishing vessel,440218010
/vessels/details/6514209,HAN YANG NO. 77,Fishing Vessel,6514209
/vessels/details/440313210,303 KWANG SEON,Fishing vessel,440313210
/vessels/details/440015060,1TAIPYEUNGYANG,Fishing vessel,440015060
/vessels/details/440066450,BEST NO.3,Fishing vessel,440066450
/vessels/details/440090080,LAIF,Fishing vessel,440090080
/vessels/details/440158240,3088MUNCHANG,Fishing vessel,440158240
/vessels/details/440219630,OCHUN SEO HAE,Fishing vessel,440219630
/vessels/details/8714061,82 AGNES,Fishing Vessel,8714061
/vessels/details/6615546,KAITOKU MARU NO. 1,Fishing Vessel,6615546
/vessels/details/8815700,ORYONG NO. 721,Fishing Vessel,8815700
/vessels/details/440204980,ARARI,Fishing vessel,440204980
/vessels/details/8518687,GEUM SEONG NO. 115,Fishing Vessel,8518687
/vessels/details/440058610,VIP,Fishing vessel,440058610
/vessels/details/440500010,GEUMSEONG,Fishing vessel,440500010
/vessels/details/440022820,JANG WON 2,Fishing vessel,440022820
/vessels/details/440332910,JUN FISHING HO,Fishing vessel,440332910
/vessels/details/440714400,JANG KYUNG HO,Fishing vessel,440714400
/vessels/details/440008750,DREAM HO,Fishing vessel,440008750
/vessels/details/440202340,GOON SAN DO SI EO BU,Fishing vessel,440202340
/vessels/details/440145370,JE 12 HAN SUN HO,Fishing vessel,440145370
/vessels/details/440304600,NEW DOL PHIN HO,Fishing vessel,440304600
/vessels/details/440704520,SEOUNG IL HO,Fishing vessel,440704520
/vessels/details/440212277,702KYUNGHAE,Fishing vessel,440212277
/vessels/details/6720494,JINAM NO. 306,Fishing Vessel,6720494
/vessels/details/440073230,JIN SEONG,Fishing vessel,440073230
/vessels/details/440209150,DEOK SEONG HO,Fishing vessel,440209150
/vessels/details/440049650,DAEKWANG,Fishing vessel,440049650
/vessels/details/440303040,MIRACLE,Fishing vessel,440303040
/vessels/details/8827820,RAMA NO. 11,Fishing Vessel,8827820
/vessels/details/440317580,GEUM GANG HO,Fishing vessel,440317580
/vessels/details/440162850,HAE IN 5 HO,Fishing vessel,440162850
/vessels/details/440091760,HA RANG,Fishing vessel,440091760
/vessels/details/440502080,JAE202 MYEONGYOUNGHO,Fishing vessel,440502080
/vessels/details/440800214,R.O.K GOV VESSEL,Fishing vessel,440800214
/vessels/details/440186480,SEOUNG SUNG,Fishing vessel,440186480
/vessels/details/440025530,GANG YEON 7HO,Fishing vessel,440025530
/vessels/details/440154720,UGYEONG,Fishing vessel,440154720
/vessels/details/440708830,MAN GWANG HO,Fishing vessel,440708830
/vessels/details/440043050,SAM SUNG HO,Fishing vessel,440043050
/vessels/details/7379527,DONG GEONG NO. 25,Fishing Vessel,7379527
/vessels/details/440602880,CAPTINHO,Fishing vessel,440602880
/vessels/details/440022630,DAE SEUNG,Fishing vessel,440022630
/vessels/details/440310760,DONG BAEK,Fishing vessel,440310760
/vessels/details/440033040,JONG JIN HO,Fishing vessel,440033040
/vessels/details/440022360,365 HO,Fishing vessel,440022360
/vessels/details/9283825,MUGUNGHWA27H,Fishing Support Vessel,9283825
/vessels/details/440197330,307 JIN GWANG HO,Fishing vessel,440197330
/vessels/details/440138600,KUEM CHUN,Fishing vessel,440138600
/vessels/details/6902901,HAE YEON NO. 52,Fishing Vessel,6902901
/vessels/details/440131450,NEW BETERANG,Fishing vessel,440131450
/vessels/details/440013220,HAE IL 3HO,Fishing vessel,440013220
/vessels/details/6720107,GYEONG BUK NO. 853,Fishing Support Vessel,6720107
/vessels/details/440000009,EOSEONGHO,Fishing vessel,440000009
/vessels/details/440097140,BLACK PEARL,Fishing vessel,440097140
/vessels/details/440126530,CHUNG KANG HO,Fishing vessel,440126530
/vessels/details/440152250,SU SEONG HO,Fishing vessel,440152250
/vessels/details/440058840,DAEYANGHO,Fishing vessel,440058840
/vessels/details/440014280,SEA WON HO,Fishing vessel,440014280
/vessels/details/440152180,SAM DA HO,Fishing vessel,440152180
/vessels/details/440184970,2 SEUNG JIN HO,Fishing vessel,440184970
/vessels/details/440141230,GANG SEONG,Fishing vessel,440141230
/vessels/details/9683635,SAJO ALEXANDRIA,Fishing Vessel,9683635
/vessels/details/7425039,POSEIDON,Fishing Vessel,7425039
/vessels/details/440208170,2009 U JEONG HO,Fishing vessel,440208170
/vessels/details/440117470,JEONG YEON,Fishing vessel,440117470
/vessels/details/440201870,AZI3 HO,Fishing vessel,440201870
/vessels/details/440123590,SHING GLE BEONG GLE,Fishing vessel,440123590
/vessels/details/440070480,DONG WON HO,Fishing vessel,440070480
/vessels/details/440333410,EUN SU HO,Fishing vessel,440333410
/vessels/details/440216010,301MOON GIL,Fishing vessel,440216010
/vessels/details/440312190,TAE YANG,Fishing vessel,440312190
/vessels/details/440708300,HWANG JE HO,Fishing vessel,440708300
/vessels/details/440199490,NO.1 FISHING HO,Fishing vessel,440199490
/vessels/details/440121130,JE6 CHANG YU HO,Fishing vessel,440121130
/vessels/details/440303510,103GEON YEONG HO,Fishing vessel,440303510
/vessels/details/440115040,GU GWANG HO,Fishing vessel,440115040
/vessels/details/440103310,BOGSEONGHO,Fishing vessel,440103310
/vessels/details/440087750,HAE LIM 7 HO,Fishing vessel,440087750
/vessels/details/440400940,500MUGUNGHW,Fishing vessel,440400940
/vessels/details/440334920,YEUN DEUNG HO,Fishing vessel,440334920
/vessels/details/440505010,DONG.HOOUNG.HO,Fishing vessel,440505010
/vessels/details/440142740,GEO BOOK SEON HO,Fishing vessel,440142740
/vessels/details/440225830,HAE SUNG,Fishing vessel,440225830
/vessels/details/8327882,DUK MYUNG NO. 7,Fishing Vessel,8327882
/vessels/details/9958250,TAMGU8,Fishing Support Vessel,9958250
/vessels/details/5402942,DONG IL NO. 1,Fishing Vessel,5402942
/vessels/details/440414160,HYUN WOO,Fishing vessel,440414160
/vessels/details/440063340,TEOL BO,Fishing vessel,440063340
/vessels/details/5420657,DONG SUNG NO. 203,Fishing Vessel,5420657
/vessels/details/440206880,DOLGORAE,Fishing vessel,440206880
/vessels/details/440324040,608 MYEONG SHIN,Fishing vessel,440324040
/vessels/details/8815671,619 DONGWON,Fishing Vessel,8815671
/vessels/details/440038480,POWERFISHING,Fishing vessel,440038480
/vessels/details/440411770,306 DEAWANG,Fishing vessel,440411770
/vessels/details/440311380,205 TAE SUNG HO,Fishing vessel,440311380
/vessels/details/440405520,606YUSUNG,Fishing vessel,440405520
/vessels/details/440053810,SEON JIN,Fishing vessel,440053810
/vessels/details/440310270,GO RAE HO,Fishing vessel,440310270
/vessels/details/5194375,MIYAWAKA MARU NO. 25,Fishing Vessel,5194375
/vessels/details/440410190,NAM SEONG,Fishing vessel,440410190
/vessels/details/440313350,GM 701 HO,Fishing vessel,440313350
/vessels/details/440191030,GAGOPA 1HO,Fishing vessel,440191030
/vessels/details/440013620,CHEONGHAEJIN,Fishing vessel,440013620
/vessels/details/440084240,DAE YOU HO,Fishing vessel,440084240
/vessels/details/440033870,SSEO NI HO,Fishing vessel,440033870
/vessels/details/440017410,JUNG HWAN,Fishing vessel,440017410
/vessels/details/440099080,HI ONE,Fishing vessel,440099080
/vessels/details/440103870,GWANG MYOUNG HO,Fishing vessel,440103870
/vessels/details/440600296,2007YEONAN,Fishing vessel,440600296
/vessels/details/440195340,32 CHANG NAM,Fishing vessel,440195340
/vessels/details/440123430,NO.97 IM SU,Fishing vessel,440123430
/vessels/details/440305960,99HAENG WOON,Fishing vessel,440305960
/vessels/details/5307300,DONG WON NO. 555,Fishing Vessel,5307300
/vessels/details/8429434,WONJIN NO. 101,Fishing Vessel,8429434
/vessels/details/440027630,BAEK SANG EO,Fishing vessel,440027630
/vessels/details/440182520,GEUM SEONG HO,Fishing vessel,440182520
/vessels/details/440706770,YOUNG SEONG HO,Fishing vessel,440706770
/vessels/details/440210950,YUNG KWANG,Fishing vessel,440210950
/vessels/details/440047010,GUM KWANG HO,Fishing vessel,440047010
/vessels/details/440151080,208 GEUM HAE,Fishing vessel,440151080
/vessels/details/440700760,GIL SUNG,Fishing vessel,440700760
/vessels/details/440066080,CHAM BA DA HO,Fishing vessel,440066080
/vessels/details/440132290,OSEONG HO,Fishing vessel,440132290
/vessels/details/440330440,SHARK,Fishing vessel,440330440
/vessels/details/440305250,DAEHUN107,Fishing vessel,440305250
/vessels/details/6400898,ST. PEDRO NO. 62,Fishing Vessel,6400898
/vessels/details/440333290,MI JEONG HO,Fishing vessel,440333290
/vessels/details/440044850,5SINYANG,Fishing vessel,440044850
/vessels/details/440706190,108 DAE JU HO,Fishing vessel,440706190
/vessels/details/6613419,NAM HAE NO. 258,Fishing Vessel,6613419
/vessels/details/440042280,SUNG WOO,Fishing vessel,440042280
/vessels/details/440119360,SI YEONG HO,Fishing vessel,440119360
/vessels/details/440087020,SU YEON HO,Fishing vessel,440087020
/vessels/details/440153860,POSEIDON,Fishing vessel,440153860
/vessels/details/8610590,KUM YANG NO. 89,Fishing Vessel,8610590
/vessels/details/440300702,REDILANDHO,Fishing vessel,440300702
/vessels/details/440155490,GOLDMARINE 7,Fishing vessel,440155490
/vessels/details/440332570,COSMOS HO,Fishing vessel,440332570
/vessels/details/7369687,JIN YONG NO. 301,Fishing Vessel,7369687
/vessels/details/440337790,3GEUM SUNG HO,Fishing vessel,440337790
/vessels/details/440121490,NO.52KEUMYOUNG,Fishing vessel,440121490
/vessels/details/7220661,HAN SHIN NO. 27,Fishing Vessel,7220661
/vessels/details/7639903,RAMA NO. 18,Fishing Vessel,7639903
/vessels/details/440413710,JANG MYUN HO,Fishing vessel,440413710
/vessels/details/440148260,97 TONG IL,Fishing vessel,440148260
/vessels/details/7832543,HAN BO NO. 12,Fishing Vessel,7832543
/vessels/details/7103423,DAE HAN 23,Fishing Vessel,7103423
/vessels/details/6819934,HAN DOO NO. 502,Fishing Vessel,6819934
/vessels/details/440222333,TEST99,Fishing vessel,440222333
/vessels/details/440409520,MADONNA,Fishing vessel,440409520
/vessels/details/440413370,NEWPUREUNBADA,Fishing vessel,440413370
/vessels/details/440326520,DA YUL HO,Fishing vessel,440326520
/vessels/details/440503240,EOYEUNG HO,Fishing vessel,440503240
/vessels/details/440181970,AH TE NE 2HO,Fishing vessel,440181970
/vessels/details/440040440,RED HUNTER,Fishing vessel,440040440
/vessels/details/440077360,HAEMOSU,Fishing vessel,440077360
/vessels/details/440083350,HAN JIN2,Fishing vessel,440083350
/vessels/details/440151530,DAEHYEOK HO,Fishing vessel,440151530
/vessels/details/440323230,SUM MA UL,Fishing vessel,440323230
/vessels/details/7416612,OYANG77,Fishing Vessel,7416612
/vessels/details/440115030,DONG IL,Fishing vessel,440115030
/vessels/details/440410980,CHANGYOON,Fishing vessel,440410980
/vessels/details/7831381,ORYONG NO. 77,Fishing Vessel,7831381
/vessels/details/440097130,BAEK HO HO,Fishing vessel,440097130
/vessels/details/440502540,JONGSEONGHO,Fishing vessel,440502540
/vessels/details/440904457,AREUM HO,Fishing vessel,440904457
/vessels/details/440207540,JANG JEON HO,Fishing vessel,440207540
/vessels/details/440073080,YONG SUNG,Fishing vessel,440073080
/vessels/details/440506950,HYEON DAE HO,Fishing vessel,440506950
/vessels/details/5244625,HWA SUNG NO. 9,Fishing Vessel,5244625
/vessels/details/440105430,WDEU YONGGUNG,Fishing vessel,440105430
/vessels/details/8714176,NO.202 HAE CHEON,Fishing Vessel,8714176
/vessels/details/440019180,PUNG SIM HO,Fishing vessel,440019180
/vessels/details/440147690,YOL RO,Fishing vessel,440147690
/vessels/details/440168190,3YOUNGJINHO,Fishing vessel,440168190
/vessels/details/440708750,2SE JINHO,Fishing vessel,440708750
/vessels/details/440072250,YU DUEK 1 HO,Fishing vessel,440072250
/vessels/details/440207720,KKA CHIL I,Fishing vessel,440207720
/vessels/details/440309690,11DAECHUNG,Fishing vessel,440309690
/vessels/details/440120780,23 HAN SOO HO,Fishing vessel,440120780
/vessels/details/440140740,QUEEN BLESS,Fishing vessel,440140740
/vessels/details/440100970,IN SUNG,Fishing vessel,440100970
/vessels/details/440052490,KEUM LL HO,Fishing vessel,440052490
/vessels/details/440111780,CHUK PO CHOESUNJANG,Fishing vessel,440111780
/vessels/details/440126330,SAMMYENG,Fishing vessel,440126330
/vessels/details/8327832,HAE RIM NO. 21,Fishing Vessel,8327832
/vessels/details/5414191,HAN GIL NO. 31,Fishing Vessel,5414191
/vessels/details/440052850,102BULIM HO,Fishing vessel,440052850
/vessels/details/7831422,DAE WANG NO. 17,Fishing Vessel,7831422
/vessels/details/440148360,2021 DONG WON,Fishing vessel,440148360
/vessels/details/440330760,ACE2HO,Fishing vessel,440330760
/vessels/details/440086410,ALICE,Fishing vessel,440086410
/vessels/details/440304730,HWA SEONG HO,Fishing vessel,440304730
/vessels/details/440134330,POINT,Fishing vessel,440134330
/vessels/details/440188810,IRELAND HO,Fishing vessel,440188810
/vessels/details/440124750,3 GAL MAE GI,Fishing vessel,440124750
/vessels/details/440003960,MAN SUNG HO,Fishing vessel,440003960
/vessels/details/8871429,KAB JIN NO. 109,Fishing Vessel,8871429
/vessels/details/440046060,HAN AREUM,Fishing vessel,440046060
/vessels/details/7220673,HWA YANG NO. 73,Fishing Vessel,7220673
/vessels/details/440502930,207NAM KWANG HO,Fishing vessel,440502930
/vessels/details/440004420,JE2 GYE RYONG HO,Fishing vessel,440004420
/vessels/details/6408369,O YANG NO. 27,Fishing Vessel,6408369
/vessels/details/440160260,NO1 GYEONG WOO,Fishing vessel,440160260
/vessels/details/440159480,SEVEN HO,Fishing vessel,440159480
/vessels/details/440130320,DAEJANGHO,Fishing vessel,440130320
/vessels/details/440006840,YU DEOK HO,Fishing vessel,440006840
/vessels/details/440159280,11 NAM PYEONG,Fishing vessel,440159280
/vessels/details/440130997,33SUN KYEONG,Fishing vessel,440130997
/vessels/details/440151040,GI SEONG HO,Fishing vessel,440151040
/vessels/details/440060990,TAEYANGSUSAN,Fishing vessel,440060990
/vessels/details/440192150,DONG WON HO,Fishing vessel,440192150
/vessels/details/8629931,YOUNG SUNG,Fishing Vessel,8629931
/vessels/details/440206960,216 SEON DEOK HO,Fishing vessel,440206960
/vessels/details/441667956,66606,Fishing vessel,441667956
/vessels/details/440600982,DONG IN HO,Fishing vessel,440600982
/vessels/details/440410110,MYEONG PUM HO,Fishing vessel,440410110
/vessels/details/440201460,GU LA MI KI,Fishing vessel,440201460
/vessels/details/440134430,JINGANG HO,Fishing vessel,440134430
/vessels/details/440077490,DAE,Fishing vessel,440077490
/vessels/details/7742102,GUEMJEONG NO. 107,Fishing Vessel,7742102
/vessels/details/440199580,ISKRA,Fishing vessel,440199580
/vessels/details/6919722,PIONEER NO. 6,Fishing Vessel,6919722
/vessels/details/440216820,MUJIN,Fishing vessel,440216820
/vessels/details/440216880,PEU LAEN DEU HO,Fishing vessel,440216880
/vessels/details/440221030,BEST,Fishing vessel,440221030
/vessels/details/440212120,SINCHANG HO,Fishing vessel,440212120
/vessels/details/440074320,HAE WON HO,Fishing vessel,440074320
/vessels/details/440216460,5 HEA UN,Fishing vessel,440216460
/vessels/details/440021850,KCG P126,Fishing vessel,440021850
/vessels/details/440011510,107DAE BOK,Fishing vessel,440011510
/vessels/details/440022940,GANGNAM,Fishing vessel,440022940
/vessels/details/440073560,SPIDER,Fishing vessel,440073560
/vessels/details/440732300,TEAM FRIEND,Fishing vessel,440732300
/vessels/details/440208330,HAE CHANG HO,Fishing vessel,440208330
/vessels/details/5020598,MAN JEOK NO. 7,Fishing Vessel,5020598
/vessels/details/440191080,RICHAD,Fishing vessel,440191080
/vessels/details/440008450,GEON YEONG HO,Fishing vessel,440008450
/vessels/details/440076490,7DUEKSUNGHO,Fishing vessel,440076490
/vessels/details/440066350,YUNPISING,Fishing vessel,440066350
/vessels/details/440155720,CHANG MAN HO,Fishing vessel,440155720
/vessels/details/440208540,SUDEUK-HO,Fishing vessel,440208540
/vessels/details/440407540,2020JAESEONG,Fishing vessel,440407540
/vessels/details/440222900,BOK JIN HO,Fishing vessel,440222900
/vessels/details/7743302,BOONG LIM NO. 101,Fishing Vessel,7743302
/vessels/details/440100560,2018BONGLIM,Fishing vessel,440100560
/vessels/details/440113860,GALMAEGI HO,Fishing vessel,440113860
/vessels/details/440303690,616GYEONG SEON HO,Fishing vessel,440303690
/vessels/details/440179890,MYUNG SUNG HO,Fishing vessel,440179890
/vessels/details/440325660,HANHAHO,Fishing vessel,440325660
/vessels/details/440106430,DAE GWANG,Fishing vessel,440106430
/vessels/details/440009440,SI YEON 2 HO,Fishing vessel,440009440
/vessels/details/440106130,202DAESUNGHO,Fishing vessel,440106130
/vessels/details/440603850,BLACKHELIOS HO,Fishing vessel,440603850
/vessels/details/440188590,TAE YEON HO,Fishing vessel,440188590
/vessels/details/440034650,JEJUGALCHI,Fishing vessel,440034650
/vessels/details/440301080,JAE SUNG,Fishing vessel,440301080
/vessels/details/440218920,5 DAE GWANG HO,Fishing vessel,440218920
/vessels/details/440094110,NUMBER ONE HO,Fishing vessel,440094110
/vessels/details/440300360,EUN HA 1 HO,Fishing vessel,440300360
/vessels/details/440099230,DONG MYENG 1 HO,Fishing vessel,440099230
/vessels/details/440049820,CHAN SUNG,Fishing vessel,440049820
/vessels/details/440072460,CHALLENGE HO,Fishing vessel,440072460
/vessels/details/440133730,JINKWANG3 HO,Fishing vessel,440133730
/vessels/details/440115640,CHEONGHAEHO,Fishing vessel,440115640
/vessels/details/440327410,JJANGGU HO,Fishing vessel,440327410
/vessels/details/440181080,SIN GWANG HO,Fishing vessel,440181080
/vessels/details/440106770,DONGHAE-1,Fishing vessel,440106770
/vessels/details/440322370,EUN GWANG2,Fishing vessel,440322370
/vessels/details/440213880,SOO SUNG,Fishing vessel,440213880
/vessels/details/440728900,SHARKBLUE,Fishing vessel,440728900
/vessels/details/8031988,DONG MYUNG NO. 17,Fishing Vessel,8031988
/vessels/details/440172420,NOLBITBADA,Fishing vessel,440172420
/vessels/details/440175520,SIN JIN HO,Fishing vessel,440175520
/vessels/details/440085890,WOOSUNG,Fishing vessel,440085890
/vessels/details/440148480,JE99HUIYUNG,Fishing vessel,440148480
/vessels/details/8699429,HAE SEUNG NO. 153,Fishing Vessel,8699429
/vessels/details/440000790,GAMAWOOJI,Fishing vessel,440000790
/vessels/details/440413660,106DONG GEN,Fishing vessel,440413660
/vessels/details/440038250,BOSS,Fishing vessel,440038250
/vessels/details/440145640,GAP DONG HO,Fishing vessel,440145640
/vessels/details/440057170,HANBADA 3 HO,Fishing vessel,440057170
/vessels/details/440306030,DAE GYEONG HO,Fishing vessel,440306030
/vessels/details/440337460,NURI1HO,Fishing vessel,440337460
/vessels/details/440166420,307 HAE CHEON HO,Fishing vessel,440166420
/vessels/details/440209050,MAGNUM,Fishing vessel,440209050
/vessels/details/440704040,GEUMYEONGHO,Fishing vessel,440704040
/vessels/details/440052020,CHANG MYUNG HO,Fishing vessel,440052020
/vessels/details/440072030,NEW MONSEUTEO HO,Fishing vessel,440072030
/vessels/details/440075110,JIN PRO 3,Fishing vessel,440075110
/vessels/details/440126870,JIN DAL RAE,Fishing vessel,440126870
/vessels/details/440002670,NO12 MIN SUNG,Fishing vessel,440002670
/vessels/details/440148070,155-1 HYE SEUNG,Fishing vessel,440148070
/vessels/details/440169480,MOBYDICK,Fishing vessel,440169480
/vessels/details/440094250,YATA1HO,Fishing vessel,440094250
/vessels/details/440200490,HONGPUNGHO,Fishing vessel,440200490
/vessels/details/440150330,JIN SUNG HO,Fishing vessel,440150330
/vessels/details/440004870,6MOON SUNG HO,Fishing vessel,440004870
/vessels/details/440201020,SUNG KAWANG,Fishing vessel,440201020
/vessels/details/440175510,HIL LING HO,Fishing vessel,440175510
/vessels/details/440506210,YEON GEUN HO,Fishing vessel,440506210
/vessels/details/7609893,HWA DONG NO. 101,Fishing Vessel,7609893
/vessels/details/440045950,HO SEO,Fishing vessel,440045950
/vessels/details/440002950,CHULMAHO,Fishing vessel,440002950
/vessels/details/440600115,YOUNG SU,Fishing vessel,440600115
/vessels/details/440134340,HAE YONG HO,Fishing vessel,440134340
/vessels/details/440185720,GALMAEGI FISHING HO,Fishing vessel,440185720
/vessels/details/440173330,GEUM SEONG,Fishing vessel,440173330
/vessels/details/440002400,INCHE6AIVDM,Fishing vessel,440002400
/vessels/details/440006500,INCHEON 227,Fishing vessel,440006500
/vessels/details/7634719,IN SUNG NO. 103,Fishing Vessel,7634719
/vessels/details/440326320,BLUEFISHING,Fishing vessel,440326320
/vessels/details/440143480,1MAN GU,Fishing vessel,440143480
/vessels/details/440201520,CHEONG HAE BAEK HO,Fishing vessel,440201520
/vessels/details/440144140,HAEJINHO,Fishing vessel,440144140
/vessels/details/440331520,DEA SUNG 3,Fishing vessel,440331520
/vessels/details/440166140,HEALING,Fishing vessel,440166140
/vessels/details/440218280,GILSUNG HO,Fishing vessel,440218280
/vessels/details/440190230,TO RI HO,Fishing vessel,440190230
/vessels/details/440068150,HAE SUNG 2,Fishing vessel,440068150
/vessels/details/440081480,DAE HAN 1HO,Fishing vessel,440081480
/vessels/details/440096140,CHEON SA HO,Fishing vessel,440096140
/vessels/details/440201310,SPECIAL DREAM 6 HO,Fishing vessel,440201310
/vessels/details/440034810,TTUNG BO,Fishing vessel,440034810
/vessels/details/440000820,3 SIM CHANG,Fishing vessel,440000820
/vessels/details/440505970,MYEONG JIN 33,Fishing vessel,440505970
/vessels/details/440719800,TAE GYOUNG,Fishing vessel,440719800
/vessels/details/440303060,OH SUNG,Fishing vessel,440303060
/vessels/details/440194410,YEONG NAM HO,Fishing vessel,440194410
/vessels/details/440102430,YEON IL,Fishing vessel,440102430
/vessels/details/440004240,YOUNG CHA,Fishing vessel,440004240
/vessels/details/440000351,IL KWANG HO,Fishing vessel,440000351
/vessels/details/440060290,105 DAE JIN,Fishing vessel,440060290
/vessels/details/440401030,GWANGMYUNGHO,Fishing vessel,440401030
/vessels/details/440062090,BLUE HO,Fishing vessel,440062090
/vessels/details/440334710,CARIBBEAN HO,Fishing vessel,440334710
/vessels/details/5398414,TAE BAEK NO. 95,Fishing Vessel,5398414
/vessels/details/440021690,BO SEONG,Fishing vessel,440021690
/vessels/details/440214470,BU JA HO,Fishing vessel,440214470
/vessels/details/440150440,211HEUNGSEONG,Fishing vessel,440150440
/vessels/details/440704970,216 YOU AN HO,Fishing vessel,440704970
/vessels/details/440336720,7 KYOUNG JIN HO,Fishing vessel,440336720
/vessels/details/440158140,27 HWA SEUNG,Fishing vessel,440158140
/vessels/details/440159610,EU JIN HO,Fishing vessel,440159610
/vessels/details/440047070,NA RAE,Fishing vessel,440047070
/vessels/details/440175140,MYEONG IN HO,Fishing vessel,440175140
/vessels/details/440313460,208DAECHUNG,Fishing vessel,440313460
/vessels/details/440331480,GIL SEONG HO,Fishing vessel,440331480
/vessels/details/440306070,205DUKSUNG,Fishing vessel,440306070
/vessels/details/440225720,EO HAE RU,Fishing vessel,440225720
/vessels/details/6716027,MANSEI MARU NO. 32,Fishing Vessel,6716027
/vessels/details/440060610,DAE YEONG HO,Fishing vessel,440060610
/vessels/details/440172480,CHEONG SEO HO,Fishing vessel,440172480
/vessels/details/440083360,JIN SEON 17,Fishing vessel,440083360
/vessels/details/7832256,CHOSHICHI MARU NO. 8,Fishing Vessel,7832256
/vessels/details/440220450,SSING SSING EE,Fishing vessel,440220450
/vessels/details/440111810,MARU 2 HO,Fishing vessel,440111810
/vessels/details/440094550,O RION,Fishing vessel,440094550
/vessels/details/440316020,5HYO DONG,Fishing vessel,440316020
/vessels/details/440087140,NEW SEO JIN HO,Fishing vessel,440087140
/vessels/details/440303150,7JUNSEUNG HO,Fishing vessel,440303150
/vessels/details/440468717,YUE ZHAN YU 04057,Fishing vessel,440468717
/vessels/details/440502770,SAMJUNG LEISURE,Fishing vessel,440502770
/vessels/details/440334850,HI FISHING,Fishing vessel,440334850
/vessels/details/440084030,AVATAR,Fishing vessel,440084030
/vessels/details/440109301,NO.111 KEUM SUNG,Fishing vessel,440109301
/vessels/details/7653363,WORLD STAR NO. 5,Fishing Vessel,7653363
/vessels/details/440036620,DAE DONG,Fishing vessel,440036620
/vessels/details/440191910,FISHING HO,Fishing vessel,440191910
/vessels/details/440032650,2017SAE BAE,Fishing vessel,440032650
/vessels/details/440048340,SUPERFISHING,Fishing vessel,440048340
/vessels/details/7831343,DONG JIN NO. 72,Fishing Vessel,7831343
/vessels/details/440601180,KD2HO,Fishing vessel,440601180
/vessels/details/440037840,GILSUNG,Fishing vessel,440037840
/vessels/details/440100389,88KEUMYOUNG,Fishing vessel,440100389
/vessels/details/440328280,102SEONG GYEONG HO,Fishing vessel,440328280
/vessels/details/440311861,68DEOKJIN,Fishing vessel,440311861
/vessels/details/440324880,CHANGWONHO,Fishing vessel,440324880
/vessels/details/440085690,2022 HAN IL HO,Fishing vessel,440085690
/vessels/details/440505850,HWANG JE 3HO,Fishing vessel,440505850
/vessels/details/440222190,JE 2 CRICK HO,Fishing vessel,440222190
/vessels/details/440125370,HUNTER,Fishing vessel,440125370
/vessels/details/440106570,35 DONG WON,Fishing vessel,440106570
/vessels/details/440131810,2021CHEONGSIN,Fishing vessel,440131810
/vessels/details/440045840,JAELOPISING,Fishing vessel,440045840
/vessels/details/440049060,MIN GEUN HO,Fishing vessel,440049060
/vessels/details/440091180,DAE JEONG HO,Fishing vessel,440091180
/vessels/details/440224740,NEW JIN JO,Fishing vessel,440224740
/vessels/details/9824394,MUGUNGHWA NO.35,Fishing Support Vessel,9824394
/vessels/details/440159980,SEO WON,Fishing vessel,440159980
/vessels/details/8629852,WOO SUNG NO. 101,Fishing Vessel,8629852
/vessels/details/440082460,NEW BOK SUNG,Fishing vessel,440082460
/vessels/details/440330140,NEW YUE MEYNG HO,Fishing vessel,440330140
/vessels/details/440311020,WOONG JIN2,Fishing vessel,440311020
/vessels/details/440123690,NO3 GU JIN,Fishing vessel,440123690
/vessels/details/7831214,ORYONG NO. 71,Fishing Vessel,7831214
/vessels/details/440331830,KKACHIRI HO,Fishing vessel,440331830
/vessels/details/440324170,99HYEONJINHO,Fishing vessel,440324170
/vessels/details/440146330,107SAMSUNG,Fishing vessel,440146330
/vessels/details/440325590,YEON AN HO,Fishing vessel,440325590
/vessels/details/440166040,HAE SUNG HO,Fishing vessel,440166040
/vessels/details/9021186,NO. 111 DAEYANG,Fishing Vessel,9021186
/vessels/details/440338570,SU DUCK HO,Fishing vessel,440338570
/vessels/details/440108420,301YEONCHANG,Fishing vessel,440108420
/vessels/details/440125760,3MOON SEONG HO,Fishing vessel,440125760
/vessels/details/440162120,108 SHIN CHANG,Fishing vessel,440162120
/vessels/details/440070670,DO YEON,Fishing vessel,440070670
/vessels/details/440100383,1GEUM MYUNG,Fishing vessel,440100383
/vessels/details/441084021,371 O YANG,Fishing vessel,441084021
/vessels/details/440327520,3DAEYEUNG,Fishing vessel,440327520
/vessels/details/440160220,DAE GIL HO,Fishing vessel,440160220
/vessels/details/440092030,OCEANCREW,Fishing vessel,440092030
/vessels/details/440223740,MU JIN,Fishing vessel,440223740
/vessels/details/440203320,LEEPRO2,Fishing vessel,440203320
/vessels/details/440208410,BADASARANG,Fishing vessel,440208410
/vessels/details/440311540,HAE RANGHO,Fishing vessel,440311540
/vessels/details/440400380,YOUNG DONG2HO,Fishing vessel,440400380
/vessels/details/440004630,BA DA HO,Fishing vessel,440004630
/vessels/details/440331220,207DAESEUNG,Fishing vessel,440331220
/vessels/details/440012250,YEONGMIN HO,Fishing vessel,440012250
/vessels/details/440400560,KAISERHO,Fishing vessel,440400560
/vessels/details/440060650,SANG LIM,Fishing vessel,440060650
/vessels/details/440734600,2025 SU GIL HO,Fishing vessel,440734600
/vessels/details/440048020,HAE GWANG HO,Fishing vessel,440048020
/vessels/details/440132990,GEUMGWANGHO,Fishing vessel,440132990
/vessels/details/440311520,DONG JIN HO,Fishing vessel,440311520
/vessels/details/440188640,NEW DO LI,Fishing vessel,440188640
/vessels/details/440157870,MYEONG SIN HO,Fishing vessel,440157870
/vessels/details/440080380,TAE YANG HO,Fishing vessel,440080380
/vessels/details/7609946,JINAM NO. 301,Fishing Vessel,7609946
/vessels/details/440409530,DONGHO,Fishing vessel,440409530
/vessels/details/440410510,HAENG BOG DEU LIM 2,Fishing vessel,440410510
/vessels/details/440707830,HAESUNG,Fishing vessel,440707830
/vessels/details/440303640,HAN SUNG,Fishing vessel,440303640
/vessels/details/440701380,HAN YANG HO,Fishing vessel,440701380
/vessels/details/440060210,TEUDIHO,Fishing vessel,440060210
/vessels/details/440109450,2DOOYEONG,Fishing vessel,440109450
/vessels/details/440324420,ANGELHO,Fishing vessel,440324420
/vessels/details/440212830,CHANG YEONG,Fishing vessel,440212830
/vessels/details/440042610,HAE SHIN HO,Fishing vessel,440042610
/vessels/details/440172390,RED,Fishing vessel,440172390
/vessels/details/440322460,DREAMHO,Fishing vessel,440322460
/vessels/details/440209260,105 SU GWANG HO,Fishing vessel,440209260
/vessels/details/440092970,NEWYONGGUNGHO,Fishing vessel,440092970
/vessels/details/440107470,71KEUMYOUNG,Fishing vessel,440107470
/vessels/details/440128280,HAECHANGHO,Fishing vessel,440128280
/vessels/details/440125710,WON SEOK HO,Fishing vessel,440125710
/vessels/details/440114340,7 DONG MYUNG,Fishing vessel,440114340
/vessels/details/440048250,HAE JIN HO,Fishing vessel,440048250
/vessels/details/440191349,502HYE SEUNG,Fishing vessel,440191349
/vessels/details/440222850,SEON JIN HO,Fishing vessel,440222850
/vessels/details/440118610,STELLA,Fishing vessel,440118610
/vessels/details/440338110,DONG KYUNG HO,Fishing vessel,440338110
/vessels/details/440110340,WANG MANDUHO,Fishing vessel,440110340
/vessels/details/440017130,HYOSEONG,Fishing vessel,440017130
/vessels/details/440114020,MYUNG SEONG HO,Fishing vessel,440114020
/vessels/details/440151750,1YUSEONG,Fishing vessel,440151750
/vessels/details/440088320,GUNMYUNG 5HO,Fishing vessel,440088320
/vessels/details/9019731,KEUM SUNG NO. 97,Fish Carrier,9019731
/vessels/details/440137630,EO PUNG HO,Fishing vessel,440137630
/vessels/details/440220020,SEABIRD,Fishing vessel,440220020
/vessels/details/5420009,DONG WON NO. 31,Fishing Vessel,5420009
/vessels/details/440204390,HANYANG,Fishing vessel,440204390
/vessels/details/440014590,YONG MA HO,Fishing vessel,440014590
/vessels/details/440174330,7JEON JIN,Fishing vessel,440174330
/vessels/details/440117780,HWANG GEUM,Fishing vessel,440117780
/vessels/details/440322470,NEW GEO JE,Fishing vessel,440322470
/vessels/details/440400580,NAM YANG 77 HO,Fishing vessel,440400580
/vessels/details/440219200,HYEONG JE HO,Fishing vessel,440219200
/vessels/details/440116560,B1K BOSEU HO,Fishing vessel,440116560
/vessels/details/440171070,NAM SUNG HO,Fishing vessel,440171070
/vessels/details/6919631,TAE YANG NO. 112,Fishing Vessel,6919631
/vessels/details/9042013,NO.208 DONGWON,Fishing Vessel,9042013
/vessels/details/440325770,JUBDOFISHING,Fishing vessel,440325770
/vessels/details/440304580,88MYEONGSUNG,Fishing vessel,440304580
/vessels/details/440413350,YOUNG IL 1 HO,Fishing vessel,440413350
/vessels/details/440700950,DOGO,Fishing vessel,440700950
/vessels/details/440206850,SE WON HO,Fishing vessel,440206850
/vessels/details/440071920,SIN,Fishing vessel,440071920
/vessels/details/440092110,MYWAY206,Fishing vessel,440092110
/vessels/details/440213410,HANAHO,Fishing vessel,440213410
/vessels/details/440107380,207 GLOBAL,Fishing vessel,440107380
/vessels/details/440202120,HAIMAHO,Fishing vessel,440202120
/vessels/details/440309790,SEUNGIL HO,Fishing vessel,440309790
/vessels/details/8510582,AGNES 95,Fishing Vessel,8510582
/vessels/details/440218250,SEOHAI,Fishing vessel,440218250
/vessels/details/440010230,MYEONGSUNG,Fishing vessel,440010230
/vessels/details/440800215,R.O.K GOV VESSEL,Fishing vessel,440800215
/vessels/details/440123123,TEST,Fishing vessel,440123123
/vessels/details/440204140,MANSUNG2HO,Fishing vessel,440204140
/vessels/details/440063650,DAE WON HO,Fishing vessel,440063650
/vessels/details/440701460,ARA7,Fishing vessel,440701460
/vessels/details/440065140,DOWN SHOT,Fishing vessel,440065140
/vessels/details/440011110,JONG WOON,Fishing vessel,440011110
/vessels/details/440747600,NADRIHO,Fishing vessel,440747600
/vessels/details/440154550,HAE SEUNG 155,Fishing vessel,440154550
/vessels/details/440085850,CHEONG EO RAM HO,Fishing vessel,440085850
/vessels/details/8320858,SHOTOKU MARU NO. 86,Fishing Vessel,8320858
/vessels/details/440010290,GWANGSEONG,Fishing vessel,440010290
/vessels/details/440030030,3 KYUNG JIN,Fishing vessel,440030030
/vessels/details/440334380,KING FISH HUNTER,Fishing vessel,440334380
/vessels/details/440062730,HEUNG YANG,Fishing vessel,440062730
/vessels/details/440008840,PROLINE30,Fishing vessel,440008840
/vessels/details/7237066,AG 5,Fishing Vessel,7237066
/vessels/details/440331030,YU SEONG HO,Fishing vessel,440331030
/vessels/details/440311750,CHEONGGYEONG,Fishing vessel,440311750
/vessels/details/440406920,SUPA1HO,Fishing vessel,440406920
/vessels/details/6716364,TAE YANG NO. 105,Fishing Vessel,6716364
/vessels/details/440090150,BEOM JIN HO,Fishing vessel,440090150
/vessels/details/440117870,DAE JIN HO,Fishing vessel,440117870
/vessels/details/441853000,SAJO FAMILIA,Fishing vessel,441853000
/vessels/details/440703430,ILSUNG HO,Fishing vessel,440703430
/vessels/details/440000466,SUNG JIN22,Fishing vessel,440000466
/vessels/details/440097710,ORANGE,Fishing vessel,440097710
/vessels/details/440503600,NO.201 KEUM SUNG,Fishing vessel,440503600
/vessels/details/440199840,GIL SUNG HO,Fishing vessel,440199840
/vessels/details/440715700,BO SUNG HO,Fishing vessel,440715700
/vessels/details/440734700,DAE LYEONG HO,Fishing vessel,440734700
/vessels/details/440017820,DAEHEUNGHO,Fishing vessel,440017820
/vessels/details/440106630,22 SEOKYUNG,Fishing vessel,440106630
/vessels/details/440033480,HAE SIN HO,Fishing vessel,440033480
/vessels/details/7381336,OCEAN NO. 3,Fishing Vessel,7381336
/vessels/details/440203560,DIAMOND,Fishing vessel,440203560
/vessels/details/440184390,YOUNG SIM I HO,Fishing vessel,440184390
/vessels/details/440315850,MYUNG SEONG HO,Fishing vessel,440315850
/vessels/details/440325850,BU LIM HO,Fishing vessel,440325850
/vessels/details/440403690,NO.1 SUSANHO,Fishing vessel,440403690
/vessels/details/440043520,WOOJINHO,Fishing vessel,440043520
/vessels/details/440161050,BOON DO HO,Fishing vessel,440161050
/vessels/details/7743431,IBRAHIM,Fishing Vessel,7743431
/vessels/details/9848869,BONAMI,Fishing Vessel,9848869
/vessels/details/440202470,DUKSUNG,Fishing vessel,440202470
/vessels/details/440003150,SEO HAE,Fishing vessel,440003150
/vessels/details/7418153,DOO YANG NO. 102,Fishing Vessel,7418153
/vessels/details/440064350,JE3 JO IL HO,Fishing vessel,440064350
/vessels/details/440190680,EO MIN,Fishing vessel,440190680
/vessels/details/440044720,HAE GIL,Fishing vessel,440044720
/vessels/details/440732900,SUK KWANG HO,Fishing vessel,440732900
/vessels/details/440184350,DAE IL,Fishing vessel,440184350
/vessels/details/440331770,BAEK JO 3 HO,Fishing vessel,440331770
/vessels/details/440104850,ONSEONG HO,Fishing vessel,440104850
/vessels/details/440068090,RARA,Fishing vessel,440068090
/vessels/details/440509750,WIFI HO,Fishing vessel,440509750
/vessels/details/440086530,MYEONG SEONG HO,Fishing vessel,440086530
/vessels/details/440070250,2020YEONGCHANGHO,Fishing vessel,440070250
/vessels/details/440094930,KUN YEONG,Fishing vessel,440094930
/vessels/details/440334490,SU YEON HO,Fishing vessel,440334490
/vessels/details/440149700,71 GEUM JUNG,Fishing vessel,440149700
/vessels/details/440173460,BOKSEONGHO,Fishing vessel,440173460
/vessels/details/440703150,DAE YOUNG HO,Fishing vessel,440703150
/vessels/details/440100405,88KEUMYOUNG,Fishing vessel,440100405
/vessels/details/440215630,HAE SIN HO,Fishing vessel,440215630
/vessels/details/440182280,DOK RO 1HO,Fishing vessel,440182280
/vessels/details/440205150,HANG JIN 1,Fishing vessel,440205150
/vessels/details/440032420,YONG SEONG HO,Fishing vessel,440032420
/vessels/details/440202910,SOONHWANHO,Fishing vessel,440202910
/vessels/details/8619326,NO56 SHIN YUNG,Fishing Vessel,8619326
/vessels/details/7231335,GU CHEON 3003 HO,Fishing Support Vessel,7231335
/vessels/details/440176740,I RAE HO,Fishing vessel,440176740
/vessels/details/440202490,MANSUNGHO,Fishing vessel,440202490
/vessels/details/440303120,203DAESUNG,Fishing vessel,440303120
/vessels/details/440201990,WON SAN STAR,Fishing vessel,440201990
/vessels/details/440075250,PYEONGBADA 2HO,Fishing vessel,440075250
/vessels/details/6725664,NAM SUNG NO. 1,Fishing Vessel,6725664
/vessels/details/440187270,BOK YOUNG HO,Fishing vessel,440187270
/vessels/details/440199330,3JE DONG HO,Fishing vessel,440199330
/vessels/details/440022980,YUJUNG,Fishing vessel,440022980
/vessels/details/440408950,203NAM YANG,Fishing vessel,440408950
/vessels/details/440213960,JUNGWON,Fishing vessel,440213960
/vessels/details/440008640,GOLD STAR,Fishing vessel,440008640
/vessels/details/440747900,YEO MYOUNG HO,Fishing vessel,440747900
/vessels/details/8310334,NARITAFUDO MARU NO. 81,Fishing Vessel,8310334
/vessels/details/440334310,NARAHO,Fishing vessel,440334310
/vessels/details/440197350,YOUNG STAR HO,Fishing vessel,440197350
/vessels/details/440201380,601 BLACK PEARL,Fishing vessel,440201380
/vessels/details/440096760,TEUWIN STAR HO,Fishing vessel,440096760
/vessels/details/440206450,CHUNG PA,Fishing vessel,440206450
/vessels/details/440186240,SUNFLOWER HO,Fishing vessel,440186240
/vessels/details/6416603,JINAM NO. 212,Fishing Vessel,6416603
/vessels/details/7417771,YOUNG HWA NO. 11,Fishing Vessel,7417771
/vessels/details/440030970,HAN IL,Fishing vessel,440030970
/vessels/details/440019300,CHEONG SOO HO,Fishing vessel,440019300
/vessels/details/8619388,NO.36HANSUNG,Fishing Vessel,8619388
/vessels/details/7410151,PUK YANG NO. 2,Fishing Vessel,7410151
/vessels/details/440125591,SEON SANG 7 HO,Fishing vessel,440125591
/vessels/details/440102560,2 TAE YEONG HO,Fishing vessel,440102560
/vessels/details/440190660,JIN SEONG,Fishing vessel,440190660
/vessels/details/440001060,307 HAN CHANG,Fishing vessel,440001060
/vessels/details/440055020,SSA BU HO,Fishing vessel,440055020
/vessels/details/440052230,2017SUNG DEOK,Fishing vessel,440052230
/vessels/details/440308140,WOO RI HO,Fishing vessel,440308140
/vessels/details/440065750,SSEON SHAH IN,Fishing vessel,440065750
/vessels/details/440149320,DA HYUN HO,Fishing vessel,440149320
/vessels/details/440195040,JE 1 JAEGWANG,Fishing vessel,440195040
/vessels/details/440099820,CHEON SA 35 HO,Fishing vessel,440099820
/vessels/details/440179940,DAE YEONG HO,Fishing vessel,440179940
/vessels/details/440078040,SUENGJAEHO,Fishing vessel,440078040
/vessels/details/440212940,POSEIDON 2,Fishing vessel,440212940
/vessels/details/440508760,ENJOY,Fishing vessel,440508760
/vessels/details/441087000,MUGUNGHWA NO.11,Fishing vessel,441087000
/vessels/details/440042830,DONG SIN HO,Fishing vessel,440042830
/vessels/details/440180197,106DAEJIN,Fishing vessel,440180197
/vessels/details/440405630,DONGKYUNGHO,Fishing vessel,440405630
/vessels/details/440502380,352 KUM KANG HO,Fishing vessel,440502380
/vessels/details/440711800,ROO MI,Fishing vessel,440711800
/vessels/details/440329880,DEUK IL HO,Fishing vessel,440329880
/vessels/details/440134540,NEWSTAR HO,Fishing vessel,440134540
/vessels/details/440508910,HAE WON HO,Fishing vessel,440508910
/vessels/details/440062040,5SUNGIL,Fishing vessel,440062040
/vessels/details/440118760,YAMOOJINHO,Fishing vessel,440118760
/vessels/details/440151110,TAE SUNG,Fishing vessel,440151110
/vessels/details/440044880,KKOT DWAE JI,Fishing vessel,440044880
/vessels/details/440059310,UNBONG,Fishing vessel,440059310
/vessels/details/440332960,JE 3 HAE IL HO,Fishing vessel,440332960
/vessels/details/440065190,SAMHYEONHO,Fishing vessel,440065190
/vessels/details/440202270,TO MAL HO,Fishing vessel,440202270
/vessels/details/440220090,WORLD FISHING,Fishing vessel,440220090
/vessels/details/440112320,118DAEJIN,Fishing vessel,440112320
/vessels/details/440127570,BOKSUNGHO,Fishing vessel,440127570
/vessels/details/440501950,307BOO CHANG,Fishing vessel,440501950
/vessels/details/440024030,2 DEOK JIN HO,Fishing vessel,440024030
/vessels/details/440119870,TONG YEONG BA DA,Fishing vessel,440119870
/vessels/details/6607941,DAE WANG NO. 101,Fishing Vessel,6607941
/vessels/details/440065450,YEONG JIN HO,Fishing vessel,440065450
/vessels/details/9683623,SAJO POSEDONIA,Fishing Vessel,9683623
/vessels/details/440029260,YEONG IL 6 HO,Fishing vessel,440029260
/vessels/details/8028814,TAELIM LOTUS,Fishing Vessel,8028814
/vessels/details/440331440,POINT,Fishing vessel,440331440
/vessels/details/440148730,TONG YEONG 3 HO,Fishing vessel,440148730
/vessels/details/440110060,DAEMYEONG,Fishing vessel,440110060
/vessels/details/440319610,KANG MAN 2 HO,Fishing vessel,440319610
/vessels/details/440019360,O NIK SEU HO,Fishing vessel,440019360
/vessels/details/440118320,3JUNG HOON HO,Fishing vessel,440118320
/vessels/details/440101680,NEW HANSARI 3,Fishing vessel,440101680
/vessels/details/9042051,SAE IN NO.7,Fishing Vessel,9042051
/vessels/details/440131480,81JEONG SUN,Fishing vessel,440131480
/vessels/details/6820036,POONGLIM 12,Fishing Vessel,6820036
/vessels/details/440209480,HWA YOUNG,Fishing vessel,440209480
/vessels/details/440303280,105MANSEONGHO,Fishing vessel,440303280
/vessels/details/440508580,CHANG SUNG,Fishing vessel,440508580
/vessels/details/440024650,KING STON HO,Fishing vessel,440024650
/vessels/details/440713700,JE 2 JEONG HOON HO,Fishing vessel,440713700
/vessels/details/440033620,CRUISE,Fishing vessel,440033620
/vessels/details/8119883,CACUACO,Fishing Vessel,8119883
/vessels/details/440023650,GU LYONG HO,Fishing vessel,440023650
/vessels/details/440004550,HYUP SEONG HO,Fishing vessel,440004550
/vessels/details/440127040,WONKWANG 2HO,Fishing vessel,440127040
/vessels/details/440143600,HAE URI 301,Fishing vessel,440143600
/vessels/details/440047110,CAPTAIN,Fishing vessel,440047110
/vessels/details/440159050,MAN SEON HO,Fishing vessel,440159050
/vessels/details/440088390,O DAE YANG HO,Fishing vessel,440088390
/vessels/details/7415371,NEW KWANGHAE NO. 91,Fishing Vessel,7415371
/vessels/details/440017110,YOUNG JIN,Fishing vessel,440017110
/vessels/details/440089790,HAN YANG HO,Fishing vessel,440089790
/vessels/details/440212860,HAE SEUNG,Fishing vessel,440212860
/vessels/details/440505840,3DAEYOUNG HO,Fishing vessel,440505840
/vessels/details/440333690,YEOSUBURADEOHO,Fishing vessel,440333690
/vessels/details/441438005,HANIL YURO HO,Fishing vessel,441438005
/vessels/details/440209670,HO HAE STAR HO,Fishing vessel,440209670
/vessels/details/440133750,ACE,Fishing vessel,440133750
/vessels/details/440224590,2015 ROYAL,Fishing vessel,440224590
/vessels/details/440060580,DAE GWANG HO,Fishing vessel,440060580
/vessels/details/440507340,YAHO,Fishing vessel,440507340
/vessels/details/440006290,DA ON HO,Fishing vessel,440006290
/vessels/details/8811120,DAE HWA NO. 302,Fishing Vessel,8811120
/vessels/details/6727947,KWANG MYUNG NO. 33,Fishing Vessel,6727947
/vessels/details/440105050,HWANG GUM HO,Fishing vessel,440105050
/vessels/details/9282584,BADARO1,Fishing Support Vessel,9282584
/vessels/details/440153470,NEX HO,Fishing vessel,440153470
/vessels/details/440125550,17GYUNG SAN,Fishing vessel,440125550
/vessels/details/6807864,KUM WOONG NO. 102,Fishing Vessel,6807864
/vessels/details/440143890,MYUNG GUANG,Fishing vessel,440143890
/vessels/details/440141430,SPECIAL DREAM 3,Fishing vessel,440141430
/vessels/details/440321980,JIN YEO HO,Fishing vessel,440321980
/vessels/details/8413679,SUN IL NO. 103,Fishing Vessel,8413679
/vessels/details/440138950,CHUK BOK HO,Fishing vessel,440138950
/vessels/details/440217590,MAN SEONG 2 HO,Fishing vessel,440217590
/vessels/details/7395973,MYUNG JIN 55,Fishing Vessel,7395973
/vessels/details/440072170,EUN SEONG HO,Fishing vessel,440072170
/vessels/details/440010850,MI JOO,Fishing vessel,440010850
/vessels/details/440009550,CHUNG NU RI,Fishing vessel,440009550
/vessels/details/440411310,203 HANAHO,Fishing vessel,440411310
/vessels/details/440312480,2SIN CHANG HO,Fishing vessel,440312480
/vessels/details/440701540,SU HO HO,Fishing vessel,440701540
/vessels/details/440125460,303WOONHWA,Fishing vessel,440125460
/vessels/details/440005290,DAE SUNG HO,Fishing vessel,440005290
/vessels/details/440086660,INCHON 365,Fishing vessel,440086660
/vessels/details/440506150,DEOK SEONG HO,Fishing vessel,440506150
/vessels/details/440200211,CHUNG RYONG1,Fishing vessel,440200211
/vessels/details/8848343,MUGUNGHWA NO. 15,Fishing Support Vessel,8848343
/vessels/details/440207180,ROOKIE,Fishing vessel,440207180
/vessels/details/440503750,DAE YEONG HO,Fishing vessel,440503750
/vessels/details/440120810,YUGANGHO,Fishing vessel,440120810
/vessels/details/440103670,NO HWA HO,Fishing vessel,440103670
/vessels/details/440112500,107 BUHEUNG,Fishing vessel,440112500
/vessels/details/440126263,67SONYANG,Fishing vessel,440126263
/vessels/details/440151010,22SEONG GIL HO,Fishing vessel,440151010
/vessels/details/440189010,GANG JIN HO,Fishing vessel,440189010
/vessels/details/440337590,YU SHIN,Fishing vessel,440337590
/vessels/details/440745900,33 RA PA YEL HO,Fishing vessel,440745900
/vessels/details/440324910,DA RE HO,Fishing vessel,440324910
/vessels/details/440402290,YEQNJUNGHO,Fishing vessel,440402290
/vessels/details/440715300,508HAINGBOK,Fishing vessel,440715300
/vessels/details/440213440,IL SEUNG HO,Fishing vessel,440213440
/vessels/details/440097190,YEJIQUEEN,Fishing vessel,440097190
/vessels/details/8714164,311 ORYONG,Fishing Vessel,8714164
/vessels/details/440317320,HAN JIN HO,Fishing vessel,440317320
/vessels/details/440141710,MI REU,Fishing vessel,440141710
/vessels/details/440127120,CHEONG JIN HO,Fishing vessel,440127120
/vessels/details/440221830,YONGJUFISHING,Fishing vessel,440221830
/vessels/details/440210370,BADAHO2,Fishing vessel,440210370
/vessels/details/440209220,GREEN1HO,Fishing vessel,440209220
/vessels/details/440144080,SAM JUNG FISHING,Fishing vessel,440144080
/vessels/details/440146160,DRAGONHO,Fishing vessel,440146160
/vessels/details/440098020,DAE POONG YEARN HO,Fishing vessel,440098020
/vessels/details/440166610,JEONG DEOK HO,Fishing vessel,440166610
/vessels/details/440110370,NEW GYEONG YOUNG HO,Fishing vessel,440110370
/vessels/details/440053450,DA E NA HO,Fishing vessel,440053450
/vessels/details/440309669,2015 TAE YANG HO,Fishing vessel,440309669
/vessels/details/440507150,JI AN,Fishing vessel,440507150
/vessels/details/6508963,JINTSU MARU,Fishing Vessel,6508963
/vessels/details/440031840,JAE YEONG HO,Fishing vessel,440031840
/vessels/details/440003760,KANG YEUN 5HO,Fishing vessel,440003760
/vessels/details/440166210,JE11 HYEON SU HO,Fishing vessel,440166210
/vessels/details/9291793,HAN IL NO. 2003,Fish Carrier,9291793
/vessels/details/440144800,IL KWANG HO,Fishing vessel,440144800
/vessels/details/440154310,SIN DAE JOON HO,Fishing vessel,440154310
/vessels/details/440509620,SIN YANG,Fishing vessel,440509620
/vessels/details/440110480,205YOO YANG HO,Fishing vessel,440110480
/vessels/details/440049540,DAE YEONG 2,Fishing vessel,440049540
/vessels/details/440025950,NYU GEURIN 3 HO,Fishing vessel,440025950
/vessels/details/440303360,GOODDAYHO,Fishing vessel,440303360
/vessels/details/440135530,909 SUNG HAE HO,Fishing vessel,440135530
/vessels/details/440109910,SEUNG JU HO,Fishing vessel,440109910
/vessels/details/440068130,ABDULLAH,Fishing vessel,440068130
/vessels/details/440123440,IL GWANG BA DA HO,Fishing vessel,440123440
/vessels/details/440005810,HEUK JO HO,Fishing vessel,440005810
/vessels/details/440082770,MAN GANG,Fishing vessel,440082770
/vessels/details/440312869,75 DEOK JIN HO,Fishing vessel,440312869
/vessels/details/5084623,CHIDORI MARU NO. 35,Fishing Vessel,5084623
/vessels/details/440182760,BLACK EAGLE HO,Fishing vessel,440182760
/vessels/details/440122770,22 SUNG YOUNG,Fishing vessel,440122770
/vessels/details/440003030,SEO KWANG 5,Fishing vessel,440003030
/vessels/details/440011810,SINHANGHAEUN4HO,Fishing vessel,440011810
/vessels/details/440019100,JEONG LEE HO,Fishing vessel,440019100
/vessels/details/440725900,THE EAGLE,Fishing vessel,440725900
/vessels/details/8604981,CHANG NAM NO. 201,Fishing Vessel,8604981
/vessels/details/440208790,ARIRANG2HO,Fishing vessel,440208790
/vessels/details/440103720,NO.103 KEUM SUNG,Fishing vessel,440103720
/vessels/details/6516350,DAE IL NO. 33,Fishing Vessel,6516350
/vessels/details/440219920,KKOTJI1,Fishing vessel,440219920
/vessels/details/440216720,TAEYANG,Fishing vessel,440216720
/vessels/details/440209520,SPECIAL DREAM 5,Fishing vessel,440209520
/vessels/details/440177280,112YEONCHANG,Fishing vessel,440177280
/vessels/details/440022460,JANG SUNG,Fishing vessel,440022460
/vessels/details/440061790,NANG MAN EO BOO,Fishing vessel,440061790
/vessels/details/440219540,HO DO HO,Fishing vessel,440219540
/vessels/details/440179990,KANG WON HO,Fishing vessel,440179990
/vessels/details/440507380,SEUNG RI,Fishing vessel,440507380
/vessels/details/440160510,FISHING MASTER,Fishing vessel,440160510
/vessels/details/6715580,TAE CHANG NO. 35,Fishing Vessel,6715580
/vessels/details/440322970,YEONG BOO HO,Fishing vessel,440322970
/vessels/details/440319660,206 BO MYUNG,Fishing vessel,440319660
/vessels/details/440000940,SAE HAENG BOG HO,Fishing vessel,440000940
/vessels/details/440217640,JEONJAHO,Fishing vessel,440217640
/vessels/details/440301150,DREAM HO,Fishing vessel,440301150
/vessels/details/440323460,KYUNG YEONG HO,Fishing vessel,440323460
/vessels/details/440035550,SUNGJIN,Fishing vessel,440035550
/vessels/details/440314460,PIL SEUNG HO,Fishing vessel,440314460
/vessels/details/440510540,O YANG,Fishing vessel,440510540
/vessels/details/440412630,509HEYANGHO,Fishing vessel,440412630
/vessels/details/440157410,CHUNGNAM NANURIHO,Fishing vessel,440157410
/vessels/details/440191350,502HYE SEUNG,Fishing vessel,440191350
/vessels/details/440071220,MARINE3HO,Fishing vessel,440071220
/vessels/details/440191370,JE1JOYANGHO -,Fishing vessel,440191370
/vessels/details/440003650,IL KWANG HO,Fishing vessel,440003650
/vessels/details/440059690,103 BOON DO HO,Fishing vessel,440059690
/vessels/details/440074390,NEUNA,Fishing vessel,440074390
/vessels/details/440409270,CHASE,Fishing vessel,440409270
/vessels/details/441272037,206 GEUM HAE,Fishing vessel,441272037
/vessels/details/440734400,77DAERYEONG,Fishing vessel,440734400
/vessels/details/440000445,SAMPYO 102AIVDM,Fishing vessel,440000445
/vessels/details/8717984,NO.52 SHINYUNG,Fishing Vessel,8717984
/vessels/details/440140980,SUNG WON HO,Fishing vessel,440140980
/vessels/details/440327350,1008-2,Fishing vessel,440327350
/vessels/details/440130590,SUKEONG7 HO,Fishing vessel,440130590
/vessels/details/440091650,NA DAE SE,Fishing vessel,440091650
/vessels/details/440414060,JIN SEONG HO,Fishing vessel,440414060
/vessels/details/440200620,RISE,Fishing vessel,440200620
/vessels/details/440223750,NEW GANG SEONG HO,Fishing vessel,440223750
/vessels/details/440413820,DONGHAEHO,Fishing vessel,440413820
/vessels/details/5244637,KWANG NAM NO. 11,Fishing Vessel,5244637
/vessels/details/440196150,MYUNG GA,Fishing vessel,440196150
/vessels/details/440128720,PA LO SEU,Fishing vessel,440128720
/vessels/details/440188410,DAE SEUNG HO,Fishing vessel,440188410
/vessels/details/440031410,KKANBUHO,Fishing vessel,440031410
/vessels/details/440174240,YOU JUNG HO,Fishing vessel,440174240
/vessels/details/440143650,SUNG JIN HO,Fishing vessel,440143650
/vessels/details/8717829,91 TAE BAEK,Fishing Vessel,8717829
/vessels/details/8848252,DAE YANG NO. 101,Fishing Vessel,8848252
/vessels/details/6514003,NAM HAE NO. 201,Fishing Vessel,6514003
/vessels/details/440202060,GA YEON HO,Fishing vessel,440202060
/vessels/details/440059790,301 EUN SEONG,Fishing vessel,440059790
/vessels/details/440127350,EUN GWANG HO,Fishing vessel,440127350
/vessels/details/440413290,YEMEONGHO,Fishing vessel,440413290
/vessels/details/440022850,HAPPYHO,Fishing vessel,440022850
/vessels/details/440149970,SEE STAR HO,Fishing vessel,440149970
/vessels/details/440090860,107EO JIN,Fishing vessel,440090860
/vessels/details/440143900,3 SUNGWON HO,Fishing vessel,440143900
/vessels/details/440087360,NEW SPEIS,Fishing vessel,440087360
/vessels/details/440600101,NO.112 KWANG MYEONG,Fishing vessel,440600101
/vessels/details/440157430,GEUM SEONG HO,Fishing vessel,440157430
/vessels/details/6408187,O DAE YANG NO. 216,Fishing Vessel,6408187
/vessels/details/440008860,DONG NAM HO,Fishing vessel,440008860
/vessels/details/7831575,TAE YOUNG NO. 62,Fishing Vessel,7831575
/vessels/details/440326620,JANGJIN2HO,Fishing vessel,440326620
/vessels/details/440315180,SEJONG,Fishing vessel,440315180
/vessels/details/440145330,HAE SEOUNG HO,Fishing vessel,440145330
/vessels/details/441792000,65DONG HO,Fishing vessel,441792000
/vessels/details/440332170,MYEONG RYANG HO,Fishing vessel,440332170
/vessels/details/440187330,KOSEUMOSEU2HO,Fishing vessel,440187330
/vessels/details/440019930,HIT,Fishing vessel,440019930
/vessels/details/440323960,115 DAE YANG,Fishing vessel,440323960
/vessels/details/440411170,GYEONGNAM GREEN,Fishing vessel,440411170
/vessels/details/440132460,AVALON HO,Fishing vessel,440132460
/vessels/details/440163080,TAE AN HO,Fishing vessel,440163080
/vessels/details/440200410,TAE YEONG,Fishing vessel,440200410
/vessels/details/440030730,CHAE MIN HO,Fishing vessel,440030730
/vessels/details/440051610,DAE HAN HO,Fishing vessel,440051610
/vessels/details/8800200,KOTOBUKI MARU NO. 27,Fishing Vessel,8800200
/vessels/details/440706890,BIG GAME,Fishing vessel,440706890
/vessels/details/440123010,3 DONG MYEONG,Fishing vessel,440123010
/vessels/details/440121212,SEONMIN HO,Fishing vessel,440121212
/vessels/details/440161670,SEONG NAM H0,Fishing vessel,440161670
/vessels/details/440179840,KYUNG DEOK HO,Fishing vessel,440179840
/vessels/details/440115460,JANG JUN HO,Fishing vessel,440115460
/vessels/details/440304280,MI LAE HO,Fishing vessel,440304280
/vessels/details/440216480,302 SEO JIN,Fishing vessel,440216480
/vessels/details/440174490,GYEONGYANG,Fishing vessel,440174490
/vessels/details/440043190,HANRA FISHING,Fishing vessel,440043190
/vessels/details/440323820,MAN SUNG HO,Fishing vessel,440323820
/vessels/details/440212350,MOONSOON,Fishing vessel,440212350
/vessels/details/440109090,JIN YUNG HO,Fishing vessel,440109090
/vessels/details/440154710,NU LI HO,Fishing vessel,440154710
/vessels/details/440333790,KEUM PYEONG,Fishing vessel,440333790
/vessels/details/8532877,MUGUNGHWA NO. 23,Fishing Support Vessel,8532877
/vessels/details/440024590,2 HAE SUNG HO,Fishing vessel,440024590
/vessels/details/440098160,NEW JE IL HO,Fishing vessel,440098160
/vessels/details/440412070,500 BEDROHO,Fishing vessel,440412070
/vessels/details/440148020,BU KWANG,Fishing vessel,440148020
/vessels/details/440113660,BU SEONG HO,Fishing vessel,440113660
/vessels/details/440139360,HYO JIN HO,Fishing vessel,440139360
/vessels/details/440017020,MAN MUL,Fishing vessel,440017020
/vessels/details/440091160,GEONGGANGONGJINHO,Fishing vessel,440091160
/vessels/details/440217890,BIRYONG,Fishing vessel,440217890
/vessels/details/440334270,701 YUGYEONG,Fishing vessel,440334270
/vessels/details/440108370,86HANSUNG,Fishing vessel,440108370
/vessels/details/440117460,GEUN WON,Fishing vessel,440117460
/vessels/details/440068070,JE7JINHEUNGHO,Fishing vessel,440068070
/vessels/details/440208280,GEO SEONG,Fishing vessel,440208280
/vessels/details/440311320,3DAE SEUNG HO,Fishing vessel,440311320
/vessels/details/440210860,YONG BOK,Fishing vessel,440210860
/vessels/details/440192020,SIN SE GYE HO,Fishing vessel,440192020
/vessels/details/440200880,NAM DEOG 5 HO,Fishing vessel,440200880
/vessels/details/440402710,JIA HO,Fishing vessel,440402710
/vessels/details/440130980,33SUN KYEONG,Fishing vessel,440130980
/vessels/details/440138430,WAT DA HO,Fishing vessel,440138430
/vessels/details/440151770,HAE WON HO,Fishing vessel,440151770
/vessels/details/440800213,HR,Fishing vessel,440800213
/vessels/details/440006640,HWA.SEONG606H0,Fishing vessel,440006640
/vessels/details/440317560,GYEONGHUNHO,Fishing vessel,440317560
/vessels/details/440153740,MYUNGSUNGHO,Fishing vessel,440153740
/vessels/details/440218630,HAYUNGHO,Fishing vessel,440218630
/vessels/details/440148630,GGA MANG HO,Fishing vessel,440148630
/vessels/details/440200870,HAE SUNG HO,Fishing vessel,440200870
/vessels/details/440201770,YOUNG JIN,Fishing vessel,440201770
/vessels/details/440021670,3 SIN SOUNG,Fishing vessel,440021670
/vessels/details/440122470,SAM HYEONG JE HO,Fishing vessel,440122470
/vessels/details/440301650,JE 88 YEONG GWANG HO,Fishing vessel,440301650
/vessels/details/440065810,JO EUN HO,Fishing vessel,440065810
/vessels/details/440196860,SI ON HO,Fishing vessel,440196860
/vessels/details/5153125,EBISU MARU NO. 2,Fishing Vessel,5153125
/vessels/details/440154650,JONG GWANG HO,Fishing vessel,440154650
/vessels/details/440141640,BROTHERHO,Fishing vessel,440141640
/vessels/details/440029740,HYO SEONG 2 HO,Fishing vessel,440029740
/vessels/details/440103590,YOUNG IL 3HO,Fishing vessel,440103590
/vessels/details/440403250,11HANDONGHO,Fishing vessel,440403250
/vessels/details/6709359,EUN HA NO. 81,Fishing Vessel,6709359
/vessels/details/440334210,HAE SEONG HO,Fishing vessel,440334210
/vessels/details/440707250,HAEKYOUNG HO,Fishing vessel,440707250
/vessels/details/440040390,DAE HYEON HO,Fishing vessel,440040390
/vessels/details/9336622,MUGUNGHWA30,Fishing Support Vessel,9336622
/vessels/details/440125230,505 DONGWONHO,Fishing vessel,440125230
/vessels/details/440200480,SINHEUNG HO,Fishing vessel,440200480
/vessels/details/440747700,NEW HANG KU HO,Fishing vessel,440747700
/vessels/details/440602160,3JIN YANG,Fishing vessel,440602160
/vessels/details/440332330,FORTUNA 2,Fishing vessel,440332330
/vessels/details/440072230,LURE FIGHTER,Fishing vessel,440072230
/vessels/details/440329010,108 SIN GWANG,Fishing vessel,440329010
/vessels/details/440337260,905 DEOG HAE HO,Fishing vessel,440337260
/vessels/details/440313950,CHEONGJEONG BADA 1,Fishing vessel,440313950
/vessels/details/441288888,61117,Fishing vessel,441288888
/vessels/details/440219270,SMILE,Fishing vessel,440219270
/vessels/details/6610376,DONG BANG NO. 53,Fishing Vessel,6610376
/vessels/details/440098220,CHUN IL,Fishing vessel,440098220
/vessels/details/440010390,SIN HEUNG HO,Fishing vessel,440010390
/vessels/details/7418012,HAN YANG NO. 32,Fishing Vessel,7418012
/vessels/details/440413830,KUMNANHO,Fishing vessel,440413830
/vessels/details/440177850,NEW HAE SIN HO,Fishing vessel,440177850
/vessels/details/8026696,ESCAMA VI,Fishing Vessel,8026696
/vessels/details/8808159,NO.22 HAE CHEON,Fishing Vessel,8808159
/vessels/details/440600071,NO.108 DAE WON,Fishing vessel,440600071
/vessels/details/440057290,UGA A HO,Fishing vessel,440057290
/vessels/details/440016860,KWANGBOKHO,Fishing vessel,440016860
/vessels/details/440156780,105WOOYANG,Fishing vessel,440156780
/vessels/details/440600184,99SUNG BOK,Fishing vessel,440600184
/vessels/details/440149160,7 GUNG GIL,Fishing vessel,440149160
/vessels/details/440207620,JE2021SOYEONGHO,Fishing vessel,440207620
/vessels/details/440500540,116 NAMPO,Fishing vessel,440500540
/vessels/details/440164470,SUNGJIN,Fishing vessel,440164470
/vessels/details/440140540,JIN SEON,Fishing vessel,440140540
/vessels/details/440218310,JIN YOUNG,Fishing vessel,440218310
/vessels/details/8619376,BU YOUNG NO. 68,Fishing Vessel,8619376
/vessels/details/8827789,HAE RIM NO. 3,Fishing Vessel,8827789
/vessels/details/440221430,SSI EN MI HO,Fishing vessel,440221430
/vessels/details/440176110,HAE SIN LE GER HO,Fishing vessel,440176110
/vessels/details/8816522,JUNG SUNG NO. 507,Fishing Vessel,8816522
/vessels/details/7418177,CHANCE NO. 73,Fishing Vessel,7418177
/vessels/details/440017510,SINILHO,Fishing vessel,440017510
/vessels/details/440203940,309 HAE YEONG,Fishing vessel,440203940
/vessels/details/440222450,307SEUNGSEUNGJANGGU,Fishing vessel,440222450
/vessels/details/440118150,CHEONG JEONG HO,Fishing vessel,440118150
/vessels/details/440413430,2KYUNGBOOK,Fishing vessel,440413430
/vessels/details/440173650,77 GYUNG DONG,Fishing vessel,440173650
/vessels/details/440028390,ZE NIS HO,Fishing vessel,440028390
/vessels/details/440112580,21 CHEONG SIN,Fishing vessel,440112580
/vessels/details/5420035,NAM PYUNG NO. 8,Fishing Vessel,5420035
/vessels/details/440018490,MAN BOK,Fishing vessel,440018490
/vessels/details/440152030,NEW BADARO,Fishing vessel,440152030
/vessels/details/440139900,209 JIN MYEONG,Fishing vessel,440139900
/vessels/details/440413010,CHONGRYONG,Fishing vessel,440413010
/vessels/details/8413564,SAM IL NO. 105,Fishing Vessel,8413564
/vessels/details/6422779,MEE HAENG NO. 203,Fishing Vessel,6422779
/vessels/details/440198230,JE129EUNSEONG,Fishing vessel,440198230
/vessels/details/440161130,BEU RA DEO HO,Fishing vessel,440161130
/vessels/details/440217020,LEADERS,Fishing vessel,440217020
/vessels/details/8614948,NO. 300 HAN CHANG,Fishing Vessel,8614948
/vessels/details/440220690,DEOK YANG 3HO,Fishing vessel,440220690
/vessels/details/440184650,SOL TI GA,Fishing vessel,440184650
/vessels/details/440600522,NO.7 DAEILHO,Fishing vessel,440600522
/vessels/details/440321250,EUN KWANG HO,Fishing vessel,440321250
/vessels/details/440198660,GANG TAE GONG HO,Fishing vessel,440198660
/vessels/details/440204820,SEUNG CHANG HO,Fishing vessel,440204820
/vessels/details/440000110,SSA I RO HO,Fishing vessel,440000110
/vessels/details/8820640,TONG YEONG NO. 88,Fishing Vessel,8820640
/vessels/details/440100890,JE7DAEDONGHO,Fishing vessel,440100890
/vessels/details/440121380,1 DONG JIN,Fishing vessel,440121380
/vessels/details/440067980,8 JO GWANG,Fishing vessel,440067980
/vessels/details/8305860,O YANG NO. 800,Fishing Vessel,8305860
/vessels/details/440401800,903 GYEONG HAE,Fishing vessel,440401800
/vessels/details/440153690,BO KANG HO,Fishing vessel,440153690
/vessels/details/440003430,MYOUNGSOUNG,Fishing vessel,440003430
/vessels/details/440209380,JINHEUNG,Fishing vessel,440209380
/vessels/details/440405430,132CHAN YU,Fishing vessel,440405430
/vessels/details/9020118,HAE CHEON 808,Fishing Vessel,9020118
/vessels/details/440411390,SUNJIN,Fishing vessel,440411390
/vessels/details/440219980,35 CHANG NAM,Fishing vessel,440219980
/vessels/details/440318440,209CHANG YUNG,Fishing vessel,440318440
/vessels/details/440709600,SUNNYJEI,Fishing vessel,440709600
/vessels/details/440072870,SHARKONEHO,Fishing vessel,440072870
/vessels/details/8874225,MANGOO NO. 1,Fishing Vessel,8874225
/vessels/details/440150490,EUNHA7 HO,Fishing vessel,440150490
/vessels/details/440150680,OKJU HO,Fishing vessel,440150680
/vessels/details/440145820,GEUMSUNG FISHING,Fishing vessel,440145820
/vessels/details/440095410,SEO JIN HO,Fishing vessel,440095410
/vessels/details/440121013,FIORD,Fishing vessel,440121013
/vessels/details/440335320,KING STAR,Fishing vessel,440335320
/vessels/details/440178480,MAN JIN HO,Fishing vessel,440178480
/vessels/details/440104380,PYENGANHO,Fishing vessel,440104380
/vessels/details/440038060,SINJU,Fishing vessel,440038060
/vessels/details/8827818,RAMA NO. 10,Fishing Vessel,8827818
/vessels/details/440458000,MUGUNGHWA 5,Fishing vessel,440458000
/vessels/details/440109520,1 KO RYO,Fishing vessel,440109520
/vessels/details/440175080,HOMERUN HO,Fishing vessel,440175080
/vessels/details/440212250,702KYUNGHAE,Fishing vessel,440212250
/vessels/details/440708500,2012 DEOK SEONG HO,Fishing vessel,440708500
/vessels/details/440154260,HAEUNHO,Fishing vessel,440154260
/vessels/details/440022050,101 MAN SU HO,Fishing vessel,440022050
/vessels/details/440303030,HYEON JIN,Fishing vessel,440303030
/vessels/details/440019130,SIN KWANG,Fishing vessel,440019130
/vessels/details/440119820,GOLD,Fishing vessel,440119820
/vessels/details/440052740,NEW SEOM SA RANG 1,Fishing vessel,440052740
/vessels/details/440057750,DAE YEONG HO,Fishing vessel,440057750
/vessels/details/440124120,JE23HEEYOUNGHO,Fishing vessel,440124120
/vessels/details/440067830,DEU RIM HO,Fishing vessel,440067830
/vessels/details/440196260,SEONG CHANG,Fishing vessel,440196260
/vessels/details/440315750,218HAEYANG HO,Fishing vessel,440315750
/vessels/details/440048610,NEW AINS,Fishing vessel,440048610
/vessels/details/440005920,DAL COM HO,Fishing vessel,440005920
/vessels/details/7410254,O YANG NO. 305,Fishing Vessel,7410254
/vessels/details/440309290,107 BUN DO,Fishing vessel,440309290
/vessels/details/440005050,JANGSU,Fishing vessel,440005050
/vessels/details/440213710,DAEHAN,Fishing vessel,440213710
/vessels/details/440712700,TAE GEUN,Fishing vessel,440712700
/vessels/details/440304010,FISHING GUID 2,Fishing vessel,440304010
/vessels/details/440098790,RUCHE,Fishing vessel,440098790
/vessels/details/440005620,KANGBADA,Fishing vessel,440005620
/vessels/details/440212920,BOONG BOONG,Fishing vessel,440212920
/vessels/details/440018140,HWASUNGHO,Fishing vessel,440018140
/vessels/details/440005270,BAT NORI HO,Fishing vessel,440005270
/vessels/details/440129430,SECRET HO,Fishing vessel,440129430
/vessels/details/440016560,77 HAN JIN,Fishing vessel,440016560
/vessels/details/440202290,NASUNG,Fishing vessel,440202290
/vessels/details/440025980,MOIRA,Fishing vessel,440025980
/vessels/details/440126910,SUPER STAR,Fishing vessel,440126910
/vessels/details/440224910,GAGEOSEUTA,Fishing vessel,440224910
/vessels/details/440304930,NO.22GEUMBOK,Fishing vessel,440304930
/vessels/details/440095020,GREENNARAEHO,Fishing vessel,440095020
/vessels/details/440600166,JINYOUNG,Fishing vessel,440600166
/vessels/details/9117143,DONG JIN NO. 1,Fishing Vessel,9117143
/vessels/details/440032150,GUARDIAN HO,Fishing vessel,440032150
/vessels/details/440338190,CHEONSA6HO,Fishing vessel,440338190
/vessels/details/440016100,103DONG JOO,Fishing vessel,440016100
/vessels/details/440094960,DONGSEONGHO,Fishing vessel,440094960
/vessels/details/6603256,BAEK YEONG NO. 101,Fishing Vessel,6603256
/vessels/details/440319520,5 DAE YANG HO,Fishing vessel,440319520
/vessels/details/6800799,PUK YANG NO. 7,Fishing Vessel,6800799
/vessels/details/440201530,JA YEON,Fishing vessel,440201530
/vessels/details/440317450,HAE JOON,Fishing vessel,440317450
/vessels/details/440094220,EBADAHO,Fishing vessel,440094220
/vessels/details/440600206,BACKBONGHO,Fishing vessel,440600206
/vessels/details/440006860,HAENG UN HO,Fishing vessel,440006860
/vessels/details/5324023,BU NAM NO. 3,Fishing Vessel,5324023
/vessels/details/7001596,DONG BANG NO. 39,Fishing Vessel,7001596
/vessels/details/440145450,85TONGYOUNG,Fishing vessel,440145450
/vessels/details/440123760,88TONGYOUNG,Fishing vessel,440123760
/vessels/details/440314580,GYEONG MAN HO,Fishing vessel,440314580
/vessels/details/440507260,BO SEONG,Fishing vessel,440507260
/vessels/details/440333990,CHAEM PEU HO,Fishing vessel,440333990
/vessels/details/440195490,JIN HEE,Fishing vessel,440195490
/vessels/details/440048840,2JIN MYEONG,Fishing vessel,440048840
/vessels/details/440136990,YUNGDEOK,Fishing vessel,440136990
/vessels/details/440153920,IL YEONG,Fishing vessel,440153920
/vessels/details/8717855,NO.1 CHIL SUNG,Fishing Vessel,8717855
/vessels/details/440403510,JIN HUNG,Fishing vessel,440403510
/vessels/details/440075260,STEALTH,Fishing vessel,440075260
/vessels/details/440107240,3 MYUNGSUNG,Fishing vessel,440107240
/vessels/details/440176710,DAE SUNG,Fishing vessel,440176710
/vessels/details/440004970,IRIS,Fishing vessel,440004970
/vessels/details/440145090,305 HAN CHANG,Fishing vessel,440145090
/vessels/details/440141750,SU DUK HO,Fishing vessel,440141750
/vessels/details/440219860,APPLE,Fishing vessel,440219860
/vessels/details/440223510,SAM SON HO,Fishing vessel,440223510
/vessels/details/440004080,DAE SEON 7 HO,Fishing vessel,440004080
/vessels/details/440057520,3 YOUNG NAM HO,Fishing vessel,440057520
/vessels/details/440179310,RED SKY,Fishing vessel,440179310
/vessels/details/440136110,309 HAN CHANG,Fishing vessel,440136110
/vessels/details/440119760,UL SAN 303,Fishing vessel,440119760
/vessels/details/7220946,DONG SUE NO. 2,Fishing Vessel,7220946
/vessels/details/440191110,HAEYEUNHO,Fishing vessel,440191110
/vessels/details/6716388,WON CHANG NO. 82,Fishing Vessel,6716388
/vessels/details/440119430,DONGHAE 3HO,Fishing vessel,440119430
/vessels/details/440312410,SAM SEONG,Fishing vessel,440312410
/vessels/details/440225390,TEAM O DI SE YI,Fishing vessel,440225390
/vessels/details/440221760,SUSEONGHO,Fishing vessel,440221760
/vessels/details/6708331,NAM HAE NO. 277,Fishing Vessel,6708331
/vessels/details/440100038,GONG HYUNJIN FISHING,Fishing vessel,440100038
/vessels/details/440212520,SEO JIN HO,Fishing vessel,440212520
/vessels/details/440134370,DONGYANG,Fishing vessel,440134370
/vessels/details/440316720,205 DAE SEUNG HO,Fishing vessel,440316720
/vessels/details/440328670,YEONGCHANG HO,Fishing vessel,440328670
/vessels/details/440225440,DONG BAEK,Fishing vessel,440225440
/vessels/details/440126400,77 HYO CHANG HO,Fishing vessel,440126400
/vessels/details/440059270,BOK DUCK 4,Fishing vessel,440059270
/vessels/details/440182890,CHEONSA17HO,Fishing vessel,440182890
/vessels/details/440016620,QUNSTEAR,Fishing vessel,440016620
/vessels/details/440400360,JEONG SEON HO,Fishing vessel,440400360
/vessels/details/440702250,3 DONG UN HO,Fishing vessel,440702250
/vessels/details/440200050,IRELANDHO,Fishing vessel,440200050
/vessels/details/440303390,CHAMPION 2,Fishing vessel,440303390
/vessels/details/440114440,HITHO,Fishing vessel,440114440
/vessels/details/440039490,KEUM KANG,Fishing vessel,440039490
/vessels/details/440006580,POWER HO,Fishing vessel,440006580
/vessels/details/6716338,WON CHANG NO. 81,Fishing Vessel,6716338
/vessels/details/440510710,SUNGWON2 HO,Fishing vessel,440510710
/vessels/details/440330880,JE 303 WON YEONG HO,Fishing vessel,440330880
/vessels/details/440315720,ESCORTHO,Fishing vessel,440315720
/vessels/details/440410310,HUI YEONG HO,Fishing vessel,440410310
/vessels/details/440323330,83BUNDO,Fishing vessel,440323330
/vessels/details/7232195,CHANG JIN NO. 501,Fishing Vessel,7232195
/vessels/details/440131520,TAE YEONG,Fishing vessel,440131520
/vessels/details/440324310,606 YEONG IL HO,Fishing vessel,440324310
/vessels/details/440027120,DONG SUNG HO,Fishing vessel,440027120
/vessels/details/440063990,NAM LYONG HO,Fishing vessel,440063990
/vessels/details/440033860,GANG TAE GONG,Fishing vessel,440033860
/vessels/details/440022060,HAE SUNG HO,Fishing vessel,440022060
/vessels/details/440146620,JEONGSUNG2,Fishing vessel,440146620
/vessels/details/440304760,EUNJI FISHING HO,Fishing vessel,440304760
/vessels/details/6715528,SAM HAE NO. 101,Fishing Vessel,6715528
/vessels/details/440206260,DEOG YANG HO,Fishing vessel,440206260
/vessels/details/440154470,JEON IL 1HO,Fishing vessel,440154470
/vessels/details/440044060,BLUE PHISSHING HO,Fishing vessel,440044060
/vessels/details/440140250,MYUNG SEONG HO,Fishing vessel,440140250
/vessels/details/440166130,MEONG GWANG HO,Fishing vessel,440166130
/vessels/details/440188660,EMERALD HO,Fishing vessel,440188660
/vessels/details/440183380,DONGWOO,Fishing vessel,440183380
/vessels/details/441014000,NO.302 DAEHWA,Fishing vessel,441014000
/vessels/details/440502140,8882HANIL HO,Fishing vessel,440502140
/vessels/details/7220922,AHJIN,Fishing Vessel,7220922
/vessels/details/7355612,SAM SONG NO. 23,Fishing Vessel,7355612
/vessels/details/440082350,DAE GIL HO,Fishing vessel,440082350
/vessels/details/8715998,DAE SUNG NO. 15,Fishing Vessel,8715998
/vessels/details/440122840,YEOUN AN HO,Fishing vessel,440122840
/vessels/details/440308090,219YEONHEUNGHO,Fishing vessel,440308090
/vessels/details/440225600,BEUL LU MA LIN HO,Fishing vessel,440225600
/vessels/details/440412750,6 JAE SEONG HO,Fishing vessel,440412750
/vessels/details/440018700,308HWA YEONG,Fishing vessel,440018700
/vessels/details/440701170,HAESUNGHO,Fishing vessel,440701170
/vessels/details/440214370,NAM KWANG FISHING HO,Fishing vessel,440214370
/vessels/details/440507120,209DEOK JIN,Fishing vessel,440507120
/vessels/details/440118740,SIN CHANG HO,Fishing vessel,440118740
/vessels/details/440161330,NEW CHEONG YONG HO,Fishing vessel,440161330
/vessels/details/440048030,3CHANGYOUNGHO,Fishing vessel,440048030
/vessels/details/8413760,SAM YOUNG NO. 101,Fishing Vessel,8413760
/vessels/details/440304460,IN GYEONG HO,Fishing vessel,440304460
/vessels/details/440015420,TAE GWANG,Fishing vessel,440015420
/vessels/details/440063070,JIN SUNG3HO,Fishing vessel,440063070
/vessels/details/8878946,EBISU MARU NO. 38,Fishing Vessel,8878946
/vessels/details/440143060,SEONG IL,Fishing vessel,440143060
/vessels/details/440223950,NAM IL HO,Fishing vessel,440223950
/vessels/details/440072880,2 BO SUNG HO,Fishing vessel,440072880
/vessels/details/440306820,BADA SARANG,Fishing vessel,440306820
/vessels/details/5346071,SUNG YOUNG NO. 99,Fishing Vessel,5346071
/vessels/details/6518451,IN SUNG NO. 107,Fishing Vessel,6518451
/vessels/details/440501860,GEUMGWANGHO,Fishing vessel,440501860
/vessels/details/440338340,SOONCHANGHO,Fishing vessel,440338340
/vessels/details/440127440,DREAM HO,Fishing vessel,440127440
/vessels/details/6603892,DAE JIN NO. 7,Fishing Vessel,6603892
/vessels/details/440030530,249 GA DI UN HO,Fishing vessel,440030530
/vessels/details/440167490,MYEONG IYUN,Fishing vessel,440167490
/vessels/details/440107960,NEW HIL RING,Fishing vessel,440107960
/vessels/details/440010780,HAESEONG3HO,Fishing vessel,440010780
/vessels/details/440056130,YOON JIN HO,Fishing vessel,440056130
/vessels/details/440088650,SIN SUNG HO,Fishing vessel,440088650
/vessels/details/440318890,DAE JIN HO,Fishing vessel,440318890
/vessels/details/440007250,MUL BIT HO,Fishing vessel,440007250
/vessels/details/440169440,YEO JU,Fishing vessel,440169440
/vessels/details/440201630,DONG NAM,Fishing vessel,440201630
/vessels/details/440311760,2088 HAN II HO,Fishing vessel,440311760
/vessels/details/440336910,SUNKYEONG1HO,Fishing vessel,440336910
/vessels/details/440201940,DAE HAN HO,Fishing vessel,440201940
/vessels/details/440127560,SUNGSIN,Fishing vessel,440127560
/vessels/details/441907914,KING FISH,Fishing vessel,441907914
/vessels/details/440019840,7 JEONG BOK,Fishing vessel,440019840
/vessels/details/440502810,DONG HEA HO,Fishing vessel,440502810
/vessels/details/440105390,BLACKSHARK,Fishing vessel,440105390
/vessels/details/440215820,NO.2 HAEUN HO,Fishing vessel,440215820
/vessels/details/440322570,SINHEUNG HO,Fishing vessel,440322570
/vessels/details/440023480,1YONGSEONG HO,Fishing vessel,440023480
/vessels/details/440106210,YONG GILL,Fishing vessel,440106210
/vessels/details/440021640,JE2HONGBIHO,Fishing vessel,440021640
/vessels/details/440124240,105SEONG HWA,Fishing vessel,440124240
/vessels/details/440171370,SANG JIN HO,Fishing vessel,440171370
/vessels/details/8423337,IKESU MARU 10,Fish Carrier,8423337
/vessels/details/440034870,BU NAM HO,Fishing vessel,440034870
/vessels/details/440098341,219 GY RYONG HO,Fishing vessel,440098341
/vessels/details/440223170,HONG SUNG HO,Fishing vessel,440223170
/vessels/details/440507460,ARIULHO,Fishing vessel,440507460
/vessels/details/6401696,HAN GIL NO. 7,Fishing Vessel,6401696
/vessels/details/440042430,DAE KWANG HO,Fishing vessel,440042430
/vessels/details/440508480,DONG JIN,Fishing vessel,440508480
/vessels/details/8414465,SUR ESTE 709,Fishing Vessel,8414465
/vessels/details/440129470,UI SEONG 1HO,Fishing vessel,440129470
/vessels/details/7115177,CHIL SUNG NO. 707,Fishing Vessel,7115177
/vessels/details/440014340,HYEN DAE,Fishing vessel,440014340
/vessels/details/440096470,WOORIBADAHO,Fishing vessel,440096470
/vessels/details/440312210,NEW-DEUNGDAE,Fishing vessel,440312210
/vessels/details/440334630,MULGOMHO,Fishing vessel,440334630
/vessels/details/440729200,GAGAHO,Fishing vessel,440729200
/vessels/details/6401933,SUNG KYUNG NO. 2,Fishing Vessel,6401933
/vessels/details/5405750,HAN GIL NO. 12,Fishing Vessel,5405750
/vessels/details/440220290,DAE HAN HO,Fishing vessel,440220290
/vessels/details/440126880,702 DAE HAN,Fishing vessel,440126880
/vessels/details/440143940,JEIL FISHING HO,Fishing vessel,440143940
/vessels/details/440325040,JAKALBATHO,Fishing vessel,440325040
/vessels/details/440333280,DEOK MYUNG HO,Fishing vessel,440333280
/vessels/details/6917877,DONG HAE NO. 35,Fishing Vessel,6917877
/vessels/details/440101440,501SUNGBOHO,Fishing vessel,440101440
/vessels/details/440219830,BEUL ROO,Fishing vessel,440219830
/vessels/details/440064130,JIN YOUNG,Fishing vessel,440064130
/vessels/details/440157320,EUN GAL CHI HO,Fishing vessel,440157320
/vessels/details/440318680,JO SEONG HO,Fishing vessel,440318680
/vessels/details/441234567,HOANG KIM LONG F19,Fishing vessel,441234567
/vessels/details/440055820,HAE SEONG HO,Fishing vessel,440055820
/vessels/details/440113010,NEW ORION HO,Fishing vessel,440113010
/vessels/details/440318430,208CHANG YUNG,Fishing vessel,440318430
/vessels/details/440027880,KYUNG JIN,Fishing vessel,440027880
/vessels/details/440175780,GWANG MUN,Fishing vessel,440175780
/vessels/details/440219180,YAHO,Fishing vessel,440219180
/vessels/details/440157920,SE JEONG HO,Fishing vessel,440157920
/vessels/details/440321940,NANGMANEOBUHO,Fishing vessel,440321940
/vessels/details/440147270,SAMSUNG1HO,Fishing vessel,440147270
/vessels/details/8827636,DONG BANG NO. 101,Fishing Vessel,8827636
/vessels/details/440177130,58YONG SEUNG,Fishing vessel,440177130
/vessels/details/440099950,TESLAN,Fishing vessel,440099950
/vessels/details/440337850,102 DONG WON HO,Fishing vessel,440337850
/vessels/details/440161570,SINYONGHO,Fishing vessel,440161570
/vessels/details/440405490,3 WOO YANG HO,Fishing vessel,440405490
/vessels/details/440215010,1DAISEONGHO,Fishing vessel,440215010
/vessels/details/440737500,GWANG IL HO,Fishing vessel,440737500
/vessels/details/440408840,DONG WON,Fishing vessel,440408840
/vessels/details/7220934,KWANG MYUNG NO. 6,Fishing Vessel,7220934
/vessels/details/440033010,CAPTIN HAF,Fishing vessel,440033010
/vessels/details/440158280,HYEON DAE,Fishing vessel,440158280
/vessels/details/440146080,NAM YOUNG HO,Fishing vessel,440146080
/vessels/details/440510290,NAPOLEON,Fishing vessel,440510290
/vessels/details/440316040,27SHIN MYOUNGHO,Fishing vessel,440316040
/vessels/details/9021588,AGNES101,Fishing Vessel,9021588
/vessels/details/440221340,DAE SEUNG HO,Fishing vessel,440221340
/vessels/details/440150480,18MAN GU,Fishing vessel,440150480
/vessels/details/440325370,HANLA HO,Fishing vessel,440325370
/vessels/details/440093270,5SEONGPUNGHO,Fishing vessel,440093270
/vessels/details/440501470,27 TAE YEONG,Fishing vessel,440501470
/vessels/details/440308670,197 CHANG WON,Fishing vessel,440308670
/vessels/details/440064730,ILJIN,Fishing vessel,440064730
/vessels/details/7042538,FV SAE IN CHAMPION,Fishing Vessel,7042538
/vessels/details/440702360,SEUNG HYEON HO,Fishing vessel,440702360
/vessels/details/440082820,CHEON HYE HO,Fishing vessel,440082820
/vessels/details/440317660,JADE HO,Fishing vessel,440317660
/vessels/details/440114160,DAE YANG HO,Fishing vessel,440114160
/vessels/details/440141690,YEON JIN HO,Fishing vessel,440141690
/vessels/details/440309780,1KYUNGSUNG,Fishing vessel,440309780
/vessels/details/440222550,JANGMI 6,Fishing vessel,440222550
/vessels/details/440007710,SEONG BOK HO,Fishing vessel,440007710
/vessels/details/440104930,2013 BO JANG,Fishing vessel,440104930
/vessels/details/440159780,NEW BLUEMARIN,Fishing vessel,440159780
/vessels/details/440800529,R.O.K GOV VESSEL,Fishing vessel,440800529
/vessels/details/440725500,YUROPA HO,Fishing vessel,440725500
/vessels/details/440218990,1 SIN A HO,Fishing vessel,440218990
/vessels/details/440062220,YOUNG SOO HO,Fishing vessel,440062220
/vessels/details/440198530,JULIA HO,Fishing vessel,440198530
/vessels/details/440307680,HAN SUNG,Fishing vessel,440307680
/vessels/details/440081210,DAE WON HO,Fishing vessel,440081210
/vessels/details/440035680,605GILJEONG,Fishing vessel,440035680
/vessels/details/440199080,MOO CHANG PO,Fishing vessel,440199080
/vessels/details/6413455,BU KWANG NO. 201,Fishing Vessel,6413455
/vessels/details/440086240,HWANG KEUM,Fishing vessel,440086240
/vessels/details/440331670,DONG HAE HO,Fishing vessel,440331670
/vessels/details/9125334,GREEN STAR,Fishing Vessel,9125334
/vessels/details/440302490,612 HYUN DAE HO,Fishing vessel,440302490
/vessels/details/440134900,2 BUGANG,Fishing vessel,440134900
/vessels/details/5123168,ASAHI MARU NO. 31,Fishing Vessel,5123168
/vessels/details/8717879,716 ORYONG,Fishing Vessel,8717879
/vessels/details/440026390,DAEYUNG,Fishing vessel,440026390
/vessels/details/440129460,98 PYEONG JIN,Fishing vessel,440129460
/vessels/details/440132060,YONG JIN HO,Fishing vessel,440132060
/vessels/details/440311870,68DEOKJIN,Fishing vessel,440311870
/vessels/details/440208710,KIL YUNG,Fishing vessel,440208710
/vessels/details/7229318,HWA RANG,Fishing Vessel,7229318
/vessels/details/440205930,ILSUNG,Fishing vessel,440205930
/vessels/details/440303830,2020SEONG HAE,Fishing vessel,440303830
/vessels/details/440215860,NO.2 GIL EUN,Fishing vessel,440215860
/vessels/details/440036920,BIANDOORI,Fishing vessel,440036920
/vessels/details/440004070,2012DAESEUNG,Fishing vessel,440004070
/vessels/details/440171180,BA DA ROO HO,Fishing vessel,440171180
/vessels/details/440108220,OASIS HO,Fishing vessel,440108220
/vessels/details/440301550,TIM ACEU HO,Fishing vessel,440301550
/vessels/details/440114480,KWANG BOK HO,Fishing vessel,440114480
/vessels/details/440070870,CHANG SUNG,Fishing vessel,440070870
/vessels/details/440155493,GOLDMARINE 7,Fishing vessel,440155493
/vessels/details/440201850,NAM JIN,Fishing vessel,440201850
/vessels/details/440335690,UNTER6 HO,Fishing vessel,440335690
/vessels/details/440087760,INO7 HO,Fishing vessel,440087760
/vessels/details/440500040,NEWOCEANFISHING,Fishing vessel,440500040
/vessels/details/440187970,DEOK GYEONG HO,Fishing vessel,440187970
/vessels/details/440041320,301 IN DEOK HO,Fishing vessel,440041320
/vessels/details/6723173,MI SAN NO. 2,Fishing Vessel,6723173
/vessels/details/440329980,JIN SEONG,Fishing vessel,440329980
/vessels/details/6803038,DONG WON NO. 67,Fishing Vessel,6803038
/vessels/details/441923456,YZUNGJUN,Fishing vessel,441923456
/vessels/details/440326190,JAEYOUNG2,Fishing vessel,440326190
/vessels/details/440113720,308PYEONG SAN,Fishing vessel,440113720
/vessels/details/440142290,SEA CROSS 11,Fishing vessel,440142290
/vessels/details/440062830,CHENG JIN HO,Fishing vessel,440062830
/vessels/details/440004280,SE KANG HO,Fishing vessel,440004280
/vessels/details/440025370,NAKK SEE KWANG,Fishing vessel,440025370
/vessels/details/440074620,WI DO HO,Fishing vessel,440074620
/vessels/details/440047090,CHEON MA HO,Fishing vessel,440047090
/vessels/details/440152930,303KWANGSUNGHO,Fishing vessel,440152930
/vessels/details/440003440,HANKYUNG 3 HO,Fishing vessel,440003440
/vessels/details/440143360,701 TAEYANG HO,Fishing vessel,440143360
/vessels/details/9923853,TAMGU NO. 23,Fishing Support Vessel,9923853
/vessels/details/440120310,GYEONGJIN,Fishing vessel,440120310
/vessels/details/440336340,25 BU GIL HO,Fishing vessel,440336340
/vessels/details/440325450,2012 GANG IN HO,Fishing vessel,440325450
/vessels/details/440085770,KUM YUNG HO,Fishing vessel,440085770
/vessels/details/440214820,3 YUNG KWANG,Fishing vessel,440214820
/vessels/details/440505770,TAE JIN HO,Fishing vessel,440505770
/vessels/details/7220855,JINAM NO. 202,Fishing Vessel,7220855
/vessels/details/440505710,IP SEONG 5,Fishing vessel,440505710
/vessels/details/440178320,DA BU HO,Fishing vessel,440178320
/vessels/details/440200224,JE206HAEYANGHO,Fishing vessel,440200224
/vessels/details/440103880,WON CHANG HO,Fishing vessel,440103880
/vessels/details/440503090,NEW CHEONGUN,Fishing vessel,440503090
/vessels/details/440172160,SANG SEUNG LAKE,Fishing vessel,440172160
/vessels/details/440089820,SPECIAL,Fishing vessel,440089820
/vessels/details/440401170,1DONG WON,Fishing vessel,440401170
/vessels/details/6907729,KOREA NO. 73,Fishing Vessel,6907729
/vessels/details/7604922,HWA DONG NO. 102,Fishing Vessel,7604922
/vessels/details/6420941,O YANG NO. 17,Fishing Vessel,6420941
/vessels/details/440300230,HAE SIN HO,Fishing vessel,440300230
/vessels/details/440600473,N0.109 GILYOUNG,Fishing vessel,440600473
/vessels/details/440148920,GUEM RANG HO,Fishing vessel,440148920
/vessels/details/440183020,DAI JIN HO,Fishing vessel,440183020
/vessels/details/6804147,NAMWON NO. 86,Fishing Vessel,6804147
/vessels/details/8875762,BIANCA 2,Fishing Vessel,8875762
/vessels/details/440062250,O RAEN JI,Fishing vessel,440062250
/vessels/details/7237004,VERICA,Fishing Vessel,7237004
/vessels/details/440068740,SEOJUNG,Fishing vessel,440068740
/vessels/details/440125830,CHEON SA 25 HO,Fishing vessel,440125830
/vessels/details/8963777,DONG SEONG NO. 701,Fishing Vessel,8963777
/vessels/details/440319480,DONGKWANG,Fishing vessel,440319480
/vessels/details/440082940,2JAESEONG HO,Fishing vessel,440082940
/vessels/details/440209890,JINYANGHO,Fishing vessel,440209890
/vessels/details/440084350,DAE IL,Fishing vessel,440084350
/vessels/details/440504690,JINYOUNGHO,Fishing vessel,440504690
/vessels/details/7237250,JOON SUNG HO,Fishing Vessel,7237250
/vessels/details/440153160,BOO GANG HO,Fishing vessel,440153160
/vessels/details/440124080,19BORYUNG,Fishing vessel,440124080
/vessels/details/440325260,GANG PRO,Fishing vessel,440325260
/vessels/details/440146070,HAN IL,Fishing vessel,440146070
/vessels/details/440048930,DONGMYUNG9HO,Fishing vessel,440048930
/vessels/details/440108760,8 SIN BANG,Fishing vessel,440108760
/vessels/details/8510611,ORYONG NO. 96,Fishing Vessel,8510611
/vessels/details/440106180,HAE JIN HO,Fishing vessel,440106180
/vessels/details/8821565,TONINA 3,Fishing Vessel,8821565
/vessels/details/440046610,MIN JI HO,Fishing vessel,440046610
/vessels/details/5405566,JINAM NO. 4,Fishing Vessel,5405566
/vessels/details/440172180,NEW SA RANG HO,Fishing vessel,440172180
/vessels/details/440204310,MURYONG,Fishing vessel,440204310
/vessels/details/440041880,BI JO HO,Fishing vessel,440041880
/vessels/details/9044126,KA YA,Fishing Vessel,9044126
/vessels/details/440182050,ACE HO,Fishing vessel,440182050
/vessels/details/6620395,KEO MUN NO. 501,Fishing Vessel,6620395
/vessels/details/440100710,NEW CHEONG SAN HO,Fishing vessel,440100710
/vessels/details/440088690,SMOKI,Fishing vessel,440088690
/vessels/details/440076660,SAM SUNG,Fishing vessel,440076660
/vessels/details/440136060,YUNSEONGHO,Fishing vessel,440136060
/vessels/details/440125120,NEW STAR,Fishing vessel,440125120
/vessels/details/440194460,YONG GUNG HO,Fishing vessel,440194460
/vessels/details/440500247,DONG WON,Fishing vessel,440500247
/vessels/details/440600453,NO.2003 YUSIN,Fishing vessel,440600453
/vessels/details/440024840,POSEIDONHO,Fishing vessel,440024840
/vessels/details/440408050,22 TAE SEONG,Fishing vessel,440408050
/vessels/details/440023980,BLUE FISHING,Fishing vessel,440023980
/vessels/details/440057670,205JONGYUENHO,Fishing vessel,440057670
/vessels/details/7355210,ARCO,Fishing Vessel,7355210
/vessels/details/440314360,BLUE OCEAN HO,Fishing vessel,440314360
/vessels/details/440120070,SEONG YONG HO,Fishing vessel,440120070
/vessels/details/440081180,HEEJOO HO,Fishing vessel,440081180
/vessels/details/440136720,MYEONGGWANGHO,Fishing vessel,440136720
/vessels/details/440800498,R.O.K GOV VESSEL,Fishing vessel,440800498
/vessels/details/7236555,JIN HAE 5,Fishing Vessel,7236555
/vessels/details/9080340,KEUM SUNG 103,Fishing Vessel,9080340
/vessels/details/440220310,HAEMA,Fishing vessel,440220310
/vessels/details/440303130,2013 JI WON HO,Fishing vessel,440303130
/vessels/details/440330570,HAE HEUNG HO,Fishing vessel,440330570
/vessels/details/6610273,SHOEI MARU NO. 8,Fishing Vessel,6610273
/vessels/details/440400780,JET,Fishing vessel,440400780
/vessels/details/440078890,SEONG WOON HO,Fishing vessel,440078890
/vessels/details/440020820,KWANG IL HO,Fishing vessel,440020820
/vessels/details/440224870,DAE DONG HO,Fishing vessel,440224870
/vessels/details/440602920,DAE YANG HO,Fishing vessel,440602920
/vessels/details/440003130,PO RI,Fishing vessel,440003130
/vessels/details/441278569,8,Fishing vessel,441278569
/vessels/details/8706832,27HAEIN,Fishing Vessel,8706832
/vessels/details/440061810,JA YEON FISHING,Fishing vessel,440061810
/vessels/details/8815712,CHONGNAM303,Fishing Vessel,8815712
/vessels/details/440050420,SHIFT AUTO,Fishing vessel,440050420
/vessels/details/440032240,CHEONGYONGHO,Fishing vessel,440032240
/vessels/details/440079580,JUKDOHO,Fishing vessel,440079580
/vessels/details/7227554,GAE YANG NO. 2,Fishing Vessel,7227554
/vessels/details/440171140,OCEANSTARHO,Fishing vessel,440171140
/vessels/details/7312244,SAM SONG NO. 77,Fishing Vessel,7312244
/vessels/details/440406160,GEUMGANGHO,Fishing vessel,440406160
/vessels/details/440031290,MAN SU HO,Fishing vessel,440031290
/vessels/details/440785570,KEUM RYEONG HO,Fishing vessel,440785570
/vessels/details/440058320,SAMSEONGHO,Fishing vessel,440058320
/vessels/details/440215430,SIN JIN TAE POONG HO,Fishing vessel,440215430
/vessels/details/440013880,JEONG A HO,Fishing vessel,440013880
/vessels/details/8132110,SHOTOKU MARU NO. 35,Fishing Vessel,8132110
/vessels/details/440164330,YEONG GWANG HO,Fishing vessel,440164330
/vessels/details/440213340,.,Fishing vessel,440213340
/vessels/details/440067910,500 HO CHANG,Fishing vessel,440067910
/vessels/details/440067530,ME GA PO IN T HO,Fishing vessel,440067530
/vessels/details/440328510,CHEONG WON HO,Fishing vessel,440328510
/vessels/details/440301350,A GI SANG EO HO,Fishing vessel,440301350
/vessels/details/440096790,CHANG BOK,Fishing vessel,440096790
/vessels/details/7831226,ORYONG NO. 72,Fishing Vessel,7831226
/vessels/details/440414290,JIN SUN HO,Fishing vessel,440414290
/vessels/details/440012770,NEW LIVE,Fishing vessel,440012770
/vessels/details/440131740,708BOYOUNG HO,Fishing vessel,440131740
/vessels/details/440506030,GALRILRI,Fishing vessel,440506030
/vessels/details/440333220,37 DAE SEONG,Fishing vessel,440333220
/vessels/details/440106229,HAE JIN BB,Fishing vessel,440106229
/vessels/details/440004150,JAE1SINYANGHO,Fishing vessel,440004150
/vessels/details/440016550,DAI LIM HO,Fishing vessel,440016550
/vessels/details/440175930,SU EUN HO,Fishing vessel,440175930
/vessels/details/440156280,ARA HO,Fishing vessel,440156280
/vessels/details/440219060,BIG BOSS,Fishing vessel,440219060
/vessels/details/440601030,CHANGMYOUNG,Fishing vessel,440601030
/vessels/details/6903955,KYUNG IL NO. 101,Fishing Vessel,6903955
/vessels/details/6619657,HAN SHIN NO. 17,Fishing Vessel,6619657
/vessels/details/440200450,SEO HAE HO,Fishing vessel,440200450
/vessels/details/440411610,333 DONG WOON HO,Fishing vessel,440411610
/vessels/details/440155497,GOLDMARINE 7,Fishing vessel,440155497
/vessels/details/440015870,DAESINHO,Fishing vessel,440015870
/vessels/details/440407180,BOK YOUNG HO,Fishing vessel,440407180
/vessels/details/440175020,GANG SAN,Fishing vessel,440175020
/vessels/details/8911308,NO202DAEHWA,Fishing Vessel,8911308
/vessels/details/440332610,SOO GIL 7HO,Fishing vessel,440332610
/vessels/details/440321960,EO HANG NAMHAE3HO,Fishing vessel,440321960
/vessels/details/440124789,1 DAE YOUNG,Fishing vessel,440124789
/vessels/details/440705730,EO SEONG HO,Fishing vessel,440705730
/vessels/details/440027430,DAE YOUNG HO,Fishing vessel,440027430
/vessels/details/440321990,JONG SEONG HO,Fishing vessel,440321990
/vessels/details/440101770,WANGIL5 HO,Fishing vessel,440101770
/vessels/details/440017060,H-08 JUNG,Fishing vessel,440017060
/vessels/details/440009660,LEGEND,Fishing vessel,440009660
/vessels/details/440330680,1 WANG SUNG HO,Fishing vessel,440330680
/vessels/details/441742000,KCG515,Fishing vessel,441742000
/vessels/details/440318340,BOSEU HO,Fishing vessel,440318340
/vessels/details/440402050,SU KIL HO,Fishing vessel,440402050
/vessels/details/440142340,NU RI HO,Fishing vessel,440142340
/vessels/details/440056620,YOUNG SIN,Fishing vessel,440056620
/vessels/details/440137580,GEUM GANG HO,Fishing vessel,440137580
/vessels/details/8629539,SHIN SEONG NO. 101,Fishing Vessel,8629539
/vessels/details/440412160,HAE SUNG HO,Fishing vessel,440412160
/vessels/details/440027790,JE 2 HYEON JOONG HO,Fishing vessel,440027790
/vessels/details/440103830,SONG GANG HO,Fishing vessel,440103830
/vessels/details/440331810,PYEONG TAEKHANG FISH,Fishing vessel,440331810
/vessels/details/440056710,2 U JEONG,Fishing vessel,440056710
/vessels/details/440332360,202DAESEUNG,Fishing vessel,440332360
/vessels/details/440310610,JE 36 TAE GEUG,Fishing vessel,440310610
/vessels/details/6416677,DAI HO NO. 8,Fishing Vessel,6416677
/vessels/details/440014140,EUN SUK HO,Fishing vessel,440014140
/vessels/details/440020270,JIN SU HO,Fishing vessel,440020270
/vessels/details/440021530,DAE BOK,Fishing vessel,440021530
/vessels/details/440223680,OCEAN TOUR,Fishing vessel,440223680
/vessels/details/440336290,SAMDEOG LEJEO,Fishing vessel,440336290
/vessels/details/440014990,PYEONGGANG,Fishing vessel,440014990
/vessels/details/440707530,HAN GYEONG,Fishing vessel,440707530
/vessels/details/7021053,KWANG MYUNG NO. 73,Fishing Vessel,7021053
/vessels/details/440311270,DAMULDO,Fishing vessel,440311270
/vessels/details/440182790,DAE YOUNG HO,Fishing vessel,440182790
/vessels/details/440058020,SHARK,Fishing vessel,440058020
/vessels/details/440336680,NEW DAE HAN HO,Fishing vessel,440336680
/vessels/details/440070210,YOUNG JIN,Fishing vessel,440070210
/vessels/details/440324480,9 DAE YANG,Fishing vessel,440324480
/vessels/details/440184840,SAN HO SEOM,Fishing vessel,440184840
/vessels/details/440162150,75JEONGSUN,Fishing vessel,440162150
/vessels/details/440400150,SHIN YOUNG,Fishing vessel,440400150
/vessels/details/440213130,CHALLENGER,Fishing vessel,440213130
/vessels/details/7639915,RAMA NO. 17,Fishing Vessel,7639915
/vessels/details/440318530,909 GYEONG IN,Fishing vessel,440318530
/vessels/details/440105280,YA HO,Fishing vessel,440105280
/vessels/details/440119520,DAE GIL HO,Fishing vessel,440119520
/vessels/details/440328110,GONGJU HO,Fishing vessel,440328110
/vessels/details/440703110,18CHUN SA HO,Fishing vessel,440703110
/vessels/details/440405820,NO.101 CHANG YANG,Fishing vessel,440405820
/vessels/details/440097030,KINGFISH NO.2,Fishing vessel,440097030
/vessels/details/440066530,EUN HA HO,Fishing vessel,440066530
/vessels/details/440316660,DEOK SUNG,Fishing vessel,440316660
/vessels/details/440003060,SIM CHANG,Fishing vessel,440003060
/vessels/details/440077660,22 RA PA YEOL HO,Fishing vessel,440077660
/vessels/details/440059240,DEA SEONG HO,Fishing vessel,440059240
/vessels/details/440077470,SOO,Fishing vessel,440077470
/vessels/details/440305780,SAN DA RA HO,Fishing vessel,440305780
/vessels/details/440089830,NEW NA SUNG HO,Fishing vessel,440089830
/vessels/details/9297383,MUGUNGHWA NO. 28,Fishing Support Vessel,9297383
/vessels/details/440086470,HERA,Fishing vessel,440086470
/vessels/details/440151950,GEUM NAM,Fishing vessel,440151950
/vessels/details/440120260,JE 101 SU SEONG HO,Fishing vessel,440120260
/vessels/details/440062270,2022 JEONG WON HO,Fishing vessel,440062270
/vessels/details/440501700,NO.2 BO KYONG,Fishing vessel,440501700
/vessels/details/440185060,SU SEONG HO,Fishing vessel,440185060
/vessels/details/440222620,KWANG SUNG,Fishing vessel,440222620
/vessels/details/8821498,NO.620 DONG WON,Fishing Vessel,8821498
/vessels/details/440176997,300 HAN CHANG,Fishing vessel,440176997
/vessels/details/7327811,POONG WON NO. 705,Fishing Vessel,7327811
/vessels/details/440018510,BU YEON HO,Fishing vessel,440018510
/vessels/details/440037280,309TAEYANGHO,Fishing vessel,440037280
/vessels/details/440118880,106 HYUN DAE HO,Fishing vessel,440118880
/vessels/details/440072090,NEW SIN HEUNG,Fishing vessel,440072090
/vessels/details/440145290,VICTORY,Fishing vessel,440145290
/vessels/details/440185410,JJANG FISHING,Fishing vessel,440185410
/vessels/details/440146650,DANG SA,Fishing vessel,440146650
/vessels/details/8905593,NO 355 OYANG,Fishing Vessel,8905593
/vessels/details/8821553,ATUN TRES,Fishing Vessel,8821553
/vessels/details/7110232,HOSEI MARU NO. 17,Fishing Vessel,7110232
/vessels/details/440098930,RA ON HO,Fishing vessel,440098930
/vessels/details/440210510,MAN GANG HO,Fishing vessel,440210510
/vessels/details/440126850,SIN HEUNG,Fishing vessel,440126850
/vessels/details/440083750,HOMERUN,Fishing vessel,440083750
/vessels/details/440053320,MILEUHO,Fishing vessel,440053320
/vessels/details/440216970,DEUNG DAE HO,Fishing vessel,440216970
/vessels/details/440027740,JAESEONG2HO,Fishing vessel,440027740
/vessels/details/9634945,SHILLA SPRINTER,Fishing Vessel,9634945
/vessels/details/440048310,KEUM SUNG HO,Fishing vessel,440048310
/vessels/details/440010820,TONG RYEONG HO,Fishing vessel,440010820
/vessels/details/440331650,CHUNGSANBADAHO,Fishing vessel,440331650
/vessels/details/440056370,202 WON JIN HO,Fishing vessel,440056370
/vessels/details/7320813,WOO JIN NO. 26,Fishing Vessel,7320813
/vessels/details/440326230,101 HAE JIN,Fishing vessel,440326230
/vessels/details/440404320,303JIN YOUNG HO,Fishing vessel,440404320
/vessels/details/440318920,HEUG BOK HO,Fishing vessel,440318920
/vessels/details/440405410,WON YEONG HO,Fishing vessel,440405410
/vessels/details/440200690,15GEUM HWA,Fishing vessel,440200690
/vessels/details/440177614,NEW STAR HO,Fishing vessel,440177614
/vessels/details/6715401,SHIN CHANG NO. 301,Fishing Vessel,6715401
/vessels/details/6720391,DONG BO NO. 17,Fishing Vessel,6720391
/vessels/details/440307720,SEIHO,Fishing vessel,440307720
/vessels/details/440106280,YEOHOWAIRE,Fishing vessel,440106280
/vessels/details/440074890,WANNA BE HO,Fishing vessel,440074890
/vessels/details/6902406,BAEK DU SAN,Fishing Support Vessel,6902406
/vessels/details/8031976,DONG MYUNG NO. 16,Fishing Vessel,8031976
/vessels/details/440082710,JIN YANG HO,Fishing vessel,440082710
/vessels/details/440011720,SUNG DONG,Fishing vessel,440011720
/vessels/details/440191160,199SIN GWANG,Fishing vessel,440191160
/vessels/details/440322320,SOOSAN HO,Fishing vessel,440322320
/vessels/details/440207440,GWANGILHO,Fishing vessel,440207440
/vessels/details/440704750,909DONG BU,Fishing vessel,440704750
/vessels/details/440703750,JEDEOBULU,Fishing vessel,440703750
/vessels/details/440001620,MARIN STAR,Fishing vessel,440001620
/vessels/details/440143190,SPEED,Fishing vessel,440143190
/vessels/details/440000970,GWENG IL HO,Fishing vessel,440000970
/vessels/details/440100360,101 POO REUM HO,Fishing vessel,440100360
/vessels/details/440414730,YOUNG SUK HO,Fishing vessel,440414730
/vessels/details/440143800,2022 DAE SEUNG,Fishing vessel,440143800
/vessels/details/440120840,AWONYOUNGHO,Fishing vessel,440120840
/vessels/details/440126470,HAWANGSUNG HO,Fishing vessel,440126470
/vessels/details/440600221,7 SUNG JIN,Fishing vessel,440600221
/vessels/details/440300540,SU SUNG HO,Fishing vessel,440300540
/vessels/details/440161650,MYEONG SEONG,Fishing vessel,440161650
/vessels/details/440075840,SEOM STAR HO,Fishing vessel,440075840
/vessels/details/5394066,HAN GIL NO. 32,Fishing Vessel,5394066
/vessels/details/440320780,DAEBAG5HO,Fishing vessel,440320780
/vessels/details/440083020,NO.12 WON HEUNG,Fishing vessel,440083020
/vessels/details/440330210,SEONGGYEONG,Fishing vessel,440330210
/vessels/details/440209240,HAE JO,Fishing vessel,440209240
/vessels/details/440180870,SEON JIN HO,Fishing vessel,440180870
/vessels/details/440105300,HASLLAHO,Fishing vessel,440105300
/vessels/details/440026320,SUN NYU FISHING,Fishing vessel,440026320
/vessels/details/440161040,MIJIN3HO,Fishing vessel,440161040
/vessels/details/6919588,HAE YEON NO. 75,Fishing Vessel,6919588
/vessels/details/440190290,NAGAHO,Fishing vessel,440190290
/vessels/details/440130460,DAE SEONG HO,Fishing vessel,440130460
/vessels/details/440326260,BAE PRO,Fishing vessel,440326260
/vessels/details/440191040,2 JAE YOUNG HO,Fishing vessel,440191040
/vessels/details/440060860,CHEONG HAE FISHING,Fishing vessel,440060860
/vessels/details/440120110,YEONG KWANG,Fishing vessel,440120110
/vessels/details/440144410,VENES,Fishing vessel,440144410
/vessels/details/440054420,GEUM CHANG HO,Fishing vessel,440054420
/vessels/details/440150160,NAMAEEOBU,Fishing vessel,440150160
/vessels/details/440050220,2013WONYANG,Fishing vessel,440050220
/vessels/details/440301220,JE 101 KYUNG GOOK HO,Fishing vessel,440301220
/vessels/details/440507590,SIN HEUNG,Fishing vessel,440507590
/vessels/details/440109820,HAENG BOK HO,Fishing vessel,440109820
/vessels/details/440016310,GIL SUNG 3 HO,Fishing vessel,440016310
/vessels/details/440051320,BURNCHANG,Fishing vessel,440051320
/vessels/details/440138850,WON JA 3 HO,Fishing vessel,440138850
/vessels/details/440322310,SIN SEONG,Fishing vessel,440322310
/vessels/details/440143320,KUYNG SUNG,Fishing vessel,440143320
/vessels/details/440306180,SUNRIZE,Fishing vessel,440306180
/vessels/details/5421053,WORLD STAR NO. 2,Fishing Vessel,5421053
/vessels/details/440168740,JEON JIN FISHING,Fishing vessel,440168740
/vessels/details/8409941,PETERO NO. 303,Fishing Vessel,8409941
/vessels/details/440121230,MAN NAM 2 HO,Fishing vessel,440121230
/vessels/details/440080450,SHINHUNGTEUK HO,Fishing vessel,440080450
/vessels/details/440306830,COSMOSHO,Fishing vessel,440306830
/vessels/details/440051240,2025 GYEONG BOK,Fishing vessel,440051240
/vessels/details/440301660,JINDOSINGSING HO,Fishing vessel,440301660
/vessels/details/440121310,BAE JJANG LEE HO,Fishing vessel,440121310
/vessels/details/440019550,YOUN JAE HO,Fishing vessel,440019550
/vessels/details/440325290,EOJIN,Fishing vessel,440325290
/vessels/details/440734800,HAE JU HO,Fishing vessel,440734800
/vessels/details/440708790,CHEONGHWA HO,Fishing vessel,440708790
/vessels/details/440082270,BLUE FORCE,Fishing vessel,440082270
/vessels/details/440126120,FISHING PARADISE,Fishing vessel,440126120
/vessels/details/440405390,BONITA HO,Fishing vessel,440405390
/vessels/details/440502370,29 MAN BOK HO,Fishing vessel,440502370
/vessels/details/440221560,FISHING MARINE,Fishing vessel,440221560
/vessels/details/440220240,NAMYOUNG HO,Fishing vessel,440220240
/vessels/details/440411140,MONSTER,Fishing vessel,440411140
/vessels/details/440314090,109 KYUNG IL,Fishing vessel,440314090
/vessels/details/440330560,MAN SONG HO,Fishing vessel,440330560
/vessels/details/440505720,YONG SEON HO,Fishing vessel,440505720
/vessels/details/440335080,HAE TAE HO,Fishing vessel,440335080
/vessels/details/440509430,705 NAM YEONG HO,Fishing vessel,440509430
/vessels/details/440149470,JAICO7H0,Fishing vessel,440149470
/vessels/details/441791768,PKFB1768,Fishing vessel,441791768
/vessels/details/440175440,2018 CHANG HYUN,Fishing vessel,440175440
/vessels/details/440025310,NAVER,Fishing vessel,440025310
/vessels/details/440098570,DHS,Fishing vessel,440098570
/vessels/details/440319690,GO GANG HO,Fishing vessel,440319690
/vessels/details/440016670,SHIN SUNG HO,Fishing vessel,440016670
/vessels/details/7417769,CHANCE NO. 503,Fishing Vessel,7417769
/vessels/details/440306690,HAE SEONG7HO,Fishing vessel,440306690
/vessels/details/440029510,HAN SAN HO,Fishing vessel,440029510
/vessels/details/440100020,JE 27 HWA SUNG,Fishing vessel,440100020
/vessels/details/440210710,YOUNG SIN,Fishing vessel,440210710
/vessels/details/440102310,CHANG YOUNG 101,Fishing vessel,440102310
/vessels/details/440006720,GO RYEO,Fishing vessel,440006720
/vessels/details/440005770,LEE YEO RA,Fishing vessel,440005770
/vessels/details/440222910,DUK SUNG,Fishing vessel,440222910
/vessels/details/440304070,WOL CHEOK HO,Fishing vessel,440304070
/vessels/details/440117490,YEON GA HO,Fishing vessel,440117490
/vessels/details/440400790,BAEKDUHO,Fishing vessel,440400790
/vessels/details/440100440,HAE YONG HO,Fishing vessel,440100440
/vessels/details/440201360,DAEYANGHO,Fishing vessel,440201360
/vessels/details/440199040,CHEONG HAE 1 HO,Fishing vessel,440199040
/vessels/details/440118650,51KILJIN,Fishing vessel,440118650
/vessels/details/440334520,GOOD MORNING HO,Fishing vessel,440334520
/vessels/details/440148880,609 SUN CHUN,Fishing vessel,440148880
/vessels/details/440058940,DAE SEONG HO,Fishing vessel,440058940
/vessels/details/440602380,153 YU JIN HO,Fishing vessel,440602380
/vessels/details/7426473,SHIN CHANG NO. 502,Fishing Vessel,7426473
/vessels/details/6809238,YOSHI MARU NO. 36,Fishing Vessel,6809238
/vessels/details/440174810,BA DA HO,Fishing vessel,440174810
/vessels/details/5422344,WORLD STAR NO. 7,Fishing Vessel,5422344
/vessels/details/440318960,GYEONG SEONG HO,Fishing vessel,440318960
/vessels/details/6614035,MARSOPLA,Fishing Vessel,6614035
/vessels/details/8910005,GEUM HAE NO. 101,Fishing Vessel,8910005
/vessels/details/440300770,HYEON JU,Fishing vessel,440300770
/vessels/details/440168630,HAE DONG,Fishing vessel,440168630
/vessels/details/440173170,MAN SEON HO,Fishing vessel,440173170
/vessels/details/440144270,SAM YANG,Fishing vessel,440144270
/vessels/details/440015650,HAE SANG HO,Fishing vessel,440015650
/vessels/details/7220910,HWA DONG NO. 105,Fishing Vessel,7220910
/vessels/details/440500380,YEONG CHOON HO,Fishing vessel,440500380
/vessels/details/6818435,YU JIN NO. 87,Fishing Vessel,6818435
/vessels/details/6709426,KUM SUNG NO. 203,Fishing Vessel,6709426
/vessels/details/440022710,SUN STAR,Fishing vessel,440022710
/vessels/details/440198870,3 U SUNG HO,Fishing vessel,440198870
/vessels/details/8905555,83CHUNG YONG,Fishing Vessel,8905555
/vessels/details/440047920,HAERYONGHO,Fishing vessel,440047920
/vessels/details/440409570,101MANSEOGHO,Fishing vessel,440409570
/vessels/details/440038890,BATTLE,Fishing vessel,440038890
/vessels/details/9016820,900 GYEONGHAE,Fishing Vessel,9016820
/vessels/details/440086610,HAE SEONG HO,Fishing vessel,440086610
/vessels/details/440100480,BOASEU HO,Fishing vessel,440100480
/vessels/details/440193920,SE JIN HO,Fishing vessel,440193920
/vessels/details/440210790,JE 9 TAE KWANG,Fishing vessel,440210790
/vessels/details/440500860,MIN YEONG,Fishing vessel,440500860
/vessels/details/440160320,JE7 MIN SUNG HO,Fishing vessel,440160320
/vessels/details/440303980,3JEONGWANG HO,Fishing vessel,440303980
/vessels/details/440067080,DUCK SUNG,Fishing vessel,440067080
/vessels/details/440218840,BOK SUNGHO,Fishing vessel,440218840
/vessels/details/440704940,SO MANG HO,Fishing vessel,440704940
/vessels/details/440413890,NO.1 HA RANG,Fishing vessel,440413890
/vessels/details/440319270,1 YOUNG IL HO,Fishing vessel,440319270
/vessels/details/440225200,ARAHO,Fishing vessel,440225200
/vessels/details/440007260,GEUM GANG HO,Fishing vessel,440007260
/vessels/details/440303940,TAE YEONG 2HO,Fishing vessel,440303940
/vessels/details/7323114,HAE WANG NO. 303,Fishing Vessel,7323114
/vessels/details/440132960,710 HAE WOON HO,Fishing vessel,440132960
/vessels/details/440207060,209 BOO IL HO,Fishing vessel,440207060
/vessels/details/440705270,BONA 51,Fishing vessel,440705270
/vessels/details/7618117,NAM PYUNG NO. 1,Fishing Vessel,7618117
/vessels/details/6423084,ST. PEDRO NO. 61,Fishing Vessel,6423084
/vessels/details/440162110,107 SHIN CHANG,Fishing vessel,440162110
/vessels/details/440185140,GYEONGNAM YEONGU 10,Fishing vessel,440185140
/vessels/details/440124190,TAE DA,Fishing vessel,440124190
/vessels/details/440050430,DAE HWANG HO,Fishing vessel,440050430
/vessels/details/7516266,SEA WORLD NO. 101,Fishing Vessel,7516266
/vessels/details/440028530,MA RI HO,Fishing vessel,440028530
/vessels/details/440136050,HAN GIL HO,Fishing vessel,440136050
/vessels/details/440090570,CHAMPION,Fishing vessel,440090570
/vessels/details/440331050,CHUN SA 22,Fishing vessel,440331050
/vessels/details/440032130,1 HAE GANG HO,Fishing vessel,440032130
/vessels/details/5411345,DONG WON NO. 18,Fishing Vessel,5411345
/vessels/details/440101750,BU KWANG,Fishing vessel,440101750
/vessels/details/440040970,2016YOUNG JI,Fishing vessel,440040970
/vessels/details/440602530,BY WI SEOM HO,Fishing vessel,440602530
/vessels/details/440148590,TERRY HO,Fishing vessel,440148590
/vessels/details/440002870,101 EUN JIN HO,Fishing vessel,440002870
/vessels/details/440603290,BA DA RO HO,Fishing vessel,440603290
/vessels/details/440087230,NO.3 SAN JEONG,Fishing vessel,440087230
/vessels/details/441229330,SHUN FA55188,Fishing vessel,441229330
/vessels/details/440157750,CHANG IN,Fishing vessel,440157750
/vessels/details/441692000,KCG 512,Fishing vessel,441692000
/vessels/details/6408383,SIN BO NO. 63,Fishing Vessel,6408383
/vessels/details/440211570,WORLD STAR HO,Fishing vessel,440211570
/vessels/details/8423064,WAJIMA MARU NO. 11,Fish Carrier,8423064
/vessels/details/440112190,707 TAE GEUN,Fishing vessel,440112190
/vessels/details/440132390,CHIN SEON HO,Fishing vessel,440132390
/vessels/details/9200005,DEUNG DAE HO,Fishing Support Vessel,9200005
/vessels/details/440007960,SUNG HAE HO,Fishing vessel,440007960
/vessels/details/440327380,5 SEODAM,Fishing vessel,440327380
/vessels/details/440074340,SKY,Fishing vessel,440074340
/vessels/details/440706410,HAN BA DA HO,Fishing vessel,440706410
/vessels/details/440407290,ULLEUNG,Fishing vessel,440407290
/vessels/details/440188890,WOONG BI 1 HO,Fishing vessel,440188890
/vessels/details/440414090,KYUNG JIN HO,Fishing vessel,440414090
/vessels/details/440202150,EN SUNG 2 FO,Fishing vessel,440202150
/vessels/details/440141140,JOYANG2HO,Fishing vessel,440141140
/vessels/details/440315690,HAESEUNGHO,Fishing vessel,440315690
/vessels/details/6408773,HAE YANG NO. 7,Fishing Vessel,6408773
/vessels/details/440018680,DAE GWANG HO,Fishing vessel,440018680
/vessels/details/440319840,201DAE YANG,Fishing vessel,440319840
/vessels/details/440303080,31 DAE CHUNG HO,Fishing vessel,440303080
/vessels/details/9249001,SETA 70,Fishing Vessel,9249001
/vessels/details/440300960,SEUNGLI FISHING,Fishing vessel,440300960
/vessels/details/9929479,CM PARK,Fishing Vessel,9929479
/vessels/details/440700800,NAMHAI CAFERI HO,Fishing vessel,440700800
/vessels/details/440301530,NO.505NAROHO,Fishing vessel,440301530
/vessels/details/440000111,OH DAE YANG HO,Fishing vessel,440000111
/vessels/details/440105940,NO.125 KEUM SUNG,Fishing vessel,440105940
/vessels/details/440328180,SU SEONG HO,Fishing vessel,440328180
/vessels/details/440703950,25 KWANGJINHO,Fishing vessel,440703950
/vessels/details/440079990,SEONG MAN HO,Fishing vessel,440079990
/vessels/details/440071620,GO RYEONG HO,Fishing vessel,440071620
/vessels/details/440001200,RAON,Fishing vessel,440001200
/vessels/details/440199650,NEW HAE DEOK,Fishing vessel,440199650
/vessels/details/440741900,WESTWINDHO,Fishing vessel,440741900
/vessels/details/440702170,NAK WON HO,Fishing vessel,440702170
/vessels/details/440336870,SEONG BIN HO,Fishing vessel,440336870
/vessels/details/7014749,SUNG HAE NO. 51,Fishing Vessel,7014749
/vessels/details/8404094,HAMAHEI MARU NO. 38,Fish Carrier,8404094
/vessels/details/9895850,NO 901 ORYONG,Fishing Vessel,9895850
/vessels/details/440335760,MARINEPLANET,Fishing vessel,440335760
/vessels/details/440066560,GOLDFISHING,Fishing vessel,440066560
/vessels/details/440702820,35TAEYONG,Fishing vessel,440702820
/vessels/details/440069940,CHEONG CHOON HO,Fishing vessel,440069940
/vessels/details/440124930,NO.3 SIN HWA HO,Fishing vessel,440124930
/vessels/details/440330050,SHINHYUNHO,Fishing vessel,440330050
/vessels/details/440226020,HAE SUNG,Fishing vessel,440226020
/vessels/details/6516207,NAM HAE NO. 207,Fishing Vessel,6516207
/vessels/details/7221201,SE WON NO. 106,Fishing Vessel,7221201
/vessels/details/440112690,2 KWANG SUNG,Fishing vessel,440112690
/vessels/details/440137870,2015 DONG WOON HO,Fishing vessel,440137870
/vessels/details/7031008,DANIEL NO. 2,Fishing Vessel,7031008
/vessels/details/440319650,BIKTORIA HO,Fishing vessel,440319650
/vessels/details/440198170,GREENFISHING,Fishing vessel,440198170
/vessels/details/440061750,HAWAII,Fishing vessel,440061750
/vessels/details/440102690,SEONG GWANG 11HO,Fishing vessel,440102690
/vessels/details/440304190,SEO HAE GOLD HO,Fishing vessel,440304190
/vessels/details/440334670,88 GEUMGANG,Fishing vessel,440334670
/vessels/details/7606607,DONG WON NO. 5,Fishing Vessel,7606607
/vessels/details/440124710,2022 GYEONG IL,Fishing vessel,440124710
/vessels/details/440600280,NO.103 DAESAM,Fishing vessel,440600280
/vessels/details/440049990,2016YOOSUNG,Fishing vessel,440049990
/vessels/details/440181770,2016SEOJIN,Fishing vessel,440181770
/vessels/details/440223180,NEW BAEK JO HO,Fishing vessel,440223180
/vessels/details/440211340,308EUNSEONG,Fishing vessel,440211340
/vessels/details/7001986,DONG JIN NO. 1,Fishing Vessel,7001986
/vessels/details/440020330,25 MINSUNG,Fishing vessel,440020330
/vessels/details/440307760,GWANG JIN HO,Fishing vessel,440307760
/vessels/details/440108250,117 DAEJIN,Fishing vessel,440108250
/vessels/details/440058630,SUNNY,Fishing vessel,440058630
/vessels/details/440700390,O GONG HO,Fishing vessel,440700390
/vessels/details/440197360,GEUMSUNGHO,Fishing vessel,440197360
/vessels/details/6902913,HAE YEON NO. 55,Fishing Vessel,6902913
/vessels/details/440114760,KANG GYONG 5 HO,Fishing vessel,440114760
/vessels/details/7830260,YUKYU MARU NO. 38,Fish Carrier,7830260
/vessels/details/8413681,RYUNG JIN NO. 77,Fishing Vessel,8413681
/vessels/details/440174170,LOTTO,Fishing vessel,440174170
/vessels/details/440146460,2022HANSEONG HO,Fishing vessel,440146460
/vessels/details/6819960,OASIS III,Fishing Vessel,6819960
/vessels/details/440147300,HWAN HUI HO,Fishing vessel,440147300
/vessels/details/440059840,BIG DAE DI HO,Fishing vessel,440059840
/vessels/details/440140420,103BU IL,Fishing vessel,440140420
/vessels/details/440312630,SEAFACE,Fishing vessel,440312630
/vessels/details/440408160,BI GEUM HO,Fishing vessel,440408160
/vessels/details/6809214,YOSHI MARU NO. 1,Fishing Vessel,6809214
/vessels/details/440600404,101 DEA SEUNG HO,Fishing vessel,440600404
/vessels/details/440159260,CHEONG HAE STAR,Fishing vessel,440159260
/vessels/details/440326570,2015SUNG DEOK HO,Fishing vessel,440326570
/vessels/details/440326750,616SINYOUNGHO,Fishing vessel,440326750
/vessels/details/440335890,601SEONG SIN,Fishing vessel,440335890
/vessels/details/6902444,MUGUNGHWA NO. 8,Fishing Support Vessel,6902444
/vessels/details/440085090,ARIRANG,Fishing vessel,440085090
/vessels/details/440311110,801 DEOG HAE HO,Fishing vessel,440311110
/vessels/details/440317260,LEERANG HO,Fishing vessel,440317260
/vessels/details/440105440,KING KONG HO,Fishing vessel,440105440
/vessels/details/440403370,DONG WON HO,Fishing vessel,440403370
/vessels/details/440000103,JANG MI HO,Fishing vessel,440000103
/vessels/details/440187150,GOING MERRY HO,Fishing vessel,440187150
/vessels/details/440022290,PREMIUM,Fishing vessel,440022290
/vessels/details/440302700,IPPEUNIHO,Fishing vessel,440302700
/vessels/details/440188820,SONG JEONG,Fishing vessel,440188820
/vessels/details/440178810,PEOPEGT,Fishing vessel,440178810
/vessels/details/440140560,THALES,Fishing vessel,440140560
/vessels/details/440216930,NEWCHEONILHO,Fishing vessel,440216930
/vessels/details/7827500,LADY MARION,Fishing Vessel,7827500
/vessels/details/440070780,600U MYEONG HO,Fishing vessel,440070780
/vessels/details/6914980,HAE YEON NO. 77,Fishing Vessel,6914980
/vessels/details/8848240,DAE YANG NO. 102,Fishing Vessel,8848240
/vessels/details/440307410,WOOSUNG,Fishing vessel,440307410
/vessels/details/440103490,DAE MYENG HO,Fishing vessel,440103490
/vessels/details/440328460,PPALGANG DUNG DAE,Fishing vessel,440328460
/vessels/details/440317730,AN SEONG HO,Fishing vessel,440317730
/vessels/details/440087710,HANYANGHO,Fishing vessel,440087710
/vessels/details/8911293,NO.201 DAEHWA,Fishing Vessel,8911293
/vessels/details/440030930,CRANCHI M44HT,Fishing vessel,440030930
/vessels/details/440305550,17TAJIN F BOAT,Fishing vessel,440305550
/vessels/details/5323574,O DAE YANG NO. 205,Fishing Vessel,5323574
/vessels/details/440706270,903BAEKSEOUNGHO,Fishing vessel,440706270
/vessels/details/7606554,DONG WON NO. 15,Fishing Vessel,7606554
/vessels/details/440082140,YEONHO PRINCE HO,Fishing vessel,440082140
/vessels/details/440704610,77SINHWA,Fishing vessel,440704610
/vessels/details/440145310,17 GEUM HWA,Fishing vessel,440145310
/vessels/details/440197950,JUN IL 7,Fishing vessel,440197950
/vessels/details/440013600,MANSEHO,Fishing vessel,440013600
/vessels/details/440208470,YOUNGSAENGHO,Fishing vessel,440208470
/vessels/details/440015960,CHANG JIN 2 HO,Fishing vessel,440015960
/vessels/details/440086720,9HAN GUK HO,Fishing vessel,440086720
/vessels/details/440119781,UL SAN 303,Fishing vessel,440119781
/vessels/details/8428284,BADA NO. 2,Fishing Vessel,8428284
/vessels/details/440739800,2025 U JIN HO,Fishing vessel,440739800
/vessels/details/440224320,NEW TAE JIN HO,Fishing vessel,440224320
/vessels/details/440056610,WOOJIN,Fishing vessel,440056610
/vessels/details/8629694,YOUNG HEUNG NO. 1,Fishing Vessel,8629694
/vessels/details/6071130,KOORYONG NO. 7,Fishing Vessel,6071130
/vessels/details/440600020,DAE CHUNG HO,Fishing vessel,440600020
/vessels/details/440318970,JO I 3 HO,Fishing vessel,440318970
/vessels/details/8957390,BOSUNGHO NO. 2000,Fish Carrier,8957390
/vessels/details/440115620,300NEWEUNPAHO,Fishing vessel,440115620
/vessels/details/7418165,SUNG KYUNG NO. 5,Fishing Vessel,7418165
/vessels/details/440079840,BA DA,Fishing vessel,440079840
/vessels/details/440112260,KUMSAN,Fishing vessel,440112260
/vessels/details/440024960,GAYIA,Fishing vessel,440024960
/vessels/details/440032040,HANJAEHO,Fishing vessel,440032040
/vessels/details/440702860,DAE YONG HO,Fishing vessel,440702860
/vessels/details/440504930,2011 DONG JIN HO,Fishing vessel,440504930
/vessels/details/440332940,MO SEONG-HO,Fishing vessel,440332940
/vessels/details/440600750,DALMA7HO,Fishing vessel,440600750
/vessels/details/440136890,SANTA CRUZ HO,Fishing vessel,440136890
/vessels/details/440002860,HYEON JU HO,Fishing vessel,440002860
/vessels/details/6818277,DONG SUNG NO. 603,Fishing Vessel,6818277
/vessels/details/440312950,3 GYEONG MAN HO,Fishing vessel,440312950
/vessels/details/6619463,OYANG NO. 38,Fishing Vessel,6619463
/vessels/details/6402341,KWANG HAE NO. 102,Fishing Vessel,6402341
/vessels/details/440013160,HYEON SOO 2HO,Fishing vessel,440013160
/vessels/details/9699567,SHILLA EXPLORER,Fishing Vessel,9699567
/vessels/details/8629747,KUM SUNG NO. 808,Fishing Vessel,8629747
/vessels/details/8413588,SAM YANG NO. 803,Fishing Vessel,8413588
/vessels/details/440330030,BLACK STAR,Fishing vessel,440330030
/vessels/details/7231672,TAE WON NO. 808,Fishing Vessel,7231672
/vessels/details/6803155,MIRAE NO. 9,Fishing Vessel,6803155
/vessels/details/440202480,FISHING KILLER,Fishing vessel,440202480
/vessels/details/440134420,HAJIN,Fishing vessel,440134420
/vessels/details/440311190,MYEONG SEUNG,Fishing vessel,440311190
/vessels/details/440019240,SEUNG MIN,Fishing vessel,440019240
/vessels/details/440313610,TAE JIN 2HO,Fishing vessel,440313610
/vessels/details/440144950,2020HAN JIN HO,Fishing vessel,440144950
/vessels/details/440307430,GEUM SUNG HO,Fishing vessel,440307430
/vessels/details/440121920,103 HAE GEUM,Fishing vessel,440121920
/vessels/details/440600506,HONGYOUNG,Fishing vessel,440600506
/vessels/details/6412853,KOREA NO. 76,Fishing Vessel,6412853
/vessels/details/440104320,2020 SAE CHEON NYEON,Fishing vessel,440104320
/vessels/details/440015360,2158 GYEONG JIN,Fishing vessel,440015360
/vessels/details/8889165,BU GYEONG JE NO. 1,Fishing Vessel,8889165
/vessels/details/440411850,306KUMSUNG,Fishing vessel,440411850
/vessels/details/440336740,HYUNSEUNG HO,Fishing vessel,440336740
/vessels/details/7021015,OG SAN,Fishing Vessel,7021015
/vessels/details/8712659,107 EUNHAE,Fishing Vessel,8712659
/vessels/details/440094680,YUJIN,Fishing vessel,440094680
/vessels/details/440089380,LEGEND HO,Fishing vessel,440089380
/vessels/details/440138730,JINJUMAN,Fishing vessel,440138730
/vessels/details/440041340,307 JIN YANG HO,Fishing vessel,440041340
/vessels/details/9611436,MUGUNGHWA NO. 5,Fishing Support Vessel,9611436
/vessels/details/440209960,BO HYE 101 HO,Fishing vessel,440209960
/vessels/details/8223749,OYANG 88,Fishing Vessel,8223749
/vessels/details/440098620,DO SUNG HO,Fishing vessel,440098620
/vessels/details/440321730,SSANG YONG A HO,Fishing vessel,440321730
/vessels/details/440345470,21 HAENG UN,Fishing vessel,440345470
/vessels/details/6709294,O YANG NO. 12,Fishing Vessel,6709294
/vessels/details/440216690,HYOUNGJEFISHING,Fishing vessel,440216690
/vessels/details/440219550,DA OL,Fishing vessel,440219550
/vessels/details/7221158,DONG HWA NO. 5,Fishing Vessel,7221158
/vessels/details/6613677,KUM YONG NO. 3,Fishing Vessel,6613677
/vessels/details/440124320,DAEPUNGHO,Fishing vessel,440124320
/vessels/details/440707630,207 YONG SOUNG,Fishing vessel,440707630
/vessels/details/440411640,EUN CHANG,Fishing vessel,440411640
/vessels/details/7215109,YOUNG JIN NO. 105,Fishing Vessel,7215109
/vessels/details/441366773,6643,Fishing vessel,441366773
/vessels/details/440223480,DEA KWANG HO,Fishing vessel,440223480
/vessels/details/7416478,DONG WON NO. 517,Fishing Vessel,7416478
/vessels/details/440142090,207 BU GWANG,Fishing vessel,440142090
/vessels/details/440191290,HAN JOO HO,Fishing vessel,440191290
/vessels/details/440304440,NAPOLLI,Fishing vessel,440304440
/vessels/details/440404680,305KYUNGSUN,Fishing vessel,440404680
/vessels/details/440320240,HANSARI 2 HO,Fishing vessel,440320240
/vessels/details/440157060,2BOSEONG,Fishing vessel,440157060
/vessels/details/440197770,WON YANG HO,Fishing vessel,440197770
/vessels/details/440162670,316DONG WON,Fishing vessel,440162670
/vessels/details/440010610,KYUNG SHIN HO,Fishing vessel,440010610
/vessels/details/440148110,12 HAE SEONG,Fishing vessel,440148110
/vessels/details/440178290,JAUNHO,Fishing vessel,440178290
/vessels/details/440083290,LUKINA,Fishing vessel,440083290
/vessels/details/440321530,201BUIL,Fishing vessel,440321530
/vessels/details/440100750,JEONGAN HO,Fishing vessel,440100750
/vessels/details/7220879,JINAM NO. 205,Fishing Vessel,7220879
/vessels/details/440504540,JE2 DAE GIL HO,Fishing vessel,440504540
/vessels/details/440305490,583 DAE UNG,Fishing vessel,440305490
/vessels/details/440076820,PO SAE VN,Fishing vessel,440076820
/vessels/details/440022620,FOXPUINGSOXULO,Fishing vessel,440022620
/vessels/details/440207140,SEONG GONG HO,Fishing vessel,440207140
/vessels/details/440144010,YOUNG LI,Fishing vessel,440144010
/vessels/details/8305846,NO. 201 DAE YOUNG,Fishing Vessel,8305846
/vessels/details/440706940,FOURSEASONS,Fishing vessel,440706940
/vessels/details/440178030,SUJIN,Fishing vessel,440178030
/vessels/details/440303920,77MUJIGAE F BOAT,Fishing vessel,440303920
/vessels/details/440213990,TAPPISINGHO,Fishing vessel,440213990
/vessels/details/8031990,DONG MYUNG NO. 18,Fishing Vessel,8031990
/vessels/details/440002380,NEWBETERANG,Fishing vessel,440002380
/vessels/details/440118140,BAEK KYEUNG HO,Fishing vessel,440118140
/vessels/details/440112930,202 YU JIN,Fishing vessel,440112930
/vessels/details/440005530,SHINHUNGTEUK HO,Fishing vessel,440005530
/vessels/details/440306870,JIN SU,Fishing vessel,440306870
/vessels/details/440017050,107 KYEONG HAE,Fishing vessel,440017050
/vessels/details/440003040,CHEONGSHINHO,Fishing vessel,440003040
/vessels/details/440044160,KAING STER 2,Fishing vessel,440044160
/vessels/details/440024620,NEW GREEN HO,Fishing vessel,440024620
/vessels/details/440316470,YEONG DONG 1,Fishing vessel,440316470
/vessels/details/440104330,KORIKO 8HO,Fishing vessel,440104330
/vessels/details/440213770,200NOORI,Fishing vessel,440213770
/vessels/details/440128400,31 SUNGSIN,Fishing vessel,440128400
/vessels/details/8413708,KEUN CHANG NO. 122,Fishing Vessel,8413708
/vessels/details/440052960,DREAM,Fishing vessel,440052960
/vessels/details/7221172,TONG HWA NO. 101,Fishing Vessel,7221172
/vessels/details/440210020,YOUNG CHANG HO,Fishing vessel,440210020
/vessels/details/440123660,YOUNG SEU TA,Fishing vessel,440123660
/vessels/details/440057490,SU WON HO,Fishing vessel,440057490
/vessels/details/440015280,NAPLES HO,Fishing vessel,440015280
/vessels/details/440097240,CHANG BOK HO,Fishing vessel,440097240
/vessels/details/440020930,MI REU,Fishing vessel,440020930
/vessels/details/440182140,TAE YANG,Fishing vessel,440182140
/vessels/details/440156850,YEONGHUN5 HO,Fishing vessel,440156850
/vessels/details/440172630,BIG BOS,Fishing vessel,440172630
/vessels/details/440075190,SKY,Fishing vessel,440075190
/vessels/details/440010270,9 MANSUNG HO,Fishing vessel,440010270
/vessels/details/440188490,EUN HA 12 HO,Fishing vessel,440188490
/vessels/details/440056570,YEONG YANG HO,Fishing vessel,440056570
/vessels/details/7606437,DONG BANG NO. 31,Fish Carrier,7606437
/vessels/details/6603907,NAM HAE NO. 237,Fishing Vessel,6603907
/vessels/details/440114610,NO.508 YONG SUN,Fishing vessel,440114610
/vessels/details/440311360,SEONG JIN HO,Fishing vessel,440311360
/vessels/details/440155060,203MOO YOUNG,Fishing vessel,440155060
/vessels/details/6711182,HAE CHANG NO. 33,Fishing Vessel,6711182
/vessels/details/440019280,206 DAE JIN,Fishing vessel,440019280
/vessels/details/440177013,300 HAN CHANG,Fishing vessel,440177013
/vessels/details/440309680,2015 TAE YANG,Fishing vessel,440309680
/vessels/details/440506590,NEW KINGDEOM,Fishing vessel,440506590
/vessels/details/440079520,BLACK PEARL 1,Fishing vessel,440079520
/vessels/details/6523341,NAM HAE NO. 236,Fishing Vessel,6523341
/vessels/details/440223830,JANG SOUNG HO,Fishing vessel,440223830
/vessels/details/440191220,NO.205 KEUM SUNG,Fishing vessel,440191220
/vessels/details/440076280,GANG YEONG,Fishing vessel,440076280
/vessels/details/440206370,KWANG MYUNG,Fishing vessel,440206370
/vessels/details/440220170,JU WON,Fishing vessel,440220170
/vessels/details/440214180,SEA CLOUD HO,Fishing vessel,440214180
/vessels/details/440104810,DONG SIN HO,Fishing vessel,440104810
/vessels/details/440212740,A ONE,Fishing vessel,440212740
/vessels/details/8520006,KWANG MYEONG NO. 112,Fish Carrier,8520006
/vessels/details/440217620,LUKINA 2,Fishing vessel,440217620
/vessels/details/440204100,DONG SEONG,Fishing vessel,440204100
/vessels/details/440089330,CHEONG JIN HO,Fishing vessel,440089330
/vessels/details/440220360,DAE UN HO,Fishing vessel,440220360
/vessels/details/440703400,HAE YANG,Fishing vessel,440703400
/vessels/details/440162160,77JEONGSUN,Fishing vessel,440162160
/vessels/details/440035030,609 IL GWANG HO,Fishing vessel,440035030
/vessels/details/440020850,SOO JEONG 2 HO,Fishing vessel,440020850
/vessels/details/440600234,BACK BONG HO,Fishing vessel,440600234
/vessels/details/440122960,SUNRASE,Fishing vessel,440122960
/vessels/details/440081130,JE203 JANG WON HO,Fishing vessel,440081130
/vessels/details/440005300,TAE SUN,Fishing vessel,440005300
/vessels/details/440203730,EUN HA 3 HO,Fishing vessel,440203730
/vessels/details/440109060,TAIJINHO,Fishing vessel,440109060
/vessels/details/440205960,HAE SUNG,Fishing vessel,440205960
/vessels/details/440188250,ADVENTURE,Fishing vessel,440188250
/vessels/details/440308460,JONG SUNG HO,Fishing vessel,440308460
/vessels/details/440600183,2000 SU SEONG,Fishing vessel,440600183
/vessels/details/440510660,JE3 SU SEONG HO,Fishing vessel,440510660
/vessels/details/9995648,SURESTE703,Fishing Vessel,9995648
/vessels/details/440403450,DONG HAE NO.99,Fishing vessel,440403450
/vessels/details/440131130,52GWANGYANG,Fishing vessel,440131130
/vessels/details/440065010,2022 KUM KANG HO,Fishing vessel,440065010
/vessels/details/440504370,CHEONG MA HO,Fishing vessel,440504370
/vessels/details/440103210,SU SUNG HO,Fishing vessel,440103210
/vessels/details/440011210,ACE,Fishing vessel,440011210
/vessels/details/6620400,SE YOUNG NO. 2,Fishing Vessel,6620400
/vessels/details/9019743,KEUM SUNG NO. 98,Fish Carrier,9019743
/vessels/details/440173750,BLUE OCEAN HO,Fishing vessel,440173750
/vessels/details/440500130,P-07,Fishing vessel,440500130
/vessels/details/440045140,SEON HWA HO,Fishing vessel,440045140
/vessels/details/440000620,SEOHAE FISHING,Fishing vessel,440000620
/vessels/details/440700490,DAEGIL HO,Fishing vessel,440700490
/vessels/details/440224830,MUN AN HO,Fishing vessel,440224830
/vessels/details/440045150,FISHING LAND,Fishing vessel,440045150
/vessels/details/440505270,BO JANG,Fishing vessel,440505270
/vessels/details/440084830,YU SEONG HO,Fishing vessel,440084830
/vessels/details/440023530,DAEYEONGHO,Fishing vessel,440023530
/vessels/details/440117050,LDORADO,Fishing vessel,440117050
/vessels/details/440155253,151HYESEUNG,Fishing vessel,440155253
/vessels/details/440311550,CHEONGJIN2HO,Fishing vessel,440311550
/vessels/details/440336420,BODYGUARD HO,Fishing vessel,440336420
/vessels/details/440057020,DEOG JIN,Fishing vessel,440057020
/vessels/details/440084620,HEA SOUNG HO,Fishing vessel,440084620
/vessels/details/440026860,KYEONG JIN,Fishing vessel,440026860
/vessels/details/440080410,TAE YANG,Fishing vessel,440080410
/vessels/details/440500810,OBAMA,Fishing vessel,440500810
/vessels/details/8351340,2010BOSUNG,Fish Carrier,8351340
/vessels/details/440214030,BLACK HOLE 2,Fishing vessel,440214030
/vessels/details/440181060,503 YEON CHANG,Fishing vessel,440181060
/vessels/details/6802981,KUM MYEONG NO. 2,Fishing Vessel,6802981
/vessels/details/6811621,HAN SUNG NO. 25,Fishing Vessel,6811621
/vessels/details/440040110,RUDI,Fishing vessel,440040110
/vessels/details/440600223,SUNGUN,Fishing vessel,440600223
/vessels/details/440021560,HYE SEUNG HO,Fishing vessel,440021560
/vessels/details/440151620,102KEONYEONG HO,Fishing vessel,440151620
/vessels/details/440083940,BADAUI JEWANG,Fishing vessel,440083940
/vessels/details/440110005,KWANG MYEONG,Fishing vessel,440110005
/vessels/details/8703464,NO.5 KYUNG YANG,Fishing Vessel,8703464
/vessels/details/440335860,ILKWANG HO,Fishing vessel,440335860
/vessels/details/440020040,GYEONGKI218,Fishing vessel,440020040
/vessels/details/440313310,139HEUNGJIN HO,Fishing vessel,440313310
/vessels/details/440031750,GIL YOUNG,Fishing vessel,440031750
/vessels/details/440325750,DONG GWANG,Fishing vessel,440325750
/vessels/details/440117370,SU DEOK HO,Fishing vessel,440117370
/vessels/details/440105420,JE5 JINSEONGHO,Fishing vessel,440105420
/vessels/details/440501280,BAEKGYEONGSUSANHO,Fishing vessel,440501280
/vessels/details/440094570,BENECIA,Fishing vessel,440094570
/vessels/details/440219530,TOP FISHING,Fishing vessel,440219530
/vessels/details/440105810,JE 3 OE PO HO,Fishing vessel,440105810
/vessels/details/440113790,IN SEONG 3 HO,Fishing vessel,440113790
/vessels/details/440136850,HANGILHO,Fishing vessel,440136850
/vessels/details/440057860,AE SUK HO,Fishing vessel,440057860
/vessels/details/440043940,BAM BA DA,Fishing vessel,440043940
/vessels/details/440136370,SUN WOO HO,Fishing vessel,440136370
/vessels/details/440320280,101 SUSEONG,Fishing vessel,440320280
/vessels/details/440153210,WON DA 12 HO,Fishing vessel,440153210
/vessels/details/440055240,MUJINHO,Fishing vessel,440055240
/vessels/details/440172720,NEWEUNBITNAREHO,Fishing vessel,440172720
/vessels/details/440176220,DA SOR HO,Fishing vessel,440176220
/vessels/details/440030590,ARA 3HO,Fishing vessel,440030590
/vessels/details/440122170,99 BEOMJIN,Fishing vessel,440122170
/vessels/details/440600070,JE IL 5 HO,Fishing vessel,440600070
/vessels/details/440045680,EO JIN HO,Fishing vessel,440045680
/vessels/details/440046120,BADASARANG,Fishing vessel,440046120
/vessels/details/440056010,KAI HO,Fishing vessel,440056010
/vessels/details/440601490,MAN SUN,Fishing vessel,440601490
/vessels/details/440403010,SUNGPO103,Fishing vessel,440403010
/vessels/details/6423010,KAIJIN MARU NO. 18,Fishing Vessel,6423010
/vessels/details/440153080,BA DA HO,Fishing vessel,440153080
/vessels/details/440021430,STELLA,Fishing vessel,440021430
/vessels/details/440129890,308 YUNG IL,Fishing vessel,440129890
/vessels/details/440300220,203DAE GYEONG HO,Fishing vessel,440300220
/vessels/details/440104100,207DAESEUNGHO,Fishing vessel,440104100
/vessels/details/6711053,SAM WON,Fishing Vessel,6711053
/vessels/details/440084550,AQUA,Fishing vessel,440084550
/vessels/details/440041060,SEA CHUN YEAN,Fishing vessel,440041060
/vessels/details/440060380,VETERAN,Fishing vessel,440060380
/vessels/details/6902418,BOOK AHK SAN NO. 1,Fishing Support Vessel,6902418
/vessels/details/440032910,KWANGMYUNGHO,Fishing vessel,440032910
/vessels/details/6509539,FUKU MARU NO. 2,Fishing Vessel,6509539
/vessels/details/440502830,MANBOK HO,Fishing vessel,440502830
/vessels/details/440001420,KING KONG 2,Fishing vessel,440001420
/vessels/details/440706450,ARAHO,Fishing vessel,440706450
/vessels/details/440030160,SE YEONG SEU TA HO,Fishing vessel,440030160
/vessels/details/440058440,YEONGILHO,Fishing vessel,440058440
/vessels/details/440307520,O SEONG HO,Fishing vessel,440307520
/vessels/details/6601375,NAM HAE NO. 228,Fishing Vessel,6601375
/vessels/details/440325820,DAE BAK FISHING HO,Fishing vessel,440325820
/vessels/details/440021870,JANG SEONG HO,Fishing vessel,440021870
/vessels/details/440032490,PAL BOK HO,Fishing vessel,440032490
/vessels/details/440021250,ESMILE,Fishing vessel,440021250
/vessels/details/440304310,NEWBLUESTARHO,Fishing vessel,440304310
/vessels/details/440111540,153BANG JU,Fishing vessel,440111540
/vessels/details/440084310,SU BIN HO,Fishing vessel,440084310
/vessels/details/440042190,DAE WOON 3 HO,Fishing vessel,440042190
/vessels/details/440111640,JE3DAEGYEONGHO,Fishing vessel,440111640
/vessels/details/440062610,HAWAIIHO,Fishing vessel,440062610
/vessels/details/9824382,MUGUNGHWA 17,Fishing Support Vessel,9824382
/vessels/details/440320110,HONG GWANG HO,Fishing vessel,440320110
/vessels/details/440705110,DAMI,Fishing vessel,440705110
/vessels/details/8610485,803 TONG YOUNG,Fishing Vessel,8610485
/vessels/details/440208590,SUUN BOK 1 HO,Fishing vessel,440208590
/vessels/details/440703710,2TAE UNG HO,Fishing vessel,440703710
/vessels/details/440049340,HAESUNG,Fishing vessel,440049340
/vessels/details/8610071,SOHO MARU NO. 36,Fishing Vessel,8610071
/vessels/details/440026350,SEONG JIN HO,Fishing vessel,440026350
/vessels/details/440304120,SEUNG YEON HO,Fishing vessel,440304120
/vessels/details/440505220,DONG GYUNG,Fishing vessel,440505220
/vessels/details/440012345,SUNG JIN HO,Fishing vessel,440012345
/vessels/details/7379539,WOO SUNG NO. 71,Fishing Vessel,7379539
/vessels/details/440145490,35 HONG EUN,Fishing vessel,440145490
/vessels/details/440066230,DAISAMSUNGHO,Fishing vessel,440066230
/vessels/details/8804177,FUKUYOSHI MARU NO. 35,Fish Carrier,8804177
/vessels/details/440191205,NO.205 KEUM SUNG,Fishing vessel,440191205
/vessels/details/440146230,EUN SEONG 1HO,Fishing vessel,440146230
/vessels/details/440110970,5SAMSEONGHO,Fishing vessel,440110970
/vessels/details/440029640,SUYANG HO,Fishing vessel,440029640
/vessels/details/8916360,PANALOX 502,Fishing Vessel,8916360
/vessels/details/440143030,DEOK JIN HO,Fishing vessel,440143030
/vessels/details/440708150,YEONG IL,Fishing vessel,440708150
/vessels/details/440189250,5SUNGCHUNHO,Fishing vessel,440189250
/vessels/details/440103190,JONGSEONGHO,Fishing vessel,440103190
/vessels/details/440156860,DEOK MYEONGHO,Fishing vessel,440156860
/vessels/details/440130030,KUMSUNG,Fishing vessel,440130030
/vessels/details/440012620,SAM PYO 102,Fishing vessel,440012620
/vessels/details/440154340,AZITHO,Fishing vessel,440154340
/vessels/details/440321650,901 DEOG HAE HO,Fishing vessel,440321650
/vessels/details/440326540,505 DEOK UN HO,Fishing vessel,440326540
/vessels/details/440009910,OPERA,Fishing vessel,440009910
/vessels/details/440087470,VAL KY RIE,Fishing vessel,440087470
/vessels/details/7426485,CHUNG YONG NO. 32,Fishing Vessel,7426485
/vessels/details/440224260,CHEON SOO MAN,Fishing vessel,440224260
/vessels/details/440308810,JOHWA HO,Fishing vessel,440308810
/vessels/details/440223230,5 BOK SUNG,Fishing vessel,440223230
/vessels/details/440062590,SUNG BOK 3,Fishing vessel,440062590
/vessels/details/440007880,NEW DAE YOUNG HO,Fishing vessel,440007880
/vessels/details/440506450,2013 MAN GANG HO,Fishing vessel,440506450
/vessels/details/440040680,IRON,Fishing vessel,440040680
/vessels/details/440220350,SUNMIN,Fishing vessel,440220350
/vessels/details/440073440,JO IL HO,Fishing vessel,440073440
/vessels/details/440508050,GEUM SEONG 1 HO,Fishing vessel,440508050
/vessels/details/440042750,JANG JIN H,Fishing vessel,440042750
/vessels/details/440075650,NEW SKY,Fishing vessel,440075650
/vessels/details/440041030,DAESUNG,Fishing vessel,440041030
/vessels/details/440147170,PRO HO,Fishing vessel,440147170
/vessels/details/440507440,TAEKWANG HO,Fishing vessel,440507440
/vessels/details/440104020,NO.501 CHANGLIM,Fishing vessel,440104020
/vessels/details/9618379,SAJO COLUMBIA,Fishing Vessel,9618379
/vessels/details/440705410,EO MIN,Fishing vessel,440705410
/vessels/details/440111860,GOGOFISHING HO,Fishing vessel,440111860
/vessels/details/9005297,NO.8 KYUNGYANG,Fishing Vessel,9005297
/vessels/details/8119869,CABO DE S. BRAZ,Fishing Vessel,8119869
/vessels/details/440215330,JANG JIN,Fishing vessel,440215330
/vessels/details/440700450,SU YEON HO,Fishing vessel,440700450
/vessels/details/440321710,EGIS,Fishing vessel,440321710
/vessels/details/440056790,DOGUNHO,Fishing vessel,440056790
/vessels/details/440402780,SEONG JIN,Fishing vessel,440402780
/vessels/details/440325730,TAIJIN 1H,Fishing vessel,440325730
/vessels/details/7000140,HESTIA,Fishing Vessel,7000140
/vessels/details/440066510,CHA DU LI HO,Fishing vessel,440066510
/vessels/details/440404040,FEEDING TIME HO,Fishing vessel,440404040
/vessels/details/440011370,221 DEA SUNG HO,Fishing vessel,440011370
/vessels/details/440079510,YU IL HO,Fishing vessel,440079510
/vessels/details/440337350,GA ON HO,Fishing vessel,440337350
/vessels/details/440872699,YUEYU00239,Fishing vessel,440872699
/vessels/details/440019090,GWANG YEON HO,Fishing vessel,440019090
/vessels/details/440141290,YANG PA HO,Fishing vessel,440141290
/vessels/details/440223800,SANG ROK,Fishing vessel,440223800
/vessels/details/6615297,BAEK YEONG NO. 106,Fishing Vessel,6615297
/vessels/details/440214710,HAN SUNG,Fishing vessel,440214710
/vessels/details/440104840,MANSEON FISHING HO,Fishing vessel,440104840
/vessels/details/440185420,GA DI UN,Fishing vessel,440185420
/vessels/details/440032870,NO.2 BYEOK GANG,Fishing vessel,440032870
/vessels/details/8031902,O YANG NO. 700,Fishing Vessel,8031902
/vessels/details/440007280,SUNGJAIHO,Fishing vessel,440007280
/vessels/details/440158950,HAEDONG,Fishing vessel,440158950
/vessels/details/8510594,NO. 626 DAE SUNG,Fishing Vessel,8510594
/vessels/details/440196380,BARK PRO HO,Fishing vessel,440196380
/vessels/details/440703800,V I P HO,Fishing vessel,440703800
/vessels/details/440142220,WOO HYOUN HO,Fishing vessel,440142220
/vessels/details/440327230,GEUM DANG HO,Fishing vessel,440327230
/vessels/details/440096320,NEW SIN JUNG,Fishing vessel,440096320
/vessels/details/441021267,TAUCHUP,Fishing vessel,441021267
/vessels/details/440024040,WONIL 2 HO,Fishing vessel,440024040
/vessels/details/440207960,A REUM HO,Fishing vessel,440207960
/vessels/details/440317150,DONG SEUNG,Fishing vessel,440317150
/vessels/details/440189070,YU BIN HO,Fishing vessel,440189070
/vessels/details/440091510,ORION 1HO,Fishing vessel,440091510
/vessels/details/6414241,IN SUNG NO. 101,Fishing Vessel,6414241
/vessels/details/440328860,6 MAN SUNG HO,Fishing vessel,440328860
/vessels/details/440014750,KYUNG JIN,Fishing vessel,440014750
/vessels/details/440205790,LITTLE GIANT,Fishing vessel,440205790
/vessels/details/440037560,MUKKAE,Fishing vessel,440037560
/vessels/details/441122989,22054,Fishing vessel,441122989
/vessels/details/8626850,TAE KWANG NO. 101,Fishing Vessel,8626850
/vessels/details/440210580,DAEGUN,Fishing vessel,440210580
/vessels/details/5190769,SAM CHANG NO. 7,Fishing Vessel,5190769
/vessels/details/440173310,HAE SEONG HO,Fishing vessel,440173310
/vessels/details/440122360,7 BOK SUNG,Fishing vessel,440122360
/vessels/details/440414460,NOK DONG HO,Fishing vessel,440414460
/vessels/details/7914054,ATHILA NO. 7,Fishing Vessel,7914054
/vessels/details/440510220,NO.5 DUCK YEON,Fishing vessel,440510220
/vessels/details/440013990,HAE SUNG 1HO,Fishing vessel,440013990
/vessels/details/440119110,327 SEUNG MAN,Fishing vessel,440119110
/vessels/details/440094880,JEJU 1HO,Fishing vessel,440094880
/vessels/details/8626848,TAE KWANG NO. 102,Fishing Vessel,8626848
/vessels/details/440322770,SEONGJIN-HO,Fishing vessel,440322770
/vessels/details/440210330,CHUN ILL HO,Fishing vessel,440210330
/vessels/details/440324630,SEONG DEOK,Fishing vessel,440324630
/vessels/details/440107440,CHUNG JUNG,Fishing vessel,440107440
/vessels/details/440219390,TAE BAEK 8,Fishing vessel,440219390
/vessels/details/440121460,JOON SEONG,Fishing vessel,440121460
/vessels/details/6914954,HAE YEON NO. 71,Fishing Vessel,6914954
/vessels/details/7829429,POONG WON NO. 2,Fishing Vessel,7829429
/vessels/details/440201240,DAEPUNG 7 HO,Fishing vessel,440201240
/vessels/details/440044020,NO.1 DAE BAK,Fishing vessel,440044020
/vessels/details/440047550,CHANG DEOK,Fishing vessel,440047550
/vessels/details/440306660,HAE SIN,Fishing vessel,440306660
/vessels/details/440412190,EUKDAEVIKING,Fishing vessel,440412190
/vessels/details/440300920,HUIYEONHO,Fishing vessel,440300920
/vessels/details/6703501,KUM YONG NO. 9,Fishing Vessel,6703501
/vessels/details/6410609,LUCKY STAR NO. 105,Fishing Vessel,6410609
/vessels/details/440702280,2066 JAE SEONG,Fishing vessel,440702280
/vessels/details/440335780,HA NA HO,Fishing vessel,440335780
/vessels/details/440124890,NEW DONGJINHO,Fishing vessel,440124890
/vessels/details/440014810,HYUNJIN SUSAN HO,Fishing vessel,440014810
/vessels/details/440056740,YOUNG KIL NO.1,Fishing vessel,440056740
/vessels/details/440187570,MYEONGSEONGHO,Fishing vessel,440187570
/vessels/details/440016350,JE YOUNG,Fishing vessel,440016350
/vessels/details/440112650,YOLOHO,Fishing vessel,440112650
/vessels/details/440201430,HOANG KUM,Fishing vessel,440201430
/vessels/details/440042470,BADAHARI,Fishing vessel,440042470
/vessels/details/440603160,DONG WON,Fishing vessel,440603160
/vessels/details/440081040,BACK HO HO,Fishing vessel,440081040
/vessels/details/440082580,HERMES,Fishing vessel,440082580
/vessels/details/440222390,HAE RYONG,Fishing vessel,440222390
/vessels/details/440165650,WU JIN,Fishing vessel,440165650
/vessels/details/440312030,7GOSUNG HO,Fishing vessel,440312030
/vessels/details/8821503,NO.707 HAE CHEON,Fishing Vessel,8821503
/vessels/details/440194950,HAE LIM,Fishing vessel,440194950
/vessels/details/440300140,B0GYEONG-HO,Fishing vessel,440300140
/vessels/details/440412830,MANKYEONGHO,Fishing vessel,440412830
/vessels/details/440082060,PEULRORENEUHO,Fishing vessel,440082060
/vessels/details/441901402,02CAU-LOIA29,Fishing vessel,441901402
/vessels/details/8610576,KEUM SUNG NO. 95,Fishing Vessel,8610576
/vessels/details/440022190,GYE RYONG,Fishing vessel,440022190
/vessels/details/440153950,KEUM HO HO,Fishing vessel,440153950
/vessels/details/440157860,NEW DONG BAEK HO,Fishing vessel,440157860
/vessels/details/440702500,9 YOON KWAN,Fishing vessel,440702500
/vessels/details/440181730,CHANG WON,Fishing vessel,440181730
/vessels/details/440122810,6JOYANG,Fishing vessel,440122810
/vessels/details/440114540,JA YU HO,Fishing vessel,440114540
/vessels/details/440123450,TEST,Fishing vessel,440123450
/vessels/details/440440440,HAEGUEMKANG2HO,Fishing vessel,440440440
/vessels/details/440050610,GAN JI HO,Fishing vessel,440050610
/vessels/details/440204210,SUNG IL,Fishing vessel,440204210
/vessels/details/440062720,PINICSHO,Fishing vessel,440062720
/vessels/details/440319510,8 DAE YANG HO,Fishing vessel,440319510
/vessels/details/440132310,GEUM GANG,Fishing vessel,440132310
/vessels/details/440093780,LEEPRO1HO,Fishing vessel,440093780
/vessels/details/7609922,DONG SAM NO. 506,Fishing Vessel,7609922
/vessels/details/440003250,CHANG SEONG,Fishing vessel,440003250
/vessels/details/440221750,DAE GWANG HO,Fishing vessel,440221750
/vessels/details/440060340,BOK JIN HO,Fishing vessel,440060340
/vessels/details/440015170,GA YEONG HO,Fishing vessel,440015170
/vessels/details/7416375,DONGSHIN NO. 101,Fishing Vessel,7416375
/vessels/details/440327280,SUNG JIN 2 HO,Fishing vessel,440327280
/vessels/details/440509530,GANG JIN,Fishing vessel,440509530
/vessels/details/440141650,HAE YONG HO,Fishing vessel,440141650
/vessels/details/440500590,HWA SEONG HO,Fishing vessel,440500590
/vessels/details/8327820,HAE RIM NO. 22,Fishing Vessel,8327820
/vessels/details/7122089,DONG SAM NO. 505,Fishing Vessel,7122089
/vessels/details/440157570,TAE KWANG,Fishing vessel,440157570
/vessels/details/440149760,EUN JI HO,Fishing vessel,440149760
/vessels/details/440325580,2020 HAE SEUNG HO,Fishing vessel,440325580
/vessels/details/440153010,HAE YEONG HO,Fishing vessel,440153010
/vessels/details/440200222,NEW HALLLA,Fishing vessel,440200222
/vessels/details/440318540,BONGJINHO,Fishing vessel,440318540
/vessels/details/440141260,YOUNG BOK,Fishing vessel,440141260
/vessels/details/440113350,NOW MYENG LYUN,Fishing vessel,440113350
/vessels/details/6913807,DAI IL NO. 11,Fishing Vessel,6913807
/vessels/details/440002760,TAEYANG,Fishing vessel,440002760
/vessels/details/440061470,YE RIN,Fishing vessel,440061470
/vessels/details/440012320,KWANG IL 2,Fishing vessel,440012320
/vessels/details/440505950,YIZISE HO,Fishing vessel,440505950
/vessels/details/440046230,MIJORAHO,Fishing vessel,440046230
/vessels/details/440016870,CAPTAIN J T HO,Fishing vessel,440016870
/vessels/details/440087580,TAESANGHO,Fishing vessel,440087580
/vessels/details/440069130,NO.208 KEUM SUNG,Fishing vessel,440069130
/vessels/details/440411560,DAE SUNG HO,Fishing vessel,440411560
/vessels/details/440097980,MYEONGSEON HO,Fishing vessel,440097980
/vessels/details/440217010,GYEONGJINHO,Fishing vessel,440217010
/vessels/details/440033550,YONG SUNG HO,Fishing vessel,440033550
/vessels/details/440040590,JANG HYEUN HO,Fishing vessel,440040590
/vessels/details/440079080,HANSUNG,Fishing vessel,440079080
/vessels/details/440034880,CHANG SUNG HO,Fishing vessel,440034880
/vessels/details/440206070,2008 I HWA HO,Fishing vessel,440206070
/vessels/details/6804006,KAIYO MARU NO. 85,Fishing Vessel,6804006
/vessels/details/440200930,VIKIRA,Fishing vessel,440200930
/vessels/details/440199220,YANG JIN HO,Fishing vessel,440199220
/vessels/details/440219800,220 DAE MYEONG H0,Fishing vessel,440219800
/vessels/details/7831460,BOONG RIM NO. 11,Fishing Vessel,7831460
/vessels/details/7417848,YEO RAE 33,Fishing Vessel,7417848
/vessels/details/440208490,DAE WOON HO,Fishing vessel,440208490
/vessels/details/440305150,GYEONG MIN,Fishing vessel,440305150
/vessels/details/440015500,SAMJIN,Fishing vessel,440015500
/vessels/details/440099920,JJ FISHING,Fishing vessel,440099920
/vessels/details/440600369,801 DAE BU,Fishing vessel,440600369
/vessels/details/440209710,JIN YEONG 2HO,Fishing vessel,440209710
/vessels/details/440038030,3 JAE SUNG,Fishing vessel,440038030
/vessels/details/440600475,IL KWANG HO,Fishing vessel,440600475
/vessels/details/440178980,CHAMPION HO,Fishing vessel,440178980
/vessels/details/440404890,7SANGJIN HO,Fishing vessel,440404890
/vessels/details/440315070,YEONG HAE HO,Fishing vessel,440315070
/vessels/details/440334870,207 TAE SUNG HO,Fishing vessel,440334870
/vessels/details/440414920,WAVE,Fishing vessel,440414920
/vessels/details/440201607,SH,Fishing vessel,440201607
/vessels/details/440206840,BLUE RIBON HO,Fishing vessel,440206840
/vessels/details/440142390,7SUNGGIN HO,Fishing vessel,440142390
/vessels/details/440072470,JIN YANG HO,Fishing vessel,440072470
/vessels/details/7355844,YOUNGIN NO. 33,Fishing Vessel,7355844
/vessels/details/440121850,102 HAE GEUM,Fishing vessel,440121850
/vessels/details/8614986,PRATIDINA NO 28,Fishing Vessel,8614986
/vessels/details/440076270,2 HYO JIN HO,Fishing vessel,440076270
/vessels/details/440307950,97 JO YEONG HO,Fishing vessel,440307950
/vessels/details/440305520,TAEGONGHO,Fishing vessel,440305520
/vessels/details/440212100,BANDO FISHING,Fishing vessel,440212100
/vessels/details/440007100,INCHEON 228,Fishing vessel,440007100
/vessels/details/440078440,DEOK SEONG HO,Fishing vessel,440078440
/vessels/details/440400280,99PYEONGGANG,Fishing vessel,440400280
/vessels/details/440107509,71KEUMYOUNG,Fishing vessel,440107509
/vessels/details/440313770,ANGEL,Fishing vessel,440313770
/vessels/details/6727844,MARINERA NO. 1,Fishing Vessel,6727844
/vessels/details/440322560,7 KUMSUNG,Fishing vessel,440322560
/vessels/details/440142330,BU SEUNG,Fishing vessel,440142330
/vessels/details/440135190,19 HAE SUNG,Fishing vessel,440135190
/vessels/details/440702830,VICTORIHO,Fishing vessel,440702830
/vessels/details/440328669,HOI JIN 9 HO,Fishing vessel,440328669
/vessels/details/440119250,SEONG HUN,Fishing vessel,440119250
/vessels/details/440068990,SEONGHYEONHO,Fishing vessel,440068990
/vessels/details/440702890,TAITANHO,Fishing vessel,440702890
/vessels/details/440139520,17SULIMHO,Fishing vessel,440139520
/vessels/details/6606765,NAM HAE NO. 230,Fishing Vessel,6606765
/vessels/details/440130340,POWERFISHING,Fishing vessel,440130340
/vessels/details/440063290,102 SU KWANG,Fishing vessel,440063290
/vessels/details/440038110,NO.215BYEOK GANG,Fishing vessel,440038110
/vessels/details/440400190,MIR HO,Fishing vessel,440400190
/vessels/details/441166000,SAJO COLUMBIA,Fishing vessel,441166000
/vessels/details/440215770,WOO RI,Fishing vessel,440215770
/vessels/details/440333390,335KUMKWANG,Fishing vessel,440333390
/vessels/details/440504230,DAE YOUNG HO,Fishing vessel,440504230
/vessels/details/440115790,FLYING HO,Fishing vessel,440115790
/vessels/details/440103270,MIN CHANG,Fishing vessel,440103270
/vessels/details/440333070,HAN IL,Fishing vessel,440333070
/vessels/details/440301560,NEW WELL BING1HO,Fishing vessel,440301560
/vessels/details/440114040,17MANDEKHO,Fishing vessel,440114040
/vessels/details/440007540,MARIN STAR,Fishing vessel,440007540
/vessels/details/440003590,NO. 1 YONG YI,Fishing vessel,440003590
/vessels/details/440147930,SOO BO HO,Fishing vessel,440147930
/vessels/details/440010600,NO.1 HONG HYE,Fishing vessel,440010600
/vessels/details/7236452,GOLD STAR NO. 69,Fishing Vessel,7236452
/vessels/details/440401040,TAEMINHO,Fishing vessel,440401040
/vessels/details/6507725,SEO KWANG,Fishing Vessel,6507725
/vessels/details/440063440,GAZUA,Fishing vessel,440063440
/vessels/details/440304360,NO.101 MYEONG SIN,Fishing vessel,440304360
/vessels/details/440019150,SUDUCK,Fishing vessel,440019150
/vessels/details/440704170,703 JUNG IN,Fishing vessel,440704170
/vessels/details/9018452,TOO MARU,Fishing Vessel,9018452
/vessels/details/8888953,TAKAHIRO MARU NO. 18,Fishing Vessel,8888953
/vessels/details/8428337,CHIL SUNG NO. 59,Fish Carrier,8428337
/vessels/details/9012331,NO.83 AGNES,Fishing Vessel,9012331
/vessels/details/440164770,7NARAHO,Fishing vessel,440164770
/vessels/details/440073320,BO GWANG HO,Fishing vessel,440073320
/vessels/details/440313340,1JANG MI HO,Fishing vessel,440313340
/vessels/details/440083630,YOUNG NAM IL HO,Fishing vessel,440083630
/vessels/details/440149330,DAE SUNG HO,Fishing vessel,440149330
/vessels/details/440319360,EUN HA SOO HO,Fishing vessel,440319360
/vessels/details/440049040,902 BUM JIN,Fishing vessel,440049040
/vessels/details/440124870,MYUNGSUNG,Fishing vessel,440124870
/vessels/details/440145740,SE YANG HO,Fishing vessel,440145740
/vessels/details/440001610,YEONGSIN,Fishing vessel,440001610
/vessels/details/440153930,HAENG BOK DREAM HO,Fishing vessel,440153930
/vessels/details/440153570,2 DEOKSEUNGHO,Fishing vessel,440153570
/vessels/details/440164530,TAE YANG,Fishing vessel,440164530
/vessels/details/8920919,731ORYONG,Fishing Vessel,8920919
/vessels/details/440122950,36 HONG EUN,Fishing vessel,440122950
/vessels/details/440600090,MOON CHANG,Fishing vessel,440600090
/vessels/details/440600052,78 SUNG JIN,Fishing vessel,440600052
/vessels/details/440071710,DANG DU HO,Fishing vessel,440071710
/vessels/details/6603359,NAM HAE NO. 253,Fishing Vessel,6603359
/vessels/details/6519833,NAM HAE NO. 211,Fishing Vessel,6519833
/vessels/details/440331190,GEUM BONG,Fishing vessel,440331190
/vessels/details/440198580,SPECIAL DREAM 7HO,Fishing vessel,440198580
/vessels/details/440076780,WANGSEONGHO,Fishing vessel,440076780
/vessels/details/440098120,707WONKWANG,Fishing vessel,440098120
/vessels/details/7629776,WOO YANG NO. 105,Fishing Vessel,7629776
/vessels/details/440030860,ZEE HYEON HO,Fishing vessel,440030860
/vessels/details/440777999,SARI 3 JARING YOMBUN,Fishing vessel,440777999
/vessels/details/440079090,DAX,Fishing vessel,440079090
/vessels/details/440006080,MORNING,Fishing vessel,440006080
/vessels/details/440300750,DAEHUN101 HO,Fishing vessel,440300750
/vessels/details/440121110,103DAE SEUNG HO,Fishing vessel,440121110
/vessels/details/440132810,JEONG A 02 HO,Fishing vessel,440132810
/vessels/details/440336670,HAENG BOK HO,Fishing vessel,440336670
/vessels/details/440333870,365 FISHING NO.2,Fishing vessel,440333870
/vessels/details/440405210,SEONGJINHO,Fishing vessel,440405210
/vessels/details/440222970,707YONGJEONG,Fishing vessel,440222970
/vessels/details/7209772,ATILA NO. 1,Fishing Vessel,7209772
/vessels/details/6351401,DONG WON NO. 315,Fishing Vessel,6351401
/vessels/details/7408237,DAE JIN NO. 6,Fishing Vessel,7408237
/vessels/details/440727100,108KYEONGHAE,Fishing vessel,440727100
/vessels/details/440245989,MARINE ACE 1HO,Fishing vessel,440245989
/vessels/details/440009090,CHANGDAE,Fishing vessel,440009090
/vessels/details/440303190,DEOK SEONG,Fishing vessel,440303190
/vessels/details/440303290,3 HYEON MIN HO,Fishing vessel,440303290
/vessels/details/440101477,JE502SUN,Fishing vessel,440101477
/vessels/details/440301390,SAM SUNG HO,Fishing vessel,440301390
/vessels/details/440502290,ARIUL 2,Fishing vessel,440502290
/vessels/details/8821527,81CHUNGYONG,Fishing Vessel,8821527
/vessels/details/440330380,JOBS 1HO,Fishing vessel,440330380
/vessels/details/440700240,SUNG CHANG HO,Fishing vessel,440700240
/vessels/details/440411010,GEO JE NU RI,Fishing vessel,440411010
/vessels/details/440017450,SUNG JIN HO,Fishing vessel,440017450
/vessels/details/440118280,DIAMOND,Fishing vessel,440118280
/vessels/details/440220880,GUJODAEBOAT,Fishing vessel,440220880
/vessels/details/440600285,GOOIL,Fishing vessel,440600285
/vessels/details/440143450,793JEONSUNG,Fishing vessel,440143450
/vessels/details/440093720,2023 SUNG DEOK HO,Fishing vessel,440093720
/vessels/details/440082390,2022 TAE SUNG HO,Fishing vessel,440082390
/vessels/details/440737700,HYEONG JAE HO,Fishing vessel,440737700
/vessels/details/440070290,HAE YANG HO,Fishing vessel,440070290
/vessels/details/440329460,HE DAM,Fishing vessel,440329460
/vessels/details/9015125,KOTOBUKI MARU NO. 28,Fishing Vessel,9015125
/vessels/details/440000160,21 SHIN A HO,Fishing vessel,440000160
/vessels/details/440125980,DONGBANG FIRE HO,Fishing vessel,440125980
/vessels/details/440223520,MYUNGSUNG,Fishing vessel,440223520
/vessels/details/440056460,NAMBU STAR HO,Fishing vessel,440056460
/vessels/details/440715100,POSEIDON,Fishing vessel,440715100
/vessels/details/440015660,NAMYANG2HO,Fishing vessel,440015660
/vessels/details/440011700,MALINHO,Fishing vessel,440011700
/vessels/details/440010860,2010 YU MYEONG,Fishing vessel,440010860
/vessels/details/440024090,600 MAN SEONG HO,Fishing vessel,440024090
/vessels/details/440703460,NAYEON,Fishing vessel,440703460
/vessels/details/440005240,CHANGJINHO,Fishing vessel,440005240
/vessels/details/440053740,KYUNG UN,Fishing vessel,440053740
/vessels/details/440076350,MAN SUN HO,Fishing vessel,440076350
/vessels/details/440334820,NO.2 RAINBOW,Fishing vessel,440334820
/vessels/details/440053557,SIN JIN HO,Fishing vessel,440053557
/vessels/details/440221520,JINJU HO,Fishing vessel,440221520
/vessels/details/440192410,O NICS,Fishing vessel,440192410
/vessels/details/440095420,NEWBANDOHO,Fishing vessel,440095420
/vessels/details/440133140,NAMIL HO,Fishing vessel,440133140
/vessels/details/440215160,HO RAENG YI HO,Fishing vessel,440215160
/vessels/details/440197870,DAE BAK 5 HO,Fishing vessel,440197870
/vessels/details/440153130,306BAEKYANG,Fishing vessel,440153130
/vessels/details/440174090,JOKERHO,Fishing vessel,440174090
/vessels/details/440034950,GANG YANG HO,Fishing vessel,440034950
/vessels/details/440000462,HAN GANG 6,Fishing vessel,440000462
/vessels/details/440006270,WOOSEONG HO,Fishing vessel,440006270
/vessels/details/9036715,650DONG WON,Fishing Vessel,9036715
/vessels/details/440022510,TTAENGKKYU,Fishing vessel,440022510
/vessels/details/440085110,HYUNA HO,Fishing vessel,440085110
/vessels/details/440107770,2020YOOJIN,Fishing vessel,440107770
/vessels/details/440319990,FISHING MANIA,Fishing vessel,440319990
/vessels/details/5191282,DAE YEON NO. 101,Fishing Vessel,5191282
/vessels/details/440019460,BO GWANG HO,Fishing vessel,440019460
/vessels/details/9121596,MUGUNGHWA 07,Fishing Support Vessel,9121596
/vessels/details/440006020,OIDOPIA,Fishing vessel,440006020
/vessels/details/440170420,23 SU HYEON HO,Fishing vessel,440170420
/vessels/details/8413538,HEA YONG NO. 33,Fishing Vessel,8413538
/vessels/details/440042860,JE11 YONG MA HO,Fishing vessel,440042860
/vessels/details/440180640,HAENG UN HO,Fishing vessel,440180640
/vessels/details/6606947,DAE WANG NO. 52,Fishing Vessel,6606947
/vessels/details/440404220,BAEKHOHO,Fishing vessel,440404220
/vessels/details/440062430,KUMTTAENGI,Fishing vessel,440062430
/vessels/details/7634707,JIN HEUNG NO. 1,Fishing Vessel,7634707
/vessels/details/440504650,CHEL SEA HO,Fishing vessel,440504650
/vessels/details/440123540,HYE SEUNG 702,Fishing vessel,440123540
/vessels/details/440120950,172 HWA CHANG,Fishing vessel,440120950
/vessels/details/440324650,JE 2 YU JIN HO,Fishing vessel,440324650
/vessels/details/440128880,SAEINGSAEINGHO,Fishing vessel,440128880
/vessels/details/440131680,JE 2 SU BOKHO,Fishing vessel,440131680
/vessels/details/440600670,JANG SUNG-HO,Fishing vessel,440600670
/vessels/details/440111970,PANDORA,Fishing vessel,440111970
/vessels/details/440150610,602 GIL JEONG HO,Fishing vessel,440150610
/vessels/details/440148140,NO 127 KEUM SUNG,Fishing vessel,440148140
/vessels/details/440318230,507GEUMSUNG,Fishing vessel,440318230
/vessels/details/440210170,202NAMJINHO,Fishing vessel,440210170
/vessels/details/6608373,CHIN DAL LE,Fishing Vessel,6608373
/vessels/details/440212450,ODYSSEY,Fishing vessel,440212450
/vessels/details/440026470,JAE YEONG,Fishing vessel,440026470
/vessels/details/440202320,DRAGON,Fishing vessel,440202320
/vessels/details/440400540,WOORAMHO,Fishing vessel,440400540
/vessels/details/440603080,BU SUNG,Fishing vessel,440603080
/vessels/details/440168350,JE7 BU YEONG,Fishing vessel,440168350
/vessels/details/440087640,DONG YEONG HO,Fishing vessel,440087640
/vessels/details/440015520,HAE SUNG 3HO,Fishing vessel,440015520
/vessels/details/440024120,21SU SUNG HO,Fishing vessel,440024120
/vessels/details/440157640,SU PYEONG SEON,Fishing vessel,440157640
/vessels/details/440181120,GEO SEONG 2HO,Fishing vessel,440181120
/vessels/details/440143930,CHANGJO,Fishing vessel,440143930
/vessels/details/440163270,1 CHEONG YANG,Fishing vessel,440163270
/vessels/details/440107570,ALEXANDER,Fishing vessel,440107570
/vessels/details/440331910,SAM GWANG HO,Fishing vessel,440331910
/vessels/details/440322930,HAN IL HO,Fishing vessel,440322930
/vessels/details/8827600,NO.121DONGWON,Fishing Vessel,8827600
/vessels/details/440152680,GM 801 HO,Fishing vessel,440152680
/vessels/details/6704622,NAM HAE NO. 276,Fishing Vessel,6704622
/vessels/details/440800218,R.O.K GOV VESSEL,Fishing vessel,440800218
/vessels/details/440334320,207 BU HEUNG HO,Fishing vessel,440334320
/vessels/details/440219030,NEWARAHO,Fishing vessel,440219030
/vessels/details/440402510,77ILSUNG,Fishing vessel,440402510
/vessels/details/440322050,NEW CHEONG NAM,Fishing vessel,440322050
/vessels/details/440404910,DOO YEONG HO,Fishing vessel,440404910
/vessels/details/8805327,NO.308DAEHWA,Fishing Vessel,8805327
/vessels/details/440055710,KCG 211,Fishing vessel,440055710
/vessels/details/440304610,307 DUCKWON,Fishing vessel,440304610
/vessels/details/440708440,2 SEONG BOK HO,Fishing vessel,440708440
/vessels/details/7829417,POONG WON NO. 1,Fishing Vessel,7829417
/vessels/details/7233395,HAN KIL,Fishing Vessel,7233395
/vessels/details/9041992,SAEIN NO.1,Fishing Vessel,9041992
/vessels/details/440323740,SI LAEND,Fishing vessel,440323740
/vessels/details/440322280,PIL BA DA,Fishing vessel,440322280
/vessels/details/440408437,311SUNGYONG,Fishing vessel,440408437
/vessels/details/8320353,AGNES 107,Fishing Vessel,8320353
/vessels/details/440018610,117 SAMHUNGHO,Fishing vessel,440018610
/vessels/details/5413202,WORLD STAR NO. 3,Fishing Vessel,5413202
/vessels/details/440743200,200DAE MYEONG,Fishing vessel,440743200
/vessels/details/440205230,GOLD FISHING,Fishing vessel,440205230
/vessels/details/440324450,HWAN KYUNG 2 HO,Fishing vessel,440324450
/vessels/details/440033490,WONJO21HO,Fishing vessel,440033490
/vessels/details/440001100,SINNARA,Fishing vessel,440001100
/vessels/details/440054340,2 SIN MYEONG,Fishing vessel,440054340
/vessels/details/440151880,8 BOGWANG,Fishing vessel,440151880
/vessels/details/440038140,CHANG SUNG HO,Fishing vessel,440038140
/vessels/details/440331610,CHANG SEONG HO,Fishing vessel,440331610
/vessels/details/440096750,2 SEO GWANG HO,Fishing vessel,440096750
/vessels/details/440125020,BOHE,Fishing vessel,440125020
/vessels/details/440161970,SU JIN HO,Fishing vessel,440161970
/vessels/details/440053350,SSANG DOONG HO,Fishing vessel,440053350
/vessels/details/440322350,KWANGHI HO,Fishing vessel,440322350
/vessels/details/440173860,IL O SAM,Fishing vessel,440173860
/vessels/details/440117230,207 PYUNG JIN,Fishing vessel,440117230
/vessels/details/440200217,HAE MAEN HO,Fishing vessel,440200217
/vessels/details/440327110,5SEO JIN HO,Fishing vessel,440327110
/vessels/details/7829443,SUNG HAE NO. 22,Fishing Vessel,7829443
/vessels/details/440196620,PPOPPAIHO,Fishing vessel,440196620
/vessels/details/440064620,11DEOKSEONGHO,Fishing vessel,440064620
/vessels/details/440212330,703DO CHEONG,Fishing vessel,440212330
/vessels/details/440011650,DAE IL HO,Fishing vessel,440011650
/vessels/details/440189270,SAMSEONGHO,Fishing vessel,440189270
/vessels/details/440407580,POINT,Fishing vessel,440407580
/vessels/details/440016410,NAM CHANG HO,Fishing vessel,440016410
/vessels/details/440099150,WS-2701,Fishing vessel,440099150
/vessels/details/440303230,KCG P79,Fishing vessel,440303230
/vessels/details/440058770,MAN SEOK HO,Fishing vessel,440058770
/vessels/details/440154670,BONG SEONG,Fishing vessel,440154670
/vessels/details/440412030,GANG SUNG,Fishing vessel,440412030
/vessels/details/441521166,ZHUXIANG11665,Fishing vessel,441521166
/vessels/details/440505780,WON JIN HO,Fishing vessel,440505780
/vessels/details/7322299,SEISHU MARU NO. 38,Fishing Vessel,7322299
/vessels/details/440401420,3KUMCHANG,Fishing vessel,440401420
/vessels/details/440175810,OCEANREADER,Fishing vessel,440175810
/vessels/details/440502580,JEONJIN 5,Fishing vessel,440502580
/vessels/details/440407260,NO507MANSEONG,Fishing vessel,440407260
/vessels/details/440139220,SIN HAEHANG POSEIDON,Fishing vessel,440139220
/vessels/details/440305530,JEONGYEONHO,Fishing vessel,440305530
/vessels/details/440040340,KANGSAN,Fishing vessel,440040340
/vessels/details/440194490,SI ON HO,Fishing vessel,440194490
/vessels/details/440504220,CHEON SEUNG,Fishing vessel,440504220
/vessels/details/440134350,853YOONSUNG,Fishing vessel,440134350
/vessels/details/6423022,KUM HO NO. 31,Fishing Vessel,6423022
/vessels/details/440014800,IL JO,Fishing vessel,440014800
/vessels/details/440149120,YE GEON,Fishing vessel,440149120
/vessels/details/440009930,YEONG CHANG 2 HO,Fishing vessel,440009930
/vessels/details/440410780,DEOG YONGHO,Fishing vessel,440410780
/vessels/details/440413680,GWANGYANGHO,Fishing vessel,440413680
/vessels/details/440170430,JIN SEONG,Fishing vessel,440170430
/vessels/details/440158410,SANGJIN,Fishing vessel,440158410
/vessels/details/440008880,NO.9 TAEGYEONG,Fishing vessel,440008880
/vessels/details/440121160,109JANGSUNG HO,Fishing vessel,440121160
/vessels/details/440193820,JE 5 SIM CHANG HO,Fishing vessel,440193820
/vessels/details/440723100,KCG3018,Fishing vessel,440723100
/vessels/details/440136390,807DAEYEON,Fishing vessel,440136390
/vessels/details/440311030,NA LEU SYA,Fishing vessel,440311030
/vessels/details/440105010,BUGILHO,Fishing vessel,440105010
/vessels/details/7807122,IN SUNG NO. 22,Fishing Vessel,7807122
/vessels/details/440336140,7GEUN YEONG,Fishing vessel,440336140
/vessels/details/6518891,YOUNG KWANG NO. 3,Fishing Vessel,6518891
/vessels/details/440705050,JE2JINYANGHO,Fishing vessel,440705050
/vessels/details/440506050,GUK IL HO,Fishing vessel,440506050
/vessels/details/440011140,MORNINGSTAR,Fishing vessel,440011140
/vessels/details/440062070,25 BO KYUNG HO,Fishing vessel,440062070
/vessels/details/440311050,101SUNG.BOK,Fishing vessel,440311050
/vessels/details/440083650,EUN HA HO,Fishing vessel,440083650
/vessels/details/440190310,2019 HA RAM,Fishing vessel,440190310
/vessels/details/440322750,DONGHAEFISHING,Fishing vessel,440322750
/vessels/details/440504870,HO JIN HO,Fishing vessel,440504870
/vessels/details/440124680,PYEONG AN HO,Fishing vessel,440124680
/vessels/details/440216260,HEEMANG,Fishing vessel,440216260
/vessels/details/440224950,DUK SUNG HO,Fishing vessel,440224950
/vessels/details/440012030,DONG KWANG 2 HO,Fishing vessel,440012030
/vessels/details/440205520,BAEK DU FISHING,Fishing vessel,440205520
/vessels/details/440600211,N0.2017 HYUNJIN,Fishing vessel,440600211
/vessels/details/440077950,SEOMJIN,Fishing vessel,440077950
/vessels/details/440015120,GREENPIECE FAMIY,Fishing vessel,440015120
/vessels/details/440114130,HAN YANG HO,Fishing vessel,440114130
/vessels/details/440054810,NA REU SYA HO,Fishing vessel,440054810
/vessels/details/440107730,NOO RI,Fishing vessel,440107730
/vessels/details/7832488,HAE JIN NO. 6,Fishing Vessel,7832488
/vessels/details/440503570,HAENG WOON HO,Fishing vessel,440503570
/vessels/details/440034220,HEUG DWAE JI,Fishing vessel,440034220
/vessels/details/440304790,MAN BOK HO,Fishing vessel,440304790
/vessels/details/440034010,NAM GYEONG HO,Fishing vessel,440034010
/vessels/details/6610364,NAM HAE NO. 268,Fishing Vessel,6610364
/vessels/details/440033160,HAISUNG HO,Fishing vessel,440033160
/vessels/details/440074180,HWANG KUM BAEK HO,Fishing vessel,440074180
/vessels/details/440124740,1 DAE YOUNG,Fishing vessel,440124740
/vessels/details/440705450,707 DONG BU HO,Fishing vessel,440705450
/vessels/details/440022150,DONGBAEK,Fishing vessel,440022150
/vessels/details/440133300,2NA IL,Fishing vessel,440133300
/vessels/details/440188290,SAM SAN,Fishing vessel,440188290
/vessels/details/440323720,BIRYONG,Fishing vessel,440323720
/vessels/details/440603250,SPEED,Fishing vessel,440603250
/vessels/details/6501630,KOREA NO. 77,Fishing Vessel,6501630
/vessels/details/7019907,CITRA TUNA NO. 19,Fishing Vessel,7019907
/vessels/details/440225450,KYUNG JIN,Fishing vessel,440225450
/vessels/details/9041966,KEUM HAE NO. 101,Fishing Vessel,9041966
/vessels/details/440336510,JINBO6 HO,Fishing vessel,440336510
/vessels/details/440019890,SEUNG BAE 1 HO,Fishing vessel,440019890
/vessels/details/440224450,HAE GWANG,Fishing vessel,440224450
/vessels/details/440794037,83CHUNG,Fishing vessel,440794037
/vessels/details/440117730,207 MIN KYUNG,Fishing vessel,440117730
/vessels/details/6709517,ORYONG NO. 503,Fishing Vessel,6709517
/vessels/details/440333970,SAM JUNG,Fishing vessel,440333970
/vessels/details/440200221,A RA 2,Fishing vessel,440200221
/vessels/details/440412930,BYEONGPOHO,Fishing vessel,440412930
/vessels/details/440140240,GA I A HO,Fishing vessel,440140240
/vessels/details/440211450,ARA,Fishing vessel,440211450
/vessels/details/440404170,SU JIN HO,Fishing vessel,440404170
/vessels/details/440173530,WON DAE SEUNG,Fishing vessel,440173530
/vessels/details/440081720,HYEONG JE 5 HO,Fishing vessel,440081720
/vessels/details/440702130,995BUGWANG,Fishing vessel,440702130
/vessels/details/440112430,SEONG HYUN,Fishing vessel,440112430
/vessels/details/440218850,DU RI HO,Fishing vessel,440218850
/vessels/details/440083240,DONG HYEON HO,Fishing vessel,440083240
/vessels/details/440508180,SU RAK HO,Fishing vessel,440508180
/vessels/details/6809226,YOSHI MARU NO. 2,Fishing Vessel,6809226
/vessels/details/440324550,600DAEJANG,Fishing vessel,440324550
/vessels/details/440039370,GEUM SUNG HO,Fishing vessel,440039370
/vessels/details/440223670,DAE HAN,Fishing vessel,440223670
/vessels/details/440402680,105 MYUNG RANG,Fishing vessel,440402680
/vessels/details/440206920,DOKSURI,Fishing vessel,440206920
/vessels/details/440013420,2016SINAESAN,Fishing vessel,440013420
/vessels/details/440065270,POINT,Fishing vessel,440065270
/vessels/details/440002830,HYEON DEOK 2HO,Fishing vessel,440002830
/vessels/details/440220820,JAE YOUNG 1,Fishing vessel,440220820
/vessels/details/6400329,CHUNG YANG NO. 1,Fishing Vessel,6400329
/vessels/details/440215660,GOGOSSING,Fishing vessel,440215660
/vessels/details/440196680,SINBARAMHO,Fishing vessel,440196680
/vessels/details/440033310,POONG YANG HO,Fishing vessel,440033310
/vessels/details/440337420,CARISMA,Fishing vessel,440337420
/vessels/details/440023880,DAE YANG,Fishing vessel,440023880
/vessels/details/440067960,7HWANILHO,Fishing vessel,440067960
/vessels/details/440317060,EUN SUNG HO,Fishing vessel,440317060
/vessels/details/440089420,IS LAND,Fishing vessel,440089420
/vessels/details/440096080,BONG BONG HO,Fishing vessel,440096080
/vessels/details/440212570,200BIKING2HO,Fishing vessel,440212570
/vessels/details/440040790,WOO RI HO,Fishing vessel,440040790
/vessels/details/440137180,TAE SUNG,Fishing vessel,440137180
/vessels/details/440153260,SU JIN,Fishing vessel,440153260
/vessels/details/440328810,JAE SEUNG HO,Fishing vessel,440328810
/vessels/details/440060880,HERAKLES HO,Fishing vessel,440060880
/vessels/details/440216120,DUK GIL 2 HO,Fishing vessel,440216120
/vessels/details/440306350,BADAHO,Fishing vessel,440306350
/vessels/details/440004140,1WON JA HO,Fishing vessel,440004140
/vessels/details/440600379,HWANG YOUNG HO,Fishing vessel,440600379
/vessels/details/440014190,NEWFHINGRAND,Fishing vessel,440014190
/vessels/details/440141130,JE1JOYANGHO -,Fishing vessel,440141130
/vessels/details/440203950,CHEONG HA,Fishing vessel,440203950
/vessels/details/440072480,HYURIHO,Fishing vessel,440072480
/vessels/details/440214310,KISUNG,Fishing vessel,440214310
/vessels/details/440038730,GEUM HAE HO,Fishing vessel,440038730
/vessels/details/6408632,BO KANG NO. 302,Fishing Vessel,6408632
/vessels/details/440003070,DRAGON,Fishing vessel,440003070
/vessels/details/440680474,77DAE GYUNG HO,Fishing vessel,440680474
/vessels/details/440735700,GEUM SEONG,Fishing vessel,440735700
/vessels/details/440134980,TAE GWANG HO,Fishing vessel,440134980
/vessels/details/5194727,HAN GIL NO. 17,Fishing Vessel,5194727
/vessels/details/440705120,HAENG UN HO,Fishing vessel,440705120
/vessels/details/440136290,IN SUNG,Fishing vessel,440136290
/vessels/details/440017400,3MYEONG SIN HO,Fishing vessel,440017400
/vessels/details/440715400,SEOJIN HO,Fishing vessel,440715400
/vessels/details/440017730,JUNG DA WOON2 HO,Fishing vessel,440017730
/vessels/details/440336930,SEON DOL,Fishing vessel,440336930
/vessels/details/440127180,75 DONG MYEONG,Fishing vessel,440127180
/vessels/details/440179160,NEW JIN SUNG HO,Fishing vessel,440179160
/vessels/details/440163560,HAN UL FISHING,Fishing vessel,440163560
/vessels/details/440117880,GEUM GANG HO,Fishing vessel,440117880
/vessels/details/440078460,2 U JEONG HO,Fishing vessel,440078460
/vessels/details/440113260,DAE YANG,Fishing vessel,440113260
/vessels/details/7734818,SANG WON NO. 101,Fishing Vessel,7734818
/vessels/details/440020150,WOO RI HO,Fishing vessel,440020150
/vessels/details/440705340,808 NAM SEONG,Fishing vessel,440705340
/vessels/details/440039250,EUNSUNG,Fishing vessel,440039250
/vessels/details/7830193,RYOSEI MARU NO. 8,Fishing Vessel,7830193
/vessels/details/440187770,SEUNGKWANGHO,Fishing vessel,440187770
/vessels/details/440024540,807HYUN JIN,Fishing vessel,440024540
/vessels/details/440304430,DAI YANG,Fishing vessel,440304430
/vessels/details/8904020,NO. 371 ORYONG,Fishing Vessel,8904020
/vessels/details/440169190,SIN YOUNG HO,Fishing vessel,440169190
/vessels/details/7831288,JOIL NO. 102,Fishing Vessel,7831288
/vessels/details/440507980,NEW BA DA SE GYE HO,Fishing vessel,440507980
/vessels/details/440211750,SEAHAWK,Fishing vessel,440211750
/vessels/details/440326890,YUNAHO,Fishing vessel,440326890
/vessels/details/440009040,SUNGDUK,Fishing vessel,440009040
/vessels/details/440013660,BLUEMARINE HO,Fishing vessel,440013660
/vessels/details/440112340,ZEUS,Fishing vessel,440112340
/vessels/details/440218480,CHANG GIL,Fishing vessel,440218480
/vessels/details/440006090,NEW CORIA HO,Fishing vessel,440006090
/vessels/details/440119950,501SEOJEONG,Fishing vessel,440119950
/vessels/details/440032960,GEUM JEONGHO,Fishing vessel,440032960
/vessels/details/440103360,DAI HAN HO,Fishing vessel,440103360
/vessels/details/440202110,TAE KWON HO,Fishing vessel,440202110
/vessels/details/440111160,ARAHANHO,Fishing vessel,440111160
/vessels/details/440107660,31KEUMYOUNG,Fishing vessel,440107660
/vessels/details/440106020,SUBOK,Fishing vessel,440106020
/vessels/details/440406110,NAM YANG NO209,Fishing vessel,440406110
/vessels/details/7416416,HONG JIN NO. 703,Fishing Vessel,7416416
/vessels/details/440074330,EMJEE2HO,Fishing vessel,440074330
/vessels/details/441212243,12243,Fishing vessel,441212243
/vessels/details/440081960,NEW JISUNGHO,Fishing vessel,440081960
/vessels/details/440217380,GENESIS,Fishing vessel,440217380
/vessels/details/440124130,KWANG SEONG HO,Fishing vessel,440124130
/vessels/details/5350565,HAN GIL NO. 15,Fishing Vessel,5350565
/vessels/details/440703030,303 WOO JIN,Fishing vessel,440703030
/vessels/details/440163310,JOYHO,Fishing vessel,440163310
/vessels/details/9178642,SOUTHERN PARK,Fishing Vessel,9178642
/vessels/details/5199832,TAIKI MARU NO. 71,Fishing Vessel,5199832
/vessels/details/440016660,NO.3 SU GIL,Fishing vessel,440016660
/vessels/details/440002050,JANGHYEONHO,Fishing vessel,440002050
/vessels/details/440007290,NO.1 BLUE OCEAN,Fishing vessel,440007290
/vessels/details/440704280,JIN YANG HO,Fishing vessel,440704280
/vessels/details/440073750,FERARI,Fishing vessel,440073750
/vessels/details/440069650,NEW SSUN DER HO,Fishing vessel,440069650
/vessels/details/440052130,MONG STAR,Fishing vessel,440052130
/vessels/details/440300830,9 GEUM DANG,Fishing vessel,440300830
/vessels/details/440313030,801.CHANGYOUNG,Fishing vessel,440313030
/vessels/details/440040430,MEIJEO,Fishing vessel,440040430
/vessels/details/440501210,SAMSUNGHO,Fishing vessel,440501210
/vessels/details/440115940,SIN GA HO,Fishing vessel,440115940
/vessels/details/440331170,HAN SOL,Fishing vessel,440331170
/vessels/details/440157090,EU SEONG HO,Fishing vessel,440157090
/vessels/details/440318880,DAE HO FISHING HO,Fishing vessel,440318880
/vessels/details/440108710,HOANG SEONG 1HO,Fishing vessel,440108710
/vessels/details/440404450,HAERYONGHO,Fishing vessel,440404450
/vessels/details/440191430,NUM BER ONE,Fishing vessel,440191430
/vessels/details/440725700,SU YANG HO,Fishing vessel,440725700
/vessels/details/440154130,SU BIN HO,Fishing vessel,440154130
/vessels/details/440106230,2025GEON YANG,Fishing vessel,440106230
/vessels/details/440110460,3SIN SUNG HO,Fishing vessel,440110460
/vessels/details/440097640,CHEON SUNG HO,Fishing vessel,440097640
/vessels/details/440013640,303 HAE SEONG HO,Fishing vessel,440013640
/vessels/details/7381403,SEO JIN NO. 1,Fishing Vessel,7381403
/vessels/details/440410920,GANGHEON HO,Fishing vessel,440410920
/vessels/details/440098080,HAEYANGHO,Fishing vessel,440098080
/vessels/details/6824795,EBISU MARU NO. 27,Fishing Vessel,6824795
/vessels/details/440020880,11 MAN SUNG HO,Fishing vessel,440020880
/vessels/details/440085710,GOGANGHO,Fishing vessel,440085710
/vessels/details/440218330,ILDUNG,Fishing vessel,440218330
/vessels/details/440098580,JO YANG,Fishing vessel,440098580
/vessels/details/440001400,BANDITBULHO,Fishing vessel,440001400
/vessels/details/440402390,JUNGBO,Fishing vessel,440402390
/vessels/details/440054760,KANIK2455 5HO,Fishing vessel,440054760
/vessels/details/440214010,YOUSIN,Fishing vessel,440214010
/vessels/details/7355167,AGNES 102,Fishing Vessel,7355167
/vessels/details/8413655,CHANG SUNG NO. 16,Fishing Vessel,8413655
/vessels/details/440161320,HIL RING HO,Fishing vessel,440161320
/vessels/details/440306450,IN CHEON 207,Fishing vessel,440306450
/vessels/details/440065580,GEUN YOUNG HO,Fishing vessel,440065580
/vessels/details/440334880,SUNGJUHO,Fishing vessel,440334880
/vessels/details/440210240,SEUNG JIN HO,Fishing vessel,440210240
/vessels/details/6716417,YOU JIN NO. 22,Fishing Vessel,6716417
/vessels/details/440707010,BA I BEU,Fishing vessel,440707010
/vessels/details/440140380,DAE SEUNG HO,Fishing vessel,440140380
/vessels/details/440173840,DAE JIN HO,Fishing vessel,440173840
/vessels/details/8850138,MINADO MARU,Fishing Vessel,8850138
/vessels/details/440224380,YEONGDEOKHO,Fishing vessel,440224380
/vessels/details/440741200,152WHA CHANG,Fishing vessel,440741200
/vessels/details/440097670,DAE SEUNG HO,Fishing vessel,440097670
/vessels/details/440165280,CASANOVA HO,Fishing vessel,440165280
/vessels/details/440503470,STELLAR HO,Fishing vessel,440503470
/vessels/details/440217910,103 SU GWANG,Fishing vessel,440217910
/vessels/details/441330253,LURISHANYU67099,Fishing vessel,441330253
/vessels/details/440224980,MEGA,Fishing vessel,440224980
/vessels/details/440702420,JE109 SHIN KWANG HO,Fishing vessel,440702420
/vessels/details/440147590,MIN HI HO,Fishing vessel,440147590
/vessels/details/440163470,JAICO 75HO,Fishing vessel,440163470
/vessels/details/6910984,NAM SUNG NO. 308,Fishing Vessel,6910984
/vessels/details/440097340,MERSEDES,Fishing vessel,440097340
/vessels/details/440133290,VICTORY,Fishing vessel,440133290
/vessels/details/440702950,JENY,Fishing vessel,440702950
/vessels/details/440118550,102 JANG DEOK HO,Fishing vessel,440118550
/vessels/details/440175230,HAE DONG HO,Fishing vessel,440175230
/vessels/details/440200227,SEAHUNTER HO,Fishing vessel,440200227
/vessels/details/440116130,SAP SI HO,Fishing vessel,440116130
/vessels/details/440065560,ONNURI,Fishing vessel,440065560
/vessels/details/440180440,JE1 IL SIN HO,Fishing vessel,440180440
/vessels/details/440149010,NU RI HO,Fishing vessel,440149010
/vessels/details/440198780,JANG YANG,Fishing vessel,440198780
/vessels/details/440079210,201MIN SUNG,Fishing vessel,440079210
/vessels/details/440005580,TAE GANG,Fishing vessel,440005580
/vessels/details/440058330,SUNG DUK,Fishing vessel,440058330
/vessels/details/440505810,SAM SUNG HO,Fishing vessel,440505810
/vessels/details/440304820,77 GEUM DANG,Fishing vessel,440304820
/vessels/details/440702370,DONG DAE HO,Fishing vessel,440702370
/vessels/details/440169050,SUNG IL HO,Fishing vessel,440169050
/vessels/details/440126550,GEUMKANG 7HO,Fishing vessel,440126550
/vessels/details/440110380,JE9 DAE LIM HO,Fishing vessel,440110380
/vessels/details/440401770,HYEON JOONG HO,Fishing vessel,440401770
/vessels/details/440410040,DOLPHINHO,Fishing vessel,440410040
/vessels/details/440600382,HWANGYOUNGHO,Fishing vessel,440600382
/vessels/details/440142360,2015SEONG IL,Fishing vessel,440142360
/vessels/details/440706760,FYKA,Fishing vessel,440706760
/vessels/details/440600270,WOL GUANG,Fishing vessel,440600270
/vessels/details/440150230,DAE SUNG HO,Fishing vessel,440150230
/vessels/details/440017870,EUN HWA HO,Fishing vessel,440017870
/vessels/details/9046409,NO.39HANSUNG,Fishing Vessel,9046409
/vessels/details/440213380,EUN JOO HO,Fishing vessel,440213380
/vessels/details/440602750,DAE YANG 5 HO,Fishing vessel,440602750
/vessels/details/440313620,YONG SEON HO 302,Fishing vessel,440313620
/vessels/details/440121650,111DAEJIN,Fishing vessel,440121650
/vessels/details/440146570,DONGILL,Fishing vessel,440146570
/vessels/details/440089360,EUN HA,Fishing vessel,440089360
/vessels/details/440002710,HYUN DEOKHO,Fishing vessel,440002710
/vessels/details/9019509,ORYONG 325,Fishing Vessel,9019509
/vessels/details/440612113,CGALAXY,Fishing vessel,440612113
/vessels/details/440071910,URWOOLIM,Fishing vessel,440071910
/vessels/details/440109890,RED QUEEN,Fishing vessel,440109890
/vessels/details/440505240,BLACK PEARL,Fishing vessel,440505240
/vessels/details/440102080,2009MYEONG SEONG HO,Fishing vessel,440102080
/vessels/details/440334160,DOL SAN 7,Fishing vessel,440334160
/vessels/details/440212470,HONGGANE,Fishing vessel,440212470
/vessels/details/440507130,YONGJINHO,Fishing vessel,440507130
/vessels/details/440075150,SANG HYEON HO,Fishing vessel,440075150
/vessels/details/440502890,BLUEMARIN,Fishing vessel,440502890
/vessels/details/440200980,SU JIN HO,Fishing vessel,440200980
/vessels/details/440704960,NARAEHO,Fishing vessel,440704960
/vessels/details/440408760,YOUNGCHANGHO,Fishing vessel,440408760
/vessels/details/440112910,201 YU JIN,Fishing vessel,440112910
/vessels/details/440702710,101NAMYANG,Fishing vessel,440702710
/vessels/details/440219010,GYEONG JUN HO,Fishing vessel,440219010
/vessels/details/440206710,VICTORY HO,Fishing vessel,440206710
/vessels/details/440193150,NADEURI,Fishing vessel,440193150
/vessels/details/440326130,YEONG JU HO,Fishing vessel,440326130
/vessels/details/440337060,NEW GEUMSEONGHO,Fishing vessel,440337060
/vessels/details/9041942,DONG SUNG NO. 808,Fish Carrier,9041942
/vessels/details/440000680,BAEK MA HO,Fishing vessel,440000680
/vessels/details/440114710,WOONG EI HO,Fishing vessel,440114710
/vessels/details/440461268,YUEYU268,Fishing vessel,440461268
/vessels/details/440125880,88 DAE JIN HO,Fishing vessel,440125880
/vessels/details/9509396,BLUE OCEAN,Fishing Vessel,9509396
/vessels/details/440075590,TAE YANG,Fishing vessel,440075590
/vessels/details/440142530,SAEBYEOL,Fishing vessel,440142530
/vessels/details/440226110,RO MA PI SING HO,Fishing vessel,440226110
/vessels/details/440506180,13 TEA YUNG HO,Fishing vessel,440506180
/vessels/details/440042580,FORENA HO,Fishing vessel,440042580
/vessels/details/440207260,3 MYOUNG SUNG HO,Fishing vessel,440207260
/vessels/details/440312750,3 CHEONG YANG,Fishing vessel,440312750
/vessels/details/440109130,SAE BA DA,Fishing vessel,440109130
/vessels/details/440126220,JO IL HO,Fishing vessel,440126220
/vessels/details/440413780,DAE LIM HO,Fishing vessel,440413780
/vessels/details/440708600,HAE SIN 7 HO,Fishing vessel,440708600
/vessels/details/440212080,102 JANG DEOK HO,Fishing vessel,440212080
/vessels/details/440164020,NO.8 YONG I,Fishing vessel,440164020
/vessels/details/440057050,NEW APOLLO,Fishing vessel,440057050
/vessels/details/440142440,NO.8 TAEKYUNG,Fishing vessel,440142440
/vessels/details/440410570,2SUSEONG HO,Fishing vessel,440410570
/vessels/details/440016960,102HAN IL,Fishing vessel,440016960
/vessels/details/440036930,JAE 207 BUN DO HO,Fishing vessel,440036930
/vessels/details/440320740,5 YOUNG IL,Fishing vessel,440320740
/vessels/details/440049920,MI RAE,Fishing vessel,440049920
/vessels/details/440155080,JE77JINKWANGHO,Fishing vessel,440155080
/vessels/details/440171840,RECORDHO,Fishing vessel,440171840
/vessels/details/440124730,3DONGA,Fishing vessel,440124730
/vessels/details/440118520,YONG SEONG,Fishing vessel,440118520
/vessels/details/440217870,ERCHONHO,Fishing vessel,440217870
/vessels/details/440142700,608 IL GWANG HO,Fishing vessel,440142700
/vessels/details/440323580,SPEEDHO,Fishing vessel,440323580
/vessels/details/440311140,HEA KANG HO,Fishing vessel,440311140
/vessels/details/440083640,BAEK SANG EO,Fishing vessel,440083640
/vessels/details/440187830,DA WON HO,Fishing vessel,440187830
/vessels/details/441532000,1511,Fishing vessel,441532000
/vessels/details/440100730,NO.505NARO,Fishing vessel,440100730
/vessels/details/440115550,102 PYEONG JIN,Fishing vessel,440115550
/vessels/details/440163317,1 CHEONG,Fishing vessel,440163317
/vessels/details/8734255,NO.6 KYUNG YANG,Fishing Vessel,8734255
/vessels/details/440198940,I REH HO 640,Fishing vessel,440198940
/vessels/details/440206280,TAE BAEK HO,Fishing vessel,440206280
/vessels/details/440002820,JE 101 YOU IL HO,Fishing vessel,440002820
/vessels/details/440221920,SUSUNGHO,Fishing vessel,440221920
/vessels/details/440126890,LEGEND HO,Fishing vessel,440126890
/vessels/details/440135270,DONG YOUNG 30 HO,Fishing vessel,440135270
/vessels/details/440406180,22MIN SUNG HO,Fishing vessel,440406180
/vessels/details/5229388,SANG JI NO. 71,Fishing Vessel,5229388
/vessels/details/440025290,MANSU FISHING,Fishing vessel,440025290
/vessels/details/5318610,WAKABA MARU NO. 16,Fishing Support Vessel,5318610
/vessels/details/440088480,11 TAE YANG,Fishing vessel,440088480
/vessels/details/440215050,DONG NAM HO,Fishing vessel,440215050
/vessels/details/440314720,380 WOO RI HO,Fishing vessel,440314720
/vessels/details/440101400,BOK JIN HO,Fishing vessel,440101400
/vessels/details/440149070,JE616 JAE EUN,Fishing vessel,440149070
/vessels/details/440043680,KUM SUNG HO,Fishing vessel,440043680
/vessels/details/440079060,PA WO HO,Fishing vessel,440079060
/vessels/details/440063610,2 HA NEUL HO,Fishing vessel,440063610
/vessels/details/440078870,SEONG RIM 7 HO,Fishing vessel,440078870
/vessels/details/440168050,MANSOUR,Fishing vessel,440168050
/vessels/details/440186740,SEUNG JEON HO,Fishing vessel,440186740
/vessels/details/440147140,SEONG JU HO,Fishing vessel,440147140
/vessels/details/440098760,9 MAN SUNG,Fishing vessel,440098760
/vessels/details/440602050,TAESUNG9 HO,Fishing vessel,440602050
/vessels/details/440118620,MANSUNG3HO,Fishing vessel,440118620
/vessels/details/440030940,YOUNG SIN,Fishing vessel,440030940
/vessels/details/440219350,RED FISHING,Fishing vessel,440219350
/vessels/details/440224170,WON JIN HO,Fishing vessel,440224170
/vessels/details/440202160,NURIHO,Fishing vessel,440202160
/vessels/details/5415705,JUNG YANG NO. 2,Fishing Vessel,5415705
/vessels/details/7832505,BU YANG,Fishing Vessel,7832505
/vessels/details/9041112,733 ORYONG,Fishing Vessel,9041112
/vessels/details/440702320,SE JIN HO,Fishing vessel,440702320
/vessels/details/440012050,HA EUN HO,Fishing vessel,440012050
/vessels/details/440022790,SUGIL5,Fishing vessel,440022790
/vessels/details/440146250,BLACKHOLE,Fishing vessel,440146250
/vessels/details/440096450,NARA,Fishing vessel,440096450
/vessels/details/5403520,DAE BONG NO. 21,Fishing Vessel,5403520
/vessels/details/440076620,HAEJOO3,Fishing vessel,440076620
/vessels/details/440041020,BIK POINT,Fishing vessel,440041020
/vessels/details/8717843,NO.38 HANSUNG,Fishing Vessel,8717843
/vessels/details/440092980,AES HO,Fishing vessel,440092980
/vessels/details/440708390,103TAMRA,Fishing vessel,440708390
/vessels/details/440704240,3SANG JIN HO,Fishing vessel,440704240
/vessels/details/440729900,GANGWON 201,Fishing vessel,440729900
/vessels/details/440509240,PUNG NYEON 2,Fishing vessel,440509240
/vessels/details/6727959,CHEOG YANG NO. 33,Fishing Vessel,6727959
/vessels/details/440219490,BAEK HO,Fishing vessel,440219490
/vessels/details/440058080,DAEBOKHO,Fishing vessel,440058080
/vessels/details/9511301,JANG BO GO,Fishing Vessel,9511301
/vessels/details/440033080,HYEONG JE HO,Fishing vessel,440033080
/vessels/details/440087620,YOU JIN,Fishing vessel,440087620
/vessels/details/440303310,NAM DO DEU RIM HO,Fishing vessel,440303310
/vessels/details/7355923,HAN SUNG NO. 33,Fishing Vessel,7355923
/vessels/details/440129530,DONG WON HO,Fishing vessel,440129530
/vessels/details/440028670,YEOMYUNGHO,Fishing vessel,440028670
/vessels/details/440029410,WANSUN HO,Fishing vessel,440029410
/vessels/details/440414470,NEW SUNNY,Fishing vessel,440414470
/vessels/details/440055460,HAENG BOK,Fishing vessel,440055460
/vessels/details/440331950,201HEUNGSUNG,Fishing vessel,440331950
/vessels/details/8629450,DAE DONG NO. 6,Fishing Vessel,8629450
/vessels/details/440142930,R,Fishing vessel,440142930
/vessels/details/440220210,102MANSEON,Fishing vessel,440220210
/vessels/details/440705090,BONG AN 3 HO,Fishing vessel,440705090
/vessels/details/440108580,311HANCHANG,Fishing vessel,440108580
/vessels/details/440018570,GWANG YEONG HO,Fishing vessel,440018570
/vessels/details/5403453,DAE WON NO. 22,Fishing Vessel,5403453
/vessels/details/440600583,PUNG HAN,Fishing vessel,440600583
/vessels/details/440338170,NA BI HO,Fishing vessel,440338170
/vessels/details/440304870,2012DAESEUNG,Fishing vessel,440304870
/vessels/details/440006750,USEONG HO,Fishing vessel,440006750
/vessels/details/440174260,CHEOL IN 28 HO,Fishing vessel,440174260
/vessels/details/440223550,POONG NYEON,Fishing vessel,440223550
/vessels/details/440202050,MANJANG,Fishing vessel,440202050
/vessels/details/440201090,5 SIN GWANG HO,Fishing vessel,440201090
/vessels/details/440112400,POINT HO,Fishing vessel,440112400
/vessels/details/440086580,POSEIDON,Fishing vessel,440086580
/vessels/details/440017573,106 KYEONG HAE,Fishing vessel,440017573
/vessels/details/440107230,3 HYO CHANG,Fishing vessel,440107230
/vessels/details/440320580,YEONG SHIN HO,Fishing vessel,440320580
/vessels/details/440176970,300 HAN CHANG,Fishing vessel,440176970
/vessels/details/440117360,KUEM SUNG HO,Fishing vessel,440117360
/vessels/details/440087050,MAN SEONG 3 HO,Fishing vessel,440087050
/vessels/details/440163980,NEW KYUNG WON HO,Fishing vessel,440163980
/vessels/details/6606789,SUNG WON NO. 17,Fishing Vessel,6606789
/vessels/details/440011600,33 CHANG NAM,Fishing vessel,440011600
/vessels/details/6820309,EAST BELL 606,Fishing Vessel,6820309
/vessels/details/440316140,311GYEONGWON,Fishing vessel,440316140
/vessels/details/440071270,NEW CHEONGHAE HO,Fishing vessel,440071270
/vessels/details/440072830,DREAM,Fishing vessel,440072830
/vessels/details/440183780,YU SEUNG,Fishing vessel,440183780
/vessels/details/440719300,JEON TU HO,Fishing vessel,440719300
/vessels/details/440033260,DAE HO HO,Fishing vessel,440033260
/vessels/details/440116540,JU JIN HO,Fishing vessel,440116540
/vessels/details/440321610,SAFE2HO,Fishing vessel,440321610
/vessels/details/440207160,BOO KWANG,Fishing vessel,440207160
/vessels/details/440505960,197HAN IL,Fishing vessel,440505960
/vessels/details/440116950,603GIL JEONG,Fishing vessel,440116950
/vessels/details/440043790,JECHEOL,Fishing vessel,440043790
/vessels/details/440004260,JEON JIN HO,Fishing vessel,440004260
/vessels/details/440020240,WOOGANG,Fishing vessel,440020240
/vessels/details/440017560,HAENG BOK HO,Fishing vessel,440017560
/vessels/details/440305840,1 TAE YEONG HO,Fishing vessel,440305840
/vessels/details/440127680,HWANGSEONGHO,Fishing vessel,440127680
/vessels/details/440701080,MODUM,Fishing vessel,440701080
/vessels/details/440133990,POONG EO,Fishing vessel,440133990
/vessels/details/440330860,GARAM2HO,Fishing vessel,440330860
/vessels/details/440119310,JE15SAMSUNGHO,Fishing vessel,440119310
/vessels/details/440215280,DONG BAEK,Fishing vessel,440215280
/vessels/details/6513140,IL SHIN NO. 16,Fishing Vessel,6513140
/vessels/details/440405650,DAE YANG,Fishing vessel,440405650
/vessels/details/440040670,ONE FISHING,Fishing vessel,440040670
/vessels/details/440330170,ZE WOOS,Fishing vessel,440330170
/vessels/details/440066750,77SUNGILHQ,Fishing vessel,440066750
/vessels/details/440335210,1 DONG IL,Fishing vessel,440335210
/vessels/details/440117180,JE101 TEA YEONG HO,Fishing vessel,440117180
/vessels/details/440115400,359UNHWAHO,Fishing vessel,440115400
/vessels/details/8032009,DONG MYUNG NO. 11,Fishing Vessel,8032009
/vessels/details/440087730,VEST,Fishing vessel,440087730
/vessels/details/7829431,SUNG HAE NO. 21,Fishing Vessel,7829431
/vessels/details/440079620,SHIN WON 7,Fishing vessel,440079620
/vessels/details/440120760,YONG CHEON,Fishing vessel,440120760
/vessels/details/9181209,78FUKUMARU,Fishing Vessel,9181209
/vessels/details/440503450,UNICON HO,Fishing vessel,440503450
/vessels/details/7220817,JINAM NO. 31,Fishing Vessel,7220817
/vessels/details/440076950,GOLDOCEAN,Fishing vessel,440076950
/vessels/details/440005960,503 KEUM YANG HO,Fishing vessel,440005960
/vessels/details/7220867,SAM BO NO. 305,Fishing Vessel,7220867
/vessels/details/440300270,208DAESEUNG,Fishing vessel,440300270
/vessels/details/440408610,SAM SEONG 7 HO,Fishing vessel,440408610
/vessels/details/440000213,MORAEGIHO,Fishing vessel,440000213
/vessels/details/440200380,GOLD SUSAN HO,Fishing vessel,440200380
/vessels/details/7417898,DAE KWANG NO. 1,Fishing Vessel,7417898
/vessels/details/440501450,CHERRY FISH,Fishing vessel,440501450
/vessels/details/440034090,O NAM MAE HO,Fishing vessel,440034090
/vessels/details/440185010,DONG BAEK HO,Fishing vessel,440185010
/vessels/details/440059730,207HEUNG SUNG,Fishing vessel,440059730
/vessels/details/440116010,CHUNGMOO NO.1,Fishing vessel,440116010
/vessels/details/440338010,HAE JU HO,Fishing vessel,440338010
/vessels/details/440109150,107BEOMJINHO,Fishing vessel,440109150
/vessels/details/440323070,YU YOUNG HO,Fishing vessel,440323070
/vessels/details/440067570,GEUMHAE,Fishing vessel,440067570
/vessels/details/440004740,SINSUNG,Fishing vessel,440004740
/vessels/details/440111560,BAN SEOK,Fishing vessel,440111560
/vessels/details/8312851,SUR ESTE 707,Fishing Vessel,8312851
/vessels/details/8717788,ORYONG NO.712,Fishing Vessel,8717788
/vessels/details/6416665,JIN YONG NO. 205,Fishing Vessel,6416665
/vessels/details/5405580,JINAM NO. 6,Fishing Vessel,5405580
/vessels/details/440137370,BOK SUNG HO,Fishing vessel,440137370
/vessels/details/440017120,107 SHIN GWANG,Fishing vessel,440017120
/vessels/details/440309820,MAN SUNG HO,Fishing vessel,440309820
/vessels/details/440103221,JEONG SEOK HO,Fishing vessel,440103221
/vessels/details/440008940,MI RAE HO,Fishing vessel,440008940
/vessels/details/440217250,FIVESTAR,Fishing vessel,440217250
/vessels/details/440128570,SE JHN HO,Fishing vessel,440128570
/vessels/details/440102390,SU JIN,Fishing vessel,440102390
/vessels/details/440013080,DA ON HO,Fishing vessel,440013080
/vessels/details/440740400,GEUMGWANGHO,Fishing vessel,440740400
/vessels/details/440322640,EUI JIN,Fishing vessel,440322640
/vessels/details/440311920,SUN GYEONG 2 HO,Fishing vessel,440311920
/vessels/details/440703160,VIP,Fishing vessel,440703160
/vessels/details/440705660,HAETAE HO -,Fishing vessel,440705660
/vessels/details/440336770,SIN IL,Fishing vessel,440336770
/vessels/details/440143010,YEOWANGBEOL,Fishing vessel,440143010
/vessels/details/440124170,HAE GWANG,Fishing vessel,440124170
/vessels/details/440131030,CHEON INHO,Fishing vessel,440131030
/vessels/details/440113670,HYUN JIN HO,Fishing vessel,440113670
/vessels/details/440301790,CHANGMINHO,Fishing vessel,440301790
/vessels/details/440195210,HA MO NI,Fishing vessel,440195210
/vessels/details/440406530,JIN PRO 1,Fishing vessel,440406530
/vessels/details/440130533,69 GEUMJEONG,Fishing vessel,440130533
/vessels/details/440188210,YEON JEE,Fishing vessel,440188210
/vessels/details/440177150,TAE CHANG HO,Fishing vessel,440177150
/vessels/details/440138090,MANJIN,Fishing vessel,440138090
/vessels/details/5401778,BOONG LIM NO. 102,Fishing Vessel,5401778
/vessels/details/440008410,MA RIN 7,Fishing vessel,440008410
/vessels/details/6914966,HAE YEON NO. 72,Fishing Vessel,6914966
/vessels/details/440215320,WESTWIND,Fishing vessel,440215320
/vessels/details/440011180,JUNG ILL 1HO,Fishing vessel,440011180
/vessels/details/440079320,DAE SEONG HO,Fishing vessel,440079320
/vessels/details/440400310,SEO YUNHO,Fishing vessel,440400310
/vessels/details/440141760,2023 MYEONG SEONG,Fishing vessel,440141760
/vessels/details/440131270,DONGJIN,Fishing vessel,440131270
/vessels/details/440508670,IMMANUEL HO,Fishing vessel,440508670
/vessels/details/440142760,DONGJIN HO,Fishing vessel,440142760
/vessels/details/440329450,DAESUNG HO,Fishing vessel,440329450
/vessels/details/440153870,11 KO RYEO HO,Fishing vessel,440153870
/vessels/details/440041240,203 DAE JIN,Fishing vessel,440041240
/vessels/details/7815258,SUR ESTE NO. 305,Fishing Vessel,7815258
/vessels/details/440172830,DEOSARANG HO,Fishing vessel,440172830
/vessels/details/440510890,BAEKGOMHO,Fishing vessel,440510890
/vessels/details/6513138,SAGAMYOJI MARU NO. 31,Fishing Vessel,6513138
/vessels/details/440078390,5DONGHAEHO,Fishing vessel,440078390
/vessels/details/440207860,NEWSIA HO,Fishing vessel,440207860
/vessels/details/440169660,GWANG MYEONG,Fishing vessel,440169660
/vessels/details/440077850,302 HAENG BOK HO,Fishing vessel,440077850
/vessels/details/8843458,MARPEZ,Fishing Vessel,8843458
/vessels/details/440201750,DAE SEUNG HO,Fishing vessel,440201750
/vessels/details/440703390,2008 HAENG UN HO,Fishing vessel,440703390
/vessels/details/440164650,MAEMULDO FISING .L,Fishing vessel,440164650
/vessels/details/440138480,YEL ROU HO,Fishing vessel,440138480
/vessels/details/440057970,SSAKSSEURI,Fishing vessel,440057970
/vessels/details/440501100,829CHEONG RYONG,Fishing vessel,440501100
/vessels/details/440000067,JE3 NAM YEONG HO,Fishing vessel,440000067
/vessels/details/440072960,SE YEON HO,Fishing vessel,440072960
/vessels/details/440141780,NO501 TAE BEAK,Fishing vessel,440141780
/vessels/details/9031868,NO.313 DAE HWA,Fishing Vessel,9031868
/vessels/details/440316330,620HAESHIN HO,Fishing vessel,440316330
/vessels/details/440211900,1GANGMANHO,Fishing vessel,440211900
/vessels/details/7606413,WOO YANG NO. 107,Fishing Vessel,7606413
/vessels/details/7220996,KWANG MYUNG NO. 61,Fishing Vessel,7220996
/vessels/details/440322990,1DAEYANG,Fishing vessel,440322990
/vessels/details/440316090,ACE HO,Fishing vessel,440316090
/vessels/details/440330490,BO SUNG HO,Fishing vessel,440330490
/vessels/details/440097930,NO.6 KUM SUNG,Fishing vessel,440097930
/vessels/details/440132480,BEOM SEUNG HO,Fishing vessel,440132480
/vessels/details/440600123,HYUPSUNG,Fishing vessel,440600123
/vessels/details/440338330,EN SUNG,Fishing vessel,440338330
/vessels/details/9897078,AGNES 110,Fishing Vessel,9897078
/vessels/details/440701850,YUCHANG,Fishing vessel,440701850
/vessels/details/440131570,KYEONG NAM HO,Fishing vessel,440131570
/vessels/details/440320720,2GEUMSEONG,Fishing vessel,440320720
/vessels/details/7355600,DAE WOO NO. 23,Fishing Vessel,7355600
/vessels/details/440311450,2DONGBANG,Fishing vessel,440311450
/vessels/details/440109230,DONG WON HO,Fishing vessel,440109230
/vessels/details/440116370,DASEONGHO,Fishing vessel,440116370
/vessels/details/440092140,HYEON MU HO,Fishing vessel,440092140
/vessels/details/440132790,MY MAY,Fishing vessel,440132790
/vessels/details/440012080,BONG SEONG HO,Fishing vessel,440012080
/vessels/details/440318160,DAE KYUNG HO,Fishing vessel,440318160
/vessels/details/440122910,ASAN HO,Fishing vessel,440122910
/vessels/details/7005932,DONG WON NO. 102,Fishing Vessel,7005932
/vessels/details/440145430,DAE LIM,Fishing vessel,440145430
/vessels/details/6413338,TAE CHANG NO. 23,Fishing Vessel,6413338
/vessels/details/6525349,OK SAN NO. 7,Fishing Vessel,6525349
/vessels/details/440600537,NO.3 KWANGSIN,Fishing vessel,440600537
/vessels/details/440000342,KCGFF-01,Fishing vessel,440000342
/vessels/details/440154850,2013HANJIN,Fishing vessel,440154850
/vessels/details/9358553,MUGUNGHWA 31,Fishing Support Vessel,9358553
/vessels/details/440323260,NEW PEOLS,Fishing vessel,440323260
/vessels/details/440161930,LEESUNG,Fishing vessel,440161930
/vessels/details/440057310,HYO SEONG 5 HO,Fishing vessel,440057310
/vessels/details/440124460,YOUNGHAROUN1HO,Fishing vessel,440124460
/vessels/details/440510650,BO SEONG,Fishing vessel,440510650
/vessels/details/440509720,ORENGE,Fishing vessel,440509720
/vessels/details/7831537,KEUM SUNG NO. 85,Fishing Vessel,7831537
/vessels/details/440018520,HAEMA HO,Fishing vessel,440018520
/vessels/details/440010980,YEON IL HO,Fishing vessel,440010980
/vessels/details/440305290,JEONG WOON,Fishing vessel,440305290
/vessels/details/440180230,HAE JIN,Fishing vessel,440180230
/vessels/details/440153880,12 KO RYO HO,Fishing vessel,440153880
/vessels/details/440700030,BACK HO,Fishing vessel,440700030
/vessels/details/440202070,HONG WON,Fishing vessel,440202070
/vessels/details/440119340,NATIONAL,Fishing vessel,440119340
/vessels/details/440600843,7HAN-JIN,Fishing vessel,440600843
/vessels/details/440100330,SUDEAKHO,Fishing vessel,440100330
/vessels/details/440329560,JE 2 DONG SIN HO,Fishing vessel,440329560
/vessels/details/440212130,GIL SUNG,Fishing vessel,440212130
/vessels/details/440210760,GYUNGYANGHO,Fishing vessel,440210760
/vessels/details/440010550,YONG SEON,Fishing vessel,440010550
/vessels/details/440202640,15 KORYEO,Fishing vessel,440202640
/vessels/details/9199220,SHILLA JUPITER,Fishing Vessel,9199220
/vessels/details/440123190,HAEMARU,Fishing vessel,440123190
/vessels/details/440004390,DAE YANG 2HO,Fishing vessel,440004390
/vessels/details/440214150,NA REU SHA,Fishing vessel,440214150
/vessels/details/440204110,JAEGYEONG,Fishing vessel,440204110
/vessels/details/440317050,2021MOON HWA,Fishing vessel,440317050
/vessels/details/440302400,TAE YANG,Fishing vessel,440302400
/vessels/details/440199050,GEUMJEONGHO,Fishing vessel,440199050
/vessels/details/440208920,JANGMI,Fishing vessel,440208920
/vessels/details/8119871,PORTO AMBOIM,Fishing Vessel,8119871
/vessels/details/440191770,215 SUNG YOUNG HO,Fishing vessel,440191770
/vessels/details/440062480,DAE HAN HO,Fishing vessel,440062480
/vessels/details/440155820,HYUNJIN,Fishing vessel,440155820
/vessels/details/440048140,NEW CHANCE,Fishing vessel,440048140
/vessels/details/440066640,305DONG JIN,Fishing vessel,440066640
/vessels/details/8827583,SAE IN 9,Fishing Vessel,8827583
/vessels/details/440327550,2MOONSUNG,Fishing vessel,440327550
/vessels/details/440079070,TAE YANG HO,Fishing vessel,440079070
/vessels/details/440113050,GUM SEONG,Fishing vessel,440113050
/vessels/details/440403829,61PYEONG HWA,Fishing vessel,440403829
/vessels/details/440143700,SEONG JIN,Fishing vessel,440143700
/vessels/details/8632172,OSITO NO. 87,Fishing Vessel,8632172
/vessels/details/440101110,201 HAE GEUM,Fishing vessel,440101110
/vessels/details/440151520,NAM YANG HO,Fishing vessel,440151520
/vessels/details/440163520,AJAEHO,Fishing vessel,440163520
/vessels/details/440222670,FACE,Fishing vessel,440222670
/vessels/details/440019540,JJANG GU TU,Fishing vessel,440019540
/vessels/details/440006760,SUNG IL,Fishing vessel,440006760
/vessels/details/6502385,NAM SUNG NO. 7,Fishing Vessel,6502385
/vessels/details/440055210,TTOLLIHO,Fishing vessel,440055210
/vessels/details/440147310,TAE PUNG5,Fishing vessel,440147310
/vessels/details/440100620,SEONGNAMHO,Fishing vessel,440100620
/vessels/details/440408550,101 YONG JIN,Fishing vessel,440408550
/vessels/details/441062091,DILUM PUTHA,Fishing vessel,441062091
/vessels/details/440335060,203 HAE SIN HO,Fishing vessel,440335060
/vessels/details/440705700,11 MOCHANG,Fishing vessel,440705700
/vessels/details/440322820,KYUNG IL HO,Fishing vessel,440322820
/vessels/details/440999880,TTTWP,Fishing vessel,440999880
/vessels/details/440031560,SEAWIPER HO,Fishing vessel,440031560
/vessels/details/440124960,12 GU BONG HO,Fishing vessel,440124960
/vessels/details/440326450,CHEONG GYEONG HO,Fishing vessel,440326450
/vessels/details/440217510,1 SIN HEUNG HO,Fishing vessel,440217510
/vessels/details/441751284,HOANG KIM LONG F19,Fishing vessel,441751284
/vessels/details/8333611,DONG EUN NO. 520,Fishing Vessel,8333611
/vessels/details/6804458,DAI HO NO. 77,Fishing Vessel,6804458
/vessels/details/440101941,55 O SUN,Fishing vessel,440101941
/vessels/details/440196840,YURI,Fishing vessel,440196840
/vessels/details/440700130,HANBADAHO,Fishing vessel,440700130
/vessels/details/9036624,MARCIA 777,Fishing Vessel,9036624
/vessels/details/440014320,2015MYUNGSEONGHO,Fishing vessel,440014320
/vessels/details/440123420,NO.98 IM SU,Fishing vessel,440123420
/vessels/details/440182610,HA YUN,Fishing vessel,440182610
/vessels/details/440219660,NEW-DAESUNG,Fishing vessel,440219660
/vessels/details/440147490,808 YOUSUNG HO,Fishing vessel,440147490
/vessels/details/6420604,DAE WON NO. 6,Fishing Vessel,6420604
/vessels/details/6725743,ORYONG NO. 7,Fishing Vessel,6725743
/vessels/details/440225210,NEW-HAIYANG,Fishing vessel,440225210
/vessels/details/440212460,NEW NAPOLI,Fishing vessel,440212460
/vessels/details/440332650,HYESEUNGHO,Fishing vessel,440332650
/vessels/details/440011580,MYEONG BOK HO,Fishing vessel,440011580
/vessels/details/7220764,JINAM NO. 22,Fishing Vessel,7220764
/vessels/details/440005660,VICTORIA,Fishing vessel,440005660
/vessels/details/440148780,5 JO HEUNG HO,Fishing vessel,440148780
/vessels/details/440105670,GEUM SEONG HO,Fishing vessel,440105670
/vessels/details/440504850,HAEDONG,Fishing vessel,440504850
/vessels/details/440006680,EUN AH HO,Fishing vessel,440006680
/vessels/details/9020106,NO.3 KYUNG YANG,Fishing Vessel,9020106
/vessels/details/440123120,WOOK SUNG HO,Fishing vessel,440123120
/vessels/details/440074790,GLORY,Fishing vessel,440074790
/vessels/details/5139404,DAIKI MARU NO. 78,Fishing Vessel,5139404
/vessels/details/440402170,WANG SIL HO,Fishing vessel,440402170
/vessels/details/440011850,HWA IN HO,Fishing vessel,440011850
/vessels/details/440155620,DONG JIN,Fishing vessel,440155620
/vessels/details/440312420,105 SEHOON,Fishing vessel,440312420
/vessels/details/440224570,303JAEYUNG,Fishing vessel,440224570
/vessels/details/8714188,315 O RYONG,Fishing Vessel,8714188
/vessels/details/440123456,KHF 2095,Fishing vessel,440123456
/vessels/details/440211610,SEO RYEO HO,Fishing vessel,440211610
/vessels/details/6913792,HAN SUNG NO. 51,Fishing Vessel,6913792
/vessels/details/440220080,JINSUNG1HO,Fishing vessel,440220080
/vessels/details/440130470,2019DEOGSEONGHO,Fishing vessel,440130470
/vessels/details/440506750,DO WON 1HO,Fishing vessel,440506750
/vessels/details/440196930,BEDRO 2 HO,Fishing vessel,440196930
/vessels/details/440310580,205 HEUNG WOON,Fishing vessel,440310580
/vessels/details/440313280,GWANGDEOGHO,Fishing vessel,440313280
/vessels/details/440098990,YEONG GWANG,Fishing vessel,440098990
/vessels/details/440741300,JE 15 YU JIN HO,Fishing vessel,440741300
/vessels/details/440121190,NO.89 KEUM SUNG,Fishing vessel,440121190
/vessels/details/440028370,SANG JIN HO,Fishing vessel,440028370
/vessels/details/440061030,SAMGE1HO,Fishing vessel,440061030
/vessels/details/440127080,GEOSU HO,Fishing vessel,440127080
/vessels/details/440152220,ONNURIHO,Fishing vessel,440152220
/vessels/details/440016730,DAE KWANG HO,Fishing vessel,440016730
/vessels/details/440215870,NEW BAEK MARIN,Fishing vessel,440215870
/vessels/details/440050670,NO.1 TAESUNG STAR,Fishing vessel,440050670
/vessels/details/440141580,HYUNGJE5,Fishing vessel,440141580
/vessels/details/440145160,NICE HO,Fishing vessel,440145160
/vessels/details/440218210,TAEKUNHO.,Fishing vessel,440218210
/vessels/details/440036640,SAM YEONG HO,Fishing vessel,440036640
/vessels/details/440218740,NO.88MANSUN,Fishing vessel,440218740
/vessels/details/440152710,MIJIN3 HO,Fishing vessel,440152710
/vessels/details/8911322,NO.632 DONG WON,Fishing Vessel,8911322
/vessels/details/440220530,SEO JIN HO,Fishing vessel,440220530
/vessels/details/440180630,SKY FISHING HO,Fishing vessel,440180630
/vessels/details/441201015,SINKEEREE 5,Fishing vessel,441201015
/vessels/details/440010740,SOON HEUNG HO,Fishing vessel,440010740
/vessels/details/440105660,2005 JU YOUNG,Fishing vessel,440105660
/vessels/details/440151140,SEONG IL HO,Fishing vessel,440151140
/vessels/details/440190650,GEO SEONG HO,Fishing vessel,440190650
/vessels/details/440413810,HAE YOUNG HO,Fishing vessel,440413810
/vessels/details/440005750,EO SEONG HO,Fishing vessel,440005750
/vessels/details/440154280,BAEKMAHO,Fishing vessel,440154280
/vessels/details/8629670,CHEOG YANG NO. 1,Fishing Vessel,8629670
/vessels/details/440079420,MYUNG SUNG 3,Fishing vessel,440079420
/vessels/details/440501970,21 SUNG YOUNG HO,Fishing vessel,440501970
/vessels/details/440338260,PUNG JIN,Fishing vessel,440338260
/vessels/details/440102020,2 O SUNG HO,Fishing vessel,440102020
/vessels/details/440213860,EUN JIN HO,Fishing vessel,440213860
/vessels/details/440094870,UNG JIN HO,Fishing vessel,440094870
/vessels/details/440331680,SEONG JIN 7HO,Fishing vessel,440331680
/vessels/details/440157370,WON YEONGHO,Fishing vessel,440157370
/vessels/details/440225100,JONGJINHO,Fishing vessel,440225100
/vessels/details/440157780,YONG SEONG HO,Fishing vessel,440157780
/vessels/details/440213950,JAE KYUNG,Fishing vessel,440213950
/vessels/details/440331940,DAE YANG,Fishing vessel,440331940
/vessels/details/440202400,5SUNGJIN,Fishing vessel,440202400
/vessels/details/440090250,SEASTAR HO,Fishing vessel,440090250
/vessels/details/440072980,JANG JIN HO,Fishing vessel,440072980
/vessels/details/8920907,372 OYANG,Fishing Vessel,8920907
/vessels/details/7018692,DONG WON NO. 135,Fishing Vessel,7018692
/vessels/details/8632196,DAE WOO NO. 32,Fishing Vessel,8632196
/vessels/details/440211880,CHANG SEONG 2 HO,Fishing vessel,440211880
/vessels/details/440148250,TUG TUG HO,Fishing vessel,440148250
/vessels/details/440107510,3MIN SUNG HO,Fishing vessel,440107510
/vessels/details/440166080,NEWNADRI,Fishing vessel,440166080
/vessels/details/440005109,NO.206 KEUM SUNG,Fishing vessel,440005109
/vessels/details/440714200,JONG SEUNG HO,Fishing vessel,440714200
/vessels/details/440143580,NAMSINHO,Fishing vessel,440143580
/vessels/details/440333770,CHEONG HAE,Fishing vessel,440333770
/vessels/details/440323250,JE 3 GEUM SEONG HO,Fishing vessel,440323250
/vessels/details/440145470,31 HONG EUN,Fishing vessel,440145470
/vessels/details/440140160,NEOMBEOWONHO,Fishing vessel,440140160
/vessels/details/440101640,BLUE I,Fishing vessel,440101640
/vessels/details/8911334,NO.633 DONGWON,Fishing Vessel,8911334
/vessels/details/440402470,EO BOK HO,Fishing vessel,440402470
/vessels/details/440220540,CAIRO2,Fishing vessel,440220540
/vessels/details/440102340,2013 DA GEON,Fishing vessel,440102340
/vessels/details/8703880,306 ORYONG,Fishing Vessel,8703880
/vessels/details/440321460,HWANG JE,Fishing vessel,440321460
/vessels/details/440327870,HO SAN NA 1,Fishing vessel,440327870
/vessels/details/7950747,CHANG JIN NO. 302,Fishing Vessel,7950747
/vessels/details/440137050,7SUNGBOK,Fishing vessel,440137050
/vessels/details/8618504,207 GEUM HAE,Fishing Vessel,8618504
/vessels/details/441124622,66,Fishing vessel,441124622
/vessels/details/440169370,HE MANG,Fishing vessel,440169370
/vessels/details/440507740,CHEON SU,Fishing vessel,440507740
/vessels/details/6720353,MUGUNGHWA NO. 5,Fishing Support Vessel,6720353
/vessels/details/440127170,76 DONG MYEONG,Fishing vessel,440127170
/vessels/details/440224530,JI DO,Fishing vessel,440224530
/vessels/details/440155510,105 KYUNG HAE,Fishing vessel,440155510
/vessels/details/440214340,CHO WOL 2 HO,Fishing vessel,440214340
/vessels/details/440600410,HEE YEONG HO,Fishing vessel,440600410
/vessels/details/440097410,667 HAN IL HO,Fishing vessel,440097410
/vessels/details/440325110,2009 MYUNG SEONG HO,Fishing vessel,440325110
/vessels/details/440068730,A REUM HO,Fishing vessel,440068730
/vessels/details/440198740,TAE YANG HO,Fishing vessel,440198740
/vessels/details/440120140,105 TONG YOUNG,Fishing vessel,440120140
/vessels/details/440071410,WA RYONG,Fishing vessel,440071410
/vessels/details/440604400,MUJINHO,Fishing vessel,440604400
/vessels/details/440046160,AQUA HO,Fishing vessel,440046160
/vessels/details/440318140,JAEMULPO,Fishing vessel,440318140
/vessels/details/440061480,JANG HYUN HO,Fishing vessel,440061480
/vessels/details/7371575,TONG YOUNG NO. 9,Fishing Vessel,7371575
/vessels/details/440073570,MYEONG SEUNG,Fishing vessel,440073570
/vessels/details/440086980,WOO IL HO,Fishing vessel,440086980
/vessels/details/440115800,TAE KYUNG HO,Fishing vessel,440115800
/vessels/details/440200700,2019 YU SIN HO,Fishing vessel,440200700
/vessels/details/440012310,BLES,Fishing vessel,440012310
/vessels/details/440204060,KUM YUNG,Fishing vessel,440204060
/vessels/details/440202970,HAESEONGHO,Fishing vessel,440202970
/vessels/details/440602440,APACHE HO,Fishing vessel,440602440
/vessels/details/440016020,206 BOON DO HO,Fishing vessel,440016020
/vessels/details/440507230,HYUNGJESUSAN,Fishing vessel,440507230
/vessels/details/440145480,97HUIYUNG,Fishing vessel,440145480
/vessels/details/440117450,NEW DIL 2,Fishing vessel,440117450
/vessels/details/440152640,NEUL BOM,Fishing vessel,440152640
/vessels/details/440225400,CIMAHO,Fishing vessel,440225400
/vessels/details/440075030,KEUM SUNG 2 HO,Fishing vessel,440075030
/vessels/details/440328080,138JUNG IL HO,Fishing vessel,440328080
/vessels/details/440197780,HAN YANG HO,Fishing vessel,440197780
/vessels/details/440222650,NEW GEUM GANG HO,Fishing vessel,440222650
/vessels/details/440028080,WON YUNG 2 HO,Fishing vessel,440028080
/vessels/details/7402233,ORYONG NO. 752,Fishing Vessel,7402233
/vessels/details/440116600,202 DONG A,Fishing vessel,440116600
/vessels/details/440034540,YONG JUHO,Fishing vessel,440034540
/vessels/details/440134200,77 IM SU,Fishing vessel,440134200
/vessels/details/440197840,RI CH,Fishing vessel,440197840
/vessels/details/440091910,HIL RING HO,Fishing vessel,440091910
/vessels/details/440009690,SIN SUNG 2 HO,Fishing vessel,440009690
/vessels/details/440210780,NAJINHO,Fishing vessel,440210780
/vessels/details/440113381,103 DAE JIN,Fishing vessel,440113381
/vessels/details/440052350,CONDISEON DIAMOND,Fishing vessel,440052350
/vessels/details/440408440,BU GWANG HO,Fishing vessel,440408440
/vessels/details/440130580,GANGDONG,Fishing vessel,440130580
/vessels/details/5323445,PIONEER NO. 7,Fishing Vessel,5323445
/vessels/details/440318370,107 SEON JIN,Fishing vessel,440318370
/vessels/details/6514027,NAM HAE NO. 203,Fishing Vessel,6514027
/vessels/details/440143960,22JOYANGHO,Fishing vessel,440143960
/vessels/details/8629565,DONG WON NO. 215,Fish Carrier,8629565
/vessels/details/440506740,FISHING MECCA HO,Fishing vessel,440506740
/vessels/details/6608610,HWA SUNG 31,Fishing Vessel,6608610
/vessels/details/440034060,TIMRUBINA2HO,Fishing vessel,440034060
/vessels/details/440700470,HYEON DEOK,Fishing vessel,440700470
/vessels/details/440701620,DONG IL HO,Fishing vessel,440701620
/vessels/details/440069410,HYEON DAE HO,Fishing vessel,440069410
/vessels/details/440700350,KWANG SEONG,Fishing vessel,440700350
/vessels/details/440401390,YOU JONG HO,Fishing vessel,440401390
/vessels/details/440116800,2025HAN IL,Fishing vessel,440116800
/vessels/details/5406194,PUNG GUK NO. 207,Fishing Vessel,5406194
/vessels/details/440031160,DAE YU H0,Fishing vessel,440031160
/vessels/details/440706650,123 HYUN MOO 5E.5E,Fishing vessel,440706650
/vessels/details/440190060,O GO FISHING,Fishing vessel,440190060
/vessels/details/440204610,DAE SIN,Fishing vessel,440204610
/vessels/details/440213670,ASIA,Fishing vessel,440213670
/vessels/details/440028190,YAMOOJIN,Fishing vessel,440028190
/vessels/details/440012420,102OH YOUNG,Fishing vessel,440012420
/vessels/details/440114850,CHANGJINHO.,Fishing vessel,440114850
/vessels/details/8605052,NO.309 DAEHWA,Fishing Vessel,8605052
/vessels/details/440410750,SUEUNHO,Fishing vessel,440410750
/vessels/details/440224720,KKUM E GREEN,Fishing vessel,440224720
/vessels/details/440704510,WANNABE,Fishing vessel,440704510
/vessels/details/7722463,UNIKOREA NO. 77,Fishing Vessel,7722463
/vessels/details/440029380,HYUN DAI,Fishing vessel,440029380
/vessels/details/440405960,MAN SUK,Fishing vessel,440405960
/vessels/details/7004017,BOUK IL,Fishing Vessel,7004017
/vessels/details/440080020,HAN IL,Fishing vessel,440080020
/vessels/details/440503050,CHEONG HAE HO,Fishing vessel,440503050
/vessels/details/440077130,HAI MIN HO,Fishing vessel,440077130
/vessels/details/440141490,DONGGEUM,Fishing vessel,440141490
/vessels/details/440312430,NO.507 YONG SUN,Fishing vessel,440312430
/vessels/details/440105957,NO.125 KEUM SUNG,Fishing vessel,440105957
/vessels/details/7831513,NAM SUNG NO. 101,Fish Carrier,7831513
/vessels/details/440125510,SIN JIN HO,Fishing vessel,440125510
/vessels/details/440201060,YEONG BOG 2 HO,Fishing vessel,440201060
/vessels/details/441098037,NO 355 OYANG,Fishing vessel,441098037
/vessels/details/440214380,3MIRYUNGHO,Fishing vessel,440214380
/vessels/details/440510150,JE IL HO,Fishing vessel,440510150
/vessels/details/8629955,JIN YUNG NO. 63,Fishing Vessel,8629955
/vessels/details/440103230,JEONG SEOK HO,Fishing vessel,440103230
/vessels/details/440135160,YONG SUNG HO,Fishing vessel,440135160
/vessels/details/440336330,SEONG GWANG HO,Fishing vessel,440336330
/vessels/details/6615388,TAE CHANG NO. 56,Fishing Vessel,6615388
/vessels/details/440506820,ACE FISHING HO,Fishing vessel,440506820
/vessels/details/440315260,111SUNILHO,Fishing vessel,440315260
/vessels/details/8423301,DAE JIN NO. 103,Fish Carrier,8423301
/vessels/details/440006310,1 DAE YANG,Fishing vessel,440006310
/vessels/details/9151723,SETA NO. 57,Fishing Vessel,9151723
/vessels/details/440186720,1MYEONGDEOK,Fishing vessel,440186720
/vessels/details/440105140,107 DAE JIN,Fishing vessel,440105140
/vessels/details/5420047,BLUEFIN NO. 2,Fishing Vessel,5420047
/vessels/details/440000180,BOK GIL HO,Fishing vessel,440000180
/vessels/details/440219960,YONGSINHO,Fishing vessel,440219960
/vessels/details/440163590,HANBADA,Fishing vessel,440163590
/vessels/details/440019080,SEONG GEUM HO,Fishing vessel,440019080
/vessels/details/440217370,NEW WAN DO KO SOK,Fishing vessel,440217370
/vessels/details/440331820,NO.1DOIN IN HO,Fishing vessel,440331820
/vessels/details/440170960,KI SUNG,Fishing vessel,440170960
/vessels/details/440186770,HAN SA RI 1 HO,Fishing vessel,440186770
/vessels/details/440084880,YOUNG GU,Fishing vessel,440084880
/vessels/details/440702340,999HAESUNGHO,Fishing vessel,440702340
/vessels/details/440322610,TAE JONG HO,Fishing vessel,440322610
/vessels/details/440205470,BI BA,Fishing vessel,440205470
/vessels/details/440307860,P56,Fishing vessel,440307860
/vessels/details/440090980,LIVRA HO,Fishing vessel,440090980
/vessels/details/440503490,27 DAE SUNG HO,Fishing vessel,440503490
/vessels/details/440044170,WANGSEONJANG,Fishing vessel,440044170
/vessels/details/440330980,NEW SPEED HO,Fishing vessel,440330980
/vessels/details/440160240,NEW ACE HO,Fishing vessel,440160240
/vessels/details/440083050,YOU DONG HO,Fishing vessel,440083050
/vessels/details/440169380,JO EUN HO,Fishing vessel,440169380
/vessels/details/440210870,TEAMSQUIDHO,Fishing vessel,440210870
/vessels/details/6914899,HAE YEON NO. 61,Fishing Vessel,6914899
/vessels/details/440320860,YONG BYUNG HO,Fishing vessel,440320860
/vessels/details/440702870,2JINYANG HO,Fishing vessel,440702870
/vessels/details/8630095,HAKUYO MARU NO. 21,Fishing Vessel,8630095
/vessels/details/440143240,YONG GUNG HO,Fishing vessel,440143240
/vessels/details/8123119,RAMA NO. 14,Fishing Vessel,8123119
/vessels/details/440199470,DONG SUNG HO,Fishing vessel,440199470
/vessels/details/440207020,BOONGBOONGYI HO,Fishing vessel,440207020
/vessels/details/7418074,KWANG MYUNG NO. 156,Fishing Vessel,7418074
/vessels/details/440126210,DO CHEONG,Fishing vessel,440126210
/vessels/details/8916009,KINGSTAR,Fishing Vessel,8916009
/vessels/details/440014710,MYUNG SONG HO,Fishing vessel,440014710
/vessels/details/6700236,NAM KYUNG NO. 58,Fishing Vessel,6700236
/vessels/details/440707560,CHU JA FISHING 2 HO,Fishing vessel,440707560
/vessels/details/440180810,JINSUNG,Fishing vessel,440180810
/vessels/details/6608593,HAN YANG NO. 51,Fishing Vessel,6608593
/vessels/details/7417800,AGNES 109,Fishing Vessel,7417800
/vessels/details/440116650,SUNJI HO,Fishing vessel,440116650
/vessels/details/440334540,BAEK MA HO,Fishing vessel,440334540
/vessels/details/440338770,102GYUNG KOQK HO,Fishing vessel,440338770
/vessels/details/440125750,101 AE GYEONG,Fishing vessel,440125750
/vessels/details/440704900,CHEON SA HO,Fishing vessel,440704900
/vessels/details/440326580,BANGJOO,Fishing vessel,440326580
/vessels/details/440859755,MALAYSIA PKFB755,Fishing vessel,440859755
/vessels/details/440331040,YEONG SEONG HO,Fishing vessel,440331040
/vessels/details/440025360,CHIL SEONG HO,Fishing vessel,440025360
/vessels/details/440212430,CHEUNGHYEONHO,Fishing vessel,440212430
/vessels/details/6715827,DONG BO NO. 1,Fishing Vessel,6715827
/vessels/details/440603190,DAEHANG11,Fishing vessel,440603190
/vessels/details/440407750,BA DA HO,Fishing vessel,440407750
/vessels/details/5123883,SIN BO NO. 71,Fishing Vessel,5123883
/vessels/details/440057910,YANG YANG HO,Fishing vessel,440057910
/vessels/details/6502737,KUM DO NO. 7,Fishing Vessel,6502737
/vessels/details/440405680,33MAN SUN,Fishing vessel,440405680
/vessels/details/440033030,DONGNAM HO,Fishing vessel,440033030
/vessels/details/440097880,DAE KWANG HO,Fishing vessel,440097880
/vessels/details/440197610,OCEANKING,Fishing vessel,440197610
/vessels/details/8031495,SE IL NO. 82,Fishing Vessel,8031495
/vessels/details/440335480,BO KYONG HO,Fishing vessel,440335480
/vessels/details/440337490,HONGDEOKHO,Fishing vessel,440337490
/vessels/details/440214530,SUNNY,Fishing vessel,440214530
/vessels/details/440132380,JUNG BU,Fishing vessel,440132380
/vessels/details/6809240,YOSHI MARU NO. 38,Fishing Vessel,6809240
/vessels/details/440103840,STELLA 2HO,Fishing vessel,440103840
/vessels/details/440203420,HYEONG JE HO,Fishing vessel,440203420
/vessels/details/440147220,HAN YANG,Fishing vessel,440147220
/vessels/details/5411711,POONG SAN NO. 11,Fishing Vessel,5411711
/vessels/details/9019315,ORYONG NO.723,Fishing Vessel,9019315
/vessels/details/440218290,CHUNSIN,Fishing vessel,440218290
/vessels/details/440310960,IL SEONG HO,Fishing vessel,440310960
/vessels/details/440052640,HAE CHANG HO,Fishing vessel,440052640
/vessels/details/440082430,CHUNG NAM,Fishing vessel,440082430
/vessels/details/440089840,CHUNG RYONG,Fishing vessel,440089840
/vessels/details/440332420,HAN SU DAN 2,Fishing vessel,440332420
/vessels/details/440154690,BLACK DRAGON,Fishing vessel,440154690
/vessels/details/440135733,DONGBOHO,Fishing vessel,440135733
/vessels/details/440100650,GAL DO HO,Fishing vessel,440100650
/vessels/details/440410260,3 DAE DONG HO,Fishing vessel,440410260
/vessels/details/440401590,ZEUS,Fishing vessel,440401590
/vessels/details/440022540,GA BIN HO,Fishing vessel,440022540
/vessels/details/440069240,TTA BONG HO,Fishing vessel,440069240
/vessels/details/440408410,311SUNGYONG,Fishing vessel,440408410
/vessels/details/440075090,1HWANG GEUM HO,Fishing vessel,440075090
/vessels/details/440068350,SIN SEONG,Fishing vessel,440068350
/vessels/details/440191560,GEUM NAM,Fishing vessel,440191560
/vessels/details/440152840,99HONGWON,Fishing vessel,440152840
/vessels/details/440600150,103 YONGJIN,Fishing vessel,440600150
/vessels/details/8619235,JIN YUNG NO. 102,Fish Carrier,8619235
/vessels/details/440028280,2003KUMSUNG,Fishing vessel,440028280
/vessels/details/440055830,TAE SUNG HO,Fishing vessel,440055830
/vessels/details/440051630,BAE KWANG HO,Fishing vessel,440051630
/vessels/details/440222070,KUM RYO HO,Fishing vessel,440222070
/vessels/details/440025790,HAEEUN,Fishing vessel,440025790
/vessels/details/440321230,SE HAW HO,Fishing vessel,440321230
/vessels/details/8114675,CHEIL SUSANHO,Fishing Vessel,8114675
/vessels/details/440059430,TAEWONWON HO,Fishing vessel,440059430
/vessels/details/7647065,NAM PYUNG NO. 33,Fishing Vessel,7647065
/vessels/details/440073350,NEW2018MIRACLE,Fishing vessel,440073350
/vessels/details/440402988,33SINDEOK,Fishing vessel,440402988
/vessels/details/440020060,2 GIHOONSUSANHO,Fishing vessel,440020060
/vessels/details/440199240,JEOK HO,Fishing vessel,440199240
/vessels/details/8916372,PANALOX 503,Fishing Vessel,8916372
/vessels/details/8703828,KEUM SUNG NO. 88,Fish Carrier,8703828
/vessels/details/440336280,707 GYUNG DEOG,Fishing vessel,440336280
/vessels/details/440118210,5 SUNG GWANG HO,Fishing vessel,440118210
/vessels/details/440410950,5 BU JANG,Fishing vessel,440410950
/vessels/details/440310750,JE301 SOO SEONG HO,Fishing vessel,440310750
/vessels/details/440177140,AJIN,Fishing vessel,440177140
/vessels/details/440337640,NO 3 DAE WON,Fishing vessel,440337640
/vessels/details/440307850,205 MAN GIL,Fishing vessel,440307850
/vessels/details/440224810,101KYEONGHAE,Fishing vessel,440224810
/vessels/details/440173420,SIN SEONG6,Fishing vessel,440173420
/vessels/details/8413722,SAM SUNG NO. 32,Fishing Vessel,8413722
/vessels/details/440034670,NIXX 2HO,Fishing vessel,440034670
/vessels/details/440004060,EVERGREEN HO,Fishing vessel,440004060
/vessels/details/440222180,SHIN CHANG NO.1,Fishing vessel,440222180
/vessels/details/440082920,105 DAE SEUNG HO,Fishing vessel,440082920
/vessels/details/440179870,IN HAE,Fishing vessel,440179870
/vessels/details/440000350,DOKKEABI HO,Fishing vessel,440000350
/vessels/details/440101570,BANG JOO HO,Fishing vessel,440101570
/vessels/details/7629726,O DAE YANG NO. 107,Fishing Vessel,7629726
/vessels/details/440087550,DONG JIN HO,Fishing vessel,440087550
/vessels/details/440082020,NEW BIG MARINE HO,Fishing vessel,440082020
/vessels/details/440600864,2.TAE SUN,Fishing vessel,440600864
/vessels/details/440207830,DAE JOONG HO,Fishing vessel,440207830
/vessels/details/440109550,16MANGU,Fishing vessel,440109550
/vessels/details/440176920,ECO FISHING,Fishing vessel,440176920
/vessels/details/440160290,GABSEONGHO,Fishing vessel,440160290
/vessels/details/440096410,YOU SEONG HO,Fishing vessel,440096410
/vessels/details/440019810,NARA HO,Fishing vessel,440019810
/vessels/details/440103205,JEONG SEOK HO,Fishing vessel,440103205
/vessels/details/440100210,102 POO REUM HO,Fishing vessel,440100210
/vessels/details/6715516,DONG WON NO. 801,Fishing Vessel,6715516
/vessels/details/6423163,DAE WON NO. 31,Fishing Vessel,6423163
/vessels/details/440306020,JE201 NAM KYUNG,Fishing vessel,440306020
/vessels/details/440301020,JINYEONGSUSAN,Fishing vessel,440301020
/vessels/details/440065290,MISOHO,Fishing vessel,440065290
/vessels/details/440316970,301 BU KWANG,Fishing vessel,440316970
/vessels/details/8916358,PANALOX NO.501,Fishing Vessel,8916358
/vessels/details/440332580,IN YOUNG HO,Fishing vessel,440332580
/vessels/details/440326830,DUSEONG HO,Fishing vessel,440326830
/vessels/details/8224080,MYUNG SUN NO. 727,Fishing Vessel,8224080
/vessels/details/440409110,CHEUNG JIN,Fishing vessel,440409110
/vessels/details/440147480,DASANHO,Fishing vessel,440147480
/vessels/details/440336120,HAE JEOK SEON HO,Fishing vessel,440336120
/vessels/details/440044490,DAERYONG,Fishing vessel,440044490
/vessels/details/440022440,SIWANG,Fishing vessel,440022440
/vessels/details/440708120,I RE,Fishing vessel,440708120
/vessels/details/440020130,7 HAE GWANG,Fishing vessel,440020130
/vessels/details/440144330,JUNG MYUNG,Fishing vessel,440144330
/vessels/details/440043860,JI YOUNG HO,Fishing vessel,440043860
/vessels/details/440224860,CATS HO,Fishing vessel,440224860
/vessels/details/440117080,BA DA SE GYE HO,Fishing vessel,440117080
/vessels/details/440034080,PYEONG AN,Fishing vessel,440034080
/vessels/details/440000361,MIRACLEHO,Fishing vessel,440000361
/vessels/details/440145410,YONGGEONFISHING,Fishing vessel,440145410
/vessels/details/9824370,MUGUNGWHA15,Fishing Support Vessel,9824370
/vessels/details/440212510,SUSAN1,Fishing vessel,440212510
/vessels/details/440332180,KYUNG IL,Fishing vessel,440332180
/vessels/details/440212340,ARA 3 HO,Fishing vessel,440212340
/vessels/details/440197530,BIG WON HO,Fishing vessel,440197530
/vessels/details/440029090,BIG MARINE,Fishing vessel,440029090
/vessels/details/440334530,SEA FACE 2HO,Fishing vessel,440334530
/vessels/details/440337620,SEONG WOO 3 HO,Fishing vessel,440337620
/vessels/details/440149290,KUM SUNG HO,Fishing vessel,440149290
/vessels/details/440047450,2014 NEW KWANG DONG,Fishing vessel,440047450
/vessels/details/440409970,EUN HA HO,Fishing vessel,440409970
/vessels/details/440027010,YANG WOO HO,Fishing vessel,440027010
/vessels/details/7631913,JINAM NO. 91,Fishing Vessel,7631913
/vessels/details/5344073,DONG SUNG NO. 207,Fishing Vessel,5344073
/vessels/details/440710700,SUNG SIL HO,Fishing vessel,440710700
/vessels/details/440504660,2 GO RYEO HO,Fishing vessel,440504660
/vessels/details/440337990,SOO YUNG HO,Fishing vessel,440337990
/vessels/details/440100420,101 SU SEONG,Fishing vessel,440100420
/vessels/details/440128240,24 CHEON HAE,Fishing vessel,440128240
/vessels/details/440013870,GUG IL FISHING,Fishing vessel,440013870
/vessels/details/440064210,HYEONJINHO,Fishing vessel,440064210
/vessels/details/440503430,DEOK JIN HO,Fishing vessel,440503430
/vessels/details/440700770,153 HAE SIN HO,Fishing vessel,440700770
/vessels/details/8842973,SABINA,Fishing Vessel,8842973
/vessels/details/440004160,DAESUNGHO,Fishing vessel,440004160
/vessels/details/440326160,HA NA HO,Fishing vessel,440326160
/vessels/details/440600632,DONGMINHO,Fishing vessel,440600632
/vessels/details/440050830,JIN SUNG HO,Fishing vessel,440050830
/vessels/details/440010240,JE7 SEUNG JIN HO,Fishing vessel,440010240
/vessels/details/440508780,SEO JIN HO,Fishing vessel,440508780
/vessels/details/9060053,KEUM YANG NO. 1,Fishing Vessel,9060053
/vessels/details/440303730,2DAESEUNG,Fishing vessel,440303730
/vessels/details/440218260,SEO KWANG 1 HO,Fishing vessel,440218260
/vessels/details/440048520,SUKWANG,Fishing vessel,440048520
/vessels/details/440028940,JEUS,Fishing vessel,440028940
/vessels/details/7126671,KEON YANG NO. 88,Fishing Vessel,7126671
/vessels/details/440704760,HWANG GUEM HO,Fishing vessel,440704760
/vessels/details/440320730,NEWSUSEONG,Fishing vessel,440320730
/vessels/details/6416940,BO KANG NO. 303,Fishing Vessel,6416940
/vessels/details/440510910,HOHAESU,Fishing vessel,440510910
/vessels/details/7923847,101 EUN HAE,Fishing Vessel,7923847
/vessels/details/7825291,ORION NO. 6,Fishing Vessel,7825291
/vessels/details/440116850,311 MYEONG CHEON,Fishing vessel,440116850
/vessels/details/6523315,NAM HAE NO. 227,Fishing Vessel,6523315
/vessels/details/440171980,YUNJINHO,Fishing vessel,440171980
/vessels/details/440081310,BOSS.2,Fishing vessel,440081310
/vessels/details/440411970,NO3 MYUNG SUNG HO,Fishing vessel,440411970
/vessels/details/440217270,HEALING HO,Fishing vessel,440217270
/vessels/details/6514302,GAMMIRI NO. 5,Fishing Vessel,6514302
/vessels/details/440505590,1 DAE YEONG HO,Fishing vessel,440505590
/vessels/details/440031650,2017 YUSUNG,Fishing vessel,440031650
/vessels/details/440204510,AN HEUNG 2,Fishing vessel,440204510
/vessels/details/440127970,CHEON SUNG,Fishing vessel,440127970
/vessels/details/6422664,DONG IN NO. 92,Fishing Vessel,6422664
/vessels/details/440000154,ACE HO,Fishing vessel,440000154
/vessels/details/5084506,DONG WON NO. 35,Fishing Vessel,5084506
/vessels/details/440160130,IL O SAM,Fishing vessel,440160130
/vessels/details/6412035,TAISEI MARU,Fishing Vessel,6412035
/vessels/details/440123940,MYUNG JIN HO,Fishing vessel,440123940
/vessels/details/440306060,NEW NAMYANG HO,Fishing vessel,440306060
/vessels/details/440321140,ABOKHO,Fishing vessel,440321140
/vessels/details/440216910,DAET GIL YI,Fishing vessel,440216910
/vessels/details/440413390,NEW POSEIDON,Fishing vessel,440413390
/vessels/details/440302350,DAE YANG HO,Fishing vessel,440302350
/vessels/details/440185330,22 DAE YANG HO,Fishing vessel,440185330
/vessels/details/8610605,ORYONG NO. 301,Fishing Vessel,8610605
/vessels/details/440502730,SE JIN 10HO,Fishing vessel,440502730
/vessels/details/440153250,303SAMYANG,Fishing vessel,440153250
/vessels/details/5366540,HAN GIL NO. 2,Fishing Vessel,5366540
/vessels/details/440046660,CHEONG WOON HO,Fishing vessel,440046660
/vessels/details/440024930,5 DONG HAE HO,Fishing vessel,440024930
/vessels/details/440101960,SEON JIN 2HO,Fishing vessel,440101960
/vessels/details/440404580,JIN PRO 2,Fishing vessel,440404580
/vessels/details/440334280,DEASEN HO,Fishing vessel,440334280
/vessels/details/440126410,DONG YANG HO,Fishing vessel,440126410
/vessels/details/440617000,PANALOX 502,Fishing vessel,440617000
/vessels/details/440007360,BU JA,Fishing vessel,440007360
/vessels/details/440044180,EUN GA BI,Fishing vessel,440044180
/vessels/details/440324080,HAESUNGGOLD,Fishing vessel,440324080
/vessels/details/440010500,HYUN DAE 2 HO,Fishing vessel,440010500
/vessels/details/440201950,CHEON SA8 HO,Fishing vessel,440201950
/vessels/details/440308270,SEUNG RI HO,Fishing vessel,440308270
/vessels/details/440222720,HWANGGEUM MEULGYEOL,Fishing vessel,440222720
/vessels/details/440095530,GI HUN HO,Fishing vessel,440095530
/vessels/details/440708360,3006-2,Fishing vessel,440708360
/vessels/details/440054860,KINGSTAR,Fishing vessel,440054860
/vessels/details/440033990,KYENG JIN HO,Fishing vessel,440033990
/vessels/details/441422543,00018,Fishing vessel,441422543
/vessels/details/440800495,RA-116,Fishing vessel,440800495
/vessels/details/440111440,KING DUM,Fishing vessel,440111440
/vessels/details/440221530,JACK POT,Fishing vessel,440221530
/vessels/details/440052970,VOLVO HO,Fishing vessel,440052970
/vessels/details/440180490,HYUNG JAE HO,Fishing vessel,440180490
/vessels/details/440600523,2011 DAE DEOG,Fishing vessel,440600523
/vessels/details/440195670,2022 TAE KWANG HO,Fishing vessel,440195670
/vessels/details/440021840,106 SHIN GWANG HO,Fishing vessel,440021840
/vessels/details/441012345,TAU-CHUP,Fishing vessel,441012345
/vessels/details/440057440,AHRAFISHING,Fishing vessel,440057440
/vessels/details/440216310,BOO KING,Fishing vessel,440216310
/vessels/details/440045250,YONG SUNG HO,Fishing vessel,440045250
/vessels/details/440019980,CHEON MYUNG HO,Fishing vessel,440019980
/vessels/details/440082720,THREE,Fishing vessel,440082720
/vessels/details/440322510,3BONGYANG HO,Fishing vessel,440322510
/vessels/details/440011270,CHEONGYONGHO,Fishing vessel,440011270
/vessels/details/440153780,HYO SEUNG LAKE,Fishing vessel,440153780
/vessels/details/8629474,DAE HEUNG,Fishing Vessel,8629474
/vessels/details/440010950,HANA,Fishing vessel,440010950
/vessels/details/440191870,SMILEHO,Fishing vessel,440191870
/vessels/details/440314390,EBADAHO,Fishing vessel,440314390
/vessels/details/440143980,88JOYANG,Fishing vessel,440143980
/vessels/details/440122100,7 DONG IL HO,Fishing vessel,440122100
/vessels/details/440318730,301DONGHA,Fishing vessel,440318730
/vessels/details/440313780,DONG YANG HO,Fishing vessel,440313780
/vessels/details/440331690,JEON JIN HO,Fishing vessel,440331690
/vessels/details/440125790,YEOMYEONGH,Fishing vessel,440125790
/vessels/details/440152790,SU GOUNG HO,Fishing vessel,440152790
/vessels/details/440097570,HAE MA RU,Fishing vessel,440097570
/vessels/details/440400970,7SUNGBOCK,Fishing vessel,440400970
/vessels/details/7405388,DONG WON NO. 602,Fishing Vessel,7405388
/vessels/details/440013450,JE 5 SEUNG JIN HO,Fishing vessel,440013450
/vessels/details/440197990,SSAK SEU RI HO,Fishing vessel,440197990
/vessels/details/6901268,KWANG MYUNG NO. 57,Fishing Vessel,6901268
/vessels/details/440308430,MYOUNG SIN,Fishing vessel,440308430
/vessels/details/8714126,SNB201,Fishing Vessel,8714126
/vessels/details/440030450,MASTER HO,Fishing vessel,440030450
/vessels/details/440702518,998,Fishing vessel,440702518
/vessels/details/440085780,PYEONGEUN7,Fishing vessel,440085780
/vessels/details/440225590,SMART HO,Fishing vessel,440225590
/vessels/details/440221150,DONG JIN HO,Fishing vessel,440221150
/vessels/details/440310430,109 BU IL,Fishing vessel,440310430
/vessels/details/440135020,JE2007 JANG WON HO,Fishing vessel,440135020
/vessels/details/440328550,DAE YEONG HO,Fishing vessel,440328550
/vessels/details/440705510,SYANG GEU LILLA 3HO,Fishing vessel,440705510
/vessels/details/440218980,TAE JIN HO,Fishing vessel,440218980
/vessels/details/440210150,SU SAN HO,Fishing vessel,440210150
/vessels/details/440321420,HAE MO SOO,Fishing vessel,440321420
/vessels/details/440125220,307HAERIM,Fishing vessel,440125220
/vessels/details/5402992,DAI HO NO. 1,Fishing Vessel,5402992
/vessels/details/440020450,GEO HANG HO,Fishing vessel,440020450
/vessels/details/440715900,257 GUK JE HO,Fishing vessel,440715900
/vessels/details/440055580,DAE HAE HO,Fishing vessel,440055580
/vessels/details/440161760,JIN MANG,Fishing vessel,440161760
/vessels/details/440743700,SU SUNG,Fishing vessel,440743700
/vessels/details/440009280,DAEKYO NO.1,Fishing vessel,440009280
/vessels/details/440309810,MYEONG SUNG,Fishing vessel,440309810
/vessels/details/440010220,2003 YUNG JIN,Fishing vessel,440010220
/vessels/details/440009130,KYUNWON5HO,Fishing vessel,440009130
/vessels/details/7373822,SUN HAE NO. 315,Fishing Vessel,7373822
/vessels/details/440502880,GRAND HO,Fishing vessel,440502880
/vessels/details/440410940,KUM YONG,Fishing vessel,440410940
/vessels/details/440131509,81JEONG SUN,Fishing vessel,440131509
/vessels/details/440336750,JUNGMA 7 HO,Fishing vessel,440336750
/vessels/details/440083580,CHEONG HAE JIN,Fishing vessel,440083580
/vessels/details/440019301,206 DAE JIN,Fishing vessel,440019301
/vessels/details/440320150,MAN SEON HO,Fishing vessel,440320150
/vessels/details/440327260,HAN SEONG HO,Fishing vessel,440327260
/vessels/details/6420678,DONG SEONG NO. 3,Fishing Vessel,6420678
/vessels/details/440082520,GUK YUNG HO,Fishing vessel,440082520
/vessels/details/440074230,YU REKA HO,Fishing vessel,440074230
/vessels/details/440048150,SOON HEUNG,Fishing vessel,440048150
/vessels/details/440100980,NURIHO,Fishing vessel,440100980
/vessels/details/440108850,JA YOUNG HO,Fishing vessel,440108850
/vessels/details/440600723,DONG IN,Fishing vessel,440600723
/vessels/details/440016370,637 DAE YANG HO,Fishing vessel,440016370
/vessels/details/440042460,GEO JEONG,Fishing vessel,440042460
/vessels/details/440018160,OCEANTOUR,Fishing vessel,440018160
/vessels/details/440338440,IL OH SAM 9 HO,Fishing vessel,440338440
/vessels/details/440338310,MANPYEONGHO,Fishing vessel,440338310
/vessels/details/8921353,206 GEUM HAE,Fishing Vessel,8921353
/vessels/details/8610629,NO.9 KYUNG YANG,Fishing Vessel,8610629
/vessels/details/440730300,MA RIN MAEN 3 HO,Fishing vessel,440730300
/vessels/details/440505340,SUPER CHAMDOM,Fishing vessel,440505340
/vessels/details/440031680,NEW DOL PIN HO440031,Fishing vessel,440031680
/vessels/details/440148150,NO.122 KEUM SUNG,Fishing vessel,440148150
/vessels/details/440702650,MULDOLEE2,Fishing vessel,440702650
/vessels/details/440328060,YUNGIL HO,Fishing vessel,440328060
/vessels/details/440323770,AE YI SEU HO,Fishing vessel,440323770
/vessels/details/440207080,2 CHEON NYEON HO,Fishing vessel,440207080
/vessels/details/6720377,MUGUNGHWA NO. 6,Fishing Support Vessel,6720377
/vessels/details/440412670,WANGIL7 HO,Fishing vessel,440412670
/vessels/details/440008690,YONG SUNG,Fishing vessel,440008690
/vessels/details/440316220,7JOHEUNG,Fishing vessel,440316220
/vessels/details/440165450,BANG JU HO,Fishing vessel,440165450
/vessels/details/8025109,SUR ESTE NO. 306,Fishing Vessel,8025109
/vessels/details/440055030,BAP MAL RI,Fishing vessel,440055030
/vessels/details/440319140,YONG JIN HO,Fishing vessel,440319140
/vessels/details/440323640,KANG YEON 2,Fishing vessel,440323640
/vessels/details/440158530,BOK UN HO,Fishing vessel,440158530
/vessels/details/440204950,HEUKJO HO,Fishing vessel,440204950
/vessels/details/440301830,ATALANTA,Sailing vessel,440301830
/vessels/details/440002190,EOHANG SEOHAE 1,Sailing vessel,440002190
/vessels/details/440114220,CLIPPER,Sailing vessel,440114220
/vessels/details/440096130,ELIZABETH689,Sailing vessel,440096130
/vessels/details/440148540,UNITY 200,Sailing vessel,440148540
/vessels/details/440198360,KOREA202HO,Pleasure craft,440198360
/vessels/details/441673000,KCG 3009,Sailing vessel,441673000
/vessels/details/440509660,YEO REUM HO,Pleasure craft,440509660
/vessels/details/440201340,SUN YOUNG HO,Pleasure craft,440201340
/vessels/details/440192290,WOO RI,Pleasure craft,440192290
/vessels/details/440146090,GEUM GYEONG7HO,Pleasure craft,440146090
/vessels/details/440214460,JIN YOUNG HO,Pleasure craft,440214460
/vessels/details/440404600,YEONG HAE HO,Pleasure craft,440404600
/vessels/details/440083920,JINDO ISLAND TOUR,Sailing vessel,440083920
/vessels/details/440313190,JUNSEONG 1 HO,Pleasure craft,440313190
/vessels/details/440800499,ROK GOV VESSEL,Sailing vessel,440800499
/vessels/details/440070020,GEO BUK SUN HO,Pleasure craft,440070020
/vessels/details/440031810,HAE SUNG HO,Pleasure craft,440031810
/vessels/details/440800088,ROK GOV VESSEL,Sailing vessel,440800088
/vessels/details/440702220,HANBANG,Pleasure craft,440702220
/vessels/details/440323380,PHANTOM,Pleasure craft,440323380
/vessels/details/440333750,KANGNAMHO,Pleasure craft,440333750
/vessels/details/440220400,NEW PRINCE HO,Pleasure craft,440220400
/vessels/details/440705330,HAE YEONG,Pleasure craft,440705330
/vessels/details/440114730,KYUNGNAM891HO,Pleasure craft,440114730
/vessels/details/440409150,DEUNGDAE,Pleasure craft,440409150
/vessels/details/440052650,SKY21,Pleasure craft,440052650
/vessels/details/440197790,AURORA,Sailing vessel,440197790
/vessels/details/440136040,JS1,Pleasure craft,440136040
/vessels/details/440199480,DREAM ODYSSEY 2,Sailing vessel,440199480
/vessels/details/440301440,JEUN NAM 212HO,Pleasure craft,440301440
/vessels/details/440163740,TAE JIN 3HO-,Pleasure craft,440163740
/vessels/details/440326910,ORIENT HO,Pleasure craft,440326910
/vessels/details/440333470,88YOUNGGWANGHO,Pleasure craft,440333470
/vessels/details/440134740,JAE1TAEYUNGHO,Pleasure craft,440134740
/vessels/details/440700200,EUN SEONG HO,Pleasure craft,440700200
/vessels/details/440704330,KYUNG SEONG HO,Pleasure craft,440704330
/vessels/details/440162920,66 HAN SEUNG,Pleasure craft,440162920
/vessels/details/440150080,SU SEONG HO,Pleasure craft,440150080
/vessels/details/440400253,AILLAND,Pleasure craft,440400253
/vessels/details/440092570,SIN SEONG HO,Pleasure craft,440092570
/vessels/details/440310160,JAE SEONG HO,Pleasure craft,440310160
/vessels/details/440318350,SEONGYONGHO,Pleasure craft,440318350
/vessels/details/440072440,SU DUCK HO,Pleasure craft,440072440
/vessels/details/440038180,SU SEONG HO,Pleasure craft,440038180
/vessels/details/440165310,NEW MUJIGAI,Pleasure craft,440165310
/vessels/details/440111360,NOA HO,Pleasure craft,440111360
/vessels/details/440111110,NEW HEAI,Pleasure craft,440111110
/vessels/details/440000049,DAESEONGHO,Pleasure craft,440000049
/vessels/details/440198930,MONSTER HO,Pleasure craft,440198930
/vessels/details/440136840,SUNGKWANGHO,Pleasure craft,440136840
/vessels/details/440701290,FIGARO3,Sailing vessel,440701290
/vessels/details/440716300,F.FOUR,Pleasure craft,440716300
/vessels/details/440310370,HERB 200HO,Pleasure craft,440310370
/vessels/details/440101598,DAE KWANG 101 HO,Pleasure craft,440101598
/vessels/details/440211680,BUILHOO,Pleasure craft,440211680
/vessels/details/440094620,NAM YEONG HO,Pleasure craft,440094620
/vessels/details/440145930,RAINBOW,Pleasure craft,440145930
/vessels/details/440310310,GO SEONG HO,Pleasure craft,440310310
/vessels/details/440195740,MI MIN HO,Pleasure craft,440195740
/vessels/details/440506550,TAI JIN 2HO,Pleasure craft,440506550
/vessels/details/440000411,SONGI,Pleasure craft,440000411
/vessels/details/440108890,310 HAN REA SU DO,Pleasure craft,440108890
/vessels/details/440138670,AURORA II,Sailing vessel,440138670
/vessels/details/440117790,I O T 1,Pleasure craft,440117790
/vessels/details/440401640,JE306 JEONGUNGHO,Pleasure craft,440401640
/vessels/details/440219620,BAEK HWA HO,Pleasure craft,440219620
/vessels/details/440036810,MIN YEONG HO,Pleasure craft,440036810
/vessels/details/440084040,SONG GANG HO,Pleasure craft,440084040
/vessels/details/440023230,YOHANHO,Pleasure craft,440023230
/vessels/details/440003080,DONG NAM,Pleasure craft,440003080
/vessels/details/440031040,JE 3 CHANG KYUNG HO,Pleasure craft,440031040
/vessels/details/440218180,PU REUN BADA HO,Pleasure craft,440218180
/vessels/details/440323320,2 YOUNGJIN,Pleasure craft,440323320
/vessels/details/440408260,YONGWOON,Pleasure craft,440408260
/vessels/details/440132320,307HAW YOUNG HO,Pleasure craft,440132320
/vessels/details/440706900,SSWIBA,Pleasure craft,440706900
/vessels/details/440174270,NO.1 MANJE,Pleasure craft,440174270
/vessels/details/440401690,601 TAE SUNG HO,Pleasure craft,440401690
/vessels/details/440144170,HAE PI KING,Pleasure craft,440144170
/vessels/details/440304090,505 HYEON JIN HO,Pleasure craft,440304090
/vessels/details/440728400,OCTOPUS,Pleasure craft,440728400
/vessels/details/440139940,KANGBADAHO,Pleasure craft,440139940
/vessels/details/440326210,HAEGYEOLSAHO,Pleasure craft,440326210
/vessels/details/440015250,MASTER 1 HO,Pleasure craft,440015250
/vessels/details/440102910,201 KYO DONG HO,Pleasure craft,440102910
/vessels/details/440601310,CHANG EUN HO,Pleasure craft,440601310
/vessels/details/440010420,IRYEHO,Pleasure craft,440010420
/vessels/details/440126720,HWASEONG,Sailing vessel,440126720
/vessels/details/440600213,JE2DUDUHO,Pleasure craft,440600213
/vessels/details/440305620,ULJIN MARINE 3,Sailing vessel,440305620
/vessels/details/440121700,NO.9 JANGSEUNGPO,Pleasure craft,440121700
/vessels/details/440118010,DALHAE HO,Pleasure craft,440118010
/vessels/details/440077690,OCEANMARIN,Pleasure craft,440077690
/vessels/details/440130160,BUII 19HO,Pleasure craft,440130160
/vessels/details/440154890,DAESEONGHO,Pleasure craft,440154890
/vessels/details/440220040,REJEONDEUHO,Pleasure craft,440220040
/vessels/details/440182270,SO MANG HO,Pleasure craft,440182270
/vessels/details/440219110,DONG HWA HO,Pleasure craft,440219110
/vessels/details/440021260,SU BOK HO,Pleasure craft,440021260
/vessels/details/440058560,SANJIHO,Pleasure craft,440058560
/vessels/details/440101610,WON JUNG HO,Sailing vessel,440101610
/vessels/details/440013900,SEON GYEONG HO,Pleasure craft,440013900
/vessels/details/440027050,S-57JEONG,Pleasure craft,440027050
/vessels/details/440102030,SINHANGHAEUN1HO,Pleasure craft,440102030
/vessels/details/440748700,MALEECHO,Sailing vessel,440748700
/vessels/details/440800613,ROK GOV VESSEL,Sailing vessel,440800613
/vessels/details/440075520,DAEYANGHO,Pleasure craft,440075520
/vessels/details/440504160,JEONJIN9,Pleasure craft,440504160
/vessels/details/440116340,BADAMIREUHO,Pleasure craft,440116340
/vessels/details/440103200,NO.706 BUSAN,Sailing vessel,440103200
/vessels/details/440189350,MARY,Sailing vessel,440189350
/vessels/details/440104310,NOH EUL HO,Pleasure craft,440104310
/vessels/details/440145680,KCG-73,Pleasure craft,440145680
/vessels/details/440214190,HAN SUNG,Pleasure craft,440214190
/vessels/details/440703040,ACE HO,Pleasure craft,440703040
/vessels/details/440000084,HAEYANG NO.3,Sailing vessel,440000084
/vessels/details/440118270,FISHING MASTER 2 HO,Pleasure craft,440118270
/vessels/details/440011300,GAONNURI,Sailing vessel,440011300
/vessels/details/440011160,SE JONG 7,Sailing vessel,440011160
/vessels/details/440336980,DONG HAE HO,Pleasure craft,440336980
/vessels/details/440065020,YEONG SIN HO,Pleasure craft,440065020
/vessels/details/440318170,DAEYEONG PHISHING,Pleasure craft,440318170
/vessels/details/440110740,107TAIJIN,Pleasure craft,440110740
/vessels/details/440324140,5 YOUNG CHANG HO,Pleasure craft,440324140
/vessels/details/440117550,WOO SUNG HO,Pleasure craft,440117550
/vessels/details/440106620,ONNURIHO,Pleasure craft,440106620
/vessels/details/440504240,HAEKWANGHO,Pleasure craft,440504240
/vessels/details/440213930,SUN GUARD,Pleasure craft,440213930
/vessels/details/440326030,HAEKOOK FERRY 2HO,Pleasure craft,440326030
/vessels/details/440202660,K ONE TOUR,Pleasure craft,440202660
/vessels/details/440097950,MARINESTAR 3 HO,Pleasure craft,440097950
/vessels/details/440338040,CHANG YEONG HO,Pleasure craft,440338040
/vessels/details/440220710,KAN,Sailing vessel,440220710
/vessels/details/440108930,3ARIRANG,Pleasure craft,440108930
/vessels/details/440055520,FISHINGMAN,Pleasure craft,440055520
/vessels/details/440410870,ALOHA,Sailing vessel,440410870
/vessels/details/440700840,MYUNGCHANGHO,Pleasure craft,440700840
/vessels/details/440146640,CORDELLAHO,Pleasure craft,440146640
/vessels/details/440305320,HAE SUNG HO,Pleasure craft,440305320
/vessels/details/440206410,HAEUNDAEOCEANCCRUISE,Sailing vessel,440206410
/vessels/details/440095890,3MYUNGSUNGHO,Pleasure craft,440095890
/vessels/details/440708760,DEOKJIN,Pleasure craft,440708760
/vessels/details/440403670,LARGO,Sailing vessel,440403670
/vessels/details/440705940,STELLA,Sailing vessel,440705940
/vessels/details/440104350,NO.506 HAE SUNG,Pleasure craft,440104350
/vessels/details/440327990,BA DA YEO HAENG HO,Pleasure craft,440327990
/vessels/details/440128290,PAL YEONG HO,Pleasure craft,440128290
/vessels/details/440400590,STELLON,Pleasure craft,440400590
/vessels/details/440087770,KANG YEONG HO,Pleasure craft,440087770
/vessels/details/440048650,JANG SUNG HO,Pleasure craft,440048650
/vessels/details/440213560,ZENITHHO,Pleasure craft,440213560
/vessels/details/440324290,YEONG JIN FERRY NO.2,Pleasure craft,440324290
/vessels/details/440005890,101 SU KUNG HO,Pleasure craft,440005890
/vessels/details/440335140,DO SEU HO,Pleasure craft,440335140
/vessels/details/440145550,SU JEONG HO,Pleasure craft,440145550
/vessels/details/440800587,ROK GOV VESSEL,Sailing vessel,440800587
/vessels/details/440600203,HWANGGUMHO,Pleasure craft,440600203
/vessels/details/440117200,GYUNG NAM 503,Sailing vessel,440117200
/vessels/details/440306840,JEONNAM611,Sailing vessel,440306840
/vessels/details/440139690,106 YEO YEONG HO,Pleasure craft,440139690
/vessels/details/440211670,ASEONGHO,Pleasure craft,440211670
/vessels/details/440305420,3SUNGGYEONGHO,Pleasure craft,440305420
/vessels/details/440335550,HEUNG YEONG 3 HO,Pleasure craft,440335550
/vessels/details/440003170,HYEON BOK HO,Pleasure craft,440003170
/vessels/details/440079690,JANGSEONG,Pleasure craft,440079690
/vessels/details/440181810,SUNGHO1,Pleasure craft,440181810
/vessels/details/440140670,201BOLRENANGGAEHO,Sailing vessel,440140670
/vessels/details/440195270,HAESEONG2,Pleasure craft,440195270
/vessels/details/440158390,YEONTAFISHING,Pleasure craft,440158390
/vessels/details/440411880,BI KINI HO,Pleasure craft,440411880
/vessels/details/440216240,DONG BAEK HO,Pleasure craft,440216240
/vessels/details/440040860,JO IL HO,Pleasure craft,440040860
/vessels/details/440201700,TAONID,Sailing vessel,440201700
/vessels/details/440404310,DREAM CAT,Sailing vessel,440404310
/vessels/details/440071010,ELLIS,Sailing vessel,440071010
/vessels/details/440145050,DALSANSUSANHO,Pleasure craft,440145050
/vessels/details/440024790,2YOUSUNGHO,Pleasure craft,440024790
/vessels/details/440071150,3SUNG EUN,Pleasure craft,440071150
/vessels/details/440110580,MIDAS722,Sailing vessel,440110580
/vessels/details/440102240,DONGIN 8HO,Pleasure craft,440102240
/vessels/details/440033640,JE109JEILHO,Pleasure craft,440033640
/vessels/details/440027020,NANG MAN,Sailing vessel,440027020
/vessels/details/440203270,SWOONHUNGHO,Pleasure craft,440203270
/vessels/details/440210700,27SEJINHO,Pleasure craft,440210700
/vessels/details/440317760,JANG DO SA RANG HO,Pleasure craft,440317760
/vessels/details/440149690,HAISUNGHO,Pleasure craft,440149690
/vessels/details/440015070,JIHUN2HO,Pleasure craft,440015070
/vessels/details/440032190,BU GWANG HO,Pleasure craft,440032190
/vessels/details/440016740,YOUNGJIN1HO,Pleasure craft,440016740
/vessels/details/440142880,JE103DEOKSUNGHO,Pleasure craft,440142880
/vessels/details/440500870,SU JIN HO,Pleasure craft,440500870
/vessels/details/440800264,ROK GOV VESSEL,Sailing vessel,440800264
/vessels/details/440722900,MAGELLAN,Sailing vessel,440722900
/vessels/details/440083550,FERRARI HO,Pleasure craft,440083550
/vessels/details/440317920,NO 1 SANG JIN,Pleasure craft,440317920
/vessels/details/440141050,WONMYUNGHO,Pleasure craft,440141050
/vessels/details/440210490,KUMYONGHO,Pleasure craft,440210490
/vessels/details/440600780,EO RAK HAENG HO,Pleasure craft,440600780
/vessels/details/440332690,HAN KIL HO,Pleasure craft,440332690
/vessels/details/440121600,HAE URI 201,Pleasure craft,440121600
/vessels/details/440090930,SU JIN 3 HO,Pleasure craft,440090930
/vessels/details/440317820,TEAKANGLEISURE,Pleasure craft,440317820
/vessels/details/440068430,JI MIN HO,Pleasure craft,440068430
/vessels/details/440046830,CAMELLIA,Sailing vessel,440046830
/vessels/details/440118600,JE3DAEILHO,Pleasure craft,440118600
/vessels/details/440326140,205 HAE YANG HO,Pleasure craft,440326140
/vessels/details/440005130,YOUNG SAENG HO,Pleasure craft,440005130
/vessels/details/440708290,JE3 KYUNG YANG HO,Pleasure craft,440708290
/vessels/details/440742200,TAXGENIE,Sailing vessel,440742200
/vessels/details/440501500,JEONBUK901,Pleasure craft,440501500
/vessels/details/440008010,IN CHEON 204 HO,Pleasure craft,440008010
/vessels/details/440062870,SAMSUNGHO,Pleasure craft,440062870
/vessels/details/440030340,SEONG KWANG 2 HO,Pleasure craft,440030340
/vessels/details/440179280,OE DO RANG HO,Pleasure craft,440179280
/vessels/details/440102630,TARAWADI 2,Pleasure craft,440102630
/vessels/details/440202440,DAISUNGHO,Pleasure craft,440202440
/vessels/details/440161890,LOVE EVERY ONE,Pleasure craft,440161890
/vessels/details/440034760,8 WOO RI HO,Pleasure craft,440034760
/vessels/details/440056080,MIREUHO,Pleasure craft,440056080
/vessels/details/440000109,SEONG HUN HO,Pleasure craft,440000109
/vessels/details/440082450,NEW HAE IN HO,Pleasure craft,440082450
/vessels/details/440079740,YONG HAN HO,Pleasure craft,440079740
/vessels/details/440121760,GYEONG IL,Pleasure craft,440121760
/vessels/details/440216620,SAMHOSUSANHO,Pleasure craft,440216620
/vessels/details/440090950,HYEONJIN,Pleasure craft,440090950
/vessels/details/440800593,ROK GOV VESSEL,Sailing vessel,440800593
/vessels/details/440706070,GORAEBADAYEOHAENG,Sailing vessel,440706070
/vessels/details/440600298,SEONG DONG,Pleasure craft,440600298
/vessels/details/440503340,HAN STAR HO,Pleasure craft,440503340
/vessels/details/440110770,HAE RYOUNG HO,Pleasure craft,440110770
/vessels/details/440310690,661SOWONHO,Pleasure craft,440310690
/vessels/details/440029950,THEPYEONAN RESORT,Sailing vessel,440029950
/vessels/details/440177170,HAN-IL PROJECT CHEON,Sailing vessel,440177170
/vessels/details/440071940,TAE CHANG HO,Pleasure craft,440071940
/vessels/details/440106070,JE9 HAESEONGHO,Pleasure craft,440106070
/vessels/details/440109470,JE1 DONGJINHO,Pleasure craft,440109470
/vessels/details/440143300,DONG WON HO,Pleasure craft,440143300
/vessels/details/440029830,HAENG BOK HO,Pleasure craft,440029830
/vessels/details/440082740,HANS,Sailing vessel,440082740
/vessels/details/440056980,BO TTA LI HO,Pleasure craft,440056980
/vessels/details/440092540,CHANG DEOK HO,Pleasure craft,440092540
/vessels/details/440215270,SEO HAE HO,Pleasure craft,440215270
/vessels/details/440209430,SOO KYUNG,Pleasure craft,440209430
/vessels/details/440033280,12 WOO RI HO,Pleasure craft,440033280
/vessels/details/440502460,SUNMARIN,Sailing vessel,440502460
/vessels/details/440316410,DONG YANG 11,Pleasure craft,440316410
/vessels/details/440702530,JEJUSARANG,Pleasure craft,440702530
/vessels/details/440106220,SAE BA DA 21,Sailing vessel,440106220
/vessels/details/440012360,SIN JIN HO,Pleasure craft,440012360
/vessels/details/440108980,WOOMIN HO,Sailing vessel,440108980
/vessels/details/440151640,HAEKWANGHO,Pleasure craft,440151640
/vessels/details/440329750,SEO GWANG HO,Pleasure craft,440329750
/vessels/details/440704490,HAE BIT HO,Pleasure craft,440704490
/vessels/details/440172870,TAECHANGHO,Pleasure craft,440172870
/vessels/details/440202920,TAEJINHO,Pleasure craft,440202920
/vessels/details/440213180,SUN YOUNG HO,Pleasure craft,440213180
/vessels/details/440337710,WONJUNGHO,Pleasure craft,440337710
/vessels/details/440410420,301 JONG YOUNG,Sailing vessel,440410420
/vessels/details/440120380,HANRYOHO,Pleasure craft,440120380
/vessels/details/440601340,HO SAN NO3,Pleasure craft,440601340
/vessels/details/440154760,MONICARHO,Pleasure craft,440154760
/vessels/details/440008890,JE2DAESEONG,Pleasure craft,440008890
/vessels/details/440125040,JE315 DONGCHANGHO,Pleasure craft,440125040
/vessels/details/440079340,DA ON,Pleasure craft,440079340
/vessels/details/440322520,TAE SEONG HO,Pleasure craft,440322520
/vessels/details/440600080,JULIE,Sailing vessel,440600080
/vessels/details/440040299,AURORA,Pleasure craft,440040299
/vessels/details/440315270,6 YEONG HO,Pleasure craft,440315270
/vessels/details/440703240,SUNG SIN HO,Pleasure craft,440703240
/vessels/details/440186150,KYUNG JIN HO,Pleasure craft,440186150
/vessels/details/440047440,DONG JIN,Pleasure craft,440047440
/vessels/details/440702760,NEW TAMLA,Pleasure craft,440702760
/vessels/details/440074940,HAESEONG,Pleasure craft,440074940
/vessels/details/440135720,DAEKYUNG30HO,Pleasure craft,440135720
/vessels/details/440146740,GWANG SEONG HO,Pleasure craft,440146740
/vessels/details/440118480,5 SU SUNG HO,Pleasure craft,440118480
/vessels/details/440089130,K G S,Pleasure craft,440089130
/vessels/details/440215540,TYPHOON,Pleasure craft,440215540
/vessels/details/440800089,ROK GOV VESSEL,Sailing vessel,440800089
/vessels/details/440800552,ROK GOV VESSEL,Sailing vessel,440800552
/vessels/details/440109340,YEOUNG SUNG HO,Pleasure craft,440109340
/vessels/details/440123330,OCEAN HO,Pleasure craft,440123330
/vessels/details/440315160,DEOK MYUNG- HO ..,Pleasure craft,440315160
/vessels/details/440306680,PYUNGKANGHO,Pleasure craft,440306680
/vessels/details/440056270,MANJEONHO,Pleasure craft,440056270
/vessels/details/440040690,226PA DO HO,Pleasure craft,440040690
/vessels/details/440117720,RESORT,Pleasure craft,440117720
/vessels/details/440409080,JIN SUNG HO,Pleasure craft,440409080
/vessels/details/440145830,KCG S-75,Pleasure craft,440145830
/vessels/details/440301890,SUNGJINHO,Pleasure craft,440301890
/vessels/details/440094160,JINSUNGHO,Pleasure craft,440094160
/vessels/details/440021520,IN SEONG HO,Pleasure craft,440021520
/vessels/details/440134360,YEONG GWANG HO,Pleasure craft,440134360
/vessels/details/440310920,612 CHEONGHAEHHO,Pleasure craft,440310920
/vessels/details/440068760,KEUM DEUK HO,Pleasure craft,440068760
/vessels/details/440156740,K2 HO,Pleasure craft,440156740
/vessels/details/440052330,305 DONG MYEONG,Pleasure craft,440052330
/vessels/details/440700068,KWANGMYUNG,Pleasure craft,440700068
/vessels/details/440141070,YOU SUONG HO,Pleasure craft,440141070
/vessels/details/440117220,HEALING,Pleasure craft,440117220
/vessels/details/440168730,DAE JIN HO,Pleasure craft,440168730
/vessels/details/440169450,POSEIDON HO,Pleasure craft,440169450
/vessels/details/440155030,VALKYRIE HO,Pleasure craft,440155030
/vessels/details/440123720,153 GI SEON HO,Pleasure craft,440123720
/vessels/details/440317720,PILOT KYUNGIN,Pleasure craft,440317720
/vessels/details/440033360,10 YEONG SEONG HO,Pleasure craft,440033360
/vessels/details/440065080,YEONG HWAN HO,Pleasure craft,440065080
/vessels/details/440198450,GGUM GWA DO JEON HO,Pleasure craft,440198450
/vessels/details/440333240,HYEON KYEONG HO,Pleasure craft,440333240
/vessels/details/440154750,HYGEIA,Pleasure craft,440154750
/vessels/details/440003420,HYUN JOO HO,Pleasure craft,440003420
/vessels/details/440001220,YU RA HO,Pleasure craft,440001220
/vessels/details/440166290,NEWVANCOUVER,Pleasure craft,440166290
/vessels/details/440077670,GINA,Sailing vessel,440077670
/vessels/details/440004980,SAM HWA,Pleasure craft,440004980
/vessels/details/440117250,WOO JE HO,Pleasure craft,440117250
/vessels/details/440046520,HWANGGEUM HO,Pleasure craft,440046520
/vessels/details/440152260,DEOK SAN HO,Sailing vessel,440152260
/vessels/details/440204860,JE11DONGHAEHO,Pleasure craft,440204860
/vessels/details/440137080,HAELANG HO,Pleasure craft,440137080
/vessels/details/441219000,TAMANGO,Sailing vessel,441219000
/vessels/details/440800562,ROK GOV VESSEL,Sailing vessel,440800562
/vessels/details/440014730,YEUNGJINHO,Pleasure craft,440014730
/vessels/details/440205630,NUMBERONEKOREA,Pleasure craft,440205630
/vessels/details/440401180,SEA LOVE,Sailing vessel,440401180
/vessels/details/440000830,WOOSEONG,Pleasure craft,440000830
/vessels/details/440205460,BLACKCASERHO,Pleasure craft,440205460
/vessels/details/440076930,GUNMYUNGHO,Pleasure craft,440076930
/vessels/details/440089750,GEUM SEONG HO,Pleasure craft,440089750
/vessels/details/440199440,BUREHO,Pleasure craft,440199440
/vessels/details/440098150,Z800 HO,Sailing vessel,440098150
/vessels/details/440189450,ULIHO,Pleasure craft,440189450
/vessels/details/440038910,KINGMARINE,Pleasure craft,440038910
/vessels/details/440069290,KCG S-1O3,Pleasure craft,440069290
/vessels/details/440048690,BYEODEOGHO,Pleasure craft,440048690
/vessels/details/440049980,WOO MI,Pleasure craft,440049980
/vessels/details/440318270,DEOPYEONANHOTELRESOR,Pleasure craft,440318270
/vessels/details/440102870,YUN SUNG HO,Pleasure craft,440102870
/vessels/details/440188690,BOGO 30HO,Pleasure craft,440188690
/vessels/details/440224060,HAIDUK,Pleasure craft,440224060
/vessels/details/440135610,HANSUNGHO,Pleasure craft,440135610
/vessels/details/440061540,DONG BANG HO,Pleasure craft,440061540
/vessels/details/440025560,JEONGSEONGHO,Pleasure craft,440025560
/vessels/details/440104910,307DAE SUNG HO,Pleasure craft,440104910
/vessels/details/440126620,FUN KING,Pleasure craft,440126620
/vessels/details/440322650,33 YEON SEONG HO,Pleasure craft,440322650
/vessels/details/440212180,200 DAEIIHO,Pleasure craft,440212180
/vessels/details/440100790,BELMARE,Sailing vessel,440100790
/vessels/details/440060170,NO.88 GEOBUK,Pleasure craft,440060170
/vessels/details/440008280,DAIWONHO,Pleasure craft,440008280
/vessels/details/440188420,BOSS6,Pleasure craft,440188420
/vessels/details/440211110,YEONG AM HO,Pleasure craft,440211110
/vessels/details/440071060,JEONBUK208,Pleasure craft,440071060
/vessels/details/440717100,PARADISE,Pleasure craft,440717100
/vessels/details/440139490,K EUM SEONG H0,Pleasure craft,440139490
/vessels/details/440097290,HAE O REUM HO,Pleasure craft,440097290
/vessels/details/440080280,SEONGJINHO,Pleasure craft,440080280
/vessels/details/440049590,HYEOPSINHO,Pleasure craft,440049590
/vessels/details/440019500,3DONG IL,Pleasure craft,440019500
/vessels/details/440166120,8 HWAN IL HO,Pleasure craft,440166120
/vessels/details/440332210,GWANG SEON HO,Pleasure craft,440332210
/vessels/details/440314560,101 JEONJIN,Pleasure craft,440314560
/vessels/details/440702980,WOOJIN,Pleasure craft,440702980
/vessels/details/440038420,JANG DEOK HO,Pleasure craft,440038420
/vessels/details/440500256,RE O TEK 3 HO,Pleasure craft,440500256
/vessels/details/440219470,CHEONG JIN HO,Pleasure craft,440219470
/vessels/details/440143200,232YEONG JU,Pleasure craft,440143200
/vessels/details/440310320,HWANG JE HO,Pleasure craft,440310320
/vessels/details/440105840,HAE IN HO,Pleasure craft,440105840
/vessels/details/440700500,5 WOO RI HO,Pleasure craft,440700500
/vessels/details/440331760,SUSUNGHO,Pleasure craft,440331760
/vessels/details/440144210,JIN JU,Pleasure craft,440144210
/vessels/details/440046760,DONGWONHO,Pleasure craft,440046760
/vessels/details/440095750,SAM SAM HO,Pleasure craft,440095750
/vessels/details/440314970,DAESEONGHO,Pleasure craft,440314970
/vessels/details/440335580,RANDOM,Sailing vessel,440335580
/vessels/details/440213080,SEOM NU RIM,Sailing vessel,440213080
/vessels/details/440329360,HAE SIN HO,Pleasure craft,440329360
/vessels/details/440022840,2002 HAEILHO,Pleasure craft,440022840
/vessels/details/440148570,SAE MA DO HO,Pleasure craft,440148570
/vessels/details/440058540,QONE,Pleasure craft,440058540
/vessels/details/440309490,ROUTE 66,Pleasure craft,440309490
/vessels/details/440095450,GREEN 1 HO,Pleasure craft,440095450
/vessels/details/440705570,DONG BAEK,Pleasure craft,440705570
/vessels/details/440315250,NOBLRES 2HO,Pleasure craft,440315250
/vessels/details/440234987,SEOM MA EUL,Pleasure craft,440234987
/vessels/details/440709500,DEOPYEONANLIJOTEU4,Pleasure craft,440709500
/vessels/details/440707600,YEO SU HYU RI HO,Pleasure craft,440707600
/vessels/details/440006360,ZEUSHO,Pleasure craft,440006360
/vessels/details/440723900,BAE BULTTUKYI HO,Sailing vessel,440723900
/vessels/details/440072580,ACEHO,Pleasure craft,440072580
/vessels/details/440197620,DAEJUYUNG2HO,Pleasure craft,440197620
/vessels/details/440162880,YOUNG OIL,Pleasure craft,440162880
/vessels/details/440018740,SAM HEUNG HO,Pleasure craft,440018740
/vessels/details/440109840,JISE 2HO,Pleasure craft,440109840
/vessels/details/440003780,JANG AN HO,Pleasure craft,440003780
/vessels/details/440320170,SUN IL HO,Pleasure craft,440320170
/vessels/details/440044010,GOOD TIME HO,Pleasure craft,440044010
/vessels/details/440171910,7 DAI CHENG,Pleasure craft,440171910
/vessels/details/440116840,SIM KWANG HO,Pleasure craft,440116840
/vessels/details/440115660,DEOKSEONGHO,Pleasure craft,440115660
/vessels/details/440010200,808SEOCHANGHO,Pleasure craft,440010200
/vessels/details/440010510,YOUNG SIN HO,Pleasure craft,440010510
/vessels/details/440220730,JAEYEONGHO,Pleasure craft,440220730
/vessels/details/440058550,TAEGEUKFISHING,Pleasure craft,440058550
/vessels/details/440800068,OCEANRESEARCHSHIP,Sailing vessel,440800068
/vessels/details/440217570,GWANG SEONG HO,Pleasure craft,440217570
/vessels/details/440044130,JINYOUNGHO,Pleasure craft,440044130
/vessels/details/440118330,NAM YUNG,Pleasure craft,440118330
/vessels/details/440050770,SEOMYEOHAENG3HO,Pleasure craft,440050770
/vessels/details/440335990,DONGWONHO,Pleasure craft,440335990
/vessels/details/440054740,AEDEUOSYEON,Pleasure craft,440054740
/vessels/details/440138320,LEEYEONHO,Pleasure craft,440138320
/vessels/details/440099720,JIN JU HO,Pleasure craft,440099720
/vessels/details/440056890,ALPHA,Pleasure craft,440056890
/vessels/details/440084950,ISLAND 2HO,Pleasure craft,440084950
/vessels/details/440216110,EUIJIHO,Pleasure craft,440216110
/vessels/details/440705740,1 CHEON GUNG HO,Pleasure craft,440705740
/vessels/details/440055470,SANGJINHO,Pleasure craft,440055470
/vessels/details/440706820,508ILYEONG,Pleasure craft,440706820
/vessels/details/440168510,WON JANG 3HO,Pleasure craft,440168510
/vessels/details/440301980,KOREANA,Sailing vessel,440301980
/vessels/details/440335520,YOO SEONG HO,Pleasure craft,440335520
/vessels/details/440118490,CHA DOL,Pleasure craft,440118490
/vessels/details/440004270,1 CHUNG YONG,Pleasure craft,440004270
/vessels/details/440031260,DAEWONHO,Pleasure craft,440031260
/vessels/details/440401120,YANGSEONGHO,Sailing vessel,440401120
/vessels/details/440155690,SEONGJIN3HO,Pleasure craft,440155690
/vessels/details/440302810,YOU JUNG 2 HO,Pleasure craft,440302810
/vessels/details/440006650,GREEN1,Pleasure craft,440006650
/vessels/details/440413080,5ILKWANGHO,Pleasure craft,440413080
/vessels/details/440087990,MODERATO,Pleasure craft,440087990
/vessels/details/440330910,CHEONG JEONG 2 HO,Pleasure craft,440330910
/vessels/details/440085860,SSICHEISEU 10HO,Pleasure craft,440085860
/vessels/details/440000197,HA NA HO,Pleasure craft,440000197
/vessels/details/440127070,DEOG YANG,Pleasure craft,440127070
/vessels/details/440510950,SISTARHO,Pleasure craft,440510950
/vessels/details/440054234,EUN GWANG HO,Pleasure craft,440054234
/vessels/details/440004380,135 DAE HEUNG HO,Pleasure craft,440004380
/vessels/details/440097750,KAL MAE KI HO,Pleasure craft,440097750
/vessels/details/440019580,KEUM KANG 9 HO,Pleasure craft,440019580
/vessels/details/440007320,JIN YOUNG 16HO,Pleasure craft,440007320
/vessels/details/440023240,MARINE HO,Pleasure craft,440023240
/vessels/details/440157010,GAISANSUSAN,Pleasure craft,440157010
/vessels/details/440216290,ANHEUNG SEONGNAM HO,Pleasure craft,440216290
/vessels/details/440170640,SWANY,Sailing vessel,440170640
/vessels/details/440190870,JE5 CHANG KYUNG HO,Pleasure craft,440190870
/vessels/details/440121660,NO101 BACK GU HO,Pleasure craft,440121660
/vessels/details/440075570,OHRORAHO,Pleasure craft,440075570
/vessels/details/440107210,JE 316 DONG CHANG HO,Pleasure craft,440107210
/vessels/details/440069670,DRAGON FISHING HO,Pleasure craft,440069670
/vessels/details/440703840,BLUE JADE,Sailing vessel,440703840
/vessels/details/440318660,EUN HA 1 HO,Pleasure craft,440318660
/vessels/details/440223050,PETRUS HO,Pleasure craft,440223050
/vessels/details/440113590,HANSUNG,Pleasure craft,440113590
/vessels/details/440000095,PPAPPONG,Pleasure craft,440000095
/vessels/details/440009890,LUCY,Pleasure craft,440009890
/vessels/details/440187120,HAE SEONG HO,Pleasure craft,440187120
/vessels/details/440005420,120HYUNDAIHO,Pleasure craft,440005420
/vessels/details/440310790,SIN NA RA HO,Pleasure craft,440310790
/vessels/details/440026340,GA CHANG,Pleasure craft,440026340
/vessels/details/440050150,GIORY HO,Pleasure craft,440050150
/vessels/details/440032530,HWA YANG,Pleasure craft,440032530
/vessels/details/440501320,JINBOHO,Pleasure craft,440501320
/vessels/details/440311430,JANG GWANG,Pleasure craft,440311430
/vessels/details/440121000,HAEYANGNURI,Sailing vessel,440121000
/vessels/details/440700620,JANGGUN,Pleasure craft,440700620
/vessels/details/440092390,SAMBASAIL,Sailing vessel,440092390
/vessels/details/440307070,ULJIN MARINE 5,Sailing vessel,440307070
/vessels/details/440304370,BONG SUNG HO,Pleasure craft,440304370
/vessels/details/440072730,SO SEO HO,Pleasure craft,440072730
/vessels/details/440215530,PYEONG HWA HO,Pleasure craft,440215530
/vessels/details/440800058,ROK GOV VESSEL,Sailing vessel,440800058
/vessels/details/440407870,RIVERCRUISGE1,Pleasure craft,440407870
/vessels/details/440137780,DAE HUNG HO,Pleasure craft,440137780
/vessels/details/440018470,BONG YOUNG HO,Pleasure craft,440018470
/vessels/details/440304140,DAEHEUNG1HO,Pleasure craft,440304140
/vessels/details/440069080,ILSEONGHO,Pleasure craft,440069080
/vessels/details/440331620,HYE SEUNG HO,Pleasure craft,440331620
/vessels/details/440217770,SMART HO,Pleasure craft,440217770
/vessels/details/440326180,WORLD MARINE,Pleasure craft,440326180
/vessels/details/440011410,PRINCE HO,Pleasure craft,440011410
/vessels/details/440800091,ROKS GOV VESSEL,Sailing vessel,440800091
/vessels/details/440116830,JULIANA,Sailing vessel,440116830
/vessels/details/440502430,WOLYOUNG STAR,Pleasure craft,440502430
/vessels/details/440127460,308JINYANGHO,Pleasure craft,440127460
/vessels/details/440066980,YONG SEONG HO,Pleasure craft,440066980
/vessels/details/440196750,HYEON DAE 20 HO,Pleasure craft,440196750
/vessels/details/440216190,GOSOOHO,Pleasure craft,440216190
/vessels/details/440319080,NICE HO,Pleasure craft,440319080
/vessels/details/440515575,SY TEST2,Pleasure craft,440515575
/vessels/details/440099580,DAE DEOK HO,Pleasure craft,440099580
/vessels/details/441181045,GIANT SAMBU 4,Pleasure craft,441181045
/vessels/details/440006520,SU SUNG HO,Pleasure craft,440006520
/vessels/details/440012210,SEONGRIMHO,Pleasure craft,440012210
/vessels/details/440310410,JE 3 DONG SEONG HO,Pleasure craft,440310410
/vessels/details/440049140,NAM IL HO,Pleasure craft,440049140
/vessels/details/440800093,R.O.K GOV VESSEL,Sailing vessel,440800093
/vessels/details/440055670,CHANGKYUNGHO,Pleasure craft,440055670
/vessels/details/440704790,JEONG MIN,Pleasure craft,440704790
/vessels/details/440150470,17 MAN GU,Pleasure craft,440150470
/vessels/details/440310590,2SUN FLOWER HO,Pleasure craft,440310590
/vessels/details/440164030,CHANGSUNGHO,Pleasure craft,440164030
/vessels/details/440707970,2SUSUNGHO,Pleasure craft,440707970
/vessels/details/440404850,JANG BO GO HO,Pleasure craft,440404850
/vessels/details/440404920,MAN SEONG HO,Pleasure craft,440404920
/vessels/details/440073930,HAE SEONG HO,Pleasure craft,440073930
/vessels/details/440408690,CHANG YANG HO,Pleasure craft,440408690
/vessels/details/440092940,PEGASUS,Sailing vessel,440092940
/vessels/details/440700540,SEONG HAE HO,Pleasure craft,440700540
/vessels/details/440024830,KAYDIHO,Pleasure craft,440024830
/vessels/details/440217140,VETERAN,Pleasure craft,440217140
/vessels/details/440129050,JE2WONJINHO,Pleasure craft,440129050
/vessels/details/440085830,NIMFA,Sailing vessel,440085830
/vessels/details/440735400,POSEIDON 2,Pleasure craft,440735400
/vessels/details/440008600,JE 2 HEE MANG HO,Pleasure craft,440008600
/vessels/details/440152270,BIG MAMA HO,Pleasure craft,440152270
/vessels/details/440022110,HAIYANG1,Pleasure craft,440022110
/vessels/details/440322170,DEUK UN 5 HO,Pleasure craft,440322170
/vessels/details/440065690,JU YEONG HO,Pleasure craft,440065690
/vessels/details/440402250,CINAVROHO,Pleasure craft,440402250
/vessels/details/440331140,JI CHEON TAE,Pleasure craft,440331140
/vessels/details/440024020,A RA 2 HO,Pleasure craft,440024020
/vessels/details/440106590,VIVA SEOUL,Pleasure craft,440106590
/vessels/details/440500155,DONGHOKWANKWANG,Pleasure craft,440500155
/vessels/details/440128270,JANG WONE HO,Pleasure craft,440128270
/vessels/details/440319790,DONG SIN,Pleasure craft,440319790
/vessels/details/440318120,YEONG SEONG HO,Pleasure craft,440318120
/vessels/details/440014830,JI HYEON HO,Pleasure craft,440014830
/vessels/details/440178860,IT WEDDING,Pleasure craft,440178860
/vessels/details/440200187,SUNYANGHO,Pleasure craft,440200187
/vessels/details/440085470,WON YEONG STAR,Pleasure craft,440085470
/vessels/details/440124510,YEON YAN HO,Pleasure craft,440124510
/vessels/details/440220570,BROTHER HO,Pleasure craft,440220570
/vessels/details/440145600,HAEOREUMHO,Pleasure craft,440145600
/vessels/details/440064320,YU LIM2HO,Pleasure craft,440064320
/vessels/details/440414360,WORLD HO,Pleasure craft,440414360
/vessels/details/440178090,NARIHO,Pleasure craft,440178090
/vessels/details/440319680,GO GEUM HO,Pleasure craft,440319680
/vessels/details/440142480,SIN JIN HO,Pleasure craft,440142480
/vessels/details/440015340,CHANGSEONG,Pleasure craft,440015340
/vessels/details/440222230,PALMAHO,Pleasure craft,440222230
/vessels/details/440028630,216 SIN SEONG HO,Pleasure craft,440028630
/vessels/details/8999893,KING FISH,Yacht,8999893
/vessels/details/440089680,MAN KYUNG HO,Pleasure craft,440089680
/vessels/details/440117580,JE101UILHO,Pleasure craft,440117580
/vessels/details/440702470,YONGSUNGHO,Pleasure craft,440702470
/vessels/details/440700300,6 WOO RI HO,Pleasure craft,440700300
/vessels/details/440180350,CHEON YANG 1 HO,Pleasure craft,440180350
/vessels/details/440036650,1SEON JIN HO,Pleasure craft,440036650
/vessels/details/440187870,INCHEON MARIN STAR,Pleasure craft,440187870
/vessels/details/440177190,JIN YANG HO,Pleasure craft,440177190
/vessels/details/440324780,JEONG MIN HO,Pleasure craft,440324780
/vessels/details/440022650,TAEPYEONGHO,Pleasure craft,440022650
/vessels/details/440218750,ILJINHO,Pleasure craft,440218750
/vessels/details/440122620,BOGOHO,Pleasure craft,440122620
/vessels/details/440021370,HAESINHO,Pleasure craft,440021370
/vessels/details/440707980,5 DE RIM HO,Pleasure craft,440707980
/vessels/details/440410440,SAMWOO 1,Pleasure craft,440410440
/vessels/details/440038280,SHARKHO,Pleasure craft,440038280
/vessels/details/440306250,DONG MING,Pleasure craft,440306250
/vessels/details/440027510,SINSINHO,Pleasure craft,440027510
/vessels/details/440068530,IL DO HO,Pleasure craft,440068530
/vessels/details/440148950,HEAYANG,Pleasure craft,440148950
/vessels/details/440048180,IL JIN,Pleasure craft,440048180
/vessels/details/440315150,7 DONG SEONG HO,Pleasure craft,440315150
/vessels/details/440131500,DEOKSU,Pleasure craft,440131500
/vessels/details/440155440,ODYSSEYHO,Pleasure craft,440155440
/vessels/details/440114870,CHANG WON,Pleasure craft,440114870
/vessels/details/440079890,HANA HO,Pleasure craft,440079890
/vessels/details/440053860,508 HAE DONG HO,Pleasure craft,440053860
/vessels/details/440317370,J0ENNAMHO,Pleasure craft,440317370
/vessels/details/440603140,ALICE,Pleasure craft,440603140
/vessels/details/440017990,SEOUL HO,Pleasure craft,440017990
/vessels/details/440125780,DONGBACK,Pleasure craft,440125780
/vessels/details/440314710,TONG SEON 3 HO,Pleasure craft,440314710
/vessels/details/440333460,YU LIM HO,Pleasure craft,440333460
/vessels/details/440019340,MANMARIN HO,Pleasure craft,440019340
/vessels/details/440223200,DONG JIN,Pleasure craft,440223200
/vessels/details/440600596,JAE701SUNGMINHO,Pleasure craft,440600596
/vessels/details/440201040,CHANG SIN HO,Pleasure craft,440201040
/vessels/details/440705070,3 SEON IL HO,Pleasure craft,440705070
/vessels/details/440178670,ACEHO,Pleasure craft,440178670
/vessels/details/440319260,NEW CHEONGHAIHO,Pleasure craft,440319260
/vessels/details/440322070,JUNG IN HO,Pleasure craft,440322070
/vessels/details/440157930,STELLA HO,Pleasure craft,440157930
/vessels/details/440151590,FISHINGTALK,Pleasure craft,440151590
/vessels/details/440413750,DAEMYUNGHO,Pleasure craft,440413750
/vessels/details/440200550,3 GYEONG JIN HO,Pleasure craft,440200550
/vessels/details/440161860,KKOTBODABONGDUGHO,Pleasure craft,440161860
/vessels/details/440602980,MIRABELL,Sailing vessel,440602980
/vessels/details/440329570,POSEIDONHO,Pleasure craft,440329570
/vessels/details/440094460,SEJINHO,Pleasure craft,440094460
/vessels/details/440316450,BOSUNGHO,Pleasure craft,440316450
/vessels/details/440202170,NEWJEONGHWANHO,Pleasure craft,440202170
/vessels/details/440303930,JINYEONG,Pleasure craft,440303930
/vessels/details/440104720,OHHYEONGJE,Pleasure craft,440104720
/vessels/details/440702480,GREENWORLD,Pleasure craft,440702480
/vessels/details/440086870,OCEANHO,Pleasure craft,440086870
/vessels/details/440217690,261YEONG JU,Pleasure craft,440217690
/vessels/details/440006560,LEEHAN,Sailing vessel,440006560
/vessels/details/440111040,YEO NAM HO,Pleasure craft,440111040
/vessels/details/440206730,BIKHITEU HO,Pleasure craft,440206730
/vessels/details/440702940,BLUEONE,Pleasure craft,440702940
/vessels/details/440317380,JE 5 HWAN IL HO,Pleasure craft,440317380
/vessels/details/440305070,SUNPOWER,Pleasure craft,440305070
/vessels/details/440204270,GALMAEGIHO,Pleasure craft,440204270
/vessels/details/440204030,JAE5 DAEHEUNGHO,Pleasure craft,440204030
/vessels/details/440123490,PETER HO,Pleasure craft,440123490
/vessels/details/440151670,OCEAN SHINHWA,Pleasure craft,440151670
/vessels/details/440085660,3 PYEONG HWA HO,Pleasure craft,440085660
/vessels/details/440069640,GANG MIN HO,Pleasure craft,440069640
/vessels/details/440330540,MI RAE RO HO,Pleasure craft,440330540
/vessels/details/440025590,SEONG JI HO,Pleasure craft,440025590
/vessels/details/440082990,HAE IN HO,Pleasure craft,440082990
/vessels/details/440311790,APOLLO,Pleasure craft,440311790
/vessels/details/440403960,SPECIAL DREAM HO,Pleasure craft,440403960
/vessels/details/440084820,JE2 SUN DEUK HO,Pleasure craft,440084820
/vessels/details/440058120,SUN YANG HO,Pleasure craft,440058120
/vessels/details/440213140,MANJI2HO,Pleasure craft,440213140
/vessels/details/440010690,DAESUNGHO,Pleasure craft,440010690
/vessels/details/440049660,OLYMPIAHO,Pleasure craft,440049660
/vessels/details/440324210,BANG JU HO,Pleasure craft,440324210
/vessels/details/440335160,DAEBAKHO,Pleasure craft,440335160
/vessels/details/440324050,HEUK SAN HU KEU 5 HO,Pleasure craft,440324050
/vessels/details/440115750,NAM YANG GOIDEU HO,Pleasure craft,440115750
/vessels/details/440318210,SUDEOKHO,Pleasure craft,440318210
/vessels/details/440320850,ECO PIA 2HO,Pleasure craft,440320850
/vessels/details/440404480,SAMPYO 202,Sailing vessel,440404480
/vessels/details/440110760,SE WON HO,Pleasure craft,440110760
/vessels/details/440413880,MYEONG PUM MARIN HO,Pleasure craft,440413880
/vessels/details/440501400,ESEUBI 77,Pleasure craft,440501400
/vessels/details/440048430,MUJINJANG2,Sailing vessel,440048430
/vessels/details/440056830,KYOUNG DONG HO,Pleasure craft,440056830
/vessels/details/440103430,TAEPUNGPISINGHO,Pleasure craft,440103430
/vessels/details/440029880,YOU SEONG 7 HO,Pleasure craft,440029880
/vessels/details/440600010,77SUNGJINHO,Pleasure craft,440600010
/vessels/details/440106820,CHOONG MOO TOUR,Pleasure craft,440106820
/vessels/details/440338590,DONGMINHO,Pleasure craft,440338590
/vessels/details/440075330,JE2006 DAE YANG HO,Pleasure craft,440075330
/vessels/details/440508370,YUNG GWANG HO,Pleasure craft,440508370
/vessels/details/440306760,PURINS,Pleasure craft,440306760
/vessels/details/440136820,HAE MAT E HO,Pleasure craft,440136820
/vessels/details/440067650,CHOO JA YEU HENG HO,Pleasure craft,440067650
/vessels/details/440700059,155 SAMKWANGHO,Pleasure craft,440700059
/vessels/details/440119170,STAR HO,Pleasure craft,440119170
/vessels/details/440336860,TAEYOUNGHO,Pleasure craft,440336860
/vessels/details/440317350,THETIS,Pleasure craft,440317350
/vessels/details/440024950,16DONGWONHO,Pleasure craft,440024950
/vessels/details/440053620,SEONYANGHO,Pleasure craft,440053620
/vessels/details/440307470,BAY KING 1HO,Pleasure craft,440307470
/vessels/details/440185620,YOTEUPATI,Sailing vessel,440185620
/vessels/details/440207090,SEJINHO,Pleasure craft,440207090
/vessels/details/440315290,309WONYOUNG,Pleasure craft,440315290
/vessels/details/440164250,11 WOO RI HO,Pleasure craft,440164250
/vessels/details/440123970,BLACK PINK HO,Pleasure craft,440123970
/vessels/details/440184470,DOL GO RAE TAM SA 2,Pleasure craft,440184470
/vessels/details/440200560,KWANG YEONG HO,Pleasure craft,440200560
/vessels/details/440309030,JINSU,Pleasure craft,440309030
/vessels/details/440800046,ROK GOV VESSEL,Sailing vessel,440800046
/vessels/details/440334030,KOOKJEHO,Pleasure craft,440334030
/vessels/details/440149930,DUCK SUNG HO,Pleasure craft,440149930
/vessels/details/440707620,MAN.SUNG HO,Pleasure craft,440707620
/vessels/details/440155070,DOK LO 2HO,Pleasure craft,440155070
/vessels/details/440052810,HAE SUNG 1HO,Pleasure craft,440052810
/vessels/details/440500205,YEONGJINHO,Pleasure craft,440500205
/vessels/details/440008770,JE3 NAM SU HO,Pleasure craft,440008770
/vessels/details/440718200,BERLINETTA,Sailing vessel,440718200
/vessels/details/440800585,ROK GOV VESSEL,Sailing vessel,440800585
/vessels/details/440145280,DAE DONG HO,Pleasure craft,440145280
/vessels/details/440708250,JE2 MAN YEONG HO,Pleasure craft,440708250
/vessels/details/440153150,MIN YOUNG HO,Pleasure craft,440153150
/vessels/details/440329330,NEW HAE KYUNG HO,Pleasure craft,440329330
/vessels/details/440113830,ARION HO,Pleasure craft,440113830
/vessels/details/440092290,SUPREME HO,Pleasure craft,440092290
/vessels/details/440065960,ARIRANGHO,Pleasure craft,440065960
/vessels/details/440324770,ASTELLA,Pleasure craft,440324770
/vessels/details/440068420,VISITORS2,Sailing vessel,440068420
/vessels/details/440107320,YONGJIN,Pleasure craft,440107320
/vessels/details/440190360,CHALLENGER,Pleasure craft,440190360
/vessels/details/440139870,HAE SUNG HO,Pleasure craft,440139870
/vessels/details/440301970,JEONNAM 921HO,Pleasure craft,440301970
/vessels/details/440076230,PHOENIX2,Pleasure craft,440076230
/vessels/details/440331180,KUNSUNGHO,Pleasure craft,440331180
/vessels/details/440326780,SAE BOM HO,Pleasure craft,440326780
/vessels/details/440335790,NARASARANG HO,Pleasure craft,440335790
/vessels/details/440031420,KANG YEONG HO,Pleasure craft,440031420
/vessels/details/440701200,BLACK EAGLES,Pleasure craft,440701200
/vessels/details/440206020,CHANG HAE HO,Pleasure craft,440206020
/vessels/details/440316460,206 HEUNGSUNG,Pleasure craft,440316460
/vessels/details/440005780,PUNGWOLHO,Pleasure craft,440005780
/vessels/details/440032430,JE1KEUMSEONGHO,Pleasure craft,440032430
/vessels/details/440049330,BUKYUNGHO,Pleasure craft,440049330
/vessels/details/440142070,DAEAN,Pleasure craft,440142070
/vessels/details/440078590,KEUN HYEONG HO,Pleasure craft,440078590
/vessels/details/440187440,SHIN,Sailing vessel,440187440
/vessels/details/440156410,ISUIRELANDHO,Pleasure craft,440156410
/vessels/details/440047860,SEUNG JIN HO,Pleasure craft,440047860
/vessels/details/440112570,USEONGHO,Pleasure craft,440112570
/vessels/details/440139860,YEONG JUN HO,Pleasure craft,440139860
/vessels/details/440059960,NEWMANJINSTA,Pleasure craft,440059960
/vessels/details/440088270,GIDURAMI,Pleasure craft,440088270
/vessels/details/440328970,205 GI WON HO,Pleasure craft,440328970
/vessels/details/440202590,RHINOS,Sailing vessel,440202590
/vessels/details/440320920,KO MA TEC -11,Pleasure craft,440320920
/vessels/details/440164390,RA ON HYEOM HO,Pleasure craft,440164390
/vessels/details/440082030,SUBOGHO,Pleasure craft,440082030
/vessels/details/440057850,JE2NAM HAE HO,Pleasure craft,440057850
/vessels/details/440332370,SEUNG JIN HO,Pleasure craft,440332370
/vessels/details/440101530,CALANDO,Pleasure craft,440101530
/vessels/details/440130420,HAN SAEM HO,Pleasure craft,440130420
/vessels/details/440302580,YEONG SEONG 3 HO,Pleasure craft,440302580
/vessels/details/440003300,CHUM BOK,Pleasure craft,440003300
/vessels/details/440077480,JE5TAEPYEONGYANGHO,Pleasure craft,440077480
/vessels/details/440077570,7 KEUM SAN HO,Pleasure craft,440077570
/vessels/details/440074770,NEWGWANGMYEONGHO,Sailing vessel,440074770
/vessels/details/440005320,7SSANG YOUNG HO,Pleasure craft,440005320
/vessels/details/440310230,SIN SEONG HO,Pleasure craft,440310230
/vessels/details/440054830,JANGHYEONHO,Pleasure craft,440054830
/vessels/details/440406250,JEA CHANG HO,Pleasure craft,440406250
/vessels/details/440135550,WOOCHANG HO,Pleasure craft,440135550
/vessels/details/440310840,1GAYA HO,Pleasure craft,440310840
/vessels/details/440011480,77 GWANG YANG HO,Pleasure craft,440011480
/vessels/details/440147530,DEUNGDAE NO.7,Pleasure craft,440147530
/vessels/details/440127010,802GANG DONG HO,Pleasure craft,440127010
/vessels/details/440025260,DONG SAM,Pleasure craft,440025260
/vessels/details/440095910,RUNA,Sailing vessel,440095910
/vessels/details/440017930,13 SEUNG JIN HO,Pleasure craft,440017930
/vessels/details/440325620,DONG YANG 5HO,Pleasure craft,440325620
/vessels/details/440058340,2DEOKSEONGHO,Pleasure craft,440058340
/vessels/details/440126490,JE102UILHO,Pleasure craft,440126490
/vessels/details/440337820,JINYUNGHO,Pleasure craft,440337820
/vessels/details/440316480,TAE YEONG 2HO,Pleasure craft,440316480
/vessels/details/440072940,SEASTAR,Sailing vessel,440072940
/vessels/details/440412970,HERE,Pleasure craft,440412970
/vessels/details/440704720,SAM SEONG HO,Pleasure craft,440704720
/vessels/details/440029230,HAE SHIN HO,Pleasure craft,440029230
/vessels/details/440013920,NO EUL HO,Pleasure craft,440013920
/vessels/details/440219340,DAE IL HO,Pleasure craft,440219340
/vessels/details/440048990,MUHANJAYU,Sailing vessel,440048990
/vessels/details/440220740,BENETEAU OCEANIS38,Sailing vessel,440220740
/vessels/details/440310640,NEW HO PEU 2,Pleasure craft,440310640
/vessels/details/440069920,DONG YEONG HO,Pleasure craft,440069920
/vessels/details/440116390,NEW ORION HO,Pleasure craft,440116390
/vessels/details/440119810,YUNGHWAHO,Pleasure craft,440119810
/vessels/details/440413220,ANDANTE,Sailing vessel,440413220
/vessels/details/440041660,21 GUMKANG,Pleasure craft,440041660
/vessels/details/440224020,HAN SEONG HO,Pleasure craft,440224020
/vessels/details/440063180,BLACK TIGER HO,Pleasure craft,440063180
/vessels/details/440051280,SEVEN,Pleasure craft,440051280
/vessels/details/440325610,JANICE 2 HO,Pleasure craft,440325610
/vessels/details/440702770,DOBIDOO,Sailing vessel,440702770
/vessels/details/440703740,GYEONGEUN,Pleasure craft,440703740
/vessels/details/440703190,GYEONG SEONG,Pleasure craft,440703190
/vessels/details/440334940,MYEONGJIN 2 HO,Pleasure craft,440334940
/vessels/details/440048040,MIN SOO HO,Pleasure craft,440048040
/vessels/details/440048170,BU GYEONG HO,Pleasure craft,440048170
/vessels/details/440302160,CHEONNAM215HO,Pleasure craft,440302160
/vessels/details/440213360,NAM IL HO,Pleasure craft,440213360
/vessels/details/440305210,77SUNGHAIHO,Pleasure craft,440305210
/vessels/details/440060130,MYEONGINBANGHO,Pleasure craft,440060130
/vessels/details/440120150,DAESHINHO,Pleasure craft,440120150
/vessels/details/440509010,KIM DAE YEONG HO,Pleasure craft,440509010
/vessels/details/440133680,JINSUNGHO,Pleasure craft,440133680
/vessels/details/440002970,BU YOUNG,Pleasure craft,440002970
/vessels/details/440098450,S-121,Sailing vessel,440098450
/vessels/details/440123920,JE 3 DONG SIN,Pleasure craft,440123920
/vessels/details/440053730,UN SOO HO,Pleasure craft,440053730
/vessels/details/440335920,JONG SEONG HO,Pleasure craft,440335920
/vessels/details/440719100,BELLADONNA,Pleasure craft,440719100
/vessels/details/440600284,JE101 DONGJUHO,Pleasure craft,440600284
/vessels/details/440078720,SAMGWANGHO,Pleasure craft,440078720
/vessels/details/440300136,SANMARINOHO,Pleasure craft,440300136
/vessels/details/440196990,PLAN BEE,Sailing vessel,440196990
/vessels/details/440006380,HUNG MI HO,Pleasure craft,440006380
/vessels/details/440169940,JE3YONGIHO,Pleasure craft,440169940
/vessels/details/440081490,3 SANG JIN,Pleasure craft,440081490
/vessels/details/440040560,BK3HO,Pleasure craft,440040560
/vessels/details/440041860,ALLFOUR OCEAN,Pleasure craft,440041860
/vessels/details/440013110,CHIWONHO,Pleasure craft,440013110
/vessels/details/440103370,HWA SHIN,Pleasure craft,440103370
/vessels/details/440090690,SUNNY,Pleasure craft,440090690
/vessels/details/440017380,ECONURI,Pleasure craft,440017380
/vessels/details/440008240,NAMYANGHO,Pleasure craft,440008240
/vessels/details/440722800,KCG3017,Sailing vessel,440722800
/vessels/details/440087280,AMUDAENA,Pleasure craft,440087280
/vessels/details/440023840,JJANG KU HO,Pleasure craft,440023840
/vessels/details/440326220,DAE SEON HO,Pleasure craft,440326220
/vessels/details/440159520,HYEONDAE2HO,Pleasure craft,440159520
/vessels/details/440181680,DEBORAH,Sailing vessel,440181680
/vessels/details/440080740,MIN JAE HO,Pleasure craft,440080740
/vessels/details/440195160,NEWSAEBADAHO,Pleasure craft,440195160
/vessels/details/440119620,HYEOB DONG 2 HO,Pleasure craft,440119620
/vessels/details/440085480,HYEOP JIN HO,Pleasure craft,440085480
/vessels/details/440053830,SKYSEA,Pleasure craft,440053830
/vessels/details/440044280,DAEBAK1HO,Pleasure craft,440044280
/vessels/details/440040730,PROHO,Pleasure craft,440040730
/vessels/details/440034430,YONGBOGHO,Pleasure craft,440034430
/vessels/details/440800063,ROK GOV VESSEL,Sailing vessel,440800063
/vessels/details/440110680,HA NU RI HO,Pleasure craft,440110680
/vessels/details/441419070,902GRQJKYA,Pleasure craft,441419070
/vessels/details/440095270,MYUNGSEONGHO,Pleasure craft,440095270
/vessels/details/440079410,DAE SUNG HO,Pleasure craft,440079410
/vessels/details/440152760,JIN NAM HO,Pleasure craft,440152760
/vessels/details/440186980,POSEIDON,Pleasure craft,440186980
/vessels/details/440089290,NEWHOLIDAY,Pleasure craft,440089290
/vessels/details/440063880,KA DEUK HO,Pleasure craft,440063880
/vessels/details/440184280,BAEKHO,Pleasure craft,440184280
/vessels/details/440324540,NEW MYUNG JIN HO,Pleasure craft,440324540
/vessels/details/440198490,MIR HO,Pleasure craft,440198490
/vessels/details/440311090,JE 11 SEA WORLD HO,Pleasure craft,440311090
/vessels/details/440505080,CHANG DEOK,Pleasure craft,440505080
/vessels/details/440047690,KWANG SUNG HO,Pleasure craft,440047690
/vessels/details/440124250,YU MEYNG HO,Pleasure craft,440124250
/vessels/details/440700510,SANGGEURILRA V,Pleasure craft,440700510
/vessels/details/440004220,DONGMYONGHO,Pleasure craft,440004220
/vessels/details/440072190,VIVERE,Pleasure craft,440072190
/vessels/details/440506580,FISHING POWER,Pleasure craft,440506580
/vessels/details/440800092,ROK GOV VESSEL,Sailing vessel,440800092
/vessels/details/440004170,HARMONY,Pleasure craft,440004170
/vessels/details/440140570,DOO SEONG3HO,Pleasure craft,440140570
/vessels/details/440800563,ROK GOV VESSEL,Sailing vessel,440800563
/vessels/details/440033690,BOGSEONG,Pleasure craft,440033690
/vessels/details/440800579,ROK GOV VESSEL,Sailing vessel,440800579
/vessels/details/440329340,DAISUNGHO,Pleasure craft,440329340
/vessels/details/440500480,JE2JEJUHO,Pleasure craft,440500480
/vessels/details/440190620,ALOHA,Sailing vessel,440190620
/vessels/details/440702740,U DO LAND 3HO,Pleasure craft,440702740
/vessels/details/440114230,301MYWAY,Sailing vessel,440114230
/vessels/details/440122700,TEAMMYEONGSEONG,Pleasure craft,440122700
/vessels/details/440010370,EOSEONGHO,Pleasure craft,440010370
/vessels/details/440197150,BLACKPEOL 5HO,Pleasure craft,440197150
/vessels/details/440193320,METIS,Pleasure craft,440193320
/vessels/details/440167910,S-80,Pleasure craft,440167910
/vessels/details/440128560,ZEPHYRUS,Pleasure craft,440128560
/vessels/details/440507180,DONG A HO,Pleasure craft,440507180
/vessels/details/440510850,BLUEMARLINHO,Pleasure craft,440510850
/vessels/details/440091660,SONG KANG 2 HO,Pleasure craft,440091660
/vessels/details/440016450,MARINE STAR HO,Pleasure craft,440016450
/vessels/details/440136950,HYEON DAE HO,Pleasure craft,440136950
/vessels/details/440327020,JAE3HANBAEKSUSANHO,Pleasure craft,440327020
/vessels/details/440336840,JANG SU HO,Pleasure craft,440336840
/vessels/details/440199140,DAE SEONG HO,Pleasure craft,440199140
/vessels/details/440103770,HAI CHAN HO,Pleasure craft,440103770
/vessels/details/440054130,DUWONHO,Pleasure craft,440054130
/vessels/details/440316210,BLUENAVI,Sailing vessel,440316210
/vessels/details/440055730,SEVEN FISHING,Pleasure craft,440055730
/vessels/details/440048570,SMART1,Pleasure craft,440048570
/vessels/details/440201150,POSEIDON,Pleasure craft,440201150
/vessels/details/440084610,JE 88 HAN IL HO,Pleasure craft,440084610
/vessels/details/440219900,DEUNG DAE HO,Pleasure craft,440219900
/vessels/details/440070270,YOUNG JONG HO,Pleasure craft,440070270
/vessels/details/440042070,ACE,Pleasure craft,440042070
/vessels/details/440038880,NEW HYEONG JE HO,Pleasure craft,440038880
/vessels/details/440410140,NALCHNALCH,Sailing vessel,440410140
/vessels/details/440507390,KAISERHO,Pleasure craft,440507390
/vessels/details/440170130,TONGKEUNHO,Pleasure craft,440170130
/vessels/details/440506410,GEUM A,Pleasure craft,440506410
/vessels/details/440117990,TAE JEONG,Sailing vessel,440117990
/vessels/details/440085680,SAM YANG HO,Pleasure craft,440085680
/vessels/details/440029580,27KEOYANGHO,Pleasure craft,440029580
/vessels/details/440002880,CHUNGK WANG,Pleasure craft,440002880
/vessels/details/440005350,SIN MYNG HO,Pleasure craft,440005350
/vessels/details/440065590,JE IL HO,Pleasure craft,440065590
/vessels/details/440331060,NAM SEO 1,Pleasure craft,440331060
/vessels/details/440301580,SAM DO HO,Pleasure craft,440301580
/vessels/details/440005220,KWANG IL,Pleasure craft,440005220
/vessels/details/440505930,DEOK HO,Pleasure craft,440505930
/vessels/details/440303870,WON YEONG HO,Pleasure craft,440303870
/vessels/details/440113480,JIHUN2HO,Pleasure craft,440113480
/vessels/details/440218900,BLUE 2HO,Pleasure craft,440218900
/vessels/details/440103640,JE IL 1 HO,Pleasure craft,440103640
/vessels/details/440401720,JEON IL HO,Pleasure craft,440401720
/vessels/details/440012530,HANGANG ARA,Pleasure craft,440012530
/vessels/details/440131230,DAE YANG HO,Pleasure craft,440131230
/vessels/details/440336070,2 EO SEONG HO,Pleasure craft,440336070
/vessels/details/440070130,WHITE FOX,Pleasure craft,440070130
/vessels/details/440209160,JE IL,Pleasure craft,440209160
/vessels/details/440700520,GRANDBLEU,Pleasure craft,440700520
/vessels/details/440122300,NO.7 JANGSEUNGPO,Pleasure craft,440122300
/vessels/details/440125940,HWAYUNGHO,Pleasure craft,440125940
/vessels/details/440401250,HUNTER HO,Pleasure craft,440401250
/vessels/details/440328040,WONZANGHO5C5C5C5,Pleasure craft,440328040
/vessels/details/440878700,YEONJUNGHO,Pleasure craft,440878700
/vessels/details/440135320,UNG JIN G-25S,Pleasure craft,440135320
/vessels/details/440086670,303ILCHULHO,Pleasure craft,440086670
/vessels/details/440017390,JIN HUNG HO,Pleasure craft,440017390
/vessels/details/440091340,JANICEHO,Pleasure craft,440091340
/vessels/details/440318590,NAMYANG 7 HO,Pleasure craft,440318590
/vessels/details/440800514,ROK GOV SHIP,Sailing vessel,440800514
/vessels/details/440319010,HAEMALKEUNHO,Pleasure craft,440319010
/vessels/details/440600520,YUMINHO,Pleasure craft,440600520
/vessels/details/440169230,HAE WANG HO,Pleasure craft,440169230
/vessels/details/440215550,HAEKWANGHO,Pleasure craft,440215550
/vessels/details/440603330,SUSUNGHO,Pleasure craft,440603330
/vessels/details/440244000,5SEUNG JIN HO,Pleasure craft,440244000
/vessels/details/440153320,SEUNG RI HO,Pleasure craft,440153320
/vessels/details/440189470,PRO FISHING HO,Pleasure craft,440189470
/vessels/details/440016710,JE 3 HWANG DEOK HO,Pleasure craft,440016710
/vessels/details/440408090,OTTOGI,Pleasure craft,440408090
/vessels/details/440149780,528 YONG JUNG HO,Pleasure craft,440149780
/vessels/details/440111870,YONG SUNG HO,Pleasure craft,440111870
/vessels/details/440050570,DAESANG7HO,Pleasure craft,440050570
/vessels/details/440144130,YEONGSEUTA,Pleasure craft,440144130
/vessels/details/440507280,CRYSTAL HO,Pleasure craft,440507280
/vessels/details/440335220,OPIUM,Sailing vessel,440335220
/vessels/details/440050310,SUHO CHEONSA HO,Pleasure craft,440050310
/vessels/details/440112010,DAEHAN HO,Pleasure craft,440112010
/vessels/details/440000760,ANDREW,Sailing vessel,440000760
/vessels/details/440300520,SEON KYEONG,Pleasure craft,440300520
/vessels/details/440086140,HAE NAM 2,Pleasure craft,440086140
/vessels/details/440501020,DONG BACK HO,Pleasure craft,440501020
/vessels/details/440016280,JEONKOKHANGBADANURI,Pleasure craft,440016280
/vessels/details/440018080,DONGSINHO,Pleasure craft,440018080
/vessels/details/440335310,YOUNGDONGHO,Pleasure craft,440335310
/vessels/details/440705180,YONGKUNG3,Pleasure craft,440705180
/vessels/details/440060120,GYEONGHYANGHO,Pleasure craft,440060120
/vessels/details/440308190,7HWAN GYEONG HO,Pleasure craft,440308190
/vessels/details/441793000,NO.66 DONGHO,Pleasure craft,441793000
/vessels/details/440065420,POLESTAR,Sailing vessel,440065420
/vessels/details/440105480,DAE WANG HO,Pleasure craft,440105480
/vessels/details/440137100,OCEAN5HO,Pleasure craft,440137100
/vessels/details/440216810,MYEONG JEONG HO,Pleasure craft,440216810
/vessels/details/440332770,MAEILHO,Pleasure craft,440332770
/vessels/details/440224970,SEON IL,Pleasure craft,440224970
/vessels/details/440303770,HANRYEOFERRY,Pleasure craft,440303770
/vessels/details/440145380,BONGJIN,Pleasure craft,440145380
/vessels/details/440182490,YONG SEONG HO,Pleasure craft,440182490
/vessels/details/440315520,GEUM MYENG HO,Pleasure craft,440315520
/vessels/details/440324160,DOL PIN HO,Pleasure craft,440324160
/vessels/details/440034040,EBAEDAHO,Pleasure craft,440034040
/vessels/details/440738200,620GEUMSEONGHO,Pleasure craft,440738200
/vessels/details/440059460,DONG MYENG HO,Pleasure craft,440059460
/vessels/details/440144380,GYUNG NAM 237,Pleasure craft,440144380
/vessels/details/440054580,DAEHAN2HO,Pleasure craft,440054580
/vessels/details/440083120,5HAEPUNG,Pleasure craft,440083120
/vessels/details/440501070,GEON YEANG HO,Pleasure craft,440501070
/vessels/details/440089610,JIN YANG HO,Pleasure craft,440089610
/vessels/details/440121840,TEAM SUPREME HO,Pleasure craft,440121840
/vessels/details/440077840,MANWOOHO,Pleasure craft,440077840
/vessels/details/440209390,LAVENDER,Sailing vessel,440209390
/vessels/details/440600136,JE 313 DAEKYUNGHO,Pleasure craft,440600136
/vessels/details/440305440,SEO JIN 2HO,Pleasure craft,440305440
/vessels/details/440039010,7HANSINHO,Pleasure craft,440039010
/vessels/details/440329350,DAE MYEONG 3,Pleasure craft,440329350
/vessels/details/440052170,CHRISTINA,Pleasure craft,440052170
/vessels/details/440110110,MANGEUM2HO,Pleasure craft,440110110
/vessels/details/440127290,DOL PHIN,Pleasure craft,440127290
/vessels/details/440067990,207JAEKYUNG,Pleasure craft,440067990
/vessels/details/440097940,KI SEONG HO,Pleasure craft,440097940
/vessels/details/440509440,OYANG HO,Pleasure craft,440509440
/vessels/details/440000010,SEONGHOHO,Pleasure craft,440000010
/vessels/details/440226060,DISCOVERY,Pleasure craft,440226060
/vessels/details/440600419,800ILKWANGHO,Pleasure craft,440600419
/vessels/details/440144260,TAMGOO16,Pleasure craft,440144260
/vessels/details/440068510,ROYEOLPARKCITY,Pleasure craft,440068510
/vessels/details/440000037,LADYBLUES,Sailing vessel,440000037
/vessels/details/440189130,HERMES,Sailing vessel,440189130
/vessels/details/440076020,CHUNG PA HO,Pleasure craft,440076020
/vessels/details/440171160,CHOE SIN HO,Pleasure craft,440171160
/vessels/details/440410580,YONGSTARHO,Pleasure craft,440410580
/vessels/details/440093460,GIANT HO,Pleasure craft,440093460
/vessels/details/440133170,KISUNGHO,Pleasure craft,440133170
/vessels/details/440159430,TIMSSEONIHO,Pleasure craft,440159430
/vessels/details/440142030,NO.6 HWASEONGHO,Pleasure craft,440142030
/vessels/details/440155810,JONG EUN,Pleasure craft,440155810
/vessels/details/440137460,600 AN SEONG3 HO,Pleasure craft,440137460
/vessels/details/440015100,AMBER,Sailing vessel,440015100
/vessels/details/440331270,EASTPACK,Sailing vessel,440331270
/vessels/details/440015740,3JONGGIL,Pleasure craft,440015740
/vessels/details/440334610,601 KWANG SUNG HO,Pleasure craft,440334610
/vessels/details/440408490,PACIFIC 48 HO,Pleasure craft,440408490
/vessels/details/440006880,DREAM ODYSSEY,Sailing vessel,440006880
/vessels/details/440109120,HANRYEOSUDO 2HO,Pleasure craft,440109120
/vessels/details/440128780,KYUNGNAM240HO,Pleasure craft,440128780
/vessels/details/440120580,JE2 SINHWAHO,Pleasure craft,440120580
/vessels/details/440172340,PUNG SAN HO,Pleasure craft,440172340
/vessels/details/440179140,S-105,Sailing vessel,440179140
/vessels/details/440331550,KF-22,Pleasure craft,440331550
/vessels/details/440800216,R.O.K GOV VESSEL,Sailing vessel,440800216
/vessels/details/440000478,SEUNGRI,Pleasure craft,440000478
/vessels/details/440405950,SIN JEONG HO,Pleasure craft,440405950
/vessels/details/440222010,DAE SEONG HO,Pleasure craft,440222010
/vessels/details/440224280,SAMSUN20HO,Pleasure craft,440224280
/vessels/details/440602140,CHAMMAEHO,Pleasure craft,440602140
/vessels/details/440188850,MAN SEON HO,Pleasure craft,440188850
/vessels/details/440507930,BLUE FISHING HO,Pleasure craft,440507930
/vessels/details/440138940,BUL KWEYNG HO,Pleasure craft,440138940
/vessels/details/440600378,YANG SEUNG HO,Pleasure craft,440600378
/vessels/details/440013460,KWANG JIN HO,Pleasure craft,440013460
/vessels/details/440151890,JO MANHO,Pleasure craft,440151890
/vessels/details/440302900,MYUNG IN HO,Pleasure craft,440302900
/vessels/details/440165480,TAESEONGHO,Pleasure craft,440165480
/vessels/details/440065470,6 DAE KWANG HO,Pleasure craft,440065470
/vessels/details/440093070,GANG GYEONG 1HO,Pleasure craft,440093070
/vessels/details/440045910,SEUNG WON HO,Pleasure craft,440045910
/vessels/details/440183630,CHEON SA1004 HO,Pleasure craft,440183630
/vessels/details/440162280,SUNSHINE,Sailing vessel,440162280
/vessels/details/440166630,SEUNHO,Pleasure craft,440166630
/vessels/details/440311490,VICTORIHO,Pleasure craft,440311490
/vessels/details/440132670,MI JO HO,Pleasure craft,440132670
/vessels/details/440313530,JEON JIN HO,Pleasure craft,440313530
/vessels/details/440102500,YOUNSOQ,Pleasure craft,440102500
/vessels/details/440142210,HARAM,Pleasure craft,440142210
/vessels/details/440507450,KANGNAMHO,Pleasure craft,440507450
/vessels/details/440153890,SUBOKHO,Pleasure craft,440153890
/vessels/details/440124370,HAISUNG 7HO,Pleasure craft,440124370
/vessels/details/440212140,FISINGRENDHO,Pleasure craft,440212140
/vessels/details/440054440,SINHEUNGHO,Pleasure craft,440054440
/vessels/details/440013960,ILO SAM HO,Pleasure craft,440013960
/vessels/details/440702090,203 NARAHO,Pleasure craft,440702090
/vessels/details/440332050,DAE CHANG HO,Pleasure craft,440332050
/vessels/details/440310990,SSIULPEUHO,Pleasure craft,440310990
/vessels/details/440145420,SI EN HO,Pleasure craft,440145420
/vessels/details/440119910,MUGUNGHWA HO,Pleasure craft,440119910
/vessels/details/440083420,CHEONHAE,Pleasure craft,440083420
/vessels/details/440017640,HAE SEONGHO,Pleasure craft,440017640
/vessels/details/440207010,YEONG JU,Pleasure craft,440207010
/vessels/details/440314630,LAVENDER,Sailing vessel,440314630
/vessels/details/440335190,HYUNDAIHO,Pleasure craft,440335190
/vessels/details/440171380,HYEONG JE HO,Pleasure craft,440171380
/vessels/details/440186550,DONG JIN HO,Pleasure craft,440186550
/vessels/details/440073130,HAN JIN HO,Pleasure craft,440073130
/vessels/details/440306770,DAE JOON HO,Pleasure craft,440306770
/vessels/details/440186540,YEONG KWANG HO,Pleasure craft,440186540
/vessels/details/440081510,HAERYONGHO,Pleasure craft,440081510
/vessels/details/440131610,KYOUGNAM,Pleasure craft,440131610
/vessels/details/440136940,NEWSEAWORAD,Pleasure craft,440136940
/vessels/details/440086440,ONE STAR HO,Pleasure craft,440086440
/vessels/details/440049560,NA RAE HO,Pleasure craft,440049560
/vessels/details/440705820,2PUNGGANG,Pleasure craft,440705820
/vessels/details/440156710,MYUNGINHO,Pleasure craft,440156710
/vessels/details/440000053,LADYBLUES,Sailing vessel,440000053
/vessels/details/440017860,GREEN5,Pleasure craft,440017860
/vessels/details/440142840,GWANG MYEONG HO,Pleasure craft,440142840
/vessels/details/440403580,PARADISE,Sailing vessel,440403580
/vessels/details/440018320,5 MIN SEONG HO,Pleasure craft,440018320
/vessels/details/440334240,DONG GWANG HO,Pleasure craft,440334240
/vessels/details/440109190,JAE3 DONGSUNGHO,Pleasure craft,440109190
/vessels/details/440134460,CHIL KAWANG HO,Pleasure craft,440134460
/vessels/details/440101940,O SUNG HO,Pleasure craft,440101940
/vessels/details/440200430,BYEOK YANG HO,Pleasure craft,440200430
/vessels/details/440078290,ACCANITO,Sailing vessel,440078290
/vessels/details/440407620,SONG HYEON HO,Pleasure craft,440407620
/vessels/details/440099040,HWA YEONG HO,Pleasure craft,440099040
/vessels/details/440111270,WANG SEONG HO,Pleasure craft,440111270
/vessels/details/440171650,VICTORY,Pleasure craft,440171650
/vessels/details/440031580,CHANG YOUNG,Pleasure craft,440031580
/vessels/details/440132650,TAEKONGHO,Pleasure craft,440132650
/vessels/details/440323920,HANIL,Pleasure craft,440323920
/vessels/details/440508280,RESONANCE,Sailing vessel,440508280
/vessels/details/440135780,CHUNGPAHO,Pleasure craft,440135780
/vessels/details/440108670,JISE 1HO,Pleasure craft,440108670
/vessels/details/440600616,202KEUMYEONGHO,Pleasure craft,440600616
/vessels/details/440509970,BLUEMOONHO,Pleasure craft,440509970
/vessels/details/440078380,HAIJINHO,Pleasure craft,440078380
/vessels/details/440110360,ROSEMARY,Sailing vessel,440110360
/vessels/details/440505550,HAE GWANG,Pleasure craft,440505550
/vessels/details/440064050,NEW DA ON HO,Pleasure craft,440064050
/vessels/details/440141190,EO CHON 1 HO,Pleasure craft,440141190
/vessels/details/440019390,DAE BU HO,Pleasure craft,440019390
/vessels/details/440409780,HEMINGWAY,Sailing vessel,440409780
/vessels/details/440105190,YONG SUNG HO,Pleasure craft,440105190
/vessels/details/440707210,20 HANG RYONG,Pleasure craft,440707210
/vessels/details/440318410,JINYANGHO,Pleasure craft,440318410
/vessels/details/440038660,3JUNGRYANGHO,Pleasure craft,440038660
/vessels/details/440309970,2003YEONGHO,Pleasure craft,440309970
/vessels/details/440210190,AJIMUET 66,Sailing vessel,440210190
/vessels/details/440052720,NO.1,Pleasure craft,440052720
/vessels/details/440206250,KUKYANG NO.535,Pleasure craft,440206250
/vessels/details/440800539,ROK GOV VESSEL,Sailing vessel,440800539
/vessels/details/440708650,DAEYANG,Pleasure craft,440708650
/vessels/details/440017650,3 MIN SUNG HO,Pleasure craft,440017650
/vessels/details/440048890,DONG HAE HO,Pleasure craft,440048890
/vessels/details/440314570,GUEM DALI,Pleasure craft,440314570
/vessels/details/440502850,TTUNG SEU HO,Pleasure craft,440502850
/vessels/details/440201370,MERRYFISHER895S,Pleasure craft,440201370
/vessels/details/440311620,AROEUICHODAE,Sailing vessel,440311620
/vessels/details/440300675,ISLANDHO,Pleasure craft,440300675
/vessels/details/440207480,ORANGE HO,Pleasure craft,440207480
/vessels/details/440185390,COMBOHO2,Sailing vessel,440185390
/vessels/details/440182290,JE2 HYO SEONG HO,Pleasure craft,440182290
/vessels/details/440197050,CHAMPION HO,Pleasure craft,440197050
/vessels/details/440704540,213WIWORIDHO,Pleasure craft,440704540
/vessels/details/440505640,JE 2 DAE KYUNG HO,Pleasure craft,440505640
/vessels/details/440403260,BOSTON WHALER,Pleasure craft,440403260
/vessels/details/440214660,ESTRELLA,Sailing vessel,440214660
/vessels/details/440510070,CHUNG MU 7 HO,Pleasure craft,440510070
/vessels/details/440500173,205 BAEK KYUNG HO,Pleasure craft,440500173
/vessels/details/440334350,MOYERIHO,Pleasure craft,440334350
/vessels/details/440213390,KILEUNHO,Pleasure craft,440213390
/vessels/details/440414570,KANGRYONGHO,Pleasure craft,440414570
/vessels/details/440187090,LEJEONDEUHO,Pleasure craft,440187090
/vessels/details/440035490,CHEONG SAN HO,Pleasure craft,440035490
/vessels/details/440800482,ROK GOV VESSEL,Sailing vessel,440800482
/vessels/details/440034730,NEW CHU JEOK JA HO,Pleasure craft,440034730
/vessels/details/440409020,PACIFIC 45 HO,Pleasure craft,440409020
/vessels/details/440222820,ACE,Pleasure craft,440222820
/vessels/details/440129670,NURISOL,Sailing vessel,440129670
/vessels/details/440047790,TWINSHO,Pleasure craft,440047790
/vessels/details/440188280,SUN MYEONG HO,Pleasure craft,440188280
/vessels/details/440119090,PETROS HO,Pleasure craft,440119090
/vessels/details/440046870,HANMAEUM,Sailing vessel,440046870
/vessels/details/440115410,DANDINE,Pleasure craft,440115410
/vessels/details/440186790,MYEONGSEONHO,Pleasure craft,440186790
/vessels/details/440056540,A TI HO,Pleasure craft,440056540
/vessels/details/440144650,WON JIN HO,Pleasure craft,440144650
/vessels/details/440203740,CHO WON HO,Pleasure craft,440203740
/vessels/details/440133410,EO SA HO,Pleasure craft,440133410
/vessels/details/440700050,267GEUMGANG,Pleasure craft,440700050
/vessels/details/440700052,YONGPUNGHO,Pleasure craft,440700052
/vessels/details/440306380,SD G-1 HO,Pleasure craft,440306380
/vessels/details/440096000,JIN KYUNG HO,Pleasure craft,440096000
/vessels/details/440704890,DAEKUK2HO,Pleasure craft,440704890
/vessels/details/440107330,BO SUN HO,Pleasure craft,440107330
/vessels/details/440073840,DEO YEO SU HO,Pleasure craft,440073840
/vessels/details/440337370,HEEMANGHO,Pleasure craft,440337370
/vessels/details/440337840,SU AN HO,Pleasure craft,440337840
/vessels/details/440110630,NEWGLMAEGI,Pleasure craft,440110630
/vessels/details/440504060,YEONG SUNG HO,Pleasure craft,440504060
/vessels/details/440199310,PYEONGTAEK ANGELS,Sailing vessel,440199310
/vessels/details/440122710,WINDY1973,Sailing vessel,440122710
/vessels/details/440323880,SUN YONG HO,Pleasure craft,440323880
/vessels/details/440145440,WOO RI BAE 1 HO,Pleasure craft,440145440
/vessels/details/440028810,BULMYEOL,Pleasure craft,440028810
/vessels/details/440089570,KYUNGSUNGHO,Pleasure craft,440089570
/vessels/details/440042570,JE1UJEONGHO,Pleasure craft,440042570
/vessels/details/440192280,INCHEON SOBANG 703,Sailing vessel,440192280
/vessels/details/440079390,THESNAIL,Sailing vessel,440079390
/vessels/details/440136030,BINGRE,Pleasure craft,440136030
/vessels/details/440142650,HAEUNHO,Pleasure craft,440142650
/vessels/details/440010680,DONGSIN3,Pleasure craft,440010680
/vessels/details/440206750,HONGJUHO,Pleasure craft,440206750
/vessels/details/440109640,AZALEA,Sailing vessel,440109640
/vessels/details/440103530,BU KEYNG HO,Pleasure craft,440103530
/vessels/details/440403190,206HYUPDONG,Pleasure craft,440403190
/vessels/details/440141910,7HWAGYEONG,Pleasure craft,440141910
/vessels/details/440000446,SAMPYO 202,Sailing vessel,440000446
/vessels/details/440010450,HAE CHOON HO,Pleasure craft,440010450
/vessels/details/440154230,JIN DEOK HO,Pleasure craft,440154230
/vessels/details/440136830,DAIJINHO,Pleasure craft,440136830
/vessels/details/440104710,IRELANDHO,Pleasure craft,440104710
/vessels/details/440019970,DAE WON HO,Pleasure craft,440019970
/vessels/details/440021880,SOPOONG,Sailing vessel,440021880
/vessels/details/440133260,201 KEUM RYONG HO,Pleasure craft,440133260
/vessels/details/440082010,MAN DEOK HO,Pleasure craft,440082010
/vessels/details/440007430,MOUNG SUNG,Pleasure craft,440007430
/vessels/details/440123410,MUSTANG,Sailing vessel,440123410
/vessels/details/440016640,DAEYANGHO,Pleasure craft,440016640
/vessels/details/440140190,ASIA HO,Pleasure craft,440140190
/vessels/details/440310650,NO.9 NAMYANGHO,Pleasure craft,440310650
/vessels/details/440139750,PERFECT HO,Pleasure craft,440139750
/vessels/details/440501650,701 MUJEONHO,Pleasure craft,440501650
/vessels/details/440095220,NEW FAMILY,Pleasure craft,440095220
/vessels/details/440209920,NABARON,Pleasure craft,440209920
/vessels/details/440115430,UDOHO,Pleasure craft,440115430
/vessels/details/440211990,SUNYOU228,Sailing vessel,440211990
/vessels/details/440148820,TAEYANG21,Pleasure craft,440148820
/vessels/details/440706560,2KUMYOUNG,Pleasure craft,440706560
/vessels/details/440103710,DAE WON HO,Pleasure craft,440103710
/vessels/details/440095540,BAEK KEUM HO,Pleasure craft,440095540
/vessels/details/440093850,JEJU SARANG,Pleasure craft,440093850
/vessels/details/440329160,WAN SNG HO,Pleasure craft,440329160
/vessels/details/440150410,SONG YANG DO HO,Pleasure craft,440150410
/vessels/details/440708430,MAN SUN HO,Pleasure craft,440708430
/vessels/details/440702490,JEJU MJ,Pleasure craft,440702490
/vessels/details/440167660,KKOKKCHEONGCHOON,Pleasure craft,440167660
/vessels/details/440337920,YONGJINHO,Pleasure craft,440337920
/vessels/details/440086570,YEON AN HO,Pleasure craft,440086570
/vessels/details/440328590,SUM SA RING HO,Pleasure craft,440328590
/vessels/details/440015690,DAE SEONG HO,Pleasure craft,440015690
/vessels/details/440407520,JEIHO,Pleasure craft,440407520
/vessels/details/440103480,PUNG NYEON,Pleasure craft,440103480
/vessels/details/440181070,BONG UN HO,Pleasure craft,440181070
/vessels/details/440171470,PHISHINGPARADISE,Pleasure craft,440171470
/vessels/details/440000198,NEW HAN IL HO,Pleasure craft,440000198
/vessels/details/440406490,KEUMKANGHO,Pleasure craft,440406490
/vessels/details/440600570,VENUSHO,Pleasure craft,440600570
/vessels/details/440337550,SANG JIN,Pleasure craft,440337550
/vessels/details/440100860,BLACK STAR HO,Pleasure craft,440100860
/vessels/details/440017460,101HWANK DUK,Pleasure craft,440017460
/vessels/details/440334680,HAE YANG -3,Pleasure craft,440334680
/vessels/details/440316390,HAISUNGHO,Pleasure craft,440316390
/vessels/details/440160590,SERENITY,Sailing vessel,440160590
/vessels/details/440168550,HAKUNAMATATA,Sailing vessel,440168550
/vessels/details/440019330,SEUSANGORAE,Pleasure craft,440019330
/vessels/details/440303780,NEWPARADISE,Pleasure craft,440303780
/vessels/details/440208660,BEMYAO,Pleasure craft,440208660
/vessels/details/440198030,UL REUNG HO,Pleasure craft,440198030
/vessels/details/440456321,ROK GOV VESSEL,Sailing vessel,440456321
/vessels/details/440334460,KUM SUNG HO,Pleasure craft,440334460
/vessels/details/440337780,303HANJIN,Pleasure craft,440337780
/vessels/details/440410850,CHANGEUNHO,Pleasure craft,440410850
/vessels/details/440404810,SEOUNGGANGHO,Pleasure craft,440404810
/vessels/details/440046180,MERIDIAN441,Pleasure craft,440046180
/vessels/details/440109570,CHAMBADA,Pleasure craft,440109570
/vessels/details/440096990,HYEOP DONG HO,Pleasure craft,440096990
/vessels/details/440703670,SEO HAE DO DEON HO,Pleasure craft,440703670
/vessels/details/440139320,LEGENDHO,Pleasure craft,440139320
/vessels/details/440033450,3 DONG JIN,Pleasure craft,440033450
/vessels/details/440304040,EBISUHO,Pleasure craft,440304040
/vessels/details/440120740,SAENG DO HO,Pleasure craft,440120740
/vessels/details/440194740,SU RYEOM HO,Pleasure craft,440194740
/vessels/details/440090030,HAN RIM HO,Pleasure craft,440090030
/vessels/details/440164740,POINTHO,Pleasure craft,440164740
/vessels/details/440300135,1PARADISE,Pleasure craft,440300135
/vessels/details/440700150,YANG JIN,Pleasure craft,440700150
/vessels/details/440196690,NEW SISTAR HO,Pleasure craft,440196690
/vessels/details/440213690,SIN YUNG HO,Pleasure craft,440213690
/vessels/details/440093240,BA DA HO,Pleasure craft,440093240
/vessels/details/440142910,HEA DONG HO,Pleasure craft,440142910
/vessels/details/440310770,KCG208,Sailing vessel,440310770
/vessels/details/440032610,7 WOO RI HO,Pleasure craft,440032610
/vessels/details/440202850,VIRTUOSO,Sailing vessel,440202850
/vessels/details/440107150,CHANGSUNG2HO,Pleasure craft,440107150
/vessels/details/440214930,GUMBADA,Pleasure craft,440214930
/vessels/details/440111950,HAEYANG JOSA1HO,Pleasure craft,440111950
/vessels/details/440707750,JAE AN,Pleasure craft,440707750
/vessels/details/440101270,SE JIN 3 HO,Pleasure craft,440101270
/vessels/details/440150510,SANGHWAHO,Pleasure craft,440150510
/vessels/details/440321340,CHUN SEONG HO,Pleasure craft,440321340
/vessels/details/440061570,GRAY,Pleasure craft,440061570
/vessels/details/440334570,INTREPID,Sailing vessel,440334570
/vessels/details/440190610,DAILIES,Sailing vessel,440190610
/vessels/details/440200235,HAENGBOKHO,Pleasure craft,440200235
/vessels/details/6134516,CHUNGMUGONG YI SUN-SHIN,Naval/Naval Auxiliary,6134516
/vessels/details/440456000,MUGUNGHWA14,Law enforcment,440456000
/vessels/details/440800544,ROK GOV VESSEL,Military ops,440800544
/vessels/details/440333830,MUGUNGHWA 23,Law enforcment,440333830
/vessels/details/440303750,CHEONG HAE,Anti-polution,440303750
/vessels/details/440800059,ROK GOV VESSEL,Military ops,440800059
/vessels/details/441842000,KCG TS-3011,Law enforcment,441842000
/vessels/details/440800503,R.O.K GOV VESSEL,Military ops,440800503
/vessels/details/440328240,1509HAM GOSOKDANJUNG,SAR,440328240
/vessels/details/440187290,S-111JUNG,SAR,440187290
/vessels/details/440800611,ROKAF ST1211,Military ops,440800611
/vessels/details/440075490,S-109,SAR,440075490
/vessels/details/440005870,P62,Military ops,440005870
/vessels/details/440800356,CAUSEWAY FERRYCF-2,Military ops,440800356
/vessels/details/440112310,SEOUL716HO,SAR,440112310
/vessels/details/440335280,1509-2,SAR,440335280
/vessels/details/440001090,CHEONG HAE HO,Anti-polution,440001090
/vessels/details/440028021,GISANG 1,Law enforcment,440028021
/vessels/details/440054930,S-90,SAR,440054930
/vessels/details/440700073,KCG R-26,SAR,440700073
/vessels/details/440334950,MUKPO-07HO,SAR,440334950
/vessels/details/440054010,KCG S-93,Law enforcment,440054010
/vessels/details/440318000,KCG1507,Law enforcment,440318000
/vessels/details/440134180,S-13JUNG,SAR,440134180
/vessels/details/440207733,KCG OSRV-12,Anti-polution,440207733
/vessels/details/440121340,TAMGU7,Law enforcment,440121340
/vessels/details/440086150,KCG S-56,SAR,440086150
/vessels/details/440200117,KCG OSRV-18,Anti-polution,440200117
/vessels/details/440107680,TAMGU12,Law enforcment,440107680
/vessels/details/440317640,DOKSURI8HO,Law enforcment,440317640
/vessels/details/440500080,P13,Law enforcment,440500080
/vessels/details/440600779,122GUJOBOAT,SAR,440600779
/vessels/details/440200127,MJ SUN,Medical,440200127
/vessels/details/440128440,M-HUNTER,Military ops,440128440
/vessels/details/440095770,S-120JUNG,SAR,440095770
/vessels/details/440800599,ROKAF ST2012,Military ops,440800599
/vessels/details/440058150,S-96,SAR,440058150
/vessels/details/440326640,HAEYANG3HO,SAR,440326640
/vessels/details/440800073,P169 HHI TRIAL,Law enforcment,440800073
/vessels/details/440217980,SEON YEONG 5HO,SAR,440217980
/vessels/details/440500500,MUGUNGHWA 12,Law enforcment,440500500
/vessels/details/441368037,MUGUNGHWA 26,Law enforcment,441368037
/vessels/details/440052940,S-91,SAR,440052940
/vessels/details/440304210,7,SAR,440304210
/vessels/details/441368053,MUGUNGHWA 26,Law enforcment,441368053
/vessels/details/440147840,KCG516,Military ops,440147840
/vessels/details/440063450,BUSAN 201HO,Law enforcment,440063450
/vessels/details/440103910,MUGUNGHWA 9,Law enforcment,440103910
/vessels/details/440106370,101 NATIONAL PARK,SAR,440106370
/vessels/details/440107460,CHUNGHWAHO,Anti-polution,440107460
/vessels/details/440025580,S-126JUNG,SAR,440025580
/vessels/details/440144810,GREEN 2HO,Anti-polution,440144810
/vessels/details/440076710,P-162HO,SAR,440076710
/vessels/details/440335660,S-129,SAR,440335660
/vessels/details/440167920,KC-81,SAR,440167920
/vessels/details/440101930,KCG305 A,Law enforcment,440101930
/vessels/details/440000089,SOKCHO HAEYANG,Law enforcment,440000089
/vessels/details/440188550,SEONG JIN 1HO,Anti-polution,440188550
/vessels/details/440016390,GYEONG GI BADA,Law enforcment,440016390
/vessels/details/440602910,S-99,SAR,440602910
/vessels/details/440151480,JANG MOK2,SAR,440151480
/vessels/details/440133640,1 HA NA HO,Anti-polution,440133640
/vessels/details/440800496,ROK GOV VESSEL,SAR,440800496
/vessels/details/440102600,MUGUNGHWA 10,Law enforcment,440102600
/vessels/details/440135861,BUSANIVD,SAR,440135861
/vessels/details/440123390,ESTHER,Anti-polution,440123390
/vessels/details/440108830,MUHAGSANHO,SAR,440108830
/vessels/details/440129720,TAMGU19,Law enforcment,440129720
/vessels/details/440200113,KCG OSRV-18,Anti-polution,440200113
/vessels/details/440083330,HWANGYEONG10HO,SAR,440083330
/vessels/details/440800355,CAUSEWAY FERRYCF-1,Military ops,440800355
/vessels/details/440303240,KCG P92,Law enforcment,440303240
/vessels/details/440703350,JEJU319HO,Law enforcment,440703350
/vessels/details/440300400,MUGUNGHWA 4,Law enforcment,440300400
/vessels/details/440137740,JEONNAM511,Medical,440137740
/vessels/details/440324510,JEONNAM315,Law enforcment,440324510
/vessels/details/440218240,SOHYUNGBANGJEJAKUPJU,Anti-polution,440218240
/vessels/details/440053221,HANGMAN BBCNGHWA NO2,Anti-polution,440053221
/vessels/details/440800014,ROK GOV VESSEL,Military ops,440800014
/vessels/details/440203840,KCG S-23,SAR,440203840
/vessels/details/440208370,CHUNGNAMHAEYANG,Law enforcment,440208370
/vessels/details/440336053,MUGUNGHWA34,Law enforcment,440336053
/vessels/details/440504390,SAPALSAHO,SAR,440504390
/vessels/details/440200101,KCG OSRV-18,Anti-polution,440200101
/vessels/details/440800595,ROK GOV VESSEL,Military ops,440800595
/vessels/details/440062990,SIWON,SAR,440062990
/vessels/details/440103630,GYEONGNAM507,Law enforcment,440103630
/vessels/details/440320037,MUGUNGHWA20,Law enforcment,440320037
/vessels/details/440376053,KCG3001,SAR,440376053
/vessels/details/440009410,HWASEONGBADANURI,Law enforcment,440009410
/vessels/details/440106450,TAMGU17,Law enforcment,440106450
/vessels/details/440117960,NATIONAL PARK 102,Law enforcment,440117960
/vessels/details/440001780,HAEYANG NO1,Law enforcment,440001780
/vessels/details/440063461,BUSAN 201HO,Law enforcment,440063461
/vessels/details/440234000,MUGUNGHWA16,Law enforcment,440234000
/vessels/details/440301100,MUGUNGHWA13HO,Law enforcment,440301100
/vessels/details/440001690,P22,Military ops,440001690
/vessels/details/440168910,GYEONGNAM915,Law enforcment,440168910
/vessels/details/440126000,1005HAM,SAR,440126000
/vessels/details/440069280,KCG S-102,SAR,440069280
/vessels/details/440800526,ROK GOV VESSEL,Military ops,440800526
/vessels/details/440053240,HANGMAN JEONGHWA NO2,Anti-polution,440053240
/vessels/details/440053970,KCG S-92,SAR,440053970
/vessels/details/440166310,PKL GREEN HO,Anti-polution,440166310
/vessels/details/440708410,1506-2GOSOKDANJUNG,SAR,440708410
/vessels/details/440112240,KCG P28,Law enforcment,440112240
/vessels/details/440146120,S-79,SAR,440146120
/vessels/details/440108620,HAEMIRE,Law enforcment,440108620
/vessels/details/440800542,R.O.K GOV VESSEL,Military ops,440800542
/vessels/details/440603280,RES44,SAR,440603280
/vessels/details/441563806,RAP OC 561 A 29,Medical,441563806
/vessels/details/440052630,KC-15,SAR,440052630
/vessels/details/440076940,S-107,SAR,440076940
/vessels/details/440052710,GUJODAEBOAT4HO,SAR,440052710
/vessels/details/441989000,NO.42 MUGUNGHWA,Law enforcment,441989000
/vessels/details/440189630,S-53,SAR,440189630
/vessels/details/440085560,DONGYANGPENTAGON,Anti-polution,440085560
/vessels/details/440029050,HWANKYUNG8HO,Anti-polution,440029050
/vessels/details/440578000,NO.41 MUGUNGHWA,Law enforcment,440578000
/vessels/details/440149810,CHEONG HAE 2 HO,Anti-polution,440149810
/vessels/details/440029850,S-128,SAR,440029850
/vessels/details/440207740,KCG OSRV-12,Anti-polution,440207740
/vessels/details/441827000,KCG 1002,SAR,441827000
/vessels/details/440104220,SONG GI HO,Anti-polution,440104220
/vessels/details/440135845,BUSANIVDM,SAR,440135845
/vessels/details/440053230,KCG S-08,SAR,440053230
/vessels/details/440777777,CHOONG JANG 7HO,Military ops,440777777
/vessels/details/440701180,KCG S-101,SAR,440701180
/vessels/details/440708180,JE JU SSAT,SAR,440708180
/vessels/details/440154490,GANGWON316,Law enforcment,440154490
/vessels/details/440203860,S-25JUNG,SAR,440203860
/vessels/details/440703010,KCG S-28,SAR,440703010
/vessels/details/440327060,KCG207,Law enforcment,440327060
/vessels/details/440079140,S-112,SAR,440079140
/vessels/details/440401910,CHUNGJUNG17,Anti-polution,440401910
/vessels/details/440800605,ROKAF ST1312,Military ops,440800605
/vessels/details/440500224,P98,Military ops,440500224
/vessels/details/440111980,3 CHANG SUNG HO,Resolution 18 ship,440111980
/vessels/details/440320053,MUGUNGHWA20,Law enforcment,440320053
/vessels/details/440702230,3002-NO.1,Law enforcment,440702230
/vessels/details/440079940,CHUNG JUNG 18,Anti-polution,440079940
/vessels/details/440019470,122GUJOBOAT,SAR,440019470
/vessels/details/440117330,BANGJE15,Anti-polution,440117330
/vessels/details/441363000,MUGUNGHWA 28,Law enforcment,441363000
/vessels/details/440506140,S-82HANLIM,SAR,440506140
/vessels/details/440403080,KCG R-25,SAR,440403080
/vessels/details/440800061,ROK GOV VESSEL,Military ops,440800061
/vessels/details/440051720,GUJODAEBOAT1HO,SAR,440051720
/vessels/details/440137230,HANGMAN JEONG HWA 1,Anti-polution,440137230
/vessels/details/440001990,SOBANG502,SAR,440001990
/vessels/details/440177930,S-22,SAR,440177930
/vessels/details/440004510,P55,SAR,440004510
/vessels/details/440107290,GYEONGNAM511,Medical,440107290
/vessels/details/440319070,NO.302 YEONGHWA,Law enforcment,440319070
/vessels/details/440199850,TAMGU 3,Law enforcment,440199850
/vessels/details/440085280,S-118,SAR,440085280
/vessels/details/440301160,HANGIL 2HO,Law enforcment,440301160
/vessels/details/440078630,513-A,SAR,440078630
/vessels/details/440323790,7 SAE JIN HO,Anti-polution,440323790
/vessels/details/440056630,KCG R-21,SAR,440056630
/vessels/details/440017080,3008 N0.2,SAR,440017080
/vessels/details/440800233,ROK GOV VESSEL,Military ops,440800233
/vessels/details/440114740,NEW MIR,Law enforcment,440114740
/vessels/details/441585000,KCG310,Law enforcment,441585000
/vessels/details/440012830,2008 CHUL YOUNG HO,Anti-polution,440012830
/vessels/details/440053040,R-15,SAR,440053040
/vessels/details/440800022,ROK GOV VESSEL,Military ops,440800022
/vessels/details/440708210,122GUJOBOAT,SAR,440708210
/vessels/details/440405720,KCG OSRV-13,Anti-polution,440405720
/vessels/details/440053237,HANGMAN JEONGHWA NO2,Anti-polution,440053237
/vessels/details/440600118,HAEPALANG,Resolution 18 ship,440600118
/vessels/details/440301870,JEONNAM 705,SAR,440301870
/vessels/details/440732600,S-63,Law enforcment,440732600
/vessels/details/440888888,ROKARMYCHOONGJANG8,Military ops,440888888
/vessels/details/440302290,KCG P96,Law enforcment,440302290
/vessels/details/440199780,S-13OJUNG,SAR,440199780
/vessels/details/440800528,ROK GOV VESSEL,SAR,440800528
/vessels/details/440002680,JANGMOK1,Law enforcment,440002680
/vessels/details/440076870,GYEONGBUK 0726,Anti-polution,440076870
/vessels/details/440113190,PARAN HO,Anti-polution,440113190
/vessels/details/440070710,KCG OSRV-16,Anti-polution,440070710
/vessels/details/440602890,S-98,SAR,440602890
/vessels/details/440600770,S-26JUNG,SAR,440600770
/vessels/details/440300481,201JEONNAM,Law enforcment,440300481
/vessels/details/440081030,S-113,SAR,440081030
/vessels/details/440052460,KCG S-85,SAR,440052460
/vessels/details/440002620,KCG P09,Law enforcment,440002620
/vessels/details/440708700,1508-2,SAR,440708700
/vessels/details/440149670,KCG 503,SAR,440149670
/vessels/details/440002610,P76,Law enforcment,440002610
/vessels/details/440153180,YEOSUBADA,SAR,440153180
/vessels/details/440337010,KCGS-86,SAR,440337010
/vessels/details/440313520,HANJEONTONGYEONG,SAR,440313520
/vessels/details/440504120,BANGJE S-8,Anti-polution,440504120
/vessels/details/440035150,KCG S-122,SAR,440035150
/vessels/details/440087820,CHEONG HWA NO.2,Anti-polution,440087820
/vessels/details/440081650,CHUNGJUNG19HO,Anti-polution,440081650
/vessels/details/440505890,P66,Law enforcment,440505890
/vessels/details/440194840,S-59,SAR,440194840
/vessels/details/440077310,S-116,SAR,440077310
/vessels/details/441145000,MUGUNGHWA22,Law enforcment,441145000
/vessels/details/440800004,ROK GOV VSL,Military ops,440800004
/vessels/details/440207717,KCG OSRV-12,Anti-polution,440207717
/vessels/details/440052510,RE37,SAR,440052510
/vessels/details/440800485,ROK GOV VESSEL,Military ops,440800485
/vessels/details/440076960,KCG S-106,SAR,440076960
/vessels/details/440334960,YEOSU-08,SAR,440334960
/vessels/details/440300738,JEONNAM101,Law enforcment,440300738
/vessels/details/441264000,KCG307,Law enforcment,441264000
/vessels/details/440129700,GYEONGGICHEONGJEONG,SAR,440129700
/vessels/details/440074750,S-108,SAR,440074750
/vessels/details/440199990,S-131JUNG,SAR,440199990
/vessels/details/440197960,JEONBUK207,Law enforcment,440197960
/vessels/details/440359013,TAMGU21 B,Law enforcment,440359013
/vessels/details/440402720,S-125,SAR,440402720
/vessels/details/440800588,ROK GOV VESSEL,Military ops,440800588
/vessels/details/441367000,KCG 3005,Law enforcment,441367000
/vessels/details/440376000,KCG3001,SAR,440376000
/vessels/details/440165530,S-20JUNG,SAR,440165530
/vessels/details/440124280,SEON YEONG HO,SAR,440124280
/vessels/details/440327010,CHANG MYUNG 1HO,Law enforcment,440327010
/vessels/details/440800578,ROK GOV VESSEL,Military ops,440800578
/vessels/details/440154630,S-78,Law enforcment,440154630
/vessels/details/440084530,IEODO HO,Law enforcment,440084530
/vessels/details/440199861,TAMGU 3,Law enforcment,440199861
/vessels/details/441140000,MUGUNGHWA21,Law enforcment,441140000
/vessels/details/440135870,BUSANIVDM,SAR,440135870
/vessels/details/440117390,PURUMI NO.1,Anti-polution,440117390
/vessels/details/440137269,HANGMAN JEONG HWA 1,Anti-polution,440137269
/vessels/details/440700069,S-123JUNG,SAR,440700069
/vessels/details/440101490,S-115,SAR,440101490
/vessels/details/440504900,SAEMANGEUM119,SAR,440504900
/vessels/details/440063477,BUSAN 201HO,Law enforcment,440063477
/vessels/details/440101173,126,Law enforcment,440101173
/vessels/details/440702960,JANGCUN2HO,Anti-polution,440702960
/vessels/details/440025320,KLEM3,SAR,440025320
/vessels/details/440333860,S-58,SAR,440333860
/vessels/details/440035710,KCGS-55,SAR,440035710
/vessels/details/441851000,TAMGU22,Law enforcment,441851000
/vessels/details/440600195,GUJODAEBOAT5HO,SAR,440600195
/vessels/details/440211890,TONGYEONG ARAHO,Anti-polution,440211890
/vessels/details/440200004,HWANGKUMSAN,Anti-polution,440200004
/vessels/details/440132590,BUSAN 936,Anti-polution,440132590
/vessels/details/440701070,122 GUJO BOAT,SAR,440701070
/vessels/details/440052980,CHEONG JEONG12HO,Anti-polution,440052980
/vessels/details/440141040,S-62,SAR,440141040
/vessels/details/440199845,TAMGU 3,Law enforcment,440199845
/vessels/details/440336037,MUGUNGHW,Law enforcment,440336037
/vessels/details/440359000,TAMGU21,Law enforcment,440359000
/vessels/details/440800486,ROK GOV VESSEL,Military ops,440800486
/vessels/details/440002530,INCHEON 304,Law enforcment,440002530
/vessels/details/440800491,R.O.K GOV VESSEL,Military ops,440800491
/vessels/details/8409965,DONGBANG EOS,Tug,8409965
/vessels/details/9483633,ILSUNG 2,Tug,9483633
/vessels/details/9762041,KWANG JIN NO.27,Tug,9762041
/vessels/details/9754006,KEUM RYONG NO.551,Tug,9754006
/vessels/details/9535474,SUNJIN NO.801,Tug,9535474
/vessels/details/9332377,NO.502 HAERYONG,Tug,9332377
/vessels/details/9031741,KUMHO NO. 1,Pusher Tug,9031741
/vessels/details/9148829,KOREX CHAMP,Tug,9148829
/vessels/details/9549061,DAE GUN,Tug,9549061
/vessels/details/8746820,901 CHO YANG,Tug,8746820
/vessels/details/9812652,JONGHAP NO 36,Tug,9812652
/vessels/details/9120815,103 SUNGSHIN,Tug,9120815
/vessels/details/8533132,BADA NO. 1,Tug,8533132
/vessels/details/9765196,HALLA,Tug,9765196
/vessels/details/9603934,JANG BAEK,Tug,9603934
/vessels/details/8532841,KWANG DEOK,Tug,8532841
/vessels/details/7900778,TAE JIN 201 HO,Pusher Tug,7900778
/vessels/details/7432721,301 CHOYANGHO,Tug,7432721
/vessels/details/9433951,KU WON 36,Tug,9433951
/vessels/details/7238163,YONG MA NO. 3,Tug,7238163
/vessels/details/8878817,WOOSUN NO. 101,Tug,8878817
/vessels/details/9310173,SAMSUNG T7,Tug,9310173
/vessels/details/9207534,313 DAERYONG,Tug,9207534
/vessels/details/8803874,SINYANG,Tug,8803874
/vessels/details/9163245,KOOK JE NO. 3,Tug,9163245
/vessels/details/9821328,NEW DAEYANG,Tug,9821328
/vessels/details/9159775,KING NO. 3,Tug,9159775
/vessels/details/440218650,VENUS,Tug,440218650
/vessels/details/440314690,JIN NAM HO,Tug,440314690
/vessels/details/440105650,101 YOUNG IN,Tug,440105650
/vessels/details/441844000,101 SE JIN,Tug,441844000
/vessels/details/440219130,HI YANG,Tug,440219130
/vessels/details/440018540,YONGSEONG TA-1HO,Tug,440018540
/vessels/details/440003210,HAWWON N0.1,Tug,440003210
/vessels/details/440319740,KING NO3,Tug,440319740
/vessels/details/440103300,105 GLOBAL,Tug,440103300
/vessels/details/440016420,NEW HANCHANG,Tug,440016420
/vessels/details/440103400,101 GLOBAL,Tug,440103400
/vessels/details/440179260,WOOJUNG NO.5,Tug,440179260
/vessels/details/440328420,DAESUNG NO.3,Tug,440328420
/vessels/details/440002140,NEWJIN,Tug,440002140
/vessels/details/440151610,KOREA NO.2,Tug,440151610
/vessels/details/440066190,KOOK YANG 7,Tug,440066190
/vessels/details/440151490,3001 GWANG JIN,Tug,440151490
/vessels/details/8873116,CHUNGRYONG NO 106,Tug,8873116
/vessels/details/7210238,DONG YANG NO. 12,Tug,7210238
/vessels/details/441546000,77 SHIN JUNG,Tug,441546000
/vessels/details/440012240,JANG BAEK HO,Tug,440012240
/vessels/details/9840518,KOREA NO. 601,Tug,9840518
/vessels/details/440090370,ST21,Tug,440090370
/vessels/details/9161534,AJU 2,Pusher Tug,9161534
/vessels/details/9234903,SAMPYO 301,Pusher Tug,9234903
/vessels/details/440001900,GUWONHO,Tug,440001900
/vessels/details/440193360,YULIM8HO,Tug,440193360
/vessels/details/9639311,BIGSTAR NO. 3,Tug,9639311
/vessels/details/7736361,ULSAN 701,Tug,7736361
/vessels/details/440121061,DAE SUN NO.1,Tug,440121061
/vessels/details/440107310,T101 KUMYONG,Tug,440107310
/vessels/details/8317320,SHINSEI MARU,Pusher Tug,8317320
/vessels/details/8984886,MYUNG JIN 901,Tug,8984886
/vessels/details/9857808,TWIN STAR,Tug,9857808
/vessels/details/440141060,HAENAROO NO.2,Tug,440141060
/vessels/details/440318290,MASUNG NO.1,Tug,440318290
/vessels/details/440095620,CHO KWANG NO.101,Tug,440095620
/vessels/details/440128940,22 SAM YUNG,Tug,440128940
/vessels/details/5429201,YONG MA NO. 7,Tug,5429201
/vessels/details/9695468,SHIN HWA HO,Tug,9695468
/vessels/details/440115910,YEONG NAM,Tug,440115910
/vessels/details/7330727,YU SUNG 32,Tug,7330727
/vessels/details/8876053,SAM HEUNG,Tug,8876053
/vessels/details/440305510,WOOJUNG3HO,Tug,440305510
/vessels/details/440300460,SUNG SHIN 6001HO,Tug,440300460
/vessels/details/440107850,IL YANG,Tug,440107850
/vessels/details/8604577,DAE SEUNG,Tug,8604577
/vessels/details/440057250,NAM HAE NO.6,Tug,440057250
/vessels/details/7632060,DAEHA T-1,Tug,7632060
/vessels/details/440116597,212 HWANG RYONG,Tug,440116597
/vessels/details/440122410,101 UO KAUNG,Tug,440122410
/vessels/details/7522863,TS 23HO,Tug,7522863
/vessels/details/440050270,Y K T 2HO,Tug,440050270
/vessels/details/440108910,202DAEYANG,Tug,440108910
/vessels/details/440006070,102 HJ,Tug,440006070
/vessels/details/8534617,DAE DONG NO. 53,Tug,8534617
/vessels/details/9396517,KOREA NO. 1,Tug,9396517
/vessels/details/440129110,NAM YOUNG,Tug,440129110
/vessels/details/9870941,HAE YEON NO. 88,Tug,9870941
/vessels/details/440600050,DONG HAE 3,Tug,440600050
/vessels/details/440109440,NO.27 YONG MA,Tug,440109440
/vessels/details/8532449,BIG STAR NO. 5,Tug,8532449
/vessels/details/7001728,SOYU MARU,Tug,7001728
/vessels/details/8960971,KOUN MARU,Tug,8960971
/vessels/details/9140889,SAMSUNG T-5,Tug,9140889
/vessels/details/440000218,SEO HAE 11,Tug,440000218
/vessels/details/9859519,DONG SAN NO. 1,Tug,9859519
/vessels/details/440034350,HA JUN T 1,Tug,440034350
/vessels/details/7415369,SEONG SIN NO. 101,Tug,7415369
/vessels/details/440310860,2002UGUK,Tug,440310860
/vessels/details/440016980,WISE CASTLE,Tug,440016980
/vessels/details/1138139,WOO SUNG NO. 60,Tug,1138139
/vessels/details/440107621,CHANG WOO 1 HO,Tug,440107621
/vessels/details/440110870,ST-303HO,Tug,440110870
/vessels/details/440112245,KOREA NO.1,Tug,440112245
/vessels/details/440145140,2002 HAE YOUNG,Tug,440145140
/vessels/details/440131050,GREEN CASTLE,Tug,440131050
/vessels/details/440148550,5003 SUNG SHIN,Tug,440148550
/vessels/details/8924135,SHINJUNG 801,Tug,8924135
/vessels/details/440400110,NO.12 SEUNG JIN,Tug,440400110
/vessels/details/440016565,SAMHO T-9,Tug,440016565
/vessels/details/440132581,NO.307 DAE RYONG,Tug,440132581
/vessels/details/440123280,DONG SUNG 202HO,Tug,440123280
/vessels/details/9662007,WISE CASTLE,Tug,9662007
/vessels/details/440113150,JI SUNG 2,Tug,440113150
/vessels/details/440219380,HAEYOUNG 101,Tug,440219380
/vessels/details/8532504,SAMSUNG T-8,Tug,8532504
/vessels/details/7856252,ANEI MARU,Tug,7856252
/vessels/details/8327428,OKPO NO. 2,Tug,8327428
/vessels/details/440107340,303 GO RYO HO,Tug,440107340
/vessels/details/8741296,DAESUNG 7,Tug,8741296
/vessels/details/440148520,KOREA NO.3,Tug,440148520
/vessels/details/8533936,SEO HO NO. 678,Tug,8533936
/vessels/details/9673111,KWANG JIN NO.17,Tug,9673111
/vessels/details/440121573,ST4500,Tug,440121573
/vessels/details/7326518,KWANG JIN,Tug,7326518
/vessels/details/440106150,MOAH,Tug,440106150
/vessels/details/440152690,DONG YANG 7,Tug,440152690
/vessels/details/440124010,JU WON,Tug,440124010
/vessels/details/440001509,NO.251 DEOKYANG,Tug,440001509
/vessels/details/440305050,16 DAE GIL HO,Tug,440305050
/vessels/details/440150940,NO.3 YONGSUNG,Tug,440150940
/vessels/details/440119590,KO RYO 107,Tug,440119590
/vessels/details/8632615,BINGO,Tug,8632615
/vessels/details/440018500,HYOP SUNG NO.61,Tug,440018500
/vessels/details/8619209,SUMIYOSHI MARU,Tug,8619209
/vessels/details/440047820,5003 KO RYO HO,Tug,440047820
/vessels/details/7831496,HYOJONG,Tug,7831496
/vessels/details/440184741,5 YONG SEONG,Tug,440184741
/vessels/details/9555515,ANETA,Tug,9555515
/vessels/details/440104940,25TAEYANG,Tug,440104940
/vessels/details/440016549,SAMHO T-9,Tug,440016549
/vessels/details/9639323,TONGYEONG NO. 1,Tug,9639323
/vessels/details/440139253,KOREA 40HT,Tug,440139253
/vessels/details/440330890,GYEONGJIN STAR,Tug,440330890
/vessels/details/8890700,DAEYANG NO. 108,Pusher Tug,8890700
/vessels/details/8007731,HO NAM NO. 1,Tug,8007731
/vessels/details/440118949,SUNJIN NO303,Tug,440118949
/vessels/details/8629369,CHEONG RYONG NO. 5,Tug,8629369
/vessels/details/8954544,HAE SIN 6HO,Pusher Tug,8954544
/vessels/details/440200167,YONG SEOK 5HO,Tug,440200167
/vessels/details/8973162,MYUNG JIN 702,Tug,8973162
/vessels/details/9019755,CHUN YANG NO. 7,Tug,9019755
/vessels/details/440119050,108 DAEYANG,Tug,440119050
/vessels/details/9149964,NO.308 DAERYONG,Tug,9149964
/vessels/details/440209370,GOLDEN 11HO,Tug,440209370
/vessels/details/8532437,BIG STAR NO. 1,Tug,8532437
/vessels/details/440200070,92 SAMYANG,Tug,440200070
/vessels/details/440144300,UL SAN HO,Tug,440144300
/vessels/details/440147920,GLOBAL 102,Tug,440147920
/vessels/details/7046546,KORYO 101,Tug,7046546
/vessels/details/440116660,21 SUN YANG,Tug,440116660
/vessels/details/440133310,5 DONG SUNG,Tug,440133310
/vessels/details/8534241,HAEYANG 5,Tug,8534241
/vessels/details/440110885,KOREA NO.7,Tug,440110885
/vessels/details/440100044,GANGNEUNG5,Tug,440100044
/vessels/details/8351132,KOSEI MARU,Tug,8351132
/vessels/details/8820547,HINODE MARU NO. 68,Tug,8820547
/vessels/details/8629802,103 SHINHEUNG,Tug,8629802
/vessels/details/440187110,GEON WOO 1600 HO,Tug,440187110
/vessels/details/8532982,SUN JIN NO. 5,Tug,8532982
/vessels/details/9870484,TONGYEONG 5,Tug,9870484
/vessels/details/440002040,HAE BONG,Tug,440002040
/vessels/details/440700180,BARO ONE,Tug,440700180
/vessels/details/440058430,DAEHOHEYANG,Tug,440058430
/vessels/details/440100459,BU KYUNG 103 HO,Tug,440100459
/vessels/details/9828340,SU HAE NO. 63,Tug,9828340
/vessels/details/440220920,SHINWON 88HO,Tug,440220920
/vessels/details/8741428,EUN SUNG,Tug,8741428
/vessels/details/9657088,1 YONG MA,Tug,9657088
/vessels/details/9021801,303 JO YANG,Tug,9021801
/vessels/details/440335530,HAESOO-1HO,Tug,440335530
/vessels/details/440145270,101 SUNG SHIN,Tug,440145270
/vessels/details/9603922,SO BAEK HO,Tug,9603922
/vessels/details/440000193,EUN HO,Tug,440000193
/vessels/details/9914931,SONGDO,Tug,9914931
/vessels/details/440023210,TSET,Tug,440023210
/vessels/details/440301460,KWANG JIN NO.5,Tug,440301460
/vessels/details/8534203,JANG HAN NO. 7,Tug,8534203
/vessels/details/9688714,YEONGJONG NO. 1,Tug,9688714
/vessels/details/9657076,KOREA NO. 2,Tug,9657076
/vessels/details/9292931,HAE BONG,Tug,9292931
/vessels/details/9948619,7 YONG SEONG,Tug,9948619
/vessels/details/9735440,SAMCHEOK NO7,Tug,9735440
/vessels/details/440300758,GOLD KA FERRY HO,Tug,440300758
/vessels/details/440121790,NO.101 DAE DONG,Tug,440121790
/vessels/details/1059993,HAEYEON NO. 77,Tug,1059993
/vessels/details/440005045,YUNG CHANG T-1,Tug,440005045
/vessels/details/440102110,O YANG 51,Tug,440102110
/vessels/details/440000120,NAM KYUNG 1 HO,Tug,440000120
/vessels/details/7430450,SEJONG T1,Pusher Tug,7430450
/vessels/details/441646005,NO.101 CHO YANG,Tug,441646005
/vessels/details/6700389,DONG BANG NO. 5,Tug,6700389
/vessels/details/8534394,DANGJINHO,Tug,8534394
/vessels/details/9558476,JAEWON 3 HO,Tug,9558476
/vessels/details/9361017,DAEDONGNO7,Tug,9361017
/vessels/details/9181247,SUN JIN NO. 8,Tug,9181247
/vessels/details/8961872,DAE JIN 8006,Pusher Tug,8961872
/vessels/details/8532463,HANRYO NO. 11,Tug,8532463
/vessels/details/440131550,NO.1 SUNJIN,Tug,440131550
/vessels/details/440154640,ECOMIR,Tug,440154640
/vessels/details/440017240,DAE MYEONG,Tug,440017240
/vessels/details/7852476,HYUNDAI OCEAN STAR,Tug,7852476
/vessels/details/7001948,HAKUSUI MARU NO. 2,Tug,7001948
/vessels/details/440149770,T-106 KUMYONG,Tug,440149770
/vessels/details/9774147,YUNG CHANG NO. 3,Tug,9774147
/vessels/details/8629395,CHEONG RYONG NO. 9,Tug,8629395
/vessels/details/440121010,KWANG JIN NO.3,Tug,440121010
/vessels/details/440328310,JANG HAN HO,Tug,440328310
/vessels/details/440162230,HAE YEON NO.77,Tug,440162230
/vessels/details/440170357,202 DAE LIM HO,Tug,440170357
/vessels/details/440142600,GLOBAL 101,Tug,440142600
/vessels/details/440041270,SEO HAE 63HO,Tug,440041270
/vessels/details/8629632,HWANG RYONG NO. 5,Tug,8629632
/vessels/details/9063603,KAIRYU MARU NO. 5,Tug,9063603
/vessels/details/9809760,BEEN STAR,Tug,9809760
/vessels/details/440207910,BO KYUNG 102,Tug,440207910
/vessels/details/8858893,103CHEONGRYONG,Tug,8858893
/vessels/details/440007770,CHUN BU 1 HO,Tug,440007770
/vessels/details/440702880,KOREA NO.501,Tug,440702880
/vessels/details/9413743,DONG YANG 9,Tug,9413743
/vessels/details/440074080,SEO JIN,Tug,440074080
/vessels/details/440128540,101 SU DEOK,Tug,440128540
/vessels/details/7626906,SAM JUNG 5HO,Tug,7626906
/vessels/details/8533663,META NO. 1,Tug,8533663
/vessels/details/440067760,KWANGJIN NO9,Tug,440067760
/vessels/details/440118970,SUNJIN NO303,Tug,440118970
/vessels/details/7650402,DONG A NO. 106,Pusher Tug,7650402
/vessels/details/440011690,CHO KAWANG NO.107,Tug,440011690
/vessels/details/440400430,SN-T 105HO,Tug,440400430
/vessels/details/9230567,SUNJIN NO3,Tug,9230567
/vessels/details/9256262,HAEYANG NO. 3,Tug,9256262
/vessels/details/440123900,MTUG FOSCON BRIDGE,Tug,440123900
/vessels/details/440110325,301 SUNG SIN,Tug,440110325
/vessels/details/440129120,CHUN SUNG 2HO,Tug,440129120
/vessels/details/7236373,HAN KANG,Tug,7236373
/vessels/details/440071510,DAEDONG 5HO,Tug,440071510
/vessels/details/9998597,GREEN CASTLE,Tug,9998597
/vessels/details/440133510,DAE SUNG 9001,Tug,440133510
/vessels/details/440110610,DAEWON T7,Tug,440110610
/vessels/details/440103500,103 GLOBAL,Tug,440103500
/vessels/details/9239692,109 CHUNG RYONG,Tug,9239692
/vessels/details/8853960,WAHEI MARU,Pusher Tug,8853960
/vessels/details/440031310,SINHAN 5HO,Tug,440031310
/vessels/details/440107590,CHANG WOO 1 HO,Tug,440107590
/vessels/details/7034488,KITA MARU NO. 1,Tug,7034488
/vessels/details/7312969,TAKE MARU,Tug,7312969
/vessels/details/440040720,DAE DONG 53HO,Tug,440040720
/vessels/details/8858831,NEW CASTLE,Tug,8858831
/vessels/details/440143780,BO KYUNG 101,Tug,440143780
/vessels/details/440009860,36 GEUM YANG HO,Tug,440009860
/vessels/details/8533467,DAE HAN,Tug,8533467
/vessels/details/9047817,MYORIKI MARU NO. 8,Pusher Tug,9047817
/vessels/details/440078130,SAMHO 107HO,Tug,440078130
/vessels/details/440011970,KUMYONG 2200 HO,Tug,440011970
/vessels/details/9611395,SUN JIN NO. 803,Tug,9611395
/vessels/details/440114330,107 SAM YANG,Tug,440114330
/vessels/details/440105080,102 SEJU HO,Tug,440105080
/vessels/details/440414370,BNR2000,Tug,440414370
/vessels/details/8533900,SU HAE NO. 21,Tug,8533900
/vessels/details/440219740,GEUM SV HO,Tug,440219740
/vessels/details/440602150,HWANGRYONG NO.213,Tug,440602150
/vessels/details/440001490,NO.251 DEOKYANG,Tug,440001490
/vessels/details/440057340,DAE SANG 9HO,Tug,440057340
/vessels/details/8931425,CHIYO MARU NO. 3,Pusher Tug,8931425
/vessels/details/440201540,WJRCG150,Tug,440201540
/vessels/details/440400420,KEUM KWANG 5HO,Tug,440400420
/vessels/details/9148817,JINDALLAE,Tug,9148817
/vessels/details/440118757,YONG KWANG,Tug,440118757
/vessels/details/8327923,SUN KWANG NO. 3,Tug,8327923
/vessels/details/440101840,HEE JIN HO,Tug,440101840
/vessels/details/440131260,109 SAMYANG,Tug,440131260
/vessels/details/8629357,CHUN IL NO. 92,Tug,8629357
/vessels/details/9140906,SAMHO NO. 102,Tug,9140906
/vessels/details/8350700,MUSASHI MARU,Tug,8350700
/vessels/details/9583469,DAE SEUNG NO. 3,Tug,9583469
/vessels/details/440145800,SUN JIN 101HO,Tug,440145800
/vessels/details/8962682,KUM JO 101,Tug,8962682
/vessels/details/440032370,B200,Tug,440032370
/vessels/details/8534083,JANG HAN NO. 2,Tug,8534083
/vessels/details/440120490,TAE YANG 23,Tug,440120490
/vessels/details/8533182,SUN JIN NO. 11,Tug,8533182
/vessels/details/440324389,HYOPSUNG NO.31,Tug,440324389
/vessels/details/9880556,CHOKWANG NO.105,Tug,9880556
/vessels/details/440119060,505 SAMYANG,Tug,440119060
/vessels/details/9639270,SUHAE NO. 51,Tug,9639270
/vessels/details/440500510,2DAERIM,Tug,440500510
/vessels/details/440147850,TAE JOO 2HO,Tug,440147850
/vessels/details/8922589,SNL 2600,Pusher Tug,8922589
/vessels/details/9009542,NO.17 CORE,Tug,9009542
/vessels/details/440001290,NO1 HYUN JUN,Tug,440001290
/vessels/details/9498614,JE IL NO. 2,Tug,9498614
/vessels/details/9126936,SUN JIN NO. 2,Tug,9126936
/vessels/details/440012456,TSET,Tug,440012456
/vessels/details/8534124,DAE SEUNG NO. 6,Tug,8534124
/vessels/details/440315960,105 HJ,Tug,440315960
/vessels/details/440001525,NO.251 DEOKYANG,Tug,440001525
/vessels/details/440019120,HONG BO11,Tug,440019120
/vessels/details/440457111,XINDA218,Tug,440457111
/vessels/details/440124810,SEJIN101,Tug,440124810
/vessels/details/440219365,HAEYOUNG 101,Tug,440219365
/vessels/details/9062922,HAJU2600,Tug,9062922
/vessels/details/8954491,KINEI MARU NO. 28,Pusher Tug,8954491
/vessels/details/7314503,SBM 6,Tug,7314503
/vessels/details/440301490,YEOSU CHOSUN 2 HO,Tug,440301490
/vessels/details/8617720,TAISEI MARU NO. 8,Pusher Tug,8617720
/vessels/details/440152410,101 HJ,Tug,440152410
/vessels/details/9639268,SUHAE NO. 53,Tug,9639268
/vessels/details/440224790,HAENAROO NO.1,Tug,440224790
/vessels/details/9213789,SEOHO NO. 7,Tug,9213789
/vessels/details/440107130,202 KO RYO HO,Tug,440107130
/vessels/details/440101540,MYUNGSUNG 92,Tug,440101540
/vessels/details/440108213,205 CHO YANG,Tug,440108213
/vessels/details/440139260,KOREA 401,Tug,440139260
/vessels/details/440509670,318DAERYONG,Tug,440509670
/vessels/details/440112629,YONGSEONG,Tug,440112629
/vessels/details/440148517,KOREA NO.3,Tug,440148517
/vessels/details/440118690,77 SAM YUNG,Tug,440118690
/vessels/details/440020550,T-07,Tug,440020550
/vessels/details/440405940,JANG HAN 7HO,Tug,440405940
/vessels/details/440409190,DAESEUNG 3HO,Tug,440409190
/vessels/details/9141479,TNS BNR,Tug,9141479
/vessels/details/8534514,JUNG SEUNG NO. 7,Tug,8534514
/vessels/details/440217240,101 KUMDEOK,Tug,440217240
/vessels/details/440126560,HAEKANG NO.7,Tug,440126560
/vessels/details/440105860,3SAMYANG,Tug,440105860
/vessels/details/440144670,205 DONG SUNG HO,Tug,440144670
/vessels/details/1051795,CHEONGMOK 1,Tug,1051795
/vessels/details/440212040,PAL DO HO,Tug,440212040
/vessels/details/8932390,SANYO MARU NO. 6,Tug,8932390
/vessels/details/440314960,201 DONG SUNG,Tug,440314960
/vessels/details/440601300,NO.3 SAMCHOCK,Tug,440601300
/vessels/details/8533780,KU WON 53,Tug,8533780
/vessels/details/440332660,KEUMGYEONG,Tug,440332660
/vessels/details/8534277,SANG ROK 6,Tug,8534277
/vessels/details/440103800,ILKWANG 203,Tug,440103800
/vessels/details/440016530,SUN HWA NO.3,Tug,440016530
/vessels/details/440000750,DAEUN1HO,Tug,440000750
/vessels/details/440192770,SAMDO 201,Tug,440192770
/vessels/details/440130640,101 DONG SUNG HO,Tug,440130640
/vessels/details/440112740,101 SUNG RYOUMG,Tug,440112740
/vessels/details/7326465,TAMA MARU,Tug,7326465
/vessels/details/9562623,DAEDONG NO.9,Tug,9562623
/vessels/details/440102900,OKPO NO.6,Tug,440102900
/vessels/details/440117240,DAE MYEONG,Tug,440117240
/vessels/details/440119180,101 KO RYO HO,Tug,440119180
/vessels/details/440101660,GEON WOO 1200 HO,Tug,440101660
/vessels/details/440127413,ULSAN 301 HO,Tug,440127413
/vessels/details/8507781,JEOK BONG,Pusher Tug,8507781
/vessels/details/440105930,99HYODONG,Tug,440105930
/vessels/details/440149940,SUNJIN11,Tug,440149940
/vessels/details/440000560,JEA 30 JANG YUNG,Tug,440000560
/vessels/details/440513000,SUNJIN NO.808,Tug,440513000
/vessels/details/440106960,NO.301SAMYANG,Tug,440106960
/vessels/details/440127820,201.SAM.YANG,Tug,440127820
/vessels/details/440070680,24GWANGJINHO,Tug,440070680
/vessels/details/9121340,CHOSUK 2HO,Tug,9121340
/vessels/details/7037090,HYUNDAI HT-3011,Tug,7037090
/vessels/details/440170710,HANRYEO NO21,Tug,440170710
/vessels/details/440085820,YUN SUNG 88,Tug,440085820
/vessels/details/440331790,DAE DONG 51HO,Tug,440331790
/vessels/details/440177990,27YONG HO,Tug,440177990
/vessels/details/9651670,YONG SEONG 3,Tug,9651670
/vessels/details/8743323,HANYU MARINPOS,Tug,8743323
/vessels/details/440762369,NATIONAL 71,Tug,440762369
/vessels/details/8626800,DAIKAI 6,Pusher Tug,8626800
/vessels/details/440127370,ULSAN 301 HO,Tug,440127370
/vessels/details/440130020,SAMHYEONGTI NO.1,Tug,440130020
/vessels/details/440082860,DEOK SAN 301HO,Tug,440082860
/vessels/details/8327727,FAR EAST,Tug,8327727
/vessels/details/9156620,ST 33,Tug,9156620
/vessels/details/440147870,102 SAMYANG,Tug,440147870
/vessels/details/7727827,PALPAL T-8HO,Tug,7727827
/vessels/details/8623157,207CHOYANG,Tug,8623157
/vessels/details/8533314,BORYEONG 11,Tug,8533314
/vessels/details/440504600,HWAYANG 1HO,Tug,440504600
/vessels/details/440877029,T303KUMYONG,Tug,440877029
/vessels/details/8533039,BADA NO. 2,Tug,8533039
/vessels/details/8533950,HYUNG SAN,Tug,8533950
/vessels/details/440127780,ST-202,Tug,440127780
/vessels/details/440110300,301 SUNG SIN,Tug,440110300
/vessels/details/440700213,BARO ONE,Tug,440700213
/vessels/details/440100961,701 HAN IL,Tug,440100961
/vessels/details/440881000,CHANG SUNG 102,Tug,440881000
/vessels/details/8533053,CHO KWANG NO. 13,Tug,8533053
/vessels/details/440128930,101 SUNG IL,Tug,440128930
/vessels/details/8982187,CHANG SHIN 101,Tug,8982187
/vessels/details/440126980,TONGYEONG 9HO,Tug,440126980
/vessels/details/9757682,CAPE CASTLE,Tug,9757682
/vessels/details/9022075,JONG YEONG NO. 303,Tug,9022075
/vessels/details/9691058,SANGROK NO8,Tug,9691058
/vessels/details/8130772,DONG YANG NO. 18,Tug,8130772
/vessels/details/1107996,WOO SUNG NO. 37,Tug,1107996
/vessels/details/7607675,HAKUSEN,Tug,7607675
/vessels/details/8533156,HYUNJUNG NO. 302,Tug,8533156
/vessels/details/9092496,HYUNDAI JUBAIL,Tug,9092496
/vessels/details/440154910,JUPITER,Tug,440154910
/vessels/details/440319717,KING NO3,Tug,440319717
/vessels/details/440503020,SEO NAM NO 3,Tug,440503020
/vessels/details/9263851,SAMWOOHO,Tug,9263851
/vessels/details/8533675,HYOPSUNG NO. 21,Tug,8533675
/vessels/details/8105806,VENUS,Tug,8105806
/vessels/details/440131250,BANG JU HO,Tug,440131250
/vessels/details/9183881,SANSU T-1,Tug,9183881
/vessels/details/440128920,103 SAM CHANG,Tug,440128920
/vessels/details/440060710,DO YANG HO,Tug,440060710
/vessels/details/440126810,SUNJIN NO.8,Tug,440126810
/vessels/details/440054950,HAE KANG NO15,Tug,440054950
/vessels/details/440144770,UL SAN 109,Tug,440144770
/vessels/details/440152850,SUNJIN NO.5,Tug,440152850
/vessels/details/8533338,BORYEONG 5,Tug,8533338
/vessels/details/440145350,JUNG MIN HO,Tug,440145350
/vessels/details/440114690,3 GEO JE HO,Tug,440114690
/vessels/details/8534681,DAE DONG NO. 51,Tug,8534681
/vessels/details/8106408,HASHIDATE MARU,Tug,8106408
/vessels/details/440701810,TAE BAEK,Tug,440701810
/vessels/details/440007200,DAEDONG1,Tug,440007200
/vessels/details/9611462,OKPO NO. 15,Tug,9611462
/vessels/details/7623655,TOKUSEN MARU,Pusher Tug,7623655
/vessels/details/440317110,CHEONGHAE3HO,Tug,440317110
/vessels/details/441645989,NO.101 CHO YANG,Tug,441645989
/vessels/details/7913787,SBM 7,Tug,7913787
/vessels/details/440324405,HYOPSUNG NO.31,Tug,440324405
/vessels/details/440115320,JONG YOUNG B 15,Tug,440115320
/vessels/details/440319733,KING NO3,Tug,440319733
/vessels/details/9183960,SUN JIN NO. 909,Tug,9183960
/vessels/details/440061160,W J T 1601,Tug,440061160
/vessels/details/8616350,SPP 52,Tug,8616350
/vessels/details/9659426,KWANGJINWORLD7HO,Tug,9659426
/vessels/details/8533118,HEUNG JIN NO. 5,Tug,8533118
/vessels/details/440031370,KU WON 53,Tug,440031370
/vessels/details/440133570,DONG KYOUNG 102 HO,Tug,440133570
/vessels/details/9711793,SAM CHEOK 3,Tug,9711793
/vessels/details/9590242,JAEWON 8,Tug,9590242
/vessels/details/440100927,105 SAM CHANG,Tug,440100927
/vessels/details/6512263,SAMYANG NO.1,Tug,6512263
/vessels/details/440022960,105 DAE SUNG HO,Tug,440022960
/vessels/details/8024947,HE YANG O HO,Tug,8024947
/vessels/details/7731048,HYUNDAI HT-1511,Tug,7731048
/vessels/details/440127420,JUNG SEUNG NO7,Tug,440127420
/vessels/details/9623908,CHO KWANG NO. 11,Tug,9623908
/vessels/details/7126255,HAE KWANG BULL,Pusher Tug,7126255
/vessels/details/9982574,ECOMIR,Tug,9982574
/vessels/details/8741387,YONG MA NO. 21,Tug,8741387
/vessels/details/440153840,SBM11,Tug,440153840
/vessels/details/8533091,HAE KANG NO. 11,Tug,8533091
/vessels/details/9870305,SEKYEONG NO. 1,Tug,9870305
/vessels/details/440118290,HAEKANG NO.9,Tug,440118290
/vessels/details/9611369,BOGO NO. 3,Tug,9611369
/vessels/details/8313570,K-1,Tug,8313570
/vessels/details/8870176,IL GWANG 203,Tug,8870176
/vessels/details/8619182,SUHAE NO. 15,Tug,8619182
/vessels/details/440054750,BU GWANG 105,Tug,440054750
/vessels/details/9236951,CHUNG YONG 108,Tug,9236951
/vessels/details/9080338,CHANG WON NO. 3,Tug,9080338
/vessels/details/9775543,NEW DAE JIN,Tug,9775543
/vessels/details/7205001,JIWON NO. 3,Tug,7205001
/vessels/details/440002200,KEUM OH 107,Tug,440002200
/vessels/details/8533170,SBM NO. 11,Tug,8533170
/vessels/details/9870965,NAM HAE NO. 6,Tug,9870965
/vessels/details/440335570,HAE SEONG HO,Tug,440335570
/vessels/details/8979764,HAN A 501,Tug,8979764
/vessels/details/9849370,LAN CASTLE,Tug,9849370
/vessels/details/8214736,KE IPIEL201,Pusher Tug,8214736
/vessels/details/440219381,HAEYOUNG 101,Tug,440219381
/vessels/details/440146060,OKPO 15,Tug,440146060
/vessels/details/9078115,HYUN JONG,Tug,9078115
/vessels/details/440147420,CHO KWANG NO.11,Tug,440147420
/vessels/details/440052560,15 YOUNG SIN,Tug,440052560
/vessels/details/440105090,HYUN JUNG 301HO,Tug,440105090
/vessels/details/8534095,DONGHAE NO. 3,Tug,8534095
/vessels/details/440101430,WOO SUNG NO.60,Tug,440101430
/vessels/details/8534045,JE SAN,Tug,8534045
/vessels/details/7831264,SAMSUNG T-1,Tug,7831264
/vessels/details/440153090,T107 KUMYONG,Tug,440153090
/vessels/details/440330460,SEO HAE NO 21,Tug,440330460
/vessels/details/440601140,SAMCHEOK NO5,Tug,440601140
/vessels/details/440135980,98 SAMYANG,Tug,440135980
/vessels/details/8967955,KASUGA MARU NO. 25,Pusher Tug,8967955
/vessels/details/9870939,DOYANG NO. 7,Tug,9870939
/vessels/details/440400060,NO6 DAESEUNG,Tug,440400060
/vessels/details/8740929,SHINJUNG T-1,Tug,8740929
/vessels/details/8534497,HAENAROO NO. 2,Tug,8534497
/vessels/details/440057740,HAE YEON NO.15,Tug,440057740
/vessels/details/440056750,WOO SUNG NO37,Tug,440056750
/vessels/details/440127870,DAE GYEONG HO,Tug,440127870
/vessels/details/6612465,HACHIFUKUYOSHI MARU,Tug,6612465
/vessels/details/440130021,SAMHYEONGTI NO.1,Tug,440130021
/vessels/details/440051510,KOREA NO.601,Tug,440051510
/vessels/details/7326506,MIZUHO MARU,Tug,7326506
/vessels/details/8629345,CHEONG RYONG NO. 2,Tug,8629345
/vessels/details/7506144,SAMJUNG 3,Tug,7506144
/vessels/details/440117800,NO.8 SAM YANG,Tug,440117800
/vessels/details/440101322,2003 HAE YOUNG,Tug,440101322
/vessels/details/9189433,CHEOYOUNG,Tug,9189433
/vessels/details/440126170,NO301SHINJUNG,Tug,440126170
/vessels/details/9183453,TWIN STAR NO. 1,Tug,9183453
/vessels/details/440411410,DAERIM 301,Tug,440411410
/vessels/details/440122600,601 DONG SUNG,Tug,440122600
/vessels/details/6720315,TOKUSEN MARU NO. 2,Tug,6720315
/vessels/details/440130750,SEO H3 E,Tug,440130750
/vessels/details/7737509,HAN GANG NO. 5,Tug,7737509
/vessels/details/8121941,EUN SAN HO,Tug,8121941
/vessels/details/440132597,NO.307 DAE RYONG,Tug,440132597
/vessels/details/8516483,HAE RYONG 503,Tug,8516483
/vessels/details/440031960,KWANG JIN 11,Tug,440031960
/vessels/details/440105770,153 EUN HYE HO,Tug,440105770
/vessels/details/440197237,KING NO98,Tug,440197237
/vessels/details/440014660,37 SHIN HEUNG,Tug,440014660
/vessels/details/440602960,JAE BOK HO,Tug,440602960
/vessels/details/8850827,KO RYO 307 HO,Tug,8850827
/vessels/details/7435503,GUNWOO 3200,Tug,7435503
/vessels/details/440119710,SEOHO NO.17,Tug,440119710
/vessels/details/440044970,HAEYOUNG 2400,Tug,440044970
/vessels/details/8974788,MYUNG JIN 802,Tug,8974788
/vessels/details/440101760,K601,Tug,440101760
/vessels/details/9611383,MASUNG NO. 1,Tug,9611383
/vessels/details/7913880,SEKYEONG NO. 1,Tug,7913880
/vessels/details/440124100,OK PO NO2,Tug,440124100
/vessels/details/440112880,303 JONG YOUNG,Tug,440112880
/vessels/details/441155584,3,Tug,441155584
/vessels/details/7005437,KOREA NO. 2,Tug,7005437
/vessels/details/440503580,SAM WOO 47,Tug,440503580
/vessels/details/440132690,306DAERYONG,Tug,440132690
/vessels/details/440108190,205 CHO YANG,Tug,440108190
/vessels/details/440404325,NO.311DAEYONG,Tug,440404325
/vessels/details/7312878,BUZEN MARU,Pusher Tug,7312878
/vessels/details/440328120,SHINKWANG NO.1,Tug,440328120
/vessels/details/7052038,KORYO 105,Pusher Tug,7052038
/vessels/details/8981688,MYUNG JIN 201,Tug,8981688
/vessels/details/9819662,HAE SEONG HO,Tug,9819662
/vessels/details/8533144,HYUNJUNG NO. 301,Tug,8533144
/vessels/details/9155195,HWANGRYONG NO.207,Tug,9155195
/vessels/details/8533833,NAM HAE NO. 2,Tug,8533833
/vessels/details/8630681,SAKAE MARU,Pusher Tug,8630681
/vessels/details/440102160,BOKWANG HO,Tug,440102160
/vessels/details/440300610,JEON NAM912,Tug,440300610
/vessels/details/440110170,BNT 1HO,Tug,440110170
/vessels/details/440713141,SUNJIN 702,Tug,440713141
/vessels/details/8875827,HYUNJUNG NO. 102,Tug,8875827
/vessels/details/9401350,HAE KANG NO. 9,Tug,9401350
/vessels/details/440413850,SAMSUNG HO,Tug,440413850
/vessels/details/440000467,18 JOONG ANG,Tug,440000467
/vessels/details/440123810,UL SAN 101,Tug,440123810
/vessels/details/9806718,ONE STAR,Tug,9806718
/vessels/details/440013150,SUNWWOOGIANT HO,Tug,440013150
/vessels/details/9974577,KING NO9,Tug,9974577
/vessels/details/440098130,KEUM OH 101,Tug,440098130
/vessels/details/8533015,SUN JIN NO. 900,Tug,8533015
/vessels/details/440112741,JINDALLAE,Tug,440112741
/vessels/details/7330739,SHINKAI MARU NO. 12,Pusher Tug,7330739
/vessels/details/440110920,SUNJIN T5,Tug,440110920
/vessels/details/440029390,NO.5 GUM DONG,Tug,440029390
/vessels/details/440197710,202 GEUM SHIN,Tug,440197710
/vessels/details/440009140,AN SEONG 203 HO,Tug,440009140
/vessels/details/8534150,SAMSUNG,Tug,8534150
/vessels/details/8204559,KANGNAM STAR,Pusher Tug,8204559
/vessels/details/440200350,SEON NAM 101HO,Tug,440200350
/vessels/details/440092080,O YANG 17,Tug,440092080
/vessels/details/9909974,HYOPSUNG NO.31,Tug,9909974
/vessels/details/440400330,NO.1 POHANG,Tug,440400330
/vessels/details/8923375,SHIN JUNG 77,Pusher Tug,8923375
/vessels/details/440137320,ULSAN 103,Tug,440137320
/vessels/details/8533194,HWANG RYONG 213,Tug,8533194
/vessels/details/1117599,TAE BAEK,Tug,1117599
/vessels/details/440051070,S 1,Tug,440051070
/vessels/details/440114950,JEIL 7,Tug,440114950
/vessels/details/8745802,YEON SUNG,Tug,8745802
/vessels/details/440126650,NO.105 SAM YANG,Tug,440126650
/vessels/details/1107984,WOO SUNG NO. 36,Tug,1107984
/vessels/details/440211280,ONGJIN101,Tug,440211280
/vessels/details/440137920,3CHYON YANG,Tug,440137920
/vessels/details/440113770,SUNJIN 111HO,Tug,440113770
/vessels/details/440337570,WOO SUNG NO.53,Tug,440337570
/vessels/details/440076650,DONG BO NO1,Tug,440076650
/vessels/details/8875786,201 SIN DONG,Tug,8875786
/vessels/details/9156137,HAERYONG NO.1,Tug,9156137
/vessels/details/9618434,SAMHO T-9,Tug,9618434
/vessels/details/7322342,FURUTAKA MARU,Tug,7322342
/vessels/details/440222350,BO RYEONG 1HO,Tug,440222350
/vessels/details/440001840,KING STAR,Tug,440001840
/vessels/details/9639309,BOGO NO. 7,Tug,9639309
/vessels/details/441810000,5 HAN SUNG,Tug,441810000
/vessels/details/9648130,JUNGBU1,Tug,9648130
/vessels/details/440763000,SUNJIN NO.909,Tug,440763000
/vessels/details/440110470,203 GEUM YONG,Tug,440110470
/vessels/details/440001040,WONJIN,Tug,440001040
/vessels/details/440412320,META 7HO,Tug,440412320
/vessels/details/9169976,KANGNAM,Tug,9169976
/vessels/details/8994427,MYUNG JIN 501,Tug,8994427
/vessels/details/440001280,JE301ONGJIN,Tug,440001280
/vessels/details/440101820,WOL SUNG,Tug,440101820
/vessels/details/440197221,KING NO98,Tug,440197221
/vessels/details/440062010,S MIRACLE HO,Tug,440062010
/vessels/details/9128611,SEVEN STAR,Tug,9128611
/vessels/details/440006820,ST-35,Tug,440006820
/vessels/details/8534136,DAE SEUNG NO. 7,Tug,8534136
/vessels/details/9684299,DONGYANG NO. 7,Tug,9684299
/vessels/details/8533106,HEUNG JIN NO. 3,Tug,8533106
/vessels/details/9777125,YUNG CHANG T-1,Tug,9777125
/vessels/details/440008030,YEOSU CHOSUN 1 HO,Tug,440008030
/vessels/details/440126181,NO301SHINJUNG,Tug,440126181
/vessels/details/440009170,JUPITER 1,Tug,440009170
/vessels/details/440128670,107 DONG SUNG,Tug,440128670
/vessels/details/9470210,GALAXY CASTLE,Tug,9470210
/vessels/details/7322641,KUMGANG NO. 3,Pusher Tug,7322641
/vessels/details/440001234,POS 20000,Tug,440001234
/vessels/details/8533261,SU HAE NO. 25,Tug,8533261
/vessels/details/440007440,HAN.A T-101,Tug,440007440
/vessels/details/440116880,302JONGYONG,Tug,440116880
/vessels/details/9031014,SUN JIN,Tug,9031014
/vessels/details/7856288,AKI MARU NO. 12,Tug,7856288
/vessels/details/9753997,212 HWANG RYONG,Tug,9753997
/vessels/details/9204788,NO.312 DAE RYONG,Tug,9204788
/vessels/details/7737547,HAE SONG NO. 201,Tug,7737547
/vessels/details/440055560,WOO SUNG NO.55,Tug,440055560
/vessels/details/440120570,DAE RIM 1 HO,Tug,440120570
/vessels/details/440412250,DAESEUNG 5HO,Tug,440412250
/vessels/details/8629333,CHEONG RYONG NO. 1,Tug,8629333
/vessels/details/440001590,DAE CHANG,Tug,440001590
/vessels/details/440011460,UL SAN 707,Tug,440011460
/vessels/details/9323431,TUG KOOKJENO1,Tug,9323431
/vessels/details/8533041,CHO KWANG NO. 601,Tug,8533041
/vessels/details/440006990,ULSAN 705,Tug,440006990
/vessels/details/8629618,HWANG RYONG NO. 1,Tug,8629618
/vessels/details/7939731,NACHI MARU,Tug,7939731
/vessels/details/8629503,DONG BANG NO. 8,Tug,8629503
/vessels/details/440158520,DONG A6S S05,Tug,440158520
/vessels/details/440322690,TONGYEONG11HO,Tug,440322690
/vessels/details/9709013,DAESAN 1,Tug,9709013
/vessels/details/440312340,53 CHANG YOUNG,Tug,440312340
/vessels/details/8533584,NEW ANGEL,Tug,8533584
/vessels/details/9619701,YOUNGMA NO. 25,Tug,9619701
/vessels/details/440071330,JUNG SEUNG 9HO,Tug,440071330
/vessels/details/9784609,DAE SUNG 103,Tug,9784609
/vessels/details/9683544,DAE DONG 8 HO,Tug,9683544
/vessels/details/9063445,101YUJIN,Tug,9063445
/vessels/details/8534265,SANG ROK 5,Tug,8534265
/vessels/details/8313582,MIRAE T,Tug,8313582
/vessels/details/9166340,SUN JIN NO. 808,Tug,9166340
/vessels/details/440400400,IL KWANG 303,Tug,440400400
/vessels/details/440315780,KOO BONG HO,Tug,440315780
/vessels/details/9888613,CHOKWANG NO. 101,Tug,9888613
/vessels/details/440121590,WOONG JIN FC 3000,Tug,440121590
/vessels/details/440187780,DONG SAN NO.1,Tug,440187780
/vessels/details/440108390,UL SAN 105,Tug,440108390
/vessels/details/8850839,ULSAN707HO,Tug,8850839
/vessels/details/440020860,JEMULPO NO.2,Tug,440020860
/vessels/details/8015764,HYO DONG NO.9,Tug,8015764
/vessels/details/9378412,505HAE RYONG,Tug,9378412
/vessels/details/9142899,DAESANG FRONTIER,Tug,9142899
/vessels/details/441653000,HNT1,Tug,441653000
/vessels/details/9808728,SUHAE NO.65,Tug,9808728
/vessels/details/440149749,101SAM YANG,Tug,440149749
/vessels/details/8532580,HWANGRYONG NO. 215,Tug,8532580
/vessels/details/440128460,SUNG SHINT3,Tug,440128460
/vessels/details/9025900,NO.101 CHO YANG,Tug,9025900
/vessels/details/8738902,SAENURI,Tug,8738902
/vessels/details/440218430,BO RYEONG 5HO,Tug,440218430
/vessels/details/440500014,201HAESONG,Tug,440500014
/vessels/details/440129220,OKPO NO12,Tug,440129220
/vessels/details/8717697,CHANGSEONGHO 102,Pusher Tug,8717697
/vessels/details/440217820,NO.3 YONG MA,Tug,440217820
/vessels/details/440314997,HAE GUN 2700,Tug,440314997
/vessels/details/9239836,316 DAERYONG,Tug,9239836
/vessels/details/8877411,SAMSUNG T-2,Tug,8877411
/vessels/details/7513757,EISHO MARU NO. 1,Tug,7513757
/vessels/details/8533912,SHIN KWANG NO. 1,Tug,8533912
/vessels/details/440009310,S 2HO,Tug,440009310
/vessels/details/440112210,KOREA NO.1,Tug,440112210
/vessels/details/7354527,SUN JIN NO. 7,Tug,7354527
/vessels/details/9139660,SAMHO NO. 103,Tug,9139660
/vessels/details/7354515,KOYO MARU,Tug,7354515
/vessels/details/440124780,303HO SAMYANG,Tug,440124780
/vessels/details/9134206,306CHO YANG,Pusher Tug,9134206
/vessels/details/440007013,ULSAN 705,Tug,440007013
/vessels/details/440118710,ZEUS,Tug,440118710
/vessels/details/440321060,NO.506 HAERYONG,Tug,440321060
/vessels/details/7232157,TETSUHO MARU,Tug,7232157
/vessels/details/440060725,DO YANG HO,Tug,440060725
/vessels/details/440303490,201 KWANG JIN HO,Tug,440303490
/vessels/details/440108389,UL SAN 1WF,Tug,440108389
/vessels/details/440400680,JANGHAN 5,Tug,440400680
/vessels/details/8533792,KWANG JIN NO. 15,Tug,8533792
/vessels/details/9192715,KOREA NO. 7,Tug,9192715
/vessels/details/440101686,203 DONG IN,Tug,440101686
/vessels/details/440057450,82.HAENG BOK HO,Tug,440057450
/vessels/details/8532970,SUN JIN NO. 202,Tug,8532970
/vessels/details/440108440,DONGIL1HO,Tug,440108440
/vessels/details/8132782,GWAN AG NO. 2,Tug,8132782
/vessels/details/9412153,TNS CATCHER,Tug,9412153
/vessels/details/9396270,OKPO NO. 8,Tug,9396270
/vessels/details/8965282,JIMIN 101,Pusher Tug,8965282
/vessels/details/440121250,GLOBAL 103,Tug,440121250
/vessels/details/440327070,SEO HO NO1,Tug,440327070
/vessels/details/440106830,2600 TAE PYONG YANG,Tug,440106830
/vessels/details/440126570,OK PO 11 HO,Tug,440126570
/vessels/details/440104360,KO RYO 103 HO,Tug,440104360
/vessels/details/440125030,SU YEOUN1HO,Tug,440125030
/vessels/details/9711781,SAMCHEOK NO1,Tug,9711781
/vessels/details/8534538,NEW HAN CHANG,Tug,8534538
/vessels/details/9033531,TAMAYOSHI MARU NO. 21,Pusher Tug,9033531
/vessels/details/7354498,SHIN JIN,Tug,7354498
/vessels/details/440001250,502 SUNG SHIN,Tug,440001250
/vessels/details/8533651,MOG RYEON HO,Tug,8533651
/vessels/details/9611474,DAESUNG 101,Tug,9611474
/vessels/details/440411260,HYEONG SAN HO,Tug,440411260
/vessels/details/9927366,SHIN SUNG,Tug,9927366
/vessels/details/440134260,SUNJIN NO.802,Tug,440134260
/vessels/details/440332140,JEAN NAM 324,Tug,440332140
/vessels/details/440019990,DAEHAN,Tug,440019990
/vessels/details/440151605,KOREA NO.2,Tug,440151605
/vessels/details/8314445,JANG HAN,Tug,8314445
/vessels/details/8533168,K101,Tug,8533168
/vessels/details/440016820,NEW ANGEL,Tug,440016820
/vessels/details/440300162,JM100HO,Tug,440300162
/vessels/details/440321750,OH DAE HO,Tug,440321750
/vessels/details/7831484,ULSAN NO. 703,Tug,7831484
/vessels/details/7729784,JAEWON NO1,Tug,7729784
/vessels/details/440300325,NO.108 CHUNGRYONG,Tug,440300325
/vessels/details/440073290,KU WON 21,Tug,440073290
/vessels/details/440116450,DAE SUNG 101HO,Tug,440116450
/vessels/details/8741442,GAE NA RI,Tug,8741442
/vessels/details/8534540,NEW JIN,Tug,8534540
/vessels/details/440083980,KCG T-10,Tug,440083980
/vessels/details/9639361,SBM NO. 9,Tug,9639361
/vessels/details/440101433,623 DONG JIN,Tug,440101433
/vessels/details/9042788,KORYO 305HO,Tug,9042788
/vessels/details/7425089,AIOI MARU,Tug,7425089
/vessels/details/8533883,WOO SUNG NO. 55,Tug,8533883
/vessels/details/440133910,DAESUNG 102,Tug,440133910
/vessels/details/9639282,O-DAE,Tug,9639282
/vessels/details/440166380,KU WON NO.38,Tug,440166380
/vessels/details/8629383,CHEONG RYONG NO. 7,Tug,8629383
/vessels/details/440021860,DAE MYEONG HO,Tug,440021860
/vessels/details/440155190,HS1500,Tug,440155190
/vessels/details/440186090,201 HAN IL HO,Tug,440186090
/vessels/details/9611450,OKPO NO. 13,Tug,9611450
/vessels/details/440115570,7 BA REUN,Tug,440115570
/vessels/details/440100660,103 HJ HO,Tug,440100660
/vessels/details/440510410,SUJUNGHO,Tug,440510410
/vessels/details/440108610,MYUNG JIN 201,Tug,440108610
/vessels/details/440001650,207 DONG SUNG HO,Tug,440001650
/vessels/details/8532530,JUPITER,Tug,8532530
/vessels/details/440411570,JE SAN,Tug,440411570
/vessels/details/440156830,MYUNG SUNG,Tug,440156830
/vessels/details/440012610,NEW EVER CASTLE,Tug,440012610
/vessels/details/440130760,JOON SUNG,Tug,440130760
/vessels/details/440112229,KOREA NOHT,Tug,440112229
/vessels/details/9555527,PIN ALFA,Tug,9555527
/vessels/details/440401830,SUNG JIN HO,Tug,440401830
/vessels/details/440107910,DONG SUNG 203 HO,Tug,440107910
/vessels/details/9693288,601.BAEK RYONG HO,Tug,9693288
/vessels/details/9215957,OKPO NO. 6,Tug,9215957
/vessels/details/440043080,DONGYANG NO.1,Tug,440043080
/vessels/details/8534198,JANG HAN NO. 5,Tug,8534198
/vessels/details/440144680,SEON NAM 7 HO,Tug,440144680
/vessels/details/8629400,CHEONG RYONG NO. 10,Tug,8629400
/vessels/details/440000011,TESTAIS,Tug,440000011
/vessels/details/9021473,YEOSU SHIPBUILDING NO. 2,Tug,9021473
/vessels/details/440409560,202CHUNGYONG,Tug,440409560
/vessels/details/440300150,JEONG HO 2,Tug,440300150
/vessels/details/8519306,ST-202,Tug,8519306
/vessels/details/8532956,SUN JIN NO. 101,Tug,8532956
/vessels/details/9416939,NEW GREEN,Tug,9416939
/vessels/details/7051955,HANSUNG NO. 101,Tug,7051955
/vessels/details/9042075,JOONSUL T-25,Tug,9042075
/vessels/details/9583483,SUN JIN NO. 802,Tug,9583483
/vessels/details/440115450,HWA IN 1001,Tug,440115450
/vessels/details/440502450,DAE SUNG NO.7,Tug,440502450
/vessels/details/7606334,SANG SENG,Tug,7606334
/vessels/details/440215970,DONG YANG .9,Tug,440215970
/vessels/details/440300350,NO.108 CHUNGRYONG,Tug,440300350
/vessels/details/9344992,DAE SEUNG NO 2,Tug,9344992
/vessels/details/8875841,MOK RYUN NO. 3,Tug,8875841
/vessels/details/440151589,KOREA NO.2,Tug,440151589
/vessels/details/9327607,SAM WOO,Tug,9327607
/vessels/details/440170250,YONG MA NO11,Tug,440170250
/vessels/details/440127690,601 HAN IL HO,Tug,440127690
/vessels/details/8534485,HAENAROO NO. 1,Tug,8534485
/vessels/details/7123112,KORYO 103,Tug,7123112
/vessels/details/7603370,HAE DONG NO. 205,Pusher Tug,7603370
/vessels/details/9149586,YONG KWANG,Tug,9149586
/vessels/details/8516457,SAMJUNG NO1,Tug,8516457
/vessels/details/440400370,SEJONG2HO,Tug,440400370
/vessels/details/7812505,TUG 308,Pusher Tug,7812505
/vessels/details/8534344,SEJONG 7,Tug,8534344
/vessels/details/440129520,7 SHIN HAN,Tug,440129520
/vessels/details/440700197,BARO ONE,Tug,440700197
/vessels/details/440026070,BO RYEONG9 HO,Tug,440026070
/vessels/details/9171046,DONG BO,Tug,9171046
/vessels/details/9611448,SAMWOO 47,Tug,9611448
/vessels/details/440100981,701 HAN IL,Tug,440100981
/vessels/details/9307683,SAMSUNG T-6,Tug,9307683
/vessels/details/440404520,SHIN DONG 2000,Tug,440404520
/vessels/details/440323910,HAE YEON NO.5,Tug,440323910
/vessels/details/440328681,SAMWOOTUG,Tug,440328681
/vessels/details/440147680,25 YONG MA HO,Tug,440147680
/vessels/details/440189360,HANRYEO 9HO,Tug,440189360
/vessels/details/440058350,O DAE YAMG,Tug,440058350
/vessels/details/9693276,550KEUMRYONG,Tug,9693276
/vessels/details/8533352,JUNGBU 3,Tug,8533352
/vessels/details/8533089,HAE KANG NO. 15,Tug,8533089
/vessels/details/7312957,KOKAKU MARU,Tug,7312957
/vessels/details/440059120,HAE YEON NO.88,Tug,440059120
/vessels/details/440325070,SAMHO106HO,Tug,440325070
/vessels/details/440218780,BORYUNG11,Tug,440218780
/vessels/details/440321680,AJU T3,Tug,440321680
/vessels/details/440111820,SUNJIN NO12,Tug,440111820
/vessels/details/9418107,TAECHONG NO. 2,Tug,9418107
/vessels/details/440127630,21 YONG MA,Tug,440127630
/vessels/details/9042946,NAKAHARA NO. 8,Pusher Tug,9042946
/vessels/details/440921487,PR.BELL-LA,Tug,440921487
/vessels/details/440300341,NO.108 CHUNGRYONG,Tug,440300341
/vessels/details/440144710,1 YONG JIN,Tug,440144710
/vessels/details/8132794,EDEN,Tug,8132794
/vessels/details/9218870,DAE YANG NO. 202,Pusher Tug,9218870
/vessels/details/440170350,202 DAE LIM HO,Tug,440170350
/vessels/details/7854840,KOSEI MARU,Pusher Tug,7854840
/vessels/details/440110910,KOREA NO.7,Tug,440110910
/vessels/details/9628295,KUMGANG,Tug,9628295
/vessels/details/8532968,SUN JIN NO. 12,Tug,8532968
/vessels/details/440002010,2000 TAE SUNG,Tug,440002010
/vessels/details/440160440,KANGNAMSTAR,Tug,440160440
/vessels/details/9217620,KAIHO MARU NO. 3,Pusher Tug,9217620
/vessels/details/440501040,SU HAE NO.61,Tug,440501040
/vessels/details/440314680,KANG NAM TUG,Tug,440314680
/vessels/details/440044410,NAM SAN HO,Tug,440044410
/vessels/details/9657430,VAN CASTLE,Tug,9657430
/vessels/details/440121350,301 KWANG YANG,Tug,440121350
/vessels/details/8028632,HARIO 3,Tug,8028632
/vessels/details/440101160,JONG YOUNG 8001,Tug,440101160
/vessels/details/9809758,KOREA NO. 3,Tug,9809758
/vessels/details/8948791,KOYAMA MARU NO. 5,Tug,8948791
/vessels/details/440110309,301 SUNG SIN,Tug,440110309
/vessels/details/440121430,202 AN SUNG,Tug,440121430
/vessels/details/440418997,HAE SIN T,Tug,440418997
/vessels/details/9169108,WONJIN,Tug,9169108
/vessels/details/8957027,SUMISEI MARU NO. 18,Tug,8957027
/vessels/details/5404835,SUN HWA NO. 1,Tug,5404835
/vessels/details/8873130,201 CHUNG RYONG,Tug,8873130
/vessels/details/9628271,CHO KWANG NO. 12,Tug,9628271
/vessels/details/6702492,TENRYU MARU,Tug,6702492
/vessels/details/440413940,NO2 SAMSUNG,Tug,440413940
/vessels/details/9684055,SANGROK NO7,Tug,9684055
/vessels/details/440150650,CHO KWANG NO.13,Tug,440150650
/vessels/details/440108290,623 DEOK SUNG HO,Tug,440108290
/vessels/details/440006210,JIN YOUNG,Tug,440006210
/vessels/details/440155090,305 SUNG SIN,Tug,440155090
/vessels/details/440400470,DAESEUNG 7HO,Tug,440400470
/vessels/details/440400437,KEUM KWANG 5HO,Tug,440400437
/vessels/details/440118170,GYEONG SUNG T9,Tug,440118170
/vessels/details/440335410,KEUM KANG JIN,Tug,440335410
/vessels/details/7231775,HOSEI MARU NO. 18,Tug,7231775
/vessels/details/8957247,WON YOUNG NO. 101,Tug,8957247
/vessels/details/8533871,WOO SUNG NO. 53,Tug,8533871
/vessels/details/440120890,SINDONG T1,Tug,440120890
/vessels/details/9639165,HAERYONG NO. 506,Tug,9639165
/vessels/details/9377884,NEW YAKJIN HO,Tug,9377884
/vessels/details/7737523,MYUNG JIN NO. 201,Tug,7737523
/vessels/details/440184757,5 YONG SEONG,Tug,440184757
/vessels/details/6289309,ZENEI MARU NO. 103,Tug,6289309
/vessels/details/440121077,DAE SUN NO.1,Tug,440121077
/vessels/details/8532566,CHUNGRYONG NO. 111,Tug,8532566
/vessels/details/440129970,21 TAE YANG,Tug,440129970
/vessels/details/440001130,GEUMCHANG601,Tug,440001130
/vessels/details/440325510,MA SUNG 8HO,Tug,440325510
/vessels/details/440129480,SEJONB,Tug,440129480
/vessels/details/440135110,SUNJIN NO.6,Tug,440135110
/vessels/details/9628283,DAE DONG NO. 11,Tug,9628283
/vessels/details/440144860,BOGO NO.1,Tug,440144860
/vessels/details/9611371,HYUNJUNG NO. 303,Tug,9611371
/vessels/details/440084840,KUMYANG T,Tug,440084840
/vessels/details/440150790,TAE YOUNG,Tug,440150790
/vessels/details/440147110,DAE YANG 201 HO,Tug,440147110
/vessels/details/8875774,CHUNG YONG 105,Tug,8875774
/vessels/details/440149450,SAM YANG T2HO,Tug,440149450
/vessels/details/440056660,NAM YOUNG HO,Tug,440056660
/vessels/details/8533807,KWANG JIN NO. 9,Tug,8533807
/vessels/details/9870733,JUPITER 1,Tug,9870733
/vessels/details/440125870,HYUN DAI 500,Tug,440125870
/vessels/details/440503700,SINHEUNG8HO,Tug,440503700
/vessels/details/7706304,HAN KANG NO.2,Tug,7706304
/vessels/details/8533596,NEW WEOLMI,Tug,8533596
/vessels/details/7123150,TSURU MARU NO. 5,Tug,7123150
/vessels/details/440310850,CHEONGHAE 1HO,Tug,440310850
/vessels/details/440105760,SEONG DECK 7,Tug,440105760
/vessels/details/9127564,BUN SUNG,Tug,9127564
/vessels/details/9775555,DAE MYEONG,Tug,9775555
/vessels/details/9492141,HAEYANG 2,Tug,9492141
/vessels/details/440112560,K101,Tug,440112560
/vessels/details/9596014,HAEYANG 1,Tug,9596014
/vessels/details/8714140,MORAN,Tug,8714140
/vessels/details/440050990,SEO HO 678,Tug,440050990
/vessels/details/440302760,WOOJUNG1HO,Tug,440302760
/vessels/details/9147590,SUNJIN T-5,Tug,9147590
/vessels/details/8534502,HI YANG,Tug,8534502
/vessels/details/8402888,HAKUOH,Pusher Tug,8402888
/vessels/details/440922339,PLAYBOY 2339,Tug,440922339
/vessels/details/440121620,102 DONG SUNG HO,Tug,440121620
/vessels/details/440042920,SUNJIN NO.900,Tug,440042920
/vessels/details/440141920,BU MAN 1HO,Tug,440141920
/vessels/details/440147957,GLOBAL 102,Tug,440147957
/vessels/details/440324670,JEONG SUNGN NO 5,Tug,440324670
/vessels/details/440139670,7 HYO DONG HO,Tug,440139670
/vessels/details/8533924,SEO HO NO. 1,Tug,8533924
/vessels/details/8827507,CHOON GANG NO. 7,Tug,8827507
/vessels/details/440411429,DAERIM 301,Tug,440411429
/vessels/details/440328730,NAM HAE NO.2,Tug,440328730
/vessels/details/9529970,DAEJIN 11HO,Tug,9529970
/vessels/details/9318668,TUG. DAESUNG,Tug,9318668
/vessels/details/440326840,WOOSUNG NO52,Tug,440326840
/vessels/details/440104800,YUNG CHANG 3 HO,Tug,440104800
/vessels/details/8532815,JUNG SEUNG NO. 3,Tug,8532815
/vessels/details/440404530,207 CHO YANG,Tug,440404530
/vessels/details/440134230,NO1 BADA,Tug,440134230
/vessels/details/440311130,203 GANG JIN HO,Tug,440311130
/vessels/details/9065091,CHO KWANG NO. 1,Tug,9065091
/vessels/details/440707130,DAE WOO T A2,Tug,440707130
/vessels/details/6905501,YUTAKA MARU NO. 38,Tug,6905501
/vessels/details/440508110,HAN RYO NO11,Tug,440508110
/vessels/details/440000399,CHEON JO HO,Tug,440000399
/vessels/details/440106490,NO.3003SAM YANG,Tug,440106490
/vessels/details/8533326,BORYEONG 3,Tug,8533326
/vessels/details/8534605,VENUS,Tug,8534605
/vessels/details/8533819,MASUNG NO. 8,Tug,8533819
/vessels/details/7930591,JANG WON,Tug,7930591
/vessels/details/8926195,31 SHIN HEUNG,Tug,8926195
/vessels/details/8210821,ST707,Tug,8210821
/vessels/details/440100581,SUNJIN NO3,Tug,440100581
/vessels/details/9392573,OKPO 7,Tug,9392573
/vessels/details/440909045,JONGHAP NO 36,Tug,440909045
/vessels/details/1051812,CHEONGMOK 5,Tug,1051812
/vessels/details/440113100,CHANG YEONG,Tug,440113100
/vessels/details/8533259,DAE DONG NO. 10,Tug,8533259
/vessels/details/7937719,AN SUNG 201,Tug,7937719
/vessels/details/440150970,NAMDEOKH0,Tug,440150970
/vessels/details/440066360,SU HAE NO.57,Tug,440066360
/vessels/details/440119540,MTUG ALLIE BRAVO,Tug,440119540
/vessels/details/9401087,YONGSEONG,Tug,9401087
/vessels/details/440186101,201 HAN IL HO,Tug,440186101
/vessels/details/8130784,DEOK BONG,Tug,8130784
/vessels/details/440002240,YONGMUN,Tug,440002240
/vessels/details/440504860,215HWANGRYONG,Tug,440504860
/vessels/details/440110150,106 SAMYANG,Tug,440110150
/vessels/details/440116460,KWANG JEONG HO,Tug,440116460
/vessels/details/7010652,KUK HWA,Tug,7010652
/vessels/details/9137387,SAMHO NO. 101,Tug,9137387
/vessels/details/440078920,KU WON 36,Tug,440078920
/vessels/details/440198210,ST-77,Tug,440198210
/vessels/details/9888558,YUN STAR,Tug,9888558
/vessels/details/440136360,HAEKANG NO.11,Tug,440136360
/vessels/details/9117167,JIN NAM,Tug,9117167
/vessels/details/8533479,DAESUNG NO. 3,Tug,8533479
/vessels/details/9314686,HAE SUNG,Tug,9314686
/vessels/details/440100792,23 CHANG RYONG,Tug,440100792
/vessels/details/8533209,TONGYEONG NO. 3,Tug,8533209
/vessels/details/8961511,SHINJUNG NO. 601,Tug,8961511
/vessels/details/8313673,JEYANG 1,Pusher Tug,8313673
/vessels/details/9821316,K 601,Tug,9821316
/vessels/details/440092550,KWANG CHEON HO,Tug,440092550
/vessels/details/8532592,HY-T360,Tug,8532592
/vessels/details/440186050,SANG YONG,Tug,440186050
/vessels/details/440101830,AN DONG HO,Tug,440101830
/vessels/details/6816657,SAKATA MARU,Tug,6816657
/vessels/details/7507514,EUN SUNG,Tug,7507514
/vessels/details/8210170,KOZUCHI MARU,Tug,8210170
/vessels/details/440184150,WOOSUNG 36HO,Tug,440184150
/vessels/details/9777228,SOUTHERN CASTLE,Tug,9777228
/vessels/details/440147330,HANUL 1,Tug,440147330
/vessels/details/440003470,HWA IN 7,Tug,440003470
/vessels/details/440076160,GWANG HAE 201,Tug,440076160
/vessels/details/9144964,T301 KUMYONG,Tug,9144964
/vessels/details/7927398,DAE YANG NO. 6,Tug,7927398
/vessels/details/440314990,HAE GUN 2700,Tug,440314990
/vessels/details/9611319,BOGO NO. 1,Tug,9611319
/vessels/details/440004290,SEO JIN HO,Tug,440004290
/vessels/details/9192038,KUKHWA NO1,Tug,9192038
/vessels/details/7000114,ST 101,Tug,7000114
/vessels/details/440124150,625 DEOK YANG HO,Tug,440124150
/vessels/details/8534033,JANG HAN NO. 3,Tug,8534033
/vessels/details/9322360,SUNJIN NO.7,Tug,9322360
/vessels/details/1051824,CHEONGMOK7,Tug,1051824
/vessels/details/8533699,DAE JIN NO. 5,Tug,8533699
/vessels/details/7046754,SUNG SHIN T3,Tug,7046754
/vessels/details/440001020,302 SUNG SIN,Tug,440001020
/vessels/details/9220184,208.HWANGRYONG,Tug,9220184
/vessels/details/440100796,501 KO RYO,Tug,440100796
/vessels/details/440084430,DAE MYEONG 11 HO,Tug,440084430
/vessels/details/8532994,SUN JIN NO. 6,Tug,8532994
/vessels/details/440402070,KEUM KWANG NO.7,Tug,440402070
/vessels/details/440119205,101 KO RYO HO,Tug,440119205
/vessels/details/6828222,AWAJI MARU,Pusher Tug,6828222
/vessels/details/9117155,GLOBAL301,Tug,9117155
/vessels/details/440151710,NAM HAE NO.3,Tug,440151710
/vessels/details/440100597,SUNJIN NO3,Tug,440100597
/vessels/details/440412450,YOUNGIL HO,Tug,440412450
/vessels/details/440031550,SUNJIN202HO,Tug,440031550
/vessels/details/440145730,SUNJIN NO.803,Tug,440145730
/vessels/details/9022453,7 MAN SUNG,Tug,9022453
/vessels/details/440121330,SAM WON 2HO,Tug,440121330
/vessels/details/440510770,SEO HAE NO.16,Tug,440510770
/vessels/details/440120320,103 SAMYANG,Tug,440120320
/vessels/details/9871050,SEO HAE 57HO,Tug,9871050
/vessels/details/440002001,HAPPINESS THUYA,Tug,440002001
/vessels/details/440500084,GUN SAN HO,Tug,440500084
/vessels/details/8015752,CHEONG KYUNG NO. 12,Tug,8015752
/vessels/details/440204370,SONG DO,Tug,440204370
/vessels/details/8533297,BORYEONG NO. 1,Tug,8533297
/vessels/details/440313253,SUNJIN NO.801,Tug,440313253
/vessels/details/9874519,BAEK DU HO,Tug,9874519
/vessels/details/440200182,EUN SEOK 208,Tug,440200182
/vessels/details/7313781,YASHIMA,Tug,7313781
/vessels/details/440161220,TO TAP 28HO,Tug,440161220
/vessels/details/8533120,HEUNG JIN NO. 7,Tug,8533120
/vessels/details/440024870,KWANG NAM HO,Tug,440024870
/vessels/details/9639294,BOGO NO. 5,Tug,9639294
/vessels/details/9125164,DAE YONG 305,Tug,9125164
/vessels/details/440214980,ULREUNG 202 HO,Tug,440214980
/vessels/details/440217637,102SINDONG,Tug,440217637
/vessels/details/8625636,TAIYO MARU NO. 3,Pusher Tug,8625636
/vessels/details/7033587,MYUNG JIN 601,Tug,7033587
/vessels/details/8741454,ZEUS,Tug,8741454
/vessels/details/440114360,NO.66DONGWON,Tug,440114360
/vessels/details/440133780,SUNG SIN 5002 HO,Tug,440133780
/vessels/details/440301670,MYUNGSUNG 12HO,Tug,440301670
/vessels/details/440125470,SINHAN1004,Tug,440125470
/vessels/details/9870953,HANRYO NO. 21,Tug,9870953
/vessels/details/9281736,SORAK,Tug,9281736
/vessels/details/8122854,CHO KWANG NO. 5,Tug,8122854
/vessels/details/440101413,623 DONG JIN,Tug,440101413
/vessels/details/440127653,KUKHWA NO.1,Tug,440127653
/vessels/details/7322366,VAN CASTLE,Tug,7322366
/vessels/details/9108714,SAMSUNG T-3,Tug,9108714
/vessels/details/440500139,305 SAMYANG,Tug,440500139
/vessels/details/440223540,BO RYEONG 3HO,Tug,440223540
/vessels/details/8532578,YONGMA NO. 3,Tug,8532578
/vessels/details/7118715,TENYO MARU NO. 2,Tug,7118715
/vessels/details/8823862,EISHO MARU NO. 18,Tug,8823862
/vessels/details/7212987,HWANG RYONG 209,Tug,7212987
/vessels/details/9819741,KWANGSUNG,Tug,9819741
/vessels/details/8533340,BORYEONG 9,Tug,8533340
/vessels/details/440144990,SUNJIN 2HO,Tug,440144990
/vessels/details/8015740,DAE SAN HO,Tug,8015740
/vessels/details/440101460,UL SAN 107,Tug,440101460
/vessels/details/440023012,TSET,Tug,440023012
/vessels/details/7326477,SENYO MARU,Tug,7326477
/vessels/details/7831472,KWANG JIN NO. 5,Tug,7831472
/vessels/details/440003700,GOLDMARINE 21,Tug,440003700
/vessels/details/8534148,YOUNG IL,Tug,8534148
/vessels/details/440109310,2005 SAMYANG,Tug,440109310
/vessels/details/440112460,88 BUM YANG,Tug,440112460
/vessels/details/9240574,EUGENE 1 HO,Tug,9240574
/vessels/details/9819363,5 YONG SEONG,Tug,9819363
/vessels/details/440410590,SAE HAN 108,Tug,440410590
/vessels/details/440112613,YONGSEONG,Tug,440112613
/vessels/details/440305640,JE IL HO,Tug,440305640
/vessels/details/440121040,DAE SUN NO.1,Tug,440121040
/vessels/details/8534112,DAE SEUNG NO. 5,Tug,8534112
/vessels/details/5395424,CHIYO MARU NO. 58,Tug,5395424
/vessels/details/440116490,AJU 8,Tug,440116490
/vessels/details/440148970,SBM 9,Tug,440148970
/vessels/details/9168300,HAE KANG NO. 7,Tug,9168300
/vessels/details/440119210,GEUM SHIN 102,Tug,440119210
/vessels/details/440127669,KUKHWA NO.1,Tug,440127669
/vessels/details/440134850,CHO KWANG NO.3,Tug,440134850
/vessels/details/440102380,SAM SUNG T3 HO,Tug,440102380
/vessels/details/440133285,5 DONG SODC,Tug,440133285
/vessels/details/9159488,SS T3,Tug,9159488
/vessels/details/5026736,DAE PO,Tug,5026736
/vessels/details/440145910,BO GO NO.3,Tug,440145910
/vessels/details/440111290,OKPO NO.9,Tug,440111290
/vessels/details/440110510,DAE SUNG 5,Tug,440110510
/vessels/details/8533754,DOYANG NO. 11,Tug,8533754
/vessels/details/8534253,HAEYANG 9,Tug,8534253
/vessels/details/9117430,DAE YONG 303,Tug,9117430
/vessels/details/440065940,SUNG SHIN,Tug,440065940
/vessels/details/8532827,JUNG SEUNG NO. 5,Tug,8532827
/vessels/details/8326785,HYUNDAI HT-1002,Tug,8326785
/vessels/details/440031270,SOO SUNG 2000HO,Tug,440031270
/vessels/details/8957340,DAEBANG303,Tug,8957340
/vessels/details/440877045,T303KUMYONG,Tug,440877045
/vessels/details/440114213,CHOSUK T1HO,Tug,440114213
/vessels/details/440146930,623 DAE JIN,Tug,440146930
/vessels/details/440030837,7 YONG SEONG,Tug,440030837
/vessels/details/440722500,CHEONGMOK 1,Tug,440722500
/vessels/details/440130190,KUM CHANG 105 HO,Tug,440130190
/vessels/details/9163257,YULIM5HO,Tug,9163257
/vessels/details/440122240,UL SAN 709,Tug,440122240
/vessels/details/9611486,VIVA CASTLE,Tug,9611486
/vessels/details/440188520,51 HJ,Tug,440188520
/vessels/details/7731036,SBM 5,Tug,7731036
/vessels/details/6802955,CHIGUSA MARU NO. 38,Tug,6802955
/vessels/details/440212370,EUNJIN G-18,Tug,440212370
/vessels/details/8741301,TONGYEONG 9 HO,Tug,8741301
/vessels/details/440075240,SUN JIN 100,Tug,440075240
/vessels/details/440148760,BOGO7HO,Tug,440148760
/vessels/details/440713100,SUNJIN 702,Tug,440713100
/vessels/details/9230024,KANGSAN,Tug,9230024
/vessels/details/440001260,HAECHUN 101,Tug,440001260
/vessels/details/440316710,69 DEOK YANG,Tug,440316710
/vessels/details/9172806,JANG SEUNG,Tug,9172806
/vessels/details/8827519,YEONWHA,Tug,8827519
/vessels/details/440148080,CHO KWANG N0.12,Tug,440148080
/vessels/details/9830678,DONGYANG NO. 1,Tug,9830678
/vessels/details/440713125,SUNJIN 702,Tug,440713125
/vessels/details/440410630,JANG WON 3HO,Tug,440410630
/vessels/details/440107160,SB 1HO,Tug,440107160
/vessels/details/9275701,DAE CHANG,Tug,9275701
/vessels/details/440028270,HYOP SUNG NO21,Tug,440028270
/vessels/details/440412260,DANGJINHO,Tug,440412260
/vessels/details/440335525,HAESOO-1HO,Tug,440335525
/vessels/details/9639153,NEW EVER CASTLE,Tug,9639153
/vessels/details/440313960,2016BEOM YANG HO,Tug,440313960
/vessels/details/440413440,209 CHO YANG,Tug,440413440
/vessels/details/440002290,NEW WEOLMI,Tug,440002290
/vessels/details/8717946,SHIN DONG 2000,Tug,8717946
/vessels/details/1062885,NEW YOUNG HEUNG,Tug,1062885
/vessels/details/440315140,JUNG HO 1,Tug,440315140
/vessels/details/440041250,DAE SUNG 1,Tug,440041250
/vessels/details/440217653,102SINDONG,Tug,440217653
/vessels/details/8703866,YU LIM,Tug,8703866
/vessels/details/440412610,88 DONG SEONG,Tug,440412610
/vessels/details/8533077,CHO KWANG NO. 3,Tug,8533077
/vessels/details/440156060,BU GANG 1,Tug,440156060
/vessels/details/440127860,HAEYOUNG HO,Tug,440127860
/vessels/details/440009900,KEUM OH T5,Tug,440009900
/vessels/details/8703763,GOLDMARINE 7,Tug,8703763
/vessels/details/8532487,OKPO NO. 1,Tug,8532487
/vessels/details/440008260,WORI HAIYANG HO,Tug,440008260
/vessels/details/440119221,101 KO RYO HO,Tug,440119221
/vessels/details/7725063,GENHO MARU,Tug,7725063
/vessels/details/440101696,DAE GIL 1 HO,Tug,440101696
/vessels/details/440502350,SU IN HO,Tug,440502350
/vessels/details/6720420,SEO YEUN,Tug,6720420
/vessels/details/440112140,HYOJONG,Tug,440112140
/vessels/details/9583471,OKPO NO. 12,Tug,9583471
/vessels/details/440060410,DO YANG NO.7,Tug,440060410
/vessels/details/440109940,201 CHO YANG,Tug,440109940
/vessels/details/440335440,103SUNGWO,Tug,440335440
/vessels/details/9954292,GOLD CASTLE,Tug,9954292
/vessels/details/440001930,SAMSUNG 8,Tug,440001930
/vessels/details/440317430,3001 GWANG JIN,Tug,440317430
/vessels/details/7903067,SIN YANG NO. 2,Tug,7903067
/vessels/details/9763162,102 SUNG SHIN,Tug,9763162
/vessels/details/9204207,SS T7,Tug,9204207
/vessels/details/440154020,MOG RYEON HO,Tug,440154020
/vessels/details/6920769,KING STAR,Tug,6920769
/vessels/details/8875920,WOL SUNG,Tug,8875920
/vessels/details/440101510,SAMYANG 203HO,Tug,440101510
/vessels/details/7238060,HYOGO MARU,Pusher Tug,7238060
/vessels/details/8533534,HAN CHANG 1,Tug,8533534
/vessels/details/9777230,BEST CASTLE,Tug,9777230
/vessels/details/8031720,DAE YONG 201,Tug,8031720
/vessels/details/440105120,HYUN JUNG 302HO,Tug,440105120
/vessels/details/440330710,CHO KWANG NO.201,Tug,440330710
/vessels/details/440201130,HANYU MARINPOS,Tug,440201130
/vessels/details/440030821,7 YONG SEONG,Tug,440030821
/vessels/details/440118773,YONG KWANG,Tug,440118773
/vessels/details/8533027,UL SAN HO,Tug,8533027
/vessels/details/9735426,SAMCHEOK 5,Tug,9735426
/vessels/details/9377896,HAEYEON NO. 5,Tug,9377896
/vessels/details/440215090,SU HAE 25,Tug,440215090
/vessels/details/7929437,SPP 54,Tug,7929437
/vessels/details/440073990,SHIN SUNG HO,Tug,440073990
/vessels/details/9734343,YONG MA NO. 27,Tug,9734343
/vessels/details/440000780,17WUN RYNG HO,Tug,440000780
/vessels/details/440169070,NO.111 CHUNG RYONG,Tug,440169070
/vessels/details/440701790,NARSHA12,Tug,440701790
/vessels/details/440127850,HAYUN T1,Tug,440127850
/vessels/details/440114210,CHOSUK T1HO,Tug,440114210
/vessels/details/441117260,CHOKWANG NO.9,Tug,441117260
/vessels/details/9380491,SUNJIN NO.606,Tug,9380491
/vessels/details/440500970,305DAERYONGHO,Tug,440500970
/vessels/details/440122293,UL SAN 709,Tug,440122293
/vessels/details/8533687,HANKOOK 51,Tug,8533687
/vessels/details/5070189,SATSUKI,Tug,5070189
/vessels/details/1022897,HYUNJUNG307HO,Tug,1022897
/vessels/details/1034802,SE JIN NO. 101,Tug,1034802
/vessels/details/440093370,MINSUNG,Tug,440093370
/vessels/details/440139237,KOREA 40HT,Tug,440139237
/vessels/details/9129081,A SAN,Tug,9129081
/vessels/details/440134550,HAEBADA 102,Tug,440134550
/vessels/details/440739500,O SEONG A 9 HO,Tug,440739500
/vessels/details/9161235,ULSAN HO,Tug,9161235
/vessels/details/440004880,DAE SUNG NO9,Tug,440004880
/vessels/details/8325963,KUMYONG NO. 303,Tug,8325963
/vessels/details/8534526,KWANGNAMHO,Tug,8534526
/vessels/details/7609881,HAN JIN NO. 12,Tug,7609881
/vessels/details/440126160,YONG MA NO.17,Tug,440126160
/vessels/details/440335541,HAESOO-1SP,Tug,440335541
/vessels/details/7432680,TETSUUN MARU NO. 8,Pusher Tug,7432680
/vessels/details/8971293,WON JIN 7,Pusher Tug,8971293
/vessels/details/440033890,CHO KWANG NO.601,Tug,440033890
/vessels/details/440140640,ONE STAR,Tug,440140640
/vessels/details/8948961,WAKAEI MARU NO. 25,Pusher Tug,8948961
/vessels/details/440030170,DUKSAN NO.302,Tug,440030170
/vessels/details/440008150,MYEONG SUNG 1,Tug,440008150
/vessels/details/7109491,JAE SUNG NO. 102,Tug,7109491
/vessels/details/8629606,HWANG RYONG NO. 2,Tug,8629606
/vessels/details/440508920,2 SEOL AK HO,Tug,440508920
/vessels/details/440119797,UL SAN 303,Tug,440119797
/vessels/details/8585549,101CHUNG RYONG -TUG-,Tug,8585549
/vessels/details/440136470,KINGSTAR,Tug,440136470
/vessels/details/440170341,202 DAE LIM HO,Tug,440170341
/vessels/details/440147520,TAE YANG 5001,Tug,440147520
/vessels/details/440111940,GOLDMARINE 11,Tug,440111940
/vessels/details/440746100,GANGNEUNG 1HO,Tug,440746100
/vessels/details/9562611,GLOBAL STAR,Tug,9562611
/vessels/details/1051800,CHEONGMOK 3,Tug,1051800
/vessels/details/440222930,DO YANG NO.11,Tug,440222930
/vessels/details/9144366,NO.307 DAE RYONG,Tug,9144366
/vessels/details/440105909,3SAMYANG,Tug,440105909
/vessels/details/440013030,ST-33HO,Tug,440013030
/vessels/details/440112070,KANG NAM 6003,Tug,440112070
/vessels/details/440108720,KYEUNG UN,Tug,440108720
/vessels/details/9729001,JUN STAR,Tug,9729001
/vessels/details/9139701,DAE YONG 306,Tug,9139701
/vessels/details/440132920,3003JONGYOUNG,Tug,440132920
/vessels/details/440108060,DAE JUN HO,Tug,440108060
/vessels/details/8627713,KOSEI MARU NO. 51,Pusher Tug,8627713
/vessels/details/440145060,SEUNGWOO A -1HO,Tug,440145060
/vessels/details/440321350,SUHAE NO 51,Tug,440321350
/vessels/details/440193670,T-05 B,Tug,440193670
/vessels/details/440311260,CHANG YOUNG 3,Tug,440311260
/vessels/details/7823504,GLOBAL NO.103,Tug,7823504
/vessels/details/8106460,ST NO. 35,Tug,8106460
/vessels/details/440148581,5003 SUNG SHIN,Tug,440148581
/vessels/details/440173430,TONG YEONG5 HO,Tug,440173430
/vessels/details/6717136,SENHO MARU,Tug,6717136
/vessels/details/9319533,JI SEONG HO,Tug,9319533
/vessels/details/9066564,T303 KUMYONG,Tug,9066564
/vessels/details/9847683,KING NO.7,Tug,9847683
/vessels/details/8534239,SAMSUNG NO. 2,Tug,8534239
/vessels/details/9807267,SEGERO,Training Ship,9807267
/vessels/details/9807279,HANNARA,Training Ship,9807279
/vessels/details/9165188,SEGERO,Cable Layer,9165188
/vessels/details/9490935,ARAON,Icebreaker,9490935
/vessels/details/9540106,TAMHAE 3,Research Vessel,9540106
/vessels/details/9300960,HANBADA,Training Ship,9300960
/vessels/details/9872951,HANNARAE,Training Ship,9872951
/vessels/details/9751042,ISABU,Research Vessel,9751042
/vessels/details/9496458,PALOS,Cable Layer,9496458
/vessels/details/9783758,HANBANDO,Training Ship,9783758
/vessels/details/9288643,SAE NURI,Training Ship,9288643
/vessels/details/9947885,SAEBADA,Training Ship,9947885
/vessels/details/8822337,TS HANWOORI,Training Ship,8822337
/vessels/details/9857470,BAEK KYUNG,Training Ship,9857470
/vessels/details/9807231,A-RA,Training Ship,9807231
/vessels/details/9617765,JANGYEONGSIL,Research Vessel,9617765
/vessels/details/9998602,K-GTB,Research Vessel,9998602
/vessels/details/9422017,MIRAERO,Offshore Tug/Supply Ship,9422017
/vessels/details/9444144,GEOVIEW DP-1,Offshore Tug/Supply Ship,9444144
/vessels/details/9256688,SAEBADA,Training Ship,9256688
/vessels/details/9313010,HAN NAE,Training Ship,9313010
/vessels/details/9385283,DY PENTAGON,Offshore Tug/Supply Ship,9385283
/vessels/details/9588550,GISANG 1,Research Vessel,9588550
/vessels/details/9298791,JEON NAM NO. 512,Hospital Vessel,9298791
/vessels/details/9811139,IDABONN,Research Vessel,9811139
/vessels/details/7370404,KORSAL A-2,Salvage Ship,7370404
/vessels/details/440707720,KCG3012,Other type,440707720
/vessels/details/440110550,3 GEUMSUNG,Towing vessel (tow>200),440110550
/vessels/details/440711700,GL2030,Other type,440711700
/vessels/details/440112610,ST202,Other type,440112610
/vessels/details/440411730,TAM SA HO,Other type,440411730
/vessels/details/440000005,HEUNGWOO 22000,Towing vessel,440000005
/vessels/details/440323950,BOKRYUN,Other type,440323950
/vessels/details/9281293,HAERIM 2,Training Ship,9281293
/vessels/details/8121214,GYEONG BUG NO. 401,Training Ship,8121214
/vessels/details/7937733,KITAURA,Research Vessel,7937733
/vessels/details/440305930,SEAMUSE HO,Other type,440305930
/vessels/details/440700628,628CDB LK AO,Other type,440700628
/vessels/details/440401280,HEYANGHWANKYUNGJOSA3,Other type,440401280
/vessels/details/440319570,.101 DAE BUL,Other type,440319570
/vessels/details/440320220,KC-02,Pilot,440320220
/vessels/details/440304450,DAEHO25,Other type,440304450
/vessels/details/8746430,CHOO JIN,Offshore Tug/Supply Ship,8746430
/vessels/details/440123630,605GWANGDO,Other type,440123630
/vessels/details/8225802,KOSCO 505,Research Vessel,8225802
/vessels/details/8629943,YEONG LIM,Dredger,8629943
/vessels/details/440123640,MYEONG YANGHO,Other type,440123640
/vessels/details/440207070,YEONG DEUG HO,Other type,440207070
/vessels/details/440007560,SAMPYO NO.201,HSC (HAZ-B),440007560
/vessels/details/440209070,KUM DONG NO1,Dredging or UW ops,440209070
/vessels/details/440006810,5005HAEKWANG,Port tender,440006810
/vessels/details/440108260,BU SAN 239 HO,Other type,440108260
/vessels/details/440058730,DURIANGEON 3HO,Other type,440058730
/vessels/details/440327170,GRAVEGE 801,Local type,440327170
/vessels/details/440033530,NAMJU 3,Other type,440033530
/vessels/details/440206010,KN21,Port tender,440206010
/vessels/details/440327330,GEO SAN,Dredging or UW ops,440327330
/vessels/details/440313269,DAEJIN 11HO,Other type,440313269
/vessels/details/440302910,DAE MYEONG-1,Towing vessel (tow>200),440302910
/vessels/details/440094720,SANG IL,Other type,440094720
/vessels/details/440122060,DONG MYUNG-11,Towing vessel (tow>200),440122060
/vessels/details/440116789,GYEONG NAM,Towing vessel (tow>200),440116789
/vessels/details/440156842,PUTANAT,Other type,440156842
/vessels/details/440103090,GA RA SAN,Other type,440103090
/vessels/details/440799884,207EOJIN2 65,Other type,440799884
/vessels/details/440600539,505 HANJIN,Other type,440600539
/vessels/details/4588115,HAN GANG 1006,Patrol Vessel,4588115
/vessels/details/440301301,YANGSEUNG G-18,Towing vessel (tow>200),440301301
/vessels/details/440071390,DAE KWANG HO,Towing vessel (tow>200),440071390
/vessels/details/440009580,PILOT IPA3,Pilot,440009580
/vessels/details/440131350,103 DONG SUNG,Towing vessel (tow>200),440131350
/vessels/details/440028261,2003KUMSUNG,Other type,440028261
/vessels/details/440044980,PACIFIC OCEAN,Other type,440044980
/vessels/details/440127410,PILOT 11 EULSOOKDO,Pilot,440127410
/vessels/details/440165670,GEUMCHANG305HO,Other type,440165670
/vessels/details/440217190,HAEKYUNG S 09,Pilot,440217190
/vessels/details/440000443,DONGWON 102,Other type,440000443
/vessels/details/440500880,MINSUNG 7HO,Other type,440500880
/vessels/details/440195550,105 SEONG SIN HO,Towing vessel,440195550
/vessels/details/440144560,PILOT BIDULGI,Pilot,440144560
/vessels/details/440313660,SUN GIL,Other type,440313660
/vessels/details/440708730,KOREX 20001,Towing vessel (tow>200),440708730
/vessels/details/440335350,CHEOMG HAE HAE YANG,Other type,440335350
/vessels/details/7509249,BADARO 5,Dredging or UW ops,7509249
/vessels/details/9561473,BADARO2,Research Vessel,9561473
/vessels/details/440400490,GYEONGBUK 208,Other type,440400490
/vessels/details/440321510,PYEONGJIN 3HO,Port tender,440321510
/vessels/details/441312345,HAIYUN9,Pilot,441312345
/vessels/details/440112050,DAE SUNG 7 HO,Port tender,440112050
/vessels/details/440313450,SUNG CHANG 2,Other type,440313450
/vessels/details/440172645,11CHUNG KYUNG,Other type,440172645
/vessels/details/440101689,SHINJUNG3,WIG,440101689
/vessels/details/440018980,ULSAN SOONCHALHO,Other type,440018980
/vessels/details/440118530,JEONG SUNG HO,Other type,440118530
/vessels/details/440313930,PILOT 7 HAN GUK,Pilot,440313930
/vessels/details/440061550,106 SUNG SIN,Towing vessel (tow>200),440061550
/vessels/details/440168780,5 DUCK YANG HO,Other type,440168780
/vessels/details/440111210,PILOT GADEOKDO,Pilot,440111210
/vessels/details/440119269,NO.101 SAM IL,Dredging or UW ops,440119269
/vessels/details/440141030,DAE SEONG HO,Other type,440141030
/vessels/details/440703327,609-7 1,Other type,440703327
/vessels/details/4588282,JAEMIN 8,Patrol Vessel,4588282
/vessels/details/440412910,MO SE,Pilot,440412910
/vessels/details/440122101,DONG MYUNG-11,Towing vessel (tow>200),440122101
/vessels/details/4585187,HAN GANG 1010,Patrol Vessel,4585187
/vessels/details/440406330,GLOBAL 10003,Port tender,440406330
/vessels/details/440701990,JUNGSOONHO,Other type,440701990
/vessels/details/440414130,SEU SEONG -1,Towing vessel (tow>200),440414130
/vessels/details/9260354,NO.1 GREEN WIND,Training Ship,9260354
/vessels/details/8035647,SEIUN NO. 13,Dredger,8035647
/vessels/details/440198630,HAE YANG 7003,Port tender,440198630
/vessels/details/1022029,ONBADA,Research Vessel,1022029
/vessels/details/4773461,TAE PYUNG YANG 18,Patrol Vessel,4773461
/vessels/details/440116740,SUNKYUNG 3,WIG,440116740
/vessels/details/440314440,JEON NAM 103 HO,Pilot,440314440
/vessels/details/4585113,JAEMIN 11,Patrol Vessel,4585113
/vessels/details/440111730,SEANOORI,Other type,440111730
/vessels/details/440151980,HEUNG WOO 106,Other type,440151980
/vessels/details/440310710,WOO KUK T-5,Towing vessel,440310710
/vessels/details/440126949,303 HAN,Other type,440126949
/vessels/details/9180827,INCHEON 703,Fire Fighting Vessel,9180827
/vessels/details/440505670,DEY LEE JI,Other type,440505670
/vessels/details/440400440,WUNGJIN HO,Pilot,440400440
/vessels/details/7506065,GENYO MARU NO. 10,Waste Disposal Vessel,7506065
/vessels/details/440060430,KUNMIN T7HO,Towing vessel,440060430
/vessels/details/7331056,KINKAZAN MARU NO. 2,Crane Ship,7331056
/vessels/details/440059220,POO REUN BADA HO,Other type,440059220
/vessels/details/440130410,ASAN3HO,Dredging or UW ops,440130410
/vessels/details/440213890,WORLD 1HO,Port tender,440213890
/vessels/details/440114910,ULSAN PILOT 6,Pilot,440114910
/vessels/details/440143850,GYUNG NAM 912,Other type,440143850
/vessels/details/9247704,MJ SUN,Hospital Vessel,9247704
/vessels/details/440057030,SHIN SU HO,Other type,440057030
/vessels/details/440153970,YOUNG KWANG,Other type,440153970
/vessels/details/8532621,MIRAE,Research Vessel,8532621
/vessels/details/8875906,TAMYANG,Research Vessel,8875906
/vessels/details/440006300,DONG MYEONG-17,Towing vessel (tow>200),440006300
/vessels/details/440114860,JAEYEON HO,Other type,440114860
/vessels/details/440485000,ALESON CON CARRIER14,WIG,440485000
/vessels/details/440016590,PILOT INCHEON 5,Pilot,440016590
/vessels/details/440114700,EO HANG DONG HAE 1HO,Local type,440114700
/vessels/details/440329830,DONG SEONG HO,Dredging or UW ops,440329830
/vessels/details/8101044,HAE YANG,Research Vessel,8101044
/vessels/details/440219310,BA DA HO,WIG,440219310
/vessels/details/440102745,GEUM YONG,Other type,440102745
/vessels/details/440008670,CHIL SEONG -109,Towing vessel (tow>200),440008670
/vessels/details/4773447,TAE PYUNG YANG 16,Patrol Vessel,4773447
/vessels/details/440114550,23SUNGWONHO,Towing vessel (tow>200),440114550
/vessels/details/440319250,YOUNG JIN,Other type,440319250
/vessels/details/440701750,EUNJIN,WIG,440701750
/vessels/details/440207880,SEON YEONG 3,Other type,440207880
/vessels/details/440006060,AN SUNG 201,Towing vessel (tow>200),440006060
/vessels/details/4588256,JAEMIN 5,Patrol Vessel,4588256
/vessels/details/440000002,AURA 02,Other type,440000002
/vessels/details/440148380,1003JONGYOUNG,Towing vessel,440148380
/vessels/details/440094140,TONG SEON 2 HO,Other type,440094140
/vessels/details/440156010,JANGEUN,Other type,440156010
/vessels/details/440027930,1503-2,Other type,440027930
/vessels/details/440130090,22GEO YANG,Other type,440130090
/vessels/details/440095070,HA GYEONGHO,Other type,440095070
/vessels/details/4585101,JAEMIN 10,Patrol Vessel,4585101
/vessels/details/440307390,OE DO AILLAENDEU,HSC,440307390
/vessels/details/9126857,HAEYANG2000,Research Vessel,9126857
/vessels/details/440504760,SKY 77HO,Pilot,440504760
/vessels/details/440505470,P-100,Other type,440505470
/vessels/details/440123790,SENCHYURI,Diving ops,440123790
/vessels/details/440142117,11 HAE SEONG,Other type,440142117
/vessels/details/440164000,KCG 3013,Other type,440164000
/vessels/details/440080630,INCHEON 501HO,Other type,440080630
/vessels/details/8327478,SOO YOUNG NO. 7,Dredger,8327478
/vessels/details/440110210,201 DONG SUNG,Towing vessel (tow>200),440110210
/vessels/details/4585149,TAE PYUNG YANG 5,Patrol Vessel,4585149
/vessels/details/440201480,HYEON JIN HO,Other type,440201480
/vessels/details/440030885,DAEJIN 8006,Towing vessel,440030885
/vessels/details/8622828,KOEI MARU NO. 1,Dredger,8622828
/vessels/details/440105189,PILOT SONG DO,Pilot,440105189
/vessels/details/440413090,HAEKYUNG S 10,Pilot,440413090
/vessels/details/440276005,BADARO 5,Dredging or UW ops,440276005
/vessels/details/440079999,TURTIE-9 90,Other type,440079999
/vessels/details/440000464,TAE HWA22HO,Dredging or UW ops,440000464
/vessels/details/9776353,STAR SURVEYOR,Utility Vessel,9776353
/vessels/details/9926609,JB-01,Offshore Tug/Supply Ship,9926609
/vessels/details/440224780,CHUN IL HO,Local type,440224780
/vessels/details/440008830,YUN SUNG 33,Local type,440008830
/vessels/details/440027950,201 EASTERN GREEN HO,Port tender,440027950
/vessels/details/440204430,AMARANSEUHO,Other type,440204430
/vessels/details/440129990,POOL DEUNG 1 HO,Other type,440129990
/vessels/details/440081420,EUNSEOK207HO,Other type,440081420
/vessels/details/440012556,TAMGU2,Other type,440012556
/vessels/details/440148470,SUJINHO,Other type,440148470
/vessels/details/440079180,HAN U RIH,Other type,440079180
/vessels/details/8351443,HAGACHI GO,Crane Ship,8351443
/vessels/details/440186010,LU.DEN,Other type,440186010
/vessels/details/440109220,HEUNG WOO 1007HO,Other type,440109220
/vessels/details/440210530,PILOT SUN JIN 3,Pilot,440210530
/vessels/details/440094940,PI NIK SEU,Port tender,440094940
/vessels/details/440171310,SUJUNG,Other type,440171310
/vessels/details/9131175,STAR MARINE,Research Vessel,9131175
/vessels/details/440309470,KEUM EO,WIG,440309470
/vessels/details/440118570,106DAESHIN,Other type,440118570
/vessels/details/440130720,BLUEWIND,Other type,440130720
/vessels/details/440097420,KING KONG 6,Other type,440097420
/vessels/details/440111320,NO.7SSANGYONG,Other type,440111320
/vessels/details/440217180,HAEKYUNG S 07,Pilot,440217180
/vessels/details/9926611,KWP DOLPHIN,Offshore Tug/Supply Ship,9926611
/vessels/details/8609266,TENSHO MARU NO. 16,Waste Disposal Vessel,8609266
/vessels/details/440600165,TAMSA2HO,Pilot,440600165
/vessels/details/440133650,NO.83JIN YOUNG,Towing vessel,440133650
/vessels/details/440111190,PILOT YEONG DO HO,Pilot,440111190
/vessels/details/440151340,107CHANGYOUNGHO,Other type,440151340
/vessels/details/440033910,JOON SUL P-1,Dredging or UW ops,440033910
/vessels/details/440404930,WORLD 3HO,Port tender,440404930
/vessels/details/440133710,A RA 3HO,Port tender,440133710
/vessels/details/440111580,99 SAM YANG,Towing vessel (tow>200),440111580
/vessels/details/440020760,PILOT INCHEON 8,Pilot,440020760
/vessels/details/9808895,HYUNDAI CHALLENGER 1,Offshore Support Vessel,9808895
/vessels/details/440003690,JE2NAM YEONG HO,Other type,440003690
/vessels/details/4773459,TAE PYUNG YANG 17,Patrol Vessel,4773459
/vessels/details/440223700,TAE MYEONG HO,Other type,440223700
/vessels/details/441991722,KRAISUEA1722,Towing vessel,441991722
/vessels/details/440027920,1503-1,Other type,440027920
/vessels/details/440000900,531INCHEON,Other type,440000900
/vessels/details/440010280,SUNHYE,Other type,440010280
/vessels/details/440508830,17.HWACHANG,Other type,440508830
/vessels/details/440302380,2005 HAE YOUNG,Towing vessel (tow>200),440302380
/vessels/details/440104790,KANG NAM T-7,Towing vessel (tow>200),440104790
/vessels/details/440019720,DEOK SUNG 1HO,Other type,440019720
/vessels/details/440049240,MYUNGSUNGT7,Towing vessel (tow>200),440049240
/vessels/details/440503500,207 DONG MYEONG,Towing vessel (tow>200),440503500
/vessels/details/440302920,PILOT 1 HAN GUK,Pilot,440302920
/vessels/details/440107890,SUNG HAE,Port tender,440107890
/vessels/details/440022310,IN HA,Port tender,440022310
/vessels/details/440013470,KUMKANG STAR,HSC,440013470
/vessels/details/440142820,BO HYUN,Other type,440142820
/vessels/details/7606322,CHANG MYUNG NO. 2,Buoy/Lighthouse Vessel,7606322
/vessels/details/440314533,NAM MYUNG,Other type,440314533
/vessels/details/440029210,NICEFISHING,Towing vessel,440029210
/vessels/details/440070860,JE 5 SOO KWANG HO,WIG,440070860
/vessels/details/440135660,BADAGAON,Other type,440135660
/vessels/details/440144930,WONJEONG 2HO,Other type,440144930
/vessels/details/440050370,DO IL PIOLT,Pilot,440050370
/vessels/details/440032840,KANG NAM 8001,Towing vessel (tow>200),440032840
/vessels/details/440002370,201 GUM DAN HO,Other type,440002370
/vessels/details/440203930,JANG GUN 1 HO,Dredging or UW ops,440203930
/vessels/details/1022067,JOONG-ANG JA003,Training Ship,1022067
/vessels/details/440400390,306KUM DONG HO,Port tender,440400390
/vessels/details/440024570,SEOUL.NO.3,WIG,440024570
/vessels/details/440200158,POSEIDON HO,Pilot,440200158
/vessels/details/440124040,BUSAN 221,Other type,440124040
/vessels/details/440001580,H-01,HSC,440001580
/vessels/details/440317733,SEOMSARANG NO.10,Other type,440317733
/vessels/details/440234021,MUGUNGHWA16,WIG,440234021
/vessels/details/440110100,GEUM DA RI,Pilot,440110100
/vessels/details/9244300,CHONNAM NO. 511,Hospital Vessel,9244300
/vessels/details/440000300,GUJOJEONG,Other type,440000300
/vessels/details/440197720,JIMIN501,Other type,440197720
/vessels/details/8805872,OKITORI,Crane Ship,8805872
/vessels/details/440305830,WOOSUNGHO,Pilot,440305830
/vessels/details/440147410,BU YONG 21HO,Other type,440147410
/vessels/details/440148533,KOREA NO.3,HSC,440148533
/vessels/details/440199110,GLOBAL 10001,Towing vessel,440199110
/vessels/details/440046290,TAESAN HO,Other type,440046290
/vessels/details/440775402,NAMSAN-7 100,Other type,440775402
/vessels/details/440411180,BUSAN HO,Towing vessel,440411180
/vessels/details/441057000,216.DAE SUNG,Diving ops,441057000
/vessels/details/440133850,HYE MIN 5001 HO,Other type,440133850
/vessels/details/440300645,SNH 1500HO,Dredging or UW ops,440300645
/vessels/details/440122917,99PYEONG,Towing vessel,440122917
/vessels/details/7648710,KAIKO MARU,Crane Ship,7648710
/vessels/details/440104400,1002 DAE SUNG,Towing vessel (tow>200),440104400
/vessels/details/4588103,JAEMIN 3,Patrol Vessel,4588103
/vessels/details/440131630,71,Other type,440131630
/vessels/details/440014980,3009-2,Pilot,440014980
/vessels/details/440150840,1001 JONG YEONG,Towing vessel (tow>200),440150840
/vessels/details/440000290,DAE MYEONG -2,Towing vessel (tow>200),440000290
/vessels/details/440111140,CHEONG SONG PILOT,Pilot,440111140
/vessels/details/440149880,603 DONG SEONG,Towing vessel (tow>200),440149880
/vessels/details/440019880,UNG JIN HO,Other type,440019880
/vessels/details/440061090,GO RAE HO,Other type,440061090
/vessels/details/440085380,CLS KOREA,Other type,440085380
/vessels/details/1093731,VENTUS CAMELLIA,Offshore Tug/Supply Ship,1093731
/vessels/details/441610000,HANKOOK.NO.2,Towing vessel (tow>200),441610000
/vessels/details/440130060,KANG NAM 6005,Towing vessel (tow>200),440130060
/vessels/details/440200111,SU HAE 15 HO,Port tender,440200111
/vessels/details/440502420,SAE BIT HO,Other type,440502420
/vessels/details/440301700,2001 JONG YEONG,Towing vessel (tow>200),440301700
/vessels/details/7921071,SEIKAI NO. 2,Pollution Control Vessel,7921071
/vessels/details/440206610,NU RI,Other type,440206610
/vessels/details/440102420,KCG P01,Other type,440102420
/vessels/details/440323240,YOUNGJINFERRYHO,Other type,440323240
/vessels/details/9063483,NARSHA NO101,Waste Disposal Vessel,9063483
/vessels/details/440201930,NAMJU,Other type,440201930
/vessels/details/440077605,SAMPYO NO.3,Other type,440077605
/vessels/details/440018110,ASIANA HO,Other type,440018110
/vessels/details/440103973,GEUM CHANG 8,Other type,440103973
/vessels/details/440020170,SIN HO 12 HO,HSC,440020170
/vessels/details/4585096,JAEMIN 9,Patrol Vessel,4585096
/vessels/details/440007221,101 TONG YOUNG,Towing vessel,440007221
/vessels/details/440115590,DAE MYEONG 7 HO,Towing vessel,440115590
/vessels/details/7606530,ULSAN SOBANG,Fire Fighting Vessel,7606530
/vessels/details/440138510,ARA 1HO,Port tender,440138510
/vessels/details/440116030,ULSANPILOT1,Pilot,440116030
/vessels/details/440200420,K J 3001,Local type,440200420
/vessels/details/440409860,BO SEONG,Other type,440409860
/vessels/details/440144840,SEONG JIN HO,Other type,440144840
/vessels/details/440500200,KCG OSRV-08,Other type,440500200
/vessels/details/440009060,BUM WOO HO,Towing vessel,440009060
/vessels/details/440111920,203 EOSA HO,Other type,440111920
/vessels/details/440146101,KO RYO 307 HO,Towing vessel,440146101
/vessels/details/440123370,CHAMBADA,Other type,440123370
/vessels/details/7028130,YONG HO I,Hopper Dredger,7028130
/vessels/details/440024170,HO BAN HO,Other type,440024170
/vessels/details/440105640,7 CHANG RYONG,Towing vessel (tow>200),440105640
/vessels/details/440116580,JAESEONG1 HO,Other type,440116580
/vessels/details/440007970,2 DA WON,Towing vessel (tow>200),440007970
/vessels/details/440212710,SKY 75HO,Pilot,440212710
/vessels/details/440173710,102 JIN YANG,Towing vessel (tow>200),440173710
/vessels/details/440193260,HAE YANG 6001,Port tender,440193260
/vessels/details/440404030,YUL LIP HO,Other type,440404030
/vessels/details/440058260,BU YONG 5 HO,Other type,440058260
/vessels/details/440109390,KEUM OH T3,Towing vessel (tow>200),440109390
/vessels/details/440166920,2HYE SEUNG,Other type,440166920
/vessels/details/9137076,CHANG MYUNG NO. 3,Buoy/Lighthouse Vessel,9137076
/vessels/details/4746248,TAE PYUNG YANG 15,Patrol Vessel,4746248
/vessels/details/440326050,HAE YANG 11HO,Other type,440326050
/vessels/details/440203540,KWANG BOK 7 HO,Other type,440203540
/vessels/details/9388156,OKPO NO. 9,Anchor Hoy,9388156
/vessels/details/440148960,109 GAENG DONG,Other type,440148960
/vessels/details/440107270,OKPO NO.1,Pilot,440107270
/vessels/details/440153650,TAMGU10 HO,Other type,440153650
/vessels/details/8533704,BADARO 5,Research Vessel,8533704
/vessels/details/440328560,DAEKYO3HO,Other type,440328560
/vessels/details/440120550,DEUNGDAEROHO,WIG,440120550
/vessels/details/440006120,JI CHEON TAE 3HO,Other type,440006120
/vessels/details/440131180,NO7BOSEUNGHO,Other type,440131180
/vessels/details/440138410,KO RYEO 500 HO,Dredging or UW ops,440138410
/vessels/details/4588268,JAEMIN 6,Patrol Vessel,4588268
/vessels/details/440117060,YOORIM2,Other type,440117060
/vessels/details/440121653,PILOT DA,Pilot,440121653
/vessels/details/440007170,101 TONG YOUNG,Towing vessel,440007170
/vessels/details/440745080,YUEHUIYU288-3 52,Other type,440745080
/vessels/details/440706789,YONG PAL-10 50,Other type,440706789
/vessels/details/440503510,CHEONG WOO HO,Other type,440503510
/vessels/details/440300661,SNH 1500B,Dredging or UW ops,440300661
/vessels/details/440410610,PILOT GIREOGI,Pilot,440410610
/vessels/details/440797979,LR79DUYA308078U,HSC,440797979
/vessels/details/440786789,YONG PAL-8 100,Other type,440786789
/vessels/details/440002130,TAE HWA 11HO,Other type,440002130
/vessels/details/440061170,CHANG YEONG-1,Towing vessel,440061170
/vessels/details/440509450,HONG,Towing vessel,440509450
/vessels/details/7737626,TAM HAE,Research Vessel,7737626
/vessels/details/440127210,HAE OREUM 2HO,Other type,440127210
/vessels/details/440181240,DATA 1HO,WIG,440181240
/vessels/details/440407970,POHANG PILOT NO2,Pilot,440407970
/vessels/details/440011330,102 DAE SUNG HO,Other type,440011330
/vessels/details/9817482,HYUNDAI MYEONG RYANG,Offshore Support Vessel,9817482
/vessels/details/440312169,919,Other type,440312169
/vessels/details/8895009,KUNO GO,Crane Ship,8895009
/vessels/details/440123780,102HAE SANG,Local type,440123780
/vessels/details/440098870,NARSHA NO11,Other type,440098870
/vessels/details/440016470,BADA YEOHEONG HO,HSC,440016470
/vessels/details/9296523,GYEONGNAM 511,Hospital Vessel,9296523
/vessels/details/440116360,ORIENT2H0,Other type,440116360
/vessels/details/440116970,JANG YU HO,Towing vessel (tow>200),440116970
/vessels/details/440106170,DONG IL-2,Local type,440106170
/vessels/details/440110230,SEONYEONG1HO,Other type,440110230
/vessels/details/440375013,PANCON VICTORY,Port tender,440375013
/vessels/details/440178620,BLUE OCEANS,Diving ops,440178620
/vessels/details/440133030,CHUNGCHUN1HO,Other type,440133030
/vessels/details/440058850,POO REUN HA NEUL HO,Other type,440058850
/vessels/details/9126091,BAEK MA NO. 13,Work/Repair Vessel,9126091
/vessels/details/440109320,MOKPO6001,Other type,440109320
/vessels/details/440105730,NO.7SINYOUNGHO,Other type,440105730
/vessels/details/440130210,TAESUNG,Other type,440130210
/vessels/details/4585151,HAN GANG 1007,Patrol Vessel,4585151
/vessels/details/440411910,SEUNG LI HO,Other type,440411910
/vessels/details/440232997,PANSTAR TSUSHIMA LIQ,Port tender,440232997
/vessels/details/440767768,HOPE-6 100,Other type,440767768
/vessels/details/440083410,DAEJIN2HO,Other type,440083410
/vessels/details/440067340,55 KEO YANG HO,Port tender,440067340
/vessels/details/440101350,BO KWANG HO,Other type,440101350
/vessels/details/440311810,KANG NAM T -11,Towing vessel (tow>200),440311810
/vessels/details/440142260,BOOSS MARINE,Port tender,440142260
/vessels/details/440303550,207 KUEMCHANG,Other type,440303550
/vessels/details/440001850,CHANG YOUNG -5,Towing vessel (tow>200),440001850
/vessels/details/440007120,E-GREENHO,Port tender,440007120
/vessels/details/440155950,DAESUNG 5005,Port tender,440155950
/vessels/details/440001120,HYUN DAI 12 HO,HSC,440001120
/vessels/details/440061980,HWANG,Towing vessel,440061980
/vessels/details/7720623,SAE SU HYUP,Hospital Vessel,7720623
/vessels/details/440509610,BLUEMOON,Other type,440509610
/vessels/details/4746274,HAN GANG 1003,Patrol Vessel,4746274
/vessels/details/440015029,BADARO2,Dredging or UW ops,440015029
/vessels/details/440164910,HAN SEONG HO,Other type,440164910
/vessels/details/440215030,GIL SEONG HO,Other type,440215030
/vessels/details/440503670,907 GEUM YANG HO,Other type (HAZ-A),440503670
/vessels/details/440749300,H-09,HSC,440749300
/vessels/details/9321330,DONGHAERO,Research Vessel,9321330
/vessels/details/440100100,KCG1502,Local type,440100100
/vessels/details/440120440,303 IL SIN,Towing vessel (tow>200),440120440
/vessels/details/440101861,DAESEUNGHO,Other type,440101861
/vessels/details/440680000,HYUNDAI10000,Other type,440680000
/vessels/details/440010160,DUKSAN FERRY,HSC,440010160
/vessels/details/8518637,KINEI MARU NO. 8,Dredger,8518637
/vessels/details/440701060,BOKYEON,Other type,440701060
/vessels/details/440302190,DAECHEONCRUISE,Other type,440302190
/vessels/details/440147010,105 HYUN SUNG HO,HSC,440147010
/vessels/details/440204350,KANG NAM-5009,Towing vessel,440204350
/vessels/details/440403920,EASTERN GREEN,Other type,440403920
/vessels/details/440706340,910 SAE BYEOL HO,Other type,440706340
/vessels/details/440006160,HAN KANG 21 HO,Other type,440006160
/vessels/details/440107720,SAMSUNGT6,Towing vessel,440107720
/vessels/details/440108490,UL SAN 703,Towing vessel (tow>200),440108490
/vessels/details/440510380,KEUM SEON NO.27,Other type,440510380
/vessels/details/440134930,HYUNYONG,Other type,440134930
/vessels/details/440174760,2018 SAM JUNG HO,Other type,440174760
/vessels/details/440007420,SEUN YUNG HO,HSC,440007420
/vessels/details/440077740,GIANT 73HO,Towing vessel,440077740
/vessels/details/440135850,YACHTB1,Other type,440135850
/vessels/details/8604412,HAESHIN,Dredger,8604412
/vessels/details/440122085,DONG MYUNG-11,Towing vessel (tow>200),440122085
/vessels/details/7737030,SAENG MYUNG,Hospital Vessel,7737030
/vessels/details/440502110,MAN SOO NO.102 7,Other type,440502110
/vessels/details/440017180,HANKOOK.NO.1,Towing vessel (tow>200),440017180
/vessels/details/440315770,KOREA 205,Pilot,440315770
/vessels/details/8630174,FUKUYOSHI MARU NO. 88,Dredger,8630174
/vessels/details/9955052,HYUNDAI FRONTIER,Offshore Support Vessel,9955052
/vessels/details/440101241,UL SAN 5005,Port tender,440101241
/vessels/details/440086510,ULSAN PILOT 7,Pilot,440086510
/vessels/details/440799931,202PADO5 16,Other type,440799931
/vessels/details/440102220,HAE YEONG 2000 HO,Towing vessel (tow>200),440102220
/vessels/details/441111111,TEST1,Other type,441111111
/vessels/details/440007205,101 TONG YOUNG,Towing vessel,440007205
/vessels/details/440027360,ES 201,Other type,440027360
/vessels/details/440892005,GOLDEN SUNNY HANA T,Other type,440892005
/vessels/details/440333810,105MYUNG YANGHO,Other type,440333810
/vessels/details/440909029,JONGHAP NO 36,Other type,440909029
/vessels/details/8639601,HANJIN YOUNG JONG,Dredger,8639601
/vessels/details/440314510,NAM MYUNG,Other type,440314510
/vessels/details/440132620,1004 OYSTER,Other type,440132620
/vessels/details/440138910,VENTUS YULAN,HSC,440138910
/vessels/details/440028840,HAEYANG HO,Other type,440028840
/vessels/details/440601370,SEUNG JIN HO,Port tender,440601370
/vessels/details/440713713,VY 61,Other type,440713713
/vessels/details/440023690,CHANG MYEONG 3HO,Other type,440023690
/vessels/details/8875607,JOONSUL A-1,Anchor Hoy,8875607
/vessels/details/440052730,KCG OSRV-25,Other type,440052730
/vessels/details/440114110,SAM SEON2HO,Pilot,440114110
/vessels/details/441272997,HANNARA BB,Other type,441272997
/vessels/details/8949783,TATSU MARU NO. 5,Anchor Hoy,8949783
/vessels/details/7129910,MITAKA MARU NO. 2,Crane Ship,7129910
/vessels/details/440070740,NIKE,Other type,440070740
/vessels/details/8895633,AINOSHIMA,Research Vessel,8895633
/vessels/details/4746236,TAE PYUNG YANG 13,Patrol Vessel,4746236
/vessels/details/440160660,VICTORYHO,Towing vessel,440160660
/vessels/details/440147820,POS.NO7,Towing vessel (tow>200),440147820
/vessels/details/440105370,MIRAE HO,Other type,440105370
/vessels/details/4773435,JAEMIN 1,Patrol Vessel,4773435
/vessels/details/440110850,PILOT ORYUKDO,Pilot,440110850
/vessels/details/440404900,GEO SEONG 3HO,Other type,440404900
/vessels/details/441322000,KCG 3008,Other type,441322000
/vessels/details/441084005,371 O YA,Other type,441084005
/vessels/details/440072096,CY INTEROCEAN I,Other type,440072096
/vessels/details/440007820,DAE LIM 2 HO,HSC,440007820
/vessels/details/440150090,JO SUNG HO,Towing vessel,440150090
/vessels/details/440022730,KYUNGINIHO,WIG,440022730
/vessels/details/9213533,BUSAN 706,Fire Fighting Vessel,9213533
/vessels/details/440301300,ILSUNG G-18,Towing vessel (tow>200),440301300
/vessels/details/440152120,SE KWANG HO,Other type,440152120
/vessels/details/440010910,TAE CHUON HO,Other type,440010910
/vessels/details/9845324,HANMIR,Training Ship,9845324
/vessels/details/440706920,KLEM,Other type,440706920
/vessels/details/440012660,PILOT INCHEON 3,Pilot,440012660
/vessels/details/440701330,JERA,Other type,440701330
/vessels/details/440337030,102 SIN HAN,Other type,440337030
/vessels/details/440076570,UNGBI3HO,Pilot,440076570
/vessels/details/9435882,TAMGU20,Research Vessel,9435882
/vessels/details/440120470,DAESUNG10001HO,Other type,440120470
/vessels/details/440108140,305 NAM JIN,Towing vessel (tow>200),440108140
/vessels/details/440324020,78MANGU.,Other type,440324020
/vessels/details/440081260,DAE BANG 12001 HO,Port tender,440081260
/vessels/details/9011583,ONNURI,Research Vessel,9011583
/vessels/details/440029780,21 DAE YANG,Other type,440029780
/vessels/details/440218220,KORIKO 7H0,WIG (HAZ-C),440218220
/vessels/details/440187957,GRACE ALPHA,Other type,440187957
/vessels/details/440104053,101 HAE IN HO,Other type,440104053
/vessels/details/440010010,NAMHAERO HO,Dredging or UW ops,440010010
/vessels/details/440140021,JONGYOUNG 6003,Port tender,440140021
/vessels/details/440330470,SIN AN2004HO,Other type,440330470
/vessels/details/440337540,NEW DOLPIN,HSC (HAZ-D),440337540
/vessels/details/4585137,TAE PYUNG YANG 3,Patrol Vessel,4585137
/vessels/details/440051660,DAEWON T1,Other type,440051660
/vessels/details/4588098,JAEMIN 2,Patrol Vessel,4588098
/vessels/details/440145960,KANG NAM T-13,Towing vessel (tow>200),440145960
/vessels/details/440117410,KANG NAM T-27,Towing vessel (tow>200),440117410
/vessels/details/440066140,SKY 72,WIG,440066140
/vessels/details/440111240,DUCKSANHO,Pilot,440111240
/vessels/details/440135830,PILOT DONGDUMAL,Pilot,440135830
/vessels/details/440110670,P57,Other type,440110670
/vessels/details/440102210,BANGJE 7,Other type,440102210
/vessels/details/440120090,5 CHANG NAM,Other type,440120090
/vessels/details/440003410,HANA 12 HO,Other type,440003410
/vessels/details/440154981,DONGJIN ACE D,HSC,440154981
/vessels/details/4588244,TAE PYUNG YANG 8,Patrol Vessel,4588244
/vessels/details/440710100,DOKDONURI,Other type,440710100
/vessels/details/440106360,IN CHUN HO,Other type,440106360
/vessels/details/440155381,HO RAN DO HO,Pilot,440155381
/vessels/details/440411580,CNG101HO,Pilot,440411580
/vessels/details/440223890,SAMO103HO,Pilot,440223890
/vessels/details/440190550,WA RYONG.HO,Other type,440190550
/vessels/details/440114880,2003JONGYOUNG,Towing vessel (tow>200),440114880
/vessels/details/440122610,SINJUNG 701,Towing vessel,440122610
/vessels/details/440161280,HANSAN1,Other type,440161280
/vessels/details/440153140,7YU GEUM,Other type,440153140
/vessels/details/440740500,SINHANGHAEUN5HO,Other type,440740500
/vessels/details/8007597,SURO NO. 10,Research Vessel,8007597
/vessels/details/440317040,NO1HYODONGHO,Other type,440317040
/vessels/details/4588220,TAE PYUNG YANG 6,Patrol Vessel,4588220
/vessels/details/440000090,KEISEBEUNHO,Towing vessel,440000090
/vessels/details/440179120,CHEONGJEONG16HO,Pilot,440179120
/vessels/details/440151230,FOCUS HO,Other type,440151230
/vessels/details/440128350,101BANG JU HO,Towing vessel,440128350
/vessels/details/1050430,EARDO2,Research Vessel,1050430
/vessels/details/440149610,NO.2 JANG HAN,Port tender,440149610
/vessels/details/440154997,DONGJIN ACE D,HSC,440154997
/vessels/details/440111570,YUN SONG 1,Towing vessel (tow>200),440111570
/vessels/details/440065990,LAN CASTLE,Other type,440065990
/vessels/details/440314670,SUNJINHO,Towing vessel,440314670
/vessels/details/441001706,KMV NO. 06,Other type,441001706
/vessels/details/440216070,S 15,Pilot,440216070
/vessels/details/440016880,DO HYEON 2HO,Other type,440016880
/vessels/details/440703230,YEONG-JU HO,WIG,440703230
/vessels/details/440053140,PILOT KYUNG IN,Other type,440053140
/vessels/details/440313140,207EOSAHO,Other type,440313140
/vessels/details/9279082,NO.501 HAE RYONG,Pollution Control Vessel,9279082
/vessels/details/440200421,K J 3001,Local type,440200421
/vessels/details/4585321,TAE PYUNG YANG 10,Patrol Vessel,4585321
/vessels/details/7513628,IKARI MARU NO. 3006,Anchor Hoy,7513628
/vessels/details/440703170,WJRCG-350,Port tender,440703170
/vessels/details/440155237,151HYESEUNG,Other type,440155237
/vessels/details/440080830,BOHOE HO,Pilot,440080830
/vessels/details/440057077,SHIN SU HO,Other type,440057077
/vessels/details/440008790,YANG SEUNG G-16HO,Dredging or UW ops,440008790
/vessels/details/440329510,NURIAN,Other type,440329510
/vessels/details/440301310,SAM HO 203,Other type,440301310
/vessels/details/440321120,JANG DEOK,Other type,440321120
/vessels/details/440155420,KWANGILL T2 HO,Towing vessel (tow>200),440155420
/vessels/details/440119260,NO.101 SAM IL,Dredging or UW ops,440119260
/vessels/details/440142720,SAM HO 202,Other type,440142720
/vessels/details/7523099,GENYO MARU NO. 23,Waste Disposal Vessel,7523099
/vessels/details/440047080,101 DAE SHIN,Other type,440047080
/vessels/details/440116080,JO EUN 1HO,Towing vessel,440116080
/vessels/details/440314770,GLOBAL 10002,Towing vessel,440314770
/vessels/details/440600690,SSAT,Other type,440600690
/vessels/details/440402040,PILOT YEONG DO HO,Pilot,440402040
/vessels/details/440104270,STRIPER,Other type,440104270
/vessels/details/440171810,203 GLOBAL,Other type,440171810
/vessels/details/440070330,IL KWANG 103 HO,Towing vessel,440070330
/vessels/details/440020750,PILOT INCHEON 7,Pilot,440020750
/vessels/details/4719673,TAE PYUNG YANG 12,Patrol Vessel,4719673
/vessels/details/440329250,101 DOO RI HO,Towing vessel (tow>200),440329250
/vessels/details/440300670,SNH 1500HO,Dredging or UW ops,440300670
/vessels/details/440401400,MIT 2HO,Other type,440401400
/vessels/details/8121202,NAM SOO HO NO. 81,Training Ship,8121202
/vessels/details/440171301,SUJUNG,Other type,440171301
/vessels/details/440799997,DONGWON3 57,Other type,440799997
/vessels/details/440147290,HAESANGGAMSISEON,Other type,440147290
/vessels/details/440093090,2007 SIN HAN HO,Towing vessel (tow>200),440093090
/vessels/details/440000453,YOUNGJIN NO.16,Other type,440000453
/vessels/details/440325320,PILOT BOAT 11YONGBI,Pilot,440325320
/vessels/details/440193240,K S I 1HO,Other type,440193240
/vessels/details/9159995,FIREBOAT 705,Fire Fighting Vessel,9159995
/vessels/details/8627268,AKASHI MARU,Dredger,8627268
/vessels/details/440748800,S.60,HSC,440748800
/vessels/details/440218340,DAESAN,Towing vessel (tow>200),440218340
/vessels/details/440152565,YOUNGSIN,Other type,440152565
/vessels/details/440708310,WOONG JIN G-16,Port tender,440708310
/vessels/details/440315560,HANGIL1,Dredging or UW ops,440315560
/vessels/details/440147750,ULSANPILOT9,Pilot,440147750
/vessels/details/440101109,103 GYEO,Other type,440101109
/vessels/details/440303660,PILOT KYUNGDUCK,Pilot,440303660
/vessels/details/440193630,IN HAE HO,Towing vessel,440193630
/vessels/details/440796789,YONG PAL-9 36,Other type,440796789
/vessels/details/440015013,BADARO2,Dredging or UW ops,440015013
/vessels/details/440023670,SEOM SEOM YEO SOO 3,Pilot,440023670
/vessels/details/440324270,SAMSUNG W-2,Other type,440324270
/vessels/details/440197570,HAE YANG 8002,Port tender,440197570
/vessels/details/440122930,99PYEONGJINHO,Towing vessel,440122930
/vessels/details/440122090,KANG NAM T-17,Towing vessel (tow>200),440122090
/vessels/details/440156890,KCG R10,Other type,440156890
/vessels/details/9124407,BAEK MA NO. 12,Work/Repair Vessel,9124407
/vessels/details/440731900,KCG CIV-P130,Other type,440731900
/vessels/details/440130270,CHANGWON NUBIHO,Other type,440130270
/vessels/details/440138630,NA IN HO,Other type,440138630
/vessels/details/440321690,PILOT BOAT 1YONGBI,Pilot,440321690
/vessels/details/4588270,JAEMIN 7,Patrol Vessel,4588270
/vessels/details/440129860,KUMSEONG,Towing vessel (tow>200),440129860
/vessels/details/440795403,NAMSAN-9 90,Other type,440795403
/vessels/details/440010210,88 JAE YOUNG,Towing vessel,440010210
/vessels/details/9292917,KOROL NO.2,Offshore Tug/Supply Ship,9292917
/vessels/details/440704530,1 JO IL HO,Other type,440704530
/vessels/details/9417062,HWANGYUNG5,Pollution Control Vessel,9417062
/vessels/details/440127980,GYEONG NAM 232,HSC,440127980
/vessels/details/7912941,JEONG HA,Waste Disposal Vessel,7912941
/vessels/details/440507010,SAM SUNG 3HO,Towing vessel,440507010
/vessels/details/440130380,BAEKMA13HO,Other type,440130380
/vessels/details/440084230,KCG S-117,Local type,440084230
/vessels/details/7650086,RYUO NO. 2,Training Ship,7650086
/vessels/details/440111221,PILOT DONGBAEKSOEM,Pilot,440111221
/vessels/details/440108210,MUN CHANG,Towing vessel (tow>200),440108210
/vessels/details/440038020,CHANG YEONG-1,Towing vessel (tow>200),440038020
/vessels/details/440111220,CHUNG-NAM.PILOT-BOAT,Pilot,440111220
/vessels/details/440110590,KANG NAM T-15,Towing vessel (tow>200),440110590
/vessels/details/440334220,SUNCHEONMANECOPIA3,Other type,440334220
/vessels/details/440412270,POSCO,WIG,440412270
/vessels/details/440405850,OCEAN GREEN,Other type,440405850
/vessels/details/440075220,HANIL5002HO,Towing vessel,440075220
/vessels/details/440000421,72 SU MI HO,Towing vessel (tow>200),440000421
/vessels/details/440413960,WON KWANG,Other type,440413960
/vessels/details/4588074,B.A.E. JAMBELI,Salvage Ship,4588074
/vessels/details/7831563,BUSAN NO. 803,Research Vessel,7831563
/vessels/details/7401461,KOGANE MARU NO. 17,Salvage Ship,7401461
/vessels/details/440147190,S-132,WIG,440147190
/vessels/details/440200053,T301 KUMYONG,Towing vessel (tow>200),440200053
/vessels/details/440104030,101 HAE IN HO,Other type,440104030
/vessels/details/440332130,JEONNAM321,Other type,440332130
/vessels/details/440120770,PUNG NYEON -3,Towing vessel (tow>200),440120770
/vessels/details/440125420,HYEOP SUNG T2,Towing vessel (tow>200),440125420
/vessels/details/440045660,KWAN AK 300,Other type,440045660
/vessels/details/440068280,KORYO2HO,Other type,440068280
/vessels/details/440008660,AONE7,Pilot,440008660
/vessels/details/440073550,135 SAM HWA,Towing vessel,440073550
/vessels/details/440147980,ASTA3004,Other type,440147980
/vessels/details/440400650,POHANG HAEYANG 2,Port tender,440400650
/vessels/details/440707730,6001 GWANGJIN H0,Towing vessel (tow>200),440707730
/vessels/details/440104210,207OSUNG,Other type,440104210
/vessels/details/440149460,DAE YANG 301,Towing vessel,440149460
/vessels/details/9288174,JEON NAM NO. 705,Fire Fighting Vessel,9288174
/vessels/details/440107490,TAE CHUN NO2,Dredging or UW ops,440107490
/vessels/details/440142970,DONGJIN.1,Towing vessel (tow>200),440142970
/vessels/details/440147990,CHJ600,Other type,440147990
/vessels/details/440121630,PILOT DA DAE PO HO,Pilot,440121630
/vessels/details/7933244,YOUNG NAM NO. 2,Waste Disposal Vessel,7933244
/vessels/details/440730900,GALMAEGIHO,Pilot,440730900
/vessels/details/4746250,HAN GANG 1001,Patrol Vessel,4746250
/vessels/details/4746145,LEE CHEONG-HO,Patrol Vessel,4746145
/vessels/details/440001330,EUN SEONG,Towing vessel (tow>200),440001330
/vessels/details/440002420,77 HAN KANG,Other type,440002420
/vessels/details/440300570,PU RUN NA RA HO,Other type,440300570
/vessels/details/440216180,OCEAN NO.1,Local type,440216180
/vessels/details/440053910,S-95,WIG,440053910
/vessels/details/440133540,DONG YANG 17,Port tender,440133540
/vessels/details/440799928,202PADO8 100,Other type,440799928
/vessels/details/8949769,TATSU MARU NO. 2,Anchor Hoy,8949769
/vessels/details/440060080,SEO UL 501 HO,Other type,440060080
/vessels/details/440071120,BAEKDO 77HO,Dredging or UW ops,440071120
/vessels/details/4585333,TAE PYUNG YANG 11,Training Ship,4585333
/vessels/details/440122500,HWANGYEONG11GH,Pilot,440122500
/vessels/details/440012900,SAENARUHO,Other type,440012900
/vessels/details/440332920,JAE1 DAE GWANG HO,Port tender,440332920
/vessels/details/440114780,KS9,Other type,440114780
/vessels/details/4588218,TAE PYUNG YANG 2,Patrol Vessel,4588218
/vessels/details/440402037,GEOVIEW DP-1,Other type,440402037
/vessels/details/440133840,JONG YEONG-5001,Towing vessel (tow>200),440133840
/vessels/details/440112630,607 MYEONG SEONG,Other type,440112630
/vessels/details/440107573,HAEYANGHWANKYUNGJOSA,Port tender,440107573
/vessels/details/440103930,SUNGHWAHO,Other type,440103930
/vessels/details/8962773,KOGANE MARU NO. 11,Salvage Ship,8962773
/vessels/details/440737013,TUTU-3 80,Other type,440737013
/vessels/details/440111760,KANG NAM-5001,Towing vessel (tow>200),440111760
/vessels/details/440150140,JONG YOUNG 5003,Port tender,440150140
/vessels/details/440510490,SEA 7,Other type,440510490
/vessels/details/440741400,DAE SUNG 6003 HO,Dredging or UW ops,440741400
/vessels/details/440028050,YEONGU NO.1,Other type,440028050
/vessels/details/440194110,CNC 7 HO,Towing vessel (tow>200),440194110
/vessels/details/8915940,TNS WATCHER,Pollution Control Vessel,8915940
/vessels/details/440000390,72 SU MI HO,Towing vessel (tow>200),440000390
/vessels/details/8627751,TOKAI MARU NO. 10,Anchor Hoy,8627751
/vessels/details/440134220,SUNG WOO NO3,Local type,440134220
/vessels/details/440083430,CHEONGJEONG15HO,Other type,440083430
/vessels/details/440077520,309MARU,Diving ops,440077520
/vessels/details/440186320,BESS H0,Towing vessel,440186320
/vessels/details/440008070,PILOT BOAT 22YONG BI,Pilot,440008070
/vessels/details/440025730,TRITON 2HO,Other type,440025730
/vessels/details/440078970,205CHEONGRYONG,Towing vessel (tow>200),440078970
/vessels/details/8725591,CHANG HAE,Research Vessel,8725591
/vessels/details/440140010,JONGYOUNG 6003,Port tender,440140010
/vessels/details/440078999,TURTIE-8 89,Other type,440078999
/vessels/details/9684287,HANUL2,Offshore Tug/Supply Ship,9684287
/vessels/details/440006460,INSUNG NO.1,Other type,440006460
/vessels/details/440200037,T301 KUMYONG,Towing vessel (tow>200),440200037
/vessels/details/440128840,303 DAE RIM,Towing vessel (tow>200),440128840
/vessels/details/4588232,TAE PYUNG YANG 7,Patrol Vessel,4588232
/vessels/details/440151910,GREEN 5,WIG,440151910
/vessels/details/440799751,DONGWON4 79,Other type,440799751
/vessels/details/440332220,3DONGYANG,Other type,440332220
/vessels/details/440106510,P,HSC,440106510
/vessels/details/440006837,5005HAEKWANG,Port tender,440006837
/vessels/details/440108990,HEUNGJIN NO3,HSC,440108990
/vessels/details/440155330,HO RAN DO HO,Pilot,440155330
/vessels/details/440072020,SEJINHO,Other type,440072020
/vessels/details/440701640,UDOSARANG2,Pilot,440701640
/vessels/details/8949886,KISEI MARU NO. 1,Anchor Hoy,8949886
/vessels/details/440173733,102 JIN YANG,Towing vessel (tow>200),440173733
/vessels/details/440031781,SINJEONG3HO,Other type,440031781
/vessels/details/440506680,HAE KWANG B2,Towing vessel,440506680
/vessels/details/440145210,DEOK IL3 HO,Other type,440145210
/vessels/details/440016610,PILOT INCHEON 6,Pilot,440016610
/vessels/details/440114890,DAE GYEONG 1 HO,Towing vessel,440114890
/vessels/details/6713764,YONG HO II,Hopper Dredger,6713764
/vessels/details/440309320,HAN YANG A361 HO,Towing vessel,440309320
/vessels/details/440151310,MYEONG GWANG 1HO,Other type,440151310
/vessels/details/440028180,GREEN BLUE,WIG,440028180
/vessels/details/7934901,FUJIMI GO,Crane Ship,7934901
/vessels/details/8327507,HAN SUNG STAR,Salvage Ship,8327507
/vessels/details/440799930,202PADO6 49,Other type,440799930
/vessels/details/440500048,EUN SEONG -1,Towing vessel (tow>200),440500048
/vessels/details/440005710,NO2.DAEGYEONG,Towing vessel,440005710
/vessels/details/440037480,HEUNG WOO 13200,Dredging or UW ops,440037480
/vessels/details/440190070,KANG NAM 6002,Towing vessel (tow>200),440190070
/vessels/details/440104730,1004BOGYEON SEON,Other type,440104730
/vessels/details/440005740,GYAN.AK-A6HO,Other type,440005740
/vessels/details/440128800,GOSOKBANGTAN,Other type,440128800
/vessels/details/440300401,DAE UNG-3,Towing vessel (tow>200),440300401
/vessels/details/440113990,1 GEUM SEONG,Towing vessel (tow>200),440113990
/vessels/details/440302720,PILOT 2001 DA DO HAE,Pilot,440302720
/vessels/details/440120240,HWAN KYUNG3HO,Towing vessel,440120240
/vessels/details/440087660,101 DAE SEONG,Towing vessel (tow>200),440087660
/vessels/details/440113440,YUNCHANG,Towing vessel,440113440
/vessels/details/9167875,MUGUNGHWA34,Research Vessel,9167875
/vessels/details/440410740,SANG IL,Other type,440410740
/vessels/details/4587642,SEONJIN,Research Vessel,4587642
/vessels/details/440121050,101 HAEMIRAE,Other type,440121050
/vessels/details/440002350,HAN KANG NO3,Other type,440002350
/vessels/details/440117591,2020,Other type,440117591
/vessels/details/440757013,TUTU-5 84,Other type,440757013
/vessels/details/440505050,KCG1001,Other type,440505050
/vessels/details/4585125,JAEMIN 12,Patrol Vessel,4585125
/vessels/details/440012290,PILOT IPA 6,Pilot,440012290
/vessels/details/440330510,SUN WOO 201,Port tender,440330510
/vessels/details/441122828,ONWASHENZHEN,Local type,441122828
/vessels/details/440325030,YU RIM HO,Towing vessel,440325030
/vessels/details/440181340,P-129,Other type,440181340
/vessels/details/440105520,105 GYUNG NAM,WIG,440105520
/vessels/details/440116530,CHANG WON-02,Other type,440116530
/vessels/details/440200360,NEW GONI HO,Towing vessel (tow>200),440200360
/vessels/details/440130050,HWANGYEONG1HO,Other type,440130050
/vessels/details/440195557,105 SEONG SIN HO,Towing vessel,440195557
/vessels/details/440302750,8.SEYOON,Other type,440302750
/vessels/details/440193650,HAE YANG 8001,Port tender,440193650
/vessels/details/4585175,HAN GANG 1009,Patrol Vessel,4585175
/vessels/details/4719647,TONGYEONG,Salvage Ship,4719647
/vessels/details/440144490,101MARINE,Other type,440144490
/vessels/details/440119650,DONGHAE 102 HO,Port tender,440119650
/vessels/details/440164270,PHOENIX,WIG,440164270
/vessels/details/440126005,JMDAGTMA202,HSC (HAZ-A),440126005
/vessels/details/440306460,BORYEONG1HO,Other type,440306460
/vessels/details/440199430,DAESUNG 3001,Towing vessel,440199430
/vessels/details/440205340,DAE SUNG 5002,Port tender,440205340
/vessels/details/440301221,DONGYANG,Other type,440301221
/vessels/details/440021420,5 HANG MAN HO,HSC,440021420
/vessels/details/8949874,TAE GIL 3,Anchor Hoy,8949874
/vessels/details/440004770,HAE WOON HO,Towing vessel,440004770
/vessels/details/440017350,KSI 2,Other type,440017350
/vessels/details/440017490,YOUNG JN HO,HSC,440017490
/vessels/details/440500119,SEONG GWANG,Towing vessel (tow>200),440500119
/vessels/details/440022690,PILOT IPA 8,Pilot,440022690
/vessels/details/440181610,HN 3005 HO,Other type,440181610
/vessels/details/440007020,OCEAN 1 HO,Port tender,440007020
/vessels/details/440028880,MIN SUNG HO,Other type,440028880
/vessels/details/441096359,AADMSUGJM,HSC (HAZ-A),441096359
/vessels/details/440207450,INY ONE,Other type,440207450
/vessels/details/440144110,C N C 9 HO,Towing vessel (tow>200),440144110
/vessels/details/440132820,TAEPEONGYANG,Other type,440132820
/vessels/details/8622787,WONJIN NO. 5,Dredger,8622787
/vessels/details/441840000,EUROCAKE398,HSC,441840000
/vessels/details/440173749,102 JIN YANG,Towing vessel (tow>200),440173749
/vessels/details/440079830,BANGJES-20,WIG,440079830
/vessels/details/440308570,PILOT BOAT 5YONGBI,Pilot,440308570
/vessels/details/440338490,SHIN HO 12 H0,HSC,440338490
/vessels/details/440104970,KANG NAM T-7,Towing vessel (tow>200),440104970
/vessels/details/440714900,HAEYANG NURI,Towing vessel (tow>200),440714900
/vessels/details/440079120,KWANGJIN WORLD 3,Towing vessel,440079120
/vessels/details/440126920,WOONG JIN A-1 HO,Port tender,440126920
/vessels/details/440190840,YONG SEOK HO,Towing vessel (tow>200),440190840
/vessels/details/4585163,HAN GANG 1008,Patrol Vessel,4585163
/vessels/details/440112640,KANG NAM T-9,Towing vessel (tow>200),440112640
/vessels/details/440200240,DAE BANG 10007 HO,Dredging or UW ops,440200240
/vessels/details/440043330,NANURIHO,Local type,440043330
/vessels/details/440162610,88 HAN RA HO,Towing vessel (tow>200),440162610
/vessels/details/440195640,HAN DEOK-1HO,Port tender,440195640
/vessels/details/440150640,HAN GIL 1 HO,Other type,440150640
/vessels/details/440108200,TAMGU23,Other type,440108200
/vessels/details/440155345,KCG 321,Other type,440155345
/vessels/details/440108530,PILOT IPA1,Pilot,440108530
/vessels/details/8712817,SHINYO MARU NO. 62,Waste Disposal Vessel,8712817
/vessels/details/440145850,600S77,WIG,440145850
/vessels/details/440096580,CHEONG JIN PILOTBOAT,Pilot,440096580
/vessels/details/440151150,S-72,Pilot,440151150
/vessels/details/440600441,DAE DUCK HO,Port tender,440600441
/vessels/details/440003280,GYEONGNAM BADA,Other type,440003280
/vessels/details/440137220,YANG SEUNG G-1 HO,Dredging or UW ops,440137220
/vessels/details/440115130,NARSHA 14,Pilot,440115130
/vessels/details/440102320,701 JOONG AN HO,Towing vessel (tow>200),440102320
/vessels/details/440130130,HAE YANG EXPO,Port tender,440130130
/vessels/details/440117650,301BANG JU HO,Other type,440117650
/vessels/details/440037030,3TAE JIN HO,Dredging or UW ops,440037030
/vessels/details/440600170,JE IL 9,Port tender,440600170
/vessels/details/440143470,ANSANBADA,Other type,440143470
/vessels/details/440209730,DOOYANG,Other type,440209730
/vessels/details/440107520,KYONG NAM K-1,Towing vessel (tow>200),440107520
/vessels/details/440150730,S-11,Local type,440150730
/vessels/details/440318080,3HAE YANG,Other type,440318080
/vessels/details/440140005,JONGYOUNG 6003,Port tender,440140005
/vessels/details/440104340,KANG NAM-101,Towing vessel (tow>200),440104340
/vessels/details/440212610,TAE MYEONG,Other type,440212610
/vessels/details/440022680,PILOT IPA 7,Pilot,440022680
/vessels/details/440050920,HYEONMINHO,Other type,440050920
/vessels/details/440001950,103 HAN SUNG,Towing vessel (tow>200),440001950
/vessels/details/440008980,JEONGSEOJIN,Other type,440008980
/vessels/details/9295476,KOROL NO.1,Offshore Tug/Supply Ship,9295476
/vessels/details/440320690,9 DONG SEONG HO,Port tender,440320690
/vessels/details/8875803,RV EARDO,Research Vessel,8875803
/vessels/details/4585319,TAE PYUNG YANG 9,Patrol Vessel,4585319
/vessels/details/440120670,YOUNGIL,Towing vessel,440120670
/vessels/details/440062470,S-100,WIG,440062470
/vessels/details/440068230,YOUNG NAM 5 HO,Other type,440068230
/vessels/details/9638252,CHEONG HAE,Vessel (function unknown),9638252
/vessels/details/440086490,ULSANPILOT8,Pilot,440086490
/vessels/details/440051270,MA RIN,Towing vessel (tow>200),440051270
/vessels/details/440111116,SRC 6,Other type,440111116
/vessels/details/440151270,DONG MEYNG 7HO,Towing vessel (tow>200),440151270
/vessels/details/4746286,HAN GANG 1005,Patrol Vessel,4746286
/vessels/details/440037550,GUKRIPGONGWON401,Other type,440037550
/vessels/details/4719659,GWANGYANG,Salvage Ship,4719659
/vessels/details/440700370,DUKSAN 205,Towing vessel,440700370
/vessels/details/9687772,NARA,Research Vessel,9687772
/vessels/details/440108540,A JU T-1,Towing vessel (tow>200),440108540
/vessels/details/4719661,JAEMIN 13,Patrol Vessel,4719661
/vessels/details/440725200,KAI HO,Other type,440725200
/vessels/details/440322220,CHAN SUNG HO,Other type,440322220
/vessels/details/440000454,YOUJIN 201,Other type,440000454
/vessels/details/440000374,101SILLA,Other type,440000374
/vessels/details/440721200,HWA JEONG 23HO,Towing vessel,440721200
/vessels/details/9901013,ENDAM,Pollution Control Vessel,9901013
/vessels/details/440017970,7 BOO YOUNG HO,Port tender,440017970
/vessels/details/4588206,SAMBONGHO,Patrol Vessel,4588206
/vessels/details/440732700,S 61,HSC,440732700
/vessels/details/440121637,PILOT DA DAE PO HO,Pilot,440121637
/vessels/details/440041890,SD 10001HO,Other type,440041890
/vessels/details/440111205,PILOT DONGBAEKSOEM,Pilot,440111205
/vessels/details/440015380,HAE GUK,Towing vessel,440015380
/vessels/details/440322980,63BAEKDOO,Towing vessel,440322980
/vessels/details/4746262,HAN GANG 1002,Patrol Vessel,4746262
/vessels/details/8135514,FUKUYOSHI GO NO. 11,Crane Ship,8135514
/vessels/details/440714612,JI-1 58,Other type,440714612
/vessels/details/440122490,DAE SUNG 9,Port tender,440122490
/vessels/details/440206110,PILOT SUNJIN N02,Pilot,440206110
/vessels/details/7518795,GENYO MARU NO. 38,Waste Disposal Vessel,7518795
/vessels/details/440407960,CHENGILHO,Pilot,440407960
/vessels/details/440502270,JONG YOUNG 6001,Towing vessel (tow>200),440502270
/vessels/details/7932800,NIITAKA MARU NO. 3,Crane Ship,7932800
/vessels/details/440143120,HAECHEONG NO.1,Pilot,440143120
/vessels/details/4773473,TAE PYUNG YANG 19,Patrol Vessel,4773473
/vessels/details/440313790,SUJEONG3HO,Other type,440313790
/vessels/details/440306780,BANGJE S19JUNG,Other type,440306780
/vessels/details/440320370,JINDO ARIRANG HO,Pilot,440320370
/vessels/details/440702390,YOUNGCHUNHO,Other type,440702390
/vessels/details/440321040,HAEYANG2,Other type,440321040
/vessels/details/8630772,HAEYANG,Dredger,8630772
/vessels/details/8625703,SANPO MARU NO. 8,Dredger,8625703
/vessels/details/4588086,JAEMIN 1,Salvage Ship,4588086
/vessels/details/441078000,SHIN JUNG 601,Other type,441078000
/vessels/details/440321440,2011HONAM CT,Other type,440321440
/vessels/details/440503900,HAEYANG 1HO,Other type,440503900
/vessels/details/440507360,KOREA,Towing vessel,440507360
/vessels/details/440060110,TAEGWANG,Towing vessel,440060110
/vessels/details/8532932,NURIAN,Research Vessel,8532932
/vessels/details/440114630,SUNG DO 1 HO,Towing vessel (tow>200),440114630
/vessels/details/8741375,OKPO NO. 11,Anchor Hoy,8741375
/vessels/details/440000003,NYXIS 01,Other type,440000003
/vessels/details/440107530,HAEYANGHWANKYUNGJOSA,Port tender,440107530
/vessels/details/440222565,53KEUMYOUNG,Other type,440222565
/vessels/details/440146050,OKPO NO.13,Other type,440146050
/vessels/details/440107580,DONG CHEON,Towing vessel (tow>200),440107580
/vessels/details/440127730,JUN MALIN 1HO,Other type,440127730
/vessels/details/440218670,HAN YANG HO,Pilot,440218670
/vessels/details/440120410,SUNG WON 7 9,Other type,440120410
/vessels/details/440070325,IL KWANG 103 HO,Towing vessel,440070325
/vessels/details/440141670,HAIYANG,Towing vessel,440141670
/vessels/details/440158620,SMART,HSC,440158620
/vessels/details/440013590,DONGHAE 11 HO,Port tender,440013590
/vessels/details/440008250,JIN YUONG 2HO,Other type,440008250
/vessels/details/440146840,GEO JE208HO,Other type,440146840
/vessels/details/440302005,SEOMSARANG NO.6,Other type,440302005
/vessels/details/440141200,2 YONG NA HQ,WIG,440141200
/vessels/details/440309530,KWANG SEON HO,Local type,440309530
/vessels/details/440070309,IL KWANG 103 HO,Towing vessel,440070309
/vessels/details/440700740,SAMDAHO,Other type,440700740
/vessels/details/440041370,NARSHA 21,Pilot,440041370
/vessels/details/440213850,JE1DAEJINHO,Other type,440213850
/vessels/details/440068610,BAEK SONG HO,Other type,440068610
/vessels/details/440135790,207 KO RYO,Towing vessel (tow>200),440135790
/vessels/details/440116790,GYEONG NAM,Towing vessel (tow>200),440116790
/vessels/details/440000115,DREAM HO,Port tender,440000115
/vessels/details/440171317,SUJUNG,Other type,440171317
/vessels/details/440505570,SEVEN SHINHWA,Other type,440505570
/vessels/details/440700022,KCGSSRT,Other type,440700022
/vessels/details/440129060,2 GEUM SEONG,Towing vessel (tow>200),440129060
/vessels/details/440155360,GANGNAM T-21HO,Towing vessel (tow>200),440155360
/vessels/details/440195573,105 SEONG SIN HO,Towing vessel,440195573
/vessels/details/440146450,SAMSUNG 5HO,Other type,440146450
/vessels/details/440048380,SAM HAE 1 HO,Other type,440048380
/vessels/details/440320660,GLOBAL01,Other type,440320660
/vessels/details/440500154,KEUM OH T 1,Other type,440500154
/vessels/details/440118820,1 DAE SUNG HO,Port tender,440118820
/vessels/details/440153110,2001 SEO JIN,Other type,440153110
/vessels/details/440030880,DAEJIN 8006,Towing vessel,440030880
/vessels/details/440002080,SUNWOO 101,Other type,440002080
/vessels/details/440169670,VICTORY,Other type,440169670
/vessels/details/440404149,SEA FLOWER,HSC,440404149
/vessels/details/440118060,KANG NAM T-23,Towing vessel (tow>200),440118060
/vessels/details/440008580,NO.1 TAE YANG,Other type,440008580
/vessels/details/440113910,PILOT DURUMI,Unknown,440113910
/vessels/details/441267000,KCG1007,Unknown,441267000
/vessels/details/440084260,107GLOBAL HO,Unknown,440084260
/vessels/details/440326150,KWANG DEOK,Unknown,440326150
/vessels/details/440197030,GEOVIEW1HO,Unknown,440197030
/vessels/details/440218680,OSYEON3HO,Unknown,440218680
/vessels/details/440011910,KUM GANG,Unknown,440011910
/vessels/details/440331860,KOREA 301HO,Unknown,440331860
/vessels/details/440146240,NEW VENUS,Unknown,440146240
/vessels/details/440099970,YEONGDEOK NURI HO,Unknown,440099970
/vessels/details/440102410,SAMSUNG T2,Unknown,440102410
/vessels/details/440015950,KCG 3015,Unknown,440015950
/vessels/details/440101153,BANGJAE20HO,Unknown,440101153
/vessels/details/440800577,ROKGOVERNMENT,Unknown,440800577
/vessels/details/440112020,TAECHEONG1HO,Unknown,440112020
/vessels/details/440051540,KCG D-01,Unknown,440051540
/vessels/details/440021960,NEW DAE JIN HO,Unknown,440021960
/vessels/details/440002410,JEONNAM204,Unknown,440002410
/vessels/details/440095950,G STAR HO,Unknown,440095950
/vessels/details/440143100,JINSAN,Unknown,440143100
/vessels/details/440111960,HAE SUNG 1 HO,Unknown,440111960
/vessels/details/440715600,NEW DAE RYUK,Unknown,440715600
/vessels/details/440403850,HAE RYEONG,Unknown,440403850
/vessels/details/440077710,KOREA 201,Unknown,440077710
/vessels/details/440113070,KOREA101HO,Unknown,440113070
/vessels/details/440107750,SAM SUNG A3 HO,Unknown,440107750
/vessels/details/440500007,HAESUNG3HO,Unknown,440500007
/vessels/details/440328620,HAICHEONMARIN5HO,Unknown,440328620
/vessels/details/440315080,SOBANG501,Unknown,440315080
/vessels/details/440800024,ROK GOV VESSEL,Unknown,440800024
/vessels/details/440097210,71 DAE CHUNG HO,Unknown,440097210
/vessels/details/440560919,05609-19-91,Unknown,440560919
/vessels/details/440031920,JEONGKANG,Unknown,440031920
/vessels/details/440117029,YOUNG JIN,Unknown,440117029
/vessels/details/440151717,MYUN JIN B,Unknown,440151717
/vessels/details/440048320,LUKINA5HO,Unknown,440048320
/vessels/details/440001110,JUPITER,Unknown,440001110
/vessels/details/440302150,777MANSEONG,Unknown,440302150
/vessels/details/440194340,OOJOOHO,Unknown,440194340
/vessels/details/440105160,GOLD STAR HO,Unknown,440105160
/vessels/details/441200020,CT3-4412-20 50,Unknown,441200020
/vessels/details/440058490,668 MYUNG SEONG,Unknown,440058490
/vessels/details/440147730,7CHANGNAM,Unknown,440147730
/vessels/details/440166910,GYEONG NAM 916,Unknown,440166910
/vessels/details/440029670,JEONBUK209HO,Unknown,440029670
/vessels/details/440312610,NO.307 YEONGHWA,Unknown,440312610
/vessels/details/440128830,301 JE I DEUN,Unknown,440128830
/vessels/details/440500009,CT2-4405-9 90,Unknown,440500009
/vessels/details/440016170,SHIN YANG 7 HO,Unknown,440016170
/vessels/details/440701660,203YUNGDONGHO,Unknown,440701660
/vessels/details/440147020,GWANG JIN,Unknown,440147020
/vessels/details/440166530,36SUN KYEONG,Unknown,440166530
/vessels/details/440125010,HAENG UN HO,Unknown,440125010
/vessels/details/440181190,SEO JIN HO,Unknown,440181190
/vessels/details/440705440,MAN IL HO,Unknown,440705440
/vessels/details/440204250,KYEONGILHO,Unknown,440204250
/vessels/details/440029960,GILJEOUNG,Unknown,440029960
/vessels/details/440066580,2017 YONG JIN,Unknown,440066580
/vessels/details/440500840,P-61,Unknown,440500840
/vessels/details/440336390,YEONG SEONG,Unknown,440336390
/vessels/details/440133920,23 DONG YANG HO,Unknown,440133920
/vessels/details/440401890,820DONG HYEON HO,Unknown,440401890
/vessels/details/440073640,708JAEYUNGHO,Unknown,440073640
/vessels/details/440599901,05999-1 90,Unknown,440599901
/vessels/details/440007090,KCG P99,Unknown,440007090
/vessels/details/440599920,05999-208.0V,Unknown,440599920
/vessels/details/441581000,309KCG,Unknown,441581000
/vessels/details/440311640,105 SUNG UNG HO,Unknown,440311640
/vessels/details/440477110,04771-10-82,Unknown,440477110
/vessels/details/440148640,109SEONGBO,Unknown,440148640
/vessels/details/440705170,KWANG JIN HO,Unknown,440705170
/vessels/details/440341230,3 JANG WEON HO,Unknown,440341230
/vessels/details/440043320,202 CHEONG HAE,Unknown,440043320
/vessels/details/440328330,7 SEJONG HO,Unknown,440328330
/vessels/details/440704630,KCG OSRV-05,Unknown,440704630
/vessels/details/440315530,307DAEHYUN,Unknown,440315530
/vessels/details/440742700,132HWA CHANG,Unknown,440742700
/vessels/details/440181670,NO121DAEYANG,Unknown,440181670
/vessels/details/440329230,SEO KWANG HO,Unknown,440329230
/vessels/details/440707450,CHENG YONG HO,Unknown,440707450
/vessels/details/440078550,POSHYUN HO,Unknown,440078550
/vessels/details/440323410,2YUDUCKHO,Unknown,440323410
/vessels/details/440035070,107GONGJIN,Unknown,440035070
/vessels/details/440018620,NO.6 TAEKYUNG,Unknown,440018620
/vessels/details/440135310,88DAIYOUNG,Unknown,440135310
/vessels/details/440200176,P-31,Unknown,440200176
/vessels/details/440121480,MAN NAM HO,Unknown,440121480
/vessels/details/440401540,KEI KEI 2HO,Unknown,440401540
/vessels/details/440206760,GYEOL SEONG HO,Unknown,440206760
/vessels/details/440507160,JEON BUK 202-2 HO,Unknown,440507160
/vessels/details/440501620,DU 5PP009 C 0,Unknown,440501620
/vessels/details/440194350,MARUHO,Unknown,440194350
/vessels/details/440090670,HANHA HO,Unknown,440090670
/vessels/details/440104820,G M 901 HO,Unknown,440104820
/vessels/details/440000380,5HANKOOK,Unknown,440000380
/vessels/details/440136880,17 HAESOEONG HO,Unknown,440136880
/vessels/details/440068980,HAE JIN HO,Unknown,440068980
/vessels/details/440719200,MYEONG0 SEONG HO,Unknown,440719200
/vessels/details/440600351,KA RI S,Unknown,440600351
/vessels/details/440046310,103 DONDAESAN,Unknown,440046310
/vessels/details/440325430,2012DAECHUNG HO,Unknown,440325430
/vessels/details/440369488,SUQIYU03694-88,Unknown,440369488
/vessels/details/440385010,440385-10-83,Unknown,440385010
/vessels/details/440209280,DAEWOON,Unknown,440209280
/vessels/details/440060910,SHIN SEONG,Unknown,440060910
/vessels/details/440132090,3 DAE SUNG HO,Unknown,440132090
/vessels/details/440465708,LONG A11 59 P4.38,Unknown,440465708
/vessels/details/440704780,YOUJO,Unknown,440704780
/vessels/details/440090990,NEW JEJU,Unknown,440090990
/vessels/details/440703640,SUNJINHO,Unknown,440703640
/vessels/details/440701040,935YEONGJIN,Unknown,440701040
/vessels/details/440101240,HYUNDAI3HO,Unknown,440101240
/vessels/details/440167880,107 PU REUM,Unknown,440167880
/vessels/details/440046550,2022 SEON U HO,Unknown,440046550
/vessels/details/440137860,SEOUL NO.101,Unknown,440137860
/vessels/details/440010100,8YOOJIN,Unknown,440010100
/vessels/details/440332790,TAE HYEON HO,Unknown,440332790
/vessels/details/440330780,HANHAEPUNG1,Unknown,440330780
/vessels/details/440215867,SUGANYU02158-67-81,Unknown,440215867
/vessels/details/440199690,301 MAN GANG HO,Unknown,440199690
/vessels/details/440218520,JIN SUNG HO,Unknown,440218520
/vessels/details/440303210,PUREUNBADA,Unknown,440303210
/vessels/details/440322080,308DAEYALHO,Unknown,440322080
/vessels/details/440197910,ECO IN CHUN,Unknown,440197910
/vessels/details/440213530,JINHEUNG3HO,Unknown,440213530
/vessels/details/441788051,FU WANG 051 -4 07,Unknown,441788051
/vessels/details/440168420,DAE DONG 5HO,Unknown,440168420
/vessels/details/440500013,CT2-4405-13 40,Unknown,440500013
/vessels/details/440030110,JONG SEONG HO,Unknown,440030110
/vessels/details/440054960,HYUNG JE 2 HO,Unknown,440054960
/vessels/details/440071070,17 SAM YUANG,Unknown,440071070
/vessels/details/440800015,ROK GOV VESSL,Unknown,440800015
/vessels/details/440706210,707 KWANG IL,Unknown,440706210
/vessels/details/440321720,HAEBADA 207HO,Unknown,440321720
/vessels/details/440738400,BIGONE,Unknown,440738400
/vessels/details/440015480,201 EO SA,Unknown,440015480
/vessels/details/440218040,8 DAE YOUNG HO,Unknown,440218040
/vessels/details/440109070,GYEONGNAM706,Unknown,440109070
/vessels/details/440201880,2023 HONG MYEOMG HO,Unknown,440201880
/vessels/details/440030010,DU BAEHO,Unknown,440030010
/vessels/details/440136690,2022GANAHO,Unknown,440136690
/vessels/details/440091220,AEBUN,Unknown,440091220
/vessels/details/440700440,YEON SU,Unknown,440700440
/vessels/details/440096180,HAE SEONG,Unknown,440096180
/vessels/details/440330840,HAHAHOHO,Unknown,440330840
/vessels/details/440086860,2 JEONG GIL,Unknown,440086860
/vessels/details/440333029,NINA B,Unknown,440333029
/vessels/details/440316560,6 KUM YOUNG,Unknown,440316560
/vessels/details/440211770,106 DONG WON HO,Unknown,440211770
/vessels/details/440186030,CHEONGYEONG NO.3,Unknown,440186030
/vessels/details/440710300,2021YEONGPUNG,Unknown,440710300
/vessels/details/440430003,QIONGLE44043-3-92,Unknown,440430003
/vessels/details/440152970,ULSANPILOT5,Unknown,440152970
/vessels/details/440502400,BADASORI,Unknown,440502400
/vessels/details/440190630,KYOUNG WON HO,Unknown,440190630
/vessels/details/440002300,DONG SOON,Unknown,440002300
/vessels/details/440151660,JINKYEONGHO,Unknown,440151660
/vessels/details/440109690,JEA KYEONG,Unknown,440109690
/vessels/details/440331290,MAN GYEONG HO,Unknown,440331290
/vessels/details/440312570,NO.25 KEOMBOCK,Unknown,440312570
/vessels/details/440133999,SUQIYU01339-B1-99,Unknown,440133999
/vessels/details/440008570,JANGBOGO1HO,Unknown (HAZ-A),440008570
/vessels/details/440204180,JANG WON HO,Unknown,440204180
/vessels/details/440209800,DAE DONG 2,Unknown,440209800
/vessels/details/440086560,GEOGEUM3HO,Unknown,440086560
/vessels/details/440316380,5SEJONGHO,Unknown,440316380
/vessels/details/440128000,KELSY299,Unknown,440128000
/vessels/details/440126420,206DONGYANG,Unknown,440126420
/vessels/details/440021360,KCG215JUNG,Unknown,440021360
/vessels/details/440004750,JEONNAM308,Unknown,440004750
/vessels/details/440013060,101 SHIN KWANG,Unknown,440013060
/vessels/details/440015630,JE2 EUNSEONG-HO,Unknown,440015630
/vessels/details/440700990,108 HYUNG JIN,Unknown,440700990
/vessels/details/440300130,HEUNG JIN NO7,Unknown,440300130
/vessels/details/440108550,28DONGHO,Unknown,440108550
/vessels/details/440109290,305 HAN IL,Unknown,440109290
/vessels/details/440132570,BUSAN 933,Unknown,440132570
/vessels/details/440307810,PILOT.SUNJIN.6,Unknown,440307810
/vessels/details/440123680,BAEK GYEONG HO,Unknown,440123680
/vessels/details/440144960,GREEN1HO,Unknown,440144960
/vessels/details/440477108,04771-8-45,Unknown,440477108
/vessels/details/440330720,CHIWOO,Unknown,440330720
/vessels/details/440154170,989 PUNG SAN HO,Unknown,440154170
/vessels/details/440074740,S-110,Unknown,440074740
/vessels/details/440701833,338CHEON LL HO,Unknown,440701833
/vessels/details/440014740,CHANGJIN,Unknown,440014740
/vessels/details/440038270,568GORYE,Unknown,440038270
/vessels/details/440137010,501 TEA KWANG HO,Unknown,440137010
/vessels/details/440138590,2016 GEUM YANG HO,Unknown,440138590
/vessels/details/440147780,BO GO 5 HO,Unknown,440147780
/vessels/details/440216160,MIN SEONG 0,Unknown,440216160
/vessels/details/440217090,205 MAN SEANG,Unknown,440217090
/vessels/details/440127650,JEASUNG,Unknown,440127650
/vessels/details/440220810,ONGJINGALMAGE2HO,Unknown,440220810
/vessels/details/440103280,HYUN DEA HO,Unknown (HAZ-A),440103280
/vessels/details/440705160,668PUNGSUN,Unknown,440705160
/vessels/details/440329220,DAE HEUNG,Unknown,440329220
/vessels/details/440400130,201 DONG NAM,Unknown,440400130
/vessels/details/440126760,DONGYOUNG,Unknown (HAZ-A),440126760
/vessels/details/440106790,GANGWON203,Unknown,440106790
/vessels/details/440328390,7 HANYANG,Unknown,440328390
/vessels/details/440000001,DONGHAENURI,Unknown,440000001
/vessels/details/440300133,MT BK25,Unknown,440300133
/vessels/details/440067230,EUNSUNG,Unknown,440067230
/vessels/details/440135260,101.HYUPSUNG,Unknown,440135260
/vessels/details/440736600,88GYEONGMIN,Unknown,440736600
/vessels/details/440181669,NO121DAEYANG,Unknown,440181669
/vessels/details/440117590,708 AN SEONG,Unknown,440117590
/vessels/details/440112620,207SINYEONG,Unknown,440112620
/vessels/details/440024340,HAEJEOHO,Unknown,440024340
/vessels/details/440322780,PUNG UN,Unknown,440322780
/vessels/details/440147130,HAE SEONG HO,Unknown,440147130
/vessels/details/440701530,JUYEONG,Unknown,440701530
/vessels/details/440131080,YEONG SOON HO,Unknown,440131080
/vessels/details/440148670,YONG HWA,Unknown,440148670
/vessels/details/440069210,21 GUJIN,Unknown,440069210
/vessels/details/440150270,KCG S02,Unknown,440150270
/vessels/details/440150360,WOOKYUNG,Unknown,440150360
/vessels/details/440126261,67BUKYUNG,Unknown,440126261
/vessels/details/440002490,KCG P-29,Unknown,440002490
/vessels/details/440130530,SU YUNG HO,Unknown,440130530
/vessels/details/440325960,WON SUNG HO,Unknown,440325960
/vessels/details/440081320,HWAMG RYONG 1HO,Unknown,440081320
/vessels/details/440701470,MYUNGKYUNGHO,Unknown,440701470
/vessels/details/440120640,67 HAW CHANG,Unknown,440120640
/vessels/details/440047040,EVERGREEN NO.7,Unknown,440047040
/vessels/details/440121810,205 GLOBAL,Unknown,440121810
/vessels/details/440104570,51 HEE YEONG,Unknown,440104570
/vessels/details/440049690,TAE IN HO,Unknown,440049690
/vessels/details/440085000,HAEWOORI 317,Unknown,440085000
/vessels/details/440701870,CHANGHAE,Unknown,440701870
/vessels/details/440116430,303SAMBOHO,Unknown,440116430
/vessels/details/440596804,05968-4-98,Unknown,440596804
/vessels/details/440708597,866TAEPYOUNG,Unknown,440708597
/vessels/details/440700890,307 SEUNG JIN,Unknown,440700890
/vessels/details/440301810,807SINSUNG,Unknown,440301810
/vessels/details/440089480,YU KYUNGHO,Unknown,440089480
/vessels/details/440198840,KCG526,Unknown,440198840
/vessels/details/440014530,SISANFERRYHO,Unknown,440014530
/vessels/details/440124560,DAE GIL HO,Unknown,440124560
/vessels/details/440707277,440707277 11.5V,Unknown,440707277
/vessels/details/440749200,TAE SEONG,Unknown,440749200
/vessels/details/440707840,2HOUNGANHO,Unknown,440707840
/vessels/details/440005860,P-10,Unknown,440005860
/vessels/details/440144370,31SUN JIN HO,Unknown,440144370
/vessels/details/441002655,ZXYU10026-55-76,Unknown,441002655
/vessels/details/441921913,XYY21913-47.1V,Unknown,441921913
/vessels/details/440143270,DEUNGDAERANG2,Unknown,440143270
/vessels/details/440212600,7MINYOUNG,Unknown,440212600
/vessels/details/440127750,HAISUNG,Unknown,440127750
/vessels/details/440322620,103SUNG UNG HO,Unknown,440322620
/vessels/details/440727200,PILOT GALMAEGI HO,Unknown,440727200
/vessels/details/440117770,237YANGCHANG,Unknown,440117770
/vessels/details/440737600,JE2025SOYEONGHO,Unknown,440737600
/vessels/details/440065630,KYUNG JIN HO,Unknown,440065630
/vessels/details/440605000,KCG1503,Unknown,440605000
/vessels/details/440188380,JANGDEOGHO,Unknown,440188380
/vessels/details/440333170,MYUNG JIN HO,Unknown,440333170
/vessels/details/440215180,SEJONG NO7,Unknown,440215180
/vessels/details/440217420,102 BEOMJIN,Unknown,440217420
/vessels/details/440149020,5007DONGMIN,Unknown,440149020
/vessels/details/440324530,DUK SUNG 1,Unknown,440324530
/vessels/details/440800053,ROK,Unknown,440800053
/vessels/details/440029440,GWANGHAE7 HO,Unknown,440029440
/vessels/details/440304180,2022 HYEON DAE,Unknown,440304180
/vessels/details/440600245,GEUM BI HO,Unknown,440600245
/vessels/details/440701830,2027 NAM SEONG,Unknown,440701830
/vessels/details/440111520,KCG P72,Unknown,440111520
/vessels/details/440405980,MANSUNG,Unknown,440405980
/vessels/details/440129560,NO 5 BU KWANG HO,Unknown,440129560
/vessels/details/440502610,107 SU GWANG HO,Unknown,440502610
/vessels/details/440599930,05999-308.2V,Unknown,440599930
/vessels/details/440703380,208 IL SIM,Unknown,440703380
/vessels/details/440122790,7JO YANG,Unknown,440122790
/vessels/details/441921918,XYY21918-4-50,Unknown,441921918
/vessels/details/440203770,SUN OCEAN,Unknown,440203770
/vessels/details/440147150,CHUNGNAMHOSPITAL,Unknown,440147150
/vessels/details/440324010,2012HAEGWANG,Unknown,440324010
/vessels/details/440311960,NEW YONG JIN 5HO,Unknown,440311960
/vessels/details/440127380,OCEAN 3600,Unknown,440127380
/vessels/details/440706290,1 MEONG GWANG,Unknown,440706290
/vessels/details/440301030,DEOK SAN HO,Unknown,440301030
/vessels/details/440076920,TWIN STAR,Unknown,440076920
/vessels/details/440210120,DEUNG DAI HO,Unknown,440210120
/vessels/details/440117680,YANG SIG JI DO,Unknown,440117680
/vessels/details/440800591,ROK GOV VESSEL,Unknown,440800591
/vessels/details/440330870,TONG YEONG 7HO,Unknown,440330870
/vessels/details/440090004,WANGBIAO44009-462,Unknown,440090004
/vessels/details/440087830,MAN SUNG HO,Unknown,440087830
/vessels/details/440707069,440707069 12.0V,Unknown,440707069
/vessels/details/440317930,YOONS 8HO,Unknown,440317930
/vessels/details/440154160,HANA,Unknown,440154160
/vessels/details/440182730,2022 CHOI KWANG HO,Unknown,440182730
/vessels/details/440400450,TAECHANG,Unknown,440400450
/vessels/details/440015430,MANJEONGHO,Unknown,440015430
/vessels/details/440216650,SEON YANG HO,Unknown,440216650
/vessels/details/440108517,P-71,Unknown,440108517
/vessels/details/440016700,WOO RAM HO,Unknown,440016700
/vessels/details/440915002,440915-2-37,Unknown,440915002
/vessels/details/440193090,PILOTBOAT A CHI SEOM,Unknown,440193090
/vessels/details/440146670,115WOONG CHEON,Unknown,440146670
/vessels/details/440208810,HAE DEUK HO,Unknown,440208810
/vessels/details/440212770,JE MUL PO HO,Unknown,440212770
/vessels/details/440115350,BU WON HO,Unknown,440115350
/vessels/details/440602790,JE505 MI LAE HO,Unknown,440602790
/vessels/details/440148750,SHINSUNG3HO,Unknown,440148750
/vessels/details/440094050,GWANGSHINHO,Unknown,440094050
/vessels/details/440704010,DAE WOO HO,Unknown,440704010
/vessels/details/440211630,DAERYUNGHO,Unknown,440211630
/vessels/details/440084150,308GWANGMYEONG,Unknown,440084150
/vessels/details/440096840,5 DONG IL,Unknown,440096840
/vessels/details/440915003,440915-3-52,Unknown,440915003
/vessels/details/440216770,CHANYEONGHO,Unknown,440216770
/vessels/details/440122990,SAM SUNG T5 HO,Unknown,440122990
/vessels/details/440215450,RAEN DEUOSYEON 1HO,Unknown,440215450
/vessels/details/440081170,88 NAM IL,Unknown,440081170
/vessels/details/440217630,SINMYUGHO,Unknown,440217630
/vessels/details/440113570,BANG JU HO,Unknown,440113570
/vessels/details/440705710,688 MAN SUNHO,Unknown,440705710
/vessels/details/440702970,SUNG JIN,Unknown,440702970
/vessels/details/440088530,DAE GIL HO,Unknown,440088530
/vessels/details/440154540,ULSAN318,Unknown,440154540
/vessels/details/440090009,WANG44009-9-82,Unknown,440090009
/vessels/details/440403740,DAYEONHO,Unknown,440403740
/vessels/details/440469537,ZHEDAIYU04695-2A-99,Unknown,440469537
/vessels/details/440301610,YEO MYOUNG NO.2,Unknown,440301610
/vessels/details/440312520,PILOT SUNJIN 7,Unknown,440312520
/vessels/details/440210540,99 DAE GWANG HO,Unknown,440210540
/vessels/details/440078640,HYUNDAI2HO,Unknown,440078640
/vessels/details/440049230,BADA NO.2,Unknown,440049230
/vessels/details/440214550,DAEHYEONG,Unknown,440214550
/vessels/details/440337210,CHANG YEONG HO,Unknown,440337210
/vessels/details/441200009,CT3-4412-09,Unknown,441200009
/vessels/details/440214060,DAERYEONGHO,Unknown,440214060
/vessels/details/440702270,33PUNGSEONG,Unknown,440702270
/vessels/details/440027370,ULSAN-327,Unknown,440027370
/vessels/details/440223530,SIN GWANG HO,Unknown,440223530
/vessels/details/440112530,108 JE IL HO,Unknown,440112530
/vessels/details/440011190,YEON JUNG HO,Unknown,440011190
/vessels/details/440502680,17BORYUNG,Unknown,440502680
/vessels/details/440705980,1 WOO RI HO,Unknown,440705980
/vessels/details/440208430,GEUMCHANGHO,Unknown,440208430
/vessels/details/440320160,2002DAECHENG HO,Unknown,440320160
/vessels/details/440306430,HONG DAN HO,Unknown,440306430
/vessels/details/441938021,KCG1508,Unknown,441938021
/vessels/details/440134060,YU JEONG,Unknown,440134060
/vessels/details/440706220,301SINTAEYANG,Unknown,440706220
/vessels/details/440200110,ULSAN6003,Unknown,440200110
/vessels/details/440226130,GEO SEONG HO,Unknown,440226130
/vessels/details/441076068,BUOY 760-68 12V6,Unknown,441076068
/vessels/details/440331340,SUNGJINHO,Unknown,440331340
/vessels/details/440111350,208 DAE YANG HO,Unknown,440111350
/vessels/details/440011740,HAEINHO,Unknown,440011740
/vessels/details/440144120,DAICHENGHO,Unknown,440144120
/vessels/details/440708080,NO711 CHOE SIN,Unknown,440708080
/vessels/details/440460050,KCG T-01,Unknown,440460050
/vessels/details/440012840,23JAE SEONG HO,Unknown,440012840
/vessels/details/440600859,KCG S-50,Unknown,440600859
/vessels/details/440706980,909SOO CHANG,Unknown,440706980
/vessels/details/440032690,HAE YANG,Unknown,440032690
/vessels/details/440143845,UL SAN 10001,Unknown,440143845
/vessels/details/440209190,NO.1DONGBAEK,Unknown,440209190
/vessels/details/440332069,603DEUKSUNGHO,Unknown,440332069
/vessels/details/440328130,TAMGU 11,Unknown,440328130
/vessels/details/440302970,JIN YOUNG,Unknown,440302970
/vessels/details/440122350,SOON CHANG,Unknown,440122350
/vessels/details/440703790,NO.988 HAESUNG,Unknown,440703790
/vessels/details/440200260,BK 5HO,Unknown,440200260
/vessels/details/440167680,SU YOUNG HO,Unknown,440167680
/vessels/details/440213270,103BEOMJIN,Unknown,440213270
/vessels/details/440114050,PILOT SUNJIN 1,Unknown,440114050
/vessels/details/440130830,U DO1HO,Unknown,440130830
/vessels/details/440200210,HANAHO,Unknown,440200210
/vessels/details/440112830,KI SEONG 2HO,Unknown,440112830
/vessels/details/441000006,TEST0909,Unknown,441000006
/vessels/details/440090220,UDOFERRY 9HO,Unknown,440090220
/vessels/details/440706480,EOHANG JEJU 1,Unknown,440706480
/vessels/details/440002110,SEHAE NO.3,Unknown (HAZ-A),440002110
/vessels/details/440703420,MAN HAE HO,Unknown,440703420
/vessels/details/440024070,YEONG DEOK,Unknown,440024070
/vessels/details/440300010,SAMHO101,Unknown,440300010
/vessels/details/440210040,SU HAE 53,Unknown,440210040
/vessels/details/440056260,ILCHUUL HO,Unknown,440056260
/vessels/details/440335360,2015 DAE CHEONG,Unknown,440335360
/vessels/details/440325670,YONG SEONG HO,Unknown,440325670
/vessels/details/440014053,DEOK SI,Unknown,440014053
/vessels/details/440110290,NO.307 SEO HYUN,Unknown,440110290
/vessels/details/440654321,MV TEST,Unknown,440654321
/vessels/details/440126800,100HANSEONGHO,Unknown,440126800
/vessels/details/440008850,SU YANG,Unknown,440008850
/vessels/details/440168180,3BUSUNG,Unknown,440168180
/vessels/details/440705490,VIKINGHO,Unknown,440705490
/vessels/details/440100350,HAN JIN,Unknown,440100350
/vessels/details/440314380,HA GEN HO,Unknown,440314380
/vessels/details/440300731,JI SUNG,Unknown,440300731
/vessels/details/441839422,LUCHENYU60813-9 8V3,Unknown,441839422
/vessels/details/440033420,922 HEUNG DEOK HO,Unknown,440033420
/vessels/details/440707470,E GYOUN,Unknown,440707470
/vessels/details/440065780,110GYUNG KOOK,Unknown,440065780
/vessels/details/440024580,HAE YANG 5HO,Unknown (HAZ-A),440024580
/vessels/details/440303520,2017 DAE CHEONG HO,Unknown,440303520
/vessels/details/440313550,BIG OSYEONHO,Unknown,440313550
/vessels/details/440308070,JAE DEOG,Unknown,440308070
/vessels/details/440222530,53KEUMYOUNG,Unknown,440222530
/vessels/details/440316590,203 CHANG NAM,Unknown,440316590
/vessels/details/440701370,217WOLDEU,Unknown,440701370
/vessels/details/440704230,88HAE SEONG HO,Unknown,440704230
/vessels/details/440181685,NO121DAEYANG,Unknown,440181685
/vessels/details/440021290,HAN RA 2 HO,Unknown,440021290
/vessels/details/440211760,TAE HEUNG HO,Unknown,440211760
/vessels/details/440028040,DONGYANG88HO,Unknown,440028040
/vessels/details/440302773,2SEYUN,Unknown,440302773
/vessels/details/440122250,5DONG HYEOP HO,Unknown,440122250
/vessels/details/440214520,YU JEONG HO,Unknown,440214520
/vessels/details/440071999,TURTIE-1 87,Unknown,440071999
/vessels/details/440319280,YOO SEON,Unknown,440319280
/vessels/details/440144070,5 BO SUNG,Unknown,440144070
/vessels/details/440102053,DEUKJIN B,Unknown,440102053
/vessels/details/440318470,7SUJIN,Unknown,440318470
/vessels/details/440506730,HYUNJINHO,Unknown,440506730
/vessels/details/440199550,SUNG WON NO2,Unknown,440199550
/vessels/details/440707160,2012 DAE BOK,Unknown,440707160
/vessels/details/440704420,HAE IL HO,Unknown,440704420
/vessels/details/440307880,HAE SUNG HO,Unknown,440307880
/vessels/details/440013950,YOUNG SUNG HO,Unknown,440013950
/vessels/details/440337390,BUM JU HO,Unknown,440337390
/vessels/details/440307080,PYEONGHWAFERRY,Unknown,440307080
/vessels/details/440212170,HWANGGEUMHO,Unknown,440212170
/vessels/details/440123610,HAESEONG,Unknown,440123610
/vessels/details/440082130,SUYONG,Unknown,440082130
/vessels/details/440121560,203CHUNGRYONG,Unknown,440121560
/vessels/details/440311850,61DEOK JIN HO,Unknown,440311850
/vessels/details/440728200,OCEAN88HO,Unknown,440728200
/vessels/details/440123570,56CHEONG GWANG,Unknown,440123570
/vessels/details/440315310,SUNCHEOMAN ECOPIA,Unknown,440315310
/vessels/details/440134080,CHANGSEONG6HO,Unknown,440134080
/vessels/details/440094070,DAE YOUNG 2HO,Unknown,440094070
/vessels/details/440190837,DONGBANG ACE,Unknown,440190837
/vessels/details/440147109,BUKYEONG,Unknown,440147109
/vessels/details/440209880,SEO WON HO,Unknown,440209880
/vessels/details/440701840,801EO SUNG HO,Unknown,440701840
/vessels/details/440304330,HAIGOOK1HO,Unknown,440304330
/vessels/details/440508740,DAE GWANG HO,Unknown,440508740
/vessels/details/440401680,305 GWANGLIM,Unknown,440401680
/vessels/details/440211390,SHIN WOOJUHO,Unknown,440211390
/vessels/details/440153390,SUN JIN HO,Unknown,440153390
/vessels/details/440170140,CHILSUNG,Unknown,440170140
/vessels/details/440022554,NET1-02255-4 8V1,Unknown,440022554
/vessels/details/440043980,106YEONGJIN,Unknown,440043980
/vessels/details/440024430,SUN CRUISE,Unknown,440024430
/vessels/details/440385007,440385-7-85,Unknown,440385007
/vessels/details/440098320,YOUNG JU HO,Unknown,440098320
/vessels/details/440219440,215 DAE YANG HO,Unknown,440219440
/vessels/details/440208820,NAMJINHO,Unknown,440208820
/vessels/details/440326860,108 HAE SUN,Unknown,440326860
/vessels/details/440156720,JEONBUK901HO,Unknown,440156720
/vessels/details/440070310,YOUNG IL HO,Unknown,440070310
/vessels/details/441591000,KCG311,Unknown,441591000
/vessels/details/440149110,108 BU MIN,Unknown,440149110
/vessels/details/440701730,TAE SUNG,Unknown,440701730
/vessels/details/440132120,109MYOUNG YANGHO,Unknown,440132120
/vessels/details/440332390,YOU SEONG,Unknown,440332390
/vessels/details/440041090,DONGBACK01,Unknown,440041090
/vessels/details/440106670,ASI6HO,Unknown,440106670
/vessels/details/441182003,ZS718 13V0,Unknown,441182003
/vessels/details/440333250,303 GEUM SEONG HO,Unknown,440333250
/vessels/details/440705100,CHILSANNURI,Unknown,440705100
/vessels/details/440117910,56GEUM CHANG,Unknown,440117910
/vessels/details/440101720,3HAEKWANG,Unknown,440101720
/vessels/details/440328470,SEOHAEHO,Unknown,440328470
/vessels/details/440076450,S-30JUNG,Unknown,440076450
/vessels/details/440704885,123DAEYABB,Unknown,440704885
/vessels/details/440203261,95598-1 8V1,Unknown,440203261
/vessels/details/440701970,2 SAM YANG HO,Unknown,440701970
/vessels/details/440007720,JE YU,Unknown,440007720
/vessels/details/440500022,CT2-4405-22 90,Unknown,440500022
/vessels/details/440042040,37GEUM YEONG,Unknown,440042040
/vessels/details/440031590,3 GIL JEONG HO,Unknown,440031590
/vessels/details/440504610,CHEONG SIN HO,Unknown,440504610
/vessels/details/440079720,BAEK DU,Unknown,440079720
/vessels/details/440403720,1BOSUNG,Unknown,440403720
/vessels/details/440221280,GEI HYUN HO,Unknown,440221280
/vessels/details/440211370,202CHUNGMU,Unknown,440211370
/vessels/details/440113540,HAENGUNHO,Unknown,440113540
/vessels/details/440333020,107YEONGBIN,Unknown,440333020
/vessels/details/440119909,HAISUNG,Unknown,440119909
/vessels/details/440138180,SOO YONG HO,Unknown,440138180
/vessels/details/440138470,GWANG DEOCK,Unknown,440138470
/vessels/details/440070001,QIONGLU44007-1-26,Unknown,440070001
/vessels/details/440140090,2023 DONG IL HO,Unknown,440140090
/vessels/details/440168240,2006OSEONGHO,Unknown,440168240
/vessels/details/440168140,EO HANG NAM HAE 5HO,Unknown,440168140
/vessels/details/440068620,HWAHAK BANGJE 2,Unknown,440068620
/vessels/details/440022320,KYEONGINHO,Unknown,440022320
/vessels/details/440404700,P-112,Unknown,440404700
/vessels/details/440137760,211HAISUNG,Unknown,440137760
/vessels/details/440333510,JE105SINKWANG HO,Unknown,440333510
/vessels/details/440055650,2018NAM SEONG,Unknown,440055650
/vessels/details/440707140,808CHUNGNAM,Unknown,440707140
/vessels/details/440500140,P-73,Unknown,440500140
/vessels/details/440002480,KCG P-33,Unknown,440002480
/vessels/details/440477102,04771-2-94,Unknown,440477102
/vessels/details/440502840,HANKANG BUS 103,Unknown,440502840
/vessels/details/440001540,NEW YEON PYEONG,Unknown,440001540
/vessels/details/440706780,SUNG JIN HO,Unknown,440706780
/vessels/details/440402340,TAE GEON,Unknown,440402340
/vessels/details/440062660,I REH HO,Unknown,440062660
/vessels/details/440124520,SUSANHO,Unknown,440124520
/vessels/details/440142550,SEAHUNTERHO,Unknown,440142550
/vessels/details/440320960,2 GIL SUNG HO,Unknown,440320960
/vessels/details/440065555,23864-88,Unknown,440065555
/vessels/details/440216750,GAECHEOKHO,Unknown,440216750
/vessels/details/440504820,KCGORV06,Unknown,440504820
/vessels/details/440708230,PUNG KYUNG HO,Unknown,440708230
/vessels/details/440701940,621YOUNGSIN,Unknown,440701940
/vessels/details/440045770,POHANG HAEYANG 3HO,Unknown,440045770
/vessels/details/440093740,1HA,Unknown,440093740
/vessels/details/440308920,603 HAE SEUNG,Unknown,440308920
/vessels/details/440000006,YUE RAO PIN 93141,Unknown,440000006
/vessels/details/440317029,2021MOON,Unknown,440317029
/vessels/details/440216410,WOOJIN,Unknown,440216410
/vessels/details/440104490,590 DOCHEONG,Unknown,440104490
/vessels/details/440128030,DONG SAM,Unknown,440128030
/vessels/details/440599938,05999-388.3V,Unknown,440599938
/vessels/details/440410530,MYUNGYOONHO,Unknown,440410530
/vessels/details/440409660,TAE JIN HO,Unknown,440409660
/vessels/details/440700910,SU SEONG,Unknown,440700910
/vessels/details/440132110,NO.27DAEHYUN,Unknown,440132110
/vessels/details/440056990,DAE JIN H0,Unknown,440056990
/vessels/details/440700810,107 MAE IL,Unknown,440700810
/vessels/details/440140210,SUNG HAE,Unknown,440140210
/vessels/details/440123110,DAESEONGHO,Unknown,440123110
/vessels/details/440079590,116 DAE HWA HO,Unknown,440079590
/vessels/details/440318360,3HANYANGHO,Unknown,440318360
/vessels/details/440303820,GANG NAM,Unknown,440303820
/vessels/details/440134650,WOO SIN HO,Unknown,440134650
/vessels/details/440596812,05968-12-96,Unknown,440596812
/vessels/details/440756756,SY 2,Unknown,440756756
/vessels/details/440915001,440915-1-80,Unknown,440915001
/vessels/details/440706790,12BORYUNG,Unknown,440706790
/vessels/details/440401530,SEONGHYEONHO,Unknown,440401530
/vessels/details/440127140,YUNGJINHO,Unknown,440127140
/vessels/details/440704120,22JAE SUNG HO,Unknown,440704120
/vessels/details/440031470,SEUNGRI5HO,Unknown,440031470
/vessels/details/440733800,CHEONGHAERANG,Unknown,440733800
/vessels/details/440119030,SEONG GWANG 103HO,Unknown,440119030
/vessels/details/440162560,TAE SEONG 5 HO,Unknown,440162560
/vessels/details/440001317,NO 1 HYUN JUN HO,Unknown,440001317
/vessels/details/440321370,102 SU BOK HO,Unknown,440321370
/vessels/details/440007737,NET-44-ZSY0773781,Unknown,440007737
/vessels/details/440130010,703TAEYANGHO,Unknown,440130010
/vessels/details/440016070,YOUNGJINHO,Unknown,440016070
/vessels/details/440136920,868SUNYEONG,Unknown,440136920
/vessels/details/440712600,BAEGMANBULHO,Unknown,440712600
/vessels/details/440307060,NEW MYEONG RANG,Unknown,440307060
/vessels/details/440414530,818 HYUN DAE,Unknown,440414530
/vessels/details/440013980,SEONG IL,Unknown,440013980
/vessels/details/440003340,P-90,Unknown,440003340
/vessels/details/440602650,ASIA3HO,Unknown,440602650
/vessels/details/440079440,630WOOJINHO,Unknown,440079440
/vessels/details/440212780,DONGBAEK,Unknown,440212780
/vessels/details/440316350,7 TAESUNG,Unknown,440316350
/vessels/details/440185780,DAE KWANG HO,Unknown,440185780
/vessels/details/440150220,505 DAE PUNG HO,Unknown,440150220
/vessels/details/440000360,EUN A NO.3,Unknown,440000360
/vessels/details/440007010,HAE CHUNG,Unknown (HAZ-A),440007010
/vessels/details/440131530,S-38JUNG,Unknown,440131530
/vessels/details/440320670,BU YANG HO,Unknown,440320670
/vessels/details/440500192,PILOT 2,Unknown,440500192
/vessels/details/440206470,NAMGWANGHO,Unknown,440206470
/vessels/details/440216430,DAEKYO1 HO,Unknown,440216430
/vessels/details/440100840,7TAE KYUNG,Unknown,440100840
/vessels/details/440331150,909 SUNG HAE HO,Unknown,440331150
/vessels/details/440300050,MYENG SEONG HO,Unknown,440300050
/vessels/details/440152230,DONGKYUNGHO,Unknown,440152230
/vessels/details/440019110,9MIN SUNG HO,Unknown,440019110
/vessels/details/440320210,301 MANSEON,Unknown,440320210
/vessels/details/440332620,GEO BUK HO,Unknown,440332620
/vessels/details/440135030,209 SUNG JIN,Unknown,440135030
/vessels/details/440208520,204 KWANGMYOUNG,Unknown,440208520
/vessels/details/440076640,YEONG SEUNG H0,Unknown,440076640
/vessels/details/440040470,SIN JIN 7HO,Unknown,440040470
/vessels/details/440412510,NO.5 GEUM HWA,Unknown,440412510
/vessels/details/440051580,111 SHIN GEON HO,Unknown,440051580
/vessels/details/440153520,DONG A,Unknown,440153520
/vessels/details/440210100,YUSEONGHO,Unknown,440210100
/vessels/details/440209810,156HEEYOUNG,Unknown,440209810
/vessels/details/441679000,315,Unknown,441679000
/vessels/details/441829000,KCG1010,Unknown,441829000
/vessels/details/440107900,G O R,Unknown,440107900
/vessels/details/440100960,POSISON,Unknown,440100960
/vessels/details/440704840,MYUNG JIN HO,Unknown,440704840
/vessels/details/440120220,JINSOO,Unknown,440120220
/vessels/details/440214960,SEONG BOK HO,Unknown,440214960
/vessels/details/440155260,JONGHAP65HO,Unknown,440155260
/vessels/details/440325930,SEONG BOK HO,Unknown,440325930
/vessels/details/440046580,SE WON HO,Unknown,440046580
/vessels/details/440332060,603DEUKSUNGHO,Unknown,440332060
/vessels/details/440006900,2025 DEOK JIN,Unknown,440006900
/vessels/details/440212210,BADAHO,Unknown,440212210
/vessels/details/440121400,O DAE YANG HO,Unknown,440121400
/vessels/details/440627915,706,Unknown,440627915
/vessels/details/440218110,DREAMFISHING,Unknown,440218110
/vessels/details/440064970,S-36,Unknown,440064970
/vessels/details/440001893,DONGIL HO,Unknown,440001893
/vessels/details/440800281,ROK GOV VESSEL,Unknown,440800281
/vessels/details/440329130,2013CHEONSOOHO,Unknown,440329130
/vessels/details/440199733,301 MAN GANG HO,Unknown,440199733
/vessels/details/441200004,CT3-4412-4 70,Unknown,441200004
/vessels/details/440019260,7MOKLYUN,Unknown,440019260
/vessels/details/440115840,106KYENGNAM,Unknown (HAZ-A),440115840
/vessels/details/441663029,KCG313,Unknown,441663029
/vessels/details/440048670,UDOHO,Unknown,440048670
/vessels/details/440101080,KWANG JIN 8001,Unknown,440101080
/vessels/details/440217720,PO PA I HO,Unknown,440217720
/vessels/details/440308050,JUNG SEUNG NO.3,Unknown,440308050
/vessels/details/440333050,DONGMYEONG,Unknown,440333050
/vessels/details/440113400,DONG IN HO,Unknown,440113400
/vessels/details/440714800,202GISUNGHO,Unknown,440714800
/vessels/details/440217320,CHUNG NAM 205,Unknown,440217320
/vessels/details/440314480,717SEJONG,Unknown,440314480
/vessels/details/440180000,KCG3016,Unknown,440180000
/vessels/details/440160560,SEOUL 9HO,Unknown,440160560
/vessels/details/440303970,SEOHO7,Unknown,440303970
/vessels/details/440700987,0,Unknown,440700987
/vessels/details/440133470,DAE SUNG 5001,Unknown,440133470
/vessels/details/440410650,YOOJUNG,Unknown,440410650
/vessels/details/440103620,MYOUNG JIN HO,Unknown,440103620
/vessels/details/440600571,WOO SIN HO,Unknown,440600571
/vessels/details/440172130,MA RIN CO EO 2,Unknown,440172130
/vessels/details/440599910,05999-107.7V,Unknown,440599910
/vessels/details/440208510,GWANGSUNG,Unknown,440208510
/vessels/details/440328870,SEONGJIN 2HO,Unknown,440328870
/vessels/details/440087960,S-52JUNG,Unknown,440087960
/vessels/details/440405320,YUSEONGHO,Unknown,440405320
/vessels/details/440505690,KUM SUNG,Unknown,440505690
/vessels/details/440010620,3SEONG LIM,Unknown,440010620
/vessels/details/440090120,237 CHEON MAN HO,Unknown,440090120
/vessels/details/440325950,5DONG HYUP HO,Unknown,440325950
/vessels/details/440504450,PILOT BOAT 3 YONG BI,Unknown,440504450
/vessels/details/440111010,NEW SEUNGEUN,Unknown,440111010
/vessels/details/440023870,CHEONG HAE HO,Unknown,440023870
/vessels/details/440148940,NEW MANJUNG,Unknown,440148940
/vessels/details/440000700,2017 GIL SEONG HO,Unknown,440000700
/vessels/details/440707710,108 DEA HEUNG HO,Unknown,440707710
/vessels/details/440349029,POS YOKOHAMA,Unknown,440349029
/vessels/details/440200290,DAEJIN 13HO,Unknown,440200290
/vessels/details/440131150,51KWANGYANG,Unknown,440131150
/vessels/details/440202950,DONGMYENGHO,Unknown,440202950
/vessels/details/440017270,GEONG-GI 703,Unknown,440017270
/vessels/details/440114120,KCG130,Unknown,440114120
/vessels/details/440043720,NO1 DAE YANG,Unknown,440043720
/vessels/details/440706060,109 HAN IL HO,Unknown,440706060
/vessels/details/440131410,JE102MANSEONGHO,Unknown,440131410
/vessels/details/440102780,YOUNG JIN 2 HO,Unknown,440102780
/vessels/details/440065680,SSUK SEOM2 HO,Unknown,440065680
/vessels/details/440134160,77HUIMANG,Unknown,440134160
/vessels/details/440599932,05999-327.7V,Unknown,440599932
/vessels/details/440800066,ROK GOV VESSEL,Unknown,440800066
/vessels/details/440704570,GO GO HO,Unknown,440704570
/vessels/details/441200023,CT3-4412-23 90,Unknown,441200023
/vessels/details/440005560,201CHANGNAM,Unknown,440005560
/vessels/details/440325540,DEOG SEONG,Unknown,440325540
/vessels/details/440506630,GUNSANCHUNHAE,Unknown,440506630
/vessels/details/440508940,HYE JIN HO,Unknown,440508940
/vessels/details/440034750,ONGJINPERI,Unknown,440034750
/vessels/details/440154680,CHANGDONGHO,Unknown,440154680
/vessels/details/440405810,2 DEOK SEONG,Unknown,440405810
/vessels/details/440332980,12 TAESANGHO,Unknown,440332980
/vessels/details/440025190,53HYESEUNG,Unknown,440025190
/vessels/details/440174080,SEONGHYEON HO,Unknown,440174080
/vessels/details/440213605,1 KYUNG YANG HO,Unknown,440213605
/vessels/details/440900000,BIEN BAC LN P5 B19,Unknown,440900000
/vessels/details/440077990,OK,Unknown,440077990
/vessels/details/440327850,EOHANG SEOHAE 5,Unknown,440327850
/vessels/details/440311410,MISENGHO,Unknown,440311410
/vessels/details/440800016,ROK GOV VESSEL,Unknown,440800016
/vessels/details/440037210,707 DONG KWANG HO,Unknown,440037210
/vessels/details/440124020,JE123HEEYONGHO,Unknown,440124020
/vessels/details/440134670,RA FA EL HO,Unknown,440134670
/vessels/details/440147740,HAISUNG,Unknown,440147740
/vessels/details/440333640,DONGSUNGHO,Unknown,440333640
/vessels/details/440601330,HO SAN NO1,Unknown,440601330
/vessels/details/440142900,JINSAN3HO,Unknown,440142900
/vessels/details/440707390,KCG506,Unknown,440707390
/vessels/details/440714600,2022MAN KYUNG HO,Unknown,440714600
/vessels/details/440055930,DAE SEONG 107,Unknown,440055930
/vessels/details/440175090,3 HAENG BOG HO,Unknown,440175090
/vessels/details/440041520,SEODO509HO,Unknown,440041520
/vessels/details/440156470,2020MIT EUM HO,Unknown,440156470
/vessels/details/440131040,7CHEONGJINHO,Unknown,440131040
/vessels/details/440003200,INCHEON NO.517,Unknown,440003200
/vessels/details/440103750,5HYENSEONGHO,Unknown,440103750
/vessels/details/440124580,YEO CHEONG 2,Unknown,440124580
/vessels/details/440224560,NARSHA,Unknown,440224560
/vessels/details/440128613,2020 DAE GYEONG,Unknown,440128613
/vessels/details/440020350,MYUNG SEONG,Unknown,440020350
/vessels/details/440147760,HAISUNG,Unknown,440147760
/vessels/details/440213210,EUNA 3HO,Unknown,440213210
/vessels/details/440056230,707 HWA SEONG HO,Unknown,440056230
/vessels/details/440147710,NO.11WOOYANG,Unknown,440147710
/vessels/details/440114560,DO WON,Unknown,440114560
/vessels/details/440529000,KCG1509,Unknown (HAZ-A),440529000
/vessels/details/440221880,SEOUL 1HO,Unknown,440221880
/vessels/details/440009760,CHEONG HANG NO1,Unknown,440009760
/vessels/details/440325690,CHALLENGER,Unknown,440325690
/vessels/details/440329790,DDANGKKEUTHUIMANG,Unknown,440329790
/vessels/details/440336380,JEIL 15 HO,Unknown,440336380
/vessels/details/440119640,DAEPUNG1HO,Unknown,440119640
/vessels/details/440181720,3011JAEMINHO,Unknown,440181720
/vessels/details/440600476,NO.8 SINYANG,Unknown,440600476
/vessels/details/440104170,JE SEONG HO,Unknown,440104170
/vessels/details/440708100,2019GANGJIN HO,Unknown,440708100
/vessels/details/440599922,05999-227.7V,Unknown,440599922
/vessels/details/440309010,JEON NAM 518 HO,Unknown,440309010
/vessels/details/440706180,3 CHANG MYEONG HO,Unknown,440706180
/vessels/details/440412460,707 DAEIL,Unknown,440412460
/vessels/details/440101730,YEONGHEUNGPULDEUNG1,Unknown,440101730
/vessels/details/440335340,2 TAE YANG HO,Unknown,440335340
/vessels/details/440063230,HAE PUNG,Unknown,440063230
/vessels/details/440005150,UJEONG,Unknown,440005150
/vessels/details/440204730,BOKSUNGHO,Unknown,440204730
/vessels/details/440121070,SEONGWON2,Unknown,440121070
/vessels/details/440704150,SINHAN,Unknown,440704150
/vessels/details/440316430,207HAESUNGHO,Unknown,440316430
/vessels/details/440705590,8008ILSEONG,Unknown,440705590
/vessels/details/440303220,SEONGKWANGHO,Unknown,440303220
/vessels/details/440477105,04771-5-51,Unknown,440477105
/vessels/details/440335370,BOLAM 3HO,Unknown,440335370
/vessels/details/440215130,HEUI SUNG HO,Unknown,440215130
/vessels/details/440024770,NAM SEONG HO,Unknown,440024770
/vessels/details/440402640,PILOT BORAMAE,Unknown,440402640
/vessels/details/440004200,EUN HA HO,Unknown,440004200
/vessels/details/440505140,PUNGYANG,Unknown,440505140
/vessels/details/440302030,P-87,Unknown (HAZ-A),440302030
/vessels/details/441200015,CT3-4412-15 40,Unknown,441200015
/vessels/details/440700090,IL YOON,Unknown,440700090
/vessels/details/440406020,SUNG BOK,Unknown,440406020
/vessels/details/440116350,38SUGELHO,Unknown,440116350
/vessels/details/440010140,103 HAN IL HO,Unknown,440010140
/vessels/details/440010570,2001 HANSUNG,Unknown,440010570
/vessels/details/440332350,CHIL GOK HO,Unknown,440332350
/vessels/details/440118040,GYEONG NAM 239HO,Unknown,440118040
/vessels/details/440021590,JAEWONHO,Unknown,440021590
/vessels/details/440162890,HEE SUNG,Unknown,440162890
/vessels/details/440700610,103WOLGWANG,Unknown,440700610
/vessels/details/440703880,2008 MAN SEOK,Unknown,440703880
/vessels/details/440600521,205BQQMIN,Unknown,440600521
/vessels/details/440300840,101 NAM YOUN4,Unknown,440300840
/vessels/details/440109500,SHINJUNG 801,Unknown,440109500
/vessels/details/440210920,GEONYANGHO,Unknown,440210920
/vessels/details/440105790,7 WOO RIM HO,Unknown,440105790
/vessels/details/440148090,GANG JEON HO,Unknown,440148090
/vessels/details/440200216,207CHEONG SIN HO,Unknown,440200216
/vessels/details/440133760,7 YU JIN,Unknown,440133760
/vessels/details/440003910,GYEONG WON HO,Unknown,440003910
/vessels/details/440147050,318 DOYANG,Unknown,440147050
/vessels/details/440126245,37BUGYUNG,Unknown,440126245
/vessels/details/440596806,05968-6-93,Unknown,440596806
/vessels/details/440066960,DAEYANGHO,Unknown,440066960
/vessels/details/440213110,203U SEONG,Unknown,440213110
/vessels/details/440700040,303GEUM SEONG,Unknown,440700040
/vessels/details/440322410,NO.301 YEONGHWA,Unknown,440322410
/vessels/details/440163320,1 SEONG HWA HO,Unknown,440163320
/vessels/details/440149260,BIG STAR NO.1,Unknown (HAZ-B),440149260
/vessels/details/440330730,HYEON DAE 7HO,Unknown,440330730
/vessels/details/440703140,KANG SAN HO,Unknown,440703140
/vessels/details/440103900,101SEONG CHANG HO,Unknown,440103900
/vessels/details/440055810,HAE OREUM,Unknown,440055810
/vessels/details/440002750,JO YANG HO,Unknown,440002750
/vessels/details/440222150,JAEJIN-HO,Unknown,440222150
/vessels/details/440008630,101 WOON SUNG HO,Unknown,440008630
/vessels/details/440319090,NO.303 YEONGHWA,Unknown,440319090
/vessels/details/441026011,441026-11,Unknown,441026011
/vessels/details/440411490,KCG 319,Unknown,440411490
/vessels/details/440500024,CT2-4405-24 90,Unknown,440500024
/vessels/details/440136670,SUN JIN HO,Unknown,440136670
/vessels/details/440505880,33 MAN SUNG HO,Unknown,440505880
/vessels/details/440152390,SUNG JIN 201 HO,Unknown,440152390
/vessels/details/440700210,ON BAREU HO,Unknown,440700210
/vessels/details/440704380,HYUNDAI 7HO,Unknown,440704380
/vessels/details/440135840,6002 DAE SUNG HO,Unknown,440135840
/vessels/details/440103890,BAEK GU HO,Unknown,440103890
/vessels/details/440151370,12DAE LIM HO,Unknown,440151370
/vessels/details/440051420,3GUMYOUNGHO,Unknown,440051420
/vessels/details/440599940,05999-40-8.4V,Unknown,440599940
/vessels/details/440312840,102BU CHANG HO,Unknown,440312840
/vessels/details/440214090,DEOK SEONG HO,Unknown,440214090
/vessels/details/440027270,YOUNG POONG,Unknown,440027270
/vessels/details/440111070,BECHUME,Unknown,440111070
/vessels/details/440325340,NEW SAM JUNG,Unknown,440325340
/vessels/details/441200017,CT3-4412-17,Unknown,441200017
/vessels/details/440283211,SUGANYU02832-A11-42,Unknown,440283211
/vessels/details/440037340,CHEONGJEONGGOHEUNG,Unknown,440037340
/vessels/details/440012120,DAEYOUNGHO,Unknown,440012120
/vessels/details/440061360,HWANKYUNG9HO,Unknown,440061360
/vessels/details/440600860,153SAM-SOUNG,Unknown,440600860
/vessels/details/440600430,NAM YANG HO,Unknown,440600430
/vessels/details/440315980,HUAN GEONG 1HO,Unknown,440315980
/vessels/details/440101093,103 GYEONG HAE,Unknown,440101093
/vessels/details/440157020,WOO SUNG HO,Unknown,440157020
/vessels/details/440210270,CHANG WON NO1,Unknown,440210270
/vessels/details/440067880,2021YUSUNG,Unknown,440067880
/vessels/details/440800483,ROK GOV VESSEL,Unknown,440800483
/vessels/details/440706120,YEON JIN,Unknown,440706120
/vessels/details/440328920,HUNDAI GREEN,Unknown,440328920
/vessels/details/440195317,MYEONG SEONG HO,Unknown,440195317
/vessels/details/440149140,DEOG SU HO,Unknown,440149140
/vessels/details/440749400,P-119,Unknown,440749400
/vessels/details/440700230,WOOJIN BANGJE,Unknown,440700230
/vessels/details/440185540,SUPIAHO,Unknown,440185540
/vessels/details/440133530,DONG YANG 16,Unknown,440133530
/vessels/details/440188021,38CHANG BBA,Unknown,440188021
/vessels/details/440113640,GUM HANG 7 HO AI,Unknown,440113640
/vessels/details/440179060,207 CHANG NAM,Unknown,440179060
/vessels/details/440315890,SEONG GWANG 100HO,Unknown,440315890
/vessels/details/440338460,SEOP JIN,Unknown,440338460
/vessels/details/440204190,75SONGJEONGHO,Unknown,440204190
/vessels/details/440705540,508 MAN SUN HO,Unknown,440705540
/vessels/details/441988000,KCG 5002,Unknown,441988000
/vessels/details/440126260,67BUKYUNG,Unknown,440126260
/vessels/details/440328840,GUKRIPGONGWON303HO,Unknown,440328840
/vessels/details/440505940,MANSUNGHO,Unknown,440505940
/vessels/details/440320330,SAM IL HO,Unknown,440320330
/vessels/details/440406150,202 NAM YANG HO,Unknown,440406150
/vessels/details/440004930,JE 2024 CHANG WON HO,Unknown,440004930
/vessels/details/440152550,YEONGSINHO,Unknown,440152550
/vessels/details/440306340,KYOUNG JIN HO,Unknown,440306340
/vessels/details/440306150,CHUNGNAM201HO,Unknown,440306150
/vessels/details/440320420,HAE SANG NO.7,Unknown,440320420
/vessels/details/440103610,707DONGSAMHO,Unknown,440103610
/vessels/details/440007380,IL SUNG A 2HO,Unknown,440007380
/vessels/details/440120330,GUMNARAHO,Unknown,440120330
/vessels/details/440321480,ARIRANGHO,Unknown,440321480
/vessels/details/440300580,JEON NAM NO.511,Unknown,440300580
/vessels/details/440023520,YUN SEUL HO,Unknown,440023520
/vessels/details/440109540,BONG SUNG HO,Unknown,440109540
/vessels/details/440017660,CHUNSEUNGHO,Unknown,440017660
/vessels/details/440800028,ROK NAVY,Unknown,440800028
/vessels/details/440335090,2DONGHO,Unknown,440335090
/vessels/details/440800064,ROK GOV VESSEL,Unknown (HAZ-A),440800064
/vessels/details/440504490,MYEONG GWANG 2,Unknown,440504490
/vessels/details/440038550,HAEKUKFERY3HO,Unknown,440038550
/vessels/details/440125090,21 DONG MYEONG HO,Unknown,440125090
/vessels/details/440221570,DAE JIN HO,Unknown,440221570
/vessels/details/440326760,808 BO KWANG HO,Unknown,440326760
/vessels/details/440589818,MINXIAYU05898-18-79,Unknown,440589818
/vessels/details/440109680,809 HAN SUNG,Unknown,440109680
/vessels/details/440800071,ROK GOV VESSEL,Unknown,440800071
/vessels/details/440058026,587,Unknown,440058026
/vessels/details/440005329,ZSY05329-4450,Unknown,440005329
/vessels/details/440322530,ARIRANG GEUPSUSEON,Unknown,440322530
/vessels/details/440800488,ROK GOV VESSEL,Unknown,440800488
/vessels/details/440321890,607 DEOKJIN HO K P,Unknown,440321890
/vessels/details/440322850,2 SAM YANG,Unknown,440322850
/vessels/details/440213030,WOONGJIN,Unknown,440213030
/vessels/details/440224250,HANSUNGHO,Unknown,440224250
/vessels/details/440599929,05999-298.0V,Unknown,440599929
/vessels/details/440713800,CHUJA,Unknown,440713800
/vessels/details/440800204,ROK GOV VESSEL,Unknown,440800204
/vessels/details/440086780,203 DAE GYENG HO,Unknown,440086780
/vessels/details/440301250,1KWANGDONG,Unknown,440301250
/vessels/details/440216640,23 HAE YANG HO,Unknown,440216640
/vessels/details/440052250,132,Unknown,440052250
/vessels/details/440014160,2018 NAM GYEONG,Unknown,440014160
/vessels/details/440166520,77JOYANGHO,Unknown,440166520
/vessels/details/440507290,ONE PIECE HO,Unknown,440507290
/vessels/details/440324580,103 SHIN KWANG,Unknown (HAZ-A),440324580
/vessels/details/440098740,JUNG SU HO,Unknown,440098740
/vessels/details/440156220,JUN NALIN 3HO,Unknown,440156220
/vessels/details/440015180,WOO RIM 6 HO,Unknown,440015180
/vessels/details/440329430,3SUNGJINHO,Unknown,440329430
/vessels/details/440209330,ASUN HO,Unknown,440209330
/vessels/details/440030650,DAMOKJEOK 1 HOJUNG,Unknown,440030650
/vessels/details/440310030,7HAENGUNHO,Unknown,440310030
/vessels/details/440404630,DAHAE,Unknown,440404630
/vessels/details/440163070,CHAGWIDO SUNSET,Unknown,440163070
/vessels/details/440206690,17GEUM YEONG,Unknown,440206690
/vessels/details/440223220,DAMOKJEOK GUJO BOAT,Unknown,440223220
/vessels/details/440080350,S-31,Unknown,440080350
/vessels/details/441478000,KCG508,Unknown,441478000
/vessels/details/440120880,YEONGOONGHO,Unknown,440120880
/vessels/details/440053070,PILOT CHEONG UN,Unknown,440053070
/vessels/details/440313040,802.CHANG YOUNG,Unknown,440313040
/vessels/details/440214760,CHEONGJIN8 HO,Unknown,440214760
/vessels/details/440000860,HAE GWANG HO,Unknown,440000860
/vessels/details/440200126,GS1,Unknown,440200126
/vessels/details/440093330,HERA HO,Unknown,440093330
/vessels/details/440542802,MINXIAYU05428-02-99,Unknown,440542802
/vessels/details/440141620,109BEOMJIN,Unknown,440141620
/vessels/details/441570000,KCG 1009,Unknown,441570000
/vessels/details/440183480,JEONBUK202,Unknown,440183480
/vessels/details/440018060,101 SUNG WON,Unknown,440018060
/vessels/details/440209950,JUNGSUHO,Unknown,440209950
/vessels/details/440143830,UL SAN 10001,Unknown,440143830
/vessels/details/440280037,XYY80037-47.9V,Unknown,440280037
/vessels/details/440008730,DORIHO,Unknown,440008730
/vessels/details/440105830,NO 320 KYUNG NAM,Unknown,440105830
/vessels/details/440400460,708DAEMYUNG HO,Unknown,440400460
/vessels/details/440322240,HUI YOUNG HO,Unknown,440322240
/vessels/details/440305020,12 CHEONG HAE,Unknown,440305020
/vessels/details/440219710,BEONSUNGHO,Unknown,440219710
/vessels/details/440015990,HEUKSANHOOK 2HO,Unknown,440015990
/vessels/details/440702070,MYEONGSUNGHO,Unknown,440702070
/vessels/details/440330190,CHANGSIN,Unknown,440330190
/vessels/details/440057920,YOUNG JIN 5HO,Unknown,440057920
/vessels/details/440327680,101SUNG UNG HO,Unknown,440327680
/vessels/details/440095310,JI WON 3 HO,Unknown,440095310
/vessels/details/440717400,HAEPARANG3HO,Unknown,440717400
/vessels/details/440706310,707 NAM SEONG,Unknown,440706310
/vessels/details/440179010,NO.53 SAM KWANG,Unknown,440179010
/vessels/details/440134530,SEBANG20001HO,Unknown,440134530
/vessels/details/440704180,SUN SEONG,Unknown,440704180
/vessels/details/440146300,KCG 507,Unknown,440146300
/vessels/details/440500790,8 BUGANG,Unknown,440500790
/vessels/details/440327780,BAEK DO 101 HO,Unknown,440327780
/vessels/details/440136230,999 BEOM SEONG,Unknown,440136230
/vessels/details/440083860,HAEKYUNG203 JASUN1,Unknown,440083860
/vessels/details/440156590,GYEONGNAM233HO,Unknown,440156590
/vessels/details/440700290,308TAEYANGHO,Unknown,440700290
/vessels/details/440409910,201DONGHAE,Unknown,440409910
/vessels/details/440702680,SEO JIN HO,Unknown,440702680
/vessels/details/440191250,DAE DEUK,Unknown,440191250
/vessels/details/440106350,3003DUCKILHO,Unknown,440106350
/vessels/details/440152805,1HAESANG,Unknown,440152805
/vessels/details/440119370,ULSANPILOT3,Unknown,440119370
/vessels/details/440705780,702HAE JIN,Unknown,440705780
/vessels/details/440138150,WOO IL HO,Unknown,440138150
/vessels/details/440400890,707GUMGANG,Unknown,440400890
/vessels/details/440331470,207MYUNGSEONG,Unknown,440331470
/vessels/details/440057717,SAM PYO CF,Unknown,440057717
/vessels/details/440197190,202 HEUNG SEONG HO,Unknown,440197190
/vessels/details/440119880,HAISUNG,Unknown,440119880
/vessels/details/440055320,2066PUNGJIN,Unknown,440055320
/vessels/details/440708170,HYUNDAI6HO,Unknown,440708170
/vessels/details/440218720,JANG SIN HO,Unknown,440218720
/vessels/details/440028070,SUNG WON NO5,Unknown,440028070
/vessels/details/440130940,702YONGDUK,Unknown,440130940
/vessels/details/440311860,67 DEOK JIN HO,Unknown,440311860
/vessels/details/440155280,ANJINHO,Unknown,440155280
/vessels/details/440704110,102 BOK YEON,Unknown,440704110
/vessels/details/440706165,105MAE IL,Unknown,440706165
/vessels/details/440120805,61KEUMYOUNG,Unknown,440120805
/vessels/details/440223460,77 DONG KYEONG HO,Unknown,440223460
/vessels/details/440147701,NO.11WOOYANG,Unknown,440147701
/vessels/details/440700072,KCG210,Unknown,440700072
/vessels/details/440055120,21SANG JIN,Unknown,440055120
/vessels/details/440088130,YU LIM,Unknown,440088130
/vessels/details/440144278,HONGXIANG68,Unknown,440144278
/vessels/details/440058140,UJEONGHO,Unknown,440058140
/vessels/details/440323480,233DONGYOUNGHO,Unknown,440323480
/vessels/details/440602550,2015BOKSUNG,Unknown,440602550
/vessels/details/440704710,3 EO PUNG HO,Unknown,440704710
/vessels/details/440324150,JEONGNAM922HO,Unknown,440324150
/vessels/details/440054150,2017GYEONG IL,Unknown,440054150
/vessels/details/440331490,NEWSUJEONG,Unknown,440331490
/vessels/details/440148690,HEUNGWOO 105,Unknown,440148690
/vessels/details/440321909,HAE SIN,Unknown,440321909
/vessels/details/440001010,303JANGDEKHO,Unknown,440001010
/vessels/details/440005800,JANG SUNG,Unknown,440005800
/vessels/details/440101029,PILOT 1,Unknown,440101029
/vessels/details/440041125,DONGBACK01,Unknown,440041125
/vessels/details/440213460,NO.2JAESUNGHO,Unknown,440213460
/vessels/details/440099890,101HANGROPYOJIHO,Unknown,440099890
/vessels/details/440706150,105MAE IL,Unknown,440706150
/vessels/details/440194680,205 CHANG NAM,Unknown,440194680
/vessels/details/440102860,JINYANG,Unknown,440102860
/vessels/details/440000356,KCG,Unknown,440000356
/vessels/details/440333610,NO1 DONG SEONG,Unknown,440333610
/vessels/details/440145509,98HUIYUNG,Unknown,440145509
/vessels/details/440404500,11HAEWON,Unknown,440404500
/vessels/details/440034620,YONG SEONG,Unknown,440034620
/vessels/details/440143370,CHANG SIN HO,Unknown,440143370
/vessels/details/440308760,FISHINGSTAR,Unknown,440308760
/vessels/details/440012410,66SUNNIL,Unknown,440012410
/vessels/details/440199620,11 GEUM HWA,Unknown,440199620
/vessels/details/440334720,SEONG KWANG HO,Unknown,440334720
/vessels/details/440703990,308 TAE GWANG,Unknown,440703990
/vessels/details/440596811,05968-11-92,Unknown,440596811
/vessels/details/440300020,DAE SUNG HO,Unknown,440300020
/vessels/details/440013750,HYE SEONG HO,Unknown,440013750
/vessels/details/440360037,NARA,Unknown,440360037
/vessels/details/440162190,DAMSU,Unknown,440162190
/vessels/details/440314930,JIN YANG HO,Unknown,440314930
/vessels/details/440096390,101DAESUNGHO,Unknown,440096390
/vessels/details/440072920,207 EUN SUNG HO,Unknown,440072920
/vessels/details/440707296,440707296 11.2V,Unknown,440707296
/vessels/details/440165029,SUGYEONGHO,Unknown,440165029
/vessels/details/440800005,ROK GOV VESSEL,Unknown,440800005
/vessels/details/440030570,GEUMYOUNGHO,Unknown,440030570
/vessels/details/440101627,107SUNGWOO,Unknown,440101627
/vessels/details/440411210,DAEWANG,Unknown,440411210
/vessels/details/440088360,500GEUMSAENGHO,Unknown,440088360
/vessels/details/440160310,DAEJONG,Unknown,440160310
/vessels/details/440070770,101 YU HAN HO,Unknown,440070770
/vessels/details/440204709,BOKSUNGH,Unknown,440204709
/vessels/details/440300500,YEONG SU HO,Unknown,440300500
/vessels/details/440105210,PILOT SONG DO,Unknown,440105210
/vessels/details/441950617,SUGANYU19506-17-97,Unknown,441950617
/vessels/details/440043290,201 CHEONG HAE,Unknown,440043290
/vessels/details/440076860,0519BOK GIL,Unknown,440076860
/vessels/details/440300376,NO.3 JANGSEUNGPO,Unknown,440300376
/vessels/details/440000018,18-PHUOC-THANH24,Unknown,440000018
/vessels/details/440705470,207DAEHYUN,Unknown,440705470
/vessels/details/440017040,HYUNDAI 22,Unknown,440017040
/vessels/details/440110070,3 SUN JIN,Unknown,440110070
/vessels/details/440306930,HANBADA,Unknown,440306930
/vessels/details/440213910,DONGMYEONGHO,Unknown,440213910
/vessels/details/440161260,YOUNG SUN HO,Unknown,440161260
/vessels/details/440113040,SKY HO,Unknown,440113040
/vessels/details/440050590,BUN DO HO,Unknown,440050590
/vessels/details/440109780,SAM SUNG HO,Unknown,440109780
/vessels/details/440200370,NO.2 PURUMI,Unknown,440200370
/vessels/details/440111460,JA YOU HO,Unknown,440111460
/vessels/details/440712800,KCG205,Unknown,440712800
/vessels/details/440500015,CT2-4405-15 50,Unknown,440500015
/vessels/details/440014010,701KYEONGHAE,Unknown,440014010
/vessels/details/440206660,8CHOI KWANG HO,Unknown,440206660
/vessels/details/440024740,707DEAGILHO,Unknown,440024740
/vessels/details/440048740,LEE SUN SIN,Unknown,440048740
/vessels/details/440055910,ULSANDEUNGDAE,Unknown,440055910
/vessels/details/440334090,TAEPYOUNGYANG,Unknown,440334090
/vessels/details/440196170,17DAE YOUNG,Unknown,440196170
/vessels/details/440151020,NO.1 TAE HWA,Unknown,440151020
/vessels/details/440113250,55JEONGSUN,Unknown,440113250
/vessels/details/440019530,JAEKWANG,Unknown,440019530
/vessels/details/440118180,BU SUNG HO,Unknown,440118180
/vessels/details/440412330,NO.3 GEUM HWA,Unknown,440412330
/vessels/details/440007180,DAE SUNG 10001HO,Unknown,440007180
/vessels/details/440002430,INCHEON SEA CLEAN,Unknown,440002430
/vessels/details/440335650,MAN SEONG HO,Unknown,440335650
/vessels/details/440589809,MINXIAYU05898-9-46,Unknown,440589809
/vessels/details/440001710,KCGP127,Unknown,440001710
/vessels/details/440302757,2SEYUN,Unknown,440302757
/vessels/details/440111830,HANBADAHO,Unknown,440111830
/vessels/details/440127220,HYEON JEONG HO,Unknown,440127220
/vessels/details/441721268,ZHELINYU21268-48.2V,Unknown,441721268
/vessels/details/440318770,KUM JANG,Unknown,440318770
/vessels/details/440182010,DOSIEOBU HO,Unknown,440182010
/vessels/details/440110270,207 DAE YANG HO,Unknown,440110270
/vessels/details/440305460,DADJINHO,Unknown,440305460
/vessels/details/440329580,HAEJINACE,Unknown,440329580
/vessels/details/440334910,T08,Unknown,440334910
/vessels/details/440504910,GWANG SEONG HO,Unknown,440504910
/vessels/details/440211190,153YEONGGWANG HO,Unknown,440211190
/vessels/details/440263000,KCG 323,Unknown,440263000
/vessels/details/440707930,DAE SUNG,Unknown,440707930
/vessels/details/440197630,903CHEONGLYONG,Unknown,440197630
/vessels/details/440102180,NAMJINHO,Unknown,440102180
/vessels/details/440063030,KYUNG YANG,Unknown,440063030
/vessels/details/440310250,MYEONG JIN HO,Unknown,440310250
/vessels/details/440102590,KCG129,Unknown,440102590
/vessels/details/440109620,ULSANPILOT2,Unknown,440109620
/vessels/details/440707920,IL KWANG HO,Unknown,440707920
/vessels/details/440009050,LINEONE 11,Unknown,440009050
/vessels/details/440315930,31YUNO,Unknown,440315930
/vessels/details/440800236,ROK GOV VESSEL,Unknown,440800236
/vessels/details/440701010,NAM KYOUNG,Unknown,440701010
/vessels/details/440131160,102 DAE DONG HO,Unknown,440131160
/vessels/details/440129870,LOGOS,Unknown,440129870
/vessels/details/440080860,610 ZENITH,Unknown,440080860
/vessels/details/440785748,GEUM GANG,Unknown,440785748
/vessels/details/440730100,23GANGMAN,Unknown,440730100
/vessels/details/440023270,ASIA2HO,Unknown,440023270
/vessels/details/440161620,KI JUN,Unknown,440161620
/vessels/details/440412920,WOO LI HO,Unknown,440412920
/vessels/details/441721699,ZHELINYU21699-4-74,Unknown,441721699
/vessels/details/440313440,208 HEUNG SEONG HO,Unknown,440313440
/vessels/details/440314230,GUKRIP GONGWON 302,Unknown,440314230
/vessels/details/440599931,05999-317.6V,Unknown,440599931
/vessels/details/440113810,SAE HAE JIN HO,Unknown,440113810
/vessels/details/440014460,S M A 1 HO,Unknown,440014460
/vessels/details/440706880,207 YOO JIN,Unknown,440706880
/vessels/details/440015490,NEW KYEUNG JIN,Unknown,440015490
/vessels/details/440503300,ONGIN HAEDANG HW,Unknown,440503300
/vessels/details/440329050,YEONHEUNG,Unknown,440329050
/vessels/details/440328290,605 JE IL HO,Unknown,440328290
/vessels/details/440800234,ROKNAVY,Unknown,440800234
/vessels/details/440122690,108WOONGCHEON,Unknown,440122690
/vessels/details/440318790,KCG117,Unknown,440318790
/vessels/details/440026060,GYONG GEE 326,Unknown,440026060
/vessels/details/440338540,2020SEJONG,Unknown,440338540
/vessels/details/440031950,2 CHUNG HAE,Unknown,440031950
/vessels/details/441760062,BUOY 760-62 7V9,Unknown,441760062
/vessels/details/440000076,PHAO-76-DIEN-92,Unknown,440000076
/vessels/details/440422805,ZHEDAIYU04265-3486,Unknown,440422805
/vessels/details/440336270,HABEOBANGJE,Unknown,440336270
/vessels/details/440000449,HAN A 201 HO,Unknown,440000449
/vessels/details/440120990,GYEONG NAM 238HO,Unknown,440120990
/vessels/details/440324860,209 DEOK YANG HO,Unknown,440324860
/vessels/details/440704930,HYEON MYEONG HO,Unknown,440704930
/vessels/details/440101349,BONG EUNGF,Unknown,440101349
/vessels/details/440063160,SHINEOCHONHO,Unknown,440063160
/vessels/details/440405480,HYUNDAEWINDCARRY,Unknown,440405480
/vessels/details/440135440,BOO GUK,Unknown,440135440
/vessels/details/440102990,NO 1 SUNGJIN,Unknown,440102990
/vessels/details/440715800,809TAEYANGHO,Unknown,440715800
/vessels/details/440006600,INCHEON 216,Unknown,440006600
/vessels/details/440191390,SEONG GWANG HO,Unknown,440191390
/vessels/details/440313980,CHEON GEUM,Unknown,440313980
/vessels/details/440141990,NEW MANIA,Unknown,440141990
/vessels/details/440403500,373TAEYANG,Unknown,440403500
/vessels/details/440001700,CHEONSINHO,Unknown,440001700
/vessels/details/440504980,707YEONJINHO,Unknown,440504980
/vessels/details/440216040,GYENGSEONHO,Unknown,440216040
/vessels/details/440193950,305GAM CHAN HO,Unknown,440193950
/vessels/details/440126950,303 HAN CHANG,Unknown,440126950
/vessels/details/440101150,DEUNGDAERANG 1,Unknown,440101150
/vessels/details/440701610,207 YU SIN HO,Unknown,440701610
/vessels/details/440406750,SUN JIN NO303,Unknown,440406750
/vessels/details/440217040,SAM JUNG HO,Unknown,440217040
/vessels/details/440025330,NAM DO HO,Unknown,440025330
/vessels/details/440001320,GO RYEO HO,Unknown,440001320
/vessels/details/440324940,SEONG JIN,Unknown,440324940
/vessels/details/440504330,YEONG CHANG HO,Unknown,440504330
/vessels/details/440173870,BLUEHO,Unknown,440173870
/vessels/details/440159390,JONAHS WHALE,Unknown,440159390
/vessels/details/440322597,103SUNG UNG HO,Unknown,440322597
/vessels/details/440103560,SAM SUNG A 1 HO,Unknown,440103560
/vessels/details/440335950,88CHANGWON HO,Unknown,440335950
/vessels/details/440312060,CHEONGJEONG BADA 2,Unknown,440312060
/vessels/details/440335430,MAN GWANG HO,Unknown,440335430
/vessels/details/440600181,3JAEGUN,Unknown,440600181
/vessels/details/440222581,53KEUMYOUNG,Unknown,440222581
/vessels/details/440161590,ONGJIN CHEONGJEONGHO,Unknown,440161590
/vessels/details/440215470,SI YEON HO,Unknown,440215470
/vessels/details/440411470,3 TEA YANG HO,Unknown,440411470
/vessels/details/440336560,GLORY HO,Unknown,440336560
/vessels/details/440302040,HAEYANG9,Unknown,440302040
/vessels/details/440059550,TAE SEONG,Unknown,440059550
/vessels/details/440305650,36JINKWANG,Unknown,440305650
/vessels/details/440028570,TAE UN,Unknown,440028570
/vessels/details/440119541,GLOBAL301,Unknown,440119541
/vessels/details/440002450,5TAIGYANGHO,Unknown,440002450
/vessels/details/440332750,WHITE SHARK,Unknown,440332750
/vessels/details/441921085,XYY21085-48.0V,Unknown,441921085
/vessels/details/440703322,609-2 90,Unknown,440703322
/vessels/details/440503525,GWANG MYEONG HO,Unknown,440503525
/vessels/details/440019573,2024DAESIN,Unknown,440019573
/vessels/details/440143760,BONG JOON HO,Unknown,440143760
/vessels/details/440406773,SUN JIN NO303,Unknown,440406773
/vessels/details/440173130,2CHANGNAM,Unknown,440173130
/vessels/details/440111150,3 SEONG HWA HO,Unknown,440111150
/vessels/details/440018770,NO98KEUMYANGHO,Unknown,440018770
/vessels/details/440310280,SINSAENGSEUTAHO,Unknown,440310280
/vessels/details/440224840,26 DAE SUNG HO,Unknown,440224840
/vessels/details/440599907,05999-078.2V,Unknown,440599907
/vessels/details/440138610,306 DAE YANG,Unknown,440138610
/vessels/details/440108150,DAE JIN NO.5,Unknown,440108150
/vessels/details/440324620,YEOCHEONG,Unknown,440324620
/vessels/details/440213740,JUNG IL HO,Unknown,440213740
/vessels/details/440075280,TEU RI TON 1,Unknown,440075280
/vessels/details/440043420,808 YEO MYOUNG HO,Unknown,440043420
/vessels/details/440402880,CHANG SEONG 32,Unknown,440402880
/vessels/details/440105040,BK 1HO,Unknown,440105040
/vessels/details/440120400,2021 DAE SEUNG,Unknown,440120400
/vessels/details/440014020,DEOK SIN,Unknown,440014020
/vessels/details/440203910,NEWSTARHO,Unknown,440203910
/vessels/details/440700560,500 DONG JIN HO,Unknown,440700560
/vessels/details/440003090,3CHEONSEUNG,Unknown,440003090
/vessels/details/440404340,301DUKSUNHO,Unknown,440404340
/vessels/details/440001550,HAN CHANG 1,Unknown,440001550
/vessels/details/440096160,SEO EUN HO,Unknown,440096160
/vessels/details/440701410,YOUNG JAE,Unknown,440701410
/vessels/details/440518806,HUAYANG-0683,Unknown,440518806
/vessels/details/440406757,SUN JIN NO303,Unknown,440406757
/vessels/details/440012200,CHEONG HAE HO,Unknown,440012200
/vessels/details/440082490,S-33JUNG,Unknown,440082490
/vessels/details/440701560,JEONG HYEON HO,Unknown,440701560
/vessels/details/440051490,KUN YOUNG HO,Unknown,440051490
/vessels/details/440503520,MANSUNGHO,Unknown,440503520
/vessels/details/440143490,2MANGU,Unknown,440143490
/vessels/details/440196120,106 NAMPOHO,Unknown,440196120
/vessels/details/440194560,SAM SUNG 2 HO,Unknown,440194560
/vessels/details/440119550,GLOBAL301,Unknown,440119550
/vessels/details/440191520,GM1HO,Unknown,440191520
/vessels/details/440009080,701YOUNGJINHO,Unknown,440009080
/vessels/details/440006800,203JAEKYUNHO,Unknown,440006800
/vessels/details/440190030,13YEWJIN,Unknown,440190030
/vessels/details/440800242,ROK GOV VESSEL,Unknown,440800242
/vessels/details/440503740,12 SANG JIN,Unknown,440503740
/vessels/details/440003520,KCG P59,Unknown,440003520
/vessels/details/440500004,CT2-4405-4 60,Unknown,440500004
/vessels/details/440129330,2013SUNGPOONG,Unknown,440129330
/vessels/details/440085260,NARA HO,Unknown,440085260
/vessels/details/440318670,KING STAR 2 HO,Unknown,440318670
/vessels/details/440599926,05999-267.6V,Unknown,440599926
/vessels/details/440086850,KCG OSRV-09,Unknown,440086850
/vessels/details/440050410,101 GONG JIN HO,Unknown,440050410
/vessels/details/440102090,2 KYUNG JIN HO,Unknown,440102090
/vessels/details/440206420,NAM JIN HO,Unknown,440206420
/vessels/details/440301140,JEONNAM 915HO,Unknown,440301140
/vessels/details/440041790,NEW MARS,Unknown,440041790
/vessels/details/440019030,NEW APHAE,Unknown,440019030
/vessels/details/440122460,18 DEOK JIN HO,Unknown,440122460
/vessels/details/440703820,SEONG YONG,Unknown,440703820
/vessels/details/440083320,7 CHEON MAN HO,Unknown,440083320
/vessels/details/440008720,JINSAN 7HO,Unknown,440008720
/vessels/details/440325130,201JE IL HO,Unknown,440325130
/vessels/details/440002630,HAE GYEONG P-12JEONG,Unknown,440002630
/vessels/details/440052290,105GWANG MYENG,Unknown,440052290
/vessels/details/440139620,HAE YOUNG 995,Unknown,440139620
/vessels/details/440104540,DONG SAM,Unknown,440104540
/vessels/details/440147080,GEO GA HO,Unknown,440147080
/vessels/details/440329310,DAE SEONG HO,Unknown,440329310
/vessels/details/440701550,102 YOUNG HWA HO,Unknown,440701550
/vessels/details/440095030,GS 6,Unknown (HAZ-A),440095030
/vessels/details/440214810,HAEUNHO,Unknown,440214810
/vessels/details/440213370,DO YEON HO,Unknown,440213370
/vessels/details/440020480,2JAE SEONG HO,Unknown,440020480
/vessels/details/440152780,1HAESANG,Unknown,440152780
/vessels/details/440219690,SEUNG CHUL HO,Unknown,440219690
/vessels/details/440012720,202YUNKYENG,Unknown,440012720
/vessels/details/440140510,SUN YANG HO,Unknown,440140510
/vessels/details/440338720,107 CHEONG HAE,Unknown,440338720
/vessels/details/440746800,2025HAESUNG,Unknown,440746800
/vessels/details/440158640,107 DEOK JIN HO,Unknown,440158640
/vessels/details/440707150,707 MAN SEOK,Unknown,440707150
/vessels/details/440084560,DAEWONHO,Unknown,440084560
/vessels/details/440211580,STARMAX,Unknown,440211580
/vessels/details/440505210,DONG KYUNG,Unknown,440505210
/vessels/details/441305000,KCG 1501,Unknown,441305000
/vessels/details/441721608,ZHELINYU21608-47.1V,Unknown,441721608
/vessels/details/440054840,JUN NAM 602 HO,Unknown,440054840
/vessels/details/440401730,27DAEHYUN,Unknown,440401730
/vessels/details/440149590,HWA KYANG HO,Unknown,440149590
/vessels/details/440119560,HAEBADA 101,Unknown,440119560
/vessels/details/440325180,SIN YEONG,Unknown,440325180
/vessels/details/440061820,EUN GAL CHI 2,Unknown,440061820
/vessels/details/440324390,KWANG YOUNG,Unknown,440324390
/vessels/details/440323450,DAEWONHO,Unknown,440323450
/vessels/details/440331330,HAEYOUNGHO,Unknown,440331330
/vessels/details/440154210,BIG STAR N05,Unknown,440154210
/vessels/details/440143500,KEUM NAM HO,Unknown,440143500
/vessels/details/440401970,PI NIK SEU HO,Unknown,440401970
/vessels/details/440318610,YU JEONG HO,Unknown,440318610
/vessels/details/440007610,DUKWOON,Unknown,440007610
/vessels/details/440216550,JANGWONHO,Unknown,440216550
/vessels/details/440214230,JE 1 JAEMIN HO,Unknown,440214230
/vessels/details/440702140,66GEUMYANG,Unknown,440702140
/vessels/details/440070002,QIONGLE44007-2-15,Unknown,440070002
/vessels/details/440412840,HAEWONHO,Unknown,440412840
/vessels/details/440145500,G OCEAN HO,Unknown,440145500
/vessels/details/440596808,05968-8-99,Unknown,440596808
/vessels/details/440308990,JE739 DAE YANG HO,Unknown,440308990
/vessels/details/440078680,TAECHANGHO,Unknown,440078680
/vessels/details/440138880,109 YUNG JIN,Unknown,440138880
/vessels/details/440057770,7 SANG JIN,Unknown,440057770
/vessels/details/440006170,HAN KANG 31HO,Unknown,440006170
/vessels/details/440328790,HAE KANG NO.101,Unknown,440328790
/vessels/details/440173390,AWK-801,Unknown,440173390
/vessels/details/440058570,2DONG IL,Unknown,440058570
/vessels/details/440310090,MYEONG SEONG HO,Unknown,440310090
/vessels/details/440800072,ROKGOVVESSEL,Unknown,440800072
/vessels/details/440385008,440385-8-57,Unknown,440385008
/vessels/details/440083450,GYEONG CHWUN HO,Unknown,440083450
/vessels/details/440075550,NEW JIN JOO HO,Unknown,440075550
/vessels/details/440101180,KCG CIV P120,Unknown,440101180
/vessels/details/440502690,JANG SHIN HO,Unknown,440502690
/vessels/details/440041445,KCG201,Unknown,440041445
/vessels/details/440413610,888 TAE SUNG HO,Unknown,440413610
/vessels/details/440332860,JIN YANG HO,Unknown,440332860
/vessels/details/440195870,NEW ENJEL HO,Unknown,440195870
/vessels/details/440022090,SAMYUNG3,Unknown,440022090
/vessels/details/440119420,DRAGON 2HO,Unknown,440119420
/vessels/details/440477167,04771-67-49,Unknown,440477167
/vessels/details/440102757,99 MARINE,Unknown,440102757
/vessels/details/440126270,37BUGYUNG,Unknown,440126270
/vessels/details/441123321,LEE MIN HO,Unknown,441123321
/vessels/details/440332290,SUNG HYUN,Unknown,440332290
/vessels/details/440223010,SANG ROK NO5,Unknown,440223010
/vessels/details/440301730,GUKRIPGONGWON301,Unknown,440301730
/vessels/details/440121640,87HAW CHANG,Unknown,440121640
/vessels/details/440119990,CAESTING FISHING,Unknown,440119990
/vessels/details/440105240,KWANG HAE HO,Unknown,440105240
/vessels/details/440106970,DONGJINHO,Unknown,440106970
/vessels/details/440099365,NO101 CHANG SIN HO,Unknown,440099365
/vessels/details/440701050,MAN SEON HO,Unknown,440701050
/vessels/details/440006670,SAMPYO NO.101,Unknown,440006670
/vessels/details/440152990,HWA SHIN HO,Unknown,440152990
/vessels/details/440133480,DAE SUNG 6001,Unknown,440133480
/vessels/details/440300002,CHUN YANG 11,Unknown,440300002
/vessels/details/440706230,2010GWANGMYENG,Unknown,440706230
/vessels/details/440118930,106SUNGBO HO,Unknown,440118930
/vessels/details/440223080,1YOUNG JU HO,Unknown,440223080
/vessels/details/440210320,TAE CHANG HO,Unknown,440210320
/vessels/details/440074660,96SAEILHO,Unknown,440074660
/vessels/details/440120500,SEO IL,Unknown,440120500
/vessels/details/440165840,HONGMYEONGHO,Unknown,440165840
/vessels/details/440029110,ONBADANG,Unknown,440029110
/vessels/details/440136010,DAE SEONG 105,Unknown,440136010
/vessels/details/440707370,202JINSEONG,Unknown,440707370
/vessels/details/440026270,UTA PRINCESS2,Unknown,440026270
/vessels/details/440509770,BLACK PEARL,Unknown,440509770
/vessels/details/440508790,GAEYACARFERRY HO,Unknown,440508790
/vessels/details/440184990,107 HYE WON HO,Unknown,440184990
/vessels/details/440701480,HONG SUN HO,Unknown,440701480
/vessels/details/440599927,05999-278.0V,Unknown,440599927
/vessels/details/440079930,2 HAN YANG HO,Unknown,440079930
/vessels/details/440707088,440707088 11.2V,Unknown,440707088
/vessels/details/440000044,HXF-44-99,Unknown,440000044
/vessels/details/440332085,603DEUKSUNGHO,Unknown,440332085
/vessels/details/440321810,YEONG DEOG HO,Unknown,440321810
/vessels/details/440707610,NAMGANGHO,Unknown,440707610
/vessels/details/440596807,05968-7-56,Unknown,440596807
/vessels/details/440008806,6789 P6 .97,Unknown,440008806
/vessels/details/440599939,05999-398.0V,Unknown,440599939
/vessels/details/440006440,153YOUNG KWANG,Unknown,440006440
/vessels/details/440219680,24NAM GANG HO,Unknown,440219680
/vessels/details/440320410,GUN CHUN HO,Unknown,440320410
/vessels/details/440304690,20PUNGSUENG,Unknown,440304690
/vessels/details/440219240,SUNG BOK,Unknown,440219240
/vessels/details/440008440,WANGSUNG,Unknown,440008440
/vessels/details/440136906,SUQIYU01369-B6-99,Unknown,440136906
/vessels/details/440505980,YOONS NO7,Unknown,440505980
/vessels/details/441807000,SHILLA HARVESTER,Unknown,441807000
/vessels/details/440121370,KO RYEO NO.1,Unknown,440121370
/vessels/details/440205390,HYEON DAE 3HO,Unknown,440205390
/vessels/details/440001440,GOMAHO,Unknown,440001440
/vessels/details/440501060,SUNG JIN 3HO,Unknown,440501060
/vessels/details/440319980,2 SO MANG HO,Unknown,440319980
/vessels/details/441200005,CT3-4412-5 50,Unknown,441200005
/vessels/details/440706530,BU SUNG HO,Unknown,440706530
/vessels/details/440002390,KCG OSRV-02,Unknown,440002390
/vessels/details/440091880,BA RAM HO,Unknown,440091880
/vessels/details/440302140,HAEYANG HO,Unknown,440302140
/vessels/details/440120680,27GYEONGMIN,Unknown,440120680
/vessels/details/440338050,HAENG BOK HO,Unknown,440338050
/vessels/details/440712200,2022SEJIN,Unknown,440712200
/vessels/details/441200001,CT3-4412-1 10,Unknown,441200001
/vessels/details/440003750,202DAE JIN,Unknown,440003750
/vessels/details/440112920,BAEK DO 6,Unknown,440112920
/vessels/details/440000170,SEUNG JIN,Unknown,440000170
/vessels/details/440131390,JE101MANSEONGHO,Unknown,440131390
/vessels/details/440320620,KWANG MYUNG,Unknown,440320620
/vessels/details/440033350,JIN GYEONG HO,Unknown,440033350
/vessels/details/440502940,701HAEDONGHO,Unknown,440502940
/vessels/details/440336260,GEUM SEONG,Unknown,440336260
/vessels/details/440412533,NO.5 GEUM HWA,Unknown,440412533
/vessels/details/440706460,888 YONG HO,Unknown,440706460
/vessels/details/440077350,PURUMIGWANGYANG,Unknown,440077350
/vessels/details/440189580,SAM DUCK HO,Unknown,440189580
/vessels/details/440029360,SIN SUNG 2 HO,Unknown,440029360
/vessels/details/440019220,GLOBAL STAR,Unknown,440019220
/vessels/details/440204830,RED MARIN,Unknown,440204830
/vessels/details/440201270,SANGJINHO,Unknown,440201270
/vessels/details/440707180,BLACKPEARLHO,Unknown,440707180
/vessels/details/440171350,MAN SEON HO,Unknown,440171350
/vessels/details/440414070,308SEOJIN,Unknown,440414070
/vessels/details/440502220,301HAN IL HO,Unknown,440502220
/vessels/details/440133740,GEONMYOUNGHO,Unknown,440133740
/vessels/details/440327360,ASIA1HO,Unknown,440327360
/vessels/details/440700410,ILOSAMHO,Unknown,440700410
/vessels/details/440314421,HA GEN HO,Unknown,440314421
/vessels/details/440306290,JEONG IL1HO,Unknown,440306290
/vessels/details/440134130,MIN SEUNG,Unknown,440134130
/vessels/details/440500227,KCG-P060,Unknown,440500227
/vessels/details/440600310,KANGWONHAEYANG,Unknown,440600310
/vessels/details/440200172,2005JEILHO,Unknown,440200172
/vessels/details/440208550,GYUNG IL,Unknown,440208550
/vessels/details/440086230,YOUNGKWANGHO,Unknown,440086230
/vessels/details/440333230,EUNSEONGHO,Unknown,440333230
/vessels/details/440208210,1 SEONG JI HO,Unknown,440208210
/vessels/details/440109250,102SEUNGJIN,Unknown,440109250
/vessels/details/441321271,XYY21271-47.7V,Unknown,441321271
/vessels/details/440119970,BEST CASTLE,Unknown,440119970
/vessels/details/440100250,SOON IL HO,Unknown,440100250
/vessels/details/440500470,PYEONG HWA HO,Unknown,440500470
/vessels/details/440201010,ILUKHO,Unknown,440201010
/vessels/details/440101280,DAESEONG,Unknown,440101280
/vessels/details/440118855,11885-5-69,Unknown,440118855
/vessels/details/440401020,3DONGWOONHO,Unknown,440401020
/vessels/details/440414310,HEYANG,Unknown,440414310
/vessels/details/440052030,2022,Unknown,440052030
/vessels/details/440122260,2BOKJIHOHO,Unknown,440122260
/vessels/details/440510218,PHASTING MESH 17 B1,Unknown,440510218
/vessels/details/440187980,38CHANG NAM,Unknown,440187980
/vessels/details/440505910,KCG P102,Unknown,440505910
/vessels/details/440043470,NEW COSMOS,Unknown,440043470
/vessels/details/440123860,SOO SUNG,Unknown,440123860
/vessels/details/440101910,KCG T-09,Unknown,440101910
/vessels/details/440312270,608 DEOKJIN HO,Unknown,440312270
/vessels/details/440022880,SEOUL NO.2,Unknown,440022880
/vessels/details/440005720,EUN SUNG,Unknown,440005720
/vessels/details/440208437,DAE YOUNG HO,Unknown,440208437
/vessels/details/440066860,2021 JAE SUNG,Unknown,440066860
/vessels/details/440050930,HAEYANG NO9,Unknown,440050930
/vessels/details/440018860,GWANG JIN 107HO,Unknown,440018860
/vessels/details/440010900,207BU CHANG HO,Unknown,440010900
/vessels/details/440861001,98635-12 7V1,Unknown,440861001
/vessels/details/440075620,YEONGJIN,Unknown,440075620
/vessels/details/440188230,KANG NAM-7001,Unknown,440188230
/vessels/details/440031170,DONG MYEONG-710,Unknown,440031170
/vessels/details/440198340,GEUM JIN HO,Unknown,440198340
/vessels/details/440194670,YOUNGJIN NO.5,Unknown,440194670
/vessels/details/440500152,KCGP32,Unknown,440500152
/vessels/details/440301590,INCHEON 101,Unknown,440301590
/vessels/details/440084340,BANG JE 26 HO,Unknown,440084340
/vessels/details/440210160,DAEWONHO,Unknown,440210160
/vessels/details/440477109,04771-9-94,Unknown,440477109
/vessels/details/440151221,MYEONGJINHO,Unknown,440151221
/vessels/details/440225960,YONGMA,Unknown,440225960
/vessels/details/440129180,12 NAM YANG HO,Unknown,440129180
/vessels/details/441648000,KCG 511,Unknown,441648000
/vessels/details/440080730,SUNG WON 7,Unknown,440080730
/vessels/details/440102117,2 KYUNG JIN HO,Unknown,440102117
/vessels/details/440402980,33SINDEOK,Unknown,440402980
/vessels/details/440115480,CHANGDAIHO,Unknown,440115480
/vessels/details/440109260,72SEUNGJIN,Unknown,440109260
/vessels/details/440080810,88 YEONGSHIN,Unknown,440080810
/vessels/details/440109270,KUM RYOUNG HO,Unknown,440109270
/vessels/details/440500191,HAI YANG HO,Unknown,440500191
/vessels/details/440163330,2 SEONG HWA HO,Unknown,440163330
/vessels/details/440324790,YU SUNG HO,Unknown,440324790
/vessels/details/440310630,BOO YEONG,Unknown,440310630
/vessels/details/440304800,SAMHO103,Unknown,440304800
/vessels/details/440023940,85WOOYANG,Unknown,440023940
/vessels/details/440134120,NAM YANG 203,Unknown,440134120
/vessels/details/440145860,201NAM YANG,Unknown,440145860
/vessels/details/440047270,JINCHEONHO,Unknown,440047270
/vessels/details/440205160,27 HYEOP SIN HO,Unknown,440205160
/vessels/details/440105350,303MYOUNGS,Unknown,440105350
/vessels/details/440137850,SEOUNG BOK HO,Unknown,440137850
/vessels/details/440078410,MIN YANG,Unknown,440078410
/vessels/details/440314750,902 SEUNG IL,Unknown,440314750
/vessels/details/440210140,GALMAEKIHO,Unknown,440210140
/vessels/details/441200012,CT3-4412-12 60,Unknown,441200012
/vessels/details/440234567,88 YEUN SUNG,Unknown,440234567
/vessels/details/440206970,YONG SUNG HO,Unknown,440206970
/vessels/details/440321790,SUNG JUNG,Unknown,440321790
/vessels/details/440184590,KCG S-51,Unknown,440184590
/vessels/details/440022870,SEOUL NO.7,Unknown (HAZ-A),440022870
/vessels/details/440002735,QI MEI 03-13,Unknown,440002735
/vessels/details/440601850,MYOUNGKWANGHO,Unknown,440601850
/vessels/details/440704869,123DAEYANGHO,Unknown,440704869
/vessels/details/440026610,JIN BU,Unknown,440026610
/vessels/details/441373000,KCG1008,Unknown,441373000
/vessels/details/440144500,KWANG SEONG NO7,Unknown,440144500
/vessels/details/440211920,333MANSEONGHO,Unknown,440211920
/vessels/details/440182660,YONG SUNG HO,Unknown,440182660
/vessels/details/440328770,SINJINHO,Unknown,440328770
/vessels/details/440019520,2024DAESIN,Unknown,440019520
/vessels/details/440043740,KWANG SUNG,Unknown,440043740
/vessels/details/440011880,107 TAESUNG,Unknown,440011880
/vessels/details/440218230,ASIA8 HO,Unknown,440218230
/vessels/details/440003870,BADARANG,Unknown,440003870
/vessels/details/440092440,M I T,Unknown,440092440
/vessels/details/440573000,KCG1006,Unknown,440573000
/vessels/details/440041560,MUNMU DAEWANG,Unknown,440041560
/vessels/details/440209910,GAE. CHEOK.. 2. HO,Unknown,440209910
/vessels/details/440090230,B,Unknown,440090230
/vessels/details/440210280,JANGMIHO,Unknown,440210280
/vessels/details/440023973,85WOOYANG,Unknown,440023973
/vessels/details/440033020,DOLSUMDAKCOM HO,Unknown,440033020
/vessels/details/440706440,207EOJIN,Unknown,440706440
/vessels/details/440331720,CHUN YANG,Unknown,440331720
/vessels/details/440736305,FLSHLNZ-3 74,Unknown,440736305
/vessels/details/440118020,OHYONGHO,Unknown,440118020
/vessels/details/440051440,607 YOUNG JIN,Unknown,440051440
/vessels/details/440012110,CHEONG YANG,Unknown,440012110
/vessels/details/440191610,NU RI2,Unknown,440191610
/vessels/details/440701020,2020 HAM SUNG,Unknown,440701020
/vessels/details/440146290,101HAEANHO,Unknown,440146290
/vessels/details/440150720,DONG A T3,Unknown,440150720
/vessels/details/440422825,ZHEDAIYU04228-21-97,Unknown,440422825
/vessels/details/440006980,HYEONDAE JUBEIL HO,Unknown,440006980
/vessels/details/440146660,113WOONGCHEON,Unknown,440146660
/vessels/details/440337110,SANGROK9,Unknown,440337110
/vessels/details/440317045,2021MOONHWA,Unknown,440317045
/vessels/details/440329930,GIL SIN 3HO,Unknown,440329930
/vessels/details/440310180,SINKWANG,Unknown,440310180
/vessels/details/440026130,JINYANG2HO,Unknown,440026130
/vessels/details/440135490,SHINYOUNGHO,Unknown,440135490
/vessels/details/440600210,GEUMSU,Unknown,440600210
/vessels/details/440209900,GILSANHO,Unknown,440209900
/vessels/details/440338730,108 CHEONG HAE,Unknown,440338730
/vessels/details/440112820,DATA 3 HO,Unknown,440112820
/vessels/details/440019900,P-115,Unknown,440019900
/vessels/details/440707960,2007 KYUNG CHANG HO,Unknown,440707960
/vessels/details/441821895,ZHELINYU21895-47.5V,Unknown,441821895
/vessels/details/440131770,SUNGGIL HO,Unknown,440131770
/vessels/details/440104250,322HAM,Unknown,440104250
/vessels/details/440326480,JAE MI HO,Unknown,440326480
/vessels/details/440333440,HAIYANG10,Unknown,440333440
/vessels/details/440500017,CT2-4405-17 90,Unknown,440500017
/vessels/details/440121140,ISLANDHO,Unknown,440121140
/vessels/details/440542804,MINXIAYU05428-04-95,Unknown,440542804
/vessels/details/440300390,KCG P19,Unknown,440300390
/vessels/details/440312170,909YUGYEONG,Unknown,440312170
/vessels/details/440177830,DAI JIN,Unknown,440177830
/vessels/details/440518805,HUAYANG-0592,Unknown,440518805
/vessels/details/440214780,NEWGYEOJINHO,Unknown,440214780
/vessels/details/440120510,JEIL 1 HO,Unknown,440120510
/vessels/details/440859859,SY 571,Unknown,440859859
/vessels/details/440106500,202CHANGNAM,Unknown,440106500
/vessels/details/440154990,SEONG EUN HO,Unknown,440154990
/vessels/details/440500094,BANGJE21,Unknown,440500094
/vessels/details/440800003,R.O.K GOV VESSEL,Unknown,440800003
/vessels/details/440011170,VIVA CASTLE,Unknown,440011170
/vessels/details/440072790,HA YUNG HO,Unknown,440072790
/vessels/details/440035850,7 MIN SEONG HO,Unknown,440035850
/vessels/details/440215872,SUGANYU02158-72-99,Unknown,440215872
/vessels/details/440002608,00026-8 90,Unknown,440002608
/vessels/details/440105320,700 KYUNG HAE,Unknown,440105320
/vessels/details/440074960,338CHEON LL HO,Unknown,440074960
/vessels/details/440100540,3007YOOILHO,Unknown,440100540
/vessels/details/440087440,GWANG HAE,Unknown,440087440
/vessels/details/440040210,JANGBOGOHO,Unknown,440040210
/vessels/details/440305060,602 ONGJINHO,Unknown,440305060
/vessels/details/440502200,202DEOKJINHO,Unknown,440502200
/vessels/details/440136250,306GEUMYANG,Unknown,440136250
/vessels/details/440600468,SEUNGJIN2HO,Unknown,440600468
/vessels/details/440076999,TURTIE-6 93,Unknown,440076999
/vessels/details/440701760,1858 MANBONG,Unknown,440701760
/vessels/details/440076240,CHEONG HAE,Unknown,440076240
/vessels/details/441200006,CT3-4412-6 30,Unknown,441200006
/vessels/details/440212090,SIN YANG HO,Unknown,440212090
/vessels/details/440596805,05968-5-96,Unknown,440596805
/vessels/details/440203030,207 DAE YANG HO,Unknown,440203030
/vessels/details/440079980,HAE MYUNG,Unknown,440079980
/vessels/details/440008090,PT PILOT IPA 2,Unknown,440008090
/vessels/details/440707190,JEONNAM210HO,Unknown,440707190
/vessels/details/440100510,GILSUNG5,Unknown,440100510
/vessels/details/440191060,GAJABADAROHO,Unknown,440191060
/vessels/details/440403480,ODAEHO,Unknown,440403480
/vessels/details/440222260,55GEUM CHANG,Unknown,440222260
/vessels/details/440182570,2023HYUN JIN HO,Unknown,440182570
/vessels/details/440214620,SEOHAEFISHING,Unknown,440214620
/vessels/details/440088560,SM 103 HO,Unknown,440088560
/vessels/details/440158650,108 DEOK JIN HO,Unknown,440158650
/vessels/details/441021143,XYY21143-4-7.5V,Unknown,441021143
/vessels/details/440081150,DONGBOSUSAN,Unknown,440081150
/vessels/details/440132130,WOO RI HO,Unknown,440132130
/vessels/details/440081160,500 HAE GUNG,Unknown,440081160
/vessels/details/440219420,907 JIN YUNG HO,Unknown,440219420
/vessels/details/440100150,HAE JEONG HO,Unknown,440100150
/vessels/details/440122570,17 NAM YOUNG,Unknown,440122570
/vessels/details/440215060,SPEED,Unknown,440215060
/vessels/details/440599915,05999-158.1V,Unknown,440599915
/vessels/details/440224040,207YEONG SEONG,Unknown,440224040
/vessels/details/440701989,YEONGINHO,Unknown,440701989
/vessels/details/440400850,5 MAN GEUM,Unknown,440400850
/vessels/details/440207920,GEUMYANGHO,Unknown,440207920
/vessels/details/440150210,YOUNGJIN,Unknown,440150210
/vessels/details/440312140,2 YU YANG,Unknown,440312140
/vessels/details/440118854,11885-4-19,Unknown,440118854
/vessels/details/441950613,SUGANYU19506-13-95,Unknown,441950613
/vessels/details/440052040,HAN KYUNG HO,Unknown,440052040
/vessels/details/440202390,NO.13GEUMSEONG,Unknown,440202390
/vessels/details/440707290,HAEWOON,Unknown,440707290
/vessels/details/440704250,101SEONG IL,Unknown,440704250
/vessels/details/440503980,EUNSEONG,Unknown,440503980
/vessels/details/440153340,HE SUNG,Unknown,440153340
/vessels/details/440214720,HALPL0HO,Unknown,440214720
/vessels/details/440211050,201SEO GWANG HO,Unknown,440211050
/vessels/details/440046770,SAMSEON1HO,Unknown,440046770
/vessels/details/440199630,137YOUNG JIN HO,Unknown,440199630
/vessels/details/440058580,YANG DECK HO,Unknown,440058580
/vessels/details/440317000,KCG 3002,Unknown,440317000
/vessels/details/440054050,SU BOK HO,Unknown,440054050
/vessels/details/440800481,ROK GOV VESSEL,Unknown,440800481
/vessels/details/440701150,88PUNG SEONG,Unknown,440701150
/vessels/details/440114840,O RI ON 2HO,Unknown,440114840
/vessels/details/440300080,PADOHO,Unknown,440300080
/vessels/details/440335120,SEONG IL HO,Unknown,440335120
/vessels/details/440082260,GEUM CHUUN HO,Unknown,440082260
/vessels/details/440101260,SHINWON 13,Unknown,440101260
/vessels/details/440014390,22DONG BAEK,Unknown,440014390
/vessels/details/440066150,588 GORYE,Unknown,440066150
/vessels/details/440316597,203 CHANG NAM,Unknown,440316597
/vessels/details/440125100,HEUNG YOUNG HO,Unknown,440125100
/vessels/details/440705920,HANHA SPECIAL,Unknown,440705920
/vessels/details/440039080,MUNSUNGHO,Unknown,440039080
/vessels/details/440122550,3 GEUM JEONG,Unknown,440122550
/vessels/details/440328850,2016SINYOUNG,Unknown,440328850
/vessels/details/440707940,101 HYUNG SUNG HO,Unknown,440707940
/vessels/details/440211600,KCG-320,Unknown,440211600
/vessels/details/440218890,YONG AM HO,Unknown,440218890
/vessels/details/440154790,FISHING YU SEONG HO,Unknown,440154790
/vessels/details/440704140,YOU JEONG HO,Unknown,440704140
/vessels/details/440703570,105MYOUNGJIN,Unknown,440703570
/vessels/details/440151680,MYUN JIN,Unknown,440151680
/vessels/details/440500021,CT2-4405-21 90,Unknown,440500021
/vessels/details/440165045,SUGYEONGHO,Unknown,440165045
/vessels/details/440134240,887CHEONBOK,Unknown,440134240
/vessels/details/440117260,DAECHANHO,Unknown,440117260
/vessels/details/440120480,101NAMHAE,Unknown,440120480
/vessels/details/441200021,CT3-4412-21 10,Unknown,441200021
/vessels/details/440706680,889 GIL SEONG,Unknown,440706680
/vessels/details/440055330,708DONGHAHO,Unknown,440055330
/vessels/details/440076150,DEOK SOO HO,Unknown,440076150
/vessels/details/440503130,HAE CHOEN,Unknown,440503130
/vessels/details/440130070,HESUNG,Unknown,440130070
/vessels/details/440090320,638SINYANG,Unknown,440090320
/vessels/details/440000493,CHUNGJUNG20HO,Unknown,440000493
/vessels/details/440113970,GYEONGNAM HO,Unknown,440113970
/vessels/details/440308150,TAE YANG HO,Unknown,440308150
/vessels/details/440506320,YOUNG CHANG,Unknown,440506320
/vessels/details/440116230,2021MAN JN HO,Unknown,440116230
/vessels/details/440005500,HYEONJUNG303HO,Unknown,440005500
/vessels/details/440000650,MYEONG JIN HO,Unknown,440000650
/vessels/details/440136999,999 BEOM SEONG,Unknown,440136999
/vessels/details/440500045,HAE DONG 12 HO,Unknown,440500045
/vessels/details/440707990,SONGDOHO,Unknown,440707990
/vessels/details/440334510,DONG SEONG 2HO,Unknown,440334510
/vessels/details/440002603,00026-3 90,Unknown,440002603
/vessels/details/440002260,HAE SUNG,Unknown,440002260
/vessels/details/440319210,600 YU SEONG HO,Unknown,440319210
/vessels/details/440087890,JI EL,Unknown,440087890
/vessels/details/440112840,CHEON SA1HO,Unknown,440112840
/vessels/details/440102629,P-128,Unknown,440102629
/vessels/details/440500340,MIN GUG HO,Unknown,440500340
/vessels/details/440122890,HAEYANG NO7,Unknown,440122890
/vessels/details/440193930,IL UCK ZO 1HO,Unknown,440193930
/vessels/details/440599908,05999-088.1V,Unknown,440599908
/vessels/details/440017330,NEW STAR,Unknown,440017330
/vessels/details/440157380,HAEJUNG,Unknown,440157380
/vessels/details/440012517,102-CHUNGRYONG,Unknown,440012517
/vessels/details/440155180,202 EO SA,Unknown,440155180
/vessels/details/440518804,HUAYANG-0499,Unknown,440518804
/vessels/details/440308450,109HAN JIN HO,Unknown,440308450
/vessels/details/440217730,HEAL LING HO,Unknown,440217730
/vessels/details/440195070,708DEAGILHO,Unknown,440195070
/vessels/details/440001890,103DONG JIN HO,Unknown,440001890
/vessels/details/440086620,NEW UNHWAHO,Unknown,440086620
/vessels/details/440098880,KCG 523,Unknown,440098880
/vessels/details/440140060,SHIN YANG HO,Unknown,440140060
/vessels/details/440010540,1 DONG YANG,Unknown,440010540
/vessels/details/440190530,7 SEONG JIN HO,Unknown,440190530
/vessels/details/440603110,BUKOKWAINGHO,Unknown,440603110
/vessels/details/440336920,87 GEUM CHANG HO,Unknown,440336920
/vessels/details/440455508,LONG A11 59 P5.99,Unknown,440455508
/vessels/details/440707880,72 KI SAN,Unknown,440707880
/vessels/details/440048490,SEOGKWANG NO.1,Unknown,440048490
/vessels/details/440007070,KCG P52,Unknown,440007070
/vessels/details/440510790,HAENG UN HO,Unknown,440510790
/vessels/details/440336540,HANRAHO,Unknown,440336540
/vessels/details/440312120,NO.2019 YOUNG BOO,Unknown,440312120
/vessels/details/440216610,SEJINHO,Unknown,440216610
/vessels/details/440303450,TONG SUN1HO,Unknown,440303450
/vessels/details/440218870,BOSEONG HO,Unknown,440218870
/vessels/details/440502261,JONG YOUNG 6001,Unknown,440502261
/vessels/details/440219050,HONG MYEONG 2HO,Unknown,440219050
/vessels/details/440315830,303 EUN SUNG,Unknown,440315830
/vessels/details/440112990,HAE GWANG,Unknown,440112990
/vessels/details/440154370,SUNG DONG 5HO,Unknown,440154370
/vessels/details/440131365,JE101MANSEONGHO,Unknown,440131365
/vessels/details/440307890,DAONHO,Unknown,440307890
/vessels/details/440503640,DEOK JIN HO,Unknown,440503640
/vessels/details/440075270,DAEJIN 12,Unknown,440075270
/vessels/details/440092930,HWANG GUEM HO,Unknown,440092930
/vessels/details/440009880,HEUNGSEONG,Unknown,440009880
/vessels/details/440137120,202MYEONGJIN,Unknown,440137120
/vessels/details/440335540,HAESINHO,Unknown,440335540
/vessels/details/440150760,101 SAM CHANG,Unknown,440150760
/vessels/details/440500610,KYUNGMIN,Unknown,440500610
/vessels/details/440149710,CHANGDAIHO,Unknown,440149710
/vessels/details/440209820,802 DEOK YANG HO,Unknown,440209820
/vessels/details/440314240,SIN AN CHEON SA HO,Unknown,440314240
/vessels/details/440009200,TUG KOOK JE NO.3,Unknown,440009200
/vessels/details/440321310,YEONGSANKANG CLEANHO,Unknown,440321310
/vessels/details/440171450,BARAM UIEON DEOK 1HO,Unknown,440171450
/vessels/details/440170740,UN BIN HO,Unknown,440170740
/vessels/details/440026430,74 BLUEMARINE,Unknown,440026430
/vessels/details/440331160,SANG WOO,Unknown,440331160
/vessels/details/440141370,101SEONG HWA HO,Unknown,440141370
/vessels/details/440012730,3DONGBANG,Unknown,440012730
/vessels/details/440195320,MYEONG SEONG HO,Unknown,440195320
/vessels/details/440199150,KCG-522,Unknown,440199150
/vessels/details/440153590,HAE YOUNG HO,Unknown,440153590
/vessels/details/440129400,KCG212,Unknown,440129400
/vessels/details/440327660,2012DAE HEUNG HO,Unknown,440327660
/vessels/details/440800037,ROK,Unknown,440800037
/vessels/details/440083460,21 YONGJIN,Unknown,440083460
/vessels/details/440700930,2002 JOON SUNG,Unknown,440700930
/vessels/details/440112330,KCG122,Unknown,440112330
/vessels/details/440208480,YONGSINHO,Unknown,440208480
/vessels/details/440131430,9HAESANG,Unknown,440131430
/vessels/details/440091130,SUN YOUNG HO,Unknown,440091130
/vessels/details/440500430,S-39JUNG,Unknown,440500430
/vessels/details/440158020,KCG206,Unknown,440158020
/vessels/details/440707565,440707565 11.0V,Unknown,440707565
/vessels/details/440106690,HAESONGHO,Unknown,440106690
/vessels/details/440402960,106KWANGPYUNG,Unknown,440402960
/vessels/details/440331920,2 HAE JEONG,Unknown,440331920
/vessels/details/440205890,KANG0HYUN,Unknown,440205890
/vessels/details/440104680,SEOCHANGHO,Unknown,440104680
/vessels/details/440050020,201YEONCHANG,Unknown,440050020
/vessels/details/440080330,NEW SEUMBADA,Unknown,440080330
/vessels/details/440706030,2 CHANG WUN,Unknown,440706030
/vessels/details/440031060,BO MUL SEON HO,Unknown,440031060
/vessels/details/440088860,BONGHWA2HO,Unknown,440088860
/vessels/details/440208980,HAE YANG 1,Unknown,440208980
/vessels/details/440325830,2017DONGKWANGHO,Unknown,440325830
/vessels/details/440314010,GIPEUNBADANG2,Unknown,440314010
/vessels/details/440008810,OCEN HO,Unknown,440008810
/vessels/details/440071170,ULSAN HAIORUMHO,Unknown,440071170
/vessels/details/440137330,YOUNG JIN HO,Unknown,440137330
/vessels/details/440223470,HAE SIN HO,Unknown,440223470
/vessels/details/440113270,57JEONG SUN,Unknown,440113270
/vessels/details/440206210,SAMSUNG GREEN,Unknown,440206210
/vessels/details/440013890,HAEGWANG,Unknown,440013890
/vessels/details/440000383,P-128,Unknown,440000383
/vessels/details/440312790,107BU CHANG HO,Unknown,440312790
/vessels/details/440200810,ANHEUNGDAESEONGHO,Unknown,440200810
/vessels/details/440300740,JIN YANG HO,Unknown,440300740
/vessels/details/440198670,621 DAE SUENG HO,Unknown,440198670
/vessels/details/441200307,LIAOYINGYU26608-7,Unknown,441200307
/vessels/details/440127060,NO.118 KEUM SUNG,Unknown,440127060
/vessels/details/440068930,HAESEONGFISING,Unknown,440068930
/vessels/details/440055940,DOOLY HO,Unknown,440055940
/vessels/details/440221040,107SANG MYEONG HO,Unknown,440221040
/vessels/details/440408960,709JUYOUNG,Unknown,440408960
/vessels/details/440403290,YE JIN HO,Unknown,440403290
/vessels/details/440130310,102 JIN SEONG,Unknown,440130310
/vessels/details/440713900,GISUNGHO,Unknown,440713900
/vessels/details/440224050,25MINYEONGHO,Unknown,440224050
/vessels/details/440018800,KCG T-02,Unknown,440018800
/vessels/details/440332070,HANDAEHO,Unknown,440332070
/vessels/details/440705360,207 WOO JIN,Unknown,440705360
/vessels/details/440026680,APG233,Unknown,440026680
/vessels/details/440599919,05999-197.8V,Unknown,440599919
/vessels/details/440112940,7HYEON JIN,Unknown,440112940
/vessels/details/440311330,208HAN IL,Unknown,440311330
/vessels/details/440087080,107SUBOK,Unknown,440087080
/vessels/details/440180370,P-121,Unknown,440180370
/vessels/details/440217340,307 BUCHANG HO,Unknown,440217340
/vessels/details/440599924,05999-248.2V,Unknown,440599924
/vessels/details/440158710,JIN YEONG,Unknown,440158710
/vessels/details/440414150,109MOONCHANG,Unknown,440414150
/vessels/details/440100830,2017 YUNG IL HO,Unknown,440100830
/vessels/details/440125540,WORLD7HO,Unknown,440125540
/vessels/details/440118390,-CHUNYANGHO,Unknown,440118390
/vessels/details/441386682,88866640,Unknown,441386682
/vessels/details/440001500,KCG 519,Unknown,440001500
/vessels/details/440010670,HAEYANG2HO,Unknown,440010670
/vessels/details/440196110,KYUNGJIN ACE,Unknown,440196110
/vessels/details/440011010,2015WONYANG,Unknown,440011010
/vessels/details/440311845,67 DEOK JIN HO,Unknown,440311845
/vessels/details/440502650,JUYOUNG,Unknown,440502650
/vessels/details/440706020,903 CHEONG IL,Unknown,440706020
/vessels/details/440126770,HAESINHO,Unknown,440126770
/vessels/details/440211210,K SEVEN,Unknown,440211210
/vessels/details/440122720,JUNGSUHO,Unknown,440122720
/vessels/details/440800502,ROK GOV VESSEL,Unknown,440800502
/vessels/details/440330690,TAE YONG O,Unknown,440330690
/vessels/details/440005180,9SEJONGHO,Unknown,440005180
/vessels/details/440000047,QUYNH-HUONGB2-92,Unknown,440000047
/vessels/details/440114640,102 SHIN HAN HO,Unknown,440114640
/vessels/details/440027070,P-109,Unknown,440027070
/vessels/details/440144117,DAICHENGHO,Unknown,440144117
/vessels/details/440000208,HAE KYEONG 127JEONG,Unknown,440000208
/vessels/details/440155240,KUMYONG NO.1700,Unknown,440155240
/vessels/details/440112870,5YEWJIN,Unknown,440112870
/vessels/details/440114170,SIN HYEON,Unknown,440114170
/vessels/details/440212790,JIN SEONG HO,Unknown,440212790
/vessels/details/440013910,DAE CHANG HO,Unknown,440013910
/vessels/details/440707060,506 SEONG GWANG,Unknown,440707060
/vessels/details/440218860,DAEYANGHO,Unknown,440218860
/vessels/details/440114190,WOO SUNG 7 HO,Unknown,440114190
/vessels/details/440026260,PU REU0 MI HO,Unknown,440026260
/vessels/details/440082000,KCG316,Unknown,440082000
/vessels/details/440704880,123DAEYANGHO,Unknown,440704880
/vessels/details/441221198,XYY21198-148.3V,Unknown,441221198
/vessels/details/440305120,GO RAE HO,Unknown,440305120
/vessels/details/440304160,HAEPUNGHO,Unknown,440304160
/vessels/details/440201330,2SEUNGJIN,Unknown,440201330
/vessels/details/440103220,MIN SEONG,Unknown,440103220
/vessels/details/440010800,GWANG SUNG,Unknown,440010800
/vessels/details/440153000,KCG-1510,Unknown,440153000
/vessels/details/440321030,909BU CHANG HO,Unknown,440321030
/vessels/details/440200114,BANGJE 19 HO,Unknown,440200114
/vessels/details/440506620,P-107,Unknown,440506620
/vessels/details/440121960,301 MYUNG JIN,Unknown,440121960
/vessels/details/440316130,101HONG WOON,Unknown,440316130
/vessels/details/440117320,TAEYANGHO,Unknown,440117320
/vessels/details/440216170,925 YI RU,Unknown,440216170
/vessels/details/440006240,YEONG WONHO,Unknown,440006240
/vessels/details/440028950,LUREFISHING,Unknown,440028950
/vessels/details/440000910,TAE HWA31 HO,Unknown,440000910
/vessels/details/440012020,DAL HAE,Unknown,440012020
/vessels/details/440322450,651PHOENIX3,Unknown,440322450
/vessels/details/440503550,GWANG MYEONG HO,Unknown,440503550
/vessels/details/440108510,TOTAB13HO,Unknown,440108510
/vessels/details/440212810,GA YA HO,Unknown,440212810
/vessels/details/440012920,SANG JIN 5HO,Unknown,440012920
/vessels/details/440198610,BADA1HO,Unknown,440198610
/vessels/details/440152730,86PYEONJINHO,Unknown,440152730
/vessels/details/440311250,2 BU IL HO,Unknown,440311250
/vessels/details/440603230,YEONG SEONG HO,Unknown,440603230
/vessels/details/440210180,HYUNDAIHO,Unknown,440210180
/vessels/details/440012650,PILOT INCHEON 2,Unknown,440012650
/vessels/details/440119525,GLOBAL301,Unknown,440119525
/vessels/details/440031540,BAEKKYEONGHO,Unknown,440031540
/vessels/details/440070430,HYUN..SUNGHO,Unknown,440070430
/vessels/details/440155020,DAEYANG HO,Unknown,440155020
/vessels/details/440214410,SEOHAE NO103,Unknown,440214410
/vessels/details/440183750,162 HAW CHANG,Unknown,440183750
/vessels/details/440319470,SEOUL 8,Unknown (HAZ-A),440319470
/vessels/details/440000640,DAE .KWANG,Unknown,440000640
/vessels/details/440600316,SUNGJIN,Unknown,440600316
/vessels/details/440101850,DAESEUNGHO,Unknown,440101850
/vessels/details/440283218,SUGANYU02832-A18-84,Unknown,440283218
/vessels/details/440504090,3 JANG SIN HO,Unknown,440504090
/vessels/details/440321880,HAE SIN,Unknown,440321880
/vessels/details/440171640,CHANG SEONG HO,Unknown,440171640
/vessels/details/440304900,SAMHO 102,Unknown,440304900
/vessels/details/440156670,207HEUNGSEONG,Unknown,440156670
/vessels/details/440141600,ANSUNGHO,Unknown,440141600
/vessels/details/440599913,05999-138.2V,Unknown,440599913
/vessels/details/440323090,73 DEOK JIN HO,Unknown,440323090
/vessels/details/440160410,SEJINHO,Unknown,440160410
/vessels/details/440600810,DONGDOHO,Unknown,440600810
/vessels/details/440117340,CHANG YANG HO,Unknown,440117340
/vessels/details/440071240,SU YEON6 HO,Unknown,440071240
/vessels/details/440313480,CHUNG-HAE.PILOT-BOAT,Unknown,440313480
/vessels/details/440402270,502HAEJIN,Unknown,440402270
/vessels/details/440301420,YEOSU APHAE,Unknown,440301420
/vessels/details/440119290,5 SAMCHANG,Unknown,440119290
/vessels/details/440410840,2005SUNGYONG,Unknown,440410840
/vessels/details/440016270,TAMGU7HO,Unknown,440016270
/vessels/details/440217260,NEWAPOLLO,Unknown,440217260
/vessels/details/440109541,NO.3 SUNG WON,Unknown,440109541
/vessels/details/440129781,NO.125DAEYANG,Unknown,440129781
/vessels/details/440102750,99 MARINE,Unknown,440102750
/vessels/details/440153370,ANNA,Unknown,440153370
/vessels/details/440061680,SAMHAKDOCRUISE,Unknown,440061680
/vessels/details/440215690,93DAERYOUNGHO,Unknown,440215690
/vessels/details/440704550,GUM SEONG,Unknown,440704550
/vessels/details/440599911,05999-118.1V,Unknown,440599911
/vessels/details/440204200,MYNG DONG HO,Unknown,440204200
/vessels/details/440125890,SAMCHANG,Unknown,440125890
/vessels/details/440326440,305METIS,Unknown,440326440
/vessels/details/440029040,711SEJONG,Unknown,440029040
/vessels/details/440128630,2020 DAE GYEONG,Unknown,440128630
/vessels/details/440121880,YOUNGJIN,Unknown,440121880
/vessels/details/440705876,08,Unknown,440705876
/vessels/details/440128750,503CHANGNAM,Unknown,440128750
/vessels/details/440500008,CT2-4405-8 70,Unknown,440500008
/vessels/details/440108480,TAE YANG HO,Unknown,440108480
/vessels/details/440150130,103 SE JIN,Unknown,440150130
/vessels/details/440322230,EUGENE NO101HO,Unknown,440322230
/vessels/details/440108110,BUSAN 302,Unknown,440108110
/vessels/details/440109770,GUN SAN ARIUL HO,Unknown,440109770
/vessels/details/440706510,501 DAE YANG HO,Unknown,440706510
/vessels/details/440336430,KCGP08,Unknown,440336430
/vessels/details/440000060,MANSONG 2HO,Unknown,440000060
/vessels/details/440002520,GI SEONG,Unknown,440002520
/vessels/details/440165020,SUGYEONGHO,Unknown,440165020
/vessels/details/440181170,GEOJEBADA HO,Unknown,440181170
/vessels/details/440300543,CHURNG KYENG HO,Unknown,440300543
/vessels/details/440708652,866TAEPYOUNG,Unknown,440708652
/vessels/details/440708560,306 DAE HEUNG H0,Unknown,440708560
/vessels/details/440116780,2022TAEYEON,Unknown,440116780
/vessels/details/441200303,LIAOYINGYU26608-3,Unknown,441200303
/vessels/details/440053190,GA ON,Unknown,440053190
/vessels/details/440319040,EUN SEOK 205,Unknown,440319040
/vessels/details/440599902,05999-2 60,Unknown,440599902
/vessels/details/440052430,HONGJUCHEONNYEONHO,Unknown,440052430
/vessels/details/440130390,103 GANG NAM,Unknown,440130390
/vessels/details/440149390,JAUHO,Unknown,440149390
/vessels/details/440119510,2015TAEYANGHO,Unknown,440119510
/vessels/details/440154580,HAEYANGHWANKYUNGJOSA,Unknown,440154580
/vessels/details/440500217,P 35,Unknown,440500217
/vessels/details/440042590,CHEONGUN,Unknown,440042590
/vessels/details/440077370,2018,Unknown,440077370
/vessels/details/440321010,JEON NAM 517HO,Unknown,440321010
/vessels/details/440704130,MYONG KWANG HO,Unknown,440704130
/vessels/details/440315620,GOLDFISHINGLAND,Unknown,440315620
/vessels/details/440061880,1 GUM GANG HO,Unknown,440061880
/vessels/details/440706320,YONG WOO,Unknown,440706320
/vessels/details/440000280,WOON YOUNG,Unknown,440000280
/vessels/details/440304960,58 DEOK JIN HO,Unknown,440304960
/vessels/details/440404090,PILOT KYUNG CHUN,Unknown,440404090
/vessels/details/440337520,MUGUNGHWA NO24,Unknown,440337520
/vessels/details/440469587,ZHEDAIYU04695-7A-90,Unknown,440469587
/vessels/details/440103180,208DAE IL HO,Unknown,440103180
/vessels/details/440021650,SEON YANG HO,Unknown,440021650
/vessels/details/440589801,MINXIAYU05898-1-16,Unknown,440589801
/vessels/details/440300380,2ILKWANG,Unknown,440300380
/vessels/details/440090111,44009-1-85,Unknown,440090111
/vessels/details/440405280,2YEONGSHIN,Unknown,440405280
/vessels/details/440600055,33MYEONG SUNG,Unknown,440600055
/vessels/details/440209860,MIRAE,Unknown,440209860
/vessels/details/440400830,BAIBEU2HO,Unknown,440400830
/vessels/details/440091040,DAEHANHO,Unknown,440091040
/vessels/details/440502600,JEON BUK 330,Unknown,440502600
/vessels/details/441425678,LAN KWAI FONG,Unknown,441425678
/vessels/details/440336020,GEUM SEONG,Unknown,440336020
/vessels/details/440109950,15 MAN GU,Unknown,440109950
/vessels/details/440219090,7DEASUNGHO,Unknown,440219090
/vessels/details/440149910,HWASEONG,Unknown,440149910
/vessels/details/440323660,1 TEA KWANG HO,Unknown,440323660
/vessels/details/440102580,YOO RIM 1HO,Unknown,440102580
/vessels/details/440104860,SSODAMHO,Unknown,440104860
/vessels/details/440200005,4402-5-62,Unknown,440200005
/vessels/details/440141930,UDOFERRY2HO,Unknown,440141930
/vessels/details/440108773,3MYEONGGWANG,Unknown,440108773
/vessels/details/441950615,SUGANYU19506-15-95,Unknown,441950615
/vessels/details/440120130,GEUMHWA HO,Unknown,440120130
/vessels/details/440142010,HYUNDAEHO.WATER,Unknown,440142010
/vessels/details/440130917,26SUN GYEONG,Unknown,440130917
/vessels/details/440103340,HAN JIN A 101HO,Unknown,440103340
/vessels/details/440013800,201HEUNGSUNG,Unknown,440013800
/vessels/details/440100886,120,Unknown,440100886
/vessels/details/440150261,505 DAE PUNG HO,Unknown,440150261
/vessels/details/440332090,YOUNG HAE HO,Unknown,440332090
/vessels/details/440500630,UNGJIN,Unknown,440500630
/vessels/details/440325470,2012HAEYANGHO,Unknown,440325470
/vessels/details/440025510,CHEONG CHUN,Unknown,440025510
/vessels/details/440122640,JE72JIN GWANG HO,Unknown,440122640
/vessels/details/440210030,7 CHUNG JIN HO,Unknown,440210030
/vessels/details/440304630,21KEOMBOK,Unknown,440304630
/vessels/details/440336180,DAEGIL,Unknown,440336180
/vessels/details/440057950,OCEANEEING,Unknown,440057950
/vessels/details/440193480,SPP 11000,Unknown,440193480
/vessels/details/440408240,TAE GWANG HO,Unknown,440408240
/vessels/details/440017690,202MYEONGGWANG,Unknown,440017690
/vessels/details/440122270,SAMCHANG3HO,Unknown,440122270
/vessels/details/440369013,JN RUBY B,Unknown,440369013
/vessels/details/440121420,2JUNJINHO,Unknown,440121420
/vessels/details/440205830,CHOONGNAM503HO,Unknown,440205830
/vessels/details/440119600,3 IDAEHO,Unknown,440119600
/vessels/details/440337950,BADAHO,Unknown,440337950
/vessels/details/440123990,3 GYEONG DEOK,Unknown,440123990
/vessels/details/440305760,PU RU MI 3,Unknown,440305760
/vessels/details/440408660,5 HWA SEONG,Unknown,440408660
/vessels/details/440050520,EOHANG NAMHAE 2HO,Unknown,440050520
/vessels/details/440741800,DAEYANG,Unknown,440741800
/vessels/details/440063640,101 MAE IL,Unknown,440063640
/vessels/details/440162590,GUEMCHANG307,Unknown,440162590
/vessels/details/440205780,MI RI AM HO,Unknown,440205780
/vessels/details/440013570,1YOUNG JU HO,Unknown,440013570
/vessels/details/440413040,2021DAE GIL HO,Unknown,440413040
/vessels/details/440708030,207HAEDO,Unknown,440708030
/vessels/details/440197830,OSPREY,Unknown,440197830
/vessels/details/440122650,66GWANGYANG,Unknown,440122650
/vessels/details/440116661,111KWANGMYEONG,Unknown,440116661
/vessels/details/440506040,YOUNG JIN HO,Unknown,440506040
/vessels/details/440039660,HAEJOEUNHO,Unknown,440039660
/vessels/details/440209893,SEO WON HO,Unknown,440209893
/vessels/details/440161070,888 NAM YANG HO,Unknown,440161070
/vessels/details/440304100,208CHANGNAM,Unknown,440304100
/vessels/details/440508850,JINPO NURI,Unknown,440508850
/vessels/details/440223380,DAESU HO,Unknown,440223380
/vessels/details/440312560,105 NAM YOUNG,Unknown,440312560
/vessels/details/440405060,GUKRIPGONGWON305HO,Unknown,440405060
/vessels/details/440132150,108MYOUNG YANGHO,Unknown,440132150
/vessels/details/440800202,ROK GOV VESSEL,Unknown,440800202
/vessels/details/440050560,1 DAE LIM HO,Unknown,440050560
/vessels/details/440151280,GWANG MIN,Unknown,440151280
/vessels/details/440336970,SAMHEUNG26HO,Unknown,440336970
/vessels/details/440017200,912KILSUNG,Unknown,440017200
/vessels/details/440001730,1 JONG HYUN,Unknown,440001730
/vessels/details/440125720,506JINHUENG,Unknown,440125720
/vessels/details/440015571,SY TEST,Unknown,440015571
/vessels/details/440500160,P-91,Unknown,440500160
/vessels/details/440104440,SEON NAM 9 HO,Unknown,440104440
/vessels/details/441200003,CT3-4412-03,Unknown,441200003
/vessels/details/440007110,KCG CIV-P103,Unknown,440007110
/vessels/details/440325250,YEOSUGYENGDOGOLFRESO,Unknown,440325250
/vessels/details/440204670,JAE KYUNG,Unknown,440204670
/vessels/details/440075780,2018 EUN JIN,Unknown,440075780
/vessels/details/440187010,YONGJINHO,Unknown,440187010
/vessels/details/440023989,85WOOYANG,Unknown,440023989
/vessels/details/440335740,BESEUTEUHO,Unknown,440335740
/vessels/details/440181480,HAEGWANG HO,Unknown,440181480
/vessels/details/440149230,5 NAM YOUNG,Unknown,440149230
/vessels/details/440052420,3BUYENGHO,Unknown,440052420
/vessels/details/440304890,HWANG HAE 3 HO,Unknown,440304890
/vessels/details/440145240,88 TAE IL,Unknown,440145240
/vessels/details/440000990,DEOK SU,Unknown,440000990
/vessels/details/440170480,YE IL HO,Unknown,440170480
/vessels/details/440056090,SEONKYUNG7HO,Unknown,440056090
/vessels/details/440300420,P-51,Unknown,440300420
/vessels/details/440213280,DONG WON HO,Unknown,440213280
/vessels/details/440118050,KAISER,Unknown,440118050
/vessels/details/440113060,TAE JONG 3,Unknown,440113060
/vessels/details/440710800,101 KWONG WON HO,Unknown,440710800
/vessels/details/440129765,NO.125DA,Unknown,440129765
/vessels/details/440703960,2007NAM KYUNG,Unknown,440703960
/vessels/details/440990000,ROK GOV VESSEL,Unknown,440990000
/vessels/details/440314430,WOO RIM 5HO,Unknown,440314430
/vessels/details/440707870,BI JO 2HO,Unknown,440707870
/vessels/details/440126860,32 YONG DEUG,Unknown,440126860
/vessels/details/440117045,YOUNG JIN,Unknown,440117045
/vessels/details/440004320,ODAEYANG 1HO EK 5,Unknown,440004320
/vessels/details/440061010,MYENG JIN HO,Unknown,440061010
/vessels/details/440800203,ROK GOV VESSEL,Unknown,440800203
/vessels/details/440114140,KCGP85,Unknown,440114140
/vessels/details/440127260,NEW MARINE,Unknown,440127260
/vessels/details/440601390,DONG HYEON HO,Unknown,440601390
/vessels/details/440326710,2 TAE GAWANG HO,Unknown,440326710
/vessels/details/440158560,TAE SEONG HO,Unknown,440158560
/vessels/details/440200009,4402-9-96,Unknown,440200009
/vessels/details/440070004,QIONGLE44007-4-62,Unknown,440070004
/vessels/details/440206720,HAE JIN HO,Unknown,440206720
/vessels/details/440006690,YEONG MIN 7 HO,Unknown,440006690
/vessels/details/440202460,BAEK RYAONG1,Unknown,440202460
/vessels/details/440108970,BO KYUNG HO,Unknown,440108970
/vessels/details/440332560,206GABJINHO,Unknown,440332560
/vessels/details/440312490,DONGYANGBANGJEHO,Unknown,440312490
/vessels/details/440599933,05999-337.9V,Unknown,440599933
/vessels/details/440117560,NEW DAI PUNG,Unknown,440117560
/vessels/details/440331240,SAM SUNG HO,Unknown,440331240
/vessels/details/440401381,HAESUNG2,Unknown,440401381
/vessels/details/440216520,DAE YEON HO,Unknown,440216520
/vessels/details/440211520,YU.SUNG.HO,Unknown,440211520
/vessels/details/440151930,SEUNG WON HO,Unknown,440151930
/vessels/details/440132230,77 CHEONG SIN HO,Unknown,440132230
/vessels/details/440126660,SUNGWUN,Unknown,440126660
/vessels/details/440126820,DAEIL 7,Unknown,440126820
/vessels/details/440153960,15 SUNYOUNG,Unknown (HAZ-A),440153960
/vessels/details/440314405,HA GEN HO,Unknown,440314405
/vessels/details/440109510,BANDOHO,Unknown,440109510
/vessels/details/440185890,108JINYEONG,Unknown,440185890
/vessels/details/440219590,HONGSUN,Unknown,440219590
/vessels/details/440109210,JE2CHANGWONHO,Unknown,440109210
/vessels/details/441950614,SUGANYU19506-14-79,Unknown,441950614
/vessels/details/440336820,DAEDONG31HO,Unknown,440336820
/vessels/details/440218380,YONGSUNG,Unknown,440218380
/vessels/details/440302450,606DAEHEUNGHO,Unknown,440302450
/vessels/details/440011520,HAN RA HO,Unknown,440011520
/vessels/details/440013290,207 DUK JIN HO,Unknown,440013290
/vessels/details/440712300,GIL EUN 3HO,Unknown,440712300
/vessels/details/440705720,GANG WON HO,Unknown,440705720
/vessels/details/440501290,3 SUN SHA IN,Unknown,440501290
/vessels/details/440117620,SEON-IN2HO,Unknown,440117620
/vessels/details/440314080,WOOYANG5,Unknown,440314080
/vessels/details/440130330,31 BOK SUNG,Unknown,440130330
/vessels/details/440701390,1 SIN SUN HO,Unknown,440701390
/vessels/details/440097890,5HAEYANGHO,Unknown,440097890
/vessels/details/440330220,HAE IN 3HO,Unknown,440330220
/vessels/details/440318740,SEONG YONG HO,Unknown,440318740
/vessels/details/440413670,MADOROSHO,Unknown,440413670
/vessels/details/440107350,MAMJI1HO,Unknown,440107350
/vessels/details/440327770,JUNSU HO,Unknown,440327770
/vessels/details/440701770,306 DAE YANG,Unknown,440701770
/vessels/details/441701999,XYY01999-47.5V,Unknown,441701999
/vessels/details/440139480,POONGSAN,Unknown,440139480
/vessels/details/440196790,SM-02,Unknown,440196790
/vessels/details/440027690,MALDIVER,Unknown,440027690
/vessels/details/440153270,HYUNDAIHO,Unknown,440153270
/vessels/details/440033580,KST HO,Unknown,440033580
/vessels/details/440110220,NO.1MARINE,Unknown,440110220
/vessels/details/440310570,208 SVN IL HO,Unknown,440310570
/vessels/details/440116760,RES 28,Unknown,440116760
/vessels/details/440002170,SEVEN STAR,Unknown,440002170
/vessels/details/440508060,9HANYANGHO,Unknown,440508060
/vessels/details/440305570,3SOOJINHO,Unknown,440305570
/vessels/details/440225870,DAEJIN NO.11,Unknown,440225870
/vessels/details/440123880,EO HANG NAM HAE 1,Unknown,440123880
/vessels/details/440221940,HANJINTUHO,Unknown,440221940
/vessels/details/440130950,703YONGDUK,Unknown,440130950
/vessels/details/440005570,777YOUNG GWANG HO,Unknown,440005570
/vessels/details/440701230,MANDUK HO,Unknown,440701230
/vessels/details/440125380,71JEONGSUN,Unknown,440125380
/vessels/details/440323810,HAEUNHO,Unknown,440323810
/vessels/details/440330950,NO.78 CHEONG HAI,Unknown,440330950
/vessels/details/440101100,103 GYEONG HAE,Unknown,440101100
/vessels/details/440589816,MINXIAYU05898-16-76,Unknown,440589816
/vessels/details/440219580,HONG JU,Unknown,440219580
/vessels/details/440002120,JAEYENGHO,Unknown,440002120
/vessels/details/440311740,IHWAHO,Unknown,440311740
/vessels/details/440070850,117DONGYEONG,Unknown,440070850
/vessels/details/440004210,PUREUMI YEOCHEON HO,Unknown,440004210
/vessels/details/440000222,SUMBER SM,Unknown,440000222
/vessels/details/440209740,NO707 NAM SUNG HO,Unknown,440209740
/vessels/details/440331390,HEUNGSUNG,Unknown,440331390
/vessels/details/440216510,202CHANGWON,Unknown,440216510
/vessels/details/440058230,DONGBAEK,Unknown,440058230
/vessels/details/440142630,6YUJIN,Unknown,440142630
/vessels/details/440009450,NO.88 KEUMCHANG,Unknown,440009450
/vessels/details/440069370,HAESUNGHO,Unknown,440069370
/vessels/details/440133400,202 GYEONG NAM HO,Unknown,440133400
/vessels/details/440142450,36 JIN KWANG,Unknown,440142450
/vessels/details/440412980,JINSUNG,Unknown,440412980
/vessels/details/440214040,DONGWOONHO,Unknown,440214040
/vessels/details/440000465,SUNG JIN 21,Unknown (HAZ-A),440000465
/vessels/details/440707353,440707353 11.1V,Unknown,440707353
/vessels/details/440011111,456789,Unknown,440011111
/vessels/details/440127840,NAISE HO,Unknown,440127840
/vessels/details/440205210,DAE IL HO,Unknown,440205210
/vessels/details/440338420,CHERRY FISHING HO,Unknown,440338420
/vessels/details/440506741,HYUNJINHO,Unknown,440506741
/vessels/details/440322940,HAE SUNG HO,Unknown,440322940
/vessels/details/440223430,GU MAE,Unknown,440223430
/vessels/details/440070003,QIONGLE44007-3-37,Unknown,440070003
/vessels/details/440707432,440707432 10.8V,Unknown,440707432
/vessels/details/440041461,KCG201,Unknown,440041461
/vessels/details/440065850,JEONTOO,Unknown,440065850
/vessels/details/441788588,ZHELUYU88588-448.2V,Unknown,441788588
/vessels/details/440099570,SEONG AN,Unknown,440099570
/vessels/details/440301340,2002KYUNGIL,Unknown,440301340
/vessels/details/440744900,SEOJUNURI,Unknown,440744900
/vessels/details/440025090,36SEONYANG,Unknown,440025090
/vessels/details/440315000,KCG 1506,Unknown,440315000
/vessels/details/440500019,CT2-4405-19 90,Unknown,440500019
/vessels/details/440143160,2008 HAE YANG HO,Unknown,440143160
/vessels/details/440174580,JEONGWONHO,Unknown,440174580
/vessels/details/440704030,612MYEONGJAE,Unknown,440704030
/vessels/details/440703490,HAEVICHI,Unknown,440703490
/vessels/details/440145690,KANG YANG HO,Unknown,440145690
/vessels/details/440131420,8HAE SANG,Unknown,440131420
/vessels/details/440163340,DONG WON 2HO,Unknown,440163340
/vessels/details/440211810,BAEK SANG EO HO,Unknown,440211810
/vessels/details/440413110,BUYOUNGHO,Unknown,440413110
/vessels/details/440088340,NAMHAEHO,Unknown,440088340
/vessels/details/440212270,TAEYANG6003,Unknown,440212270
/vessels/details/440320520,SUMSUMYEOSU,Unknown,440320520
/vessels/details/440123830,BONG JIN HO,Unknown,440123830
/vessels/details/440157070,UNHWAHO,Unknown,440157070
/vessels/details/440215930,BAEKSEUNGHO,Unknown,440215930
/vessels/details/440412760,YUJEONG,Unknown,440412760
/vessels/details/440125190,305CHANGYEONG,Unknown,440125190
/vessels/details/440079920,113 LEE HYEON HO,Unknown,440079920
/vessels/details/440021120,DONGIL HO,Unknown,440021120
/vessels/details/440016940,SEOHAE JEIL 1HO,Unknown,440016940
/vessels/details/440033510,YEO JA,Unknown,440033510
/vessels/details/441798000,KCG517,Unknown,441798000
/vessels/details/440148290,101 BEOM JIN,Unknown,440148290
/vessels/details/440211790,DAESAN1HO,Unknown,440211790
/vessels/details/440179630,307 YEONG YONG,Unknown,440179630
/vessels/details/440051573,KCG D-01,Unknown,440051573
/vessels/details/440680018,44068-18-91,Unknown,440680018
/vessels/details/440148645,YONG HWA,Unknown,440148645
/vessels/details/440043270,HAN YEON,Unknown,440043270
/vessels/details/440409850,102-CHUNGRYONG,Unknown,440409850
/vessels/details/440109790,YEON MARU,Unknown,440109790
/vessels/details/440158470,KYUNG BOK,Unknown,440158470
/vessels/details/440110530,SINHANGHAEUN3HO,Unknown,440110530
/vessels/details/440192490,YONG SEUNG,Unknown,440192490
/vessels/details/440083910,7 SONG HYEON HO,Unknown,440083910
/vessels/details/440704640,333 CHEON IL,Unknown,440704640
/vessels/details/440042890,GOLDMUNHO,Unknown,440042890
/vessels/details/440508890,DONG GANG 2 HO,Unknown,440508890
/vessels/details/440111390,YUJIN HO,Unknown,440111390
/vessels/details/440124540,153KANG YEONG HO,Unknown,440124540
/vessels/details/440660944,MFDY06609-44-44 90,Unknown,440660944
/vessels/details/440002607,00026-7 80,Unknown,440002607
/vessels/details/440036270,HYEON DAE2HO,Unknown,440036270
/vessels/details/440014540,306JANGYUNG,Unknown,440014540
/vessels/details/440335150,HANA,Unknown,440335150
/vessels/details/440712100,CHANG.SUNG.2.HO,Unknown,440712100
/vessels/details/440006400,INCHEON NO.226,Unknown,440006400
/vessels/details/440325740,202 MI SEONG HO,Unknown,440325740
/vessels/details/440211260,2021 YONG JIN HO,Unknown,440211260
/vessels/details/440113220,NEULPUREUNCHOOM,Unknown,440113220
/vessels/details/440210260,2017YOUNGKWANGHO,Unknown,440210260
/vessels/details/440132630,SOON HANHO,Unknown,440132630
/vessels/details/440014520,MO.2 DAE WON,Unknown,440014520
/vessels/details/440300149,MT BK25,Unknown,440300149
/vessels/details/440093170,701YOUNG NAM HO,Unknown,440093170
/vessels/details/441200007,CT3-4412-7 50,Unknown,441200007
/vessels/details/440413630,505 MANSEONG,Unknown,440413630
/vessels/details/440139790,1007-2,Unknown,440139790
/vessels/details/440403200,NO.111 DAE YANG,Unknown,440403200
/vessels/details/440414420,388BU GANG HO,Unknown,440414420
/vessels/details/440600190,2DAE YEONG HO,Unknown,440600190
/vessels/details/440154360,SUNG GIL HO,Unknown,440154360
/vessels/details/440314830,606DAEHEUNGHO,Unknown,440314830
/vessels/details/440708520,TAMNA,Unknown,440708520
/vessels/details/440219750,BU LIM HO,Unknown,440219750
/vessels/details/440915004,440915-4-77,Unknown,440915004
/vessels/details/440800489,ROK GOV VESSEL,Unknown,440800489
/vessels/details/440084490,KCG CIV-P113,Unknown,440084490
/vessels/details/440156180,SEANG WOO,Unknown,440156180
/vessels/details/440305030,CHEONG HAE 11,Unknown,440305030
/vessels/details/440147400,5DAEGWANGHO,Unknown,440147400
/vessels/details/440080910,PKL.BANGJE,Unknown,440080910
/vessels/details/440333730,HAENG BOG,Unknown,440333730
/vessels/details/441889036,ZEZINHO........,Unknown,441889036
/vessels/details/440404610,DAE SEON HO,Unknown,440404610
/vessels/details/440122280,GAGOPA 2HO,Unknown,440122280
/vessels/details/440018760,NO97KEUMYANGHO,Unknown,440018760
/vessels/details/440046940,2023 HYEK SIN HO,Unknown,440046940
/vessels/details/440106010,YOUNGSANHO,Unknown,440106010
/vessels/details/440211620,JE1HYENDEOKHO,Unknown,440211620
/vessels/details/440053200,20M,Unknown,440053200
/vessels/details/440029990,DAEBOGHO,Unknown,440029990
/vessels/details/440600384,DONG IL HO,Unknown,440600384
/vessels/details/440534199,LUCHENGYU60658-16,Unknown,440534199
/vessels/details/440701210,500 DONG YANG,Unknown,440701210
/vessels/details/440860555,LUCHENGYU61595-1 55,Unknown,440860555
/vessels/details/440301920,SEONGGAM HO,Unknown,440301920
/vessels/details/440507920,CHEON HAE HO,Unknown,440507920
/vessels/details/440706670,2012NAMSUNG,Unknown,440706670
/vessels/details/440303560,NO.2 NAM YOUNG,Unknown,440303560
/vessels/details/440412520,5YEONSOOHO,Unknown,440412520
/vessels/details/440401397,HAESUNG2,Unknown,440401397
/vessels/details/440116270,HANJIN,Unknown,440116270
/vessels/details/440125620,339POONGWOON,Unknown,440125620
/vessels/details/440128140,3DEASUNGHO,Unknown,440128140
/vessels/details/440000082,IN CHEON 201 HO,Unknown,440000082
/vessels/details/440020280,HWA GEONG HO,Unknown,440020280
/vessels/details/440151170,MYEONGJINHO,Unknown,440151170
/vessels/details/440053060,JAEWON,Unknown,440053060
/vessels/details/440221050,EOHANG SEOHAE 2,Unknown,440221050
/vessels/details/440325060,HANKUK SUJUNG KISUL1,Unknown,440325060
/vessels/details/440175450,SUNSTARHO,Unknown,440175450
/vessels/details/440176020,TEAPYUNGYANG HO,Unknown,440176020
/vessels/details/440322040,2YUSEUNGHO,Unknown,440322040
/vessels/details/440206640,GYEONGAEHO,Unknown,440206640
/vessels/details/440039790,135 YEONG HEA HO,Unknown,440039790
/vessels/details/440204277,KYEONGILHO,Unknown,440204277
/vessels/details/440503960,88 SAM GWANG,Unknown,440503960
/vessels/details/440704271,37 JINSUNG,Unknown,440704271
/vessels/details/440503030,NAM-SEONG,Unknown,440503030
/vessels/details/440100850,7 MANBOK,Unknown,440100850
/vessels/details/440503620,NO.97 YU SEONG,Unknown,440503620
/vessels/details/440055340,PILOT BOAT 33YONGBI,Unknown,440055340
/vessels/details/440160050,DAE SEONG,Unknown,440160050
/vessels/details/440313940,2017 GUK JE HO,Unknown,440313940
/vessels/details/440167010,SINHAEHANGBADA HO,Unknown,440167010
/vessels/details/440168610,JE 7 HE YANG HO,Unknown,440168610
/vessels/details/440140730,NICE2HO,Unknown,440140730
/vessels/details/440218050,606 JAE YOUNG HO,Unknown,440218050
/vessels/details/440503920,SEONMANG NO1,Unknown,440503920
/vessels/details/440100001,AABB,Unknown,440100001
/vessels/details/440103550,505MAN SEON HO,Unknown,440103550
/vessels/details/440217920,808ILSUNGHO,Unknown,440217920
/vessels/details/440703480,DAE UN HO,Unknown,440703480
/vessels/details/440209540,JIN SEONG HO,Unknown,440209540
/vessels/details/440105260,JOO AN HO,Unknown,440105260
/vessels/details/440017530,HAE SUNG,Unknown,440017530
/vessels/details/441938000,KCG1508,Unknown,441938000
/vessels/details/440131280,202HYUNG SUNG,Unknown,440131280
/vessels/details/440500230,SEOUL NO.6,Unknown,440500230
/vessels/details/440046840,2023 DAE SIN,Unknown,440046840
/vessels/details/440203890,WOONYEONGHO,Unknown,440203890
/vessels/details/440602850,SSAT1HO,Unknown,440602850
/vessels/details/440133660,KYUNGJINHO,Unknown,440133660
/vessels/details/440156290,GYEONG NAM 328HO,Unknown,440156290
/vessels/details/440500120,KCG P38,Unknown,440500120
/vessels/details/440500400,866TAEPYOUNG,Unknown,440500400
/vessels/details/440589802,MINXIAYU05898-2-82,Unknown,440589802
/vessels/details/440120830,61KEUMYOUNG,Unknown,440120830
/vessels/details/440997777,SIN WOO,Unknown,440997777
/vessels/details/440705690,1 YANG SUNG HO,Unknown,440705690
/vessels/details/440149480,LA IM,Unknown,440149480
/vessels/details/440701690,2016YONGJIN,Unknown,440701690
/vessels/details/440212390,NAM JU 5HO,Unknown,440212390
/vessels/details/440050170,MAN SU HO,Unknown,440050170
/vessels/details/440078261,KWANGYANG FRONTIER,Unknown (HAZ-A),440078261
/vessels/details/440000426,JEUNG SUN HO,Unknown,440000426
/vessels/details/440126250,5 DONG HAE HO,Unknown,440126250
/vessels/details/440007620,JIN SUNG HO,Unknown,440007620
/vessels/details/440111180,CHEONG MYUNG HO,Unknown,440111180
/vessels/details/440102610,P-128,Unknown,440102610
/vessels/details/440126500,SAE JIN HO,Unknown,440126500
/vessels/details/441711000,KCG513,Unknown,441711000
/vessels/details/440704210,88 JE IL,Unknown,440704210
/vessels/details/440331210,HWAN SUNG HO,Unknown,440331210
/vessels/details/441144278,HONGXIANG68,Unknown,441144278
/vessels/details/440700600,136DANURI,Unknown,440700600
/vessels/details/440010770,5 SHIN HAE HO,Unknown,440010770
/vessels/details/440599937,05999-378.4V,Unknown,440599937
/vessels/details/440710900,2022DAE KYOUNG,Unknown,440710900
/vessels/details/440702030,DAEGUK25HO,Unknown,440702030
/vessels/details/440703520,987JOOOANGHO,Unknown,440703520
/vessels/details/440181050,JANG SUNG HO,Unknown,440181050
/vessels/details/440204440,SANG.YEON.1HO,Unknown,440204440
/vessels/details/440008970,UST21,Unknown,440008970
/vessels/details/440196670,2021 SHIN YOUNG,Unknown,440196670
/vessels/details/440179560,MARINE GUARD,Unknown,440179560
/vessels/details/441916661,ZZ666-28,Unknown,441916661
/vessels/details/440101009,18DUCKJIN,Unknown,440101009
/vessels/details/440302020,HYODONGBANGJE1,Unknown,440302020
/vessels/details/440018440,YU LIM HO,Unknown,440018440
/vessels/details/440810001,ZHEDAIYU04408-01-37,Unknown,440810001
/vessels/details/440118120,SINYEONG,Unknown,440118120
/vessels/details/440328750,SAE MAN GEUM HO,Unknown,440328750
/vessels/details/440702080,YUSEONG,Unknown,440702080
/vessels/details/440037490,HYUNG JE 3 HO,Unknown,440037490
/vessels/details/440130040,81 GAB SEONG HO,Unknown,440130040
/vessels/details/440060090,S-32JUNG,Unknown,440060090
/vessels/details/440337650,SAC HEON,Unknown,440337650
/vessels/details/440074140,NO.81 SHIN HYUN,Unknown,440074140
/vessels/details/440138960,2017 BONG YOUNG HO,Unknown,440138960
/vessels/details/440034480,CHEON YANG 1HO,Unknown,440034480
/vessels/details/440500110,P-30,Unknown,440500110
/vessels/details/440068040,388 WOO RIM HO,Unknown,440068040
/vessels/details/440205920,85SUBOKHO,Unknown,440205920
/vessels/details/440410480,20MINSEONGHO,Unknown,440410480
/vessels/details/440800237,ROK GOV VESSEL,Unknown,440800237
/vessels/details/440222630,1SUNJIN,Unknown,440222630
/vessels/details/440119480,DONGSEONGHO,Unknown,440119480
/vessels/details/440210070,201GIL EUNHO,Unknown,440210070
/vessels/details/440049470,MAN SEONG HO,Unknown,440049470
/vessels/details/440164690,NEW ARA HO,Unknown,440164690
/vessels/details/440004540,201 NAM KYUNG HO,Unknown,440004540
/vessels/details/440168220,102SUNG UNG HO,Unknown,440168220
/vessels/details/440002507,QI MEI 04-48,Unknown,440002507
/vessels/details/440203500,77 MYEONGSEONG,Unknown,440203500
/vessels/details/440320180,2020HAEGEUM,Unknown,440320180
/vessels/details/440201300,3001YOOILHO,Unknown,440201300
/vessels/details/440057330,3 GI SEUNG HO,Unknown,440057330
/vessels/details/440143400,ARAN HO,Unknown,440143400
/vessels/details/440059320,DONG A HO,Unknown,440059320
/vessels/details/440707330,707HAEJIN,Unknown,440707330
/vessels/details/440184430,DEOK SEONG HO,Unknown,440184430
/vessels/details/440058410,GUKRIPGONGWON306HO,Unknown,440058410
/vessels/details/440385001,440385-1-72,Unknown,440385001
/vessels/details/440745200,NEW GREEN NO.3,Unknown,440745200
/vessels/details/440135120,205EOSA,Unknown,440135120
/vessels/details/440105205,GOLD STAR HO,Unknown,440105205
/vessels/details/440139530,KWANGSUNG9HO,Unknown,440139530
/vessels/details/440800069,GNN0017,Unknown,440800069
/vessels/details/440082290,2020HAN JIN,Unknown,440082290
/vessels/details/440130930,26SUN GYEONG,Unknown,440130930
/vessels/details/440702850,MYEONGCHEON,Unknown,440702850
/vessels/details/440109180,109SEUNGJIN,Unknown,440109180
/vessels/details/440200151,HAEDONG,Unknown,440200151
/vessels/details/440414440,TAESAN HO,Unknown,440414440
/vessels/details/440105130,EUNBITNAREHO,Unknown,440105130
/vessels/details/440124830,WORLD5HO,Unknown,440124830
/vessels/details/440143770,909CHANGSEONG HO,Unknown,440143770
/vessels/details/440313560,101 HAE IN HO,Unknown,440313560
/vessels/details/440305540,JANGBOGOHO,Unknown,440305540
/vessels/details/440310120,107BU YEONG HO,Unknown,440310120
/vessels/details/440703280,800 DONG YANG HO,Unknown,440703280
/vessels/details/440510053,MOKLYUN,Unknown,440510053
/vessels/details/440306120,JEONNAM539HO,Unknown,440306120
/vessels/details/440599916,05999-168.3V,Unknown,440599916
/vessels/details/440210360,77PYEONGEUNHO,Unknown,440210360
/vessels/details/440600069,29YUNG JIN,Unknown,440600069
/vessels/details/440003990,109 YOO JEONG,Unknown,440003990
/vessels/details/440502210,CNC11HO,Unknown,440502210
/vessels/details/440172120,KYUNGDONG,Unknown,440172120
/vessels/details/440200030,HAENGBOGHO,Unknown,440200030
/vessels/details/440703340,2DAESEUNG,Unknown,440703340
/vessels/details/440703470,2008YONGCHEON,Unknown,440703470
/vessels/details/440131090,GYUNG NAM 704,Unknown,440131090
/vessels/details/440300200,MUGUNGHWA25,Unknown,440300200
/vessels/details/440143220,MIJOHO,Unknown,440143220
/vessels/details/440506480,YEOSU HAE YANG 1 HO,Unknown,440506480
/vessels/details/440070120,2018WOOJINHO,Unknown,440070120
/vessels/details/440318130,868 MAN SEON,Unknown,440318130
/vessels/details/440007080,P53,Unknown,440007080
/vessels/details/440800049,ROK GOVERMENT,Unknown,440800049
/vessels/details/440412517,NO.5 GEUM HWA,Unknown,440412517
/vessels/details/440101800,KCG 300,Unknown,440101800
/vessels/details/440106080,505 SAM KWANG,Unknown,440106080
/vessels/details/440706570,SAMHO 105HO,Unknown,440706570
/vessels/details/440705230,KYENG SUNG HO,Unknown,440705230
/vessels/details/440113320,HYAESOOHO,Unknown,440113320
/vessels/details/440300480,JEONNAM201HO,Unknown,440300480
/vessels/details/440401520,YOUNGVIHO,Unknown,440401520
/vessels/details/440098520,SINNAMHO,Unknown,440098520
/vessels/details/440302710,WOO KUK T7,Unknown,440302710
/vessels/details/440104750,DONG GWANG HO,Unknown,440104750
/vessels/details/440500020,CT2-4405-20 90,Unknown,440500020
/vessels/details/440107100,78MYEONG CHEON,Unknown,440107100
/vessels/details/440700820,209MYEONGSEONG,Unknown,440700820
/vessels/details/440300120,MT BK25,Unknown,440300120
/vessels/details/440000475,AJU 22HO,Unknown,440000475
/vessels/details/440402480,3 KANG NAM,Unknown,440402480
/vessels/details/440002210,BANGJE1HO,Unknown,440002210
/vessels/details/440204780,CHEONGYEONG,Unknown,440204780
/vessels/details/440058180,SUN JIN 9HO,Unknown,440058180
/vessels/details/440029730,101 DONG HAE,Unknown,440029730
/vessels/details/440180250,SACHEONBADAHO,Unknown,440180250
/vessels/details/440121860,KWINDS 1,Unknown,440121860
/vessels/details/440019060,HAEYANG,Unknown,440019060
/vessels/details/440101025,123,Unknown,440101025
/vessels/details/440203140,DONG HYEON HO,Unknown,440203140
/vessels/details/440126080,KOSCO 2000,Unknown,440126080
/vessels/details/440700580,108 BONG SUNG,Unknown,440700580
/vessels/details/440700480,101SAMJEN HO,Unknown,440700480
/vessels/details/440192590,CHEONG JIN,Unknown,440192590
/vessels/details/440500023,CT2-4405-23 90,Unknown,440500023
/vessels/details/440800583,ROK GOV VESSEL,Unknown,440800583
/vessels/details/440006570,JE105 YU IL HO,Unknown,440006570
/vessels/details/440327470,202HANG RO PYO JI HO,Unknown,440327470
/vessels/details/440144970,DUK KIL HO,Unknown,440144970
/vessels/details/440599935,05999-358.2V,Unknown,440599935
/vessels/details/440200340,DO HYEON 3HO,Unknown,440200340
/vessels/details/440015030,YOUNGJIN,Unknown,440015030
/vessels/details/440705060,SOOJIN,Unknown,440705060
/vessels/details/440041141,DONGBACK01,Unknown,440041141
/vessels/details/440134820,108GONGJIN,Unknown,440134820
/vessels/details/440044370,BENZ,Unknown,440044370
/vessels/details/440149650,BACK JO 3 HO,Unknown,440149650
/vessels/details/440327630,101 HAE SUNG,Unknown,440327630
/vessels/details/440115280,DOKSURI NO.7,Unknown,440115280
/vessels/details/440200193,88 TAE YANG,Unknown,440200193
/vessels/details/440013180,58SG,Unknown,440013180
/vessels/details/440025920,HAENGBOKHO,Unknown,440025920
/vessels/details/440099940,MIN SUNG 1 HO,Unknown,440099940
/vessels/details/440331510,103GAPJINHO,Unknown,440331510
/vessels/details/440003640,DEOK SEONG,Unknown,440003640
/vessels/details/440504810,MYUNGJIN,Unknown,440504810
/vessels/details/440319560,BI DOOL GI,Unknown,440319560
/vessels/details/440321394,XYY21394-87.5V,Unknown,440321394
/vessels/details/440008160,HAE YANG NO5,Unknown,440008160
/vessels/details/440014600,707 TAE DONG HO,Unknown,440014600
/vessels/details/440704810,NAM KYOUNG,Unknown,440704810
/vessels/details/441760064,BUOY 760-64 8V2,Unknown,441760064
/vessels/details/440086234,CAME-6 34,Unknown,440086234
/vessels/details/440064950,BIGBOSFISHING,Unknown,440064950
/vessels/details/440766605,FLSHLNZ-6 47,Unknown,440766605
/vessels/details/441840504,ZS718 12V8,Unknown,441840504
/vessels/details/440404230,SHIN DONG,Unknown,440404230
/vessels/details/440189680,GANG JIN 2 HO,Unknown,440189680
/vessels/details/440032790,SAJAHO,Unknown,440032790
/vessels/details/440204261,KYEONGILHO,Unknown,440204261
/vessels/details/440013680,P-110,Unknown,440013680
/vessels/details/440018310,YEONG JONG NO1,Unknown,440018310
/vessels/details/440069010,JEONNAM203HO,Unknown,440069010
/vessels/details/440142640,7YUJIN,Unknown,440142640
/vessels/details/440800029,ROK GOV VESSEL,Unknown,440800029
/vessels/details/440308480,JANG MI 2HO,Unknown,440308480
/vessels/details/440505460,KCG P-03,Unknown,440505460
/vessels/details/440120421,5DAE PUNG HO,Unknown (HAZ-B),440120421
/vessels/details/440102370,508SOON YANG,Unknown,440102370
/vessels/details/440046860,KYEONGSEONGHO,Unknown,440046860
/vessels/details/440308250,2007HAE YANG HO,Unknown,440308250
/vessels/details/440075510,BORYEONG7HO,Unknown,440075510
/vessels/details/440215020,CHUNGNAM 601,Unknown,440215020
/vessels/details/440147685,NO.11WOOYANG,Unknown,440147685
/vessels/details/440800175,ROK GOV VESSEL,Unknown,440800175
/vessels/details/440223710,DAE DONG 10,Unknown,440223710
/vessels/details/440055890,17DONGYANG,Unknown,440055890
/vessels/details/440138890,HAE SUNG HO,Unknown,440138890
/vessels/details/440012520,R E C O N,Unknown,440012520
/vessels/details/440214420,HODO 2,Unknown,440214420
/vessels/details/440320340,SUJIN,Unknown,440320340
/vessels/details/440207130,GEUM SU HO,Unknown,440207130
/vessels/details/440309920,AUDREY SEO,Unknown,440309920
/vessels/details/440301430,NO3SEJONGHO,Unknown (HAZ-A),440301430
/vessels/details/440336690,GANGHWA DANGUNARA HO,Unknown,440336690
/vessels/details/440116240,38MI RAE HO,Unknown,440116240
/vessels/details/440146810,SHINWON.5HO,Unknown,440146810
/vessels/details/440332080,202 HAN IL HO,Unknown,440332080
/vessels/details/440084410,KCG216,Unknown,440084410
/vessels/details/440114620,DAE SUNG 8,Unknown,440114620
/vessels/details/440219300,GUMYOUNG,Unknown,440219300
/vessels/details/440132850,2025AN SEONG HO,Unknown,440132850
/vessels/details/440503650,TAEDONG,Unknown,440503650
/vessels/details/440215580,BOKSEONGHO,Unknown,440215580
/vessels/details/440099350,NO101 CHANG SIN HO,Unknown,440099350
/vessels/details/440094690,9009 KYUNG JIN HO,Unknown,440094690
/vessels/details/440500018,CT2-4405-18 90,Unknown,440500018
/vessels/details/440025880,GEOJEYEOHANGHO,Unknown,440025880
/vessels/details/440076260,1166 .WOO0.DAM,Unknown,440076260
/vessels/details/440196920,KCG 521,Unknown,440196920
/vessels/details/440216420,GILEUN2HO,Unknown,440216420
/vessels/details/440112220,HANHWA 3600,Unknown,440112220
/vessels/details/440020010,INSUNG NO.2,Unknown,440020010
/vessels/details/440600842,DAEYANG,Unknown,440600842
/vessels/details/440215150,203DAEYOUNGHO,Unknown,440215150
/vessels/details/440164730,CHANG NAM HO,Unknown,440164730
/vessels/details/440162380,133MYEONGGYENG,Unknown,440162380
/vessels/details/440071490,YONGNAM2H0,Unknown,440071490
/vessels/details/440322720,CHEONBAEK,Unknown,440322720
/vessels/details/440225060,SANGROK NO6,Unknown,440225060
/vessels/details/440302830,DAE YANG,Unknown,440302830
/vessels/details/440225360,2 SE JIN HO,Unknown,440225360
/vessels/details/440196880,1 GEUMHWA,Unknown,440196880
/vessels/details/440412110,17BUKYEONG,Unknown,440412110
/vessels/details/440500220,P-58JUNG,Unknown,440500220
/vessels/details/440014930,GYEONGNAMCHEONGJEONG,Unknown,440014930
/vessels/details/441778779,QN,Unknown (HAZ-A),441778779
/vessels/details/440315710,NO.107 BU CHANG,Unknown,440315710
/vessels/details/440331630,2002 GEON YANG,Unknown,440331630
/vessels/details/440224100,SUNBOKHO,Unknown,440224100
/vessels/details/440065170,886PUNG JUNG HO,Unknown,440065170
/vessels/details/440283213,SUGANYU02832-A13-87,Unknown,440283213
/vessels/details/440599912,05999-127.9V,Unknown,440599912
/vessels/details/440704830,SOO BOK 2HO,Unknown,440704830
/vessels/details/440469567,ZHEDAIYU04695-5A-84,Unknown,440469567
/vessels/details/440411750,101 AN YANG HO,Unknown,440411750
/vessels/details/440056040,1EO JIN,Unknown,440056040
/vessels/details/440715200,2022 SIN IL,Unknown,440715200
/vessels/details/440080949,32 GUEM JEONG,Unknown,440080949
/vessels/details/440010300,ONGJINGALMAEGI,Unknown,440010300
/vessels/details/440057980,YONGJUNHO,Unknown,440057980
/vessels/details/440120430,5DAE PUNG HO,Unknown,440120430
/vessels/details/440209940,SUNG SHIN 10001 HO,Unknown,440209940
/vessels/details/440000035,MINH-TRI-CAN62,Unknown,440000035
/vessels/details/440098940,73DAEMYUNG,Unknown,440098940
/vessels/details/440335390,NO11DONG SUNG,Unknown,440335390
/vessels/details/440204770,YURI HO,Unknown,440204770
/vessels/details/440148770,BIG STAR NO.3,Unknown,440148770
/vessels/details/440123580,2001 CHEOL YONG,Unknown,440123580
/vessels/details/440055490,A RA HO,Unknown,440055490
/vessels/details/440874000,KCG3006,Unknown,440874000
/vessels/details/440195110,153 GYOUNG MIN,Unknown,440195110
/vessels/details/440144400,DAE SEONG 103,Unknown,440144400
/vessels/details/440601480,NO306DAESUNG,Unknown,440601480
/vessels/details/440144360,JE2 ORION HO,Unknown,440144360
/vessels/details/440009730,DONG YANG,Unknown,440009730
/vessels/details/440011290,HAEMIRAE,Unknown,440011290
/vessels/details/440313750,2024JINSEONG,Unknown,440313750
/vessels/details/440707170,303,Unknown,440707170
/vessels/details/440108650,153DONGGWANG,Unknown,440108650
/vessels/details/440211540,SINSUNGHO,Unknown,440211540
/vessels/details/440680012,44068-12-94,Unknown,440680012
/vessels/details/440503540,DONG JIN HO,Unknown,440503540
/vessels/details/440321240,SKY,Unknown,440321240
/vessels/details/440322910,606YU JIN HO,Unknown,440322910
/vessels/details/440706380,307PUNGYANG,Unknown,440706380
/vessels/details/440139640,HANAHO,Unknown,440139640
/vessels/details/440108520,P-71,Unknown,440108520
/vessels/details/440000468,TAE HWA102HO,Unknown,440000468
/vessels/details/440005970,DONGHAE101HO,Unknown,440005970
/vessels/details/440103940,BEEN STAR,Unknown,440103940
/vessels/details/440004310,SAMSUNG NO.5,Unknown,440004310
/vessels/details/440162330,88MANGU,Unknown,440162330
/vessels/details/440029810,CHUENG UN HO,Unknown,440029810
/vessels/details/440070220,203 KYEONG PO HO,Unknown,440070220
/vessels/details/440135040,707 SAM WOO,Unknown,440135040
/vessels/details/440125270,1288CHEONG YONG,Unknown,440125270
/vessels/details/440224270,DAE WON HO,Unknown,440224270
/vessels/details/440778037,XYY78037-48.0V,Unknown,440778037
/vessels/details/440321130,DAE JEONG,Unknown,440321130
/vessels/details/440206230,DAE JI HO,Unknown,440206230
/vessels/details/440319930,DAEWANGHO,Unknown,440319930
/vessels/details/440097070,103 MAE IL HO,Unknown,440097070
/vessels/details/440147260,307SEOJIN,Unknown,440147260
/vessels/details/440190770,SIN ARA HO,Unknown,440190770
/vessels/details/440409310,2 GEUM GANG HO,Unknown,440409310
/vessels/details/440705790,NA IN 1HO,Unknown,440705790
/vessels/details/440335490,HE SUNG,Unknown,440335490
/vessels/details/440601250,108 WOO JIN,Unknown,440601250
/vessels/details/440325230,103DEON YANG HO,Unknown,440325230
/vessels/details/440332950,YEONG GWANG HO,Unknown,440332950
/vessels/details/440680016,44068-16-31,Unknown,440680016
/vessels/details/440300001,CTR4403-01-99,Unknown,440300001
/vessels/details/440133970,SAM YOUNG 5 HO,Unknown,440133970
/vessels/details/440007809,P7 BATQUAI 35A11.99,Unknown,440007809
/vessels/details/440706660,ASIA7HO,Unknown,440706660
/vessels/details/440097360,KCG 520 HAM,Unknown,440097360
/vessels/details/440128110,7 DUCK PO HO,Unknown,440128110
/vessels/details/440020210,888 SUN JIN HO,Unknown,440020210
/vessels/details/440099510,3 CHUNG NAM HO,Unknown,440099510
/vessels/details/440146790,101HAEANHO,Unknown,440146790
/vessels/details/440022930,101HAN IL HO,Unknown,440022930
/vessels/details/440017280,GREENHO,Unknown,440017280
/vessels/details/440172520,MARINEO HO,Unknown,440172520
/vessels/details/440146150,CHOE KANG READ 2 HO,Unknown,440146150
/vessels/details/440150310,SIM CHANG 7HO,Unknown,440150310
/vessels/details/440191490,DAE GIL HO,Unknown,440191490
/vessels/details/440108360,SEONGSU HO,Unknown,440108360
/vessels/details/440108040,203 WOOYAMG,Unknown,440108040
/vessels/details/440300177,BANGJE17,Unknown,440300177
/vessels/details/440706990,303WOO JIN HO,Unknown,440706990
/vessels/details/440030130,VS16,Unknown,440030130
/vessels/details/440302270,KOOKRIBGONGWON201,Unknown,440302270
/vessels/details/440072430,KCG CIV-P125,Unknown,440072430
/vessels/details/440599903,05999-3 90,Unknown,440599903
/vessels/details/440109557,BONG SUNG HO,Unknown,440109557
/vessels/details/440318650,HYUN IL HO,Unknown,440318650
/vessels/details/440051250,301SINHEUNG,Unknown,440051250
/vessels/details/440167840,GEOJE ISLAND,Unknown,440167840
/vessels/details/440223650,ILSIN,Unknown,440223650
/vessels/details/440412570,2013SSANGYONHO,Unknown,440412570
/vessels/details/440360053,NARA,Unknown,440360053
/vessels/details/440321590,GUKLIBGONGWON304HO,Unknown,440321590
/vessels/details/440302530,YOUNG GWANG HO,Unknown,440302530
/vessels/details/440501770,EUN A HO,Unknown,440501770
/vessels/details/440209970,SUNGBOKHO,Unknown,440209970
/vessels/details/440600407,CHANG HEUNG,Unknown,440600407
/vessels/details/440402440,HWA PYEONG,Unknown,440402440
/vessels/details/440301360,BADA2HO,Unknown,440301360
/vessels/details/440518801,HUAYANG-0199,Unknown,440518801
/vessels/details/440121900,ASIA5HO,Unknown,440121900
/vessels/details/440111750,YOUNGKWANG,Unknown,440111750
/vessels/details/440130037,81 GAB SEONG HO,Unknown,440130037
/vessels/details/440013440,SEUNGCHANGHO,Unknown,440013440
/vessels/details/440302280,KCG P36,Unknown,440302280
/vessels/details/440328220,JINSUNG,Unknown,440328220
/vessels/details/440158230,9YUJIN,Unknown,440158230
/vessels/details/440317950,77 YOUNG BOO HO,Unknown,440317950
/vessels/details/440002470,KCG P75,Unknown,440002470
/vessels/details/440596810,05968-10-74,Unknown,440596810
/vessels/details/440171420,QUEEN STARE,Unknown,440171420
/vessels/details/440211040,MYEONG.GWANG.HO,Unknown,440211040
/vessels/details/440702450,HAN RA HO,Unknown,440702450
/vessels/details/440132470,JUNG WOO,Unknown,440132470
/vessels/details/440098630,203NAM KWANG HO,Unknown,440098630
/vessels/details/440073210,2020CHEONGUNHO,Unknown,440073210
/vessels/details/440196660,JE8SEJIN,Unknown,440196660
/vessels/details/440731500,182 HWA CHANG,Unknown,440731500
/vessels/details/440599905,05999-5 90,Unknown,440599905
/vessels/details/440321860,NO.26 KEOMBOCK,Unknown,440321860
/vessels/details/440089250,207 HAE JIN,Unknown,440089250
/vessels/details/440318760,NO2 DONG SUNG,Unknown (HAZ-A),440318760
/vessels/details/440216670,DEOGSEONGHO,Unknown,440216670
/vessels/details/440124430,3 KUM KANG HO,Unknown,440124430
/vessels/details/440112230,KCG-97,Unknown,440112230
/vessels/details/440130920,25SUN GYEONG,Unknown,440130920
/vessels/details/440145300,SEONYEONG2HO,Unknown,440145300
/vessels/details/440110200,SAMJUNG 3HO,Unknown,440110200
/vessels/details/440408720,SEEHYUNHO,Unknown,440408720
/vessels/details/440705530,SEO GUI 1HO,Unknown,440705530
/vessels/details/440141210,DAEYANGHO,Unknown,440141210
/vessels/details/440059760,ROYALBRIDGE2,Unknown,440059760
/vessels/details/440409350,GYEONG BUK NO.312,Unknown,440409350
/vessels/details/440111333,KUMHO1,Unknown,440111333
/vessels/details/440185090,YONG MA NO29,Unknown,440185090
/vessels/details/440034140,GAESUNG,Unknown,440034140
/vessels/details/440212220,ILLAND,Unknown,440212220
/vessels/details/440123260,YOUNGII,Unknown,440123260
/vessels/details/440300180,JEONNAM914,Unknown,440300180
/vessels/details/440385003,440385-3-69,Unknown,440385003
/vessels/details/441059000,KCG3007,Unknown,441059000
/vessels/details/440327717,101SUNG UNG HO,Unknown,440327717
/vessels/details/440409510,KOOKGANG HO,Unknown,440409510
/vessels/details/440700400,866TAEPYOUNG,Unknown,440700400
/vessels/details/440200163,KCG P68,Unknown,440200163
/vessels/details/440149680,KCG501,Unknown,440149680
/vessels/details/440186630,BLUEBIRD,Unknown,440186630
/vessels/details/440159030,MIJINHO,Unknown,440159030
/vessels/details/440108770,WOONG JIN T1100 HO,Unknown,440108770
/vessels/details/440155250,21 MOON SUNG,Unknown,440155250
/vessels/details/440126140,33 IL JIN,Unknown,440126140
/vessels/details/440121910,8 DAE YANG HO,Unknown,440121910
/vessels/details/440068970,KCG CSRV-01,Unknown,440068970
/vessels/details/441234021,NO.37 MUGUNGHWA,Unknown,441234021
/vessels/details/440403470,CHANG IL HO,Unknown,440403470
/vessels/details/440518810,HUAYANG-1018,Unknown,440518810
/vessels/details/440221860,HYUNDAI 10HO,Unknown,440221860
/vessels/details/440306420,BAEK UN,Unknown,440306420
/vessels/details/440403320,77KUMGANGHO,Unknown,440403320
/vessels/details/440304350,8008 SIN GWANG,Unknown,440304350
/vessels/details/440181520,SOOJUNGHO,Unknown,440181520
/vessels/details/440600049,33 YEONGSHIN,Unknown,440600049
/vessels/details/440800199,ROK GOV VESSEL,Unknown,440800199
/vessels/details/440136550,BAEKJO102HO,Unknown,440136550
/vessels/details/440322540,3HWA IN HO,Unknown,440322540
/vessels/details/440708820,BONA J,Unknown,440708820
/vessels/details/440599934,05999-347.3V,Unknown,440599934
/vessels/details/440150020,3 CHUNG MU,Unknown,440150020
/vessels/details/440104580,35 HEE YOUNG HO,Unknown,440104580
/vessels/details/440002940,JE 7 YE SAN HO,Unknown,440002940
/vessels/details/440315030,TAEGEUK27,Unknown,440315030
/vessels/details/440220050,TAESUNG,Unknown,440220050
/vessels/details/440001300,INCHON 518,Unknown (HAZ-A),440001300
/vessels/details/440051710,NO.3 HO NAM,Unknown,440051710
/vessels/details/440049870,EOHANG DONGHAE 3HO,Unknown,440049870
/vessels/details/440011200,SEOUL NO.5,Unknown,440011200
/vessels/details/440800137,ROK GOV VESSEL,Unknown,440800137
/vessels/details/440216165,MIN SEONG 0,Unknown,440216165
/vessels/details/440400100,2022YOUNG DUK,Unknown,440400100
/vessels/details/440138520,HYUNDAI 1HO,Unknown,440138520
/vessels/details/440409220,INSUNHO,Unknown,440409220
/vessels/details/440001720,SEONG JIN 2 HO,Unknown,440001720
/vessels/details/440024410,KWANGJIN NO15,Unknown,440024410
/vessels/details/440057880,JONG WON HO,Unknown,440057880
/vessels/details/440302630,102 DAE SEUNG HO,Unknown,440302630
/vessels/details/440115080,AN SUNG HO,Unknown,440115080
/vessels/details/440041450,KCG201,Unknown,440041450
/vessels/details/440091020,KCG518,Unknown,440091020
/vessels/details/440112550,111WOONG CHEON,Unknown,440112550
/vessels/details/440333450,SANG JIN 9HO,Unknown,440333450
/vessels/details/440015300,EMPEROR,Unknown,440015300
/vessels/details/440179960,2024 YOU JIN,Unknown,440179960
/vessels/details/440504730,JE 5 SEUNG JIN HO,Unknown,440504730
/vessels/details/440700940,887EOJINHO,Unknown,440700940
/vessels/details/440338410,JONG SUNG HO,Unknown,440338410
/vessels/details/440212760,JIN YANG HO,Unknown,440212760
/vessels/details/440324240,EVONGUE,Unknown (HAZ-D),440324240
/vessels/details/440190250,8CHANGNAM,Unknown,440190250
/vessels/details/440001160,HAE SEONG,Unknown,440001160
/vessels/details/440304670,MUNSEONGHO,Unknown,440304670
/vessels/details/441421201,XYY21201-47.5V,Unknown,441421201
/vessels/details/440101023,121,Unknown,440101023
/vessels/details/440312590,NO.306 YEONGHWA,Unknown,440312590
/vessels/details/440160430,PHOENIX,Unknown,440160430
/vessels/details/440319920,DONG GEON HO,Unknown,440319920
/vessels/details/440196160,AENG HO SU SAN 6 HO,Unknown,440196160
/vessels/details/440106270,308 GYEONGDONGHO,Unknown,440106270
/vessels/details/440319970,117SHINMYENG,Unknown,440319970
/vessels/details/440215070,CHEONG HAE HO,Unknown,440215070
/vessels/details/440106850,KCG525,Unknown,440106850
/vessels/details/440002030,TAE HWA 21,Unknown,440002030
/vessels/details/440328680,IM CHANG HO,Unknown,440328680
/vessels/details/440210410,PYEONGEUNHO,Unknown,440210410
/vessels/details/440145510,98HUIYUNG,Unknown,440145510
/vessels/details/440123230,1 YOORIM,Unknown,440123230
/vessels/details/440216920,322GWANGDEOGHO,Unknown,440216920
/vessels/details/440104430,SSANGDUNGI HO,Unknown,440104430
/vessels/details/440105270,NEW STAR,Unknown,440105270
/vessels/details/440000159,PHAO-THUAN-TIEN 7V9,Unknown,440000159
/vessels/details/440746200,YEOMYOUNGHO,Unknown,440746200
/vessels/details/440703940,909 GEUM SEOK HO,Unknown,440703940
/vessels/details/440599909,05999-098.3V,Unknown,440599909
/vessels/details/440501520,HAE YANG SU SAN HO,Unknown,440501520
/vessels/details/440402790,DONG IK,Unknown,440402790
/vessels/details/440190740,2023 DAE KYEONG,Unknown,440190740
/vessels/details/440108860,KCGCIV-P118,Unknown,440108860
/vessels/details/440477111,04771-11-55,Unknown,440477111
/vessels/details/440603020,2027 YEONG IL HO,Unknown,440603020
/vessels/details/440116645,111KWANGMYEONG,Unknown,440116645
/vessels/details/440400610,PILOT BOAT HAEUNDAE,Unknown,440400610
/vessels/details/440015200,HYEON MIN HO,Unknown,440015200
/vessels/details/440033630,S-29,Unknown,440033630
/vessels/details/440600250,23MIGWANG,Unknown,440600250
/vessels/details/440205190,HANWOORHO,Unknown,440205190
/vessels/details/440004590,BEOM GO RAE 2 HO,Unknown,440004590
/vessels/details/440500218,P77JUNG,Unknown,440500218
/vessels/details/440195301,MYEONG SEONG HO,Unknown,440195301
/vessels/details/440010120,NEW CHEONG HOON HO,Unknown,440010120
/vessels/details/440111861,HANBADAHO,Unknown,440111861
/vessels/details/441070789,LEE MIN HO,Unknown,441070789
/vessels/details/440500190,KCG,Unknown,440500190
/vessels/details/440707800,BEAK HO HO,Unknown,440707800
/vessels/details/440404970,PO HANG PILOT 1HO,Unknown,440404970
/vessels/details/440080080,KOOK YANG 10HO,Unknown,440080080
/vessels/details/440018600,SEONG MIN,Unknown,440018600
/vessels/details/440301170,JEONNAM919,Unknown,440301170
/vessels/details/440019370,CHEONHAE2020HO,Unknown,440019370
/vessels/details/440147125,BUKYEONG,Unknown,440147125
/vessels/details/440224220,509 YU IL HO,Unknown,440224220
/vessels/details/440095870,YUN STAR,Unknown,440095870
/vessels/details/440100901,120,Unknown,440100901
/vessels/details/440073620,SEUNG IL HO,Unknown,440073620
/vessels/details/440409090,BUSAN236,Unknown,440409090
/vessels/details/440078140,DAEUN,Unknown,440078140
/vessels/details/440223660,SAM HAE HO,Unknown,440223660
/vessels/details/440211380,608 SEUNG JIN HO,Unknown,440211380
/vessels/details/440165060,2020 SAM YANG,Unknown,440165060
/vessels/details/440510620,51JEONGSUN,Unknown,440510620
/vessels/details/440333221,EUNSEONGHO,Unknown,440333221
/vessels/details/440212690,BOSEUNGHO,Unknown,440212690
/vessels/details/440037110,HANKANG BUS104,Unknown,440037110
/vessels/details/440329870,2025SUN U HO,Unknown,440329870
/vessels/details/440706840,CHENG SHN HO,Unknown,440706840
/vessels/details/440518807,HUAYANG-0798,Unknown,440518807
/vessels/details/440800501,HAN,Unknown,440800501
/vessels/details/440135090,HAN IL,Unknown,440135090
/vessels/details/440139600,CHUNG NAM 901,Unknown,440139600
/vessels/details/440101170,P-119,Unknown,440101170
/vessels/details/440169850,NO125DAEYANG,Unknown,440169850
/vessels/details/440217650,668 DAE BOK HO,Unknown,440217650
/vessels/details/440334040,601GEUM SEONG HO,Unknown,440334040
/vessels/details/440145890,53JEONGSUN,Unknown,440145890
/vessels/details/440122080,JE IL HO,Unknown,440122080
/vessels/details/440324750,YEO MYUNG NO.1,Unknown,440324750
/vessels/details/440304220,211SEJONGHO,Unknown,440304220
/vessels/details/440222990,2020.NAM.CHEONG,Unknown,440222990
/vessels/details/440300890,106 DAE WHA HO,Unknown,440300890
/vessels/details/440100080,YEOMYOUNGHO,Unknown,440100080
/vessels/details/440102510,GWANGSEONG11HO,Unknown,440102510
/vessels/details/440111990,101JUNGDONGHO,Unknown,440111990
/vessels/details/440051350,SUNGKWANGHO,Unknown,440051350
/vessels/details/440187650,155HUIYUNG,Unknown,440187650
/vessels/details/440599917,05999-178.0V,Unknown,440599917
/vessels/details/440010640,BUYOUNG3HO,Unknown,440010640
/vessels/details/440130370,GWANAK-A8,Unknown,440130370
/vessels/details/440017830,ZET HO,Unknown,440017830
/vessels/details/440020570,GOSOKGUJOBOT NO.710,Unknown,440020570
/vessels/details/440705190,KCG T-06,Unknown,440705190
/vessels/details/440149360,722 SEON DEOK HO,Unknown,440149360
/vessels/details/440311560,KOSCO 2000,Unknown,440311560
/vessels/details/440112420,TAEYANGHO,Unknown,440112420
/vessels/details/440068060,EOJINHO,Unknown,440068060
/vessels/details/440029470,2015SEONGGWANG,Unknown,440029470
/vessels/details/440014450,88 HUI GYEONG,Unknown,440014450
/vessels/details/440158360,DONG YANG,Unknown,440158360
/vessels/details/440174470,1 PAL SEAK JO,Unknown,440174470
/vessels/details/440700680,NA IL1,Unknown,440700680
/vessels/details/440116020,BOK SUNG HO,Unknown,440116020
/vessels/details/440200003,4402-3-20,Unknown,440200003
/vessels/details/440300110,HEUNGJIN NO5,Unknown,440300110
/vessels/details/440600800,208 E HWA HO,Unknown,440600800
/vessels/details/440024990,HYUNJINHO,Unknown,440024990
/vessels/details/440224229,HANSUNGH,Unknown,440224229
/vessels/details/440218410,CHUNG NAM 701HO,Unknown,440218410
/vessels/details/440500170,KCG P27,Unknown,440500170
/vessels/details/440504170,3 A DAM HO,Unknown,440504170
/vessels/details/440142520,SAM KWANG,Unknown,440142520
/vessels/details/440174560,NEWSTARHO,Unknown,440174560
/vessels/details/440162619,88 HAN RA HO,Unknown,440162619
/vessels/details/440411060,DONGSUNG,Unknown,440411060
/vessels/details/440150860,NO.113DAEYANG,Unknown,440150860
/vessels/details/440306890,SEONG IL HO,Unknown,440306890
/vessels/details/440500133,P-30,Unknown,440500133
/vessels/details/440145700,ASIA6 HO,Unknown,440145700
/vessels/details/440321290,11DAESIN,Unknown,440321290
/vessels/details/440144870,SOO SUNG T 15HO,Unknown,440144870
/vessels/details/440507250,TAE JIN HO,Unknown,440507250
/vessels/details/440079660,DAESUNGHO,Unknown,440079660
/vessels/details/440133720,ARA 5HO,Unknown,440133720
/vessels/details/440209090,JU WON 1HO,Unknown,440209090
/vessels/details/441840092,13299-12 7V1,Unknown,441840092
/vessels/details/440001380,WOO RI HO,Unknown,440001380
/vessels/details/440800484,ROK GOV VESSEL,Unknown,440800484
/vessels/details/440025806,2066PUNGJIN,Unknown,440025806
/vessels/details/440144900,309MANSEOK,Unknown,440144900
/vessels/details/440114530,BORYEONGHO,Unknown,440114530
/vessels/details/440125200,KCG P111,Unknown,440125200
/vessels/details/440713600,2021 WOO JEONG,Unknown,440713600
/vessels/details/440333340,DAE JEONG,Unknown,440333340
/vessels/details/440216530,SOMANG HO,Unknown,440216530
/vessels/details/440210620,PUNGSUNGHO,Unknown,440210620
/vessels/details/440179061,207 CHANG NAM,Unknown,440179061
/vessels/details/440303330,GUKHWAFERRY1,Unknown,440303330
/vessels/details/440071870,SAM IL,Unknown,440071870
/vessels/details/440589817,MINXIAYU05898-17-82,Unknown,440589817
/vessels/details/440018910,CHEONG HANG NO.2,Unknown,440018910
/vessels/details/440920053,731ORYONG,Unknown,440920053
/vessels/details/440200232,HWANGHAEROHO,Unknown,440200232
/vessels/details/440599936,05999-368.4V,Unknown,440599936
/vessels/details/440599928,05999-287.7V,Unknown,440599928
/vessels/details/440036750,EVERGREEN5,Unknown,440036750
/vessels/details/440112869,303 JONG YOUNG,Unknown,440112869
/vessels/details/440316760,PILOTBOAT GWANG ANRI,Unknown,440316760
/vessels/details/440323590,2011 HAE CHANG HO,Unknown,440323590
/vessels/details/440316280,DAE JIN HO,Unknown,440316280
/vessels/details/440215864,SUGANYU02158-64-94,Unknown,440215864
/vessels/details/440100917,120,Unknown,440100917
/vessels/details/440197750,KCG OSRV-10,Unknown,440197750
/vessels/details/441200014,CT3-4412-14 60,Unknown,441200014
/vessels/details/440000463,TAE HWA12HO,Unknown,440000463
/vessels/details/440333237,EUNSEONGHO,Unknown,440333237
/vessels/details/440707410,KUM IL HO,Unknown,440707410
/vessels/details/440174720,GANGJINHAEYANGGUJO1,Unknown,440174720
/vessels/details/440152170,PILOT DOKSURI,Unknown,440152170
/vessels/details/440307580,CHANGYANGHO,Unknown,440307580
/vessels/details/440054770,HAE RYONG HO,Unknown,440054770
/vessels/details/440800597,ROK GOV VESSEL,Unknown,440800597
/vessels/details/440138210,TAE HWA,Unknown,440138210
/vessels/details/440406890,20MINSEONGHO,Unknown,440406890
/vessels/details/440016920,SEGI,Unknown,440016920
/vessels/details/440317490,7 SEON IL,Unknown,440317490
/vessels/details/440015290,202JAEKYOUNGHO,Unknown,440015290
/vessels/details/440316490,DAE DONG HO,Unknown,440316490
/vessels/details/440725300,KYUNG YAE HO,Unknown,440725300
/vessels/details/440079910,7NARAHO,Unknown,440079910
/vessels/details/441821679,ZHE21679-47.2V,Unknown,441821679
/vessels/details/440706300,SANG JIN,Unknown,440706300
/vessels/details/440126590,21HEUNGSIN,Unknown,440126590
/vessels/details/440027380,SSANG YONG HO,Unknown,440027380
/vessels/details/440072160,808 MAN PYUNG HO,Unknown,440072160
/vessels/details/440500210,JEONBUK 306 B9,Unknown (HAZ-C),440500210
/vessels/details/440024110,S-37JUNG,Unknown,440024110
/vessels/details/440319320,HANGUK SUJUNG 5HO,Unknown,440319320
/vessels/details/440101630,OCEAN7,Unknown,440101630
/vessels/details/440008400,KEUMSUNG,Unknown,440008400
/vessels/details/440301940,JEONNAM512,Unknown,440301940
/vessels/details/440082420,DAE JIN HO,Unknown,440082420
/vessels/details/440015810,202GWANGSUNG,Unknown,440015810
/vessels/details/440049640,KWI WON HO,Unknown,440049640
/vessels/details/440724600,DAONHO,Unknown,440724600
/vessels/details/440135470,HAE YANG HO,Unknown,440135470
/vessels/details/440221010,BAEK YANG HO,Unknown,440221010
/vessels/details/440119440,JISEONGHO,Unknown,440119440
/vessels/details/440105510,GEUM GANG 7,Unknown,440105510
/vessels/details/440174328,606PUNGSUNG,Unknown,440174328
/vessels/details/440222080,101SEUNGJIN,Unknown,440222080
/vessels/details/440333420,711MUJGAE HO,Unknown,440333420
/vessels/details/440105060,DONG MYEONG HO,Unknown,440105060
/vessels/details/440051557,KCG D-01,Unknown,440051557
/vessels/details/440704270,37 JINSUNG,Unknown,440704270
/vessels/details/440121020,GS3,Unknown,440121020
/vessels/details/440156310,GYEDNG NAM329,Unknown,440156310
/vessels/details/440312510,62 DAEDONG,Unknown,440312510
/vessels/details/440035960,SEONG JIN 5,Unknown,440035960
/vessels/details/441022687,NET1-02268-7 8V1,Unknown,441022687
/vessels/details/440146200,1003HAM,Unknown,440146200
/vessels/details/440304740,FOUR SEASON 2,Unknown,440304740
/vessels/details/440140780,207YOONKYENG,Unknown,440140780
/vessels/details/440213220,WOO YEON HO,Unknown,440213220
/vessels/details/440101020,303DAE SEONG HO,Unknown,440101020
/vessels/details/440702560,JEUNG JIN,Unknown,440702560
/vessels/details/440560923,05609-23-87,Unknown,440560923
/vessels/details/440303710,SAM HO 707,Unknown,440303710
/vessels/details/440113140,JO YEONG HO,Unknown,440113140
/vessels/details/440044950,MI LEU 1HO,Unknown,440044950
/vessels/details/440505290,KCGP02,Unknown,440505290
/vessels/details/440010021,OSUNG,Unknown,440010021
/vessels/details/440705950,JI UNG HO,Unknown,440705950
/vessels/details/440001600,SEO SAN HO,Unknown,440001600
/vessels/details/440422811,ZHEDAIYU04228-27-84,Unknown,440422811
/vessels/details/440409640,2016 HAE KYUNG,Unknown,440409640
/vessels/details/440800201,ROK GOV VESSEL,Unknown,440800201
/vessels/details/440099770,8 SANGJINHO,Unknown,440099770
/vessels/details/441275000,KCG3003,Unknown,441275000
/vessels/details/440127200,JOSEONTONGSINSASEON,Unknown,440127200
/vessels/details/440062230,308GUEMCHANG,Unknown,440062230
/vessels/details/440401350,HAESUNG2,Unknown,440401350
/vessels/details/440599906,05999-6 90,Unknown,440599906
/vessels/details/440309060,GUKLIBGONGWON103HO,Unknown,440309060
/vessels/details/440414690,DONG HAE 1 HO,Unknown,440414690
/vessels/details/440208390,DAE YOUNG HO,Unknown,440208390
/vessels/details/440148610,31 SIN HEUNG,Unknown,440148610
/vessels/details/440193125,PILOTBOAT A CHI SEOM,Unknown,440193125
/vessels/details/440704430,PILSEUNG,Unknown,440704430
/vessels/details/440145520,NO.207 HEUNGYANG,Unknown,440145520
/vessels/details/440717600,GYEONG GIDOSEON HO,Unknown,440717600
/vessels/details/440109710,P-135,Unknown,440109710
/vessels/details/440137430,SUN CHANG HO,Unknown,440137430
/vessels/details/440599921,05999-217.1V,Unknown,440599921
/vessels/details/440200160,3DAE GWANG HO,Unknown,440200160
/vessels/details/440225180,SEUJINHO,Unknown,440225180
/vessels/details/440005080,GU GWANG,Unknown,440005080
/vessels/details/440122670,88WOONGCHEON,Unknown,440122670
/vessels/details/440090001,WANGIAO44009-181,Unknown,440090001
/vessels/details/440101330,HAE KWANG B2,Unknown,440101330
/vessels/details/440045540,1SIN YEONG HO,Unknown,440045540
/vessels/details/440057420,385 HWA YOUNG,Unknown,440057420
/vessels/details/440600620,703GEUM YOUNG,Unknown,440600620
/vessels/details/440105610,JAE301 JIN HEUNG HO,Unknown,440105610
/vessels/details/440010730,108 NAM IL,Unknown,440010730
/vessels/details/440138340,HA BEO 3HO,Unknown,440138340
/vessels/details/440333910,BU GANG HO,Unknown,440333910
/vessels/details/440216150,JIN YOUNGHO,Unknown,440216150
/vessels/details/440017700,909MINSENGHO,Unknown,440017700
/vessels/details/440017160,INCHEON NO.317,Unknown,440017160
/vessels/details/440148661,YONG HWA,Unknown,440148661
/vessels/details/440211860,HWA SUNG HO,Unknown,440211860
/vessels/details/440315950,HAEYANGGONGGAN1HO,Unknown,440315950
/vessels/details/440072860,DAE UN HO,Unknown,440072860
/vessels/details/440500180,P89,Unknown,440500180
/vessels/details/440303480,KD CRUISES,Unknown,440303480
/vessels/details/440325710,DONG HAE NO7HO,Unknown,440325710
/vessels/details/440101970,BU HUNG,Unknown,440101970
/vessels/details/440144310,2 SANGJIN,Unknown,440144310
/vessels/details/440030150,S-35,Unknown,440030150
/vessels/details/440038160,2017 EUNSEK,Unknown,440038160
/vessels/details/440122040,JE21CHEONGYONGHO,Unknown,440122040
/vessels/details/440501540,2017DAEILHO,Unknown,440501540
/vessels/details/440077230,103 DAE YANG HO,Unknown,440077230
/vessels/details/440222210,DAE SUNG NO2,Unknown,440222210
/vessels/details/440163350,SUNG KWANG HO,Unknown,440163350
/vessels/details/440109240,103SEUNGJIN,Unknown,440109240
/vessels/details/440706720,CHANG UN,Unknown,440706720
/vessels/details/440703180,702 SAM MUN,Unknown,440703180
/vessels/details/440589813,MINXIAYU05898-13-77,Unknown,440589813
/vessels/details/440707860,100MANBOO,Unknown,440707860
/vessels/details/440704850,2009DAERYUK,Unknown,440704850
/vessels/details/440056801,2066PUNGJIN,Unknown,440056801
/vessels/details/440096970,3000JINHEUNG,Unknown,440096970
/vessels/details/440152280,JANG MI 2 HO,Unknown,440152280
/vessels/details/440110240,1 SEH WON,Unknown,440110240
/vessels/details/440207610,SAM WOO 1 HO,Unknown,440207610
/vessels/details/440067630,ANJEONGNURI,Unknown,440067630
/vessels/details/440701670,SINMYEONGHO,Unknown,440701670
/vessels/details/440089640,SUAN,Unknown,440089640
/vessels/details/440204330,TAEKOUNG HO,Unknown,440204330
/vessels/details/440305189,YUHAN1,Unknown,440305189
/vessels/details/441200016,CT3-4412-16 50,Unknown,441200016
/vessels/details/440153490,JODOHO,Unknown,440153490
/vessels/details/440316581,203 CHANG NAM,Unknown,440316581
/vessels/details/440166950,101 NAMJUNG,Unknown,440166950
/vessels/details/440327250,DONG NAM HO,Unknown,440327250
/vessels/details/440600600,77DUK SUNG HO,Unknown,440600600
/vessels/details/440599914,05999-148.1V,Unknown,440599914
/vessels/details/440100630,CHEON SA 2HO,Unknown,440100630
/vessels/details/440068410,7 DAE WON HO,Unknown,440068410
/vessels/details/440411280,1 DAE MYUNG HO,Unknown,440411280
/vessels/details/441000000,BETA,Unknown,441000000
/vessels/details/440403490,7EUNSEONGHO,Unknown,440403490
/vessels/details/440324490,202 NAM YANG,Unknown,440324490
/vessels/details/440705750,626GEUMBOK,Unknown,440705750
/vessels/details/440135080,YEONG JAE HO,Unknown,440135080
/vessels/details/440000340,3 DONG YANG,Unknown,440000340
/vessels/details/440331420,MUNSUNGHO,Unknown,440331420
/vessels/details/440088234,CAME-8 39,Unknown,440088234
/vessels/details/440000720,IN CHEON 206HO,Unknown,440000720
/vessels/details/440107540,DRAGON 1HO,Unknown,440107540
/vessels/details/440302310,JEON NAM 202,Unknown,440302310
/vessels/details/440003510,KCG P37,Unknown,440003510
/vessels/details/440052300,2066,Unknown,440052300
/vessels/details/440203550,2024TAESEONHO,Unknown,440203550
/vessels/details/440117300,DONGJINHO,Unknown,440117300
/vessels/details/440308950,JEONGNAM516HO,Unknown,440308950
/vessels/details/440132730,YU SUNG,Unknown,440132730
/vessels/details/440510250,EOHANG SEOHAE 3HO,Unknown,440510250
/vessels/details/440302730,2SEYUN,Unknown,440302730
/vessels/details/440800487,ROK GOV VESSEL,Unknown,440800487
/vessels/details/440103160,DOHYUNHO,Unknown,440103160
/vessels/details/440111111,POS20000,Unknown,440111111
/vessels/details/440111450,NEWDARIHO,Unknown,440111450
/vessels/details/440500090,P80,Unknown,440500090
/vessels/details/440323730,NO.5 CHOUNG HAE,Unknown,440323730
/vessels/details/440085670,308JANGYEONG,Unknown,440085670
/vessels/details/440174320,606PUNGSUNG,Unknown,440174320
/vessels/details/440087000,KCG 318,Unknown,440087000
/vessels/details/440328960,HANGBOK HO,Unknown,440328960
/vessels/details/440100950,SAM SUNG T1,Unknown,440100950
/vessels/details/440119570,JEIL HO,Unknown,440119570
/vessels/details/440045130,POS20000,Unknown,440045130
/vessels/details/440145170,23 SAM JIN HO,Unknown,440145170
/vessels/details/440157990,HAEINHO,Unknown,440157990
/vessels/details/440318490,K OCEAN 2,Unknown,440318490
/vessels/details/440114680,6 DAE SUNG HO,Unknown,440114680
/vessels/details/440201220,MIN SEONG HO,Unknown,440201220
/vessels/details/440021270,153 BAEK RYEUNG HO,Unknown,440021270
/vessels/details/440107190,22HANEUL,Unknown,440107190
/vessels/details/440571571,30A TEST,Unknown,440571571
/vessels/details/440111840,OKPO 8,Unknown,440111840
/vessels/details/440019660,CHANG YEON HO,Unknown,440019660
/vessels/details/440193141,PILOTBOAT A CHI SEOM,Unknown,440193141
/vessels/details/440012140,DAEDONG NO.11,Unknown,440012140
/vessels/details/441980729,TAO-4 7V9,Unknown,441980729
/vessels/details/440013330,PILOT.TAEJONGDAE,Unknown,440013330
/vessels/details/440106725,HAESONGHO,Unknown,440106725
/vessels/details/440400220,GILYANG,Unknown,440400220
/vessels/details/440308540,DAE JIN HO,Unknown,440308540
/vessels/details/440071050,JE2MANSEONHO,Unknown,440071050
/vessels/details/440376037,KCG3001,Unknown,440376037
/vessels/details/440008040,SIN SUN DAE,Unknown,440008040
/vessels/details/440596803,05968-3-99,Unknown,440596803
/vessels/details/440109110,NAG SI CHIN GU,Unknown,440109110
/vessels/details/440320560,102 JIN GANG HO 6S,Unknown,440320560
/vessels/details/440208180,CHEONG SE CHH HO,Unknown,440208180
/vessels/details/440217440,NO.13DAEKYENG,Unknown,440217440
/vessels/details/440103570,202DAE IL HO,Unknown,440103570
/vessels/details/440044990,2017 MAN SEOK,Unknown,440044990
/vessels/details/440200012,4402-12,Unknown,440200012
/vessels/details/440198620,KCG OSRV-11,Unknown,440198620
/vessels/details/440081010,TOSEONG6 PPO G,Unknown,440081010
/vessels/details/440000097,JINSAN 9HO,Unknown,440000097
/vessels/details/440002920,JIN YANG,Unknown,440002920
/vessels/details/440072770,KCG209,Unknown,440072770
/vessels/details/440181620,SHIN WOOJU PI SING,Unknown,440181620
/vessels/details/440216090,YOUNG SEON HO,Unknown,440216090
/vessels/details/440122420,17 DEOK JIN HO,Unknown,440122420
/vessels/details/440504200,HO SAN HAE YANG HO,Unknown,440504200
/vessels/details/440114770,63KEOMBOK,Unknown,440114770
/vessels/details/440061890,27DONGHYEONG,Unknown,440061890
/vessels/details/440166890,KEUM SUNG,Unknown,440166890
/vessels/details/440810002,SUQIYU05190-1284,Unknown,440810002
/vessels/details/440128390,JEONNAM310HO,Unknown,440128390
/vessels/details/440510060,MOKLYUN,Unknown,440510060
/vessels/details/440200060,META NO1,Unknown,440200060
/vessels/details/441200010,CT3-4412-10,Unknown,441200010
/vessels/details/440469557,ZHEDAIYU04695-4A-81,Unknown,440469557
/vessels/details/440122677,88WOONGCHEON,Unknown,440122677
/vessels/details/440328380,HAE SUNG HO,Unknown,440328380
/vessels/details/440385006,440385-6-72,Unknown,440385006
/vessels/details/440304990,5GWANGYANG,Unknown,440304990
/vessels/details/440701310,100G0RAE,Unknown,440701310
/vessels/details/441721890,ZHELINYU21890-4-69,Unknown,441721890
/vessels/details/440322270,JEONNAM557HO,Unknown,440322270
/vessels/details/440019820,61 MIN SUNG HO,Unknown,440019820
/vessels/details/440140750,SANGROK 10,Unknown,440140750
/vessels/details/440300810,CHEONMA 1HO,Unknown,440300810
/vessels/details/440003720,ECONO STAR,Unknown,440003720
/vessels/details/440149750,105HAEGEUMHO,Unknown,440149750
/vessels/details/440517000,PANALOX 503,Unknown,440517000
/vessels/details/440000083,2045 YEONG SEONG,Unknown,440000083
/vessels/details/440160910,DONG WON HO,Unknown,440160910
/vessels/details/440014940,3009-1,Unknown,440014940
/vessels/details/440112710,SUNGYOUNGHO,Unknown,440112710
/vessels/details/440066930,DAEHYEON2HO,Unknown,440066930
/vessels/details/440087110,SI A HO,Unknown,440087110
/vessels/details/440500016,CT2-4405-16 60,Unknown,440500016
/vessels/details/440171000,KCG 5001,Unknown,440171000
/vessels/details/440112120,PIL SEONG HO,Unknown,440112120
/vessels/details/440707360,DUCK CHUN 101,Unknown,440707360
/vessels/details/440106640,DEOK YONG HO,Unknown,440106640
/vessels/details/440205580,TAECHANGHO,Unknown,440205580
/vessels/details/441104752,17256-2-59,Unknown,441104752
/vessels/details/441663000,KCG313,Unknown,441663000
/vessels/details/440189340,SOOYONGHO,Unknown,440189340
/vessels/details/440117690,1 HAEKYUNG,Unknown,440117690
/vessels/details/440500240,P69,Unknown,440500240
/vessels/details/440111030,356SEONGEUN,Unknown,440111030
/vessels/details/440048080,POHANGHAEYANG1HO,Unknown,440048080
/vessels/details/440704080,303MYEONGGWANGHO,Unknown,440704080
/vessels/details/440503989,88SAMGWANGHO,Unknown,440503989
/vessels/details/440147120,BUKYEONG,Unknown,440147120
/vessels/details/440709085,866TAEPYOUNG,Unknown,440709085
/vessels/details/440132530,NO9 YOOK IL,Unknown,440132530
/vessels/details/440705520,2001 HAE SUNG,Unknown,440705520
/vessels/details/440155310,KUMYONG NO.1300,Unknown,440155310
/vessels/details/440800198,ROK GOV VESSEL,Unknown,440800198
/vessels/details/440327270,HAE UN HO,Unknown,440327270
/vessels/details/440021170,KCG OSRV-23,Unknown,440021170
/vessels/details/440165360,MUAN 201,Unknown,440165360
/vessels/details/440310950,7 DAE YANG HO,Unknown,440310950
/vessels/details/440002606,00026-6 60,Unknown,440002606
/vessels/details/440318090,2017YU SEUNG HO,Unknown,440318090
/vessels/details/440596809,05968-9-98,Unknown,440596809
/vessels/details/440730500,2025JANG MI HO,Unknown,440730500
/vessels/details/440115170,PUSAN,Unknown,440115170
/vessels/details/440120610,GOLDEN SEA NO1,Unknown,440120610
/vessels/details/440508040,CHANG SIN HO,Unknown,440508040
/vessels/details/440500149,P-30,Unknown,440500149
/vessels/details/440122630,23JEONGSUN,Unknown,440122630
/vessels/details/440137030,TAEKYENG3HO,Unknown,440137030
/vessels/details/440052870,DOLPHIN,Unknown,440052870
/vessels/details/440206520,YANGJINHO,Unknown,440206520
/vessels/details/440081450,YOLOHO,Unknown,440081450
/vessels/details/440126380,DONG NAM,Unknown,440126380
/vessels/details/440707230,BUDSAMA,Unknown,440707230
/vessels/details/441611010,XYY11010-47.6V,Unknown,441611010
/vessels/details/440000357,KCG P67,Unknown,440000357
/vessels/details/440013830,108YEONG CHANG HO,Unknown,440013830
/vessels/details/440221230,HAN SAEM HO,Unknown,440221230
/vessels/details/440085250,DAIKUNHO,Unknown,440085250
/vessels/details/440329240,707USEONG,Unknown,440329240
/vessels/details/440133790,SUNG SIN 8001,Unknown,440133790
/vessels/details/440329170,SEONG MAN HO,Unknown,440329170
/vessels/details/440213610,1 KYUNG YANG HO,Unknown,440213610
/vessels/details/440335180,2 BYUNG PO,Unknown,440335180
/vessels/details/440054520,HAE SIN,Unknown,440054520
/vessels/details/440704910,DAE JEONG HO,Unknown,440704910
/vessels/details/440317970,2003YONGMOON,Unknown,440317970
/vessels/details/440144600,JUN MA RIN 2,Unknown,440144600
/vessels/details/440189520,HAE SU HO,Unknown,440189520
/vessels/details/440002180,C30,Unknown,440002180
/vessels/details/440705890,GALRILLY,Unknown,440705890
/vessels/details/440308640,VICTORIAHO,Unknown,440308640
/vessels/details/440112960,CHUNGMUGONGGEOBUMKSU,Unknown,440112960
/vessels/details/440149030,73JEONGSUN,Unknown,440149030
/vessels/details/440308720,107BUIL HO,Unknown,440308720
/vessels/details/440209770,2022 HAN JIN HO,Unknown,440209770
/vessels/details/440020810,P-108,Unknown,440020810
/vessels/details/440212580,TONG IL NO.1,Unknown,440212580
/vessels/details/440300183,BANG JE 15,Unknown,440300183
/vessels/details/440153560,KCG P101,Unknown,440153560
/vessels/details/440510110,205 MYEONG SIN HO,Unknown,440510110
/vessels/details/440096870,6 DONG IL,Unknown,440096870
/vessels/details/440093860,518DP,Unknown,440093860
/vessels/details/440000250,JINSUNGHO,Unknown,440000250
/vessels/details/440700960,707DONGWON,Unknown,440700960
/vessels/details/440317570,WHAIN ARC 5001,Unknown,440317570
/vessels/details/440208050,1 SHIN CHANG,Unknown,440208050
/vessels/details/440215610,SEONGDUKHO,Unknown,440215610
/vessels/details/440300780,GLOVER 7HO,Unknown,440300780
/vessels/details/440313050,2SEONGMIN,Unknown,440313050
/vessels/details/440125110,BAEKIL,Unknown,440125110
/vessels/details/440206580,EUN GWANG HO,Unknown,440206580
/vessels/details/440024250,GREEN 109,Unknown,440024250
/vessels/details/440061720,SEKYENG0NO.1,Unknown,440061720
/vessels/details/440078220,JANHEUGHO,Unknown,440078220
/vessels/details/440193110,YE EUN HO,Unknown,440193110
/vessels/details/440704272,37 JINSUNG,Unknown,440704272
/vessels/details/440202560,YOUNGJIN,Unknown,440202560
/vessels/details/440200238,211TAEJINHO,Unknown,440200238
/vessels/details/440477104,04771-4-54,Unknown,440477104
/vessels/details/440196960,SHINDU2KHO,Unknown,440196960
/vessels/details/440136905,SUQIYU01369-B5-85,Unknown,440136905
/vessels/details/440206670,HAENG UN HO,Unknown,440206670
/vessels/details/440221440,YONG JIN,Unknown,440221440
/vessels/details/440043810,889CHEON BOK,Unknown,440043810
/vessels/details/440505330,NE O TEK 7 HO,Unknown,440505330
/vessels/details/440406220,3GWANG YONG HO,Unknown,440406220
/vessels/details/440034340,311SEJONGHO,Unknown,440034340
/vessels/details/440707020,GRANDE BLEU 620,Unknown,440707020
/vessels/details/440003330,P26,Unknown,440003330
/vessels/details/440599918,05999-188.1V,Unknown,440599918
/vessels/details/440216340,205 GWANGSUNG,Unknown,440216340
/vessels/details/440123710,3 DAE SUNGHO,Unknown,440123710
/vessels/details/440080940,32 GUEM JEONG,Unknown,440080940
/vessels/details/440005640,HAE SONG HO,Unknown,440005640
/vessels/details/440018170,JEUNG WON HO,Unknown,440018170
/vessels/details/440025040,72DAEDONGHO,Unknown,440025040
/vessels/details/440207970,CHIL BOK HO,Unknown,440207970
/vessels/details/440329370,99HANJIN,Unknown,440329370
/vessels/details/440333150,2 WOL HO HO,Unknown,440333150
/vessels/details/440411620,JINYANG,Unknown,440411620
/vessels/details/440704350,GYEONG NAM 311HO,Unknown,440704350
/vessels/details/440212550,MYEONGSEONGHO,Unknown,440212550
/vessels/details/440051680,88PUNG SUNG HO,Unknown,440051680
/vessels/details/440000080,INCHEON526HO,Unknown,440000080
/vessels/details/440203210,YOUNGJINHO,Unknown,440203210
/vessels/details/440095440,S-119JEONG,Unknown,440095440
/vessels/details/440041190,O CEAN DEA SAN HO,Unknown,440041190
/vessels/details/440023730,777 YUNG CHEN,Unknown,440023730
/vessels/details/440305040,HAI KWANG HO,Unknown,440305040
/vessels/details/440090077,WANG44009-7-14,Unknown,440090077
/vessels/details/440603210,HAENG BOK HO,Unknown,440603210
/vessels/details/440015800,2018 YOUNG PUNG,Unknown,440015800
/vessels/details/440134970,HEUNGJINHO,Unknown,440134970
/vessels/details/440065820,TAEANGYUKBIHO,Unknown,440065820
/vessels/details/440022430,OKJINHO,Unknown,440022430
/vessels/details/440112350,P-131JEONG,Unknown,440112350
/vessels/details/440090770,DAE KYUNG 101 HO,Unknown,440090770
/vessels/details/440469613,ZHEDAIYU04695-13A-,Unknown,440469613
/vessels/details/440149620,JANG HAN 3,Unknown,440149620
/vessels/details/440704260,207CHOOMOOHO,Unknown,440704260
/vessels/details/440138970,1HAENG BOG HO,Unknown,440138970
/vessels/details/440185760,YU SEUNG,Unknown,440185760
/vessels/details/440330960,77 CHEONG HAE,Unknown,440330960
/vessels/details/440135460,SAHU,Unknown,440135460
/vessels/details/440129930,907 NAM YANG,Unknown,440129930
/vessels/details/440078830,ILJINHO,Unknown,440078830
/vessels/details/440328720,GUEMDONGHO,Unknown,440328720
/vessels/details/440322390,2018GUK JE HO,Unknown,440322390
/vessels/details/440114720,NAM HAE HO,Unknown,440114720
/vessels/details/441569000,KCG308,Unknown,441569000
/vessels/details/440142580,FISHING STORY,Unknown,440142580
/vessels/details/440414320,DONG MYEONG,Unknown,440414320
/vessels/details/440335980,HAN KOOK 51,Unknown,440335980
/vessels/details/440402820,YEONG GWANG,Unknown,440402820
/vessels/details/440208930,25HONGMYUNG HO,Unknown,440208930
/vessels/details/440113110,PRINCESS JENNY,Unknown,440113110
/vessels/details/440000540,SUEONHO,Unknown,440000540
