url,name,type,imo
/vessels/details/9893955,EVER ALOT,Container Ship,9893955
/vessels/details/9909132,EVER ARIA,Container Ship,9909132
/vessels/details/9893929,EVER ALP,Container Ship,9893929
/vessels/details/9893917,EVER AIM,Container Ship,9893917
/vessels/details/9893890,EVER ACE,Container Ship,9893890
/vessels/details/9893905,EVER ACT,Container Ship,9893905
/vessels/details/9839478,MSC FEBE,Container Ship,9839478
/vessels/details/9839466,MSC MIA,Container Ship,9839466
/vessels/details/9839480,MSC AMBRA,Container Ship,9839480
/vessels/details/9839430,MSC GULSUN,Container Ship,9839430
/vessels/details/9839442,MSC SAMAR,Container Ship,9839442
/vessels/details/9839454,MSC LENI,Container Ship,9839454
/vessels/details/9839284,MSC ARINA,Container Ship,9839284
/vessels/details/9839260,MSC MINA,Container Ship,9839260
/vessels/details/9839272,MSC ISABELLA,Container Ship,9839272
/vessels/details/9839296,MSC NELA,Container Ship,9839296
/vessels/details/9839301,MSC SIXIN,Container Ship,9839301
/vessels/details/9786841,EVER GLOBE,Container Ship,9786841
/vessels/details/9832729,EVER GREET,Container Ship,9832729
/vessels/details/9832717,EVER GOVERN,Container Ship,9832717
/vessels/details/9786815,EVER GENIUS,Container Ship,9786815
/vessels/details/9820855,EVER GRADE,Container Ship,9820855
/vessels/details/9811000,EVER GIVEN,Container Ship,9811000
/vessels/details/9811012,EVER GOLDEN,Container Ship,9811012
/vessels/details/9810991,EVER GOODS,Container Ship,9810991
/vessels/details/9773222,ONE TREASURE,Container Ship,9773222
/vessels/details/9773210,ONE TRUTH,Container Ship,9773210
/vessels/details/9703318,MSC ZOE,Container Ship,9703318
/vessels/details/9708679,MSC MAYA,Container Ship,9708679
/vessels/details/9703291,MSC OSCAR,Container Ship,9703291
/vessels/details/9708693,MSC CLARA,Container Ship,9708693
/vessels/details/9708681,MSC SVEVA,Container Ship,9708681
/vessels/details/9703306,MSC OLIVER,Container Ship,9703306
/vessels/details/9606338,MSC AMSTERDAM,Container Ship,9606338
/vessels/details/9606314,MSC NEW YORK,Container Ship,9606314
/vessels/details/9606302,MSC LONDON,Container Ship,9606302
/vessels/details/9647461,MSC HAMBURG,Container Ship,9647461
/vessels/details/9850111,WOOYANG MORIA,Bulk Carrier,9850111
/vessels/details/9844095,SEA SHANGHAI,Bulk Carrier,9844095
/vessels/details/9841380,SAO UNISON,Bulk Carrier,9841380
/vessels/details/9845142,HL MERCURY,Bulk Carrier,9845142
/vessels/details/9841586,SM GEMINI1,Bulk Carrier,9841586
/vessels/details/9340001,GLOBAL HARMONY,Bulk Carrier,9340001
/vessels/details/9461439,MSC VALERIA,Container Ship,9461439
/vessels/details/9461374,MSC ALEXANDRA,Container Ship,9461374
/vessels/details/9484429,MSC CLORINDA,Container Ship,9484429
/vessels/details/9461415,MSC DEILA,Container Ship,9461415
/vessels/details/9469560,MSC TERESA,Container Ship,9469560
/vessels/details/9461398,MSC ROSA M,Container Ship,9461398
/vessels/details/9441001,MSC PALOMA,Container Ship,9441001
/vessels/details/9404651,MSC CAMILLE,Container Ship,9404651
/vessels/details/9404675,MSC MELATILDE,Container Ship,9404675
/vessels/details/9404663,MSC SONIA,Container Ship,9404663
/vessels/details/9404649,MSC DANIT,Container Ship,9404649
/vessels/details/9737503,TEXAS TRIUMPH,Container Ship,9737503
/vessels/details/9565534,ORE AMAZONAS,Bulk Carrier,9565534
/vessels/details/9737486,TOLEDO TRIUMPH,Container Ship,9737486
/vessels/details/9737462,TAMPA TRIUMPH,Container Ship,9737462
/vessels/details/9565510,BAO MIN,Bulk Carrier,9565510
/vessels/details/9399040,MSC IRENE,Container Ship,9399040
/vessels/details/9399052,MSC EMANUELA,Container Ship,9399052
/vessels/details/9399002,MSC DANIELA,Container Ship,9399002
/vessels/details/9401142,MSC GAIA,Container Ship,9401142
/vessels/details/9401130,MSC EVA,Container Ship,9401130
/vessels/details/9399014,MSC BEATRICE,Container Ship,9399014
/vessels/details/9399026,MSC KALINA,Container Ship,9399026
/vessels/details/9399038,MSC BETTINA,Container Ship,9399038
/vessels/details/9665619,EVER TOP,Container Ship,9665619
/vessels/details/9334870,BAOSTEEL ELABORATION,Bulk Carrier,9334870
/vessels/details/9706736,ONE MILLAU,Container Ship,9706736
/vessels/details/9757187,ONE MILANO,Container Ship,9757187
/vessels/details/9757204,ONE MONACO,Container Ship,9757204
/vessels/details/9806043,ONE AQUILA,Container Ship,9806043
/vessels/details/9741413,ONE HAWK,Container Ship,9741413
/vessels/details/9741437,ONE SWAN,Container Ship,9741437
/vessels/details/9741384,ONE IBIS,Container Ship,9741384
/vessels/details/9741401,ONE CRANE,Container Ship,9741401
/vessels/details/9484443,MSC ARIANE,Container Ship,9484443
/vessels/details/9484481,MSC AURORA,Container Ship,9484481
/vessels/details/9484467,MSC VANDYA,Container Ship,9484467
/vessels/details/9465289,MSC CAPELLA,Container Ship,9465289
/vessels/details/9465291,MSC REGULUS,Container Ship,9465291
/vessels/details/9467421,MSC MARIA SAVERIA,Container Ship,9467421
/vessels/details/9467433,MSC FLAVIA,Container Ship,9467433
/vessels/details/9467419,MSC LAURENCE,Container Ship,9467419
/vessels/details/9467392,MSC BERYL,Container Ship,9467392
/vessels/details/9467445,MSC KATRINA,Container Ship,9467445
/vessels/details/9467407,MSC LAUREN,Container Ship,9467407
/vessels/details/9467457,MSC KATIE,Container Ship,9467457
/vessels/details/9700160,STELLAR WAY,Bulk Carrier,9700160
/vessels/details/9700158,STELLAR VENTURE,Bulk Carrier,9700158
/vessels/details/9441922,NSU JUSTICE,Bulk Carrier,9441922
/vessels/details/9621273,NSU PRIDE,Bulk Carrier,9621273
/vessels/details/9437270,CAPE INFINITY,Bulk Carrier,9437270
/vessels/details/9419462,BAO FU,Bulk Carrier,9419462
/vessels/details/9401104,MSC SOLA,Container Ship,9401104
/vessels/details/9398383,MSC LUCIANA,Container Ship,9398383
/vessels/details/9401116,MSC FRANCESCA,Container Ship,9401116
/vessels/details/9398371,MSC IVANA,Container Ship,9398371
/vessels/details/9964508,MAERSK EL ALTO,Container Ship,9964508
/vessels/details/9770608,ATAGOSAN,Bulk Carrier,9770608
/vessels/details/9633939,CAP SAN ARTEMISSIO,Container Ship,9633939
/vessels/details/9633953,CAP SAN SOUNIO,Container Ship,9633953
/vessels/details/9633965,CAP SAN TAINARO,Container Ship,9633965
/vessels/details/9633941,CAP SAN MALEAS,Container Ship,9633941
/vessels/details/9850575,EVER FOREVER,Container Ship,9850575
/vessels/details/9850549,EVER FRONT,Container Ship,9850549
/vessels/details/9850525,EVER FAITH,Container Ship,9850525
/vessels/details/9850537,EVER FOCUS,Container Ship,9850537
/vessels/details/9850812,EVER FINE,Container Ship,9850812
/vessels/details/9850800,EVER FAME,Container Ship,9850800
/vessels/details/9850824,EVER FORE,Container Ship,9850824
/vessels/details/9850795,EVER FIT,Container Ship,9850795
/vessels/details/9345403,COSCO ASIA,Container Ship,9345403
/vessels/details/9345439,COSCO AFRICA,Container Ship,9345439
/vessels/details/9345427,COSCO AMERICA,Container Ship,9345427
/vessels/details/9345415,COSCO EUROPE,Container Ship,9345415
/vessels/details/9827372,SANTA ISABEL,Bulk Carrier,9827372
/vessels/details/9304435,MSC JOANNA,Container Ship,9304435
/vessels/details/9290543,MSC SUSANNA,Container Ship,9290543
/vessels/details/9290531,MSC PAMELA,Container Ship,9290531
/vessels/details/9339284,MSC CANDICE,Container Ship,9339284
/vessels/details/9336048,MSC SINDY,Container Ship,9336048
/vessels/details/9304411,MSC ESTHI,Container Ship,9304411
/vessels/details/9339296,MSC ASYA,Container Ship,9339296
/vessels/details/9912074,DREAM CLOVER,Bulk Carrier,9912074
/vessels/details/9839038,NSU ZENITH,Bulk Carrier,9839038
/vessels/details/9339272,MSC PINA,Container Ship,9339272
/vessels/details/9304423,MSC MARIA ELENA,Container Ship,9304423
/vessels/details/9305714,MSC INES,Container Ship,9305714
/vessels/details/9305702,MSC MADELEINE,Container Ship,9305702
/vessels/details/9727352,MINERAL EDO,Bulk Carrier,9727352
/vessels/details/9889277,HUGE KUMANO,Bulk Carrier,9889277
/vessels/details/9889289,NISEKO QUEEN,Bulk Carrier,9889289
/vessels/details/9974096,FIRST ALBATROSS,Bulk Carrier,9974096
/vessels/details/9891907,SOUTHERN CROSS,Bulk Carrier,9891907
/vessels/details/9889265,FRIEDRICH OLDENDORFF,Bulk Carrier,9889265
/vessels/details/9922691,FIRST PENGUIN,Bulk Carrier,9922691
/vessels/details/9889291,AZUL COSTA,Bulk Carrier,9889291
/vessels/details/9700184,SOLAR DOLPHIN,Bulk Carrier,9700184
/vessels/details/9700823,CAPE HOPE,Bulk Carrier,9700823
/vessels/details/9713442,CAPE HARVEST,Bulk Carrier,9713442
/vessels/details/9748100,MINERAL UTAMARO,Bulk Carrier,9748100
/vessels/details/9723899,SM LION,Bulk Carrier,9723899
/vessels/details/9531868,CAPE MIDORI,Bulk Carrier,9531868
/vessels/details/9737814,CHINA STEEL SUCCESS,Bulk Carrier,9737814
/vessels/details/9702558,CHINA STEEL ENDEAVOR,Bulk Carrier,9702558
/vessels/details/9702560,C.S EXPLORATION,Bulk Carrier,9702560
/vessels/details/9651072,CAPE GREEN,Bulk Carrier,9651072
/vessels/details/9737826,CHINA STEEL VISION,Bulk Carrier,9737826
/vessels/details/9479254,DAMPIER MARU,Bulk Carrier,9479254
/vessels/details/9524035,TSUKUBA MARU,Bulk Carrier,9524035
/vessels/details/9861768,CSC LEADER,Bulk Carrier,9861768
/vessels/details/9325300,HENG YUAN,Bulk Carrier,9325300
/vessels/details/9603398,CAPE RAINBOW,Bulk Carrier,9603398
/vessels/details/9479228,DOUBLE STAR,Bulk Carrier,9479228
/vessels/details/9595400,SPRING NEXUS,Bulk Carrier,9595400
/vessels/details/9336969,BAO GUO,Bulk Carrier,9336969
/vessels/details/9337145,WEN CHANG STAR,Bulk Carrier,9337145
/vessels/details/9398163,WU YING STAR,Bulk Carrier,9398163
/vessels/details/9336995,SG CAPITAL,Bulk Carrier,9336995
/vessels/details/9398149,SUNNY DABOLA,Bulk Carrier,9398149
/vessels/details/9337169,SUNNY RIVER,Bulk Carrier,9337169
/vessels/details/9638850,DAWN HORIZON,Bulk Carrier,9638850
/vessels/details/9603439,FLYING LOONG,Bulk Carrier,9603439
/vessels/details/9603374,CAPE COSMOS,Bulk Carrier,9603374
/vessels/details/9849239,C.S. BRILLIANCE,Bulk Carrier,9849239
/vessels/details/9849241,CHINA STEEL PRESTIGE,Bulk Carrier,9849241
/vessels/details/9516507,ZHONG XING HAI,Bulk Carrier,9516507
/vessels/details/9516519,YUAN WANG HAI,Bulk Carrier,9516519
/vessels/details/9516533,JIN DA HAI,Bulk Carrier,9516533
/vessels/details/9516521,TIAN FA HAI,Bulk Carrier,9516521
/vessels/details/9374026,XIN RUI OCEAN,Bulk Carrier,9374026
/vessels/details/9355159,SAMC TRANSPORTER,Bulk Carrier,9355159
/vessels/details/9281906,SEA DRACO,Bulk Carrier,9281906
/vessels/details/9374038,CAPE ALLIANCE,Bulk Carrier,9374038
/vessels/details/9355147,SEACON AFRICA,Bulk Carrier,9355147
/vessels/details/9346342,SUNNY MAMOU,Bulk Carrier,9346342
/vessels/details/9406453,SUNNY SIGUIRI,Bulk Carrier,9406453
/vessels/details/9304930,URANUS 2,Bulk Carrier,9304930
/vessels/details/9304942,XH SANMEN BAY,Bulk Carrier,9304942
/vessels/details/9271597,SUNNY LABE,Bulk Carrier,9271597
/vessels/details/9336957,SUNNY KAMSAR,Bulk Carrier,9336957
/vessels/details/9271561,CAPTAIN LEONIDAS,Bulk Carrier,9271561
/vessels/details/9312250,SAMC LIBERO,Bulk Carrier,9312250
/vessels/details/9595448,EVER LADEN,Container Ship,9595448
/vessels/details/9604122,EVER LOTUS,Container Ship,9604122
/vessels/details/9604172,EVER LUCKY,Container Ship,9604172
/vessels/details/9312999,NYK ORION,Container Ship,9312999
/vessels/details/9312975,NYK OCEANUS,Container Ship,9312975
/vessels/details/9395159,ONE HAMBURG,Container Ship,9395159
/vessels/details/9302138,ONE HANNOVER,Container Ship,9302138
/vessels/details/9302140,ONE HUMBER,Container Ship,9302140
/vessels/details/9302176,ONE HENRY HUDSON,Container Ship,9302176
/vessels/details/9395161,ONE HONG KONG,Container Ship,9395161
/vessels/details/9395147,ONE HAMMERSMITH,Container Ship,9395147
/vessels/details/9312793,NYK VENUS,Container Ship,9312793
/vessels/details/9312808,NYK VESTA,Container Ship,9312808
/vessels/details/9312781,NYK VEGA,Container Ship,9312781
/vessels/details/9566394,ONE HANGZHOU BAY,Container Ship,9566394
/vessels/details/9588093,ONE HANOI,Container Ship,9588093
/vessels/details/9618290,MSC ADELAIDE,Container Ship,9618290
/vessels/details/9618288,MSC ALGHERO,Container Ship,9618288
/vessels/details/9393022,MSC SHAY,Container Ship,9393022
/vessels/details/9393321,MSC ELAINE,Container Ship,9393321
/vessels/details/9693551,WAH SHAN,Bulk Carrier,9693551
/vessels/details/9468401,SUN ORCHID,Bulk Carrier,9468401
/vessels/details/9444247,PAN FREESIA,Bulk Carrier,9444247
/vessels/details/9545297,PAN MARGARET,Bulk Carrier,9545297
/vessels/details/9500637,NAVIOS LUMEN,Bulk Carrier,9500637
/vessels/details/9853723,EMPRESS MISTRAL,Bulk Carrier,9853723
/vessels/details/9926623,GCL DUNKIRK,Bulk Carrier,9926623
/vessels/details/9863106,ZELLA OLDENDORFF,Bulk Carrier,9863106
/vessels/details/9853711,ANNABEL L,Bulk Carrier,9853711
/vessels/details/9835874,PACIFIC ANOUK,Bulk Carrier,9835874
/vessels/details/9835886,PACIFIC SARAH,Bulk Carrier,9835886
/vessels/details/9767089,GOOD HORIZON,Bulk Carrier,9767089
/vessels/details/9474137,ALEXOS,Bulk Carrier,9474137
/vessels/details/9483293,SG FOUNDATION,Bulk Carrier,9483293
/vessels/details/9460033,NAVIOS POLLUX,Bulk Carrier,9460033
/vessels/details/9603910,MSXT CAPELLA,Bulk Carrier,9603910
/vessels/details/9309447,MSC RANIA,Container Ship,9309447
/vessels/details/9309461,MSC TOMOKO,Container Ship,9309461
/vessels/details/9309473,MSC HEIDI,Container Ship,9309473
/vessels/details/9881495,SOLAR MAJESTY,Bulk Carrier,9881495
/vessels/details/9446996,NAVIOS BONAVIS,Bulk Carrier,9446996
/vessels/details/9461300,SUNNY STAR,Bulk Carrier,9461300
/vessels/details/9461295,SUNNY SKY,Bulk Carrier,9461295
/vessels/details/9860489,ROYAL ARGO,Bulk Carrier,9860489
/vessels/details/9960124,CAPE PLEASURE,Bulk Carrier,9960124
/vessels/details/9960148,NAVIOS AMETHYST,Bulk Carrier,9960148
/vessels/details/9933092,NAVIOS ALTAIR,Bulk Carrier,9933092
/vessels/details/9951927,NAVIOS SAKURA,Bulk Carrier,9951927
/vessels/details/9581174,HL GLADSTONE,Bulk Carrier,9581174
/vessels/details/9495416,NORMA OCEAN,Bulk Carrier,9495416
/vessels/details/9723887,SM TIGER,Bulk Carrier,9723887
/vessels/details/9699701,SECRETARIAT,Bulk Carrier,9699701
/vessels/details/9692820,CIC PAOLA,Bulk Carrier,9692820
/vessels/details/9692818,CIC OSLO,Bulk Carrier,9692818
/vessels/details/9760005,AOM MARTA,Bulk Carrier,9760005
/vessels/details/9906805,AWAJISAN MARU,Bulk Carrier,9906805
/vessels/details/9951111,AQUAJOY,Bulk Carrier,9951111
/vessels/details/9592458,AASHNA,Bulk Carrier,9592458
/vessels/details/1028669,FRONTIER WISH,Bulk Carrier,1028669
/vessels/details/1028657,FRONTIER HOPE,Bulk Carrier,1028657
/vessels/details/9816581,UNITED FUTURE,Bulk Carrier,9816581
/vessels/details/9456692,NAVIOS RAY,Bulk Carrier,9456692
/vessels/details/9921623,STAR SHIBUMI,Bulk Carrier,9921623
/vessels/details/9936745,CAPE DIVERSITY,Bulk Carrier,9936745
/vessels/details/9802102,UNITED ETERNITY,Bulk Carrier,9802102
/vessels/details/9552434,KASHIMA MARU,Bulk Carrier,9552434
/vessels/details/9618824,ATHENS,Bulk Carrier,9618824
/vessels/details/9618812,VILLARS,Bulk Carrier,9618812
/vessels/details/9871799,LADY DEENA,Bulk Carrier,9871799
/vessels/details/9871775,FIRST PHOENIX,Bulk Carrier,9871775
/vessels/details/9871787,EMPRESS ZONDA,Bulk Carrier,9871787
/vessels/details/9488853,BRAVOS,Bulk Carrier,9488853
/vessels/details/9494228,CAPE PROVIDENCE,Bulk Carrier,9494228
/vessels/details/9458389,HL DALRYMPLE BAY,Bulk Carrier,9458389
/vessels/details/9802097,CAPE OASIS,Bulk Carrier,9802097
/vessels/details/9802085,CAPE CLOVER,Bulk Carrier,9802085
/vessels/details/9597745,HL ESPERANCE,Bulk Carrier,9597745
/vessels/details/9453080,PAN ADVANCE,Bulk Carrier,9453080
/vessels/details/9983578,SPRING HARMONY,Bulk Carrier,9983578
/vessels/details/9501851,GIANT ACE,Bulk Carrier,9501851
/vessels/details/9503201,OCEAN ROAD,Bulk Carrier,9503201
/vessels/details/9915583,KAURI,Bulk Carrier,9915583
/vessels/details/9938614,NAVIOS ASTRA,Bulk Carrier,9938614
/vessels/details/9905215,SPRING CITRUS,Bulk Carrier,9905215
/vessels/details/9552422,SOUTHERN HARMONY,Bulk Carrier,9552422
/vessels/details/9482251,FRONTIER NEIGE,Bulk Carrier,9482251
/vessels/details/9590694,PHAR LAP,Bulk Carrier,9590694
/vessels/details/9750816,NEW FUTURE,Bulk Carrier,9750816
/vessels/details/9552410,CAPE AMANDA,Bulk Carrier,9552410
/vessels/details/9479307,CAPE GENESIS,Bulk Carrier,9479307
/vessels/details/9511947,FRONTIER BONANZA,Bulk Carrier,9511947
/vessels/details/9463334,DONG FANG JI DIAO,Bulk Carrier,9463334
/vessels/details/9668348,NSU NEWSTAR,Bulk Carrier,9668348
/vessels/details/9451628,GH OSTRIA,Bulk Carrier,9451628
/vessels/details/9451616,GH LEVECHE,Bulk Carrier,9451616
/vessels/details/9756743,NAVIOS FELIX,Bulk Carrier,9756743
/vessels/details/9767522,EHIME QUEEN,Bulk Carrier,9767522
/vessels/details/9682942,NAVIOS GEM,Bulk Carrier,9682942
/vessels/details/9327736,MAI YANG,Bulk Carrier,9327736
/vessels/details/9385415,CAPE PROGRESS I,Bulk Carrier,9385415
/vessels/details/9579781,NEW HYDRA,Bulk Carrier,9579781
/vessels/details/9481312,NAVIOS ETOILE,Bulk Carrier,9481312
/vessels/details/9589839,NAVIOS AZIMUTH,Bulk Carrier,9589839
/vessels/details/9451276,NAVIOS MELODIA,Bulk Carrier,9451276
/vessels/details/9481233,NAVIOS BUENA VENTURA,Bulk Carrier,9481233
/vessels/details/9481348,NAVIOS BONHEUR,Bulk Carrier,9481348
/vessels/details/9592795,NEW ELLY,Bulk Carrier,9592795
/vessels/details/9500986,NAVIOS FULVIA,Bulk Carrier,9500986
/vessels/details/9591739,EREIKOUSSA,Bulk Carrier,9591739
/vessels/details/9465215,UNITED ADVENTURE,Bulk Carrier,9465215
/vessels/details/9567984,LINDA HOPE,Bulk Carrier,9567984
/vessels/details/9578684,CAPE VALENCIA,Bulk Carrier,9578684
/vessels/details/9573737,SEATTLE SLEW,Bulk Carrier,9573737
/vessels/details/9446556,AZUL SINFONIA,Bulk Carrier,9446556
/vessels/details/9446568,BNS DONGSHAN,Bulk Carrier,9446568
/vessels/details/9446611,ORANGE TIGER,Bulk Carrier,9446611
/vessels/details/9614933,WEN YUAN STAR,Bulk Carrier,9614933
/vessels/details/9581758,YM SERENITY,Bulk Carrier,9581758
/vessels/details/9650779,FRONTIER YOUTH,Bulk Carrier,9650779
/vessels/details/9604988,PACIFIC TREASURE,Bulk Carrier,9604988
/vessels/details/9590840,LAKE D,Bulk Carrier,9590840
/vessels/details/9598127,NAVIOS KOYO,Bulk Carrier,9598127
/vessels/details/9590890,FRONTIER GARLAND,Bulk Carrier,9590890
/vessels/details/9425447,CAPE PEONY,Bulk Carrier,9425447
/vessels/details/9614907,CAPE PRIDE,Bulk Carrier,9614907
/vessels/details/9590838,CENTENNIAL HARMONY,Bulk Carrier,9590838
/vessels/details/9660023,UNITED CROWN,Bulk Carrier,9660023
/vessels/details/9446594,CAPE JACARANDA,Bulk Carrier,9446594
/vessels/details/9675688,XUAN YUAN STAR,Bulk Carrier,9675688
/vessels/details/9605009,CAPE SUNRISE,Bulk Carrier,9605009
/vessels/details/9590864,FRONTIER LODESTAR,Bulk Carrier,9590864
/vessels/details/9675640,FRONTIER ASUKA,Bulk Carrier,9675640
/vessels/details/9589695,CAPETAN IOANNIS,Bulk Carrier,9589695
/vessels/details/9446532,HL MIDLAND,Bulk Carrier,9446532
/vessels/details/9747948,NAVIOS CORALI,Bulk Carrier,9747948
/vessels/details/9738844,NEW ADMIRE,Bulk Carrier,9738844
/vessels/details/9481295,NAVIOS LUZ,Bulk Carrier,9481295
/vessels/details/9589827,NAVIOS ALTAMIRA,Bulk Carrier,9589827
/vessels/details/9583005,NAVIOS CANARY,Bulk Carrier,9583005
/vessels/details/9468712,PAN GOLD,Bulk Carrier,9468712
/vessels/details/9539195,PAN DREAM,Bulk Carrier,9539195
/vessels/details/9468360,PAN FREEDOM,Bulk Carrier,9468360
/vessels/details/9468358,PAN EMERALD,Bulk Carrier,9468358
/vessels/details/9468736,PAN IRIS,Bulk Carrier,9468736
/vessels/details/9510527,PAN BONA,Bulk Carrier,9510527
/vessels/details/9514212,CAPE HARMONY,Bulk Carrier,9514212
/vessels/details/9409144,CAPE CELTIC,Bulk Carrier,9409144
/vessels/details/9409091,LEO FELICITY,Bulk Carrier,9409091
/vessels/details/9546801,AM PORT CARTIER,Bulk Carrier,9546801
/vessels/details/9546813,UNITED DIGNITY,Bulk Carrier,9546813
/vessels/details/9510515,PAN ACACIA,Bulk Carrier,9510515
/vessels/details/9468724,PAN HOPE,Bulk Carrier,9468724
/vessels/details/9468748,PAN JOY,Bulk Carrier,9468748
/vessels/details/9509499,PAN CHAMPION,Bulk Carrier,9509499
/vessels/details/9493872,ELOS,Bulk Carrier,9493872
/vessels/details/9537721,JSW SALEM,Bulk Carrier,9537721
/vessels/details/9538749,CAPE ASTER,Bulk Carrier,9538749
/vessels/details/9532082,FRONTIER KOTOBUKI,Bulk Carrier,9532082
/vessels/details/9323455,BAO SHAN,Bulk Carrier,9323455
/vessels/details/9469637,MSXT TRINITY,Bulk Carrier,9469637
/vessels/details/9423061,SEA LYRA,Bulk Carrier,9423061
/vessels/details/9429869,LUCKY CARINA,Bulk Carrier,9429869
/vessels/details/9501605,NAVIOS SYMPHONY,Bulk Carrier,9501605
/vessels/details/9268801,NS HAIRUN,Bulk Carrier,9268801
/vessels/details/9296963,CHOU SHAN,Bulk Carrier,9296963
/vessels/details/9290268,CHIN SHAN,Bulk Carrier,9290268
/vessels/details/9268825,DEYI VENUS,Bulk Carrier,9268825
/vessels/details/9268813,ZHI DA 88,Bulk Carrier,9268813
/vessels/details/9299549,MSC JUDITH,Container Ship,9299549
/vessels/details/9289128,MSC MAEVA,Container Ship,9289128
/vessels/details/9289104,MSC LUCY,Container Ship,9289104
/vessels/details/9290282,MSC RACHELE,Container Ship,9290282
/vessels/details/9552276,NAVIOS PHOENIX,Bulk Carrier,9552276
/vessels/details/9545170,NAVIOS SOL,Bulk Carrier,9545170
/vessels/details/9446465,CAPTAIN VENIAMIS,Bulk Carrier,9446465
/vessels/details/9374064,SUNNY KINDIA,Bulk Carrier,9374064
/vessels/details/9325013,NAVIOS FANTASTIKS,Bulk Carrier,9325013
/vessels/details/9446075,ERATO,Bulk Carrier,9446075
/vessels/details/9387114,SUNNY COYAH,Bulk Carrier,9387114
/vessels/details/9560388,CETUS MARINE,Bulk Carrier,9560388
/vessels/details/9311816,LUCK FORTUNE,Bulk Carrier,9311816
/vessels/details/9439149,SCUTUM OCEAN,Bulk Carrier,9439149
/vessels/details/9513816,CAPE TRIAS,Bulk Carrier,9513816
/vessels/details/9446439,CHANG SHOU STAR,Bulk Carrier,9446439
/vessels/details/9393187,SUNNY NZKORE,Bulk Carrier,9393187
/vessels/details/9439137,ZHI NV STAR,Bulk Carrier,9439137
/vessels/details/9406489,SUNNY CONAKRY,Bulk Carrier,9406489
/vessels/details/9479905,CHANG GENG STAR,Bulk Carrier,9479905
/vessels/details/9364320,SUNNY BEYLA,Bulk Carrier,9364320
/vessels/details/9439125,SUNNY SAILOR,Bulk Carrier,9439125
/vessels/details/9410404,HT HUANG SHAN,Bulk Carrier,9410404
/vessels/details/9406518,NOEL II,Bulk Carrier,9406518
/vessels/details/9346330,LEONE LUCK,Bulk Carrier,9346330
/vessels/details/9274903,VENUS WEALTH,Bulk Carrier,9274903
/vessels/details/9587570,LV MANGAS,Bulk Carrier,9587570
/vessels/details/9299551,MSC VITTORIA,Container Ship,9299551
/vessels/details/9330305,SUNNY FRIA,Bulk Carrier,9330305
/vessels/details/9336024,DODO,Bulk Carrier,9336024
/vessels/details/9311282,WINNING QUEEN,Bulk Carrier,9311282
/vessels/details/9300362,XIANG YANG,Bulk Carrier,9300362
/vessels/details/9490600,GREAT PERSEUS,Bulk Carrier,9490600
/vessels/details/9384916,APRIL,Bulk Carrier,9384916
/vessels/details/9475301,SM VISION,Bulk Carrier,9475301
/vessels/details/9271389,SHEN FA,Bulk Carrier,9271389
/vessels/details/9347176,LEONE FUTURE,Bulk Carrier,9347176
/vessels/details/9320362,ADONIS,Bulk Carrier,9320362
/vessels/details/9313400,NEW ELIAS,Bulk Carrier,9313400
/vessels/details/9339181,HIGHLAND,Bulk Carrier,9339181
/vessels/details/9309021,XIANG RONG,Bulk Carrier,9309021
/vessels/details/9348285,EASTAR LUCK,Bulk Carrier,9348285
/vessels/details/9252498,PROS BELINDA,Bulk Carrier,9252498
/vessels/details/9290593,ARES,Bulk Carrier,9290593
/vessels/details/9301079,DEYI CONFIDENCE,Bulk Carrier,9301079
/vessels/details/9271614,DONG YUAN,Bulk Carrier,9271614
/vessels/details/9254692,URANUS 1,Bulk Carrier,9254692
/vessels/details/9248459,DOUGA,Bulk Carrier,9248459
/vessels/details/9324124,HE CHUANG,Bulk Carrier,9324124
/vessels/details/9324112,GREEN GALAXY,Bulk Carrier,9324112
/vessels/details/9311464,LEONE STAR,Bulk Carrier,9311464
/vessels/details/9284295,SEA TAURUS,Bulk Carrier,9284295
/vessels/details/9398682,HONG DENG,Bulk Carrier,9398682
/vessels/details/9481245,NAVIOS AURORA II,Bulk Carrier,9481245
/vessels/details/9498781,NAVIOS STELLAR,Bulk Carrier,9498781
/vessels/details/9481257,NAVIOS ANTARES,Bulk Carrier,9481257
/vessels/details/9329459,LEONE FORTUNE,Bulk Carrier,9329459
/vessels/details/9264788,CAPE NANTONG,Bulk Carrier,9264788
/vessels/details/9286803,AC PIONEER,Bulk Carrier,9286803
/vessels/details/9273375,PLATOS,Bulk Carrier,9273375
/vessels/details/9266956,MIKOS,Bulk Carrier,9266956
/vessels/details/9495038,OOCL BRAZIL,Container Ship,9495038
/vessels/details/9567673,OOCL DURBAN,Container Ship,9567673
/vessels/details/9495040,HAKATA SEOUL,Container Ship,9495040
/vessels/details/9278569,CAPE TAIZHOU,Bulk Carrier,9278569
/vessels/details/9172430,ORIENTAL NAVIGATOR,Bulk Carrier,9172430
/vessels/details/9224740,CAPE ZHOUSHAN,Bulk Carrier,9224740
/vessels/details/9198240,SUNNY BOKE,Bulk Carrier,9198240
/vessels/details/9226619,JIN JIANG,Bulk Carrier,9226619
/vessels/details/9567661,SEROJA LIMA,Container Ship,9567661
/vessels/details/1015959,HMM LEAF,Container Ship,1015959
/vessels/details/9233923,ATLANTIS,Bulk Carrier,9233923
/vessels/details/9222742,GAIA I,Bulk Carrier,9222742
/vessels/details/9344291,OCEAN TRINITY,Bulk Carrier,9344291
/vessels/details/9998468,HMM GREEN,Container Ship,9998468
/vessels/details/9998470,HMM FOREST,Container Ship,9998470
/vessels/details/9703095,HL KOSPO,Bulk Carrier,9703095
/vessels/details/9708631,HL HADONG,Bulk Carrier,9708631
/vessels/details/9703083,HL KOMIPO,Bulk Carrier,9703083
/vessels/details/9703100,HL SAMCHEONPO,Bulk Carrier,9703100
/vessels/details/9703112,HL TAEAN,Bulk Carrier,9703112
/vessels/details/9708643,HL BORYEONG,Bulk Carrier,9708643
/vessels/details/9999539,GLOVIS TITAN,Vehicles Carrier,9999539
/vessels/details/9991159,LAPIS ACE,Vehicles Carrier,9991159
/vessels/details/9969132,TURQUOISE ACE,Vehicles Carrier,9969132
/vessels/details/1024405,AMPHITRITE HIGHWAY,Vehicles Carrier,1024405
/vessels/details/9251688,MSC VANESSA,Container Ship,9251688
/vessels/details/9251690,MSC LUDOVICA,Container Ship,9251690
/vessels/details/9728069,DRIVE GREEN HIGHWAY,Vehicles Carrier,9728069
/vessels/details/9728083,APOLLON HIGHWAY,Vehicles Carrier,9728083
/vessels/details/9728095,POLARIS HIGHWAY,Vehicles Carrier,9728095
/vessels/details/9728071,ORION HIGHWAY,Vehicles Carrier,9728071
/vessels/details/9974101,NEREUS HIGHWAY,Vehicles Carrier,9974101
/vessels/details/9974113,PONTUS HIGHWAY,Vehicles Carrier,9974113
/vessels/details/9225665,MSC LAURA,Container Ship,9225665
/vessels/details/9225677,MSC LUISA,Container Ship,9225677
/vessels/details/9251717,MSC MAUREEN,Container Ship,9251717
/vessels/details/9251705,MSC FLORENTINA,Container Ship,9251705
/vessels/details/9832638,NIAGARA HIGHWAY,Vehicles Carrier,9832638
/vessels/details/9827255,VICTORIA HIGHWAY,Vehicles Carrier,9827255
/vessels/details/9827243,IGUAZU HIGHWAY,Vehicles Carrier,9827243
/vessels/details/9726695,GLOBAL HIGHWAY,Vehicles Carrier,9726695
/vessels/details/9726700,HORIZON HIGHWAY,Vehicles Carrier,9726700
/vessels/details/9250983,MSC DAMLA,Container Ship,9250983
/vessels/details/9306172,MAERSK PUELO,Container Ship,9306172
/vessels/details/9226920,MSC MARIANNA,Container Ship,9226920
/vessels/details/9226918,MSC MELISSA,Container Ship,9226918
/vessels/details/9230488,MSC MICHAELA,Container Ship,9230488
/vessels/details/9230490,MSC LORETTA,Container Ship,9230490
/vessels/details/9275971,MSC MARINA,Container Ship,9275971
/vessels/details/9226932,MSC BARBARA,Container Ship,9226932
/vessels/details/9279989,MSC STELLA,Container Ship,9279989
/vessels/details/9233545,SAGE SAGITTARIUS,Bulk Carrier,9233545
/vessels/details/9999383,CIELO ACE,Vehicles Carrier,9999383
/vessels/details/1026324,CAELUM ACE,Vehicles Carrier,1026324
/vessels/details/9973872,CERULEAN ACE,Vehicles Carrier,9973872
/vessels/details/9982990,CELESTE ACE,Vehicles Carrier,9982990
/vessels/details/9889112,BLANCO ACE,Vehicles Carrier,9889112
/vessels/details/9889100,AZUL ACE,Vehicles Carrier,9889100
/vessels/details/9445394,G POSEIDON,Vehicles Carrier,9445394
/vessels/details/9987794,OCEAN BREEZE,Vehicles Carrier,9987794
/vessels/details/9664897,YM MODERATION,Container Ship,9664897
/vessels/details/9660011,YM MOVEMENT,Container Ship,9660011
/vessels/details/9560352,SEATTLE BRIDGE,Container Ship,9560352
/vessels/details/9560364,SAN FRANCISCO BRIDGE,Container Ship,9560364
/vessels/details/9240433,SABAEK,Bulk/Oil Carrier,9240433
/vessels/details/9240445,NORAH,Bulk/Oil Carrier,9240445
/vessels/details/9446013,MORNING LILY,Vehicles Carrier,9446013
/vessels/details/9748019,IRIS LEADER,Vehicles Carrier,9748019
/vessels/details/9832561,SARA LEADER,Vehicles Carrier,9832561
/vessels/details/9713894,CASTOR LEADER,Vehicles Carrier,9713894
/vessels/details/9738777,DENEB LEADER,Vehicles Carrier,9738777
/vessels/details/9676864,ARIES LEADER,Vehicles Carrier,9676864
/vessels/details/9676876,PISCES LEADER,Vehicles Carrier,9676876
/vessels/details/9168867,MSC URSULA VI,Container Ship,9168867
/vessels/details/9188154,EVER UTILE,Container Ship,9188154
/vessels/details/9168879,EVER USEFUL,Container Ship,9168879
/vessels/details/9169158,MSC UNITY VI,Container Ship,9169158
/vessels/details/9169160,EVER URBAN,Container Ship,9169160
/vessels/details/9383431,MORNING LUCY,Vehicles Carrier,9383431
/vessels/details/9383106,MORNING LINDA,Vehicles Carrier,9383106
/vessels/details/9383429,MORNING LYNN,Vehicles Carrier,9383429
/vessels/details/9383417,MORNING LISA,Vehicles Carrier,9383417
/vessels/details/9302073,GEORGE WASHINGTON BR,Container Ship,9302073
/vessels/details/9369758,MSC FIAMMETTA,Container Ship,9369758
/vessels/details/9372494,MSC SORAYA,Container Ship,9372494
/vessels/details/9372482,MSC ORIANE,Container Ship,9372482
/vessels/details/9372470,MSC KRYSTAL,Container Ship,9372470
/vessels/details/9200691,BZ CHONGFU,Container Ship,9200691
/vessels/details/9222986,LCU 1647,Container Ship,9222986
/vessels/details/9295397,MSC CAROLINA,Container Ship,9295397
/vessels/details/9295385,MSC MARTA,Container Ship,9295385
/vessels/details/9110389,MSC KATYAYNI VI,Container Ship,9110389
/vessels/details/9110391,MSC DYMPHNA,Container Ship,9110391
/vessels/details/9431185,BELLEVUE,Bulk Carrier,9431185
/vessels/details/9431173,BASTIONS,Bulk Carrier,9431173
/vessels/details/9459321,GRAND T,Bulk Carrier,9459321
/vessels/details/9620566,MA LIAN HAI,Bulk Carrier,9620566
/vessels/details/9620554,YU XIANG HAI,Bulk Carrier,9620554
/vessels/details/9620578,KANG XIN HAI,Bulk Carrier,9620578
/vessels/details/9512018,JUBILANT TREASURE,Bulk Carrier,9512018
/vessels/details/9499084,GLORIOSA LILY,Bulk Carrier,9499084
/vessels/details/9512044,TTM HOPE,Bulk Carrier,9512044
/vessels/details/9539262,PACIFIC POWER,Bulk Carrier,9539262
/vessels/details/9110377,MSC SAMANTHA VI,Container Ship,9110377
/vessels/details/9537551,HL SAMARINDA,Bulk Carrier,9537551
/vessels/details/9537563,HORIZON II,Bulk Carrier,9537563
/vessels/details/9777826,WALRUS ACE,Vehicles Carrier,9777826
/vessels/details/9777814,ORCA ACE,Vehicles Carrier,9777814
/vessels/details/9777838,DUGONG ACE,Vehicles Carrier,9777838
/vessels/details/9777802,BELUGA ACE,Vehicles Carrier,9777802
/vessels/details/9553488,OCEANUS LEADER,Vehicles Carrier,9553488
/vessels/details/9625932,MSC MAGALI,Bulk Carrier,9625932
/vessels/details/9625944,MSC CARINA,Bulk Carrier,9625944
/vessels/details/9308895,DORADO LEADER,Vehicles Carrier,9308895
/vessels/details/9481635,FIONAN,Bulk Carrier,9481635
/vessels/details/9284738,PYXIS LEADER,Vehicles Carrier,9284738
/vessels/details/9381237,VOLANS LEADER,Vehicles Carrier,9381237
/vessels/details/9381249,CYGNUS LEADER,Vehicles Carrier,9381249
/vessels/details/9478846,THE MOMENTUM,Bulk Carrier,9478846
/vessels/details/9478822,BABY HERCULES,Bulk Carrier,9478822
/vessels/details/9338694,MORNING CHARLOTTE,Vehicles Carrier,9338694
/vessels/details/9338711,MORNING CATHERINE,Vehicles Carrier,9338711
/vessels/details/9620683,MORNING CLAIRE,Vehicles Carrier,9620683
/vessels/details/9338709,MORNING CARINA,Vehicles Carrier,9338709
/vessels/details/9553103,TRITON LEADER,Vehicles Carrier,9553103
/vessels/details/9338723,MORNING CAROLINE,Vehicles Carrier,9338723
/vessels/details/9519121,GEMINI LEADER,Vehicles Carrier,9519121
/vessels/details/9326079,TRANS FUTURE 5,Vehicles Carrier,9326079
/vessels/details/9326081,TRANS FUTURE 6,Vehicles Carrier,9326081
/vessels/details/9419747,DONG-A METIS,Vehicles Carrier,9419747
/vessels/details/9409326,PLEIADES SPIRIT,Vehicles Carrier,9409326
/vessels/details/9402706,APOLLON LEADER,Vehicles Carrier,9402706
/vessels/details/9293648,PARADISE ACE,Vehicles Carrier,9293648
/vessels/details/9476769,GARNET ACE,Vehicles Carrier,9476769
/vessels/details/9397987,AQUAMARINE ACE,Vehicles Carrier,9397987
/vessels/details/9397999,AMETHYST ACE,Vehicles Carrier,9397999
/vessels/details/9885051,CAPE ACE,Bulk Carrier,9885051
/vessels/details/9539183,OPAL ACE,Vehicles Carrier,9539183
/vessels/details/9426386,MARGUERITE ACE,Vehicles Carrier,9426386
/vessels/details/9363948,LAVENDER ACE,Vehicles Carrier,9363948
/vessels/details/9463205,GOLD KOCHAV,Vehicles Carrier,9463205
/vessels/details/9453298,GOLD HOSHI,Vehicles Carrier,9453298
/vessels/details/9574054,MORNING CHRISTINA,Vehicles Carrier,9574054
/vessels/details/9638460,MORNING CALYPSO,Vehicles Carrier,9638460
/vessels/details/9633185,MORNING CINDY,Vehicles Carrier,9633185
/vessels/details/9650743,METIS LEADER,Vehicles Carrier,9650743
/vessels/details/9675573,GALVESTON HIGHWAY,Vehicles Carrier,9675573
/vessels/details/9675585,MORNING CHERRY,Vehicles Carrier,9675585
/vessels/details/9574080,MORNING CRYSTAL,Vehicles Carrier,9574080
/vessels/details/9442861,FLORIDA HIGHWAY,Vehicles Carrier,9442861
/vessels/details/9442873,COLUMBIA HIGHWAY,Vehicles Carrier,9442873
/vessels/details/9574066,CANADIAN HIGHWAY,Vehicles Carrier,9574066
/vessels/details/9574078,CALIFORNIA HIGHWAY,Vehicles Carrier,9574078
/vessels/details/9604926,EUPHRATES HIGHWAY,Vehicles Carrier,9604926
/vessels/details/9519119,BRASILIA HIGHWAY,Vehicles Carrier,9519119
/vessels/details/9519107,BOSPORUS HIGHWAY,Vehicles Carrier,9519107
/vessels/details/9591052,MERCURY ACE,Vehicles Carrier,9591052
/vessels/details/9641833,WISDOM ACE,Vehicles Carrier,9641833
/vessels/details/9355238,GRAND DAHLIA,Vehicles Carrier,9355238
/vessels/details/9303211,GRAND VENUS,Vehicles Carrier,9303211
/vessels/details/9303170,GRAND DUKE,Vehicles Carrier,9303170
/vessels/details/9339806,GRAND HERO,Vehicles Carrier,9339806
/vessels/details/9303182,GRAND COSMO,Vehicles Carrier,9303182
/vessels/details/9303209,GRAND NEPTUNE,Vehicles Carrier,9303209
/vessels/details/9355240,GRAND LEGACY,Vehicles Carrier,9355240
/vessels/details/9340570,GRAND CHAMPION,Vehicles Carrier,9340570
/vessels/details/9303223,GRAND DIAMOND,Vehicles Carrier,9303223
/vessels/details/9325221,GRAND RUBY,Vehicles Carrier,9325221
/vessels/details/9284764,GRAND PHOENIX,Vehicles Carrier,9284764
/vessels/details/9279329,GRAND DOLPHIN,Vehicles Carrier,9279329
/vessels/details/9325233,GRAND SAPPHIRE,Vehicles Carrier,9325233
/vessels/details/9303194,GRAND ORION,Vehicles Carrier,9303194
/vessels/details/9279331,GRAND AURORA,Vehicles Carrier,9279331
/vessels/details/9355252,GRAND VEGA,Vehicles Carrier,9355252
/vessels/details/9284776,GRAND PAVO,Vehicles Carrier,9284776
/vessels/details/9339844,GOLD ESTRELLA,Vehicles Carrier,9339844
/vessels/details/9334234,GRAND VICTORY,Vehicles Carrier,9334234
/vessels/details/9610432,DIVINE ACE,Vehicles Carrier,9610432
/vessels/details/9610391,SUPREME ACE,Vehicles Carrier,9610391
/vessels/details/9598012,BRILLIANT ACE,Vehicles Carrier,9598012
/vessels/details/9610444,PRIME ACE,Vehicles Carrier,9610444
/vessels/details/9536961,DURBAN HIGHWAY,Vehicles Carrier,9536961
/vessels/details/9536959,DELHI HIGHWAY,Vehicles Carrier,9536959
/vessels/details/9267663,GRAND EAGLE,Vehicles Carrier,9267663
/vessels/details/9247572,GRAND PIONEER,Vehicles Carrier,9247572
/vessels/details/9247584,GRAND MERCURY,Vehicles Carrier,9247584
/vessels/details/9561265,ELEGANT ACE,Vehicles Carrier,9561265
/vessels/details/9561289,MERMAID ACE,Vehicles Carrier,9561289
/vessels/details/9561253,TRANQUIL ACE,Vehicles Carrier,9561253
/vessels/details/9338864,SUNLIGHT ACE,Vehicles Carrier,9338864
/vessels/details/9293595,EUPHONY ACE,Vehicles Carrier,9293595
/vessels/details/9477220,NBA RUBENS,Bulk Carrier,9477220
/vessels/details/9515175,DREAM POWER,Bulk Carrier,9515175
/vessels/details/9477232,AMAZING SALUTE,Bulk Carrier,9477232
/vessels/details/9565558,CAPE TOWN HIGHWAY,Vehicles Carrier,9565558
/vessels/details/9565560,DALIAN HIGHWAY,Vehicles Carrier,9565560
/vessels/details/9565546,CHESAPEAKE HIGHWAY,Vehicles Carrier,9565546
/vessels/details/9158276,AQUARIUS LEADER,Vehicles Carrier,9158276
/vessels/details/9355496,HJ ELETTRA,Bulk Carrier,9355496
/vessels/details/9384928,FLAG MARINA,Bulk Carrier,9384928
/vessels/details/9326392,BRILLIANT VENUS,Bulk Carrier,9326392
/vessels/details/9404778,MEI YUAN,Bulk Carrier,9404778
/vessels/details/9304148,XING HE SHENG,Bulk Carrier,9304148
/vessels/details/9404766,SANTA SOPHIA,Bulk Carrier,9404766
/vessels/details/9883089,LIN MIARAK,Bulk Carrier,9883089
/vessels/details/9991147,MAERSK FUKUOKA,Container Ship,9991147
/vessels/details/9969041,MAERSK FELIXSTOWE,Container Ship,9969041
/vessels/details/9991202,MAERSK FREEPORT,Container Ship,9991202
/vessels/details/9979278,MAERSK FORTALEZA,Container Ship,9979278
/vessels/details/9969065,MAERSK FRANKFURT,Container Ship,9969065
/vessels/details/9267687,PROGRESS ACE,Vehicles Carrier,9267687
/vessels/details/9267675,MARTORELL,Vehicles Carrier,9267675
/vessels/details/9181558,LEO LEADER,Vehicles Carrier,9181558
/vessels/details/9329461,MORNING CELLO,Vehicles Carrier,9329461
/vessels/details/9177430,AH SHIN,Vehicles Carrier,9177430
/vessels/details/9228306,GRAND MARK,Vehicles Carrier,9228306
/vessels/details/9381665,OREGON HIGHWAY,Vehicles Carrier,9381665
/vessels/details/9252216,HEROIC ACE,Vehicles Carrier,9252216
/vessels/details/9207388,PALMELA,Vehicles Carrier,9207388
/vessels/details/9213454,PRESTIGE ACE,Vehicles Carrier,9213454
/vessels/details/9362267,LONDON HIGHWAY,Vehicles Carrier,9362267
/vessels/details/9337626,NYK CONSTELLATION,Container Ship,9337626
/vessels/details/9337640,NYK NEBULA,Container Ship,9337640
/vessels/details/9337638,NYK METEOR,Container Ship,9337638
/vessels/details/9250220,MEDITERRANEANHIGHWAY,Vehicles Carrier,9250220
/vessels/details/9238521,SEVEN SEAS HIGHWAY,Vehicles Carrier,9238521
/vessels/details/9337664,NYK DEMETER,Container Ship,9337664
/vessels/details/9337688,NYK DIANA,Container Ship,9337688
/vessels/details/9416965,NYK REMUS,Container Ship,9416965
/vessels/details/9416977,NYK RIGEL,Container Ship,9416977
/vessels/details/9259159,AC ANHE,Bulk Carrier,9259159
/vessels/details/9259161,GREAT WENSHENG,Bulk Carrier,9259161
/vessels/details/9342891,GERM SOPHIA,Bulk Carrier,9342891
/vessels/details/9820685,PACIFIC OPAL,Bulk Carrier,9820685
/vessels/details/9278155,MSC NERISSA V,Container Ship,9278155
/vessels/details/9278143,MSC ELENI,Container Ship,9278143
/vessels/details/9290402,MSC FELIXSTOWE,Container Ship,9290402
/vessels/details/9290426,MSC SANTA MARIA,Container Ship,9290426
/vessels/details/9335197,CMA CGM ALCAZAR,Container Ship,9335197
/vessels/details/9335185,COSCO NEW YORK,Container Ship,9335185
/vessels/details/9335173,COSCO BOSTON,Container Ship,9335173
/vessels/details/9279965,MSC FABIENNE,Container Ship,9279965
/vessels/details/9279977,MSC POH LIN,Container Ship,9279977
/vessels/details/9289544,MSC BARBADOS,Container Ship,9289544
/vessels/details/9292175,MSC SHANELLE V,Container Ship,9292175
/vessels/details/1043891,HONG DA XIN 718,Container Ship,1043891
/vessels/details/9933822,HAI JIANG WAN YANG 1,Container Ship,9933822
/vessels/details/9318113,ORCA I,Container Ship,9318113
/vessels/details/9318125,DOLPHIN II,Container Ship,9318125
/vessels/details/9282261,MSC ANS,Container Ship,9282261
/vessels/details/9282259,MSC ELA,Container Ship,9282259
/vessels/details/9281267,MSC ORNELLA,Container Ship,9281267
/vessels/details/9281279,MSC LISA,Container Ship,9281279
/vessels/details/9333838,MOL EXPERIENCE,Container Ship,9333838
/vessels/details/9333840,MOL EARNEST,Container Ship,9333840
/vessels/details/9333826,MOL EXPLORER,Container Ship,9333826
/vessels/details/9333852,MOL ENDOWMENT,Container Ship,9333852
/vessels/details/9181651,MSC INGRID,Container Ship,9181651
/vessels/details/9181663,MSC MATILDE V,Container Ship,9181663
/vessels/details/9276729,GREEN POWER,Bulk Carrier,9276729
/vessels/details/9229398,NEW CENTURY 1,Vehicles Carrier,9229398
/vessels/details/9925992,SPRING AWOBA,Bulk Carrier,9925992
/vessels/details/9832420,TOHOKU MARU,Bulk Carrier,9832420
/vessels/details/9207120,BRAVERY ACE,Vehicles Carrier,9207120
/vessels/details/8715857,MSC SARISKA V,Container Ship,8715857
/vessels/details/9832406,CORONA YOUTHFUL,Bulk Carrier,9832406
/vessels/details/9832418,CORONA DYNAMIC,Bulk Carrier,9832418
/vessels/details/9103685,MSC BRIANNA,Container Ship,9103685
/vessels/details/9502427,PATHFINDER,Vehicles Carrier,9502427
/vessels/details/9367578,LORD VISHNU,Vehicles Carrier,9367578
/vessels/details/9599121,KATAGALAN WISDOM,Bulk Carrier,9599121
/vessels/details/9599145,KATAGALAN WISDOM III,Bulk Carrier,9599145
/vessels/details/9599183,GL LA PAZ,Bulk Carrier,9599183
/vessels/details/9908205,KUROTAKISAN MARU 3,Bulk Carrier,9908205
/vessels/details/9368900,HOEGH SYDNEY,Vehicles Carrier,9368900
/vessels/details/9454723,COSCO TENGFEI,Vehicles Carrier,9454723
/vessels/details/9454711,COSCO SHENGSHI,Vehicles Carrier,9454711
/vessels/details/9213818,VEGA LEADER,Vehicles Carrier,9213818
/vessels/details/9476525,DECLAN DUFF,Bulk Carrier,9476525
/vessels/details/9587477,LIANG YUAN,Bulk Carrier,9587477
/vessels/details/9476537,CHINOOK,Bulk Carrier,9476537
/vessels/details/9426025,ARAUCANO,Bulk Carrier,9426025
/vessels/details/9476484,ZONDA,Bulk Carrier,9476484
/vessels/details/9568562,ROSALINA,Bulk Carrier,9568562
/vessels/details/9487885,BRICKFIELDER,Bulk Carrier,9487885
/vessels/details/9474620,ALISIOS,Bulk Carrier,9474620
/vessels/details/9625970,ANASTASIA,Bulk Carrier,9625970
/vessels/details/9455856,PINGHE,Bulk Carrier,9455856
/vessels/details/9443827,NORTH FORTUNE,Bulk Carrier,9443827
/vessels/details/9320439,MSC LEIGH,Container Ship,9320439
/vessels/details/9400124,XIN HE LU 6,Container Ship,9400124
/vessels/details/9349813,MSC CARMEN,Container Ship,9349813
/vessels/details/9349825,MSC NURIA,Container Ship,9349825
/vessels/details/9320403,MSC LORENA,Container Ship,9320403
/vessels/details/9320453,MSC ROSARIA,Container Ship,9320453
/vessels/details/9374155,AC GLORIOUS,Bulk Carrier,9374155
/vessels/details/9410442,TAIHAKUSAN,Bulk Carrier,9410442
/vessels/details/9568213,ZI YUAN,Bulk Carrier,9568213
/vessels/details/9568201,REIYO,Bulk Carrier,9568201
/vessels/details/9414890,ANDREA PALLADIO,Bulk Carrier,9414890
/vessels/details/9514963,HAKUYO,Bulk Carrier,9514963
/vessels/details/9529633,RIN YO,Bulk Carrier,9529633
/vessels/details/9659842,BULK MALAYSIA,Bulk Carrier,9659842
/vessels/details/9498834,MV TRAMONTANA,Bulk Carrier,9498834
/vessels/details/9490557,ORIENT LOONG,Bulk Carrier,9490557
/vessels/details/9615171,CMB MEDOC,Bulk Carrier,9615171
/vessels/details/9691565,NBA VAN DYCK,Bulk Carrier,9691565
/vessels/details/9659830,CPT ANDREADIS,Bulk Carrier,9659830
/vessels/details/9667306,HONEST SKY,Bulk Carrier,9667306
/vessels/details/9624249,NBA VERMEER,Bulk Carrier,9624249
/vessels/details/9633070,JOZEN,Bulk Carrier,9633070
/vessels/details/9615212,GLORY EAGLE,Bulk Carrier,9615212
/vessels/details/9615200,KAI YANG STAR,Bulk Carrier,9615200
/vessels/details/9591595,POWER LOONG,Bulk Carrier,9591595
/vessels/details/9574157,DOUBLE FANTASY,Bulk Carrier,9574157
/vessels/details/9469182,BEI DOU STAR,Bulk Carrier,9469182
/vessels/details/9574145,MARITIME KING,Bulk Carrier,9574145
/vessels/details/9184940,GRAND RACE,Vehicles Carrier,9184940
/vessels/details/9169316,GRAND CHOICE,Vehicles Carrier,9169316
/vessels/details/9169328,GRAND PACE,Vehicles Carrier,9169328
/vessels/details/9181479,GRAND QUEST,Vehicles Carrier,9181479
/vessels/details/9073701,SANG SHIN,Vehicles Carrier,9073701
/vessels/details/9788851,TRANS HARMONY 2,Vehicles Carrier,9788851
/vessels/details/9788849,TRANS HARMONY 1,Vehicles Carrier,9788849
/vessels/details/9232113,MSC TIA V,Container Ship,9232113
/vessels/details/9196826,GREAT WENWU,Bulk Carrier,9196826
/vessels/details/9181376,SILVER RAY,Vehicles Carrier,9181376
/vessels/details/9767467,STARDOM WAVE,Bulk Carrier,9767467
/vessels/details/9691527,CORONA ACE,Bulk Carrier,9691527
/vessels/details/9875185,WISTERIA SALUTE,Bulk Carrier,9875185
/vessels/details/9370214,UNIVERSAL PIONEER,Wood Chips Carrier,9370214
/vessels/details/9370238,HK DELIGHT,Wood Chips Carrier,9370238
/vessels/details/9691539,MORNING SALUTE,Bulk Carrier,9691539
/vessels/details/9667356,CORONA ROYAL,Bulk Carrier,9667356
/vessels/details/9774317,TAIRYU,Bulk Carrier,9774317
/vessels/details/9370202,ALSTROEMERIA,Wood Chips Carrier,9370202
/vessels/details/9363106,NINE FRONTIER,Wood Chips Carrier,9363106
/vessels/details/9370226,CROSSANDRA,Wood Chips Carrier,9370226
/vessels/details/9539298,EAGLE SKY,Wood Chips Carrier,9539298
/vessels/details/9838565,SOUTHERN TREASURE,Wood Chips Carrier,9838565
/vessels/details/9682849,GREEN SAPPHIRE,Wood Chips Carrier,9682849
/vessels/details/9987237,SORYU MARU,Bulk Carrier,9987237
/vessels/details/9363699,GLORIOUS SAKURA,Wood Chips Carrier,9363699
/vessels/details/9995612,TRANS HARMONY GREEN,Vehicles Carrier,9995612
/vessels/details/9995624,TRANSHARMONY EMERALD,Vehicles Carrier,9995624
/vessels/details/9515216,GLORIOUS HIBISCUS,Wood Chips Carrier,9515216
/vessels/details/9205976,AMERICAN HIGHWAY,Vehicles Carrier,9205976
/vessels/details/9363687,GROWTH RING,Wood Chips Carrier,9363687
/vessels/details/9566629,DAIO SOUTHERN CROSS,Wood Chips Carrier,9566629
/vessels/details/9343560,HOKUETSU CENTURY,Wood Chips Carrier,9343560
/vessels/details/9510151,BLUE RIDGE HIGHWAY,Vehicles Carrier,9510151
/vessels/details/9294355,TIANJIN HIGHWAY,Vehicles Carrier,9294355
/vessels/details/9294367,GUANGZHOU HIGHWAY,Vehicles Carrier,9294367
/vessels/details/9294343,SHANGHAI HIGHWAY,Vehicles Carrier,9294343
/vessels/details/9510149,BALTIMORE HIGHWAY,Vehicles Carrier,9510149
/vessels/details/1027330,NORD ACE,Bulk Carrier,1027330
/vessels/details/9242687,TRUONG LONG 02,Wood Chips Carrier,9242687
/vessels/details/9286877,UNIVERSAL GLORIA,Wood Chips Carrier,9286877
/vessels/details/9242699,TRUONG LONG 03,Wood Chips Carrier,9242699
/vessels/details/9985760,SCARLET OAK,Bulk Carrier,9985760
/vessels/details/9908229,RAMANAS ROSE,Bulk Carrier,9908229
/vessels/details/9206011,EUROPEAN HIGHWAY,Vehicles Carrier,9206011
/vessels/details/9310434,TEN YUAN,Bulk Carrier,9310434
/vessels/details/9427005,CORONA MAJESTY,Bulk Carrier,9427005
/vessels/details/9217670,HOANH SON SUN,Bulk Carrier,9217670
/vessels/details/9427017,ASIAN PIONEER,Bulk Carrier,9427017
/vessels/details/9310422,HORIZON DREAM,Bulk Carrier,9310422
/vessels/details/9277553,FUXING,Bulk Carrier,9277553
/vessels/details/8606056,GMT ASTRO,Vehicles Carrier,8606056
/vessels/details/9511430,NEW HALO,Bulk Carrier,9511430
/vessels/details/9469041,OCEAN FAIRY,Bulk Carrier,9469041
/vessels/details/9453391,NEW KNIGHT,Bulk Carrier,9453391
/vessels/details/9021332,YOUNG SHIN,Vehicles Carrier,9021332
/vessels/details/9841299,NAMURA QUEEN,Bulk Carrier,9841299
/vessels/details/9906790,SAIKAI MARU II,Bulk Carrier,9906790
/vessels/details/9885013,CAMELLIA ISLAND,Bulk Carrier,9885013
/vessels/details/9448140,SILVER SKY,Vehicles Carrier,9448140
/vessels/details/9789843,TAI KEYSTONE,Bulk Carrier,9789843
/vessels/details/9323871,NOZO,Bulk Carrier,9323871
/vessels/details/9317822,PENEL,Bulk Carrier,9317822
/vessels/details/9789855,TAI KINGDOM,Bulk Carrier,9789855
/vessels/details/9427938,SILVER QUEEN,Vehicles Carrier,9427938
/vessels/details/9840881,FJ RUBY,Bulk Carrier,9840881
/vessels/details/9749312,CALYPSO ISLAND,Bulk Carrier,9749312
/vessels/details/9747754,EVER IMPERIAL,Bulk Carrier,9747754
/vessels/details/9840972,UNITED SAPPHIRE,Bulk Carrier,9840972
/vessels/details/9708332,KAGUYA,Bulk Carrier,9708332
/vessels/details/9296858,ZHENG FAN,Bulk Carrier,9296858
/vessels/details/9005429,NADA,Livestock Carrier,9005429
/vessels/details/9221205,INNOVATION WAY,Heavy Load Carrier,9221205
/vessels/details/9477189,CORONA POWER,Bulk Carrier,9477189
/vessels/details/9805788,TAHO ASIA,Bulk Carrier,9805788
/vessels/details/9401908,CORONA NATURE,Bulk Carrier,9401908
/vessels/details/9609483,MINAMI,Bulk Carrier,9609483
/vessels/details/9609471,TOHMISAN MARU,Bulk Carrier,9609471
/vessels/details/9238595,RIZHAO EXPRESS,Wood Chips Carrier,9238595
/vessels/details/9325087,AURORA LIGHT,Wood Chips Carrier,9325087
/vessels/details/9574860,FINCH ARROW,General Cargo Ship,9574860
/vessels/details/9593751,EGRET STAR,Bulk Carrier,9593751
/vessels/details/9593775,GRAND STAR,Bulk Carrier,9593775
/vessels/details/9576272,ZHONG YUAN,Bulk Carrier,9576272
/vessels/details/9757785,NAVIOS ALEGRIA,Bulk Carrier,9757785
/vessels/details/9748045,MG HAMMOND,Bulk Carrier,9748045
/vessels/details/9774290,MG MERCURY,Bulk Carrier,9774290
/vessels/details/9767479,MG EXPLORER,Bulk Carrier,9767479
/vessels/details/9774276,MG EARTH,Bulk Carrier,9774276
/vessels/details/9774288,MG KRONOS,Bulk Carrier,9774288
/vessels/details/9860544,JAL TARA,Bulk Carrier,9860544
/vessels/details/9328728,SEA HELLINIS,Vehicles Carrier,9328728
/vessels/details/9738818,NAVIOS SPHERA,Bulk Carrier,9738818
/vessels/details/9875147,DREAM TEAM,Bulk Carrier,9875147
/vessels/details/9619799,FLAG EVI,Bulk Carrier,9619799
/vessels/details/9713791,SAKIZAYA GLORY,Bulk Carrier,9713791
/vessels/details/9774264,NAVIOS CORAL,Bulk Carrier,9774264
/vessels/details/9619775,GIORGIS,Bulk Carrier,9619775
/vessels/details/9619787,SEABISCUIT,Bulk Carrier,9619787
/vessels/details/9624287,MAERSK IYO,Container Ship,9624287
/vessels/details/9624275,MAERSK ARAS,Container Ship,9624275
/vessels/details/9624299,MAERSK KARUN,Container Ship,9624299
/vessels/details/9625839,PAN UNITY,Bulk Carrier,9625839
/vessels/details/9625853,PAN GLOBAL,Bulk Carrier,9625853
/vessels/details/9625841,PAN FLOWER,Bulk Carrier,9625841
/vessels/details/9625827,PAN TOPAZ,Bulk Carrier,9625827
/vessels/details/9625865,PAN HORIZON,Bulk Carrier,9625865
/vessels/details/1027380,GREEN OSAKA,General Cargo Ship,1027380
/vessels/details/9592604,DONGHAE STAR,Bulk Carrier,9592604
/vessels/details/9303118,HJ TIANHE,Wood Chips Carrier,9303118
/vessels/details/9650860,MISTRAL I,Bulk Carrier,9650860
/vessels/details/9070474,SILVER GLORY,Vehicles Carrier,9070474
/vessels/details/9911422,FIRST DYQUEM,Bulk Carrier,9911422
/vessels/details/9604419,GLOBAL EXPRESS,Bulk Carrier,9604419
/vessels/details/9921855,GCL PARADIP,Bulk Carrier,9921855
/vessels/details/9950894,NAUTICAL DREAM,Bulk Carrier,9950894
/vessels/details/9921843,GCL LUXEMBOURG,Bulk Carrier,9921843
/vessels/details/9935442,EPIC SERENITY,Bulk Carrier,9935442
/vessels/details/9906477,GCL GREECE,Bulk Carrier,9906477
/vessels/details/9911410,AOM MARIA LAURA,Bulk Carrier,9911410
/vessels/details/9933262,LOWLANDS SKY,Bulk Carrier,9933262
/vessels/details/9933248,AQUAPRIMA,Bulk Carrier,9933248
/vessels/details/9933250,FIRST MARGAUX,Bulk Carrier,9933250
/vessels/details/9950909,AQUAGEM,Bulk Carrier,9950909
/vessels/details/9933236,MAMA SARA,Bulk Carrier,9933236
/vessels/details/9976068,GREEN HELSINKI,General Cargo Ship,9976068
/vessels/details/9976044,GREEN KEMI,General Cargo Ship,9976044
/vessels/details/9976070,GREEN RAUMA,General Cargo Ship,9976070
/vessels/details/9976056,GREEN KOTKA,General Cargo Ship,9976056
/vessels/details/9976082,GREEN AANEKOSKI,General Cargo Ship,9976082
/vessels/details/9442524,ERITHIANI,Bulk Carrier,9442524
/vessels/details/9941398,NORD AQUARIUS,Bulk Carrier,9941398
/vessels/details/9941386,HAMIT K,Bulk Carrier,9941386
/vessels/details/9989948,STAR EXPLORER,Bulk Carrier,9989948
/vessels/details/9934931,REGINA,Bulk Carrier,9934931
/vessels/details/9952464,MINIMATA,Bulk Carrier,9952464
/vessels/details/9952414,MOUDROS,Bulk Carrier,9952414
/vessels/details/9952490,BALBOA,Bulk Carrier,9952490
/vessels/details/9952426,AI STRATIS,Bulk Carrier,9952426
/vessels/details/9659763,DL ACACIA,Bulk Carrier,9659763
/vessels/details/9659775,DL DAHLIA,Bulk Carrier,9659775
/vessels/details/9937581,SUCCESS TRADER,Bulk Carrier,9937581
/vessels/details/9937593,HUDSON TRADER,Bulk Carrier,9937593
/vessels/details/9936757,RICHWAY TRADER,Bulk Carrier,9936757
/vessels/details/9937579,GREAT TRADER,Bulk Carrier,9937579
/vessels/details/9936769,PROGRESS TRADER,Bulk Carrier,9936769
/vessels/details/9956874,CANON TRADER,Bulk Carrier,9956874
/vessels/details/9937555,TRUSTN TRADER,Bulk Carrier,9937555
/vessels/details/9937567,CARLTON TRADER,Bulk Carrier,9937567
/vessels/details/9642801,THYME,Bulk Carrier,9642801
/vessels/details/9592070,ROSE III,Bulk Carrier,9592070
/vessels/details/9950911,KANKO MARU,Bulk Carrier,9950911
/vessels/details/9539248,IONIAN MARINER,Bulk Carrier,9539248
/vessels/details/9966855,PAN CONCORD,Bulk Carrier,9966855
/vessels/details/9749893,SAKIZAYA JUSTICE,Bulk Carrier,9749893
/vessels/details/9758739,SAKIZAYA LEADER,Bulk Carrier,9758739
/vessels/details/9749908,SAKIZAYA KALON,Bulk Carrier,9749908
/vessels/details/9749855,AMADEUS,Bulk Carrier,9749855
/vessels/details/9402744,NEPTUNE LEADER,Vehicles Carrier,9402744
/vessels/details/9402756,JUPITER LEADER,Vehicles Carrier,9402756
/vessels/details/9613989,EVER GRAND,Bulk Carrier,9613989
/vessels/details/9607837,EVER BEST,Bulk Carrier,9607837
/vessels/details/9865568,MAJESTIC STAR,Bulk Carrier,9865568
/vessels/details/9870458,DUCHESS ROSARIO,Bulk Carrier,9870458
/vessels/details/9849564,JAL MURARI,Bulk Carrier,9849564
/vessels/details/9785988,DUKE SANTOS,Bulk Carrier,9785988
/vessels/details/9323780,SETTLER,Vehicles Carrier,9323780
/vessels/details/9598206,NEW PRESTIGE,Bulk Carrier,9598206
/vessels/details/9598191,NEW HONOR,Bulk Carrier,9598191
/vessels/details/9325439,SIERRA NEVADA HWY,Vehicles Carrier,9325439
/vessels/details/9934917,SAKIZAYA XCEL,Bulk Carrier,9934917
/vessels/details/9934929,GOLDEN KIKU,Bulk Carrier,9934929
/vessels/details/9864095,MARVELOUS STAR,Bulk Carrier,9864095
/vessels/details/9864083,FIRST ANGELUS,Bulk Carrier,9864083
/vessels/details/9590084,NAVIOS AVIOR,Bulk Carrier,9590084
/vessels/details/9925746,PREGNY,Bulk Carrier,9925746
/vessels/details/9463293,BEAR MOUNTAIN BRIDGE,Container Ship,9463293
/vessels/details/9463267,BAY BRIDGE,Container Ship,9463267
/vessels/details/9463346,BAI CHAY BRIDGE,Container Ship,9463346
/vessels/details/9463279,BANGKOK BRIDGE,Container Ship,9463279
/vessels/details/9153783,SILVER SOUL,Vehicles Carrier,9153783
/vessels/details/9166704,SOO SHIN,Vehicles Carrier,9166704
/vessels/details/9911733,NEW WAVELET,Bulk Carrier,9911733
/vessels/details/9909053,NAVIOS AMITIE,Bulk Carrier,9909053
/vessels/details/9934838,AQUARUBY,Bulk Carrier,9934838
/vessels/details/9947225,NAVIOS PRIMAVERA,Bulk Carrier,9947225
/vessels/details/9909065,NAVIOS STAR,Bulk Carrier,9909065
/vessels/details/9947237,NAVIOS MERIDIAN,Bulk Carrier,9947237
/vessels/details/9878151,ENERGY COSMOS,Bulk Carrier,9878151
/vessels/details/9600619,DONA BIBI,Bulk Carrier,9600619
/vessels/details/9852925,NAVIOS LIBRA,Bulk Carrier,9852925
/vessels/details/9876048,NAVIOS MAGELLAN II,Bulk Carrier,9876048
/vessels/details/9852937,NAVIOS HERAKLES I,Bulk Carrier,9852937
/vessels/details/9864679,NAVIOS FELICITY I,Bulk Carrier,9864679
/vessels/details/9597812,NEW VENTURE,Bulk Carrier,9597812
/vessels/details/9610561,DAEBO GLADSTONE,Bulk Carrier,9610561
/vessels/details/9604861,MARGRETH PISSAREK,Bulk Carrier,9604861
/vessels/details/9604859,MARIANNE STOEGER,Bulk Carrier,9604859
/vessels/details/9646211,TONG SHUN,Bulk Carrier,9646211
/vessels/details/9723631,PERSEUS,Bulk Carrier,9723631
/vessels/details/9729879,AIANTAS,Bulk Carrier,9729879
/vessels/details/9693769,PREVAIL STAR,Bulk Carrier,9693769
/vessels/details/9729881,DIONE,Bulk Carrier,9729881
/vessels/details/9580508,CHRISTIANA P,Bulk Carrier,9580508
/vessels/details/9474723,NIKOLAS D,Bulk Carrier,9474723
/vessels/details/9579638,NEW ENDEAVOR,Bulk Carrier,9579638
/vessels/details/9577460,ILIA,Bulk Carrier,9577460
/vessels/details/9882322,GIRASOLE RIVER,Bulk Carrier,9882322
/vessels/details/9847853,DAISY GLORY,Bulk Carrier,9847853
/vessels/details/9861081,MINT,Bulk Carrier,9861081
/vessels/details/9727986,DESPINA V,Bulk Carrier,9727986
/vessels/details/9631826,SHUN YING,Bulk Carrier,9631826
/vessels/details/9611565,YING SHUN,Bulk Carrier,9611565
/vessels/details/9842530,SM HARMONY2,Bulk Carrier,9842530
/vessels/details/9909041,HAMPTON SKY,Bulk Carrier,9909041
/vessels/details/9878149,BRILLIANT KNIGHT,Bulk Carrier,9878149
/vessels/details/9911721,WORLD PROSPER,Bulk Carrier,9911721
/vessels/details/9934216,MAINE SOLEIL,Bulk Carrier,9934216
/vessels/details/9603996,SIROCCO,Bulk Carrier,9603996
/vessels/details/9607112,BORA,Bulk Carrier,9607112
/vessels/details/9646209,YU HONG,Bulk Carrier,9646209
/vessels/details/9718997,CCS ORCHID,Bulk Carrier,9718997
/vessels/details/9718985,AGRI PRINCESS,Bulk Carrier,9718985
/vessels/details/9596090,ZHENG ZHI,Bulk Carrier,9596090
/vessels/details/9593816,ZHENG RUN,Bulk Carrier,9593816
/vessels/details/9593828,ZHENG RONG,Bulk Carrier,9593828
/vessels/details/9593804,ZHENG JUN,Bulk Carrier,9593804
/vessels/details/9593799,HENG HENG,Bulk Carrier,9593799
/vessels/details/9596105,ZHENG HUI,Bulk Carrier,9596105
/vessels/details/9593787,ZHENG KAI,Bulk Carrier,9593787
/vessels/details/9601883,ZHENG YAO,Bulk Carrier,9601883
/vessels/details/9805702,TRITON CENTURY,Bulk Carrier,9805702
/vessels/details/9799719,TAI KUDOS,Bulk Carrier,9799719
/vessels/details/9781970,MEDI CHIBA,Bulk Carrier,9781970
/vessels/details/9566631,STELLAR SUNRISE,Wood Chips Carrier,9566631
/vessels/details/9799721,TAI KNOWLEDGE,Bulk Carrier,9799721
/vessels/details/9888625,SEIYU,Bulk Carrier,9888625
/vessels/details/9512214,LAZORD A,Bulk Carrier,9512214
/vessels/details/9512202,BLOOMING JOY,Bulk Carrier,9512202
/vessels/details/9888479,OWUSU MARU,Bulk Carrier,9888479
/vessels/details/9986219,NAUTICAL QUEEN,Bulk Carrier,9986219
/vessels/details/9968334,STAR VOYAGER,Bulk Carrier,9968334
/vessels/details/9970272,PHILOSOPHES,Bulk Carrier,9970272
/vessels/details/9970234,EPIC RADIANCE,Bulk Carrier,9970234
/vessels/details/9947251,SHARDANA,Bulk Carrier,9947251
/vessels/details/9947249,JEN LR,Bulk Carrier,9947249
/vessels/details/9947275,SYLVANER,Bulk Carrier,9947275
/vessels/details/9937268,ELITE DIVA,Bulk Carrier,9937268
/vessels/details/9947263,CORNALIN,Bulk Carrier,9947263
/vessels/details/9937244,MARSANNE,Bulk Carrier,9937244
/vessels/details/9937256,ALBATROSS,Bulk Carrier,9937256
/vessels/details/9947287,LOWLANDS AMBITION,Bulk Carrier,9947287
/vessels/details/9929338,VOLUTINA,Bulk Carrier,9929338
/vessels/details/9340776,POSITIVE LEADER,Vehicles Carrier,9340776
/vessels/details/9448061,ASIAN EXPLORER,Vehicles Carrier,9448061
/vessels/details/9372327,ANDROMEDA SPIRIT,Vehicles Carrier,9372327
/vessels/details/9412567,TRANS LEADER,Vehicles Carrier,9412567
/vessels/details/9372315,LUNA SPIRIT,Vehicles Carrier,9372315
/vessels/details/9304502,POSITIVE STAR,Vehicles Carrier,9304502
/vessels/details/9304514,POSITIVE PIONEER,Vehicles Carrier,9304514
/vessels/details/9950545,KATAGALAN CHAMPION,Bulk Carrier,9950545
/vessels/details/9950521,KATAGALAN ACE,Bulk Carrier,9950521
/vessels/details/9913028,SAKIZAYA YOUTH,Bulk Carrier,9913028
/vessels/details/9950533,KATAGALAN BRAVE,Bulk Carrier,9950533
/vessels/details/9913030,SAKIZAYA ZEST,Bulk Carrier,9913030
/vessels/details/9474682,FLAG ZANNIS,Bulk Carrier,9474682
/vessels/details/9343455,SILVER PEGASUS,Wood Chips Carrier,9343455
/vessels/details/9404338,LUCKY SUNDAY,Bulk Carrier,9404338
/vessels/details/9609433,SCARLET FALCON,Bulk Carrier,9609433
/vessels/details/9609627,SCARLET ROSELLA,Bulk Carrier,9609627
/vessels/details/9326366,FALCON EXPRESS,Wood Chips Carrier,9326366
/vessels/details/9343431,EAGLE EXPRESS,Wood Chips Carrier,9343431
/vessels/details/9515474,IRIS ACE,Vehicles Carrier,9515474
/vessels/details/9553206,SERALIA,Bulk Carrier,9553206
/vessels/details/9584592,NEW AMBITION,Bulk Carrier,9584592
/vessels/details/9897585,DORIC KATANA,Bulk Carrier,9897585
/vessels/details/9996977,DUCHESS LILY,Bulk Carrier,9996977
/vessels/details/9897925,TM LUSTROUS,Bulk Carrier,9897925
/vessels/details/9974010,ROYAL RESPECT,Bulk Carrier,9974010
/vessels/details/1031848,SENTOSA ISLAND,Bulk Carrier,1031848
/vessels/details/9897901,THUNDER ISLAND,Bulk Carrier,9897901
/vessels/details/9977828,BUNGO STAR,Bulk Carrier,9977828
/vessels/details/9937220,TOKUGAWA,Bulk Carrier,9937220
/vessels/details/9922287,PRESTIGE DIVA,Bulk Carrier,9922287
/vessels/details/9902263,PHENOMENAL DIVA,Bulk Carrier,9902263
/vessels/details/9953781,LOWLANDS CENTURY,Bulk Carrier,9953781
/vessels/details/9956850,STAMINA DIVA,Bulk Carrier,9956850
/vessels/details/9643154,THE HARMONY,Bulk Carrier,9643154
/vessels/details/9665932,GRAMPUS CHARM,Bulk Carrier,9665932
/vessels/details/9971898,AMABIKO,Bulk Carrier,9971898
/vessels/details/9608221,WATER LILY,Wood Chips Carrier,9608221
/vessels/details/9608219,PRINCESS ROYAL,Wood Chips Carrier,9608219
/vessels/details/9851323,BULK GREECE,Bulk Carrier,9851323
/vessels/details/9875032,BULK ITALY,Bulk Carrier,9875032
/vessels/details/9875018,SIBONEY M,Bulk Carrier,9875018
/vessels/details/9875020,BULK CROATIA,Bulk Carrier,9875020
/vessels/details/9874997,ULTRA SERVAL,Bulk Carrier,9874997
/vessels/details/9875006,MARIO,Bulk Carrier,9875006
/vessels/details/9897597,LOTUS BLOSSOM,Bulk Carrier,9897597
/vessels/details/9961934,LIEFDE,Bulk Carrier,9961934
/vessels/details/9790828,MAJESTIC ISLAND,Bulk Carrier,9790828
/vessels/details/9179775,HIGH SPEED,Bulk Carrier,9179775
/vessels/details/9343443,ESPRIT LOTUS,Wood Chips Carrier,9343443
/vessels/details/9852808,HARRIET P,Bulk Carrier,9852808
/vessels/details/9332793,LUCKY JESSICA,Bulk Carrier,9332793
/vessels/details/9235050,MSC ALYSSA,Container Ship,9235050
/vessels/details/9203954,MSC SANDRA,Container Ship,9203954
/vessels/details/9584748,SEA HOPE,Bulk Carrier,9584748
/vessels/details/9584619,ELDORA,Bulk Carrier,9584619
/vessels/details/9431537,SEA EMPIRE,Bulk Carrier,9431537
/vessels/details/9867413,BRILLIANT SAKURA,Bulk Carrier,9867413
/vessels/details/9867425,THOUSAND SPRING,Bulk Carrier,9867425
/vessels/details/9609275,PANAMAX UNIVERSE,Bulk Carrier,9609275
/vessels/details/9481439,THE PATRON,Bulk Carrier,9481439
/vessels/details/9185762,NENG YUAN,Bulk Carrier,9185762
/vessels/details/9790816,MONT BLANC HAWK,Bulk Carrier,9790816
/vessels/details/9782170,NAVIOS CITRINE,Bulk Carrier,9782170
/vessels/details/9875159,IKAN BELANAK,Bulk Carrier,9875159
/vessels/details/9852822,MALENA,Bulk Carrier,9852822
/vessels/details/9782118,JIMMY T,Bulk Carrier,9782118
/vessels/details/9782182,NORD TAURUS,Bulk Carrier,9782182
/vessels/details/9750311,SPRING PROGRESS,Bulk Carrier,9750311
/vessels/details/1016111,FRIENDSHIP DIVA,Bulk Carrier,1016111
/vessels/details/9894284,FLOURISH DIVA,Bulk Carrier,9894284
/vessels/details/9768019,SAKIZAYA MIRACLE,Bulk Carrier,9768019
/vessels/details/9811036,SAKIZAYA ORCHID,Bulk Carrier,9811036
/vessels/details/9724180,NAVIOS SKY,Bulk Carrier,9724180
/vessels/details/9736341,NAVIOS AMBER,Bulk Carrier,9736341
/vessels/details/1042134,SUN ISLAND,Bulk Carrier,1042134
/vessels/details/9873163,ROYAL LAUREL,Bulk Carrier,9873163
/vessels/details/9959759,WISDOM DIVA,Bulk Carrier,9959759
/vessels/details/9164691,GREAT YONGSHENG,Bulk Carrier,9164691
/vessels/details/9686273,CEPHEUS OCEAN,Bulk Carrier,9686273
/vessels/details/9851517,ROYAL NEPTUNE,Bulk Carrier,9851517
/vessels/details/9851505,ROYAL KALEIDO,Bulk Carrier,9851505
/vessels/details/9675274,SANTA REGINA,Bulk Carrier,9675274
/vessels/details/9846122,GENEVAN TRADER,Bulk Carrier,9846122
/vessels/details/9846093,LEMAN TRADER,Bulk Carrier,9846093
/vessels/details/9689847,HERCULES OCEAN,Bulk Carrier,9689847
/vessels/details/9798844,HAMPTON OCEAN,Bulk Carrier,9798844
/vessels/details/9689811,THREE SASKIAS,Bulk Carrier,9689811
/vessels/details/9780134,SAKIZAYA HERO,Bulk Carrier,9780134
/vessels/details/9798832,GEMINI OCEAN,Bulk Carrier,9798832
/vessels/details/9780146,SAKIZAYA INTEGRITY,Bulk Carrier,9780146
/vessels/details/9726762,ROYAL HOPE,Bulk Carrier,9726762
/vessels/details/9589138,REBEKAH,Bulk Carrier,9589138
/vessels/details/9599080,GLORY PEGASUS,Bulk Carrier,9599080
/vessels/details/9599092,ATHENA CENTURY,Bulk Carrier,9599092
/vessels/details/9866172,FJ BIANCA,Bulk Carrier,9866172
/vessels/details/9865324,SUNSHINE PRIDE,Bulk Carrier,9865324
/vessels/details/9865336,SCARLET STORK,Bulk Carrier,9865336
/vessels/details/9796573,MEGA BENEFIT,Bulk Carrier,9796573
/vessels/details/9764087,AQUAGRACE,Bulk Carrier,9764087
/vessels/details/9860879,MIA LR,Bulk Carrier,9860879
/vessels/details/9836385,NAVIOS HORIZON I,Bulk Carrier,9836385
/vessels/details/9836426,NAVIOS GEMINI,Bulk Carrier,9836426
/vessels/details/9836414,NOVA CAELI,Bulk Carrier,9836414
/vessels/details/9836713,MEDI OITA,Bulk Carrier,9836713
/vessels/details/9860881,MIGHTY STAR,Bulk Carrier,9860881
/vessels/details/9687722,BRILLIANT ADVANCE,Bulk Carrier,9687722
/vessels/details/9344069,THE ETERNAL,Bulk Carrier,9344069
/vessels/details/9401506,AC YOUTH,Bulk Carrier,9401506
/vessels/details/9378395,THE GUARDIAN,Bulk Carrier,9378395
/vessels/details/9781035,HSL TAMPA,Bulk Carrier,9781035
/vessels/details/9602382,ENERGY PRIMAVERA,Bulk Carrier,9602382
/vessels/details/9708540,CAPRICORN TRADER,Bulk Carrier,9708540
/vessels/details/9764099,ORANGE HARMONY,Bulk Carrier,9764099
/vessels/details/9599066,LOCH LONG,Bulk Carrier,9599066
/vessels/details/9345972,NAVIOS NERINE,Container Ship,9345972
/vessels/details/9332250,NAVIOS MAGNOLIA,Container Ship,9332250
/vessels/details/9345958,NAVIOS JASMINE,Container Ship,9345958
/vessels/details/9758387,INDIGO ACE,Bulk Carrier,9758387
/vessels/details/9837004,AM SHRADDHA,Bulk Carrier,9837004
/vessels/details/9858292,BABITONGA,Bulk Carrier,9858292
/vessels/details/9770684,AGRI OCEAN,Bulk Carrier,9770684
/vessels/details/9840506,CHASSELAS,Bulk Carrier,9840506
/vessels/details/9785615,ESTELA CLAIRE,Bulk Carrier,9785615
/vessels/details/9785603,FARAH LOUISE,Bulk Carrier,9785603
/vessels/details/9840491,AMARYLLIS,Bulk Carrier,9840491
/vessels/details/9866196,CRYSTAL ADMIRER,Bulk Carrier,9866196
/vessels/details/9709001,LEO IRIS,Bulk Carrier,9709001
/vessels/details/9739020,THEODORE JR,Bulk Carrier,9739020
/vessels/details/9758428,ULTRA LEOPARD,Bulk Carrier,9758428
/vessels/details/9758430,ARGO WIND,Bulk Carrier,9758430
/vessels/details/9758454,YK NEWPORT,Bulk Carrier,9758454
/vessels/details/9744996,VIBEKE IRIS,Bulk Carrier,9744996
/vessels/details/9744984,TIGER LILY,Bulk Carrier,9744984
/vessels/details/9512290,NEW ASCENT,Bulk Carrier,9512290
/vessels/details/9758466,PINCHAT,Bulk Carrier,9758466
/vessels/details/9582544,AEOLIAN SUNRISE,Bulk Carrier,9582544
/vessels/details/9461221,HAKUTA,Bulk Carrier,9461221
/vessels/details/9783148,SAKIZAYA QUEEN,Bulk Carrier,9783148
/vessels/details/9783136,SAKIZAYA POWER,Bulk Carrier,9783136
/vessels/details/9783150,SAKIZAYA RESPECT,Bulk Carrier,9783150
/vessels/details/9728198,NORD POLARIS,Bulk Carrier,9728198
/vessels/details/9781023,CRIMSON ARK,Bulk Carrier,9781023
/vessels/details/9582972,BRIGHT WIND,Bulk Carrier,9582972
/vessels/details/9582984,RISING WIND,Bulk Carrier,9582984
/vessels/details/9518074,ENERGY GLORY,Bulk Carrier,9518074
/vessels/details/9461166,OCEAN ANNA,Bulk Carrier,9461166
/vessels/details/9461075,C.S. OLIVE,Bulk Carrier,9461075
/vessels/details/9512329,KEY FUTURE,Bulk Carrier,9512329
/vessels/details/9461350,IONIAN CHALLENGER,Bulk Carrier,9461350
/vessels/details/9461154,TREASURE STAR,Bulk Carrier,9461154
/vessels/details/9461116,CHORUS,Bulk Carrier,9461116
/vessels/details/9433638,SPIRIT OF HO-PING,Bulk Carrier,9433638
/vessels/details/9461178,KIRRIBILLI,Bulk Carrier,9461178
/vessels/details/9544059,SCARLET CARDINAL,Bulk Carrier,9544059
/vessels/details/9518189,NBA MILLET,Bulk Carrier,9518189
/vessels/details/9518191,YM NAVIGATOR,Bulk Carrier,9518191
/vessels/details/9713806,SAKIZAYA ELEGANCE,Bulk Carrier,9713806
/vessels/details/9668879,ATROTOS HERACLES,Bulk Carrier,9668879
/vessels/details/9697868,SAKIZAYA DIAMOND,Bulk Carrier,9697868
/vessels/details/9713818,SAKIZAYA FUTURE,Bulk Carrier,9713818
/vessels/details/9544102,YM PACIFICO,Bulk Carrier,9544102
/vessels/details/9518206,YM OPUS,Bulk Carrier,9518206
/vessels/details/9544097,PRIMROSE ATLANTIC,Bulk Carrier,9544097
/vessels/details/9687693,SCARLET EAGLE,Bulk Carrier,9687693
/vessels/details/9512343,PESCADORES SW,Bulk Carrier,9512343
/vessels/details/9311206,ARTUNIS,Bulk Carrier,9311206
/vessels/details/9301055,NEW HARMONY 8,Bulk Carrier,9301055
/vessels/details/9301043,THE UNITY,Bulk Carrier,9301043
/vessels/details/9928229,MAERSK MAMMOTH,Container Ship,9928229
/vessels/details/9928190,MAERSK BISCAYNE,Container Ship,9928190
/vessels/details/9928217,MAERSK GLACIER,Container Ship,9928217
/vessels/details/9928205,MAERSK EVERGLADES,Container Ship,9928205
/vessels/details/9928188,MAERSK ACADIA,Container Ship,9928188
/vessels/details/9529607,LB ENERGY,Bulk Carrier,9529607
/vessels/details/9529619,VERBIER,Bulk Carrier,9529619
/vessels/details/9353266,SPIL KARTINI,Container Ship,9353266
/vessels/details/9353278,MATSON KAUAI,Container Ship,9353278
/vessels/details/9353254,SPIL KARTIKA,Container Ship,9353254
/vessels/details/9433640,KEY JOURNEY,Bulk Carrier,9433640
/vessels/details/9454292,KEY FRONTIER,Bulk Carrier,9454292
/vessels/details/9336907,GLORY NAVIGATOR,Bulk Carrier,9336907
/vessels/details/9399088,OLLON STAR,Bulk Carrier,9399088
/vessels/details/9644304,LEGATO II,Bulk Carrier,9644304
/vessels/details/9620645,VITTORIA,Bulk Carrier,9620645
/vessels/details/9591985,BERN STAR,Bulk Carrier,9591985
/vessels/details/9053505,HAE SHIN,Vehicles Carrier,9053505
/vessels/details/9884148,ZUIYO,Bulk Carrier,9884148
/vessels/details/9338890,PLUTO LEADER,Vehicles Carrier,9338890
/vessels/details/9860300,GROVE ISLAND,Wood Chips Carrier,9860300
/vessels/details/9680360,SAKIZAYA CHAMPION,Bulk Carrier,9680360
/vessels/details/9334246,DREAM JASMINE,Vehicles Carrier,9334246
/vessels/details/9303168,DREAM BEAUTY,Vehicles Carrier,9303168
/vessels/details/9303156,DREAM ANGEL,Vehicles Carrier,9303156
/vessels/details/9360568,DREAM ORCHID,Vehicles Carrier,9360568
/vessels/details/9325790,DREAM DIVA,Vehicles Carrier,9325790
/vessels/details/9414151,BASEL STAR,Bulk Carrier,9414151
/vessels/details/9325788,DREAM DIAMOND,Vehicles Carrier,9325788
/vessels/details/9413420,STRENGTH,Bulk Carrier,9413420
/vessels/details/9401362,ICE II,Bulk Carrier,9401362
/vessels/details/9663348,PEACE GEM,Bulk Carrier,9663348
/vessels/details/9663336,PEACE GARDEN,Bulk Carrier,9663336
/vessels/details/9139907,XIN HE LU 1,Container Ship,9139907
/vessels/details/9139921,XIN HE LU 2,Container Ship,9139921
/vessels/details/9290701,NEW HORIZON,Bulk Carrier,9290701
/vessels/details/9919539,STELLAR HARMONY,Wood Chips Carrier,9919539
/vessels/details/9888900,HYDRANGEA,Wood Chips Carrier,9888900
/vessels/details/9888895,GT PERSEPHONE,Wood Chips Carrier,9888895
/vessels/details/9902108,GT HERA,Wood Chips Carrier,9902108
/vessels/details/9212242,BG OCEAN,Bulk Carrier,9212242
/vessels/details/9281827,NS HANGZHOU,Bulk Carrier,9281827
/vessels/details/9303510,FORTUNE PROSPERITY,Bulk Carrier,9303510
/vessels/details/9290713,NEW HARVE,Bulk Carrier,9290713
/vessels/details/9538763,LUYANG SMOOTH,Bulk Carrier,9538763
/vessels/details/9890850,WORLD REI,Wood Chips Carrier,9890850
/vessels/details/9351579,MSC TAMARA,Container Ship,9351579
/vessels/details/9351593,MSC ANGELA,Container Ship,9351593
/vessels/details/9351581,MSC KIM,Container Ship,9351581
/vessels/details/9285550,HUI YUAN,Bulk Carrier,9285550
/vessels/details/9285562,BROAD RICH,Bulk Carrier,9285562
/vessels/details/9287778,CHAO TIAN MEN,Bulk Carrier,9287778
/vessels/details/9287780,ETERNAL BRIGHT,Bulk Carrier,9287780
/vessels/details/9332212,NARA I,Bulk Carrier,9332212
/vessels/details/9330812,YANGTZE SELINDA,Bulk Carrier,9330812
/vessels/details/9493638,THE FINDER,Bulk Carrier,9493638
/vessels/details/9652545,SANTA ADRIANA,Bulk Carrier,9652545
/vessels/details/9609524,SANTA EMILIA,Bulk Carrier,9609524
/vessels/details/9691515,SUN EXCELSIOR,Bulk Carrier,9691515
/vessels/details/9713909,GLORY FIRST,Bulk Carrier,9713909
/vessels/details/9713430,NAVIOS VICTORY,Bulk Carrier,9713430
/vessels/details/9701152,PRT KAHO,Bulk Carrier,9701152
/vessels/details/9321926,ENJOY HARMONY,Bulk Carrier,9321926
/vessels/details/9563603,HONG DAI,Bulk Carrier,9563603
/vessels/details/9563627,HONG SHENG,Bulk Carrier,9563627
/vessels/details/9500883,HONG YUAN,Bulk Carrier,9500883
/vessels/details/9563615,HONG HING,Bulk Carrier,9563615
/vessels/details/9609512,KING MILO,Bulk Carrier,9609512
/vessels/details/9409039,ALEXANDRIA BRIDGE,Container Ship,9409039
/vessels/details/9409053,ATHENS BRIDGE,Container Ship,9409053
/vessels/details/9224714,EILEEN,Bulk Carrier,9224714
/vessels/details/9212125,ONE HOPE,Bulk Carrier,9212125
/vessels/details/9335991,HONOR STAR,Bulk Carrier,9335991
/vessels/details/9380271,MSC NAGOYA V,Container Ship,9380271
/vessels/details/9213363,SHUN FU XING,Bulk Carrier,9213363
/vessels/details/9330317,TRAVERSE ANTWERP,Bulk Carrier,9330317
/vessels/details/9203942,MSC ANIELLO,Container Ship,9203942
/vessels/details/9202663,MSC GINA,Container Ship,9202663
/vessels/details/9202649,MSC DIEGO,Container Ship,9202649
/vessels/details/9202651,MSC REGINA,Container Ship,9202651
/vessels/details/9237151,MSC DONATA,Container Ship,9237151
/vessels/details/9335989,LUCKY GLORY 2,Bulk Carrier,9335989
/vessels/details/9212694,EAST ACE,Bulk Carrier,9212694
/vessels/details/9261798,ERICA,Bulk Carrier,9261798
/vessels/details/9250189,ZEN MERIT,Bulk Carrier,9250189
/vessels/details/9225055,GOLDEN PIONEER,Bulk Carrier,9225055
/vessels/details/9225031,EFFIE,Bulk Carrier,9225031
/vessels/details/9248899,HON FA,Bulk Carrier,9248899
/vessels/details/9248904,CFL DEXING,Bulk Carrier,9248904
/vessels/details/9225201,HEFAN,Bulk Carrier,9225201
/vessels/details/9311139,GLORIOUS PEONY,Wood Chips Carrier,9311139
/vessels/details/9283655,CS YUNFAN,Bulk Carrier,9283655
/vessels/details/9287455,THE STRONG,Bulk Carrier,9287455
/vessels/details/9269233,SEAPOWER II,Bulk Carrier,9269233
/vessels/details/9318369,THE LIVING,Bulk Carrier,9318369
/vessels/details/9294111,AH GLOBE,Bulk Carrier,9294111
/vessels/details/9283643,HIGH GOLD,Bulk Carrier,9283643
/vessels/details/9305104,ATHERAS,Bulk Carrier,9305104
/vessels/details/9283631,KAMARES,Bulk Carrier,9283631
/vessels/details/9236171,JIAN MING,Bulk Carrier,9236171
/vessels/details/9275141,MDL TOOFAN,Bulk Carrier,9275141
/vessels/details/9231585,THANH THANH DAT 8999,Wood Chips Carrier,9231585
/vessels/details/9244685,CRIMSON SATURN,Wood Chips Carrier,9244685
/vessels/details/9244697,JR SOPHIA,Wood Chips Carrier,9244697
/vessels/details/9656400,SAKIZAYA ACE,Bulk Carrier,9656400
/vessels/details/9656412,SAKIZAYA BRAVE,Bulk Carrier,9656412
/vessels/details/8901860,ANNA MARRA,Livestock Carrier,8901860
/vessels/details/9512941,GLOBAL BONANZA,Bulk Carrier,9512941
/vessels/details/9145683,MAGIC PEARL,Wood Chips Carrier,9145683
/vessels/details/9272979,FORESTAL REINA,Wood Chips Carrier,9272979
/vessels/details/9298923,OSMANTHUS,Wood Chips Carrier,9298923
/vessels/details/9502570,BRILLIANT EXPRESS,Wood Chips Carrier,9502570
/vessels/details/9296602,STELLAR STREAM II,Wood Chips Carrier,9296602
/vessels/details/9145035,GODSPEED 6666,Wood Chips Carrier,9145035
/vessels/details/9142019,THANH THANH DAT 89,Wood Chips Carrier,9142019
/vessels/details/9286633,HORIZON HOPE,Bulk Carrier,9286633
/vessels/details/9318606,THE WISE,Bulk Carrier,9318606
/vessels/details/9318591,MAGIC L,Bulk Carrier,9318591
/vessels/details/9140566,BAO DAT THANH 99,Wood Chips Carrier,9140566
/vessels/details/9330800,PORTO LIMNIONI,Bulk Carrier,9330800
/vessels/details/9273612,JIAN XIANG,Bulk Carrier,9273612
/vessels/details/9283980,PORTIA,Bulk Carrier,9283980
/vessels/details/9218789,JASMINE 8,Bulk Carrier,9218789
/vessels/details/9218791,FORTUNE HARMONY,Bulk Carrier,9218791
/vessels/details/9405447,AC XIANGHE,Wood Chips Carrier,9405447
/vessels/details/9171151,KAI HANG,Bulk Carrier,9171151
/vessels/details/9476939,LUGANO STAR,Bulk Carrier,9476939
/vessels/details/9460588,SEA JUNO,Bulk Carrier,9460588
/vessels/details/9253193,NEW PIONEER,Bulk Carrier,9253193
/vessels/details/9253181,NEW SUCCESS,Bulk Carrier,9253181
/vessels/details/9460605,PENTA,Bulk Carrier,9460605
/vessels/details/9343314,GNS HARVEST,Bulk Carrier,9343314
/vessels/details/9291432,KHALEJIA ANA 7,Bulk Carrier,9291432
/vessels/details/9304227,LUCKY JOY,Bulk Carrier,9304227
/vessels/details/9304239,AC RENHE,Bulk Carrier,9304239
/vessels/details/8303989,GHENA,Livestock Carrier,8303989
/vessels/details/9460590,SAKIZAYA WISDOM,Bulk Carrier,9460590
/vessels/details/9311189,GLORY CUIABA,Bulk Carrier,9311189
/vessels/details/9311191,GENEVA STAR,Bulk Carrier,9311191
/vessels/details/9443815,FEDERAL SW,Bulk Carrier,9443815
/vessels/details/9244788,SHUN FU WANG,Bulk Carrier,9244788
/vessels/details/9287132,YOUNGER,Bulk Carrier,9287132
/vessels/details/9357896,FOREST HARMONY,Wood Chips Carrier,9357896
/vessels/details/9476941,MODEST SW,Bulk Carrier,9476941
/vessels/details/9317456,AGRI KINSALE,Bulk Carrier,9317456
/vessels/details/9287182,BROAD FORWARD,Bulk Carrier,9287182
/vessels/details/9304253,MAC GLORY,Bulk Carrier,9304253
/vessels/details/9244831,ARISTA,Bulk Carrier,9244831
/vessels/details/9252412,YU XIAO 8,Bulk Carrier,9252412
/vessels/details/9224025,XIN HAI HE,Bulk Carrier,9224025
/vessels/details/9223320,ASIA SPRING,Bulk Carrier,9223320
/vessels/details/9287168,LUCKY LOONG,Bulk Carrier,9287168
/vessels/details/9284855,VIET THUAN 80-07,Bulk Carrier,9284855
/vessels/details/9284893,ORCHID RISING,Bulk Carrier,9284893
/vessels/details/9216212,HOANH SON STAR,Bulk Carrier,9216212
/vessels/details/9216236,HOANH SON SKY,Bulk Carrier,9216236
/vessels/details/9344071,SOUTHERN STAR,Wood Chips Carrier,9344071
/vessels/details/9357925,GLORIOUS MAPLE,Wood Chips Carrier,9357925
/vessels/details/9286970,LUCKY BELLA,Bulk Carrier,9286970
/vessels/details/9288473,GLORY V,Bulk Carrier,9288473
/vessels/details/9288459,PROTEAS,Bulk Carrier,9288459
/vessels/details/9284881,PRINCESS KATHERINE,Bulk Carrier,9284881
/vessels/details/9286619,HOANH SON PLANET,Bulk Carrier,9286619
/vessels/details/9216456,JIE LI,Bulk Carrier,9216456
/vessels/details/9216468,GOLDEN LILY,Bulk Carrier,9216468
/vessels/details/9221853,SEA MAPLE,Bulk Carrier,9221853
/vessels/details/9221889,V GEM,Bulk Carrier,9221889
/vessels/details/9221877,AC JIAHE,Bulk Carrier,9221877
/vessels/details/9357901,FIRST ANGEL,Wood Chips Carrier,9357901
/vessels/details/9370812,ANEMONA,Wood Chips Carrier,9370812
/vessels/details/9370757,CATTLEYA,Wood Chips Carrier,9370757
/vessels/details/9370824,SENDAI SPIRIT,Wood Chips Carrier,9370824
/vessels/details/9370745,ANDALUCIA,Wood Chips Carrier,9370745
/vessels/details/9216406,KING LAN,Bulk Carrier,9216406
/vessels/details/9316919,TRUONG LONG 06,Wood Chips Carrier,9316919
/vessels/details/9217644,RONG YUAN,Bulk Carrier,9217644
/vessels/details/9180918,HE FENG,Bulk Carrier,9180918
/vessels/details/9233260,GOLDEN HOPE,Bulk Carrier,9233260
/vessels/details/9145530,OCEAN WINNER,Bulk Carrier,9145530
/vessels/details/9267601,AGATA,Bulk Carrier,9267601
/vessels/details/9766932,GREAT ZHOU,General Cargo Ship,9766932
/vessels/details/9342839,VIET THUAN 80-06,Bulk Carrier,9342839
/vessels/details/9381213,IONIAN PRINCESS,Bulk Carrier,9381213
/vessels/details/9342918,BROAD RISE,Bulk Carrier,9342918
/vessels/details/9326536,VIET THUAN 80-05,Bulk Carrier,9326536
/vessels/details/9342865,TRAVERSE SINGAPORE,Bulk Carrier,9342865
/vessels/details/9342815,NEW BONANZA,Bulk Carrier,9342815
/vessels/details/9464390,CHARM LOONG,Bulk Carrier,9464390
/vessels/details/9464508,LUCKY GLORY 3,Bulk Carrier,9464508
/vessels/details/9544712,ASSOS,Bulk Carrier,9544712
/vessels/details/9464405,CORAL VI,Bulk Carrier,9464405
/vessels/details/9544695,AOM JULIA,Bulk Carrier,9544695
/vessels/details/9544401,GU IMABARI,Bulk Carrier,9544401
/vessels/details/9267613,LUCKY HARMONY,Bulk Carrier,9267613
/vessels/details/9316672,JC NATURE,Bulk Carrier,9316672
/vessels/details/9362190,BULK XAYMACA,Bulk Carrier,9362190
/vessels/details/9254575,WUZHOU STAR,Bulk Carrier,9254575
/vessels/details/9362231,BROAD BONNIE,Bulk Carrier,9362231
/vessels/details/9553050,KENTA,Bulk Carrier,9553050
/vessels/details/9243502,LF,Bulk Carrier,9243502
/vessels/details/9272917,AH UNION,Bulk Carrier,9272917
/vessels/details/9231274,ALFAISALIAH,Bulk Carrier,9231274
/vessels/details/9257797,HOANH SON GALAXY,Bulk Carrier,9257797
/vessels/details/9231303,TARIEL,Bulk Carrier,9231303
/vessels/details/9286865,HOANH SON ATLANTIC,Bulk Carrier,9286865
/vessels/details/9302774,HOANH SON UNIVERSE,Bulk Carrier,9302774
/vessels/details/9250218,BAILIAN STAR,Bulk Carrier,9250218
/vessels/details/9302748,SEA ORION,Bulk Carrier,9302748
/vessels/details/9219434,XIN TAI YUAN,Bulk Carrier,9219434
/vessels/details/9255593,DOLPHIN 75,Bulk Carrier,9255593
/vessels/details/9254525,LUCKY ALISA,Bulk Carrier,9254525
/vessels/details/9766920,GREAT HAN,General Cargo Ship,9766920
/vessels/details/9328558,HARBOUR MOON,Bulk Carrier,9328558
/vessels/details/9336581,ELITE STAR,Bulk Carrier,9336581
/vessels/details/9364277,N AMALTNIA,Bulk Carrier,9364277
/vessels/details/9328572,GLORY LOONG,Bulk Carrier,9328572
/vessels/details/9336608,THE RULER,Bulk Carrier,9336608
/vessels/details/9766918,GREAT QIN,General Cargo Ship,9766918
/vessels/details/9040895,AVATR,Bulk Carrier,9040895
/vessels/details/9122564,LUCKY LONG,Bulk Carrier,9122564
/vessels/details/9325776,WESTERN HIGHWAY,Vehicles Carrier,9325776
/vessels/details/9176747,LUCKY DRAGON,Bulk Carrier,9176747
/vessels/details/9122588,SUKHOOR ALKHALEEJ 2,Bulk Carrier,9122588
/vessels/details/9766906,GREAT SHANG,General Cargo Ship,9766906
/vessels/details/9221437,KHALEJIA ANA 5,Bulk Carrier,9221437
/vessels/details/8519710,SILVER SUN,Vehicles Carrier,8519710
/vessels/details/9176759,MAKATI,Bulk Carrier,9176759
/vessels/details/9218428,URASIA LINK,Bulk Carrier,9218428
/vessels/details/9233595,TANG LAND,Bulk Carrier,9233595
/vessels/details/9229635,YU XIAO 3,Bulk Carrier,9229635
/vessels/details/9230141,SENTOSA 66,Bulk Carrier,9230141
/vessels/details/9214068,VELA QUEEN,Bulk Carrier,9214068
/vessels/details/9268992,HF ZHOUSHAN,Bulk Carrier,9268992
/vessels/details/9295127,RATGA,Bulk Carrier,9295127
/vessels/details/9279381,DOLPHIN 77,Bulk Carrier,9279381
/vessels/details/9221607,XIANGMING,Bulk Carrier,9221607
/vessels/details/9221621,DOLPHIN 76,Bulk Carrier,9221621
/vessels/details/9227194,GOLDEN ORIENT,Bulk Carrier,9227194
/vessels/details/9229623,KAI RUI,Bulk Carrier,9229623
/vessels/details/9300556,DOLPHIN 82,Bulk Carrier,9300556
/vessels/details/9171266,CHAMP STAR,Bulk Carrier,9171266
/vessels/details/9660633,FE MAGICIAN,Bulk Carrier,9660633
/vessels/details/9324239,HOANH SON PACIFIC,Bulk Carrier,9324239
/vessels/details/9253806,XIN MENG XIANG,Bulk Carrier,9253806
/vessels/details/9233507,MAGNET TEAM,Bulk Carrier,9233507
/vessels/details/9227704,YU XIAO 2,Bulk Carrier,9227704
/vessels/details/9149366,BEI YUAN,Bulk Carrier,9149366
/vessels/details/9316907,HOANH SON GLOBAL,Bulk Carrier,9316907
/vessels/details/9310537,THE GIVER,Bulk Carrier,9310537
/vessels/details/9303144,IKARIA,Bulk Carrier,9303144
/vessels/details/9209520,RICHSING LOTUS,Bulk Carrier,9209520
/vessels/details/9279549,ALANI,Bulk Carrier,9279549
/vessels/details/9303106,DOLPHIN 79,Bulk Carrier,9303106
/vessels/details/9286906,ASTER OCEAN,Bulk Carrier,9286906
/vessels/details/9260627,HOANH SON JUPITER,Bulk Carrier,9260627
/vessels/details/9260615,JIAN DA,Bulk Carrier,9260615
/vessels/details/9252199,XIN SHUN,Bulk Carrier,9252199
/vessels/details/9291119,AC VICTORY,Bulk Carrier,9291119
/vessels/details/9118678,WAFRA,Bulk Carrier,9118678
/vessels/details/9286920,HALONA,Bulk Carrier,9286920
/vessels/details/9316866,XINDE HONOR,Bulk Carrier,9316866
/vessels/details/9244221,LUCKY JASON,Bulk Carrier,9244221
/vessels/details/9149029,AN SHUN,Bulk Carrier,9149029
/vessels/details/9204685,EAST KING,Bulk Carrier,9204685
/vessels/details/9164706,ELLY,Bulk Carrier,9164706
/vessels/details/9131826,MOSHTARAKA 4,Bulk Carrier,9131826
/vessels/details/9231377,VIET THUAN 80-03,Bulk Carrier,9231377
/vessels/details/9216640,GRACE MILD,Bulk Carrier,9216640
/vessels/details/9239991,HAI FENG,Bulk Carrier,9239991
/vessels/details/9200380,WIN HARMONY,Bulk Carrier,9200380
/vessels/details/9117923,HAYKAL,Bulk Carrier,9117923
/vessels/details/9202807,UNION RICH,Bulk Carrier,9202807
/vessels/details/9254111,LUCKY GLORY,Bulk Carrier,9254111
/vessels/details/9169380,EUNICE,Bulk Carrier,9169380
/vessels/details/9179696,GUAN YUAN FU XING,Bulk Carrier,9179696
/vessels/details/9113410,HONGCHANG,Bulk Carrier,9113410
/vessels/details/9189081,TIAN HAO 18,Bulk Carrier,9189081
/vessels/details/9207443,SANTARLI,Bulk Carrier,9207443
/vessels/details/1094424,FORTUNE GLORY,Bulk Carrier,1094424
/vessels/details/9164653,MOSHTARAKA 3,Bulk Carrier,9164653
/vessels/details/9164627,KHALEJIA ANA 3,Bulk Carrier,9164627
/vessels/details/9806110,AFRICAN BATIS,Bulk Carrier,9806110
/vessels/details/9184847,AZAYEZ,Bulk Carrier,9184847
/vessels/details/9636462,AFRICAN CHEETAH,Bulk Carrier,9636462
/vessels/details/9636450,SEA PRIDE I,Bulk Carrier,9636450
/vessels/details/9218387,EMMAKRIS III,Bulk Carrier,9218387
/vessels/details/9218399,RUFIYA,Bulk Carrier,9218399
/vessels/details/9218272,VELA PRIME,Bulk Carrier,9218272
/vessels/details/9218284,ALSILS,Bulk Carrier,9218284
/vessels/details/9218521,GUANG YUAN,Bulk Carrier,9218521
/vessels/details/9213791,MU XI,Bulk Carrier,9213791
/vessels/details/9180803,HONG RUN,Bulk Carrier,9180803
/vessels/details/9161687,AL SAMA,Bulk Carrier,9161687
/vessels/details/9178226,FORTUNE UNION,Bulk Carrier,9178226
/vessels/details/9164615,HONG XIANG,Bulk Carrier,9164615
/vessels/details/9187722,HWA LAND,Bulk Carrier,9187722
/vessels/details/9448827,BHARANI,Container Ship,9448827
/vessels/details/9156278,BEST TRADER,Bulk Carrier,9156278
/vessels/details/9982811,UM JIANGSU,Bulk Carrier,9982811
/vessels/details/9979333,THERESA BREEZE,Bulk Carrier,9979333
/vessels/details/9979321,ACE HALO,Bulk Carrier,9979321
/vessels/details/9883663,JAL KALPATARU,Bulk Carrier,9883663
/vessels/details/9883651,JAL KALPAVRIKSH,Bulk Carrier,9883651
/vessels/details/9725586,BULK CASTOR,Bulk Carrier,9725586
/vessels/details/9725574,BOLD OCEAN,Bulk Carrier,9725574
/vessels/details/9139505,MSC REBECCA III,Container Ship,9139505
/vessels/details/8917778,MSC ELOISE,Container Ship,8917778
/vessels/details/9146950,HE YUAN,Bulk Carrier,9146950
/vessels/details/9189770,MDL KAMRAN,Bulk Carrier,9189770
/vessels/details/9168465,ELLA,Bulk Carrier,9168465
/vessels/details/9122863,HEDA,Bulk Carrier,9122863
/vessels/details/9165190,ANGEL FALLS,Bulk Carrier,9165190
/vessels/details/9170262,HARBOUR WELL,Bulk Carrier,9170262
/vessels/details/9172571,WAN LI,Bulk Carrier,9172571
/vessels/details/9142978,YI LI,Bulk Carrier,9142978
/vessels/details/9110975,MSC JAPAN III,Container Ship,9110975
/vessels/details/9123154,MSC KOREA III,Container Ship,9123154
/vessels/details/9123166,MSC ALABAMA III,Container Ship,9123166
/vessels/details/9060649,MSC MONICA III,Container Ship,9060649
/vessels/details/9060637,MSC MARTINA,Container Ship,9060637
/vessels/details/8913423,MSC SHANNON III,Container Ship,8913423
/vessels/details/8913447,MSC ATLANTIC III,Container Ship,8913447
/vessels/details/8918954,MSC NEDERLAND III,Container Ship,8918954
/vessels/details/8918980,MSC JORDAN III,Container Ship,8918980
/vessels/details/8913411,MSC SANTHYA,Container Ship,8913411
/vessels/details/8918966,MSC MANDY III,Container Ship,8918966
/vessels/details/8918978,MSC SUEZ,Container Ship,8918978
/vessels/details/9552886,CONDOR ARROW,General Cargo Ship,9552886
/vessels/details/9552898,PIPIT ARROW,General Cargo Ship,9552898
/vessels/details/9529592,EAGLE ARROW,General Cargo Ship,9529592
/vessels/details/9529580,NANDU ARROW,General Cargo Ship,9529580
/vessels/details/9495923,PELICAN ARROW,General Cargo Ship,9495923
/vessels/details/9566605,PUFFIN ARROW,General Cargo Ship,9566605
/vessels/details/9965473,OCEAN GENOVA,Bulk Carrier,9965473
/vessels/details/9253844,BOHWA BANGKOK,Wood Chips Carrier,9253844
/vessels/details/9894480,PAVO BRAVE,Bulk Carrier,9894480
/vessels/details/9894478,ARIES KARIN,Bulk Carrier,9894478
/vessels/details/9908279,CL TOMO,Bulk Carrier,9908279
/vessels/details/9965461,PAVO BREEZE,Bulk Carrier,9965461
/vessels/details/9920057,MAPLE HARVEST,Bulk Carrier,9920057
/vessels/details/9913987,OCEAN JUBILEE,Bulk Carrier,9913987
/vessels/details/9167497,THANH THANH DAT 899,Wood Chips Carrier,9167497
/vessels/details/1030882,NORSE DEVELOPMENT,Bulk Carrier,1030882
/vessels/details/1030894,NORSE ADDITION,Bulk Carrier,1030894
/vessels/details/9964900,NORSE STRIDE,Bulk Carrier,9964900
/vessels/details/9964819,ELEPHANTA,Bulk Carrier,9964819
/vessels/details/9964883,CL KIWAMI,Bulk Carrier,9964883
/vessels/details/9182356,COMET ACE,Vehicles Carrier,9182356
/vessels/details/9150339,AQUARIUS ACE,Vehicles Carrier,9150339
/vessels/details/9146015,SHUN DE,Bulk Carrier,9146015
/vessels/details/9139270,OCEAN MOLICA,Bulk Carrier,9139270
/vessels/details/9965813,GREEN WINDS,Bulk Carrier,9965813
/vessels/details/9737694,PAN MAJESTY,Bulk Carrier,9737694
/vessels/details/9699361,PAN IMPERIAL,Bulk Carrier,9699361
/vessels/details/9699335,PAN HARVEST,Bulk Carrier,9699335
/vessels/details/9866407,ORIENTAL WIND,Bulk Carrier,9866407
/vessels/details/9853620,SIDER MADEIRA,Bulk Carrier,9853620
/vessels/details/9874284,BELTANGO,Bulk Carrier,9874284
/vessels/details/1028176,NORD ATOLL,Bulk Carrier,1028176
/vessels/details/1017543,MERCURY ISLAND,Bulk Carrier,1017543
/vessels/details/1021374,CL SPRUCE,Bulk Carrier,1021374
/vessels/details/1027809,AQUALUCKY,Bulk Carrier,1027809
/vessels/details/1036525,UM KURE,Bulk Carrier,1036525
/vessels/details/1036513,QUEEN RIVER,Bulk Carrier,1036513
/vessels/details/1041544,SUMMER QUEEN,Bulk Carrier,1041544
/vessels/details/9986958,OBE UNITY,Bulk Carrier,9986958
/vessels/details/9952907,ETG UBUNTU,Bulk Carrier,9952907
/vessels/details/9966087,LOWLANDS FIDELITY,Bulk Carrier,9966087
/vessels/details/8616520,MSC MARIA LAURA II,Container Ship,8616520
/vessels/details/1049285,BERGE RYSY,Bulk Carrier,1049285
/vessels/details/1049261,NORD NILE,Bulk Carrier,1049261
/vessels/details/9701360,GLORY TOM,Bulk Carrier,9701360
/vessels/details/9723203,OCEAN JASMIN,Bulk Carrier,9723203
/vessels/details/9663245,CLEAR SKY,Bulk Carrier,9663245
/vessels/details/9723215,MSXT ARTEMIS,Bulk Carrier,9723215
/vessels/details/9656084,PUERTO ROSARIO,Bulk Carrier,9656084
/vessels/details/9942079,SPRING JASMINE,Bulk Carrier,9942079
/vessels/details/9942081,CL HYAKU,Bulk Carrier,9942081
/vessels/details/9942108,KARO T,Bulk Carrier,9942108
/vessels/details/9942110,SPRING LOTUS,Bulk Carrier,9942110
/vessels/details/9979137,LOWLANDS PATRASCHE,Bulk Carrier,9979137
/vessels/details/9979199,FAMIGLIA,Bulk Carrier,9979199
/vessels/details/9991252,QC ISABELLA,Bulk Carrier,9991252
/vessels/details/9969211,AQUAPRIDE,Bulk Carrier,9969211
/vessels/details/9951771,SANTA BRISA,Bulk Carrier,9951771
/vessels/details/9979125,SANTA CENTELLAR,Bulk Carrier,9979125
/vessels/details/9984510,CECILIE F,Bulk Carrier,9984510
/vessels/details/9979204,OCEAN FLAME,Bulk Carrier,9979204
/vessels/details/9696436,MENELAOS,Bulk Carrier,9696436
/vessels/details/9952220,THERESA GLORY,Bulk Carrier,9952220
/vessels/details/9933195,FEDERAL KUDOS,Bulk Carrier,9933195
/vessels/details/1057177,DIAMOND ISLAND,Bulk Carrier,1057177
/vessels/details/9983762,LOWLANDS BLOSSOM,Bulk Carrier,9983762
/vessels/details/1013705,AFRICAN LORIKEET,Bulk Carrier,1013705
/vessels/details/1036044,AFRICAN HAMMERKOP,Bulk Carrier,1036044
/vessels/details/1013676,AQUADONNA,Bulk Carrier,1013676
/vessels/details/9826457,SACHI,Bulk Carrier,9826457
/vessels/details/8415794,SEA PATRIS,Vehicles Carrier,8415794
/vessels/details/9883106,CMB VAN DIJCK,Bulk Carrier,9883106
/vessels/details/9916226,CMB MATSYS,Bulk Carrier,9916226
/vessels/details/9919565,WISTERIA,Bulk Carrier,9919565
/vessels/details/9894765,CMB BRUEGEL,Bulk Carrier,9894765
/vessels/details/9933028,ULTRA VIRTUE,Bulk Carrier,9933028
/vessels/details/9925772,FEDERAL INSPIRE,Bulk Carrier,9925772
/vessels/details/9919553,AFRICAN ISABELLE,Bulk Carrier,9919553
/vessels/details/9908463,FEDERAL ICON,Bulk Carrier,9908463
/vessels/details/9933054,NORD AEGEAN,Bulk Carrier,9933054
/vessels/details/9936850,AFRICAN SISTERS,Bulk Carrier,9936850
/vessels/details/9908451,BERGE DOI INTHANON,Bulk Carrier,9908451
/vessels/details/9916214,CMB TENIERS,Bulk Carrier,9916214
/vessels/details/9925760,ULTRA RELIANCE,Bulk Carrier,9925760
/vessels/details/9941972,ROYAL PEARL,Bulk Carrier,9941972
/vessels/details/9991238,ROYAL QUEST,Bulk Carrier,9991238
/vessels/details/9984558,FABULOUS DIVA,Bulk Carrier,9984558
/vessels/details/9969156,AFRICAN PREDATOR,Bulk Carrier,9969156
/vessels/details/1024479,ULTRA ENDURANCE,Bulk Carrier,1024479
/vessels/details/9969168,BARISM ALICE,Bulk Carrier,9969168
/vessels/details/9984546,AFRICAN FALCON,Bulk Carrier,9984546
/vessels/details/9984534,LOWLANDS ISLAND,Bulk Carrier,9984534
/vessels/details/1047043,PAN SALUS,Bulk Carrier,1047043
/vessels/details/1047031,BRIGHT KOWA,Bulk Carrier,1047031
/vessels/details/9951915,JASMINE K,Bulk Carrier,9951915
/vessels/details/9991276,MANHASSET QUEEN,Bulk Carrier,9991276
/vessels/details/9969027,GLOBAL FANFARE,Bulk Carrier,9969027
/vessels/details/9960198,EXCELSIOR DIVA,Bulk Carrier,9960198
/vessels/details/1057103,DORIC SAMURAI,Bulk Carrier,1057103
/vessels/details/9951898,CENTURION SIGNIFER,Bulk Carrier,9951898
/vessels/details/9951795,WATATSUMI,Bulk Carrier,9951795
/vessels/details/9951903,VITALITY DIVA,Bulk Carrier,9951903
/vessels/details/9960150,OCEAN AZURE,Bulk Carrier,9960150
/vessels/details/9916305,SANTANDER,Bulk Carrier,9916305
/vessels/details/9863821,TENDRA TRADER,Bulk Carrier,9863821
/vessels/details/9856282,ENDURO TRADER,Bulk Carrier,9856282
/vessels/details/9263344,MSC ASTRID III,Container Ship,9263344
/vessels/details/9263332,MSC BANU III,Container Ship,9263332
/vessels/details/9875666,PAN REGINA,Bulk Carrier,9875666
/vessels/details/9864394,PAN QUEST,Bulk Carrier,9864394
/vessels/details/9864382,PAN POSEIDON,Bulk Carrier,9864382
/vessels/details/9418640,SPIL CAYA,Container Ship,9418640
/vessels/details/9392559,SPIL CITRA,Container Ship,9392559
/vessels/details/9883091,CLIPPER ISADORA,Bulk Carrier,9883091
/vessels/details/9883118,AFRICAN PARROT,Bulk Carrier,9883118
/vessels/details/9846287,MEDI OSAKA,Bulk Carrier,9846287
/vessels/details/9860740,CORE IMPERIAL,Bulk Carrier,9860740
/vessels/details/1047392,CAPTAIN LUCAS,Bulk Carrier,1047392
/vessels/details/9863792,BERGE NISHIKAWA,Bulk Carrier,9863792
/vessels/details/9863845,TRIGON TRADER,Bulk Carrier,9863845
/vessels/details/9863857,EVA LONDON,Bulk Carrier,9863857
/vessels/details/9863869,EVA SHANGHAI,Bulk Carrier,9863869
/vessels/details/9856309,BERGE CATHERINE,Bulk Carrier,9856309
/vessels/details/9856311,GOLDEN TRADER,Bulk Carrier,9856311
/vessels/details/9856294,TOKYO PIONEER,Bulk Carrier,9856294
/vessels/details/9863833,FALCON TRADER,Bulk Carrier,9863833
/vessels/details/9856323,EVA BRISTOL,Bulk Carrier,9856323
/vessels/details/9863871,EVA PARIS,Bulk Carrier,9863871
/vessels/details/9102162,OCEANIC STAR,Bulk Carrier,9102162
/vessels/details/9791975,BULK PARAGUAY,Bulk Carrier,9791975
/vessels/details/9790830,SUMMER SKY,Bulk Carrier,9790830
/vessels/details/9846330,AFRICAN PHEASANT,Bulk Carrier,9846330
/vessels/details/9852664,SANTA TERESA,Bulk Carrier,9852664
/vessels/details/9883015,FEDERAL IZUMI,Bulk Carrier,9883015
/vessels/details/9866536,AFRICAN OASIS,Bulk Carrier,9866536
/vessels/details/9860623,SANTA INES,Bulk Carrier,9860623
/vessels/details/9860647,FEDERAL ILLINOIS,Bulk Carrier,9860647
/vessels/details/9832705,FEDERAL IBUKI,Bulk Carrier,9832705
/vessels/details/9820972,FEDERAL IBERVILLE,Bulk Carrier,9820972
/vessels/details/9832690,INCE MARMARA,Bulk Carrier,9832690
/vessels/details/9839064,INFINITY SKY,Bulk Carrier,9839064
/vessels/details/9774331,FEDERAL IMABARI,Bulk Carrier,9774331
/vessels/details/9811907,ULTRA PASSION,Bulk Carrier,9811907
/vessels/details/9782338,FEDERAL IRIS,Bulk Carrier,9782338
/vessels/details/9860659,PROUD UNITY,Bulk Carrier,9860659
/vessels/details/9820934,SANTA ALEXANDRA,Bulk Carrier,9820934
/vessels/details/9801304,ROYAL JADE,Bulk Carrier,9801304
/vessels/details/9860635,CMB JORDAENS,Bulk Carrier,9860635
/vessels/details/9782247,FIRST SKY,Bulk Carrier,9782247
/vessels/details/9860726,ROYAL MIDORI,Bulk Carrier,9860726
/vessels/details/9839076,DREAM SKY,Bulk Carrier,9839076
/vessels/details/9852676,AMIS QUEEN,Bulk Carrier,9852676
/vessels/details/9860582,FEDERAL INDUS,Bulk Carrier,9860582
/vessels/details/9775139,BULK BOLIVIA,Bulk Carrier,9775139
/vessels/details/9826835,NEW DEDICATION,Bulk Carrier,9826835
/vessels/details/9732400,AMIS HERO,Bulk Carrier,9732400
/vessels/details/9732424,AMIS JUSTICE,Bulk Carrier,9732424
/vessels/details/9821835,AMIS RESPECT,Bulk Carrier,9821835
/vessels/details/9732412,AMIS INTEGRITY,Bulk Carrier,9732412
/vessels/details/9219393,MSC HELENA III,Container Ship,9219393
/vessels/details/9775177,DORIC SHOGUN,Bulk Carrier,9775177
/vessels/details/9782364,PACIFIC SEAGULL,Bulk Carrier,9782364
/vessels/details/9767572,AFRICAN LEOPARD,Bulk Carrier,9767572
/vessels/details/9897810,AMIS VICTORY,Bulk Carrier,9897810
/vessels/details/9897896,AMIS WEALTH,Bulk Carrier,9897896
/vessels/details/9972634,EVA RICHMOND,Bulk Carrier,9972634
/vessels/details/9972622,IVS PROGRESS,Bulk Carrier,9972622
/vessels/details/9972646,EVA LINDEN,Bulk Carrier,9972646
/vessels/details/9972658,IVS TRADER,Bulk Carrier,9972658
/vessels/details/9984170,SW LEGEND,Bulk Carrier,9984170
/vessels/details/9984168,TEKUNG BENEFIT,Bulk Carrier,9984168
/vessels/details/9854583,MEIYU,Bulk Carrier,9854583
/vessels/details/9687215,BUENA VENTURA,Bulk Carrier,9687215
/vessels/details/9964857,STAR ISLAND,Bulk Carrier,9964857
/vessels/details/9923035,SCORPIOS ISLAND,Bulk Carrier,9923035
/vessels/details/9927873,OBSESSION,Bulk Carrier,9927873
/vessels/details/9780990,AMIS POWER,Bulk Carrier,9780990
/vessels/details/9877391,HSL PERTH,Bulk Carrier,9877391
/vessels/details/9781009,ES LEADER,Bulk Carrier,9781009
/vessels/details/9780988,AGRI WARRIOR,Bulk Carrier,9780988
/vessels/details/9708978,EGRET RIVER,Bulk Carrier,9708978
/vessels/details/9802310,HSL NASSAU,Bulk Carrier,9802310
/vessels/details/8714205,MSC SABRINA III,Container Ship,8714205
/vessels/details/9303778,SAFESEA YASH,Container Ship,9303778
/vessels/details/9322516,HAIAN GAMA,Container Ship,9322516
/vessels/details/9819985,HOLLY ARROW,General Cargo Ship,9819985
/vessels/details/9720079,GINKGO ARROW,General Cargo Ship,9720079
/vessels/details/9720055,BETULA ARROW,General Cargo Ship,9720055
/vessels/details/9720067,CYPRESS ARROW,General Cargo Ship,9720067
/vessels/details/9853072,BOLICHE,Bulk Carrier,9853072
/vessels/details/9853084,ULTRA INCAHUASI,Bulk Carrier,9853084
/vessels/details/9826433,WOOYANG ARES,Bulk Carrier,9826433
/vessels/details/9774460,TAI STAR,Bulk Carrier,9774460
/vessels/details/9771092,TAI SPRING,Bulk Carrier,9771092
/vessels/details/9811529,NEW CONFIDENCE,Bulk Carrier,9811529
/vessels/details/9883508,PACIFIC WIND,Bulk Carrier,9883508
/vessels/details/9797682,FJ STAR,Bulk Carrier,9797682
/vessels/details/9668386,CLOVER,Bulk Carrier,9668386
/vessels/details/9743318,ZHONG SHAN MEN,General Cargo Ship,9743318
/vessels/details/9737060,KOUSHUN,Bulk Carrier,9737060
/vessels/details/9642203,F CHARM,Bulk Carrier,9642203
/vessels/details/9659919,BULK COURAGEOUS,Bulk Carrier,9659919
/vessels/details/9713466,PRT ACE,Bulk Carrier,9713466
/vessels/details/9511052,GENIUS SW,Bulk Carrier,9511052
/vessels/details/9511014,COREFORTUNE OL,Bulk Carrier,9511014
/vessels/details/9681508,ENDURANCE SW,Bulk Carrier,9681508
/vessels/details/9681493,NAVIGATION OL,Bulk Carrier,9681493
/vessels/details/9691620,WEST TREASURE,Bulk Carrier,9691620
/vessels/details/9701700,AFRICAN TURACO,Bulk Carrier,9701700
/vessels/details/9701712,CRIMSON SPOONBILL,Bulk Carrier,9701712
/vessels/details/9667459,AMIS BRAVE,Bulk Carrier,9667459
/vessels/details/9691618,LYNUX INNOVATION,Bulk Carrier,9691618
/vessels/details/9642136,DIAMOND QUEEN,Bulk Carrier,9642136
/vessels/details/9738935,ORION OCEAN,Bulk Carrier,9738935
/vessels/details/9738923,LEO OCEAN,Bulk Carrier,9738923
/vessels/details/9650822,ORIENTE GLORIA,Bulk Carrier,9650822
/vessels/details/9743332,ZHONG XING MEN,General Cargo Ship,9743332
/vessels/details/9590917,HTK GALAXY,Bulk Carrier,9590917
/vessels/details/9599755,LIBERTY EXPLORER,Bulk Carrier,9599755
/vessels/details/9589803,AMIS WISDOM VI,Bulk Carrier,9589803
/vessels/details/9573830,HTK LAVENDER,Bulk Carrier,9573830
/vessels/details/9614983,AFRICAN SETO,Bulk Carrier,9614983
/vessels/details/9675743,ULTRA CORY,Bulk Carrier,9675743
/vessels/details/9650834,GM FORTUNE,Bulk Carrier,9650834
/vessels/details/9614995,BRILLIANT JOURNEY,Bulk Carrier,9614995
/vessels/details/9642227,BULK GUATEMALA,Bulk Carrier,9642227
/vessels/details/9875733,ROYAL ORION,Bulk Carrier,9875733
/vessels/details/9878694,ULTRA VISION,Bulk Carrier,9878694
/vessels/details/9738961,IC PHOENIX,Bulk Carrier,9738961
/vessels/details/9448217,ULTRA COLONSAY,Bulk Carrier,9448217
/vessels/details/9738820,GW ALPHA,Bulk Carrier,9738820
/vessels/details/9727297,AFRICAN ARROW,Bulk Carrier,9727297
/vessels/details/9624639,GRAND CONCORD,Bulk Carrier,9624639
/vessels/details/9713492,NAVIOS VENUS,Bulk Carrier,9713492
/vessels/details/9758870,STAR CRIMSON,Bulk Carrier,9758870
/vessels/details/9757826,ULTRA CRIMSON,Bulk Carrier,9757826
/vessels/details/9642148,TAI SUCCESS,Bulk Carrier,9642148
/vessels/details/9675755,SPRING SKY,Bulk Carrier,9675755
/vessels/details/9919644,ROYAL,Bulk Carrier,9919644
/vessels/details/9760108,HAKATA QUEEN,Bulk Carrier,9760108
/vessels/details/9856919,AFRICAN CARDINAL,Bulk Carrier,9856919
/vessels/details/9858022,FJ VIOLA,Bulk Carrier,9858022
/vessels/details/9919668,ST AJISAI,Bulk Carrier,9919668
/vessels/details/9919670,BEGONIA,Bulk Carrier,9919670
/vessels/details/9869590,ANAHITA,Bulk Carrier,9869590
/vessels/details/9757890,RED ORCHID,Bulk Carrier,9757890
/vessels/details/9869588,VALKYRIE,Bulk Carrier,9869588
/vessels/details/9696785,BLUE AKIHABARA,Bulk Carrier,9696785
/vessels/details/9684471,LYNUX SYNERGY,Bulk Carrier,9684471
/vessels/details/9275361,ATHENA,Container Ship,9275361
/vessels/details/9763875,TOP GRACE,Bulk Carrier,9763875
/vessels/details/9763887,TOP FORTUNE,Bulk Carrier,9763887
/vessels/details/9760110,NORD BOSPORUS,Bulk Carrier,9760110
/vessels/details/9885427,SEA TREASURE,Bulk Carrier,9885427
/vessels/details/9885439,CELESTIAL BLUE,Bulk Carrier,9885439
/vessels/details/9877937,GREEN GENIE,Bulk Carrier,9877937
/vessels/details/9725469,NORD MISSOURI,Bulk Carrier,9725469
/vessels/details/9935806,ZALIV,Bulk Carrier,9935806
/vessels/details/9949467,SOUNION,Bulk Carrier,9949467
/vessels/details/9949479,HYDRA,Bulk Carrier,9949479
/vessels/details/9935818,MONTEVIDEO I,Bulk Carrier,9935818
/vessels/details/9949209,EPTALOFOS,Bulk Carrier,9949209
/vessels/details/9914371,CENTURION,Bulk Carrier,9914371
/vessels/details/9914486,NORD ANTHEM,Bulk Carrier,9914486
/vessels/details/9914498,NORD ALLEGRO,Bulk Carrier,9914498
/vessels/details/9874557,MARKET COOPER,Bulk Carrier,9874557
/vessels/details/9852913,MARKET PORTER,Bulk Carrier,9852913
/vessels/details/9897561,HSL MEXICO,Bulk Carrier,9897561
/vessels/details/9577410,TOURAN,Bulk Carrier,9577410
/vessels/details/9528160,DK INITIO,Bulk Carrier,9528160
/vessels/details/9805647,NORD COPPER,Bulk Carrier,9805647
/vessels/details/9767766,IMABARI QUEEN,Bulk Carrier,9767766
/vessels/details/9767778,NORD CHESAPEAKE,Bulk Carrier,9767778
/vessels/details/9781994,BULK DESTINY,Bulk Carrier,9781994
/vessels/details/9758143,AMSTEL STORK,Bulk Carrier,9758143
/vessels/details/9008574,MSC TASMANIA,Container Ship,9008574
/vessels/details/9008603,MSC ORAN III,Container Ship,9008603
/vessels/details/9434498,AMSTEL LION,Bulk Carrier,9434498
/vessels/details/9434515,AMSTEL TIGER,Bulk Carrier,9434515
/vessels/details/9804552,MEDI PERTH,Bulk Carrier,9804552
/vessels/details/9775854,ES WARRIOR,Bulk Carrier,9775854
/vessels/details/9727144,TAI SUMMIT,Bulk Carrier,9727144
/vessels/details/9727132,TAI SPLENDOR,Bulk Carrier,9727132
/vessels/details/9636369,AMIS CHAMPION,Bulk Carrier,9636369
/vessels/details/9636371,AMIS DOLPHIN,Bulk Carrier,9636371
/vessels/details/9552989,AMIS ACE,Bulk Carrier,9552989
/vessels/details/9188790,DAFENGGANGLIMINGHAO,Vehicles Carrier,9188790
/vessels/details/9426776,AMIS WISDOM II,Bulk Carrier,9426776
/vessels/details/9426764,AMIS WISDOM I,Bulk Carrier,9426764
/vessels/details/9188805,DAFENGGANG HESHUNHAO,Vehicles Carrier,9188805
/vessels/details/9188829,MODERN LINK,Vehicles Carrier,9188829
/vessels/details/9606807,HARVEST LEGEND,Bulk Carrier,9606807
/vessels/details/9611010,XIN HAI TONG 30,Bulk Carrier,9611010
/vessels/details/9606819,HEILAN RISING,Bulk Carrier,9606819
/vessels/details/9606792,HEILAN BROTHER,Bulk Carrier,9606792
/vessels/details/9601170,PVT PERIDOT,Bulk Carrier,9601170
/vessels/details/9558696,PVT CORAL,Bulk Carrier,9558696
/vessels/details/9581368,LAKER,Bulk Carrier,9581368
/vessels/details/9581370,JUST,Bulk Carrier,9581370
/vessels/details/9477440,KARADENIZ S,Bulk Carrier,9477440
/vessels/details/9473195,MARMARA S,Bulk Carrier,9473195
/vessels/details/9592628,BUSAN STAR,Bulk Carrier,9592628
/vessels/details/9563536,NAMI ONE,Bulk Carrier,9563536
/vessels/details/9786956,EVER BIRTH,Container Ship,9786956
/vessels/details/9786932,EVER BLISS,Container Ship,9786932
/vessels/details/9787015,EVER BOOMY,Container Ship,9787015
/vessels/details/9626730,GLOBAL LAGUNA,Bulk Carrier,9626730
/vessels/details/9626742,GLOBAL ORIOLE,Bulk Carrier,9626742
/vessels/details/9434606,ASP BRAVE,Bulk Carrier,9434606
/vessels/details/9445681,XIN HAI TONG 29,Bulk Carrier,9445681
/vessels/details/9445605,ASP FRONTIER,Bulk Carrier,9445605
/vessels/details/9445629,ASP HOPE,Bulk Carrier,9445629
/vessels/details/9558907,HOLLY FORWARD,Bulk Carrier,9558907
/vessels/details/9504308,PVT TOPAZ,Bulk Carrier,9504308
/vessels/details/9449273,DIAMOND STAR II,Bulk Carrier,9449273
/vessels/details/9679139,SAGAR KANYA,Bulk Carrier,9679139
/vessels/details/9959723,SUNRISE QUEEN,Bulk Carrier,9959723
/vessels/details/9482134,SUNNY HOPE,Bulk Carrier,9482134
/vessels/details/9482122,SUNNY ROYAL,Bulk Carrier,9482122
/vessels/details/9823728,MCC TOKYO,Container Ship,9823728
/vessels/details/9823754,MCC YANGON,Container Ship,9823754
/vessels/details/9823742,MCC DANANG,Container Ship,9823742
/vessels/details/9823766,MCC TAIPEI,Container Ship,9823766
/vessels/details/9584906,GLOBAL SUCCESS,Bulk Carrier,9584906
/vessels/details/9650133,MIAO ZHOU,Bulk Carrier,9650133
/vessels/details/9631462,TOP WEATHER,Bulk Carrier,9631462
/vessels/details/9621778,SUPER TOMIYASU,Bulk Carrier,9621778
/vessels/details/9621792,SUPER RICE,Bulk Carrier,9621792
/vessels/details/9594614,SUPER ARTETA,Bulk Carrier,9594614
/vessels/details/9491214,AC OREN,Bulk Carrier,9491214
/vessels/details/9552317,JC NEW RUBY,Bulk Carrier,9552317
/vessels/details/9942201,LILY GLORY,Bulk Carrier,9942201
/vessels/details/9640621,FURNESS VICTORIA,Bulk Carrier,9640621
/vessels/details/9942213,VORTEX RIVER,Bulk Carrier,9942213
/vessels/details/9640619,HTK MIGHTY,Bulk Carrier,9640619
/vessels/details/9991082,SPRING AURA,Bulk Carrier,9991082
/vessels/details/9441271,GRACE JESSIE,Bulk Carrier,9441271
/vessels/details/9441403,FUHANG,Bulk Carrier,9441403
/vessels/details/9441362,NVL JUPITER,Bulk Carrier,9441362
/vessels/details/9441374,TUCSON,Bulk Carrier,9441374
/vessels/details/9487665,SEACON 7,Bulk Carrier,9487665
/vessels/details/9546095,LI DA SHUN,Bulk Carrier,9546095
/vessels/details/9491252,JETTA,Bulk Carrier,9491252
/vessels/details/9492414,DESHINE,Bulk Carrier,9492414
/vessels/details/9493652,CARRIE,Bulk Carrier,9493652
/vessels/details/9606778,HEILAN JOURNEY,Bulk Carrier,9606778
/vessels/details/9493731,WAN ADVANTAGE,Bulk Carrier,9493731
/vessels/details/9433107,YC AEQUOR,Bulk Carrier,9433107
/vessels/details/9590230,KING WIN,Bulk Carrier,9590230
/vessels/details/9609811,POLY ODYSSEY,Bulk Carrier,9609811
/vessels/details/9452658,SUNNINE 7,Bulk Carrier,9452658
/vessels/details/9446946,SHENG TAI,Bulk Carrier,9446946
/vessels/details/9452634,JACOB H,Bulk Carrier,9452634
/vessels/details/9488592,FYM CRYSTAL,Bulk Carrier,9488592
/vessels/details/9626584,POLYWORLD,Bulk Carrier,9626584
/vessels/details/9567415,YING LI,Bulk Carrier,9567415
/vessels/details/9598713,V BRAVO,Bulk Carrier,9598713
/vessels/details/9598725,PERIDOT,Bulk Carrier,9598725
/vessels/details/9546071,CHANG SHUN II,Bulk Carrier,9546071
/vessels/details/9487407,PRIDE,Bulk Carrier,9487407
/vessels/details/9487419,PAN QUEEN,Bulk Carrier,9487419
/vessels/details/9487433,PAN SPIRIT,Bulk Carrier,9487433
/vessels/details/9408281,XIN HAI TONG 16,Bulk Carrier,9408281
/vessels/details/9547817,LI DA CHANG,Bulk Carrier,9547817
/vessels/details/9599406,HEROIC,Bulk Carrier,9599406
/vessels/details/9670846,V ATLAS,Bulk Carrier,9670846
/vessels/details/9599913,SHANGHAI BULKER,Bulk Carrier,9599913
/vessels/details/9547805,LUCKY ANNA,Bulk Carrier,9547805
/vessels/details/9598048,V STAR,Bulk Carrier,9598048
/vessels/details/9491393,SHINE SPRING,Bulk Carrier,9491393
/vessels/details/9599391,ZORINA,Bulk Carrier,9599391
/vessels/details/9621132,SAPPHIRE X,Bulk Carrier,9621132
/vessels/details/9491408,APJ SHIRIN,Bulk Carrier,9491408
/vessels/details/9599901,SINGAPORE BULKER,Bulk Carrier,9599901
/vessels/details/9588598,AKSON ADAM,Bulk Carrier,9588598
/vessels/details/9454668,QU SHAN HAI,Bulk Carrier,9454668
/vessels/details/9545728,ENJOY PROSPERITY,Bulk Carrier,9545728
/vessels/details/9456460,AN HAI PEARL,Bulk Carrier,9456460
/vessels/details/9446192,AKSON MEISA,Bulk Carrier,9446192
/vessels/details/9456446,DAI SHAN HAI,Bulk Carrier,9456446
/vessels/details/9865881,MAERSK JAKARTA,Container Ship,9865881
/vessels/details/9871165,MAERSK DHAKA,Container Ship,9871165
/vessels/details/9603714,BROAD YUAN,Bulk Carrier,9603714
/vessels/details/9603685,XIN HAI TONG 62,Bulk Carrier,9603685
/vessels/details/9603702,MOANA BAQ,Bulk Carrier,9603702
/vessels/details/9467859,XIN HAI JIA,Bulk Carrier,9467859
/vessels/details/9491381,NEWSUN UNITY,Bulk Carrier,9491381
/vessels/details/9587972,HEILAN AROMA,Bulk Carrier,9587972
/vessels/details/9587984,ABUNDANCE,Bulk Carrier,9587984
/vessels/details/9602332,HEILAN EQUILIBRIUM,Bulk Carrier,9602332
/vessels/details/9587996,HEILAN SPRING,Bulk Carrier,9587996
/vessels/details/9587958,HEILAN BRIGHT,Bulk Carrier,9587958
/vessels/details/9609249,LUFFY,Bulk Carrier,9609249
/vessels/details/9490648,ASC GLORY,Bulk Carrier,9490648
/vessels/details/9490703,HARMONY LIGHT,Bulk Carrier,9490703
/vessels/details/9840697,MAERSK VLADIVOSTOK,Container Ship,9840697
/vessels/details/9823730,MCC CEBU,Container Ship,9823730
/vessels/details/9732163,CRIMSON DELIGHT,Bulk Carrier,9732163
/vessels/details/9708758,INDIGO SPICA,Bulk Carrier,9708758
/vessels/details/9708746,HTK NEW SKY,Bulk Carrier,9708746
/vessels/details/9609237,SAKURA GLORY,Bulk Carrier,9609237
/vessels/details/9561942,SKY KNIGHT,Bulk Carrier,9561942
/vessels/details/9784116,EVER BRACE,Container Ship,9784116
/vessels/details/9784154,EVER BREED,Container Ship,9784154
/vessels/details/9784130,EVER BRAVE,Container Ship,9784130
/vessels/details/9790086,EVER BURLY,Container Ship,9790086
/vessels/details/9790062,EVER BUILD,Container Ship,9790062
/vessels/details/9965801,SAKURA TIGER,Bulk Carrier,9965801
/vessels/details/9959826,CITRUS TIGER,Bulk Carrier,9959826
/vessels/details/9330630,AYMAR GALACTIC,Bulk Carrier,9330630
/vessels/details/9763992,JPS ELLI,Bulk Carrier,9763992
/vessels/details/9708966,MEDI AERO,Bulk Carrier,9708966
/vessels/details/9482471,NEW UNITY,Bulk Carrier,9482471
/vessels/details/9373618,MLS ONYX,Bulk Carrier,9373618
/vessels/details/9289013,HMT FORTUNE,Bulk Carrier,9289013
/vessels/details/9287962,JIA XIANG DA,Bulk Carrier,9287962
/vessels/details/9308118,OCEANA PEARL,Bulk Carrier,9308118
/vessels/details/9299276,CHL NEPTUNE,Bulk Carrier,9299276
/vessels/details/9308106,EVANTHIA,Bulk Carrier,9308106
/vessels/details/9316347,MSC HANNAH,Container Ship,9316347
/vessels/details/9966130,MAERSK PORT KLANG,Container Ship,9966130
/vessels/details/9423554,SUN PLENTY,Bulk Carrier,9423554
/vessels/details/9394909,STAR BAND,Bulk Carrier,9394909
/vessels/details/9440916,BULK PRIDE,Bulk Carrier,9440916
/vessels/details/9440992,G TAISHAN,Bulk Carrier,9440992
/vessels/details/9579729,HAI JIN JIANG SH,Bulk Carrier,9579729
/vessels/details/9340506,ELIM JOYCE,Bulk Carrier,9340506
/vessels/details/9687655,GLOBAL HOSPITALITY,Bulk Carrier,9687655
/vessels/details/9403035,CEDAR,Bulk Carrier,9403035
/vessels/details/9403114,CYCAS,Bulk Carrier,9403114
/vessels/details/9403138,EURO BAND,Bulk Carrier,9403138
/vessels/details/9384540,VIRGO STELLAR,Bulk Carrier,9384540
/vessels/details/9368883,THE LOVING,Bulk Carrier,9368883
/vessels/details/9727443,NEW FACE,Bulk Carrier,9727443
/vessels/details/9558256,GLOBAL MIRAI,Bulk Carrier,9558256
/vessels/details/9687760,GLOBAL VEGA,Bulk Carrier,9687760
/vessels/details/9660592,FLORA CENTURY,Bulk Carrier,9660592
/vessels/details/9687758,GLOBAL VISION,Bulk Carrier,9687758
/vessels/details/9676101,TERN BULKER,Bulk Carrier,9676101
/vessels/details/9660607,VOSCO JUBILANT,Bulk Carrier,9660607
/vessels/details/9668908,TEAL BULKER,Bulk Carrier,9668908
/vessels/details/9520675,BULK VALOR,Bulk Carrier,9520675
/vessels/details/9425954,CALISTA STAR,Bulk Carrier,9425954
/vessels/details/9496238,NAVIOS CHRISTINE B,Bulk Carrier,9496238
/vessels/details/9496226,NAVIOS CELESTIAL,Bulk Carrier,9496226
/vessels/details/9520819,AMIS LEADER,Bulk Carrier,9520819
/vessels/details/9520792,NALUHU,Bulk Carrier,9520792
/vessels/details/9520807,A0PKALON,Bulk Carrier,9520807
/vessels/details/9426130,EVER SUCCESS,Bulk Carrier,9426130
/vessels/details/9423255,EVER ALLIANCE,Bulk Carrier,9423255
/vessels/details/9423578,EVER RELIANCE,Bulk Carrier,9423578
/vessels/details/9500687,STELLA L,Bulk Carrier,9500687
/vessels/details/9520948,SW MISTRAL I,Bulk Carrier,9520948
/vessels/details/9425916,C LION,Bulk Carrier,9425916
/vessels/details/9425904,MARO K,Bulk Carrier,9425904
/vessels/details/9425784,BODRUM-M,Bulk Carrier,9425784
/vessels/details/9425851,ETERNITY SW,Bulk Carrier,9425851
/vessels/details/9425837,FOREVER SW,Bulk Carrier,9425837
/vessels/details/9687071,BUNA ARROW,General Cargo Ship,9687071
/vessels/details/9805714,GLOBAL AQUA,General Cargo Ship,9805714
/vessels/details/9805726,GLOBAL KOMA,General Cargo Ship,9805726
/vessels/details/9316361,MSC CELINE,Container Ship,9316361
/vessels/details/9875276,ORCHID TIGER,General Cargo Ship,9875276
/vessels/details/9875288,COPIHUE TIGER,General Cargo Ship,9875288
/vessels/details/9890276,WATTLE TIGER,General Cargo Ship,9890276
/vessels/details/9932775,PACIFIC LAUREL,Bulk Carrier,9932775
/vessels/details/9932763,MARGUERITE,Bulk Carrier,9932763
/vessels/details/9799769,INDIGO RIVER,General Cargo Ship,9799769
/vessels/details/9687203,GLOBAL SPLENDOUR,General Cargo Ship,9687203
/vessels/details/9543677,EASTERN MERCY,Bulk Carrier,9543677
/vessels/details/9799745,NEW BLISS,General Cargo Ship,9799745
/vessels/details/9758131,SEA PIONEER,General Cargo Ship,9758131
/vessels/details/1077385,HUA DA 610,Container Ship,1077385
/vessels/details/9747467,OCEAN HARVEST,Bulk Carrier,9747467
/vessels/details/9811878,SANYU,Bulk Carrier,9811878
/vessels/details/9643219,PORTO FISCARDO,Bulk Carrier,9643219
/vessels/details/9566459,F SPIRIT,Bulk Carrier,9566459
/vessels/details/9690511,NEW BOUNDARY,Bulk Carrier,9690511
/vessels/details/9725445,FEDERAL TOKORO,Bulk Carrier,9725445
/vessels/details/9553000,GLOBAL JOURNEY,General Cargo Ship,9553000
/vessels/details/9799733,PACIFIC NEXUS,General Cargo Ship,9799733
/vessels/details/9607100,GRAMPUS EVER,Bulk Carrier,9607100
/vessels/details/9687083,PORTO DOLICHA,General Cargo Ship,9687083
/vessels/details/9687095,BIWA ARROW,General Cargo Ship,9687095
/vessels/details/9622801,CHANG MIN,Bulk Carrier,9622801
/vessels/details/9622796,JAADOR,Bulk Carrier,9622796
/vessels/details/9566461,ROYAL CHIBA,Bulk Carrier,9566461
/vessels/details/9587879,EQUINOX,Bulk Carrier,9587879
/vessels/details/9500039,BULK ORIANNA,Bulk Carrier,9500039
/vessels/details/9514353,SERENE SKY,Bulk Carrier,9514353
/vessels/details/9643192,OCEAN BRIGHT,Bulk Carrier,9643192
/vessels/details/9524023,CORAL QUEEN,Bulk Carrier,9524023
/vessels/details/9622825,OCEAN SPLENDOR,Bulk Carrier,9622825
/vessels/details/9524011,PRT DREAM,Bulk Carrier,9524011
/vessels/details/9566411,MARIBLUE,Bulk Carrier,9566411
/vessels/details/9566423,KOUROS DIAMOND,Bulk Carrier,9566423
/vessels/details/9679282,PORTO KIONI,Bulk Carrier,9679282
/vessels/details/9645566,PRT HOPE,Bulk Carrier,9645566
/vessels/details/9667899,HPC ATLANTIC,Bulk Carrier,9667899
/vessels/details/9566473,AM BREMEN,Bulk Carrier,9566473
/vessels/details/9565053,BOLD VOYAGER,Bulk Carrier,9565053
/vessels/details/9391622,TRUONG MINH LUCKY,Bulk Carrier,9391622
/vessels/details/9544011,TRUONG MINH SEA,Bulk Carrier,9544011
/vessels/details/9648867,VOSCO SUNLIGHT,Bulk Carrier,9648867
/vessels/details/9473846,JEWEL OF SHINAS,Bulk Carrier,9473846
/vessels/details/9419943,IVY GOLD,Bulk Carrier,9419943
/vessels/details/9514121,BALTIC K,Bulk Carrier,9514121
/vessels/details/9514078,VIMC BRIGHT,Bulk Carrier,9514078
/vessels/details/9514107,JEWEL OF SOHAR,Bulk Carrier,9514107
/vessels/details/9473834,VOSCO PROSPER,Bulk Carrier,9473834
/vessels/details/9705421,AMIS ELEGANCE,Bulk Carrier,9705421
/vessels/details/9724178,AMIS FORTUNE,Bulk Carrier,9724178
/vessels/details/9731535,AMIS GLORY,Bulk Carrier,9731535
/vessels/details/9418731,JEWEL GOLD,Bulk Carrier,9418731
/vessels/details/9514004,SW NORTH WIND I,Bulk Carrier,9514004
/vessels/details/9478626,SW SOUTH WIND I,Bulk Carrier,9478626
/vessels/details/9593347,VENUS HALO,Bulk Carrier,9593347
/vessels/details/9593335,UNITED HALO,Bulk Carrier,9593335
/vessels/details/9514030,VOSCO STARLIGHT,Bulk Carrier,9514030
/vessels/details/9514042,K. RUBY,Bulk Carrier,9514042
/vessels/details/9514028,TTM HARVEST,Bulk Carrier,9514028
/vessels/details/9514016,TTM HARMONY,Bulk Carrier,9514016
/vessels/details/9389112,GINGKO,Bulk Carrier,9389112
/vessels/details/9374002,BULK INDEPENDENCE,Bulk Carrier,9374002
/vessels/details/9566643,LOCH CRINAN,Bulk Carrier,9566643
/vessels/details/9687112,SPRING LEGEND,Bulk Carrier,9687112
/vessels/details/9799707,SEA VOYAGER,Bulk Carrier,9799707
/vessels/details/9845879,TRES FELICES,Bulk Carrier,9845879
/vessels/details/9317365,PHOENIX K,Bulk Carrier,9317365
/vessels/details/9317353,LEMON,Bulk Carrier,9317353
/vessels/details/9317377,JETOUR,Bulk Carrier,9317377
/vessels/details/9284269,BAO TAI HAI,Bulk Carrier,9284269
/vessels/details/9301196,RIVA GLORY,Bulk Carrier,9301196
/vessels/details/9265524,WEN LI,Bulk Carrier,9265524
/vessels/details/9294941,GOLDEN MARINE,Bulk Carrier,9294941
/vessels/details/9311529,CHL VENUS,Bulk Carrier,9311529
/vessels/details/9300520,VAMS ATLAN,Bulk Carrier,9300520
/vessels/details/9478793,KOUROS GLORY,Bulk Carrier,9478793
/vessels/details/9478949,KOUROS LEADER,Bulk Carrier,9478949
/vessels/details/9478808,TK ORTAKOY,Bulk Carrier,9478808
/vessels/details/9347932,HY WANDA,Bulk Carrier,9347932
/vessels/details/9474785,AFRICA HOPE,Bulk Carrier,9474785
/vessels/details/9508706,ELINA II,Bulk Carrier,9508706
/vessels/details/9558153,FILIA JOY,Bulk Carrier,9558153
/vessels/details/9395238,PLANET TEAM,Bulk Carrier,9395238
/vessels/details/9395264,ELVITA R,Bulk Carrier,9395264
/vessels/details/9395252,AYMAR GRACE,Bulk Carrier,9395252
/vessels/details/9316153,XIN HUA,Bulk Carrier,9316153
/vessels/details/9316191,MAC HOPE,Bulk Carrier,9316191
/vessels/details/9385506,MOMI ARROW,General Cargo Ship,9385506
/vessels/details/9385491,DESTINY,General Cargo Ship,9385491
/vessels/details/9574846,TOP FAIR,Bulk Carrier,9574846
/vessels/details/9051507,MSC KRITTIKA,Container Ship,9051507
/vessels/details/9405007,EM JADE,Bulk Carrier,9405007
/vessels/details/9404986,NASCO GEM,Bulk Carrier,9404986
/vessels/details/9285110,PLACID SEA,Bulk Carrier,9285110
/vessels/details/9285108,NEW LIULINHAI,Bulk Carrier,9285108
/vessels/details/9288332,RUGULUS I,Bulk Carrier,9288332
/vessels/details/9288344,YANGTZE DORA,Bulk Carrier,9288344
/vessels/details/9282388,YUANNING SEA,Bulk Carrier,9282388
/vessels/details/9282390,YUANPING SEA,Bulk Carrier,9282390
/vessels/details/1081946,XIN YONG CHANG 27,Container Ship,1081946
/vessels/details/9302803,ANTAKYAM,Bulk Carrier,9302803
/vessels/details/9420320,HARMONY GOLD,Bulk Carrier,9420320
/vessels/details/9303883,VIET THUAN 56-02,Bulk Carrier,9303883
/vessels/details/9438016,VIVA ECLIPSE,Bulk Carrier,9438016
/vessels/details/9304370,LOTUS 6,Bulk Carrier,9304370
/vessels/details/9727273,SPRING QUEEN,Bulk Carrier,9727273
/vessels/details/9371799,YUAN HANG WEI YE,Bulk Carrier,9371799
/vessels/details/9633032,GLOBAL ANDES,Bulk Carrier,9633032
/vessels/details/9700809,ANCASH QUEEN,General Cargo Ship,9700809
/vessels/details/9550670,ATACAMA QUEEN,Bulk Carrier,9550670
/vessels/details/9278820,VIET THUAN 56-06,Bulk Carrier,9278820
/vessels/details/9402005,EM SAPPHIRE,Bulk Carrier,9402005
/vessels/details/9402017,DA HONG 19,Bulk Carrier,9402017
/vessels/details/9791913,SUMAQ QUEEN,Bulk Carrier,9791913
/vessels/details/9039250,MSC JOY,Container Ship,9039250
/vessels/details/9152856,MSC GIANNA III,Container Ship,9152856
/vessels/details/9124366,MSC IMMA III,Container Ship,9124366
/vessels/details/9222625,VIENNA,Bulk Carrier,9222625
/vessels/details/7326893,MAWASHI EXPRESS,Livestock Carrier,7326893
/vessels/details/9231999,HY GLORY,Bulk Carrier,9231999
/vessels/details/9250141,LING DAO,Bulk Carrier,9250141
/vessels/details/9251315,VIVA GLOBUS,Bulk Carrier,9251315
/vessels/details/9251327,VIVA COSMOS,Bulk Carrier,9251327
/vessels/details/9216822,SHUN PING,Bulk Carrier,9216822
/vessels/details/9216808,HERO,Bulk Carrier,9216808
/vessels/details/9238478,GRAMMY BRAVE,Bulk Carrier,9238478
/vessels/details/9222223,OBS SATURN,Bulk Carrier,9222223
/vessels/details/9226750,XIANG FENG,Bulk Carrier,9226750
/vessels/details/9667758,ANADOLU S,Bulk Carrier,9667758
/vessels/details/9230751,CHIEF SEATTLE,Bulk Carrier,9230751
/vessels/details/9230763,SEASHIN,Bulk Carrier,9230763
/vessels/details/9272785,KATHY OCEAN,Bulk Carrier,9272785
/vessels/details/9145671,HAO HUNG 66,Wood Chips Carrier,9145671
/vessels/details/9245249,SEA PEARL,Bulk Carrier,9245249
/vessels/details/9287144,SEA AMELIA,Bulk Carrier,9287144
/vessels/details/9287156,GALAXY,Bulk Carrier,9287156
/vessels/details/9298519,TAI HONOR,Bulk Carrier,9298519
/vessels/details/9243459,ETANIA,Bulk Carrier,9243459
/vessels/details/9274915,JI HONG,Bulk Carrier,9274915
/vessels/details/9274927,PACIFIC SOPHIA,Bulk Carrier,9274927
/vessels/details/9274939,PACIFIC FRIEDA,Bulk Carrier,9274939
/vessels/details/9282742,LIBRA -XS,Bulk Carrier,9282742
/vessels/details/9317092,BULK FREEDOM,Bulk Carrier,9317092
/vessels/details/9263112,POPLAR,Bulk Carrier,9263112
/vessels/details/9324605,LIDA 27,Bulk Carrier,9324605
/vessels/details/9298569,CAMELLIA 8,Bulk Carrier,9298569
/vessels/details/9266449,HV ALICE,Bulk Carrier,9266449
/vessels/details/9244893,JIAFU,Bulk Carrier,9244893
/vessels/details/9223980,SINO HARVEST,Bulk Carrier,9223980
/vessels/details/9244843,ASI M,Bulk Carrier,9244843
/vessels/details/9222479,DE XIN FU JIN,Bulk Carrier,9222479
/vessels/details/9298557,MV VINCA,Bulk Carrier,9298557
/vessels/details/9245196,GSC ARGOSY,Bulk Carrier,9245196
/vessels/details/9222481,NVL SIRIUS,Bulk Carrier,9222481
/vessels/details/9223992,VW PRIDE,Bulk Carrier,9223992
/vessels/details/9241918,TSS AMBER,Container Ship,9241918
/vessels/details/9298521,VIGOROUS,Bulk Carrier,9298521
/vessels/details/9278882,STELLA ISLAND,Bulk Carrier,9278882
/vessels/details/9229697,YUAN HAI,Bulk Carrier,9229697
/vessels/details/9324631,QINGHE,Bulk Carrier,9324631
/vessels/details/9317119,NEWSEAS AMBER,Bulk Carrier,9317119
/vessels/details/9324655,XIN BO,Bulk Carrier,9324655
/vessels/details/9324643,BROAD GLORY,Bulk Carrier,9324643
/vessels/details/9288485,NEWSEAS JADE,Bulk Carrier,9288485
/vessels/details/9313022,FU CHANG,Bulk Carrier,9313022
/vessels/details/9309643,UNIWELL,Bulk Carrier,9309643
/vessels/details/9274458,BAODA 17,Bulk Carrier,9274458
/vessels/details/9254458,OCEAN PILGRIM,Bulk Carrier,9254458
/vessels/details/9254460,AH LISA,Bulk Carrier,9254460
/vessels/details/9228992,JIASHUN,Bulk Carrier,9228992
/vessels/details/9222493,GREAT WENCHENG,Bulk Carrier,9222493
/vessels/details/9480942,MERCURY OCEAN,Bulk Carrier,9480942
/vessels/details/9364813,MING XING HAI,Bulk Carrier,9364813
/vessels/details/9364796,SEA AQUARIUS,Bulk Carrier,9364796
/vessels/details/9325350,LUCKY KOBE,Bulk Carrier,9325350
/vessels/details/9230191,YASAR KEMAL,Bulk Carrier,9230191
/vessels/details/9267405,JI LI,Bulk Carrier,9267405
/vessels/details/9231573,ACE WIN,Bulk Carrier,9231573
/vessels/details/9231561,LEO I,Bulk Carrier,9231561
/vessels/details/9267429,TONG DE 188,Bulk Carrier,9267429
/vessels/details/9364825,SEA DIAMOND 1,Bulk Carrier,9364825
/vessels/details/9462445,THEODORA,Bulk Carrier,9462445
/vessels/details/9267417,KAI XUAN 9,Bulk Carrier,9267417
/vessels/details/9350068,SWAN,Bulk Carrier,9350068
/vessels/details/9495959,GLOBAL ROSE,General Cargo Ship,9495959
/vessels/details/9251030,DONG LONG,Bulk Carrier,9251030
/vessels/details/9238210,LIN HAI 6,Bulk Carrier,9238210
/vessels/details/9235854,SAMIR,Bulk Carrier,9235854
/vessels/details/9237187,SEA ABIGAIL,Bulk Carrier,9237187
/vessels/details/9237199,DEFENSE,Bulk Carrier,9237199
/vessels/details/9244611,MICHELIA,Bulk Carrier,9244611
/vessels/details/9243526,GOKOVA-M,Bulk Carrier,9243526
/vessels/details/9249908,NEWSEAS PEARL,Bulk Carrier,9249908
/vessels/details/9495947,GLOBAL TOMORROW,General Cargo Ship,9495947
/vessels/details/9452919,NIKKEI SIRIUS,General Cargo Ship,9452919
/vessels/details/9452921,NIKKEI PROGRESSO,General Cargo Ship,9452921
/vessels/details/9363663,CARENS,General Cargo Ship,9363663
/vessels/details/9343534,JW MIA,Bulk Carrier,9343534
/vessels/details/9343522,SUNNY GRACE,General Cargo Ship,9343522
/vessels/details/9300623,ASL ELSA,Bulk Carrier,9300623
/vessels/details/9300611,FUHAI,General Cargo Ship,9300611
/vessels/details/9296743,TULIP 18,Bulk Carrier,9296743
/vessels/details/9296755,HOLLY EXPLORER,Bulk Carrier,9296755
/vessels/details/9189926,PRINCESS JIA JIA,General Cargo Ship,9189926
/vessels/details/9189938,OCEANA SKY,General Cargo Ship,9189938
/vessels/details/9989819,BRIGHT TSUBAKI,Container Ship,9989819
/vessels/details/9989807,BRIGHT SAKURA,Container Ship,9989807
/vessels/details/9252369,HONSIN,Container Ship,9252369
/vessels/details/9211145,RUI AN YANG,Bulk Carrier,9211145
/vessels/details/9355501,BULK SPIRIT,Bulk Carrier,9355501
/vessels/details/9192959,RSC CARIBE,Ro-Ro Cargo Ship,9192959
/vessels/details/9294214,WU YANG FORTUNE,Bulk Carrier,9294214
/vessels/details/9342750,SHUN FU FA,Bulk Carrier,9342750
/vessels/details/9278806,GUTIAN LOYAL,Bulk Carrier,9278806
/vessels/details/9287209,30-AGUSTOS-M,Bulk Carrier,9287209
/vessels/details/9284520,STAR HARMONY,Bulk Carrier,9284520
/vessels/details/9240811,MARIA F,Bulk Carrier,9240811
/vessels/details/9197662,ATA-M,Bulk Carrier,9197662
/vessels/details/9244295,GREAT YONGXI,Bulk Carrier,9244295
/vessels/details/9291365,BESIKTAS-M,Bulk Carrier,9291365
/vessels/details/9291353,OCEAN FORTUNA,Bulk Carrier,9291353
/vessels/details/9165310,MERNA 2,Ro-Ro Cargo Ship,9165310
/vessels/details/9155107,MSC MARIA PIA,Container Ship,9155107
/vessels/details/9249271,NOTA APP,Bulk Carrier,9249271
/vessels/details/9566655,TTM SUCCESS,Bulk Carrier,9566655
/vessels/details/9687069,GHALA,Bulk Carrier,9687069
/vessels/details/9102722,MSC CANBERRA III,Container Ship,9102722
/vessels/details/9102710,MSC MEDITERRANEANIII,Container Ship,9102710
/vessels/details/9102746,MSC DON GIOVANNI,Container Ship,9102746
/vessels/details/9673604,QUEEN FLOWER,Bulk Carrier,9673604
/vessels/details/9410600,BELLE ROSE,Bulk Carrier,9410600
/vessels/details/9410595,V NOBLE,Bulk Carrier,9410595
/vessels/details/9515199,C.S.PRINCESS,Bulk Carrier,9515199
/vessels/details/9360611,ACX CRYSTAL,Container Ship,9360611
/vessels/details/9064750,MSC ELEONORA III,Container Ship,9064750
/vessels/details/8553821,HUA RONG HAI ZHOU,Bulk Carrier,8553821
/vessels/details/9263071,MIRACLE L,Bulk Carrier,9263071
/vessels/details/9477701,TRANS FUTURE 8,Vehicles Carrier,9477701
/vessels/details/9477737,TRANS FUTURE 11,Vehicles Carrier,9477737
/vessels/details/9477713,TRANS FUTURE 10,Vehicles Carrier,9477713
/vessels/details/9821093,KMTC PENANG,Container Ship,9821093
/vessels/details/9821081,KMTC SURABAYA,Container Ship,9821081
/vessels/details/9228033,EXEED,Bulk Carrier,9228033
/vessels/details/9228095,YU XIAO 1,Bulk Carrier,9228095
/vessels/details/9228021,LIAO FAN,Bulk Carrier,9228021
/vessels/details/9228112,YU XIAO 7,Bulk Carrier,9228112
/vessels/details/9228083,BELLEY,Bulk Carrier,9228083
/vessels/details/9214111,XING NING 75,Bulk Carrier,9214111
/vessels/details/9240079,CTI QUEEN,Bulk Carrier,9240079
/vessels/details/9217917,LUNA II,Bulk Carrier,9217917
/vessels/details/9216494,DE LI,Bulk Carrier,9216494
/vessels/details/9216509,CN MINJIANG,Bulk Carrier,9216509
/vessels/details/9252357,D ANGELS,Container Ship,9252357
/vessels/details/9249269,EVER ADVANCE,Bulk Carrier,9249269
/vessels/details/9214094,XING NING 76,Bulk Carrier,9214094
/vessels/details/9228150,MV AKSON SARA,Bulk Carrier,9228150
/vessels/details/9205940,ERONA,Bulk Carrier,9205940
/vessels/details/9244245,PRIMROSE,Bulk Carrier,9244245
/vessels/details/8124785,DEVELOPMENT WAY,Heavy Load Carrier,8124785
/vessels/details/9275311,AKSON SERIN,Bulk Carrier,9275311
/vessels/details/9234214,ROLEX,Bulk Carrier,9234214
/vessels/details/9225524,HISARONU-M,Bulk Carrier,9225524
/vessels/details/9234226,GREAT YONGHONG,Bulk Carrier,9234226
/vessels/details/9187370,BAO LI,Bulk Carrier,9187370
/vessels/details/9188623,CHANG HANG,Bulk Carrier,9188623
/vessels/details/9374583,MERATUS TOMINI,Container Ship,9374583
/vessels/details/9241346,LARUS,Bulk Carrier,9241346
/vessels/details/9230127,HAPPY DORIS,Bulk Carrier,9230127
/vessels/details/9237216,ARIS LUCKY,Bulk Carrier,9237216
/vessels/details/9237204,BOZBURUN-M,Bulk Carrier,9237204
/vessels/details/9241504,ONE CHALLENGE,Bulk Carrier,9241504
/vessels/details/9228459,GLORY BRIDGE,Bulk Carrier,9228459
/vessels/details/9122289,KAVKAZ III,Bulk Carrier,9122289
/vessels/details/9181041,SHENG LI,Bulk Carrier,9181041
/vessels/details/9240794,BRIGHT,Bulk Carrier,9240794
/vessels/details/9266176,ASIAN PEARL,Bulk Carrier,9266176
/vessels/details/9261970,CHORUS V,Bulk Carrier,9261970
/vessels/details/9254836,GHOUSTA,Bulk Carrier,9254836
/vessels/details/9224661,CTI HELEN,Bulk Carrier,9224661
/vessels/details/9241358,TOROS M,Bulk Carrier,9241358
/vessels/details/9227807,KAI XUAN 11,Bulk Carrier,9227807
/vessels/details/9237113,ALCYONE I,Bulk Carrier,9237113
/vessels/details/9227792,FU HUA,Bulk Carrier,9227792
/vessels/details/9266205,FUBAO,Bulk Carrier,9266205
/vessels/details/9305001,MSC ULSAN III,Container Ship,9305001
/vessels/details/9305013,MSC CHULAI III,Container Ship,9305013
/vessels/details/9296157,DA HONG 16,Bulk Carrier,9296157
/vessels/details/9963152,ULSAN VOYAGER,Container Ship,9963152
/vessels/details/9963140,INCHEON VOYAGER,Container Ship,9963140
/vessels/details/9963164,KWANGYANG VOYAGER,Container Ship,9963164
/vessels/details/9129029,XIANG FU,Bulk Carrier,9129029
/vessels/details/9116694,TUNG TUAN 22,Bulk Carrier,9116694
/vessels/details/9116644,VIKAN,Bulk Carrier,9116644
/vessels/details/9116656,ELEVEN GOLD,Bulk Carrier,9116656
/vessels/details/9250581,SEA ILEX,Bulk Carrier,9250581
/vessels/details/9250579,JIN FAN,Bulk Carrier,9250579
/vessels/details/9224673,SEA EAGLE,Bulk Carrier,9224673
/vessels/details/9220706,XING SHUN 76,Bulk Carrier,9220706
/vessels/details/9307267,MSC CORINNA,Container Ship,9307267
/vessels/details/9687746,GLOBAL CORAL,Bulk Carrier,9687746
/vessels/details/9233985,SANTIYA,Bulk Carrier,9233985
/vessels/details/9246891,ENABLE,Bulk Carrier,9246891
/vessels/details/9241255,TIAN LI,Bulk Carrier,9241255
/vessels/details/9281968,VELVET ROSE,Bulk Carrier,9281968
/vessels/details/9400813,MARINA VOYAGER,Container Ship,9400813
/vessels/details/9451484,ARICA BRIDGE,Container Ship,9451484
/vessels/details/9451496,CALLAO BRIDGE,Container Ship,9451496
/vessels/details/9451472,LOS ANDES BRIDGE,Container Ship,9451472
/vessels/details/9419632,NYK PAULA,Container Ship,9419632
/vessels/details/9913858,EVER OATH,Container Ship,9913858
/vessels/details/9913860,EVER OWN,Container Ship,9913860
/vessels/details/9913872,EVER OPUS,Container Ship,9913872
/vessels/details/9919462,EVER OBEY,Container Ship,9919462
/vessels/details/9913901,EVER OUTWIT,Container Ship,9913901
/vessels/details/9919474,EVER OPTIMA,Container Ship,9919474
/vessels/details/9220483,GOLD AUTUMN,Bulk Carrier,9220483
/vessels/details/9219458,YUN SHENG,Bulk Carrier,9219458
/vessels/details/9142215,LUCENT,Bulk Carrier,9142215
/vessels/details/9194397,IKARIA ANGEL,Bulk Carrier,9194397
/vessels/details/9119995,YONG JI LI,Bulk Carrier,9119995
/vessels/details/9181027,MAJESTY,Bulk Carrier,9181027
/vessels/details/9227833,ONE UNION,Bulk Carrier,9227833
/vessels/details/9219446,LI HUA,Bulk Carrier,9219446
/vessels/details/9220471,SINOWAY LILY,Bulk Carrier,9220471
/vessels/details/9202118,ERA S,Bulk Carrier,9202118
/vessels/details/9182473,FANTASIA,Bulk Carrier,9182473
/vessels/details/9182485,PESTANA,Bulk Carrier,9182485
/vessels/details/9182461,BRIGHT FORTUNE,Bulk Carrier,9182461
/vessels/details/9182497,GARLAND,Bulk Carrier,9182497
/vessels/details/9101637,ARINA A,Bulk Carrier,9101637
/vessels/details/9100097,AGRAFENA,Bulk Carrier,9100097
/vessels/details/9125542,OCEAN ROSEMARY,Bulk Carrier,9125542
/vessels/details/9169330,DAVID Y,Bulk Carrier,9169330
/vessels/details/9169342,SW RICH,Bulk Carrier,9169342
/vessels/details/9301445,MARSA PRIDE,Container Ship,9301445
/vessels/details/9166871,GREAT WENTAO,Bulk Carrier,9166871
/vessels/details/9238155,AN HAI,Container Ship,9238155
/vessels/details/9238181,XIANG YU,Container Ship,9238181
/vessels/details/9367803,SPIL NIRMALA,Container Ship,9367803
/vessels/details/9973066,LIGNUM MESH,Bulk Carrier,9973066
/vessels/details/9973054,LIGNUM WEB,Bulk Carrier,9973054
/vessels/details/9973042,LIGNUM MATRIX,Bulk Carrier,9973042
/vessels/details/9159426,XIANG HAI,Bulk Carrier,9159426
/vessels/details/9145956,BR VICTORY,Bulk Carrier,9145956
/vessels/details/9114622,FUTUN CREEK,Bulk Carrier,9114622
/vessels/details/9104419,SUKHOOR ALKHALEEJ,Bulk Carrier,9104419
/vessels/details/9131046,FAN SHUN,Bulk Carrier,9131046
/vessels/details/9117313,WANTONG SUMMER,Bulk Carrier,9117313
/vessels/details/9104574,KAVKAZ V,Bulk Carrier,9104574
/vessels/details/9905265,NORSE NEW HAVEN,Bulk Carrier,9905265
/vessels/details/9897975,LIGNUM GRID,Bulk Carrier,9897975
/vessels/details/9897963,LIGNUM FIBER,Bulk Carrier,9897963
/vessels/details/9897937,BELLE LUNE,Bulk Carrier,9897937
/vessels/details/9986257,NORSE NAKAJIMA,Bulk Carrier,9986257
/vessels/details/9905253,NORSE IJMUIDEN,Bulk Carrier,9905253
/vessels/details/9897951,BELLE MER,Bulk Carrier,9897951
/vessels/details/9897949,BELLE STELLA,Bulk Carrier,9897949
/vessels/details/9193707,ALBY LIBERTY,Bulk Carrier,9193707
/vessels/details/9193692,ONE BRIGHT,Bulk Carrier,9193692
/vessels/details/9254628,MAREE,Bulk Carrier,9254628
/vessels/details/9913535,NORD SINGAPORE,General Cargo Ship,9913535
/vessels/details/9154567,EVRIKA,Bulk Carrier,9154567
/vessels/details/9160401,LADY OF LUCK,Container Ship,9160401
/vessels/details/9966099,ES DIGNITY,Bulk Carrier,9966099
/vessels/details/9121730,VALENTINA SEA,Bulk Carrier,9121730
/vessels/details/9149380,PROSPERITY 101,Bulk Carrier,9149380
/vessels/details/9121742,PROSPERITY102,Bulk Carrier,9121742
/vessels/details/9136955,BOLD MARINER,Bulk Carrier,9136955
/vessels/details/9168506,GRAND PROSPERITY,Bulk Carrier,9168506
/vessels/details/9118434,OCEAN GOLD,Bulk Carrier,9118434
/vessels/details/9146558,SEA ALICE,Bulk Carrier,9146558
/vessels/details/9132935,TIDEX,Bulk Carrier,9132935
/vessels/details/9161481,KIANA,Bulk Carrier,9161481
/vessels/details/9163477,FORTUNE LORD,Bulk Carrier,9163477
/vessels/details/9163506,JAWHART BERLIN,Bulk Carrier,9163506
/vessels/details/1041946,KEN OH,Bulk Carrier,1041946
/vessels/details/9207792,POWER,Bulk Carrier,9207792
/vessels/details/9077305,RODA,Bulk Carrier,9077305
/vessels/details/9077317,OKSANA,Bulk Carrier,9077317
/vessels/details/9163001,LADY FLORA,Bulk Carrier,9163001
/vessels/details/9159414,BLT GREEN,Bulk Carrier,9159414
/vessels/details/9229001,ARIELLA,Bulk Carrier,9229001
/vessels/details/9222508,ATLANTIC OCEAN,Bulk Carrier,9222508
/vessels/details/9950612,FEDERAL PRIDE,Bulk Carrier,9950612
/vessels/details/9942196,FEDERAL PRESTIGE,Bulk Carrier,9942196
/vessels/details/9926013,NORD SANTOS,Bulk Carrier,9926013
/vessels/details/1060760,MIGHTY 6,Bulk Carrier,1060760
/vessels/details/9926049,FEDERAL PASSION,Bulk Carrier,9926049
/vessels/details/9144055,ALEGRIA,Bulk Carrier,9144055
/vessels/details/9894674,MAERSK NORDDAL,Container Ship,9894674
/vessels/details/9894648,MAERSK NARVIK,Container Ship,9894648
/vessels/details/9894650,MAERSK NESNA,Container Ship,9894650
/vessels/details/9894662,MAERSK NUSSFJORD,Container Ship,9894662
/vessels/details/9894686,MAERSK NORESUND,Container Ship,9894686
/vessels/details/1036109,MAERSK NAMSOS,Container Ship,1036109
/vessels/details/9150195,SHENGTANG,Container Ship,9150195
/vessels/details/9273947,SPIL NIKEN,Container Ship,9273947
/vessels/details/9273959,SPIL NINGSIH,Container Ship,9273959
/vessels/details/9991070,ATLANTIC HALO,Bulk Carrier,9991070
/vessels/details/9243239,MSC ALIZEE III,Container Ship,9243239
/vessels/details/9243241,MSC DAVAO III,Container Ship,9243241
/vessels/details/9226413,HONWELL,Container Ship,9226413
/vessels/details/9135652,KAVKAZ I,Bulk Carrier,9135652
/vessels/details/9135664,KAVKAZ II,Bulk Carrier,9135664
/vessels/details/9305881,MERATUS JAYAWIJAYA,Container Ship,9305881
/vessels/details/9305879,MERATUS JAYAKARTA,Container Ship,9305879
/vessels/details/9196400,TRANS FUTURE 2,Vehicles Carrier,9196400
/vessels/details/9176216,TRANS FUTURE 1,Vehicles Carrier,9176216
/vessels/details/9320013,OEL SURYA,Container Ship,9320013
/vessels/details/9153410,CHENNAI VOYAGER,Container Ship,9153410
/vessels/details/9232395,MSC FLOSTA III,Container Ship,9232395
/vessels/details/9232412,MV.SPIL NISAKA,Container Ship,9232412
/vessels/details/9110365,KAVKAZ IV,Bulk Carrier,9110365
/vessels/details/1027316,MIMOSA,Bulk Carrier,1027316
/vessels/details/1027328,ORCHID LUNDU,Bulk Carrier,1027328
/vessels/details/9239733,MSC SANDY III,Container Ship,9239733
/vessels/details/9114139,ZALTRON,Bulk Carrier,9114139
/vessels/details/9258557,ADASTRA,Bulk Carrier,9258557
/vessels/details/9233480,XIN XIE,Bulk Carrier,9233480
/vessels/details/9144043,OCEAN NOBILITY,Bulk Carrier,9144043
/vessels/details/9213117,MERATUS JAYAGIRI,Container Ship,9213117
/vessels/details/9213105,MERATUS JIMBARAN,Container Ship,9213105
/vessels/details/9876749,SEA TRAIN,Bulk Carrier,9876749
/vessels/details/9178525,HONG CHANG SHENG,Container Ship,9178525
/vessels/details/9241463,MSC CORCOVADO III,Container Ship,9241463
/vessels/details/9320001,OEL VARUN,Container Ship,9320001
/vessels/details/9228124,ZHONG MAO,Bulk Carrier,9228124
/vessels/details/9235828,EUPHORIA,Container Ship,9235828
/vessels/details/9232400,SPIL NITA,Container Ship,9232400
/vessels/details/9138305,TONGAN,Container Ship,9138305
/vessels/details/9381873,SEMIHA-AHMET-M,Bulk Carrier,9381873
/vessels/details/9354791,KNIDOS-M,Bulk Carrier,9354791
/vessels/details/9138317,LOA PEACE,Container Ship,9138317
/vessels/details/9188908,TARSUS M,Bulk Carrier,9188908
/vessels/details/9203526,NIKOLAS,Container Ship,9203526
/vessels/details/9203502,MAIRA,Container Ship,9203502
/vessels/details/9209104,NEWYORKER,Container Ship,9209104
/vessels/details/1014137,CHARIOTEER,Bulk Carrier,1014137
/vessels/details/9979060,AFRICAN REDWING,Bulk Carrier,9979060
/vessels/details/1013664,AFRICAN PEACOCK,Bulk Carrier,1013664
/vessels/details/9984508,HANDY MERCHANT,Bulk Carrier,9984508
/vessels/details/9991226,NORSE OSHIMA,Bulk Carrier,9991226
/vessels/details/1035959,MERSEA ISLAND,Bulk Carrier,1035959
/vessels/details/1020760,NORSE INNOSHIMA,Bulk Carrier,1020760
/vessels/details/1014151,ISE BAY,Bulk Carrier,1014151
/vessels/details/1013652,BOOTES,Bulk Carrier,1013652
/vessels/details/9855458,PAULA TRADER,Bulk Carrier,9855458
/vessels/details/9863170,HAMBURG CITY,Bulk Carrier,9863170
/vessels/details/9972440,EVA ISTANBUL,Bulk Carrier,9972440
/vessels/details/9972452,EVA GLOBAL,Bulk Carrier,9972452
/vessels/details/9972426,EVA CARLTON,Bulk Carrier,9972426
/vessels/details/9989261,ECO TRADER,Bulk Carrier,9989261
/vessels/details/9972438,EVA BRIGHT,Bulk Carrier,9972438
/vessels/details/9989297,NORD HOUSTON,Bulk Carrier,9989297
/vessels/details/9945514,PARIS TRADER,Bulk Carrier,9945514
/vessels/details/9873890,ULTRA SILVA,Bulk Carrier,9873890
/vessels/details/9932141,EVA SUNRISE,Bulk Carrier,9932141
/vessels/details/9932103,TAC IMOLA,Bulk Carrier,9932103
/vessels/details/9932139,EVA MASTER,Bulk Carrier,9932139
/vessels/details/9880116,TAC ODESSA,Bulk Carrier,9880116
/vessels/details/9880128,TAC SUZUKA,Bulk Carrier,9880128
/vessels/details/9873888,ULTRA FOREST,Bulk Carrier,9873888
/vessels/details/9932115,TAC DAYTONA,Bulk Carrier,9932115
/vessels/details/9945526,VICTORIAN TRADER,Bulk Carrier,9945526
/vessels/details/9227613,TRANS FUTURE 3,Vehicles Carrier,9227613
/vessels/details/1033523,NORSE ZEALAND,General Cargo Ship,1033523
/vessels/details/9132868,HAVEN MESSENGER,Bulk Carrier,9132868
/vessels/details/1015351,OCEAN DELIGHT,Bulk Carrier,1015351
/vessels/details/9977957,HARTLAUB,Bulk Carrier,9977957
/vessels/details/9977945,YELLOWBILL,Bulk Carrier,9977945
/vessels/details/9985526,CL YUWA,Bulk Carrier,9985526
/vessels/details/9158159,ALANYA-M,Bulk Carrier,9158159
/vessels/details/9145982,YAS SKY,Bulk Carrier,9145982
/vessels/details/9926075,TOKI HARMONY,Bulk Carrier,9926075
/vessels/details/9926594,TOSA HARMONY,Bulk Carrier,9926594
/vessels/details/9911989,REGINA ISLAND,Bulk Carrier,9911989
/vessels/details/9911977,NORD RIO,Bulk Carrier,9911977
/vessels/details/9911965,OCEAN CLIO,Bulk Carrier,9911965
/vessels/details/9913999,FUJI HARMONY,Bulk Carrier,9913999
/vessels/details/9881172,SAKURA FORTUNE,Bulk Carrier,9881172
/vessels/details/9926063,BUFFLEHEAD,Bulk Carrier,9926063
/vessels/details/9992268,NORD TOPAZ,Bulk Carrier,9992268
/vessels/details/9881160,SETO HARMONY,Bulk Carrier,9881160
/vessels/details/9965617,LOWLANDS DIAMOND,Bulk Carrier,9965617
/vessels/details/9942005,LAKE GRASSMERE,Bulk Carrier,9942005
/vessels/details/9968982,CAPE SPENCER,Bulk Carrier,9968982
/vessels/details/1047029,OCEAN BELINDA,Bulk Carrier,1047029
/vessels/details/9968970,FRIDA BULKER,Bulk Carrier,9968970
/vessels/details/9991135,FREJA BULKER,Bulk Carrier,9991135
/vessels/details/9984493,ULTRA LANIN,Bulk Carrier,9984493
/vessels/details/1047110,UNITY ISLAND,Bulk Carrier,1047110
/vessels/details/9979101,HARLEQUIN,Bulk Carrier,9979101
/vessels/details/9262572,VERSA SPIRIT,General Cargo Ship,9262572
/vessels/details/9161596,NAVIX,Bulk Carrier,9161596
/vessels/details/9166663,NEW LOTUS,Bulk Carrier,9166663
/vessels/details/9657844,SIDER ATHENA,Bulk Carrier,9657844
/vessels/details/8902462,BARLA,Bulk Carrier,8902462
/vessels/details/1023736,C.S.COSMOS,Bulk Carrier,1023736
/vessels/details/9761700,WANG DA,Bulk Carrier,9761700
/vessels/details/9773480,ALASKA,Bulk Carrier,9773480
/vessels/details/9773492,WHISTLER,Bulk Carrier,9773492
/vessels/details/9883716,GLOBAL YUQUOT,Bulk Carrier,9883716
/vessels/details/9187320,NZ NINGBO,Container Ship,9187320
/vessels/details/1014618,BIRD OF PARADISE,Bulk Carrier,1014618
/vessels/details/1014606,SEA GOAT,Bulk Carrier,1014606
/vessels/details/9070735,BLUEX,Bulk Carrier,9070735
/vessels/details/9070723,SHANG YUAN MEN,Bulk Carrier,9070723
/vessels/details/9191527,FUYUAN,Bulk Carrier,9191527
/vessels/details/9949699,BUNUN VICTORY,Bulk Carrier,9949699
/vessels/details/9949687,BUNUN UNICORN,Bulk Carrier,9949687
/vessels/details/9890680,BUNUN RESPECT,Bulk Carrier,9890680
/vessels/details/9755854,CENTURION MEVIA,Bulk Carrier,9755854
/vessels/details/1015507,CAPRI ISLAND,Bulk Carrier,1015507
/vessels/details/1015571,ANSAC RISING SUN,Bulk Carrier,1015571
/vessels/details/1015583,ANSAC REVERENCE,Bulk Carrier,1015583
/vessels/details/1014280,TSUNOMINE BULKER,Bulk Carrier,1014280
/vessels/details/9941532,SEASTAR HAWK,Bulk Carrier,9941532
/vessels/details/9941544,STAR HARRIER,Bulk Carrier,9941544
/vessels/details/9990674,NORSE OMISHIMA,Bulk Carrier,9990674
/vessels/details/9990698,NORSE IKUCHI,Bulk Carrier,9990698
/vessels/details/9959436,LOWLANDS ALMA,Bulk Carrier,9959436
/vessels/details/9943566,NORSE ALTAMIRA,Bulk Carrier,9943566
/vessels/details/9959448,NORD TOKYO,Bulk Carrier,9959448
/vessels/details/9972012,OCEAN CONDUCTOR,Bulk Carrier,9972012
/vessels/details/9959462,LOWLANDS ENGEL,Bulk Carrier,9959462
/vessels/details/9972024,KITAKAMI RIVER,Bulk Carrier,9972024
/vessels/details/9972048,NORSE VERACRUZ,Bulk Carrier,9972048
/vessels/details/9959450,LOWLANDS CORSO,Bulk Carrier,9959450
/vessels/details/9966104,SQUAXIN ISLAND,Bulk Carrier,9966104
/vessels/details/9943554,NORSE MOBILE,Bulk Carrier,9943554
/vessels/details/9972036,KANAGI RIVER,Bulk Carrier,9972036
/vessels/details/9909675,NORSE HOUSTON,Bulk Carrier,9909675
/vessels/details/9909663,NORSE ANTWERP,Bulk Carrier,9909663
/vessels/details/9851359,BC PISTI,Bulk Carrier,9851359
/vessels/details/9851347,ANSHUN,Bulk Carrier,9851347
/vessels/details/9851335,ALAMO,Bulk Carrier,9851335
/vessels/details/9861213,ANHUI,Bulk Carrier,9861213
/vessels/details/9836919,SEATTLE HARMONY,Bulk Carrier,9836919
/vessels/details/9846160,TEXAS HARMONY,Bulk Carrier,9846160
/vessels/details/9845972,ASTORIA HARMONY,Bulk Carrier,9845972
/vessels/details/9836921,GEORGIA HARMONY,Bulk Carrier,9836921
/vessels/details/9755696,CHICAGO HARMONY,Bulk Carrier,9755696
/vessels/details/9755701,BOSTON HARMONY,Bulk Carrier,9755701
/vessels/details/8901872,JI ZHE GLORY,Container Ship,8901872
/vessels/details/9577769,NAZMI C,Bulk Carrier,9577769
/vessels/details/9865013,NEW PINNACLE,Bulk Carrier,9865013
/vessels/details/9719343,TS CHALLENGE,Bulk Carrier,9719343
/vessels/details/9719355,TS DELTA,Bulk Carrier,9719355
/vessels/details/9300764,SARACA,General Cargo Ship,9300764
/vessels/details/9285354,LINDEN,General Cargo Ship,9285354
/vessels/details/9285122,BOLKAR,Bulk Carrier,9285122
/vessels/details/9285029,KASHKAR,Bulk Carrier,9285029
/vessels/details/9659191,KEN VOYAGER,General Cargo Ship,9659191
/vessels/details/9128099,TB QINGYUAN,Container Ship,9128099
/vessels/details/9537264,AKSON SANDRA,Bulk Carrier,9537264
/vessels/details/9791030,KEN JYO,Bulk Carrier,9791030
/vessels/details/9639464,LOCH LOMOND,General Cargo Ship,9639464
/vessels/details/9618501,TBC PRIME,General Cargo Ship,9618501
/vessels/details/9808340,CIELO DI IYO,General Cargo Ship,9808340
/vessels/details/9547154,KEN YO,General Cargo Ship,9547154
/vessels/details/9760653,CEBU ISLAND,General Cargo Ship,9760653
/vessels/details/9760641,BORACAY ISLAND,General Cargo Ship,9760641
/vessels/details/9831517,GREEN GEM,Bulk Carrier,9831517
/vessels/details/9527946,KEN VISTA,General Cargo Ship,9527946
/vessels/details/9527958,AMIRA SAHAR,General Cargo Ship,9527958
/vessels/details/9595151,TBC PRAISE,Bulk Carrier,9595151
/vessels/details/9747144,BUNUN BENEFIT,Bulk Carrier,9747144
/vessels/details/9852212,IZUMO HERMES,Bulk Carrier,9852212
/vessels/details/9782663,BUNUN POWER,Bulk Carrier,9782663
/vessels/details/9912361,KANAVU BENEFIT,Bulk Carrier,9912361
/vessels/details/9663324,SILVER,Bulk Carrier,9663324
/vessels/details/9755749,BERGE HALLASAN,General Cargo Ship,9755749
/vessels/details/9992775,MAO GANG XIA MEN,Container Ship,9992775
/vessels/details/9146314,SHENTON WAY,Container Ship,9146314
/vessels/details/9844241,MORNING ORCHID,Bulk Carrier,9844241
/vessels/details/9803417,WECO KAROLINE,General Cargo Ship,9803417
/vessels/details/9779006,CRYSTAL PALACE,General Cargo Ship,9779006
/vessels/details/9780964,SIDER HARMONY,General Cargo Ship,9780964
/vessels/details/9877339,BLUE SAPPHIRE,General Cargo Ship,9877339
/vessels/details/9926037,BALABAC ISLAND,Bulk Carrier,9926037
/vessels/details/9926025,BOHOL ISLAND,Bulk Carrier,9926025
/vessels/details/9894741,KEN HARU,Bulk Carrier,9894741
/vessels/details/9898993,COSMO GLORIA,Bulk Carrier,9898993
/vessels/details/9908437,OCEAN VIRGINIA,Bulk Carrier,9908437
/vessels/details/9888871,OCEAN VICTORIA,Bulk Carrier,9888871
/vessels/details/9888857,AFRICAN FINCH,Bulk Carrier,9888857
/vessels/details/9789051,OCEAN AMITIE,Bulk Carrier,9789051
/vessels/details/9789049,CL KIZUNA,Bulk Carrier,9789049
/vessels/details/9875721,MINNEAPOLIS MIYO,General Cargo Ship,9875721
/vessels/details/9891012,INASA,General Cargo Ship,9891012
/vessels/details/9902304,PINTAIL,General Cargo Ship,9902304
/vessels/details/9460265,KALIXENOS,Bulk Carrier,9460265
/vessels/details/9628128,HANDY PERTH,Bulk Carrier,9628128
/vessels/details/9460289,LEGEND,Bulk Carrier,9460289
/vessels/details/9545510,OSCAR,Bulk Carrier,9545510
/vessels/details/9588380,RAHMA,Bulk Carrier,9588380
/vessels/details/9509425,DORIS,Bulk Carrier,9509425
/vessels/details/9450741,GARNET,Bulk Carrier,9450741
/vessels/details/9450715,BRILLIANCE,Bulk Carrier,9450715
/vessels/details/9450703,DENIZ-M,Bulk Carrier,9450703
/vessels/details/9450806,PHOENICIAN-M,Bulk Carrier,9450806
/vessels/details/9450818,ISTANBUL-M,Bulk Carrier,9450818
/vessels/details/9485899,FETHIYE-M,Bulk Carrier,9485899
/vessels/details/9722467,ICY BAY,Bulk Carrier,9722467
/vessels/details/9474199,FLAMINGO 1,Bulk Carrier,9474199
/vessels/details/9722455,NAVI SKY,Bulk Carrier,9722455
/vessels/details/9474280,PELIKAN,Bulk Carrier,9474280
/vessels/details/9467598,EVER FORTUNE,Bulk Carrier,9467598
/vessels/details/9866665,OCEAN UNIVERSE,General Cargo Ship,9866665
/vessels/details/9138123,REGULUS,General Cargo Ship,9138123
/vessels/details/1103316,HONGYONG CHANGSHENG,Container Ship,1103316
/vessels/details/9486477,ORIONI,Bulk Carrier,9486477
/vessels/details/9470571,PIGMI,Bulk Carrier,9470571
/vessels/details/9890903,AFRICAN PIPIT,Bulk Carrier,9890903
/vessels/details/9480564,AB BONITA,Bulk Carrier,9480564
/vessels/details/9942029,AFRICAN TIGER,Bulk Carrier,9942029
/vessels/details/9883144,AROMO,Bulk Carrier,9883144
/vessels/details/9740160,PEWEE,Bulk Carrier,9740160
/vessels/details/9707821,BUNUN DYNASTY,Bulk Carrier,9707821
/vessels/details/9707833,BUNUN FORTUNE,Bulk Carrier,9707833
/vessels/details/9875109,ARISTON BULKER,General Cargo Ship,9875109
/vessels/details/9748435,IRIS K,Bulk Carrier,9748435
/vessels/details/9628570,BUNUN ACE,Bulk Carrier,9628570
/vessels/details/9668312,PACIFIC CALM,Bulk Carrier,9668312
/vessels/details/9640061,BASIC ISLAND,Bulk Carrier,9640061
/vessels/details/9628568,BUNUN WISDOM,Bulk Carrier,9628568
/vessels/details/9643958,ULTRA HANDY,Bulk Carrier,9643958
/vessels/details/9624615,FUGA,Bulk Carrier,9624615
/vessels/details/9650858,SAKURA DREAM,Bulk Carrier,9650858
/vessels/details/9643946,ULTRA ESTERHAZY,Bulk Carrier,9643946
/vessels/details/9615119,PRT BELLE,Bulk Carrier,9615119
/vessels/details/9594389,TBC PASSION,Bulk Carrier,9594389
/vessels/details/9590979,NAVI STAR,General Cargo Ship,9590979
/vessels/details/9635743,DRINA S,Bulk Carrier,9635743
/vessels/details/9642174,OCEAN GRACIOUS,Bulk Carrier,9642174
/vessels/details/9792711,CLIPPER BARI-STAR,Bulk Carrier,9792711
/vessels/details/9732448,BUNUN JUSTICE,Bulk Carrier,9732448
/vessels/details/9641807,EKATERINA,Bulk Carrier,9641807
/vessels/details/9732436,BUNUN INFINITY,Bulk Carrier,9732436
/vessels/details/9860609,BUNUN LEADER,Bulk Carrier,9860609
/vessels/details/9874985,BERGE SCAFELL PIKE,Bulk Carrier,9874985
/vessels/details/9768033,BUNUN KALON,Bulk Carrier,9768033
/vessels/details/9890915,PAN OPTIMUM,Bulk Carrier,9890915
/vessels/details/9919541,SIDER VANCOUVER,Bulk Carrier,9919541
/vessels/details/9883003,PAN NOVA,Bulk Carrier,9883003
/vessels/details/9486427,PVT EMERALD,Bulk Carrier,9486427
/vessels/details/9820996,ULTRA OSORNO,Bulk Carrier,9820996
/vessels/details/9846316,SE CARDI,Bulk Carrier,9846316
/vessels/details/9806342,GOLD OAK,Bulk Carrier,9806342
/vessels/details/9839088,SE NICKY,Bulk Carrier,9839088
/vessels/details/9894612,NORD DUBAI,Bulk Carrier,9894612
/vessels/details/9832688,MONING,Bulk Carrier,9832688
/vessels/details/9866653,OCEAN CROWN,General Cargo Ship,9866653
/vessels/details/9806330,APEX VOYAGER,Bulk Carrier,9806330
/vessels/details/9866641,SIDER ABIDJAN,General Cargo Ship,9866641
/vessels/details/9820984,SE KELLY,Bulk Carrier,9820984
/vessels/details/9867372,BUNUN MIRACLE,Bulk Carrier,9867372
/vessels/details/9951800,HANDY INCLUSIVITY,Bulk Carrier,9951800
/vessels/details/9908358,BC AMBITION,Bulk Carrier,9908358
/vessels/details/9925734,PHOENIX SKY,Bulk Carrier,9925734
/vessels/details/9758753,OASIS ISLAND,Bulk Carrier,9758753
/vessels/details/9801158,LAUREL ISLAND,Bulk Carrier,9801158
/vessels/details/9741188,QUEEN ISLAND,General Cargo Ship,9741188
/vessels/details/9951812,INTEGRITY AOI,Bulk Carrier,9951812
/vessels/details/9942043,ALERCE,Bulk Carrier,9942043
/vessels/details/9231133,CSTAR VOYAGER,General Cargo Ship,9231133
/vessels/details/9435143,CS FORTUNE,General Cargo Ship,9435143
/vessels/details/9438391,ARAMIS,General Cargo Ship,9438391
/vessels/details/9438365,STAR HUANGSHAN,General Cargo Ship,9438365
/vessels/details/9438353,W HUANG PU,General Cargo Ship,9438353
/vessels/details/9538983,KEN EI,General Cargo Ship,9538983
/vessels/details/9711729,KEN SHIN,General Cargo Ship,9711729
/vessels/details/9510929,KEN KON,General Cargo Ship,9510929
/vessels/details/9636383,KEN BREEZE,General Cargo Ship,9636383
/vessels/details/9606039,T CLEVER,General Cargo Ship,9606039
/vessels/details/9606041,SHINSUNG ACCORD,General Cargo Ship,9606041
/vessels/details/9643312,VANGUARD,General Cargo Ship,9643312
/vessels/details/9691163,SUMMIT SW,General Cargo Ship,9691163
/vessels/details/9597666,AQUAMARINE SW,General Cargo Ship,9597666
/vessels/details/9491680,TAN BINH 345,General Cargo Ship,9491680
/vessels/details/9509700,CS FAITH,General Cargo Ship,9509700
/vessels/details/9652325,ES HONESTY,General Cargo Ship,9652325
/vessels/details/9422794,HERAKLITOS,General Cargo Ship,9422794
/vessels/details/9636395,COREWISE OL,General Cargo Ship,9636395
/vessels/details/9450167,ELEGANT SW,General Cargo Ship,9450167
/vessels/details/9491666,EFFICIENCY OL,General Cargo Ship,9491666
/vessels/details/9450155,PENGHU SW,General Cargo Ship,9450155
/vessels/details/9357121,TRANSMAR LEGACY,Container Ship,9357121
/vessels/details/9846158,KEN ANN,Bulk Carrier,9846158
/vessels/details/9846146,KEN BOS,Bulk Carrier,9846146
/vessels/details/9783655,SEAMASTER,Bulk Carrier,9783655
/vessels/details/9783643,SEA FORTUNE,Bulk Carrier,9783643
/vessels/details/9317705,SIROCO,General Cargo Ship,9317705
/vessels/details/9329411,HTK NEPTUNE,General Cargo Ship,9329411
/vessels/details/9583691,PVT GLORIA,Bulk Carrier,9583691
/vessels/details/9542831,PVT FORTUNE,Bulk Carrier,9542831
/vessels/details/9374349,HTK DISCOVERY,General Cargo Ship,9374349
/vessels/details/9471795,NEW LEADER,Bulk Carrier,9471795
/vessels/details/9832494,ATLANTIC BUENAVISTA,General Cargo Ship,9832494
/vessels/details/9609677,HELI,Bulk Carrier,9609677
/vessels/details/9832470,EARTH HARMONY,Bulk Carrier,9832470
/vessels/details/9610652,NEW COMMANDER,Bulk Carrier,9610652
/vessels/details/9595163,SION STAR,Bulk Carrier,9595163
/vessels/details/9616735,DEBI,Bulk Carrier,9616735
/vessels/details/9271511,KSS EDMOND,Bulk Carrier,9271511
/vessels/details/9230000,KSS WILLIAM,Bulk Carrier,9230000
/vessels/details/9612351,SUNNY HONG,Bulk Carrier,9612351
/vessels/details/9526564,BEYOND 2,Bulk Carrier,9526564
/vessels/details/9838436,UNISON JASPER,Bulk Carrier,9838436
/vessels/details/9680281,FATIMA 2,Deck Cargo Ship,9680281
/vessels/details/9736418,KS CAMELLIA,General Cargo Ship,9736418
/vessels/details/9864980,SERENE OCEAN,Bulk Carrier,9864980
/vessels/details/9864992,OCEAN TACT,Bulk Carrier,9864992
/vessels/details/9727089,KEN UN,Bulk Carrier,9727089
/vessels/details/9659933,HONGLI 8,Bulk Carrier,9659933
/vessels/details/9708928,ES VANQUISH,General Cargo Ship,9708928
/vessels/details/9708930,ES CARE,General Cargo Ship,9708930
/vessels/details/9643790,DAI DUONG 05,Bulk Carrier,9643790
/vessels/details/9558737,BOW ARM,Bulk Carrier,9558737
/vessels/details/9960033,XIN YONG CHANG 19,Container Ship,9960033
/vessels/details/9982237,COOL EMERALD,Refrigerated Cargo Ship,9982237
/vessels/details/9836878,COOL EXPRESS,Refrigerated Cargo Ship,9836878
/vessels/details/9836880,COOL EXPLORER,Refrigerated Cargo Ship,9836880
/vessels/details/9889801,COOL EAGLE,Refrigerated Cargo Ship,9889801
/vessels/details/9982249,COOL ELEGANCE,Refrigerated Cargo Ship,9982249
/vessels/details/9571571,OMARA,Bulk Carrier,9571571
/vessels/details/9571583,GRACIELA,Bulk Carrier,9571583
/vessels/details/9571040,GUAMA,Bulk Carrier,9571040
/vessels/details/9571595,GRAJALES,Bulk Carrier,9571595
/vessels/details/9571612,SANTAMARIA,Bulk Carrier,9571612
/vessels/details/9571636,AVELLANEDA,Bulk Carrier,9571636
/vessels/details/9571624,DOCE,Bulk Carrier,9571624
/vessels/details/9571648,ACOSTA,Bulk Carrier,9571648
/vessels/details/9571600,MANDULEY,Bulk Carrier,9571600
/vessels/details/9571650,MARIA H,Bulk Carrier,9571650
/vessels/details/1053028,YUAN XIANG FA ZHAN,Container Ship,1053028
/vessels/details/9697894,DAIWAN ELEGANCE,General Cargo Ship,9697894
/vessels/details/9713820,DAIWAN FORTUNE,General Cargo Ship,9713820
/vessels/details/9713832,DAIWAN GLORY,General Cargo Ship,9713832
/vessels/details/9588407,BAROSSA,Bulk Carrier,9588407
/vessels/details/8204731,PHOENIX DAWN,Bulk Carrier,8204731
/vessels/details/9530307,HL AMBITION,General Cargo Ship,9530307
/vessels/details/9497464,WHALE SHARK,General Cargo Ship,9497464
/vessels/details/9339545,CMA CGM KAILAS,Container Ship,9339545
/vessels/details/9300130,D QUEENS,Container Ship,9300130
/vessels/details/9610200,SPRING BREEZE,Bulk Carrier,9610200
/vessels/details/9610212,SUPERNOVA B,Bulk Carrier,9610212
/vessels/details/1097270,FU XING LUN,General Cargo Ship,1097270
/vessels/details/9689794,NEW JOURNEY,Bulk Carrier,9689794
/vessels/details/9691151,INDIGO SW,Bulk Carrier,9691151
/vessels/details/9674799,ATLANTIC BULKER,Bulk Carrier,9674799
/vessels/details/9610195,MOONBRIGHT SW,Bulk Carrier,9610195
/vessels/details/9674816,KS GRACE,Bulk Carrier,9674816
/vessels/details/9460186,EXPLOR,Bulk Carrier,9460186
/vessels/details/9158587,BRIDGE,Container Ship,9158587
/vessels/details/9149859,ADVANCE,Container Ship,9149859
/vessels/details/9149823,PHOENIX D,Container Ship,9149823
/vessels/details/9158563,PROGRESS C,Container Ship,9158563
/vessels/details/9158575,HIGHWAY,Container Ship,9158575
/vessels/details/9149861,SPRINTER,Container Ship,9149861
/vessels/details/9149847,FUTURE,Container Ship,9149847
/vessels/details/9749958,REMY ENTERPRISE,Bulk Carrier,9749958
/vessels/details/9749960,SINLAU BULKER,Bulk Carrier,9749960
/vessels/details/9749984,MEHMET DADAYLI,Bulk Carrier,9749984
/vessels/details/9692741,CORESKY OL,Bulk Carrier,9692741
/vessels/details/9692739,MAGPIE SW,Bulk Carrier,9692739
/vessels/details/9728409,NAVI SUN,Bulk Carrier,9728409
/vessels/details/9772802,ENISHI,Bulk Carrier,9772802
/vessels/details/9709312,DAIWAN JUSTICE,Bulk Carrier,9709312
/vessels/details/9709336,DAIWAN HERO,Bulk Carrier,9709336
/vessels/details/9709324,DAIWAN KALON,Bulk Carrier,9709324
/vessels/details/9748253,OBAHAN C,Bulk Carrier,9748253
/vessels/details/9709348,DAIWAN INFINITY,Bulk Carrier,9709348
/vessels/details/9749946,ANDREA ENTERPRISE,Bulk Carrier,9749946
/vessels/details/9767015,GLOBAL AMBITION,Bulk Carrier,9767015
/vessels/details/9609354,COOL HERO,Bulk Carrier,9609354
/vessels/details/9736963,ES INTEGRITY,Bulk Carrier,9736963
/vessels/details/9672208,AMIRA SOPHIE II,Bulk Carrier,9672208
/vessels/details/9667526,AMETHYST,Bulk Carrier,9667526
/vessels/details/9537018,LUCKY PIONEER,General Cargo Ship,9537018
/vessels/details/9459151,APOLLO BULKER,General Cargo Ship,9459151
/vessels/details/9459137,SAFE COURSE,General Cargo Ship,9459137
/vessels/details/9496161,V TAURUS,General Cargo Ship,9496161
/vessels/details/9491575,ATLAS S,General Cargo Ship,9491575
/vessels/details/9537020,HPC WISDOM,General Cargo Ship,9537020
/vessels/details/9459163,NORD TAIPEI,General Cargo Ship,9459163
/vessels/details/9536997,HAPPY FOUNDER,General Cargo Ship,9536997
/vessels/details/9527180,ASAHI BULKER,General Cargo Ship,9527180
/vessels/details/9628245,ATLANTIC ISLAND,Bulk Carrier,9628245
/vessels/details/9628257,HPC GOLD,Bulk Carrier,9628257
/vessels/details/9228643,CALISTA,General Cargo Ship,9228643
/vessels/details/9180358,SELVANA,Bulk Carrier,9180358
/vessels/details/9180372,TOMKAR,Bulk Carrier,9180372
/vessels/details/9108568,NAPOLI,Ro-Ro Cargo Ship,9108568
/vessels/details/9531650,ATLANTIC OASIS,General Cargo Ship,9531650
/vessels/details/9805312,CARMEL,General Cargo Ship,9805312
/vessels/details/9805324,SALINAS,General Cargo Ship,9805324
/vessels/details/9737149,GRAND AMBROSE,General Cargo Ship,9737149
/vessels/details/9700574,RISING SUN,General Cargo Ship,9700574
/vessels/details/9701023,EMERALD ENTERPRISE,General Cargo Ship,9701023
/vessels/details/9701047,SE MARINA,General Cargo Ship,9701047
/vessels/details/9652480,FAIR OCEAN,General Cargo Ship,9652480
/vessels/details/9749403,CIARA ENTERPRISE,General Cargo Ship,9749403
/vessels/details/9539444,V LYRA,General Cargo Ship,9539444
/vessels/details/9562453,TRAWIND DOLPHIN,General Cargo Ship,9562453
/vessels/details/9370381,V CETUS,General Cargo Ship,9370381
/vessels/details/9392119,MELOI,General Cargo Ship,9392119
/vessels/details/9658771,ASPRI,General Cargo Ship,9658771
/vessels/details/9810769,ANSAC GREEN RIVER,General Cargo Ship,9810769
/vessels/details/9898228,CHANG SHENG JI 8,Container Ship,9898228
/vessels/details/9473688,RIGHT COURSE,General Cargo Ship,9473688
/vessels/details/9403255,ALONI,General Cargo Ship,9403255
/vessels/details/9392078,LADY MONICA,General Cargo Ship,9392078
/vessels/details/9316983,LADY JAMILA,General Cargo Ship,9316983
/vessels/details/9370422,V PEGASUS,General Cargo Ship,9370422
/vessels/details/9898230,HUA DA 609,Container Ship,9898230
/vessels/details/9810757,BALTIC ACE,General Cargo Ship,9810757
/vessels/details/9736042,AMIRA NORA,General Cargo Ship,9736042
/vessels/details/9667722,CHISE BULKER,General Cargo Ship,9667722
/vessels/details/9609299,TRAWIND ROC,General Cargo Ship,9609299
/vessels/details/9766231,SEACON MANILA,General Cargo Ship,9766231
/vessels/details/9658795,INLACO HARMONY,Bulk Carrier,9658795
/vessels/details/9774032,RUBY ENTERPRISE,General Cargo Ship,9774032
/vessels/details/9644055,VERA LONDON,Bulk Carrier,9644055
/vessels/details/9614361,FOREST TRADER,Bulk Carrier,9614361
/vessels/details/9614359,GLOBAL GOLD,Bulk Carrier,9614359
/vessels/details/9644043,GLOBAL ARC,Bulk Carrier,9644043
/vessels/details/9473456,CITY OF STPETERSBURG,Vehicles Carrier,9473456
/vessels/details/9473468,CITY OF ROTTERDAM,Vehicles Carrier,9473468
/vessels/details/9392157,GLOBAL MERMAID,Bulk Carrier,9392157
/vessels/details/9296303,LADY BABU,Bulk Carrier,9296303
/vessels/details/9362700,EMORA,Container Ship,9362700
/vessels/details/9538971,KEN SPIRIT,Bulk Carrier,9538971
/vessels/details/9634634,MISSY ENTERPRISE,General Cargo Ship,9634634
/vessels/details/9527207,GRAMPUS DIGNITY,General Cargo Ship,9527207
/vessels/details/9614294,ELM K,General Cargo Ship,9614294
/vessels/details/9614282,KING M,General Cargo Ship,9614282
/vessels/details/9614309,FELICIA K,General Cargo Ship,9614309
/vessels/details/9623116,AC AMITY,General Cargo Ship,9623116
/vessels/details/9443384,LUCKY HONG,Bulk Carrier,9443384
/vessels/details/9443396,LOYALTY HONG,Bulk Carrier,9443396
/vessels/details/9681704,MARTIN ISLAND,General Cargo Ship,9681704
/vessels/details/9458406,OCEAN VOYAGER,General Cargo Ship,9458406
/vessels/details/9608697,ZOI,Bulk Carrier,9608697
/vessels/details/9608702,BAOSHINE,Bulk Carrier,9608702
/vessels/details/9695119,SIMAG SHANGHAI,General Cargo Ship,9695119
/vessels/details/9638604,SIMAG BEIJING,General Cargo Ship,9638604
/vessels/details/9449522,HARMONY,General Cargo Ship,9449522
/vessels/details/9587178,YC FORTITUDE,Bulk Carrier,9587178
/vessels/details/9548316,PRINCE,Bulk Carrier,9548316
/vessels/details/9597977,ATN LUCKY,Bulk Carrier,9597977
/vessels/details/9583897,ARGO I,Bulk Carrier,9583897
/vessels/details/9554212,HPC FUTURE,Bulk Carrier,9554212
/vessels/details/9547192,HSC NEW LUCKY,Bulk Carrier,9547192
/vessels/details/9449510,GLORIS,Bulk Carrier,9449510
/vessels/details/9449508,PRIX,Bulk Carrier,9449508
/vessels/details/9449493,EAGLE,Bulk Carrier,9449493
/vessels/details/9555280,ROYAL FALCON,Bulk Carrier,9555280
/vessels/details/9437517,MARIS WHISPER,Bulk Carrier,9437517
/vessels/details/9459369,NESREENA,Bulk Carrier,9459369
/vessels/details/9719795,SKY ORION,Container Ship,9719795
/vessels/details/9705445,SKY CHALLENGE,Container Ship,9705445
/vessels/details/9441740,POLARIS 3,Livestock Carrier,9441740
/vessels/details/9757345,SILK SPIRIT,General Cargo Ship,9757345
/vessels/details/9681998,PACIFIC SPIKE,General Cargo Ship,9681998
/vessels/details/9146716,ETERNAL ACE,Bulk Carrier,9146716
/vessels/details/9145798,GLOBAL HARVEST,Bulk Carrier,9145798
/vessels/details/9145774,GLOBAL DIAMOND,Bulk Carrier,9145774
/vessels/details/9989821,BRIGHT COSMOS,Container Ship,9989821
/vessels/details/9989833,BRIGHT FUJI,Container Ship,9989833
/vessels/details/9303431,LADY ZEHMA,General Cargo Ship,9303431
/vessels/details/9400930,COOL BREEZE,General Cargo Ship,9400930
/vessels/details/9363297,LUCKY EILEEN,General Cargo Ship,9363297
/vessels/details/9383508,HPC GALAXY,General Cargo Ship,9383508
/vessels/details/9611577,IC PROGRESS,Bulk Carrier,9611577
/vessels/details/9266152,SEIYO HARMONY,Bulk Carrier,9266152
/vessels/details/9266138,DAEJOO ARIRANG 2,Bulk Carrier,9266138
/vessels/details/9557240,SEA TOPAZ,Bulk Carrier,9557240
/vessels/details/9557226,SEA SAPPHIRE,Bulk Carrier,9557226
/vessels/details/9333759,KUWANA,General Cargo Ship,9333759
/vessels/details/9333761,KUMANO,General Cargo Ship,9333761
/vessels/details/9539353,KURUSHIMA,General Cargo Ship,9539353
/vessels/details/9392171,KUROBE,General Cargo Ship,9392171
/vessels/details/9487031,KATONG WW,General Cargo Ship,9487031
/vessels/details/9497438,DIAS WELL,Bulk Carrier,9497438
/vessels/details/9487067,PAS SUNRISE,General Cargo Ship,9487067
/vessels/details/9475727,NESREENA EMPRESS,Bulk Carrier,9475727
/vessels/details/9475739,AKSON SARA,Bulk Carrier,9475739
/vessels/details/8636740,FJORD,Heavy Load Carrier,8636740
/vessels/details/9406087,HADEEL,Bulk Carrier,9406087
/vessels/details/8500680,CABO STAR,Ro-Ro Cargo Ship,8500680
/vessels/details/9192698,PILOT WHALE,General Cargo Ship,9192698
/vessels/details/9192686,H CACHALOT,General Cargo Ship,9192686
/vessels/details/9192674,YUE LI,General Cargo Ship,9192674
/vessels/details/9192662,YUE YI,General Cargo Ship,9192662
/vessels/details/9218040,MICROCHIP,Bulk Carrier,9218040
/vessels/details/9320300,ATN VICTORY,Bulk Carrier,9320300
/vessels/details/9320312,ATN UNITY,Bulk Carrier,9320312
/vessels/details/9185815,NIHAT M,Bulk Carrier,9185815
/vessels/details/9270907,NAB BULKER,Bulk Carrier,9270907
/vessels/details/9270919,MARINA S,Bulk Carrier,9270919
/vessels/details/9303364,WELL DREAM,Bulk Carrier,9303364
/vessels/details/9336799,FREE SAILING,Bulk Carrier,9336799
/vessels/details/9262998,SUNNY FORTUNE,Bulk Carrier,9262998
/vessels/details/9262986,GOLDEN BRIGHT,Bulk Carrier,9262986
/vessels/details/9277474,PURE MERCY,Bulk Carrier,9277474
/vessels/details/9310745,AC KATHRYN,Bulk Carrier,9310745
/vessels/details/9288239,AC SPLENDOR,Bulk Carrier,9288239
/vessels/details/9336763,ALPHA BULKER,Bulk Carrier,9336763
/vessels/details/9310721,CALLIO,Bulk Carrier,9310721
/vessels/details/9311311,LADY MERAL,General Cargo Ship,9311311
/vessels/details/9272773,UNION FAITH,General Cargo Ship,9272773
/vessels/details/9249025,ROYA,General Cargo Ship,9249025
/vessels/details/9217888,MING LE 3,General Cargo Ship,9217888
/vessels/details/9251078,ORIENT GLORY,Bulk Carrier,9251078
/vessels/details/9580003,SPINNAKER SW,Bulk Carrier,9580003
/vessels/details/9268916,MANALI,Bulk Carrier,9268916
/vessels/details/9268942,BAO SHUN,Bulk Carrier,9268942
/vessels/details/9278741,SEA PLAIN 8,Bulk Carrier,9278741
/vessels/details/9379674,SOUL MERCY,Bulk Carrier,9379674
/vessels/details/9427122,PAIWAN WISDOM,Bulk Carrier,9427122
/vessels/details/9427134,DAIWAN WISDOM,Bulk Carrier,9427134
/vessels/details/9338577,TAOKAS WISDOM,Bulk Carrier,9338577
/vessels/details/9338553,HAI PHUONG STAR,Bulk Carrier,9338553
/vessels/details/9597408,ASAHI OCEAN,Bulk Carrier,9597408
/vessels/details/9597434,WONDERFUL SW,Bulk Carrier,9597434
/vessels/details/9597422,AUDREY SW,Bulk Carrier,9597422
/vessels/details/9473767,TWINLUCK SW,Bulk Carrier,9473767
/vessels/details/9473755,CORESHIP OL,Bulk Carrier,9473755
/vessels/details/9597410,CORETALENT OL,Bulk Carrier,9597410
/vessels/details/9499436,ORCUN C,Bulk Carrier,9499436
/vessels/details/9580015,PEARL IVY,General Cargo Ship,9580015
/vessels/details/9424091,ATN GLORY,General Cargo Ship,9424091
/vessels/details/9424089,HPC LIBERTY,Bulk Carrier,9424089
/vessels/details/9409584,COURAGE,General Cargo Ship,9409584
/vessels/details/9317755,BOSHI 68,Bulk Carrier,9317755
/vessels/details/9424106,KEN HOPE,Bulk Carrier,9424106
/vessels/details/9424118,JUNO PACIFIC,Bulk Carrier,9424118
/vessels/details/9402110,LADY ESMA,General Cargo Ship,9402110
/vessels/details/9459620,KEN SEI,General Cargo Ship,9459620
/vessels/details/9309617,LADY ZEHRA,General Cargo Ship,9309617
/vessels/details/9302918,LIBRA DREAM,General Cargo Ship,9302918
/vessels/details/9317743,TAN BINH 259,Bulk Carrier,9317743
/vessels/details/9317779,GERHILD,Bulk Carrier,9317779
/vessels/details/9310006,KEN REI,Bulk Carrier,9310006
/vessels/details/9261047,SEAGULL HARMONY,Bulk Carrier,9261047
/vessels/details/9236078,SUNNINE 1,General Cargo Ship,9236078
/vessels/details/9255050,VAST FOISON,General Cargo Ship,9255050
/vessels/details/9236080,BREEZE 1,General Cargo Ship,9236080
/vessels/details/9189665,H SEALION,General Cargo Ship,9189665
/vessels/details/9220988,YASSIN BEY,General Cargo Ship,9220988
/vessels/details/9266918,MAGNUM,Bulk Carrier,9266918
/vessels/details/9206140,ISKENDERUN-M,Bulk Carrier,9206140
/vessels/details/9166211,LUCA,Bulk Carrier,9166211
/vessels/details/9194880,PARAGON,Bulk Carrier,9194880
/vessels/details/9178551,SELIN-M,Bulk Carrier,9178551
/vessels/details/9267091,TJ HARVEST,Bulk Carrier,9267091
/vessels/details/9209087,AYDOS,Bulk Carrier,9209087
/vessels/details/9218313,FENG SHUN,Bulk Carrier,9218313
/vessels/details/9236846,AQUILA,Bulk Carrier,9236846
/vessels/details/9167863,RI YUN,General Cargo Ship,9167863
/vessels/details/9214159,HH PEARL,General Cargo Ship,9214159
/vessels/details/9246293,SUNNINE 3,General Cargo Ship,9246293
/vessels/details/9236066,KEN GOH,General Cargo Ship,9236066
/vessels/details/9205952,ANEMOS,General Cargo Ship,9205952
/vessels/details/8501476,JABAL ALI 10,Ro-Ro Cargo Ship,8501476
/vessels/details/9526265,LOA FORTUNE,General Cargo Ship,9526265
/vessels/details/9526291,LIBERTY HARVEST,General Cargo Ship,9526291
/vessels/details/9117612,SENATOR,General Cargo Ship,9117612
/vessels/details/9149665,ETERNALPROSPERITY,General Cargo Ship,9149665
/vessels/details/9936147,GH RIVER,Container Ship,9936147
/vessels/details/9218416,BH OCEAN,Bulk Carrier,9218416
/vessels/details/9817913,FILOTIMO,Container Ship,9817913
/vessels/details/9817925,OSLO TRADER,Container Ship,9817925
/vessels/details/9230206,HONRISE,Container Ship,9230206
/vessels/details/1019101,ANBIEN SKY,Container Ship,1019101
/vessels/details/1019113,HAIAN OPUS,Container Ship,1019113
/vessels/details/9981142,HMM HARMONY,Container Ship,9981142
/vessels/details/1016161,ZHONG PENG YOU YI,Container Ship,1016161
/vessels/details/9974230,MTT BANGKOK,Container Ship,9974230
/vessels/details/9903243,EVER CLEVER,Container Ship,9903243
/vessels/details/9913834,EVER CONCERT,Container Ship,9913834
/vessels/details/9875068,EVER COPE,Container Ship,9875068
/vessels/details/9890874,EVER CLEAR,Container Ship,9890874
/vessels/details/9919450,EVER CONSIST,Container Ship,9919450
/vessels/details/9919589,EVER CONNECT,Container Ship,9919589
/vessels/details/9875070,EVER CORE,Container Ship,9875070
/vessels/details/9890886,EVER CROWN,Container Ship,9890886
/vessels/details/9913822,EVER CONCISE,Container Ship,9913822
/vessels/details/9913846,EVER CONFORM,Container Ship,9913846
/vessels/details/9860532,GREEN CELESTE,Container Ship,9860532
/vessels/details/9866598,EVER CALM,Container Ship,9866598
/vessels/details/9890898,EVER CANDID,Container Ship,9890898
/vessels/details/9913810,EVER COMPOSE,Container Ship,9913810
/vessels/details/9177636,HAI XING,General Cargo Ship,9177636
/vessels/details/9923970,KANWAY LUCKY,Container Ship,9923970
/vessels/details/9137557,SHI SHANG 18,Container Ship,9137557
/vessels/details/9226827,EASLINE KWANGYANG,Container Ship,9226827
/vessels/details/9163441,A GALAXY,Container Ship,9163441
/vessels/details/9159153,MAKO I,Container Ship,9159153
/vessels/details/9205665,EASLINE OSAKA,Container Ship,9205665
/vessels/details/9167473,EASLINE DALIAN,Container Ship,9167473
/vessels/details/9539743,NEWSUN SYMPHONY,Bulk Carrier,9539743
/vessels/details/9565716,NEWSUN LUCKY,Bulk Carrier,9565716
/vessels/details/9422495,HOANG ANH 36,Bulk Carrier,9422495
/vessels/details/9842360,ZHONG GU DIZHONG HAI,Container Ship,9842360
/vessels/details/9616606,HAPPY VOYAGER,Bulk Carrier,9616606
/vessels/details/9613226,HPC UNITY,Bulk Carrier,9613226
/vessels/details/9589229,ROYAL GALAXY,Bulk Carrier,9589229
/vessels/details/9586863,PHOENIX NEREID,Bulk Carrier,9586863
/vessels/details/9606546,BAO LONG,Bulk Carrier,9606546
/vessels/details/9606534,TAN BINH 357,Bulk Carrier,9606534
/vessels/details/9634907,SEN TREASURE,Bulk Carrier,9634907
/vessels/details/9634892,S NEPTUNE,Bulk Carrier,9634892
/vessels/details/9830769,HUNTER STAR,Heavy Load Carrier,9830769
/vessels/details/8417625,POLARIS-2,Livestock Carrier,8417625
/vessels/details/9289051,MSC GIANNINA II,Container Ship,9289051
/vessels/details/9309150,ERASMUS ICON,Container Ship,9309150
/vessels/details/9430870,CTM ISTMO,Container Ship,9430870
/vessels/details/9236212,MSC MAKOTO II,Container Ship,9236212
/vessels/details/9155365,A FLENSBURG,Container Ship,9155365
/vessels/details/9133422,UNIEVER,General Cargo Ship,9133422
/vessels/details/9354648,HAIAN ZETA,Container Ship,9354648
/vessels/details/9127681,MV FESTIVAL,Bulk Carrier,9127681
/vessels/details/9124146,SHENG LE C,Bulk Carrier,9124146
/vessels/details/9136773,SEA ADELAIDE,Bulk Carrier,9136773
/vessels/details/9363156,SOL PROMISE,Container Ship,9363156
/vessels/details/9470777,RC ASPELIA,General Cargo Ship,9470777
/vessels/details/9196371,DYNASTY,Bulk Carrier,9196371
/vessels/details/9859648,POS BANGKOK,Container Ship,9859648
/vessels/details/9859650,POS HOCHIMINH,Container Ship,9859650
/vessels/details/9197076,BRIGHT ELEGANCE,General Cargo Ship,9197076
/vessels/details/9221360,SINFONIA,General Cargo Ship,9221360
/vessels/details/9228265,OSPREY BULKER,Bulk Carrier,9228265
/vessels/details/9197935,MUMTAZ BEY,Bulk Carrier,9197935
/vessels/details/9200407,UNIVERSE RELIANCE,Bulk Carrier,9200407
/vessels/details/9199842,AQUA REGIA,Bulk Carrier,9199842
/vessels/details/9639672,DANCEWOOD SW,Bulk Carrier,9639672
/vessels/details/9561916,LADY EVINA,Bulk Carrier,9561916
/vessels/details/9561899,FADIME ANA,Bulk Carrier,9561899
/vessels/details/9561801,HD SUN,Bulk Carrier,9561801
/vessels/details/9561875,APOGEE SPIRIT,Bulk Carrier,9561875
/vessels/details/9316945,FTM GALAXY,Bulk Carrier,9316945
/vessels/details/9276767,SDR UNIVERSE,Bulk Carrier,9276767
/vessels/details/9512161,MERYEM ANA,Bulk Carrier,9512161
/vessels/details/9397262,HAPPY LEADER,Bulk Carrier,9397262
/vessels/details/9276779,TAN BINH 246,Bulk Carrier,9276779
/vessels/details/9288552,TATEV,Bulk Carrier,9288552
/vessels/details/9293870,NEWSUN HARMONY,Bulk Carrier,9293870
/vessels/details/9223813,ROYAL STAR,General Cargo Ship,9223813
/vessels/details/9257058,SABEEL STAR,General Cargo Ship,9257058
/vessels/details/9316957,BOSHI 57,Bulk Carrier,9316957
/vessels/details/9887009,EVER CHASTE,Container Ship,9887009
/vessels/details/9886990,EVER CENTER,Container Ship,9886990
/vessels/details/9859911,KMTC INCHEON,Container Ship,9859911
/vessels/details/9859923,GREEN CELEBRITY,Container Ship,9859923
/vessels/details/9859894,KMTC NAGOYA,Container Ship,9859894
/vessels/details/9870006,EVER CHEER,Container Ship,9870006
/vessels/details/9848900,KMTC POHANG,Container Ship,9848900
/vessels/details/9869980,EVER CHANT,Container Ship,9869980
/vessels/details/9848895,KMTC GWANGYANG,Container Ship,9848895
/vessels/details/9869978,EVER CAST,Container Ship,9869978
/vessels/details/9869992,EVER CHARM,Container Ship,9869992
/vessels/details/9859935,GREEN CLARITY,Container Ship,9859935
/vessels/details/9603946,DANCEFLORA SW,Bulk Carrier,9603946
/vessels/details/9603958,STAMINA SW,Bulk Carrier,9603958
/vessels/details/9629160,GREEN HOPE,Container Ship,9629160
/vessels/details/9202170,CAIRO PYRAMID,Container Ship,9202170
/vessels/details/9202209,UNI POPULAR,Container Ship,9202209
/vessels/details/9202168,MYD TIANJIN,Container Ship,9202168
/vessels/details/9202194,UNI-PRUDENT,Container Ship,9202194
/vessels/details/9202182,UNI PERFECT,Container Ship,9202182
/vessels/details/9249207,TIDE SAILOR,Container Ship,9249207
/vessels/details/9202223,UNI-PREMIER,Container Ship,9202223
/vessels/details/9249221,MYD FUZHOU,Container Ship,9249221
/vessels/details/9202156,MYD NINGBO,Container Ship,9202156
/vessels/details/7902647,SUPER SHUTTLE RORO 9,Ro-Ro Cargo Ship,7902647
/vessels/details/9237280,UNIVERSE WEALTHY,Bulk Carrier,9237280
/vessels/details/9222546,UNIVERSE HARMONY,Bulk Carrier,9222546
/vessels/details/9848871,KMTC TOKYO,Container Ship,9848871
/vessels/details/9848883,KMTC OSAKA,Container Ship,9848883
/vessels/details/9854480,SKY WIND,Container Ship,9854480
/vessels/details/9187954,GOLDEN ATLANTIC,Bulk Carrier,9187954
/vessels/details/9214549,HOLLY DEVELOPER,Bulk Carrier,9214549
/vessels/details/9214537,HOLLY PIONEER,Bulk Carrier,9214537
/vessels/details/9208186,GHIBLI,Container Ship,9208186
/vessels/details/9208174,HT JOURNEY,Container Ship,9208174
/vessels/details/9235414,MALACCA HIGHWAY,Vehicles Carrier,9235414
/vessels/details/9629158,GREEN HORIZON,Container Ship,9629158
/vessels/details/9238674,ABK LEGEND,Bulk Carrier,9238674
/vessels/details/9282778,TAN BINH 256,Bulk Carrier,9282778
/vessels/details/9282780,BEYOND,Bulk Carrier,9282780
/vessels/details/9296315,NOUR STAR,Bulk Carrier,9296315
/vessels/details/9182021,LUCKY BLESSING,Container Ship,9182021
/vessels/details/9182019,STAR BLESSING,Container Ship,9182019
/vessels/details/9659921,ATLANTIC TRAMP,Bulk Carrier,9659921
/vessels/details/9668269,ATLANTIC FAIRY,Bulk Carrier,9668269
/vessels/details/9002166,ATALANTIS,General Cargo Ship,9002166
/vessels/details/9431630,LI DA SHENG,Container Ship,9431630
/vessels/details/9149720,CHUN HUA,Bulk Carrier,9149720
/vessels/details/9139971,M.V OCEAN WIT,Bulk Carrier,9139971
/vessels/details/9149718,CHARM,Bulk Carrier,9149718
/vessels/details/9377690,SOL UNITY,Container Ship,9377690
/vessels/details/9218064,DUYEN HAI 1,Bulk Carrier,9218064
/vessels/details/9242546,OMARI,Bulk Carrier,9242546
/vessels/details/9218076,TRANS THALIA,Bulk Carrier,9218076
/vessels/details/9245067,FYM SAPPHIRA,Bulk Carrier,9245067
/vessels/details/9228215,YING HUA,Bulk Carrier,9228215
/vessels/details/9108271,TOROS,Bulk Carrier,9108271
/vessels/details/9114543,ADAM-A,Bulk Carrier,9114543
/vessels/details/9104196,RUN FU 1,Bulk Carrier,9104196
/vessels/details/9142100,JIN SHAN,Bulk Carrier,9142100
/vessels/details/9078335,SHENG LU,Bulk Carrier,9078335
/vessels/details/9087805,WORSHIP LIGHT,Bulk Carrier,9087805
/vessels/details/9765847,STAR SPIRIT,Refrigerated Cargo Ship,9765847
/vessels/details/9765859,STAR COURAGE,Refrigerated Cargo Ship,9765859
/vessels/details/9159749,HARMONY OCEAN,Bulk Carrier,9159749
/vessels/details/9159725,ETERNAL JOY,Bulk Carrier,9159725
/vessels/details/9786580,DONGBANG GIANT NO.7,Heavy Load Carrier,9786580
/vessels/details/9412842,SOL INTEGRITY,Container Ship,9412842
/vessels/details/9133288,HARMONY SIX,Bulk Carrier,9133288
/vessels/details/9470753,PENANG BRIDGE,Container Ship,9470753
/vessels/details/9444986,PEARL RIVER BRIDGE,Container Ship,9444986
/vessels/details/9515606,MILLENNIUM BRIGHT,Container Ship,9515606
/vessels/details/9515620,HORAI BRIDGE,Container Ship,9515620
/vessels/details/9125918,MICROSTEP,Bulk Carrier,9125918
/vessels/details/9202481,SEA OF LUCK,Container Ship,9202481
/vessels/details/9266102,SOL RESILIENCE,Container Ship,9266102
/vessels/details/9258325,GOLDEN LEAF,Bulk Carrier,9258325
/vessels/details/9233868,GLORIA M,Bulk Carrier,9233868
/vessels/details/9357432,DD VIGILANT,Bulk Carrier,9357432
/vessels/details/9357444,DD VOYAGER,Bulk Carrier,9357444
/vessels/details/9357468,DD VICTORY,Bulk Carrier,9357468
/vessels/details/9357456,DD VOGUE,Bulk Carrier,9357456
/vessels/details/9940461,MAO GANG SHANG HAI,Container Ship,9940461
/vessels/details/9255919,CORAL ISLANDER 2,General Cargo Ship,9255919
/vessels/details/8357136,SHI DA 11,Bulk Carrier,8357136
/vessels/details/9129603,RACE,Bulk Carrier,9129603
/vessels/details/1039151,CHENG QING 2,Bulk Carrier,1039151
/vessels/details/9449833,ERASMUS MASTER,Container Ship,9449833
/vessels/details/9449857,ERASMUS CHIEF,Container Ship,9449857
/vessels/details/9113848,KRAKUS,Bulk Carrier,9113848
/vessels/details/9668362,POAVOSA ACE,Bulk Carrier,9668362
/vessels/details/9580314,POAVOSA WISDOM III,Bulk Carrier,9580314
/vessels/details/9589724,POAVOSA WISDOM VI,Bulk Carrier,9589724
/vessels/details/9641924,POAVOSA WISDOM VIII,Bulk Carrier,9641924
/vessels/details/9624328,EVER GALLANT,Bulk Carrier,9624328
/vessels/details/9633276,POAVOSA WISDOM VII,Bulk Carrier,9633276
/vessels/details/9574183,GOLDEN CENTURY,Bulk Carrier,9574183
/vessels/details/9573945,BRIGHT HOPE,Bulk Carrier,9573945
/vessels/details/9493236,MP SKY,Bulk Carrier,9493236
/vessels/details/9508718,PAPORA WISDOM,Bulk Carrier,9508718
/vessels/details/9515644,POAVOSA WISDOM,Bulk Carrier,9515644
/vessels/details/9493200,DMC NEPTUNE,Bulk Carrier,9493200
/vessels/details/9493224,ST. OLGA,Bulk Carrier,9493224
/vessels/details/9573933,HAI PHUONG 86,Bulk Carrier,9573933
/vessels/details/9519212,COREOCEAN OL,Bulk Carrier,9519212
/vessels/details/9424637,VALENTE VENUS,General Cargo Ship,9424637
/vessels/details/9470832,MP FORTUNE,Bulk Carrier,9470832
/vessels/details/9519200,STAR TAISHAN,Bulk Carrier,9519200
/vessels/details/9333101,DONIAMBO,General Cargo Ship,9333101
/vessels/details/9251054,RO PRINCESS,Ro-Ro Cargo Ship,9251054
/vessels/details/9573907,NORD YILAN,Bulk Carrier,9573907
/vessels/details/9668350,COMO GLORY,Bulk Carrier,9668350
/vessels/details/9615145,STR VIGOR,Bulk Carrier,9615145
/vessels/details/9668324,KOBE GLORIA,Bulk Carrier,9668324
/vessels/details/9706334,BC ARMONIA,Bulk Carrier,9706334
/vessels/details/9591076,OCEAN VICTORY,Bulk Carrier,9591076
/vessels/details/9641912,TAN BINH 279,Bulk Carrier,9641912
/vessels/details/9604756,KEN SKY,Bulk Carrier,9604756
/vessels/details/9550292,MARITIME VICTORY,Bulk Carrier,9550292
/vessels/details/9605059,GOLDEN FLAME,Bulk Carrier,9605059
/vessels/details/9660047,CARAVEL,Bulk Carrier,9660047
/vessels/details/9615078,MP GOLD,Bulk Carrier,9615078
/vessels/details/9554169,GLOBAL FAITH,Bulk Carrier,9554169
/vessels/details/9445203,REK GRACE,Bulk Carrier,9445203
/vessels/details/9553139,LUCKY RIVER,Bulk Carrier,9553139
/vessels/details/9550204,NORD HAKATA,Bulk Carrier,9550204
/vessels/details/9550199,ITHACA PATIENCE,Bulk Carrier,9550199
/vessels/details/9554171,LUCKY HOPE,Bulk Carrier,9554171
/vessels/details/9550216,TRANSFORMER OL,Bulk Carrier,9550216
/vessels/details/9520998,EVER BRILLIANT,Bulk Carrier,9520998
/vessels/details/9445021,PANORMITIS,Bulk Carrier,9445021
/vessels/details/9553141,APOGEE ENDEAVOUR,Bulk Carrier,9553141
/vessels/details/9519195,POAVOSA BRAVE,Bulk Carrier,9519195
/vessels/details/9470791,AC SESODA,Bulk Carrier,9470791
/vessels/details/9550149,STR LUCKY,Bulk Carrier,9550149
/vessels/details/9605047,PACIFIC HOPE,Bulk Carrier,9605047
/vessels/details/9550163,HPC VISION,Bulk Carrier,9550163
/vessels/details/9197349,BANGKOK,Container Ship,9197349
/vessels/details/9263760,ABK TIGER,Bulk Carrier,9263760
/vessels/details/9287429,GOLDEN STAR,Bulk Carrier,9287429
/vessels/details/9263772,LUCKY BAY,Bulk Carrier,9263772
/vessels/details/9278973,EAST WIND I,Bulk Carrier,9278973
/vessels/details/9289855,ASOMATOS,Bulk Carrier,9289855
/vessels/details/9237383,SIMON BROTHER,Bulk Carrier,9237383
/vessels/details/9345647,CSEPROSPERITYEXPRESS,Bulk Carrier,9345647
/vessels/details/9322750,TAN BINH 257,Bulk Carrier,9322750
/vessels/details/9312327,AG VALOR,Bulk Carrier,9312327
/vessels/details/9350094,BAO YI,Bulk Carrier,9350094
/vessels/details/9283837,HAPPY TRADER,Bulk Carrier,9283837
/vessels/details/9283849,UNIVERSE KAISA,Bulk Carrier,9283849
/vessels/details/9364849,LADY NANA,Bulk Carrier,9364849
/vessels/details/9615080,DIANTHUS,Bulk Carrier,9615080
/vessels/details/8672055,JADE EXPLORER,Bulk Carrier,8672055
/vessels/details/9216729,SEPELU,Container Ship,9216729
/vessels/details/9216731,MUARA,Container Ship,9216731
/vessels/details/9225512,DRAKE WELL,Bulk Carrier,9225512
/vessels/details/1021570,OCEAN 28,Deck Cargo Ship,1021570
/vessels/details/9180035,DONG MINH,Bulk Carrier,9180035
/vessels/details/9197129,RONG FU,Bulk Carrier,9197129
/vessels/details/9157349,SEA HERO,Bulk Carrier,9157349
/vessels/details/8671594,HAI JING HANG,Bulk Carrier,8671594
/vessels/details/9180011,AMARILLO,Bulk Carrier,9180011
/vessels/details/9132674,MAN SHENG,Bulk Carrier,9132674
/vessels/details/9228758,CAIYUNHE,Container Ship,9228758
/vessels/details/9228772,MIYUNHE,Container Ship,9228772
/vessels/details/9228746,JINYUNHE,Container Ship,9228746
/vessels/details/9160712,FENGYUNHE,Container Ship,9160712
/vessels/details/9178393,MERATUS MEDAN 5,Container Ship,9178393
/vessels/details/9159878,KAWA KOPER,Container Ship,9159878
/vessels/details/9194490,IBN AL ABBAR,Container Ship,9194490
/vessels/details/9194505,TAICHUNG,Container Ship,9194505
/vessels/details/9578531,WISH WAY,Heavy Load Carrier,9578531
/vessels/details/8671697,LI YANG,Bulk Carrier,8671697
/vessels/details/1064663,CHANG YANG DONG FANG,Barge Carrier,1064663
/vessels/details/9117844,KRAKEN I,Bulk Carrier,9117844
/vessels/details/9076399,WINCA,Bulk Carrier,9076399
/vessels/details/9302475,CANDOUR 8,Bulk Carrier,9302475
/vessels/details/1025473,YONG SHUN,Container Ship,1025473
/vessels/details/1026855,KANG QI FU HUA,Deck Cargo Ship,1026855
/vessels/details/9992464,HONG DA XIN 758,Container Ship,9992464
/vessels/details/1027287,HE YUAN SHUN 89,Container Ship,1027287
/vessels/details/8671659,ZHEN JING 32,Bulk Carrier,8671659
/vessels/details/9313216,LI DA WANG,Container Ship,9313216
/vessels/details/9313204,BELLE ARIES,Container Ship,9313204
/vessels/details/9106144,STONEFISH,Container Ship,9106144
/vessels/details/9134684,BOAT BLESSING,Container Ship,9134684
/vessels/details/9396634,ERASMUS HOPE,Container Ship,9396634
/vessels/details/9428322,PROS EVER,Container Ship,9428322
/vessels/details/9238698,MARSA ZENITH,Container Ship,9238698
/vessels/details/9652375,PIONEER HARMONY,Bulk Carrier,9652375
/vessels/details/9221059,MSC QINGDAO F,Container Ship,9221059
/vessels/details/8535776,OCEAN ANNY,Bulk Carrier,8535776
/vessels/details/1079163,LIHE1,Bulk Carrier,1079163
/vessels/details/1028451,ZHONGSHENG166,Deck Cargo Ship,1028451
/vessels/details/9590486,WAN DA 9,Bulk Carrier,9590486
/vessels/details/9581033,OUPULAI 18,Bulk Carrier,9581033
/vessels/details/9074705,HONG LI,Bulk Carrier,9074705
/vessels/details/9132650,VICTORIA 3,Bulk Carrier,9132650
/vessels/details/8531225,CHANG SHENG JI 7,General Cargo Ship,8531225
/vessels/details/9607605,HOANG ANH 01,Bulk Carrier,9607605
/vessels/details/9537056,SENTOSA,General Cargo Ship,9537056
/vessels/details/9506100,COMPADRE,Bulk Carrier,9506100
/vessels/details/9119660,BLPL TRUST,Container Ship,9119660
/vessels/details/9081019,SOL MALAYSIA,Container Ship,9081019
/vessels/details/9554705,AUTAI,Bulk Carrier,9554705
/vessels/details/9162411,JADE I,General Cargo Ship,9162411
/vessels/details/9431343,TRANSMAR ODYSSEY,Container Ship,9431343
/vessels/details/9227962,SOLITAIRE I,Bulk Carrier,9227962
/vessels/details/9197117,RIZABEY,Bulk Carrier,9197117
/vessels/details/7622041,ZEIN 1,Livestock Carrier,7622041
/vessels/details/9467146,ASTRUM APUS,General Cargo Ship,9467146
/vessels/details/1047263,HONG YONG LAN TIAN,Container Ship,1047263
/vessels/details/9140229,HAJ MOHAMAD,General Cargo Ship,9140229
/vessels/details/9122875,PEARL I,General Cargo Ship,9122875
/vessels/details/1116076,SUMMIT SINGAPORE,Container Ship,1116076
/vessels/details/9437191,MARSA IVY,Container Ship,9437191
/vessels/details/9643609,JUNO BRAVE,Bulk Carrier,9643609
/vessels/details/9639701,TAO TREASURE,Bulk Carrier,9639701
/vessels/details/9639696,TAO ACE,Bulk Carrier,9639696
/vessels/details/9487574,TAO MARINER,Bulk Carrier,9487574
/vessels/details/9487586,TAO BRAVE,Bulk Carrier,9487586
/vessels/details/9487562,TAO STAR,Bulk Carrier,9487562
/vessels/details/9202883,LOTUS LEADER,Vehicles Carrier,9202883
/vessels/details/9172301,ISEACO WISDOM,Container Ship,9172301
/vessels/details/9138147,ISEACO GENESIS,Container Ship,9138147
/vessels/details/9138161,AEGEAN EXPRESS,Container Ship,9138161
/vessels/details/9148544,KUO LUNG,Container Ship,9148544
/vessels/details/9138159,ISEACO FORTUNE,Container Ship,9138159
/vessels/details/1073028,KAIDAHONGZHOU,General Cargo Ship,1073028
/vessels/details/9370977,HOANG ANH 11,Bulk Carrier,9370977
/vessels/details/9317274,SAFETY OCEAN,Bulk Carrier,9317274
/vessels/details/9481623,PH GIANG MINH,Bulk Carrier,9481623
/vessels/details/9504944,MBEYA,General Cargo Ship,9504944
/vessels/details/9465722,PH MINH GIANG,Bulk Carrier,9465722
/vessels/details/9159440,LIAN YI DA 2 HAO,Bulk Carrier,9159440
/vessels/details/9152480,SHIMEI FORTUNE,Bulk Carrier,9152480
/vessels/details/9156759,BAO ANH,Bulk Carrier,9156759
/vessels/details/9156761,RIYAN STAR,Bulk Carrier,9156761
/vessels/details/9177985,DIAMOND STAR I,Bulk Carrier,9177985
/vessels/details/9190016,BAO YU,Bulk Carrier,9190016
/vessels/details/9198379,HELEN BULKER,Bulk Carrier,9198379
/vessels/details/9123702,BEREKET M,Bulk Carrier,9123702
/vessels/details/9177480,DINA OCEAN,Bulk Carrier,9177480
/vessels/details/9154854,TOLMIROS,Bulk Carrier,9154854
/vessels/details/9172105,CATIVERA,Bulk Carrier,9172105
/vessels/details/9154866,SPARROW,Bulk Carrier,9154866
/vessels/details/9177492,HARVEY WELL,Bulk Carrier,9177492
/vessels/details/9622734,PACIFIC COMRADE,Bulk Carrier,9622734
/vessels/details/9177973,NBA STAR,General Cargo Ship,9177973
/vessels/details/9119086,ACHILLEUS,Bulk Carrier,9119086
/vessels/details/9152478,MANASSA QUEEN,Bulk Carrier,9152478
/vessels/details/9114476,BOMUSTAFA O,Bulk Carrier,9114476
/vessels/details/9567726,YAMATO,Heavy Load Carrier,9567726
/vessels/details/9567714,YAMATAI,Heavy Load Carrier,9567714
/vessels/details/9205639,BMC CATHERINE,Bulk Carrier,9205639
/vessels/details/9223631,SEA BRAVE,Bulk Carrier,9223631
/vessels/details/9157416,MAESTRO 1,Bulk Carrier,9157416
/vessels/details/9569152,WAN HANG 2,Bulk Carrier,9569152
/vessels/details/9624902,ISUZU,General Cargo Ship,9624902
/vessels/details/9248928,MSC TIGER F,Container Ship,9248928
/vessels/details/9135468,NACC KINGDOM,Cement Carrier,9135468
/vessels/details/9549267,SAADET C,Bulk Carrier,9549267
/vessels/details/9194816,JUI HO,Cement Carrier,9194816
/vessels/details/8671362,UNITY GLORY,General Cargo Ship,8671362
/vessels/details/9415026,SUNNY CAMELLIA,General Cargo Ship,9415026
/vessels/details/9414979,SUNNY MOLLY,General Cargo Ship,9414979
/vessels/details/9890109,YDD LUCKY,Container Ship,9890109
/vessels/details/9414967,GENIUS ACE,General Cargo Ship,9414967
/vessels/details/9414981,IWAMI,General Cargo Ship,9414981
/vessels/details/9414955,SUNNY MARK,General Cargo Ship,9414955
/vessels/details/9164794,UMS-ARCTURUS,General Cargo Ship,9164794
/vessels/details/8656609,HOANG ANH 08,Bulk Carrier,8656609
/vessels/details/9153082,EASLINE LIANYUNGANG,Container Ship,9153082
/vessels/details/9153068,EASLINE YANTAI,Container Ship,9153068
/vessels/details/9988671,AOI,General Cargo Ship,9988671
/vessels/details/9153886,DA HUA,General Cargo Ship,9153886
/vessels/details/9153898,DA FU,General Cargo Ship,9153898
/vessels/details/1071630,EN YOU,Bulk Carrier,1071630
/vessels/details/1061635,FU MING 6,Bulk Carrier,1061635
/vessels/details/9084231,MERCURY,Bulk Carrier,9084231
/vessels/details/9229609,A HOUOU,Container Ship,9229609
/vessels/details/9255531,ESCADA,Container Ship,9255531
/vessels/details/9748966,XIN HUA YUAN,General Cargo Ship,9748966
/vessels/details/9300908,IBI,General Cargo Ship,9300908
/vessels/details/9300893,ISE,General Cargo Ship,9300893
/vessels/details/9300879,IYO,General Cargo Ship,9300879
/vessels/details/9300881,IKI,General Cargo Ship,9300881
/vessels/details/9503744,BEHCET C,Bulk Carrier,9503744
/vessels/details/9392080,INUYAMA,General Cargo Ship,9392080
/vessels/details/8655760,HUA YUN 1,Bulk Carrier,8655760
/vessels/details/8525587,GEELY,Bulk Carrier,8525587
/vessels/details/9602320,SHENG YUN LAI,Bulk Carrier,9602320
/vessels/details/9487500,GREAT HONOR,Bulk Carrier,9487500
/vessels/details/9412799,SITC RIZHAO,Container Ship,9412799
/vessels/details/9412804,ORIENTAL BRIGHT,Container Ship,9412804
/vessels/details/9521875,PEULLA,Bulk Carrier,9521875
/vessels/details/9152492,EMINENCE,Cement Carrier,9152492
/vessels/details/9935519,RUI LONG,Bulk Carrier,9935519
/vessels/details/9412866,TIDE CAPTAIN,Container Ship,9412866
/vessels/details/1089429,YU ZHENG 1,General Cargo Ship,1089429
/vessels/details/9241009,HE SHUN,Container Ship,9241009
/vessels/details/9276406,HF SPIRIT,Container Ship,9276406
/vessels/details/1065825,HAI FENG NENG JIAN,Deck Cargo Ship,1065825
/vessels/details/9891115,ORIENTAL MASTER,General Cargo Ship,9891115
/vessels/details/1068504,HUI FENG HAI26,Bulk Carrier,1068504
/vessels/details/9961386,SHENG JIE 16,Bulk Carrier,9961386
/vessels/details/9162435,PADIAN 3,Container Ship,9162435
/vessels/details/1034943,ORIENTAL PEACE,Bulk Carrier,1034943
/vessels/details/9841811,JK GUNJANG,Self Discharging Bulk Carrier,9841811
/vessels/details/1084077,DOLPHIN GLORY,Bulk Carrier,1084077
/vessels/details/9742417,FRANBO LOGIC,General Cargo Ship,9742417
/vessels/details/9742429,FRANBO LOHAS,General Cargo Ship,9742429
/vessels/details/9673197,HOSEI SAKURA,General Cargo Ship,9673197
/vessels/details/9673173,NORD LION,General Cargo Ship,9673173
/vessels/details/9742405,NORD LOGOS,General Cargo Ship,9742405
/vessels/details/9699957,NORD LING,General Cargo Ship,9699957
/vessels/details/9742390,NORD LOTUS,General Cargo Ship,9742390
/vessels/details/9896189,AJISAI,Bulk Carrier,9896189
/vessels/details/9873981,ORIENTAL ISLAND,Bulk Carrier,9873981
/vessels/details/9908308,SUNRISE SPRING,Bulk Carrier,9908308
/vessels/details/9883534,UNICORN,Bulk Carrier,9883534
/vessels/details/9883522,GRIFFIN,Bulk Carrier,9883522
/vessels/details/9913963,SUNRISE SUMMER,Bulk Carrier,9913963
/vessels/details/9873979,ORIENTAL HARBOR,Bulk Carrier,9873979
/vessels/details/9889693,RISING TIDE,Bulk Carrier,9889693
/vessels/details/9161211,INCHON TRADER,General Cargo Ship,9161211
/vessels/details/9161194,MAYYUN QASWARAH,General Cargo Ship,9161194
/vessels/details/9810733,HELIOS,Bulk Carrier,9810733
/vessels/details/9104263,RO QUEEN,Ro-Ro Cargo Ship,9104263
/vessels/details/9890745,WHERO,Refrigerated Cargo Ship,9890745
/vessels/details/9910167,KAKARIKI,Refrigerated Cargo Ship,9910167
/vessels/details/9882372,KOWHAI,Refrigerated Cargo Ship,9882372
/vessels/details/9223904,MSC SUN F,General Cargo Ship,9223904
/vessels/details/9190080,TJ ZARAR,General Cargo Ship,9190080
/vessels/details/9190119,MSC ADA F,General Cargo Ship,9190119
/vessels/details/9588433,HOANG ANH 05,Bulk Carrier,9588433
/vessels/details/9074913,DAREEN,Livestock Carrier,9074913
/vessels/details/9347047,BAO HE HAI,General Cargo Ship,9347047
/vessels/details/8029636,WESTERN CHARM,Bulk Carrier,8029636
/vessels/details/9641015,BZ LINHAI,Bulk Carrier,9641015
/vessels/details/1016628,KAI HANG 5,Container Ship,1016628
/vessels/details/9892949,KIFUNE,Heavy Load Carrier,9892949
/vessels/details/9892937,KATORI,Heavy Load Carrier,9892937
/vessels/details/9443114,ORIENTAL ACE,Bulk Carrier,9443114
/vessels/details/9614335,ORIENTAL CORE,Bulk Carrier,9614335
/vessels/details/9443138,ORIENTAL BEAUTY,Bulk Carrier,9443138
/vessels/details/9360283,MSC AUBE F,Container Ship,9360283
/vessels/details/9403841,MS MARIA,Bulk Carrier,9403841
/vessels/details/9354583,SUNNY FAITH,General Cargo Ship,9354583
/vessels/details/9333709,ZHIDA 6,General Cargo Ship,9333709
/vessels/details/9244087,JAGUAR 1,Bulk Carrier,9244087
/vessels/details/9229867,REK ROYAL,Bulk Carrier,9229867
/vessels/details/9229879,REK NOBLE,Bulk Carrier,9229879
/vessels/details/9379571,KAWA BUDAPEST,Container Ship,9379571
/vessels/details/9168245,SUMMIT XIAMEN,Container Ship,9168245
/vessels/details/9180968,MSC SHEILA F,General Cargo Ship,9180968
/vessels/details/9180956,GUANA,General Cargo Ship,9180956
/vessels/details/9628879,FAIRY ISLAND,Bulk Carrier,9628879
/vessels/details/1062964,SHENG HONG 12,Bulk Carrier,1062964
/vessels/details/9145645,ABILITY,General Cargo Ship,9145645
/vessels/details/8655227,FREE WILL,Bulk Carrier,8655227
/vessels/details/9839375,ASIAN FLOWER,General Cargo Ship,9839375
/vessels/details/8009076,GULF LIVESTOCK 2,Livestock Carrier,8009076
/vessels/details/9326342,NACC PROVIDENCE,Cement Carrier,9326342
/vessels/details/9373606,SIRIOS CEMENT III,Cement Carrier,9373606
/vessels/details/9203904,MSC BELLE,Container Ship,9203904
/vessels/details/9262895,JAWAN,Livestock Carrier,9262895
/vessels/details/9164017,H ORCA,General Cargo Ship,9164017
/vessels/details/8357332,JI YUN 16,General Cargo Ship,8357332
/vessels/details/8357485,KAWA LIFT,General Cargo Ship,8357485
/vessels/details/9680891,CRYSTAL JADE,Bulk Carrier,9680891
/vessels/details/9672789,GEOPARK VENUS,Bulk Carrier,9672789
/vessels/details/9429730,JOSE LEONARDO CHIRINOS,General Cargo Ship,9429730
/vessels/details/9154270,ALGRACE,General Cargo Ship,9154270
/vessels/details/9154282,KEMET STAR,General Cargo Ship,9154282
/vessels/details/9413066,SAPIENZA,General Cargo Ship,9413066
/vessels/details/9413078,LADY HATICE,General Cargo Ship,9413078
/vessels/details/9326316,HOANG ANH 02,Bulk Carrier,9326316
/vessels/details/9397717,NHK FORTUNE,Bulk Carrier,9397717
/vessels/details/1105106,JC DALIAN,General Cargo Ship,1105106
/vessels/details/9309679,BMC PANDORA,Bulk Carrier,9309679
/vessels/details/9354064,OCEAN SKY,Bulk Carrier,9354064
/vessels/details/8671116,TIAN FU 2,Container Ship,8671116
/vessels/details/9131955,MINCHAH,Ro-Ro Cargo Ship,9131955
/vessels/details/9131967,PTOLEMY,Vehicles Carrier,9131967
/vessels/details/9549360,NYMPH,General Cargo Ship,9549360
/vessels/details/9570943,ENCORE,General Cargo Ship,9570943
/vessels/details/9585120,NAVI JENNY,General Cargo Ship,9585120
/vessels/details/9127071,DAHLIA,Bulk Carrier,9127071
/vessels/details/9228241,FANARIA,Bulk Carrier,9228241
/vessels/details/9985265,HUA XIN 5,General Cargo Ship,9985265
/vessels/details/9864875,ORIENTAL JETTY,General Cargo Ship,9864875
/vessels/details/9864851,ORIENTAL EMERALD,General Cargo Ship,9864851
/vessels/details/9894296,SEEDIQ BENEFIT,General Cargo Ship,9894296
/vessels/details/9864863,ORIENTAL FAME,General Cargo Ship,9864863
/vessels/details/9512587,NACC ANTIGUA,Cement Carrier,9512587
/vessels/details/9494864,CONFIDENCE,Cement Carrier,9494864
/vessels/details/9196319,SEA CRUISER 2,Vehicles Carrier,9196319
/vessels/details/1082421,JIN MING 16,Bulk Carrier,1082421
/vessels/details/1092608,PERFECT TRAVEL,Bulk Carrier,1092608
/vessels/details/9521899,ATA,Bulk Carrier,9521899
/vessels/details/9539391,MUROU,General Cargo Ship,9539391
/vessels/details/9403243,MURORAN,General Cargo Ship,9403243
/vessels/details/9116527,CHEER SKY,Cement Carrier,9116527
/vessels/details/9116515,NACC AFRICAN,Cement Carrier,9116515
/vessels/details/1069261,BAOYING GLORY,Deck Cargo Ship,1069261
/vessels/details/1059723,DS PROSPERITY,Bulk Carrier,1059723
/vessels/details/9118264,SAMENTHA,Bulk Carrier,9118264
/vessels/details/1059981,HE XIE FA ZHAN,General Cargo Ship,1059981
/vessels/details/9561605,LIGULAO,Vehicles Carrier,9561605
/vessels/details/9355109,ROYAL II,General Cargo Ship,9355109
/vessels/details/9355070,TRIUMPH OCEAN,General Cargo Ship,9355070
/vessels/details/9561617,PULAU TIOMAN,Vehicles Carrier,9561617
/vessels/details/9392066,PROSPECT OCEAN,General Cargo Ship,9392066
/vessels/details/9370563,ZAMBALES,Vehicles Carrier,9370563
/vessels/details/9139646,MEDKON LIA,Container Ship,9139646
/vessels/details/9070137,HE TAI,Refrigerated Cargo Ship,9070137
/vessels/details/9310795,MINDORO,Vehicles Carrier,9310795
/vessels/details/9540730,HOANG ANH,General Cargo Ship,9540730
/vessels/details/9116448,NACC INDIAN,Cement Carrier,9116448
/vessels/details/9318254,SOL FORTUNE,Container Ship,9318254
/vessels/details/9366469,MEDKON ANKA,Container Ship,9366469
/vessels/details/9322889,SOL PURPOSE,Container Ship,9322889
/vessels/details/9322865,SOL PROGRESS,Container Ship,9322865
/vessels/details/9322877,SOL STRIDE,Container Ship,9322877
/vessels/details/1020992,ZHONG CHUAN HAI YUN,General Cargo Ship,1020992
/vessels/details/1079759,HUAHAIZHIXING,General Cargo Ship,1079759
/vessels/details/1078822,DA YU ZHI KUN,General Cargo Ship,1078822
/vessels/details/9831531,CENTURY QUEEN,Bulk Carrier,9831531
/vessels/details/9757527,CENTURY GOLD,Bulk Carrier,9757527
/vessels/details/9726841,CENTURY EMERALD,Bulk Carrier,9726841
/vessels/details/9694854,VENTURE DREAM,Bulk Carrier,9694854
/vessels/details/9694866,CENTURY BRIGHT,Bulk Carrier,9694866
/vessels/details/9543897,WU YI SHAN,General Cargo Ship,9543897
/vessels/details/9491599,MEDKON GEM,Container Ship,9491599
/vessels/details/9391830,CD FORTUNE,Bulk Carrier,9391830
/vessels/details/9643726,DIRECTION SW,Bulk Carrier,9643726
/vessels/details/9401336,MATSUMAE,General Cargo Ship,9401336
/vessels/details/9401348,ALINEAT,General Cargo Ship,9401348
/vessels/details/9477672,MATSUSHIRO,General Cargo Ship,9477672
/vessels/details/9081679,FRIO HELLENIC,Refrigerated Cargo Ship,9081679
/vessels/details/9644744,KSL AMARA,General Cargo Ship,9644744
/vessels/details/9629407,ITX EHIME,Container Ship,9629407
/vessels/details/9172935,DL GINA,General Cargo Ship,9172935
/vessels/details/9614385,CENTURY ROYAL,Bulk Carrier,9614385
/vessels/details/9580211,EMINE AKAY,Bulk Carrier,9580211
/vessels/details/9843015,OCEAN BENEFIT,General Cargo Ship,9843015
/vessels/details/9855692,RUKAI BENEFIT,General Cargo Ship,9855692
/vessels/details/9606974,ATAYAL MARINER,Bulk Carrier,9606974
/vessels/details/9643611,ATAYAL ACE,Bulk Carrier,9643611
/vessels/details/9606962,ATAYAL STAR,Bulk Carrier,9606962
/vessels/details/9351804,CHS COLOMBO,Container Ship,9351804
/vessels/details/9345910,HT CAMELLIA,Container Ship,9345910
/vessels/details/9780706,MAHO CORAL,General Cargo Ship,9780706
/vessels/details/9656541,SIDER COLOMBIA,General Cargo Ship,9656541
/vessels/details/9728849,SIDER TAYRONA,General Cargo Ship,9728849
/vessels/details/9656553,SIDER MOMPOX,General Cargo Ship,9656553
/vessels/details/9431109,PHC HONESTY,Bulk Carrier,9431109
/vessels/details/9846225,PACIFIC BIRD,General Cargo Ship,9846225
/vessels/details/9978353,SAKURA CORAL,General Cargo Ship,9978353
/vessels/details/9607590,ATAYAL BRAVE,Bulk Carrier,9607590
/vessels/details/9803106,SUN UNITY,General Cargo Ship,9803106
/vessels/details/9561629,TAIKLI,General Cargo Ship,9561629
/vessels/details/9561643,GRANDE FORTUNA,General Cargo Ship,9561643
/vessels/details/9561631,ASIAN NAGA,General Cargo Ship,9561631
/vessels/details/9523574,ROSEMARY I,General Cargo Ship,9523574
/vessels/details/9325362,SATURN,General Cargo Ship,9325362
/vessels/details/9325374,STL HARVEST,General Cargo Ship,9325374
/vessels/details/9657571,KAMNIK,General Cargo Ship,9657571
/vessels/details/9347786,MEDKON MAX,Container Ship,9347786
/vessels/details/9308613,MEDKON FUN,Container Ship,9308613
/vessels/details/9370551,MARS,General Cargo Ship,9370551
/vessels/details/9523562,CLIO SPIRIT,General Cargo Ship,9523562
/vessels/details/9621716,LEGAZPI,General Cargo Ship,9621716
/vessels/details/9234991,QUEEN NM,Container Ship,9234991
/vessels/details/9319595,MEDKON PEP,Container Ship,9319595
/vessels/details/9308596,MEDKON ANA,Container Ship,9308596
/vessels/details/9347815,MEDKON SUN,Container Ship,9347815
/vessels/details/1018987,ZHOU SHUN 7,General Cargo Ship,1018987
/vessels/details/9561655,DIAMOND STAR,General Cargo Ship,9561655
/vessels/details/9906867,PACIFIC ISLAND,General Cargo Ship,9906867
/vessels/details/9233624,LADY SEMA,Bulk Carrier,9233624
/vessels/details/9227871,LADY AYSE,Bulk Carrier,9227871
/vessels/details/9366457,MEDKON PERLA,Container Ship,9366457
/vessels/details/9310575,TOCAYO,Bulk Carrier,9310575
/vessels/details/9831476,MISHIMA,General Cargo Ship,9831476
/vessels/details/9903982,SERENITY BLUE,General Cargo Ship,9903982
/vessels/details/9906271,VENUS STAR,General Cargo Ship,9906271
/vessels/details/9910911,SUNNY WIND,General Cargo Ship,9910911
/vessels/details/9869318,GRAND BLUE,General Cargo Ship,9869318
/vessels/details/9871567,BARI GOLD,General Cargo Ship,9871567
/vessels/details/9904390,BARI SILVER,General Cargo Ship,9904390
/vessels/details/9789506,GRACE ZEPHYR,General Cargo Ship,9789506
/vessels/details/9173355,GOLDEN SEA,Bulk Carrier,9173355
/vessels/details/9960954,POS GUANGZHOU,Container Ship,9960954
/vessels/details/9960942,POS QINGDAO,Container Ship,9960942
/vessels/details/9998298,BRAVE RUBY,General Cargo Ship,9998298
/vessels/details/9998303,BRAVE EMERALD,General Cargo Ship,9998303
/vessels/details/9370393,WHITE IVY,Bulk Carrier,9370393
/vessels/details/9803558,PACIFIC ROSE,General Cargo Ship,9803558
/vessels/details/9769635,PRECIOUS CORAL,General Cargo Ship,9769635
/vessels/details/9827164,PACIFIC BEAM,General Cargo Ship,9827164
/vessels/details/9754989,BRIGHT CORAL,General Cargo Ship,9754989
/vessels/details/9983267,ATHENA HOPE,General Cargo Ship,9983267
/vessels/details/9606663,SKYHIGH SW,General Cargo Ship,9606663
/vessels/details/9625437,COREBRIGHT OL,General Cargo Ship,9625437
/vessels/details/9729946,KITTY TIDE,General Cargo Ship,9729946
/vessels/details/9695705,EPOCH WIND,General Cargo Ship,9695705
/vessels/details/9172117,FORTUNE TRADE 1,Ro-Ro Cargo Ship,9172117
/vessels/details/8357071,AN RUN DA,Bulk Carrier,8357071
/vessels/details/9577599,FU HONG 18,Bulk Carrier,9577599
/vessels/details/9306249,MEDKON SIA,Container Ship,9306249
/vessels/details/9324954,MARSA VIRGO,Container Ship,9324954
/vessels/details/9330288,VIMC DIAMOND,Container Ship,9330288
/vessels/details/9403451,SAFESEA JANAKI,Container Ship,9403451
/vessels/details/9316098,HAMBURG TRADER,Container Ship,9316098
/vessels/details/9406829,ASTURIANO III,Container Ship,9406829
/vessels/details/9330264,MSC LEVANTE F,Container Ship,9330264
/vessels/details/9405100,TIGER GAUCHO,Container Ship,9405100
/vessels/details/9991745,QUEEN CORAL,General Cargo Ship,9991745
/vessels/details/1034498,OCEAN ECHO,General Cargo Ship,1034498
/vessels/details/9995777,ASIAN LILY,General Cargo Ship,9995777
/vessels/details/1034450,BRIGHT KING,General Cargo Ship,1034450
/vessels/details/9995789,BRIGHT QUEEN,General Cargo Ship,9995789
/vessels/details/9995791,TRINITY BLUE,General Cargo Ship,9995791
/vessels/details/9301562,SALGUEIRO,Container Ship,9301562
/vessels/details/9978078,ETERNAL RAJANG,General Cargo Ship,9978078
/vessels/details/9338307,MERATUS BINTAN,Container Ship,9338307
/vessels/details/9980667,BRIGHT OAK,General Cargo Ship,9980667
/vessels/details/9978066,APOLLO EIGHT,General Cargo Ship,9978066
/vessels/details/9965100,TROPICAL ORCHID,General Cargo Ship,9965100
/vessels/details/9973511,BRIGHT JACK,General Cargo Ship,9973511
/vessels/details/9956159,APOLLO FIRST,General Cargo Ship,9956159
/vessels/details/9434797,MEDKON ZOE,Container Ship,9434797
/vessels/details/9347956,MEDKON DON,Container Ship,9347956
/vessels/details/9910923,APOLLO GRACE,General Cargo Ship,9910923
/vessels/details/9937828,APOLLO SPLENDOR,General Cargo Ship,9937828
/vessels/details/9437206,MEDKON QUO,Container Ship,9437206
/vessels/details/9174775,JOURI,Livestock Carrier,9174775
/vessels/details/9883467,ORIENT KING,General Cargo Ship,9883467
/vessels/details/9894313,LORETTA,General Cargo Ship,9894313
/vessels/details/9959498,MANAMI CORAL,General Cargo Ship,9959498
/vessels/details/9894301,VENETTA,General Cargo Ship,9894301
/vessels/details/1014254,ARIETTA,General Cargo Ship,1014254
/vessels/details/9883479,TROPICAL SENTOSA,General Cargo Ship,9883479
/vessels/details/9952268,BAY PEACE,General Cargo Ship,9952268
/vessels/details/9952256,BAY HOPE,General Cargo Ship,9952256
/vessels/details/9958066,SKY IRIS,Container Ship,9958066
/vessels/details/9958078,SKY TIARA,Container Ship,9958078
/vessels/details/9364344,MEDKON NLG,Container Ship,9364344
/vessels/details/9364356,SAFESEA RAMA,Container Ship,9364356
/vessels/details/9956135,INFINITY BLUE,General Cargo Ship,9956135
/vessels/details/9965095,PACIFIC EAGLE,General Cargo Ship,9965095
/vessels/details/9998262,UNICORN OL,General Cargo Ship,9998262
/vessels/details/9369100,HIROMOTO,General Cargo Ship,9369100
/vessels/details/9433872,UNION GROW,General Cargo Ship,9433872
/vessels/details/9433858,SPLENDOR TAICHUNG,General Cargo Ship,9433858
/vessels/details/9469247,PT REWIN,General Cargo Ship,9469247
/vessels/details/9499955,KSL GOLDEN,General Cargo Ship,9499955
/vessels/details/9965681,ASIAN KIND,General Cargo Ship,9965681
/vessels/details/9989883,DENEB TWIN,General Cargo Ship,9989883
/vessels/details/9952206,APOLLO TWIN,General Cargo Ship,9952206
/vessels/details/9975741,ASIAN JUMP,General Cargo Ship,9975741
/vessels/details/9982988,CRUX TWIN,General Cargo Ship,9982988
/vessels/details/9779927,COSMIC ACE,General Cargo Ship,9779927
/vessels/details/9780275,COSMIC OAK,General Cargo Ship,9780275
/vessels/details/9780299,COSMIC POLARIS,General Cargo Ship,9780299
/vessels/details/9780287,COSMIC TIGER,General Cargo Ship,9780287
/vessels/details/1023712,ULTRA AGULHAS,General Cargo Ship,1023712
/vessels/details/1057543,ULTRA KUROSHIO,General Cargo Ship,1057543
/vessels/details/1038456,AN RUN DA 6,Bulk Carrier,1038456
/vessels/details/9319557,PROS HOPE,Container Ship,9319557
/vessels/details/9334985,MINAMOTO,General Cargo Ship,9334985
/vessels/details/9334997,NAGAMOTO,General Cargo Ship,9334997
/vessels/details/9669639,ITX HIGO,Container Ship,9669639
/vessels/details/9897236,ASIAN HAWK,General Cargo Ship,9897236
/vessels/details/9897212,PACIFIC BEAUTY,General Cargo Ship,9897212
/vessels/details/1082457,WAN YUAN 19,Bulk Carrier,1082457
/vessels/details/9369136,CLIO FORWARD,General Cargo Ship,9369136
/vessels/details/9309863,FUTURE OCEAN,General Cargo Ship,9309863
/vessels/details/9273014,BUNDU,Bulk Carrier,9273014
/vessels/details/9255256,ALJABRIYA,Bulk Carrier,9255256
/vessels/details/9316971,JC TREASURE,Bulk Carrier,9316971
/vessels/details/9748411,SUNNY LAVENDER,Container Ship,9748411
/vessels/details/9385207,TRAWIND VISION,Bulk Carrier,9385207
/vessels/details/9174763,ORCHID,Vehicles Carrier,9174763
/vessels/details/9383534,TEN JUPITER,Container Ship,9383534
/vessels/details/9045950,ZHONG XIE 8,Refrigerated Cargo Ship,9045950
/vessels/details/9640358,HOSEI LIBERTY,General Cargo Ship,9640358
/vessels/details/9587788,MITO,General Cargo Ship,9587788
/vessels/details/9601869,SHUNXIANG,General Cargo Ship,9601869
/vessels/details/1062689,HANTONG LUCKY,Bulk Carrier,1062689
/vessels/details/8670643,ORIENTAL PARALLEL,General Cargo Ship,8670643
/vessels/details/9354246,VAST OCEAN 7,General Cargo Ship,9354246
/vessels/details/9905497,NEWNEW MOON,Container Ship,9905497
/vessels/details/8357356,SUNNY 17,Bulk Carrier,8357356
/vessels/details/9354208,MIKAWA,General Cargo Ship,9354208
/vessels/details/8591615,NEWSTRIVER,Container Ship,8591615
/vessels/details/9595802,SKY FLOWER,Container Ship,9595802
/vessels/details/9543976,TOYO SHINE,General Cargo Ship,9543976
/vessels/details/9543926,HOSEI CROWN,General Cargo Ship,9543926
/vessels/details/9905679,XO LUCKY,Container Ship,9905679
/vessels/details/9543990,TOYO PEONY,General Cargo Ship,9543990
/vessels/details/9284673,HESTIA,General Cargo Ship,9284673
/vessels/details/9284661,VAST OCEAN 5,General Cargo Ship,9284661
/vessels/details/9079212,INTEGRADOR,Vehicles Carrier,9079212
/vessels/details/9392614,DE HAN NO.1,General Cargo Ship,9392614
/vessels/details/9477646,VENUS TRIUMPH,General Cargo Ship,9477646
/vessels/details/1078602,FORTUNE PROGRESS,Bulk Carrier,1078602
/vessels/details/9612478,WB JOURNEY,General Cargo Ship,9612478
/vessels/details/9542855,OCEAN SEAGULL,General Cargo Ship,9542855
/vessels/details/9363962,HF FORTUNE,Container Ship,9363962
/vessels/details/9356804,HF LUCKY,Container Ship,9356804
/vessels/details/9412751,LADY ROSEBAY,Refrigerated Cargo Ship,9412751
/vessels/details/9567348,TROPICAL BINTANG,General Cargo Ship,9567348
/vessels/details/9543263,HOSEI PEARL,General Cargo Ship,9543263
/vessels/details/9543275,GALAXY GLORY,General Cargo Ship,9543275
/vessels/details/9511351,JING CHANG,General Cargo Ship,9511351
/vessels/details/9347140,PRECIOUS OCEAN,General Cargo Ship,9347140
/vessels/details/9347126,KSL PALOMA,General Cargo Ship,9347126
/vessels/details/9347138,GRAND TAJIMA ONE,General Cargo Ship,9347138
/vessels/details/9542879,HOSEI FORTUNE,General Cargo Ship,9542879
/vessels/details/9430014,TROPICAL VENUS,General Cargo Ship,9430014
/vessels/details/9439436,BAYANI,General Cargo Ship,9439436
/vessels/details/9472684,UNION LUCK,General Cargo Ship,9472684
/vessels/details/9542893,TAKAPUNA,General Cargo Ship,9542893
/vessels/details/9542867,GENIUS STAR IX,General Cargo Ship,9542867
/vessels/details/9379856,EVER FELICITY,General Cargo Ship,9379856
/vessels/details/9379868,TRAWIND GLORY,General Cargo Ship,9379868
/vessels/details/9046368,FREESIA,Livestock Carrier,9046368
/vessels/details/9543914,KAISA,General Cargo Ship,9543914
/vessels/details/9339935,HORIZON 9,General Cargo Ship,9339935
/vessels/details/9911874,STRAITS CITY,Container Ship,9911874
/vessels/details/9961271,ANL TASMAN TRADER,Container Ship,9961271
/vessels/details/9962524,CMA CGM BLOSSOM,Container Ship,9962524
/vessels/details/9339923,TAI HANG SHAN,General Cargo Ship,9339923
/vessels/details/9311244,BOHWA QUANZHOU,General Cargo Ship,9311244
/vessels/details/9355044,LADY ROSEHIP,Refrigerated Cargo Ship,9355044
/vessels/details/9355032,LADY ROSE,Refrigerated Cargo Ship,9355032
/vessels/details/9412749,LADY ROSEBUD,Refrigerated Cargo Ship,9412749
/vessels/details/9293557,AYA 1,Container Ship,9293557
/vessels/details/9961544,ANL KIWI TRADER,Container Ship,9961544
/vessels/details/9961556,SMC COLUMBUS,Container Ship,9961556
/vessels/details/9961532,A GORYU,Container Ship,9961532
/vessels/details/9370109,LADY RUBINA,General Cargo Ship,9370109
/vessels/details/9367944,TRADEWIND,Container Ship,9367944
/vessels/details/9308053,SITC NAGOYA,Container Ship,9308053
/vessels/details/9331115,SITC HONGKONG,Container Ship,9331115
/vessels/details/9159804,HONEST 1,General Cargo Ship,9159804
/vessels/details/9147227,MSC SUPARNA F,Container Ship,9147227
/vessels/details/9370525,SABAHAT SONAY,General Cargo Ship,9370525
/vessels/details/9310202,NURI SONAY,General Cargo Ship,9310202
/vessels/details/9334313,SEVKETTIN SONAY,General Cargo Ship,9334313
/vessels/details/9665877,NAGATO,General Cargo Ship,9665877
/vessels/details/9665865,NARUTO,General Cargo Ship,9665865
/vessels/details/9675315,NANBU,General Cargo Ship,9675315
/vessels/details/9675327,NANIWA,General Cargo Ship,9675327
/vessels/details/9207572,AYA 2,Container Ship,9207572
/vessels/details/9154828,PACIFIC GRACE,Container Ship,9154828
/vessels/details/9197052,VEGA,Refrigerated Cargo Ship,9197052
/vessels/details/9172947,FRIO STAR,Refrigerated Cargo Ship,9172947
/vessels/details/9167796,ORIENTAL IRIS,Refrigerated Cargo Ship,9167796
/vessels/details/9331830,GRIT CEMENT IV,Cement Carrier,9331830
/vessels/details/1080863,DA YU ZHI JIAO,General Cargo Ship,1080863
/vessels/details/9404508,TANJONG PAGAR 1,Container Ship,9404508
/vessels/details/8744195,THAI BINH 89,General Cargo Ship,8744195
/vessels/details/9577575,LAN NING 17,Bulk Carrier,9577575
/vessels/details/9278935,QI XIA SHAN,General Cargo Ship,9278935
/vessels/details/9278947,JIA HONG,General Cargo Ship,9278947
/vessels/details/9240031,TREASURE OCEAN,General Cargo Ship,9240031
/vessels/details/9179995,UGR ISTANBUL,Vehicles Carrier,9179995
/vessels/details/9179983,ERK IZMIR,Vehicles Carrier,9179983
/vessels/details/8360705,LAIDE 56,General Cargo Ship,8360705
/vessels/details/9942641,INCESANTE,Ro-Ro Cargo Ship,9942641
/vessels/details/9730907,CSE BRAVERY EXPRESS,General Cargo Ship,9730907
/vessels/details/9730919,CSE WISDOM EXPRESS,General Cargo Ship,9730919
/vessels/details/9136228,BAL BOAN,Container Ship,9136228
/vessels/details/1054852,XIN HANG 9,General Cargo Ship,1054852
/vessels/details/8590960,ACE GOLD,General Cargo Ship,8590960
/vessels/details/8740072,HOANG ANH 06,General Cargo Ship,8740072
/vessels/details/7617125,ST EFREM,General Cargo Ship,7617125
/vessels/details/9581045,SEIYO GODDESS,General Cargo Ship,9581045
/vessels/details/9590022,JOYFUL SPIRIT,General Cargo Ship,9590022
/vessels/details/9607655,SILVER PEACE,General Cargo Ship,9607655
/vessels/details/9344162,SUNNY ROUTE,General Cargo Ship,9344162
/vessels/details/1047237,FU LONG SHENG,General Cargo Ship,1047237
/vessels/details/9151113,PROCYON,Refrigerated Cargo Ship,9151113
/vessels/details/8009040,LIANA N,Ro-Ro Cargo Ship,8009040
/vessels/details/9179555,ALASEHIR,General Cargo Ship,9179555
/vessels/details/9187485,HE YUAN 1,Container Ship,9187485
/vessels/details/9179464,RUN SHENG,Container Ship,9179464
/vessels/details/8593455,JI ZHE 1,General Cargo Ship,8593455
/vessels/details/9282376,XINGHE CENTURY,General Cargo Ship,9282376
/vessels/details/9303405,WB PROSPECT,General Cargo Ship,9303405
/vessels/details/9545637,CHANG LONG,General Cargo Ship,9545637
/vessels/details/9614402,JOYFUL RESOURCE,General Cargo Ship,9614402
/vessels/details/9614397,APOLLO LEADER,General Cargo Ship,9614397
/vessels/details/9247871,COSCO KIKU,Container Ship,9247871
/vessels/details/9152181,TAGANROGSKIY ZALIV,Refrigerated Cargo Ship,9152181
/vessels/details/9530620,XING GUANG 18,General Cargo Ship,9530620
/vessels/details/1080605,PEACEFUL WORLD,General Cargo Ship,1080605
/vessels/details/8911102,TRITON REEFER,Refrigerated Cargo Ship,8911102
/vessels/details/8822090,SUMATRA,Vehicles Carrier,8822090
/vessels/details/9232541,TOSEI MARU,General Cargo Ship,9232541
/vessels/details/9244312,AN TAI INTEGRITY,General Cargo Ship,9244312
/vessels/details/9601261,SUN BLUESPIRE,General Cargo Ship,9601261
/vessels/details/9594365,APOLLO TRIUMPH,General Cargo Ship,9594365
/vessels/details/9540728,VIOLET ACE,General Cargo Ship,9540728
/vessels/details/9589126,GOLDEN NOBLE,General Cargo Ship,9589126
/vessels/details/9449314,EVER VANTAGE,General Cargo Ship,9449314
/vessels/details/1073470,CHUANG XIN 6,Bulk Carrier,1073470
/vessels/details/9905485,TIAN EN2,General Cargo Ship,9905485
/vessels/details/1062859,TY XU RUI,Bulk Carrier,1062859
/vessels/details/9065405,SCHELDE HIGHWAY,Vehicles Carrier,9065405
/vessels/details/9065417,WESER HIGHWAY,Vehicles Carrier,9065417
/vessels/details/9354569,LI XIANG,General Cargo Ship,9354569
/vessels/details/9311232,XINGHE EXPRESS,General Cargo Ship,9311232
/vessels/details/9166821,JUPITER,General Cargo Ship,9166821
/vessels/details/9369174,CHANG YUN,General Cargo Ship,9369174
/vessels/details/9369124,BO SHI 58,General Cargo Ship,9369124
/vessels/details/9528536,HT UNITE,General Cargo Ship,9528536
/vessels/details/9459917,SEA NOBLE,General Cargo Ship,9459917
/vessels/details/9519597,ALAHAS,General Cargo Ship,9519597
/vessels/details/1045019,YAN GANG 2,General Cargo Ship,1045019
/vessels/details/9558581,MUHARREM DADAYLI,General Cargo Ship,9558581
/vessels/details/9220392,MAC DALIAN,General Cargo Ship,9220392
/vessels/details/9600217,SEAGULL VICTORY,General Cargo Ship,9600217
/vessels/details/9459448,MARIWIT,General Cargo Ship,9459448
/vessels/details/9276937,OCEANIC CONFIDENCE,General Cargo Ship,9276937
/vessels/details/9351933,BIGROLL KMC BEAUMONT,Heavy Load Carrier,9351933
/vessels/details/9194957,KANO REEFER,Refrigerated Cargo Ship,9194957
/vessels/details/9230294,LIZSTAR LUCKY,General Cargo Ship,9230294
/vessels/details/9519511,OCEAN DREAM,General Cargo Ship,9519511
/vessels/details/9315484,HN FORTUNE,General Cargo Ship,9315484
/vessels/details/9315472,EVER SUPERIOR,General Cargo Ship,9315472
/vessels/details/9503809,HOANG ANH 03,Bulk Carrier,9503809
/vessels/details/9519561,CHANG XIN,General Cargo Ship,9519561
/vessels/details/9290191,ZHIDA 1,General Cargo Ship,9290191
/vessels/details/9290206,HONOR WIN,General Cargo Ship,9290206
/vessels/details/9201712,AH EVER,General Cargo Ship,9201712
/vessels/details/9568457,HONG HAO,General Cargo Ship,9568457
/vessels/details/9007867,AYA M,Ro-Ro Cargo Ship,9007867
/vessels/details/9347633,ROYAL I,General Cargo Ship,9347633
/vessels/details/8356510,UNITE GLORY,General Cargo Ship,8356510
/vessels/details/9159024,TEACHER O,General Cargo Ship,9159024
/vessels/details/8656570,UNION GLORY 1,Bulk Carrier,8656570
/vessels/details/1115670,TENGYUAN29,Deck Cargo Ship,1115670
/vessels/details/9117820,JI YONG,Container Ship,9117820
/vessels/details/1100194,GOLD SEA,General Cargo Ship,1100194
/vessels/details/8606111,SEREF KURU,General Cargo Ship,8606111
/vessels/details/9283552,PHU THANH,General Cargo Ship,9283552
/vessels/details/9167502,UNIPOWER,General Cargo Ship,9167502
/vessels/details/8701387,GOODNESS 2,Livestock Carrier,8701387
/vessels/details/9377353,JING YE,Bulk Carrier,9377353
/vessels/details/1048205,HAI LONG FA ZHAN,General Cargo Ship,1048205
/vessels/details/1059979,HENG YANG 9,Container Ship,1059979
/vessels/details/9178654,PACIFIC VIOLET,Refrigerated Cargo Ship,9178654
/vessels/details/9124926,SUNNY LYNN,General Cargo Ship,9124926
/vessels/details/1063360,NICOLE 1,General Cargo Ship,1063360
/vessels/details/9602837,BAO LUCKY,Refrigerated Cargo Ship,9602837
/vessels/details/8914831,SANDY LANES,Ro-Ro Cargo Ship,8914831
/vessels/details/9177789,ERKUL S,General Cargo Ship,9177789
/vessels/details/9369083,BOSFOR,General Cargo Ship,9369083
/vessels/details/9119153,STEP FORWARD,General Cargo Ship,9119153
/vessels/details/9305958,WELL SAILING,General Cargo Ship,9305958
/vessels/details/9283605,ASIAN KATRA,General Cargo Ship,9283605
/vessels/details/9161833,ADVANTAGE,Cement Carrier,9161833
/vessels/details/9294965,AL UDEID,General Cargo Ship,9294965
/vessels/details/9294953,AL LUQTA,General Cargo Ship,9294953
/vessels/details/9320520,LADY LUCIANA,General Cargo Ship,9320520
/vessels/details/9320518,LADY VIVIANA,General Cargo Ship,9320518
/vessels/details/9321093,LADY VIOLETTA,General Cargo Ship,9321093
/vessels/details/9178094,AL AMAL,General Cargo Ship,9178094
/vessels/details/9473511,CREST CRANE,General Cargo Ship,9473511
/vessels/details/9524798,DK APOLLO,General Cargo Ship,9524798
/vessels/details/9473523,ASIAN FAVOUR,General Cargo Ship,9473523
/vessels/details/8357887,DS EXPRESS 178,Bulk Carrier,8357887
/vessels/details/9133757,PROPUS,General Cargo Ship,9133757
/vessels/details/9654476,LALUAN,General Cargo Ship,9654476
/vessels/details/9251157,KR CELEBES,Container Ship,9251157
/vessels/details/8357681,BLESS GOLD,General Cargo Ship,8357681
/vessels/details/1086685,TONG YUN 17,General Cargo Ship,1086685
/vessels/details/9205586,FORTUNE 9,General Cargo Ship,9205586
/vessels/details/9115030,VAST OCEAN 1,General Cargo Ship,9115030
/vessels/details/9651943,COREBEST OL,General Cargo Ship,9651943
/vessels/details/9258997,M.V. CELESTIA,General Cargo Ship,9258997
/vessels/details/9341976,MEDKON LUNA,Container Ship,9341976
/vessels/details/9341964,MEDKON CANAKKALE,Container Ship,9341964
/vessels/details/9492866,WOOYANG PRINCESS,General Cargo Ship,9492866
/vessels/details/9445241,OCEANIC FAITH,General Cargo Ship,9445241
/vessels/details/9412971,CD CHERRY,General Cargo Ship,9412971
/vessels/details/9258222,SERENE INGRID,General Cargo Ship,9258222
/vessels/details/9417048,SEIYO FORTUNE,General Cargo Ship,9417048
/vessels/details/9525429,BRIO FAITH,General Cargo Ship,9525429
/vessels/details/9454058,ELITE FAITH,General Cargo Ship,9454058
/vessels/details/9574365,CENA FAITH,General Cargo Ship,9574365
/vessels/details/9525417,FM PROSPERITY,General Cargo Ship,9525417
/vessels/details/9574377,DRACO FAITH,General Cargo Ship,9574377
/vessels/details/9480095,XH SPRING,General Cargo Ship,9480095
/vessels/details/9284403,AP QUEEN,General Cargo Ship,9284403
/vessels/details/9418884,OYSTER,Container Ship,9418884
/vessels/details/9350111,OCEAN ENERGY,General Cargo Ship,9350111
/vessels/details/9284398,LIMCO SILVER,General Cargo Ship,9284398
/vessels/details/9317183,TRUONG AN STAR,General Cargo Ship,9317183
/vessels/details/9282338,SAROS B,General Cargo Ship,9282338
/vessels/details/9224350,OCEAN BREEZE I,Container Ship,9224350
/vessels/details/9283150,HONOR BRIGHT,Container Ship,9283150
/vessels/details/9217163,UMS-ALBEDO,General Cargo Ship,9217163
/vessels/details/9172612,RUN LONG,Container Ship,9172612
/vessels/details/9172595,TI2 APPLE,Container Ship,9172595
/vessels/details/9404522,AZURE DOLPHIN,General Cargo Ship,9404522
/vessels/details/8708610,ZUBEYDE,Ro-Ro Cargo Ship,8708610
/vessels/details/1094230,ZHI YING CHANG SHUN,General Cargo Ship,1094230
/vessels/details/9983255,WIND BELL,General Cargo Ship,9983255
/vessels/details/1014199,WIND CORE,General Cargo Ship,1014199
/vessels/details/9510034,FRANBO PROGRESS,General Cargo Ship,9510034
/vessels/details/9512692,FRANBO PROSPECT,General Cargo Ship,9512692
/vessels/details/9387619,JET,General Cargo Ship,9387619
/vessels/details/9713038,ASHICO SYMPHONY,General Cargo Ship,9713038
/vessels/details/9775206,WINDS 3,General Cargo Ship,9775206
/vessels/details/9713026,ASHICO HARMONY,General Cargo Ship,9713026
/vessels/details/9072824,AVUNDA REEFER,Refrigerated Cargo Ship,9072824
/vessels/details/9499539,LIDER PERIHAN,Container Ship,9499539
/vessels/details/9462275,LIDER HALIL,Container Ship,9462275
/vessels/details/1108976,NICOLE 8,General Cargo Ship,1108976
/vessels/details/9106974,LADY JASMIN,General Cargo Ship,9106974
/vessels/details/9106986,LADY LEYLA,General Cargo Ship,9106986
/vessels/details/9310800,EVER CHAMPION,General Cargo Ship,9310800
/vessels/details/9317042,HAI DUONG 36,General Cargo Ship,9317042
/vessels/details/8741026,AN YANG,Container Ship,8741026
/vessels/details/9691187,ASAKAZE,General Cargo Ship,9691187
/vessels/details/9694878,PACIFIC HORSE,General Cargo Ship,9694878
/vessels/details/9109079,BLUE DIAMOND TK,Livestock Carrier,9109079
/vessels/details/9430040,MEDKON MERSIN,Container Ship,9430040
/vessels/details/9385441,MARWIN,Container Ship,9385441
/vessels/details/9385439,SUNWIN,Container Ship,9385439
/vessels/details/9616008,HAYABUSA,General Cargo Ship,9616008
/vessels/details/9037252,JI RUN,Container Ship,9037252
/vessels/details/9566239,DS PROSPERITY 7,General Cargo Ship,9566239
/vessels/details/9330147,TOYO HOPE,General Cargo Ship,9330147
/vessels/details/9354210,LIMCO HARMONY,General Cargo Ship,9354210
/vessels/details/9354193,HTP AMBER,General Cargo Ship,9354193
/vessels/details/9623192,BOHWA TSINGTAO,General Cargo Ship,9623192
/vessels/details/9595319,EARNEST CRANE,General Cargo Ship,9595319
/vessels/details/9589994,VW SAFETY,General Cargo Ship,9589994
/vessels/details/9509114,TRI FRIEND,General Cargo Ship,9509114
/vessels/details/9585584,GALAXY SKY,General Cargo Ship,9585584
/vessels/details/9797917,ORANGE ICE,Refrigerated Cargo Ship,9797917
/vessels/details/9342243,HAI DUONG 09,General Cargo Ship,9342243
/vessels/details/8420426,SEA WAVE 1,Ro-Ro Cargo Ship,8420426
/vessels/details/8200565,NORTH STAR 1,Livestock Carrier,8200565
/vessels/details/8200577,EXPRESS M,Livestock Carrier,8200577
/vessels/details/8716966,INDIGO I,Ro-Ro Cargo Ship,8716966
/vessels/details/9565871,GEMINI DREAM,General Cargo Ship,9565871
/vessels/details/9266310,ASIAN VICTORY,General Cargo Ship,9266310
/vessels/details/9383730,BALAT,General Cargo Ship,9383730
/vessels/details/8860444,SEA FUTURE,Refrigerated Cargo Ship,8860444
/vessels/details/9633836,PACIFIC STAR,General Cargo Ship,9633836
/vessels/details/9172703,FRIO AEGEAN,Refrigerated Cargo Ship,9172703
/vessels/details/9175274,SEA REEFER,Refrigerated Cargo Ship,9175274
/vessels/details/9363443,ORIENTAL LUNA,General Cargo Ship,9363443
/vessels/details/9370355,TD FORTUNE,General Cargo Ship,9370355
/vessels/details/9550931,UNION WIN,General Cargo Ship,9550931
/vessels/details/9540041,UZAY,Bulk Carrier,9540041
/vessels/details/9496666,MDC16,General Cargo Ship,9496666
/vessels/details/9390812,MEDKON NLS,Container Ship,9390812
/vessels/details/9522831,SPLENDOR KEELUNG,General Cargo Ship,9522831
/vessels/details/9496654,PHC GLORY,General Cargo Ship,9496654
/vessels/details/9318931,ORITA,Container Ship,9318931
/vessels/details/9522867,ASHICO VICTORIA,General Cargo Ship,9522867
/vessels/details/8591794,XING SHUN 25,General Cargo Ship,8591794
/vessels/details/9252826,HL HANNA,General Cargo Ship,9252826
/vessels/details/7203912,DORRAT JEDDAH,Ro-Ro Cargo Ship,7203912
/vessels/details/9264726,MEDKON LTF,Container Ship,9264726
/vessels/details/9261009,AN HAI STAR,General Cargo Ship,9261009
/vessels/details/9169859,GRACE PIONEER,General Cargo Ship,9169859
/vessels/details/9169861,GRACE MERCHANT,General Cargo Ship,9169861
/vessels/details/9886794,BOYANG CAPELLA,Refrigerated Cargo Ship,9886794
/vessels/details/9121015,VTB UNION,General Cargo Ship,9121015
/vessels/details/9851581,YACHIYO,Refrigerated Cargo Ship,9851581
/vessels/details/9851191,BOYANG BERING,Refrigerated Cargo Ship,9851191
/vessels/details/9851206,BOYANG ALASKA,Refrigerated Cargo Ship,9851206
/vessels/details/9108506,JI BAO,General Cargo Ship,9108506
/vessels/details/9428774,JOY X,General Cargo Ship,9428774
/vessels/details/9488645,PAN BOREAS,General Cargo Ship,9488645
/vessels/details/9345568,LIMCO GOLD,General Cargo Ship,9345568
/vessels/details/9366586,HUA PING,General Cargo Ship,9366586
/vessels/details/9666481,IBUKI,Refrigerated Cargo Ship,9666481
/vessels/details/9666493,CHIKUMA,Refrigerated Cargo Ship,9666493
/vessels/details/9553359,DONG CHANG,General Cargo Ship,9553359
/vessels/details/9556911,SEHER YAGCI,General Cargo Ship,9556911
/vessels/details/9142540,DONA BLE,General Cargo Ship,9142540
/vessels/details/9486271,CROWN GOLD,General Cargo Ship,9486271
/vessels/details/9504279,MPP IKONS,General Cargo Ship,9504279
/vessels/details/9467914,PRINCE GOLD,Bulk Carrier,9467914
/vessels/details/9276341,YASAR,Container Ship,9276341
/vessels/details/9305934,MEDKON SAMSUN,Container Ship,9305934
/vessels/details/9041540,HUA FU 207,Refrigerated Cargo Ship,9041540
/vessels/details/7903029,NEAMEH,Livestock Carrier,7903029
/vessels/details/9325673,BRILLIANT PROFIT,General Cargo Ship,9325673
/vessels/details/9158745,HONOR OCEAN,Container Ship,9158745
/vessels/details/9158757,HONOR VOYAGER,Container Ship,9158757
/vessels/details/9235488,ESEN,General Cargo Ship,9235488
/vessels/details/9235490,EBRU,General Cargo Ship,9235490
/vessels/details/9254276,HAPPY HERO,General Cargo Ship,9254276
/vessels/details/9272993,LIMCO SEOUL,General Cargo Ship,9272993
/vessels/details/9171395,IMMENSITY,General Cargo Ship,9171395
/vessels/details/9213210,ACQUA STELLA,General Cargo Ship,9213210
/vessels/details/9123805,JORDANIA,Container Ship,9123805
/vessels/details/9114347,MEDKON RIZE,General Cargo Ship,9114347
/vessels/details/9103350,MEDKON GEMLIK,General Cargo Ship,9103350
/vessels/details/9141742,SOL SHANGHAI,General Cargo Ship,9141742
/vessels/details/9103362,MEDKON SINOP,General Cargo Ship,9103362
/vessels/details/9103386,BFR,General Cargo Ship,9103386
/vessels/details/9103374,ASR,General Cargo Ship,9103374
/vessels/details/9242572,BANYAS 2,Container Ship,9242572
/vessels/details/9260990,DERYOUNG SUPERSTAR,General Cargo Ship,9260990
/vessels/details/9214977,PEGASUS 03,General Cargo Ship,9214977
/vessels/details/9902603,KIZUNA21,General Cargo Ship,9902603
/vessels/details/9301249,SPRING SYMPHONY,General Cargo Ship,9301249
/vessels/details/9210268,RED TITAN,General Cargo Ship,9210268
/vessels/details/8606197,MILBURN,Cement Carrier,8606197
/vessels/details/9181845,DK SUNRISE,General Cargo Ship,9181845
/vessels/details/9181819,PUMA 7,General Cargo Ship,9181819
/vessels/details/9344734,MAXIMUS-1,General Cargo Ship,9344734
/vessels/details/9037276,BEATA,General Cargo Ship,9037276
/vessels/details/8590702,HT SHATIAN,General Cargo Ship,8590702
/vessels/details/8357928,XING FU QUAN,General Cargo Ship,8357928
/vessels/details/9035072,WEBO 307,Refrigerated Cargo Ship,9035072
/vessels/details/9161883,SPECTER,General Cargo Ship,9161883
/vessels/details/9161869,AQUIS PERLA,Bulk Carrier,9161869
/vessels/details/8914312,MEHMET AGA,General Cargo Ship,8914312
/vessels/details/9159000,SEAHORSE,General Cargo Ship,9159000
/vessels/details/1037177,CHUN RONG 806,General Cargo Ship,1037177
/vessels/details/9123855,ESTRELLA CHARLENE,General Cargo Ship,9123855
/vessels/details/9004504,ARIA VIBE,General Cargo Ship,9004504
/vessels/details/9519377,AKDENIZ S,General Cargo Ship,9519377
/vessels/details/9381938,WHITE STAR,General Cargo Ship,9381938
/vessels/details/9312353,HAI LONG BRAVO,General Cargo Ship,9312353
/vessels/details/9146053,NECO K,Bulk Carrier,9146053
/vessels/details/9146118,SUVARI KAPTAN,Bulk Carrier,9146118
/vessels/details/9815886,MV AZALEA,Cement Carrier,9815886
/vessels/details/9312365,VW PEACE,General Cargo Ship,9312365
/vessels/details/9891098,MV CATTLEYA,Cement Carrier,9891098
/vessels/details/9078476,FRIO CARIBIC,Refrigerated Cargo Ship,9078476
/vessels/details/9545431,HOUEI VENUS,General Cargo Ship,9545431
/vessels/details/9205706,AMIR JOY,General Cargo Ship,9205706
/vessels/details/8918409,NOVA CORALIA,Cement Carrier,8918409
/vessels/details/9650949,TIBER RIVER,General Cargo Ship,9650949
/vessels/details/9631929,TANARO RIVER,General Cargo Ship,9631929
/vessels/details/9137856,C3 RUBICON,Cement Carrier,9137856
/vessels/details/9982603,YU CHANG 128,General Cargo Ship,9982603
/vessels/details/9144457,PRINCESS NABIHA,Ro-Ro Cargo Ship,9144457
/vessels/details/8745486,TONG CHENG 301,General Cargo Ship,8745486
/vessels/details/1059876,HARMONY 2,General Cargo Ship,1059876
/vessels/details/1059864,HARMONY 1,General Cargo Ship,1059864
/vessels/details/9665724,CY ARABIAN,Deck Cargo Ship,9665724
/vessels/details/9610834,TTP SUN,Bulk Carrier,9610834
/vessels/details/9513191,K.DADAYLI,General Cargo Ship,9513191
/vessels/details/1074905,ALIATTIN D,General Cargo Ship,1074905
/vessels/details/9580261,BALSA 85,General Cargo Ship,9580261
/vessels/details/9580273,BALSA 86,General Cargo Ship,9580273
/vessels/details/9800867,BALSA 95,General Cargo Ship,9800867
/vessels/details/9800879,BALSA 96,General Cargo Ship,9800879
/vessels/details/9800855,BALSA 94,General Cargo Ship,9800855
/vessels/details/9353462,BMC ALPHA,General Cargo Ship,9353462
/vessels/details/9616060,BALSA 92,General Cargo Ship,9616060
/vessels/details/9616034,BALSA 88,General Cargo Ship,9616034
/vessels/details/9616022,BALSA 87,General Cargo Ship,9616022
/vessels/details/9616046,BALSA 89,General Cargo Ship,9616046
/vessels/details/9616072,BALSA 93,General Cargo Ship,9616072
/vessels/details/9616058,BALSA 91,General Cargo Ship,9616058
/vessels/details/9438810,LIMCO LOGGER,General Cargo Ship,9438810
/vessels/details/9521887,MARE I,General Cargo Ship,9521887
/vessels/details/8590726,JIN HANG 89,General Cargo Ship,8590726
/vessels/details/9124689,WILMOT,Container Ship,9124689
/vessels/details/9800764,OCEAN SYMPHONY,General Cargo Ship,9800764
/vessels/details/9860829,OCEAN FORCE,General Cargo Ship,9860829
/vessels/details/8355164,DESCARTES,General Cargo Ship,8355164
/vessels/details/8872801,PRETTY NELLY,General Cargo Ship,8872801
/vessels/details/9956769,HONG TAI 626,Bulk Carrier,9956769
/vessels/details/9011038,YUN RUN 7,Refrigerated Cargo Ship,9011038
/vessels/details/9488126,SINO 5,General Cargo Ship,9488126
/vessels/details/9381421,FATIH,General Cargo Ship,9381421
/vessels/details/9306392,EYUP,General Cargo Ship,9306392
/vessels/details/9306328,IBRAHIM KONAN,General Cargo Ship,9306328
/vessels/details/9328675,VIET THUAN 56-05,Bulk Carrier,9328675
/vessels/details/9303039,CAPTAIN KARAM,Bulk Carrier,9303039
/vessels/details/9284300,SHEN LI,Bulk Carrier,9284300
/vessels/details/9478767,CAPT EUGENE,Bulk Carrier,9478767
/vessels/details/9331933,FUDA,Bulk Carrier,9331933
/vessels/details/9339430,NOBLE STEED,Bulk Carrier,9339430
/vessels/details/9331892,LILY RISING,Bulk Carrier,9331892
/vessels/details/9303003,MINXIN,Bulk Carrier,9303003
/vessels/details/9287998,JIA HE,Bulk Carrier,9287998
/vessels/details/9478872,GRAMPUS BRAVE,Bulk Carrier,9478872
/vessels/details/9478999,SANTA RITA,Bulk Carrier,9478999
/vessels/details/9438640,PVT DIAMOND,Bulk Carrier,9438640
/vessels/details/9478779,AZALEA RISING,Bulk Carrier,9478779
/vessels/details/9284245,HARVEST LEGACY,Bulk Carrier,9284245
/vessels/details/9311490,XIN LI,Bulk Carrier,9311490
/vessels/details/9331866,MING HUA,Bulk Carrier,9331866
/vessels/details/9282869,JIAFA,Bulk Carrier,9282869
/vessels/details/9254733,GUTIAN TRUST,Bulk Carrier,9254733
/vessels/details/9232175,JUNNING,Bulk Carrier,9232175
/vessels/details/9301146,BRIGHT OCEAN,Bulk Carrier,9301146
/vessels/details/9496886,HOUEI PHOENIX,Bulk Carrier,9496886
/vessels/details/9960710,ZHONG LIAN 8,Bulk Carrier,9960710
/vessels/details/9488499,KAAN DEVAL,Bulk Carrier,9488499
/vessels/details/9517331,HALISDEMIR,Bulk Carrier,9517331
/vessels/details/9621728,VSM STAR,Bulk Carrier,9621728
/vessels/details/9343065,MAYFAIR,Bulk Carrier,9343065
/vessels/details/8744183,HAOHENG 11,Bulk Carrier,8744183
/vessels/details/9396969,JIA YI,Bulk Carrier,9396969
/vessels/details/9554121,NISA SOFUOGLU,Bulk Carrier,9554121
/vessels/details/9152844,SALLY M,Bulk Carrier,9152844
/vessels/details/9982665,EMC FIRST,Bulk Carrier,9982665
/vessels/details/9673563,TONG RUN 7,Bulk Carrier,9673563
/vessels/details/9666728,JIAHE88,Bulk Carrier,9666728
/vessels/details/9378436,NAN XIANG,Bulk Carrier,9378436
/vessels/details/9402897,ST AURORA,Bulk Carrier,9402897
/vessels/details/9152234,PROPEL PROGRESS,Bulk Carrier,9152234
/vessels/details/9213569,LIAN XING,Bulk Carrier,9213569
/vessels/details/9916783,HONG TAI 216,Bulk Carrier,9916783
/vessels/details/1086350,BAO QIAO 77,Bulk Carrier,1086350
/vessels/details/9446518,CRYSTAL TIGER,Bulk Carrier,9446518
/vessels/details/9999826,FIRST CLASSIC,Bulk Carrier,9999826
/vessels/details/1122219,MARINE STAR 1,Bulk Carrier,1122219
/vessels/details/1129188,FAITH 2,Bulk Carrier,1129188
/vessels/details/1014395,AVALON TRADER,Bulk Carrier,1014395
/vessels/details/9872793,KONTA III,Bulk Carrier,9872793
/vessels/details/9147758,EN OCEAN,Bulk Carrier,9147758
/vessels/details/1049297,ARIES MOMIJI,Bulk Carrier,1049297
/vessels/details/8025161,PHUC HAI SUN,Bulk Carrier,8025161
/vessels/details/9844069,SEA GUAIBA,Bulk Carrier,9844069
/vessels/details/1060485,NORD EAGLE,Bulk Carrier,1060485
/vessels/details/9959761,DELIGHT DIVA,Bulk Carrier,9959761
/vessels/details/9952476,SKIATHOS,Bulk Carrier,9952476
/vessels/details/9193862,INLACO BRIGHT,Bulk Carrier,9193862
/vessels/details/9957191,OCEAN LUCKY,Bulk Carrier,9957191
/vessels/details/8671738,XING NING 56,Bulk Carrier,8671738
/vessels/details/1070179,ULTRA UNITY,Bulk Carrier,1070179
/vessels/details/9759991,EMPEROR PAMPERO,Bulk Carrier,9759991
/vessels/details/8598699,JI HANG 15,Bulk Carrier,8598699
/vessels/details/8536263,HE CHANG,Bulk Carrier,8536263
/vessels/details/1092218,EVER BLESSING,Bulk Carrier,1092218
/vessels/details/9761695,TENG DA,Bulk Carrier,9761695
/vessels/details/9841598,SM GEMINI2,Bulk Carrier,9841598
/vessels/details/8671702,HELENA GRACE,Bulk Carrier,8671702
/vessels/details/9979216,GOLDEN SAKURA,Bulk Carrier,9979216
/vessels/details/1093547,HARMONY13,Bulk Carrier,1093547
/vessels/details/1041984,KEN OLIVE,Bulk Carrier,1041984
/vessels/details/1033535,CANVASBACK,Bulk Carrier,1033535
/vessels/details/9646417,JULES GARNIER II,Bulk Carrier,9646417
/vessels/details/8530178,KONTA I,Bulk Carrier,8530178
/vessels/details/1047419,CAPTAIN PANAGIS,Bulk Carrier,1047419
/vessels/details/9874909,NEW PROMISE,Bulk Carrier,9874909
/vessels/details/1083102,TY LUCKY,Bulk Carrier,1083102
/vessels/details/1014292,PAIWAN BRAVE,Bulk Carrier,1014292
/vessels/details/9933078,BERGE GASHERBRUM,Bulk Carrier,9933078
/vessels/details/9968358,ROSANNA,Bulk Carrier,9968358
/vessels/details/9291341,MAPLE RISING,Bulk Carrier,9291341
/vessels/details/1084730,DS SUCCESS,Bulk Carrier,1084730
/vessels/details/9905825,RICH SEA,Bulk Carrier,9905825
/vessels/details/9161467,DE YUAN,Bulk Carrier,9161467
/vessels/details/9850123,WOOYANG EREBOR,Bulk Carrier,9850123
/vessels/details/9863431,WAN MING 1,Bulk Carrier,9863431
/vessels/details/9977555,HONOR SPRING,Bulk Carrier,9977555
/vessels/details/1056941,GREAT PANDA,Bulk Carrier,1056941
/vessels/details/1082706,HE SHENG SHUN 99,Bulk Carrier,1082706
/vessels/details/1036032,THEODORE VENIAMIS,Bulk Carrier,1036032
/vessels/details/1023607,OCEAN FAIRLADY,Bulk Carrier,1023607
/vessels/details/9991264,OMISHIMA,Bulk Carrier,9991264
/vessels/details/1069742,YONG DING HE,Bulk Carrier,1069742
/vessels/details/1015519,MAPLE ISLAND,Bulk Carrier,1015519
/vessels/details/9723904,SM DRAGON,Bulk Carrier,9723904
/vessels/details/1026972,METTLE STAR,Bulk Carrier,1026972
/vessels/details/9220718,TING JIANG,Bulk Carrier,9220718
/vessels/details/5082675,SHAO AN,Bulk Carrier,5082675
/vessels/details/9439034,ARES VENTURE,Bulk Carrier,9439034
/vessels/details/1026996,PALEXPO,Bulk Carrier,1026996
/vessels/details/9206009,VICSTAR,Self Discharging Bulk Carrier,9206009
/vessels/details/8357459,CHANG NING 8,Bulk Carrier,8357459
/vessels/details/1054199,SW SAPPHIRE,Bulk Carrier,1054199
/vessels/details/9116321,MASK,Bulk Carrier,9116321
/vessels/details/1034931,ORIENTAL NEPTUNE,Bulk Carrier,1034931
/vessels/details/9966867,AIN AL KASFAH,Bulk Carrier,9966867
/vessels/details/9964869,GOLDEN ISLAND,Bulk Carrier,9964869
/vessels/details/9635561,JIN NING 18,Bulk Carrier,9635561
/vessels/details/9978274,TRUONGMINH DREAM 01,Bulk Carrier,9978274
/vessels/details/1061946,HE DA HAI,Bulk Carrier,1061946
/vessels/details/9161742,MING YANG,Bulk Carrier,9161742
/vessels/details/1100144,HE SHENG DA,Bulk Carrier,1100144
/vessels/details/9903578,HE TAI TONG 6,Bulk Carrier,9903578
/vessels/details/8662531,CHANG TENG,Bulk Carrier,8662531
/vessels/details/9592446,AANYA,Bulk Carrier,9592446
/vessels/details/9451757,OJAS,Bulk Carrier,9451757
/vessels/details/9841366,SAO SABIA,Bulk Carrier,9841366
/vessels/details/9873967,ORIENTAL GULF II,Bulk Carrier,9873967
/vessels/details/1036549,RISOLUTO,Bulk Carrier,1036549
/vessels/details/1017775,YONGSHENG151,Bulk Carrier,1017775
/vessels/details/1035973,NORSE OGIJIMA,Bulk Carrier,1035973
/vessels/details/9844112,SEA ZHOUSHAN,Bulk Carrier,9844112
/vessels/details/9290244,ZW BONITA,Bulk Carrier,9290244
/vessels/details/8355994,RICH SPRING,Bulk Carrier,8355994
/vessels/details/8554980,MING TAI 8,Bulk Carrier,8554980
/vessels/details/9515553,HPC DREAM,Bulk Carrier,9515553
/vessels/details/8672500,LI HANG 5,Bulk Carrier,8672500
/vessels/details/1024534,KEN CITRUS,Bulk Carrier,1024534
/vessels/details/9976991,TRUONG MINH DREAM 06,Bulk Carrier,9976991
/vessels/details/8672574,TIAN CHENG,Bulk Carrier,8672574
/vessels/details/9965928,FRONTIER SPIRIT,Bulk Carrier,9965928
/vessels/details/1087067,LYNUX RETRIEVER,Bulk Carrier,1087067
/vessels/details/1057098,NORSE CONTINUATION,Bulk Carrier,1057098
/vessels/details/9989950,STAR EARENDEL,Bulk Carrier,9989950
/vessels/details/1079319,YUN HAI 316,Bulk Carrier,1079319
/vessels/details/1046958,KEN FOREST,Bulk Carrier,1046958
/vessels/details/1109322,DOLPHIN 103,Bulk Carrier,1109322
/vessels/details/9920083,SUNRISE AUTUMN,Bulk Carrier,9920083
/vessels/details/9982201,TRUONG MINH DREAM 02,Bulk Carrier,9982201
/vessels/details/1082433,JIN MING66,Bulk Carrier,1082433
/vessels/details/9451769,VIDYUT,Bulk Carrier,9451769
/vessels/details/1060758,MIGHTY 5,Bulk Carrier,1060758
/vessels/details/9614804,JC QINGDAO,Bulk Carrier,9614804
/vessels/details/1076563,MING YU 168,Bulk Carrier,1076563
/vessels/details/9643506,PACIFIC MARU,Bulk Carrier,9643506
/vessels/details/1057086,CORAL HALO,Bulk Carrier,1057086
/vessels/details/1036123,ULTRA SAN PEDRO,Bulk Carrier,1036123
/vessels/details/9187382,SHUN DA,Bulk Carrier,9187382
/vessels/details/9970222,NORSE IWASHI,Bulk Carrier,9970222
/vessels/details/1086336,HAIQI,Bulk Carrier,1086336
/vessels/details/1079383,HUI FENG HAI 16,Bulk Carrier,1079383
/vessels/details/9948516,HONG YI DA 9,Bulk Carrier,9948516
/vessels/details/8743567,VOYAGER NO.1,Bulk Carrier,8743567
/vessels/details/1036018,ULTRA OL,Bulk Carrier,1036018
/vessels/details/1028243,DALIAN COSCO KHI DE164,Bulk Carrier,1028243
/vessels/details/1035985,NORSE OZUKUMA,Bulk Carrier,1035985
/vessels/details/9999814,PETIT LANCY,Bulk Carrier,9999814
/vessels/details/8783969,TAI ZE XING 319,Bulk Carrier,8783969
/vessels/details/9882437,PAN EPIC,Bulk Carrier,9882437
/vessels/details/9700172,STELLAR YOUNG,Bulk Carrier,9700172
/vessels/details/9942160,CHISE,Bulk Carrier,9942160
/vessels/details/1072622,HENG YUAN 8,Bulk Carrier,1072622
/vessels/details/1083085,G HENG TAI 1,Bulk Carrier,1083085
/vessels/details/1085162,PENG FEI YING HAI,Bulk Carrier,1085162
/vessels/details/1063695,LI FA 2,Bulk Carrier,1063695
/vessels/details/1036006,ANGEL ISLAND,Bulk Carrier,1036006
/vessels/details/9310666,OCEAN WEALTH,Bulk Carrier,9310666
/vessels/details/9207429,MING LE 2,Bulk Carrier,9207429
/vessels/details/9754159,HAIZHOU GLORY,Bulk Carrier,9754159
/vessels/details/1024431,AFRICAN SANDPIPER,Bulk Carrier,1024431
/vessels/details/9869332,HL ECO,Bulk Carrier,9869332
/vessels/details/9969015,UM IMABARI,Bulk Carrier,9969015
/vessels/details/1069625,RONG HAI 1,Bulk Carrier,1069625
/vessels/details/9529097,FORTUNE BRIGHT,Bulk Carrier,9529097
/vessels/details/1034280,ASAGAO,Bulk Carrier,1034280
/vessels/details/1081099,TONG YUN 16,Bulk Carrier,1081099
/vessels/details/1021910,JIHANG56,Bulk Carrier,1021910
/vessels/details/1022122,HOANG ANH 09,Bulk Carrier,1022122
/vessels/details/9375769,YU ZHONG HAI,Bulk Carrier,9375769
/vessels/details/1107831,MAPLE JASPER,Bulk Carrier,1107831
/vessels/details/1026099,XIN JI 6,Bulk Carrier,1026099
/vessels/details/9976989,TRUONGMINH DREAM 05,Bulk Carrier,9976989
/vessels/details/9250309,EKOUO,Bulk Carrier,9250309
/vessels/details/1020784,BELLE CHANCE,Bulk Carrier,1020784
/vessels/details/9635559,XIN ZHOU 18,Bulk Carrier,9635559
/vessels/details/9603386,CAPE UNIVERSE,Bulk Carrier,9603386
/vessels/details/1113701,TONG YU,Bulk Carrier,1113701
/vessels/details/1110565,JIN HUA SHUN,Bulk Carrier,1110565
/vessels/details/1028188,NORD BAY,Bulk Carrier,1028188
/vessels/details/1060552,SAKURA BREEZE,Bulk Carrier,1060552
/vessels/details/9861407,TONQUIPEARL,Bulk Carrier,9861407
/vessels/details/1086829,TAI HE SPRING,Bulk Carrier,1086829
/vessels/details/9974084,FIRST FALCON,Bulk Carrier,9974084
/vessels/details/9410430,WINNING RESILIENCE,Bulk Carrier,9410430
/vessels/details/9380427,BMC ENDORA,Bulk Carrier,9380427
/vessels/details/9437282,BAOGANG SPIRIT,Bulk Carrier,9437282
/vessels/details/9339961,TUBARAO MARU,Bulk Carrier,9339961
/vessels/details/9964895,STAR THETIS,Bulk Carrier,9964895
/vessels/details/8538388,LI FA 3,Bulk Carrier,8538388
/vessels/details/1049273,ARIES MIZUKI,Bulk Carrier,1049273
/vessels/details/9609495,ENERGY PROMETHEUS,Bulk Carrier,9609495
/vessels/details/9606780,XIN HAI TONG 60,Bulk Carrier,9606780
/vessels/details/9923346,HONG TAI 616,Bulk Carrier,9923346
/vessels/details/9844100,SEA VICTORIA,Bulk Carrier,9844100
/vessels/details/9257412,GREAT WENHUI,Bulk Carrier,9257412
/vessels/details/1024443,NORSE SEQUEL,Bulk Carrier,1024443
/vessels/details/1057115,FEDERAL INTREPID,Bulk Carrier,1057115
/vessels/details/1057232,BELFORTUNE,Bulk Carrier,1057232
/vessels/details/9979345,BLOOM HALO,Bulk Carrier,9979345
/vessels/details/9845128,HL VENUS,Bulk Carrier,9845128
/vessels/details/7014309,RUN TONG 6,Bulk Carrier,7014309
/vessels/details/9261360,WAN MING FU QIANG,Bulk Carrier,9261360
/vessels/details/9335862,CHIYOTAMOU,Bulk Carrier,9335862
/vessels/details/1122697,KANG SHUN KUAI YUN,Bulk Carrier,1122697
/vessels/details/1076240,YUNFENG 7,Bulk Carrier,1076240
/vessels/details/8357100,HOANG HUY 79,Bulk Carrier,8357100
/vessels/details/1040825,JESSICA W,Bulk Carrier,1040825
/vessels/details/9882449,PAN FALCON,Bulk Carrier,9882449
/vessels/details/1082988,JIN ZHAO 25,Bulk Carrier,1082988
/vessels/details/9844083,SEA RIO DE JANEIRO,Bulk Carrier,9844083
/vessels/details/9343558,LIBRA PACIFIC,Bulk Carrier,9343558
/vessels/details/9931757,EVER SYMPHONY,Bulk Carrier,9931757
/vessels/details/9196802,GREAT WENMING,Bulk Carrier,9196802
/vessels/details/1017763,LILIAN TRADER,Bulk Carrier,1017763
/vessels/details/9972531,PAN RUBY,Bulk Carrier,9972531
/vessels/details/9132739,MOSHTARAKA 1,Bulk Carrier,9132739
/vessels/details/9841378,SAO TITAN,Bulk Carrier,9841378
/vessels/details/9985772,SANTA EMBLEY,Bulk Carrier,9985772
/vessels/details/9944704,HUA YU HAI 18,Bulk Carrier,9944704
/vessels/details/9339765,VALIANT WAVE,Bulk Carrier,9339765
/vessels/details/9979228,NORD BREMEN,Bulk Carrier,9979228
/vessels/details/8863604,TAIHAI 6,Bulk Carrier,8863604
/vessels/details/9375771,YU HUA HAI,Bulk Carrier,9375771
/vessels/details/9583457,JIN DE 5,Bulk Carrier,9583457
/vessels/details/8526244,QSC PINE,Bulk Carrier,8526244
/vessels/details/1033547,ONOMICHI 837,Bulk Carrier,1033547
/vessels/details/9342762,FICUS,Bulk Carrier,9342762
/vessels/details/1014371,PALADIN TRADER,Bulk Carrier,1014371
/vessels/details/1028205,NORD DELTA,Bulk Carrier,1028205
/vessels/details/9986233,ASAHI QUEEN,Bulk Carrier,9986233
/vessels/details/1091123,ES FUTURE,Bulk Carrier,1091123
/vessels/details/9964871,NORSE PROGRESS,Bulk Carrier,9964871
/vessels/details/1013690,TRINITY ISLAND,Bulk Carrier,1013690
/vessels/details/9970193,NORSE YOKOSHIMA,Bulk Carrier,9970193
/vessels/details/9378606,ORIENTAL PEARL,Bulk Carrier,9378606
/vessels/details/9520663,PM HAYABUSA,Bulk Carrier,9520663
/vessels/details/1050911,ZHONGCHUANCHANGQING,Bulk Carrier,1050911
/vessels/details/9748095,MINERAL HOKUSAI,Bulk Carrier,9748095
/vessels/details/1035961,BELLE NATURE,Bulk Carrier,1035961
/vessels/details/9500625,WINNING PEACE,Bulk Carrier,9500625
/vessels/details/9616943,SHENG FAN 6,Bulk Carrier,9616943
/vessels/details/1047093,MTR CHESSMASTER,Bulk Carrier,1047093
/vessels/details/8537774,JIANG XIA FU,Bulk Carrier,8537774
/vessels/details/9303936,KAIYO,Bulk Carrier,9303936
/vessels/details/1015765,GLOBAL FUTURE,Bulk Carrier,1015765
/vessels/details/9986221,NOZOMI QUEEN,Bulk Carrier,9986221
/vessels/details/9908293,SPRING TIDE,Bulk Carrier,9908293
/vessels/details/9082726,MERRY OCEAN,Bulk Carrier,9082726
/vessels/details/1024390,CAPE WISTERIA,Bulk Carrier,1024390
/vessels/details/1047407,CAPTAIN ANDREAS,Bulk Carrier,1047407
/vessels/details/8455067,FUSHENG19,Bulk Carrier,8455067
/vessels/details/1123299,BAI DE 99,Bulk Carrier,1123299
/vessels/details/9932206,HONG TAI 617,Bulk Carrier,9932206
/vessels/details/1050844,TJ PELICANS,Bulk Carrier,1050844
/vessels/details/9157351,TAI HO,Bulk Carrier,9157351
/vessels/details/9162992,APEX IRON,Bulk Carrier,9162992
/vessels/details/1048970,ANGELIC BREEZE,Bulk Carrier,1048970
/vessels/details/9982809,UM MINATO,Bulk Carrier,9982809
/vessels/details/8740979,XINGGUANG 11,Bulk Carrier,8740979
/vessels/details/8357631,DE LONG,Bulk Carrier,8357631
/vessels/details/1074383,XIN HONG XING 229,Bulk Carrier,1074383
/vessels/details/9913303,CRYSTAL WAVE,Bulk Carrier,9913303
/vessels/details/9254496,GRACE BALI,Bulk Carrier,9254496
/vessels/details/9767508,JUBILANT DREAM,Bulk Carrier,9767508
/vessels/details/9941984,PORT EVERGLADES,Bulk Carrier,9941984
/vessels/details/9986269,NORSE HONSHU,Bulk Carrier,9986269
/vessels/details/9723916,SM PUMA,Bulk Carrier,9723916
/vessels/details/9139995,OCEAN PROSPERITY,Bulk Carrier,9139995
/vessels/details/1109358,XIN HAI YUAN,Bulk Carrier,1109358
/vessels/details/1124786,SEA POSTMAN,Bulk Carrier,1124786
/vessels/details/9934943,RUBINA,Bulk Carrier,9934943
/vessels/details/1032012,NORSE FUNEN,Bulk Carrier,1032012
/vessels/details/8671776,BAO QIAO 66,Bulk Carrier,8671776
/vessels/details/9977816,BUNGO QUEEN,Bulk Carrier,9977816
/vessels/details/1049302,SHIN KURUSHIMA SANOYAS 1416,Bulk Carrier,1049302
/vessels/details/1081582,FUNENG 1,Bulk Carrier,1081582
/vessels/details/8593352,RUI EN 17,Bulk Carrier,8593352
/vessels/details/9513749,HL SAIJO,Bulk Carrier,9513749
/vessels/details/1057189,OBI ISLAND,Bulk Carrier,1057189
/vessels/details/9450234,WINNING PRIDE,Bulk Carrier,9450234
/vessels/details/9106730,PRINCESS SUZAN,Bulk Carrier,9106730
/vessels/details/9889681,ORIENTAL KING,Bulk Carrier,9889681
/vessels/details/9995492,EMC FAMILY,Bulk Carrier,9995492
/vessels/details/9989742,LUCKY QUEEN,Bulk Carrier,9989742
/vessels/details/1073913,RONG DE 5,Bulk Carrier,1073913
/vessels/details/8530283,KONTA II,Bulk Carrier,8530283
/vessels/details/9657416,JIU HUA ZHEN CHENG,Bulk Carrier,9657416
/vessels/details/1040837,DUCHESS MAGNOLIA,Bulk Carrier,1040837
/vessels/details/1116844,RICH LAND,Bulk Carrier,1116844
/vessels/details/9749881,CAPE ESPERANZA,Bulk Carrier,9749881
/vessels/details/1050856,SPRING CEFIRO,Bulk Carrier,1050856
/vessels/details/9923891,KAIQI,Bulk Carrier,9923891
/vessels/details/9520728,SHAGANGFIRST STAR,Bulk Carrier,9520728
/vessels/details/9989730,FIRST DELPHINUS,Bulk Carrier,9989730
/vessels/details/9223552,ERLIN,Bulk Carrier,9223552
/vessels/details/9898216,XIN RONG SHENG 69,Bulk Carrier,9898216
/vessels/details/1069493,HUAN HANG 69,Bulk Carrier,1069493
/vessels/details/9337107,SUNNY FARANAH,Bulk Carrier,9337107
/vessels/details/9974022,ROYAL STELLAR,Bulk Carrier,9974022
/vessels/details/9986946,OBE ODYSSEY,Bulk Carrier,9986946
/vessels/details/9956886,SEASON TRADER,Bulk Carrier,9956886
/vessels/details/9984522,QC PUNNY,Bulk Carrier,9984522
/vessels/details/9300374,YANG FAN,Bulk Carrier,9300374
/vessels/details/8671386,PHOENIX ZHONG YUN,Bulk Carrier,8671386
/vessels/details/1069601,SHUOLONG 19,Bulk Carrier,1069601
/vessels/details/9889306,AZUL TIERRA,Bulk Carrier,9889306
/vessels/details/1059436,ZHEN YANG DA,Bulk Carrier,1059436
/vessels/details/9621261,NSU MILESTONE,Bulk Carrier,9621261
/vessels/details/9986271,NORSE TESHIMA,Bulk Carrier,9986271
/vessels/details/9869344,HL GREEN,Bulk Carrier,9869344
/vessels/details/9480954,V PACIFIC,Bulk Carrier,9480954
/vessels/details/9529126,CHANG SHUN JING HAI,Bulk Carrier,9529126
/vessels/details/9979357,THERESA BRIGHT,Bulk Carrier,9979357
/vessels/details/9841354,SAO ROSE OF SHARON,Bulk Carrier,9841354
/vessels/details/9424235,YUNTONG,Bulk Carrier,9424235
/vessels/details/8672469,YUAN WANG FU QIANG,Bulk Carrier,8672469
/vessels/details/9989754,SAKURA QUEEN,Bulk Carrier,9989754
/vessels/details/8672641,TONG DE 56,Bulk Carrier,8672641
/vessels/details/9646194,DA TONG,Bulk Carrier,9646194
/vessels/details/9844071,SEA CAOFEIDIAN,Bulk Carrier,9844071
/vessels/details/9897535,DE XIN HAI 5,Bulk Carrier,9897535
/vessels/details/1023592,OCEAN ENDEAVOR,Bulk Carrier,1023592
/vessels/details/1028671,FIRST ACE,Bulk Carrier,1028671
/vessels/details/9908217,HOKULINK,Bulk Carrier,9908217
/vessels/details/9815305,SOC GLORY,Bulk Carrier,9815305
/vessels/details/1014125,FEDERAL INFINITY,Bulk Carrier,1014125
/vessels/details/8355530,ASHIMA,Bulk Carrier,8355530
/vessels/details/9650767,RAGA,Bulk Carrier,9650767
/vessels/details/9749879,CAPE HAYATOMO,Bulk Carrier,9749879
/vessels/details/9620437,GOLDEN SEA 01,Bulk Carrier,9620437
/vessels/details/9181039,GREAT WENKAI,Bulk Carrier,9181039
/vessels/details/1026879,INTELLIGENCE DIVA,Bulk Carrier,1026879
/vessels/details/1135905,ZHEN YU YONG SHENG,Bulk Carrier,1135905
/vessels/details/1080978,S LINE,Bulk Carrier,1080978
/vessels/details/9700835,ORANGE PHOENIX,Bulk Carrier,9700835
/vessels/details/1037907,XIANG LONG,Bulk Carrier,1037907
/vessels/details/1040813,THERESA BLISS,Bulk Carrier,1040813
/vessels/details/9488619,JIANGSU EASTERN 08C-01,Bulk Carrier,9488619
/vessels/details/8591249,PU SHENG 6,Bulk Carrier,8591249
/vessels/details/1028190,NORD COVE,Bulk Carrier,1028190
/vessels/details/1031812,BRAVE PIONEER,Bulk Carrier,1031812
/vessels/details/9415739,EM RUBY,Bulk Carrier,9415739
/vessels/details/1030923,NORSE MOMENTUM,Bulk Carrier,1030923
/vessels/details/1036056,NORSE EXPANSION,Bulk Carrier,1036056
/vessels/details/1028231,DALIAN CHUANQI 163,Bulk Carrier,1028231
/vessels/details/9841342,SAO QUIXOTE,Bulk Carrier,9841342
/vessels/details/1060320,TAI ZE XING 77,Bulk Carrier,1060320
/vessels/details/5167451,LIKE ONE,Bulk Carrier,5167451
/vessels/details/9565405,SKY HEIGHT,Bulk Carrier,9565405
/vessels/details/9409704,ASIAN JOY,General Cargo Ship,9409704
/vessels/details/9409699,ASIAN INFINITY,General Cargo Ship,9409699
/vessels/details/9488114,GUANGZHOU STAR,General Cargo Ship,9488114
/vessels/details/9045651,SUNDRY,General Cargo Ship,9045651
/vessels/details/9045728,YEBA,General Cargo Ship,9045728
/vessels/details/9116084,NOVACEM MEGA,General Cargo Ship,9116084
/vessels/details/9289867,GRAND CENTURY,General Cargo Ship,9289867
/vessels/details/9207338,GATE GOLD,General Cargo Ship,9207338
/vessels/details/9207340,FUTURE GOLD,General Cargo Ship,9207340
/vessels/details/9147863,GABRIELA H,General Cargo Ship,9147863
/vessels/details/8743579,MAO FENG 8,General Cargo Ship,8743579
/vessels/details/9412361,CITRINE,General Cargo Ship,9412361
/vessels/details/9902457,XIN RONG SHENG 15,General Cargo Ship,9902457
/vessels/details/9359612,ALBERO,General Cargo Ship,9359612
/vessels/details/9374387,SARDES,General Cargo Ship,9374387
/vessels/details/9611101,ORION 7,General Cargo Ship,9611101
/vessels/details/8972259,LEONID ZAYAKIN,General Cargo Ship,8972259
/vessels/details/8986389,YURIY POLTORATZKIY,General Cargo Ship,8986389
/vessels/details/8986365,GRIGORY MALOV,General Cargo Ship,8986365
/vessels/details/8972261,ALEKSANDR ANTONOV,General Cargo Ship,8972261
/vessels/details/1064869,FU HUI,General Cargo Ship,1064869
/vessels/details/8358154,FU YANG,General Cargo Ship,8358154
/vessels/details/1100730,UDE NOAH,General Cargo Ship,1100730
/vessels/details/8593077,NEPTUNE LINE,General Cargo Ship,8593077
/vessels/details/8949434,LEONID KHOTKIN,General Cargo Ship,8949434
/vessels/details/9610614,YUKSEL KARABEKIR,General Cargo Ship,9610614
/vessels/details/9421051,GUNCE AKAY,General Cargo Ship,9421051
/vessels/details/9408712,HAVVA KARABEKIR,General Cargo Ship,9408712
/vessels/details/9421087,HIKMET KARABEKIR,General Cargo Ship,9421087
/vessels/details/8989214,PETR HAMITOV,General Cargo Ship,8989214
/vessels/details/9094157,FEOFAN SHOKHIREV,General Cargo Ship,9094157
/vessels/details/9409754,RUKBAT STAR,General Cargo Ship,9409754
/vessels/details/9374090,ALGEDI STAR,General Cargo Ship,9374090
/vessels/details/8728828,QUEEN B II,General Cargo Ship,8728828
/vessels/details/8829294,NORTH MOON,General Cargo Ship,8829294
/vessels/details/8833881,RIVER STORM,General Cargo Ship,8833881
/vessels/details/9045687,ESRA NUR,General Cargo Ship,9045687
/vessels/details/9567257,MANIZALES,General Cargo Ship,9567257
/vessels/details/9567269,MURUETA,General Cargo Ship,9567269
/vessels/details/9567245,SALAMINA 1,General Cargo Ship,9567245
/vessels/details/8857772,ALENA,General Cargo Ship,8857772
/vessels/details/8876340,ALEXANDRA 1,General Cargo Ship,8876340
/vessels/details/9189718,AK PIONEER,General Cargo Ship,9189718
/vessels/details/9368601,RHINE RIVER,General Cargo Ship,9368601
/vessels/details/9368572,SHANNON RIVER,General Cargo Ship,9368572
/vessels/details/9368596,TAGUS RIVER,General Cargo Ship,9368596
/vessels/details/9368584,LOIRE RIVER,General Cargo Ship,9368584
/vessels/details/9368613,RHONE RIVER,General Cargo Ship,9368613
/vessels/details/9045699,LDR BEDEL,General Cargo Ship,9045699
/vessels/details/8720216,SHAMAN,General Cargo Ship,8720216
/vessels/details/8624280,UST ILIMSK,General Cargo Ship,8624280
/vessels/details/1040564,BRIGHT SUN,General Cargo Ship,1040564
/vessels/details/1040552,BRIGHT MOON,General Cargo Ship,1040552
/vessels/details/9008093,WAJIH H,General Cargo Ship,9008093
/vessels/details/8509703,SRAKANE,General Cargo Ship,8509703
/vessels/details/9425306,WOOYANG LEADER,General Cargo Ship,9425306
/vessels/details/9481726,EVER BLOOM,General Cargo Ship,9481726
/vessels/details/8358104,HONG JIA 21,General Cargo Ship,8358104
/vessels/details/9299109,MACONDO,General Cargo Ship,9299109
/vessels/details/9287443,PENSILVANIA,General Cargo Ship,9287443
/vessels/details/9343950,MUSTAFA SOFUOGLU,General Cargo Ship,9343950
/vessels/details/9237400,TORONEOS,General Cargo Ship,9237400
/vessels/details/9146912,LUCKY STAR 6,General Cargo Ship,9146912
/vessels/details/1062160,Z LINE,General Cargo Ship,1062160
/vessels/details/9387669,ATA 2,General Cargo Ship,9387669
/vessels/details/9457141,KS PROJECT,General Cargo Ship,9457141
/vessels/details/9633848,STELLA BEAUTY,General Cargo Ship,9633848
/vessels/details/9526849,GAO XIN 6,General Cargo Ship,9526849
/vessels/details/9801598,LUCKY ANNIE,General Cargo Ship,9801598
/vessels/details/9245079,SKY ALICE,General Cargo Ship,9245079
/vessels/details/9212448,STORM I,General Cargo Ship,9212448
/vessels/details/9155913,SKY TIME,General Cargo Ship,9155913
/vessels/details/9589217,HR PEARL,General Cargo Ship,9589217
/vessels/details/9509085,DS FLOURISH,General Cargo Ship,9509085
/vessels/details/9458107,DONG SHUN,General Cargo Ship,9458107
/vessels/details/8115576,MAR BIANCO,General Cargo Ship,8115576
/vessels/details/9507843,SCORPIO 11,General Cargo Ship,9507843
/vessels/details/9548665,FG SEVIL,General Cargo Ship,9548665
/vessels/details/9536301,MOONLIGHT,General Cargo Ship,9536301
/vessels/details/8591005,XIN YUAN 227,General Cargo Ship,8591005
/vessels/details/8653396,LAN NING 19,General Cargo Ship,8653396
/vessels/details/8100739,ITALIAN TRADER,General Cargo Ship,8100739
/vessels/details/9155901,BOSPHORUS QUEEN,General Cargo Ship,9155901
/vessels/details/9211107,ELEANORA,General Cargo Ship,9211107
/vessels/details/9212620,PROTEAS II,General Cargo Ship,9212620
/vessels/details/9136864,DERYA AYTEKIN,General Cargo Ship,9136864
/vessels/details/9136840,BAKAN,General Cargo Ship,9136840
/vessels/details/9560998,TTP 89,General Cargo Ship,9560998
/vessels/details/9136838,HATICE ANA,General Cargo Ship,9136838
/vessels/details/9163142,T-MED,General Cargo Ship,9163142
/vessels/details/9196486,ASIAN HARMONY,General Cargo Ship,9196486
/vessels/details/9196462,SKY BEAUTY,General Cargo Ship,9196462
/vessels/details/8682036,SEALLOYD ARC,General Cargo Ship,8682036
/vessels/details/9516557,AYA,General Cargo Ship,9516557
/vessels/details/8852033,FAVORI,General Cargo Ship,8852033
/vessels/details/9067582,LDR SAKINE,General Cargo Ship,9067582
/vessels/details/9391452,SUAT KARABEKIR,General Cargo Ship,9391452
/vessels/details/9158783,BAO HANG,General Cargo Ship,9158783
/vessels/details/8358996,SUCHAN,General Cargo Ship,8358996
/vessels/details/9368625,VENTUS,General Cargo Ship,9368625
/vessels/details/9946697,HOUEI EMBRACE,General Cargo Ship,9946697
/vessels/details/8866589,KYBELE,General Cargo Ship,8866589
/vessels/details/9420394,SANIYE IMAMOGLU,General Cargo Ship,9420394
/vessels/details/9437816,RIZE,General Cargo Ship,9437816
/vessels/details/9437842,SKYLINE S,General Cargo Ship,9437842
/vessels/details/9197686,EFES,General Cargo Ship,9197686
/vessels/details/8357930,BAO JIA 77,General Cargo Ship,8357930
/vessels/details/8201002,BON,General Cargo Ship,8201002
/vessels/details/8959178,VOLGODON 207,General Cargo Ship,8959178
/vessels/details/8986987,SOLIKAMSK,General Cargo Ship,8986987
/vessels/details/9014561,HACI HILMI-II,General Cargo Ship,9014561
/vessels/details/9168441,HAMMER,General Cargo Ship,9168441
/vessels/details/9007001,MARINE I,General Cargo Ship,9007001
/vessels/details/8844074,FAVORITE,General Cargo Ship,8844074
/vessels/details/9596911,SINCERE,General Cargo Ship,9596911
/vessels/details/9596923,GA HONG,General Cargo Ship,9596923
/vessels/details/9113044,MEDKON KRM,General Cargo Ship,9113044
/vessels/details/9143790,YAKOOT,General Cargo Ship,9143790
/vessels/details/9973729,HUA SHUN DA 8,General Cargo Ship,9973729
/vessels/details/9358759,ALI AKAY,General Cargo Ship,9358759
/vessels/details/8603547,SEA EXPLORER,General Cargo Ship,8603547
/vessels/details/9473975,SUN S,General Cargo Ship,9473975
/vessels/details/9452127,KEREM KARABEKIR,General Cargo Ship,9452127
/vessels/details/8866022,PLUTON,General Cargo Ship,8866022
/vessels/details/9373199,KENAN T,General Cargo Ship,9373199
/vessels/details/9075450,LADY HAYAT,General Cargo Ship,9075450
/vessels/details/9195913,BURAK,General Cargo Ship,9195913
/vessels/details/9148257,SVL HONDURAS,General Cargo Ship,9148257
/vessels/details/9125152,SEA WAVE 4,General Cargo Ship,9125152
/vessels/details/9053907,GAHURA,General Cargo Ship,9053907
/vessels/details/9572238,GY SAILING,General Cargo Ship,9572238
/vessels/details/9537599,TONG YUN,General Cargo Ship,9537599
/vessels/details/9540405,JI GUI,General Cargo Ship,9540405
/vessels/details/9538490,FU RUI,General Cargo Ship,9538490
/vessels/details/9375159,BLUE STAR I,General Cargo Ship,9375159
/vessels/details/8913332,AFER,General Cargo Ship,8913332
/vessels/details/9040948,RECEP KURU,General Cargo Ship,9040948
/vessels/details/8357564,CHANG RONG 11,General Cargo Ship,8357564
/vessels/details/9561693,MERMAID-1,General Cargo Ship,9561693
/vessels/details/9197480,LADY AYAN,General Cargo Ship,9197480
/vessels/details/9188946,LADY DARYA,General Cargo Ship,9188946
/vessels/details/8721466,TAYGA,General Cargo Ship,8721466
/vessels/details/8593613,XIN SHENG SHENG 8,General Cargo Ship,8593613
/vessels/details/9895135,HONG YANG 18,General Cargo Ship,9895135
/vessels/details/8356601,RUI YANG 8,General Cargo Ship,8356601
/vessels/details/9895147,HONG YANG 19,General Cargo Ship,9895147
/vessels/details/8721478,ULAN-UDE,General Cargo Ship,8721478
/vessels/details/8721519,SHELEKHOV,General Cargo Ship,8721519
/vessels/details/9819208,XIN HAI 799,General Cargo Ship,9819208
/vessels/details/8589911,MINH ANH 09,General Cargo Ship,8589911
/vessels/details/9344409,UNITY ONE,General Cargo Ship,9344409
/vessels/details/9542453,OCEAN STAR 6,General Cargo Ship,9542453
/vessels/details/9375290,CHE,General Cargo Ship,9375290
/vessels/details/8721507,ANGARSK,General Cargo Ship,8721507
/vessels/details/8359134,JI ZHE 7,General Cargo Ship,8359134
/vessels/details/9098696,ENVAR,General Cargo Ship,9098696
/vessels/details/9608570,MAXAN 8,General Cargo Ship,9608570
/vessels/details/9549621,SVS PATIENCE,General Cargo Ship,9549621
/vessels/details/9549645,SVS WARRIOR,General Cargo Ship,9549645
/vessels/details/9280122,GUNDEM SERRA,General Cargo Ship,9280122
/vessels/details/8590893,YUN QIAN,General Cargo Ship,8590893
/vessels/details/8358001,XIN SHENG SHENG 5,General Cargo Ship,8358001
/vessels/details/8591524,JINHUA 9,General Cargo Ship,8591524
/vessels/details/9947744,BAO YUE,General Cargo Ship,9947744
/vessels/details/8590166,GLORY STAR,General Cargo Ship,8590166
/vessels/details/8580757,WIN STAR,General Cargo Ship,8580757
/vessels/details/9506552,BLUEFISH,General Cargo Ship,9506552
/vessels/details/9508603,ERGE,General Cargo Ship,9508603
/vessels/details/9506576,ERLE,General Cargo Ship,9506576
/vessels/details/9506564,BONITA,General Cargo Ship,9506564
/vessels/details/9381940,FENER,General Cargo Ship,9381940
/vessels/details/9382827,METIN DADAYLI,General Cargo Ship,9382827
/vessels/details/1085708,MAIHE,Deck Cargo Ship,1085708
/vessels/details/9598907,DE PU,General Cargo Ship,9598907
/vessels/details/8357851,HAI DA77,General Cargo Ship,8357851
/vessels/details/8917417,T-MOON,General Cargo Ship,8917417
/vessels/details/8353609,BROTHER 66,General Cargo Ship,8353609
/vessels/details/8356027,TRITEXGLORY,General Cargo Ship,8356027
/vessels/details/9978717,GML PIONNER,General Cargo Ship,9978717
/vessels/details/9357822,SUPERNOVA,General Cargo Ship,9357822
/vessels/details/9578220,YONG SHENG VII,General Cargo Ship,9578220
/vessels/details/8842545,MEDAR,General Cargo Ship,8842545
/vessels/details/9603867,TONG CHENG 602,Deck Cargo Ship,9603867
/vessels/details/9352157,CELAL SAHIN,General Cargo Ship,9352157
/vessels/details/9173446,ARINA,General Cargo Ship,9173446
/vessels/details/9646807,KUN YI,General Cargo Ship,9646807
/vessels/details/9942809,ORBIT,General Cargo Ship,9942809
/vessels/details/8668509,CLIVIA,General Cargo Ship,8668509
/vessels/details/9520388,GUNDEM MAKBULE,General Cargo Ship,9520388
/vessels/details/8788957,NERIDA,General Cargo Ship,8788957
/vessels/details/8592982,SKOON A,General Cargo Ship,8592982
/vessels/details/1038133,SENHO AURORA,General Cargo Ship,1038133
/vessels/details/8747654,JIN YANG GUAN,General Cargo Ship,8747654
/vessels/details/8676570,XIN HAI 78,General Cargo Ship,8676570
/vessels/details/8721313,AMUR 2505,General Cargo Ship,8721313
/vessels/details/9395185,ZELIHA K,General Cargo Ship,9395185
/vessels/details/9424259,OGUZ SOFUOGLU,General Cargo Ship,9424259
/vessels/details/9319258,SOUTHERN ANGEL,General Cargo Ship,9319258
/vessels/details/9320635,LOTUS,General Cargo Ship,9320635
/vessels/details/1041611,JEFFERSON,Deck Cargo Ship,1041611
/vessels/details/9597288,YUSHO APRICOT,General Cargo Ship,9597288
/vessels/details/8656582,LILY 2,General Cargo Ship,8656582
/vessels/details/9352183,GUNDEM AZRA,General Cargo Ship,9352183
/vessels/details/9423619,SEIYO GROWTH,General Cargo Ship,9423619
/vessels/details/8648042,XINFENGHAI,General Cargo Ship,8648042
/vessels/details/9133367,UNZILE ANA,General Cargo Ship,9133367
/vessels/details/9135858,TURGUT SAHIN,General Cargo Ship,9135858
/vessels/details/9470038,YUSHO EIGHT,General Cargo Ship,9470038
/vessels/details/9361263,LADY NURGUL,General Cargo Ship,9361263
/vessels/details/9100164,SNOW,General Cargo Ship,9100164
/vessels/details/8841606,AVERSA,General Cargo Ship,8841606
/vessels/details/9105841,MEIKE,General Cargo Ship,9105841
/vessels/details/9080986,SUNA,General Cargo Ship,9080986
/vessels/details/9387126,FAHRIYE K,General Cargo Ship,9387126
/vessels/details/9395173,FAIRWIND,General Cargo Ship,9395173
/vessels/details/9420162,MUHSINE K,General Cargo Ship,9420162
/vessels/details/8812904,MV ROKHY,General Cargo Ship,8812904
/vessels/details/9379117,ZELEK STAR,General Cargo Ship,9379117
/vessels/details/9540601,SOFULAR 1,General Cargo Ship,9540601
/vessels/details/9127162,CARLOW,General Cargo Ship,9127162
/vessels/details/9015046,GLEN A,General Cargo Ship,9015046
/vessels/details/8506414,SEA LORD,General Cargo Ship,8506414
/vessels/details/9133355,HABIBE ANA,General Cargo Ship,9133355
/vessels/details/9130236,TC GRACE,General Cargo Ship,9130236
/vessels/details/9141376,DANCING QUEEN,General Cargo Ship,9141376
/vessels/details/9041124,UMIT G,General Cargo Ship,9041124
/vessels/details/9532123,DAITOMO 7,General Cargo Ship,9532123
/vessels/details/8003814,NIL DEMIR,General Cargo Ship,8003814
/vessels/details/9143269,SKY MARINE,General Cargo Ship,9143269
/vessels/details/9081344,MARATONA,General Cargo Ship,9081344
/vessels/details/8601680,URANUS III,Palletised Cargo Ship,8601680
/vessels/details/9389344,OMER SOFUOGLU,General Cargo Ship,9389344
/vessels/details/9581928,YU AN,General Cargo Ship,9581928
/vessels/details/9632076,YU SHUN,General Cargo Ship,9632076
/vessels/details/9486960,JIN SHUN,General Cargo Ship,9486960
/vessels/details/9507178,JIN HUA,General Cargo Ship,9507178
/vessels/details/9458676,JIN YANG,General Cargo Ship,9458676
/vessels/details/9411977,GOLDEN RAINBOW,General Cargo Ship,9411977
/vessels/details/9103740,CANKA,General Cargo Ship,9103740
/vessels/details/9379480,KIRK B,General Cargo Ship,9379480
/vessels/details/9354686,EVER SUNNY,General Cargo Ship,9354686
/vessels/details/9392028,AMWAJ KAROON NO. 1,General Cargo Ship,9392028
/vessels/details/9814648,WOOYANG CLOVER,General Cargo Ship,9814648
/vessels/details/9416355,JIAN RUI 7,General Cargo Ship,9416355
/vessels/details/8504234,BRIGITTE F,General Cargo Ship,8504234
/vessels/details/9085481,SEA BARON,General Cargo Ship,9085481
/vessels/details/9577018,JOYFUL SAILING,General Cargo Ship,9577018
/vessels/details/9280718,FREDERIKKE,General Cargo Ship,9280718
/vessels/details/9195248,BERNADA,General Cargo Ship,9195248
/vessels/details/9375862,CARMITA,General Cargo Ship,9375862
/vessels/details/9199153,MELBA,General Cargo Ship,9199153
/vessels/details/9418080,KEMAL KURU,General Cargo Ship,9418080
/vessels/details/9194854,ASELA,General Cargo Ship,9194854
/vessels/details/8728062,TOTOKHON,General Cargo Ship,8728062
/vessels/details/8841723,VOLGO-BALT 227,General Cargo Ship,8841723
/vessels/details/8230429,ARSHAN,General Cargo Ship,8230429
/vessels/details/9033842,BR FAIRY,General Cargo Ship,9033842
/vessels/details/9057264,BASSEL,General Cargo Ship,9057264
/vessels/details/9057252,BALTIYSKIY-202,General Cargo Ship,9057252
/vessels/details/9057240,JANA,General Cargo Ship,9057240
/vessels/details/8125155,DORUK,General Cargo Ship,8125155
/vessels/details/9033854,NORTHSTAR GLORY,General Cargo Ship,9033854
/vessels/details/9014949,DOA STORY,General Cargo Ship,9014949
/vessels/details/9280225,MUSTAFA HARMANDA,General Cargo Ship,9280225
/vessels/details/8651207,OCEANWIN 10,General Cargo Ship,8651207
/vessels/details/9184433,VON ADLER,General Cargo Ship,9184433
/vessels/details/7830911,PAVEL GRABOVSKIY,General Cargo Ship,7830911
/vessels/details/7942128,STEEL COUGAR,General Cargo Ship,7942128
/vessels/details/8230326,TULUN,General Cargo Ship,8230326
/vessels/details/9006344,SEVEN S,General Cargo Ship,9006344
/vessels/details/9006394,STEFANY,General Cargo Ship,9006394
/vessels/details/9006368,RUSADER,General Cargo Ship,9006368
/vessels/details/9006370,AMBASSADOR S,General Cargo Ship,9006370
/vessels/details/9171060,MV C.ENDEAVOUR,General Cargo Ship,9171060
/vessels/details/8582212,V LUCKY,General Cargo Ship,8582212
/vessels/details/9427548,DIMAIZO,General Cargo Ship,9427548
/vessels/details/8866682,UST-ORDA,General Cargo Ship,8866682
/vessels/details/9520247,YUSHO MERMAID 2,General Cargo Ship,9520247
/vessels/details/9564798,JENNY M,General Cargo Ship,9564798
/vessels/details/9014664,JANINE,General Cargo Ship,9014664
/vessels/details/9419876,HONGYUN BAOYUE,General Cargo Ship,9419876
/vessels/details/9148154,ESLEM,General Cargo Ship,9148154
/vessels/details/8889397,UST-KUT,General Cargo Ship,8889397
/vessels/details/9057329,MIKHAIL DUDIN,General Cargo Ship,9057329
/vessels/details/9416850,MV ANA N,General Cargo Ship,9416850
/vessels/details/9138769,SKY RANGER,General Cargo Ship,9138769
/vessels/details/8662361,HENG TONG 77,Deck Cargo Ship,8662361
/vessels/details/7325461,DURA BULK,General Cargo Ship,7325461
/vessels/details/8903052,WHARFE RIVER,General Cargo Ship,8903052
/vessels/details/8784846,TAI RAN,General Cargo Ship,8784846
/vessels/details/8332100,INANDI,General Cargo Ship,8332100
/vessels/details/9127980,POM,General Cargo Ship,9127980
/vessels/details/8504284,IVY1 .,General Cargo Ship,8504284
/vessels/details/9133513,TARANTO,General Cargo Ship,9133513
/vessels/details/8909185,SEABEE,General Cargo Ship,8909185
/vessels/details/8695693,V GLOBAL,General Cargo Ship,8695693
/vessels/details/9318278,YILMAZ DENIZ,General Cargo Ship,9318278
/vessels/details/9116034,SKY FEYZ,General Cargo Ship,9116034
/vessels/details/9365570,ES BRAVE,General Cargo Ship,9365570
/vessels/details/8997821,NOZOMI,General Cargo Ship,8997821
/vessels/details/9001124,DEDEM,General Cargo Ship,9001124
/vessels/details/8420672,IREM KARABEKIR,General Cargo Ship,8420672
/vessels/details/8680569,V GALAXY,General Cargo Ship,8680569
/vessels/details/9163532,MARA LAKE,General Cargo Ship,9163532
/vessels/details/7396642,CHALLENGER 1,General Cargo Ship,7396642
/vessels/details/9368182,AHMET CAN,General Cargo Ship,9368182
/vessels/details/9413353,SEIYO GLORY,General Cargo Ship,9413353
/vessels/details/9374870,FG ARZU,General Cargo Ship,9374870
/vessels/details/9569566,OCEAN WIN 6,General Cargo Ship,9569566
/vessels/details/8504272,QUATERDECIES,General Cargo Ship,8504272
/vessels/details/8223074,MARMARA PRINCESS,General Cargo Ship,8223074
/vessels/details/8104541,SARGAS,General Cargo Ship,8104541
/vessels/details/9041904,MV SF DILIGENCE,General Cargo Ship,9041904
/vessels/details/8027652,IRON TRADER,General Cargo Ship,8027652
/vessels/details/9133537,KLEDES MARY,General Cargo Ship,9133537
/vessels/details/8613358,MARILOU,General Cargo Ship,8613358
/vessels/details/9030230,FREBERG,General Cargo Ship,9030230
/vessels/details/9138757,MAY B,General Cargo Ship,9138757
/vessels/details/7924334,GULER ONE,General Cargo Ship,7924334
/vessels/details/9111553,KLAUSEN,General Cargo Ship,9111553
/vessels/details/9111541,RANIS,General Cargo Ship,9111541
/vessels/details/8222783,S HACIBEKIROGLU,General Cargo Ship,8222783
/vessels/details/8917869,ARTVIN,General Cargo Ship,8917869
/vessels/details/9250347,HIROAN,General Cargo Ship,9250347
/vessels/details/8773172,HAI LONG FA,General Cargo Ship,8773172
/vessels/details/8912481,COE MIEKE,General Cargo Ship,8912481
/vessels/details/9030498,VICTRESS,General Cargo Ship,9030498
/vessels/details/8952467,OYA II,General Cargo Ship,8952467
/vessels/details/8998540,SHORYU 1,General Cargo Ship,8998540
/vessels/details/8738225,JING YUAN,General Cargo Ship,8738225
/vessels/details/8731746,RUN KAI,General Cargo Ship,8731746
/vessels/details/9601376,JING HAO,General Cargo Ship,9601376
/vessels/details/9094250,JING ZE,General Cargo Ship,9094250
/vessels/details/8505642,TEMEL REIS,General Cargo Ship,8505642
/vessels/details/8801216,BETTY K VI,Palletised Cargo Ship,8801216
/vessels/details/7924401,COE KAETHE,General Cargo Ship,7924401
/vessels/details/8915718,CL1,General Cargo Ship,8915718
/vessels/details/7000669,AMBER EXPRESS,General Cargo Ship,7000669
/vessels/details/9217577,NACIYE K,General Cargo Ship,9217577
/vessels/details/9253442,DONA LUISA I,General Cargo Ship,9253442
/vessels/details/8777180,XIN LONG 11 HAO,Deck Cargo Ship,8777180
/vessels/details/8418667,ISKATEL-2,Deck Cargo Ship,8418667
/vessels/details/8324581,RIVER EREGLI,General Cargo Ship,8324581
/vessels/details/7923237,DON ANDRES I,Deck Cargo Ship,7923237
/vessels/details/9094664,RONG KAI,General Cargo Ship,9094664
/vessels/details/6405446,BEATRICE II,General Cargo Ship,6405446
/vessels/details/7652864,GRACE I,General Cargo Ship,7652864
/vessels/details/5120398,DORA,General Cargo Ship,5120398
/vessels/details/8984472,ORCA 3,General Cargo Ship,8984472
/vessels/details/8343161,BAO MA 283,Deck Cargo Ship,8343161
/vessels/details/5003772,MARIA P,General Cargo Ship,5003772
/vessels/details/5045304,MAREN C,General Cargo Ship,5045304
/vessels/details/1079266,SCORPIO 67,General Cargo Ship,1079266
/vessels/details/9545699,CHENG LU 21,General Cargo Ship,9545699
/vessels/details/7127974,ALDEBARAN V,General Cargo Ship,7127974
/vessels/details/1027354,GREEN OSHIMA,General Cargo Ship,1027354
/vessels/details/5387386,RAMORA BAY,General Cargo Ship,5387386
/vessels/details/1027366,GREEN NAGOYA,General Cargo Ship,1027366
/vessels/details/9995375,MI SHAN,General Cargo Ship,9995375
/vessels/details/9976252,DYNAWAY PIONEER,General Cargo Ship,9976252
/vessels/details/8591366,GUANG TONG 15,General Cargo Ship,8591366
/vessels/details/9398515,HOANG HUY 69,General Cargo Ship,9398515
/vessels/details/9788796,AMBORELLA,General Cargo Ship,9788796
/vessels/details/7102223,GOLDEN 1,General Cargo Ship,7102223
/vessels/details/1104487,NIXIN 86,General Cargo Ship,1104487
/vessels/details/9512446,SHORYU 3,General Cargo Ship,9512446
/vessels/details/1096616,GUANG TONG 33,General Cargo Ship,1096616
/vessels/details/8331912,SEA BIRD NO. 87,General Cargo Ship,8331912
/vessels/details/1030454,HAN HANG DA JIAN,Deck Cargo Ship,1030454
/vessels/details/9189720,BAO WANG,General Cargo Ship,9189720
/vessels/details/1071575,THRIVING I,General Cargo Ship,1071575
/vessels/details/1063671,QIAN RUN,General Cargo Ship,1063671
/vessels/details/7652319,DELA VIII,General Cargo Ship,7652319
/vessels/details/7120330,REEM,General Cargo Ship,7120330
/vessels/details/8910768,AMIR I,General Cargo Ship,8910768
/vessels/details/7396525,TSU CHANG,General Cargo Ship,7396525
/vessels/details/7361764,MANILA,General Cargo Ship,7361764
/vessels/details/9956484,TIAN EN 6,General Cargo Ship,9956484
/vessels/details/8844127,CITY OF TAGANROG,General Cargo Ship,8844127
/vessels/details/8029765,PROFIT,General Cargo Ship,8029765
/vessels/details/9602851,ZHIDA 2,General Cargo Ship,9602851
/vessels/details/1072103,YUAN RUI JI YUN,General Cargo Ship,1072103
/vessels/details/8946418,SIRPIFJORD,Deck Cargo Ship,8946418
/vessels/details/6608036,CRYSTAL II,General Cargo Ship,6608036
/vessels/details/1075624,HUAN YA 1,General Cargo Ship,1075624
/vessels/details/6602343,ALEX IV,General Cargo Ship,6602343
/vessels/details/9579963,CHEN GLORY 9,General Cargo Ship,9579963
/vessels/details/7104154,MANTENHA,General Cargo Ship,7104154
/vessels/details/6706498,AJWA,General Cargo Ship,6706498
/vessels/details/8740943,HAO HENG 8,General Cargo Ship,8740943
/vessels/details/7427790,MIRO,General Cargo Ship,7427790
/vessels/details/1052256,OCEANWIN GLORY,General Cargo Ship,1052256
/vessels/details/9340893,KSL LAKE HILL,General Cargo Ship,9340893
/vessels/details/9921817,GREAT WALL 5,Deck Cargo Ship,9921817
/vessels/details/7403940,HAI SHIOU SHAN,General Cargo Ship,7403940
/vessels/details/9980514,XIN SHENG SHENG 7,General Cargo Ship,9980514
/vessels/details/5106328,GISELA,General Cargo Ship,5106328
/vessels/details/1068059,RED FOREST,General Cargo Ship,1068059
/vessels/details/1079981,HUA MEI DA,Deck Cargo Ship,1079981
/vessels/details/1116179,TIAN YI HUIHUANG,Deck Cargo Ship,1116179
/vessels/details/5410315,TINA,General Cargo Ship,5410315
/vessels/details/5031315,SARAH II,General Cargo Ship,5031315
/vessels/details/1023229,HELENA RISING,General Cargo Ship,1023229
/vessels/details/8355645,H Y,Deck Cargo Ship,8355645
/vessels/details/9580259,BALSA 84,General Cargo Ship,9580259
/vessels/details/1105326,MARITRANS WISDOM,Deck Cargo Ship,1105326
/vessels/details/8591093,YONG SHENG 158,General Cargo Ship,8591093
/vessels/details/1113177,GREEN OWL,General Cargo Ship,1113177
/vessels/details/7406291,CELTIC VOYAGER,General Cargo Ship,7406291
/vessels/details/6812998,KAWTHAR,General Cargo Ship,6812998
/vessels/details/1125170,ELBE RIVER,General Cargo Ship,1125170
/vessels/details/9988231,YONG XIN 16,Deck Cargo Ship,9988231
/vessels/details/9800752,OCEAN HARMONY,General Cargo Ship,9800752
/vessels/details/8342973,YUE GONG PAO 8,Deck Cargo Ship,8342973
/vessels/details/9995765,AQUA BLUE,General Cargo Ship,9995765
/vessels/details/1080667,XING ZHONG HAI,General Cargo Ship,1080667
/vessels/details/5374248,HOPE II,General Cargo Ship,5374248
/vessels/details/8591586,XIN SHENG SHENG 3,General Cargo Ship,8591586
/vessels/details/5101914,ANITA,General Cargo Ship,5101914
/vessels/details/1068061,TONGYUN12,General Cargo Ship,1068061
/vessels/details/1096173,LANHAIFANGZHOU,General Cargo Ship,1096173
/vessels/details/1071006,SUNNY 68,General Cargo Ship,1071006
/vessels/details/8991932,JIE YUN 18,General Cargo Ship,8991932
/vessels/details/8357368,SUNNY 77,General Cargo Ship,8357368
/vessels/details/1037880,TALENT FIONA,Deck Cargo Ship,1037880
/vessels/details/7380100,NIKOULA,General Cargo Ship,7380100
/vessels/details/9931238,JIANGSU DAJIN DJHC6019,General Cargo Ship,9931238
/vessels/details/1097543,HUA ZHENG HAI YANG,General Cargo Ship,1097543
/vessels/details/1018523,HUA ZHENG HAI GANG,General Cargo Ship,1018523
/vessels/details/8360779,CHANG LIN,General Cargo Ship,8360779
/vessels/details/6405616,DAY OUT,General Cargo Ship,6405616
/vessels/details/5136309,ROVING SWAN,General Cargo Ship,5136309
/vessels/details/1043994,AN SHUN 977,General Cargo Ship,1043994
/vessels/details/1084390,EVER CONCORD,General Cargo Ship,1084390
/vessels/details/7927219,G. S. BUSAN,General Cargo Ship,7927219
/vessels/details/7119472,RAMADA I,General Cargo Ship,7119472
/vessels/details/1058676,JILONG777,Deck Cargo Ship,1058676
/vessels/details/8531108,SINOFAITHI,Deck Cargo Ship,8531108
/vessels/details/6505985,LUCKY SWALLOW,General Cargo Ship,6505985
/vessels/details/9832016,ZENITH GLORY,General Cargo Ship,9832016
/vessels/details/6600682,VIVEROS II,General Cargo Ship,6600682
/vessels/details/8972182,HAI LU 3,General Cargo Ship,8972182
/vessels/details/8963909,ST-7,General Cargo Ship,8963909
/vessels/details/1127245,FOREST GLORY,Deck Cargo Ship,1127245
/vessels/details/1059149,YI LI 1,General Cargo Ship,1059149
/vessels/details/9302293,RICH OCEAN,General Cargo Ship,9302293
/vessels/details/8402448,XING FU DA,General Cargo Ship,8402448
/vessels/details/1075923,XING LONG,General Cargo Ship,1075923
/vessels/details/8951633,AL TAYEB II,General Cargo Ship,8951633
/vessels/details/1114418,HAI FENG NENG YUAN,Deck Cargo Ship,1114418
/vessels/details/1110840,OCEANWIN 1,General Cargo Ship,1110840
/vessels/details/8110473,YI TAI,General Cargo Ship,8110473
/vessels/details/9096519,BATOUL 1,General Cargo Ship,9096519
/vessels/details/9947782,BAO XIN,General Cargo Ship,9947782
/vessels/details/8586983,OCEAN STAR 7,General Cargo Ship,8586983
/vessels/details/9988243,YONG XIN 08,Deck Cargo Ship,9988243
/vessels/details/9978286,KANG SHUN 88,General Cargo Ship,9978286
/vessels/details/8357992,HAI TIANLONG,General Cargo Ship,8357992
/vessels/details/9069645,BETSY ROSS,General Cargo Ship,9069645
/vessels/details/9789348,SI HANG YUN 6,Deck Cargo Ship,9789348
/vessels/details/1080265,JI ZHE 6,General Cargo Ship,1080265
/vessels/details/8111269,TAIS C,General Cargo Ship,8111269
/vessels/details/8675033,FUHANG 568,General Cargo Ship,8675033
/vessels/details/7026338,FU AN,General Cargo Ship,7026338
/vessels/details/9952244,GREEN RACCOON,General Cargo Ship,9952244
/vessels/details/1090260,LONG SHENG 17,General Cargo Ship,1090260
/vessels/details/7703780,OCEAN JADE,General Cargo Ship,7703780
/vessels/details/1020576,XIN LIN HAI 19,General Cargo Ship,1020576
/vessels/details/6907327,ZAINAB,General Cargo Ship,6907327
/vessels/details/9152363,GRAND MUSE,General Cargo Ship,9152363
/vessels/details/1036642,SANDUGA,General Cargo Ship,1036642
/vessels/details/8697158,SI HANG YUN 4,Deck Cargo Ship,8697158
/vessels/details/9998286,COSMO NOAH,General Cargo Ship,9998286
/vessels/details/9341005,DS PROSPER,General Cargo Ship,9341005
/vessels/details/6508652,LORENNA,General Cargo Ship,6508652
/vessels/details/8356986,BROTHER 16,General Cargo Ship,8356986
/vessels/details/1015806,HT GOLDEN,Deck Cargo Ship,1015806
/vessels/details/7649879,HOSHO MARU,General Cargo Ship,7649879
/vessels/details/1089170,FAITH 1,General Cargo Ship,1089170
/vessels/details/5299527,MARTHA,General Cargo Ship,5299527
/vessels/details/1085100,SHUN KAI LUN,General Cargo Ship,1085100
/vessels/details/8836015,RIO MBINI,General Cargo Ship,8836015
/vessels/details/6725066,ADONAI,General Cargo Ship,6725066
/vessels/details/8400866,AO YANG XI WANG,General Cargo Ship,8400866
/vessels/details/8536380,SINO HUAXI,Deck Cargo Ship,8536380
/vessels/details/6712760,NATHALIA V,General Cargo Ship,6712760
/vessels/details/8599796,JIZHE3,General Cargo Ship,8599796
/vessels/details/5115094,RAMAURICE,General Cargo Ship,5115094
/vessels/details/5023643,YICEL,General Cargo Ship,5023643
/vessels/details/9385790,VYSSOS,General Cargo Ship,9385790
/vessels/details/1021958,GAIN SPRING,General Cargo Ship,1021958
/vessels/details/5224247,ALLEGRO,General Cargo Ship,5224247
/vessels/details/8356144,XINHAI699,General Cargo Ship,8356144
/vessels/details/5063588,SEA STAR II,General Cargo Ship,5063588
/vessels/details/9094482,XI DE,General Cargo Ship,9094482
/vessels/details/7709394,OCEAN WIN,General Cargo Ship,7709394
/vessels/details/6602094,CAPT. L,General Cargo Ship,6602094
/vessels/details/9985007,XIN LIN HAI 17,General Cargo Ship,9985007
/vessels/details/8357978,RICH FORCE,General Cargo Ship,8357978
/vessels/details/7640304,BONVOY 88,General Cargo Ship,7640304
/vessels/details/1102972,PEACE GLORY,General Cargo Ship,1102972
/vessels/details/1087469,MARITRANS PEACE,Deck Cargo Ship,1087469
/vessels/details/8580525,SI HANG YUN 11,Deck Cargo Ship,8580525
/vessels/details/9384784,ASL STAR,General Cargo Ship,9384784
/vessels/details/9096351,KY ROAN,General Cargo Ship,9096351
/vessels/details/9612741,SEA BRIGHT,Deck Cargo Ship,9612741
/vessels/details/7042277,AMAN,General Cargo Ship,7042277
/vessels/details/8356015,SI HANG YUN 14,Deck Cargo Ship,8356015
/vessels/details/1129865,HT SUNNY,General Cargo Ship,1129865
/vessels/details/8357540,GANG TONG 16,General Cargo Ship,8357540
/vessels/details/1104865,LUCKY PANDA,General Cargo Ship,1104865
/vessels/details/1089687,SY SHANGHAI,General Cargo Ship,1089687
/vessels/details/5388055,AFRICAN TRADER,General Cargo Ship,5388055
/vessels/details/7012674,AL FULLQ 7,General Cargo Ship,7012674
/vessels/details/9982304,XIN LIN HAI 16,General Cargo Ship,9982304
/vessels/details/8100777,REGINA MED,General Cargo Ship,8100777
/vessels/details/1106227,DS VITALITY,General Cargo Ship,1106227
/vessels/details/7101009,VERONICA I,General Cargo Ship,7101009
/vessels/details/6615429,FALCON III,General Cargo Ship,6615429
/vessels/details/7015262,GATUN,General Cargo Ship,7015262
/vessels/details/8591287,ES VISION,General Cargo Ship,8591287
/vessels/details/8591251,SHUN CHI,General Cargo Ship,8591251
/vessels/details/1107776,NAIKAI INNOSHIMA 852,General Cargo Ship,1107776
/vessels/details/9715141,SI HANG YUN 2,Deck Cargo Ship,9715141
/vessels/details/1040978,HAI RUN SHENG DA,General Cargo Ship,1040978
/vessels/details/8355176,ADRIANA V,Deck Cargo Ship,8355176
/vessels/details/8999764,SKIP,General Cargo Ship,8999764
/vessels/details/1086013,ZL KUN,General Cargo Ship,1086013
/vessels/details/9801586,LUCKY ALICE,General Cargo Ship,9801586
/vessels/details/1020966,YONG JING,General Cargo Ship,1020966
/vessels/details/1100986,FORTUNE VICTORY,General Cargo Ship,1100986
/vessels/details/9160384,MANA OCEAN,General Cargo Ship,9160384
/vessels/details/7110921,ROMANO I,General Cargo Ship,7110921
/vessels/details/9546019,XIN XIANG HE,General Cargo Ship,9546019
/vessels/details/5223982,CONCEPTION,General Cargo Ship,5223982
/vessels/details/8599801,SINO GLORY,General Cargo Ship,8599801
/vessels/details/1126552,CPC CEMENT 5,General Cargo Ship,1126552
/vessels/details/1126394,NEW GLOBAL,Deck Cargo Ship,1126394
/vessels/details/8661367,FU DA 027,General Cargo Ship,8661367
/vessels/details/8951669,TAWAKKALI,General Cargo Ship,8951669
/vessels/details/9779422,DONG CHENG LAN TIAN,General Cargo Ship,9779422
/vessels/details/8327375,WATER IRON,General Cargo Ship,8327375
/vessels/details/1102740,JADE PROSPER,General Cargo Ship,1102740
/vessels/details/1100819,YUAN CHEN 87,General Cargo Ship,1100819
/vessels/details/8993992,CHU DONG 188,General Cargo Ship,8993992
/vessels/details/8655796,SAFEER AL HUSEIN,General Cargo Ship,8655796
/vessels/details/1122271,HAI HONG SHUN,General Cargo Ship,1122271
/vessels/details/5100532,CANDELA V,General Cargo Ship,5100532
/vessels/details/9420215,DONGNI,General Cargo Ship,9420215
/vessels/details/8973631,SHUN.XIANG,General Cargo Ship,8973631
/vessels/details/1037529,HT AMOY,Deck Cargo Ship,1037529
/vessels/details/7650581,TSU LIH,General Cargo Ship,7650581
/vessels/details/1105405,ZHONG YUAN SHUN,General Cargo Ship,1105405
/vessels/details/8921872,GUANG LIAN,General Cargo Ship,8921872
/vessels/details/7203247,VIGOROUS LUCK,General Cargo Ship,7203247
/vessels/details/1105493,XIN HAI 79,General Cargo Ship,1105493
/vessels/details/1040667,BIG DECK 1,Deck Cargo Ship,1040667
/vessels/details/1122673,DONG YUAN 16,General Cargo Ship,1122673
/vessels/details/9069451,OCEAN POWER,General Cargo Ship,9069451
/vessels/details/1037696,TROPICAL KAGAYAKI,General Cargo Ship,1037696
/vessels/details/1110577,MING QIANG XING,General Cargo Ship,1110577
/vessels/details/9977517,ALI 25,Deck Cargo Ship,9977517
/vessels/details/8358013,XIN SHENG SHENG 6,General Cargo Ship,8358013
/vessels/details/8844141,CITY OF TUMEN,General Cargo Ship,8844141
/vessels/details/8599825,YOULIAN QINGDAO,General Cargo Ship,8599825
/vessels/details/1126112,YUN HAI MIN SHENG,General Cargo Ship,1126112
/vessels/details/7025310,MOTHER WOOD,General Cargo Ship,7025310
/vessels/details/1021207,MV HENKE,General Cargo Ship,1021207
/vessels/details/1115979,KANG SHUN KUA YUE,General Cargo Ship,1115979
/vessels/details/7033331,ALJUSI,General Cargo Ship,7033331
/vessels/details/9521679,WINTON T28,General Cargo Ship,9521679
/vessels/details/1076185,LONG SHENG 16,General Cargo Ship,1076185
/vessels/details/5408685,SEALANE V,General Cargo Ship,5408685
/vessels/details/1066051,XIN LIN HAI 1,General Cargo Ship,1066051
/vessels/details/5091585,PANAGIOTIS I,General Cargo Ship,5091585
/vessels/details/1117410,JINHUA HOPE,General Cargo Ship,1117410
/vessels/details/1039278,HMM NARAE,General Cargo Ship,1039278
/vessels/details/9989871,LIMONE,General Cargo Ship,9989871
/vessels/details/8357394,BAI LI 3,General Cargo Ship,8357394
/vessels/details/5096509,GEORGIA,General Cargo Ship,5096509
/vessels/details/5063825,MISS NAUEL,General Cargo Ship,5063825
/vessels/details/9346328,ALLIANCE 9,General Cargo Ship,9346328
/vessels/details/1063504,HAI TENG 007,Deck Cargo Ship,1063504
/vessels/details/9743306,ZHONG YANG MEN,General Cargo Ship,9743306
/vessels/details/9974280,DS PROSPERITY 8,General Cargo Ship,9974280
/vessels/details/9919448,RONG YUE,General Cargo Ship,9919448
/vessels/details/7731426,TAI PING SHAN,General Cargo Ship,7731426
/vessels/details/1125895,BO RUN JIU ZHOU,General Cargo Ship,1125895
/vessels/details/8858001,CITY OF ATHENS,General Cargo Ship,8858001
/vessels/details/1047562,G LINE,General Cargo Ship,1047562
/vessels/details/9898280,OCEAN STAR 5,General Cargo Ship,9898280
/vessels/details/1125754,CPC CEMENT 6,General Cargo Ship,1125754
/vessels/details/9364887,ASIAN HONOR,General Cargo Ship,9364887
/vessels/details/1037634,EARTH TWIN,General Cargo Ship,1037634
/vessels/details/1114420,MARITRANS FAITH,Deck Cargo Ship,1114420
/vessels/details/9043146,SEDRA,General Cargo Ship,9043146
/vessels/details/9546758,YUN DA,General Cargo Ship,9546758
/vessels/details/7530561,THREE MOUNTAIN,General Cargo Ship,7530561
/vessels/details/7422532,LEVANTE,General Cargo Ship,7422532
/vessels/details/7018006,PACK ONE,General Cargo Ship,7018006
/vessels/details/7512818,LANVIN,General Cargo Ship,7512818
/vessels/details/1017012,XIN LIN HAI 6,General Cargo Ship,1017012
/vessels/details/8343159,ZHE PU 08528,Deck Cargo Ship,8343159
/vessels/details/1065992,BO RUN YONG LI,Deck Cargo Ship,1065992
/vessels/details/7625017,HAKKI CILLIOGLU,General Cargo Ship,7625017
/vessels/details/1117252,HE XIA 168,General Cargo Ship,1117252
/vessels/details/8660052,JIAN RUI 17,General Cargo Ship,8660052
/vessels/details/8358257,JIE TAI 8,General Cargo Ship,8358257
/vessels/details/8002054,AG BLESS,General Cargo Ship,8002054
/vessels/details/5222081,MARGRID I,General Cargo Ship,5222081
/vessels/details/6914796,BESTORE,General Cargo Ship,6914796
/vessels/details/9931240,JIANGSU DAJIN DJHC6020,General Cargo Ship,9931240
/vessels/details/1032505,GOLDEN CONCORD,General Cargo Ship,1032505
/vessels/details/8877461,TIN TIN,General Cargo Ship,8877461
/vessels/details/1064443,APOLLO 18,General Cargo Ship,1064443
/vessels/details/9531014,SCORPIO 68,General Cargo Ship,9531014
/vessels/details/8591330,XIN YUAN237,General Cargo Ship,8591330
/vessels/details/7850595,KINSEI MARU NO. 10,General Cargo Ship,7850595
/vessels/details/6916940,DEEP THUNDER,General Cargo Ship,6916940
/vessels/details/9748772,SAIKI 574,General Cargo Ship,9748772
/vessels/details/6703551,ESSCO PIONEER,General Cargo Ship,6703551
/vessels/details/7322627,SE HEUN,General Cargo Ship,7322627
/vessels/details/1052414,CHANG XIA,General Cargo Ship,1052414
/vessels/details/1065978,YA QING ZHI XING,Deck Cargo Ship,1065978
/vessels/details/9982225,GLORIETTA,General Cargo Ship,9982225
/vessels/details/1131088,DYNAWAY BRAVER,General Cargo Ship,1131088
/vessels/details/8876211,AL-MOLMEIN,General Cargo Ship,8876211
/vessels/details/9935179,GREAT WALL 9,Deck Cargo Ship,9935179
/vessels/details/1019553,KANG SHUN HUI HUANG,General Cargo Ship,1019553
/vessels/details/1083554,AN RUN DA 7,General Cargo Ship,1083554
/vessels/details/1060605,APOLLO 21,General Cargo Ship,1060605
/vessels/details/8356778,JIHANG27,General Cargo Ship,8356778
/vessels/details/8942773,FORTUNA MAS,General Cargo Ship,8942773
/vessels/details/7374931,BONSOON,General Cargo Ship,7374931
/vessels/details/1027378,GREEN YOKOHAMA,General Cargo Ship,1027378
/vessels/details/9145633,HAI KE 108,General Cargo Ship,9145633
/vessels/details/1095868,BAO LIAN,General Cargo Ship,1095868
/vessels/details/1128275,DS ACHIEVE,General Cargo Ship,1128275
/vessels/details/5308677,HENG HENG,General Cargo Ship,5308677
/vessels/details/1043463,ZHOU SHUN AN 2,General Cargo Ship,1043463
/vessels/details/8528981,MV PRICESS NINA 18,Deck Cargo Ship,8528981
/vessels/details/1087550,WIND 5,General Cargo Ship,1087550
/vessels/details/9396361,RAHGOSHA,General Cargo Ship,9396361
/vessels/details/9131254,HDX HONGYUAN,General Cargo Ship,9131254
/vessels/details/7348889,OCEAN STAR I,General Cargo Ship,7348889
/vessels/details/1045526,LAN HAI YUAN WANG,General Cargo Ship,1045526
/vessels/details/7205439,GREEN FIELD,General Cargo Ship,7205439
/vessels/details/5066346,CIMBER,General Cargo Ship,5066346
/vessels/details/1086324,JIULINGRONGCHUANG166,General Cargo Ship,1086324
/vessels/details/8841448,ROCK I,General Cargo Ship,8841448
/vessels/details/7200427,CECILIA B.,General Cargo Ship,7200427
/vessels/details/9108996,AYRIN,General Cargo Ship,9108996
/vessels/details/1063750,YUANCHEN77,General Cargo Ship,1063750
/vessels/details/7234519,DONNA I,General Cargo Ship,7234519
/vessels/details/9987897,YONG XIN 128,Deck Cargo Ship,9987897
/vessels/details/1059620,YONG HONG ZHOU,General Cargo Ship,1059620
/vessels/details/8591471,EN LONG,General Cargo Ship,8591471
/vessels/details/9973509,FU ZHI,General Cargo Ship,9973509
/vessels/details/9949039,BO YANG TUO ZHAN,General Cargo Ship,9949039
/vessels/details/9895159,FENG HOU 89,General Cargo Ship,9895159
/vessels/details/8580549,SI HANG YUN 9,Deck Cargo Ship,8580549
/vessels/details/9889150,OCTOBER DREAM,General Cargo Ship,9889150
/vessels/details/8961482,CAIFAS UNO,General Cargo Ship,8961482
/vessels/details/1125182,ONTARIO,General Cargo Ship,1125182
/vessels/details/8531251,NEWTHINKER,General Cargo Ship,8531251
/vessels/details/1059096,XINRONGSHENG 19,General Cargo Ship,1059096
/vessels/details/5411137,ISMAEL EXPRES,General Cargo Ship,5411137
/vessels/details/6805701,DE LA SALLE,General Cargo Ship,6805701
/vessels/details/1016757,XIN LIN HAI 18,General Cargo Ship,1016757
/vessels/details/9511363,UNION GLORY,General Cargo Ship,9511363
/vessels/details/5378440,VERAGUAS,General Cargo Ship,5378440
/vessels/details/8713354,BING HE 178,General Cargo Ship,8713354
/vessels/details/1088097,ZHONG HAI 777,Deck Cargo Ship,1088097
/vessels/details/5286398,VOLGA I,General Cargo Ship,5286398
/vessels/details/1062158,B LINE,General Cargo Ship,1062158
/vessels/details/9363431,APOLLO A,General Cargo Ship,9363431
/vessels/details/8591380,GAIN OCEAN,General Cargo Ship,8591380
/vessels/details/1072311,TONGJIUJINHAIYANG,Deck Cargo Ship,1072311
/vessels/details/7394929,QUEEN STAR,General Cargo Ship,7394929
/vessels/details/8672354,FUHANG 166,General Cargo Ship,8672354
/vessels/details/8356405,HENG HUI,General Cargo Ship,8356405
/vessels/details/6605345,SNARSUND,General Cargo Ship,6605345
/vessels/details/1085590,ZL PENG,General Cargo Ship,1085590
/vessels/details/1082835,ANDREA 8,General Cargo Ship,1082835
/vessels/details/1098626,JINGZHOUHAI,Deck Cargo Ship,1098626
/vessels/details/1104906,JIN SHUN 27,General Cargo Ship,1104906
/vessels/details/1105259,MARITRANS INTEGRITY,General Cargo Ship,1105259
/vessels/details/1062366,ZENITH ACE,General Cargo Ship,1062366
/vessels/details/9958444,APOLLO MARCH,General Cargo Ship,9958444
/vessels/details/5396583,COOKIE ZINGER,General Cargo Ship,5396583
/vessels/details/1076329,GRACE RORO,Deck Cargo Ship,1076329
/vessels/details/1105223,ZENITH OCEAN,General Cargo Ship,1105223
/vessels/details/9101584,MILESTONE,General Cargo Ship,9101584
/vessels/details/9863675,EMIN,General Cargo Ship,9863675
/vessels/details/7502033,OCEAN BLUE I,General Cargo Ship,7502033
/vessels/details/1114315,HUI FENG HAI 17,General Cargo Ship,1114315
/vessels/details/8011586,HENG HONG 1,General Cargo Ship,8011586
/vessels/details/1020851,EXPRESS STAR,General Cargo Ship,1020851
/vessels/details/9974060,HAN HAI 106,General Cargo Ship,9974060
/vessels/details/9540704,BAI DE 66,General Cargo Ship,9540704
/vessels/details/1088384,KANG SHUN 99,General Cargo Ship,1088384
/vessels/details/8342961,YUE GONG PAO 7,Deck Cargo Ship,8342961
/vessels/details/8580903,BAO ZHEN,General Cargo Ship,8580903
/vessels/details/7821661,K. B. PUSAN,General Cargo Ship,7821661
/vessels/details/9891103,ORIENTAL LUCK,General Cargo Ship,9891103
/vessels/details/6609896,SILVER BEACH,General Cargo Ship,6609896
/vessels/details/7906710,ALMEZAAN,General Cargo Ship,7906710
/vessels/details/7382809,ASTI,Palletised Cargo Ship,7382809
/vessels/details/5080031,ANIKA,General Cargo Ship,5080031
/vessels/details/8656879,KENNY,General Cargo Ship,8656879
/vessels/details/8950055,LADY DIANN,General Cargo Ship,8950055
/vessels/details/8671104,XIN LIAN CHANG,General Cargo Ship,8671104
/vessels/details/1126887,HUA HANG 777,Deck Cargo Ship,1126887
/vessels/details/8869995,SHANGHAI MARU NO. 23,General Cargo Ship,8869995
/vessels/details/1131466,ZHONG YI 69,Deck Cargo Ship,1131466
/vessels/details/9528419,YONG SHUN 8,General Cargo Ship,9528419
/vessels/details/1085215,HONG LI HAI YANG,General Cargo Ship,1085215
/vessels/details/8777128,CHENG FENG,General Cargo Ship,8777128
/vessels/details/8934051,JIAHONG,General Cargo Ship,8934051
/vessels/details/9552771,INANA 2,General Cargo Ship,9552771
/vessels/details/1051276,RICH FLOWER,General Cargo Ship,1051276
/vessels/details/7335557,SEIYO MARU NO. 2,General Cargo Ship,7335557
/vessels/details/1037165,CHUNRONG803,General Cargo Ship,1037165
/vessels/details/8840183,ILIA 12,General Cargo Ship,8840183
/vessels/details/9839387,MIDORI,General Cargo Ship,9839387
/vessels/details/9503859,WEILAN 1,General Cargo Ship,9503859
/vessels/details/1077610,HENG JI 168,Deck Cargo Ship,1077610
/vessels/details/1068011,XIN LING HANG 28,General Cargo Ship,1068011
/vessels/details/1073066,DA YU ZHI PENG,General Cargo Ship,1073066
/vessels/details/9530333,NAVI SUNNY,General Cargo Ship,9530333
/vessels/details/5069001,ANDREA I,General Cargo Ship,5069001
/vessels/details/1072476,SUNNY 72,General Cargo Ship,1072476
/vessels/details/9620293,MINH ANH 12,General Cargo Ship,9620293
/vessels/details/5338490,LANDRO,General Cargo Ship,5338490
/vessels/details/9966271,GLANZ CORAL,General Cargo Ship,9966271
/vessels/details/9715127,SI HANG YUN 3,Deck Cargo Ship,9715127
/vessels/details/7825057,UNIT NO. 1,General Cargo Ship,7825057
/vessels/details/9930246,EN TAI,General Cargo Ship,9930246
/vessels/details/8356003,SI HANG YUN 13,Deck Cargo Ship,8356003
/vessels/details/7413919,PAULINE,General Cargo Ship,7413919
/vessels/details/8591756,JIALI,General Cargo Ship,8591756
/vessels/details/7013628,GUATIFAY,General Cargo Ship,7013628
/vessels/details/8680557,EAGLE SPRING,General Cargo Ship,8680557
/vessels/details/1039292,HMM NAMU,General Cargo Ship,1039292
/vessels/details/9131266,JIN XING YUAN,General Cargo Ship,9131266
/vessels/details/8651219,HONG JIA 17,General Cargo Ship,8651219
/vessels/details/9970557,RONG HENG,General Cargo Ship,9970557
/vessels/details/8859677,WANIKIKI,General Cargo Ship,8859677
/vessels/details/6608672,AI BANG,General Cargo Ship,6608672
/vessels/details/8668157,YONG XIANG 8,Deck Cargo Ship,8668157
/vessels/details/7908469,TWO RIVERS,General Cargo Ship,7908469
/vessels/details/5271032,PHILOMAINE,General Cargo Ship,5271032
/vessels/details/1014149,SHIMANAMI ELEVEN,General Cargo Ship,1014149
/vessels/details/7221471,EL CASTRO,General Cargo Ship,7221471
/vessels/details/9145619,PRINCESS JHADEAH,General Cargo Ship,9145619
/vessels/details/1034474,SUN LIBERTY,General Cargo Ship,1034474
/vessels/details/1091563,ROYAL DREAM,General Cargo Ship,1091563
/vessels/details/5401314,MEKONG EXPRESS,General Cargo Ship,5401314
/vessels/details/1086453,ZENITH VICTORY,General Cargo Ship,1086453
/vessels/details/1069912,FU LU,General Cargo Ship,1069912
/vessels/details/1087471,MARITRANS GLORY,Deck Cargo Ship,1087471
/vessels/details/8595984,NILI88,Deck Cargo Ship,8595984
/vessels/details/1133206,AVA,General Cargo Ship,1133206
/vessels/details/8537073,HAI TAI,General Cargo Ship,8537073
/vessels/details/8594813,OCEAN STAR 9,General Cargo Ship,8594813
/vessels/details/1023700,ULTRA BENGUELA,General Cargo Ship,1023700
/vessels/details/7519933,LUCK SMOOTH,General Cargo Ship,7519933
/vessels/details/1104645,SHUN QIANG 7,General Cargo Ship,1104645
/vessels/details/8867258,CHIMERA,General Cargo Ship,8867258
/vessels/details/9937842,BARI DIAMOND,General Cargo Ship,9937842
/vessels/details/9984235,YUAN CHEN 67,General Cargo Ship,9984235
/vessels/details/1030167,MING XI HAI YANG,General Cargo Ship,1030167
/vessels/details/9602863,ZHIDA 3,General Cargo Ship,9602863
/vessels/details/9056909,KHERSONSKIY 6004,General Cargo Ship,9056909
/vessels/details/8110514,DONG RONG,General Cargo Ship,8110514
/vessels/details/9950478,RU YI HAI,General Cargo Ship,9950478
/vessels/details/1132939,KAI LONG FAN,Deck Cargo Ship,1132939
/vessels/details/9104665,JINHUA 11,General Cargo Ship,9104665
/vessels/details/5380479,DON ROGELIO I,General Cargo Ship,5380479
/vessels/details/8560587,JING SHUN 139,General Cargo Ship,8560587
/vessels/details/8001701,JI PING,General Cargo Ship,8001701
/vessels/details/7027162,INTERCARGO I,General Cargo Ship,7027162
/vessels/details/8938368,GREAT FORTUNE STAR,General Cargo Ship,8938368
/vessels/details/1014682,SUIFUN,Deck Cargo Ship,1014682
/vessels/details/8953100,LADY PATIENCE,General Cargo Ship,8953100
/vessels/details/1118153,HUA LONG,General Cargo Ship,1118153
/vessels/details/1063736,ZHOUSHUNAN 5,General Cargo Ship,1063736
/vessels/details/7223613,DONG SHENG,General Cargo Ship,7223613
/vessels/details/9921829,GREAT WALL 6,Deck Cargo Ship,9921829
/vessels/details/7007631,XIN DE,General Cargo Ship,7007631
/vessels/details/8591768,YU BANG228,General Cargo Ship,8591768
/vessels/details/7734375,LADY CARMEL,General Cargo Ship,7734375
/vessels/details/5236886,BOBBY,General Cargo Ship,5236886
/vessels/details/8111881,DILA-S,General Cargo Ship,8111881
/vessels/details/7126310,ANJUM,General Cargo Ship,7126310
/vessels/details/1066609,GUO HAI SAN LONG 3,General Cargo Ship,1066609
/vessels/details/9832028,ZENITH ELITE,General Cargo Ship,9832028
/vessels/details/5420853,BLUE MOON,General Cargo Ship,5420853
/vessels/details/8654211,DA LI,General Cargo Ship,8654211
/vessels/details/5376143,WINNOW,General Cargo Ship,5376143
/vessels/details/8947802,OLIMPO II,Deck Cargo Ship,8947802
/vessels/details/9557343,GIANG HAI 09,General Cargo Ship,9557343
/vessels/details/8843197,APACHE,General Cargo Ship,8843197
/vessels/details/8991839,JIN WAY,General Cargo Ship,8991839
/vessels/details/1019759,GOLDEN VALLEY,General Cargo Ship,1019759
/vessels/details/9889148,JULY DREAM,General Cargo Ship,9889148
/vessels/details/9164160,BLUE WHALE,General Cargo Ship,9164160
/vessels/details/9535046,XINOU 1,General Cargo Ship,9535046
/vessels/details/5207158,SEA CLASS VOYAGER,General Cargo Ship,5207158
/vessels/details/7717951,FENG YE,General Cargo Ship,7717951
/vessels/details/1084132,DYNAWAY ADVANCER,General Cargo Ship,1084132
/vessels/details/7513630,SUN MARINE,General Cargo Ship,7513630
/vessels/details/8946755,MIDSEA,General Cargo Ship,8946755
/vessels/details/9959486,BOOTES TWIN,General Cargo Ship,9959486
/vessels/details/1103108,HUA DE 988,General Cargo Ship,1103108
/vessels/details/9114517,MIN DE,General Cargo Ship,9114517
/vessels/details/7650660,SA 8,General Cargo Ship,7650660
/vessels/details/1110436,ORCHARD STAR,General Cargo Ship,1110436
/vessels/details/9897406,SI HANG YUN 19,Deck Cargo Ship,9897406
/vessels/details/9998274,BRAVE SAPPHIRE,General Cargo Ship,9998274
/vessels/details/8784054,ZHONG HUI 36,General Cargo Ship,8784054
/vessels/details/1015935,XIN YI BO LI 01,General Cargo Ship,1015935
/vessels/details/9789336,SI HANG YUN 5,Deck Cargo Ship,9789336
/vessels/details/9444182,HT PIONEER,General Cargo Ship,9444182
/vessels/details/1120572,JY CHENGRONG,Deck Cargo Ship,1120572
/vessels/details/8785474,FU SHUN 528,General Cargo Ship,8785474
/vessels/details/9978896,TIAN JIU 2,Deck Cargo Ship,9978896
/vessels/details/8594679,JI ZHE 2,General Cargo Ship,8594679
/vessels/details/8824622,JASON III,General Cargo Ship,8824622
/vessels/details/9640164,CY INDIAN,Deck Cargo Ship,9640164
/vessels/details/9956147,ETERNITY BLUE,General Cargo Ship,9956147
/vessels/details/5417674,ADHIGUNA III,General Cargo Ship,5417674
/vessels/details/1095179,FOREST PRINCE,Deck Cargo Ship,1095179
/vessels/details/7736440,GV PACIFIC,General Cargo Ship,7736440
/vessels/details/9978092,ENDEAVOR TIDE,General Cargo Ship,9978092
/vessels/details/1073200,FORTUNE RICH,General Cargo Ship,1073200
/vessels/details/1125417,SMC QINGDAO,General Cargo Ship,1125417
/vessels/details/1130644,TRAWIND SHANGHAI,General Cargo Ship,1130644
/vessels/details/9089621,JIA NA,General Cargo Ship,9089621
/vessels/details/1046570,SMC RIZHAO,General Cargo Ship,1046570
/vessels/details/5330448,GRANDANSE,General Cargo Ship,5330448
/vessels/details/1048891,FORTUNE TWIN,General Cargo Ship,1048891
/vessels/details/1039670,APOLLO BRAVE,General Cargo Ship,1039670
/vessels/details/1073810,ATLANTIC SPARKLE,General Cargo Ship,1073810
/vessels/details/9934008,BAO RONG 7,General Cargo Ship,9934008
/vessels/details/1092593,XIN HANG 6,General Cargo Ship,1092593
/vessels/details/1067940,GLORY LIGHT 19,Deck Cargo Ship,1067940
/vessels/details/1063920,MARINA LEO,General Cargo Ship,1063920
/vessels/details/9937816,SUN PROUD,General Cargo Ship,9937816
/vessels/details/7127027,FLASH,General Cargo Ship,7127027
/vessels/details/1094620,GOLDEN FOREST,Deck Cargo Ship,1094620
/vessels/details/6902468,ARGO 6,General Cargo Ship,6902468
/vessels/details/7649831,AL HAMED,General Cargo Ship,7649831
/vessels/details/5251666,LADY BERNADETTE II,General Cargo Ship,5251666
/vessels/details/9950571,GREAT WALL 10,Deck Cargo Ship,9950571
/vessels/details/8888991,NARA NO. 2,General Cargo Ship,8888991
/vessels/details/1105807,YOULIAN SHANGHAI,General Cargo Ship,1105807
/vessels/details/5169758,SALMON KING,General Cargo Ship,5169758
/vessels/details/8357473,XIN SHENG SHENG 2,General Cargo Ship,8357473
/vessels/details/1100900,DS LUCKY,General Cargo Ship,1100900
/vessels/details/7123394,TARRAO EXPRESS,General Cargo Ship,7123394
/vessels/details/9997438,HIBIKI,General Cargo Ship,9997438
/vessels/details/8124761,MEGAN STAR,General Cargo Ship,8124761
/vessels/details/8580537,SI HANG YUN 12,Deck Cargo Ship,8580537
/vessels/details/5376076,MENG HORNG,General Cargo Ship,5376076
/vessels/details/7130165,JASON-Q,General Cargo Ship,7130165
/vessels/details/9977036,RUI NENG 6,Deck Cargo Ship,9977036
/vessels/details/9956123,ZENITH GOLD,General Cargo Ship,9956123
/vessels/details/9928437,BAO JING,General Cargo Ship,9928437
/vessels/details/7127077,BUFFALO,General Cargo Ship,7127077
/vessels/details/9978080,PHOENIX CORAL,General Cargo Ship,9978080
/vessels/details/2629551,TANGMING,General Cargo Ship,2629551
/vessels/details/7341805,CANADIAN PIONEER,General Cargo Ship,7341805
/vessels/details/8733952,NUEVA ESPERANZA,General Cargo Ship,8733952
/vessels/details/9349473,WU ZHOU GLORY,General Cargo Ship,9349473
/vessels/details/8692653,XIN QIAN TANG 10,General Cargo Ship,8692653
/vessels/details/9743320,ZHONG HUA MEN,General Cargo Ship,9743320
/vessels/details/7204215,DIANA I,General Cargo Ship,7204215
/vessels/details/7855222,JENNIFER,General Cargo Ship,7855222
/vessels/details/6418390,MARCO POLO,General Cargo Ship,6418390
/vessels/details/1073339,MAOLI,General Cargo Ship,1073339
/vessels/details/7806843,MUKHTAR,General Cargo Ship,7806843
/vessels/details/8660002,XIN JIN,General Cargo Ship,8660002
/vessels/details/8118358,PACIFIC BANGJIANG,General Cargo Ship,8118358
/vessels/details/7535561,OCEAN,General Cargo Ship,7535561
/vessels/details/1086489,ZENITH GREEN,General Cargo Ship,1086489
/vessels/details/7603916,LA MANUELA,General Cargo Ship,7603916
/vessels/details/9788801,ARAUCARIA,General Cargo Ship,9788801
/vessels/details/8535350,HAI RUN JIU,Deck Cargo Ship,8535350
/vessels/details/5090555,ZOE I,General Cargo Ship,5090555
/vessels/details/8623664,MINATI,General Cargo Ship,8623664
/vessels/details/1048906,NAGATO II,General Cargo Ship,1048906
/vessels/details/1066075,XINLINHAI7,General Cargo Ship,1066075
/vessels/details/9894325,ORIENTAL OAK,General Cargo Ship,9894325
/vessels/details/6602903,SANTA PHILOMENA,General Cargo Ship,6602903
/vessels/details/9829928,GREAT WALL 3,Deck Cargo Ship,9829928
/vessels/details/9994670,DONG HE NO.2,General Cargo Ship,9994670
/vessels/details/1122764,DE RONG 17,Deck Cargo Ship,1122764
/vessels/details/7207114,SIRIUS I,General Cargo Ship,7207114
/vessels/details/9976848,WIND ARROW,General Cargo Ship,9976848
/vessels/details/8591938,HUA DE 219,General Cargo Ship,8591938
/vessels/details/8357497,XIN HAI 56,General Cargo Ship,8357497
/vessels/details/1086879,MARITRANS FIDELITY,General Cargo Ship,1086879
/vessels/details/9264207,CAPITAINE WALLIS,Container Ship,9264207
/vessels/details/9378010,ATA 1,Container Ship,9378010
/vessels/details/9129471,SARA STAR,Container Ship,9129471
/vessels/details/9121857,ABANOZ,Container Ship,9121857
/vessels/details/9121869,SIDRA HALIMA,Container Ship,9121869
/vessels/details/9122382,JI PENG,Container Ship,9122382
/vessels/details/9061277,SCORPION 1,Container Ship,9061277
/vessels/details/9061253,CHRISTINA 1,Container Ship,9061253
/vessels/details/9061265,ARCHERFISH,Container Ship,9061265
/vessels/details/9061291,IMA,Container Ship,9061291
/vessels/details/9001069,HAI SHENG,Container Ship,9001069
/vessels/details/9138745,DSL MARINER,Container Ship,9138745
/vessels/details/1032452,ERASMUS EFFORT,Container Ship,1032452
/vessels/details/9186431,PROVIDENT,Container Ship,9186431
/vessels/details/7312751,GOOD FUTURE,Container Ship,7312751
/vessels/details/1056032,MOJI EXPRESS,Container Ship,1056032
/vessels/details/8356314,NEWCHALLENGER,Container Ship,8356314
/vessels/details/9981166,HMM MASTER,Container Ship,9981166
/vessels/details/1132290,XIAN FENG JU HE,Container Ship,1132290
/vessels/details/1058834,KANG QI JIA HONG,Container Ship,1058834
/vessels/details/1028475,CHI QIANG CHENG XING,Container Ship,1028475
/vessels/details/1032464,ERASMUS FUTURE,Container Ship,1032464
/vessels/details/9810240,ZHONG GU XIA MEN,Container Ship,9810240
/vessels/details/1066491,TIAN HUI JI YUN,Container Ship,1066491
/vessels/details/8358063,HT HUIZHOU,Container Ship,8358063
/vessels/details/9521497,HT PROGRESS,Container Ship,9521497
/vessels/details/9330575,SITC TIANJIN,Container Ship,9330575
/vessels/details/1056020,HANSUNG WEIHAI,Container Ship,1056020
/vessels/details/1088396,NEWVOYAGER,Container Ship,1088396
/vessels/details/1090533,FENG HAI 98,Container Ship,1090533
/vessels/details/8530350,HUA DONG 811,Container Ship,8530350
/vessels/details/9998315,NZ SUZHOU,Container Ship,9998315
/vessels/details/9146297,BLPL FAITH,Container Ship,9146297
/vessels/details/6819673,AKA I,Container Ship,6819673
/vessels/details/9842358,ZHONG GU BEI HAI,Container Ship,9842358
/vessels/details/1015961,HMM IVY,Container Ship,1015961
/vessels/details/1041087,HAO HAI JI YUN,Container Ship,1041087
/vessels/details/1084584,HT HONOR,Container Ship,1084584
/vessels/details/8357708,ZHONGZHOUCHANGHONG,Container Ship,8357708
/vessels/details/1087122,LANHAIZHIYUAN,Container Ship,1087122
/vessels/details/1018547,FENG HAI 18,Container Ship,1018547
/vessels/details/1041099,ZHONG SHENG TUO HAI,Container Ship,1041099
/vessels/details/1047275,HONG YONG JI YUN,Container Ship,1047275
/vessels/details/9499228,FERDOS 2,Container Ship,9499228
/vessels/details/1110931,XIN HONG SHENG 37,Container Ship,1110931
/vessels/details/1086788,KAWA HONGKONG,Container Ship,1086788
/vessels/details/9706451,FENG HAI 66,Container Ship,9706451
/vessels/details/9982419,YUAN XIANG FEN JIN,Container Ship,9982419
/vessels/details/1102398,FU YU,Container Ship,1102398
/vessels/details/9278985,SOL PRIME,Container Ship,9278985
/vessels/details/1087225,KAWA XIAMEN,Container Ship,1087225
/vessels/details/1054840,HE RUN XIANG MAO,Container Ship,1054840
/vessels/details/9517678,GANG TONG 19,Container Ship,9517678
/vessels/details/1027469,HONG DA XIN 768,Container Ship,1027469
/vessels/details/9997490,KMTC DAMMAM,Container Ship,9997490
/vessels/details/9963138,YEOSU VOYAGER,Container Ship,9963138
/vessels/details/9160700,SONGYUNHE,Container Ship,9160700
/vessels/details/1077488,XIANG YUAN HE RUN,Container Ship,1077488
/vessels/details/9961568,A ONTAKE,Container Ship,9961568
/vessels/details/9159646,SHUN LONG,Container Ship,9159646
/vessels/details/9964510,MAERSK EUNAPOLIS,Container Ship,9964510
/vessels/details/1043580,GREEN DRAGON,Container Ship,1043580
/vessels/details/1043762,FENG HAI,Container Ship,1043762
/vessels/details/9981154,HMM MIRACLE,Container Ship,9981154
/vessels/details/1062263,ZHONGCHUANHAI,Container Ship,1062263
/vessels/details/9667320,JI XING 89,Container Ship,9667320
/vessels/details/1032517,HONG LI CHANG JIU,Container Ship,1032517
/vessels/details/9228760,QI YUN HE,Container Ship,9228760
/vessels/details/9367891,XIN HE DA,Container Ship,9367891
/vessels/details/8356340,HONG RUN 18,Container Ship,8356340
/vessels/details/8535453,QI HE YONG JIA,Container Ship,8535453
/vessels/details/8593297,GLORY LIGHT,Container Ship,8593297
/vessels/details/9964522,MAERSK EL BOSQUE,Container Ship,9964522
/vessels/details/9200017,SDR MARIAM PEARL,Container Ship,9200017
/vessels/details/9342798,TC MESSENGER,Container Ship,9342798
/vessels/details/9157650,HONFU,Container Ship,9157650
/vessels/details/1034979,SUNNY KALMIA,Container Ship,1034979
/vessels/details/1097402,GUO FU MIN QIANG,Container Ship,1097402
/vessels/details/1062548,MARINA ATHENA,Container Ship,1062548
/vessels/details/1048669,KAWA HENGSHENG,Container Ship,1048669
/vessels/details/9361067,XINQUNDAO,Container Ship,9361067
/vessels/details/1134236,FEI HONG DA 66,Container Ship,1134236
/vessels/details/7014658,MARGARITA I,Container Ship,7014658
/vessels/details/9955806,FUJIAN MAWEI MW461-3,Container Ship,9955806
/vessels/details/8594368,NEPTUNE LINE 21,Container Ship,8594368
/vessels/details/9964754,SUNNY VIOLET,Container Ship,9964754
/vessels/details/9997505,KMTC MOMBASA,Container Ship,9997505
/vessels/details/1030973,HUI FENG HAI,Container Ship,1030973
/vessels/details/1081570,SMC YANTAI,Container Ship,1081570
/vessels/details/9964742,SUNNY LILAC,Container Ship,9964742
/vessels/details/1058078,MARINA AURORA,Container Ship,1058078
/vessels/details/1047108,MAERSK NOTODDEN,Container Ship,1047108
/vessels/details/8357007,HAI SHUN FENG 27,Container Ship,8357007
/vessels/details/1034400,SKY PEACE,Container Ship,1034400
/vessels/details/9250933,HONOR PROSPER,Container Ship,9250933
/vessels/details/1034955,SUNNY ORCHID,Container Ship,1034955
/vessels/details/9826562,SUNNY LAUREL,Container Ship,9826562
/vessels/details/1023164,XUAN TENG JI YUN,Container Ship,1023164
/vessels/details/8705462,MCDERMOTT DB32,Container Ship,8705462
/vessels/details/9976240,MAO GANG QUAN ZHOU,Container Ship,9976240
/vessels/details/9936068,HONG DA XIN 68,Container Ship,9936068
/vessels/details/1070648,KAWA LIANYUNGANG,Container Ship,1070648
/vessels/details/1017957,QING XIANG 6,Container Ship,1017957
/vessels/details/1076666,PROSPECT,Container Ship,1076666
/vessels/details/9748394,SUNNY CLOVER,Container Ship,9748394
/vessels/details/1061843,DE XIN SHANG HAI,Container Ship,1061843
/vessels/details/1030985,ZHI YING HE SHUN,Container Ship,1030985
/vessels/details/1073080,KAWA DALIAN,Container Ship,1073080
/vessels/details/1068334,HT GLORY,Container Ship,1068334
/vessels/details/7015925,DINA,Container Ship,7015925
/vessels/details/9896971,XIN LONG YUN 58,Container Ship,9896971
/vessels/details/1029871,HUA XIN 678,Container Ship,1029871
/vessels/details/9981348,MAO GANG GUANG ZHOU,Container Ship,9981348
/vessels/details/9955818,FUJIAN MAWEI MW461-4,Container Ship,9955818
/vessels/details/9157648,TB TAIYUAN,Container Ship,9157648
/vessels/details/9754733,HONG YANG 28,Container Ship,9754733
/vessels/details/9826550,SUNNY CANNA,Container Ship,9826550
/vessels/details/9991214,MAERSK FREMANTLE,Container Ship,9991214
/vessels/details/9915686,OCEAN STAR,Refrigerated Cargo Ship,9915686
/vessels/details/8904068,LIAOYU REEFER 1,Refrigerated Cargo Ship,8904068
/vessels/details/8904070,FONG KUO NO.818,Refrigerated Cargo Ship,8904070
/vessels/details/8913992,FONG KUO NO.819,Refrigerated Cargo Ship,8913992
/vessels/details/9287845,ZHONG YU MARINE,Refrigerated Cargo Ship,9287845
/vessels/details/8920983,HARENGUS,Refrigerated Cargo Ship,8920983
/vessels/details/8819275,SCOMBRUS,Refrigerated Cargo Ship,8819275
/vessels/details/9920423,YOUTA MARU,Refrigerated Cargo Ship,9920423
/vessels/details/8804244,TAI JI,Refrigerated Cargo Ship,8804244
/vessels/details/8518819,HUA FU 107,Refrigerated Cargo Ship,8518819
/vessels/details/9940693,TUNA QUEEN,Refrigerated Cargo Ship,9940693
/vessels/details/9940708,TUNA PRINCESS,Refrigerated Cargo Ship,9940708
/vessels/details/9057549,SEA BLAZER,Refrigerated Cargo Ship,9057549
/vessels/details/9057537,SEA WEALTH,Refrigerated Cargo Ship,9057537
/vessels/details/8914221,SEA STAR V,Refrigerated Cargo Ship,8914221
/vessels/details/8919893,SEA TRADER I,Refrigerated Cargo Ship,8919893
/vessels/details/9453418,LADY TUNA,Refrigerated Cargo Ship,9453418
/vessels/details/9314612,PACIFIC JOURNEY,Refrigerated Cargo Ship,9314612
/vessels/details/9241932,HARU,Refrigerated Cargo Ship,9241932
/vessels/details/9278612,MYLO,Refrigerated Cargo Ship,9278612
/vessels/details/9133305,RYOMA,Refrigerated Cargo Ship,9133305
/vessels/details/9087908,SYOTA MARU,Refrigerated Cargo Ship,9087908
/vessels/details/9133317,HANARO,Refrigerated Cargo Ship,9133317
/vessels/details/9174701,MARTA REEFER,Refrigerated Cargo Ship,9174701
/vessels/details/9105358,MABAH,Refrigerated Cargo Ship,9105358
/vessels/details/9015838,NEW TAKATSUKI,Refrigerated Cargo Ship,9015838
/vessels/details/9000376,SUAH,Refrigerated Cargo Ship,9000376
/vessels/details/9008639,SEA PEARLI,Refrigerated Cargo Ship,9008639
/vessels/details/8223311,JONATHAN STAR,Refrigerated Cargo Ship,8223311
/vessels/details/8908234,DINOK,Refrigerated Cargo Ship,8908234
/vessels/details/8319055,EURO STAR,Refrigerated Cargo Ship,8319055
/vessels/details/8420763,TIARA 108,Refrigerated Cargo Ship,8420763
/vessels/details/9459591,TAIHO MARU,Refrigerated Cargo Ship,9459591
/vessels/details/9140281,SHIN FUJI,Refrigerated Cargo Ship,9140281
/vessels/details/9136890,ANGARA,Refrigerated Cargo Ship,9136890
/vessels/details/9142289,SALGIR,Refrigerated Cargo Ship,9142289
/vessels/details/8221595,JONATHAN ACE,Refrigerated Cargo Ship,8221595
/vessels/details/9003158,FENG LU,Refrigerated Cargo Ship,9003158
/vessels/details/8688755,RUI SHENG,Refrigerated Cargo Ship,8688755
/vessels/details/9170963,AMAGI,Refrigerated Cargo Ship,9170963
/vessels/details/7625500,MONTELAURA,Refrigerated Cargo Ship,7625500
/vessels/details/9109263,BAO WIN,Refrigerated Cargo Ship,9109263
/vessels/details/9105293,FUTAGAMI,Refrigerated Cargo Ship,9105293
/vessels/details/9109287,EITA MARU,Refrigerated Cargo Ship,9109287
/vessels/details/8604967,FULL KUO SHIN,Refrigerated Cargo Ship,8604967
/vessels/details/9832523,ASTRAEA,Refrigerated Cargo Ship,9832523
/vessels/details/1025966,MADRE ANTONIA,Refrigerated Cargo Ship,1025966
/vessels/details/9966049,PRINCESA GUAYARMINA,Refrigerated Cargo Ship,9966049
/vessels/details/8712398,MIRACLE,Refrigerated Cargo Ship,8712398
/vessels/details/9442237,PRINCESA GUASIMARA,Refrigerated Cargo Ship,9442237
/vessels/details/8808252,KAI HANG 168,Refrigerated Cargo Ship,8808252
/vessels/details/8810645,SEIN GALAXY,Refrigerated Cargo Ship,8810645
/vessels/details/9985875,PONGA,Refrigerated Cargo Ship,9985875
/vessels/details/9016076,FENG YU,Refrigerated Cargo Ship,9016076
/vessels/details/9293313,HIKARI 1,Refrigerated Cargo Ship,9293313
/vessels/details/9920435,SEITA MARU,Refrigerated Cargo Ship,9920435
/vessels/details/9985863,KORU,Refrigerated Cargo Ship,9985863
/vessels/details/8609979,SEIN GRACE,Refrigerated Cargo Ship,8609979
/vessels/details/9185334,PACIFIC MAGNOLIA,Refrigerated Cargo Ship,9185334
/vessels/details/8911619,MV NO.1 BARON,Refrigerated Cargo Ship,8911619
/vessels/details/8714944,NO.1 POHAH,Refrigerated Cargo Ship,8714944
/vessels/details/9186936,SHIN IZU,Refrigerated Cargo Ship,9186936
/vessels/details/8609981,SEIN PRINCESS,Refrigerated Cargo Ship,8609981
/vessels/details/9677595,HAIJILI,Refrigerated Cargo Ship,9677595
/vessels/details/8549739,GOLDEN CROWN,Refrigerated Cargo Ship,8549739
/vessels/details/9009695,MV SEA GLORY II,Refrigerated Cargo Ship,9009695
/vessels/details/6810146,HAIZHIXING 6,Refrigerated Cargo Ship,6810146
/vessels/details/9227601,NO.2 POHAH,Refrigerated Cargo Ship,9227601
/vessels/details/9586332,HAN XING,Refrigerated Cargo Ship,9586332
/vessels/details/5313177,JOLI JOLI,Refrigerated Cargo Ship,5313177
/vessels/details/7615347,RAYA,Ro-Ro Cargo Ship,7615347
/vessels/details/7006467,INAGUA SEA,Ro-Ro Cargo Ship,7006467
/vessels/details/9429998,EAST WIND,Ro-Ro Cargo Ship,9429998
/vessels/details/9376610,MV LEGEND II,Ro-Ro Cargo Ship,9376610
/vessels/details/9221255,SUN STAR,Ro-Ro Cargo Ship,9221255
/vessels/details/6704050,AHMAD,Ro-Ro Cargo Ship,6704050
/vessels/details/7011319,BILLION LUCK,Ro-Ro Cargo Ship,7011319
/vessels/details/7023427,RIO CAMPO,Ro-Ro Cargo Ship,7023427
/vessels/details/6423814,FLYING SEA,Ro-Ro Cargo Ship,6423814
/vessels/details/7350064,PARRAMATTA,Ro-Ro Cargo Ship,7350064
/vessels/details/7728429,CARLIE I,Ro-Ro Cargo Ship,7728429
/vessels/details/7388217,NOAHS ARK,Ro-Ro Cargo Ship,7388217
/vessels/details/9832341,UTOPIA,Ro-Ro Cargo Ship,9832341
/vessels/details/9715153,KWANGYANG FRONTIER,Ro-Ro Cargo Ship,9715153
/vessels/details/8027834,SHAMS,Ro-Ro Cargo Ship,8027834
/vessels/details/9151266,PES ALIOTH,Ro-Ro Cargo Ship,9151266
/vessels/details/8954881,GAMMA I,Ro-Ro Cargo Ship,8954881
/vessels/details/7741914,ZABECA,Ro-Ro Cargo Ship,7741914
/vessels/details/7047459,REBECA,Ro-Ro Cargo Ship,7047459
/vessels/details/7361283,TRANS GULF,Ro-Ro Cargo Ship,7361283
/vessels/details/8206533,NIVIN,Vehicles Carrier,8206533
/vessels/details/9999541,GLOVIS TOPAZ,Vehicles Carrier,9999541
/vessels/details/9007477,SELENGA,Vehicles Carrier,9007477
/vessels/details/1087213,KAI QIANG 189,Vehicles Carrier,1087213
/vessels/details/9486336,NACC VEGA,Cement Carrier,9486336
/vessels/details/9615860,NACC ITACA,Cement Carrier,9615860
/vessels/details/9781748,MV SAZANKA,Cement Carrier,9781748
/vessels/details/9064281,GRIT CEMENT II,Cement Carrier,9064281
/vessels/details/9113903,SEAVEN VICTORY,Cement Carrier,9113903
/vessels/details/9266891,NACC SIRIOS,Cement Carrier,9266891
/vessels/details/9142112,SEAVEN SKY,Cement Carrier,9142112
/vessels/details/8717647,SEAVEN LUCK,Cement Carrier,8717647
/vessels/details/8703751,SEAVEN SPIRIT,Cement Carrier,8703751
/vessels/details/7396147,EVIACEMENT III,Cement Carrier,7396147
/vessels/details/9037161,ISLAS TRES,Cement Carrier,9037161
/vessels/details/8413459,SD GLORIA,Cement Carrier,8413459
/vessels/details/8607579,SC 1,Cement Carrier,8607579
/vessels/details/9047192,NACC COGIO 1,Cement Carrier,9047192
/vessels/details/7391783,ISLAS DOS,Cement Carrier,7391783
/vessels/details/7813561,SC II,Cement Carrier,7813561
/vessels/details/7214284,DIEGO,Cement Carrier,7214284
/vessels/details/9259032,HENNA T,Cement Carrier,9259032
/vessels/details/9000211,NACC SKY,Cement Carrier,9000211
/vessels/details/9050620,C3MAGNAR,Cement Carrier,9050620
/vessels/details/9159232,SIRIOS CEMENT VII,Cement Carrier,9159232
/vessels/details/7624374,FAYAL,Cement Carrier,7624374
/vessels/details/6925173,RUDISA GLOBAL,Cement Carrier,6925173
/vessels/details/8702525,FUTURE ASIA I,Cement Carrier,8702525
/vessels/details/9629847,SIDER VIVARA,Cement Carrier,9629847
/vessels/details/9890537,PRINCE OF NATURE,Wood Chips Carrier,9890537
/vessels/details/9646869,GREEN PEGASUS,Wood Chips Carrier,9646869
/vessels/details/9184902,CONDOR EXPRESS,Wood Chips Carrier,9184902
/vessels/details/9562491,YOZAN,Wood Chips Carrier,9562491
/vessels/details/9539250,DRAGON SKY,Wood Chips Carrier,9539250
/vessels/details/8806412,HAO HUNG 01,Wood Chips Carrier,8806412
/vessels/details/9810977,SUN PLUS,Wood Chips Carrier,9810977
/vessels/details/9797709,ORIENTAL BREEZE,Wood Chips Carrier,9797709
/vessels/details/9363120,STRELITZIA,Wood Chips Carrier,9363120
/vessels/details/9363091,SHEARWATER,Wood Chips Carrier,9363091
/vessels/details/9275488,LUCKY ANGEL,Wood Chips Carrier,9275488
/vessels/details/9287211,FP ACE III,Wood Chips Carrier,9287211
/vessels/details/9515204,GLORIOUS JASMINE,Wood Chips Carrier,9515204
/vessels/details/9539327,C.S. BRIGHT,Wood Chips Carrier,9539327
/vessels/details/9860336,SOUTHERN HOPE,Wood Chips Carrier,9860336
/vessels/details/9357913,BAO DAT THANH 89,Wood Chips Carrier,9357913
/vessels/details/9166297,THANH THANH DAT 9999,Wood Chips Carrier,9166297
/vessels/details/9119907,ORIS PRINCESS,Aggregates Carrier,9119907
/vessels/details/8407876,RUI HE,Aggregates Carrier,8407876
/vessels/details/1047251,HENGLIANG5568,Aggregates Carrier,1047251
/vessels/details/8881307,GREEN EAGLE,Aggregates Carrier,8881307
/vessels/details/8823965,SIENKIEWICZ,Aggregates Carrier,8823965
/vessels/details/7652060,SUPER GREEN-6,Aggregates Carrier,7652060
/vessels/details/8733421,WINTON T188,Aggregates Carrier,8733421
/vessels/details/7323231,NARUMARU NO. 1,Aggregates Carrier,7323231
/vessels/details/8931451,AZUMA MARU,Aggregates Carrier,8931451
/vessels/details/9849722,XIANG FA 998,Aggregates Carrier,9849722
/vessels/details/9880934,PELICAN 7,Aggregates Carrier,9880934
/vessels/details/8840858,HONOUR,Aggregates Carrier,8840858
/vessels/details/1051707,KIMBERLY 8,Aggregates Carrier,1051707
/vessels/details/9097197,WINTON T98,Aggregates Carrier,9097197
/vessels/details/1051692,KIMBERLY1,Aggregates Carrier,1051692
/vessels/details/9774111,SI HANG YUN SHA 1,Aggregates Carrier,9774111
/vessels/details/9817547,ZHONG YI 1,Aggregates Carrier,9817547
/vessels/details/8824000,K. K. 18,Aggregates Carrier,8824000
/vessels/details/1016927,HONG XIANG 668,Aggregates Carrier,1016927
/vessels/details/9831311,SUNRISE PRINCESS,Aggregates Carrier,9831311
/vessels/details/9831141,SILK ROAD,Aggregates Carrier,9831141
/vessels/details/9774123,SI HANG YUN SHA 2,Aggregates Carrier,9774123
/vessels/details/1028334,YONG SHENG 967,Aggregates Carrier,1028334
/vessels/details/8669632,XIN SHAN,Aggregates Carrier,8669632
/vessels/details/1028346,YONG SHENG 977,Aggregates Carrier,1028346
/vessels/details/1116648,GLOBAL 01,Aggregates Carrier,1116648
/vessels/details/1068516,SHUN LONG 5689,Aggregates Carrier,1068516
/vessels/details/9097460,WINTON T108,Aggregates Carrier,9097460
/vessels/details/9033373,STAR GATE,Limestone Carrier,9033373
/vessels/details/7375820,OCEAN QUICKER,Limestone Carrier,7375820
/vessels/details/9746451,CASTELLANOS I,Landing Craft,9746451
/vessels/details/7910199,CRISTINA EXPRESS,Landing Craft,7910199
/vessels/details/8534667,AMU 1,Landing Craft,8534667
/vessels/details/6703989,INAGUA SPRAY,Landing Craft,6703989
/vessels/details/9261164,LINDA D,Landing Craft,9261164
/vessels/details/9666364,CARIB WARRIOR,Landing Craft,9666364
/vessels/details/8523797,COLORADA 1,Landing Craft,8523797
/vessels/details/9840817,COSTA V,Landing Craft,9840817
/vessels/details/9755103,NEW G,Landing Craft,9755103
/vessels/details/8617328,BOOMERANG,Landing Craft,8617328
/vessels/details/9097018,MAGNUS,Landing Craft,9097018
/vessels/details/8516574,BRAYLEN,Landing Craft,8516574
/vessels/details/7737937,LILIAN ONE,Landing Craft,7737937
/vessels/details/9944728,COSTA VI,Landing Craft,9944728
/vessels/details/1095521,SEBIE,Landing Craft,1095521
/vessels/details/8561426,PATHFINDER TASK FORCE,Landing Craft,8561426
/vessels/details/9615602,LC MEGANO,Landing Craft,9615602
/vessels/details/1120766,RANA,Landing Craft,1120766
/vessels/details/7017521,SEA BEACH,Landing Craft,7017521
/vessels/details/7910204,PRINCESS SAMIAH,Landing Craft,7910204
/vessels/details/9356347,BAHAMAS PEARL,Landing Craft,9356347
/vessels/details/1040344,SULTAN DARYA1,Landing Craft,1040344
/vessels/details/8747185,ORION XV,Landing Craft,8747185
/vessels/details/9028146,MERO MACHO,Landing Craft,9028146
/vessels/details/9775957,PDTE MANUEL AMADOR,Landing Craft,9775957
/vessels/details/7716610,SAN FRANCISCO,Landing Craft,7716610
/vessels/details/7428926,PEEW-ONE,Landing Craft,7428926
/vessels/details/7724485,CAY SEAL,Landing Craft,7724485
/vessels/details/9753882,SOCOTRA 1,Landing Craft,9753882
/vessels/details/8849646,HAMOON,Landing Craft,8849646
/vessels/details/9829588,GRAND MASTER 2,Landing Craft,9829588
/vessels/details/7719674,MALESHERBES,Landing Craft,7719674
/vessels/details/7719662,JOINVILLE,Landing Craft,7719662
/vessels/details/9868053,FARASAN,Landing Craft,9868053
/vessels/details/6924234,DUNDAS,Landing Craft,6924234
/vessels/details/1095533,TAYA,Landing Craft,1095533
/vessels/details/1089663,RAYAN,Landing Craft,1089663
/vessels/details/9546643,SOCOTRA 3,Landing Craft,9546643
/vessels/details/7517428,CITADEL,Landing Craft,7517428
/vessels/details/9550656,CHAMPION III,Landing Craft,9550656
/vessels/details/6518528,CARIBE STAR I,Landing Craft,6518528
/vessels/details/9948190,MAYAN,Landing Craft,9948190
/vessels/details/7428770,UMMAL KAIR,Landing Craft,7428770
/vessels/details/7234595,SUMBER TUNAS VI,Landing Craft,7234595
/vessels/details/9397092,NINE EAGLE,Livestock Carrier,9397092
/vessels/details/6927092,LSS SUCCESS,Livestock Carrier,6927092
/vessels/details/9115377,KAMADHENU,Livestock Carrier,9115377
/vessels/details/5039276,SAN CARLOS,Livestock Carrier,5039276
/vessels/details/9790775,ULJANIK 526,Livestock Carrier,9790775
/vessels/details/9083134,ROMAN E,Heavy Load Carrier,9083134
/vessels/details/9648312,RAM COMMANDER,Heavy Load Carrier,9648312
/vessels/details/9570967,SANA,Heavy Load Carrier,9570967
/vessels/details/9637674,HENG TONG XIN YUN,Heavy Load Carrier,9637674
/vessels/details/9976800,BLUE FOREST,Heavy Load Carrier,9976800
/vessels/details/9385843,EVER RIVER,Crude Oil Tanker,9385843
/vessels/details/9237773,H.CONSTANCE,Crude Oil Tanker,9237773
/vessels/details/9237761,TINA 5,Crude Oil Tanker,9237761
/vessels/details/9787754,TENMA,Crude Oil Tanker,9787754
/vessels/details/9770696,TAKASAGO,Crude Oil Tanker,9770696
/vessels/details/9402990,C.MAJESTY,Crude Oil Tanker,9402990
/vessels/details/9421984,C.DIGNITY,Crude Oil Tanker,9421984
/vessels/details/9419620,C.GLORY,Crude Oil Tanker,9419620
/vessels/details/9643283,C.FREEDOM,Crude Oil Tanker,9643283
/vessels/details/9605190,C.INFINITY,Crude Oil Tanker,9605190
/vessels/details/9605205,C. PROGRESS,Crude Oil Tanker,9605205
/vessels/details/9805099,TEDORIGAWA,Crude Oil Tanker,9805099
/vessels/details/9422160,C.PRIMACY,Crude Oil Tanker,9422160
/vessels/details/9422146,C.ETERNITY,Crude Oil Tanker,9422146
/vessels/details/9289477,M SOPHIA,Crude Oil Tanker,9289477
/vessels/details/9310159,CATALINA 7,Crude Oil Tanker,9310159
/vessels/details/9289726,MADESTAR,Crude Oil Tanker,9289726
/vessels/details/9315147,SEASILK,Crude Oil Tanker,9315147
/vessels/details/9241114,NEW COURAGE,Crude Oil Tanker,9241114
/vessels/details/9285823,KIARA M,Crude Oil Tanker,9285823
/vessels/details/9290086,SMD WORLD,Crude Oil Tanker,9290086
/vessels/details/9290347,CAWTHORNE,FSO,9290347
/vessels/details/9237620,ITG AMOY,FSO,9237620
/vessels/details/9874222,DAISEN,Crude Oil Tanker,9874222
/vessels/details/9838008,ESTEEM ASTRO,Crude Oil Tanker,9838008
/vessels/details/9851608,ENEOS GLORY,Crude Oil Tanker,9851608
/vessels/details/9814131,ENEOS EARTH,Crude Oil Tanker,9814131
/vessels/details/9855484,ESTEEM EXPLORER,Crude Oil Tanker,9855484
/vessels/details/9376878,HAKKAISAN,Crude Oil Tanker,9376878
/vessels/details/9562697,GASSAN,Crude Oil Tanker,9562697
/vessels/details/9848223,TOYA,Crude Oil Tanker,9848223
/vessels/details/9848211,TANZAWA,Crude Oil Tanker,9848211
/vessels/details/9567659,OMEGA TRADER,Crude Oil Tanker,9567659
/vessels/details/9411965,KALLISTA,Crude Oil Tanker,9411965
/vessels/details/9885087,HIKOSAN,Crude Oil Tanker,9885087
/vessels/details/9607863,MITAKE,Crude Oil Tanker,9607863
/vessels/details/9397145,ATLANTIC PIONEER,Crude Oil Tanker,9397145
/vessels/details/9362889,PACIFIC VOYAGER,Crude Oil Tanker,9362889
/vessels/details/9321299,TENKI,Crude Oil Tanker,9321299
/vessels/details/9294252,NEW ANDROS,Crude Oil Tanker,9294252
/vessels/details/9782508,KIRISHIMA,Crude Oil Tanker,9782508
/vessels/details/9294329,SEEKER 8,Crude Oil Tanker,9294329
/vessels/details/9313149,TASCA,Crude Oil Tanker,9313149
/vessels/details/9206310,CENTURIES,Crude Oil Tanker,9206310
/vessels/details/9191400,KELLY,Crude Oil Tanker,9191400
/vessels/details/9251597,NEW DYNASTY,Crude Oil Tanker,9251597
/vessels/details/9787780,BRIGHT HORIZON,Crude Oil Tanker,9787780
/vessels/details/9787792,BRIGHT CREST,Crude Oil Tanker,9787792
/vessels/details/9292498,NIOVI,Crude Oil Tanker,9292498
/vessels/details/9164847,ELI AKASO,FSO,9164847
/vessels/details/9294563,PIS PIONEER,Crude Oil Tanker,9294563
/vessels/details/9334210,IDEMITSU MARU,Crude Oil Tanker,9334210
/vessels/details/9312509,AL SIDDEEQ,Crude Oil Tanker,9312509
/vessels/details/9391775,CAPE ASPRO,Crude Oil Tanker,9391775
/vessels/details/9391763,SETAGAWA,Crude Oil Tanker,9391763
/vessels/details/9343390,MT TENJUN,Crude Oil Tanker,9343390
/vessels/details/9262766,FIONA II,Crude Oil Tanker,9262766
/vessels/details/9263215,BIG MAG,Crude Oil Tanker,9263215
/vessels/details/9263227,COVENIO,Crude Oil Tanker,9263227
/vessels/details/9245794,LATTAFA,Crude Oil Tanker,9245794
/vessels/details/9153513,CS BRILLIANCE,FSO,9153513
/vessels/details/9196632,BIANCA JOYSEL,Crude Oil Tanker,9196632
/vessels/details/9258521,LAUREN II,Crude Oil Tanker,9258521
/vessels/details/9253117,ANSHUN II,Crude Oil Tanker,9253117
/vessels/details/9323429,WHITE CRANE,Crude Oil Tanker,9323429
/vessels/details/9395290,MERCURY HOPE,Crude Oil Tanker,9395290
/vessels/details/9395496,MERMAID HOPE,Crude Oil Tanker,9395496
/vessels/details/9788875,CARIBBEAN GLORY,Crude Oil Tanker,9788875
/vessels/details/9788887,GULF SUNRISE,Crude Oil Tanker,9788887
/vessels/details/9233650,UTOPIA QUEST,Crude Oil Tanker,9233650
/vessels/details/9406166,SAIQ,Crude Oil Tanker,9406166
/vessels/details/9326067,TEJAS,Crude Oil Tanker,9326067
/vessels/details/9326055,VERONICA III,Crude Oil Tanker,9326055
/vessels/details/9377418,FELICE,Crude Oil Tanker,9377418
/vessels/details/9294587,COSGRACE LAKE,Crude Oil Tanker,9294587
/vessels/details/9292228,CRYSTAL ROSE,Crude Oil Tanker,9292228
/vessels/details/9793741,GEM NO.5,Crude Oil Tanker,9793741
/vessels/details/9735373,GEM NO.2,Crude Oil Tanker,9735373
/vessels/details/9735361,GEM NO.1,Crude Oil Tanker,9735361
/vessels/details/9503237,SAMAIL,Crude Oil Tanker,9503237
/vessels/details/9216705,INDIGO RAY,Crude Oil Tanker,9216705
/vessels/details/9909807,GRAND AMBITION,Crude Oil Tanker,9909807
/vessels/details/9915569,GRAND BONANZA,Crude Oil Tanker,9915569
/vessels/details/9257149,NESO,Crude Oil Tanker,9257149
/vessels/details/9931331,G.FUTURE,Crude Oil Tanker,9931331
/vessels/details/9931343,G.HOPE,Crude Oil Tanker,9931343
/vessels/details/9295024,RISING SUN 1,Crude Oil Tanker,9295024
/vessels/details/9222455,MARBELLA,Crude Oil Tanker,9222455
/vessels/details/9183374,TAY,FSO,9183374
/vessels/details/9770440,MARVEL HERON,LNG Tanker,9770440
/vessels/details/9759240,MARVEL EAGLE,LNG Tanker,9759240
/vessels/details/9759252,MARVEL PELICAN,LNG Tanker,9759252
/vessels/details/9749609,ENSHU MARU,LNG Tanker,9749609
/vessels/details/9691137,BISHU MARU,LNG Tanker,9691137
/vessels/details/9810549,PRISM AGILITY,LNG Tanker,9810549
/vessels/details/9888481,PRISM COURAGE,LNG Tanker,9888481
/vessels/details/9810551,PRISM BRILLIANCE,LNG Tanker,9810551
/vessels/details/9904651,PRISM DIVERSITY,LNG Tanker,9904651
/vessels/details/9758844,ENERGY UNIVERSE,LNG Tanker,9758844
/vessels/details/9771913,LNG SCHNEEWEISSCHEN,LNG Tanker,9771913
/vessels/details/9403669,TAITAR NO.1,LNG Tanker,9403669
/vessels/details/9403645,TAITAR NO.2,LNG Tanker,9403645
/vessels/details/9403671,TAITAR NO.3,LNG Tanker,9403671
/vessels/details/9403657,TAITAR NO.4,LNG Tanker,9403657
/vessels/details/9294264,NIZWA LNG,LNG Tanker,9294264
/vessels/details/9317315,IBRI LNG,LNG Tanker,9317315
/vessels/details/9693161,SK AUDACE,LNG Tanker,9693161
/vessels/details/9693173,SK RESOLUTE,LNG Tanker,9693173
/vessels/details/9761839,SM SEAHAWK,LNG Tanker,9761839
/vessels/details/9761827,SM EAGLE,LNG Tanker,9761827
/vessels/details/9761853,HYUNDAI PEACEPIA,LNG Tanker,9761853
/vessels/details/9761841,HYUNDAI PRINCEPIA,LNG Tanker,9761841
/vessels/details/9929106,NEW APEX,LNG Tanker,9929106
/vessels/details/9903425,PACIFIC SUCCESS,LNG Tanker,9903425
/vessels/details/9902902,SM ALBATROSS,LNG Tanker,9902902
/vessels/details/9902914,SM BLUEBIRD,LNG Tanker,9902914
/vessels/details/9917579,SM KESTREL,LNG Tanker,9917579
/vessels/details/9210816,SOHAR LNG,LNG Tanker,9210816
/vessels/details/9425277,M. PATRICIA CAMILA,LNG Tanker,9425277
/vessels/details/9375721,POINT FORTIN,LNG Tanker,9375721
/vessels/details/9350927,TRINITY GLORY,LNG Tanker,9350927
/vessels/details/9372999,HYUNDAI ECOPIA,LNG Tanker,9372999
/vessels/details/9373010,K. MUGUNGWHA,LNG Tanker,9373010
/vessels/details/9355379,TANGGUH PALUNG,LNG Tanker,9355379
/vessels/details/9349007,TANGGUH FOJA,LNG Tanker,9349007
/vessels/details/9349019,TANGGUH JAYA,LNG Tanker,9349019
/vessels/details/9315393,BLUE DRAGON 1,LNG Tanker,9315393
/vessels/details/9373008,K.JASMINE,LNG Tanker,9373008
/vessels/details/9300817,SALALAH LNG,LNG Tanker,9300817
/vessels/details/9326689,IBRA LNG,LNG Tanker,9326689
/vessels/details/9186584,K. FREESIA,LNG Tanker,9186584
/vessels/details/9157636,K.ACACIA,LNG Tanker,9157636
/vessels/details/9229647,PRINCESS SAPPHIRE,LNG Tanker,9229647
/vessels/details/9247194,KUNPENG,LNG Tanker,9247194
/vessels/details/9311610,TORX,Crude Oil Tanker,9311610
/vessels/details/9411082,NEW LIBERTY,Crude Oil Tanker,9411082
/vessels/details/9432048,VENDAVEL,Crude Oil Tanker,9432048
/vessels/details/9416422,OCEAN THUNDER,Crude Oil Tanker,9416422
/vessels/details/9259733,YI TONG,Crude Oil Tanker,9259733
/vessels/details/9239484,EM FAITH,Crude Oil Tanker,9239484
/vessels/details/9233210,CACTUS,Crude Oil Tanker,9233210
/vessels/details/9292199,KAYSERI,Crude Oil Tanker,9292199
/vessels/details/9290373,KONYA,Crude Oil Tanker,9290373
/vessels/details/9249075,RITI,Crude Oil Tanker,9249075
/vessels/details/9399480,LLEVANT,Crude Oil Tanker,9399480
/vessels/details/9408683,ZHUO YUAN,Crude Oil Tanker,9408683
/vessels/details/9248409,MAISTROS,Crude Oil Tanker,9248409
/vessels/details/9274525,LXH,Crude Oil Tanker,9274525
/vessels/details/9308077,TYCHE 1,Crude Oil Tanker,9308077
/vessels/details/9219056,REX 1,Crude Oil Tanker,9219056
/vessels/details/9438406,MIGJORN,Crude Oil Tanker,9438406
/vessels/details/9228655,LUCIA A,Crude Oil Tanker,9228655
/vessels/details/9585900,STENA SUNSHINE,Crude Oil Tanker,9585900
/vessels/details/9773947,SEA SHELL,Crude Oil Tanker,9773947
/vessels/details/9773935,STAR ENERGY,Crude Oil Tanker,9773935
/vessels/details/9809356,BREEZE,Crude Oil Tanker,9809356
/vessels/details/9806627,SEA BEAUTY,Crude Oil Tanker,9806627
/vessels/details/9806615,SEA ICON,Crude Oil Tanker,9806615
/vessels/details/9809368,ALDANA,Crude Oil Tanker,9809368
/vessels/details/9232931,NARCISSUS,Crude Oil Tanker,9232931
/vessels/details/9248825,ANNA A,Crude Oil Tanker,9248825
/vessels/details/9203772,TIREX,Crude Oil Tanker,9203772
/vessels/details/9185528,GELOR,Crude Oil Tanker,9185528
/vessels/details/9248447,BLUE LAGOON I,Crude Oil Tanker,9248447
/vessels/details/9224441,FIRN,Crude Oil Tanker,9224441
/vessels/details/9224453,TRACOS,Crude Oil Tanker,9224453
/vessels/details/9293129,WARRIOR SPIRIT,Crude Oil Tanker,9293129
/vessels/details/9290323,LADY LOUISE,Crude Oil Tanker,9290323
/vessels/details/9281152,AQUILA II,Crude Oil Tanker,9281152
/vessels/details/9280885,APUS,Crude Oil Tanker,9280885
/vessels/details/9241683,ASTARI 1,Crude Oil Tanker,9241683
/vessels/details/9191723,TULIP,Crude Oil Tanker,9191723
/vessels/details/9296389,IONIAN SAILOR,Crude Oil Tanker,9296389
/vessels/details/9291262,SILVAR,Crude Oil Tanker,9291262
/vessels/details/9956020,CRYSTAL,Crude Oil Tanker,9956020
/vessels/details/9955997,OCEAN BLUE,Crude Oil Tanker,9955997
/vessels/details/9956018,SAQR,Crude Oil Tanker,9956018
/vessels/details/9956006,SEAHORSE 1,Crude Oil Tanker,9956006
/vessels/details/9282508,CAUVERI,Crude Oil Tanker,9282508
/vessels/details/9971719,NAVE POLARIS,Crude Oil Tanker,9971719
/vessels/details/9971733,NAVE NEUTRINO,Crude Oil Tanker,9971733
/vessels/details/9971707,NAVE COSMOS,Crude Oil Tanker,9971707
/vessels/details/9971721,NAVE PHOTON,Crude Oil Tanker,9971721
/vessels/details/9993896,NAVE PERSEUS,Crude Oil Tanker,9993896
/vessels/details/9402469,FREDA,Crude Oil Tanker,9402469
/vessels/details/9893228,ON PHOENIX,Crude Oil Tanker,9893228
/vessels/details/9893216,ON PRECIOUS,Crude Oil Tanker,9893216
/vessels/details/9893204,ON PEACE,Crude Oil Tanker,9893204
/vessels/details/9740471,VST LYRA,Crude Oil Tanker,9740471
/vessels/details/9740469,VST OCEANIA,Crude Oil Tanker,9740469
/vessels/details/9742211,VST AMARA,Crude Oil Tanker,9742211
/vessels/details/9784611,VST ELECTRA,Crude Oil Tanker,9784611
/vessels/details/9408542,LING HONG,Crude Oil Tanker,9408542
/vessels/details/9292515,BREEZE III,Crude Oil Tanker,9292515
/vessels/details/9388807,GATTACA,Crude Oil Tanker,9388807
/vessels/details/9388728,BYZANTIUM,Crude Oil Tanker,9388728
/vessels/details/9412452,NILANGA,Crude Oil Tanker,9412452
/vessels/details/9436020,CENTURION I,Crude Oil Tanker,9436020
/vessels/details/9732254,ASP JEWELS,Crude Oil Tanker,9732254
/vessels/details/9732242,ASP TREASURES,Crude Oil Tanker,9732242
/vessels/details/9607722,SEA JEWEL,Crude Oil Tanker,9607722
/vessels/details/9607710,SEA STAR,Crude Oil Tanker,9607710
/vessels/details/9319698,CONCORD BREEZE,Crude Oil Tanker,9319698
/vessels/details/9358412,TIGER WINGS,Crude Oil Tanker,9358412
/vessels/details/9321677,DAPHNE V,Crude Oil Tanker,9321677
/vessels/details/9346720,KIRA K,Crude Oil Tanker,9346720
/vessels/details/9419450,JEWEL,Crude Oil Tanker,9419450
/vessels/details/9472634,AURA 1,Crude Oil Tanker,9472634
/vessels/details/9379612,SAND,Oil Products Tanker,9379612
/vessels/details/9379624,FOSSIL,Oil Products Tanker,9379624
/vessels/details/9783930,SOUTHERN LEADER,Crude Oil Tanker,9783930
/vessels/details/9783916,SOUTHERN REVERENCE,Crude Oil Tanker,9783916
/vessels/details/9783899,ASP AVANA,Crude Oil Tanker,9783899
/vessels/details/9420643,DREPANOS,Crude Oil Tanker,9420643
/vessels/details/9420631,KARAVAS,Crude Oil Tanker,9420631
/vessels/details/9370836,NEW AMORGOS,Crude Oil Tanker,9370836
/vessels/details/9439383,BHILVA,Crude Oil Tanker,9439383
/vessels/details/9952074,ESTEEM COWBOY,Crude Oil Tanker,9952074
/vessels/details/9989089,SOUTHERN RESPECT,Crude Oil Tanker,9989089
/vessels/details/1023516,SOUTHERN RESONANCE,Crude Oil Tanker,1023516
/vessels/details/9932402,YOKOSUKA SPIRIT,Crude Oil Tanker,9932402
/vessels/details/9337341,OCEANID,Crude Oil Tanker,9337341
/vessels/details/9397896,HAIMA,Oil Products Tanker,9397896
/vessels/details/9397808,BLUEFIN PEARL,Crude Oil Tanker,9397808
/vessels/details/9397793,CORAL PEARL,Crude Oil Tanker,9397793
/vessels/details/9346859,ANLAN,Crude Oil Tanker,9346859
/vessels/details/9402237,DOLPHIN PEARL,Crude Oil Tanker,9402237
/vessels/details/9402249,ORCA PEARL,Crude Oil Tanker,9402249
/vessels/details/9402225,RAYSUT,Crude Oil Tanker,9402225
/vessels/details/9389083,TIGER 6,Crude Oil Tanker,9389083
/vessels/details/9389071,TANGO 2,Crude Oil Tanker,9389071
/vessels/details/9404936,AFRA MARE,Crude Oil Tanker,9404936
/vessels/details/9299941,AMARIN INDAH,Crude Oil Tanker,9299941
/vessels/details/9292979,SPACE 1,Crude Oil Tanker,9292979
/vessels/details/9314088,LYRA,Crude Oil Tanker,9314088
/vessels/details/9296195,PAROS,Crude Oil Tanker,9296195
/vessels/details/9270555,INTEGRITY RACER,Crude Oil Tanker,9270555
/vessels/details/9281891,MEROPE,Crude Oil Tanker,9281891
/vessels/details/9297541,DOVE,Crude Oil Tanker,9297541
/vessels/details/9259197,SKYLYN,Crude Oil Tanker,9259197
/vessels/details/9282912,AFRAMAX RIVIERA,Crude Oil Tanker,9282912
/vessels/details/9223344,REMIZ,Crude Oil Tanker,9223344
/vessels/details/9313498,JACKLYN,Crude Oil Tanker,9313498
/vessels/details/9336414,VOLTA RIVER,Crude Oil Tanker,9336414
/vessels/details/9251822,AQUARIS,Crude Oil Tanker,9251822
/vessels/details/9247821,BALSA,Crude Oil Tanker,9247821
/vessels/details/9279757,MT VARDIANI,Oil Products Tanker,9279757
/vessels/details/9417464,ANIKA,Crude Oil Tanker,9417464
/vessels/details/9229350,MARINE PEARL,Crude Oil Tanker,9229350
/vessels/details/9422392,ZARUMA,Crude Oil Tanker,9422392
/vessels/details/9422407,PICHINCHA,Crude Oil Tanker,9422407
/vessels/details/9240407,PRINCESS SOFIA,Crude Oil Tanker,9240407
/vessels/details/9290361,KAI 1,Crude Oil Tanker,9290361
/vessels/details/9110183,MORNING SUN,Oil Products Tanker,9110183
/vessels/details/9390587,ONEIROI,Crude Oil Tanker,9390587
/vessels/details/9243318,LEO II,Crude Oil Tanker,9243318
/vessels/details/9243320,POLLUX,Crude Oil Tanker,9243320
/vessels/details/9677313,GAMSUNORO,Crude Oil Tanker,9677313
/vessels/details/9235713,EVELINA,Crude Oil Tanker,9235713
/vessels/details/9271377,TRIDENT HOPE,Crude Oil Tanker,9271377
/vessels/details/9230971,SKADI,Crude Oil Tanker,9230971
/vessels/details/9247390,TORNADO A,Crude Oil Tanker,9247390
/vessels/details/9543536,ALEGRIA 1,Crude Oil Tanker,9543536
/vessels/details/9258478,GT HONOR,Crude Oil Tanker,9258478
/vessels/details/9258480,ORION I,Crude Oil Tanker,9258480
/vessels/details/9252967,WIND,Crude Oil Tanker,9252967
/vessels/details/9337391,ATHENS VOYAGER,Crude Oil Tanker,9337391
/vessels/details/9307152,SEAZEN,Crude Oil Tanker,9307152
/vessels/details/9321976,SYNDRA,Crude Oil Tanker,9321976
/vessels/details/9296822,SAGITTA,Crude Oil Tanker,9296822
/vessels/details/9302970,SAGAR1,Crude Oil Tanker,9302970
/vessels/details/9226970,YOSELIN,Crude Oil Tanker,9226970
/vessels/details/9411185,NEPHIRA,Crude Oil Tanker,9411185
/vessels/details/9460564,BALU 6,Crude Oil Tanker,9460564
/vessels/details/9413004,HORAE,Crude Oil Tanker,9413004
/vessels/details/9442017,SWAN LAKE,Crude Oil Tanker,9442017
/vessels/details/9038892,HERO,Crude Oil Tanker,9038892
/vessels/details/9038828,ZEUS,Crude Oil Tanker,9038828
/vessels/details/9937074,PERTAMINA GAS DAHLIA,LPG Tanker,9937074
/vessels/details/9937062,PERTAMINA GAS CASPIA,LPG Tanker,9937062
/vessels/details/9180126,EVEREST,Crude Oil Tanker,9180126
/vessels/details/9895317,PERTAMINAGASAMARYLIS,LPG Tanker,9895317
/vessels/details/9935492,FUTURE EXPLORER,LPG Tanker,9935492
/vessels/details/9935507,ENEOS WISDOM,LPG Tanker,9935507
/vessels/details/9809552,LILY PROMENADE,LPG Tanker,9809552
/vessels/details/9947483,PHOENIX HARMONIA,LPG Tanker,9947483
/vessels/details/9809540,LILAC PROMENADE,LPG Tanker,9809540
/vessels/details/9914058,CALLUNA GAS,LPG Tanker,9914058
/vessels/details/9933444,LANTANA PLANET,LPG Tanker,9933444
/vessels/details/9929209,LUPINUS PLANET,LPG Tanker,9929209
/vessels/details/9980150,LUNA PATHFINDER,LPG Tanker,9980150
/vessels/details/9958391,GAS AMETHYST,LPG Tanker,9958391
/vessels/details/9958389,GAS GARNET,LPG Tanker,9958389
/vessels/details/9949704,AXIS RIVER,LPG Tanker,9949704
/vessels/details/9957892,ENEOS MIRAI,LPG Tanker,9957892
/vessels/details/9950583,ENEOS GUNJO,LPG Tanker,9950583
/vessels/details/9889552,GAS PLANET,LPG Tanker,9889552
/vessels/details/9902160,GLOBE IRIS,LPG Tanker,9902160
/vessels/details/9902172,WHITE CLIFFS,LPG Tanker,9902172
/vessels/details/9903140,RED ADMIRAL,LPG Tanker,9903140
/vessels/details/9892391,GAS ARES,LPG Tanker,9892391
/vessels/details/9906922,GAS GHAZI,LPG Tanker,9906922
/vessels/details/9887451,GAS GABRIELA,LPG Tanker,9887451
/vessels/details/9903762,GAS BARBAROSSA,LPG Tanker,9903762
/vessels/details/9892406,GAS GALA,LPG Tanker,9892406
/vessels/details/9941001,GAS KAISERIN,LPG Tanker,9941001
/vessels/details/9940992,GAS JUSTESEN,LPG Tanker,9940992
/vessels/details/9879703,GLOBE POLARIS,LPG Tanker,9879703
/vessels/details/9944986,GLOBE FRONTIER,LPG Tanker,9944986
/vessels/details/9944974,CRISTOBAL,LPG Tanker,9944974
/vessels/details/9735062,BW MESSINA,LPG Tanker,9735062
/vessels/details/9370537,VALANO,LPG Tanker,9370537
/vessels/details/9364382,GAS WANAKA,LPG Tanker,9364382
/vessels/details/9534614,HH GLORY,LPG Tanker,9534614
/vessels/details/9415648,MUSANAH,LPG Tanker,9415648
/vessels/details/9765562,GAS STELLA,LPG Tanker,9765562
/vessels/details/9765550,GLOBE ATLAS,LPG Tanker,9765550
/vessels/details/9776341,LEO GREEN,LPG Tanker,9776341
/vessels/details/9867102,FUTURE ENERGY,LPG Tanker,9867102
/vessels/details/9875408,ETERNAL GLORY,LPG Tanker,9875408
/vessels/details/9810056,FUTURE ACE,LPG Tanker,9810056
/vessels/details/9629873,SAKURA GAS,LPG Tanker,9629873
/vessels/details/9759185,DORAJI GAS,LPG Tanker,9759185
/vessels/details/9723679,LEGEND PROSPERITY,LPG Tanker,9723679
/vessels/details/9773234,LEGEND PRESTIGE,LPG Tanker,9773234
/vessels/details/9738545,ASTOMOS VENUS,LPG Tanker,9738545
/vessels/details/9607069,ASTOMOS EARTH,LPG Tanker,9607069
/vessels/details/9693549,GAS SUMMIT,LPG Tanker,9693549
/vessels/details/9788992,GAS WISDOM,LPG Tanker,9788992
/vessels/details/9797864,G.DOLCE,LPG Tanker,9797864
/vessels/details/9797876,G. SPIRIT,LPG Tanker,9797876
/vessels/details/9611955,G. SWAN,LPG Tanker,9611955
/vessels/details/9621584,G.ARETE,LPG Tanker,9621584
/vessels/details/9800099,GAS YOUNG,LPG Tanker,9800099
/vessels/details/9795543,GAS ZENITH,LPG Tanker,9795543
/vessels/details/9754824,AEOLIAN PEARL,LPG Tanker,9754824
/vessels/details/9320738,SAPPHIRE GAS,LPG Tanker,9320738
/vessels/details/9682447,ALBERT,LPG Tanker,9682447
/vessels/details/9794288,ALBERT III,LPG Tanker,9794288
/vessels/details/9780732,ALBERT II,LPG Tanker,9780732
/vessels/details/9387762,GALVIN,LPG Tanker,9387762
/vessels/details/9800506,NS DREAM,LPG Tanker,9800506
/vessels/details/9604392,GENEVI,LPG Tanker,9604392
/vessels/details/9625152,TETHYS,LPG Tanker,9625152
/vessels/details/9208227,SOGL,LPG Tanker,9208227
/vessels/details/9385685,GAS ALKHALEEJ,LPG Tanker,9385685
/vessels/details/9354612,PINAR GAS,LPG Tanker,9354612
/vessels/details/9249049,KODAIJISAN,LPG Tanker,9249049
/vessels/details/9670016,GALAXY RIVER,LPG Tanker,9670016
/vessels/details/9749788,NS FRONTIER,LPG Tanker,9749788
/vessels/details/9853864,FUTURE DIAMOND,LPG Tanker,9853864
/vessels/details/9723681,SUMIRE GAS,LPG Tanker,9723681
/vessels/details/9791224,GENESIS RIVER,LPG Tanker,9791224
/vessels/details/9780641,CRYSTAL RIVER,LPG Tanker,9780641
/vessels/details/9656888,G.PARAGON,LPG Tanker,9656888
/vessels/details/9290270,TARA GAS,LPG Tanker,9290270
/vessels/details/9064073,KLNGTP BLACK SEA,LNG Tanker,9064073
/vessels/details/9064085,KLNGTP MARMARA,LNG Tanker,9064085
/vessels/details/9522415,GAS POWER,LPG Tanker,9522415
/vessels/details/9238284,LPGC BRIZO,LPG Tanker,9238284
/vessels/details/9322657,YUYO,LPG Tanker,9322657
/vessels/details/9321225,GAS FRIEND,LPG Tanker,9321225
/vessels/details/9369461,SUMMIT RIVER,LPG Tanker,9369461
/vessels/details/9349784,LUCINA PROVIDENCE,LPG Tanker,9349784
/vessels/details/9206396,MARINE BREEZE,LPG Tanker,9206396
/vessels/details/9249336,LYCASTE PEACE,LPG Tanker,9249336
/vessels/details/9395501,YUYO SPIRITS,LPG Tanker,9395501
/vessels/details/9206384,SUNNY JOY,LPG Tanker,9206384
/vessels/details/9317298,ZIXUAN,LPG Tanker,9317298
/vessels/details/9238272,YUHSAN,LPG Tanker,9238272
/vessels/details/9534810,NADESHIKO GAS,LPG Tanker,9534810
/vessels/details/8910897,MILE,LPG Tanker,8910897
/vessels/details/8917807,DOUBLE IN,LPG Tanker,8917807
/vessels/details/8902371,ORLANDO 1,LPG Tanker,8902371
/vessels/details/9131539,GAZ GMS,LPG Tanker,9131539
/vessels/details/9806158,KARIMATA,Oil Products Tanker,9806158
/vessels/details/9806146,SUNDA,Oil Products Tanker,9806146
/vessels/details/9774343,GEM NO.3,Oil Products Tanker,9774343
/vessels/details/9379399,ATLANTIC VICTORY,LPG Tanker,9379399
/vessels/details/9231511,YONG TAI,Oil Products Tanker,9231511
/vessels/details/9294678,GOLDEN CONVERGENCE,Oil Products Tanker,9294678
/vessels/details/9379404,GAS DIOR,LPG Tanker,9379404
/vessels/details/9386304,GAS LAGOON,LPG Tanker,9386304
/vessels/details/9386299,GAS CONCEPT,LPG Tanker,9386299
/vessels/details/9332614,BELLARIS,Oil Products Tanker,9332614
/vessels/details/9326885,ANAYA,Oil Products Tanker,9326885
/vessels/details/9755062,CABO MISAKI,Crude Oil Tanker,9755062
/vessels/details/9755050,CABO KAMUI,Crude Oil Tanker,9755050
/vessels/details/9730878,CABO FUJI,Crude Oil Tanker,9730878
/vessels/details/9277797,INTERSTELLAR,Oil Products Tanker,9277797
/vessels/details/9277785,CONCORD SERENITY,Oil Products Tanker,9277785
/vessels/details/8818207,MYRA GAS,LPG Tanker,8818207
/vessels/details/9277723,NEW FUSION,Oil Products Tanker,9277723
/vessels/details/9311359,CABO FROWARD,Oil Products Tanker,9311359
/vessels/details/9311361,CABO DE HORNOS,Oil Products Tanker,9311361
/vessels/details/9269245,CLYDE,Crude Oil Tanker,9269245
/vessels/details/9298296,AL SALMI,Crude Oil Tanker,9298296
/vessels/details/9298284,THEA,Crude Oil Tanker,9298284
/vessels/details/9379301,VERSA,Crude Oil Tanker,9379301
/vessels/details/9280586,NILE,Oil Products Tanker,9280586
/vessels/details/9259329,FUSION ENERGY,Oil Products Tanker,9259329
/vessels/details/9584102,KAMOME VICTORIA,Oil Products Tanker,9584102
/vessels/details/9321160,KITION M,Oil Products Tanker,9321160
/vessels/details/9321196,GISELE,Oil Products Tanker,9321196
/vessels/details/9283617,PS FALCON,Crude Oil Tanker,9283617
/vessels/details/9308998,POLA,Crude Oil Tanker,9308998
/vessels/details/9252187,OREO,Crude Oil Tanker,9252187
/vessels/details/9265354,AZTEC,Oil Products Tanker,9265354
/vessels/details/9256028,SEGINUS,Oil Products Tanker,9256028
/vessels/details/9346433,CABO SAN VICENTE,Oil Products Tanker,9346433
/vessels/details/9280354,TAILWINDS,Crude Oil Tanker,9280354
/vessels/details/9312444,PRESIDENT I,Oil Products Tanker,9312444
/vessels/details/9299123,SOFIA K,Oil Products Tanker,9299123
/vessels/details/9247807,PASCO STAR,LPG Tanker,9247807
/vessels/details/9323596,NORD STAR,Crude Oil Tanker,9323596
/vessels/details/9406568,FSO RANG DONG MV,FSO,9406568
/vessels/details/9284790,RED RUBY,Crude Oil Tanker,9284790
/vessels/details/9392391,JOSE PROGRESS,Chemical/Oil Products Tanker,9392391
/vessels/details/9428841,SM NAVIGATOR,Crude Oil Tanker,9428841
/vessels/details/9356763,OCEAN WAVE I,Crude Oil Tanker,9356763
/vessels/details/9308168,CLEAN NIRVANA,Crude Oil Tanker,9308168
/vessels/details/9308120,TOP GRAND,Crude Oil Tanker,9308120
/vessels/details/9468815,ROMANCE,Crude Oil Tanker,9468815
/vessels/details/9423906,FLORA MARIS,Crude Oil Tanker,9423906
/vessels/details/9317248,CABO NEGRO II,Chemical/Oil Products Tanker,9317248
/vessels/details/9336464,DARNIA,Chemical/Oil Products Tanker,9336464
/vessels/details/9911525,ANDEAN SUN,Chemical/Oil Products Tanker,9911525
/vessels/details/9911551,CYPRESS SUN,Chemical/Oil Products Tanker,9911551
/vessels/details/9911549,SAVONETTA SUN,Chemical/Oil Products Tanker,9911549
/vessels/details/9909584,CAPILANO SUN,Chemical/Oil Products Tanker,9909584
/vessels/details/9911537,BAYOU SUN,Chemical/Oil Products Tanker,9911537
/vessels/details/9323364,SINAR G,Chemical/Oil Products Tanker,9323364
/vessels/details/9323352,NARI STRENGTH,Chemical/Oil Products Tanker,9323352
/vessels/details/9815850,CORAL EXPRESS,Chemical/Oil Products Tanker,9815850
/vessels/details/9767235,ISLA DE BIOKO,Chemical/Oil Products Tanker,9767235
/vessels/details/9273832,EPIK,Chemical/Oil Products Tanker,9273832
/vessels/details/9697430,NAVE PYXIS,Chemical/Oil Products Tanker,9697430
/vessels/details/9697442,NAVE SEXTANS,Chemical/Oil Products Tanker,9697442
/vessels/details/9692143,PIS KALIMANTAN,Chemical/Oil Products Tanker,9692143
/vessels/details/9692131,PIS JAWA,Chemical/Oil Products Tanker,9692131
/vessels/details/9290579,NEW VOYAGE,Chemical/Oil Products Tanker,9290579
/vessels/details/9250488,CELESTE I,Chemical/Oil Products Tanker,9250488
/vessels/details/9278052,OCEAN THALIA,Chemical/Oil Products Tanker,9278052
/vessels/details/9994709,UM YOSHINO,Chemical/Oil Products Tanker,9994709
/vessels/details/9246803,SWIFT FALCON,Chemical/Oil Products Tanker,9246803
/vessels/details/9240897,LANIKAI,Chemical/Oil Products Tanker,9240897
/vessels/details/9396787,HARBIYE,Chemical/Oil Products Tanker,9396787
/vessels/details/9281932,SEA ROCK,Oil Products Tanker,9281932
/vessels/details/9354258,HATAY,Chemical/Oil Products Tanker,9354258
/vessels/details/9358319,PS QUEEN,Chemical/Oil Products Tanker,9358319
/vessels/details/9358307,PS DREAM,Chemical/Oil Products Tanker,9358307
/vessels/details/9304588,PEACE GULF,Oil Products Tanker,9304588
/vessels/details/9298492,TOA PAYOH,Chemical/Oil Products Tanker,9298492
/vessels/details/9315068,STAR OSPREY,Chemical/Oil Products Tanker,9315068
/vessels/details/9321940,STAR KESTREL,Chemical/Oil Products Tanker,9321940
/vessels/details/9396763,AUTAN,Chemical/Oil Products Tanker,9396763
/vessels/details/9289740,WORLD COURAGE,Chemical/Oil Products Tanker,9289740
/vessels/details/9313474,MOSTAR,Chemical/Oil Products Tanker,9313474
/vessels/details/9459072,NAVE AQUILA,Chemical/Oil Products Tanker,9459072
/vessels/details/9396749,TURKELI,Chemical/Oil Products Tanker,9396749
/vessels/details/9396775,PACIFIC PRIDE,Chemical/Oil Products Tanker,9396775
/vessels/details/9350850,SINO SOURCE,Chemical/Oil Products Tanker,9350850
/vessels/details/9349203,PHOENIX II,Chemical/Oil Products Tanker,9349203
/vessels/details/9350862,DEEPBLUE,Chemical/Oil Products Tanker,9350862
/vessels/details/9487471,NAVE CAPELLA,Chemical/Oil Products Tanker,9487471
/vessels/details/9487469,NAVE TITAN,Chemical/Oil Products Tanker,9487469
/vessels/details/9459096,NAVE ORION,Chemical/Oil Products Tanker,9459096
/vessels/details/9459060,NAVE ATRIA,Chemical/Oil Products Tanker,9459060
/vessels/details/9459084,NAVE BELLATRIX,Chemical/Oil Products Tanker,9459084
/vessels/details/9384007,GRAND ACE12,Chemical/Oil Products Tanker,9384007
/vessels/details/9443877,GRAND ACE10,Chemical/Oil Products Tanker,9443877
/vessels/details/9375317,SINO WISDOM,Chemical/Oil Products Tanker,9375317
/vessels/details/9375329,GRAND ACE6,Chemical/Oil Products Tanker,9375329
/vessels/details/9365362,GEMINI PEARL,Chemical/Oil Products Tanker,9365362
/vessels/details/9399909,OMODOS,Chemical/Oil Products Tanker,9399909
/vessels/details/9399882,LEFKARA,Chemical/Oil Products Tanker,9399882
/vessels/details/9399894,GERAKAS,Chemical/Oil Products Tanker,9399894
/vessels/details/9273246,STARWAY,Chemical/Oil Products Tanker,9273246
/vessels/details/9273650,SEAWAY,Chemical/Oil Products Tanker,9273650
/vessels/details/9272929,OSAKA,Chemical/Oil Products Tanker,9272929
/vessels/details/9246475,ASTRID,Chemical/Oil Products Tanker,9246475
/vessels/details/9820295,MARVIN CONFIDENCE,Chemical/Oil Products Tanker,9820295
/vessels/details/9428360,GIANNA,Chemical/Oil Products Tanker,9428360
/vessels/details/9391531,PVT SOLANA,Chemical/Oil Products Tanker,9391531
/vessels/details/9850214,CREOLE SUN,Chemical/Oil Products Tanker,9850214
/vessels/details/9516222,ARENDAL,Chemical/Oil Products Tanker,9516222
/vessels/details/9259898,MORALITY,Chemical/Oil Products Tanker,9259898
/vessels/details/9397456,HANNA,Chemical/Oil Products Tanker,9397456
/vessels/details/9397468,PRIVE ANGEL,Chemical/Oil Products Tanker,9397468
/vessels/details/9919163,CLEAROCEAN MESQUITE,Chemical/Oil Products Tanker,9919163
/vessels/details/9941271,PLATINUM JUBILEE,Chemical/Oil Products Tanker,9941271
/vessels/details/9543110,STENA CONVOY,Chemical/Oil Products Tanker,9543110
/vessels/details/9941283,IKIGAI,Chemical/Oil Products Tanker,9941283
/vessels/details/9934888,STENA CONDUCTOR,Chemical/Oil Products Tanker,9934888
/vessels/details/9941295,NORD MASTER,Chemical/Oil Products Tanker,9941295
/vessels/details/9941300,NORD MARINER,Chemical/Oil Products Tanker,9941300
/vessels/details/9919151,SAKURA VOYAGER,Chemical/Oil Products Tanker,9919151
/vessels/details/9397781,PACIFIC ERA,Chemical/Oil Products Tanker,9397781
/vessels/details/9428683,MERSIN,Chemical/Oil Products Tanker,9428683
/vessels/details/9800702,AYOE,Chemical/Oil Products Tanker,9800702
/vessels/details/9686742,LUCKY CHEMIST,Chemical/Oil Products Tanker,9686742
/vessels/details/9707261,MAGIC CHEMIST,Chemical/Oil Products Tanker,9707261
/vessels/details/9359870,GULF HUWAYLAT,Chemical/Oil Products Tanker,9359870
/vessels/details/9359894,GULF JALMUDA,Chemical/Oil Products Tanker,9359894
/vessels/details/9870707,NORD ELEGANCE,Chemical/Oil Products Tanker,9870707
/vessels/details/9870719,NORD HARMONY,Chemical/Oil Products Tanker,9870719
/vessels/details/9982536,NORD VICTOR,Chemical/Oil Products Tanker,9982536
/vessels/details/9982548,PRECIOUS ADELAIDE,Chemical/Oil Products Tanker,9982548
/vessels/details/9982524,NORD VULCAN,Chemical/Oil Products Tanker,9982524
/vessels/details/9858852,WISCO ADVENTURE,Chemical/Oil Products Tanker,9858852
/vessels/details/9997220,GORDONS BAY,Chemical/Oil Products Tanker,9997220
/vessels/details/9405851,AL-AMERAT,Chemical/Oil Products Tanker,9405851
/vessels/details/9405849,MATRAH,Chemical/Oil Products Tanker,9405849
/vessels/details/9786231,SM OSPREY,Chemical/Oil Products Tanker,9786231
/vessels/details/9786243,SM FALCON,Chemical/Oil Products Tanker,9786243
/vessels/details/9657040,NAVE LUMINOSITY,Chemical/Oil Products Tanker,9657040
/vessels/details/9417191,HADAL SALLY,Chemical/Oil Products Tanker,9417191
/vessels/details/9506693,DARIKA,Chemical/Oil Products Tanker,9506693
/vessels/details/9906685,GRAND WINNER 1,Chemical/Oil Products Tanker,9906685
/vessels/details/9906714,GRAND WINNER 5,Chemical/Oil Products Tanker,9906714
/vessels/details/9788564,HAKATA PRINCESS,Chemical/Oil Products Tanker,9788564
/vessels/details/9906697,GRAND WINNER 2,Chemical/Oil Products Tanker,9906697
/vessels/details/9944132,NORD VIRAGE,Chemical/Oil Products Tanker,9944132
/vessels/details/9906702,GRAND WINNER 3,Chemical/Oil Products Tanker,9906702
/vessels/details/9820300,MARVIN FAITH,Chemical/Oil Products Tanker,9820300
/vessels/details/9788576,BLUE BUTTERFLY,Chemical/Oil Products Tanker,9788576
/vessels/details/9301902,CERS,Chemical/Oil Products Tanker,9301902
/vessels/details/9939058,GOLDEN VOYAGER,Chemical/Oil Products Tanker,9939058
/vessels/details/9910337,NORD VENTURA,Chemical/Oil Products Tanker,9910337
/vessels/details/9893163,ZANDOLIE,Chemical/Oil Products Tanker,9893163
/vessels/details/9862413,PRO ONYX,Chemical/Oil Products Tanker,9862413
/vessels/details/9903499,FLORA EXPRESS,Chemical/Oil Products Tanker,9903499
/vessels/details/9908982,RICH HARVEST,Chemical/Oil Products Tanker,9908982
/vessels/details/9882346,ESTEEM ENERGY,Chemical/Oil Products Tanker,9882346
/vessels/details/9882334,ESTEEM HOUSTON,Chemical/Oil Products Tanker,9882334
/vessels/details/9882360,ESTEEM ENDEAVOR,Chemical/Oil Products Tanker,9882360
/vessels/details/9882358,ESTEEM DISCOVERY,Chemical/Oil Products Tanker,9882358
/vessels/details/9303417,GOODWILL,Chemical/Oil Products Tanker,9303417
/vessels/details/9359868,GULF FANATIR,Chemical/Oil Products Tanker,9359868
/vessels/details/9388003,ANATOLIA,Chemical/Oil Products Tanker,9388003
/vessels/details/9882396,SOLAR KATHERINE,Chemical/Oil Products Tanker,9882396
/vessels/details/9882401,SOLAR MELISSA,Chemical/Oil Products Tanker,9882401
/vessels/details/9683362,SILVER GWEN,Chemical/Oil Products Tanker,9683362
/vessels/details/9683374,SILVER LONDON,Chemical/Oil Products Tanker,9683374
/vessels/details/9381823,LEO MARIS,Chemical/Oil Products Tanker,9381823
/vessels/details/9800659,RICH RAINBOW,Chemical/Oil Products Tanker,9800659
/vessels/details/9335109,EASUNHO,Chemical/Oil Products Tanker,9335109
/vessels/details/9405904,KLARA,Chemical/Oil Products Tanker,9405904
/vessels/details/9405899,MERSINI,Chemical/Oil Products Tanker,9405899
/vessels/details/9804124,MEISSA,Chemical/Oil Products Tanker,9804124
/vessels/details/9788588,CHALLENGE PINNACLE,Chemical/Oil Products Tanker,9788588
/vessels/details/9683348,SILVER GERTRUDE,Chemical/Oil Products Tanker,9683348
/vessels/details/9683336,SILVER ESTHER,Chemical/Oil Products Tanker,9683336
/vessels/details/9683403,SILVER HOUSTON,Chemical/Oil Products Tanker,9683403
/vessels/details/9683415,SILVER LINDA,Chemical/Oil Products Tanker,9683415
/vessels/details/9814181,BEAGLE,Chemical/Oil Products Tanker,9814181
/vessels/details/9479838,TURMOIL,Chemical/Oil Products Tanker,9479838
/vessels/details/9479840,LUCTOR,Chemical/Oil Products Tanker,9479840
/vessels/details/9790361,ST.CLEMENS,Chemical/Oil Products Tanker,9790361
/vessels/details/9318333,TAILOGY,Chemical/Oil Products Tanker,9318333
/vessels/details/9288758,YONGAN OCEAN,Chemical/Oil Products Tanker,9288758
/vessels/details/9683427,SILVER DUBAI,Chemical/Oil Products Tanker,9683427
/vessels/details/9596272,MERIDIAN EXPRESS,Chemical/Oil Products Tanker,9596272
/vessels/details/9596258,HOUYOSHI EXPRESS II,Chemical/Oil Products Tanker,9596258
/vessels/details/9171503,BRIGHT GOLD,Oil Products Tanker,9171503
/vessels/details/9328132,SINO PROSPERITY,Chemical/Oil Products Tanker,9328132
/vessels/details/9375575,SINO FAITH,Chemical/Oil Products Tanker,9375575
/vessels/details/9332171,VIRENT,Chemical/Oil Products Tanker,9332171
/vessels/details/9250165,YANGON,Chemical/Oil Products Tanker,9250165
/vessels/details/9242338,MUMBAI,Chemical/Oil Products Tanker,9242338
/vessels/details/9242326,MANILA I,Chemical/Oil Products Tanker,9242326
/vessels/details/9251535,MT.CORONA,Chemical/Oil Products Tanker,9251535
/vessels/details/9422237,IONIAN NAVIGATOR,Chemical/Oil Products Tanker,9422237
/vessels/details/9422225,IONIAN FIGHTER,Chemical/Oil Products Tanker,9422225
/vessels/details/9257711,LISBOA,Chemical/Oil Products Tanker,9257711
/vessels/details/9430272,JIN HUI,Chemical/Oil Products Tanker,9430272
/vessels/details/9480162,UOG ANDROS,Chemical/Oil Products Tanker,9480162
/vessels/details/9116905,OCEAN CRYSTAL,Oil Products Tanker,9116905
/vessels/details/9133068,CR TETHYS,Chemical/Oil Products Tanker,9133068
/vessels/details/9133082,MAYMEI,Chemical/Oil Products Tanker,9133082
/vessels/details/9333242,FLORENCE,Chemical/Oil Products Tanker,9333242
/vessels/details/9561368,EL BELLA,Oil Products Tanker,9561368
/vessels/details/9325348,SEA SOUL,Oil Products Tanker,9325348
/vessels/details/9382700,LADY URSULA,Crude Oil Tanker,9382700
/vessels/details/9325336,EL GAIA,Oil Products Tanker,9325336
/vessels/details/9262912,AUROURA,Oil Products Tanker,9262912
/vessels/details/9292357,OCEAN SUNRISE,Oil Products Tanker,9292357
/vessels/details/9573696,ALPINE SPIRIT,Crude Oil Tanker,9573696
/vessels/details/9573660,AQUA 1,Crude Oil Tanker,9573660
/vessels/details/9547520,AKANE,Crude Oil Tanker,9547520
/vessels/details/9555292,T MATTERHORN,Oil Products Tanker,9555292
/vessels/details/9561930,MONT BLANC I,Oil Products Tanker,9561930
/vessels/details/9459266,LEMAN,Oil Products Tanker,9459266
/vessels/details/9254240,DUKE II,Crude Oil Tanker,9254240
/vessels/details/9127693,KANAS,Bitumen Tanker,9127693
/vessels/details/9222649,MT AL SAFA,Oil Products Tanker,9222649
/vessels/details/9178044,CONFIDENCE P,Oil Products Tanker,9178044
/vessels/details/9221683,OCEAN SPLENDID,Crude Oil Tanker,9221683
/vessels/details/9282297,KASTOS I,Crude Oil Tanker,9282297
/vessels/details/9382085,BITU ATLANTIC,Bitumen Tanker,9382085
/vessels/details/9433808,SUNSHINE EXPRESS,Oil Products Tanker,9433808
/vessels/details/9265689,BITU EXPRESS,Bitumen Tanker,9265689
/vessels/details/9212371,CH ALQUIMIA,Chemical/Oil Products Tanker,9212371
/vessels/details/9198305,OCEAN JEWEL,Chemical/Oil Products Tanker,9198305
/vessels/details/9308223,HELEN M,Oil Products Tanker,9308223
/vessels/details/9282558,REVOLINER,Crude Oil Tanker,9282558
/vessels/details/9174610,JACINDA,Chemical/Oil Products Tanker,9174610
/vessels/details/9424649,TOKYO,Oil Products Tanker,9424649
/vessels/details/9400837,KOBE,Oil Products Tanker,9400837
/vessels/details/9279721,JASMINE S,Oil Products Tanker,9279721
/vessels/details/9349631,CHIBA,Oil Products Tanker,9349631
/vessels/details/9254927,GT FREEDOM,Oil Products Tanker,9254927
/vessels/details/9288289,SANDS,Oil Products Tanker,9288289
/vessels/details/9311000,ROSE MAKIS,Oil Products Tanker,9311000
/vessels/details/9272395,ARROW G,Oil Products Tanker,9272395
/vessels/details/9325817,GOLDEN EAGLE II,Oil Products Tanker,9325817
/vessels/details/9414280,PVT AVIRA,Oil Products Tanker,9414280
/vessels/details/9302865,POREWIT,Oil Products Tanker,9302865
/vessels/details/9379040,EASTERN QUINCE,Oil Products Tanker,9379040
/vessels/details/9305348,CETO,Oil Products Tanker,9305348
/vessels/details/9258351,VICTORY SEA,Oil Products Tanker,9258351
/vessels/details/9197155,SILVER DAWN,Chemical/Oil Products Tanker,9197155
/vessels/details/9256937,SEA ADORE,Oil Products Tanker,9256937
/vessels/details/9183611,FORTUNE GLOBE,Oil Products Tanker,9183611
/vessels/details/9154957,MK HIPPO,Chemical/Oil Products Tanker,9154957
/vessels/details/9149249,STAR ADVANCE,Chemical Tanker,9149249
/vessels/details/9241085,YOKO 1,Chemical/Oil Products Tanker,9241085
/vessels/details/9306469,CELES,Chemical/Oil Products Tanker,9306469
/vessels/details/9258612,YQ HARMONY,Chemical/Oil Products Tanker,9258612
/vessels/details/9281566,SEASHELL,Chemical/Oil Products Tanker,9281566
/vessels/details/9185499,RATTA,Chemical/Oil Products Tanker,9185499
/vessels/details/9014339,OCEAN ACE,Chemical/Oil Products Tanker,9014339
/vessels/details/9288370,BARON I,Oil Products Tanker,9288370
/vessels/details/9367748,PVT VALENCIA,Oil Products Tanker,9367748
/vessels/details/9380051,GRACE LEON,Oil Products Tanker,9380051
/vessels/details/9313266,CELESTIAL,Oil Products Tanker,9313266
/vessels/details/9326902,PK PHOENIX,Chemical/Oil Products Tanker,9326902
/vessels/details/9274666,KOCATEPE,Chemical/Oil Products Tanker,9274666
/vessels/details/9359375,DDELPHINUS 12,Chemical/Oil Products Tanker,9359375
/vessels/details/9359387,LYSANDRA,Chemical/Oil Products Tanker,9359387
/vessels/details/9112117,QUARTZ,Chemical/Oil Products Tanker,9112117
/vessels/details/9292759,LKEY,LPG Tanker,9292759
/vessels/details/9292101,PASCO ODIN,LPG Tanker,9292101
/vessels/details/9336658,NORDICO,LPG Tanker,9336658
/vessels/details/9323792,KOSOVA,Chemical/Oil Products Tanker,9323792
/vessels/details/9543079,MANTA BEYLERBEYI,LPG Tanker,9543079
/vessels/details/9255842,MAGNI ALEXA,Chemical/Oil Products Tanker,9255842
/vessels/details/9278492,WORLD TRADER I,Chemical/Oil Products Tanker,9278492
/vessels/details/9316593,PS PELICAN,Chemical/Oil Products Tanker,9316593
/vessels/details/9247508,ESENTEPE,Chemical/Oil Products Tanker,9247508
/vessels/details/9296119,ROLLS I,Chemical/Oil Products Tanker,9296119
/vessels/details/9253777,ANKARA,Chemical/Oil Products Tanker,9253777
/vessels/details/9253129,BENTLEY I,Chemical/Oil Products Tanker,9253129
/vessels/details/9343998,KOHZAN MARU V,Chemical/Oil Products Tanker,9343998
/vessels/details/9370719,JIPRO ISIS,Chemical/Oil Products Tanker,9370719
/vessels/details/9367528,CHEMWAY ARROW,Chemical/Oil Products Tanker,9367528
/vessels/details/9253595,BHARAT,Chemical/Oil Products Tanker,9253595
/vessels/details/9260263,HAWK III,Oil Products Tanker,9260263
/vessels/details/9288942,CHERRY TONDA,Chemical/Oil Products Tanker,9288942
/vessels/details/9292278,GRANADA,Chemical/Oil Products Tanker,9292278
/vessels/details/9789726,MANTA BEYOGLU,LPG Tanker,9789726
/vessels/details/9295311,ELORA 1,Chemical/Oil Products Tanker,9295311
/vessels/details/9763045,MANTA ANADOLU,LPG Tanker,9763045
/vessels/details/9787340,BEBEK,LPG Tanker,9787340
/vessels/details/9232034,SEAFAITH,Chemical/Oil Products Tanker,9232034
/vessels/details/9770531,GAS UTOPIA,LPG Tanker,9770531
/vessels/details/9774197,GAS VENUS,LPG Tanker,9774197
/vessels/details/9242443,MT NOMIKI,Chemical/Oil Products Tanker,9242443
/vessels/details/9666663,MANTA ANKA,LPG Tanker,9666663
/vessels/details/9666675,MANTA DICLE,LPG Tanker,9666675
/vessels/details/9777412,CHEMOCEAN ORION,Chemical/Oil Products Tanker,9777412
/vessels/details/9384100,HECTOR N,Chemical/Oil Products Tanker,9384100
/vessels/details/9231614,LUCKY,Chemical/Oil Products Tanker,9231614
/vessels/details/9225330,LARKO,Oil Products Tanker,9225330
/vessels/details/9102203,GAS PACIFIC,LPG Tanker,9102203
/vessels/details/9905605,SCHWYZ,Chemical/Oil Products Tanker,9905605
/vessels/details/9926300,CHEMROAD ZENITH,Chemical/Oil Products Tanker,9926300
/vessels/details/9932713,CHEMROAD JUPITER,Chemical/Oil Products Tanker,9932713
/vessels/details/9391402,MESTRAL,Chemical/Oil Products Tanker,9391402
/vessels/details/9353149,ARTEMIDA,Chemical/Oil Products Tanker,9353149
/vessels/details/9347308,AURA MARIS,Chemical/Oil Products Tanker,9347308
/vessels/details/9353137,ANTEY,Chemical/Oil Products Tanker,9353137
/vessels/details/9290830,HAZAR,Oil Products Tanker,9290830
/vessels/details/9314832,GELIBOLU,Chemical/Oil Products Tanker,9314832
/vessels/details/9314806,ULUS,Chemical/Oil Products Tanker,9314806
/vessels/details/9314820,OSCAR I,Chemical/Oil Products Tanker,9314820
/vessels/details/9208112,YUHAN,Chemical/Oil Products Tanker,9208112
/vessels/details/9228813,SUNFLYTE,Chemical/Oil Products Tanker,9228813
/vessels/details/9261396,STEF,Chemical/Oil Products Tanker,9261396
/vessels/details/9241695,VITALITY,Chemical/Oil Products Tanker,9241695
/vessels/details/9240706,SEA HEART,Oil Products Tanker,9240706
/vessels/details/9236731,KURDOS,Chemical/Oil Products Tanker,9236731
/vessels/details/9666974,SURVILLE,LPG Tanker,9666974
/vessels/details/9369760,GAS RIVER,LPG Tanker,9369760
/vessels/details/9471018,GREEN PIONEER,LPG Tanker,9471018
/vessels/details/9471123,FORTUNE GAS,LPG Tanker,9471123
/vessels/details/9332078,SHEN MI,LPG Tanker,9332078
/vessels/details/9237747,BOGAZICI,LPG Tanker,9237747
/vessels/details/9318321,PASCO DUJA,LPG Tanker,9318321
/vessels/details/9251676,MT CENTAR,Chemical/Oil Products Tanker,9251676
/vessels/details/9236975,SREDINA,Oil Products Tanker,9236975
/vessels/details/9167150,OASIS II,Crude Oil Tanker,9167150
/vessels/details/9167174,RIANA,Crude Oil Tanker,9167174
/vessels/details/9139696,G YMM,LPG Tanker,9139696
/vessels/details/9392365,RABIGH SUN,Chemical Tanker,9392365
/vessels/details/9392377,ARGENT SUNRISE,Chemical/Oil Products Tanker,9392377
/vessels/details/9810654,PRELUDE,Chemical/Oil Products Tanker,9810654
/vessels/details/9790622,CHEMROAD HAWK,Chemical/Oil Products Tanker,9790622
/vessels/details/9737151,CHEMROAD QUEEN,Chemical/Oil Products Tanker,9737151
/vessels/details/9757979,CHEMROAD SIRIUS,Chemical/Oil Products Tanker,9757979
/vessels/details/9757967,CHEMROAD SAKURA,Chemical/Oil Products Tanker,9757967
/vessels/details/9536923,CHEMROAD POLARIS,Chemical/Oil Products Tanker,9536923
/vessels/details/9733698,STORE BAY,Chemical/Oil Products Tanker,9733698
/vessels/details/9733686,GRANDE RIVIERE,Chemical/Oil Products Tanker,9733686
/vessels/details/9335836,ELENORE,Chemical/Oil Products Tanker,9335836
/vessels/details/9414266,ARGENT HIBISCUS,Chemical/Oil Products Tanker,9414266
/vessels/details/9379959,ARGENT ASTER,Chemical/Oil Products Tanker,9379959
/vessels/details/9709362,AFRICAN CORAL,Oil Products Tanker,9709362
/vessels/details/9798296,SAVANNA,Oil Products Tanker,9798296
/vessels/details/9451288,CHEMROAD QUEST,Chemical/Oil Products Tanker,9451288
/vessels/details/9459292,JIPRO NEFTIS,Chemical/Oil Products Tanker,9459292
/vessels/details/9303649,CHEMROAD HAYA,Chemical/Oil Products Tanker,9303649
/vessels/details/9284685,CHEMROAD ECHO,Chemical/Oil Products Tanker,9284685
/vessels/details/9414254,CHEMROAD JOURNEY,Chemical/Oil Products Tanker,9414254
/vessels/details/9414242,CHEMROAD DITA,Chemical/Oil Products Tanker,9414242
/vessels/details/9278662,JKT MIRACLE,Chemical/Oil Products Tanker,9278662
/vessels/details/9228320,FAITHFUL STAR,Chemical/Oil Products Tanker,9228320
/vessels/details/9228318,ZY SUNRISE,Chemical/Oil Products Tanker,9228318
/vessels/details/9278674,WISDOM STAR,Chemical/Oil Products Tanker,9278674
/vessels/details/9565754,CHEMROAD HOPE,Chemical/Oil Products Tanker,9565754
/vessels/details/9565730,CHEMROAD SEA,Chemical/Oil Products Tanker,9565730
/vessels/details/9400382,SAKHARA LOTUS,Chemical/Oil Products Tanker,9400382
/vessels/details/9379911,SAGAMI,Chemical/Oil Products Tanker,9379911
/vessels/details/9379894,KISO,Chemical/Oil Products Tanker,9379894
/vessels/details/9231690,ELOHIM,Oil Products Tanker,9231690
/vessels/details/9568500,SAKURA BELLE,Chemical/Oil Products Tanker,9568500
/vessels/details/9568495,SAKURA ADVANCE,Chemical/Oil Products Tanker,9568495
/vessels/details/9163271,MONARCH NO.1,Oil Products Tanker,9163271
/vessels/details/9163283,SEASTAR 1,Chemical/Oil Products Tanker,9163283
/vessels/details/9936288,NEW FRONTIER2,Bunkering Tanker,9936288
/vessels/details/9317846,CHEMROAD ROSE,Chemical/Oil Products Tanker,9317846
/vessels/details/9309502,CHEMROAD WING,Chemical/Oil Products Tanker,9309502
/vessels/details/9901362,K.LOTUS,Bunkering Tanker,9901362
/vessels/details/9950284,RISHIRI GALAXY,Chemical/Oil Products Tanker,9950284
/vessels/details/9920069,TAKAO GALAXY,Chemical/Oil Products Tanker,9920069
/vessels/details/9942653,KAMUI GALAXY,Chemical/Oil Products Tanker,9942653
/vessels/details/9932725,BOW MERCURY,Chemical/Oil Products Tanker,9932725
/vessels/details/9177557,GAS LUCKY,LPG Tanker,9177557
/vessels/details/9958688,GAS INNOVATOR,LPG Tanker,9958688
/vessels/details/9228710,FLORENTINE,Chemical/Oil Products Tanker,9228710
/vessels/details/9228722,HAWKS LIBERTY,Chemical Tanker,9228722
/vessels/details/9234628,MACKEREL,Chemical/Oil Products Tanker,9234628
/vessels/details/9258624,ALIMAS,Chemical/Oil Products Tanker,9258624
/vessels/details/9448487,GAZ FRATERNITY,LPG Tanker,9448487
/vessels/details/9448504,GAZ PROVIDENCE,LPG Tanker,9448504
/vessels/details/9448499,GAZ SERENITY,LPG Tanker,9448499
/vessels/details/9229233,ARD HORIZON,LPG Tanker,9229233
/vessels/details/9796834,TSUKUBA GALAXY,Chemical/Oil Products Tanker,9796834
/vessels/details/9875501,TSURUGI GALAXY,Chemical/Oil Products Tanker,9875501
/vessels/details/9800441,GINGA ENDURANCE,Chemical/Oil Products Tanker,9800441
/vessels/details/9796822,NORDIC CALLAO,Chemical/Oil Products Tanker,9796822
/vessels/details/9343780,GINGA PUMA,Chemical/Oil Products Tanker,9343780
/vessels/details/9472737,GINGA BOBCAT,Chemical/Oil Products Tanker,9472737
/vessels/details/9442550,GINGA LYNX,Chemical/Oil Products Tanker,9442550
/vessels/details/9426300,GINGA CARACAL,Chemical/Oil Products Tanker,9426300
/vessels/details/9566162,CHEMROUTE PEGASUS,Chemical/Oil Products Tanker,9566162
/vessels/details/9016492,LUCIA AMBITION,LNG Tanker,9016492
/vessels/details/9321873,GINGA JAGUAR,Chemical/Oil Products Tanker,9321873
/vessels/details/9278727,GINGA LION,Chemical/Oil Products Tanker,9278727
/vessels/details/9278715,GINGA TIGER,Chemical/Oil Products Tanker,9278715
/vessels/details/9321861,GINGA COUGAR,Chemical/Oil Products Tanker,9321861
/vessels/details/9414216,GINGA CHEETAH,Chemical/Oil Products Tanker,9414216
/vessels/details/9379985,GINGA PANTHER,Chemical/Oil Products Tanker,9379985
/vessels/details/9425992,GINGA LEOPARD,Chemical/Oil Products Tanker,9425992
/vessels/details/9508160,CHEMROUTE SKY,Chemical/Oil Products Tanker,9508160
/vessels/details/9458157,GAZ SYNERGY,LPG Tanker,9458157
/vessels/details/9458171,GAZ VICTORY,LPG Tanker,9458171
/vessels/details/9458169,GAZ ENERGY,LPG Tanker,9458169
/vessels/details/9318618,GAZ CRYSTAL,LPG Tanker,9318618
/vessels/details/9989194,BOW LYNX,Chemical/Oil Products Tanker,9989194
/vessels/details/8409082,ILONA I,Oil Products Tanker,8409082
/vessels/details/9952153,BOW PANTHER,Chemical/Oil Products Tanker,9952153
/vessels/details/9952141,BOW CHEETAH,Chemical/Oil Products Tanker,9952141
/vessels/details/9674763,DM BEA,Chemical/Oil Products Tanker,9674763
/vessels/details/9176412,VIRGO I,Oil Products Tanker,9176412
/vessels/details/9251743,DAKAR,Chemical/Oil Products Tanker,9251743
/vessels/details/9371775,HUEMUL,Chemical/Oil Products Tanker,9371775
/vessels/details/9888132,EVA GOLD,Chemical/Oil Products Tanker,9888132
/vessels/details/9888144,EVA DIAMOND,Chemical/Oil Products Tanker,9888144
/vessels/details/9637624,SAGA,Chemical/Oil Products Tanker,9637624
/vessels/details/9572575,GOLDEN UNITY,Chemical/Oil Products Tanker,9572575
/vessels/details/9133836,MORITZ,LPG Tanker,9133836
/vessels/details/9133824,HENRIK,LPG Tanker,9133824
/vessels/details/9428073,MONJASA THUNDER,Chemical/Oil Products Tanker,9428073
/vessels/details/9918133,BITU RIVER,Bitumen Tanker,9918133
/vessels/details/9758090,BOW SUCCESS,Chemical/Oil Products Tanker,9758090
/vessels/details/9758038,BOW GLORY,Chemical/Oil Products Tanker,9758038
/vessels/details/9758026,CHEMSTAR RIVER,Chemical/Oil Products Tanker,9758026
/vessels/details/9147394,GAS FATE,LPG Tanker,9147394
/vessels/details/9298351,DOLPHIN 08,Chemical/Oil Products Tanker,9298351
/vessels/details/9426908,KYRNIKOS,Chemical/Oil Products Tanker,9426908
/vessels/details/9959840,CLAUDE,LPG Tanker,9959840
/vessels/details/9940019,AMAURY NEYRAND,LPG Tanker,9940019
/vessels/details/9624768,AMELIA,Chemical/Oil Products Tanker,9624768
/vessels/details/9798648,BRAVONEA,Chemical/Oil Products Tanker,9798648
/vessels/details/9773179,BOW VICTORY,Chemical/Oil Products Tanker,9773179
/vessels/details/9827463,CHEMSTAR IRIS,Chemical/Oil Products Tanker,9827463
/vessels/details/9827451,CHEMSTAR TIERRA,Chemical/Oil Products Tanker,9827451
/vessels/details/9587790,NV APOLLO,Chemical/Oil Products Tanker,9587790
/vessels/details/9416068,RABIGH SUNSHINE,Chemical/Oil Products Tanker,9416068
/vessels/details/9451410,NORDIC MASA,Chemical/Oil Products Tanker,9451410
/vessels/details/9258155,GINGA SAKER,Chemical/Oil Products Tanker,9258155
/vessels/details/9331256,ELM GALAXY,Chemical/Oil Products Tanker,9331256
/vessels/details/9442548,PVT CLARA,Chemical/Oil Products Tanker,9442548
/vessels/details/9308235,DAMIANIA,Chemical/Oil Products Tanker,9308235
/vessels/details/9408803,PVT JUPITER,Chemical/Oil Products Tanker,9408803
/vessels/details/9379973,CYPRESS GALAXY,Chemical/Oil Products Tanker,9379973
/vessels/details/9900461,ESTEEM SANGO,Chemical/Oil Products Tanker,9900461
/vessels/details/9542154,HANYU CAMELLIA,Chemical/Oil Products Tanker,9542154
/vessels/details/9542142,NO.3 OCEAN PIONEER,Chemical/Oil Products Tanker,9542142
/vessels/details/9363869,BAY YASU,Chemical/Oil Products Tanker,9363869
/vessels/details/9312080,LUMINA T,Chemical/Oil Products Tanker,9312080
/vessels/details/9365477,EOS T,Chemical/Oil Products Tanker,9365477
/vessels/details/9499486,PCT ARTEMIS,Chemical/Oil Products Tanker,9499486
/vessels/details/9304306,MARINA AMAN,Chemical/Oil Products Tanker,9304306
/vessels/details/9542166,NV MINERVA,Chemical/Oil Products Tanker,9542166
/vessels/details/9542178,ASP LILY,Chemical/Oil Products Tanker,9542178
/vessels/details/9542130,WINDSOR,Chemical/Oil Products Tanker,9542130
/vessels/details/9553402,KIRKEHOLMEN,Chemical/Oil Products Tanker,9553402
/vessels/details/9423695,SAEHAN KOSTAR,Chemical/Oil Products Tanker,9423695
/vessels/details/9800037,CONCON TRADER,Chemical/Oil Products Tanker,9800037
/vessels/details/9865520,EVA TOKYO,Chemical/Oil Products Tanker,9865520
/vessels/details/9800025,VARI TRADER,Chemical/Oil Products Tanker,9800025
/vessels/details/9565601,WAWASAN TOPAZ,Chemical/Oil Products Tanker,9565601
/vessels/details/9565613,DM JADE,Chemical/Oil Products Tanker,9565613
/vessels/details/9360958,XENA,Chemical/Oil Products Tanker,9360958
/vessels/details/9724051,SWAN INDIAN,Chemical/Oil Products Tanker,9724051
/vessels/details/9416082,SHAMROCK JUPITER,Chemical/Oil Products Tanker,9416082
/vessels/details/9416094,CARIBBEAN 1,Chemical/Oil Products Tanker,9416094
/vessels/details/9477775,MAKENITA H,Chemical/Oil Products Tanker,9477775
/vessels/details/9360934,AMI,Chemical/Oil Products Tanker,9360934
/vessels/details/9565742,PVT SUNRISE,Chemical/Oil Products Tanker,9565742
/vessels/details/9485863,FG ROTTERDAM,Chemical/Oil Products Tanker,9485863
/vessels/details/9477531,SHAMROCK MERCURY,Chemical/Oil Products Tanker,9477531
/vessels/details/9291456,DOLPHIN 19,Chemical/Oil Products Tanker,9291456
/vessels/details/9288576,SG FRIENDSHIP,Chemical/Oil Products Tanker,9288576
/vessels/details/9286554,LUCKY CHEM,Chemical/Oil Products Tanker,9286554
/vessels/details/9276248,SOLIS,Chemical/Oil Products Tanker,9276248
/vessels/details/9263136,HELEN,Chemical/Oil Products Tanker,9263136
/vessels/details/9508158,AAPUS 11,Chemical/Oil Products Tanker,9508158
/vessels/details/9485849,TG ARIES,Chemical/Oil Products Tanker,9485849
/vessels/details/9477517,PVT FLORA,Chemical/Oil Products Tanker,9477517
/vessels/details/9249594,EASLINE GUANGZHOU,Chemical/Oil Products Tanker,9249594
/vessels/details/9282924,EALDOR,Chemical Tanker,9282924
/vessels/details/9271896,VOYAGER HAVEN,Chemical/Oil Products Tanker,9271896
/vessels/details/9236054,JOVIAN,Chemical/Oil Products Tanker,9236054
/vessels/details/9359923,MT CARIBBEAN ALLIANC,Oil Products Tanker,9359923
/vessels/details/9500144,XT PROGRESS,Chemical/Oil Products Tanker,9500144
/vessels/details/9469455,EMANTHA,Chemical/Oil Products Tanker,9469455
/vessels/details/9268423,LADY YOUMNA,Chemical/Oil Products Tanker,9268423
/vessels/details/9182796,OCEAN AGLAIA,Chemical/Oil Products Tanker,9182796
/vessels/details/9313113,ALJAZIAH,Chemical/Oil Products Tanker,9313113
/vessels/details/9837559,GLOBAL EOS,Chemical/Oil Products Tanker,9837559
/vessels/details/9833436,B59,Chemical/Oil Products Tanker,9833436
/vessels/details/8207020,TAMPA,Oil Products Tanker,8207020
/vessels/details/9769647,GLOBAL APOLLON,Chemical/Oil Products Tanker,9769647
/vessels/details/9803998,GLOBAL NEPTUNE,Chemical/Oil Products Tanker,9803998
/vessels/details/9341366,SPLENDOUR OPAL,Chemical/Oil Products Tanker,9341366
/vessels/details/9341330,SUPER HERO,Chemical/Oil Products Tanker,9341330
/vessels/details/9341342,SUPER INFINITY,Chemical/Oil Products Tanker,9341342
/vessels/details/8025472,ALKYON,Chemical/Oil Products Tanker,8025472
/vessels/details/9102928,GRACEFUL STAR,Chemical/Oil Products Tanker,9102928
/vessels/details/9463358,OCEAN INTEGRITY,Chemical/Oil Products Tanker,9463358
/vessels/details/9156498,SERENITY IX,Chemical/Oil Products Tanker,9156498
/vessels/details/9715995,SOUTHERN NARWHAL,Chemical/Oil Products Tanker,9715995
/vessels/details/8554875,NEW BL DOLPHIN,Oil Products Tanker,8554875
/vessels/details/9890549,ORIENTAL TULIP,Chemical/Oil Products Tanker,9890549
/vessels/details/9882736,ORIENTAL DAPHNE,Chemical/Oil Products Tanker,9882736
/vessels/details/9908334,ORIENTAL HIBISCUS,Chemical/Oil Products Tanker,9908334
/vessels/details/9765079,NEW FRONTIER1,Bunkering Tanker,9765079
/vessels/details/9284647,MAVKA,Chemical Tanker,9284647
/vessels/details/9146027,ANGEL NO2,Oil Products Tanker,9146027
/vessels/details/9606986,SULPHUR GUARDIAN,Chemical Tanker,9606986
/vessels/details/9924716,ORIENTAL GERBERA,Chemical/Oil Products Tanker,9924716
/vessels/details/9924728,ORIENTAL IXIA,Chemical/Oil Products Tanker,9924728
/vessels/details/9824928,ORIENTAL VIOLA,Chemical/Oil Products Tanker,9824928
/vessels/details/9800049,ORIENTAL COSMOS,Chemical/Oil Products Tanker,9800049
/vessels/details/9758313,GOLDEN ASPIRANT,Chemical/Oil Products Tanker,9758313
/vessels/details/9738662,GOLDEN CREATION,Chemical/Oil Products Tanker,9738662
/vessels/details/9183477,GREAT SAILOR,Chemical/Oil Products Tanker,9183477
/vessels/details/9800116,NORDIC AQUA,Chemical/Oil Products Tanker,9800116
/vessels/details/9800104,NORDIC ACE,Chemical/Oil Products Tanker,9800104
/vessels/details/9430703,ASIA EVERGREEN,Chemical/Oil Products Tanker,9430703
/vessels/details/9430727,GREAT PRINCESS,Chemical/Oil Products Tanker,9430727
/vessels/details/9430686,ASIA ASPARA,Chemical/Oil Products Tanker,9430686
/vessels/details/9146546,PRINCESS KAYLA,Oil Products Tanker,9146546
/vessels/details/9204049,OPHELIA I,Chemical/Oil Products Tanker,9204049
/vessels/details/9673032,XING LONG ZHOU 665,Chemical/Oil Products Tanker,9673032
/vessels/details/9232553,MK LION,Chemical/Oil Products Tanker,9232553
/vessels/details/9506150,GAZ EXPLORER,LPG Tanker,9506150
/vessels/details/9506162,GAZ VENTURE,LPG Tanker,9506162
/vessels/details/9506174,GAZ CONCORD,LPG Tanker,9506174
/vessels/details/9511650,GAZ UNITED,LPG Tanker,9511650
/vessels/details/9743760,ORIENTAL JASMINE,Chemical/Oil Products Tanker,9743760
/vessels/details/9743746,ORIENTAL SAKURA,Chemical/Oil Products Tanker,9743746
/vessels/details/9582738,NOVA 1,Chemical/Oil Products Tanker,9582738
/vessels/details/9291028,MARINA ARUNG,Chemical/Oil Products Tanker,9291028
/vessels/details/9753648,DH EPOCH,Chemical/Oil Products Tanker,9753648
/vessels/details/9526708,TRIVENI,Chemical/Oil Products Tanker,9526708
/vessels/details/9517032,GLORY SKY,Chemical/Oil Products Tanker,9517032
/vessels/details/9414321,PVT ESTELLA,Chemical/Oil Products Tanker,9414321
/vessels/details/9397042,DAI THANH,Chemical/Oil Products Tanker,9397042
/vessels/details/9414333,PVT VENUS,Chemical/Oil Products Tanker,9414333
/vessels/details/9827982,DAI QUANG,Chemical/Oil Products Tanker,9827982
/vessels/details/9827970,DAI VINH,Chemical/Oil Products Tanker,9827970
/vessels/details/9809069,SEAGULL 19,Chemical/Oil Products Tanker,9809069
/vessels/details/9474151,HAVEN,Chemical/Oil Products Tanker,9474151
/vessels/details/9164500,GLOBAL STAR,Oil Products Tanker,9164500
/vessels/details/9322097,NERMEEN,Chemical/Oil Products Tanker,9322097
/vessels/details/9322085,RAYYAN I,Chemical/Oil Products Tanker,9322085
/vessels/details/9321134,EASLINE ZHANGJIAGANG,Chemical/Oil Products Tanker,9321134
/vessels/details/9381342,RAFFLES PRIDE,Chemical/Oil Products Tanker,9381342
/vessels/details/9416800,WINTER 89,Chemical/Oil Products Tanker,9416800
/vessels/details/9381316,RAFFLES PROGRESS,Chemical/Oil Products Tanker,9381316
/vessels/details/9416795,PVT ELENA,Chemical/Oil Products Tanker,9416795
/vessels/details/9340386,SUNLIT,Chemical/Oil Products Tanker,9340386
/vessels/details/9476599,ACACIA,Chemical/Oil Products Tanker,9476599
/vessels/details/9351749,BALDO,Oil Products Tanker,9351749
/vessels/details/9504023,VALENTINE,Chemical/Oil Products Tanker,9504023
/vessels/details/9353876,A.S EMERALD GREEN,Chemical/Oil Products Tanker,9353876
/vessels/details/9353864,ARCADIA T,Chemical/Oil Products Tanker,9353864
/vessels/details/9353888,ROSETTA,Chemical/Oil Products Tanker,9353888
/vessels/details/9551337,WHITNEY,Chemical/Oil Products Tanker,9551337
/vessels/details/9378199,AB PALOMA,Chemical/Oil Products Tanker,9378199
/vessels/details/9337834,DOLPHIN 01,Chemical/Oil Products Tanker,9337834
/vessels/details/9376933,LONGHUNG 5,Oil Products Tanker,9376933
/vessels/details/9321639,GT PEACE,Chemical/Oil Products Tanker,9321639
/vessels/details/9300788,DOLPHIN 06,Chemical/Oil Products Tanker,9300788
/vessels/details/9956939,TRANS FJORD,Chemical/Oil Products Tanker,9956939
/vessels/details/9956927,TRANS SEA,Chemical/Oil Products Tanker,9956927
/vessels/details/9485590,TRADEWIND ADVENTURE,Chemical/Oil Products Tanker,9485590
/vessels/details/9534901,SOUTHERN HAWK,Chemical/Oil Products Tanker,9534901
/vessels/details/9441659,DM CONDOR,Chemical/Oil Products Tanker,9441659
/vessels/details/9449417,AM CLOVER,Chemical/Oil Products Tanker,9449417
/vessels/details/9457828,FC VIOLET,Chemical/Oil Products Tanker,9457828
/vessels/details/9449467,TPT HEART,Chemical/Oil Products Tanker,9449467
/vessels/details/9449455,SEA GULL 18,Chemical/Oil Products Tanker,9449455
/vessels/details/9449431,FC ADONIS,Chemical/Oil Products Tanker,9449431
/vessels/details/9415478,HEUNG-A PIONEER,Chemical/Oil Products Tanker,9415478
/vessels/details/9415480,NO2.HEUNG-A PIONEER,Chemical/Oil Products Tanker,9415480
/vessels/details/9274288,VALIANT,Chemical/Oil Products Tanker,9274288
/vessels/details/9276286,KS ADONIS,Chemical/Oil Products Tanker,9276286
/vessels/details/9407201,ORIENTAL MARGUERITE,Chemical/Oil Products Tanker,9407201
/vessels/details/9357638,AFRICAN PEARL,Chemical/Oil Products Tanker,9357638
/vessels/details/9890757,GLOBAL MERCURY,Chemical/Oil Products Tanker,9890757
/vessels/details/9494876,SG PEGASUS,Chemical/Oil Products Tanker,9494876
/vessels/details/9186730,LADY GENESIS,Chemical/Oil Products Tanker,9186730
/vessels/details/9186704,ADELINE,Chemical/Oil Products Tanker,9186704
/vessels/details/9358814,INTAN GLORY,Oil Products Tanker,9358814
/vessels/details/9870513,IRENE A,LPG Tanker,9870513
/vessels/details/9859246,GOLDEN BETELGEUSE,Chemical/Oil Products Tanker,9859246
/vessels/details/9820427,CHEMICAL EXPLORER,Chemical/Oil Products Tanker,9820427
/vessels/details/9974321,SEASPAN LIONS,Bunkering Tanker,9974321
/vessels/details/9974333,SEASPAN BAKER,Bunkering Tanker,9974333
/vessels/details/9974319,SEASPAN GARIBALDI,Bunkering Tanker,9974319
/vessels/details/9806706,SWAN DIGNITY,Chemical/Oil Products Tanker,9806706
/vessels/details/8705333,CETUS I,Oil Products Tanker,8705333
/vessels/details/9843998,CRANE URANUS,Chemical/Oil Products Tanker,9843998
/vessels/details/9267962,HOOT,LPG Tanker,9267962
/vessels/details/9267950,GAS ATHENA,LPG Tanker,9267950
/vessels/details/9782950,CRANE HELIOS,Chemical/Oil Products Tanker,9782950
/vessels/details/9208148,YELLOW STONE,LPG Tanker,9208148
/vessels/details/9511143,SUNNY ORION,Chemical/Oil Products Tanker,9511143
/vessels/details/9426623,SHOZAN,Chemical/Oil Products Tanker,9426623
/vessels/details/9347736,FORTUNATO,LPG Tanker,9347736
/vessels/details/9322982,DALIA,Chemical/Oil Products Tanker,9322982
/vessels/details/9340922,ABC TRADER,Chemical/Oil Products Tanker,9340922
/vessels/details/9796559,FS BITUMEN NO.2,Bitumen Tanker,9796559
/vessels/details/9712333,GOLDEN ORION,Chemical/Oil Products Tanker,9712333
/vessels/details/9706944,GLOBAL VENUS,Chemical/Oil Products Tanker,9706944
/vessels/details/9750452,GLOBAL FLORA,Chemical/Oil Products Tanker,9750452
/vessels/details/9123879,TUTUK,Oil Products Tanker,9123879
/vessels/details/8674986,NEW BL RAY,Oil Products Tanker,8674986
/vessels/details/9814909,DIONNE,Chemical/Oil Products Tanker,9814909
/vessels/details/9888637,SHOKO,Chemical/Oil Products Tanker,9888637
/vessels/details/9300544,ROSEANNE,Chemical/Oil Products Tanker,9300544
/vessels/details/9171474,HICRI KAAN,Chemical/Oil Products Tanker,9171474
/vessels/details/9613616,YELENA,Chemical/Oil Products Tanker,9613616
/vessels/details/9624548,ZOEY,Chemical/Oil Products Tanker,9624548
/vessels/details/9562829,DOLPHIN 09,Chemical/Oil Products Tanker,9562829
/vessels/details/9773167,GOLDEN VEGA,Chemical/Oil Products Tanker,9773167
/vessels/details/1016276,SUN KRONOS,Chemical/Oil Products Tanker,1016276
/vessels/details/9781097,SUN TRITON,Chemical/Oil Products Tanker,9781097
/vessels/details/9548160,MK TIGER,Oil Products Tanker,9548160
/vessels/details/9930832,GOLDEN AXIS,Chemical/Oil Products Tanker,9930832
/vessels/details/9881067,GOLDEN MIND,Chemical/Oil Products Tanker,9881067
/vessels/details/9819911,GOLDEN WAVE,Chemical/Oil Products Tanker,9819911
/vessels/details/9514195,ABC IRIS,Oil Products Tanker,9514195
/vessels/details/9805130,GOLDEN LEADER,Chemical/Oil Products Tanker,9805130
/vessels/details/9750476,GOLDEN PROCYON,Chemical/Oil Products Tanker,9750476
/vessels/details/9792163,GOLDEN ALTAIR,Chemical/Oil Products Tanker,9792163
/vessels/details/9566203,GOLDEN CHIE,Chemical/Oil Products Tanker,9566203
/vessels/details/9196448,BLACK ROCK,Chemical/Oil Products Tanker,9196448
/vessels/details/9366196,GOLDEN DENISE,Chemical/Oil Products Tanker,9366196
/vessels/details/1061312,DS SOPHIA,Bitumen Tanker,1061312
/vessels/details/9236339,AU LIBRA,Chemical/Oil Products Tanker,9236339
/vessels/details/9337810,PANTELIS,Chemical/Oil Products Tanker,9337810
/vessels/details/9759264,BUENA CONFIANZA,LPG Tanker,9759264
/vessels/details/9390525,MT SANDRO,Chemical/Oil Products Tanker,9390525
/vessels/details/9311309,GLOBAL ANGEL,Oil Products Tanker,9311309
/vessels/details/9478262,SINGAPORE PIONEER,Chemical/Oil Products Tanker,9478262
/vessels/details/9567764,SAN MIGUEL,Oil Products Tanker,9567764
/vessels/details/9478274,GOLDEN SIRIUS,Chemical/Oil Products Tanker,9478274
/vessels/details/9138408,OBAN,Chemical/Oil Products Tanker,9138408
/vessels/details/1043097,WAVEPOWER,Bitumen Tanker,1043097
/vessels/details/1016056,WINDPOWER,Bitumen Tanker,1016056
/vessels/details/9393060,FRONTERA,Chemical/Oil Products Tanker,9393060
/vessels/details/9441685,PILARGAS,LPG Tanker,9441685
/vessels/details/9212462,WINCANTON,LPG Tanker,9212462
/vessels/details/1039682,SWANLAKE,Chemical/Oil Products Tanker,1039682
/vessels/details/9221803,YARA J,Chemical/Oil Products Tanker,9221803
/vessels/details/9261841,GREEN LINE,Chemical/Oil Products Tanker,9261841
/vessels/details/9931862,VIS,LPG Tanker,9931862
/vessels/details/9394739,ASPHALT EXPRESS,Bitumen Tanker,9394739
/vessels/details/1019137,GAS HOPE,LPG Tanker,1019137
/vessels/details/9193599,POLAR STAR,Chemical/Oil Products Tanker,9193599
/vessels/details/9263942,ASPHALT TERANGA,Bitumen Tanker,9263942
/vessels/details/9542908,CYAN ORCA,Chemical/Oil Products Tanker,9542908
/vessels/details/9794290,EAGLE ASIA 10,Chemical/Oil Products Tanker,9794290
/vessels/details/9171735,ROYAL MAJESTY,Chemical/Oil Products Tanker,9171735
/vessels/details/9530527,ISTHMUS TRADER,Oil Products Tanker,9530527
/vessels/details/9408360,ATA VOYAGER,Chemical/Oil Products Tanker,9408360
/vessels/details/9510565,HAI HONG,Chemical/Oil Products Tanker,9510565
/vessels/details/9510541,HAI YAN,Chemical/Oil Products Tanker,9510541
/vessels/details/9813034,DH ADMIRAL,Chemical/Oil Products Tanker,9813034
/vessels/details/9197727,AQUA SPIRIT,LPG Tanker,9197727
/vessels/details/9940710,SHOKAI,Chemical/Oil Products Tanker,9940710
/vessels/details/9207857,HAWKS GLORY,Chemical/Oil Products Tanker,9207857
/vessels/details/9175743,ANGEL 38,Oil Products Tanker,9175743
/vessels/details/9317028,WINTER SUN,Chemical/Oil Products Tanker,9317028
/vessels/details/9699256,GREMIO,LPG Tanker,9699256
/vessels/details/9806720,GAS GOODWILL,LPG Tanker,9806720
/vessels/details/9250505,GAS CATHAR,LPG Tanker,9250505
/vessels/details/9717412,LOUIS,LPG Tanker,9717412
/vessels/details/9774898,GAS FORTUNE,LPG Tanker,9774898
/vessels/details/9746786,CORINTHIAN,LPG Tanker,9746786
/vessels/details/9806732,GAS DIAMOND,LPG Tanker,9806732
/vessels/details/9291224,GAZ INTERCEPTOR,LPG Tanker,9291224
/vessels/details/9531765,BITU,Bitumen Tanker,9531765
/vessels/details/9907782,FRANCOIS,LPG Tanker,9907782
/vessels/details/9977397,SILVER NEREIS,Chemical/Oil Products Tanker,9977397
/vessels/details/9529944,PB CHALITA,Chemical/Oil Products Tanker,9529944
/vessels/details/9519664,PHUBAI PATTRA 2,Chemical/Oil Products Tanker,9519664
/vessels/details/9478121,DAEWOO DIAMOND,Chemical/Oil Products Tanker,9478121
/vessels/details/9016935,PACIFIC SPACE,Chemical/Oil Products Tanker,9016935
/vessels/details/9478078,YC CLOVER,Chemical/Oil Products Tanker,9478078
/vessels/details/8662347,HUA CHEN 366,Chemical/Oil Products Tanker,8662347
/vessels/details/9515357,HERMES,Chemical/Oil Products Tanker,9515357
/vessels/details/9393668,WALER,Chemical/Oil Products Tanker,9393668
/vessels/details/9411692,TRISTEN,Chemical/Oil Products Tanker,9411692
/vessels/details/9570113,XING HAI WAN,Bitumen Tanker,9570113
/vessels/details/9563108,AN HAI WAN,Bitumen Tanker,9563108
/vessels/details/9578385,NING HAI WAN,Bitumen Tanker,9578385
/vessels/details/9558579,PING HAI WAN,Bitumen Tanker,9558579
/vessels/details/9196656,CHUANG YI,Chemical/Oil Products Tanker,9196656
/vessels/details/9930741,SHOYU,Chemical/Oil Products Tanker,9930741
/vessels/details/9773155,SHOSHUN,Chemical/Oil Products Tanker,9773155
/vessels/details/9934436,SH VENUS,Chemical/Oil Products Tanker,9934436
/vessels/details/9934448,SH OLIVIA,Chemical/Oil Products Tanker,9934448
/vessels/details/9709271,SHOTAN,Chemical/Oil Products Tanker,9709271
/vessels/details/9505003,BD 51,Bitumen Tanker,9505003
/vessels/details/9867293,SILVER SCORPIO,Chemical/Oil Products Tanker,9867293
/vessels/details/9806744,SILVER LIBRA,Chemical/Oil Products Tanker,9806744
/vessels/details/9820439,SILVER ARIES,Chemical/Oil Products Tanker,9820439
/vessels/details/9700433,SUN ORION,Chemical/Oil Products Tanker,9700433
/vessels/details/9370630,MARINA NEPTUNE,Chemical/Oil Products Tanker,9370630
/vessels/details/9700445,SUN APOLLON,Chemical/Oil Products Tanker,9700445
/vessels/details/9200859,ANNECY,Oil Products Tanker,9200859
/vessels/details/9184031,ULTRA ENERGY,Oil Products Tanker,9184031
/vessels/details/9078177,FADL-E-RABBI,Chemical/Oil Products Tanker,9078177
/vessels/details/9268552,JINZHOU STAR,Chemical/Oil Products Tanker,9268552
/vessels/details/9415038,JOY CHEMIST,Chemical/Oil Products Tanker,9415038
/vessels/details/9276224,WENZHOU STAR,Chemical/Oil Products Tanker,9276224
/vessels/details/9291444,LIVATYA,Chemical/Oil Products Tanker,9291444
/vessels/details/9166962,JM ARIES,Chemical/Oil Products Tanker,9166962
/vessels/details/9162069,WEALTHY,Chemical/Oil Products Tanker,9162069
/vessels/details/9166950,PRINCE CHARMING,Chemical/Oil Products Tanker,9166950
/vessels/details/9843027,PUTRI ZAHARA,Oil Products Tanker,9843027
/vessels/details/9428437,EXCELLION,Chemical/Oil Products Tanker,9428437
/vessels/details/9940291,CS BREEZE,Chemical/Oil Products Tanker,9940291
/vessels/details/9940306,CS HANA,Chemical/Oil Products Tanker,9940306
/vessels/details/9498975,MONJASA STRIKER,Oil Products Tanker,9498975
/vessels/details/9498963,MONJASA SUPPLIER,Chemical/Oil Products Tanker,9498963
/vessels/details/9547776,MARINE MOON,Chemical/Oil Products Tanker,9547776
/vessels/details/9135183,COUNTESS 9,Chemical/Oil Products Tanker,9135183
/vessels/details/9752498,GABDULLA TUKAY,Chemical/Oil Products Tanker,9752498
/vessels/details/9766140,MUSA DZHALIL,Chemical/Oil Products Tanker,9766140
/vessels/details/9820776,GALIASGAR KAMAL,Chemical/Oil Products Tanker,9820776
/vessels/details/9229142,KEMPTON,LPG Tanker,9229142
/vessels/details/9360221,STAR NORTHDALE,Bunkering Tanker,9360221
/vessels/details/9390264,RAFFLES PROSPERITY,Oil Products Tanker,9390264
/vessels/details/9377028,ALEJANDRINA 1,Oil Products Tanker,9377028
/vessels/details/9258313,KS ANGELINA,Chemical/Oil Products Tanker,9258313
/vessels/details/9223710,AT GLORY,Oil Products Tanker,9223710
/vessels/details/9823821,PROFESSOR AZIZALIYEV,Oil Products Tanker,9823821
/vessels/details/9109316,GAS NERO,LPG Tanker,9109316
/vessels/details/9459577,JANE ASPHALT,Bitumen Tanker,9459577
/vessels/details/9813565,GANJA,Oil Products Tanker,9813565
/vessels/details/9394325,KSSCARLETT,Oil Products Tanker,9394325
/vessels/details/9658422,ORIS GRACE,Oil Products Tanker,9658422
/vessels/details/9495832,BLACKSEA EAGLE,Oil Products Tanker,9495832
/vessels/details/9438286,NEO TRADER,Oil Products Tanker,9438286
/vessels/details/9438212,LORENA B,Oil Products Tanker,9438212
/vessels/details/9438224,VALME B,Oil Products Tanker,9438224
/vessels/details/9483619,ORIS HELGA,Chemical/Oil Products Tanker,9483619
/vessels/details/9517290,EPSILON SEA,Oil Products Tanker,9517290
/vessels/details/9517288,ALFA SEA,Oil Products Tanker,9517288
/vessels/details/9031507,HAI GONG YOU 303,Oil Products Tanker,9031507
/vessels/details/9372353,FC GLORIA,Chemical/Oil Products Tanker,9372353
/vessels/details/9125994,MK GAS SCORPIO,LPG Tanker,9125994
/vessels/details/9173202,EXPRESS SAIL,Chemical/Oil Products Tanker,9173202
/vessels/details/9855680,CRANE STELLA,Chemical/Oil Products Tanker,9855680
/vessels/details/9840855,CRANE NOVA,Chemical/Oil Products Tanker,9840855
/vessels/details/9823247,CRANE LYRA,Chemical/Oil Products Tanker,9823247
/vessels/details/9813278,AWAJI,Chemical/Oil Products Tanker,9813278
/vessels/details/9805221,CRANE MAIA,Chemical/Oil Products Tanker,9805221
/vessels/details/9736511,CRANE ARIEL,Chemical/Oil Products Tanker,9736511
/vessels/details/9050682,HERCULES PRIDE,Oil Products Tanker,9050682
/vessels/details/9833230,PRINCESS TOPAZ,Chemical/Oil Products Tanker,9833230
/vessels/details/9833228,PRINCESS AMBER,Chemical/Oil Products Tanker,9833228
/vessels/details/9715866,PRINCESS GARNET,Chemical/Oil Products Tanker,9715866
/vessels/details/9260380,HARBOR DOLPHIN,Chemical/Oil Products Tanker,9260380
/vessels/details/9357664,CELESTA,Chemical/Oil Products Tanker,9357664
/vessels/details/9519614,BLUE CHEM,Chemical/Oil Products Tanker,9519614
/vessels/details/9558361,UNA,Oil Products Tanker,9558361
/vessels/details/9140475,HARVEST STAR,Chemical/Oil Products Tanker,9140475
/vessels/details/9729582,BLUE LAKE STAR,Chemical/Oil Products Tanker,9729582
/vessels/details/9718923,CAMINERO,Chemical/Oil Products Tanker,9718923
/vessels/details/9711248,PLANEO,Chemical/Oil Products Tanker,9711248
/vessels/details/9181900,GAS HOUSTON,LPG Tanker,9181900
/vessels/details/9409986,KASSIA,Chemical/Oil Products Tanker,9409986
/vessels/details/9416317,AM MOON,Chemical/Oil Products Tanker,9416317
/vessels/details/9416329,ABC SUN,Chemical/Oil Products Tanker,9416329
/vessels/details/9692428,FS BITUMEN NO.1,Bitumen Tanker,9692428
/vessels/details/9280146,ZAYA,Oil Products Tanker,9280146
/vessels/details/9382152,LEROS,Oil Products Tanker,9382152
/vessels/details/9381653,KERKYRA,Oil Products Tanker,9381653
/vessels/details/9477751,VEMAHOPE,Oil Products Tanker,9477751
/vessels/details/9553282,VEMAGRACE,Oil Products Tanker,9553282
/vessels/details/1053614,GAS FRONTIER,LPG Tanker,1053614
/vessels/details/9832511,SUN FLORA,Chemical/Oil Products Tanker,9832511
/vessels/details/9774410,SUN VENUS,Chemical/Oil Products Tanker,9774410
/vessels/details/9387164,MT MAXIMUS,Oil Products Tanker,9387164
/vessels/details/9377585,MT SUN RISE I,Oil Products Tanker,9377585
/vessels/details/9774408,CRANE VESTA,Chemical/Oil Products Tanker,9774408
/vessels/details/9601871,PHENIX EXPRESS,LPG Tanker,9601871
/vessels/details/9392872,LADY AEGINA,LPG Tanker,9392872
/vessels/details/9448841,GAS QUEST,LPG Tanker,9448841
/vessels/details/9371153,GAS DREAM,LPG Tanker,9371153
/vessels/details/9402665,RAJ,Oil Products Tanker,9402665
/vessels/details/9628623,VALDESA,Oil Products Tanker,9628623
/vessels/details/9882865,CRANE SPICA,Chemical/Oil Products Tanker,9882865
/vessels/details/9873424,CRANE MIMOSA,Chemical/Oil Products Tanker,9873424
/vessels/details/9280158,GREAT PANAMA,Chemical/Oil Products Tanker,9280158
/vessels/details/9523811,ORIENTAL DAWN,LPG Tanker,9523811
/vessels/details/9519901,LONGHUNG 1,Oil Products Tanker,9519901
/vessels/details/9747077,CRANE REGULUS,Chemical/Oil Products Tanker,9747077
/vessels/details/9661431,PACIFIC TRADER,Oil Products Tanker,9661431
/vessels/details/9258129,PERLA,Chemical/Oil Products Tanker,9258129
/vessels/details/9489572,NV MARLIN,Chemical/Oil Products Tanker,9489572
/vessels/details/9444807,AVA,Chemical/Oil Products Tanker,9444807
/vessels/details/9507740,PHOENIX GAS,LPG Tanker,9507740
/vessels/details/9559640,GAS XANADU,LPG Tanker,9559640
/vessels/details/9559731,BUENA LUNA,LPG Tanker,9559731
/vessels/details/9364198,GAS UNITED,LPG Tanker,9364198
/vessels/details/9882889,MORNING GENTLY,LPG Tanker,9882889
/vessels/details/9891127,MORNING HOPE,LPG Tanker,9891127
/vessels/details/9000613,VITIS,Chemical Tanker,9000613
/vessels/details/9283459,NORTHERN OSPREY,Chemical/Oil Products Tanker,9283459
/vessels/details/9342633,GIBUNKER 100,Oil Products Tanker,9342633
/vessels/details/9342619,VELADERO,Oil Products Tanker,9342619
/vessels/details/9747065,PLUMERIA CORAL,LPG Tanker,9747065
/vessels/details/9474591,LUCAS,Chemical/Oil Products Tanker,9474591
/vessels/details/9379234,SIGAS INGRID,LPG Tanker,9379234
/vessels/details/1019943,AZALEA CORAL,LPG Tanker,1019943
/vessels/details/9806756,BITUMEN KOSEI,Bitumen Tanker,9806756
/vessels/details/9758818,WINNING ROAD,LPG Tanker,9758818
/vessels/details/9699244,GAS KATE,LPG Tanker,9699244
/vessels/details/9687667,ARAGO,LPG Tanker,9687667
/vessels/details/9353981,GAS STAR,LPG Tanker,9353981
/vessels/details/9952036,MORNING JANE,LPG Tanker,9952036
/vessels/details/9894088,MH SAKURA,LPG Tanker,9894088
/vessels/details/9925459,GAS JOURNEY,LPG Tanker,9925459
/vessels/details/8688717,LIQUID GEM,Oil Products Tanker,8688717
/vessels/details/9867281,OLYMPIA ROAD,LPG Tanker,9867281
/vessels/details/9883558,BUENA BANDERA,LPG Tanker,9883558
/vessels/details/9355135,DANIEL B,LPG Tanker,9355135
/vessels/details/9952012,SAEHAN ASTRO,LPG Tanker,9952012
/vessels/details/8814861,HERCULES 300,Oil Products Tanker,8814861
/vessels/details/9130808,BALVENIE,Chemical/Oil Products Tanker,9130808
/vessels/details/9130810,LAGAVULIN,Oil Products Tanker,9130810
/vessels/details/9291602,BARBAROS ULUC VARDAL,Chemical/Oil Products Tanker,9291602
/vessels/details/9405631,XINTIAN 30,Chemical/Oil Products Tanker,9405631
/vessels/details/9297101,TIDAL RHYTHM,Bitumen Tanker,9297101
/vessels/details/9539676,ZETA 1,Oil Products Tanker,9539676
/vessels/details/9381627,B. SKY,Oil Products Tanker,9381627
/vessels/details/9133599,PRINCE IX,Bitumen Tanker,9133599
/vessels/details/9299202,BOM JESUS,Bunkering Tanker,9299202
/vessels/details/8920282,ORIS SOFI,Chemical/Oil Products Tanker,8920282
/vessels/details/9282675,BARBAROS HAYRETTIN V,Chemical/Oil Products Tanker,9282675
/vessels/details/9310381,PAVINO,Chemical/Oil Products Tanker,9310381
/vessels/details/9269934,VARUNA,Chemical/Oil Products Tanker,9269934
/vessels/details/9402691,VACAMONTE,Chemical/Oil Products Tanker,9402691
/vessels/details/9287883,ASPHALT ALLIANCE,Bitumen Tanker,9287883
/vessels/details/9140592,GAS AURA,LPG Tanker,9140592
/vessels/details/9187837,MONA,LPG Tanker,9187837
/vessels/details/7908471,HUA GANG,Oil Products Tanker,7908471
/vessels/details/9792175,CRANE LUNA,Chemical/Oil Products Tanker,9792175
/vessels/details/9814337,ELENA H,Tankers,9814337
/vessels/details/9326201,MAEA,LPG Tanker,9326201
/vessels/details/9321885,VICTOIRE,LPG Tanker,9321885
/vessels/details/9418963,RMS 1,Bitumen Tanker,9418963
/vessels/details/9258832,ROAMA 8,Chemical/Oil Products Tanker,9258832
/vessels/details/9153422,LESLEY CT,Oil Products Tanker,9153422
/vessels/details/9161065,GAS MARY,LPG Tanker,9161065
/vessels/details/9161077,LADY VALENCIA,LPG Tanker,9161077
/vessels/details/9710294,GAS ELEGANCE,LPG Tanker,9710294
/vessels/details/9699608,CRANE VEGA,LPG Tanker,9699608
/vessels/details/9698290,GAS RESPECT,LPG Tanker,9698290
/vessels/details/9136759,VENUS GAS,LPG Tanker,9136759
/vessels/details/1055088,DRAGON SOARING,Oil Products Tanker,1055088
/vessels/details/9514303,GAS LOTUS,LPG Tanker,9514303
/vessels/details/7367275,CENTENARIO TRADER,Oil Products Tanker,7367275
/vessels/details/9883560,BUENA AMISTAD,LPG Tanker,9883560
/vessels/details/9564853,PILATUS 65,LPG Tanker,9564853
/vessels/details/9571222,LADY ROSALIA,LPG Tanker,9571222
/vessels/details/9615341,SAEHAN SELINA,LPG Tanker,9615341
/vessels/details/9691319,JASMINE CORAL,LPG Tanker,9691319
/vessels/details/9643996,LOTUS CORAL,LPG Tanker,9643996
/vessels/details/9392884,DIAMOND CORAL,LPG Tanker,9392884
/vessels/details/9216793,QEM STAR,LPG Tanker,9216793
/vessels/details/9552692,EASTERN PHOENIX,Chemical Tanker,9552692
/vessels/details/9456616,BLUE PHOENIX,Chemical/Oil Products Tanker,9456616
/vessels/details/9541875,VIRGO PHOENIX,Chemical/Oil Products Tanker,9541875
/vessels/details/9118185,HYDE PARK,Oil Products Tanker,9118185
/vessels/details/9118173,HARRIER,Oil Products Tanker,9118173
/vessels/details/9177959,GAS ZUMA,LPG Tanker,9177959
/vessels/details/9165451,STELLAR,Chemical/Oil Products Tanker,9165451
/vessels/details/9114658,WESTERN SEA,Oil Products Tanker,9114658
/vessels/details/9041502,AXIS,Oil Products Tanker,9041502
/vessels/details/9427524,MALONGO,Chemical/Oil Products Tanker,9427524
/vessels/details/9427500,OCEAN SUN,Chemical/Oil Products Tanker,9427500
/vessels/details/9186273,GOLDEN TIDE,Chemical/Oil Products Tanker,9186273
/vessels/details/8410665,PRESIDENT,Oil Products Tanker,8410665
/vessels/details/9574705,YANGTZE JASPER,Chemical Tanker,9574705
/vessels/details/9942835,SUN ROYAL,Chemical/Oil Products Tanker,9942835
/vessels/details/9909417,SAEHAN CARINA,LPG Tanker,9909417
/vessels/details/9008500,PABLO,LPG Tanker,9008500
/vessels/details/9763629,ASTREANA,Chemical Tanker,9763629
/vessels/details/9859856,SUN CROWN,Chemical/Oil Products Tanker,9859856
/vessels/details/9715933,IRIS,LPG Tanker,9715933
/vessels/details/9643960,BUENA ESPERANZA,LPG Tanker,9643960
/vessels/details/9373931,HERCULES 200,Oil Products Tanker,9373931
/vessels/details/9693305,BUENA DIOSA,LPG Tanker,9693305
/vessels/details/9643972,BUENA ALBA,LPG Tanker,9643972
/vessels/details/9528550,BUENA SUERTE,LPG Tanker,9528550
/vessels/details/9447378,LADY THALASSA,LPG Tanker,9447378
/vessels/details/9937701,GOLDEN GRACE HANA,Chemical/Oil Products Tanker,9937701
/vessels/details/9826392,SUN QUEEN,Chemical/Oil Products Tanker,9826392
/vessels/details/9809643,DUKE CHEMIST,Chemical/Oil Products Tanker,9809643
/vessels/details/9809667,FALCON CHEMIST,Chemical/Oil Products Tanker,9809667
/vessels/details/9809655,E CHEMIST,Chemical/Oil Products Tanker,9809655
/vessels/details/8910598,ORYX TRADER,Oil Products Tanker,8910598
/vessels/details/9596545,JC TRADER,Oil Products Tanker,9596545
/vessels/details/9831543,KOHSEI MARU,Chemical Tanker,9831543
/vessels/details/9245299,ORIS DI,Chemical/Oil Products Tanker,9245299
/vessels/details/9406740,AL MAHA,Chemical Tanker,9406740
/vessels/details/9373747,NAZAN,Chemical/Oil Products Tanker,9373747
/vessels/details/9134749,STAR GOETHALS,Oil Products Tanker,9134749
/vessels/details/9540273,GLORIA C,Chemical/Oil Products Tanker,9540273
/vessels/details/9237163,CHRONOS,Oil Products Tanker,9237163
/vessels/details/8598297,JIAN JIE,Oil Products Tanker,8598297
/vessels/details/9035371,ARIS 1,Oil Products Tanker,9035371
/vessels/details/9336488,HESTIANA,Chemical Tanker,9336488
/vessels/details/9833149,SULPHUR GLORY2,Chemical Tanker,9833149
/vessels/details/9145011,ENDO LEVANTE,Oil Products Tanker,9145011
/vessels/details/8027585,ATLANTIC SUN,Chemical Tanker,8027585
/vessels/details/9844148,CRANE AVANCE,Chemical/Oil Products Tanker,9844148
/vessels/details/9485538,NURI CHEMIST,Chemical/Oil Products Tanker,9485538
/vessels/details/9392896,SPRING EURO,Chemical/Oil Products Tanker,9392896
/vessels/details/9452749,ROXANA TRADER,Oil Products Tanker,9452749
/vessels/details/9592393,SUN LORD,Chemical/Oil Products Tanker,9592393
/vessels/details/9767742,KOKA MARU,Chemical Tanker,9767742
/vessels/details/1068217,FORTUNE,Oil Products Tanker,1068217
/vessels/details/7611781,PETROMAYA,LPG Tanker,7611781
/vessels/details/9088108,RIO LEA,Oil Products Tanker,9088108
/vessels/details/9264702,AIDEN II,Chemical Tanker,9264702
/vessels/details/9568885,VENRAY,Bunkering Tanker,9568885
/vessels/details/7901277,POZUELOS,LPG Tanker,7901277
/vessels/details/8117809,PANABUNKER ONCE,Bunkering Tanker,8117809
/vessels/details/8117794,SPABUNKER UNO,Bunkering Tanker,8117794
/vessels/details/9174086,MOZART 1,Chemical/Oil Products Tanker,9174086
/vessels/details/9319961,EAGLE NAVIGATOR,Bunkering Tanker,9319961
/vessels/details/9079303,VEYSEL VARDAL,Vegetable Oil Tanker,9079303
/vessels/details/9652301,BLACK DRAGON,Bitumen Tanker,9652301
/vessels/details/9634828,BLUE KINGDOM,Bitumen Tanker,9634828
/vessels/details/9779094,MARIELA,Bunkering Tanker,9779094
/vessels/details/8617603,PACIFIC OCEAN,Oil Products Tanker,8617603
/vessels/details/9190315,ARDBEG,Chemical/Oil Products Tanker,9190315
/vessels/details/9190327,TALISKER,Oil Products Tanker,9190327
/vessels/details/7715410,ANCON TRADER,Oil Products Tanker,7715410
/vessels/details/9280964,VAALS,Bunkering Tanker,9280964
/vessels/details/8801321,AKTEA OSRV,Oil Products Tanker,8801321
/vessels/details/7410759,DANIA,Oil Products Tanker,7410759
/vessels/details/9881354,CHEM HANA,Chemical/Oil Products Tanker,9881354
/vessels/details/9805063,ACE HANA,Chemical/Oil Products Tanker,9805063
/vessels/details/9765990,KEOYOUNG BLUE 3,Chemical/Oil Products Tanker,9765990
/vessels/details/7423914,THE ARROW,LPG Tanker,7423914
/vessels/details/6916122,LUCKY II,Oil Products Tanker,6916122
/vessels/details/8360509,PETRO I,Oil Products Tanker,8360509
/vessels/details/9044889,PESETA,Oil Products Tanker,9044889
/vessels/details/352004817,BUCCOO REEF,Tanker,352004817
/vessels/details/352003906,CH ALQUIMIA,Tanker,352003906
/vessels/details/374389000,PANAMA STAR,Tanker,374389000
/vessels/details/9806689,LEO ASPHALT II,Bitumen Tanker,9806689
/vessels/details/9472749,MARINA QUEST,Chemical/Oil Products Tanker,9472749
/vessels/details/1118361,HUI HANG 11,Oil Products Tanker,1118361
/vessels/details/8134065,CAROLINA,Oil Products Tanker,8134065
/vessels/details/8794891,TYCHE,Oil Products Tanker,8794891
/vessels/details/370549045,GRAND ACNBB,Tanker,370549045
/vessels/details/9964376,TEVEL,Bunkering Tanker,9964376
/vessels/details/9902471,NENG YUAN 12,Oil Products Tanker,9902471
/vessels/details/1019967,SHITANOE 1516,LPG Tanker,1019967
/vessels/details/352006815,BREAVE,Tanker,352006815
/vessels/details/8816261,KYOKA MARU,LPG Tanker,8816261
/vessels/details/352003829,SEA FORTUNA,Tanker,352003829
/vessels/details/1050947,PIS BELITUNG,Chemical/Oil Products Tanker,1050947
/vessels/details/372662000,ENFORCER,Tanker,372662000
/vessels/details/9357585,FALDA,Chemical/Oil Products Tanker,9357585
/vessels/details/9509334,BITUMAX,Bitumen Tanker,9509334
/vessels/details/8875968,VIRGO,Chemical/Oil Products Tanker,8875968
/vessels/details/9569607,HABI,Oil Products Tanker,9569607
/vessels/details/1019955,MORNING LUNA,LPG Tanker,1019955
/vessels/details/9977983,GAS ACE,LPG Tanker,9977983
/vessels/details/6818643,SEA GLOBAL I,Oil Products Tanker,6818643
/vessels/details/9139945,ULLSWATER,LPG Tanker,9139945
/vessels/details/1097799,YONG WANG DA 69,Oil Products Tanker,1097799
/vessels/details/9404924,C.GALAXY,Crude Oil Tanker,9404924
/vessels/details/370263475,TURK SAVAS GEMISI 1,Tanker,370263475
/vessels/details/8791643,HONG HENG 258,Oil Products Tanker,8791643
/vessels/details/6908400,SEAWAY SAPPHIRE,Oil Products Tanker,6908400
/vessels/details/1080045,STRATOS,Bitumen Tanker,1080045
/vessels/details/9325037,COSMERRY LAKE,Crude Oil Tanker,9325037
/vessels/details/352006180,VERNAL,Tanker,352006180
/vessels/details/9454137,NEW DOLPHIN,Chemical/Oil Products Tanker,9454137
/vessels/details/9046435,SW 6,Chemical/Oil Products Tanker,9046435
/vessels/details/1037517,TIANASHUEN,Oil Products Tanker,1037517
/vessels/details/9045235,SAPHINA,Oil Products Tanker,9045235
/vessels/details/7038941,LUCIA I,Oil Products Tanker,7038941
/vessels/details/9655286,YONG CHANG JI XIANG,Oil Products Tanker,9655286
/vessels/details/354889000,VEDA,Tanker,354889000
/vessels/details/8868343,SAN CHENG,Oil Products Tanker,8868343
/vessels/details/352006704,CAMELL,Tanker,352006704
/vessels/details/8875918,MACURO,Oil Products Tanker,8875918
/vessels/details/374065013,SULFUR ADVANCE,Tanker (HAZ-C),374065013
/vessels/details/9857913,SULFUR BRAVE,Chemical Tanker,9857913
/vessels/details/9161871,VICTORY LIGHT,Chemical/Oil Products Tanker,9161871
/vessels/details/1013951,UM EDO,Chemical/Oil Products Tanker,1013951
/vessels/details/352005605,CATUS,Tanker,352005605
/vessels/details/8797659,NEW BL COD,Oil Products Tanker,8797659
/vessels/details/1037701,GOLDEN THETIS,Chemical/Oil Products Tanker,1037701
/vessels/details/9357614,AFRICAN RUBY,Chemical/Oil Products Tanker,9357614
/vessels/details/7900871,HIKARI,Oil Products Tanker,7900871
/vessels/details/7383607,HAMILTON 1,Chemical Tanker,7383607
/vessels/details/9542104,HAI YUAN,Oil Products Tanker,9542104
/vessels/details/7211359,ARCADIA,LPG Tanker,7211359
/vessels/details/352003694,BONNIE,Tanker,352003694
/vessels/details/1044194,MAKARIOS,Bitumen Tanker,1044194
/vessels/details/1022732,HOKKAIDO,Chemical/Oil Products Tanker,1022732
/vessels/details/9831012,ELEANNA,Chemical/Oil Products Tanker,9831012
/vessels/details/7730458,PONGALE I,Oil Products Tanker,7730458
/vessels/details/1050973,PIS MENTAWAIST,Chemical/Oil Products Tanker,1050973
/vessels/details/9503873,NEREUS,Oil Products Tanker,9503873
/vessels/details/6703056,NORSTAR,Oil Products Tanker,6703056
/vessels/details/8624981,YONG SOON 6,Oil Products Tanker,8624981
/vessels/details/9621223,HAI ZHI RUN 7,Oil Products Tanker,9621223
/vessels/details/356464000,PEARL OF CRATER,Tanker (HAZ-A),356464000
/vessels/details/8863276,TAKESHIMA MARU NO. 2,Oil Products Tanker,8863276
/vessels/details/374064997,SULFUR ADVANCE,Tanker (HAZ-C),374064997
/vessels/details/9661833,PEARL OF CRATER,Oil Products Tanker,9661833
/vessels/details/9105310,ANGEL 118,Oil Products Tanker,9105310
/vessels/details/7327067,HYDER,Oil Products Tanker,7327067
/vessels/details/373710000,GREAT NAOS,Tanker,373710000
/vessels/details/355850000,BONNIE,Tanker (HAZ-A),355850000
/vessels/details/357082000,PEACE,Tanker,357082000
/vessels/details/352002279,GALAXY 3,Tanker,352002279
/vessels/details/8955366,SU SHUN,LPG Tanker,8955366
/vessels/details/7725221,NABILA,Oil Products Tanker,7725221
/vessels/details/8914192,ITRI,Chemical/Oil Products Tanker,8914192
/vessels/details/9552678,GRACE SULPHUR,Chemical Tanker,9552678
/vessels/details/352007131,NAUTUS,Tanker,352007131
/vessels/details/9856658,AFRICAN MARVEL,Chemical/Oil Products Tanker,9856658
/vessels/details/352005493,GORDONS BAY,Tanker,352005493
/vessels/details/9977995,GAS BLOSSOM,LPG Tanker,9977995
/vessels/details/9895329,SILVER LEO,Chemical/Oil Products Tanker,9895329
/vessels/details/9487483,NAVE ALDERAMIN,Chemical/Oil Products Tanker,9487483
/vessels/details/9943229,GAS FAIRWAY,LPG Tanker,9943229
/vessels/details/353370037,C.FREEDOM,Tanker,353370037
/vessels/details/9993884,NAVE DORADO,Crude Oil Tanker,9993884
/vessels/details/356202997,TAIHO MARU I,Tanker,356202997
/vessels/details/8320389,SAMENR,Oil Products Tanker,8320389
/vessels/details/9918028,ZHORES ALFEROV,LNG Tanker,9918028
/vessels/details/372615000,GLORIES,Tanker,372615000
/vessels/details/6605656,MAX SCORE 180,Oil Products Tanker,6605656
/vessels/details/352004212,ZHONG DA YOU 16,Tanker,352004212
/vessels/details/1016240,USUKI 1800,Chemical/Oil Products Tanker,1016240
/vessels/details/9628831,JINHAI J0133,Crude Oil Tanker,9628831
/vessels/details/353868000,LORI,Tanker,353868000
/vessels/details/352906037,K.JASMINE,Tanker (HAZ-A),352906037
/vessels/details/9563500,XIN YIDA 28,Oil Products Tanker,9563500
/vessels/details/8501634,MELILLI,Oil Products Tanker,8501634
/vessels/details/1050038,RUI NENG,Oil Products Tanker,1050038
/vessels/details/9078804,SEA EYES,Oil Products Tanker,9078804
/vessels/details/9997244,PRECIOUS BALBOA,Chemical/Oil Products Tanker,9997244
/vessels/details/6409636,TIMI,Wine Tanker,6409636
/vessels/details/1118646,XIUSHAN STAR,Chemical/Oil Products Tanker,1118646
/vessels/details/8907292,GERTRUDE,Oil Products Tanker,8907292
/vessels/details/9568512,SAKURA CREST,Chemical/Oil Products Tanker,9568512
/vessels/details/9002908,GLOBAL VIVIAN,LPG Tanker,9002908
/vessels/details/1091654,GREAT LAKE,Chemical/Oil Products Tanker,1091654
/vessels/details/9521485,MADHURI,Oil Products Tanker,9521485
/vessels/details/8005214,YANG PU,Chemical/Oil Products Tanker,8005214
/vessels/details/9915428,YONG SHENG YOU 36,Oil Products Tanker,9915428
/vessels/details/355079216,TG ARIES,Tanker,355079216
/vessels/details/9237785,NIRETA,Crude Oil Tanker,9237785
/vessels/details/9177806,LPG SEVAN,LPG Tanker,9177806
/vessels/details/9172739,DANISA,LPG Tanker,9172739
/vessels/details/373837045,AWAJI RB,Tanker (HAZ-B),373837045
/vessels/details/9277541,SWIFT GALAXY,Crude Oil Tanker,9277541
/vessels/details/1024508,PS TOKYO,Chemical/Oil Products Tanker,1024508
/vessels/details/352980924,POLLY,Tanker,352980924
/vessels/details/9646467,ZHONG DA YOU 16,Oil Products Tanker,9646467
/vessels/details/9267948,OCEAN GUARDIAN,Oil Products Tanker,9267948
/vessels/details/372349029,SUN FLORA,Tanker (HAZ-B),372349029
/vessels/details/1119767,QX BRILLIANT,Chemical/Oil Products Tanker,1119767
/vessels/details/9908322,PETREL,Chemical/Oil Products Tanker,9908322
/vessels/details/9705859,ROSSE,Bunkering Tanker,9705859
/vessels/details/9411575,LADY YASSO,Chemical/Oil Products Tanker,9411575
/vessels/details/9859193,HARMONY CHEMIST,Chemical/Oil Products Tanker,9859193
/vessels/details/9916329,HARVEST 62,Oil Products Tanker,9916329
/vessels/details/9007893,MARFA 1,Oil Products Tanker,9007893
/vessels/details/9378773,TORERO,Chemical/Oil Products Tanker,9378773
/vessels/details/9455791,GALUNGGUNG,Crude Oil Tanker,9455791
/vessels/details/9645358,GAS QUANTUM,LPG Tanker,9645358
/vessels/details/1015909,KOHZAN MARU VII,Chemical/Oil Products Tanker,1015909
/vessels/details/9234666,ADELINE G,Crude Oil Tanker,9234666
/vessels/details/9903449,SAMSUNG 2317,LNG Tanker,9903449
/vessels/details/8656271,SEA ANGEL,Oil Products Tanker,8656271
/vessels/details/9671424,APOLLO DREAM,Crude Oil Tanker,9671424
/vessels/details/352001505,FORTUNE GALAXY,Tanker,352001505
/vessels/details/1113244,HX AFFLUENCE,Chemical/Oil Products Tanker,1113244
/vessels/details/7511125,ROSE10,Oil Products Tanker,7511125
/vessels/details/1030595,BITU OCEAN,Bitumen Tanker,1030595
/vessels/details/9711585,ANGEL BLUE,Bitumen Tanker,9711585
/vessels/details/9434709,ANGEL NO.1,Oil Products Tanker,9434709
/vessels/details/6915166,MONJASA PIONEER,Bunkering Tanker,6915166
/vessels/details/9256987,STAR TWINKLE 6,Crude Oil Tanker,9256987
/vessels/details/9859698,MORNING FLORA,LPG Tanker,9859698
/vessels/details/353566722,ELENORE,Tanker (HAZ-B),353566722
/vessels/details/7620689,SCOTTY SKY,Bunkering Tanker,7620689
/vessels/details/9196450,APEX GAS,LPG Tanker,9196450
/vessels/details/9038880,NEREO,Crude Oil Tanker,9038880
/vessels/details/9492919,THETISIA,Chemical Tanker,9492919
/vessels/details/8125973,LIBERTAD 1,Oil Products Tanker,8125973
/vessels/details/8655564,MIN NING DE YOU 056,Oil Products Tanker,8655564
/vessels/details/9315367,MINERVA V,Crude Oil Tanker,9315367
/vessels/details/9705823,IVI,Bunkering Tanker,9705823
/vessels/details/9329796,KIHO,Crude Oil Tanker,9329796
/vessels/details/9918016,LEV LANDAU,LNG Tanker,9918016
/vessels/details/9543794,NEW INTEGRITY,Chemical/Oil Products Tanker,9543794
/vessels/details/8035257,NICODEMUS III,Oil Products Tanker,8035257
/vessels/details/9985849,DEGU,Chemical/Oil Products Tanker,9985849
/vessels/details/9942847,SUN NEPTUNE,Chemical/Oil Products Tanker,9942847
/vessels/details/9891191,PRINCESS SANGO,Chemical/Oil Products Tanker,9891191
/vessels/details/9294305,ILL GAP,Crude Oil Tanker,9294305
/vessels/details/7392256,OCEEANA KAREEMATA,Chemical Tanker,7392256
/vessels/details/9779109,AMBRIELLE,Bunkering Tanker,9779109
/vessels/details/9388687,OCEAN GAS,LPG Tanker,9388687
/vessels/details/1050935,PIS BANGKA,Chemical/Oil Products Tanker,1050935
/vessels/details/9519705,CORA,Chemical/Oil Products Tanker,9519705
/vessels/details/9834519,MALVINA,Oil Products Tanker,9834519
/vessels/details/9594860,QUEEN 20,Oil Products Tanker,9594860
/vessels/details/352009410,ANGEL 1,Tanker,352009410
/vessels/details/9254939,UHUD,Oil Products Tanker,9254939
/vessels/details/9907794,JACQUES,LPG Tanker,9907794
/vessels/details/9343754,NSH SINGAPORE,Chemical/Oil Products Tanker,9343754
/vessels/details/9038830,PROTEO,Crude Oil Tanker,9038830
/vessels/details/9846328,BLANCHE,LPG Tanker,9846328
/vessels/details/1046934,SETIA,Oil Products Tanker,1046934
/vessels/details/7124829,H. J. ENTERPRISE,Oil Products Tanker,7124829
/vessels/details/9125346,AURORA MAJESTY,Bitumen Tanker,9125346
/vessels/details/9916331,PIONEER 38,Oil Products Tanker,9916331
/vessels/details/6825036,TERRIFIC,Oil Products Tanker,6825036
/vessels/details/9339997,SHIZUKISAN,Crude Oil Tanker,9339997
/vessels/details/9038866,TESEO,Crude Oil Tanker,9038866
/vessels/details/9244623,HARMONY STAR,FSO,9244623
/vessels/details/6927145,LADY R,Oil Products Tanker,6927145
/vessels/details/5355345,CORTINA,Oil Products Tanker,5355345
/vessels/details/8533649,PEGASUS I,Oil Products Tanker,8533649
/vessels/details/353273013,CHEM HANA,Tanker,353273013
/vessels/details/9926283,MORNING IDEA,LPG Tanker,9926283
/vessels/details/9357573,SILVA,Chemical/Oil Products Tanker,9357573
/vessels/details/9871921,XU YUE 168,Chemical Tanker,9871921
/vessels/details/1019929,IRIS CORAL,LPG Tanker,1019929
/vessels/details/8303800,SETUBAL I,Oil Products Tanker,8303800
/vessels/details/1032529,TAI AN,Oil Products Tanker,1032529
/vessels/details/354818000,ANA,Tanker,354818000
/vessels/details/9625633,LUFFY,Oil Products Tanker,9625633
/vessels/details/9510618,ARNAB,Oil Products Tanker,9510618
/vessels/details/1051329,CS OCEAN,Chemical/Oil Products Tanker,1051329
/vessels/details/9383998,MARINA PROSPERITY,Chemical/Oil Products Tanker,9383998
/vessels/details/1075844,COUNTESS 17,Oil Products Tanker,1075844
/vessels/details/352002004,ADEMDEMIR,Tanker,352002004
/vessels/details/9037123,AS CALCUTTA,Oil Products Tanker,9037123
/vessels/details/7921461,TAHA,Chemical/Oil Products Tanker,7921461
/vessels/details/1014278,MIR HANA,Chemical/Oil Products Tanker,1014278
/vessels/details/9837808,MORNING EMMA,LPG Tanker,9837808
/vessels/details/9520027,CHANG AN 1,Chemical/Oil Products Tanker,9520027
/vessels/details/9520376,M. MICKIE HARPER,LNG Tanker,9520376
/vessels/details/9320623,LARA,Oil Products Tanker,9320623
/vessels/details/8428662,ETERNAL,Oil Products Tanker,8428662
/vessels/details/9994694,MH NORIKURA,Chemical/Oil Products Tanker,9994694
/vessels/details/353743013,BUENA CONFIANZA,Tanker,353743013
/vessels/details/8842947,SWEET MIRI,Bunkering Tanker,8842947
/vessels/details/356135000,SP,Tanker,356135000
/vessels/details/9711652,ALFA C,Bunkering Tanker,9711652
/vessels/details/9594808,ROSE MARY,Oil Products Tanker,9594808
/vessels/details/9874583,GOLDEN HACHI,Chemical/Oil Products Tanker,9874583
/vessels/details/6603165,SEA GULF,Oil Products Tanker,6603165
/vessels/details/9332420,LS VENUS,Chemical/Oil Products Tanker,9332420
/vessels/details/6918182,LUCK HOPE,LPG Tanker,6918182
/vessels/details/9183635,MT RAGNAR,Oil Products Tanker,9183635
/vessels/details/1024601,ZHOUSHAN CHANGHONG CHB3004,Crude Oil Tanker,1024601
/vessels/details/5058208,CHEVRON ANTWERP,Chemical/Oil Products Tanker,5058208
/vessels/details/9849837,HY ANGEL,Oil Products Tanker,9849837
/vessels/details/9500132,ARIANA,Chemical/Oil Products Tanker,9500132
/vessels/details/8717726,VITAMIN GAS,LPG Tanker,8717726
/vessels/details/354159111,PAND,Tanker,354159111
/vessels/details/8898348,GREAT CARIBE II,Oil Products Tanker,8898348
/vessels/details/1037713,GOLDEN CALYPSO,Chemical/Oil Products Tanker,1037713
/vessels/details/9902524,SUN SIRIUS,Chemical/Oil Products Tanker,9902524
/vessels/details/1022706,STENA CONTINENT,Chemical/Oil Products Tanker,1022706
/vessels/details/9802059,CELSIA,Chemical/Oil Products Tanker,9802059
/vessels/details/1067213,LADY BME,LPG Tanker,1067213
/vessels/details/8690186,YONGHENG,Chemical/Oil Products Tanker,8690186
/vessels/details/352002981,MORNING KATE,Tanker,352002981
/vessels/details/372373000,PECOS I,Tanker,372373000
/vessels/details/9902067,ORIENTAL GLORY,LPG Tanker,9902067
/vessels/details/6417671,MOSELTANK 1,Oil Products Tanker,6417671
/vessels/details/9873254,SUN IRIS,Chemical/Oil Products Tanker,9873254
/vessels/details/352003372,ALICE,Tanker,352003372
/vessels/details/9165346,TULJA BHAVANI,FSO,9165346
/vessels/details/9837793,MORNING DIANA,LPG Tanker,9837793
/vessels/details/8310205,AVEIRO,Chemical/Oil Products Tanker,8310205
/vessels/details/9136644,SIMRAN,Bitumen Tanker,9136644
/vessels/details/9331103,HAMDAN AB,Oil Products Tanker,9331103
/vessels/details/7034995,EMPORIO,Bunkering Tanker,7034995
/vessels/details/9918004,PYOTR KAPITSA,LNG Tanker,9918004
/vessels/details/7718759,TENRYU MARU NO. 5,Oil Products Tanker,7718759
/vessels/details/1019149,GAS INFINITY,LPG Tanker,1019149
/vessels/details/352315100,IONY,Tanker (HAZ-D),352315100
/vessels/details/8591861,MORAY,Oil Products Tanker,8591861
/vessels/details/5214888,ESSO SIRIUS,Chemical/Oil Products Tanker,5214888
/vessels/details/8111257,MUSTARD,Bitumen Tanker,8111257
/vessels/details/9834521,JASMINA,Oil Products Tanker,9834521
/vessels/details/9398644,VICTORY 1,Oil Products Tanker,9398644
/vessels/details/357913941,UUUUUUUUUUUUUUUUUUUU,Tanker,357913941
/vessels/details/7821764,TETAUU,Oil Products Tanker,7821764
/vessels/details/370828000,GULF DEFFI D,Tanker,370828000
/vessels/details/9294575,COSGRAND LAKE,Crude Oil Tanker,9294575
/vessels/details/9810850,GLOBAL THEMIS,Chemical/Oil Products Tanker,9810850
/vessels/details/9992957,CHENG LANG 19,Chemical/Oil Products Tanker,9992957
/vessels/details/373925424,JM ARIES,Tanker,373925424
/vessels/details/9903437,SAMSUNG 2316,LNG Tanker,9903437
/vessels/details/7372579,KING SOLOMON,Oil Products Tanker,7372579
/vessels/details/7238199,AMENAH XI,Oil Products Tanker,7238199
/vessels/details/9319739,LATONA,Oil Products Tanker,9319739
/vessels/details/370069045,JIPRO ISIS,Tanker (HAZ-B),370069045
/vessels/details/9364162,LADY ME,LPG Tanker,9364162
/vessels/details/357444360,LIVATYA,Tanker (HAZ-B),357444360
/vessels/details/9503603,IMICO BUSHEHR 85508,Crude Oil Tanker,9503603
/vessels/details/356834111,EVA 1,Tanker,356834111
/vessels/details/7818987,TENRYU,Oil Products Tanker,7818987
/vessels/details/9292826,KATE,Crude Oil Tanker,9292826
/vessels/details/7903316,AKUADA,Oil Products Tanker,7903316
/vessels/details/357963091,AGU5TQG,Tanker (HAZ-D),357963091
/vessels/details/9038763,KAISA I,LPG Tanker,9038763
/vessels/details/9959955,MORNING KATE,LPG Tanker,9959955
/vessels/details/9422158,C.MIGHTY,Crude Oil Tanker,9422158
/vessels/details/1048047,SUN BIRDIE,Chemical/Oil Products Tanker,1048047
/vessels/details/1027237,GREAT FIVE OCEAN,Oil Products Tanker,1027237
/vessels/details/9085132,AIDEN,Chemical Tanker,9085132
/vessels/details/1045784,SOFIA V,LPG Tanker,1045784
/vessels/details/9994682,MH KONPIRA,Chemical/Oil Products Tanker,9994682
/vessels/details/352005332,OCEAN V,Tanker,352005332
/vessels/details/352005167,GREAT SUMMER,Tanker,352005167
/vessels/details/352006182,VERNAL,Tanker,352006182
/vessels/details/9414307,PVT DAWN,Chemical/Oil Products Tanker,9414307
/vessels/details/9657507,LS MERCURY,Oil Products Tanker,9657507
/vessels/details/352006130,UM MINAMI,Tanker,352006130
/vessels/details/6821793,SEA BASS,Water Tanker,6821793
/vessels/details/352001716,NASCA I,Tanker,352001716
/vessels/details/351234578,BRAVO,Tanker,351234578
/vessels/details/8605650,SINO NEW,Chemical/Oil Products Tanker,8605650
/vessels/details/9652272,SHINKO MARU NO.23,Chemical Tanker,9652272
/vessels/details/6811463,AZ-ZAHRA,Oil Products Tanker,6811463
/vessels/details/9925423,CRANE SOL,Chemical/Oil Products Tanker,9925423
/vessels/details/352003732,PIS JAWA,Tanker (HAZ-A),352003732
/vessels/details/352004581,DS SOPHIA,Tanker (HAZ-A),352004581
/vessels/details/9982550,NORD VIGNALE,Chemical/Oil Products Tanker,9982550
/vessels/details/354434021,NURI CHEMIST,Tanker,354434021
/vessels/details/9272400,CELINE I,Oil Products Tanker,9272400
/vessels/details/1022744,ALTMANN,Chemical/Oil Products Tanker,1022744
/vessels/details/352501100,SALI,Tanker,352501100
/vessels/details/351623000,ABAN IV,Tanker,351623000
/vessels/details/374333029,SM JEJU LNG2,Tanker (HAZ-D),374333029
/vessels/details/9127033,THE GAS AMELIA,LPG Tanker,9127033
/vessels/details/9764192,KEOYOUNG DREAM1,Chemical/Oil Products Tanker,9764192
/vessels/details/9523794,RUN XIANG,LPG Tanker,9523794
/vessels/details/9056806,VISTA III,Crude Oil Tanker,9056806
/vessels/details/9814105,SULFUR ADVANCE,Chemical Tanker,9814105
/vessels/details/8134077,ISLAND I,Oil Products Tanker,8134077
/vessels/details/8007626,JM MOTOR NO. 1,Chemical/Oil Products Tanker,8007626
/vessels/details/9546760,FRANCIE,Chemical/Oil Products Tanker,9546760
/vessels/details/9250622,RENE,Crude Oil Tanker,9250622
/vessels/details/9251274,CRIUS,Crude Oil Tanker,9251274
/vessels/details/9867126,COSMO FORTUNE,Chemical Tanker,9867126
/vessels/details/7921772,ZARZA,Chemical/Oil Products Tanker,7921772
/vessels/details/6402200,SINGA RAJA,Oil Products Tanker,6402200
/vessels/details/7362081,CRISTOBAL TRADER,Bunkering Tanker,7362081
/vessels/details/6329020,GREAT BALBOA,Oil Products Tanker,6329020
/vessels/details/1051305,CS CRANE 2,Chemical/Oil Products Tanker,1051305
/vessels/details/9191761,ENERGY RIVER,Oil Products Tanker,9191761
/vessels/details/8753720,PETROBRAS XIX,FPSO,8753720
/vessels/details/9361926,SHREENATH JI,Oil Products Tanker,9361926
/vessels/details/7530406,HONG FA,Oil Products Tanker,7530406
/vessels/details/9989211,BOW COUGAR,Chemical/Oil Products Tanker,9989211
/vessels/details/9916317,PROSPERITY 12,Oil Products Tanker,9916317
/vessels/details/9030709,BISKRA,Bitumen Tanker,9030709
/vessels/details/9917567,SM GOLDEN EAGLE,LNG Tanker,9917567
/vessels/details/9372963,LNG KOLT,LNG Tanker,9372963
/vessels/details/9185877,AU TAURUS,Chemical/Oil Products Tanker,9185877
/vessels/details/8714968,FSO PM-3 CAA,FSO,8714968
/vessels/details/7817971,SHENG FA,Chemical Tanker,7817971
/vessels/details/9931329,G.DREAM,Crude Oil Tanker,9931329
/vessels/details/8829531,PANAMA STAR,Bunkering Tanker,8829531
/vessels/details/5032931,MONA I,Oil Products Tanker,5032931
/vessels/details/1024481,NAVE OHANA,Chemical/Oil Products Tanker,1024481
/vessels/details/9557630,LUA,Chemical/Oil Products Tanker,9557630
/vessels/details/374554000,PYALA,Tanker,374554000
/vessels/details/6423955,ASTRO,Oil Products Tanker,6423955
/vessels/details/9999890,SALBA,Bunkering Tanker,9999890
/vessels/details/371368000,VIET DRAGON 68,Tanker,371368000
/vessels/details/7728625,AP,Bunkering Tanker,7728625
/vessels/details/7425132,CRISTIAN III,Chemical Tanker,7425132
/vessels/details/9465629,OASIS 1,Oil Products Tanker,9465629
/vessels/details/9834507,CARLYNA,Oil Products Tanker,9834507
/vessels/details/8863264,TOKUYOSHI MARU,Oil Products Tanker,8863264
/vessels/details/9989223,BOW TIGER,Chemical/Oil Products Tanker,9989223
/vessels/details/7727487,UNI-OCEAN,Oil Products Tanker,7727487
/vessels/details/9929132,GAS IVORY,LPG Tanker,9929132
/vessels/details/9994711,MH IBUKI,Chemical/Oil Products Tanker,9994711
/vessels/details/6930972,GREAT CRISTOBAL,Oil Products Tanker,6930972
/vessels/details/9360233,BRIGHT PIONEER,Crude Oil Tanker,9360233
/vessels/details/9460409,SOFIA,Oil Products Tanker,9460409
/vessels/details/9912385,HUI HANG 828,Oil Products Tanker,9912385
/vessels/details/9830745,SM JEJU LNG1,Bunkering Tanker,9830745
/vessels/details/6621181,SAN MARTIN,Oil Products Tanker,6621181
/vessels/details/1013937,JEFFREYS BAY,Chemical/Oil Products Tanker,1013937
/vessels/details/9924091,ENEOS ENDEAVOR,Crude Oil Tanker,9924091
/vessels/details/356834003,FIRENZE K,Tanker,356834003
/vessels/details/8027597,AST 6,Chemical/Oil Products Tanker,8027597
/vessels/details/8552889,HANA 1,Chemical Tanker,8552889
/vessels/details/9478509,HAI XIANG 19,Oil Products Tanker,9478509
/vessels/details/7128461,H. 16,Bunkering Tanker,7128461
/vessels/details/8915419,LOSA,LPG Tanker,8915419
/vessels/details/7649075,KAKOGAWA,Oil Products Tanker,7649075
/vessels/details/373753000,EMINENCE 1,Tanker,373753000
/vessels/details/7374694,PETROBRAS 38,FSO,7374694
/vessels/details/9997232,MH HOTAKA,Chemical/Oil Products Tanker,9997232
/vessels/details/9851373,GOLDEN GLORY,Chemical Tanker,9851373
/vessels/details/9531595,LS JUPITER,Oil Products Tanker,9531595
/vessels/details/8316065,ABDULLAH 1,Oil Products Tanker,8316065
/vessels/details/9802061,ERRINA,Chemical/Oil Products Tanker,9802061
/vessels/details/1031044,JMU TSU 5186,Crude Oil Tanker,1031044
/vessels/details/9527001,GAS ONE,LPG Tanker,9527001
/vessels/details/9157521,AU LEO,Chemical Tanker,9157521
/vessels/details/9383986,MARINA OASIS,Chemical/Oil Products Tanker,9383986
/vessels/details/1013963,STENA CONQUEST,Chemical/Oil Products Tanker,1013963
/vessels/details/9245782,FIRENZE K,Crude Oil Tanker,9245782
/vessels/details/8313544,CAPE HOPE I,Oil Products Tanker,8313544
/vessels/details/1091472,DESIN,Oil Products Tanker,1091472
/vessels/details/9411563,A.S.RUBY RED,Chemical/Oil Products Tanker,9411563
/vessels/details/8791631,YU SHUN 108,Oil Products Tanker,8791631
/vessels/details/9800697,ONOMICHI 761,Oil Products Tanker,9800697
/vessels/details/9978004,GAS CHAMPION,LPG Tanker,9978004
/vessels/details/352008232,FORTUNE,Tanker (HAZ-B),352008232
/vessels/details/351334000,NAVION BERGEN,Tanker,351334000
/vessels/details/9909388,LILI CORAL,LPG Tanker,9909388
/vessels/details/9985851,NORD VALOUR,Chemical/Oil Products Tanker,9985851
/vessels/details/9054054,MARUTI,Chemical Tanker,9054054
/vessels/details/9903451,SAMSUNG 2318,LNG Tanker,9903451
/vessels/details/9381328,AB OLIVIA,Chemical/Oil Products Tanker,9381328
/vessels/details/9038878,EOS,Crude Oil Tanker,9038878
/vessels/details/9432749,SPEEDY,Oil Products Tanker,9432749
/vessels/details/9819997,EAGLE ASIA 12,Chemical/Oil Products Tanker,9819997
/vessels/details/1016290,SAEHAN OLIVIA,Chemical/Oil Products Tanker,1016290
/vessels/details/351807000,RIG AL-KHOR,Tanker,351807000
/vessels/details/1039802,SUN DIANA,Chemical/Oil Products Tanker,1039802
/vessels/details/9969821,TINOS I,LPG Tanker,9969821
/vessels/details/1013949,NORD MATE,Chemical/Oil Products Tanker,1013949
/vessels/details/7331692,MT JET,Oil Products Tanker,7331692
/vessels/details/354434037,NURI CHEMIST,Tanker (HAZ-B),354434037
/vessels/details/9357640,SIENE,Chemical/Oil Products Tanker,9357640
/vessels/details/1022718,CRISTALLINA,Chemical/Oil Products Tanker,1022718
/vessels/details/9195494,PAWAN PUTRA,LPG Tanker,9195494
/vessels/details/9357626,SORRELLE,Chemical/Oil Products Tanker,9357626
/vessels/details/9322798,OCEAN ONE,Oil Products Tanker,9322798
/vessels/details/9404572,FOSHAN,Chemical/Oil Products Tanker,9404572
/vessels/details/9925461,GAS EXPLORER,LPG Tanker,9925461
/vessels/details/5092967,RAWAN,Oil Products Tanker,5092967
/vessels/details/9357676,CECILE,Chemical/Oil Products Tanker,9357676
/vessels/details/7208390,KANANI,Oil Products Tanker,7208390
/vessels/details/370831000,SKD JAYA,Tanker,370831000
/vessels/details/352002984,SINCERE 02,Tanker,352002984
/vessels/details/354679000,BRIGHT STAR3,Tanker,354679000
/vessels/details/352319029,DUKE CHEMIST,Tanker (HAZ-B),352319029
/vessels/details/9288083,AWIN,Crude Oil Tanker,9288083
/vessels/details/9830757,SM JEJU LNG2,Bunkering Tanker,9830757
/vessels/details/1110096,ZHONGLIANXIN,Chemical/Oil Products Tanker,1110096
/vessels/details/9988695,ENERGIA VIKING,Crude Oil Tanker,9988695
/vessels/details/352986350,LUCKY SEA,Tanker,352986350
/vessels/details/7808841,KYOTO I,Oil Products Tanker,7808841
/vessels/details/9385049,MOONBEAM,Chemical/Oil Products Tanker,9385049
/vessels/details/8672952,SKY I,Water Tanker,8672952
/vessels/details/8623080,PETRO VENTURE,Oil Products Tanker,8623080
/vessels/details/9225342,QUANTUM STAR,LPG Tanker,9225342
/vessels/details/9661376,COLON TRADER,Oil Products Tanker,9661376
/vessels/details/9827449,APOLLO ENERGY,Crude Oil Tanker,9827449
/vessels/details/9984156,SAEHAN MARINA,Chemical/Oil Products Tanker,9984156
/vessels/details/9265548,BERLIAN EKUATOR,LPG Tanker,9265548
/vessels/details/354741000,ENDA,Tanker,354741000
/vessels/details/8151350,OCEAN PEARL,Chemical/Oil Products Tanker,8151350
/vessels/details/9208605,NEW HARMONY,Oil Products Tanker,9208605
/vessels/details/8413899,BRILA KEJI,Oil Products Tanker,8413899
/vessels/details/7128382,H. 15,Bunkering Tanker,7128382
/vessels/details/1050961,PIS BINTANST,Chemical/Oil Products Tanker,1050961
/vessels/details/9981518,SHRAOUH ST,Tanker,9981518
/vessels/details/9013438,KELLY TRADER,Oil Products Tanker,9013438
/vessels/details/9666376,MT SOCHIMA,Chemical/Oil Products Tanker,9666376
/vessels/details/9250684,ANNABELLA,LPG Tanker,9250684
/vessels/details/1020409,SAMSUNG 2666,Crude Oil Tanker,1020409
/vessels/details/371957989,CRANE NOVA,Tanker (HAZ-D),371957989
/vessels/details/9755139,LIAN HAI 101,Oil Products Tanker,9755139
/vessels/details/7510925,UNITED NO. 1,Oil Products Tanker,7510925
/vessels/details/9198666,NEPTUNE 6,Crude Oil Tanker,9198666
/vessels/details/6828753,NORTHOM,Oil Products Tanker,6828753
/vessels/details/1050985,PIS NIASST,Tanker,1050985
/vessels/details/9595321,MSC PREZIOSA,Passenger (Cruise) Ship,9595321
/vessels/details/9585285,MSC DIVINA,Passenger (Cruise) Ship,9585285
/vessels/details/9359806,MSC SPLENDIDA,Passenger (Cruise) Ship,9359806
/vessels/details/9359791,MSC FANTASIA,Passenger (Cruise) Ship,9359791
/vessels/details/9871036,ADORA MAGIC CITY,Passenger (Cruise) Ship,9871036
/vessels/details/9801691,CARNIVAL FIRENZE,Passenger (Cruise) Ship,9801691
/vessels/details/9802384,CARNIVAL PANORAMA,Passenger (Cruise) Ship,9802384
/vessels/details/9692569,CARNIVAL VISTA,Passenger (Cruise) Ship,9692569
/vessels/details/9767091,CARNIVAL HORIZON,Passenger (Cruise) Ship,9767091
/vessels/details/9378474,CARNIVAL DREAM,Passenger (Cruise) Ship,9378474
/vessels/details/9555723,CARNIVAL BREEZE,Passenger (Cruise) Ship,9555723
/vessels/details/9378486,CARNIVAL MAGIC,Passenger (Cruise) Ship,9378486
/vessels/details/9333163,CARNIVAL SPLENDOR,Passenger (Cruise) Ship,9333163
/vessels/details/9333149,CARNIVAL FREEDOM,Passenger (Cruise) Ship,9333149
/vessels/details/9198367,CARNIVAL GLORY,Passenger (Cruise) Ship,9198367
/vessels/details/9198355,CARNIVAL CONQUEST,Passenger (Cruise) Ship,9198355
/vessels/details/9236389,CARNIVAL VALOR,Passenger (Cruise) Ship,9236389
/vessels/details/9278181,CARNIVAL LIBERTY,Passenger (Cruise) Ship,9278181
/vessels/details/9172648,CARNIVAL RADIANCE,Passenger (Cruise) Ship,9172648
/vessels/details/9387085,MSC MAGNIFICA,Passenger (Cruise) Ship,9387085
/vessels/details/9387073,MSC POESIA,Passenger (Cruise) Ship,9387073
/vessels/details/9320099,MSC ORCHESTRA,Passenger (Cruise) Ship,9320099
/vessels/details/9320087,MSC MUSICA,Passenger (Cruise) Ship,9320087
/vessels/details/9223954,CARNIVAL PRIDE,Passenger (Cruise) Ship,9223954
/vessels/details/9237357,CARNIVAL MIRACLE,Passenger (Cruise) Ship,9237357
/vessels/details/9000259,PACIFIC WORLD,Passenger (Cruise) Ship,9000259
/vessels/details/9120877,CARNIVAL PARADISE,Passenger (Cruise) Ship,9120877
/vessels/details/9118721,CARNIVAL ELATION,Passenger (Cruise) Ship,9118721
/vessels/details/9250464,MSC OPERA,Passenger (Cruise) Ship,9250464
/vessels/details/9246102,MSC LIRICA,Passenger (Cruise) Ship,9246102
/vessels/details/9210141,MSC ARMONIA,Passenger (Cruise) Ship,9210141
/vessels/details/9210153,MSC SINFONIA,Passenger (Cruise) Ship,9210153
/vessels/details/8814744,CROWN IRIS,Passenger (Cruise) Ship,8814744
/vessels/details/9812810,HARMONY YUNGANG,Passenger/Ro-Ro Cargo Ship,9812810
/vessels/details/9842023,NEW GRAND PEACE,Passenger/Ro-Ro Cargo Ship,9842023
/vessels/details/9160011,EASTERN VENUS,Passenger (Cruise) Ship,9160011
/vessels/details/8311924,KAUNAS,Passenger/Ro-Ro Cargo Ship,8311924
/vessels/details/9350692,RIZHAO ORIENT,Passenger/Ro-Ro Cargo Ship,9350692
/vessels/details/8902333,AEGEAN PARADISE,Passenger (Cruise) Ship,8902333
/vessels/details/9007283,BLUE WAVE HARMONY,Passenger/Ro-Ro Cargo Ship,9007283
/vessels/details/8311900,VILNIUS,Passenger/Ro-Ro Cargo Ship,8311900
/vessels/details/9136022,PAN LILY,Passenger/Ro-Ro Cargo Ship,9136022
/vessels/details/9162150,YAIMAMARU,Passenger/Ro-Ro Cargo Ship,9162150
/vessels/details/7528635,CENK T,Passenger/Ro-Ro Cargo Ship,7528635
/vessels/details/9108556,CENK G,Passenger/Ro-Ro Cargo Ship,9108556
/vessels/details/8604345,MED STAR,Passenger/Ro-Ro Cargo Ship,8604345
/vessels/details/7826867,GOTHICA,Passenger/Ro-Ro Cargo Ship,7826867
/vessels/details/7813949,EUROPEAN STAR,Passenger/Ro-Ro Cargo Ship,7813949
/vessels/details/7225910,AEGEAN ODYSSEY,Passenger (Cruise) Ship,7225910
/vessels/details/9066710,EASTERN DREAM,Passenger/Ro-Ro Cargo Ship,9066710
/vessels/details/6810811,FREEWINDS,Passenger (Cruise) Ship,6810811
/vessels/details/7037806,IONIAN STAR,Passenger/Ro-Ro Cargo Ship,7037806
/vessels/details/9140918,SPEED JET,Passenger/Ro-Ro Cargo Ship,9140918
/vessels/details/9221243,YABUSA,Passenger/Ro-Ro Cargo Ship,9221243
/vessels/details/9113159,SAN VALENTIN,Passenger/Ro-Ro Cargo Ship,9113159
/vessels/details/9874777,PANSTAR GRACE,Passenger Ship,9874777
/vessels/details/9323170,VISTA,Passenger/Ro-Ro Cargo Ship,9323170
/vessels/details/9396189,BFB EXPRESS,Passenger/Ro-Ro Cargo Ship,9396189
/vessels/details/7391290,RD EXPRESS,Passenger Ship,7391290
/vessels/details/7360368,GRAND NORD,Passenger/General Cargo Ship,7360368
/vessels/details/9848962,IKRAAM 1,Passenger/Ro-Ro Cargo Ship,9848962
/vessels/details/9810874,FRENCH POLYNESIA MAS,Passenger Ship,9810874
/vessels/details/9128374,JUMBO CAT II,Passenger Ship,9128374
/vessels/details/7739777,SJOVEIEN,Passenger (Cruise) Ship,7739777
/vessels/details/6902872,PACIFIC QUEEN,Passenger Ship,6902872
/vessels/details/5149423,MARIANA NO.9,Passenger Ship,5149423
/vessels/details/7222267,ATHENA III,Passenger Ship,7222267
/vessels/details/352002253,TUIRA II,Passenger ship,352002253
/vessels/details/352001289,PACIFIC QUEEN,Passenger ship,352001289
/vessels/details/374743000,ROBALO,Passenger ship,374743000
/vessels/details/352817000,ESTURION,Passenger ship,352817000
/vessels/details/353045000,PELICANO III,Passenger ship,353045000
/vessels/details/352134000,COJINUA I,Passenger ship,352134000
/vessels/details/353019000,HERMES II,Passenger ship,353019000
/vessels/details/372667000,ANCHOA,Passenger ship,372667000
/vessels/details/351742000,SURFER 1894,Passenger ship,351742000
/vessels/details/355935000,TABOGA EXPRESS,Passenger ship,355935000
/vessels/details/352002052,CAVALIER ROYAL,Passenger ship,352002052
/vessels/details/374503000,SURFER 19017,Passenger ship,374503000
/vessels/details/6716065,MORNING STAR,Passenger/Ro-Ro Cargo Ship,6716065
/vessels/details/7626164,TAGOMAGO JET,Passenger Ship,7626164
/vessels/details/7364455,CAPPADOCIA,Passenger/Ro-Ro Cargo Ship,7364455
/vessels/details/370817000,GARZA,Passenger ship,370817000
/vessels/details/357911000,INCOGNITA,Passenger ship,357911000
/vessels/details/352005239,SURFER 2001,Passenger ship,352005239
/vessels/details/9506033,5 DE NOVIEMBRE,Passenger/Ro-Ro Cargo Ship,9506033
/vessels/details/8952285,DOLPHIN SPIRIT,Passenger Ship,8952285
/vessels/details/9020900,EMERALD EXPRESS I,Passenger Ship,9020900
/vessels/details/9980148,PANSTAR MIRACLE,Passenger/Ro-Ro Cargo Ship,9980148
/vessels/details/8961951,PACIFIC LANDER,Passenger/Ro-Ro Cargo Ship,8961951
/vessels/details/352006207,SURFER 2009,Passenger ship,352006207
/vessels/details/356235000,BLACK MAGIC,Passenger ship,356235000
/vessels/details/353098000,SURFER-19004,Passenger ship,353098000
/vessels/details/9788318,HUADONG PEARL 8,Passenger/Ro-Ro Cargo Ship,9788318
/vessels/details/352999730,REINA SOFIA,Passenger ship,352999730
/vessels/details/9854909,PEARL ISLAND IV,Passenger Ship,9854909
/vessels/details/352978251,HYWT 111,Passenger ship,352978251
/vessels/details/351161000,SURFER 1872,Passenger ship,351161000
/vessels/details/8943284,MONTANA 1,Passenger Ship,8943284
/vessels/details/352330000,NOFAL2,Passenger ship,352330000
/vessels/details/9145047,NEW GOLDEN BRIDGE V,Passenger/Ro-Ro Cargo Ship,9145047
/vessels/details/352004789,SURFER 2006,Passenger ship,352004789
/vessels/details/357827000,UGO 3004,Passenger ship,357827000
/vessels/details/9171230,JOSEFA CAMEJO,Passenger/Ro-Ro Cargo Ship,9171230
/vessels/details/7034701,LILE DE CARABANE 1,Passenger/Ro-Ro Cargo Ship,7034701
/vessels/details/372860111,EL DISCOVERY,Passenger ship,372860111
/vessels/details/8974128,ANNOBON,Passenger/Landing Craft,8974128
/vessels/details/8934790,MIDNIGHT GAMBLER,Passenger Ship,8934790
/vessels/details/372047000,LA ESPERADA,Passenger ship,372047000
/vessels/details/6872285,SOPRUS,Passenger/Ro-Ro Cargo Ship,6872285
/vessels/details/354123654,FREE EASY,Passenger ship,354123654
/vessels/details/9879519,SAND DIAMOND,Passenger/Ro-Ro Cargo Ship,9879519
/vessels/details/353361000,BARRACUDA III,Passenger ship,353361000
/vessels/details/372333000,UGO 3005,Passenger ship,372333000
/vessels/details/352005561,SURFER 2005,Passenger ship,352005561
/vessels/details/8852100,PALANGA,Passenger/Ro-Ro Cargo Ship,8852100
/vessels/details/372720001,1,Passenger ship (HAZ-A),372720001
/vessels/details/374789000,INW-7,Passenger ship,374789000
/vessels/details/352999520,DON PEPE,Passenger ship,352999520
/vessels/details/9128362,JUMBO CAT I,Passenger Ship,9128362
/vessels/details/374999389,THANHTUAN89B2S34HUYN,Passenger ship (HAZ-D),374999389
/vessels/details/352005559,SURFER-2003,Passenger ship,352005559
/vessels/details/5429029,DONA INES,Passenger/Ro-Ro Cargo Ship,5429029
/vessels/details/7516101,HEBLEC-I,Passenger/Ro-Ro Cargo Ship,7516101
/vessels/details/9656917,AL-SAYAB,Passenger Ship,9656917
/vessels/details/352999788,GEA 3,Passenger ship,352999788
/vessels/details/356949000,SURFER 19003,Passenger ship,356949000
/vessels/details/352005371,SURFER 2002,Passenger ship,352005371
/vessels/details/372222222,PTT TEST,Passenger ship (HAZ-B),372222222
/vessels/details/9110810,XIN YU JIN XIANG,Passenger/General Cargo Ship,9110810
/vessels/details/9013177,DHALYS JET,Passenger Ship,9013177
/vessels/details/6419033,HORIE MARU,Passenger Ship,6419033
/vessels/details/8741167,BALTIJA,Passenger/Ro-Ro Cargo Ship,8741167
/vessels/details/357606000,SUNDANCE SUNSET,Passenger ship,357606000
/vessels/details/357036000,SURFER 19014,Passenger ship,357036000
/vessels/details/8924214,GLENN HORIZON,Passenger/Ro-Ro Cargo Ship,8924214
/vessels/details/353998000,SURFEUR 1949,Passenger ship,353998000
/vessels/details/352978127,SURFER 1880,Passenger ship,352978127
/vessels/details/8987943,FANTA SEA,Passenger Ship,8987943
/vessels/details/352004776,AMAVI,Passenger ship,352004776
/vessels/details/9881603,FAST CAT M17,Passenger/Ro-Ro Cargo Ship,9881603
/vessels/details/8423545,DOLPHIN EXPRESS,Passenger Ship,8423545
/vessels/details/352999789,GEA 4,Passenger ship,352999789
/vessels/details/1039199,THOE FERRY 1,Passenger Ship,1039199
/vessels/details/8856546,GRAMBIN,Passenger Ship,8856546
/vessels/details/355653000,IMS ESTRADA,Passenger ship,355653000
/vessels/details/374896000,DON ELOY W,Passenger ship,374896000
/vessels/details/357477040,PROSPECTOR,Passenger ship,357477040
/vessels/details/9813254,NEW GOLDENBRIDGE VII,Passenger/Ro-Ro Cargo Ship,9813254
/vessels/details/9135250,BIRYONG,Passenger/Ro-Ro Cargo Ship,9135250
/vessels/details/352315000,COMPASS I,Passenger ship,352315000
/vessels/details/352002527,SURFER 226,Passenger ship,352002527
/vessels/details/8952302,DOLPHIN BRIGHT,Passenger Ship,8952302
/vessels/details/352999786,GEA 1,Passenger ship,352999786
/vessels/details/7392488,CASSANGA,Passenger/Ro-Ro Cargo Ship,7392488
/vessels/details/8022327,HOKUSEI,Passenger Ship,8022327
/vessels/details/374744000,BOQUERON,Passenger ship,374744000
/vessels/details/8865169,CAPTAINS LADY,Passenger Ship,8865169
/vessels/details/352003317,EASTERN VENUS,Passenger ship,352003317
/vessels/details/8331120,NARUTAKI,Passenger/Ro-Ro Cargo Ship,8331120
/vessels/details/6727454,LUCKY DOLPHIN,Passenger/General Cargo Ship,6727454
/vessels/details/371990000,TEST ASSIST,Passenger ship,371990000
/vessels/details/370856686,L00 0300227.P44100,Passenger ship,370856686
/vessels/details/8840248,QTMOS CRUISER,Passenger Ship,8840248
/vessels/details/8626393,DIAMOND STAR 1,Passenger Ship,8626393
/vessels/details/7013692,BAHAMA SKY,Passenger/Ro-Ro Cargo Ship,7013692
/vessels/details/374787000,INW 6,Passenger ship,374787000
/vessels/details/356801000,RUISENOR,Passenger ship,356801000
/vessels/details/9856646,INFINITY X,Passenger Ship,9856646
/vessels/details/8669709,CAVALIER ROYAL,Passenger Ship,8669709
/vessels/details/354724000,SURFER 19002,Passenger ship,354724000
/vessels/details/352006206,SURFER 2008,Passenger ship,352006206
/vessels/details/9638719,DARWIN BUDDY,Passenger (Cruise) Ship,9638719
/vessels/details/357464000,GORRION,Passenger ship,357464000
/vessels/details/8952297,DOLPHIN DIVE,Passenger Ship,8952297
/vessels/details/354593000,MISS ANGELA,Passenger ship,354593000
/vessels/details/6724529,CERANO,Passenger/Ro-Ro Cargo Ship,6724529
/vessels/details/9896907,OCEAN VISTA JEJU,Passenger/Ro-Ro Cargo Ship,9896907
/vessels/details/370270000,UGO 3001,Passenger ship,370270000
/vessels/details/373322440,GALAKTIKA,Passenger ship,373322440
/vessels/details/351804000,SURFER 1892,Passenger ship,351804000
/vessels/details/9112246,GNL GRACE,Passenger/Ro-Ro Cargo Ship,9112246
/vessels/details/8888111,RUNBAY TIGA,Passenger/Ro-Ro Cargo Ship,8888111
/vessels/details/352289000,SURFER 2609,Passenger ship,352289000
/vessels/details/352004788,SURFER 2007,Passenger ship,352004788
/vessels/details/8675007,BLUEWATER I,Passenger Ship,8675007
/vessels/details/9759202,ORIENTAL PEARL VIII,Passenger/Ro-Ro Cargo Ship,9759202
/vessels/details/9656905,AL-FARAHIDY,Passenger Ship,9656905
/vessels/details/1023994,CAPRICORNUS,Passenger Ship,1023994
/vessels/details/352999787,GEA 2,Passenger ship,352999787
/vessels/details/6919497,GOODWILL GUIDE,Passenger Ship,6919497
/vessels/details/5180520,EL CONQUISTADOR,Passenger Ship,5180520
/vessels/details/9262182,SHIN HO CHUN NO.102,Fish Carrier,9262182
/vessels/details/9831189,JUAN PABLO II,Fishing Vessel,9831189
/vessels/details/9681584,LJUBICA,Fishing Vessel,9681584
/vessels/details/9140102,VOLTA VICTORY,Fish Carrier,9140102
/vessels/details/9476238,RIA DE ALDAN,Fishing Vessel,9476238
/vessels/details/9220653,SHIN HO CHUN NO.101,Fish Carrier,9220653
/vessels/details/9545792,REINA DE LA PAZ,Fishing Vessel,9545792
/vessels/details/8021763,HELLAS TUNA,Fishing Vessel,8021763
/vessels/details/8716825,ALBACORA CARIBE,Fishing Vessel,8716825
/vessels/details/7409164,ALMIRANTE 1,Fishing Vessel,7409164
/vessels/details/7385409,CONTADORA I,Fishing Vessel,7385409
/vessels/details/7915917,CHACAO,Fishing Vessel,7915917
/vessels/details/7915931,JANE IV,Fishing Vessel,7915931
/vessels/details/7207499,ESTHERCHO,Fishing Vessel,7207499
/vessels/details/8003216,TEMPLARIO I,Fishing Vessel,8003216
/vessels/details/8712661,SANTA RITA 1,Fishing Support Vessel,8712661
/vessels/details/7342304,UPAR,Fishing Vessel,7342304
/vessels/details/9857030,SYDNEY SOFIA,Fishing Vessel,9857030
/vessels/details/7629946,MED SURVEYOR,Fishing Support Vessel,7629946
/vessels/details/8810815,AMBITION,Fishing Support Vessel,8810815
/vessels/details/8304749,IRENE,Fishing Support Vessel,8304749
/vessels/details/9292735,ZAHARA TRES,Fishing Support Vessel,9292735
/vessels/details/356388000,ORCA1,Fishing vessel,356388000
/vessels/details/374259000,BACALAO,Fishing vessel,374259000
/vessels/details/371830000,ORCA3,Fishing vessel,371830000
/vessels/details/372702000,VALEROSA,Fishing vessel,372702000
/vessels/details/373883000,CHUNG KUO NO. 96,Fishing vessel,373883000
/vessels/details/374741000,CONGRIO,Fishing vessel,374741000
/vessels/details/353352000,CHUNG KUO NO.838,Fishing vessel,353352000
/vessels/details/374405822,209,Fishing vessel,374405822
/vessels/details/372227000,GENCO LONDON,Fishing vessel,372227000
/vessels/details/352980844,012,Fishing vessel,352980844
/vessels/details/374201531,ASENAL,Fishing vessel,374201531
/vessels/details/8719310,TXOPITUNA,Fishing Vessel,8719310
/vessels/details/8970639,OCEAN STAR II,Fishing Vessel,8970639
/vessels/details/351974209,DONG XING 58,Fishing vessel,351974209
/vessels/details/374561279,7800 A18,Fishing vessel,374561279
/vessels/details/352710011,35271-11,Fishing vessel,352710011
/vessels/details/354045000,OCEAN STAR NO 101,Fishing vessel,354045000
/vessels/details/355330053,35533-5352,Fishing vessel,355330053
/vessels/details/352135875,88888,Fishing vessel,352135875
/vessels/details/355880011,35588-11-89,Fishing vessel,355880011
/vessels/details/5374468,URTAZUN,Trawler,5374468
/vessels/details/370000000,EMANUEL C,Fishing vessel,370000000
/vessels/details/354011953,18999999,Fishing vessel,354011953
/vessels/details/7123473,SEA TUNA I,Fishing Vessel,7123473
/vessels/details/356300013,35630-13,Fishing vessel,356300013
/vessels/details/353110004,35311-4-99,Fishing vessel,353110004
/vessels/details/7208948,GLORIA FIGUEROA,Fishing Vessel,7208948
/vessels/details/370900053,HEERUNKET 89,Fishing vessel,370900053
/vessels/details/354400028,CAUMUC32,Fishing vessel,354400028
/vessels/details/372002847,KMN.PRILY 02,Fishing vessel,372002847
/vessels/details/6515021,SIL,Fishing Vessel,6515021
/vessels/details/352111111,THANH NGOC 2 A31,Fishing vessel,352111111
/vessels/details/356688998,66998,Fishing vessel,356688998
/vessels/details/374373737,NHU Y B39..,Fishing vessel,374373737
/vessels/details/7100598,MARY ANN I,Fishing Vessel,7100598
/vessels/details/7015016,MARITZA,Fishing Vessel,7015016
/vessels/details/357033747,CAO SIM,Fishing vessel,357033747
/vessels/details/374828243,CHA79 NGOC THIEN,Fishing vessel,374828243
/vessels/details/370521110,LUDONGYU60163,Fishing vessel,370521110
/vessels/details/374211021,CAUMUC NHU Y F 40,Fishing vessel,374211021
/vessels/details/357680000,CHUNG KUO NO. 25,Fishing vessel,357680000
/vessels/details/7395375,TUNAPESCA,Fishing Vessel,7395375
/vessels/details/8652811,CHUNG KUO NO. 828,Fishing vessel,8652811
/vessels/details/356780008,35678-826,Fishing vessel,356780008
/vessels/details/353110012,35311-12-75,Fishing vessel,353110012
/vessels/details/374599000,BOUCHRA,Fishing vessel,374599000
/vessels/details/357033748,PHI,Fishing vessel,357033748
/vessels/details/351611999,B45M4L4H,Fishing vessel,351611999
/vessels/details/6620498,DAISY I,Fish Carrier,6620498
/vessels/details/374280751,LUOI-GE-B20-GOI 79,Fishing vessel,374280751
/vessels/details/374270759,AL TARIQ,Fishing vessel,374270759
/vessels/details/357322605,BANGBANG,Fishing vessel,357322605
/vessels/details/8646367,LADY JEANNETTE,Fishing Vessel,8646367
/vessels/details/352677976,NHU NGOC,Fishing vessel,352677976
/vessels/details/7515652,BP-EL MARQUEZ,Fishing Vessel,7515652
/vessels/details/355121000,TUNAMAR,Fishing vessel,355121000
/vessels/details/371210864,MEHDI,Fishing vessel,371210864
/vessels/details/357400067,08H TD0O 0000,Fishing vessel,357400067
/vessels/details/371045000,CHUNG KUO 86,Fishing vessel,371045000
/vessels/details/351777777,B45M4L4H,Fishing vessel,351777777
/vessels/details/352004145,TOO CRAZY,Fishing vessel,352004145
/vessels/details/8965701,LA HUAICA,Fishing Vessel,8965701
/vessels/details/374221567,TAN VIET A8,Fishing vessel,374221567
/vessels/details/352101010,VALLERIE - P0L0S,Fishing vessel,352101010
/vessels/details/370684000,65239,Fishing vessel,370684000
/vessels/details/354397979,SANG TOA 49,Fishing vessel,354397979
/vessels/details/5213999,MELANI,Fishing Vessel,5213999
/vessels/details/355533945,L NGOC.THAMF33F28,Fishing vessel,355533945
/vessels/details/353566688,HUOCHUAN,Fishing vessel,353566688
/vessels/details/373737337,OC VAN PHU0NGB4,Fishing vessel,373737337
/vessels/details/7049524,ETOILE DE MER,Fishing Vessel,7049524
/vessels/details/373182033,CAU GU,Fishing vessel,373182033
/vessels/details/356432199,YINGJI18,Fishing vessel,356432199
/vessels/details/354353478,QIONG DAN YU11357,Fishing vessel,354353478
/vessels/details/374312264,BINH PHAT,Fishing vessel,374312264
/vessels/details/356894759,GHELU 52-E4 I00,Fishing vessel,356894759
/vessels/details/7910670,DONA LUCIA,Fishing Vessel,7910670
/vessels/details/352581154,LX D35,Fishing vessel,352581154
/vessels/details/374561500,CHUNG RAP XEP A17,Fishing vessel,374561500
/vessels/details/371412511,SHUN FAN YU YE 01,Fishing vessel,371412511
/vessels/details/374961212,GIA 1 F33 G0I 67,Fishing vessel,374961212
/vessels/details/9723198,CHUNG KUO NO. 96,Fishing Vessel,9723198
/vessels/details/7416090,TARFAYA,Fishing Vessel,7416090
/vessels/details/7805966,TX0PITUNA DOS,Fishing Vessel,7805966
/vessels/details/8523589,MINNIE-511,Fishing Vessel,8523589
/vessels/details/8968492,CHUNG KUO NO 95,Fishing Vessel,8968492
/vessels/details/352979797,FCPHUQUY97,Fishing vessel,352979797
/vessels/details/370393231,NHA HAN -B30,Fishing vessel,370393231
/vessels/details/374221730,TMHS XUAN SANG 66420,Fishing vessel,374221730
/vessels/details/374936714,MAIDAT16F12,Fishing vessel,374936714
/vessels/details/372702005,VALEROSA,Fishing vessel,372702005
/vessels/details/351813000,CONNIE JEAN TWO,Fishing vessel,351813000
/vessels/details/372264735,TAU LUOI F5 G89,Fishing vessel,372264735
/vessels/details/374095657,31E T57,Fishing vessel,374095657
/vessels/details/374378585,MAI LOI BAN2S027,Fishing vessel,374378585
/vessels/details/374919883,GIAPHAT-B15-C22-...,Fishing vessel,374919883
/vessels/details/7825851,CHIAPES,Fishing Vessel,7825851
/vessels/details/8910586,MAMALAKAYA,Fishing Vessel,8910586
/vessels/details/352710012,35271-12,Fishing vessel,352710012
/vessels/details/374368268,LX NHU Y F38 L V,Fishing vessel,374368268
/vessels/details/6613990,NAM JIN NO. 101-A,Fishing Vessel,6613990
/vessels/details/7053288,JULIE L,Fishing Vessel,7053288
/vessels/details/356300012,35630-12,Fishing vessel,356300012
/vessels/details/353999999,1705,Fishing vessel,353999999
/vessels/details/8134663,LAUTARO,Fishing Vessel,8134663
/vessels/details/374566032,TAU-27 A9,Fishing vessel,374566032
/vessels/details/372301181,THUAN-BENL-NOI42C9,Fishing vessel,372301181
/vessels/details/370493348,HEXIANGYU23023,Fishing vessel,370493348
/vessels/details/356763551,US SUN FLOWER COSCO,Fishing vessel,356763551
/vessels/details/372208000,CHUNG KUO 858,Fishing vessel,372208000
/vessels/details/373910746,RON ROEUN 746,Fishing vessel,373910746
/vessels/details/374233996,TAUCHUP,Fishing vessel,374233996
/vessels/details/352003648,OCEAN STAR VI,Fishing vessel,352003648
/vessels/details/8952510,CHARLOTTE,Fishing Vessel,8952510
/vessels/details/356419426,YUENANAO08108,Fishing vessel,356419426
/vessels/details/374045539,D15 THAO 23,Fishing vessel,374045539
/vessels/details/353110017,35311-17-89,Fishing vessel,353110017
/vessels/details/8523644,MEGA 812,Fishing Vessel,8523644
/vessels/details/355424888,HUNG CUONG 17,Fishing vessel,355424888
/vessels/details/352980845,LEX009,Fishing vessel,352980845
/vessels/details/357611999,BASMALAH,Fishing vessel,357611999
/vessels/details/7503142,MARIA DEL MAR A,Fishing Vessel,7503142
/vessels/details/8003254,MARIA EULOGIA,Fishing Vessel,8003254
/vessels/details/370057000,CHUNG KUO NO. 818,Fishing vessel,370057000
/vessels/details/7409138,TUNAMAR,Fishing Vessel,7409138
/vessels/details/354508686,BINH PHAT,Fishing vessel,354508686
/vessels/details/8845901,KARTIKA NO. 101,Fishing Vessel,8845901
/vessels/details/7416076,BAHIA I,Fishing Vessel,7416076
/vessels/details/355880003,35588-3-90,Fishing vessel,355880003
/vessels/details/353158645,12379,Fishing vessel,353158645
/vessels/details/374953888,LX 199,Fishing vessel,374953888
/vessels/details/352020566,XINGHAI588,Fishing vessel,352020566
/vessels/details/6811970,UGO3001,Fishing Vessel,6811970
/vessels/details/8102892,TIUNA,Fishing Vessel,8102892
/vessels/details/5257921,ALPES I,Trawler,5257921
/vessels/details/7124996,ATAHUALPA,Fishing Vessel,7124996
/vessels/details/8967943,OCEAN STAR III,Fishing Vessel,8967943
/vessels/details/7342287,MILENA,Fishing Vessel,7342287
/vessels/details/352405132,Q10A16 7796USB,Fishing vessel,352405132
/vessels/details/7103497,CRISTINA,Fishing Vessel,7103497
/vessels/details/352779779,NGAN 98 0K,Fishing vessel,352779779
/vessels/details/9895991,SYDNEY SOFIA 101,Fishing Vessel,9895991
/vessels/details/5011494,BLUE AGAIN,Fish Carrier,5011494
/vessels/details/9194426,AZUMI,Fishing Support Vessel,9194426
/vessels/details/7614006,ALPHA COMMANDER,Fishing Vessel,7614006
/vessels/details/374561784,KHANH 47 88155,Fishing vessel,374561784
/vessels/details/7373810,JUNG SHENG 8,Fishing Vessel,7373810
/vessels/details/355145282,M,Fishing vessel,355145282
/vessels/details/5302790,DIANE,Fishing Vessel,5302790
/vessels/details/354777979,BAO TRAN,Fishing vessel,354777979
/vessels/details/8523670,MEGA-711,Fishing Vessel,8523670
/vessels/details/7947427,LEYENDA,Fishing Vessel,7947427
/vessels/details/372033893,TAU LUOI169 B10,Fishing vessel,372033893
/vessels/details/356905572,RAJAB ALI,Fishing vessel,356905572
/vessels/details/374585555,60467,Fishing vessel,374585555
/vessels/details/354737899,KIMLY863 F.21,Fishing vessel,354737899
/vessels/details/374561968,TAU99A9,Fishing vessel,374561968
/vessels/details/8656661,OCEAN STAR VI,Fishing Vessel,8656661
/vessels/details/355545456,AZAMALAH,Fishing vessel,355545456
/vessels/details/5129576,ABISAL,Fishing Vessel,5129576
/vessels/details/9877365,VIA ALIZE,Fishing Vessel,9877365
/vessels/details/8523682,MEGA-712,Fishing Vessel,8523682
/vessels/details/352999994,97 ANT0ANE36,Fishing vessel,352999994
/vessels/details/353110018,35311-18-96,Fishing vessel,353110018
/vessels/details/374221514,41 THANH DAT C8,Fishing vessel,374221514
/vessels/details/7705659,CORSARIO I,Fishing Vessel,7705659
/vessels/details/354110391,IMULA1103GLE GAYAN,Fishing vessel,354110391
/vessels/details/371412512,SHUN FAN 2,Fishing vessel,371412512
/vessels/details/357361000,ANGOTREVO 1,Fishing vessel,357361000
/vessels/details/374091108,CHAU LQUET 08 C 31,Fishing vessel,374091108
/vessels/details/8908662,DALMACIA C,Fishing Vessel,8908662
/vessels/details/9732175,VALEROSA,Fishing Vessel,9732175
/vessels/details/7825904,TABOR,Fishing Vessel,7825904
/vessels/details/8523632,MEGA-811,Fishing Vessel,8523632
/vessels/details/354371000,R XU 186 45DLL,Fishing vessel,354371000
/vessels/details/7383724,DELIA,Fishing Vessel,7383724
/vessels/details/9653848,FV BELOUVE,Fishing Vessel,9653848
/vessels/details/352710008,35271-8,Fishing vessel,352710008
/vessels/details/370562612,QIONGYANGYU 49,Fishing vessel,370562612
/vessels/details/373727154,0CPHUQUY2F10,Fishing vessel,373727154
/vessels/details/372033292,QIONGDONGYU21888,Fishing vessel,372033292
/vessels/details/6716182,SEA HORSE IV,Fish Carrier,6716182
/vessels/details/353110016,35311-16-90,Fishing vessel,353110016
/vessels/details/355365365,TAU LU0I 0398761558,Fishing vessel,355365365
/vessels/details/353555594,JANDA SESAR,Fishing vessel,353555594
/vessels/details/373560898,I 35HAIPHONG F 9,Fishing vessel,373560898
/vessels/details/373232886,DEDGDA,Fishing vessel,373232886
/vessels/details/357001737,HE RO 37 B29,Fishing vessel,357001737
/vessels/details/354797979,ONE SWAN,Fishing vessel,354797979
/vessels/details/7305409,PESCATUN I,Fishing Vessel,7305409
/vessels/details/370687200,LUHAIY U60301,Fishing vessel,370687200
/vessels/details/357429010,GUIDING LIGHT IV,Fishing vessel,357429010
/vessels/details/352980777,FUYUANYU8708 01,Fishing vessel,352980777
/vessels/details/374333593,BA-SO KEOMUCB-32,Fishing vessel,374333593
/vessels/details/356762369,US SUN FLOWER COSCO,Fishing vessel,356762369
/vessels/details/352980778,FUYUANYU8709,Fishing vessel,352980778
/vessels/details/374030122,22 NHU Y,Fishing vessel,374030122
/vessels/details/7608289,KIYO MARU NO. 71,Fish Carrier,7608289
/vessels/details/370104000,GOLDEN STAR III,Fishing vessel,370104000
/vessels/details/356653558,CAHEOHP,Fishing vessel,356653558
/vessels/details/371528000,GILONTAS NO. 232,Fishing vessel,371528000
/vessels/details/351345810,LULAIZHOUYANG33050,Fishing vessel,351345810
/vessels/details/7306570,ALBORAN II,Fishing Vessel,7306570
/vessels/details/353888888,GJDJTWM,Fishing vessel,353888888
/vessels/details/374561047,TAU 37 E 26,Fishing vessel,374561047
/vessels/details/357892022,PHUOC-LOI-46 29-B2,Fishing vessel,357892022
/vessels/details/352696969,MAERSKYOKOHAMA,Fishing vessel,352696969
/vessels/details/9679622,FV BELLE RIVE,Fishing Vessel,9679622
/vessels/details/352700832,JAMES.DUANGDEE 11,Fishing vessel,352700832
/vessels/details/354083728,LUOI 52 A14 A15,Fishing vessel,354083728
/vessels/details/8103107,BARAKA,Fishing Vessel,8103107
/vessels/details/374009898,77TAUTAITHUTHEA23B23,Fishing vessel,374009898
/vessels/details/354622188,TENGDA13389,Fishing vessel,354622188
/vessels/details/374221442,CAULOID10,Fishing vessel,374221442
/vessels/details/352793979,AN KHANG THINH VUONG,Fishing vessel,352793979
/vessels/details/7634082,PESCAMARO DOS,Fishing Vessel,7634082
/vessels/details/371412514,SHUN FAN YU YE 04,Fishing vessel,371412514
/vessels/details/374919279,AU LOI6OB2S6,Fishing vessel,374919279
/vessels/details/355043585,CAHEO59,Fishing vessel,355043585
/vessels/details/374080327,MINH TRI 36 F4 90936,Fishing vessel,374080327
/vessels/details/7535705,GALAXY II,Fishing Vessel,7535705
/vessels/details/374000011,GHE LOP 17 C 30,Fishing vessel,374000011
/vessels/details/373675000,CHUNG KUO 91,Fishing vessel,373675000
/vessels/details/371412517,SHUN FAN YU YE 07,Fishing vessel,371412517
/vessels/details/352888888,1,Fishing vessel,352888888
/vessels/details/356156015,ZHONG GUO 00018,Fishing vessel,356156015
/vessels/details/9895989,SYDNEY SOFIA 111,Fishing Vessel,9895989
/vessels/details/7210537,MARINA,Fishing Vessel,7210537
/vessels/details/352365000,GOLDEN STAR II,Fishing vessel,352365000
/vessels/details/374808307,ZALO 926 A5,Fishing vessel,374808307
/vessels/details/374050532,TM82MC1368082TD8982,Fishing vessel,374050532
/vessels/details/370589345,U BB,Fishing vessel,370589345
/vessels/details/353110019,35311-19-99,Fishing vessel,353110019
/vessels/details/370000010,GALATEA I,Fishing vessel,370000010
/vessels/details/9849021,LA DATCHA,Yacht,9849021
/vessels/details/9303857,ASEAN LADY,Yacht,9303857
/vessels/details/1010478,TITAN,Yacht,1010478
/vessels/details/1007603,KWIKUMAT,Yacht,1007603
/vessels/details/1010375,BEOL,Yacht,1010375
/vessels/details/8985957,VOYAGER,Yacht,8985957
/vessels/details/8936841,PEGASOS,Yacht,8936841
/vessels/details/8810231,HAYAMA,Yacht,8810231
/vessels/details/1000019,LADY K II,Yacht,1000019
/vessels/details/9631838,HOPE AND LOVE,Yacht,9631838
/vessels/details/9663829,SUNONE,Yacht,9663829
/vessels/details/8977534,IL SOLE,Yacht,8977534
/vessels/details/9047972,MY CKLASS NAUTIQUE,Yacht,9047972
/vessels/details/1001702,FLEURTJE,Yacht,1001702
/vessels/details/9167825,SHARKWATER,Yacht,9167825
/vessels/details/9558567,SOGNO,Yacht,9558567
/vessels/details/5219163,MANDEO,Yacht,5219163
/vessels/details/1011123,SERAFIM,Yacht,1011123
/vessels/details/357908000,THE ONE,Pleasure craft,357908000
/vessels/details/373625000,MI PANGA CR,Pleasure craft,373625000
/vessels/details/352002961,G,Pleasure craft,352002961
/vessels/details/352005460,GUARDIAN ANGEL,Sailing vessel,352005460
/vessels/details/352002498,MISTRESS MOON,Sailing vessel,352002498
/vessels/details/352005044,RORAIMA,Pleasure craft,352005044
/vessels/details/351487000,SUHEYLA,Pleasure craft,351487000
/vessels/details/352001767,LEVANNA,Pleasure craft,352001767
/vessels/details/371114000,EL BRINCO,Pleasure craft,371114000
/vessels/details/352002787,LUZ DE MAR,Pleasure craft,352002787
/vessels/details/352005508,KNOTTY GIRL,Pleasure craft,352005508
/vessels/details/352004636,WILDCAT,Sailing vessel,352004636
/vessels/details/370054000,SUMMIT PSA 5,Pleasure craft,370054000
/vessels/details/352002432,ATUK,Pleasure craft,352002432
/vessels/details/357032000,SPERANTA,Sailing vessel,357032000
/vessels/details/354665000,EMS EXPLORER 1,Pleasure craft,354665000
/vessels/details/352003291,THE LUCKY CAT,Sailing vessel,352003291
/vessels/details/352002056,PERSISTENCE,Pleasure craft,352002056
/vessels/details/357645000,VENILIYA,Pleasure craft,357645000
/vessels/details/352004715,PANAMAR III,Pleasure craft,352004715
/vessels/details/357091000,RED CAT,Sailing vessel,357091000
/vessels/details/373686000,55 SUR,Sailing vessel,373686000
/vessels/details/370347000,JORGEN AMUNDSEN,Pleasure craft,370347000
/vessels/details/352004667,LAZY CAT,Sailing vessel,352004667
/vessels/details/354210000,ALTAMAR,Sailing vessel,354210000
/vessels/details/354648000,AMARANTA,Pleasure craft,354648000
/vessels/details/352003907,OSTRO,Sailing vessel,352003907
/vessels/details/352004257,MARYCRIS,Sailing vessel,352004257
/vessels/details/352002117,H,Pleasure craft,352002117
/vessels/details/370608000,MY TRIDENT I,Pleasure craft,370608000
/vessels/details/357119000,WHITE WINGS,Sailing vessel,357119000
/vessels/details/351123000,SOGNO,Pleasure craft,351123000
/vessels/details/352002930,BARBAZUL,Sailing vessel,352002930
/vessels/details/352002341,ANMAX,Pleasure craft,352002341
/vessels/details/370547000,AIS INVICTUS,Pleasure craft,370547000
/vessels/details/370464000,VIEJO LOBO III,Sailing vessel,370464000
/vessels/details/372510000,SEA BREEZE IV,Pleasure craft,372510000
/vessels/details/355856000,SEXTO SENTIDO,Pleasure craft,355856000
/vessels/details/356081000,ANNA,Pleasure craft,356081000
/vessels/details/352003356,INTREPID1,Pleasure craft,352003356
/vessels/details/352003371,KE GARNE,Sailing vessel,352003371
/vessels/details/352003396,LADY J,Pleasure craft,352003396
/vessels/details/351059000,SIN FIN,Sailing vessel,351059000
/vessels/details/372378000,PELACHA,Pleasure craft,372378000
/vessels/details/352003218,ESCAPE,Sailing vessel,352003218
/vessels/details/352004752,LEJA,Sailing vessel,352004752
/vessels/details/357690000,DARNICE III,Pleasure craft,357690000
/vessels/details/373653000,RGUZEL,Pleasure craft,373653000
/vessels/details/352001742,GREY GOOSE I,Pleasure craft,352001742
/vessels/details/356044000,SEASHAW,Pleasure craft,356044000
/vessels/details/357888000,QUEEN ALIZABETH,Pleasure craft,357888000
/vessels/details/352004924,SALVATOR,Pleasure craft,352004924
/vessels/details/372767000,MARDIVINO,Sailing vessel,372767000
/vessels/details/5038911,BEAUPORT,Pleasure craft,5038911
/vessels/details/352002717,MIA 2,Pleasure craft,352002717
/vessels/details/352002912,MISS LYNDA,Pleasure craft,352002912
/vessels/details/352002841,BELUGA III,Pleasure craft,352002841
/vessels/details/352001138,BAGABONDA,Sailing vessel,352001138
/vessels/details/352898745,NIRVANA ONE,Pleasure craft,352898745
/vessels/details/352003824,SEVEN,Pleasure craft,352003824
/vessels/details/352002733,GIOIA,Pleasure craft,352002733
/vessels/details/354616000,ARPON APOLO,Pleasure craft,354616000
/vessels/details/372563000,ATHINA,Pleasure craft,372563000
/vessels/details/373963000,AUSTR0,Sailing vessel,373963000
/vessels/details/351219000,ANGULA,Pleasure craft,351219000
/vessels/details/355553000,CAROLINA,Pleasure craft,355553000
/vessels/details/353535128,SAI YANG,Pleasure craft,353535128
/vessels/details/352003201,DADDY COOL 1,Pleasure craft,352003201
/vessels/details/352003769,ODYSSEA,Sailing vessel,352003769
/vessels/details/6413259,SEAHORSE II,Yacht,6413259
/vessels/details/352162000,YATE SUZUKI,Pleasure craft,352162000
/vessels/details/8749298,SURINA,Yacht,8749298
/vessels/details/357594000,CHUNG KUO NO.24,Pleasure craft,357594000
/vessels/details/352002720,AZUMI CHAN,Pleasure craft,352002720
/vessels/details/353250066,35325-66,Pleasure craft,353250066
/vessels/details/352001528,NOSTROMO,Sailing vessel,352001528
/vessels/details/357750000,CHUNG KUO NO.280,Pleasure craft,357750000
/vessels/details/351989000,VELHO BRESSAN,Pleasure craft,351989000
/vessels/details/352898779,HYWT 140,Pleasure craft,352898779
/vessels/details/353355768,MAXIMO,Pleasure craft,353355768
/vessels/details/357831000,CHUNG KUO NO. 29,Pleasure craft,357831000
/vessels/details/352003725,GASTION,Pleasure craft,352003725
/vessels/details/374988000,GOOD WAVES,Pleasure craft,374988000
/vessels/details/352003585,DEVILS ADVOCAT,Sailing vessel,352003585
/vessels/details/352002232,NACAR STAR,Sailing vessel,352002232
/vessels/details/352002314,MARITIME MILLER,Sailing vessel,352002314
/vessels/details/352001309,AYA II,Pleasure craft,352001309
/vessels/details/352005204,TUYA Y MIA,Pleasure craft,352005204
/vessels/details/352874000,YO YO,Pleasure craft,352874000
/vessels/details/356218000,SMALL WORLD,Pleasure craft,356218000
/vessels/details/352002670,ROCKOLA,Pleasure craft,352002670
/vessels/details/352001045,SV VENTARRON,Sailing vessel,352001045
/vessels/details/352001402,SOFIA KOVALEVSKAYA,Pleasure craft,352001402
/vessels/details/372863000,HUNTRESS,Pleasure craft,372863000
/vessels/details/351945000,BIG TIME,Pleasure craft,351945000
/vessels/details/352309000,FORLO,Pleasure craft,352309000
/vessels/details/352005505,352005505,Pleasure craft,352005505
/vessels/details/371684000,S,Sailing vessel,371684000
/vessels/details/352002719,MIHO,Pleasure craft,352002719
/vessels/details/357078000,FU NING,Sailing vessel,357078000
/vessels/details/352002146,JONATHAN III,Sailing vessel,352002146
/vessels/details/353001399,CB LSM SPEARHEAD,Pleasure craft,353001399
/vessels/details/352001356,JOY I,Pleasure craft,352001356
/vessels/details/352004248,ANDANTE I,Sailing vessel,352004248
/vessels/details/352002941,JULIE,Pleasure craft,352002941
/vessels/details/353080099,35308-99,Pleasure craft,353080099
/vessels/details/354848000,PLUS,Pleasure craft,354848000
/vessels/details/8691611,OCEAN 1,Yacht,8691611
/vessels/details/374801000,STELLA DI MARE,Pleasure craft,374801000
/vessels/details/354288000,LA PERLA I,Sailing vessel,354288000
/vessels/details/354387000,OCEAN BLUE II,Pleasure craft,354387000
/vessels/details/352004219,AQA,Pleasure craft,352004219
/vessels/details/352005232,SV INNER SMILE,Sailing vessel,352005232
/vessels/details/352898789,HYWT 125,Pleasure craft,352898789
/vessels/details/355736000,RENEE,Sailing vessel,355736000
/vessels/details/352001140,MALIBU,Sailing vessel,352001140
/vessels/details/352003853,MOONE,Pleasure craft,352003853
/vessels/details/356825000,FISH AND CHILL,Pleasure craft,356825000
/vessels/details/9988358,RORAIMA,Yacht,9988358
/vessels/details/1014852,BERING B145-03,Yacht,1014852
/vessels/details/353319000,EUROPA II,Pleasure craft,353319000
/vessels/details/374174000,VENENO II,Pleasure craft,374174000
/vessels/details/351561000,LEJOS DE TI,Pleasure craft,351561000
/vessels/details/352003951,CHONG HAN 02,Pleasure craft,352003951
/vessels/details/353001761,CB KCT 1905,Pleasure craft,353001761
/vessels/details/355880000,LA GAVIOTA III,Pleasure craft,355880000
/vessels/details/352003152,LE SAMARITAINE,Sailing vessel,352003152
/vessels/details/352005012,PANACEA,Sailing vessel,352005012
/vessels/details/371162301,3711-1,Pleasure craft,371162301
/vessels/details/354542000,VOLARE I,Sailing vessel,354542000
/vessels/details/352002276,KAPITAN,Pleasure craft,352002276
/vessels/details/352002757,ANASTASIIA,Sailing vessel,352002757
/vessels/details/352004392,TOPAS,Sailing vessel,352004392
/vessels/details/352002760,7 K,Pleasure craft,352002760
/vessels/details/354338000,LA GITANITA,Sailing vessel,354338000
/vessels/details/352002024,SHARK FART,Pleasure craft,352002024
/vessels/details/370340000,YAYI,Pleasure craft,370340000
/vessels/details/371256000,HAIZUAN19,Pleasure craft,371256000
/vessels/details/352004989,BALAMO,Pleasure craft,352004989
/vessels/details/353107000,PROKOS,Sailing vessel,353107000
/vessels/details/353018000,SOPHIA A,Sailing vessel,353018000
/vessels/details/357416000,CHUNG KUO NO.285,Pleasure craft,357416000
/vessels/details/352003524,SUZANNE,Sailing vessel,352003524
/vessels/details/371082000,CRANCHI,Pleasure craft,371082000
/vessels/details/371726000,KUANKUN TOO,Pleasure craft,371726000
/vessels/details/370980000,BRIBON,Sailing vessel,370980000
/vessels/details/352898781,HYWT120,Pleasure craft,352898781
/vessels/details/352217000,VA,Sailing vessel,352217000
/vessels/details/352265000,UTOPIA,Sailing vessel,352265000
/vessels/details/352004902,RIGEL 5,Pleasure craft,352004902
/vessels/details/356099000,DON KIKO II,Pleasure craft,356099000
/vessels/details/353080035,35308-35 7V9,Pleasure craft,353080035
/vessels/details/356804000,HONU,Pleasure craft,356804000
/vessels/details/8962814,SEAL,Yacht,8962814
/vessels/details/352413412,WET BAR,Pleasure craft,352413412
/vessels/details/352003311,A NADIA,Pleasure craft,352003311
/vessels/details/353529000,PETRUS,Pleasure craft,353529000
/vessels/details/352001048,ACHEBE,Pleasure craft,352001048
/vessels/details/352003417,MATIAS C,Pleasure craft,352003417
/vessels/details/356767000,AZZURRA,Sailing vessel,356767000
/vessels/details/374461000,CATAMARAN CHUFA,Pleasure craft,374461000
/vessels/details/357836000,CHUNG KUO NO. 287,Pleasure craft,357836000
/vessels/details/352004868,TODO SI,Pleasure craft,352004868
/vessels/details/352002336,ACHARNE,Sailing vessel,352002336
/vessels/details/374336000,CHEERS,Pleasure craft,374336000
/vessels/details/373182000,IMAGINE I,Pleasure craft,373182000
/vessels/details/352005845,BIT M2,Pleasure craft,352005845
/vessels/details/356929000,ARPON ARTEMIS,Pleasure craft,356929000
/vessels/details/352002910,LAMA,Pleasure craft,352002910
/vessels/details/1000370,AMPHITRITE,Yacht,1000370
/vessels/details/374995000,OHANA II,Pleasure craft,374995000
/vessels/details/351939000,LAST CALL,Pleasure craft,351939000
/vessels/details/352001414,BREEZEN 1,Sailing vessel,352001414
/vessels/details/371770001,LUZHAOYUYANG3717797,Pleasure craft,371770001
/vessels/details/373936000,SV IMAGINE,Sailing vessel,373936000
/vessels/details/354188000,SPOTTED DOG,Pleasure craft,354188000
/vessels/details/355650000,LA BARONESA II,Pleasure craft,355650000
/vessels/details/374892000,PAROMA,Sailing vessel,374892000
/vessels/details/352570029,35257-29 70,Pleasure craft,352570029
/vessels/details/370494000,MARTA I,Pleasure craft,370494000
/vessels/details/357436000,GOOD JOB,Pleasure craft,357436000
/vessels/details/352002115,WILDCARD,Sailing vessel,352002115
/vessels/details/356858000,NAYLAMP 1,Pleasure craft,356858000
/vessels/details/352002911,SHAINE,Pleasure craft,352002911
/vessels/details/352795000,MUNAY,Pleasure craft,352795000
/vessels/details/373501000,INFRAGANTI,Pleasure craft,373501000
/vessels/details/372472000,HAIZUAN18,Pleasure craft,372472000
/vessels/details/357414000,CHUNG KUO NO. 283,Pleasure craft,357414000
/vessels/details/371021000,CLARA MARIS,Sailing vessel,371021000
/vessels/details/352003956,WATCH DOG,Pleasure craft,352003956
/vessels/details/351266000,SUCCESS SPIRIT,Pleasure craft,351266000
/vessels/details/373040000,ALESSANDRA 1,Sailing vessel,373040000
/vessels/details/352317000,QUEST,Sailing vessel,352317000
/vessels/details/354270002,35427-2-99,Pleasure craft,354270002
/vessels/details/356698736,3566-36-46,Pleasure craft,356698736
/vessels/details/370371000,SABINA,Pleasure craft,370371000
/vessels/details/356938000,CHUNG KUO NO.281,Pleasure craft,356938000
/vessels/details/352986135,LESPRIT,Pleasure craft,352986135
/vessels/details/352004784,EL DRAGON Y LA BRUJA,Sailing vessel,352004784
/vessels/details/352005503,NAUTILUS I,Sailing vessel,352005503
/vessels/details/357830000,CHUNG KUO NO.27,Pleasure craft,357830000
/vessels/details/370463000,SY MITHRA,Sailing vessel,370463000
/vessels/details/352570012,35257-12 40,Pleasure craft,352570012
/vessels/details/354963000,TASOS,Pleasure craft,354963000
/vessels/details/372366000,EL DABA,Pleasure craft,372366000
/vessels/details/352001608,ZAS,Pleasure craft,352001608
/vessels/details/352003530,WINTER WHEAT,Sailing vessel,352003530
/vessels/details/352002821,BG-42,Pleasure craft,352002821
/vessels/details/352002634,MONTAZAH WATERSPORTS,Sailing vessel,352002634
/vessels/details/7851094,BOWSTRING,Yacht,7851094
/vessels/details/371978000,TRIPLE G,Pleasure craft,371978000
/vessels/details/352003630,KOALAX,Sailing vessel,352003630
/vessels/details/352978250,HYWT112,Pleasure craft,352978250
/vessels/details/374006000,DREAMER II,Pleasure craft,374006000
/vessels/details/352898785,HYWT 121,Pleasure craft,352898785
/vessels/details/352898782,HYWT 138,Pleasure craft,352898782
/vessels/details/352001798,ASIA.POSEIDON,Pleasure craft,352001798
/vessels/details/370276000,SERAFIM,Pleasure craft,370276000
/vessels/details/8999702,CASANOVA,Yacht,8999702
/vessels/details/371348000,SEA MARINA,Pleasure craft,371348000
/vessels/details/373156000,SHA SHA SHA IV,Pleasure craft,373156000
/vessels/details/352898780,HYWT 139,Pleasure craft,352898780
/vessels/details/354860000,TAMIRAMI,Pleasure craft,354860000
/vessels/details/352003499,SAMIN,Sailing vessel,352003499
/vessels/details/370473000,TONIVIC,Pleasure craft,370473000
/vessels/details/372000000,OVERSEAS ELECTRONIC,Pleasure craft,372000000
/vessels/details/374754000,ALPHERATZ,Pleasure craft,374754000
/vessels/details/352001133,BELL-LA.1133,Pleasure craft,352001133
/vessels/details/352005689,TWOSUN,Pleasure craft,352005689
/vessels/details/352999612,RUMBA,Pleasure craft,352999612
/vessels/details/352001279,EL CIELO,Pleasure craft,352001279
/vessels/details/351401000,MAREA,Sailing vessel,351401000
/vessels/details/9096428,SEMAYA,Yacht,9096428
/vessels/details/352002740,EL DOBLON,Sailing vessel,352002740
/vessels/details/352898788,HYWT123,Pleasure craft,352898788
/vessels/details/373567000,LEJOS DE TI,Pleasure craft,373567000
/vessels/details/371261000,CURRAMBA,Pleasure craft,371261000
/vessels/details/354470000,COPACETIC,Pleasure craft,354470000
/vessels/details/1079979,AMAVI,Yacht,1079979
/vessels/details/373902000,LUNA DE MAR,Pleasure craft,373902000
/vessels/details/352001800,SEA SENOR,Sailing vessel,352001800
/vessels/details/352001409,LOS GATOS II,Pleasure craft,352001409
/vessels/details/352003170,SV USHAS,Sailing vessel,352003170
/vessels/details/352005454,MISS FIONA,Sailing vessel,352005454
/vessels/details/352001999,BLUES,Sailing vessel,352001999
/vessels/details/356957090,FANTASY1,Sailing vessel,356957090
/vessels/details/352012911,SHAINE,Pleasure craft,352012911
/vessels/details/352004022,WHITE SHARK,Pleasure craft,352004022
/vessels/details/352002178,GUAYABERI,Sailing vessel,352002178
/vessels/details/373761000,VALKIRIA,Sailing vessel,373761000
/vessels/details/6726565,ULYSSES,Yacht,6726565
/vessels/details/372253000,CONTRA VENTO,Sailing vessel,372253000
/vessels/details/352222222,THANH NGOC 2 A31,Pleasure craft,352222222
/vessels/details/373521000,OCEANANIGANS,Sailing vessel,373521000
/vessels/details/373084000,EL TUNANTE III,Sailing vessel,373084000
/vessels/details/352999496,LA BAMBOLA,Pleasure craft,352999496
/vessels/details/352004414,NEW EDGE,Pleasure craft,352004414
/vessels/details/352004901,RIGEL 6,Pleasure craft,352004901
/vessels/details/352001514,ONENESS,Pleasure craft,352001514
/vessels/details/354763000,LUCY IN SKY,Pleasure craft,354763000
/vessels/details/351660030,35166-30 90,Pleasure craft,351660030
/vessels/details/352999693,MISS CLAUDIA,Pleasure craft,352999693
/vessels/details/371665000,PANAMA HATT,Pleasure craft,371665000
/vessels/details/352001043,NEW YORK NEW YORK,Pleasure craft,352001043
/vessels/details/352002904,SERAPHIM,Sailing vessel,352002904
/vessels/details/352002057,TRINDADE,Pleasure craft,352002057
/vessels/details/371018000,DIE MANNSCHAFT,Pleasure craft,371018000
/vessels/details/373892000,ADRIATIK II,Pleasure craft,373892000
/vessels/details/352978256,HYWT113,Pleasure craft,352978256
/vessels/details/356940000,CHUNG KUO NO. 282,Pleasure craft,356940000
/vessels/details/352001308,MELAO,Pleasure craft,352001308
/vessels/details/371191000,TI VAOU,Sailing vessel,371191000
/vessels/details/352005866,SV JUST DUCKY,Pleasure craft,352005866
/vessels/details/352001064,FRIMAR II,Pleasure craft,352001064
/vessels/details/370655000,WHITE PIGEON,Pleasure craft,370655000
/vessels/details/352004411,BOCAS DEL MAR CAT,Pleasure craft,352004411
/vessels/details/352001419,LITTLE CORAL,Pleasure craft,352001419
/vessels/details/353134000,MY SHEENU,Pleasure craft,353134000
/vessels/details/352232000,NANDINA,Sailing vessel,352232000
/vessels/details/352005242,ABU,Pleasure craft,352005242
/vessels/details/352001507,LIMAX II,Sailing vessel,352001507
/vessels/details/352005394,MEGA 888,Pleasure craft,352005394
/vessels/details/352002375,KRISPOL,Pleasure craft,352002375
/vessels/details/374825000,BOCAS DEL MAR CAT,Pleasure craft,374825000
/vessels/details/351442000,PALENQUE,Sailing vessel,351442000
/vessels/details/374181000,HAYAMA CHAN,Pleasure craft,374181000
/vessels/details/371955000,ARREBATO,Pleasure craft,371955000
/vessels/details/373524000,PATRICIA TOO,Pleasure craft,373524000
/vessels/details/355963000,CHONA,Pleasure craft,355963000
/vessels/details/374618000,PERSEUS I,Pleasure craft,374618000
/vessels/details/353500000,MI PANGA,Pleasure craft,353500000
/vessels/details/352003851,MIHO L,Pleasure craft,352003851
/vessels/details/373318000,TT AMARANTA I,Pleasure craft,373318000
/vessels/details/357697760,ONCE,Pleasure craft,357697760
/vessels/details/374639000,AVALANCHA,Pleasure craft,374639000
/vessels/details/357665000,YASTAYA,Pleasure craft,357665000
/vessels/details/352183000,QM,Pleasure craft,352183000
/vessels/details/373260021,MAERSK NARVIK E,Pleasure craft,373260021
/vessels/details/372397000,ANIBAL-O,Sailing vessel,372397000
/vessels/details/352005849,CHECKMATE,Pleasure craft,352005849
/vessels/details/357786650,BOLDLY GO,Sailing vessel,357786650
/vessels/details/354870000,EL ESCAPE,Sailing vessel,354870000
/vessels/details/352001715,BUQUE,Pleasure craft,352001715
/vessels/details/6608919,BLACK MAGIC,Yacht,6608919
/vessels/details/351708000,ALBORADA,Pleasure craft,351708000
/vessels/details/371056000,PLAY MOR,Pleasure craft,371056000
/vessels/details/371591000,ZEPHYR,Pleasure craft,371591000
/vessels/details/355160000,CHUNG KUO NO.33,Pleasure craft,355160000
/vessels/details/356360841,49ATTH F9,Sailing vessel,356360841
/vessels/details/352002340,MTV,Pleasure craft,352002340
/vessels/details/374626000,CORAL,Pleasure craft,374626000
/vessels/details/357310000,JOIE,Pleasure craft,357310000
/vessels/details/352003033,NOLITA,Sailing vessel,352003033
/vessels/details/352002988,SEARENITY,Pleasure craft,352002988
/vessels/details/352005884,352005884,Pleasure craft,352005884
/vessels/details/352978158,DOBLE PLAY,Pleasure craft,352978158
/vessels/details/352005251,ARENA,Pleasure craft,352005251
/vessels/details/352004654,KATYUSHA,Pleasure craft,352004654
/vessels/details/357374000,CHUNG KUO NO.21,Pleasure craft,357374000
/vessels/details/357000003,CHRIS ANGEL,Pleasure craft,357000003
/vessels/details/370298320,INDIGO,Pleasure craft,370298320
/vessels/details/351200007,35120-7 7V1,Pleasure craft,351200007
/vessels/details/352002698,LOTTUS 2,Pleasure craft,352002698
/vessels/details/352006028,EL CIELO III,Pleasure craft,352006028
/vessels/details/354572000,SESTRI,Sailing vessel,354572000
/vessels/details/352002773,ADDICTION,Pleasure craft,352002773
/vessels/details/356725678,LIAOSUIYU35678,Pleasure craft,356725678
/vessels/details/354123456,ANS TEST,Pleasure craft,354123456
/vessels/details/352001667,BULLISH,Sailing vessel,352001667
/vessels/details/352004749,JACKY TIME,Pleasure craft,352004749
/vessels/details/352002330,NINO,Pleasure craft,352002330
/vessels/details/355949000,SAILING FREEDOM,Sailing vessel,355949000
/vessels/details/352002919,ICE,Pleasure craft,352002919
/vessels/details/371234567,SEPTEMBER,Pleasure craft,371234567
/vessels/details/352002568,ROMANA ONE,Pleasure craft,352002568
/vessels/details/351200003,3512-3 87,Pleasure craft,351200003
/vessels/details/374943000,ANGEL OF THE SEA,Pleasure craft,374943000
/vessels/details/351751000,LE BLEU,Pleasure craft,351751000
/vessels/details/352003568,TMHAISAIAFS12,Sailing vessel,352003568
/vessels/details/352001993,ARIADNA,Pleasure craft,352001993
/vessels/details/352005513,TT ABVIOS II,Pleasure craft,352005513
/vessels/details/351918000,HAIZUAN17,Pleasure craft,351918000
/vessels/details/354134000,FRUNO,Sailing vessel,354134000
/vessels/details/352006032,MULAN,Pleasure craft,352006032
/vessels/details/374501000,MAREA II,Pleasure craft,374501000
/vessels/details/352002993,ANDREA,Sailing vessel,352002993
/vessels/details/371099000,VENDAVEL,Sailing vessel,371099000
/vessels/details/371616000,CORFU,Sailing vessel,371616000
/vessels/details/352002247,ORZA,Pleasure craft,352002247
/vessels/details/352004444,COUNTING STARS,Pleasure craft,352004444
/vessels/details/356914000,BLUE CAT III,Sailing vessel,356914000
/vessels/details/352004873,BIT-MYBIT.CLUB,Pleasure craft,352004873
/vessels/details/351100029,IRIS,Sailing vessel,351100029
/vessels/details/351508000,UNAVAILABLE,Pleasure craft,351508000
/vessels/details/353001446,TB MEGAWATI 12,Pleasure craft,353001446
/vessels/details/353001270,ST MAHALO 20,Pleasure craft,353001270
/vessels/details/374616000,FAN ZHONG 306,Pleasure craft,374616000
/vessels/details/352001393,ATLANTIS VII,Pleasure craft,352001393
/vessels/details/371527000,GILONTAS NO.230,Pleasure craft,371527000
/vessels/details/354651000,HAIZUAN06,Pleasure craft,354651000
/vessels/details/371673000,SHAYA I,Sailing vessel,371673000
/vessels/details/352898814,HYWT 130,Pleasure craft,352898814
/vessels/details/370606000,LINA MARIE,Pleasure craft,370606000
/vessels/details/6919992,BLUE LIBERTY,Yacht,6919992
/vessels/details/370124000,SY MIR,Sailing vessel,370124000
/vessels/details/352002761,HPT,Pleasure craft,352002761
/vessels/details/352003925,CLAUDIA Z,Pleasure craft,352003925
/vessels/details/372874000,CAYO DE AGUA,Pleasure craft,372874000
/vessels/details/373990000,SAINT LOUIS,Military ops,373990000
/vessels/details/8594382,SEA GUARDIAN,SAR,8594382
/vessels/details/374221490,TRUONG.THOCAOE5,Anti-polution,374221490
/vessels/details/352445007,IAC 20,Anti-polution,352445007
/vessels/details/373401000,VIOLA,Law enforcment,373401000
/vessels/details/372523105,00000000000000000000,Law enforcment,372523105
/vessels/details/372535344,MJ,SAR,372535344
/vessels/details/352980774,CORMORAN,Anti-polution,352980774
/vessels/details/374560466,GHE LU 12 E13,SAR,374560466
/vessels/details/374144430,HQ,Law enforcment,374144430
/vessels/details/355745865,00000000000000000000,Anti-polution,355745865
/vessels/details/352000153,HUENHILGF30,Military ops,352000153
/vessels/details/352898772,HYWT136,Resolution 18 ship,352898772
/vessels/details/372523093,00000000000000000000,Law enforcment,372523093
/vessels/details/352804734,CORELEADER,Law enforcment,352804734
/vessels/details/355745873,00000000000000000000,Law enforcment,355745873
/vessels/details/352978279,TUCANCILLO,Anti-polution,352978279
/vessels/details/7235903,SEA PARADISE,Tug,7235903
/vessels/details/9576947,DONG FANG KAN TAN 3,Tug,9576947
/vessels/details/9381160,TNS DEFENDER,Tug,9381160
/vessels/details/7041625,CHRISTOS XXIV,Tug,7041625
/vessels/details/9794862,THULFIQAR C-241,Tug,9794862
/vessels/details/7704588,RESPONSE,Tug,7704588
/vessels/details/9581992,KIRKUK,Tug,9581992
/vessels/details/9547477,AL-ASHAAR,Tug,9547477
/vessels/details/9483645,JIANG JUN,Tug,9483645
/vessels/details/9413755,HUB UNICORN,Tug,9413755
/vessels/details/1042184,ISLA CANAS,Tug,1042184
/vessels/details/7235707,OCEAN DELTA,Tug,7235707
/vessels/details/9884215,HAI PENG,Tug,9884215
/vessels/details/9884203,HAI KUN,Tug,9884203
/vessels/details/9658202,MATACHIN,Pusher Tug,9658202
/vessels/details/1042160,ISLA BASTIMENTOS,Tug,1042160
/vessels/details/1042158,ISLA BARRO COLORADO,Tug,1042158
/vessels/details/9658214,CAZALLA,Pusher Tug,9658214
/vessels/details/9245938,MERCURY 5,Pusher Tug,9245938
/vessels/details/9669536,CERRO CANAJAGUA,Tug,9669536
/vessels/details/9669586,CERRO PUNTA,Tug,9669586
/vessels/details/9669603,CERRO ANCON,Tug,9669603
/vessels/details/9669471,CERRO ITAMUT,Tug,9669471
/vessels/details/9669500,CERRO PANDO,Tug,9669500
/vessels/details/9669550,CERRO CAMPANA,Tug,9669550
/vessels/details/9669483,CERRO PICACHO,Tug,9669483
/vessels/details/9669574,CERRO TIGRE,Tug,9669574
/vessels/details/9669548,CERRO MAJAGUAL,Tug,9669548
/vessels/details/9669524,CERRO AZUL,Tug,9669524
/vessels/details/9669512,CERRO JEFE,Tug,9669512
/vessels/details/9669495,CERRO SANTIAGO,Tug,9669495
/vessels/details/9669598,CERRO GRANDE,Tug,9669598
/vessels/details/9653604,AL-SANDIBAD,Tug,9653604
/vessels/details/9640798,VB JALISCO,Tug,9640798
/vessels/details/9225316,NEPTUNE MARINER I,Tug,9225316
/vessels/details/9570151,PUELO,Tug,9570151
/vessels/details/9622978,ARANERO,Tug,9622978
/vessels/details/9693240,TRIBILIN,Tug,9693240
/vessels/details/9803807,VB EXPLORER,Tug,9803807
/vessels/details/9448085,NAZLI,Tug,9448085
/vessels/details/9773882,SST RAMBALA,Tug,9773882
/vessels/details/9137272,VB CARIBE,Tug,9137272
/vessels/details/7639018,RIVER SIDE II,Tug,7639018
/vessels/details/7216127,ELISABETH II,Tug,7216127
/vessels/details/9256573,LOS SANTOS,Tug,9256573
/vessels/details/9305374,VB CHIHUAHUA,Tug,9305374
/vessels/details/7224899,HUNTER,Tug,7224899
/vessels/details/9777498,SAAM TARQUI,Tug,9777498
/vessels/details/9551569,TERIBE,Tug,9551569
/vessels/details/9551583,PEQUENI,Tug,9551583
/vessels/details/9551480,PARITA I,Tug,9551480
/vessels/details/9551533,CALOVEBORA,Tug,9551533
/vessels/details/9551600,DOLEGA,Tug,9551600
/vessels/details/9551612,ESTI,Tug,9551612
/vessels/details/9551478,PACORA,Tug,9551478
/vessels/details/9551595,BELEN,Tug,9551595
/vessels/details/9551624,FARFAN,Tug,9551624
/vessels/details/9551492,30,Tug,9551492
/vessels/details/9187241,SAAM MISSISSIPPI,Tug,9187241
/vessels/details/8115746,VB HUSKY,Tug,8115746
/vessels/details/7810026,WESTPORT,Tug,7810026
/vessels/details/8906157,C MAR,Tug,8906157
/vessels/details/9363596,PANAMA XIV,Tug,9363596
/vessels/details/9363572,VERAGUAS I,Tug,9363572
/vessels/details/9363613,RIO BAYANO I,Tug,9363613
/vessels/details/9363601,RIO INDIO,Tug,9363601
/vessels/details/9363558,BOCAS DEL TORO,Tug,9363558
/vessels/details/9363584,CHIRIQUI III,Tug,9363584
/vessels/details/9744221,DICHATO,Tug,9744221
/vessels/details/9189172,AMOY TUG 3,Tug,9189172
/vessels/details/9506992,POLLUX XX,Tug,9506992
/vessels/details/9960344,SAAM CHARRAN,Tug,9960344
/vessels/details/9943047,SAAM QUIBIAN,Tug,9943047
/vessels/details/9931422,VB BENTAYGA,Tug,9931422
/vessels/details/9776614,CMT302,Tug,9776614
/vessels/details/9431927,BUSY GATOR,Tug,9431927
/vessels/details/9577484,SOUTHWIND,Tug,9577484
/vessels/details/9577472,NORTHWIND,Tug,9577472
/vessels/details/9532331,MARINA OCEANIC,Tug,9532331
/vessels/details/9600748,VIRGEN DEL VALLE,Tug,9600748
/vessels/details/9343247,ST BONAIRE,Tug,9343247
/vessels/details/9309813,ST CURACAO,Tug,9309813
/vessels/details/9496290,KTK MERO,Tug,9496290
/vessels/details/9706700,ARIES II,Tug,9706700
/vessels/details/9534834,ES RAINBOW,Tug,9534834
/vessels/details/9396414,ST GRENADA,Tug,9396414
/vessels/details/9366706,ST ARUBA,Tug,9366706
/vessels/details/9396426,ST TRINIDAD,Tug,9396426
/vessels/details/9370173,VB BARBADOS,Tug,9370173
/vessels/details/9618745,VB ROVER,Tug,9618745
/vessels/details/9188283,DUBAI,Tug,9188283
/vessels/details/9366249,SEVEN MARLIN,Tug,9366249
/vessels/details/8803666,GUIA,Tug,8803666
/vessels/details/9010503,D. P. MCAULIFFE,Tug,9010503
/vessels/details/9476381,ST GUADELOUPE,Tug,9476381
/vessels/details/9708344,LEBU,Tug,9708344
/vessels/details/7128318,VGN JORDAN,Tug,7128318
/vessels/details/9761009,PROCYON XX,Tug,9761009
/vessels/details/5174478,ALGAB,Tug,5174478
/vessels/details/7943952,MT MANCHENIL BAY,Tug,7943952
/vessels/details/7212339,TITAN TERCERO,Tug,7212339
/vessels/details/9573036,PHANTOS XX,Tug,9573036
/vessels/details/9113288,TUG ANDES,Tug,9113288
/vessels/details/9035034,SANAT,Tug,9035034
/vessels/details/7312402,NAS PATHFINDER,Tug,7312402
/vessels/details/8410225,FASTNET NORE,Tug,8410225
/vessels/details/9348429,ELDA,Tug,9348429
/vessels/details/7637084,CHALLENGER,Tug,7637084
/vessels/details/6601014,MECKTON 1,Tug,6601014
/vessels/details/6415465,BALTIC WARRIOR,Tug,6415465
/vessels/details/8133968,GRAPETREE BAY,Tug,8133968
/vessels/details/6729206,SEA SEAL,Tug,6729206
/vessels/details/7927879,RAM ALEXA R,Tug,7927879
/vessels/details/8033546,SPARTAN,Tug,8033546
/vessels/details/9562518,JULIA1,Tug,9562518
/vessels/details/9355745,GULF 1,Tug,9355745
/vessels/details/9352858,GULF 2,Tug,9352858
/vessels/details/9508586,BINA MARINE 31,Pusher Tug,9508586
/vessels/details/9572161,BINA MARINE 61,Tug,9572161
/vessels/details/9307138,COASTAL SKY,Tug,9307138
/vessels/details/7610830,HOROZ,Tug,7610830
/vessels/details/372297000,LOS SANTOS,Tug,372297000
/vessels/details/370481000,DARIEN,Tug,370481000
/vessels/details/355435000,CERRO LA VIEJA,Tug,355435000
/vessels/details/357733000,CACIQUE I,Tug,357733000
/vessels/details/370480000,BOCAS DEL TORO,Tug,370480000
/vessels/details/354304000,COCLE,Tug,354304000
/vessels/details/352986207,KTK MERO,Tug,352986207
/vessels/details/371340000,JIAO GONG 82,Tug,371340000
/vessels/details/351069000,HERRERA,Tug,351069000
/vessels/details/370008000,SIXAOLA,Tug,370008000
/vessels/details/374889000,GORGONA I,Tug,374889000
/vessels/details/372741000,TUGCOLON,Tug,372741000
/vessels/details/355264000,MCAULIFFE,Tug,355264000
/vessels/details/9405813,CARIBE 2,Tug,9405813
/vessels/details/374203000,SAJALICES,Tug,374203000
/vessels/details/374001000,CULEBRA,Tug,374001000
/vessels/details/356653000,CALOVEBORA,Tug,356653000
/vessels/details/371904000,UNIDAD,Tug,371904000
/vessels/details/372499000,ZEPHYRUS,Tug,372499000
/vessels/details/351232000,GUIA,Tug,351232000
/vessels/details/370774000,RIO TUIRA,Tug,370774000
/vessels/details/355041000,GUARDIA,Tug,355041000
/vessels/details/355519000,HURRICANE,Tug,355519000
/vessels/details/1060667,ASD IOLITE,Tug,1060667
/vessels/details/354066000,HAIZUAN7,Tug,354066000
/vessels/details/353435000,AT1604,Tug,353435000
/vessels/details/9668049,DONGHAE1HO,Tug,9668049
/vessels/details/8733251,CRONO,Tug,8733251
/vessels/details/9277515,NASHWAN 2,Tug,9277515
/vessels/details/1135254,BUCO MAZI 2,Tug,1135254
/vessels/details/8035233,JOHN F. STEVENS,Tug,8035233
/vessels/details/9888974,SAAM PALENQUE,Tug,9888974
/vessels/details/9739898,GARDENIA,Tug,9739898
/vessels/details/7601645,JANNI,Tug,7601645
/vessels/details/8986860,MALABAR SHAKTI,Tug,8986860
/vessels/details/6614152,JARAMAC 32,Tug,6614152
/vessels/details/9707338,AHT CHRYSOLITE,Tug,9707338
/vessels/details/5389580,WILGA,Tug,5389580
/vessels/details/352466000,RAZAGH,Tug,352466000
/vessels/details/7945936,MORO,Tug,7945936
/vessels/details/373745000,IMI SKIPPER,Tug,373745000
/vessels/details/8931413,DK NO. 1,Pusher Tug,8931413
/vessels/details/356165000,RIO BAYANO,Tug,356165000
/vessels/details/9565235,CAPRICORNIO,Tug,9565235
/vessels/details/355686000,AST LEGEND,Tug,355686000
/vessels/details/7715226,AL BANDHARI 2,Tug,7715226
/vessels/details/9791418,HARMONI DUA,Tug,9791418
/vessels/details/9794329,SOCOTRA,Tug,9794329
/vessels/details/8626032,AMOY TUG 4,Tug,8626032
/vessels/details/9625310,BRUMBY 179,Tug,9625310
/vessels/details/7937989,WILMA I,Tug,7937989
/vessels/details/373779000,MASTER ROSE,Tug,373779000
/vessels/details/8017645,TRANS NINGDE,Tug,8017645
/vessels/details/352005797,FAN ZHONG 302,Tug,352005797
/vessels/details/8649785,SAN HANG TUO 1007,Tug,8649785
/vessels/details/9580651,MARINA CARIBE,Tug,9580651
/vessels/details/9565211,DIMITRA 1,Tug,9565211
/vessels/details/9993200,VB BRIBON,Tug,9993200
/vessels/details/9560596,DWT 9,Tug,9560596
/vessels/details/9612337,LYBOUSSAKIS TAXIARCH,Tug,9612337
/vessels/details/5058272,TOWELL POWER,Tug,5058272
/vessels/details/351978000,AMAL 6,Tug,351978000
/vessels/details/7333262,NAVID I,Tug,7333262
/vessels/details/6724763,MADERA VI,Tug,6724763
/vessels/details/371070000,REMOLCADOR ANTISANA,Tug,371070000
/vessels/details/8846498,AT-1302,Tug,8846498
/vessels/details/1057933,UT PATZCUARO,Tug,1057933
/vessels/details/6806432,UNITED,Tug,6806432
/vessels/details/352999820,JALATARANGINI,Tug,352999820
/vessels/details/356000111,TEST,Tug,356000111
/vessels/details/7856240,SHAHAB,Tug,7856240
/vessels/details/1050698,KNK ADIRAA,Tug,1050698
/vessels/details/352002014,GAMBOA,Tug,352002014
/vessels/details/6618196,JARAMAC XVIII,Tug,6618196
/vessels/details/9140085,CEBU UNITY,Tug,9140085
/vessels/details/9551521,AA-0803,Tug,9551521
/vessels/details/354967000,LEO GALAXY,Tug,354967000
/vessels/details/9299850,BLENDA,Tug,9299850
/vessels/details/9631022,MEYERS EVO,Tug,9631022
/vessels/details/5105520,CARRON HIGHLANDER,Tug,5105520
/vessels/details/352999812,JALAKANYA,Tug,352999812
/vessels/details/7208273,AL MOUJAH,Tug,7208273
/vessels/details/5127413,ATLAS II,Tug,5127413
/vessels/details/9779355,ADAM,Tug,9779355
/vessels/details/5066451,PANAMA RESPONDER I,Tug,5066451
/vessels/details/7643629,D DOG,Tug,7643629
/vessels/details/7322316,PAWNEE,Pusher Tug,7322316
/vessels/details/8327337,MT MAYA,Pusher Tug,8327337
/vessels/details/9098751,AZ LAVENDER,Tug,9098751
/vessels/details/352002701,CEBU UNITY,Tug,352002701
/vessels/details/8035362,GULF DEACON,Tug,8035362
/vessels/details/8035398,JARAMAC VIII,Tug,8035398
/vessels/details/5233913,VALVIRIA,Tug,5233913
/vessels/details/9238715,ZAINI,Tug,9238715
/vessels/details/7200207,TAMMY,Tug,7200207
/vessels/details/7403665,PEGASUS T,Pusher Tug,7403665
/vessels/details/8633944,ADAM A,Tug,8633944
/vessels/details/9513256,A M AKSHANT,Tug,9513256
/vessels/details/7734143,TUG MARLIN,Pusher Tug,7734143
/vessels/details/352898759,NORD GAMBA,Tug,352898759
/vessels/details/8626434,NING ZHU TUO 2,Tug,8626434
/vessels/details/9485370,GHARABLY 5,Tug,9485370
/vessels/details/5159703,MADERA V,Tug,5159703
/vessels/details/7338901,JAISEN,Tug,7338901
/vessels/details/372456000,CECIL HAYNES,Tug,372456000
/vessels/details/8035415,JARAMAC XII,Tug,8035415
/vessels/details/352003901,TC CAM RANH,Tug,352003901
/vessels/details/9995325,GRAL BENJAMINZELEDON,Tug,9995325
/vessels/details/9523691,HUB DRAGON,Tug,9523691
/vessels/details/9151979,JALA TARANGINI,Tug,9151979
/vessels/details/351586000,YUE GONG TUO 48,Tug,351586000
/vessels/details/6614164,NINA,Tug,6614164
/vessels/details/9256561,HERRERA,Tug,9256561
/vessels/details/7401590,EL DUQUE,Tug,7401590
/vessels/details/8858805,SALVA INDAH,Tug,8858805
/vessels/details/6603282,EUSEBIO,Tug,6603282
/vessels/details/351523970,SEA STAR-7,Tug,351523970
/vessels/details/8861515,SUNTAL NO. 1,Tug,8861515
/vessels/details/7304376,PUMA,Tug,7304376
/vessels/details/1019010,SHARQ 2,Tug,1019010
/vessels/details/6501886,GABO,Tug,6501886
/vessels/details/9247015,COLON,Tug,9247015
/vessels/details/8331950,AMISTAD,Tug,8331950
/vessels/details/5379092,LAURGAIN SPEEDY,Tug,5379092
/vessels/details/9183673,AT-1303,Tug,9183673
/vessels/details/9459785,HUB ORCA,Tug,9459785
/vessels/details/7123136,SANDIE,Tug,7123136
/vessels/details/9489144,LANPAN 11,Tug,9489144
/vessels/details/8944587,SEA WESTERN,Tug,8944587
/vessels/details/9010515,UNIDAD,Tug,9010515
/vessels/details/353796000,CHANGUINOLA,Tug,353796000
/vessels/details/8734669,DON CHOLO I,Tug,8734669
/vessels/details/352001487,BELL-LA.SHARKSEA,Tug,352001487
/vessels/details/7102675,HOKIE MARU I,Tug,7102675
/vessels/details/7390961,COEUS,Tug,7390961
/vessels/details/9588330,ST4500,Tug,9588330
/vessels/details/7730604,LAVINA,Tug,7730604
/vessels/details/9376268,AT-2001,Tug,9376268
/vessels/details/7812751,MOOSA 12,Tug,7812751
/vessels/details/9734070,GHAZI,Tug,9734070
/vessels/details/9065819,INTERSEAS VII,Tug,9065819
/vessels/details/7009328,ARCTIC CIRCLE NO. 1,Tug,7009328
/vessels/details/7033252,JANE I,Tug,7033252
/vessels/details/1042172,ISLA BONA,Tug,1042172
/vessels/details/8968820,TONY I,Tug,8968820
/vessels/details/7437290,GULF WAVE,Tug,7437290
/vessels/details/9831127,VB CAIMAN,Tug,9831127
/vessels/details/8325092,BUSY SNAIL,Tug,8325092
/vessels/details/7127417,DELTA200,Tug,7127417
/vessels/details/7634733,SRI RAMA,Tug,7634733
/vessels/details/7124049,NOHA PRIDE,Tug,7124049
/vessels/details/1039175,ATCO BARAKA II,Tug,1039175
/vessels/details/8994271,LAKOTA,Tug,8994271
/vessels/details/9792759,HOL I,Tug,9792759
/vessels/details/352001680,TRAMONTANE,Tug,352001680
/vessels/details/5136490,PORTIA,Tug,5136490
/vessels/details/356346000,RONCADOR I,Tug,356346000
/vessels/details/9519456,PISCES XX,Tug,9519456
/vessels/details/8035403,JARAMAC XI,Tug,8035403
/vessels/details/7823566,ORIENTAL ALLIED,Tug,7823566
/vessels/details/7713773,NOUH 20,Tug,7713773
/vessels/details/1034058,VB COBRA,Tug,1034058
/vessels/details/9316622,SAAM JAROCHO,Tug,9316622
/vessels/details/1021908,HANG GONG MAO 901,Tug,1021908
/vessels/details/1038963,VB APACHE,Tug,1038963
/vessels/details/9066617,CHONE,Tug,9066617
/vessels/details/9217383,FAJER 2,Tug,9217383
/vessels/details/9309825,AT-2802,Tug,9309825
/vessels/details/9363560,DARIEN,Tug,9363560
/vessels/details/7501948,MIRBAT,Tug,7501948
/vessels/details/6508200,TITEN,Tug,6508200
/vessels/details/354156000,SAAM SAN LORENZO,Tug,354156000
/vessels/details/9309708,AST LEGEND,Pusher Tug,9309708
/vessels/details/7946007,TACHIBANA MARU,Tug,7946007
/vessels/details/8869529,TYRON POWER,Tug,8869529
/vessels/details/8747795,MR GAIA,Tug,8747795
/vessels/details/7946203,BANNOCK,Tug,7946203
/vessels/details/6504357,JUANCHACO,Tug,6504357
/vessels/details/7428316,GUPCO 1,Tug,7428316
/vessels/details/6607587,CF,Tug,6607587
/vessels/details/9229908,AT - 2433,Tug,9229908
/vessels/details/9519432,PHOENIX XX,Tug,9519432
/vessels/details/9243540,SL LIMAY 6,Tug,9243540
/vessels/details/9332468,SAAM SAN LORENZO,Tug,9332468
/vessels/details/352004576,ASD IOLITE,Tug,352004576
/vessels/details/9563196,OCEANLINE 281,Tug,9563196
/vessels/details/353106000,AA 0803,Tug,353106000
/vessels/details/8035300,SYLVIE,Tug,8035300
/vessels/details/9378852,RIO TUIRA 1,Tug,9378852
/vessels/details/9182693,CECIL F. HAYNES,Tug,9182693
/vessels/details/6931029,EID,Tug,6931029
/vessels/details/9531301,ES FAITHFUL,Tug,9531301
/vessels/details/6913704,KOWAN MARU NO. 35,Tug,6913704
/vessels/details/9554963,SELAT FALCON,Tug,9554963
/vessels/details/7643409,PASTAZA,Tug,7643409
/vessels/details/9556492,TC CAM RANH,Tug,9556492
/vessels/details/9345087,DWT-12,Tug,9345087
/vessels/details/9105877,SAHAND 40,Tug,9105877
/vessels/details/7047241,BETTY I,Tug,7047241
/vessels/details/9582001,NAINAWA,Tug,9582001
/vessels/details/357154009,POSICIONAMIENTO,Tug,357154009
/vessels/details/9560314,ORION WB 2,Tug,9560314
/vessels/details/9886108,VB CORMORAN,Tug,9886108
/vessels/details/8669383,JULIAN L SCHLEY,Tug,8669383
/vessels/details/356555555,76,Tug,356555555
/vessels/details/9829617,YUE GONG TUO 47,Tug,9829617
/vessels/details/9646170,SELAT STAR,Tug,9646170
/vessels/details/8854029,JIAN FA 2,Pusher Tug,8854029
/vessels/details/1073224,ISLA UVA,Tug,1073224
/vessels/details/9295921,ZEUS 1,Tug,9295921
/vessels/details/9669562,CERRO LA VIEJA,Tug,9669562
/vessels/details/354944000,TEST,Tug,354944000
/vessels/details/8861539,SUNTAL NO. 3,Tug,8861539
/vessels/details/9498779,DWT-21,Tug,9498779
/vessels/details/7533290,SETE 3,Tug,7533290
/vessels/details/9021435,FAN ZHONG 501,Tug,9021435
/vessels/details/351420000,RAM TIGRE,Tug,351420000
/vessels/details/5086396,PRINCESS II,Tug,5086396
/vessels/details/1073236,ISLA POPA,Tug,1073236
/vessels/details/7005401,CHAMPION,Tug,7005401
/vessels/details/1019008,SHARQ 1,Tug,1019008
/vessels/details/6828727,JARAMAC 34,Tug,6828727
/vessels/details/356333333,G5,Tug,356333333
/vessels/details/372791487,BELL-LA.SHARKSEA,Tug,372791487
/vessels/details/373486000,PIPSA I,Tug,373486000
/vessels/details/9186297,YUE GONG TUO 51,Tug,9186297
/vessels/details/6918041,ASPA POWER I,Tug,6918041
/vessels/details/371453000,FARFAN,Tug,371453000
/vessels/details/7428706,MARJAN,Tug,7428706
/vessels/details/352005435,DULUB,Tug,352005435
/vessels/details/7726512,PILOT,Tug,7726512
/vessels/details/9542506,AFFABLE,Tug,9542506
/vessels/details/7643394,NEG CHIEFTAIN,Tug,7643394
/vessels/details/7943940,CANEGARDEN BAY,Tug,7943940
/vessels/details/9151967,JALA KANYA,Tug,9151967
/vessels/details/9118599,FAN ZHONG 302,Tug,9118599
/vessels/details/9998183,ISLA PARIDA,Tug,9998183
/vessels/details/9176137,YUE GONG TUO 49,Tug,9176137
/vessels/details/9376581,SURYA PUTRA 5,Tug,9376581
/vessels/details/9519420,PEGASUS XX,Tug,9519420
/vessels/details/8628846,YE JONG,Tug,8628846
/vessels/details/1066506,TRANS QINGDAO,Tug,1066506
/vessels/details/352471216,BOCA DEL DRAGO 1,Tug,352471216
/vessels/details/9803900,SAAM VALPARAISO,Tug,9803900
/vessels/details/9655872,SST ANAHUAC,Tug,9655872
/vessels/details/8823331,AMOY TUG5,Pusher Tug,8823331
/vessels/details/9549841,BRUMBY 100,Tug,9549841
/vessels/details/9238894,HEMINGWAY 3000,Tug,9238894
/vessels/details/1110668,CARIBE,Tug,1110668
/vessels/details/8346826,YUE GONG MAO 3,Tug,8346826
/vessels/details/352003614,ATCO BARAKA 1,Tug,352003614
/vessels/details/9145932,AL AMEER,Tug,9145932
/vessels/details/371837000,PELICANO I,Tug,371837000
/vessels/details/6405537,MADERA I,Tug,6405537
/vessels/details/8330085,CAUDERAN,Tug,8330085
/vessels/details/9696486,SUBTECH 41,Tug,9696486
/vessels/details/7728687,H. BURGESS,Tug,7728687
/vessels/details/1110656,MARACA,Tug,1110656
/vessels/details/8993576,VALEUREUX,Tug,8993576
/vessels/details/5401259,ORINOCO,Tug,5401259
/vessels/details/9182980,YUE GONG TUO 50,Tug,9182980
/vessels/details/351209000,PANDA 8,Tug,351209000
/vessels/details/5238767,MOHAWK,Tug,5238767
/vessels/details/9107576,NEPTUNE MARINER II,Tug,9107576
/vessels/details/9600750,ARCANGEL SAN MIGUEL,Tug,9600750
/vessels/details/7614903,PORTOBELLO II,Tug,7614903
/vessels/details/8923351,YONG CHANG,Tug,8923351
/vessels/details/9764532,ALFA FAST 1,Tug,9764532
/vessels/details/353009712,FANGLAN 18,Tug,353009712
/vessels/details/374711000,YUE GONG TUO 40,Tug,374711000
/vessels/details/5369059,TROJAN II,Tug,5369059
/vessels/details/8986298,SAYAR,Tug,8986298
/vessels/details/8955110,NEPTUNE V,Tug,8955110
/vessels/details/5305053,OCEAN STAR VI,Tug,5305053
/vessels/details/9598971,NOOR ADEN,Tug,9598971
/vessels/details/8038510,PELICANO I,Tug,8038510
/vessels/details/9359442,HADJI AZIZ,Tug,9359442
/vessels/details/9381093,RM ODIN,Tug,9381093
/vessels/details/9003380,GAMBOA,Tug,9003380
/vessels/details/9987536,VB KUKULKAN,Tug,9987536
/vessels/details/9551466,AT-1604,Tug,9551466
/vessels/details/1128031,ZUATA,Tug,1128031
/vessels/details/7037741,DONA PROVI,Tug,7037741
/vessels/details/9217199,NANKI,Tug,9217199
/vessels/details/9858266,VB ORCA,Tug,9858266
/vessels/details/9393905,AVID,Tug,9393905
/vessels/details/8891780,KH-T1,Tug,8891780
/vessels/details/8503931,PAZ I,Tug,8503931
/vessels/details/1129669,PINIA,Tug,1129669
/vessels/details/356942000,LIDER,Tug,356942000
/vessels/details/352791000,CDP SPIRIT,Tug,352791000
/vessels/details/9572379,MATILDA,Tug,9572379
/vessels/details/7009079,FUSHIN T701,Tug,7009079
/vessels/details/351031487,BELL-LA.SHARKSEA,Tug,351031487
/vessels/details/8873269,DON ALFREDO I,Tug,8873269
/vessels/details/352003058,BARU MARINER,Tug,352003058
/vessels/details/9751858,ATLAS OPAL,Tug,9751858
/vessels/details/9247027,COCLE,Tug,9247027
/vessels/details/353003519,FANGLAN 17,Tug,353003519
/vessels/details/371736000,NAHID,Tug,371736000
/vessels/details/1097866,YOONS NO201,Tug,1097866
/vessels/details/352004191,LYBOUSSAKIS ATLAS,Tug,352004191
/vessels/details/9147849,TEPUAL,Tug,9147849
/vessels/details/9686493,HB PEGASUS,Pusher Tug,9686493
/vessels/details/352003615,ATCO BARAKA 2,Tug,352003615
/vessels/details/7854838,ACS 3602,Pusher Tug,7854838
/vessels/details/1135242,BUCO MAZI 1,Tug,1135242
/vessels/details/8122256,REGENT 8,Tug,8122256
/vessels/details/9263485,DWT- 20,Pusher Tug,9263485
/vessels/details/9731561,DALIA,Tug,9731561
/vessels/details/6409399,DUBAI I,Tug,6409399
/vessels/details/9627083,BRUMBY 178,Tug,9627083
/vessels/details/8809971,LIDER,Tug,8809971
/vessels/details/9118587,AMOY TUG 2,Tug,9118587
/vessels/details/8400098,CROSS EAST 1,Tug,8400098
/vessels/details/1084845,TRANS SHANGHAI,Tug,1084845
/vessels/details/8331857,IMI SKIPPER,Tug,8331857
/vessels/details/7114276,JAY MORROW,Tug,7114276
/vessels/details/8114091,FAN ZHONG 303,Tug,8114091
/vessels/details/9060467,HTGI II,Tug,9060467
/vessels/details/352002444,ASTROLABE,Tug,352002444
/vessels/details/8129840,FAN ZHONG 208,Tug,8129840
/vessels/details/8891039,KWANG SEON,Tug,8891039
/vessels/details/370310000,RITA A,Tug,370310000
/vessels/details/352004574,ASD ZIRCON,Tug,352004574
/vessels/details/9352729,NORD MOANDA,Tug,9352729
/vessels/details/8111233,FAN ZHONG206,Tug,8111233
/vessels/details/9998171,ISLA CARENERO,Tug,9998171
/vessels/details/9573000,AHT CARRIER,Tug,9573000
/vessels/details/7943938,LIME TREE BAY,Tug,7943938
/vessels/details/1017933,HUA YOUG TUO 16,Tug,1017933
/vessels/details/9216561,OCEAN POWER I,Tug,9216561
/vessels/details/373984000,CHOROY,Tug,373984000
/vessels/details/9547829,BRUMBY 98,Tug,9547829
/vessels/details/352005888,FAN ZHONG 303,Tug,352005888
/vessels/details/9662643,JAZMIN,Tug,9662643
/vessels/details/8861527,SUNTAL NO. 2,Tug,8861527
/vessels/details/8944484,MISS HILLARY,Tug,8944484
/vessels/details/7609829,MOBILE POWER,Tug,7609829
/vessels/details/1128043,MATURIN,Tug,1128043
/vessels/details/3560324,LIBRA,Tug,3560324
/vessels/details/9142784,VENUS X,Tug,9142784
/vessels/details/1060679,ASD ZIRCON,Tug,1060679
/vessels/details/353990100,VULCAN,Tug,353990100
/vessels/details/352003779,SL LIMAY6,Tug,352003779
/vessels/details/9776602,CMT 301,Tug,9776602
/vessels/details/1095997,JIANGSU SUYANG 1668,Tug,1095997
/vessels/details/354080000,TEPUAL,Tug,354080000
/vessels/details/5365613,JENNA,Tug,5365613
/vessels/details/9452878,SAMSON VI,Tug,9452878
/vessels/details/352521487,BELL-LA.SHARKSEA,Tug,352521487
/vessels/details/8847337,CECILIA S,Tug,8847337
/vessels/details/8988088,LEO GALAXY,Tug,8988088
/vessels/details/370195000,KID DOLPHIN,Tug,370195000
/vessels/details/9288100,JARA,Tug,9288100
/vessels/details/372013000,QSL KH2,Tug,372013000
/vessels/details/9390446,HUB GAZELLE,Tug,9390446
/vessels/details/8352186,YUE GONG TUO 45,Tug,8352186
/vessels/details/8205137,DURANGO,Tug,8205137
/vessels/details/9430404,AGNES WORLD NO. 1,Tug,9430404
/vessels/details/9734290,LUPO,Tug,9734290
/vessels/details/7211165,TRAMONTANE,Tug,7211165
/vessels/details/9105619,YUE GONG TUO 36,Tug,9105619
/vessels/details/9578725,OCEANLINE 285,Tug,9578725
/vessels/details/353002065,FANGLAN 19,Tug,353002065
/vessels/details/6926971,SANKO MARU NO. 6,Tug,6926971
/vessels/details/9692088,GREAT WALL 7,Tug,9692088
/vessels/details/9607746,MEHRSUN,Tug,9607746
/vessels/details/7302067,SANTA MARIA I,Tug,7302067
/vessels/details/352002113,SARA ANNE,Tug,352002113
/vessels/details/9179244,GILBERTO GUARDIA,Tug,9179244
/vessels/details/370482000,SALMON,Tug,370482000
/vessels/details/355285000,TIBURON V,Tug,355285000
/vessels/details/8963791,KELLAN PACIFIC,Tug,8963791
/vessels/details/9121479,TIGRE,Tug,9121479
/vessels/details/7312816,BLUE SEA III,Tug,7312816
/vessels/details/9413767,HUB DOLPHIN,Tug,9413767
/vessels/details/9881196,YUYO 2,Pusher Tug,9881196
/vessels/details/6508937,ALYCUS,Tug,6508937
/vessels/details/9671656,HUGUITO,Tug,9671656
/vessels/details/7521601,DELTA 300,Tug,7521601
/vessels/details/1039163,ATCO BARAKA I,Tug,1039163
/vessels/details/7009500,JABER 1,Tug,7009500
/vessels/details/1038494,VB MIXCOATL,Tug,1038494
/vessels/details/372314000,MEYERS EVO,Tug,372314000
/vessels/details/9521681,WINTON R18,Tug,9521681
/vessels/details/9734082,MV RIZWAN,Tug,9734082
/vessels/details/9547489,AL FAYHAA,Tug,9547489
/vessels/details/9572367,ULRIKA,Tug,9572367
/vessels/details/7732444,KRISTEN LEE,Tug,7732444
/vessels/details/9200847,CIDADE DE MARICA,Offshore Support Vessel,9200847
/vessels/details/9003861,FPSO KWAME NKRUMAH,Offshore Support Vessel,9003861
/vessels/details/9909716,GTA FPSO,Offshore Support Vessel,9909716
/vessels/details/8757740,THIALF,Crane Ship,8757740
/vessels/details/7326908,PETROBRAS 48,Offshore Support Vessel,7326908
/vessels/details/7381491,PETROBRAS 47,Offshore Support Vessel,7381491
/vessels/details/7376886,PETROBRAS 37,Offshore Support Vessel,7376886
/vessels/details/9236626,BW TATIANA,Offshore Support Vessel,9236626
/vessels/details/9368302,BW BATANGAS,Offshore Support Vessel,9368302
/vessels/details/9777280,BW CATCHER,Offshore Support Vessel,9777280
/vessels/details/9063067,PIONEIRO DE LIBRA,Offshore Support Vessel,9063067
/vessels/details/8302131,TAMARA TOKONI,Offshore Support Vessel,8302131
/vessels/details/9260811,FPSO CYRUS,Offshore Support Vessel,9260811
/vessels/details/9655030,WEST JUPITER,Drilling Ship,9655030
/vessels/details/9655028,WEST NEPTUNE,Drilling Ship,9655028
/vessels/details/9623934,WEST TELLUS,Drilling Ship,9623934
/vessels/details/9705457,WEST DRACO,Drilling Ship,9705457
/vessels/details/9609392,WEST AURIGA,Drilling Ship,9609392
/vessels/details/9609407,WEST VELA,Drilling Ship,9609407
/vessels/details/9674127,WEST CARINA,Drilling Ship,9674127
/vessels/details/9657428,WEST SATURN,Drilling Ship,9657428
/vessels/details/8613798,BALEINE FPSO,Offshore Support Vessel,8613798
/vessels/details/9459931,WEST GEMINI,Drilling Ship,9459931
/vessels/details/9372523,WEST CAPELLA,Drilling Ship,9372523
/vessels/details/9372535,WEST POLARIS,Drilling Ship,9372535
/vessels/details/9525235,ETESCO TAKATSUGU J,Drilling Ship,9525235
/vessels/details/9679452,SEVAN DEVELOPER,Drilling Ship,9679452
/vessels/details/9679440,SEVAN LOUISIANA,Drilling Ship,9679440
/vessels/details/9605396,AEGIR,Pipe Layer,9605396
/vessels/details/1021439,SFE HERCULES,Crane Ship,1021439
/vessels/details/8770687,BICENTENARIO,Drilling Ship,8770687
/vessels/details/9651204,SAPURA 3500,Pipe Layer,9651204
/vessels/details/8009569,INTREPID BALANGHAI,Offshore Support Vessel,8009569
/vessels/details/9651199,SAPURA 1200,Pipe Layer,9651199
/vessels/details/8503539,MCDERMOTT DB50,Crane Ship,8503539
/vessels/details/9698939,WIND SCYLLA,Offshore Support Vessel,9698939
/vessels/details/8697366,GSP BIGFOOT 1,Pipe Layer,8697366
/vessels/details/9313515,C-MASTER,Pipe Layer,9313515
/vessels/details/7207530,LINDA CEM,Dry Storage,7207530
/vessels/details/9672454,ATLANTICA DELTA,Drilling Ship,9672454
/vessels/details/9702766,SAPURA RUBI,Pipe Layer,9702766
/vessels/details/9702754,SAPURA JADE,Pipe Layer,9702754
/vessels/details/9656199,SAPURA TOPAZIO,Pipe Layer,9656199
/vessels/details/9702742,SAPURA ONIX,Pipe Layer,9702742
/vessels/details/9656187,SAPURA DIAMANTE,Pipe Layer,9656187
/vessels/details/9468384,MAMA THERESA,Crane Ship,9468384
/vessels/details/9745249,PV DRILLING IX,Drilling Ship,9745249
/vessels/details/9966879,BLUE NAVIGATOR,Cable Layer,9966879
/vessels/details/9714525,HAI YANG SHI YOU 721,Research Vessel,9714525
/vessels/details/9512551,QUIBIAN I,Dredger,9512551
/vessels/details/9880893,BLUE EAGLE,Offshore Support Vessel,9880893
/vessels/details/9382217,FU TAI,Cable Layer,9382217
/vessels/details/9749192,WELL TARGET 1,Drilling Ship,9749192
/vessels/details/9160449,HAM 316,Hopper Dredger,9160449
/vessels/details/8907034,PERSEAS I,Research Vessel,8907034
/vessels/details/8324579,GSP FALCON,Offshore Support Vessel,8324579
/vessels/details/8663016,POSH NATUNA,Offshore Support Vessel,8663016
/vessels/details/9392705,SAPURA CONSTRUCTOR,Offshore Support Vessel,9392705
/vessels/details/9116761,BLUE RAVEN,Offshore Support Vessel,9116761
/vessels/details/7327768,MCDERMOTT DERRICK BARGE NO.32,Crane Ship,7327768
/vessels/details/9636204,DCI 2,Drilling Ship,9636204
/vessels/details/8771538,MAP DRILLER I,Drilling Ship,8771538
/vessels/details/9638082,DCI-1,Drilling Ship,9638082
/vessels/details/9633824,KING COOPER,Hopper Dredger,9633824
/vessels/details/9821574,MARSOL ZENITH,Offshore Support Vessel,9821574
/vessels/details/1065019,HEA OCEANIC,Offshore Support Vessel,1065019
/vessels/details/9793052,THIQAR,Hopper Dredger,9793052
/vessels/details/9675420,QMS SUBHIYA,Offshore Support Vessel,9675420
/vessels/details/9215218,BOLD MAVERICK,Well Stimulation Vessel,9215218
/vessels/details/9484778,MERMAID ENDURER,Offshore Support Vessel,9484778
/vessels/details/9207065,CS FUHAI,Cable Layer,9207065
/vessels/details/9419515,OCEANIC III,Offshore Support Vessel,9419515
/vessels/details/8771796,BASSDRILL ALPHA,Drilling Ship,8771796
/vessels/details/9709063,AL-MAQAL,Hopper Dredger,9709063
/vessels/details/9558983,GMS ENDEAVOUR 6102,Offshore Support Vessel,9558983
/vessels/details/9481817,MERMAID ASIANA,Offshore Support Vessel,9481817
/vessels/details/9181510,GSP VEGA,Offshore Tug/Supply Ship,9181510
/vessels/details/8759243,YAGANA,Pipe Layer,8759243
/vessels/details/8709951,BGP PIONEER,Research Vessel,8709951
/vessels/details/9388091,SEAMEC PALADIN,Offshore Support Vessel,9388091
/vessels/details/9522207,HEA KRAKEN,Offshore Support Vessel,9522207
/vessels/details/9522219,HEA LEVIATHAN,Offshore Support Vessel,9522219
/vessels/details/9669093,HEA HYDRA,Offshore Support Vessel,9669093
/vessels/details/9567855,QMS CONQUEST,Offshore Support Vessel,9567855
/vessels/details/9558969,GMS.ENDURANCE.6101,Offshore Support Vessel,9558969
/vessels/details/9226437,SKANDI GIANT,Offshore Tug/Supply Ship,9226437
/vessels/details/9944405,BGMS BADER,Offshore Tug/Supply Ship,9944405
/vessels/details/9734903,AOS GLORY,Offshore Tug/Supply Ship,9734903
/vessels/details/9309112,CCC PIONEER,Offshore Support Vessel,9309112
/vessels/details/9627289,HORIZON GEODRILL,Offshore Tug/Supply Ship,9627289
/vessels/details/9725756,GO AUSTRALIS,Offshore Tug/Supply Ship,9725756
/vessels/details/9770189,HORIZON PROSPECTOR,Offshore Tug/Supply Ship,9770189
/vessels/details/9698616,LARGA,Offshore Tug/Supply Ship,9698616
/vessels/details/9366665,BARU SIERRA NEVADA,Offshore Tug/Supply Ship,9366665
/vessels/details/9652181,PAN TAMARA,Offshore Tug/Supply Ship,9652181
/vessels/details/9413200,SFE PIONEER,Offshore Support Vessel,9413200
/vessels/details/7801556,HORIZON GEOBAY,Research Vessel,7801556
/vessels/details/9647057,BGP COMMANDER,Offshore Tug/Supply Ship,9647057
/vessels/details/8406482,GSP ANTARES,Offshore Tug/Supply Ship,8406482
/vessels/details/9676929,PAN TALA,Offshore Tug/Supply Ship,9676929
/vessels/details/9263514,HORIZON GEODISCOVERY,Offshore Tug/Supply Ship,9263514
/vessels/details/8205620,ATLANTIC TONJER,Offshore Support Vessel,8205620
/vessels/details/9276676,ADVANTIS VIRGO,Anchor Hoy,9276676
/vessels/details/9693898,MARIDIVE ZOHR II,Offshore Tug/Supply Ship,9693898
/vessels/details/9653903,SURF PERDANA,Offshore Tug/Supply Ship,9653903
/vessels/details/9786267,EVER HOPE,Offshore Tug/Supply Ship,9786267
/vessels/details/9194103,SEA MEADOW 06,Offshore Tug/Supply Ship,9194103
/vessels/details/9087312,SARTOR,Offshore Tug/Supply Ship,9087312
/vessels/details/9186144,SEA MEADOW 22,Offshore Tug/Supply Ship,9186144
/vessels/details/9128350,SEA MEADOW 12,Offshore Tug/Supply Ship,9128350
/vessels/details/9261865,SEA MEADOW 08,Offshore Tug/Supply Ship,9261865
/vessels/details/8765694,DIXIE PATRIOT,Offshore Support Vessel,8765694
/vessels/details/9208564,FUGRO EXPLORER,Research Vessel,9208564
/vessels/details/8770120,BARGE KUDETA 4305,Offshore Support Vessel,8770120
/vessels/details/9333333,KIKUYU 4303,Offshore Support Vessel,9333333
/vessels/details/9495753,BULL RAY,Offshore Support Vessel,9495753
/vessels/details/9647758,BEN NEVIS,Offshore Tug/Supply Ship,9647758
/vessels/details/9060364,SEA MEADOW 19,Offshore Tug/Supply Ship,9060364
/vessels/details/9060352,SEA MEADOW 29,Offshore Tug/Supply Ship,9060352
/vessels/details/9267388,OCEAN GEOGRAPH,Research Vessel,9267388
/vessels/details/9121728,IRISH SEA PIONEER,Offshore Support Vessel,9121728
/vessels/details/9296028,GSP KING,Offshore Tug/Supply Ship,9296028
/vessels/details/9198484,SEA MEADOW 39,Offshore Tug/Supply Ship,9198484
/vessels/details/9441544,BGP EXPLORER,Research Vessel,9441544
/vessels/details/8912364,OCEAN INSTALLER,Offshore Tug/Supply Ship,8912364
/vessels/details/8119637,N35,Offshore Tug/Supply Ship,8119637
/vessels/details/9331323,BOURBON HELENE,Offshore Tug/Supply Ship,9331323
/vessels/details/8616609,OCEAN RELIANCE,Research Vessel,8616609
/vessels/details/7715434,OCEAN LINK,Cable Layer,7715434
/vessels/details/9673159,CCC MARITIME1,Offshore Tug/Supply Ship,9673159
/vessels/details/9451599,NAVIGATOR Z,Offshore Tug/Supply Ship,9451599
/vessels/details/9592197,MARIDIVE 702,Offshore Tug/Supply Ship,9592197
/vessels/details/9563794,MMPL MERLIN,Offshore Tug/Supply Ship,9563794
/vessels/details/9690250,MARISKA-G,Offshore Tug/Supply Ship,9690250
/vessels/details/8770936,PICO 4,Offshore Support Vessel,8770936
/vessels/details/9628518,SUNRISE-G,Offshore Tug/Supply Ship,9628518
/vessels/details/8405440,OCEAN VANTAGE,Drilling Ship,8405440
/vessels/details/9682617,GLOMAR WAVE,Offshore Support Vessel,9682617
/vessels/details/9628520,MOONRISE G,Offshore Tug/Supply Ship,9628520
/vessels/details/9753090,BGP HONOR,Offshore Tug/Supply Ship,9753090
/vessels/details/9303481,TYPHOON,Offshore Tug/Supply Ship,9303481
/vessels/details/9394301,GLOMAR SUPPORTER,Offshore Tug/Supply Ship,9394301
/vessels/details/9563859,MERMAID SAPPHIRE,Offshore Support Vessel,9563859
/vessels/details/9372705,LUANDA 1,Offshore Tug/Supply Ship,9372705
/vessels/details/9697129,HORIZON ZENITH,Offshore Support Vessel,9697129
/vessels/details/9152882,FUGRO DISCOVERY,Research Vessel,9152882
/vessels/details/9399430,UOL TIGERFISH,Offshore Tug/Supply Ship,9399430
/vessels/details/9441532,BGP CHALLENGER,Research Vessel,9441532
/vessels/details/9344227,GLOMAR WORKER,Offshore Tug/Supply Ship,9344227
/vessels/details/9377614,CRONUS P,Offshore Tug/Supply Ship,9377614
/vessels/details/9369552,ATLANTIC POWER,Offshore Tug/Supply Ship,9369552
/vessels/details/9215220,ISLAND SCOUT,Offshore Tug/Supply Ship,9215220
/vessels/details/9944376,BGMS SPLENDOR,Offshore Tug/Supply Ship,9944376
/vessels/details/9636058,ALBERTO A ZUBIETA,Dredger,9636058
/vessels/details/9324576,PACIFIC 38,Offshore Tug/Supply Ship,9324576
/vessels/details/9776705,INW-30,Offshore Tug/Supply Ship,9776705
/vessels/details/9305726,MISSISSIPPI,Offshore Tug/Supply Ship,9305726
/vessels/details/8521672,LARA 1,Crane Ship,8521672
/vessels/details/9380180,CHRISTOS LVII,Offshore Tug/Supply Ship,9380180
/vessels/details/9621546,BOREAS G,Offshore Tug/Supply Ship,9621546
/vessels/details/9546564,SURF MANDIRI,Offshore Tug/Supply Ship,9546564
/vessels/details/7615878,WSI GULF PEARL,Well Stimulation Vessel,7615878
/vessels/details/9592630,AOS HANDLER,Offshore Tug/Supply Ship,9592630
/vessels/details/7518965,TSAVLIRIS HELLAS,Salvage Ship,7518965
/vessels/details/9623001,MAGELLAN 1,Anchor Hoy,9623001
/vessels/details/9214630,DIAMOND HAWK,Well Stimulation Vessel,9214630
/vessels/details/9376969,TF VICTORIA,Offshore Tug/Supply Ship,9376969
/vessels/details/8003424,SARAMACCA,Hopper Dredger,8003424
/vessels/details/9520144,MARIANNE,Offshore Tug/Supply Ship,9520144
/vessels/details/9528548,HORIZON NOMAD,Offshore Support Vessel,9528548
/vessels/details/9196527,REDSEA SEARCHER,Offshore Tug/Supply Ship,9196527
/vessels/details/9250206,LIFE SUPPORT,Research Vessel,9250206
/vessels/details/9383170,SEA MACAW,Anchor Hoy,9383170
/vessels/details/9737890,BES SOLAR,Offshore Support Vessel,9737890
/vessels/details/9818462,AOS VISION,Offshore Tug/Supply Ship,9818462
/vessels/details/7404176,GLOMAR PATRIOT,Offshore Tug/Supply Ship,7404176
/vessels/details/9430002,NETRA,Offshore Tug/Supply Ship,9430002
/vessels/details/7376161,SEAPOWER,Offshore Tug/Supply Ship,7376161
/vessels/details/9484259,NLP JACKSON,Offshore Tug/Supply Ship,9484259
/vessels/details/9198496,EL VICTORIOSO,Offshore Tug/Supply Ship,9198496
/vessels/details/9195523,HERMANO MIRLO,Offshore Tug/Supply Ship,9195523
/vessels/details/9637569,ASTRO CAPELLA,Anchor Hoy,9637569
/vessels/details/9480875,EGS SURVEYOR II,Offshore Tug/Supply Ship,9480875
/vessels/details/9480849,VENTURE G,Offshore Tug/Supply Ship,9480849
/vessels/details/9371658,KRISTIINA,Anchor Hoy,9371658
/vessels/details/9336646,VM LEGEND,Offshore Tug/Supply Ship,9336646
/vessels/details/9137313,OCEANUS,Crane Ship,9137313
/vessels/details/9553543,MELODY 5,Anchor Hoy,9553543
/vessels/details/8109266,GLOMAR VANTAGE,Research Vessel,8109266
/vessels/details/9430301,DIAMOND AMBER,Anchor Hoy,9430301
/vessels/details/9565986,VICTORIA,Offshore Tug/Supply Ship,9565986
/vessels/details/9565974,LOUISE,Offshore Tug/Supply Ship,9565974
/vessels/details/6618330,INDIAN OCEAN EXPLORER II,Patrol Vessel,6618330
/vessels/details/7433945,OPC DEFENDER,Research Vessel,7433945
/vessels/details/9045352,GULF SPRING,Anchor Hoy,9045352
/vessels/details/8408002,SEWARD JOHNSON,Offshore Support Vessel,8408002
/vessels/details/9510412,FOS ORION,Offshore Tug/Supply Ship,9510412
/vessels/details/8210118,7 SEAS,Offshore Tug/Supply Ship,8210118
/vessels/details/7303138,INJYNN CAPTAIN,Offshore Tug/Supply Ship,7303138
/vessels/details/9080950,GRAND EXPLORER,Buoy/Lighthouse Vessel,9080950
/vessels/details/9667538,SW ARIA,Standby Safety Vessel,9667538
/vessels/details/6828909,SUCAR DOCE,Offshore Tug/Supply Ship,6828909
/vessels/details/9566368,PERMATA LEO,Offshore Tug/Supply Ship,9566368
/vessels/details/9531337,FOS GEMINI,Offshore Tug/Supply Ship,9531337
/vessels/details/9510400,FOS POLARIS,Offshore Tug/Supply Ship,9510400
/vessels/details/7018501,PRINS 3,Motor Hopper,7018501
/vessels/details/8215821,JEST 5,Offshore Tug/Supply Ship,8215821
/vessels/details/8725539,OCEAN DIVERSITY,Research Vessel,8725539
/vessels/details/9365348,FOS UNIVERSE,Offshore Tug/Supply Ship,9365348
/vessels/details/8107799,BURICA MARINER,Offshore Tug/Supply Ship,8107799
/vessels/details/8120909,MARIDIVE VII,Offshore Tug/Supply Ship,8120909
/vessels/details/7412147,MATTHEW 633,Offshore Tug/Supply Ship,7412147
/vessels/details/8906389,GLOMAR VIKING,Standby Safety Vessel,8906389
/vessels/details/7112357,ALASKA SCOUT,Supply Tender,7112357
/vessels/details/9608776,GLOMAR LINDE,Standby Safety Vessel,9608776
/vessels/details/9608764,GLOMAR PRIDE,Offshore Tug/Supply Ship,9608764
/vessels/details/7129506,SEADIVER,Offshore Tug/Supply Ship,7129506
/vessels/details/7031761,ODIN FINDER,Research Vessel,7031761
/vessels/details/8521660,GLOMAR ENDURANCE,Standby Safety Vessel,8521660
/vessels/details/9587336,SHIRIN,Anchor Hoy,9587336
/vessels/details/8822648,GLOMAR VENTURE,Standby Safety Vessel,8822648
/vessels/details/8205814,GLOMAR ADVANCE,Standby Safety Vessel,8205814
/vessels/details/9387011,RED SNAPPER 2,Offshore Tug/Supply Ship,9387011
/vessels/details/9648491,ASTRA G,Research Vessel,9648491
/vessels/details/6725432,TRACY,Buoy/Lighthouse Vessel,6725432
/vessels/details/8857100,CALYPSO ONE,Motor Hopper,8857100
/vessels/details/9605669,VM PRUDENT,Anchor Hoy,9605669
/vessels/details/8521658,GLOMAR 4-WINDS,Standby Safety Vessel,8521658
/vessels/details/9579834,HAI BAO LIU HAO,Research Vessel,9579834
/vessels/details/7803322,OCEAN RECOVERY,Offshore Support Vessel,7803322
/vessels/details/9604885,AURORA-G,Offshore Tug/Supply Ship,9604885
/vessels/details/8402541,GLOMAR AVIOR,Standby Safety Vessel,8402541
/vessels/details/7638416,MINTAKA I,Research Vessel,7638416
/vessels/details/9246188,SITULA,Standby Safety Vessel,9246188
/vessels/details/9705691,SURF LESTARI,Offshore Tug/Supply Ship,9705691
/vessels/details/9656929,BOURBON SIROCCO,Offshore Tug/Supply Ship,9656929
/vessels/details/8037762,EMILY G,Offshore Tug/Supply Ship,8037762
/vessels/details/9768320,CMM PURITY,Pollution Control Vessel,9768320
/vessels/details/7368255,GLOMAR BALTIC,Standby Safety Vessel,7368255
/vessels/details/9246176,MINKAR,Standby Safety Vessel,9246176
/vessels/details/4544092,HUSVIK MUNIN,Patrol Vessel,4544092
/vessels/details/4544119,HUSVIK HUGIN,Patrol Vessel,4544119
/vessels/details/7392854,BALTO,Research Vessel,7392854
/vessels/details/8851704,AMBERJACK,Offshore Support Vessel,8851704
/vessels/details/8711473,GLOMAR ARCTIC,Standby Safety Vessel,8711473
/vessels/details/8987888,STS POSEIDON,Offshore Support Vessel,8987888
/vessels/details/7904827,FRIENDSHIP,Salvage Ship,7904827
/vessels/details/7211892,SHALOM II,Standby Safety Vessel,7211892
/vessels/details/8742056,HAI BAO 4,Research Vessel,8742056
/vessels/details/9714185,7-WAVES,Research Vessel,9714185
/vessels/details/9721956,7-STARS,Research Vessel,9721956
/vessels/details/8650904,VIVRE-G,Standby Safety Vessel,8650904
/vessels/details/7923500,KING DOLPHIN,Offshore Tug/Supply Ship,7923500
/vessels/details/8207159,GLOMAR ATRIA,Offshore Tug/Supply Ship,8207159
/vessels/details/7917874,LIAM,Utility Vessel,7917874
/vessels/details/5259589,GLOMAR SCOUT,Standby Safety Vessel,5259589
/vessels/details/8410031,ALCEDO,Standby Safety Vessel,8410031
/vessels/details/1014060,EXPRESS 96,Offshore Tug/Supply Ship,1014060
/vessels/details/9782479,EXPRESS 92,Offshore Tug/Supply Ship,9782479
/vessels/details/1092816,AESEN 106,Offshore Tug/Supply Ship,1092816
/vessels/details/9724922,EXPRESS 81,Offshore Tug/Supply Ship,9724922
/vessels/details/9531399,SMS PELANGI,Utility Vessel,9531399
/vessels/details/9083017,CML EMERALD,Offshore Tug/Supply Ship,9083017
/vessels/details/8315619,BALTIC SERVICE,Offshore Tug/Supply Ship,8315619
/vessels/details/9843493,SVITZER CHITTAGONG,Offshore Tug/Supply Ship,9843493
/vessels/details/9429819,EXPRESS-58,Offshore Tug/Supply Ship,9429819
/vessels/details/8862973,TERSCHELLING,Buoy/Lighthouse Vessel,8862973
/vessels/details/9590474,AESEN 18,Offshore Tug/Supply Ship,9590474
/vessels/details/9508495,ACHIEVER,Utility Vessel,9508495
/vessels/details/8413100,AQUA KNIGHT,Offshore Tug/Supply Ship,8413100
/vessels/details/7325344,ALBATROSS-P,Salvage Ship,7325344
/vessels/details/5272127,DELTA QUEEN II,Dredger,5272127
/vessels/details/9483413,FURORE-G,Patrol Vessel,9483413
/vessels/details/9099092,NORSE,Research Vessel,9099092
/vessels/details/6417499,NAVE SANTA MARIA,Offshore Support Vessel,6417499
/vessels/details/6912499,SEAFORCE,Standby Safety Vessel,6912499
/vessels/details/8133138,DRIFA,Supply Tender,8133138
/vessels/details/4644878,BREAKER,Research Vessel,4644878
/vessels/details/7327938,PELICAN 1,Standby Safety Vessel,7327938
/vessels/details/9782285,MEREL-G,Offshore Tug/Supply Ship,9782285
/vessels/details/8582626,RV HERCULES,Research Vessel,8582626
/vessels/details/6500131,SJERP 2,Standby Safety Vessel,6500131
/vessels/details/8432924,NOORDSTER,Standby Safety Vessel,8432924
/vessels/details/9662435,ALLIANZ CITRINE,Offshore Tug/Supply Ship,9662435
/vessels/details/9679098,ALLIANZ ONYX,Offshore Tug/Supply Ship,9679098
/vessels/details/9694177,MCS COROMELL,Offshore Tug/Supply Ship,9694177
/vessels/details/8702109,SEA DISCOVERY,Research Vessel,8702109
/vessels/details/8741480,VENUS II,Offshore Support Vessel,8741480
/vessels/details/9266633,SEA ENTERPRISE,Training Ship,9266633
/vessels/details/9059078,SEA-HUNTER 1,Patrol Vessel,9059078
/vessels/details/6812625,SEA HUNTER GUARD,Supply Tender,6812625
/vessels/details/9679086,MCS LEVANTO,Offshore Tug/Supply Ship,9679086
/vessels/details/9547491,AKULLEQ,Standby Safety Vessel,9547491
/vessels/details/8982242,CML CATS EYE,Crew Boat,8982242
/vessels/details/373427000,PILOT NO 1,Pilot,373427000
/vessels/details/352001813,SANDPIPER,Dredging or UW ops,352001813
/vessels/details/9765770,NATT,Other type,9765770
/vessels/details/352001384,VELADERO,Other type,352001384
/vessels/details/352028000,JUREL,Other type,352028000
/vessels/details/351834000,WAHOOXX,Pilot,351834000
/vessels/details/352001663,LILIYA,Other type,352001663
/vessels/details/351035000,JOLLY ROVER,Port tender,351035000
/vessels/details/354044000,RUDY,Diving ops,354044000
/vessels/details/9807607,SUHAIL,Other type,9807607
/vessels/details/374952000,LENGUADO,Other type,374952000
/vessels/details/374476000,BOJALA,Pilot,374476000
/vessels/details/352005324,HOWARD MCCALL,Other type (HAZ-B),352005324
/vessels/details/371772000,SWORDFISH,Pilot,371772000
/vessels/details/371028000,JUVENCIO PIZZA,Other type,371028000
/vessels/details/353790000,PINGUINO I,Pilot,353790000
/vessels/details/354166000,TIGER EXPRESS,HSC,354166000
/vessels/details/354002000,MOJARRA,Pilot,354002000
/vessels/details/370965000,JAQUETON,Port tender,370965000
/vessels/details/370174000,BROTOLA,Pilot,370174000
/vessels/details/374823000,BARU,Dredging or UW ops,374823000
/vessels/details/356448000,EASTLAND 1,Other type,356448000
/vessels/details/374765000,DON RAFAEL,Local type,374765000
/vessels/details/374362000,BIENAVENTURANZA VII,Other type,374362000
/vessels/details/354272000,SURFER 19015,Other type,354272000
/vessels/details/352156000,BAGRE,Pilot,352156000
/vessels/details/352002908,HANG GONG MAO 901,Other type,352002908
/vessels/details/372201000,ATUN,Pilot,372201000
/vessels/details/371913000,CONGO,Pilot,371913000
/vessels/details/352100000,SURFER 19007,Other type,352100000
/vessels/details/355637000,EMPERADOR,Pilot,355637000
/vessels/details/355862000,IRISH SEA PIONEER,WIG (HAZ-D),355862000
/vessels/details/357333000,JOLLY RAYNA,Port tender,357333000
/vessels/details/351033000,PANQUIACO,Other type,351033000
/vessels/details/371934000,MERO I,Pilot,371934000
/vessels/details/370835000,ACHIEVER I,Diving ops,370835000
/vessels/details/373941000,PILOT NO 2,Pilot,373941000
/vessels/details/372316000,HALIBUT,Port tender,372316000
/vessels/details/353866000,DORADO III,Other type,353866000
/vessels/details/354075000,CERES 3,HSC,354075000
/vessels/details/374857000,UWCON SWIFT,Diving ops,374857000
/vessels/details/370590000,ESPADA,Other type,370590000
/vessels/details/370110000,ETNA,Dredging or UW ops,370110000
/vessels/details/372294000,CORVALLO,Port tender,372294000
/vessels/details/372338000,LISA,Pilot,372338000
/vessels/details/371137000,QUIBIAN I,Dredging or UW ops,371137000
/vessels/details/356751000,MY MONA LISA,Other type,356751000
/vessels/details/374378000,RODABALLO,Pilot,374378000
/vessels/details/373150000,MUSES,Other type,373150000
/vessels/details/352002248,EL LEGADO,Other type,352002248
/vessels/details/353347000,JOLLY REENA,Port tender,353347000
/vessels/details/9457036,YARD NO.2260 STX,Unknown,9457036
/vessels/details/8764274,ANTONIO JOSE DE SUCRE-102,Drilling Ship,8764274
/vessels/details/352100101,AMOY BG 5,Towing vessel (tow>200),352100101
/vessels/details/8801280,SONG DOC PRIDE MV19,Offshore Support Vessel,8801280
/vessels/details/8530788,RAFAEL,Supply Tender,8530788
/vessels/details/352005818,352005818,Other type,352005818
/vessels/details/7533549,HILAL AL EMARAT,Offshore Tug/Supply Ship,7533549
/vessels/details/9750787,INW 10,Offshore Tug/Supply Ship,9750787
/vessels/details/352002112,AGORA 3,Other type,352002112
/vessels/details/8942943,GAC CANOPUS,Offshore Tug/Supply Ship,8942943
/vessels/details/9702962,QMS CONSTRUCTOR,Offshore Support Vessel,9702962
/vessels/details/8743921,CHAUSEY,Utility Vessel,8743921
/vessels/details/8619986,DELTA QUEEN,Dredger,8619986
/vessels/details/8793782,SHENG FA 168,Mooring Vessel,8793782
/vessels/details/352003004,LI REN 16,Other type,352003004
/vessels/details/8944252,MARWA II,Anchor Hoy,8944252
/vessels/details/372200004,37220-04 7.7V,Other type,372200004
/vessels/details/9828065,QMS BANI YAS,Offshore Support Vessel,9828065
/vessels/details/352999678,PACIFIC OASIS VI,Local type,352999678
/vessels/details/8118023,CHECKMATE,Offshore Tug/Supply Ship,8118023
/vessels/details/8766739,HYUNDAI 2500,Pipe Layer,8766739
/vessels/details/8742044,HAI BAO 2,Research Vessel,8742044
/vessels/details/9309318,ZAKHER DELMON,Offshore Tug/Supply Ship,9309318
/vessels/details/9704025,EXPRESS 78,Offshore Tug/Supply Ship,9704025
/vessels/details/351922000,DAENERYS,Other type,351922000
/vessels/details/8764171,ANTONIO JOSE DE SUCRE 101,Drilling Ship,8764171
/vessels/details/9983554,PRESTO GEE,Offshore Tug/Supply Ship,9983554
/vessels/details/9274381,TBVN FPSO,Offshore Support Vessel,9274381
/vessels/details/9606170,EXPRESS 65,Offshore Tug/Supply Ship,9606170
/vessels/details/9724910,EXPRESS 80,Offshore Tug/Supply Ship,9724910
/vessels/details/8750821,ADMARINE VI-RIG,Drilling Ship,8750821
/vessels/details/8666252,GOLDEN STAR 24,Supply Tender,8666252
/vessels/details/9212840,ANN SOFIE,Anchor Hoy,9212840
/vessels/details/8769468,KAWAWA 4304,Offshore Support Vessel,8769468
/vessels/details/356820038,35682-38 8V2,Other type,356820038
/vessels/details/6515928,MARINE EX,Research Vessel,6515928
/vessels/details/352001047,SEA DOLPHIN,Port tender,352001047
/vessels/details/352003920,HEA ATLAS,Other type,352003920
/vessels/details/357607000,FINALLY,Other type,357607000
/vessels/details/1119896,SURFER 2705,Offshore Tug/Supply Ship,1119896
/vessels/details/9551789,CERMAT,Utility Vessel,9551789
/vessels/details/9783863,GLOMAR SUPORTER,Research Vessel,9783863
/vessels/details/1120821,KEYFIELD BLESSING,Cable Layer,1120821
/vessels/details/352680000,LIGHTHOUSE,Diving ops,352680000
/vessels/details/352000111,CONAKRYOFFICE,Towing vessel,352000111
/vessels/details/8751605,NAGA 1,Drilling Ship,8751605
/vessels/details/9750397,HEA CALYPSO,Offshore Support Vessel,9750397
/vessels/details/7738888,NORTHERN ORION,Pollution Control Vessel,7738888
/vessels/details/9694218,QUEST HORIZON,Offshore Support Vessel,9694218
/vessels/details/9689495,EXPRESS 75,Offshore Tug/Supply Ship,9689495
/vessels/details/9777151,HYUNDAI PIONEER III,Offshore Support Vessel,9777151
/vessels/details/9369942,MAYO,Offshore Tug/Supply Ship,9369942
/vessels/details/9329485,HAMZA,Offshore Tug/Supply Ship,9329485
/vessels/details/8892162,KAI TUO 9,Motor Hopper,8892162
/vessels/details/9740550,AESEN 86,Offshore Tug/Supply Ship,9740550
/vessels/details/7531620,TOPIA PEARL,Offshore Tug/Supply Ship,7531620
/vessels/details/9780225,SEAPOCH SPARROW,Offshore Tug/Supply Ship,9780225
/vessels/details/8130801,MAY FLOWER,Waste Disposal Vessel,8130801
/vessels/details/8978681,TISA OIL SPILL CTRL,Pollution Control Vessel,8978681
/vessels/details/373856000,HAKURYU11,Other type,373856000
/vessels/details/9499709,SURFER 326,Offshore Tug/Supply Ship,9499709
/vessels/details/7117905,ABU EL HOOL 4,Offshore Tug/Supply Ship,7117905
/vessels/details/354000431,YUEHAOJIANG8221,Towing vessel,354000431
/vessels/details/1020318,EXPRESS 98,Offshore Tug/Supply Ship,1020318
/vessels/details/8678346,ALEXZANDRA,Offshore Tug/Supply Ship,8678346
/vessels/details/8991578,SARA P,Crew Boat,8991578
/vessels/details/352002428,JOLLY REGINA,Other type,352002428
/vessels/details/6621117,DEIRA,Vessel (function unknown),6621117
/vessels/details/9762209,EXPRESS 89,Offshore Tug/Supply Ship,9762209
/vessels/details/352980775,FU YUAN YU 8708,Other type,352980775
/vessels/details/370142000,UGO 3007,Other type,370142000
/vessels/details/9944390,BGMS SUCCESS,Offshore Tug/Supply Ship,9944390
/vessels/details/7531632,DP ALPHA,Research Vessel,7531632
/vessels/details/8767678,SEA BREEZE 1,Drilling Ship,8767678
/vessels/details/352002756,DWS FREDDY,Other type,352002756
/vessels/details/354028000,PARGO,Pilot,354028000
/vessels/details/352005384,SURFER 2204,Other type,352005384
/vessels/details/372175000,HELIOS II,Other type,372175000
/vessels/details/9452799,SEMBAWANG,Crane Ship,9452799
/vessels/details/9740598,GMS SCIROCCO 5602,Offshore Support Vessel,9740598
/vessels/details/1032660,HEA DHAFEER,Offshore Support Vessel,1032660
/vessels/details/9242077,MIMMI,Anchor Hoy,9242077
/vessels/details/1112721,LITA OCEAN H231,Patrol Vessel,1112721
/vessels/details/9307281,REEM I,Offshore Tug/Supply Ship,9307281
/vessels/details/7853420,DHARMA,Waste Disposal Vessel,7853420
/vessels/details/7200647,SAMUDRA SEVAK,Offshore Tug/Supply Ship,7200647
/vessels/details/374603000,LANAIRA,Other type,374603000
/vessels/details/8693164,HANGDAJUN3,Motor Hopper,8693164
/vessels/details/6815328,SOILMARE II,Crane Ship,6815328
/vessels/details/373389767,H0ANG SA,WIG (HAZ-A),373389767
/vessels/details/8697134,YUE GONG PAO 2,Motor Hopper,8697134
/vessels/details/9550008,INW-3,Anchor Hoy,9550008
/vessels/details/9769946,QMS ACHIEVER,Offshore Support Vessel,9769946
/vessels/details/7210587,BIG ORANGE XIV,Offshore Tug/Supply Ship,7210587
/vessels/details/8112809,INW-1,Utility Vessel,8112809
/vessels/details/9841902,LIAN FA 988,Hopper Dredger,9841902
/vessels/details/9559171,CERDIK,Utility Vessel,9559171
/vessels/details/8697902,HUMILDE VIAJERO,Offshore Tug/Supply Ship,8697902
/vessels/details/352999756,SEA MARKET 1,Local type,352999756
/vessels/details/352004306,MARE 2,Port tender,352004306
/vessels/details/9529621,INW 2,Offshore Tug/Supply Ship,9529621
/vessels/details/9526033,JWFC SUNRISE,Offshore Support Vessel,9526033
/vessels/details/7235692,SHALOM I,Standby Safety Vessel,7235692
/vessels/details/374485000,CRONOS I,Other type,374485000
/vessels/details/372535376,WAN JIAN HAI 1708,Port tender,372535376
/vessels/details/8754011,PETROBRAS-09,Offshore Support Vessel,8754011
/vessels/details/8770821,HUNTER QUEEN,Drilling Ship,8770821
/vessels/details/9818424,AOS EAGLE,Offshore Tug/Supply Ship,9818424
/vessels/details/352898771,HYWT137,Other type,352898771
/vessels/details/352001210,BABY MARINER,Other type,352001210
/vessels/details/8354902,JORGEN AMUNDSEN,Offshore Tug/Supply Ship,8354902
/vessels/details/8955081,AF-2001,Crew Boat,8955081
/vessels/details/1018341,AESEN 108,Offshore Tug/Supply Ship,1018341
/vessels/details/8767862,LONESTAR RIG 205,Drilling Ship,8767862
/vessels/details/9179608,CIDADE DE SAQUAREMA,Offshore Support Vessel,9179608
/vessels/details/7829352,POWERBALL,Offshore Tug/Supply Ship,7829352
/vessels/details/8699340,JIN HANG TING 38,Anchor Hoy,8699340
/vessels/details/7385485,CUEVA DEL HIELO,Salvage Ship,7385485
/vessels/details/7115218,BIG ORANGE IX,Offshore Tug/Supply Ship,7115218
/vessels/details/9769972,GUANGDONG YUEXIN YX3221P,Offshore Tug/Supply Ship,9769972
/vessels/details/9774240,EXPRESS 94,Offshore Tug/Supply Ship,9774240
/vessels/details/8767903,LONESTAR 203,Drilling Ship,8767903
/vessels/details/1057701,DELTA21,Offshore Tug/Supply Ship,1057701
/vessels/details/1125883,ISABEL F01,Crane Ship,1125883
/vessels/details/7434389,ABS,Offshore Tug/Supply Ship,7434389
/vessels/details/1018303,AESEN 107,Offshore Tug/Supply Ship,1018303
/vessels/details/9679012,UMW NAGA 7,Drilling Ship,9679012
/vessels/details/6422767,KENOKI,Buoy/Lighthouse Vessel,6422767
/vessels/details/352001873,FREGAT LA,Other type,352001873
/vessels/details/9298882,RAJAWALI PACIFIC,Offshore Support Vessel,9298882
/vessels/details/9193472,AGBANI,Offshore Support Vessel,9193472
/vessels/details/9113343,SAEED 14,Supply Tender,9113343
/vessels/details/7911818,DOLPHIN 3,Offshore Tug/Supply Ship,7911818
/vessels/details/9677351,DELTA X,Offshore Tug/Supply Ship,9677351
/vessels/details/9647069,BGP GLORY,Offshore Tug/Supply Ship,9647069
/vessels/details/8212398,FALCON CLAWS,Standby Safety Vessel,8212398
/vessels/details/9705469,WEST DORADO,Drilling Ship,9705469
/vessels/details/9539157,BLUE WATER II,Anchor Hoy,9539157
/vessels/details/353001785,JULIA SEGARA LESTARI,Other type,353001785
/vessels/details/356228000,RESILIANT,Other type,356228000
/vessels/details/352196531,YU 96531 -3 100,Other type,352196531
/vessels/details/9215701,GAC GARB,Offshore Tug/Supply Ship,9215701
/vessels/details/356492000,HYWT304,Other type,356492000
/vessels/details/7207877,UNI 8,Offshore Tug/Supply Ship,7207877
/vessels/details/9343962,FPSO DALIA,Offshore Support Vessel,9343962
/vessels/details/9348833,GULF HONOR,Offshore Tug/Supply Ship,9348833
/vessels/details/7216165,OLYMPIC SERVICE,Offshore Tug/Supply Ship,7216165
/vessels/details/355955000,POTIGUAR,Other type,355955000
/vessels/details/1032244,TBZ11,Offshore Tug/Supply Ship,1032244
/vessels/details/370880000,PHAROS II,Pilot,370880000
/vessels/details/9606168,EXPRESS 64,Offshore Tug/Supply Ship,9606168
/vessels/details/8693126,HANG DA JUN 2,Motor Hopper,8693126
/vessels/details/7503609,ASHE ELESE,Offshore Tug/Supply Ship,7503609
/vessels/details/9704192,YUNUEN,Other type,9704192
/vessels/details/9499711,SURFER 327,Offshore Tug/Supply Ship,9499711
/vessels/details/9818474,AOS EMERALD,Offshore Tug/Supply Ship,9818474
/vessels/details/1119901,SURFER 2706,Offshore Tug/Supply Ship,1119901
/vessels/details/8516184,SEAMAR III,Production Testing Vessel,8516184
/vessels/details/6724749,KS EXPLORER,Research Vessel,6724749
/vessels/details/9964572,INW 11,Offshore Tug/Supply Ship,9964572
/vessels/details/357184543,8,Towing vessel,357184543
/vessels/details/354448243,THANAPHAT4667,Other type,354448243
/vessels/details/355724000,SURFER 1930,HSC,355724000
/vessels/details/356967000,REMORA II,Pilot,356967000
/vessels/details/8544480,NIBO155,Motor Hopper,8544480
/vessels/details/352000009,TPC2-OSS,Other type,352000009
/vessels/details/8655021,AMAL VI,Offshore Tug/Supply Ship,8655021
/vessels/details/8102995,TRUST 2,Utility Vessel,8102995
/vessels/details/8008199,CALVIN,Standby Safety Vessel,8008199
/vessels/details/8021854,NINGALOO VISION,Offshore Support Vessel,8021854
/vessels/details/9263473,STELLAR MARINER,Anchor Hoy,9263473
/vessels/details/7647481,MOVIBLE S-4,Crane Ship,7647481
/vessels/details/373269029,TIDAL ACTION,Other type,373269029
/vessels/details/9188128,SEA MEADOW 02,Offshore Tug/Supply Ship,9188128
/vessels/details/374114000,HYWT308,Other type,374114000
/vessels/details/9799006,VORTEX VENTUS,Offshore Tug/Supply Ship,9799006
/vessels/details/9266657,SELAT STORM,Offshore Tug/Supply Ship,9266657
/vessels/details/1108706,SURFER 2703,Offshore Tug/Supply Ship,1108706
/vessels/details/355060000,LUCIO,Pilot,355060000
/vessels/details/9428279,WARRIS,Offshore Tug/Supply Ship,9428279
/vessels/details/1059187,FOS SCORPIO,Offshore Tug/Supply Ship,1059187
/vessels/details/9519951,EXPRESS 60,Offshore Tug/Supply Ship,9519951
/vessels/details/7216749,TROJAN SERVICE,Offshore Tug/Supply Ship,7216749
/vessels/details/7625988,SHAMROCK PRIDE,Anchor Hoy,7625988
/vessels/details/352001687,TWISTER,Local type,352001687
/vessels/details/9769831,GUANGDONG YUEXIN YX3220P,Offshore Tug/Supply Ship,9769831
/vessels/details/8753873,ZOSER,Drilling Ship,8753873
/vessels/details/8851950,BRASIL IV,Offshore Tug/Supply Ship,8851950
/vessels/details/9632416,AESEN 71,Offshore Tug/Supply Ship,9632416
/vessels/details/9466673,VM PRIDE,Offshore Tug/Supply Ship,9466673
/vessels/details/9740524,EXPRESS 82,Offshore Tug/Supply Ship,9740524
/vessels/details/352341656,SRIRUNG,Other type,352341656
/vessels/details/6903230,TWIN DRILL,Work/Repair Vessel,6903230
/vessels/details/9376244,TC JUPITER,Offshore Tug/Supply Ship,9376244
/vessels/details/8119223,DEMO I,Offshore Tug/Supply Ship,8119223
/vessels/details/7030743,BIG JOHN,Offshore Tug/Supply Ship,7030743
/vessels/details/9656931,BOURBON SHAMAL,Offshore Tug/Supply Ship,9656931
/vessels/details/352898790,HYWT 126,HSC,352898790
/vessels/details/7127168,PACIFIC SEAL,Offshore Tug/Supply Ship,7127168
/vessels/details/371998000,BIG FISH 1,Other type,371998000
/vessels/details/8751693,ABAN IV,Drilling Ship,8751693
/vessels/details/9161780,SURFER 252,Offshore Tug/Supply Ship,9161780
/vessels/details/9598438,EXPRESS 63,Offshore Tug/Supply Ship,9598438
/vessels/details/7417331,LUMINA,Offshore Tug/Supply Ship,7417331
/vessels/details/7626827,MARINE KAYAN,Offshore Tug/Supply Ship,7626827
/vessels/details/353535000,GAVIOTA IV,Pilot,353535000
/vessels/details/353591000,SAMBA BONITA,Pilot,353591000
/vessels/details/1103196,HEA AL SILA,Offshore Support Vessel,1103196
/vessels/details/8754683,ABAN VII,Drilling Ship,8754683
/vessels/details/9135078,TRANS LIAN YUN GANG,Fire Fighting Vessel,9135078
/vessels/details/9944388,BGMS SUPERB,Offshore Tug/Supply Ship,9944388
/vessels/details/8768268,PV DRILLING VIII,Other type,8768268
/vessels/details/8661587,DEFENDER,Patrol Vessel,8661587
/vessels/details/8019667,FALCON CREST,Utility Vessel,8019667
/vessels/details/8134405,PORT QASIM,Utility Vessel,8134405
/vessels/details/7640990,CLB ANNETTE,Pipe Layer,7640990
/vessels/details/7374046,FPSO MAYO ABO,Offshore Support Vessel,7374046
/vessels/details/352001961,AMANDE 1,Other type,352001961
/vessels/details/7417329,D. OCEANO,Offshore Tug/Supply Ship,7417329
/vessels/details/5380534,VILLA,Standby Safety Vessel,5380534
/vessels/details/352003891,CHIEF ROSINA,Other type,352003891
/vessels/details/1096018,POET 1674,Pollution Control Vessel,1096018
/vessels/details/4908729,SEA PATROL,Patrol Vessel,4908729
/vessels/details/351697000,ZEUS II,Other type,351697000
/vessels/details/1024053,LI REN 16,Anchor Hoy,1024053
/vessels/details/9309265,TC SAPPHIRE,Offshore Tug/Supply Ship,9309265
/vessels/details/8770780,CHIHUAHUA,Drilling Ship,8770780
/vessels/details/372523089,00000000000000000000,HSC,372523089
/vessels/details/370683795,CHANGHONG,Other type,370683795
/vessels/details/9693903,MARIDIVE ZOHR I,Offshore Tug/Supply Ship,9693903
/vessels/details/9981324,PELICAN TRANQUILITY,Offshore Tug/Supply Ship,9981324
/vessels/details/1068566,JANA 506,Other type,1068566
/vessels/details/7411985,VIKING EXPLORER,Offshore Tug/Supply Ship,7411985
/vessels/details/8204767,MARLIN,Offshore Tug/Supply Ship,8204767
/vessels/details/8301113,AL SAFA,Offshore Tug/Supply Ship,8301113
/vessels/details/7023221,INVINCIBLE SERVICE,Offshore Tug/Supply Ship,7023221
/vessels/details/7200702,SEA HORSE III,Offshore Tug/Supply Ship,7200702
/vessels/details/7827160,SOPHIA I,Offshore Tug/Supply Ship,7827160
/vessels/details/7214167,WESTERN ISLANDER,Research Vessel,7214167
/vessels/details/9536545,STANFORD BRAVO,Offshore Tug/Supply Ship,9536545
/vessels/details/373161000,DWS LINDA,Local type,373161000
/vessels/details/6703991,JARAMAC XIX,Supply Tender,6703991
/vessels/details/9818448,AOS VALOR,Offshore Tug/Supply Ship,9818448
/vessels/details/9260330,MV WASSAY,Anchor Hoy,9260330
/vessels/details/9709386,AL MANAR,Standby Safety Vessel,9709386
/vessels/details/353259000,CARPAI,Pilot,353259000
/vessels/details/356271000,PILON,Pilot,356271000
/vessels/details/353442000,PACIFIC OASIS 3,Port tender,353442000
/vessels/details/352003916,CHONG HAN 05,Port tender,352003916
/vessels/details/374050535,19LUOI GHE D17,Diving ops,374050535
/vessels/details/8888276,M FUNCHAL,Offshore Tug/Supply Ship,8888276
/vessels/details/7516503,AL SHARJAH MOON,Production Testing Vessel,7516503
/vessels/details/352629000,YUE GONG PAO 9,Other type,352629000
/vessels/details/6806418,OCEAN DIVER II,Utility Vessel,6806418
/vessels/details/8747159,GLENN ENFORCER,Utility Vessel,8747159
/vessels/details/8343173,NI SHI CHUAN 9 HAO,Motor Hopper,8343173
/vessels/details/1043774,JANA 505,Other type,1043774
/vessels/details/8135863,ORCA II,Research Vessel,8135863
/vessels/details/8359160,BALI GLORY,Crane Ship,8359160
/vessels/details/354684000,CAROL D,HSC,354684000
/vessels/details/9428293,GHAZNAVI,Offshore Tug/Supply Ship,9428293
/vessels/details/352921905,ORUC,Other type,352921905
/vessels/details/1068578,JANA 507,Other type,1068578
/vessels/details/9787326,OML INTERVENTION 1,Offshore Support Vessel,9787326
/vessels/details/7351800,PETROBRAS-31,Offshore Support Vessel,7351800
/vessels/details/371658000,ANGUILA,Pilot,371658000
/vessels/details/7360980,KAIROS,Research Vessel,7360980
/vessels/details/8529911,IKAMBA,Other type,8529911
/vessels/details/9693604,VIVEKANAND 1,Drilling Ship,9693604
/vessels/details/8872071,SELAT EAGLE,Offshore Tug/Supply Ship,8872071
/vessels/details/352008292,JIN HUI,Other type,352008292
/vessels/details/9598426,EXPRESS 62,Offshore Tug/Supply Ship,9598426
/vessels/details/352980781,LEX MAR 005,Other type,352980781
/vessels/details/352005034,BELLA O,HSC,352005034
/vessels/details/8544454,GANG HANG MAO 6,Work/Repair Vessel,8544454
/vessels/details/357466290,SV RELENTLESS,Other type,357466290
/vessels/details/1043786,JANA 508,Other type,1043786
/vessels/details/9556143,CML AMBER,Offshore Tug/Supply Ship,9556143
/vessels/details/357327000,SURFER 14010,Other type,357327000
/vessels/details/374080819,C36CHU3CHUOT31,Dredging or UW ops,374080819
/vessels/details/7531814,GULF SUPPLIER,Offshore Tug/Supply Ship,7531814
/vessels/details/374977000,VELAIII,Other type,374977000
/vessels/details/9314399,ZAKHER VICTORY,Offshore Tug/Supply Ship,9314399
/vessels/details/9828041,QMS AL BAHIA,Offshore Support Vessel,9828041
/vessels/details/1046025,HEA AL SARAB,Offshore Support Vessel,1046025
/vessels/details/7210692,BEACON,Research Vessel,7210692
/vessels/details/7417343,E. T. OCEAN VII,Offshore Tug/Supply Ship,7417343
/vessels/details/7223285,SALVATOR II,Offshore Tug/Supply Ship,7223285
/vessels/details/9599511,EXPRESS 87,Offshore Tug/Supply Ship,9599511
/vessels/details/7315313,VENTURER,Standby Safety Vessel,7315313
/vessels/details/357852000,YUE GONG TUO 36,Towing vessel,357852000
/vessels/details/7367330,OLD DE MAR,Offshore Tug/Supply Ship,7367330
/vessels/details/355917000,MUSTELA,Pilot,355917000
/vessels/details/351009373,DON PEPE,Port tender,351009373
/vessels/details/8794877,YUE GONG QI 12,Crane Ship,8794877
/vessels/details/6930659,BON ACCORD,Research Vessel,6930659
/vessels/details/6921505,WARRI TIDE,Offshore Tug/Supply Ship,6921505
/vessels/details/8016043,ELIZBETHAN,Offshore Tug/Supply Ship,8016043
/vessels/details/1115539,HEA SAADIYAT,Offshore Support Vessel,1115539
/vessels/details/9689500,EXPRESS 76,Offshore Tug/Supply Ship,9689500
/vessels/details/1045904,KARIN,Offshore Tug/Supply Ship,1045904
/vessels/details/8650734,FLEUR DU CAP,Utility Vessel,8650734
/vessels/details/9745067,SAFEEN STATION 5,Offshore Support Vessel,9745067
/vessels/details/7528805,BIGORANGE VII,Offshore Tug/Supply Ship,7528805
/vessels/details/8630356,SAND WIND,Dredger,8630356
/vessels/details/352980111,8708,Other type,352980111
/vessels/details/9295488,AD PEGASUS,Offshore Tug/Supply Ship,9295488
/vessels/details/9203837,BAHIA MARINER,Offshore Tug/Supply Ship,9203837
/vessels/details/357000002,DWS EMIL,Pilot,357000002
/vessels/details/7433921,OCEAN GRACE,Offshore Tug/Supply Ship,7433921
/vessels/details/8764509,GIRASSOL,Offshore Support Vessel,8764509
/vessels/details/8002626,DSV WHALE,Offshore Support Vessel,8002626
/vessels/details/373847000,PILOT 3,Pilot,373847000
/vessels/details/9261877,SEA MEADOW 09,Offshore Tug/Supply Ship,9261877
/vessels/details/9264520,AMALIA VICTORIA PRINCESS,Offshore Tug/Supply Ship,9264520
/vessels/details/357953000,ARENQUE,Pilot,357953000
/vessels/details/7328190,NAMAKWA,Offshore Tug/Supply Ship,7328190
/vessels/details/9802073,PRISCILA,Offshore Tug/Supply Ship,9802073
/vessels/details/353779000,KABALEBO,Other type,353779000
/vessels/details/7307483,GULF PROVIDER I,Offshore Tug/Supply Ship,7307483
/vessels/details/356412000,GALUA,Pilot,356412000
/vessels/details/8544507,NI BO 156,Motor Hopper,8544507
/vessels/details/9951446,BIG JOSH,Offshore Tug/Supply Ship,9951446
/vessels/details/7215604,MARINE SERVICE,Offshore Tug/Supply Ship,7215604
/vessels/details/352005386,SURFER 19009,Other type,352005386
/vessels/details/373563354,17238-5 97,Other type,373563354
/vessels/details/8740125,SEVAN BRASIL,Drilling Ship,8740125
/vessels/details/9702247,PV DRILLING VI,Drilling Ship,9702247
/vessels/details/9389734,LEWEK CHANCELLOR,Offshore Support Vessel,9389734
/vessels/details/7200415,EL GOLFO II,Offshore Tug/Supply Ship,7200415
/vessels/details/9550242,WINPOSH REGENT,Offshore Tug/Supply Ship,9550242
/vessels/details/9831256,ALFA STAR 1,Utility Vessel,9831256
/vessels/details/9653721,ARPOADOR,Drilling Ship,9653721
/vessels/details/352005549,NALI,Other type,352005549
/vessels/details/5161897,INSULA OYA,Research Vessel,5161897
/vessels/details/6708422,BENSON,Offshore Tug/Supply Ship,6708422
/vessels/details/8751760,RIG ABAN III,Drilling Ship,8751760
/vessels/details/9894882,PELICAN UNITY,Offshore Tug/Supply Ship,9894882
/vessels/details/9946790,BGP INNOVATOR,Research Vessel,9946790
/vessels/details/7200403,GAS SERVICE,Offshore Tug/Supply Ship,7200403
/vessels/details/9770610,AL DURRAH,Work/Repair Vessel,9770610
/vessels/details/9282766,SURFER 321,Offshore Tug/Supply Ship,9282766
/vessels/details/373964000,POMPANO,Towing vessel,373964000
/vessels/details/8346400,JAMES H. SCOTT,Research Vessel,8346400
/vessels/details/9803170,HEA TITAN,Offshore Support Vessel,9803170
/vessels/details/9854272,SUMMIT PSA 5,Offshore Tug/Supply Ship,9854272
/vessels/details/9030412,GOODMAN,Offshore Support Vessel,9030412
/vessels/details/9596624,I.N.W-5,Utility Vessel,9596624
/vessels/details/9733090,EXPRESS 79,Offshore Tug/Supply Ship,9733090
/vessels/details/370626000,CARDENAL,Pilot,370626000
/vessels/details/7216713,SUPER RED,Offshore Tug/Supply Ship,7216713
/vessels/details/352003186,HYWT 144,Other type,352003186
/vessels/details/9673161,CCC MARITIME 2,Offshore Support Vessel,9673161
/vessels/details/374050626,12GELU B14,Dredging or UW ops,374050626
/vessels/details/8738720,PETRAX 1,Motor Hopper,8738720
/vessels/details/370016000,MICLYN CONSTRUCTOR1,Other type,370016000
/vessels/details/351003379,BAHIA PARITA,Towing vessel,351003379
/vessels/details/8871405,NADER II,Offshore Tug/Supply Ship,8871405
/vessels/details/8352148,HAI YANG FENG DIAN 37,Offshore Tug/Supply Ship,8352148
/vessels/details/8851510,TROPIC EXPLORER,Research Vessel,8851510
/vessels/details/1108718,SURFER 2704,Offshore Tug/Supply Ship,1108718
/vessels/details/370175000,BESUGO,Pilot,370175000
/vessels/details/5099202,DUO,Standby Safety Vessel,5099202
/vessels/details/9371452,CHRISTOS LVIII,Offshore Tug/Supply Ship,9371452
/vessels/details/9754680,STANFORD VOLGA,Offshore Tug/Supply Ship,9754680
/vessels/details/9868625,HIND EXPRESS,Offshore Tug/Supply Ship,9868625
/vessels/details/9519963,EXPRESS 61,Offshore Tug/Supply Ship,9519963
/vessels/details/9964560,INW 9,Offshore Tug/Supply Ship,9964560
/vessels/details/1075868,MV MOUNFIQ III,Offshore Tug/Supply Ship,1075868
/vessels/details/357561489,89 A1,Other type,357561489
/vessels/details/8502925,ADESSA LEGEND,Offshore Support Vessel,8502925
/vessels/details/9787730,QMS NOUF,Offshore Support Vessel,9787730
/vessels/details/9377468,SURFER 323,Offshore Tug/Supply Ship,9377468
/vessels/details/9013270,VILLE,Patrol Vessel,9013270
/vessels/details/9500340,MICLYN ONYX,Anchor Hoy,9500340
/vessels/details/1096006,POET 1673,Pollution Control Vessel,1096006
/vessels/details/374284000,PEJERREY,Port tender,374284000
/vessels/details/352253000,RONALDO B,Other type,352253000
/vessels/details/356321000,LANCHA MANTA,Pilot,356321000
/vessels/details/8774217,TAI HE 518,Crane Ship,8774217
/vessels/details/6718958,GULF QUEEN IV,Offshore Tug/Supply Ship,6718958
/vessels/details/370605000,EROS II,Other type,370605000
/vessels/details/9203863,BAKERLOO,Work/Repair Vessel,9203863
/vessels/details/9773856,MOKUL 1,Offshore Support Vessel,9773856
/vessels/details/8528955,YUE GONG PAO 10,Motor Hopper,8528955
/vessels/details/8728385,EXPRESS 51,Offshore Tug/Supply Ship,8728385
/vessels/details/374680000,HYWT104,WIG,374680000
/vessels/details/355838000,ISKANDAR,Other type,355838000
/vessels/details/352156842,PUTANAT,Other type,352156842
/vessels/details/9551026,KELOA 4306,Offshore Support Vessel,9551026
/vessels/details/9545132,MICLYN VICTORY,Anchor Hoy,9545132
/vessels/details/7807548,VENECIA EXPRESS,Offshore Tug/Supply Ship,7807548
/vessels/details/9122069,SI HANG PA XI 1,Hopper Dredger,9122069
/vessels/details/9641431,EXPRESS 72,Offshore Tug/Supply Ship,9641431
/vessels/details/6604391,PALEX SUPPLIER,Offshore Tug/Supply Ship,6604391
/vessels/details/9943982,PELICAN HARMONY,Offshore Tug/Supply Ship,9943982
/vessels/details/8507987,SEA COLINS,Offshore Tug/Supply Ship,8507987
/vessels/details/8768359,SAPURA BERANI,Other type,8768359
/vessels/details/371213000,SINA1,Other type,371213000
/vessels/details/9746516,AESEN MONARCH 2,Offshore Tug/Supply Ship,9746516
/vessels/details/352006006,CAIO,Pilot,352006006
/vessels/details/8678786,MAN YANG JUN 2,Hopper Dredger,8678786
/vessels/details/9318723,GALILEAN 21,Offshore Tug/Supply Ship,9318723
/vessels/details/6803179,BLAZERS,Dredger,6803179
/vessels/details/372216009,YU 7899 -37 100,Other type,372216009
/vessels/details/9754678,DELTA XI,Offshore Tug/Supply Ship,9754678
/vessels/details/351004363,CHIRIQUISITO 2,Pilot,351004363
/vessels/details/352352000,HYWT301,Other type,352352000
/vessels/details/9931719,PRONTO GEE,Offshore Tug/Supply Ship,9931719
/vessels/details/355681000,RIG AL ZUBARAH,Other type,355681000
/vessels/details/9630951,CLOV FPSO,Offshore Support Vessel,9630951
/vessels/details/8965517,SEA LEVEL,Pollution Control Vessel,8965517
/vessels/details/374212031,CLOI64E25,Towing vessel,374212031
/vessels/details/352100567,AMOY BG 2,Towing vessel,352100567
/vessels/details/355628000,NUTRIA,Pilot,355628000
/vessels/details/8545018,TIE JIAN MAO 03,Anchor Hoy,8545018
/vessels/details/9704207,PAE KUKULKAN,Local type,9704207
/vessels/details/9701762,AOS VICTORY,Offshore Tug/Supply Ship,9701762
/vessels/details/352002041,TRINIDAD I,Dredging or UW ops,352002041
/vessels/details/6605711,LUCKY MOON,Offshore Tug/Supply Ship,6605711
/vessels/details/8680430,SWIBER KAIZEN 4000,Pipe Layer,8680430
/vessels/details/9687617,HAI BAO QI,Research Vessel,9687617
/vessels/details/1118476,BENGBU SHENZHOU BBSZ-AHTS01,Offshore Tug/Supply Ship,1118476
/vessels/details/7114197,OTS YEOMAN,Offshore Support Vessel,7114197
/vessels/details/8528943,YUE GONG PAO 9,Motor Hopper,8528943
/vessels/details/9795086,QMS AL MARJAN,Offshore Tug/Supply Ship,9795086
/vessels/details/8342947,SI HANG ZHUA 19,Dredger,8342947
/vessels/details/353001419,MEGAWATI 808,Towing vessel (tow>200),353001419
/vessels/details/8218081,VENICE 213,Offshore Tug/Supply Ship,8218081
/vessels/details/9609782,QMS GLORIA,Offshore Support Vessel,9609782
/vessels/details/7382768,KAWESKAR,Offshore Tug/Supply Ship,7382768
/vessels/details/352005792,PACIFIC OASIS IV,Local type,352005792
/vessels/details/9702297,QMS LULWA,Offshore Support Vessel,9702297
/vessels/details/9552616,MARZHAN,Offshore Tug/Supply Ship,9552616
/vessels/details/352003880,SHEARWATER,Dredging or UW ops,352003880
/vessels/details/9922562,ATCO ALIA,Crew Boat,9922562
/vessels/details/355210029,AAMSTRONG38,Pilot,355210029
/vessels/details/9704013,EXPRESS 77,Offshore Tug/Supply Ship,9704013
/vessels/details/9812731,VENUS 2,Offshore Support Vessel,9812731
/vessels/details/7216397,RIG SERVICE,Offshore Tug/Supply Ship,7216397
/vessels/details/9709051,ALKUFA,Hopper Dredger,9709051
/vessels/details/9981489,PANICKER,Offshore Tug/Supply Ship,9981489
/vessels/details/9739343,VIVEKANAND2,Drilling Ship,9739343
/vessels/details/8770596,FRIDA I,Drilling Ship,8770596
/vessels/details/8657550,SHUN FENG NO. 6,Work/Repair Vessel,8657550
/vessels/details/8981200,ST MICHAEL,Offshore Tug/Supply Ship,8981200
/vessels/details/352898812,HYWT-131,Other type,352898812
/vessels/details/9545235,ZAKHER DUTY,Offshore Tug/Supply Ship,9545235
/vessels/details/9737163,ORIENTAL DRAGON 1,Drilling Ship,9737163
/vessels/details/8138073,ORCA III,Research Vessel,8138073
/vessels/details/7615907,HARTA 1,Offshore Support Vessel,7615907
/vessels/details/8528565,HANG DA 818,Crane Ship,8528565
/vessels/details/9750385,HEA SURVEY,Offshore Support Vessel,9750385
/vessels/details/352005177,TRANS LIAN YUN GANG,Towing vessel,352005177
/vessels/details/8851948,BRASIL II,Offshore Tug/Supply Ship,8851948
/vessels/details/1128926,BGP SOURCE 1,Research Vessel,1128926
/vessels/details/9770256,AESEN 91,Offshore Tug/Supply Ship,9770256
/vessels/details/9418561,EXPRESS 57,Utility Vessel,9418561
/vessels/details/1127099,PRINCESS LEILI,Work/Repair Vessel,1127099
/vessels/details/354156842,PUTANATVIP,Other type,354156842
/vessels/details/355560109,7800 E12,Towing vessel,355560109
/vessels/details/8786208,HANG FENG 068,Motor Hopper,8786208
/vessels/details/355081004,JOLLY RANDI,Port tender,355081004
/vessels/details/9489455,STANFORD ALPHA,Offshore Tug/Supply Ship,9489455
/vessels/details/9394571,MARSOL ORUS,Offshore Tug/Supply Ship,9394571
/vessels/details/9566899,SURFER 2601,Offshore Tug/Supply Ship,9566899
/vessels/details/8625210,YONG LI,Dredger,8625210
/vessels/details/357648000,RED DOLPHIN,Local type,357648000
/vessels/details/8784468,XIN YU HANG 2,Mooring Vessel,8784468
/vessels/details/352100345,AMOY BG 3,Towing vessel,352100345
/vessels/details/352938000,DREYFUS,Pilot,352938000
/vessels/details/352003604,GAMMA 20,Dredging or UW ops,352003604
/vessels/details/9787807,GMS EVOLUTION 6104,Offshore Support Vessel,9787807
/vessels/details/9277072,P 902,Patrol Vessel,9277072
/vessels/details/1046013,HEA AL MUZN,Offshore Support Vessel,1046013
/vessels/details/9812729,VENUS 1,Offshore Support Vessel,9812729
/vessels/details/9794941,MARINE DIESEL SERVICES P101,Offshore Tug/Supply Ship,9794941
/vessels/details/9545247,ZAKHER SUPPLIER,Offshore Tug/Supply Ship,9545247
/vessels/details/8326955,RIOBO,Hopper Dredger,8326955
/vessels/details/6613146,JARAMAC 54,Offshore Tug/Supply Ship,6613146
/vessels/details/374098000,GUSTAVO CASTRO,Local type,374098000
/vessels/details/8693011,HANG DA ZHUA 1,Dredger,8693011
/vessels/details/352978253,HYWT110,Other type,352978253
/vessels/details/7200568,DARIEN,Offshore Tug/Supply Ship,7200568
/vessels/details/370287000,AZ LILY,Towing vessel,370287000
/vessels/details/352002454,BLUEWATER I,Port tender,352002454
/vessels/details/353299000,YUEGONGTUO44,Towing vessel,353299000
/vessels/details/9467380,MARS 1,Offshore Tug/Supply Ship,9467380
/vessels/details/8622452,CRAIC,Crane Ship,8622452
/vessels/details/8770558,QMS AL OULA,Offshore Support Vessel,8770558
/vessels/details/9746504,AESEN MONARCH 1,Offshore Tug/Supply Ship,9746504
/vessels/details/355222765,..,Port tender,355222765
/vessels/details/1132628,JAMILA 1,Offshore Tug/Supply Ship,1132628
/vessels/details/353940000,GUABINA,Pilot,353940000
/vessels/details/9307700,UP ESMERALDA,Offshore Tug/Supply Ship,9307700
/vessels/details/9643025,EXPRESS 68,Offshore Tug/Supply Ship,9643025
/vessels/details/9774965,SAID ALETHEIA,Offshore Support Vessel,9774965
/vessels/details/373000001,DWS PILAR,Pilot,373000001
/vessels/details/9373216,CML IOLITE,Crew Boat,9373216
/vessels/details/373284000,URRACA II,Pilot,373284000
/vessels/details/373047000,SURFER 1933,Local type,373047000
/vessels/details/353852000,MSC ANNAMARIA,Other type,353852000
/vessels/details/9734094,SAPURA T-20,Drilling Ship,9734094
/vessels/details/9921647,EXPRESS 99,Offshore Tug/Supply Ship,9921647
/vessels/details/9545766,WBI TRINITY,Offshore Tug/Supply Ship,9545766
/vessels/details/5097838,EDWINA,Standby Safety Vessel,5097838
/vessels/details/9654359,BGP VICTOR,Offshore Tug/Supply Ship,9654359
/vessels/details/9976161,DELTA XX,Offshore Tug/Supply Ship,9976161
/vessels/details/8738706,WINTON R 118,Dredger,8738706
/vessels/details/9646120,CANADA1,Offshore Tug/Supply Ship,9646120
/vessels/details/351022222,QN-90152-TS,Other type,351022222
/vessels/details/8350384,TOLAK SAYANG,Crane Ship,8350384
/vessels/details/353329168,YUHONG,Other type,353329168
/vessels/details/8878051,SAPPHIRE,Supply Tender,8878051
/vessels/details/1119119,DPMS CONQUEROR,Crew Boat,1119119
/vessels/details/9769960,QMS GLADIATOR,Offshore Support Vessel,9769960
/vessels/details/9717931,SWISSCO PANTHER,Offshore Tug/Supply Ship,9717931
/vessels/details/8685208,JIN HANG BO 53,Motor Hopper,8685208
/vessels/details/356584000,SIERRA I,Pilot,356584000
/vessels/details/9541227,SAMSON SUPPLIER,Offshore Tug/Supply Ship,9541227
/vessels/details/9601974,SURFER 328,Offshore Tug/Supply Ship,9601974
/vessels/details/8326981,SAND TROOPER,Hopper Dredger,8326981
/vessels/details/351008934,LADY DEL CARMEN,Port tender,351008934
/vessels/details/9754692,STANFORD NIGER,Offshore Tug/Supply Ship,9754692
/vessels/details/9418559,EXPRESS 56,Utility Vessel,9418559
/vessels/details/9429821,BOURBON AUTAN,Offshore Tug/Supply Ship,9429821
/vessels/details/8352136,HAI YANG FENG DIAN 35,Offshore Tug/Supply Ship,8352136
/vessels/details/7401291,GLENN COLUMBUS,Offshore Tug/Supply Ship,7401291
/vessels/details/9604562,SURFER 2608,Offshore Tug/Supply Ship,9604562
/vessels/details/1092804,MV MOUNFIQ IV,Offshore Tug/Supply Ship,1092804
/vessels/details/9818450,AOS VENTURE,Offshore Tug/Supply Ship,9818450
/vessels/details/9952543,CARACARA 6401,Other type,9952543
/vessels/details/352100245,AMOY BG 1,Other type,352100245
/vessels/details/352003784,CREST STATION 1,Other type,352003784
/vessels/details/8756734,SUARD 43,Pipe Layer,8756734
/vessels/details/9611400,SURFER 2610,Offshore Tug/Supply Ship,9611400
/vessels/details/1041972,ADNOC C07,Crew Boat,1041972
/vessels/details/370900000,YN532926,HSC,370900000
/vessels/details/9940162,STANFORD HARRIER,Offshore Tug/Supply Ship,9940162
/vessels/details/355745897,00000000000000000000,HSC,355745897
/vessels/details/352003320,XIN YU HANG 8,Other type,352003320
/vessels/details/352004831,HAI TUN 01,Port tender,352004831
/vessels/details/352978255,HYWT117,Other type,352978255
/vessels/details/8770584,NORBE VI,Drilling Ship,8770584
/vessels/details/9994503,EXPRESS 97,Offshore Tug/Supply Ship,9994503
/vessels/details/370237000,WILLIAMS V,Other type,370237000
/vessels/details/9848259,MCS ALLIANZ JADE,Offshore Tug/Supply Ship,9848259
/vessels/details/1128938,BGP SOURCE 2,Research Vessel,1128938
/vessels/details/9566320,SURFER 3601,Offshore Tug/Supply Ship,9566320
/vessels/details/352898815,HYWT 133,HSC,352898815
/vessels/details/9773868,MOKUL 2,Offshore Support Vessel,9773868
/vessels/details/8669785,BOORJ 1,Utility Vessel,8669785
/vessels/details/372523080,XINGHANGJI06118,HSC,372523080
/vessels/details/372523088,00000000000000000000,HSC,372523088
/vessels/details/9405174,SURFER324,Offshore Tug/Supply Ship,9405174
/vessels/details/7508697,CAPE CUMBRIA,Offshore Tug/Supply Ship,7508697
/vessels/details/9798997,SEAPOCH DOLPHIN,Offshore Tug/Supply Ship,9798997
/vessels/details/9761786,AESEN 88,Offshore Tug/Supply Ship,9761786
/vessels/details/351622000,SURFER 19010,Other type,351622000
/vessels/details/1108445,SURFER 2701,Offshore Tug/Supply Ship,1108445
/vessels/details/8343185,NI SHI CHUAN 10 HAO,Motor Hopper,8343185
/vessels/details/8561282,RIVIERA I,Other type,8561282
/vessels/details/7003893,BONNY TIDE,Offshore Tug/Supply Ship,7003893
/vessels/details/7325526,OCEAN SATIN,Offshore Tug/Supply Ship,7325526
/vessels/details/9787338,OML INTERVENTION II,Offshore Support Vessel,9787338
/vessels/details/373983000,TORCAZA,Pilot,373983000
/vessels/details/356760424,1,Other type,356760424
/vessels/details/9885219,HYWT 204,Research Vessel,9885219
/vessels/details/9531260,TC URANUS,Offshore Tug/Supply Ship,9531260
/vessels/details/8009844,OIL SUPPORTER,Offshore Support Vessel,8009844
/vessels/details/1095636,PLB 3,Crane Ship,1095636
/vessels/details/355679000,ADMARINE IV,Other type,355679000
/vessels/details/9719848,BOURBON CALIMA,Offshore Tug/Supply Ship,9719848
/vessels/details/1103201,HEA AL MAQAM,Offshore Support Vessel,1103201
/vessels/details/9383637,TC MERMAID,Offshore Tug/Supply Ship,9383637
/vessels/details/352924486,YU 24486 -3 100,Other type,352924486
/vessels/details/7723546,FABRE TIDE,Offshore Tug/Supply Ship,7723546
/vessels/details/9845908,AQUA RISE III,Other type,9845908
/vessels/details/9745603,AQUA LIFT II,Supply Tender,9745603
/vessels/details/9095814,VENTURIA,Offshore Tug/Supply Ship,9095814
/vessels/details/355111000,ORCA VII,Pilot,355111000
/vessels/details/4500084,SEAHIPPO,Salvage Ship,4500084
/vessels/details/357520610,CITY OF BATON ROUGE,Other type,357520610
/vessels/details/7101839,JAVA SEAHORSE,Offshore Tug/Supply Ship,7101839
/vessels/details/6607989,SCANNER,Research Vessel,6607989
/vessels/details/352004296,MARE 1,Port tender,352004296
/vessels/details/8109711,FALCON WINGS,Utility Vessel,8109711
/vessels/details/9643037,EXPRESS 69,Offshore Tug/Supply Ship,9643037
/vessels/details/7370208,PETROBRAS-43,Offshore Support Vessel,7370208
/vessels/details/9563005,5 PLANETS,Offshore Tug/Supply Ship,9563005
/vessels/details/7100756,BEAUREGARD,Offshore Tug/Supply Ship,7100756
/vessels/details/352986175,BOB ALERT,Diving ops,352986175
/vessels/details/9477218,EXPRESS 59,Offshore Tug/Supply Ship,9477218
/vessels/details/9474412,MICLYN ENDURANCE,Offshore Tug/Supply Ship,9474412
/vessels/details/8767628,ORIENTAL 1,Drilling Ship,8767628
/vessels/details/7532662,RETRIEVER 1,Buoy/Lighthouse Vessel,7532662
/vessels/details/352003184,HYWT142,Other type,352003184
/vessels/details/370800012,YU 3708 -12 1,Other type,370800012
/vessels/details/9726994,QMS SURPRISE XI,Offshore Support Vessel,9726994
/vessels/details/9781255,HAI SHI 16,Other type,9781255
/vessels/details/9474448,MICLYN ENERGY,Offshore Tug/Supply Ship,9474448
/vessels/details/354936000,SEA HORSE III,Dredging or UW ops,354936000
/vessels/details/8763232,ROBRAY T-4,Drilling Ship,8763232
/vessels/details/9679000,VELESTO NAGA 6,Drilling Ship,9679000
/vessels/details/353001000,ARGUS 1,Port tender,353001000
/vessels/details/9879480,ATLANTICA GAMMA,Drilling Ship,9879480
/vessels/details/9828039,QMS AL MARYAH,Offshore Support Vessel,9828039
/vessels/details/9695731,GMS ENTERPRISE 6103,Offshore Support Vessel,9695731
/vessels/details/356777777,SHUI0008,Port tender,356777777
/vessels/details/351692000,MANAMAN IV,Other type,351692000
/vessels/details/9782998,GALATEA,Offshore Tug/Supply Ship,9782998
/vessels/details/9610585,SURFER 2609,Offshore Tug/Supply Ship,9610585
/vessels/details/370373000,SURFER 1947,Other type,370373000
/vessels/details/352001755,TUWAI,Pilot,352001755
/vessels/details/9885207,HYWT203,Research Vessel,9885207
/vessels/details/9709154,GARD HORIZON,Offshore Tug/Supply Ship,9709154
/vessels/details/1108603,SURFER 2702,Offshore Tug/Supply Ship,1108603
/vessels/details/8751887,MALEO PRODUCER,Offshore Support Vessel,8751887
/vessels/details/8697146,YUE GONG PAO 3,Motor Hopper,8697146
/vessels/details/9117014,SEABULK ST. MARTIN,Offshore Tug/Supply Ship,9117014
/vessels/details/374576000,DWS MINA 0,Pilot,374576000
/vessels/details/352002404,SURFER 2610,HSC,352002404
/vessels/details/356424000,SW WARRIOR I,Other type,356424000
/vessels/details/352003189,HYWT145,Other type,352003189
/vessels/details/9746413,AESEN 83,Offshore Tug/Supply Ship,9746413
/vessels/details/9371646,AGNETA,Anchor Hoy,9371646
/vessels/details/7200740,TOUGH BRIO,Offshore Support Vessel,7200740
/vessels/details/7228388,BIG ORANGE I,Offshore Tug/Supply Ship,7228388
/vessels/details/9240926,BROMPTON SUN,Offshore Tug/Supply Ship,9240926
/vessels/details/1110199,MV MOUNFIQ V,Offshore Tug/Supply Ship,1110199
/vessels/details/9928047,DANAH,Offshore Tug/Supply Ship,9928047
/vessels/details/353318000,GAVILAN III,Pilot,353318000
/vessels/details/6823193,URPECO DOS,Offshore Tug/Supply Ship,6823193
/vessels/details/7430553,SARAH,Offshore Tug/Supply Ship,7430553
/vessels/details/8351613,WILLIAMS V,Offshore Support Vessel,8351613
/vessels/details/8767898,LONESTAR 204,Drilling Ship,8767898
/vessels/details/9747027,MOSCO 1,Offshore Support Vessel,9747027
/vessels/details/9428267,HADI,Offshore Tug/Supply Ship,9428267
/vessels/details/8213914,PSD 1,Offshore Tug/Supply Ship,8213914
/vessels/details/8127361,HENRY ALEX,Offshore Tug/Supply Ship,8127361
/vessels/details/9117002,SEABULK ST. CHARLES,Offshore Tug/Supply Ship,9117002
/vessels/details/7114202,INTER SUPPLIER,Offshore Tug/Supply Ship,7114202
/vessels/details/9579810,JENIN,Offshore Tug/Supply Ship,9579810
/vessels/details/355676000,PACIFIC OASIS V,Local type,355676000
/vessels/details/352978259,HYWT109,Other type,352978259
/vessels/details/7827287,IOSL ZEAL,Offshore Support Vessel,7827287
/vessels/details/9369930,YUDA,Offshore Tug/Supply Ship,9369930
/vessels/details/8851936,BRASIL I,Offshore Tug/Supply Ship,8851936
/vessels/details/9373022,TC NEPTUNE,Offshore Tug/Supply Ship,9373022
/vessels/details/9681651,DLB 1600,Pipe Layer,9681651
/vessels/details/7215927,MIDNIGHT STAR,Offshore Tug/Supply Ship,7215927
/vessels/details/7437070,SEA SEARCH,Offshore Tug/Supply Ship,7437070
/vessels/details/8128547,ALBATROSS 37,Offshore Tug/Supply Ship,8128547
/vessels/details/352002543,K9127,Other type,352002543
/vessels/details/8757336,KUROSHIO 2,Pipe Layer,8757336
/vessels/details/353328902,UUU9UUEQEWWER5,Other type,353328902
/vessels/details/351225541,Q RICA,Other type,351225541
/vessels/details/352002040,VICTORIA I,Dredging or UW ops,352002040
/vessels/details/352003192,HYWT143,Other type,352003192
/vessels/details/9823405,MCS ALLIANZ AMBER,Offshore Tug/Supply Ship,9823405
/vessels/details/9307310,GEO SUPPORTER,Offshore Tug/Supply Ship,9307310
/vessels/details/8023814,GT CREEK,Offshore Tug/Supply Ship,8023814
/vessels/details/9358589,TC MERCURY,Offshore Tug/Supply Ship,9358589
/vessels/details/7216775,VERMILION BAY,Offshore Support Vessel,7216775
/vessels/details/1051733,ZAMIL-L.B.11,Other type,1051733
/vessels/details/8594306,CHANG HAI FU 1,Crane Ship,8594306
/vessels/details/8667402,MISS ELECTRA SUPPLY,Offshore Tug/Supply Ship,8667402
/vessels/details/352449000,LAY LAY EXPRESS,Other type,352449000
/vessels/details/9385180,ZAKHER OCEAN,Offshore Tug/Supply Ship,9385180
/vessels/details/370116006,YU 8979 -37 37,Other type,370116006
/vessels/details/9503378,MYLAYIM,Offshore Tug/Supply Ship,9503378
/vessels/details/8756174,FORESIGHTDRILLER-IX,Drilling Ship,8756174
/vessels/details/7734595,AMERICAN CONSTITUTION,Offshore Tug/Supply Ship,7734595
/vessels/details/1018353,LTS-CB-03,Offshore Tug/Supply Ship,1018353
/vessels/details/9320570,PACIFIC II,Offshore Tug/Supply Ship,9320570
/vessels/details/1062847,FABIA,Offshore Tug/Supply Ship,1062847
/vessels/details/357789578,878 A19 71,Other type,357789578
/vessels/details/9499280,NORD FRANCEVILLE,Offshore Tug/Supply Ship,9499280
/vessels/details/7643019,GREAT COIBA,Offshore Tug/Supply Ship,7643019
/vessels/details/352001752,MANANTI,Pilot,352001752
/vessels/details/9781267,HAI SHI 17,Other type,9781267
/vessels/details/8212453,CITY 1,Offshore Tug/Supply Ship,8212453
/vessels/details/8112732,LUCI,Utility Vessel,8112732
/vessels/details/9598141,SMS DISCOVERY,Offshore Support Vessel,9598141
/vessels/details/9662590,SAHAR 2,Drilling Ship,9662590
/vessels/details/355745864,00000000000000000000,HSC,355745864
/vessels/details/9889502,DELTA XVI,Offshore Tug/Supply Ship,9889502
/vessels/details/370882000,RAM CHONE,Towing vessel,370882000
/vessels/details/352100678,AMOY BG 6,Towing vessel (tow>200),352100678
/vessels/details/9645217,SEALINK 178,Offshore Tug/Supply Ship,9645217
/vessels/details/352898787,HYWT122,Other type,352898787
/vessels/details/9686833,ARABIAN,Offshore Tug/Supply Ship,9686833
/vessels/details/370121656,SRIRUNG..56,Other type,370121656
/vessels/details/7020229,PALEX SERVICE,Offshore Tug/Supply Ship,7020229
/vessels/details/1034448,ARTEMIS 1,Other type,1034448
/vessels/details/9788643,QMS MARWA,Other type,9788643
/vessels/details/9316488,SUSANNA,Anchor Hoy,9316488
/vessels/details/9740562,GMS SHAMAL 5601,Offshore Support Vessel,9740562
/vessels/details/1075882,MV MOUNFIQ II,Offshore Tug/Supply Ship,1075882
/vessels/details/9762211,AESEN 90,Offshore Tug/Supply Ship,9762211
/vessels/details/7047215,HD INDEPENDENCE,Offshore Tug/Supply Ship,7047215
/vessels/details/6611473,JARAMAC XVI,Offshore Tug/Supply Ship,6611473
/vessels/details/7035303,NADER,Offshore Tug/Supply Ship,7035303
/vessels/details/9104706,NISHTUN 1,Utility Vessel,9104706
/vessels/details/9776298,PILI PILI 4503,Other type,9776298
/vessels/details/354309000,WAHOO 1,Towing vessel,354309000
/vessels/details/9428281,BABER,Offshore Tug/Supply Ship,9428281
/vessels/details/7221421,KHATTAB,Offshore Tug/Supply Ship,7221421
/vessels/details/356698000,WATERWORLD,Dredging or UW ops,356698000
/vessels/details/9944364,BGMS MIGHTY,Offshore Tug/Supply Ship,9944364
/vessels/details/7046156,MARISSA I,Research Vessel,7046156
/vessels/details/7367354,JARAMAC 49,Offshore Tug/Supply Ship,7367354
/vessels/details/9673252,SIRI,Drilling Ship,9673252
/vessels/details/9592862,SURFER 2607,Offshore Tug/Supply Ship,9592862
/vessels/details/352005279,ARPON INFINITY,WIG (HAZ-D),352005279
/vessels/details/8133982,ANCHOR IV,Offshore Tug/Supply Ship,8133982
/vessels/details/9569889,SHETAB 5,Crew Boat,9569889
/vessels/details/4906214,SIREN - NAVE MOROSA,Supply Tender,4906214
/vessels/details/9380178,CHRISTOS LX,Offshore Tug/Supply Ship,9380178
/vessels/details/352100789,AMOY BG 4,Towing vessel,352100789
/vessels/details/352980779,LEX MAR 008,Other type,352980779
/vessels/details/8213251,MARINA I,Offshore Tug/Supply Ship,8213251
/vessels/details/352003190,HYWT146,Other type,352003190
/vessels/details/8651570,WHITE EAGLE III,Offshore Tug/Supply Ship,8651570
/vessels/details/352003188,HYWT141,Other type,352003188
/vessels/details/355970000,SURFER 19006,Other type,355970000
/vessels/details/8968533,MV-MOTHER KEVWE,Offshore Tug/Supply Ship,8968533
/vessels/details/7332036,E. T. OCEAN IV,Offshore Tug/Supply Ship,7332036
/vessels/details/8810607,GLENN GUARDIAN,Waste Disposal Vessel,8810607
/vessels/details/9733935,LOVANSING,Other type,9733935
/vessels/details/357251000,SWIBER RESOLUTE,Other type,357251000
/vessels/details/9425344,SURFER 325,Offshore Tug/Supply Ship,9425344
/vessels/details/355081000,JOLLY RANDI,Port tender,355081000
/vessels/details/1055129,ZAMIL 81,Offshore Tug/Supply Ship,1055129
/vessels/details/353466000,COSTA,Other type,353466000
/vessels/details/8353740,SHENG FA 189,Mooring Vessel,8353740
/vessels/details/9400863,BROMPTON GALAXY,Offshore Tug/Supply Ship,9400863
/vessels/details/1032658,HEA AL KHATEM,Offshore Support Vessel,1032658
/vessels/details/8750510,ADMARINE 10,Drilling Ship,8750510
/vessels/details/9660267,MEO SOVEREIGN 2,Offshore Tug/Supply Ship,9660267
/vessels/details/1043798,JANA 509,Other type,1043798
/vessels/details/6600046,MEERA I,Hopper Dredger,6600046
/vessels/details/8754047,PETROBRAS XII,Offshore Support Vessel,8754047
/vessels/details/7053147,KINZA,Offshore Tug/Supply Ship,7053147
/vessels/details/7215977,MILANO SERVICE,Offshore Tug/Supply Ship,7215977
/vessels/details/372115000,DELFIN XX,Pilot,372115000
/vessels/details/352424486,YUEYANGXIYU24486-23,Other type,352424486
/vessels/details/1041958,ADNOC C08,Crew Boat,1041958
/vessels/details/9264506,BARBARA PRINCESS,Offshore Tug/Supply Ship,9264506
/vessels/details/354011000,J0LLY RAMONA,Port tender,354011000
/vessels/details/356871000,HYWT204,Other type,356871000
/vessels/details/9632399,EXPRESS 70,Offshore Tug/Supply Ship,9632399
/vessels/details/355344000,HYWT307,Other type,355344000
/vessels/details/9627473,FOS VIRGO,Offshore Tug/Supply Ship,9627473
/vessels/details/357360000,UGO3006,Other type,357360000
/vessels/details/354328000,SURFER 2607,Other type,354328000
/vessels/details/9828077,QMS AL SHAHAMA II,Offshore Support Vessel,9828077
/vessels/details/351618000,SURFER1948,Other type,351618000
/vessels/details/9818436,AOS VALIANT,Offshore Tug/Supply Ship,9818436
/vessels/details/351101102,BD,Pilot,351101102
/vessels/details/9397418,DONGFANG KANTAN NO.2,Research Vessel,9397418
/vessels/details/352005003,SURFER 19001,Other type,352005003
/vessels/details/7613301,STAR 4,Research Vessel,7613301
/vessels/details/9303625,OFFSHORE SOLUTION,Anchor Hoy,9303625
/vessels/details/353310455,LUOI -NGOC-NHOE-9,WIG,353310455
/vessels/details/352621760,TEST,Other type,352621760
/vessels/details/6709050,JARAMAC XX,Offshore Tug/Supply Ship,6709050
/vessels/details/9329497,HARRIS,Offshore Tug/Supply Ship,9329497
/vessels/details/9125205,MELODIE V,Waste Disposal Vessel,9125205
/vessels/details/8765852,KINGFISH,Offshore Support Vessel,8765852
/vessels/details/1137159,KIM SEAH H620,Crew Boat,1137159
/vessels/details/9545144,DEEP CLEANER,Offshore Tug/Supply Ship,9545144
/vessels/details/7809417,FATMA,Supply Tender,7809417
/vessels/details/9753105,BGP SPIRIT,Offshore Tug/Supply Ship,9753105
/vessels/details/9619335,ASTRO POLARIS,Offshore Tug/Supply Ship,9619335
/vessels/details/355816000,HANG FENG 3,Towing vessel,355816000
/vessels/details/374937000,ARPON 1,Port tender,374937000
/vessels/details/7215915,MIDNIGHT MOON,Offshore Tug/Supply Ship,7215915
/vessels/details/9608881,MEO GALAXY,Utility Vessel,9608881
/vessels/details/8024715,INTERSKY,Offshore Tug/Supply Ship,8024715
/vessels/details/7344950,ALPHA 803,Offshore Tug/Supply Ship,7344950
/vessels/details/8220656,SEA SAFE,Offshore Tug/Supply Ship,8220656
/vessels/details/1045849,GUANGZHOU SHUNHAI SH191,Offshore Tug/Supply Ship,1045849
/vessels/details/8665882,SI HANG NI 25,Motor Hopper,8665882
/vessels/details/1018262,ADNOC C06,Offshore Tug/Supply Ship,1018262
/vessels/details/5061853,MARIE-SOL,Dredger,5061853
/vessels/details/356557000,CORVINA,Pilot,356557000
/vessels/details/8771485,SAHAR 1,Drilling Ship,8771485
/vessels/details/9606194,EXPRESS 67,Offshore Tug/Supply Ship,9606194
/vessels/details/8954867,MELOR,Utility Vessel,8954867
/vessels/details/7127687,PATRICIA,Offshore Tug/Supply Ship,7127687
/vessels/details/8673463,XIANG HAN SHOU FU 0390,Supply Tender,8673463
/vessels/details/353811000,CAZON,Pilot,353811000
/vessels/details/7101401,COASTAL CARRIER,Offshore Tug/Supply Ship,7101401
/vessels/details/9769958,QMS SENTINEL,Offshore Support Vessel,9769958
/vessels/details/1054058,WISON NANTONG F462,Offshore Support Vessel,1054058
/vessels/details/1042794,PELICAN BREEZE,Offshore Tug/Supply Ship,1042794
/vessels/details/9546851,I.N.W-4,Anchor Hoy,9546851
/vessels/details/9566332,SURFER 3602,Offshore Tug/Supply Ship,9566332
/vessels/details/352978254,HYWT116,Other type,352978254
/vessels/details/8855176,SHE DEVIL,Offshore Support Vessel,8855176
/vessels/details/355846000,IMS COMMANDER,Diving ops,355846000
/vessels/details/352076000,STINGER,Diving ops,352076000
/vessels/details/9541215,SAMSON SUPPORTER,Offshore Tug/Supply Ship,9541215
/vessels/details/9750854,GMS SHARQI 5603,Offshore Support Vessel,9750854
/vessels/details/5198656,SJOVIK,Salvage Ship,5198656
/vessels/details/9940150,STANFORD PELICAN,Offshore Tug/Supply Ship,9940150
/vessels/details/9765691,OML JACOB,Offshore Support Vessel,9765691
/vessels/details/9277034,HORIZON SURVEYOR,Research Vessel,9277034
/vessels/details/8661898,FADHIL 1,Offshore Tug/Supply Ship,8661898
/vessels/details/352001468,LONG LIVE,Other type,352001468
/vessels/details/6916938,IOSL EXPLORER,Offshore Tug/Supply Ship,6916938
/vessels/details/1018365,LTS-CB-04,Offshore Tug/Supply Ship,1018365
/vessels/details/1095155,ZAMIL 66,Offshore Support Vessel,1095155
/vessels/details/8633748,ROMNEY,Training Ship,8633748
/vessels/details/8211942,MANAMAN,Utility Vessel,8211942
/vessels/details/7423483,ROBALO I,Offshore Tug/Supply Ship,7423483
/vessels/details/370420000,BALTIC GUARD 3,Other type (HAZ-B),370420000
/vessels/details/8979879,DIBA 11,Offshore Tug/Supply Ship,8979879
/vessels/details/1092799,AESEN 105,Offshore Tug/Supply Ship,1092799
/vessels/details/8769846,SEVAN DRILLER,Drilling Ship,8769846
/vessels/details/8216435,FRINKA ENERGY,Offshore Tug/Supply Ship,8216435
/vessels/details/5010103,VIVIANE II,Buoy/Lighthouse Vessel,5010103
/vessels/details/374800156,OC 779TRUCMAIE19,WIG,374800156
/vessels/details/7732391,DANTZLER MOSS POINT,Offshore Tug/Supply Ship,7732391
/vessels/details/7945912,MAZAYA 5,Offshore Tug/Supply Ship,7945912
/vessels/details/9588627,OSHAN SUPPLIER,Offshore Tug/Supply Ship,9588627
/vessels/details/9990882,PELICAN SERENITY,Offshore Tug/Supply Ship,9990882
/vessels/details/9582714,BALTIC PRIDE,Crew Boat,9582714
/vessels/details/8532700,HAI BAO WU HAO,Research Vessel,8532700
/vessels/details/352005380,JOGJA RICH HARVEST,Other type,352005380
/vessels/details/7634379,SEIS SURVEYOR,Research Vessel,7634379
/vessels/details/8623470,GEO EXPLORER,Offshore Tug/Supply Ship,8623470
/vessels/details/7522083,DEMO III,Offshore Tug/Supply Ship,7522083
/vessels/details/7905778,TSHD VERMONT 170,Hopper Dredger,7905778
/vessels/details/8213134,INTEROCEAN,Offshore Tug/Supply Ship,8213134
/vessels/details/9808510,DELTA XV,Offshore Tug/Supply Ship,9808510
/vessels/details/1092787,DPMS JAGUAR,Offshore Tug/Supply Ship,1092787
/vessels/details/353895000,AGUJA I,Pilot,353895000
/vessels/details/352003414,SE0DETENOPER,Other type,352003414
/vessels/details/8892291,YONG SHI,Crane Ship,8892291
/vessels/details/1098846,XIANG XING 8899,Hopper Dredger,1098846
/vessels/details/7108655,STORNOWAY,Offshore Tug/Supply Ship,7108655
/vessels/details/7216414,RIG SUPPLY,Offshore Tug/Supply Ship,7216414
/vessels/details/352100333,AMOY BG 3,Towing vessel (tow>200),352100333
/vessels/details/9689744,SINOOCEAN PEACE,Other type,9689744
/vessels/details/1016458,BATAM FORTUNE,Crane Ship,1016458
/vessels/details/9794769,VORTEX VELOX,Offshore Tug/Supply Ship,9794769
/vessels/details/1018250,ADNOC C05,Offshore Tug/Supply Ship,1018250
/vessels/details/6706967,ARCTIC TIDE,Offshore Tug/Supply Ship,6706967
/vessels/details/9688465,GUARAPARI,Drilling Ship,9688465
/vessels/details/9838307,ALLIANZ OPAL,Other type,9838307
/vessels/details/9510216,SMS ABLE,Crew Boat,9510216
/vessels/details/7216581,SOUTHERN SERVICE,Offshore Tug/Supply Ship,7216581
/vessels/details/370072000,HYWT306,Other type,370072000
/vessels/details/8208816,ISLA BALLENA,Offshore Tug/Supply Ship,8208816
/vessels/details/351005030,COQUITO,Towing vessel,351005030
/vessels/details/6708513,MATEO I,Offshore Tug/Supply Ship,6708513
/vessels/details/1078468,FUJIAN MAWEI MW640-1,Offshore Support Vessel,1078468
/vessels/details/354000001,AL RUWAIS VTS,Port tender,354000001
/vessels/details/7404164,ALPHA 801,Offshore Tug/Supply Ship,7404164
/vessels/details/8342820,HAI BAO SAN HAO,Research Vessel,8342820
/vessels/details/8897057,KAI TUO 5,Motor Hopper,8897057
/vessels/details/352005539,MIGJORN,Other type,352005539
/vessels/details/7325473,DELMA,Offshore Tug/Supply Ship,7325473
/vessels/details/9277060,RICARDO MARTINELLI BERROCAL,Patrol Vessel,9277060
/vessels/details/370840000,DARIUS 1,Other type,370840000
/vessels/details/9613898,NORTH FIGHTER I,Offshore Tug/Supply Ship,9613898
/vessels/details/8751174,LONE STAR 202,Drilling Ship,8751174
/vessels/details/8218122,MATAF SUPPORTER,Offshore Tug/Supply Ship,8218122
/vessels/details/7216153,GULF FLYER,Offshore Tug/Supply Ship,7216153
/vessels/details/8763701,KAMIKAZE 4301,Offshore Support Vessel,8763701
/vessels/details/7710226,BALDER,Platform,7710226
/vessels/details/7710214,HERMOD,Platform,7710214
/vessels/details/8601642,H.851,Pontoon,8601642
/vessels/details/8770091,INDEPENDENCIA 2,Platform,8770091
/vessels/details/8768775,WEST AQUARIUS,Platform,8768775
/vessels/details/9665140,SHANGHAI ZHENHUA ZPMC 1043,Pontoon,9665140
/vessels/details/8768294,WEST PHOENIX,Platform,8768294
/vessels/details/8768438,WEST EMINENCE,Platform,8768438
/vessels/details/8764365,WEST VENTURE,Platform,8764365
/vessels/details/8768414,WEST TAURUS,Platform,8768414
/vessels/details/8764781,HAKURYU-16,Platform,8764781
/vessels/details/8766480,H 627,Non Propelled Barge,8766480
/vessels/details/8125040,H.114,Pontoon,8125040
/vessels/details/8770247,RELIANCE I,Platform,8770247
/vessels/details/8770065,WEST VENCEDOR,Platform,8770065
/vessels/details/9002570,WELL-SAFE PROTECTOR,Platform,9002570
/vessels/details/9648233,MESAIEED,Platform,9648233
/vessels/details/7814474,SEAMENT III,Non Propelled Barge,7814474
/vessels/details/8771461,LA SANTA MARIA,Platform,8771461
/vessels/details/9749207,WELL TARGET 2,Platform,9749207
/vessels/details/8757609,AEM-16,Pontoon,8757609
/vessels/details/8769743,TOPAZ DRILLER,Platform,8769743
/vessels/details/9509657,H 406,Pontoon,9509657
/vessels/details/9487811,H 405,Pontoon,9487811
/vessels/details/8753378,ATLANTIC ZEPHYR,Platform,8753378
/vessels/details/8770807,CMEI,Platform,8770807
/vessels/details/9516234,H 331,Non Propelled Barge,9516234
/vessels/details/9688439,BUMBLEBEE,Pontoon,9688439
/vessels/details/8767666,GSP SATURN,Platform,8767666
/vessels/details/9088354,K9128,Pontoon,9088354
/vessels/details/8976231,H 282,Pontoon,8976231
/vessels/details/8757075,JUP III,Pontoon,8757075
/vessels/details/8645454,JAMUNA IX,Non Propelled Barge,8645454
/vessels/details/356139000,MY TNTT,Unknown,356139000
/vessels/details/353231000,CMT 1,Unknown,353231000
/vessels/details/357945000,LUBINA,Unknown,357945000
/vessels/details/354132000,PISCOLA III,Unknown,354132000
/vessels/details/9781425,SLEIPNIR,Unknown,9781425
/vessels/details/373053000,THUNDERBALL,Unknown,373053000
/vessels/details/8769365,ORITSETIMEYIN,Unknown,8769365
/vessels/details/352754000,TATIANA,Unknown,352754000
/vessels/details/355218623,ZHEDAIYU06788-5-80,Unknown,355218623
/vessels/details/357215867,LIN21586-7-26,Unknown,357215867
/vessels/details/351500032,35150-32-98,Unknown,351500032
/vessels/details/356771818,35677-18-66,Unknown,356771818
/vessels/details/351550080,35155-80-79,Unknown,351550080
/vessels/details/355613015,LIN56130-15-56,Unknown,355613015
/vessels/details/372155917,LIN21559-17-55,Unknown,372155917
/vessels/details/356688013,3566-0013-95,Unknown,356688013
/vessels/details/351219841,ZHELINYU12198-41-84,Unknown,351219841
/vessels/details/353370138,9,Unknown,353370138
/vessels/details/354468832,YUESHANWEIYU12263-03,Unknown,354468832
/vessels/details/371656000,OPCIII,Unknown,371656000
/vessels/details/355850032,35585-3248,Unknown (HAZ-B),355850032
/vessels/details/356985555,01156-3-69,Unknown,356985555
/vessels/details/353535353,29810-3-71,Unknown,353535353
/vessels/details/356250907,02356-7-96,Unknown,356250907
/vessels/details/357220027,35722-27-91,Unknown,357220027
/vessels/details/353120009,35312-9-82,Unknown,353120009
/vessels/details/356820002,35682-2,Unknown,356820002
/vessels/details/357220018,35722-18-99,Unknown,357220018
/vessels/details/352800549,25687-9-74,Unknown,352800549
/vessels/details/352162165,LIN21621-65-47,Unknown,352162165
/vessels/details/371213511,LIN 12135-11-90,Unknown,371213511
/vessels/details/353120020,35312-20-99,Unknown,353120020
/vessels/details/355869654,3558-54-80,Unknown,355869654
/vessels/details/351950002,35195-2-51,Unknown,351950002
/vessels/details/356250901,02356-1-93,Unknown,356250901
/vessels/details/354560170,455-38 8V0,Unknown,354560170
/vessels/details/356850034,35685-34 8V0,Unknown,356850034
/vessels/details/372153527,LIN21535-27-91,Unknown,372153527
/vessels/details/353100003,35310-3-30,Unknown,353100003
/vessels/details/356990043,35699-43-55,Unknown,356990043
/vessels/details/351721906,ZHE21906-357.6V,Unknown,351721906
/vessels/details/356700019,SHUNHANG-19-71,Unknown,356700019
/vessels/details/355009297,SAN00929-7-15,Unknown,355009297
/vessels/details/356770051,35677-51-85,Unknown,356770051
/vessels/details/355590012,35559-12-73,Unknown,355590012
/vessels/details/354100004,35410-4 78,Unknown,354100004
/vessels/details/355280026,35528-26-88,Unknown,355280026
/vessels/details/357220033,35722-33-96,Unknown,357220033
/vessels/details/357777004,7777-4-97,Unknown,357777004
/vessels/details/357330019,35733-19-01,Unknown,357330019
/vessels/details/371233911,LIN 12339-11-92,Unknown,371233911
/vessels/details/356218966,LIN21896-6-63,Unknown,356218966
/vessels/details/354218355,LIN21835-5-67,Unknown,354218355
/vessels/details/371953527,19535-27-75,Unknown,371953527
/vessels/details/351550006,35155-6-89,Unknown,351550006
/vessels/details/357180010,LIAOSUIYU35718-1099,Unknown,357180010
/vessels/details/356820089,35682-89 83,Unknown,356820089
/vessels/details/353420013,35342-1384,Unknown,353420013
/vessels/details/352890017,35289-17,Unknown,352890017
/vessels/details/372191614,LIN21916-14-94,Unknown,372191614
/vessels/details/351219907,ZHELINYU12199-07-81,Unknown,351219907
/vessels/details/372189716,LIN 21897-16-98,Unknown,372189716
/vessels/details/352570021,35257-21-53,Unknown,352570021
/vessels/details/356650016,35665-16-98,Unknown,356650016
/vessels/details/355210571,LIN21057-1-46,Unknown,355210571
/vessels/details/356850035,35685-35 7V3,Unknown,356850035
/vessels/details/355280019,35528-19-73,Unknown,355280019
/vessels/details/355101140,3551-56-87,Unknown,355101140
/vessels/details/351660106,35166-106 95,Unknown,351660106
/vessels/details/352890005,35289-5,Unknown,352890005
/vessels/details/354600022,35460-22 90,Unknown,354600022
/vessels/details/372139737,LIN21397-37-81,Unknown,372139737
/vessels/details/370033108,BIOA 00331-8-98,Unknown,370033108
/vessels/details/370222011,YU 3702 -11 99,Unknown,370222011
/vessels/details/353221012,ZHESHENGYU05353-12,Unknown,353221012
/vessels/details/351967221,19672-21-98,Unknown,351967221
/vessels/details/351221807,LIN 12218-7-96,Unknown,351221807
/vessels/details/353100005,35310-5-99,Unknown,353100005
/vessels/details/351240022,XIANG24002-2-98,Unknown,351240022
/vessels/details/353120013,35312-13-77,Unknown,353120013
/vessels/details/373556424,SONAGAS GETANKER,Unknown,373556424
/vessels/details/372713009,LXK13009-378.0V,Unknown,372713009
/vessels/details/353250003,35325-3,Unknown,353250003
/vessels/details/355810031,35581-31 90,Unknown,355810031
/vessels/details/356121456,42055-2-92,Unknown,356121456
/vessels/details/351218871,LIN21887-1-02,Unknown,351218871
/vessels/details/351215506,ZHELINYU12155-06-29C,Unknown,351215506
/vessels/details/352123455,PELICAN GREAT,Unknown,352123455
/vessels/details/354215605,LIN21560-5-35,Unknown,354215605
/vessels/details/351235826,LIN12358-26-73,Unknown,351235826
/vessels/details/356980028,35698-28-56,Unknown,356980028
/vessels/details/356330008,35633-8-29,Unknown,356330008
/vessels/details/356000000,MG,Unknown,356000000
/vessels/details/351215508,ZHELINYU12155-08-96,Unknown,351215508
/vessels/details/352129915,LIN21299-15-35,Unknown,352129915
/vessels/details/352139315,LIN21393-15-74,Unknown,352139315
/vessels/details/355000115,ZHESHENGYU05355-15,Unknown,355000115
/vessels/details/370910904,11808-04-59,Unknown,370910904
/vessels/details/356660004,35666-4-74,Unknown,356660004
/vessels/details/354230011,35423-11-99,Unknown,354230011
/vessels/details/352166504,ZHELINYU21665-4-92,Unknown,352166504
/vessels/details/356770023,35677-23-39,Unknown,356770023
/vessels/details/353250071,35325-7136,Unknown,353250071
/vessels/details/353080050,35308-50-73,Unknown,353080050
/vessels/details/351880008,35188-8-90,Unknown,351880008
/vessels/details/355869001,03558-1-90,Unknown,355869001
/vessels/details/356650031,35665-3157,Unknown,356650031
/vessels/details/356660012,35666-12-92,Unknown,356660012
/vessels/details/354270051,35427-51-41,Unknown,354270051
/vessels/details/351990005,35199-5 7V3,Unknown,351990005
/vessels/details/351200077,3512-77 78,Unknown,351200077
/vessels/details/352005673,PRINCESS LEILI,Unknown,352005673
/vessels/details/353215863,LIN21586-3-99,Unknown,353215863
/vessels/details/372800012,3728-12,Unknown,372800012
/vessels/details/356990044,35699-44-85,Unknown,356990044
/vessels/details/357220052,LIAOSUIHU35722-5299,Unknown,357220052
/vessels/details/352189615,LIN21896-15-99,Unknown,352189615
/vessels/details/355356332,42073-15 8V1,Unknown,355356332
/vessels/details/356701656,3567-64-75,Unknown,356701656
/vessels/details/352199331,ZHELINYU21993-31-88,Unknown,352199331
/vessels/details/372167711,LIN 21677-11-82,Unknown,372167711
/vessels/details/354120068,35412-68-69,Unknown,354120068
/vessels/details/351219902,ZHELINYU12199-02-92,Unknown,351219902
/vessels/details/351449000,FSO PM3 CAA,Unknown (HAZ-A),351449000
/vessels/details/353330033,35333-33-84,Unknown,353330033
/vessels/details/351200081,3512-81 33,Unknown,351200081
/vessels/details/355199008,3551-8-99,Unknown,355199008
/vessels/details/371394851,MINLIANYULENG60366,Unknown (HAZ-D),371394851
/vessels/details/354560222,455-39 6V8,Unknown,354560222
/vessels/details/354230036,35423-3633,Unknown,354230036
/vessels/details/354380013,35438-13-65,Unknown,354380013
/vessels/details/356850022,35685-2293,Unknown,356850022
/vessels/details/352881511,LING28815-11-99,Unknown,352881511
/vessels/details/353330011,35333-11,Unknown,353330011
/vessels/details/353216183,LIN21618-3-86,Unknown,353216183
/vessels/details/370033115,BIOA 00331-15-84,Unknown,370033115
/vessels/details/371228712,LIN12287-12-75,Unknown,371228712
/vessels/details/353800040,35308-40-86,Unknown,353800040
/vessels/details/356923800,35367-4 90,Unknown,356923800
/vessels/details/351219808,ZHELINYU12198-08-89,Unknown,351219808
/vessels/details/353371162,84,Unknown,353371162
/vessels/details/356230100,BUOY00-99,Unknown,356230100
/vessels/details/355219092,LIN21909-2-99,Unknown,355219092
/vessels/details/357890021,35789-21-91,Unknown,357890021
/vessels/details/356969003,3569-3-99,Unknown,356969003
/vessels/details/356290003,35629-3 7V5,Unknown,356290003
/vessels/details/372136827,LIN21368-27-50,Unknown,372136827
/vessels/details/352123810,LIN21238-10-98,Unknown,352123810
/vessels/details/356290004,35629-4 7V4,Unknown,356290004
/vessels/details/373134999,JY L,Unknown,373134999
/vessels/details/351215536,ZHELINYU12155-36-31,Unknown,351215536
/vessels/details/356923804,35367-3 90,Unknown,356923804
/vessels/details/372192111,LIN21921-11-83,Unknown,372192111
/vessels/details/356770012,35677-12-35,Unknown,356770012
/vessels/details/355260006,35526-6-99,Unknown,355260006
/vessels/details/354120007,35412-7 0,Unknown,354120007
/vessels/details/370006913,SAN 00069-13-99,Unknown,370006913
/vessels/details/354380022,35438-22-58,Unknown,354380022
/vessels/details/372200011,37220-11-99,Unknown,372200011
/vessels/details/351990001,35199-1 7V3,Unknown,351990001
/vessels/details/373769903,YUEMAOYU46038-03-11,Unknown,373769903
/vessels/details/352218893,LIN21889-3-87,Unknown,352218893
/vessels/details/373769907,YUEMAOYU46038-07-46,Unknown,373769907
/vessels/details/356890009,35689-9-64,Unknown,356890009
/vessels/details/353100009,35310-9-99,Unknown,353100009
/vessels/details/352574444,35257-456,Unknown,352574444
/vessels/details/354120022,35412-22 94,Unknown,354120022
/vessels/details/351620017,35162-17-69,Unknown,351620017
/vessels/details/355280034,35528-34 90,Unknown,355280034
/vessels/details/356650032,35665-32-86,Unknown,356650032
/vessels/details/356218897,LIN21889-7-27,Unknown,356218897
/vessels/details/351224024,3512-24 50,Unknown,351224024
/vessels/details/354212685,LIN21268-5-46,Unknown,354212685
/vessels/details/352220053,35222-53-85,Unknown,352220053
/vessels/details/354230001,35423-1 7V1,Unknown,354230001
/vessels/details/354600019,35460-19-70,Unknown,354600019
/vessels/details/370994481,LURIKAIYU77082-1-58,Unknown,370994481
/vessels/details/356280022,35628-22-94,Unknown,356280022
/vessels/details/355280011,35528-11-66,Unknown,355280011
/vessels/details/355850042,35585-4299,Unknown,355850042
/vessels/details/355128206,LIN12820-6-96,Unknown,355128206
/vessels/details/356780014,35678-14-64,Unknown,356780014
/vessels/details/353460006,35346-6-78,Unknown,353460006
/vessels/details/356850051,35685-51 90,Unknown,356850051
/vessels/details/352152213,LIN21522-13-84,Unknown,352152213
/vessels/details/352570023,35257-23,Unknown,352570023
/vessels/details/356936101,69278-3-34,Unknown,356936101
/vessels/details/351070003,35107-3-99,Unknown,351070003
/vessels/details/351550034,35155-34-98,Unknown,351550034
/vessels/details/352147825,LIN21478-25-77,Unknown,352147825
/vessels/details/355280004,35528-4-62,Unknown,355280004
/vessels/details/372159715,LINN 21597-15-95,Unknown,372159715
/vessels/details/354560150,455 -37 8V2,Unknown,354560150
/vessels/details/353218763,A21876-3-96,Unknown,353218763
/vessels/details/355106944,3551-44-89,Unknown,355106944
/vessels/details/352166505,ZHELINYU21665-5-92,Unknown,352166505
/vessels/details/352990002,35299-2-74,Unknown,352990002
/vessels/details/355101135,3551-51-80,Unknown,355101135
/vessels/details/355199025,3551-25-91,Unknown,355199025
/vessels/details/355869628,3558-28-85,Unknown,355869628
/vessels/details/351219917,ZHELINYU12199-17-96,Unknown,351219917
/vessels/details/354120124,35412-124-99,Unknown,354120124
/vessels/details/352122215,LIN21222-15-99,Unknown,352122215
/vessels/details/356850011,35685-11 95,Unknown,356850011
/vessels/details/354219685,LIN21968-5-96,Unknown,354219685
/vessels/details/356850029,35685-29 8V0,Unknown,356850029
/vessels/details/356909092,3569-2-72,Unknown,356909092
/vessels/details/352188715,LIN21887-15-53,Unknown,352188715
/vessels/details/353535351,29810-1-85,Unknown,353535351
/vessels/details/353200983,JIAO20098-3-85,Unknown,353200983
/vessels/details/352199910,LIN21999-10-77,Unknown,352199910
/vessels/details/354230015,35423-1599,Unknown,354230015
/vessels/details/355810035,35581-35 46,Unknown,355810035
/vessels/details/353460010,35346-10-61,Unknown,353460010
/vessels/details/351310016,XIANG13100-16-99,Unknown,351310016
/vessels/details/354270041,35427-41-49,Unknown,354270041
/vessels/details/356003315,05425-7-99,Unknown,356003315
/vessels/details/356780032,35678-32-91,Unknown,356780032
/vessels/details/351219829,ZHELINYU12198-29-85,Unknown,351219829
/vessels/details/355230909,ZHESHENGYU05355-9,Unknown,355230909
/vessels/details/351290809,BIAO 02908-9-89,Unknown,351290809
/vessels/details/372168822,LIN21688-22-66,Unknown,372168822
/vessels/details/353333302,00356-10-99,Unknown,353333302
/vessels/details/351287910,LIN 12879-10-70,Unknown,351287910
/vessels/details/355260013,35526-13-99,Unknown,355260013
/vessels/details/353000026,353-26-69,Unknown,353000026
/vessels/details/355810003,35581-3-62,Unknown,355810003
/vessels/details/357800025,3578-25 40,Unknown,357800025
/vessels/details/355869613,3558-13-54,Unknown,355869613
/vessels/details/351200045,3512-45 90,Unknown,351200045
/vessels/details/352490001,35249-01-97,Unknown,352490001
/vessels/details/352400005,3524-5-99,Unknown,352400005
/vessels/details/352133918,21339-18-99,Unknown,352133918
/vessels/details/370558912,SHENG05589-12-92,Unknown,370558912
/vessels/details/353000027,353-27-65,Unknown,353000027
/vessels/details/355869648,3558-48-53,Unknown,355869648
/vessels/details/357220036,LIAOSUIHU35722-3699,Unknown,357220036
/vessels/details/354120061,35412-61-57,Unknown,354120061
/vessels/details/356310001,31631-1-60,Unknown,356310001
/vessels/details/351950001,35195-1-80,Unknown,351950001
/vessels/details/353330031,35333-31-37,Unknown,353330031
/vessels/details/351200114,LIN12001-14-97,Unknown,351200114
/vessels/details/357216283,LIN 21628-3-99,Unknown,357216283
/vessels/details/370501627,SUGANYU05016-27-87,Unknown,370501627
/vessels/details/356771414,35677-14-88,Unknown,356771414
/vessels/details/357220005,LIAOSUIHU35722-5-99,Unknown,357220005
/vessels/details/356890030,35689-30-80,Unknown,356890030
/vessels/details/352147715,ZHELIN21477-15-79,Unknown,352147715
/vessels/details/352850018,LIAOSUIYU35285-1884,Unknown,352850018
/vessels/details/354230016,35423-1688,Unknown,354230016
/vessels/details/356650009,35665-999,Unknown,356650009
/vessels/details/351310026,XIANG13100-26-60,Unknown,351310026
/vessels/details/356515226,56515-226-88,Unknown,356515226
/vessels/details/354270042,35427-42-01,Unknown,354270042
/vessels/details/351555555,BD95715TS NHO BA CAU,Unknown,351555555
/vessels/details/357919567,5298-31-56,Unknown,357919567
/vessels/details/354212557,LIN 21255-7-96,Unknown,354212557
/vessels/details/356218602,FUWANG21860-2-87,Unknown,356218602
/vessels/details/354230012,35423-12 9,Unknown,354230012
/vessels/details/352189393,LIN21893-93-49,Unknown,352189393
/vessels/details/355810036,35581-36 96,Unknown,355810036
/vessels/details/352490021,35249-21-99,Unknown,352490021
/vessels/details/354600009,35460-9-49,Unknown,354600009
/vessels/details/353970031,35397-31-46,Unknown,353970031
/vessels/details/352000000,NB549822,Unknown,352000000
/vessels/details/354270036,35427-36-85,Unknown,354270036
/vessels/details/351215528,ZHELINYU12155-28-90,Unknown,351215528
/vessels/details/351050013,35105-13 7V7,Unknown,351050013
/vessels/details/352760655,LXK60655-357.4V,Unknown,352760655
/vessels/details/372021563,ZHE21563-37-99,Unknown,372021563
/vessels/details/352184809,ZHELINYU21848-9-45,Unknown,352184809
/vessels/details/356850001,35685-1 65,Unknown,356850001
/vessels/details/352120110,LIN 21201-10-81,Unknown,352120110
/vessels/details/352181115,LIN21811-15-99,Unknown,352181115
/vessels/details/372800001,3728-1-70,Unknown,372800001
/vessels/details/352200022,DAHAI-22-18,Unknown,352200022
/vessels/details/352216782,A21678-2-99,Unknown,352216782
/vessels/details/353250043,353250043,Unknown,353250043
/vessels/details/357870034,35787-34-85,Unknown,357870034
/vessels/details/355199016,3551-16-94,Unknown,355199016
/vessels/details/351550091,35155-91-74,Unknown,351550091
/vessels/details/355850018,35585-18-96,Unknown,355850018
/vessels/details/355580012,35558-12,Unknown,355580012
/vessels/details/354600004,35460-4,Unknown,354600004
/vessels/details/351800240,2146-1-99,Unknown,351800240
/vessels/details/356650014,35665-14,Unknown,356650014
/vessels/details/372128813,LIN21288-13-65,Unknown,372128813
/vessels/details/357777010,7777-10-99,Unknown,357777010
/vessels/details/354120050,35412-50-99,Unknown,354120050
/vessels/details/356660043,35666-43-82,Unknown,356660043
/vessels/details/372800004,3728-4,Unknown,372800004
/vessels/details/353660026,35366-26-10,Unknown,353660026
/vessels/details/355810028,35581-28-77,Unknown,355810028
/vessels/details/354270035,35427-35-77,Unknown,354270035
/vessels/details/352184821,ZHELINYU21848-21-,Unknown,352184821
/vessels/details/356330006,35633-6-44,Unknown,356330006
/vessels/details/371156927,3711-27-94,Unknown,371156927
/vessels/details/354560140,455-33 8V0,Unknown,354560140
/vessels/details/351215518,ZHELINYU12155-18-35,Unknown,351215518
/vessels/details/371213932,LIN21393-2-68,Unknown,371213932
/vessels/details/356693535,35669-35,Unknown,356693535
/vessels/details/357800006,3578-6 90,Unknown,357800006
/vessels/details/354159203,SUHAYU03258-8042,Unknown,354159203
/vessels/details/372881513,LING28815-13-86,Unknown,372881513
/vessels/details/355101999,3551-23-72,Unknown,355101999
/vessels/details/372169923,LIN21699-23-94,Unknown,372169923
/vessels/details/372866617,ZHEDAIYU04111-11-63,Unknown,372866617
/vessels/details/355009292,SAN00929-2-93,Unknown,355009292
/vessels/details/356688010,3566-0010-91,Unknown,356688010
/vessels/details/356230116,BUOY16-92,Unknown,356230116
/vessels/details/356850000,35685-00 66,Unknown,356850000
/vessels/details/354250039,35425-3999,Unknown,354250039
/vessels/details/355869641,3558-41-57,Unknown,355869641
/vessels/details/356770054,35677-54-52,Unknown,356770054
/vessels/details/355102731,3551-32-66,Unknown,355102731
/vessels/details/352152210,LIN21522-10-99,Unknown,352152210
/vessels/details/351190006,35119-6-89,Unknown,351190006
/vessels/details/351211210,LIZONG-10 85,Unknown,351211210
/vessels/details/357330004,35733-4-83,Unknown,357330004
/vessels/details/351289225,LIN12892-25-91,Unknown,351289225
/vessels/details/352890033,35289-33 79,Unknown,352890033
/vessels/details/352199320,ZHELINYU21993-20-,Unknown,352199320
/vessels/details/351550067,35155-67-71,Unknown,351550067
/vessels/details/372162617,LIN21626-17-90,Unknown,372162617
/vessels/details/352581479,2026,Unknown,352581479
/vessels/details/352135820,LIN21538-20-53,Unknown,352135820
/vessels/details/353950004,35395-4-52,Unknown,353950004
/vessels/details/355721586,LG 21586-357.3V,Unknown,355721586
/vessels/details/356123456,LIN12345-6-67,Unknown,356123456
/vessels/details/356820003,35682-3,Unknown,356820003
/vessels/details/351220020,LIZONG-20 91,Unknown,351220020
/vessels/details/355280012,35528-12-68,Unknown,355280012
/vessels/details/357220024,35722-24-69,Unknown,357220024
/vessels/details/371156910,3711-10-73,Unknown,371156910
/vessels/details/354380020,35438-20-87,Unknown,354380020
/vessels/details/351759188,XYY59188-57.8V,Unknown,351759188
/vessels/details/355101143,3551-59-79,Unknown,355101143
/vessels/details/354000027,35400-27-28,Unknown,354000027
/vessels/details/355220909,ZHESHENGYU05355-9,Unknown,355220909
/vessels/details/355260020,35526-20-91,Unknown,355260020
/vessels/details/372162222,LIN21622-22-87,Unknown,372162222
/vessels/details/371219932,LIN21993-2,Unknown,371219932
/vessels/details/356890013,35689-13 50,Unknown,356890013
/vessels/details/351550025,35155-25-99,Unknown,351550025
/vessels/details/371208214,8412082-14-71,Unknown,371208214
/vessels/details/356880002,35688-02-44,Unknown,356880002
/vessels/details/373216732,LIN21673-2-99,Unknown,373216732
/vessels/details/356128207,LIN12820-7-44,Unknown,356128207
/vessels/details/373112000,JULIA I,Unknown,373112000
/vessels/details/354100007,35410-07-70,Unknown,354100007
/vessels/details/354216625,LIN21662-5-85,Unknown,354216625
/vessels/details/353970022,35397-22-93,Unknown,353970022
/vessels/details/357220003,35722-3-86,Unknown,357220003
/vessels/details/356655889,705,Unknown,356655889
/vessels/details/351070066,35107-66-99,Unknown,351070066
/vessels/details/352220019,35222-19-91,Unknown,352220019
/vessels/details/372161812,LIN21618-12-78,Unknown,372161812
/vessels/details/372012087,ZHE12087-37-64,Unknown,372012087
/vessels/details/354120012,35412-12 8V2,Unknown,354120012
/vessels/details/351869078,3518-8-71,Unknown,351869078
/vessels/details/352166510,A21665-10-82,Unknown,352166510
/vessels/details/351710038,35171-38,Unknown,351710038
/vessels/details/355565199,26 LINH LNOI D33 P1,Unknown,355565199
/vessels/details/355810013,35581-13-78,Unknown,355810013
/vessels/details/351297535,LIN12975-35-88,Unknown,351297535
/vessels/details/355260037,35526-37-91,Unknown,355260037
/vessels/details/372139827,LIN21398-27-81,Unknown,372139827
/vessels/details/355810019,35581-1975,Unknown,355810019
/vessels/details/351660005,35166-1 70,Unknown,351660005
/vessels/details/356878899,J,Unknown,356878899
/vessels/details/351215530,ZHELINYU12155-30-96,Unknown,351215530
/vessels/details/351880033,35188-33-89,Unknown,351880033
/vessels/details/355600594,3556-148-34,Unknown,355600594
/vessels/details/356730303,3567-3-83,Unknown,356730303
/vessels/details/357777716,ZHESANYU77777-16-74,Unknown,357777716
/vessels/details/356280021,35628-21-93,Unknown,356280021
/vessels/details/354230038,35423-38 17,Unknown,354230038
/vessels/details/356820071,35682-71 31,Unknown,356820071
/vessels/details/353970007,35397-7-52,Unknown,353970007
/vessels/details/372186833,LIN21868-33-38,Unknown,372186833
/vessels/details/352570017,35257-17-93,Unknown,352570017
/vessels/details/356650024,35665-2485,Unknown,356650024
/vessels/details/351215531,ZHELINYU12155-31-69,Unknown,351215531
/vessels/details/351990009,35199-9,Unknown,351990009
/vessels/details/354270015,35427-15-71,Unknown,354270015
/vessels/details/352177609,21776-9-98,Unknown,352177609
/vessels/details/352198911,LIN21989-11-91,Unknown,352198911
/vessels/details/354230019,35423-19 7V1,Unknown,354230019
/vessels/details/352126020,LIN 21260-20-85,Unknown,352126020
/vessels/details/374709999,LG 09999-377.1V,Unknown,374709999
/vessels/details/357755801,BIAO 77558-1-90,Unknown,357755801
/vessels/details/357870017,35787-17 99,Unknown,357870017
/vessels/details/370183511,01835-11-32,Unknown,370183511
/vessels/details/354230026,35423-26 91,Unknown,354230026
/vessels/details/354270037,35427-37-92,Unknown,354270037
/vessels/details/357870009,35787-9 60,Unknown,357870009
/vessels/details/357980002,LIAOSUIYU35798-2-76,Unknown,357980002
/vessels/details/353100002,35310-2-88,Unknown,353100002
/vessels/details/357777718,ZHESANYU77777-18-91,Unknown,357777718
/vessels/details/353250095,35325-95,Unknown,353250095
/vessels/details/351620023,35162-23,Unknown,351620023
/vessels/details/354000000,AAAA,Unknown,354000000
/vessels/details/354215675,LIN21567-5-65,Unknown,354215675
/vessels/details/354120054,35412-54-99,Unknown,354120054
/vessels/details/372193914,LIN21939-14-99,Unknown,372193914
/vessels/details/351800009,3518-9-53,Unknown,351800009
/vessels/details/372800019,3728-19 89,Unknown,372800019
/vessels/details/353000022,353-22-65,Unknown,353000022
/vessels/details/351550070,35155-70-92,Unknown,351550070
/vessels/details/355810015,35581-15-84,Unknown,355810015
/vessels/details/351150052,35115-52-62,Unknown,351150052
/vessels/details/355260016,35526-16-99,Unknown,355260016
/vessels/details/352105749,LIN 21057-49-99,Unknown,352105749
/vessels/details/370033106,BIOA 00331-6-97,Unknown,370033106
/vessels/details/1071408,ASP RAINBOW,Unknown,1071408
/vessels/details/355550011,35555-11-38,Unknown,355550011
/vessels/details/355587623,3555-23-78,Unknown,355587623
/vessels/details/351990027,35199-27,Unknown,351990027
/vessels/details/354120019,35412-19 97,Unknown,354120019
/vessels/details/356650030,35665-3038,Unknown,356650030
/vessels/details/354600023,35460-23-65,Unknown,354600023
/vessels/details/352158805,LIN 21588-5-83,Unknown,352158805
/vessels/details/353080031,35308-31-99,Unknown,353080031
/vessels/details/356515239,56515-239-06,Unknown,356515239
/vessels/details/351070002,35107-2-92,Unknown,351070002
/vessels/details/351869016,3518-16,Unknown,351869016
/vessels/details/356219199,LIN 21919-9-95,Unknown,356219199
/vessels/details/355106940,3551-40-91,Unknown,355106940
/vessels/details/357129538,LIN12953-8-71,Unknown,357129538
/vessels/details/352220041,35222-41-64,Unknown,352220041
/vessels/details/357870023,35787-23 0,Unknown,357870023
/vessels/details/352199329,ZHELINYU21993-29-26,Unknown,352199329
/vessels/details/354901822,LG01822-35-99,Unknown,354901822
/vessels/details/355588820,555888-20-62,Unknown,355588820
/vessels/details/374121359,LIN12135-9-87,Unknown,374121359
/vessels/details/356280018,35628-18-77,Unknown,356280018
/vessels/details/355869602,3558-2-72,Unknown,355869602
/vessels/details/352125122,LIN21251-22-72,Unknown,352125122
/vessels/details/370963156,2448-06-59,Unknown,370963156
/vessels/details/353000031,353-31-91,Unknown,353000031
/vessels/details/357220051,35722-51-99,Unknown,357220051
/vessels/details/355260039,35526-41-97,Unknown,355260039
/vessels/details/357870007,35787-7 99,Unknown,357870007
/vessels/details/373218961,LIN21896-1-78,Unknown,373218961
/vessels/details/370128797,LIN 12879-7-46,Unknown,370128797
/vessels/details/356212626,LIN21262-6-81,Unknown,356212626
/vessels/details/353000032,353-32-92,Unknown,353000032
/vessels/details/351550092,35155-92-70,Unknown,351550092
/vessels/details/354560333,455-36 8V4,Unknown,354560333
/vessels/details/354678129,06685-3-78,Unknown,354678129
/vessels/details/354270029,35427-29 8V3,Unknown,354270029
/vessels/details/352149825,LIN21498-25-32,Unknown,352149825
/vessels/details/353110013,35311-13-99,Unknown,353110013
/vessels/details/372125517,LIN21255-17-68,Unknown,372125517
/vessels/details/352165820,LIN 21658-20-99,Unknown,352165820
/vessels/details/353200004,LHY 35320-4,Unknown,353200004
/vessels/details/353020001,35302-1-59,Unknown,353020001
/vessels/details/352220021,35222-21-92,Unknown,352220021
/vessels/details/372175215,21752-15-50,Unknown,372175215
/vessels/details/355280020,35528-20-69,Unknown,355280020
/vessels/details/353819670,LG19670-357.9V,Unknown,353819670
/vessels/details/356290018,35629-18 7V8,Unknown,356290018
/vessels/details/352490027,35249-27-48,Unknown,352490027
/vessels/details/352165819,LIN 21658-19-04,Unknown,352165819
/vessels/details/357890013,35789-13-85,Unknown,357890013
/vessels/details/351190012,35119-12-79,Unknown,351190012
/vessels/details/353250079,35325-79,Unknown,353250079
/vessels/details/355580033,35558-33-45,Unknown,355580033
/vessels/details/356609195,3566-5-76,Unknown,356609195
/vessels/details/355869623,3558-23-99,Unknown,355869623
/vessels/details/351296315,LIN12963-15-58,Unknown,351296315
/vessels/details/352199812,LIN21998-12-47,Unknown,352199812
/vessels/details/370963153,2448-03-33,Unknown,370963153
/vessels/details/352166501,ZHELINYU21665-1-88,Unknown,352166501
/vessels/details/356770026,35677-26-33,Unknown,356770026
/vessels/details/355106938,3551-38-79,Unknown,355106938
/vessels/details/353950012,35395-12,Unknown,353950012
/vessels/details/352184832,ZHELINYU21848-32-,Unknown,352184832
/vessels/details/352890030,35289-30-72,Unknown,352890030
/vessels/details/351880031,35188-31-91,Unknown,351880031
/vessels/details/356820031,35682-31,Unknown,356820031
/vessels/details/354600011,35460-11-92,Unknown,354600011
/vessels/details/353070016,35307-16 5,Unknown,353070016
/vessels/details/355280018,35528-18-71,Unknown,355280018
/vessels/details/356890027,35689-27-51,Unknown,356890027
/vessels/details/355260050,35526-50-60,Unknown,355260050
/vessels/details/371202242,LIN12022-42-65,Unknown,371202242
/vessels/details/354215864,LIN21586-4-89,Unknown,354215864
/vessels/details/351680001,35168-99,Unknown,351680001
/vessels/details/356701653,3567-61-90,Unknown,356701653
/vessels/details/353535356,29810-6-24,Unknown,353535356
/vessels/details/370456624,04566-2492,Unknown,370456624
/vessels/details/351238315,LIN12383-15-87,Unknown,351238315
/vessels/details/373777788,SANYU77788-378.3V,Unknown,373777788
/vessels/details/351620008,35162-08-99,Unknown,351620008
/vessels/details/356787802,13054-0254,Unknown,356787802
/vessels/details/355199014,3551-14-98,Unknown,355199014
/vessels/details/351290807,BIAO 02908-7-92,Unknown,351290807
/vessels/details/351215512,ZHELINYU12155-12-37,Unknown,351215512
/vessels/details/356701655,3567-63-99,Unknown,356701655
/vessels/details/352155235,LIN21552-35-28,Unknown,352155235
/vessels/details/372186817,LIN21868-A17-52,Unknown,372186817
/vessels/details/351219910,ZHELINYU12199-10-99,Unknown,351219910
/vessels/details/356780011,35678-11-80,Unknown,356780011
/vessels/details/356990040,35699-40-99,Unknown,356990040
/vessels/details/352490024,35249-24-88,Unknown,352490024
/vessels/details/370033117,BIOA 00331-17-87,Unknown,370033117
/vessels/details/354216184,LIN21618-4-86,Unknown,354216184
/vessels/details/354230025,35423-25 76,Unknown,354230025
/vessels/details/354120079,35412-79-95,Unknown,354120079
/vessels/details/351070046,60768-14-81,Unknown,351070046
/vessels/details/371156902,3711-2-96,Unknown,371156902
/vessels/details/356630003,3566-10327,Unknown,356630003
/vessels/details/374850819,CO2 LUOI QUET85 7V9,Unknown,374850819
/vessels/details/356770040,35677-40,Unknown,356770040
/vessels/details/356890022,35689-22-93,Unknown,356890022
/vessels/details/352578888,35257-8-84,Unknown,352578888
/vessels/details/353000020,15447-05-86,Unknown,353000020
/vessels/details/351037715,SHENG10377-15-63,Unknown,351037715
/vessels/details/352850015,LIAOSUIYU35285-1599,Unknown,352850015
/vessels/details/352986129,OCTOPUS,Unknown,352986129
/vessels/details/356200886,LIN20088-6-75,Unknown,356200886
/vessels/details/352199328,ZHELINYU21993-28-,Unknown,352199328
/vessels/details/356980053,35698-53-92,Unknown,356980053
/vessels/details/9650975,OLYMPIA I,Platform,9650975
/vessels/details/355199021,3551-21-25,Unknown,355199021
/vessels/details/353460016,35346-16-64,Unknown,353460016
/vessels/details/355869627,3558-27-84,Unknown,355869627
/vessels/details/370033114,BIOA 00331-14-55,Unknown,370033114
/vessels/details/356890001,35689-1-72,Unknown,356890001
/vessels/details/356660002,35666-2-90,Unknown,356660002
/vessels/details/351215543,ZHELINYU12155-43-46,Unknown,351215543
/vessels/details/374089409,69 LMUC B27 P6-36,Unknown,374089409
/vessels/details/355588808,555888-8-14,Unknown,355588808
/vessels/details/354270006,35427-6-90,Unknown,354270006
/vessels/details/353535359,29810-9-87,Unknown,353535359
/vessels/details/352999630,ARPON C3,Unknown,352999630
/vessels/details/352190915,LIN21909-15-52,Unknown,352190915
/vessels/details/371156930,3711-30-73,Unknown,371156930
/vessels/details/355850047,35585-4701,Unknown,355850047
/vessels/details/352881512,LING28815-12-76,Unknown,352881512
/vessels/details/353110005,35311-5-99,Unknown,353110005
/vessels/details/357777712,ZHESANYU77777-12-81,Unknown,357777712
/vessels/details/352690020,35269-20,Unknown,352690020
/vessels/details/374901822,LG01822-37-99,Unknown,374901822
/vessels/details/355217214,LIN21721-4-69,Unknown,355217214
/vessels/details/370994462,WANG47288-02-79,Unknown,370994462
/vessels/details/351990012,35199-12 7V3,Unknown,351990012
/vessels/details/351219903,ZHELINYU12199-03-16,Unknown,351219903
/vessels/details/8771801,BASSDRILL BETA,Platform,8771801
/vessels/details/355212802,LIN 21280-2-79,Unknown,355212802
/vessels/details/356650001,35665-1-75,Unknown,356650001
/vessels/details/353160004,35316-4 72,Unknown,353160004
/vessels/details/353150001,35315-01-99,Unknown,353150001
/vessels/details/355106937,3551-37-88,Unknown,355106937
/vessels/details/351215540,ZHELINYU12155-40-65,Unknown,351215540
/vessels/details/370132617,01326-17-63,Unknown,370132617
/vessels/details/353000029,353-29-88,Unknown,353000029
/vessels/details/374215229,LIN21522-9-98,Unknown,374215229
/vessels/details/356290032,35629-32 7V3,Unknown,356290032
/vessels/details/352158010,LIN21580-10-92,Unknown,352158010
/vessels/details/355810033,35581-33 31,Unknown,355810033
/vessels/details/356700097,JILEYU3567-97-99,Unknown,356700097
/vessels/details/352184814,ZHELINYU21848-14-,Unknown,352184814
/vessels/details/356129086,LIN12908-6-51,Unknown,356129086
/vessels/details/352220060,35222-60-87,Unknown,352220060
/vessels/details/353120006,35312-6-61,Unknown,353120006
/vessels/details/352210097,LIN21009-7-84,Unknown,352210097
/vessels/details/356230104,BUOY04-99,Unknown,356230104
/vessels/details/355120786,LIN12078-6-68,Unknown,355120786
/vessels/details/355810053,35581-53-75,Unknown,355810053
/vessels/details/351100000,ABCD,Unknown,351100000
/vessels/details/352220051,35222-51-64,Unknown,352220051
/vessels/details/351620012,35162-12-18,Unknown,351620012
/vessels/details/357890033,35789-33-98,Unknown,357890033
/vessels/details/353250017,35325-1760,Unknown,353250017
/vessels/details/357777009,7777-9-45,Unknown,357777009
/vessels/details/353120021,35312-21-86,Unknown,353120021
/vessels/details/354270005,35427-5 60,Unknown,354270005
/vessels/details/370222003,YU 3702 -3 99,Unknown,370222003
/vessels/details/356771515,35677-15-83,Unknown,356771515
/vessels/details/351621111,35162-1,Unknown,351621111
/vessels/details/372156017,LIN21560-17,Unknown,372156017
/vessels/details/355869642,3558-42-61,Unknown,355869642
/vessels/details/352183825,LIN21838-25-84,Unknown,352183825
/vessels/details/356288296,YUE28829-6-27,Unknown,356288296
/vessels/details/353721292,LG21292-358.1V,Unknown,353721292
/vessels/details/353000033,353-33-68,Unknown,353000033
/vessels/details/353150024,35315-24,Unknown,353150024
/vessels/details/355600772,3556-122-97,Unknown,355600772
/vessels/details/352166527,ZHELINYU21665-27-,Unknown,352166527
/vessels/details/354120076,35412-76-96,Unknown,354120076
/vessels/details/9701956,PEPPER 4501,Platform,9701956
/vessels/details/354120025,35412-25 97,Unknown,354120025
/vessels/details/354120011,35412-11 48,Unknown,354120011
/vessels/details/353950005,35395-5,Unknown,353950005
/vessels/details/372185527,LIN21855-27-69,Unknown,372185527
/vessels/details/353522812,BIAO 88228-12-99,Unknown,353522812
/vessels/details/351215526,ZHELINYU12155-26-57,Unknown,351215526
/vessels/details/352235509,P6-TIM-CHOPTRANG-78,Unknown,352235509
/vessels/details/353000001,353-1 7V3,Unknown,353000001
/vessels/details/373195228,YU -95228 -A3 96,Unknown,373195228
/vessels/details/353250076,35325-76,Unknown,353250076
/vessels/details/356650100,35665-100-65,Unknown,356650100
/vessels/details/356980021,35698-21-85,Unknown,356980021
/vessels/details/357600995,3576-5-86,Unknown,357600995
/vessels/details/354380008,35438-8-78,Unknown,354380008
/vessels/details/355530002,35553-2-95,Unknown,355530002
/vessels/details/353000042,353-42-99,Unknown,353000042
/vessels/details/355869629,3558-29-85,Unknown,355869629
/vessels/details/354380036,35438-36-99,Unknown,354380036
/vessels/details/351150011,35115-11,Unknown,351150011
/vessels/details/356290030,35629-30-50,Unknown,356290030
/vessels/details/351200080,3512-80 94,Unknown,351200080
/vessels/details/356850058,35685-58 7V7,Unknown,356850058
/vessels/details/351070015,35107-15-80,Unknown,351070015
/vessels/details/372175203,21752-2-50,Unknown,372175203
/vessels/details/351128202,LIN12820-2-56,Unknown,351128202
/vessels/details/356780013,35678-13-65,Unknown,356780013
/vessels/details/352001815,JIAO20018-15-70,Unknown,352001815
/vessels/details/371999568,SAN99956-8-99,Unknown,371999568
/vessels/details/353128204,LIN12820-4-20,Unknown,353128204
/vessels/details/372186917,LIN21869-17-58,Unknown,372186917
/vessels/details/356218977,LIN21897-7-57,Unknown,356218977
/vessels/details/356650021,35665-2199,Unknown,356650021
/vessels/details/352795555,35279-5,Unknown,352795555
/vessels/details/356123552,LIN12355-2-64,Unknown,356123552
/vessels/details/356650010,35665-10,Unknown,356650010
/vessels/details/355810060,35581-60-83,Unknown,355810060
/vessels/details/372185125,LIN21851-25,Unknown,372185125
/vessels/details/357870042,35787-42-99,Unknown,357870042
/vessels/details/355999999,58399-11,Unknown,355999999
/vessels/details/353970021,3539721-92,Unknown,353970021
/vessels/details/351070009,35107-9-99,Unknown,351070009
/vessels/details/352003579,KUKUL,Unknown,352003579
/vessels/details/354159204,SUHAYU03258-9058,Unknown,354159204
/vessels/details/355134567,3551-13-71,Unknown,355134567
/vessels/details/355804135,04135-3558-99,Unknown,355804135
/vessels/details/352978257,HYWT115,Unknown,352978257
/vessels/details/352133314,LIN21333-14-56,Unknown,352133314
/vessels/details/353250011,35325-11,Unknown,353250011
/vessels/details/351213211,A21321-1-88,Unknown,351213211
/vessels/details/356820050,35682-50,Unknown,356820050
/vessels/details/372182933,LIN 21829-33-36,Unknown,372182933
/vessels/details/356218086,LIN21808-6-58,Unknown,356218086
/vessels/details/353120004,35312-4-72,Unknown,353120004
/vessels/details/355330000,LIAOYINGYU35533 70,Unknown,355330000
/vessels/details/356250909,02356-9-88,Unknown,356250909
/vessels/details/355608024,3556-24-79,Unknown,355608024
/vessels/details/353120016,35312-16-52,Unknown,353120016
/vessels/details/355199017,3551-17-46,Unknown,355199017
/vessels/details/352129911,LIN12991-1-27,Unknown,352129911
/vessels/details/372172118,LIN21721-18-85,Unknown,372172118
/vessels/details/353460001,35346-1-84,Unknown,353460001
/vessels/details/352570016,35257-16-99,Unknown,352570016
/vessels/details/355850006,35585-6-98,Unknown,355850006
/vessels/details/351660101,35166-101 93,Unknown,351660101
/vessels/details/355869649,3558-49-72,Unknown,355869649
/vessels/details/357212603,LIN 21260-3-58,Unknown,357212603
/vessels/details/351550072,35155-72-89,Unknown,351550072
/vessels/details/372193913,LIM21939-13-93,Unknown,372193913
/vessels/details/356990038,35699-38-91,Unknown,356990038
/vessels/details/355199006,3551-6-48,Unknown,355199006
/vessels/details/357190000,KEN UN,Unknown,357190000
/vessels/details/351219531,A21953-1-86,Unknown,351219531
/vessels/details/352890013,35289-13,Unknown,352890013
/vessels/details/357870043,35787-43-85,Unknown,357870043
/vessels/details/352220030,35222-30-46,Unknown,352220030
/vessels/details/352191212,LIN 21912-12-32,Unknown,352191212
/vessels/details/356230110,BUOY10-88,Unknown,356230110
/vessels/details/372193910,LIN21939-10-52,Unknown,372193910
/vessels/details/352579999,35257-9-77,Unknown,352579999
/vessels/details/352490023,35249-23-78,Unknown,352490023
/vessels/details/351070013,35107-13-99,Unknown,351070013
/vessels/details/355218512,LIN21851-2-29,Unknown,355218512
/vessels/details/355260025,35526-25-68,Unknown,355260025
/vessels/details/354230006,35423-6-98,Unknown,354230006
/vessels/details/372316555,YU 555 -37 72,Unknown,372316555
/vessels/details/8764169,PETROBRAS 26,Platform,8764169
/vessels/details/352200013,DAHAI-13-48,Unknown,352200013
/vessels/details/354120066,35412-66-98,Unknown,354120066
/vessels/details/356780018,35678-18,Unknown,356780018
/vessels/details/353510331,JIAO51033-1-92,Unknown,353510331
/vessels/details/357180009,LIAOSUIYU35718-9-22,Unknown,357180009
/vessels/details/356820087,35682-87 97,Unknown,356820087
/vessels/details/354550015,455-32 8V0,Unknown,354550015
/vessels/details/9737175,ORIENTAL PHOENIX,Platform,9737175
/vessels/details/370006911,LIN00069-11-66,Unknown,370006911
/vessels/details/356890010,35689-10 40,Unknown,356890010
/vessels/details/352191920,LIN 21919-20-99,Unknown,352191920
/vessels/details/356820049,35682-49,Unknown,356820049
/vessels/details/352155915,LIN21559-15-69,Unknown,352155915
/vessels/details/370501630,SUGANYU05016-30-47,Unknown,370501630
/vessels/details/352850114,35285-14-84,Unknown,352850114
/vessels/details/353120018,35312-18-79,Unknown,353120018
/vessels/details/372200008,37220-0868,Unknown,372200008
/vessels/details/355566501,DAQI-186,Unknown,355566501
/vessels/details/374128521,LIN12852-1-88,Unknown,374128521
/vessels/details/372147717,ZHELIN21477-17-35,Unknown,372147717
/vessels/details/354270030,35427-30 8V2,Unknown,354270030
/vessels/details/353000036,353-36-93,Unknown,353000036
/vessels/details/357220007,LIAOSUIHU35722-7-98,Unknown,357220007
/vessels/details/372800021,3728-21 84,Unknown,372800021
/vessels/details/355810012,35581-12-77,Unknown,355810012
/vessels/details/356250902,02356-2-96,Unknown,356250902
/vessels/details/372800023,3728-23-96,Unknown,372800023
/vessels/details/356990050,35699-50-99,Unknown,356990050
/vessels/details/351215507,ZHELINYU12155-07-40,Unknown,351215507
/vessels/details/352147710,ZHELIN21477-10-71,Unknown,352147710
/vessels/details/353120025,35312-25-71,Unknown,353120025
/vessels/details/351212215,LIN12122-15-32,Unknown,351212215
/vessels/details/355335555,35533-5,Unknown,355335555
/vessels/details/352577777,35257-7-97,Unknown,352577777
/vessels/details/354181684,LIN18168-4-99,Unknown,354181684
/vessels/details/355810025,35581-2578,Unknown,355810025
/vessels/details/355869626,3558-26-26,Unknown,355869626
/vessels/details/370033104,BIOA 00331-4-99,Unknown,370033104
/vessels/details/372127727,LIN21277-27-90,Unknown,372127727
/vessels/details/352010001,MAGE35201-1 20,Unknown,352010001
/vessels/details/356213596,LIN21359-6-71,Unknown,356213596
/vessels/details/371156913,3711-13-98,Unknown,371156913
/vessels/details/371328107,01328-107-57,Unknown,371328107
/vessels/details/355550006,35555-6-33,Unknown,355550006
/vessels/details/355810051,35581-51-31,Unknown,355810051
/vessels/details/356006202,3566-16-53,Unknown,356006202
/vessels/details/370000037,HXF-37-91,Unknown,370000037
/vessels/details/355588809,555888-9-73,Unknown,355588809
/vessels/details/351070008,35107-8-99,Unknown,351070008
/vessels/details/356880008,35688-08-48,Unknown,356880008
/vessels/details/354120018,35412-18 8V3,Unknown,354120018
/vessels/details/357800002,3578-2 60,Unknown,357800002
/vessels/details/355665621,3556-21-33,Unknown,355665621
/vessels/details/353460018,35346-18-44,Unknown,353460018
/vessels/details/355199018,3551-18-99,Unknown,355199018
/vessels/details/356770029,35677-29-34,Unknown,356770029
/vessels/details/351215861,LIN21586-1-97,Unknown,351215861
/vessels/details/352890046,35289-46 56,Unknown,352890046
/vessels/details/356820015,35682-15,Unknown,356820015
/vessels/details/372175202,21752-1-54,Unknown,372175202
/vessels/details/351660059,35166-59-61,Unknown,351660059
/vessels/details/355280024,35528-24-81,Unknown,355280024
/vessels/details/351219001,A21900-1-98,Unknown,351219001
/vessels/details/353080043,35308-43-63,Unknown,353080043
/vessels/details/352890047,35289-47 71,Unknown,352890047
/vessels/details/354230004,35423-4 95,Unknown,354230004
/vessels/details/356820070,35682-70,Unknown,356820070
/vessels/details/352220049,35222-49-64,Unknown,352220049
/vessels/details/371237717,LIM12377-17-82,Unknown,371237717
/vessels/details/370966002,LIAOWAYU75999-02-08,Unknown,370966002
/vessels/details/356691818,35669-18,Unknown,356691818
/vessels/details/351290808,BIAO 02908-8-98,Unknown,351290808
/vessels/details/352790007,35279-7-91,Unknown,352790007
/vessels/details/353305000,SAPURA T-9,Unknown,353305000
/vessels/details/352159601,ZHELINYU21596-1-82,Unknown,352159601
/vessels/details/356216217,LIN21621-7-89,Unknown,356216217
/vessels/details/357220039,35722-39-99,Unknown,357220039
/vessels/details/354600015,35460-15-57,Unknown,354600015
/vessels/details/352189115,LIN21891-15-52,Unknown,352189115
/vessels/details/351290804,BIAO 02908-4-75,Unknown,351290804
/vessels/details/353950003,35395-3-99,Unknown,353950003
/vessels/details/353250002,35325-2,Unknown,353250002
/vessels/details/355810010,35581-10-43,Unknown,355810010
/vessels/details/355218896,LIN21889-6-91,Unknown,355218896
/vessels/details/356820065,35682-65,Unknown,356820065
/vessels/details/353020006,35302-6-55,Unknown,353020006
/vessels/details/351150056,35115-56-33,Unknown,351150056
/vessels/details/370033111,BIOA 00331-11-98,Unknown,370033111
/vessels/details/355199010,3551-10-65,Unknown,355199010
/vessels/details/352156018,ZHELINGYU88120-2-53,Unknown,352156018
/vessels/details/355580031,35558-31-98,Unknown,355580031
/vessels/details/355869619,3558-19-59,Unknown,355869619
/vessels/details/356515230,56515-230-83,Unknown,356515230
/vessels/details/351550007,35155-7,Unknown,351550007
/vessels/details/371637000,SURFER 1434,Unknown,371637000
/vessels/details/353020008,35302-8-88,Unknown,353020008
/vessels/details/372147712,ZHELIN21477-12-98,Unknown,372147712
/vessels/details/352846012,20M,Unknown,352846012
/vessels/details/374088874,MINXIAYU08887-4-59,Unknown,374088874
/vessels/details/354120056,35412-56-81,Unknown,354120056
/vessels/details/371156934,3711-34-99,Unknown,371156934
/vessels/details/351213511,LIN12135-11-83,Unknown,351213511
/vessels/details/357870016,35787-16 92,Unknown,357870016
/vessels/details/372167717,LIN21677-17-78,Unknown,372167717
/vessels/details/356219296,LIN21929-6-80,Unknown,356219296
/vessels/details/356660026,35666-26-75,Unknown,356660026
/vessels/details/355260031,35526-31-81,Unknown,355260031
/vessels/details/355632801,3556-A1-34,Unknown,355632801
/vessels/details/357870030,35787-30-60,Unknown,357870030
/vessels/details/372162117,LIN21621-17-50,Unknown,372162117
/vessels/details/355869669,3558-69-61,Unknown,355869669
/vessels/details/351970020,35197-20-86,Unknown,351970020
/vessels/details/357220037,LIAOSUIHU35722-3799,Unknown,357220037
/vessels/details/353120005,35312-5-34,Unknown,353120005
/vessels/details/352976000,UGO 3003,Unknown,352976000
/vessels/details/355219005,A21900-5-99,Unknown,355219005
/vessels/details/352199308,ZHELINYU21993-8-77,Unknown,352199308
/vessels/details/373769909,YUEMAOYU46038-09-98,Unknown,373769909
/vessels/details/351550046,35155-46-58,Unknown,351550046
/vessels/details/355632815,3556-A15-12,Unknown,355632815
/vessels/details/357005998,SAN 00599-8-57,Unknown,357005998
/vessels/details/352850004,35285-4-91,Unknown,352850004
/vessels/details/354380026,35438-26-88,Unknown,354380026
/vessels/details/356660025,35666-25-99,Unknown,356660025
/vessels/details/351550083,35155-83-53,Unknown,351550083
/vessels/details/351200065,3512-65 64,Unknown,351200065
/vessels/details/372528516,YU 39033 -G 99,Unknown,372528516
/vessels/details/354600002,35460-2-63,Unknown,354600002
/vessels/details/8771382,AL-BIDDA,Platform,8771382
/vessels/details/356780007,35678-7-53,Unknown,356780007
/vessels/details/352573333,35257-336,Unknown,352573333
/vessels/details/355580007,2618-7-44,Unknown,355580007
/vessels/details/351650008,LIAOYINGYU35165-8,Unknown,351650008
/vessels/details/352689752,4253-7,Unknown,352689752
/vessels/details/355850005,35585-5-98,Unknown,355850005
/vessels/details/351880014,35188-14,Unknown,351880014
/vessels/details/357218603,FUWANG21860-3-81,Unknown,357218603
/vessels/details/370946624,17298-14-53,Unknown,370946624
/vessels/details/352184820,ZHELINYU21848-20-,Unknown,352184820
/vessels/details/355892605,03558-5-18,Unknown,355892605
/vessels/details/356290024,35629-24 6V8,Unknown,356290024
/vessels/details/352695555,35269-58.1V,Unknown,352695555
/vessels/details/351861763,AC6Z68 69S0,Unknown,351861763
/vessels/details/373770024,377-24 99,Unknown,373770024
/vessels/details/354721372,LG 21372-357.7V,Unknown,354721372
/vessels/details/353250013,35325-13,Unknown,353250013
/vessels/details/351880018,35188-18,Unknown,351880018
/vessels/details/353950025,35395-2568,Unknown,353950025
/vessels/details/371283817,LIN12838-17-59,Unknown,371283817
/vessels/details/351055861,SHENG05586-1-99,Unknown,351055861
/vessels/details/353660005,35366-5-32,Unknown,353660005
/vessels/details/372196811,LIN21968-11-52,Unknown,372196811
/vessels/details/356980056,35698-56-67,Unknown,356980056
/vessels/details/356230102,BUOY02-93,Unknown,356230102
/vessels/details/353970012,35397-12-57,Unknown,353970012
/vessels/details/352199321,ZHELINYU21993-21-,Unknown,352199321
/vessels/details/353250031,35325-31 92,Unknown,353250031
/vessels/details/354120009,35412-9 91,Unknown,354120009
/vessels/details/354120089,35412-89-39,Unknown,354120089
/vessels/details/354218535,LIN21853-5-82,Unknown,354218535
/vessels/details/356770022,35677-22-83,Unknown,356770022
/vessels/details/351100002,35110-02-32,Unknown,351100002
/vessels/details/372533218,XIANG25332-18-96,Unknown,372533218
/vessels/details/351021291,XYY21291-358.1V,Unknown,351021291
/vessels/details/355850001,35585-1-99,Unknown,355850001
/vessels/details/352199301,ZHELINYU21993-1-78,Unknown,352199301
/vessels/details/372188113,LIN21881-13-81,Unknown,372188113
/vessels/details/354120013,35412-13 8V2,Unknown,354120013
/vessels/details/357890012,35789-12 99,Unknown,357890012
/vessels/details/357532222,35753-2-63,Unknown,357532222
/vessels/details/352200014,DAHAI-14-96,Unknown,352200014
/vessels/details/351216001,LIN21600-1-92,Unknown,351216001
/vessels/details/351869015,3518-15,Unknown,351869015
/vessels/details/355530005,LIAOPANYU35553-5-99,Unknown,355530005
/vessels/details/372153917,LIN 21539-17-67,Unknown,372153917
/vessels/details/351950003,35195-3-77,Unknown,351950003
/vessels/details/353250020,35325-2045,Unknown,353250020
/vessels/details/355588812,555888-12-67,Unknown,355588812
/vessels/details/356850042,35685-42 8V2,Unknown,356850042
/vessels/details/372120011,LIN12001-1-99,Unknown,372120011
/vessels/details/351215517,ZHELINYU12155-17-64,Unknown,351215517
/vessels/details/356700092,JILEYU3567-92-97,Unknown,356700092
/vessels/details/352105711,LIN21057-11-90,Unknown,352105711
/vessels/details/353250085,35325-85,Unknown,353250085
/vessels/details/355810011,35581-11-93,Unknown,355810011
/vessels/details/351219916,ZHELINYU12199-16-15,Unknown,351219916
/vessels/details/357890016,35789-16-80,Unknown,357890016
/vessels/details/372155124,LIN 21551-24-99,Unknown,372155124
/vessels/details/357890034,35789-34-98,Unknown,357890034
/vessels/details/355850016,35585-16-88,Unknown,355850016
/vessels/details/353950019,35395-19,Unknown,353950019
/vessels/details/351150050,35115-50-72,Unknown,351150050
/vessels/details/356049313,04958-13-81,Unknown,356049313
/vessels/details/352215862,LIN21586-2-93,Unknown,352215862
/vessels/details/353330014,35333-14-86,Unknown,353330014
/vessels/details/352220052,35222-52-99,Unknown,352220052
/vessels/details/352184819,ZHELINYU21848-19-,Unknown,352184819
/vessels/details/371156917,3711-17-98,Unknown,371156917
/vessels/details/353120023,35312-23-92,Unknown,353120023
/vessels/details/351990023,35199-23,Unknown,351990023
/vessels/details/352215287,LIN 21528-7-99,Unknown,352215287
/vessels/details/355850030,35585-30-74,Unknown,355850030
/vessels/details/352850009,35285-9-99,Unknown,352850009
/vessels/details/352490036,35249-36-49,Unknown,352490036
/vessels/details/355547293,YANGBIN02-13,Unknown,355547293
/vessels/details/355869653,3558-53-52,Unknown,355869653
/vessels/details/355260033,35526-33-86,Unknown,355260033
/vessels/details/352188515,LIN21885-A15-69,Unknown,352188515
/vessels/details/370933702,SUGANYU09337-2-78,Unknown,370933702
/vessels/details/351200083,3512-83 67,Unknown,351200083
/vessels/details/355550052,35555-52-41,Unknown,355550052
/vessels/details/351899901,88008-23-91,Unknown,351899901
/vessels/details/356515235,56515-235-70,Unknown,356515235
/vessels/details/372127961,LIN12796-1-92,Unknown,372127961
/vessels/details/356820082,35682-82 97,Unknown,356820082
/vessels/details/353660003,35366-3-64,Unknown,353660003
/vessels/details/9682629,TASHA,Platform,9682629
/vessels/details/353218597,LIN21859-7-71,Unknown,353218597
/vessels/details/374712880,LG12880-377.9V,Unknown,374712880
/vessels/details/353535352,29810-2-95,Unknown,353535352
/vessels/details/355645614,7055 -14-80,Unknown,355645614
/vessels/details/353070008,35307-8-96,Unknown,353070008
/vessels/details/355199013,3551-13-66,Unknown,355199013
/vessels/details/353678962,35367-2 90,Unknown,353678962
/vessels/details/351215544,ZHELINYU12155-44-44,Unknown,351215544
/vessels/details/357870005,35787-5 74,Unknown,357870005
/vessels/details/353080094,35308-94,Unknown,353080094
/vessels/details/353970023,35397-23-99,Unknown,353970023
/vessels/details/356650004,35665-499,Unknown,356650004
/vessels/details/355280001,35528-1-81,Unknown,355280001
/vessels/details/351880002,35188-2-90,Unknown,351880002
/vessels/details/355690001,35569-1-94,Unknown,355690001
/vessels/details/356280036,35628-36-98,Unknown,356280036
/vessels/details/354120064,35412-64-10,Unknown,354120064
/vessels/details/355199012,3551-12-79,Unknown,355199012
/vessels/details/352490010,35249-10-99,Unknown,352490010
/vessels/details/351219836,ZHELINYU12198-36-45,Unknown,351219836
/vessels/details/356850030,35685-30 7V9,Unknown,356850030
/vessels/details/372126012,LIN21260-12-20,Unknown,372126012
/vessels/details/355260004,35526-4-98,Unknown,355260004
/vessels/details/356700004,3567-4 94,Unknown,356700004
/vessels/details/353000019,353-19-84,Unknown,353000019
/vessels/details/371156906,3711-6-58,Unknown,371156906
/vessels/details/356515238,56515-238-94,Unknown,356515238
/vessels/details/352220011,35222-11-84,Unknown,352220011
/vessels/details/356290017,35629-17 7V0,Unknown,356290017
/vessels/details/351550078,35155-78-69,Unknown,351550078
/vessels/details/353210098,LIN21009-8-52,Unknown,353210098
/vessels/details/351800006,3518-6-76,Unknown,351800006
/vessels/details/351550023,35155-23-80,Unknown,351550023
/vessels/details/353660021,35366-21-64,Unknown,353660021
/vessels/details/355850008,35585-8-89,Unknown,355850008
/vessels/details/352978128,SURFER 19011,Unknown,352978128
/vessels/details/370020566,XINGHAI588,Unknown,370020566
/vessels/details/352188710,LIN21887-10-49,Unknown,352188710
/vessels/details/354120024,35412-24 96,Unknown,354120024
/vessels/details/351208751,LIN12087-51-57,Unknown,351208751
/vessels/details/352191731,LIN21917-31-74,Unknown,352191731
/vessels/details/8770792,ZACATECAS,Platform,8770792
/vessels/details/373770030,377-30 99,Unknown,373770030
/vessels/details/351970019,35197-19-99,Unknown,351970019
/vessels/details/355810029,35581-29-93,Unknown,355810029
/vessels/details/351880003,35188-3-84,Unknown,351880003
/vessels/details/352850111,35285-11-95,Unknown,352850111
/vessels/details/371213517,LIN12135-17-92,Unknown,371213517
/vessels/details/355869672,3558-72-88,Unknown,355869672
/vessels/details/352333317,JIAO23333-17-99,Unknown,352333317
/vessels/details/351219914,ZHELINYU12199-14-98,Unknown,351219914
/vessels/details/354120021,35412-21 97,Unknown,354120021
/vessels/details/356700003,3567-379,Unknown,356700003
/vessels/details/356909091,3569-1-03,Unknown,356909091
/vessels/details/351190016,35119-16-48,Unknown,351190016
/vessels/details/370222006,YU 3702 -6 99,Unknown,370222006
/vessels/details/356820072,35682-72,Unknown,356820072
/vessels/details/357870028,35787-28-55,Unknown,357870028
/vessels/details/354270001,35427-1-90,Unknown,354270001
/vessels/details/355199009,3551-9-98,Unknown,355199009
/vessels/details/356123509,LIN21639-9-99,Unknown,356123509
/vessels/details/352199317,ZHELINYU21993-17-,Unknown,352199317
/vessels/details/372197115,LIN21971-15-76,Unknown,372197115
/vessels/details/372109013,LIN21090-13-58,Unknown,372109013
/vessels/details/370560399,6666666666666,Unknown,370560399
/vessels/details/357330009,35733-9-20,Unknown,357330009
/vessels/details/351219843,ZHELINYU12198-43-79,Unknown,351219843
/vessels/details/354213214,A21321-4-80,Unknown,354213214
/vessels/details/353250022,35325-2299,Unknown,353250022
/vessels/details/351215504,ZHELINYU12155-04-45,Unknown,351215504
/vessels/details/355106947,3551-47-90,Unknown,355106947
/vessels/details/353950008,35395-8-37,Unknown,353950008
/vessels/details/370997022,LIN 09970-22-52,Unknown,370997022
/vessels/details/352187634,LIN21876-34-87,Unknown,352187634
/vessels/details/370909937,XIA09099-37-41,Unknown,370909937
/vessels/details/357870021,35787-21 41,Unknown,357870021
/vessels/details/352191612,LIN21916-12-80,Unknown,352191612
/vessels/details/353070005,35307-5-26,Unknown,353070005
/vessels/details/355869646,3558-46-75,Unknown,355869646
/vessels/details/355850039,35585-3958,Unknown (HAZ-B),355850039
/vessels/details/371186913,3711-13-63,Unknown,371186913
/vessels/details/372175216,21752-16-49,Unknown,372175216
/vessels/details/353330005,35333-05 71,Unknown,353330005
/vessels/details/355810040,35581-40,Unknown,355810040
/vessels/details/356820090,35682-90 99,Unknown,356820090
/vessels/details/370299902,02999-2-85,Unknown,370299902
/vessels/details/355850010,35585-10-99,Unknown,355850010
/vessels/details/9689732,ORIENTAL DISCOVERY,Unknown,9689732
/vessels/details/356990008,35699-8-81,Unknown,356990008
/vessels/details/352570018,35257-18-90,Unknown,352570018
/vessels/details/374213585,LIN21538-5-47,Unknown,374213585
/vessels/details/356780030,35678-30-82,Unknown,356780030
/vessels/details/370266921,02669-21-70,Unknown,370266921
/vessels/details/355230908,ZHESHENGYU05355-8,Unknown,355230908
/vessels/details/356270061,35427-61-89,Unknown,356270061
/vessels/details/357220001,35722-1-83,Unknown,357220001
/vessels/details/351800004,3518-4-43,Unknown,351800004
/vessels/details/352200005,DAHAI-5-72,Unknown,352200005
/vessels/details/372800013,3728-13,Unknown,372800013
/vessels/details/356780037,35678-37 90,Unknown,356780037
/vessels/details/354120003,35412-3 45,Unknown,354120003
/vessels/details/355218776,12688-32-61,Unknown,355218776
/vessels/details/372190830,LIN21908-30-92,Unknown,372190830
/vessels/details/355904135,04135-3668-87,Unknown,355904135
/vessels/details/351328105,01328-105-76,Unknown,351328105
/vessels/details/355578925,3555-25-85,Unknown,355578925
/vessels/details/355588819,555888-19-45,Unknown,355588819
/vessels/details/352890006,35289-6 58,Unknown,352890006
/vessels/details/351990011,35199-11,Unknown,351990011
/vessels/details/352490032,35249-32-90,Unknown,352490032
/vessels/details/356660019,35666-19-99,Unknown,356660019
/vessels/details/356980011,35698-11-72,Unknown,356980011
/vessels/details/355550019,3555-19-94,Unknown,355550019
/vessels/details/356290001,35629-1 7V4,Unknown,356290001
/vessels/details/356780015,35678-15-85,Unknown,356780015
/vessels/details/354120048,35412-48-21,Unknown,354120048
/vessels/details/356280004,35628-4-55,Unknown,356280004
/vessels/details/356990016,35699-16-40,Unknown,356990016
/vessels/details/351215525,ZHELINYU12155-25-37,Unknown,351215525
/vessels/details/351218892,LIN21889-2-44,Unknown,351218892
/vessels/details/371288927,LIN12889-27-87,Unknown,371288927
/vessels/details/371156933,3711-33-92,Unknown,371156933
/vessels/details/355808388,ZHECANGYU08388-35,Unknown,355808388
/vessels/details/372185218,LIN21852-18-93,Unknown,372185218
/vessels/details/352890031,35289-31,Unknown,352890031
/vessels/details/373769902,YUEMAOYU46038-02-78,Unknown,373769902
/vessels/details/351219802,ZHELINYU12198-02-88,Unknown,351219802
/vessels/details/371310018,XIANG13100-18-81,Unknown,371310018
/vessels/details/351226003,GH51226003-80,Unknown,351226003
/vessels/details/356650012,35665-1296,Unknown,356650012
/vessels/details/352167810,A21678-10-48,Unknown,352167810
/vessels/details/354380033,35438-33-41,Unknown,354380033
/vessels/details/355600585,ZHIWEI02199-31,Unknown,355600585
/vessels/details/355260026,35526-26-80,Unknown,355260026
/vessels/details/353000025,353-25-99,Unknown,353000025
/vessels/details/356990003,35699-3-46,Unknown,356990003
/vessels/details/352149815,LIN21498-15-75,Unknown,352149815
/vessels/details/351200082,3512-82 83,Unknown,351200082
/vessels/details/374721579,LG 21579-378.1V,Unknown,374721579
/vessels/details/372008797,SAN 00879-7-43,Unknown,372008797
/vessels/details/353120002,35312-2-65,Unknown,353120002
/vessels/details/351620030,35162-30-99,Unknown,351620030
/vessels/details/372189017,LIN21890-17-03,Unknown,372189017
/vessels/details/352191919,LIN 21919-19-95,Unknown,352191919
/vessels/details/8771681,T16,Non Propelled Barge,8771681
/vessels/details/352166514,ZHELINYU21665-14-,Unknown,352166514
/vessels/details/355129536,LIN12953-6-74,Unknown,355129536
/vessels/details/352400002,3524-2-99,Unknown,352400002
/vessels/details/374219536,LIN21953-6-99,Unknown,374219536
/vessels/details/357890008,35789-8-72,Unknown,357890008
/vessels/details/356820076,35682-76 80,Unknown,356820076
/vessels/details/356850033,35685-33 7V7,Unknown,356850033
/vessels/details/351869012,3518-12-68,Unknown,351869012
/vessels/details/372200005,37220-5-99,Unknown,372200005
/vessels/details/355280009,35528-9-73,Unknown,355280009
/vessels/details/351200085,3512-85 65,Unknown,351200085
/vessels/details/370445911,04459-11,Unknown,370445911
/vessels/details/355665623,3556-23-75,Unknown,355665623
/vessels/details/352125815,LIN21258-15-76,Unknown,352125815
/vessels/details/371288211,LIN12882-11-35,Unknown,371288211
/vessels/details/354600006,35460-6-56,Unknown,354600006
/vessels/details/355810050,35581-50-84,Unknown,355810050
/vessels/details/354600005,LIAOSUIYU35460-5-99,Unknown,354600005
/vessels/details/372190517,LIN21905-17-95,Unknown,372190517
/vessels/details/356820014,35682-14,Unknown,356820014
/vessels/details/371210025,LIN21002-5-92,Unknown,371210025
/vessels/details/352199325,ZHELINYU21993-25-,Unknown,352199325
/vessels/details/371156931,3711-31-97,Unknown,371156931
/vessels/details/353330003,353330003 9V,Unknown,353330003
/vessels/details/354159205,SUHAYU03258-10059,Unknown,354159205
/vessels/details/354000048,35400-48-66,Unknown,354000048
/vessels/details/355588811,555888-11-70,Unknown,355588811
/vessels/details/351215509,ZHELINYU12155-09-54,Unknown,351215509
/vessels/details/356820028,35682-28,Unknown,356820028
/vessels/details/356980054,35698-54-87,Unknown,356980054
/vessels/details/357890020,35789-20-83,Unknown,357890020
/vessels/details/351200069,3512-69 93,Unknown,351200069
/vessels/details/355101997,3551-21-66,Unknown,355101997
/vessels/details/356650036,35665-36-80,Unknown,356650036
/vessels/details/372157724,LIN 21577-24-81,Unknown,372157724
/vessels/details/371156907,3711-7-68,Unknown,371156907
/vessels/details/354715000,HYWT303,Unknown,354715000
/vessels/details/371218961,LIN 21896-1-99,Unknown,371218961
/vessels/details/354000017,35400-17 90,Unknown,354000017
/vessels/details/356212803,LIN 21280-3-79,Unknown,356212803
/vessels/details/352158825,LIN21588-25-72,Unknown,352158825
/vessels/details/355869671,3558-71-88,Unknown,355869671
/vessels/details/370535316,SHENG05353-16-81,Unknown,370535316
/vessels/details/356770047,35677-47-12,Unknown,356770047
/vessels/details/354120006,35412-6 86,Unknown,354120006
/vessels/details/354223887,MINPUYU15988-6-65,Unknown,354223887
/vessels/details/354380024,35438-24-58,Unknown,354380024
/vessels/details/354600018,35460-18-62,Unknown,354600018
/vessels/details/355869614,3558-14-62,Unknown,355869614
/vessels/details/354678912,06685-4-43,Unknown,354678912
/vessels/details/356515227,56515-227-91,Unknown,356515227
/vessels/details/373521831,LKJ21831-377.2V,Unknown,373521831
/vessels/details/352166506,ZHELINYU21665-6-54,Unknown,352166506
/vessels/details/352222215,SAN22222-15-10,Unknown,352222215
/vessels/details/353250025,35325-25,Unknown,353250025
/vessels/details/370994468,02249-8888-77,Unknown,370994468
/vessels/details/355260032,35526-32-88,Unknown,355260032
/vessels/details/352139806,LIN21398-6-54,Unknown,352139806
/vessels/details/353990029,35999-29-90,Unknown,353990029
/vessels/details/354120070,35412-70-98,Unknown,354120070
/vessels/details/356990001,35699-1-61,Unknown,356990001
/vessels/details/353160009,35316-9 74,Unknown,353160009
/vessels/details/352570013,35257-13-92,Unknown,352570013
/vessels/details/372124411,LIN 21244-11-99,Unknown,372124411
/vessels/details/356636222,3566-22-97,Unknown,356636222
/vessels/details/370033103,BIOA 00331-3-99,Unknown,370033103
/vessels/details/352200018,DAHAI-18-81,Unknown,352200018
/vessels/details/356650028,35665-2884,Unknown,356650028
/vessels/details/357870012,35787-12 81,Unknown,357870012
/vessels/details/371208761,LIN12087-61-48,Unknown,371208761
/vessels/details/351215505,ZHELINYU12155-05-57,Unknown,351215505
/vessels/details/371202232,FUINGYU06797-20-88,Unknown,371202232
/vessels/details/351190009,35119-9-92,Unknown,351190009
/vessels/details/355199015,3551-15-37,Unknown,355199015
/vessels/details/357212627,LIN21262-7-99,Unknown,357212627
/vessels/details/355869665,3558-65-95,Unknown,355869665
/vessels/details/351220003,LHY 35122-3,Unknown,351220003
/vessels/details/351721868,ZHE21868-A357.8V,Unknown,351721868
/vessels/details/356219196,LIN21919-6-65,Unknown,356219196
/vessels/details/351880005,LIAODONGWANYU55666-1,Unknown,351880005
/vessels/details/371297910,LIN12979-10-32,Unknown,371297910
/vessels/details/351990024,35199-24,Unknown,351990024
/vessels/details/352192325,LIN21923-25-62,Unknown,352192325
/vessels/details/352193912,LIN21939-12-48,Unknown,352193912
/vessels/details/351216781,A21678-1-99,Unknown,351216781
/vessels/details/355280033,35528-33-81,Unknown,355280033
/vessels/details/353219514,32195-14-79,Unknown,353219514
/vessels/details/355980002,LIAOSUIYU35598-2-36,Unknown,355980002
/vessels/details/356122372,LIN12237-2-02,Unknown,356122372
/vessels/details/372149811,LIN 21498-11-99,Unknown,372149811
/vessels/details/352219662,A21966-2-79,Unknown,352219662
/vessels/details/370033110,BIOA 00331-10-98,Unknown,370033110
/vessels/details/355869674,3558-74-91,Unknown,355869674
/vessels/details/353000013,353-1360,Unknown,353000013
/vessels/details/354560666,455-31 8V0,Unknown,354560666
/vessels/details/355608028,3556-28-81,Unknown,355608028
/vessels/details/354250146,35425-46 93,Unknown,354250146
/vessels/details/353000126,353-126 0,Unknown,353000126
/vessels/details/351226004,GH51226004-49,Unknown,351226004
/vessels/details/355199005,3551-5-60,Unknown,355199005
/vessels/details/353219533,A21953-3-99,Unknown,353219533
/vessels/details/357220004,35722-4-76,Unknown,357220004
/vessels/details/354100001,35410-1-60,Unknown,354100001
/vessels/details/355869677,3558-77-92,Unknown,355869677
/vessels/details/356290027,35629-27-45,Unknown,356290027
/vessels/details/372198928,LIN 21989-28-74,Unknown,372198928
/vessels/details/356636209,3566-9-53,Unknown,356636209
/vessels/details/372159624,ZHELINYU21596-24-93,Unknown,372159624
/vessels/details/357777002,7777-2-91,Unknown,357777002
/vessels/details/351070011,35107-11-96,Unknown,351070011
/vessels/details/352004275,DODI STAR VI,Unknown,352004275
/vessels/details/352220029,35222-29 70,Unknown,352220029
/vessels/details/352220054,35222-54-93,Unknown,352220054
/vessels/details/356280010,35628-10-89,Unknown,356280010
/vessels/details/354212801,LIN 21280-1-91,Unknown,354212801
/vessels/details/352005383,SURFER 18007,Unknown,352005383
/vessels/details/352171855,ZHELINYU21718-55-99,Unknown,352171855
/vessels/details/356850037,35685-37 7V3,Unknown,356850037
/vessels/details/356515236,56515-236-97,Unknown,356515236
/vessels/details/356290009,35629-9 7V3,Unknown,356290009
/vessels/details/352220028,35222-28-73,Unknown,352220028
/vessels/details/355810045,35581-45-84,Unknown,355810045
/vessels/details/372188727,LIN21887-27-62,Unknown,372188727
/vessels/details/353460002,35346-2-71,Unknown,353460002
/vessels/details/354120065,35412-65-88,Unknown,354120065
/vessels/details/352890042,35289-42 69,Unknown,352890042
/vessels/details/370895804,BIAO 08958-4-78,Unknown,370895804
/vessels/details/351880015,35188-15,Unknown,351880015
/vessels/details/356890005,35689-5-36,Unknown,356890005
/vessels/details/356280035,35628-35-96,Unknown,356280035
/vessels/details/355848400,ELISABET,Unknown,355848400
/vessels/details/372883927,28839-27-75,Unknown,372883927
/vessels/details/357100004,3571-4-99,Unknown,357100004
/vessels/details/357212588,LIN21258-8-93,Unknown,357212588
/vessels/details/356890023,35689-23-62,Unknown,356890023
/vessels/details/352180326,LIN21803-26-80,Unknown,352180326
/vessels/details/372175212,21752-12-78,Unknown,372175212
/vessels/details/357870029,35787-29-73,Unknown,357870029
/vessels/details/353070115,35307-15 0,Unknown,353070115
/vessels/details/9795373,PANDAN 4504,Unknown,9795373
/vessels/details/353100011,35310-11-99,Unknown,353100011
/vessels/details/353250061,35325-6144,Unknown,353250061
/vessels/details/353150015,35315-15-88,Unknown,353150015
/vessels/details/352184837,ZHELINYU21848-37-,Unknown,352184837
/vessels/details/372199202,LIN21992-2-59,Unknown,372199202
/vessels/details/354212585,LIN21258-5-75,Unknown,354212585
/vessels/details/355260015,35526-15-99,Unknown,355260015
/vessels/details/357890024,35789-24-76,Unknown,357890024
/vessels/details/351233953,LIN12339-53-73,Unknown,351233953
/vessels/details/355550034,35555-34-87,Unknown,355550034
/vessels/details/353000037,353-37-72,Unknown,353000037
/vessels/details/351228725,LIN12287-25-72,Unknown,351228725
/vessels/details/352199330,ZHELINYU21993-30-,Unknown,352199330
/vessels/details/357870020,35787-20 18,Unknown,357870020
/vessels/details/352171851,ZHELINYU21718-51-32,Unknown,352171851
/vessels/details/355588801,555888-1-55,Unknown,355588801
/vessels/details/371215226,LIN21522-6-64,Unknown,371215226
/vessels/details/351880037,35188-37-75,Unknown,351880037
/vessels/details/355588806,555888-6-56,Unknown,355588806
/vessels/details/355869630,3558-30-74,Unknown,355869630
/vessels/details/353216653,A21665-3-99,Unknown,353216653
/vessels/details/351150055,35115-55-70,Unknown,351150055
/vessels/details/351215546,ZHELINYU12155-46-58,Unknown,351215546
/vessels/details/374888884,SAN88888-4-65,Unknown,374888884
/vessels/details/354218914,LIN21891-4-22,Unknown,354218914
/vessels/details/356698735,3566-35-72,Unknown,356698735
/vessels/details/370210022,LIN21002-2-92,Unknown,370210022
/vessels/details/351880001,35188-1-95,Unknown,351880001
/vessels/details/352490016,35249-16-99,Unknown,352490016
/vessels/details/352018999,ZHE01899-9-69,Unknown,352018999
/vessels/details/357999561,SAN99956-1-99,Unknown,357999561
/vessels/details/357890026,35789-26-94,Unknown,357890026
/vessels/details/353218873,LIN21887-3-72,Unknown,353218873
/vessels/details/371207712,LIN 12077-12-92,Unknown,371207712
/vessels/details/370445919,04459-19,Unknown,370445919
/vessels/details/351208110,42082-10-62,Unknown,351208110
/vessels/details/352212882,LIN21288-2-92,Unknown,352212882
/vessels/details/357709845,JIAO77098-45-53,Unknown,357709845
/vessels/details/357220006,LIAOSUIHU35722-6-99,Unknown,357220006
/vessels/details/352850115,35285-15-76,Unknown,352850115
/vessels/details/351300000,DORITA,Unknown,351300000
/vessels/details/352218973,LIN21897-3-61,Unknown,352218973
/vessels/details/356700093,JILEYU3567-93-99,Unknown,356700093
/vessels/details/355588805,555888-5-58,Unknown,355588805
/vessels/details/352184802,ZHELINYU21848-2-17,Unknown,352184802
/vessels/details/356213932,LIN21393-20-61,Unknown,356213932
/vessels/details/355588817,555888-17-39,Unknown,355588817
/vessels/details/353390003,LIAOSUIYU35339-3-52,Unknown,353390003
/vessels/details/356636217,3566-17-96,Unknown,356636217
/vessels/details/352002502,SUNLINE,Unknown,352002502
/vessels/details/356660015,35666-15-66,Unknown,356660015
/vessels/details/351660045,35166-45 90,Unknown,351660045
/vessels/details/353170000,KIN 134,Unknown,353170000
/vessels/details/356890024,35689-24-66,Unknown,356890024
/vessels/details/371210112,BIAO 12101-12-92,Unknown,371210112
/vessels/details/353250084,35325-84,Unknown,353250084
/vessels/details/353215976,LINN 21597-6-84,Unknown,353215976
/vessels/details/351215548,ZHELINYU12155-48-53,Unknown,351215548
/vessels/details/371237716,LIN12377-16-27,Unknown,371237716
/vessels/details/351990008,35199-8 7V3,Unknown,351990008
/vessels/details/351298025,LIN12980-25-73,Unknown,351298025
/vessels/details/355216185,LIN21618-5-12,Unknown,355216185
/vessels/details/355869661,3558-61-99,Unknown,355869661
/vessels/details/357180008,LIAOSUIYU35718-8-99,Unknown,357180008
/vessels/details/353970026,35397-26-90,Unknown,353970026
/vessels/details/354386666,35438-6 60,Unknown,354386666
/vessels/details/355980010,35598-10-79,Unknown,355980010
/vessels/details/352005569,SURFER 2004,Unknown,352005569
/vessels/details/352155509,BIAO 00555-9-99,Unknown,352155509
/vessels/details/355665601,3556-1-05,Unknown,355665601
/vessels/details/356280019,35628-19-83,Unknown,356280019
/vessels/details/351282015,LIN12820-15-41,Unknown,351282015
/vessels/details/370033116,BIOA 00331-16-99,Unknown,370033116
/vessels/details/356780002,35678-2-90,Unknown,356780002
/vessels/details/356290010,35629-10 5V5,Unknown,356290010
/vessels/details/353251111,35325-1,Unknown,353251111
/vessels/details/356280033,35628-33-99,Unknown,356280033
/vessels/details/352890028,35289-28,Unknown,352890028
/vessels/details/353390002,LIAOSUIYU35339-2-52,Unknown,353390002
/vessels/details/352191915,LIN21919-15-20,Unknown,352191915
/vessels/details/356680027,35668-27 6V9,Unknown,356680027
/vessels/details/352166513,ZHELINYU21665-13-,Unknown,352166513
/vessels/details/351018996,ZHE01899-6-53,Unknown,351018996
/vessels/details/352797777,35279-7 90,Unknown,352797777
/vessels/details/353000120,353-120 79,Unknown,353000120
/vessels/details/353250005,35325-5,Unknown,353250005
/vessels/details/353110021,35311-21-03,Unknown,353110021
/vessels/details/353611108,35367-8-37,Unknown,353611108
/vessels/details/372195310,LIN21953-10-99,Unknown,372195310
/vessels/details/353535009,85,Unknown,353535009
/vessels/details/353218877,LIN 21887-7-98,Unknown,353218877
/vessels/details/353212584,LIN21258-4-99,Unknown,353212584
/vessels/details/356055866,SHENG05586-6-70,Unknown,356055866
/vessels/details/356650027,35665-2787,Unknown,356650027
/vessels/details/357890005,35789-5-86,Unknown,357890005
/vessels/details/357220011,35722-11-99,Unknown,357220011
/vessels/details/352188821,LIN21888-21-87,Unknown,352188821
/vessels/details/8770508,SNEFERU,Platform,8770508
/vessels/details/353157777,000-0,Unknown,353157777
/vessels/details/351219904,ZHELINYU12199-04-92,Unknown,351219904
/vessels/details/353100015,35310-15-99,Unknown,353100015
/vessels/details/353020005,35302-5-86,Unknown,353020005
/vessels/details/351215502,ZHELINYU12155-02-50,Unknown,351215502
/vessels/details/353330007,35333-7-31,Unknown,353330007
/vessels/details/356770027,35677-27-15,Unknown,356770027
/vessels/details/372837288,D5H,Unknown (HAZ-C),372837288
/vessels/details/356650019,35665-19-95,Unknown,356650019
/vessels/details/353611107,35367-7-99,Unknown,353611107
/vessels/details/356609193,56789- 06-69,Unknown,356609193
/vessels/details/353080046,35308-46-75,Unknown,353080046
/vessels/details/355165906,3551-6-67,Unknown,355165906
/vessels/details/372158807,LIN 21588-7-66,Unknown,372158807
/vessels/details/352576666,35257-6-78,Unknown,352576666
/vessels/details/352490031,35249-31-70,Unknown,352490031
/vessels/details/352219532,A21953-2-99,Unknown,352219532
/vessels/details/373769905,YUEMAOYU46038-05-67,Unknown,373769905
/vessels/details/352166521,ZHELINYU21665-21-,Unknown,352166521
/vessels/details/356222226,JIAO22222-6-69,Unknown,356222226
/vessels/details/354600003,35460-3-32,Unknown,354600003
/vessels/details/355665620,3556-20-77,Unknown,355665620
/vessels/details/354230007,35423-7 8V1,Unknown,354230007
/vessels/details/355600108,3556-108-80,Unknown,355600108
/vessels/details/353990037,35999-37-67,Unknown,353990037
/vessels/details/356890011,35689-11 30,Unknown,356890011
/vessels/details/371215611,LIN21561-1-78,Unknown,371215611
/vessels/details/352129215,LIN21292-15-43,Unknown,352129215
/vessels/details/352220033,35222-33 30,Unknown,352220033
/vessels/details/355220907,ZHESHENGYU05355-7,Unknown,355220907
/vessels/details/357216228,LIN21622-8-86,Unknown,357216228
/vessels/details/356636205,3566-5-64,Unknown,356636205
/vessels/details/353970025,35397-25-91,Unknown,353970025
/vessels/details/351150051,35115-51-90,Unknown,351150051
/vessels/details/354678921,06685-5-02,Unknown,354678921
/vessels/details/351219911,ZHELINYU12199-11-77,Unknown,351219911
/vessels/details/372578000,CML DIAMOND,Unknown,372578000
/vessels/details/373213584,LIN21538-4,Unknown,373213584
/vessels/details/355260036,35526-36-61,Unknown,355260036
/vessels/details/356701659,3567-67-97,Unknown,356701659
/vessels/details/352159615,ZHELINYU21596-15-89,Unknown,352159615
/vessels/details/357220026,35722-26-93,Unknown,357220026
/vessels/details/354230010,35423-10-80,Unknown,354230010
/vessels/details/356680011,35668-11,Unknown,356680011
/vessels/details/351360020,35136-20 30,Unknown,351360020
/vessels/details/357180001,LIAOSUIYU35718-1-99,Unknown,357180001
/vessels/details/355869655,3558-55-52,Unknown,355869655
/vessels/details/351958461,3519HAIZHEWANG-SHAN,Unknown,351958461
/vessels/details/351215503,ZHELINYU12155-03-45,Unknown,351215503
/vessels/details/352184811,ZHELINYU21848-11-,Unknown,352184811
/vessels/details/356343715,04268-890,Unknown,356343715
/vessels/details/352850014,LIAOSUIYU35285-1478,Unknown,352850014
/vessels/details/351650001,LIAOYINGYU35165-1,Unknown,351650001
/vessels/details/352184835,ZHELINYU21848-35-,Unknown,352184835
/vessels/details/352191908,ZHE LIN YU 21919-8,Unknown,352191908
/vessels/details/353110015,35311-15-99,Unknown,353110015
/vessels/details/351233333,LIZONG-3 20,Unknown,351233333
/vessels/details/353080009,35308-9-72,Unknown,353080009
/vessels/details/354215805,LIN21580-5-54,Unknown,354215805
/vessels/details/356850056,35685-56 7V6,Unknown,356850056
/vessels/details/372200009,37220-9-99,Unknown,372200009
/vessels/details/355260052,35526-52-82,Unknown,355260052
/vessels/details/351219813,ZHELINYU12198-13-93,Unknown,351219813
/vessels/details/357870002,35787-2 0,Unknown,357870002
/vessels/details/355260038,35526-38-97,Unknown,355260038
/vessels/details/352121381,LIN21381-39,Unknown,352121381
/vessels/details/371156904,3711-4-92,Unknown,371156904
/vessels/details/372181716,LIN21817-16-66,Unknown,372181716
/vessels/details/372188823,LIN21888-23-93,Unknown,372188823
/vessels/details/351219191,LIN21919-1-93,Unknown,351219191
/vessels/details/354120052,35412-52-88,Unknown,354120052
/vessels/details/353460015,35346-15-61,Unknown,353460015
/vessels/details/355198707,3551-12-69,Unknown,355198707
/vessels/details/354380023,35438-23-49,Unknown,354380023
/vessels/details/371208117,LIN12081-17-85,Unknown,371208117
/vessels/details/352009815,JIAO20098-15,Unknown,352009815
/vessels/details/351901954,PANGXIEWANG-1-46,Unknown,351901954
/vessels/details/371156901,3711-1-65,Unknown,371156901
/vessels/details/352890041,35289-41 96,Unknown,352890041
/vessels/details/374910850,18 MINH TRI,Unknown,374910850
/vessels/details/353070001,35307-1-71,Unknown,353070001
/vessels/details/355869657,3558-57-84,Unknown,355869657
/vessels/details/353218974,LIN21897-4-69,Unknown,353218974
/vessels/details/353000012,353-1291,Unknown,353000012
/vessels/details/355810042,35581-42-51,Unknown,355810042
/vessels/details/372115122,LIN21151-22-99,Unknown,372115122
/vessels/details/352128203,LIN12820-3-69,Unknown,352128203
/vessels/details/357890006,35789-6-92,Unknown,357890006
/vessels/details/356698730,3566-30,Unknown,356698730
/vessels/details/354230018,35423-18 7V7,Unknown,354230018
/vessels/details/355556705,LURONGYU55567-5-93,Unknown,355556705
/vessels/details/356820086,35682-86 97,Unknown,356820086
/vessels/details/357870026,35787-26,Unknown,357870026
/vessels/details/353950013,35395-1350,Unknown,353950013
/vessels/details/356770053,35677-53-43,Unknown,356770053
/vessels/details/356280024,35628-24-92,Unknown,356280024
/vessels/details/372188617,LIN 21886-17-68,Unknown,372188617
/vessels/details/352570019,35257-1972,Unknown,352570019
/vessels/details/356280013,35628-13-79,Unknown,356280013
/vessels/details/356990009,35699-9-72,Unknown,356990009
/vessels/details/355280002,35528-2-76,Unknown,355280002
/vessels/details/370009255,ZSY09255-3780,Unknown,370009255
/vessels/details/351860011,351860011,Unknown,351860011
/vessels/details/351219920,ZHELINYU12199-20-99,Unknown,351219920
/vessels/details/351200079,3512-79 79,Unknown,351200079
/vessels/details/356280014,35628-14-79,Unknown,356280014
/vessels/details/352172116,LIN21721-16-88,Unknown,352172116
/vessels/details/371217682,LIN21768-2-41,Unknown,371217682
/vessels/details/351550005,35155-5,Unknown,351550005
/vessels/details/357330012,35733-12-01,Unknown,357330012
/vessels/details/356701657,3567-65-94,Unknown,356701657
/vessels/details/354270007,35427-7-72,Unknown,354270007
/vessels/details/357870035,35787-35 50,Unknown,357870035
/vessels/details/353382222,35338-2,Unknown,353382222
/vessels/details/352480011,LHY 35248-11,Unknown,352480011
/vessels/details/356850016,35685-16-99,Unknown,356850016
/vessels/details/354100008,35410-08-48,Unknown,354100008
/vessels/details/357531111,35753-1-70,Unknown,357531111
/vessels/details/351090035,35107-35-71,Unknown,351090035
/vessels/details/351710027,35171-27-84,Unknown,351710027
/vessels/details/356890028,35689-28-23,Unknown,356890028
/vessels/details/8762599,ADMARINE II,Platform,8762599
/vessels/details/352156013,LIN21560-13-32,Unknown,352156013
/vessels/details/354218874,LIN21887-4-42,Unknown,354218874
/vessels/details/354210043,35421-43-45,Unknown,354210043
/vessels/details/356290015,35629-15 7V0,Unknown,356290015
/vessels/details/354216784,A21678-4-99,Unknown,354216784
/vessels/details/356634914,3566-14-20,Unknown,356634914
/vessels/details/372199217,LIN21992-17-39,Unknown,372199217
/vessels/details/356850003,35685-3-93,Unknown,356850003
/vessels/details/351880004,35188-4-99,Unknown,351880004
/vessels/details/351213013,LIZONG-13 78,Unknown,351213013
/vessels/details/352184840,ZHELINYU21848-40-,Unknown,352184840
/vessels/details/357055867,SHENG05586-7-82,Unknown,357055867
/vessels/details/356181686,LIN18168-6-99,Unknown,356181686
/vessels/details/352129815,LIN21298-15-07,Unknown,352129815
/vessels/details/353256666,35325-6,Unknown,353256666
/vessels/details/371237727,LIN12377-27-82,Unknown,371237727
/vessels/details/352125915,LIN21259-15-82,Unknown,352125915
/vessels/details/355588807,555888-7-28,Unknown,355588807
/vessels/details/353620002,35362-2 50,Unknown,353620002
/vessels/details/355101137,3551-53-84,Unknown,355101137
/vessels/details/353216783,A21678-3-99,Unknown,353216783
/vessels/details/353250081,35325-81,Unknown,353250081
/vessels/details/352125515,LIN21255-15-58,Unknown,352125515
/vessels/details/353000024,353-24-85,Unknown,353000024
/vessels/details/351500034,35150-34-69,Unknown,351500034
/vessels/details/353250012,35325-1247,Unknown,353250012
/vessels/details/352200003,DAHAI-3-29,Unknown,352200003
/vessels/details/352171854,ZHELINYU21718-54-99,Unknown,352171854
/vessels/details/356890012,35689-12,Unknown,356890012
/vessels/details/352200031,DAHAI-31-82,Unknown,352200031
/vessels/details/352850003,35285-3-82,Unknown,352850003
/vessels/details/370994465,02249-5555-57,Unknown,370994465
/vessels/details/356900202,3569-2-80,Unknown,356900202
/vessels/details/357870038,35787-38-99,Unknown,357870038
/vessels/details/8770871,EL QAHER II,Platform,8770871
/vessels/details/351518517,15185-17,Unknown,351518517
/vessels/details/357550001,35755-1-71,Unknown,357550001
/vessels/details/351123557,LIN12355-7-04,Unknown,351123557
/vessels/details/353330013,353330013 9V,Unknown,353330013
/vessels/details/353120017,35312-17-87,Unknown,353120017
/vessels/details/356990002,35699-2-58,Unknown,356990002
/vessels/details/357777003,7777-3-30,Unknown,357777003
/vessels/details/357220031,LIAOSUIHU35722-3196,Unknown,357220031
/vessels/details/354230013,35423-13 90,Unknown,354230013
/vessels/details/352153912,LIN 21539-12-45,Unknown,352153912
/vessels/details/352166512,ZHELINYU21665-12-,Unknown,352166512
/vessels/details/355808298,ZHECANGYU08298-35,Unknown,355808298
/vessels/details/352166616,LIN21666-16-59,Unknown,352166616
/vessels/details/373388980,33889-80-91,Unknown,373388980
/vessels/details/353080049,35308-49-99,Unknown,353080049
/vessels/details/353990033,35999-33-87,Unknown,353990033
/vessels/details/351290802,BIAO 02908-2-72,Unknown,351290802
/vessels/details/355810009,35581-9-51,Unknown,355810009
/vessels/details/372199912,LIN21999-12-92,Unknown,372199912
/vessels/details/351219806,ZHELINYU12198-06-98,Unknown,351219806
/vessels/details/352850005,LIAOSUIYU35285-5-99,Unknown,352850005
/vessels/details/356218886,LIN21888-6-21,Unknown,356218886
/vessels/details/355665566,35566-94,Unknown,355665566
/vessels/details/357890032,35789-32-96,Unknown,357890032
/vessels/details/352190515,LIN21905-15-99,Unknown,352190515
/vessels/details/356890020,35689-20-50,Unknown,356890020
/vessels/details/355200018,35526-18-82,Unknown,355200018
/vessels/details/355869640,3558-40-74,Unknown,355869640
/vessels/details/351000101,351-11,Unknown,351000101
/vessels/details/371156914,3711-14-75,Unknown,371156914
/vessels/details/356820084,35682-84 98,Unknown,356820084
/vessels/details/357220016,LIAOSUI35722-16-96,Unknown,357220016
/vessels/details/371215721,LIN21572-1-96,Unknown,371215721
/vessels/details/371218225,LIN12182-25-40,Unknown,371218225
/vessels/details/355743000,SURFER 1864,Unknown,355743000
/vessels/details/355218765,A21876-5-99,Unknown,355218765
/vessels/details/356780050,35410-3-84,Unknown,356780050
/vessels/details/352157722,LIN 21577-22-78,Unknown,352157722
/vessels/details/353950044,35395-44-78,Unknown,353950044
/vessels/details/354218895,LIN21889-5-59,Unknown,354218895
/vessels/details/351970003,35197-3-00000000,Unknown,351970003
/vessels/details/353970013,35397-13-59,Unknown,353970013
/vessels/details/355550020,35555-20-73,Unknown,355550020
/vessels/details/356230106,BUOY06-99,Unknown,356230106
/vessels/details/352212014,LIN 21201-4-99,Unknown,352212014
/vessels/details/372210028,LIN21002-8-96,Unknown,372210028
/vessels/details/353950039,35395-39-47,Unknown,353950039
/vessels/details/351880032,35188-32-97,Unknown,351880032
/vessels/details/372175213,21752-13-80,Unknown,372175213
/vessels/details/356990021,35699-21-64,Unknown,356990021
/vessels/details/353330012,35333-12 88,Unknown,353330012
/vessels/details/351219906,ZHELINYU12199-06-90,Unknown,351219906
/vessels/details/355280025,35528-25-92,Unknown,355280025
/vessels/details/352200015,DAHAI-15-82,Unknown,352200015
/vessels/details/355526401,3555-1-78,Unknown,355526401
/vessels/details/351219825,ZHELINYU12198-25-45,Unknown,351219825
/vessels/details/356820077,35682-77 57,Unknown,356820077
/vessels/details/351216776,LIN 21677-6-51,Unknown,351216776
/vessels/details/356515237,56515-237-84,Unknown,356515237
/vessels/details/351289915,12899-15-72,Unknown,351289915
/vessels/details/356280002,35628-2-58,Unknown,356280002
/vessels/details/353110010,35311-10-99,Unknown,353110010
/vessels/details/353070014,35307-14 80,Unknown,353070014
/vessels/details/354219000,SURFER 1868,Unknown (HAZ-B),354219000
/vessels/details/352187610,A21876-10-99,Unknown,352187610
/vessels/details/353120003,35312-3,Unknown,353120003
/vessels/details/354270062,35427-62-92,Unknown,354270062
/vessels/details/357870027,35787-2782,Unknown,357870027
/vessels/details/355280017,35528-17-70,Unknown,355280017
/vessels/details/353970010,35397-10-54,Unknown,353970010
/vessels/details/351800001,3518-1,Unknown,351800001
/vessels/details/351050025,6988-19 8V0,Unknown,351050025
/vessels/details/356280032,35628-32-89,Unknown,356280032
/vessels/details/352200036,DAHAI-36-23,Unknown,352200036
/vessels/details/357330016,35733-16-43,Unknown,357330016
/vessels/details/351200056,3512-56 77,Unknown,351200056
/vessels/details/354250006,35425-6,Unknown,354250006
/vessels/details/372195317,LIN21953-17-99,Unknown,372195317
/vessels/details/354120119,35412-119-90,Unknown,354120119
/vessels/details/351216181,LIN21618-1-99,Unknown,351216181
/vessels/details/356700091,JILEYU3567-91-99,Unknown,356700091
/vessels/details/353000030,353-30-93,Unknown,353000030
/vessels/details/354120069,35412-69-38,Unknown,354120069
/vessels/details/371210114,BIAO 12101-14-99,Unknown,371210114
/vessels/details/356700090,JILEYU3567-90-79,Unknown,356700090
/vessels/details/352192915,LIN21929-15-78,Unknown,352192915
/vessels/details/371206827,LIN12068-27-97,Unknown,371206827
/vessels/details/351620019,35162-19-78,Unknown,351620019
/vessels/details/352220015,35222-15-33,Unknown,352220015
/vessels/details/354230040,35423-40 90,Unknown,354230040
/vessels/details/373128993,12899-3-64,Unknown,373128993
/vessels/details/356280017,35628-17-86,Unknown,356280017
/vessels/details/355869670,3558-70-84,Unknown,355869670
/vessels/details/352220012,35222-1281,Unknown,352220012
/vessels/details/8757738,PETROBRAS 40,Platform,8757738
/vessels/details/352199315,ZHELINYU21993-15-,Unknown,352199315
/vessels/details/370910903,11808-03-67,Unknown,370910903
/vessels/details/351070006,35107-6-99,Unknown,351070006
/vessels/details/353330002,35333-2-99,Unknown,353330002
/vessels/details/351215534,ZHELINYU12155-34-35,Unknown,351215534
/vessels/details/352199309,ZHELINYU21993-9-53,Unknown,352199309
/vessels/details/355330038,35533-38,Unknown,355330038
/vessels/details/352162824,LIN21628-24-29,Unknown,352162824
/vessels/details/352220004,35222-4-02,Unknown,352220004
/vessels/details/354380031,35438-31-75,Unknown,354380031
/vessels/details/356212449,LIN 21244-9-99,Unknown,356212449
/vessels/details/370999567,SAN99956-7-89,Unknown,370999567
/vessels/details/355869604,3558-4-47,Unknown,355869604
/vessels/details/353080041,35308-41-99,Unknown,353080041
/vessels/details/354600008,LIAOSUIYU35460-8-57,Unknown,354600008
/vessels/details/372158708,LIN 21587-8-43,Unknown,372158708
/vessels/details/355950001,35595-1-24,Unknown,355950001
/vessels/details/356780021,35678-21-67,Unknown,356780021
/vessels/details/356660001,35666-1 91,Unknown,356660001
/vessels/details/372100210,LIN21002-10-96,Unknown,372100210
/vessels/details/352184812,ZHELINYU21848-12-,Unknown,352184812
/vessels/details/352191316,LIN 21913-16-47,Unknown,352191316
/vessels/details/352188920,LIN21889-20-56,Unknown,352188920
/vessels/details/353535354,29810-4-37,Unknown,353535354
/vessels/details/356005997,SAN 00599-7-03,Unknown,356005997
/vessels/details/356990013,35699-13-49,Unknown,356990013
/vessels/details/356219516,LIN21951-6-87,Unknown,356219516
/vessels/details/372166512,A21665-12-99,Unknown,372166512
/vessels/details/351255555,LIZONG-5 88,Unknown,351255555
/vessels/details/356780022,35678-22-99,Unknown,356780022
/vessels/details/354218115,LIN21811-5-67,Unknown,354218115
/vessels/details/356660023,35666-23-79,Unknown,356660023
/vessels/details/351800002,3518-2-84,Unknown,351800002
/vessels/details/351150053,35115-53-99,Unknown,351150053
/vessels/details/353970017,35397-17-68,Unknown,353970017
/vessels/details/351070007,35107-7-99,Unknown,351070007
/vessels/details/372152127,LIN21521-027-96,Unknown,372152127
/vessels/details/353219663,A21966-3-99,Unknown,353219663
/vessels/details/353120007,35312-7-74,Unknown,353120007
/vessels/details/356636225,3566-25-73,Unknown,356636225
/vessels/details/351290811,BIAO 02908-11-01,Unknown,351290811
/vessels/details/352006005,CHIAZI 2,Unknown,352006005
/vessels/details/374200302,01 15E,Unknown,374200302
/vessels/details/352189215,ZDY02788-9-84,Unknown,352189215
/vessels/details/357600992,3576-2,Unknown,357600992
/vessels/details/354270060,35427-60-94,Unknown,354270060
/vessels/details/373215613,LIN21561-3-22,Unknown,373215613
/vessels/details/372191911,LIN 21919-11-97,Unknown,372191911
/vessels/details/354159208,SUHAYU03258-13084,Unknown,354159208
/vessels/details/353950042,35395-42-80,Unknown,353950042
/vessels/details/351620014,35162-14-60,Unknown,351620014
/vessels/details/356780019,35678-19-89,Unknown,356780019
/vessels/details/357220034,LIAOSUIHU35722-3493,Unknown,357220034
/vessels/details/355101142,3551-58-84,Unknown,355101142
/vessels/details/355810001,35581-1-74,Unknown,355810001
/vessels/details/356780009,35678-9-75,Unknown,356780009
/vessels/details/353080039,35308-39 50,Unknown,353080039
/vessels/details/355850021,35585-21-90,Unknown,355850021
/vessels/details/352220040,35222-40 50,Unknown,352220040
/vessels/details/351226006,GH51226006-69,Unknown,351226006
/vessels/details/355590020,35559-20 50,Unknown,355590020
/vessels/details/352123567,CENTAUR,Unknown,352123567
/vessels/details/354230039,35423-3999,Unknown,354230039
/vessels/details/356650042,35665-42,Unknown,356650042
/vessels/details/351215541,ZHELINYU12155-41-56,Unknown,351215541
/vessels/details/352490026,35249-26-57,Unknown,352490026
/vessels/details/354000040,35400-40-86,Unknown,354000040
/vessels/details/351226001,GH51226001-78,Unknown,351226001
/vessels/details/355199020,3551-20-99,Unknown,355199020
/vessels/details/355260002,35526-2-99,Unknown,355260002
/vessels/details/354219004,A21900-4-99,Unknown,354219004
/vessels/details/356856967,-TTWUUX1QWRQP,Unknown,356856967
/vessels/details/355590019,35559-19 70,Unknown,355590019
/vessels/details/355199001,3551-1-10,Unknown,355199001
/vessels/details/351211111,LIZONG-1 90,Unknown,351211111
/vessels/details/355260019,35526-19-92,Unknown,355260019
/vessels/details/351650016,LIAOYINGYU35165-16,Unknown,351650016
/vessels/details/354120008,35412-8 7V7,Unknown,354120008
/vessels/details/372125817,LIN21258-17-92,Unknown,372125817
/vessels/details/355850037,35585-3754,Unknown (HAZ-B),355850037
/vessels/details/372770002,LUZHAOYUYANG3727701,Unknown,372770002
/vessels/details/356650011,35665-11,Unknown,356650011
/vessels/details/357890004,35789-4-84,Unknown,357890004
/vessels/details/354999999,YU11,Unknown,354999999
/vessels/details/357330006,35733-6-88,Unknown,357330006
/vessels/details/8768402,WEST SIRIUS,Platform,8768402
/vessels/details/352890018,35289-18,Unknown,352890018
/vessels/details/352005450,MARITRANS FAITH,Unknown,352005450
/vessels/details/351550066,35155-66-98,Unknown,351550066
/vessels/details/356820011,35682-11,Unknown,356820011
/vessels/details/352777777,NHOBABANLOC,Unknown,352777777
/vessels/details/352220026,35222-26 30,Unknown,352220026
/vessels/details/353670352,35367-9 90,Unknown,353670352
/vessels/details/356018186,01818-6-72,Unknown,356018186
/vessels/details/355199011,3551-11-99,Unknown,355199011
/vessels/details/357219094,LIN21909-4-99,Unknown,357219094
/vessels/details/355632805,3556-A5-74,Unknown,355632805
/vessels/details/357770028,35777-28 50,Unknown,357770028
/vessels/details/352200021,DAHAI-21-81,Unknown,352200021
/vessels/details/356280007,35628-7-77,Unknown,356280007
/vessels/details/372198719,LIN21987-19-72,Unknown,372198719
/vessels/details/353700003,35370-3 50,Unknown,353700003
/vessels/details/355212382,LIN21238-2-87,Unknown,355212382
/vessels/details/356215807,LIN21580-7-68,Unknown,356215807
/vessels/details/370933708,SUGANYU09337-8-,Unknown,370933708
/vessels/details/374218962,LIN21896-2-52,Unknown,374218962
/vessels/details/353535358,29810-8-87,Unknown,353535358
/vessels/details/355869650,3558-50-95,Unknown,355869650
/vessels/details/352890036,35289-36 84,Unknown,352890036
/vessels/details/356230112,BUOY12-99,Unknown,356230112
/vessels/details/355218976,LIN21897-6-59,Unknown,355218976
/vessels/details/372888882,SAN88888-2-94,Unknown,372888882
/vessels/details/354120777,LIN 12077-7-32,Unknown,354120777
/vessels/details/356280023,35628-23-97,Unknown,356280023
/vessels/details/372200003,37220-3-99,Unknown,372200003
/vessels/details/351215535,ZHELINYU12155-35-49,Unknown,351215535
/vessels/details/357709836,JIAO 77098-36-48,Unknown,357709836
/vessels/details/354545424,CHA THAT SANG-17,Unknown,354545424
/vessels/details/353330022,35333-22-96,Unknown,353330022
/vessels/details/354120059,35412-59-37,Unknown,354120059
/vessels/details/355280022,35528-22-93,Unknown,355280022
/vessels/details/355580011,35558-11-89,Unknown,355580011
/vessels/details/354219664,A21966-4-99,Unknown,354219664
/vessels/details/357220022,LIAOSUIHU35722-2299,Unknown,357220022
/vessels/details/352161810,LIN21618-10-88,Unknown,352161810
/vessels/details/357700010,3577-10-66,Unknown,357700010
/vessels/details/356898825,LIN68988-25-95,Unknown,356898825
/vessels/details/8769688,CENTENARIOGR,Platform,8769688
/vessels/details/354216654,A21665-4-64,Unknown,354216654
/vessels/details/371299517,LIN12995-17-64,Unknown,371299517
/vessels/details/352171860,ZHELINYU21718-60-57,Unknown,352171860
/vessels/details/352890045,35289-45 54,Unknown,352890045
/vessels/details/356280020,35628-20-85,Unknown,356280020
/vessels/details/354218764,A21876-4-99,Unknown,354218764
/vessels/details/353020009,35302-9-99,Unknown,353020009
/vessels/details/353970030,35397-30-02,Unknown,353970030
/vessels/details/353250035,35325-3585,Unknown,353250035
/vessels/details/356290022,35629-22 7V0,Unknown,356290022
/vessels/details/371156920,3711-20-99,Unknown,371156920
/vessels/details/352162115,LIN21621-15-41,Unknown,352162115
/vessels/details/352197113,LIN21971-13-81,Unknown,352197113
/vessels/details/372689883,LIN68988-3-77,Unknown,372689883
/vessels/details/357951258,YANGSTAR,Unknown,357951258
/vessels/details/374786000,UXPANAPA,Unknown,374786000
/vessels/details/372156011,LIN21560-11-41,Unknown,372156011
/vessels/details/352386573,XINGHAI67,Unknown,352386573
/vessels/details/352184824,ZHELINYU21848-24-,Unknown,352184824
/vessels/details/357218898,LIN21889-8-60,Unknown,357218898
/vessels/details/357220049,35722-49-98,Unknown,357220049
/vessels/details/355199003,3551-3-99,Unknown,355199003
/vessels/details/356216186,LIN21618-6-94,Unknown,356216186
/vessels/details/353055863,SHENG05586-3-82,Unknown,353055863
/vessels/details/371221819,LIN12218-19-88,Unknown,371221819
/vessels/details/356680006,LIAOPANYU35668-6-83,Unknown,356680006
/vessels/details/351215549,ZHELINYU12155-49-13,Unknown,351215549
/vessels/details/353970027,35397-27-79,Unknown,353970027
/vessels/details/351219098,LIN21909-8-88,Unknown,351219098
/vessels/details/355101100,3551-24-77,Unknown,355101100
/vessels/details/353950035,35395-35-73,Unknown,353950035
/vessels/details/372175214,21752-14-82,Unknown,372175214
/vessels/details/351660054,35166-54-89,Unknown,351660054
/vessels/details/355580013,35558-13-96,Unknown,355580013
/vessels/details/356990031,35699-31-65,Unknown,356990031
/vessels/details/354120058,35412-58-91,Unknown,354120058
/vessels/details/353136101,35313-1-45,Unknown,353136101
/vessels/details/370005329,NET-37-ZSY0532979,Unknown,370005329
/vessels/details/357181687,LIN18168-7-99,Unknown,357181687
/vessels/details/355869606,3558-6-11,Unknown,355869606
/vessels/details/355665615,3556-15-28,Unknown,355665615
/vessels/details/356636211,3566-11-88,Unknown,356636211
/vessels/details/371300927,XIANG13009-27-77,Unknown,371300927
/vessels/details/356780031,35678-31-99,Unknown,356780031
/vessels/details/352220044,35222-44-65,Unknown,352220044
/vessels/details/356650026,35665-26-85,Unknown,356650026
/vessels/details/372128725,LIN21287-25-55,Unknown,372128725
/vessels/details/355218604,LIN21860-4-89,Unknown,355218604
/vessels/details/354219735,02383-15-93,Unknown,354219735
/vessels/details/372501822,JIAO25018-22-91,Unknown,372501822
/vessels/details/351213518,LIN12135-18-99,Unknown,351213518
/vessels/details/354380015,35438-15 7V0,Unknown,354380015
/vessels/details/352167815,LIN21678-15-99,Unknown,352167815
/vessels/details/351990015,35199-15 7V2,Unknown,351990015
/vessels/details/356780012,35678-12 85,Unknown,356780012
/vessels/details/370994463,WANG47288-03-61,Unknown,370994463
/vessels/details/373770003,LUZHAOYUYANG3737733,Unknown,373770003
/vessels/details/354120111,35412-111-96,Unknown,354120111
/vessels/details/357890023,35789-23-81,Unknown,357890023
/vessels/details/372220322,032 90,Unknown,372220322
/vessels/details/356780026,35678-26-75,Unknown,356780026
/vessels/details/370222005,YU 3702 -5 99,Unknown,370222005
/vessels/details/356650013,35665-13,Unknown,356650013
/vessels/details/370746363,MAOBINYU46363-3 85,Unknown,370746363
/vessels/details/353330017,35333-17-72,Unknown,353330017
/vessels/details/356700001,3567-1 50,Unknown,356700001
/vessels/details/352220038,35222-38-59,Unknown,352220038
/vessels/details/356210096,LIN21009-6-14,Unknown,356210096
/vessels/details/355810034,35581-34 90,Unknown,355810034
/vessels/details/356280003,35628-3-85,Unknown,356280003
/vessels/details/351800017,3518-17-60,Unknown,351800017
/vessels/details/372190914,LIN21909-14-87,Unknown,372190914
/vessels/details/356820004,35682-4,Unknown,356820004
/vessels/details/352189826,LIN21898-26-71,Unknown,352189826
/vessels/details/356820083,35682-83 97,Unknown,356820083
/vessels/details/356290034,35629-34 7V2,Unknown,356290034
/vessels/details/356290016,35629-16 7V1,Unknown,356290016
/vessels/details/356890021,35689-21-20,Unknown,356890021
/vessels/details/357870006,35787-6 70,Unknown,357870006
/vessels/details/356990049,35699-49-99,Unknown,356990049
/vessels/details/8766935,ADMARINE VIII,Platform,8766935
/vessels/details/372018352,43113-17-95,Unknown,372018352
/vessels/details/356212386,LIN21238-6-95,Unknown,356212386
/vessels/details/371156921,3711-21-99,Unknown,371156921
/vessels/details/353535357,29810-7-55,Unknown,353535357
/vessels/details/373215228,LIN21522-8-70,Unknown,373215228
/vessels/details/355260010,35526-10-99,Unknown,355260010
/vessels/details/354120051,35412-51-99,Unknown,354120051
/vessels/details/352128735,ZLY-21287-35-90,Unknown,352128735
/vessels/details/352216652,A21665-2-91,Unknown,352216652
/vessels/details/356212587,LIN21258-7-68,Unknown,356212587
/vessels/details/352185225,LIN21852-25-90,Unknown,352185225
/vessels/details/372312000,SURFER 1947,Unknown,372312000
/vessels/details/353970037,35397-37-61,Unknown,353970037
/vessels/details/355810018,35581-1899,Unknown,355810018
/vessels/details/355850031,35585-3181,Unknown (HAZ-B),355850031
/vessels/details/352490028,35249-28-87,Unknown,352490028
/vessels/details/352721567,LXK21567-35 40,Unknown,352721567
/vessels/details/352690041,35269-4199,Unknown,352690041
/vessels/details/352184831,ZHELINYU21848-31-,Unknown,352184831
/vessels/details/356850023,35685-23-79,Unknown,356850023
/vessels/details/352166528,ZHELINYU21665-28-,Unknown,352166528
/vessels/details/351968815,LIN19688-15-69,Unknown,351968815
/vessels/details/353950010,35395-10-51,Unknown,353950010
/vessels/details/352166529,ZHELINYU21665-29-,Unknown,352166529
/vessels/details/355219665,A21966-5-99,Unknown,355219665
/vessels/details/357220021,35722-21-99,Unknown,357220021
/vessels/details/356820006,35682-6,Unknown,356820006
/vessels/details/371156919,3711-19-99,Unknown,371156919
/vessels/details/357180002,LIAOSUIYU35718-2-95,Unknown,357180002
/vessels/details/351219921,ZHELINYU12199-21-98,Unknown,351219921
/vessels/details/351228910,ZHELIN12289-10-50,Unknown,351228910
/vessels/details/352222233,SAN22222-33-55,Unknown,352222233
/vessels/details/354576216,JLY02188-33-24,Unknown,354576216
/vessels/details/351212012,LIZONG-12 77,Unknown,351212012
/vessels/details/354120075,35412-75-97,Unknown,354120075
/vessels/details/353110002,35311-2-98,Unknown,353110002
/vessels/details/352184815,ZHELINYU21848-15-,Unknown,352184815
/vessels/details/372152212,LIN21522-12-95,Unknown,372152212
/vessels/details/355712233,LG12233-358.1V,Unknown,355712233
/vessels/details/372218712,LIN21871-2,Unknown,372218712
/vessels/details/372191733,LIN21917-33-87,Unknown,372191733
/vessels/details/352490039,35249-39-53,Unknown,352490039
/vessels/details/356850002,35685-2-81,Unknown,356850002
/vessels/details/371018351,LIN01835-1-69,Unknown,371018351
/vessels/details/356660008,35666-8-97,Unknown,356660008
/vessels/details/353420012,35342-1286,Unknown,353420012
/vessels/details/352100914,LIN21009-14-33,Unknown,352100914
/vessels/details/352184829,ZHELINYU21848-29-,Unknown,352184829
/vessels/details/371288254,LIN12882-54-70,Unknown,371288254
/vessels/details/352125825,LIN21258-25-73,Unknown,352125825
/vessels/details/351215513,ZHELINYU12155-13-46,Unknown,351215513
/vessels/details/355199022,3551-22-97,Unknown,355199022
/vessels/details/354480016,35448-16 64,Unknown,354480016
/vessels/details/356850006,35685-6-75,Unknown,356850006
/vessels/details/356280029,35628-29-84,Unknown,356280029
/vessels/details/351190005,35119-5-75,Unknown,351190005
/vessels/details/352796531,YU 96531 -3 88,Unknown,352796531
/vessels/details/356636235,3566-35-81,Unknown,356636235
/vessels/details/356770033,35677-33 50,Unknown,356770033
/vessels/details/370895815,BIAO 08958-15-70,Unknown,370895815
/vessels/details/357214888,LIN 21488-8-81,Unknown,357214888
/vessels/details/355260017,35526-17-93,Unknown,355260017
/vessels/details/1051721,ZAMIL-L.B.10,Unknown,1051721
/vessels/details/357107015,XIANG71070-15-91,Unknown,357107015
/vessels/details/356770015,35677-15-53,Unknown,356770015
/vessels/details/357890009,35789-9-78,Unknown,357890009
/vessels/details/353800036,35308-36-75,Unknown,353800036
/vessels/details/351660108,35166-108 95,Unknown,351660108
/vessels/details/353215553,LIN 21555-3-99,Unknown,353215553
/vessels/details/352180115,LIN21801-15-86,Unknown,352180115
/vessels/details/355869624,3558-24-89,Unknown,355869624
/vessels/details/356780036,35678-36-77,Unknown,356780036
/vessels/details/354120078,35412-78-87,Unknown,354120078
/vessels/details/370596813,05968-13-39,Unknown,370596813
/vessels/details/355869652,3558-52-40,Unknown,355869652
/vessels/details/356820066,35682-66 67,Unknown,356820066
/vessels/details/357890025,35789-25-89,Unknown,357890025
/vessels/details/353005994,SAN 00599-4-84,Unknown,353005994
/vessels/details/356650005,35665-529,Unknown,356650005
/vessels/details/354120122,35412-122-95,Unknown,354120122
/vessels/details/357100003,3571-3-99,Unknown,357100003
/vessels/details/372220321,222 90,Unknown,372220321
/vessels/details/355101139,3551-55-82,Unknown,355101139
/vessels/details/352006110,DEINYEFA,Unknown,352006110
/vessels/details/354120055,35412-55-99,Unknown,354120055
/vessels/details/355280023,35528-23-82,Unknown,355280023
/vessels/details/351111106,00356-6-99,Unknown,351111106
/vessels/details/355221269,LG 21269-35-73,Unknown,355221269
/vessels/details/356780016,35678-16-77,Unknown,356780016
/vessels/details/351966214,19662-14-95,Unknown,351966214
/vessels/details/355260035,35526-35-94,Unknown,355260035
/vessels/details/356850020,35685-20 92,Unknown,356850020
/vessels/details/354120077,35412-77-96,Unknown,354120077
/vessels/details/353070111,35307 28,Unknown,353070111
/vessels/details/354230022,35423-22 76,Unknown,354230022
/vessels/details/354230043,35423-43,Unknown,354230043
/vessels/details/351215538,ZHELINYU12155-38-37,Unknown,351215538
/vessels/details/352199316,ZHELINYU21993-16-,Unknown,352199316
/vessels/details/351295810,LIN12958-10-74,Unknown,351295810
/vessels/details/352218762,A21876-2-95,Unknown,352218762
/vessels/details/353120001,35312-1-82,Unknown,353120001
/vessels/details/351226026,3512-26 40,Unknown,351226026
/vessels/details/355280014,35528-14-73,Unknown,355280014
/vessels/details/354120062,35412-62-91,Unknown,354120062
/vessels/details/351266666,LIZONG-6 93,Unknown,351266666
/vessels/details/355588813,555888-13-40,Unknown,355588813
/vessels/details/352850020,35285-20-99,Unknown,352850020
/vessels/details/352195302,LIN21953-2-96,Unknown,352195302
/vessels/details/352199312,ZHELINYU21993-12-,Unknown,352199312
/vessels/details/356700095,JILEYU3567-95-99,Unknown,356700095
/vessels/details/355660012,35566-12-58,Unknown,355660012
/vessels/details/352570008,35257-8,Unknown,352570008
/vessels/details/351219820,ZHELINYU12198-20-87,Unknown,351219820
/vessels/details/354120020,35412-20 99,Unknown,354120020
/vessels/details/352220035,35222-35-86,Unknown,352220035
/vessels/details/354120010,35412-10 73,Unknown,354120010
/vessels/details/352199327,ZHELINYU21993-27-,Unknown,352199327
/vessels/details/353212556,LIN 21255-6-96,Unknown,353212556
/vessels/details/374216733,LIN21673-3-98,Unknown,374216733
/vessels/details/356218986,LIN21898-6-89,Unknown,356218986
/vessels/details/351226002,GH51226002-69,Unknown,351226002
/vessels/details/354210002,35421-2 99,Unknown,354210002
/vessels/details/354159201,SUHAYU03258-6051,Unknown,354159201
/vessels/details/355869634,3558-34-62,Unknown,355869634
/vessels/details/353000017,353-1709,Unknown,353000017
/vessels/details/371156909,3711-9-73,Unknown,371156909
/vessels/details/351219846,ZHELINYU12198-46-87,Unknown,351219846
/vessels/details/354777775,LGE B14 G07 P2-08,Unknown,354777775
/vessels/details/354230021,35423-21 82,Unknown,354230021
/vessels/details/353950001,35395-1-02,Unknown,353950001
/vessels/details/352180612,LIN21806-12-85,Unknown,352180612
/vessels/details/353460007,35346-7-41,Unknown,353460007
/vessels/details/353388978,33889-78-81,Unknown,353388978
/vessels/details/357220030,35722-30-93,Unknown,357220030
/vessels/details/354230028,35423-2889,Unknown,354230028
/vessels/details/356636207,3566-7-52,Unknown,356636207
/vessels/details/351190008,35119-8-89,Unknown,351190008
/vessels/details/353212623,LIN21262-3-99,Unknown,353212623
/vessels/details/354270027,35427-27,Unknown,354270027
/vessels/details/353120010,35312-10-94,Unknown,353120010
/vessels/details/372185814,LIN21858-14,Unknown,372185814
/vessels/details/372158827,LIN21588-27-43,Unknown,372158827
/vessels/details/352200029,DAHAI-29-86,Unknown,352200029
/vessels/details/352199326,ZHELINYU21993-26-,Unknown,352199326
/vessels/details/356219093,LIN21909-3-99,Unknown,356219093
/vessels/details/355260007,35526-7-99,Unknown,355260007
/vessels/details/357777705,ZHESANYU77777-05-74,Unknown,357777705
/vessels/details/371228912,ZHELIN12289-12-99,Unknown,371228912
/vessels/details/356650033,35665-3373,Unknown,356650033
/vessels/details/352157734,LIN21577-34-99,Unknown,352157734
/vessels/details/351215515,ZHELINYU12155-15-83,Unknown,351215515
/vessels/details/355280006,35528-6-33,Unknown,355280006
/vessels/details/353000007,353-713,Unknown,353000007
/vessels/details/351269854,04282-2 77,Unknown,351269854
/vessels/details/355106936,3551-36-91,Unknown,355106936
/vessels/details/352184813,ZHELINYU21848-13-,Unknown,352184813
/vessels/details/357870003,35787-3 97,Unknown,357870003
/vessels/details/352166520,ZHELINYU21665-20-,Unknown,352166520
/vessels/details/353660022,35366-22-14,Unknown,353660022
/vessels/details/357890002,35789-2-91,Unknown,357890002
/vessels/details/356280012,35628-12-67,Unknown,356280012
/vessels/details/353970019,35397-19-40,Unknown,353970019
/vessels/details/372184822,LIN21848-22-47,Unknown,372184822
/vessels/details/356990042,35699-42-86,Unknown,356990042
/vessels/details/371156908,3711-8-64,Unknown,371156908
/vessels/details/351660105,35166-105 79,Unknown,351660105
/vessels/details/354460018,35446-18-68,Unknown,354460018
/vessels/details/353330008,353330008 62,Unknown,353330008
/vessels/details/353160005,35316-5 75,Unknown,353160005
/vessels/details/355106942,3551-42-87,Unknown,355106942
/vessels/details/353080982,DEDGDA,Unknown,353080982
/vessels/details/355869668,3558-68-63,Unknown,355869668
/vessels/details/355220919,ZHESHENGYU05355-19,Unknown,355220919
/vessels/details/373621805,LG21805-378.2V,Unknown,373621805
/vessels/details/357330013,35733-13-83,Unknown,357330013
/vessels/details/353970006,35397-6-36,Unknown,353970006
/vessels/details/355810006,35581-6-97,Unknown,355810006
/vessels/details/352200006,DAHAI-6-85,Unknown,352200006
/vessels/details/356688004,3566-004-82,Unknown,356688004
/vessels/details/355608025,3556-25-99,Unknown,355608025
/vessels/details/355280021,35528-21-72,Unknown,355280021
/vessels/details/352835222,35222-1-99,Unknown,352835222
/vessels/details/370511602,YU 05116-99,Unknown,370511602
/vessels/details/352183921,LIN21839-21-83,Unknown,352183921
/vessels/details/356680002,LIAOPANYU35668-2-99,Unknown,356680002
/vessels/details/353371169,1,Unknown,353371169
/vessels/details/353460008,35346-8-99,Unknown,353460008
/vessels/details/356680035,35668-35-99,Unknown,356680035
/vessels/details/370963151,2448-01-57,Unknown,370963151
/vessels/details/354120109,35412-109 7V3,Unknown,354120109
/vessels/details/353219129,LIN 21912-9-78,Unknown,353219129
/vessels/details/351208418,LIN 12084-18-98,Unknown,351208418
/vessels/details/351290525,LIN12905-25-91,Unknown,351290525
/vessels/details/370558614,SHENG05586-14-97,Unknown,370558614
/vessels/details/352166502,ZHELINYU21665-2-82,Unknown,352166502
/vessels/details/355660003,35566-03-75,Unknown,355660003
/vessels/details/355869638,3558-38-64,Unknown,355869638
/vessels/details/356636215,3566-15-44,Unknown,356636215
/vessels/details/351226005,GH51226005-99,Unknown,351226005
/vessels/details/351345812,351345812,Unknown,351345812
/vessels/details/351219019,LIZONG-19 0,Unknown,351219019
/vessels/details/357790002,35779-2-08,Unknown,357790002
/vessels/details/352490029,35249-29-70,Unknown,352490029
/vessels/details/357220029,35722-29-90,Unknown,357220029
/vessels/details/355810061,35581-61-57,Unknown,355810061
/vessels/details/352850017,LIAOSUIYU35285-1799,Unknown,352850017
/vessels/details/355810047,35581-47-57,Unknown,355810047
/vessels/details/352850021,35285-21-99,Unknown,352850021
/vessels/details/371235511,LIN12355-11-89,Unknown,371235511
/vessels/details/8771679,T-15,Non Propelled Barge,8771679
/vessels/details/370222009,YU 3702 -9 99,Unknown,370222009
/vessels/details/351282914,LIN12829-14-92,Unknown,351282914
/vessels/details/355220904,ZHESHENGYU05355-4,Unknown,355220904
/vessels/details/351350005,35135-5 90,Unknown,351350005
/vessels/details/373210906,LIN21090-6-74,Unknown,373210906
/vessels/details/355530001,35553-1-59,Unknown,355530001
/vessels/details/357870022,35787-22 42,Unknown,357870022
/vessels/details/353550003,LIAOPANYU35355-3-89,Unknown,353550003
/vessels/details/354380032,35438-32-72,Unknown,354380032
/vessels/details/351219908,ZHELINYU12199-08-38,Unknown,351219908
/vessels/details/372156359,LIN21563-59-97,Unknown,372156359
/vessels/details/353550001,35355-1-99,Unknown,353550001
/vessels/details/352184839,ZHELINYU21848-39-,Unknown,352184839
/vessels/details/373210029,LIN21002-9-89,Unknown,373210029
/vessels/details/355102732,3551-33-96,Unknown,355102732
/vessels/details/354005995,SAN 00599-5-75,Unknown,354005995
/vessels/details/355530004,35553-4-95,Unknown,355530004
/vessels/details/371156918,3711-18-93,Unknown,371156918
/vessels/details/356120686,LIN12068-6-83,Unknown,356120686
/vessels/details/354125963,555 0,Unknown,354125963
/vessels/details/352012087,ZHE12087-35-10,Unknown,352012087
/vessels/details/355580008,35558-8,Unknown,355580008
/vessels/details/354000023,35400-23-18,Unknown,354000023
/vessels/details/356290028,35629-28-51,Unknown,356290028
/vessels/details/355915000,SI HANG YUN 8,Unknown,355915000
/vessels/details/353181683,LIN18168-3-99,Unknown,353181683
/vessels/details/356214986,LIN21498-6-41,Unknown,356214986
/vessels/details/357777006,7777-6-76,Unknown,357777006
/vessels/details/370946651,06099-B1-35,Unknown,370946651
/vessels/details/370946623,17298-13-34,Unknown,370946623
/vessels/details/352128722,LIN21287-22-88,Unknown,352128722
/vessels/details/352571111,35257-1-91,Unknown,352571111
/vessels/details/351123552,LIN12355-2-45,Unknown,351123552
/vessels/details/353660015,35366-15-88,Unknown,353660015
/vessels/details/351620029,35162-29 70,Unknown,351620029
/vessels/details/352008815,LIN20088-15-82,Unknown,352008815
/vessels/details/355550001,35555-1-50,Unknown,355550001
/vessels/details/357220025,35722-25-90,Unknown,357220025
/vessels/details/354250019,35425-19-99,Unknown,354250019
/vessels/details/352000112,CONAKRY OFFICE NEW,Unknown,352000112
/vessels/details/370994482,LURIKAIYU77082-2-12,Unknown,370994482
/vessels/details/352220055,35222-55-84,Unknown,352220055
/vessels/details/356820081,35682-81 91,Unknown,356820081
/vessels/details/356850057,35685-57 8V0,Unknown,356850057
/vessels/details/370888717,MINXIAYU08887-17,Unknown,370888717
/vessels/details/354120074,35412-74-99,Unknown,354120074
/vessels/details/372165811,LIN 21658-11-99,Unknown,372165811
/vessels/details/352123456,NAUTIKA PRO,Unknown,352123456
/vessels/details/353970009,35397-9-61,Unknown,353970009
/vessels/details/356980006,35698-6 5V0,Unknown,356980006
/vessels/details/374120458,P7-RAPGE-87 59,Unknown,374120458
/vessels/details/356780001,35678-1-66,Unknown,356780001
/vessels/details/374910454,CAU LOI67PHARI-D17,Unknown,374910454
/vessels/details/352115120,LIN21151-20-87,Unknown,352115120
/vessels/details/351200084,3512-84 68,Unknown,351200084
/vessels/details/354230037,35423-37 85,Unknown,354230037
/vessels/details/356850046,35685-46 6V2,Unknown,356850046
/vessels/details/356780003,35678-3-52,Unknown,356780003
/vessels/details/351550022,35155-22-74,Unknown,351550022
/vessels/details/357870024,35787-24 7V0,Unknown,357870024
/vessels/details/353219003,A21900-3-73,Unknown,353219003
/vessels/details/351350006,35135-6-99,Unknown,351350006
/vessels/details/352570001,35257-1-59,Unknown,352570001
/vessels/details/371290527,LIN12905-27-70,Unknown,371290527
/vessels/details/351550068,35155-68-48,Unknown,351550068
/vessels/details/372198826,LIN21988-26-72,Unknown,372198826
/vessels/details/356688002,3566-002-92,Unknown,356688002
/vessels/details/356670005,35667-5,Unknown,356670005
/vessels/details/351800027,3518-27-72,Unknown,351800027
/vessels/details/372165818,LIN21658-18-99,Unknown,372165818
/vessels/details/356290023,35629-23 6V9,Unknown,356290023
/vessels/details/371213513,LIN12135-13-73,Unknown,371213513
/vessels/details/355280015,35528-15-39,Unknown,355280015
/vessels/details/354600020,35460-20-53,Unknown,354600020
/vessels/details/371219911,LIN 12199-11-99,Unknown,371219911
/vessels/details/356290035,35629-35-94,Unknown,356290035
/vessels/details/353788308,LKK88308-357.9V,Unknown,353788308
/vessels/details/357180007,LIAOSUIYU35718-7-15,Unknown,357180007
/vessels/details/353070003,35307-3-57,Unknown,353070003
/vessels/details/355810043,35581-43-81,Unknown,355810043
/vessels/details/372153817,LIN21538-17-42,Unknown,372153817
/vessels/details/352171857,ZHELINYU21718-57-91,Unknown,352171857
/vessels/details/351212013,LIN 21201-3-76,Unknown,351212013
/vessels/details/370501629,SUGANYU05016-29-47,Unknown,370501629
/vessels/details/357777717,ZHESANYU77777-17-84,Unknown,357777717
/vessels/details/372138117,LIN21381-17-55,Unknown,372138117
/vessels/details/351266813,LIN12668-13-61,Unknown,351266813
/vessels/details/357790001,35779-1-64,Unknown,357790001
/vessels/details/351660010,35166-10 70,Unknown,351660010
/vessels/details/356290014,35629-14 5V8,Unknown,356290014
/vessels/details/357870040,35787-40-95,Unknown,357870040
/vessels/details/372174514,LIN21745-14-46,Unknown,372174514
/vessels/details/356660045,35666-45-36,Unknown,356660045
/vessels/details/356330005,35633-5-92,Unknown,356330005
/vessels/details/357220038,35722-38-90,Unknown,357220038
/vessels/details/351215519,ZHELINYU12155-19-37,Unknown,351215519
/vessels/details/354100002,35410-2-96,Unknown,354100002
/vessels/details/352197814,LIN21978-14-54,Unknown,352197814
/vessels/details/355810004,35581-4-78,Unknown,355810004
/vessels/details/355118000,SW.WARRIOR.II,Unknown,355118000
/vessels/details/353000021,15447-04-62,Unknown,353000021
/vessels/details/354230035,35423-3535,Unknown,354230035
/vessels/details/371297015,LIN12970-15-94,Unknown,371297015
/vessels/details/357220041,35722-41-97,Unknown,357220041
/vessels/details/352162228,LIN21622-28-84,Unknown,352162228
/vessels/details/371297537,LIN12975-37-02,Unknown,371297537
/vessels/details/356280009,35628-9-64,Unknown,356280009
/vessels/details/372199128,LIN21991-28-45,Unknown,372199128
/vessels/details/355280028,35528-28-87,Unknown,355280028
/vessels/details/356990039,35699-39-02,Unknown,356990039
/vessels/details/357220046,35722-46-99,Unknown,357220046
/vessels/details/351660103,35166-103 78,Unknown,351660103
/vessels/details/351880021,35188-21,Unknown,351880021
/vessels/details/355810016,35581-1680,Unknown,355810016
/vessels/details/372703124,XIANG 27031-24-55,Unknown,372703124
/vessels/details/351272123,LIN12721-23-98,Unknown,351272123
/vessels/details/353950038,35395-38-92,Unknown,353950038
/vessels/details/352195315,LIN21953-15-97,Unknown,352195315
/vessels/details/352184838,ZHELINYU21848-38-,Unknown,352184838
/vessels/details/352220046,35222-46-49,Unknown,352220046
/vessels/details/374091448,BAO NGAN C3 F19,Unknown,374091448
/vessels/details/355625028,3556-28-88,Unknown,355625028
/vessels/details/357870025,35787-25 5V9,Unknown,357870025
/vessels/details/352490002,35249-02-62,Unknown,352490002
/vessels/details/355810046,35581-46-89,Unknown,355810046
/vessels/details/352166516,ZHELINYU21665-16-,Unknown,352166516
/vessels/details/355101101,3551-25-48,Unknown,355101101
/vessels/details/357220035,35722-35-80,Unknown,357220035
/vessels/details/356280008,35628-8-67,Unknown,356280008
/vessels/details/351190007,35119-7-93,Unknown,351190007
/vessels/details/351964528,11333-7 45,Unknown,351964528
/vessels/details/356780033,35678-33-66,Unknown,356780033
/vessels/details/353460009,35346-9-44,Unknown,353460009
/vessels/details/352166509,ZHELINYU21665-9-91,Unknown,352166509
/vessels/details/371285217,LIN12852-17-75,Unknown,371285217
/vessels/details/356005996,SAN00599-6-32,Unknown,356005996
/vessels/details/355810048,35581-48-95,Unknown,355810048
/vessels/details/353110007,35311-7-78,Unknown,353110007
/vessels/details/356820074,35682-74 67,Unknown,356820074
/vessels/details/352990003,35299-399,Unknown,352990003
/vessels/details/353120015,35312-15-80,Unknown,353120015
/vessels/details/353763535,35376-35-61,Unknown,353763535
/vessels/details/357220056,LIAOSUIHU35722-5699,Unknown,357220056
/vessels/details/351216212,LIN21621-2-52,Unknown,351216212
/vessels/details/356700099,JILEYU3567-99-99,Unknown,356700099
/vessels/details/351215542,ZHELINYU12155-42-83,Unknown,351215542
/vessels/details/373127962,LIN12796-2-88,Unknown,373127962
/vessels/details/371238313,LIN12383-13-75,Unknown,371238313
/vessels/details/356688006,3566-006-62,Unknown,356688006
/vessels/details/354513333,LSY35451-3,Unknown,354513333
/vessels/details/351978985,42054-2-18,Unknown,351978985
/vessels/details/356290012,35629-12 7V0,Unknown,356290012
/vessels/details/355810008,35581-8-11,Unknown,355810008
/vessels/details/370887606,YU 08876-6-94,Unknown,370887606
/vessels/details/351227735,ZHELINYU12277-35,Unknown,351227735
/vessels/details/356290021,35629-21 7V0,Unknown,356290021
/vessels/details/371156911,3711-11-69,Unknown,371156911
/vessels/details/353637310,P2 CUONG RGHE A392,Unknown,353637310
/vessels/details/351550094,35155-94-78,Unknown,351550094
/vessels/details/351660100,35166-100 98,Unknown,351660100
/vessels/details/351200046,3512-46 60,Unknown,351200046
/vessels/details/353330015,35333-15,Unknown,353330015
/vessels/details/351237715,LIM12377-15-80,Unknown,351237715
/vessels/details/351215516,ZHELINYU12155-16-59,Unknown,351215516
/vessels/details/354000016,35400-16 40,Unknown,354000016
/vessels/details/354159206,SUHAYU03258-11085,Unknown,354159206
/vessels/details/357777711,ZHESANYU77777-11-80,Unknown,357777711
/vessels/details/351816815,LIN18168-15-99,Unknown,351816815
/vessels/details/353221014,ZHESHENGYU05353-14,Unknown,353221014
/vessels/details/354621789,06685-1-18,Unknown,354621789
/vessels/details/370889827,08898-27-21,Unknown,370889827
/vessels/details/374215614,LIN21561-4-51,Unknown,374215614
/vessels/details/357220015,35722-15-99,Unknown,357220015
/vessels/details/372157217,LIN21572-17-92,Unknown,372157217
/vessels/details/356636234,3566-34-51,Unknown,356636234
/vessels/details/356660029,35666-29-02,Unknown,356660029
/vessels/details/372732195,LXK32195-378.0V,Unknown,372732195
/vessels/details/355101992,3551-8-70,Unknown,355101992
/vessels/details/352890004,35289-4 80,Unknown,352890004
/vessels/details/357216187,LIN21618-7-58,Unknown,357216187
/vessels/details/356680004,LIAOPANYU35668-4-96,Unknown,356680004
/vessels/details/370511601,YU 05116-43,Unknown,370511601
/vessels/details/351288225,LIN12882-25-69,Unknown,351288225
/vessels/details/355280013,35528-13-70,Unknown,355280013
/vessels/details/353070124,35307-24 12,Unknown,353070124
/vessels/details/355260012,35526-12-99,Unknown,355260012
/vessels/details/352184806,ZHELINYU21848-6-31,Unknown,352184806
/vessels/details/352185915,LIN21859-15,Unknown,352185915
/vessels/details/356730336,3567-36-97,Unknown,356730336
/vessels/details/351990014,35199-14 7V6,Unknown,351990014
/vessels/details/351866813,BIAO 08668-13-99,Unknown,351866813
/vessels/details/372175210,21752-10-82,Unknown,372175210
/vessels/details/356660028,35666-28-02,Unknown,356660028
/vessels/details/354380028,35438-28-44,Unknown,354380028
/vessels/details/371156929,3711-29-99,Unknown,371156929
/vessels/details/353660048,35366-48-64,Unknown,353660048
/vessels/details/356212602,LIN 21260-2-14,Unknown,356212602
/vessels/details/354120072,35412-72-42,Unknown,354120072
/vessels/details/352184830,ZHELINYU21848-30-,Unknown,352184830
/vessels/details/351219842,ZHELINYU12198-42-81,Unknown,351219842
/vessels/details/355199007,3551-7-99,Unknown,355199007
/vessels/details/357220032,LIAOSUIHU35722-3299,Unknown,357220032
/vessels/details/353777990,SEA DIVA,Unknown,353777990
/vessels/details/353218698,LIN 21869-8-99,Unknown,353218698
/vessels/details/356701652,3567-60-92,Unknown,356701652
/vessels/details/356636233,3566-33-68,Unknown,356636233
/vessels/details/352220059,35222-59-62,Unknown,352220059
/vessels/details/354270009,35427-9-66,Unknown,354270009
/vessels/details/355550029,35555-29-93,Unknown,355550029
/vessels/details/354709999,LG 09999-357.7V,Unknown,354709999
/vessels/details/351190001,35119-1-80,Unknown,351190001
/vessels/details/8755261,SENUSRET,Platform,8755261
/vessels/details/373105999,ZHECANG05999-378.1V,Unknown,373105999
/vessels/details/372121357,LIN12135-7-79,Unknown,372121357
/vessels/details/353967416,1166 - 4-78,Unknown,353967416
/vessels/details/372199802,ZHE21998-2-53,Unknown,372199802
/vessels/details/355869608,3558-8-35,Unknown,355869608
/vessels/details/355156000,SURFER1861,Unknown,355156000
/vessels/details/352196610,A21966-10-99,Unknown,352196610
/vessels/details/353200386,ZHESHENGYU05353-86,Unknown,353200386
/vessels/details/356990019,35699-19-79,Unknown,356990019
/vessels/details/353120014,35312-14-65,Unknown,353120014
/vessels/details/355690002,35569-2-91,Unknown,355690002
/vessels/details/372185756,LIN21857-56-52,Unknown,372185756
/vessels/details/352218872,LIN21887-2-93,Unknown,352218872
/vessels/details/356219232,LIN21923-2-62,Unknown,356219232
/vessels/details/371156932,3711-32-83,Unknown,371156932
/vessels/details/351215533,ZHELINYU12155-33-46,Unknown,351215533
/vessels/details/372167917,88195-1-68,Unknown,372167917
/vessels/details/372121911,LIN21219-11-12,Unknown,372121911
/vessels/details/352850013,LIAOSUIYU35285-1390,Unknown,352850013
/vessels/details/355632803,3556-A3-29,Unknown,355632803
/vessels/details/351899911,18999-11-96,Unknown,351899911
/vessels/details/352184834,ZHELINYU21848-34-,Unknown,352184834
/vessels/details/352199314,ZHELINYU21993-14-,Unknown,352199314
/vessels/details/352200381,LIN21381-84,Unknown,352200381
/vessels/details/357999999,MSC ABC,Unknown,357999999
/vessels/details/356850018,35685-18-84,Unknown,356850018
/vessels/details/357220017,35722-17-99,Unknown,357220017
/vessels/details/354230124,35423-24 29,Unknown,354230124
/vessels/details/351200060,3512-60 80,Unknown,351200060
/vessels/details/351219981,LIN21998-1-30,Unknown,351219981
/vessels/details/356990005,35699-5-63,Unknown,356990005
/vessels/details/351704322,JIAO17043-22-83,Unknown,351704322
/vessels/details/355177742,LIAOYINGYU51777-1,Unknown,355177742
/vessels/details/352898811,HYWT 129,Unknown,352898811
/vessels/details/372212998,LIN21299-8-24,Unknown,372212998
/vessels/details/352186020,FUWANG21860-20-99,Unknown,352186020
/vessels/details/356850053,35685-53,Unknown,356850053
/vessels/details/356766000,SURFER 19000,Unknown,356766000
/vessels/details/356688012,3566-0012-82,Unknown,356688012
/vessels/details/351070010,35107-10-99,Unknown,351070010
/vessels/details/352850002,35285-2-77,Unknown,352850002
/vessels/details/370213581,LIN21538-1-75,Unknown,370213581
/vessels/details/8754853,ADMARINE V,Platform,8754853
/vessels/details/356660022,35666-22-35,Unknown,356660022
/vessels/details/357330017,35733-17-64,Unknown,357330017
/vessels/details/351803018,3518-18-99,Unknown,351803018
/vessels/details/351990020,35199-20 7V6,Unknown,351990020
/vessels/details/352181755,LIN21817-55-65,Unknown,352181755
/vessels/details/356660027,35666-27-58,Unknown,356660027
/vessels/details/354120063,35412-63-52,Unknown,354120063
/vessels/details/352400210,XIANG24002-10-99,Unknown,352400210
/vessels/details/351297975,LIN12979-75-65,Unknown,351297975
/vessels/details/356936102,69361-2-27,Unknown,356936102
/vessels/details/353000040,353-40-99,Unknown,353000040
/vessels/details/354159202,SUHAYU03258-7052,Unknown,354159202
/vessels/details/351345607,3566-2-94,Unknown,351345607
/vessels/details/356990006,35699-6-03,Unknown,356990006
/vessels/details/355215865,LIN21586-5-80,Unknown,355215865
/vessels/details/357220048,35722-48-99,Unknown,357220048
/vessels/details/353080032,35308-32-72,Unknown,353080032
/vessels/details/352220036,35222-36-78,Unknown,352220036
/vessels/details/351202230,LIN12022-30-57,Unknown,351202230
/vessels/details/370132714,01327-14-60,Unknown,370132714
/vessels/details/352254465,FP,Unknown,352254465
/vessels/details/352570020,35257-2072,Unknown,352570020
/vessels/details/356820046,35682-46,Unknown,356820046
/vessels/details/352184836,ZHELINYU21848-36-,Unknown,352184836
/vessels/details/356688015,3566-0015-93,Unknown,356688015
/vessels/details/354120105,35412-105-95,Unknown,354120105
/vessels/details/354230027,35423-27 7V3,Unknown,354230027
/vessels/details/353218164,LIN21816-4-66,Unknown,353218164
/vessels/details/370888201,LU88820-1-89,Unknown,370888201
/vessels/details/356990018,35699-18-99,Unknown,356990018
/vessels/details/357330001,35733-1-12,Unknown,357330001
/vessels/details/357777706,ZHESANYU77777-06-47,Unknown,357777706
/vessels/details/372188712,LIN21887-12-91,Unknown,372188712
/vessels/details/357123553,LIN12355-3-56,Unknown,357123553
/vessels/details/352200001,DAHAI-01,Unknown,352200001
/vessels/details/351550097,35155-97-75,Unknown,351550097
/vessels/details/352220043,35222-43-66,Unknown,352220043
/vessels/details/357890022,35789-22-89,Unknown,357890022
/vessels/details/354120123,35412-123-98,Unknown,354120123
/vessels/details/356780010,35678-1076,Unknown,356780010
/vessels/details/354560444,455-35 7V3,Unknown,354560444
/vessels/details/353330006,35333-6-39,Unknown,353330006
/vessels/details/355580041,LIAODONGWANYU55666-1,Unknown,355580041
/vessels/details/373213934,LIN21393-4-72,Unknown,373213934
/vessels/details/371162302,3711-2,Unknown,371162302
/vessels/details/351222222,LIZONG-2 88,Unknown,351222222
/vessels/details/352198925,LIN21989-25,Unknown,352198925
/vessels/details/352490012,35249-12-99,Unknown,352490012
/vessels/details/351990022,35199-22,Unknown,351990022
/vessels/details/351215510,ZHELINYU12155-10-29,Unknown,351215510
/vessels/details/370033102,BIOA 00331-2-99,Unknown,370033102
/vessels/details/351908011,LIN21908-11-74,Unknown,351908011
/vessels/details/355810030,35581-30 93,Unknown,355810030
/vessels/details/370501631,SUGANYU05016-31-59,Unknown,370501631
/vessels/details/356990074,35699-74-57,Unknown,356990074
/vessels/details/354230003,35423-3 97,Unknown,354230003
/vessels/details/352220056,35222-56-89,Unknown,352220056
/vessels/details/356698720,3566-20-92,Unknown,356698720
/vessels/details/354230117,35423-17 89,Unknown,354230117
/vessels/details/351100001,35110-01-75,Unknown,351100001
/vessels/details/353080038,35308-38 40,Unknown,353080038
/vessels/details/351725120,ZHE25120-35 40,Unknown,351725120
/vessels/details/371821563,ZHE21563-377.3V,Unknown,371821563
/vessels/details/352193911,LIM21939-11-50,Unknown,352193911
/vessels/details/352199323,ZHELINYU21993-23-57,Unknown,352199323
/vessels/details/355869643,3558-43-26,Unknown,355869643
/vessels/details/356230109,BUOY09-99,Unknown,356230109
/vessels/details/354289115,LING28911-5-55,Unknown,354289115
/vessels/details/356980051,35698-51-65,Unknown,356980051
/vessels/details/355850004,35585-4-73,Unknown,355850004
/vessels/details/371816817,LIN18168-17-98,Unknown,371816817
/vessels/details/9312121,BAUTINO 1,Pontoon,9312121
/vessels/details/373769910,YUEMAOYU46038-10-21,Unknown,373769910
/vessels/details/353120022,35312-22 91,Unknown,353120022
/vessels/details/356850009,35685-9 70,Unknown,356850009
/vessels/details/351800005,3518-5-38,Unknown,351800005
/vessels/details/352181610,LIN21816-10-87,Unknown,352181610
/vessels/details/356990045,35699-45-99,Unknown,356990045
/vessels/details/356780029,35678-29-77,Unknown,356780029
/vessels/details/353800037,35308-37-99,Unknown,353800037
/vessels/details/374795000,INW8,Unknown (HAZ-D),374795000
/vessels/details/354120005,35412-5 98,Unknown,354120005
/vessels/details/356219796,LIN21979-A6-86,Unknown,356219796
/vessels/details/356990014,35699-14-69,Unknown,356990014
/vessels/details/352490005,35249-5-65,Unknown,352490005
/vessels/details/353200395,ZHESHENGYU05353-95,Unknown,353200395
/vessels/details/351219661,A21966-1-93,Unknown,351219661
/vessels/details/372133914,21339-14-97,Unknown,372133914
/vessels/details/351660109,35166-109 91,Unknown,351660109
/vessels/details/352166517,ZHELINYU21665-17-,Unknown,352166517
/vessels/details/353080014,35308-14-99,Unknown,353080014
/vessels/details/355260058,35526-58-62,Unknown,355260058
/vessels/details/351990010,35199-10 7V3,Unknown,351990010
/vessels/details/355810044,35581-44-78,Unknown,355810044
/vessels/details/357535555,35753-5-83,Unknown,357535555
/vessels/details/351208115,LIN12081-15-97,Unknown,351208115
/vessels/details/355601502,56015-2-24,Unknown,355601502
/vessels/details/353080040,35308-40-78,Unknown,353080040
/vessels/details/357180006,LIAOSUIYU35718-6-70,Unknown,357180006
/vessels/details/356280025,35628-25-95,Unknown,356280025
/vessels/details/354550016,455-34 8V2,Unknown,354550016
/vessels/details/352188725,LIN21887-25-55,Unknown,352188725
/vessels/details/352220034,35222-34-97,Unknown,352220034
/vessels/details/356214775,LIN21477-5-05,Unknown,356214775
/vessels/details/356771001,35677-11-81,Unknown,356771001
/vessels/details/353950009,35395-9-02,Unknown,353950009
/vessels/details/356820016,35682-16,Unknown,356820016
/vessels/details/355869633,3558-33-87,Unknown,355869633
/vessels/details/357220040,35722-40-99,Unknown,357220040
/vessels/details/352220032,35222-32 70,Unknown,352220032
/vessels/details/351550064,35155-64-46,Unknown,351550064
/vessels/details/356660010,35666-10-60,Unknown,356660010
/vessels/details/357220010,LIAOSUIHU35722-1099,Unknown,357220010
/vessels/details/356650008,35665-899,Unknown,356650008
/vessels/details/357890015,35789-15 90,Unknown,357890015
/vessels/details/354230023,35423-2359,Unknown,354230023
/vessels/details/356230108,BUOY08-98,Unknown,356230108
/vessels/details/357210573,LIN21057-3-82,Unknown,357210573
/vessels/details/357180003,LIAOSUIYU35718-3-99,Unknown,357180003
/vessels/details/371208113,LIN12081-13-42,Unknown,371208113
/vessels/details/355632813,3556-A13-04,Unknown,355632813
/vessels/details/374473000,SURFER 1935,Unknown,374473000
/vessels/details/370155503,BIAO 01555-3-87,Unknown,370155503
/vessels/details/357700006,3577-6-69,Unknown,357700006
/vessels/details/357220008,LIAOSUIHU35722-8-99,Unknown,357220008
/vessels/details/352005763,DERUNCUTTERSUCTION07,Unknown,352005763
/vessels/details/353950043,35395-43-95,Unknown,353950043
/vessels/details/355810056,35581-56-80,Unknown,355810056
/vessels/details/372133517,LIN21335-17-74,Unknown,372133517
/vessels/details/356290005,35629-5 7V5,Unknown,356290005
/vessels/details/372215227,LIN21522-7-94,Unknown,372215227
/vessels/details/355260008,35526-8-98,Unknown,355260008
/vessels/details/352220018,35222-18-71,Unknown,352220018
/vessels/details/353503000,PHOENIX TENDER,Unknown,353503000
/vessels/details/357870033,35787-33-72,Unknown,357870033
/vessels/details/355219535,A21953-5-88,Unknown,355219535
/vessels/details/352220009,35222-9-52,Unknown,352220009
/vessels/details/374123399,LIN 12339-9-14,Unknown,374123399
/vessels/details/356730335,3567-35-62,Unknown,356730335
/vessels/details/357870011,35787-11 97,Unknown,357870011
/vessels/details/352171856,ZHELINYU21718-56-99,Unknown,352171856
/vessels/details/357870039,35787-39-89,Unknown,357870039
/vessels/details/372122217,LIN21222-17-77,Unknown,372122217
/vessels/details/352166515,ZHELINYU21665-15-,Unknown,352166515
/vessels/details/356771010,35677-10-98,Unknown,356771010
/vessels/details/371298124,LIN12981-24-57,Unknown,371298124
/vessels/details/351219848,ZHELINYU12198-48-84,Unknown,351219848
/vessels/details/370270001,YUERAOYU37027-C8.1V,Unknown,370270001
/vessels/details/356890015,35689-15-84,Unknown,356890015
/vessels/details/356660003,35666-3-81,Unknown,356660003
/vessels/details/356650029,35665-29-99,Unknown,356650029
/vessels/details/352192215,LIN21922-15-48,Unknown,352192215
/vessels/details/356990041,35699-41-99,Unknown,356990041
/vessels/details/356680003,35668-3-95,Unknown,356680003
/vessels/details/351990016,35199-16 7V5,Unknown,351990016
/vessels/details/355102733,3551-34-97,Unknown,355102733
/vessels/details/373121358,LIN12135-8-75,Unknown,373121358
/vessels/details/357101322,71013-22-69,Unknown,357101322
/vessels/details/352721595,LXK21595-358.4V,Unknown,352721595
/vessels/details/372139707,LIN21397-7-57,Unknown,372139707
/vessels/details/353100004,35310-4-99,Unknown,353100004
/vessels/details/354270063,35427-63-97,Unknown,354270063
/vessels/details/372420000,SV OUTVENTURE,Unknown,372420000
/vessels/details/355869679,3558-79-74,Unknown,355869679
/vessels/details/370222007,YU 3702 -7 99,Unknown,370222007
/vessels/details/356936107,69361-7-51,Unknown,356936107
/vessels/details/372009915,JIAO20099-15-99,Unknown,372009915
/vessels/details/352151513,LIN21515-13-80,Unknown,352151513
/vessels/details/351660057,35166-57-89,Unknown,351660057
/vessels/details/355850015,35585-15-99,Unknown,355850015
/vessels/details/356820085,35682-85 57,Unknown,356820085
/vessels/details/351221815,LIM12218-15-99,Unknown,351221815
/vessels/details/353090003,35309-3-57,Unknown,353090003
/vessels/details/351219901,ZHELINYU12199-01-92,Unknown,351219901
/vessels/details/8753304,ADMARINE 88,Platform,8753304
/vessels/details/352135915,LIN21359-15-67,Unknown,352135915
/vessels/details/352212583,LIN21258-3-68,Unknown,352212583
/vessels/details/353070112,35307-12 58,Unknown,353070112
/vessels/details/355122371,LIN12237-1-99,Unknown,355122371
/vessels/details/352198014,LIN21980-14-81,Unknown,352198014
/vessels/details/354230031,35423-3199,Unknown,354230031
/vessels/details/352168815,LIN21688-15-39,Unknown,352168815
/vessels/details/354230041,35423-41 7V1,Unknown,354230041
/vessels/details/356290011,35629-11 6V9,Unknown,356290011
/vessels/details/8771473,LA COVADONGA,Platform,8771473
/vessels/details/352570025,35257-25-49,Unknown,352570025
/vessels/details/352197915,LIN21979-A15-13,Unknown,352197915
/vessels/details/356980008,35698-8-77,Unknown,356980008
/vessels/details/355260028,35526-28-77,Unknown,355260028
/vessels/details/354218598,LIN21859-8-81,Unknown,354218598
/vessels/details/371239217,LIN12932-17-63,Unknown,371239217
/vessels/details/351550090,35155-90-65,Unknown,351550090
/vessels/details/356650020,35665-2084,Unknown,356650020
/vessels/details/352490014,35249-14-96,Unknown,352490014
/vessels/details/352445609,12102-2 50,Unknown,352445609
/vessels/details/357330003,35733-3-15,Unknown,357330003
/vessels/details/352800013,352800013-95,Unknown,352800013
/vessels/details/357870031,35787-31-73,Unknown,357870031
/vessels/details/351215539,ZHELINYU12155-39-64,Unknown,351215539
/vessels/details/352166523,ZHELINYU21665-23-,Unknown,352166523
/vessels/details/357800004,3578-4 90,Unknown,357800004
/vessels/details/356230115,BUOY15-99,Unknown,356230115
/vessels/details/357870004,35787-4 41,Unknown,357870004
/vessels/details/352693333,35269-3,Unknown,352693333
/vessels/details/356990029,35699-29-56,Unknown,356990029
/vessels/details/351390002,35139-274,Unknown,351390002
/vessels/details/356780017,35678-17-82,Unknown,356780017
/vessels/details/354270053,35427-53-45,Unknown,354270053
/vessels/details/354270008,35427-8-74,Unknown,354270008
/vessels/details/357870041,35787-41-80,Unknown,357870041
/vessels/details/357212804,LIN 21280-4-87,Unknown,357212804
/vessels/details/352890039,35289-39-57,Unknown,352890039
/vessels/details/373219516,32195-16-72,Unknown,373219516
/vessels/details/355810054,35581-54-78,Unknown,355810054
/vessels/details/352220045,35222-45-74,Unknown,352220045
/vessels/details/351200074,3512-74 90,Unknown,351200074
/vessels/details/355869680,3558-80-60,Unknown,355869680
/vessels/details/357777713,ZHESANYU77777-13-58,Unknown,357777713
/vessels/details/356636232,66567-1-26,Unknown,356636232
/vessels/details/355562222,35556-2,Unknown,355562222
/vessels/details/352697777,350697,Unknown,352697777
/vessels/details/353080048,35308-48-10,Unknown,353080048
/vessels/details/356820079,35682-79 39,Unknown,356820079
/vessels/details/354218975,LIN21897-5-50,Unknown,354218975
/vessels/details/352189612,LIN21896-12-79,Unknown,352189612
/vessels/details/357330008,35733-8-30,Unknown,357330008
/vessels/details/354230032,35423-3289,Unknown,354230032
/vessels/details/353970034,35397-34-60,Unknown,353970034
/vessels/details/353000038,353-38-95,Unknown,353000038
/vessels/details/352220008,35222-882,Unknown,352220008
/vessels/details/353000011,353-1198,Unknown,353000011
/vessels/details/352186850,LIN21868-50-36,Unknown,352186850
/vessels/details/356850004,35685-4 93,Unknown,356850004
/vessels/details/356343716,04268-984,Unknown,356343716
/vessels/details/355213215,A21321-5-86,Unknown,355213215
/vessels/details/352139910,LIN21399-10-99,Unknown,352139910
/vessels/details/352572222,35257-2-65,Unknown,352572222
/vessels/details/354100003,35410-3,Unknown,354100003
/vessels/details/357890014,35789-14-70,Unknown,357890014
/vessels/details/351869079,3518-9-85,Unknown,351869079
/vessels/details/355869658,3558-58-59,Unknown,355869658
/vessels/details/353990017,35999-17-99,Unknown,353990017
/vessels/details/352980013,35298-13-69,Unknown,352980013
/vessels/details/355869656,3558-56-51,Unknown,355869656
/vessels/details/352001717,XIN SHENG SHENG 3,Unknown (HAZ-D),352001717
/vessels/details/352490038,35249-38-89,Unknown,352490038
/vessels/details/356044001,TT SEASHAW 12.4V,Unknown,356044001
/vessels/details/353215804,LIN21580-4-91,Unknown,353215804
/vessels/details/372800028,3728-28 95,Unknown,372800028
/vessels/details/356890026,35689-26-02,Unknown,356890026
/vessels/details/370730000,SURFER 19005,Unknown,370730000
/vessels/details/352220042,35222-42-71,Unknown,352220042
/vessels/details/351190002,35119-2-95,Unknown,351190002
/vessels/details/353120008,35312-8-82,Unknown,353120008
/vessels/details/351550086,3515586-80,Unknown,351550086
/vessels/details/355608038,3556-38-99,Unknown,355608038
/vessels/details/352191115,LIN21911-15-73,Unknown,352191115
/vessels/details/351008794,SAN 00879-4-15,Unknown,351008794
/vessels/details/371344525,MINLIANYULENG60366,Unknown,371344525
/vessels/details/356688007,3566-007-91,Unknown,356688007
/vessels/details/354230042,35423-4218,Unknown,354230042
/vessels/details/355280016,35528-16-67,Unknown,355280016
/vessels/details/372152811,LIN 21528-11-99,Unknown,372152811
/vessels/details/372120113,LIN 21201-13-95,Unknown,372120113
/vessels/details/355550008,35555-8-86,Unknown,355550008
/vessels/details/355608030,3556-30-80,Unknown,355608030
/vessels/details/352200023,DAHAI-23-91,Unknown,352200023
/vessels/details/357220020,35722-20-99,Unknown,357220020
/vessels/details/355810020,35581-2059,Unknown,355810020
/vessels/details/352220057,35222-57-93,Unknown,352220057
/vessels/details/356850026,35685-26 53,Unknown,356850026
/vessels/details/357220060,LIAOSUIHU35722-6095,Unknown,357220060
/vessels/details/372198913,LIN21989-13-78,Unknown,372198913
/vessels/details/356770044,35677-44-99,Unknown,356770044
/vessels/details/357777709,ZHESANYU77777-09-16,Unknown,357777709
/vessels/details/357220013,LIAOSUIHU35722-1399,Unknown,357220013
/vessels/details/356890039,35689-39-96,Unknown,356890039
/vessels/details/353080045,35308-45-58,Unknown,353080045
/vessels/details/372157818,LIN21578-18-77,Unknown,372157818
/vessels/details/355632802,3556-A2-45,Unknown,355632802
/vessels/details/356780025,35678-25-69,Unknown,356780025
/vessels/details/356230113,BUOY13-85,Unknown,356230113
/vessels/details/354126155,LIN 12615-5-51,Unknown,354126155
/vessels/details/355199004,3551-4-58,Unknown,355199004
/vessels/details/356442635,00868-5-99,Unknown,356442635
/vessels/details/351288888,LIZONG-8 95,Unknown,351288888
/vessels/details/355550012,35555-12-73,Unknown,355550012
/vessels/details/351880035,35188-35-38,Unknown,351880035
/vessels/details/353660019,35366-19-90,Unknown,353660019
/vessels/details/353660047,35366-47-48,Unknown,353660047
/vessels/details/354120067,35412-67-52,Unknown,354120067
/vessels/details/353700005,35370-5 80,Unknown,353700005
/vessels/details/370222004,YU 3702 -4 99,Unknown,370222004
/vessels/details/352220039,35222-39-77,Unknown,352220039
/vessels/details/351860004,35186-4-15,Unknown,351860004
/vessels/details/354159209,SUHAYU03258-14066,Unknown,354159209
/vessels/details/8770651,SETTY,Platform,8770651
/vessels/details/353970015,35397-15-99,Unknown,353970015
/vessels/details/352166522,ZHELINYU21665-22-,Unknown,352166522
/vessels/details/357220059,LIAOSUIHU35722-5999,Unknown,357220059
/vessels/details/356343712,04268-571,Unknown,356343712
/vessels/details/356660034,35666-34-84,Unknown,356660034
/vessels/details/351880013,35188-13,Unknown,351880013
/vessels/details/356850014,35685-14-94,Unknown,356850014
/vessels/details/352184801,ZHELINYU21848-1-95,Unknown,352184801
/vessels/details/355260023,35526-23-99,Unknown,355260023
/vessels/details/355198718,3551-18-72,Unknown,355198718
/vessels/details/354065555,20029-50,Unknown,354065555
/vessels/details/372760655,LXK60655-377.1V,Unknown,372760655
/vessels/details/356650035,35665-3536,Unknown,356650035
/vessels/details/351800047,3518-47-99,Unknown,351800047
/vessels/details/353000028,353-28-92,Unknown,353000028
/vessels/details/351680009,LIAOYU35168-9-99,Unknown,351680009
/vessels/details/356850038,35685-38 7V8,Unknown,356850038
/vessels/details/356990010,35699-10-58,Unknown,356990010
/vessels/details/372721595,LXK21595-377.7V,Unknown,372721595
/vessels/details/352123454,JAZIRAT DALMA,Unknown,352123454
/vessels/details/351213520,LIN 12135-20-43,Unknown,351213520
/vessels/details/353240024,XIANG24002-4-99,Unknown,353240024
/vessels/details/355850013,35585-13-85,Unknown,355850013
/vessels/details/355869660,3558-60-86,Unknown,355869660
/vessels/details/356730304,3567-4-40,Unknown,356730304
/vessels/details/370132627,01326-27-80,Unknown,370132627
/vessels/details/370933704,SUGANYU09337-4-97,Unknown,370933704
/vessels/details/371282017,LIN12820-17-89,Unknown,371282017
/vessels/details/351207710,LIN 12077-10-85,Unknown,351207710
/vessels/details/352000095,DE160,Unknown,352000095
/vessels/details/352412000,BIG DOLPHIN,Unknown,352412000
/vessels/details/353100006,35310-6-99,Unknown,353100006
/vessels/details/355587618,3555-18-68,Unknown,355587618
/vessels/details/371221829,LIN12218-29-99,Unknown,371221829
/vessels/details/357777719,ZHESANYU77777-19-79,Unknown,357777719
/vessels/details/8770819,CME II,Platform,8770819
/vessels/details/353330016,35333-16-63,Unknown,353330016
/vessels/details/352153815,LIN21538-15-67,Unknown,352153815
/vessels/details/356980007,35698-7 84,Unknown,356980007
/vessels/details/370933707,SUGANYU09337-7-85,Unknown,370933707
/vessels/details/357220050,35722-50-96,Unknown,357220050
/vessels/details/352132110,A21321-10-99,Unknown,352132110
/vessels/details/351215514,ZHELINYU12155-14-81,Unknown,351215514
/vessels/details/353970024,35397-24-99,Unknown,353970024
/vessels/details/8755637,KAN TAN IV,Platform,8755637
/vessels/details/354380034,35438-34-92,Unknown,354380034
/vessels/details/352006004,CHIAZI 1,Unknown,352006004
/vessels/details/354128205,LIN12820-5-78,Unknown,354128205
/vessels/details/353110006,35311-6-99,Unknown,353110006
/vessels/details/353110011,35311-11-62,Unknown,353110011
/vessels/details/351660102,35166-102 87,Unknown,351660102
/vessels/details/355869676,3558-76-78,Unknown,355869676
/vessels/details/352174510,LIN21745-10-92,Unknown,352174510
/vessels/details/351219814,ZHELINYU12198-14-85,Unknown,351219814
/vessels/details/354215594,LIN21559-4-57,Unknown,354215594
/vessels/details/351237725,LIN12377-25-24,Unknown,351237725
/vessels/details/354250056,35425-56 91,Unknown,354250056
/vessels/details/371156905,3711-5-62,Unknown,371156905
/vessels/details/353250074,35325-7485,Unknown,353250074
/vessels/details/371227737,ZHELINYU12277-37,Unknown,371227737
/vessels/details/357220012,LIAOSUIHU35722-1299,Unknown,357220012
/vessels/details/355208777,ZHECANG08777-357.8V,Unknown,355208777
/vessels/details/372180121,LIN21801-21-85,Unknown,372180121
/vessels/details/8754827,ADMARINE III,Platform,8754827
/vessels/details/371156925,3711-25-99,Unknown,371156925
/vessels/details/355869620,3558-20-62,Unknown,355869620
/vessels/details/353678960,35367-1 90,Unknown,353678960
/vessels/details/352005993,SAN 00599-3-88,Unknown,352005993
/vessels/details/352124419,LIN 21244-19-47,Unknown,352124419
/vessels/details/356850036,35685-36 8V2,Unknown,356850036
/vessels/details/356700016,SHUNHANG-16-99,Unknown,356700016
/vessels/details/356636224,3566-24-82,Unknown,356636224
/vessels/details/357777710,ZHESANYU77777-10-34,Unknown,357777710
/vessels/details/355280030,35528-30-72,Unknown,355280030
/vessels/details/353970005,35397-5-87,Unknown,353970005
/vessels/details/355260024,35526-24-91,Unknown,355260024
/vessels/details/354380035,35438-35-32,Unknown,354380035
/vessels/details/355810002,35581-2-88,Unknown,355810002
/vessels/details/351215511,ZHELINYU12155-11-61,Unknown,351215511
/vessels/details/354230033,35423-3330,Unknown,354230033
/vessels/details/355665609,3556-9-99,Unknown,355665609
/vessels/details/353070002,35307-2-77,Unknown,353070002
/vessels/details/351285215,LIN12852-15-82,Unknown,351285215
/vessels/details/351219913,ZHELINYU12199-13-35,Unknown,351219913
/vessels/details/9762584,HAKURYU 14,Unknown,9762584
/vessels/details/373770020,377-20 99,Unknown,373770020
/vessels/details/353950006,35395-6-59,Unknown,353950006
/vessels/details/356680001,35668-1-79,Unknown,356680001
/vessels/details/352800014,352800014-06,Unknown,352800014
/vessels/details/370001406,NET-37-ZSY0140601,Unknown,370001406
/vessels/details/352850001,35285-1-83,Unknown,352850001
/vessels/details/354600021,35460-21-64,Unknown,354600021
/vessels/details/355632814,3556-A14-92,Unknown,355632814
/vessels/details/352186815,LIN21868-15-67,Unknown,352186815
/vessels/details/357534444,35753-4-68,Unknown,357534444
/vessels/details/356890029,35689-29,Unknown,356890029
/vessels/details/351950004,35195-04-99,Unknown,351950004
/vessels/details/356121986,LIN12198-6-61,Unknown,356121986
/vessels/details/352850006,35285-6-99,Unknown,352850006
/vessels/details/356688008,3566-008-84,Unknown,356688008
/vessels/details/374212018,LIN 21201-8-99,Unknown,374212018
/vessels/details/355810062,35581-62-82,Unknown,355810062
/vessels/details/352188111,LIN21881-11-85,Unknown,352188111
/vessels/details/356990028,35699-28-51,Unknown,356990028
/vessels/details/352850116,35285-16-79,Unknown,352850116
/vessels/details/356290031,35629-31 7V8,Unknown,356290031
/vessels/details/352220005,35222-5-77,Unknown,352220005
/vessels/details/353100010,35310-10-99,Unknown,353100010
/vessels/details/355810057,35581-57-85,Unknown,355810057
/vessels/details/357180005,LIAOSUIYU35718-5-57,Unknown,357180005
/vessels/details/352199305,ZHELINYU21993-5-59,Unknown,352199305
/vessels/details/352171853,ZHELINYU21718-53-99,Unknown,352171853
/vessels/details/357766000,LN101,Unknown,357766000
/vessels/details/351070022,35107-22-91,Unknown,351070022
/vessels/details/371295112,LIN12951-12-55,Unknown,371295112
/vessels/details/353330000,353330000,Unknown,353330000
/vessels/details/352156356,LIN21563-56-82,Unknown,352156356
/vessels/details/355850028,35585-28-99,Unknown,355850028
/vessels/details/355005996,SAN 00599-6-85,Unknown,355005996
/vessels/details/355216216,LIN21621-6-53,Unknown,355216216
/vessels/details/372189117,LIN21891-17-44,Unknown,372189117
/vessels/details/356780005,35678-5,Unknown,356780005
/vessels/details/372125917,LIN21259-17-16,Unknown,372125917
/vessels/details/351218018,LIZONG-18 89,Unknown,351218018
/vessels/details/351228729,LIN 12287-29-85,Unknown,351228729
/vessels/details/357129708,LIN12970-8-64,Unknown,357129708
/vessels/details/351660055,35166-55-73,Unknown,351660055
/vessels/details/352220022,35222-22-43,Unknown,352220022
/vessels/details/370899000,NORD LIBREVILLE,Unknown,370899000
/vessels/details/355810023,35581-2377,Unknown,355810023
/vessels/details/372117104,21171-4-99,Unknown,372117104
/vessels/details/352216182,LIN21618-2-99,Unknown,352216182
/vessels/details/355869663,3558-63-65,Unknown,355869663
/vessels/details/356515229,56515-229-42,Unknown,356515229
/vessels/details/355588815,555888-15-49,Unknown,355588815
/vessels/details/374000000,MARSK,Unknown,374000000
/vessels/details/355869621,3558-21-45,Unknown,355869621
/vessels/details/355330029,35533-29,Unknown,355330029
/vessels/details/356980052,35698-52-97,Unknown,356980052
/vessels/details/356980015,35698-1551,Unknown,356980015
/vessels/details/356215866,LIN21586-6-92,Unknown,356215866
/vessels/details/352850108,35285-8-83,Unknown,352850108
/vessels/details/352570010,35257-10-76,Unknown,352570010
/vessels/details/352184827,ZHELINYU21848-27-,Unknown,352184827
/vessels/details/356890004,35689-04-50,Unknown,356890004
/vessels/details/351660110,35166-110 94,Unknown,351660110
/vessels/details/372101717,LIN21017-17-99,Unknown,372101717
/vessels/details/355850014,35585-14-99,Unknown,355850014
/vessels/details/351219905,ZHELINYU12199-05-31,Unknown,351219905
/vessels/details/356620002,35882-2-99,Unknown,356620002
/vessels/details/356200002,3562-2-63,Unknown,356200002
/vessels/details/353550002,35355-2-99,Unknown,353550002
/vessels/details/356880022,35688-22-92,Unknown,356880022
/vessels/details/353216214,LIN21621-4-60,Unknown,353216214
/vessels/details/353070004,35307-4-93,Unknown,353070004
/vessels/details/354120057,35412-57-97,Unknown,354120057
/vessels/details/372166618,LIN21666-18-91,Unknown,372166618
/vessels/details/354380021,35438-21-57,Unknown,354380021
/vessels/details/372139317,LIN21393-17-86,Unknown,372139317
/vessels/details/354120014,35412-14 0,Unknown,354120014
/vessels/details/354219091,LIN21909-1-73,Unknown,354219091
/vessels/details/352890043,35289-43 39,Unknown,352890043
/vessels/details/351150054,35115-54-85,Unknown,351150054
/vessels/details/351219804,ZHELINYU12198-04-84,Unknown,351219804
/vessels/details/370139566,ZHEDAIYU01395-66-84,Unknown,370139566
/vessels/details/356636226,3566-26-99,Unknown,356636226
/vessels/details/355892603,03558-3-39,Unknown,355892603
/vessels/details/351299999,LIZONG-9 90,Unknown,351299999
/vessels/details/371306000,TERSCHELLING,Unknown,371306000
/vessels/details/371156916,3711-16-99,Unknown,371156916
/vessels/details/356650002,35665-2-83,Unknown,356650002
/vessels/details/352183831,LIN21838-31-95,Unknown,352183831
/vessels/details/352177601,21776-1-84,Unknown,352177601
/vessels/details/371156915,3711-15-61,Unknown,371156915
/vessels/details/356850031,35685-31 7V7,Unknown,356850031
/vessels/details/374760622,LG 60622-377.8V,Unknown,374760622
/vessels/details/356290013,35629-13 4V1,Unknown,356290013
/vessels/details/371221817,LIM12218-17-99,Unknown,371221817
/vessels/details/351211116,LIZONG-16 93,Unknown,351211116
/vessels/details/352890021,35289-21-69,Unknown,352890021
/vessels/details/352195310,A21953-10-99,Unknown,352195310
/vessels/details/354120127,35412-127-99,Unknown,354120127
/vessels/details/356980055,35698-55-94,Unknown,356980055
/vessels/details/355869662,3558-62-02,Unknown,355869662
/vessels/details/372192817,LIN21928-17-56,Unknown,372192817
/vessels/details/371213520,LIN12135-20-99,Unknown,371213520
/vessels/details/352200027,DAHAI-27-36,Unknown,352200027
/vessels/details/356650037,35665-3777,Unknown,356650037
/vessels/details/355260014,35526-14-99,Unknown,355260014
/vessels/details/8750015,ABAN II,Platform,8750015
/vessels/details/352216777,LIN 21677-7-52,Unknown,352216777
/vessels/details/353000018,353-1892,Unknown,353000018
/vessels/details/354120017,35412-17 96,Unknown,354120017
/vessels/details/351200171,3512-71 72,Unknown,351200171
/vessels/details/8770053,EMERALDDRILLER,Unknown,8770053
/vessels/details/371186902,3711-2-97,Unknown,371186902
/vessels/details/355101994,3551-16-74,Unknown,355101994
/vessels/details/352850112,35285-12-99,Unknown,352850112
/vessels/details/372188837,LIN21888-37-25,Unknown,372188837
/vessels/details/370933701,SUGANYU09337-1-92,Unknown,370933701
/vessels/details/356700094,JILEYU3567-94-99,Unknown,356700094
/vessels/details/355850038,35585-3854,Unknown (HAZ-B),355850038
/vessels/details/371966216,19662-16-40,Unknown,371966216
/vessels/details/353330001,353330001 9V,Unknown,353330001
/vessels/details/352292222,35229-2,Unknown,352292222
/vessels/details/356606776,60677-6,Unknown,356606776
/vessels/details/352200024,DAHAI-24-50,Unknown,352200024
/vessels/details/371121356,LIN12135-6-72,Unknown,371121356
/vessels/details/370219876,LIN21987-6-96,Unknown,370219876
/vessels/details/370438811,04388-11-51,Unknown,370438811
/vessels/details/355632809,3556-A9-02,Unknown,355632809
/vessels/details/355810059,35581-59-41,Unknown,355810059
/vessels/details/351800008,78588 17-50,Unknown,351800008
/vessels/details/354600001,35460-1-59,Unknown,354600001
/vessels/details/351336666,35133-6,Unknown,351336666
/vessels/details/354850003,35485-3 98,Unknown,354850003
/vessels/details/355869607,3558-7-60,Unknown,355869607
/vessels/details/357777005,7777-5-99,Unknown,357777005
/vessels/details/351212582,LIN21258-2-81,Unknown,351212582
/vessels/details/354230034,35423-34 58,Unknown,354230034
/vessels/details/356820073,35682-73 96,Unknown,356820073
/vessels/details/353120019,35312-19-73,Unknown,353120019
/vessels/details/353110008,35311-8-99,Unknown,353110008
/vessels/details/357800018,3578-18 90,Unknown,357800018
/vessels/details/353150008,LHY 35315-8,Unknown,353150008
/vessels/details/356290025,35629-25 30,Unknown,356290025
/vessels/details/356218876,LIN21887-6-35,Unknown,356218876
/vessels/details/352008835,JIAO20088-35-91,Unknown,352008835
/vessels/details/356780034,35678-34-74,Unknown,356780034
/vessels/details/351050019,35105-19-64,Unknown,351050019
/vessels/details/355550022,35555-22-70,Unknown,355550022
/vessels/details/357220019,LIAOSUI35722-19-99,Unknown,357220019
/vessels/details/352124420,LIN 21244-20-35,Unknown,352124420
/vessels/details/355212601,LIN 21260-1-84,Unknown,355212601
/vessels/details/372216165,YU 868 -37 75,Unknown,372216165
/vessels/details/356990011,35699-11-64,Unknown,356990011
/vessels/details/352220058,35222-58-70,Unknown,352220058
/vessels/details/353250040,35325-40 50,Unknown,353250040
/vessels/details/352199915,LIN21999-15-41,Unknown,352199915
/vessels/details/352850107,35285-7-77,Unknown,352850107
/vessels/details/355218875,LIN21887-5-75,Unknown,355218875
/vessels/details/352185834,ZHELIN21858-34-91,Unknown,352185834
/vessels/details/352527705,LIAOYINGYU25277-5,Unknown,352527705
/vessels/details/352138818,LIN 21388-18-49,Unknown,352138818
/vessels/details/357220043,LIAOSUIHU35722-4399,Unknown,357220043
/vessels/details/355869635,3558-35-52,Unknown,355869635
/vessels/details/372195301,LIN21953-1-88,Unknown,372195301
/vessels/details/352220013,35222-13-98,Unknown,352220013
/vessels/details/8768567,WEST ORION,Platform,8768567
/vessels/details/356890017,35689-17-72,Unknown,356890017
/vessels/details/352220050,35222-50-99,Unknown,352220050
/vessels/details/355850050,35585-5077,Unknown,355850050
/vessels/details/356218066,LIN21806-6-60,Unknown,356218066
/vessels/details/352490017,35249-17-99,Unknown,352490017
/vessels/details/351070001,35107-1-82,Unknown,351070001
/vessels/details/356789011,018-5 60,Unknown,356789011
/vessels/details/357870001,35787-1 96,Unknown,357870001
/vessels/details/352184828,ZHELINYU21848-28-,Unknown,352184828
/vessels/details/353036173,SUQIYU03617-3-59,Unknown,353036173
/vessels/details/351880020,35188-20,Unknown,351880020
/vessels/details/355611833,13086-3-3 20,Unknown,355611833
/vessels/details/371310028,XIANG13100-28-61,Unknown,371310028
/vessels/details/356700006,3567-695,Unknown,356700006
/vessels/details/372100911,LIN21009-11-91,Unknown,372100911
/vessels/details/356820039,35682-39,Unknown,356820039
/vessels/details/351621001,LHY 35162-1,Unknown,351621001
/vessels/details/355869673,3558-73-98,Unknown,355869673
/vessels/details/372800007,3728-7 86,Unknown,372800007
/vessels/details/352890029,35289-29,Unknown,352890029
/vessels/details/355600591,3556-145-70,Unknown,355600591
/vessels/details/372181117,LIN21811-17-62,Unknown,372181117
/vessels/details/352220017,35222-17-99,Unknown,352220017
/vessels/details/370222008,YU 3702 -8 99,Unknown,370222008
/vessels/details/356850047,35685-47 7V5,Unknown,356850047
/vessels/details/355530003,35553-3-21,Unknown,355530003
/vessels/details/357800001,3578-1-85,Unknown,357800001
/vessels/details/374721372,LG 21372-377.7V,Unknown,374721372
/vessels/details/373253000,CMT 2,Unknown,373253000
/vessels/details/351200061,3512-61 0,Unknown,351200061
/vessels/details/351218969,LIN21896-9-98,Unknown,351218969
/vessels/details/357128208,LIN12820-8-51,Unknown,357128208
/vessels/details/355260009,35526-9-96,Unknown,355260009
/vessels/details/351901958,PANGXIEWANG-2-97,Unknown,351901958
/vessels/details/355280035,35528-35-92,Unknown,355280035
/vessels/details/356780024,35678-24-55,Unknown,356780024
/vessels/details/352212622,LIN21262-2-53,Unknown,352212622
/vessels/details/357754000,CHUNG KUNO NO.286,Unknown,357754000
/vessels/details/351202240,LIN12022-40-51,Unknown,351202240
/vessels/details/355869625,3558-25-54,Unknown,355869625
/vessels/details/354120037,35412-37 70,Unknown,354120037
/vessels/details/353120024,35312-24-86,Unknown,353120024
/vessels/details/356850027,35685-27,Unknown,356850027
/vessels/details/356890036,35689-36-94,Unknown,356890036
/vessels/details/355530006,LIAOPANYU35553-6-20,Unknown,355530006
/vessels/details/356820067,35682-67 7,Unknown,356820067
/vessels/details/372117107,21171-7-78,Unknown,372117107
/vessels/details/351070016,35107-16-40,Unknown,351070016
/vessels/details/353110001,35311-1-99,Unknown,353110001
/vessels/details/356650006,35665-699,Unknown,356650006
/vessels/details/351800003,3518-3-58,Unknown,351800003
/vessels/details/352199313,ZHELINYU21993-13-,Unknown,352199313
/vessels/details/352289368,HQ 68,Unknown,352289368
/vessels/details/354380025,35438-25 70,Unknown,354380025
/vessels/details/353950047,35395-47-24,Unknown,353950047
/vessels/details/372139323,LIN21393-23-08,Unknown,372139323
/vessels/details/353110003,35311-3-53,Unknown,353110003
/vessels/details/352490037,35249-37-52,Unknown,352490037
/vessels/details/357777707,ZHESANYU77777-07-62,Unknown,357777707
/vessels/details/356230107,BUOY07-99,Unknown,356230107
/vessels/details/352570030,35257-30,Unknown,352570030
/vessels/details/356636208,3566-8-83,Unknown,356636208
/vessels/details/352165914,LIN21659-14-97,Unknown,352165914
/vessels/details/357547899,P7 42 LMUC A36 31,Unknown,357547899
/vessels/details/353511108,00518-19-99,Unknown,353511108
/vessels/details/370139588,ZHEDAIYU01395-88-84,Unknown,370139588
/vessels/details/371214511,LIN12345-11-56,Unknown,371214511
/vessels/details/357533333,35753-3-68,Unknown,357533333
/vessels/details/356890002,35689-2-59,Unknown,356890002
/vessels/details/353151212,35315-12 7V9,Unknown,353151212
/vessels/details/355986000,DONCELLA,Unknown,355986000
/vessels/details/355330040,35533-40,Unknown,355330040
/vessels/details/352219099,LIN21909-9-99,Unknown,352219099
/vessels/details/356290006,35629-6 5V9,Unknown,356290006
/vessels/details/374215556,LIN 21555-6-99,Unknown,374215556
/vessels/details/352570022,35257-22-86,Unknown,352570022
/vessels/details/353511229,LKJ11229-357.1V,Unknown,353511229
/vessels/details/355280008,35528-8-69,Unknown,355280008
/vessels/details/356936106,69278-2-18,Unknown,356936106
/vessels/details/353660018,35366-18-76,Unknown,353660018
/vessels/details/372200010,37220-10-99,Unknown,372200010
/vessels/details/355055865,SHENG05586-5-99,Unknown,355055865
/vessels/details/354879615,03415-88,Unknown,354879615
/vessels/details/352166508,ZHELINYU21665-8-60,Unknown,352166508
/vessels/details/356765504,383-0431,Unknown,356765504
/vessels/details/352166530,ZHELINYU21665-30-,Unknown,352166530
/vessels/details/352196813,LIN21968-13-53,Unknown,352196813
/vessels/details/370222002,YU 3702 -2 99,Unknown,370222002
/vessels/details/372132811,LIN 21328-11-92,Unknown,372132811
/vessels/details/356650007,35665-799,Unknown,356650007
/vessels/details/353660011,35366-11-38,Unknown,353660011
/vessels/details/351300925,XIANG13009-25-48,Unknown,351300925
/vessels/details/351219919,ZHELINYU12199-19-56,Unknown,351219919
/vessels/details/352490022,35249-22-56,Unknown,352490022
/vessels/details/353110014,35311-1499,Unknown,353110014
/vessels/details/353136107,35313-7-78,Unknown,353136107
/vessels/details/357890030,35789-30-93,Unknown,357890030
/vessels/details/351880036,35188-36-88,Unknown,351880036
/vessels/details/371228727,69273-17-99,Unknown,371228727
/vessels/details/351219915,ZHELINYU12199-15-92,Unknown,351219915
/vessels/details/355850027,35585-27-82,Unknown,355850027
/vessels/details/370222010,YU 3702 -10 99,Unknown,370222010
/vessels/details/354219194,LIN21919-4-82,Unknown,354219194
/vessels/details/355563213,01533-13-93,Unknown,355563213
/vessels/details/352490006,35249-06-99,Unknown,352490006
/vessels/details/351219805,ZHELINYU12198-05-91,Unknown,351219805
/vessels/details/355810055,35581-55-85,Unknown,355810055
/vessels/details/354560120,455-41 5V2,Unknown,354560120
/vessels/details/355600773,3556-123-79,Unknown,355600773
/vessels/details/355850007,35585-7-83,Unknown,355850007
/vessels/details/352490018,35249-18-99,Unknown,352490018
/vessels/details/353721679,ZHELIN21679-357.6V,Unknown,353721679
/vessels/details/9609380,KINOA 4307,Platform,9609380
/vessels/details/351266664,LIZONG-4 86,Unknown,351266664
/vessels/details/351219822,ZHELINYU12198-22-50,Unknown,351219822
/vessels/details/352490035,35249-35-75,Unknown,352490035
/vessels/details/374764000,ADMARINE 88,Unknown,374764000
/vessels/details/355600006,3556-6-72,Unknown,355600006
/vessels/details/371721550,XYY21550-377.6V,Unknown,371721550
/vessels/details/372175201,21752-1-56,Unknown,372175201
/vessels/details/352490025,35249-25-53,Unknown,352490025
/vessels/details/355213216,LIN21321-A6-55,Unknown,355213216
/vessels/details/352220002,35222-2-73,Unknown,352220002
/vessels/details/371156912,3711-12-73,Unknown,371156912
/vessels/details/352139321,LIN21393-21-71,Unknown,352139321
/vessels/details/355600575,3556-129-78,Unknown,355600575
/vessels/details/356129326,LIN12932-6-70,Unknown,356129326
/vessels/details/352055862,SHENG05586-2-99,Unknown,352055862
/vessels/details/355632810,3556-A10-05,Unknown,355632810
/vessels/details/355810021,35581-2162,Unknown,355810021
/vessels/details/352490011,35249-11-91,Unknown,352490011
/vessels/details/357218877,LIN21887-7-84,Unknown,357218877
/vessels/details/354000034,35400-34-61,Unknown,354000034
/vessels/details/351203825,LIN12038-25-99,Unknown,351203825
/vessels/details/355260044,35526-44-89,Unknown,355260044
/vessels/details/352220003,35222-3-51,Unknown,352220003
/vessels/details/372186911,LIN 21869-11-99,Unknown,372186911
/vessels/details/353080096,35308-96,Unknown,353080096
/vessels/details/354230008,35423-8 17,Unknown,354230008
/vessels/details/355810005,35581-5-83,Unknown,355810005
/vessels/details/352167715,LIN21677-15-62,Unknown,352167715
/vessels/details/355869645,3558-45-02,Unknown,355869645
/vessels/details/353000023,353-23-69,Unknown,353000023
/vessels/details/352153525,LIN21535-25-49,Unknown,352153525
/vessels/details/355980038,35598-38-68,Unknown,355980038
/vessels/details/351070004,35107-4-99,Unknown,351070004
/vessels/details/355260030,35526-30-80,Unknown,355260030
/vessels/details/352240023,XIANG24002-3-95,Unknown,352240023
/vessels/details/353660012,35366-12-73,Unknown,353660012
/vessels/details/354290014,35429-1488,Unknown,354290014
/vessels/details/353695555,35369-5-62,Unknown,353695555
/vessels/details/351550003,35155-3-78,Unknown,351550003
/vessels/details/353970003,35397-3-95,Unknown,353970003
/vessels/details/356700098,JILEYU3567-98-93,Unknown,356700098
/vessels/details/353000041,353-41-86,Unknown,353000041
/vessels/details/353480009,35348-9-97,Unknown,353480009
/vessels/details/372159217,LIN21592-17-82,Unknown,372159217
/vessels/details/357777708,ZHESANYU77777-08-84,Unknown,357777708
/vessels/details/357220023,35722-23-99,Unknown,357220023
/vessels/details/356890018,35689-18-50,Unknown,356890018
/vessels/details/351221381,LIN21381-74,Unknown,351221381
/vessels/details/352101715,LIN21017-15-99,Unknown,352101715
/vessels/details/355280007,35528-7-62,Unknown,355280007
/vessels/details/356820075,35682-75 96,Unknown,356820075
/vessels/details/353100012,35310-12-99,Unknown,353100012
/vessels/details/355260029,35526-29-81,Unknown,355260029
/vessels/details/356210572,LIN21057-2-46,Unknown,356210572
/vessels/details/351990026,35199-26,Unknown,351990026
/vessels/details/352021563,ZHE21563-35-94,Unknown,352021563
/vessels/details/371156928,3711-28-99,Unknown,371156928
/vessels/details/351219912,ZHELINYU12199-12-93,Unknown,351219912
/vessels/details/352189015,LIN21890-15-90,Unknown,352189015
/vessels/details/351190013,35119-13-48,Unknown,351190013
/vessels/details/355260001,35526-1-98,Unknown,355260001
/vessels/details/356780006,35678-6-75,Unknown,356780006
/vessels/details/354120101,35412-101-98,Unknown,354120101
/vessels/details/371218017,LIN12180-17-99,Unknown,371218017
/vessels/details/356216589,LIN 21658-9-02,Unknown,356216589
/vessels/details/354600012,35460-12-55,Unknown,354600012
/vessels/details/355588814,555888-14-14,Unknown,355588814
/vessels/details/356660013,35666-13-38,Unknown,356660013
/vessels/details/352166503,ZHELINYU21665-3-84,Unknown,352166503
/vessels/details/355216655,A21665-5-64,Unknown,355216655
/vessels/details/370296806,BIAO 02968-6-90,Unknown,370296806
/vessels/details/352192925,LIN21929-25-87,Unknown,352192925
/vessels/details/351219923,ZHELINYU12199-23-97,Unknown,351219923
/vessels/details/353660039,35366-39-63,Unknown,353660039
/vessels/details/353535355,29810-5-79,Unknown,353535355
/vessels/details/353120011,35312-11-90,Unknown,353120011
/vessels/details/370111111,CUONG LXU NOI-D21,Unknown,370111111
/vessels/details/352890037,35289-37 83,Unknown,352890037
/vessels/details/352005462,MONARCA 1,Unknown,352005462
/vessels/details/355978609,3559HAIZHEWANG-NAN,Unknown,355978609
/vessels/details/356820184,35682-84 96,Unknown,356820184
/vessels/details/351620021,35162-21 10,Unknown,351620021
/vessels/details/351990013,35199-13 7V5,Unknown,351990013
/vessels/details/356636203,3566-3-81,Unknown,356636203
/vessels/details/356980004,35698-4 7V5,Unknown,356980004
/vessels/details/354120073,35412-73-80,Unknown,354120073
/vessels/details/370213931,LIN21393-1-68,Unknown,370213931
/vessels/details/351219821,ZHELINYU12198-21-91,Unknown,351219821
/vessels/details/353000039,353-39-86,Unknown,353000039
/vessels/details/356990004,35699-4 30,Unknown,356990004
/vessels/details/351215551,LIN 21555-1-44,Unknown,351215551
/vessels/details/354270044,35427-44,Unknown,354270044
/vessels/details/357890027,35789-27-73,Unknown,357890027
/vessels/details/356626308,3566-3877,Unknown,356626308
/vessels/details/351228710,LIN12287-10-67,Unknown,351228710
/vessels/details/356780023,35678-23-93,Unknown,356780023
/vessels/details/8771370,LAFFAN,Platform,8771370
/vessels/details/351211310,LIZONG-10 96,Unknown,351211310
/vessels/details/352220048,35222-48-94,Unknown,352220048
/vessels/details/356230105,BUOY05-99,Unknown,356230105
/vessels/details/352162830,LIN 21628-30-91,Unknown,352162830
/vessels/details/374240027,XIANG24002-7-65,Unknown,374240027
/vessels/details/355550003,35555-3-48,Unknown,355550003
/vessels/details/355550025,35555-25-42,Unknown,355550025
/vessels/details/352149820,LIN 21498-20-61,Unknown,352149820
/vessels/details/371208421,LIN 12084-21-32,Unknown,371208421
/vessels/details/355888809,SAN 58888-9-74,Unknown,355888809
/vessels/details/355280005,35528-5-95,Unknown,355280005
/vessels/details/355950002,35595-2-80,Unknown,355950002
/vessels/details/353970018,35397-18-99,Unknown,353970018
/vessels/details/355260034,35526-34-84,Unknown,355260034
/vessels/details/352198931,LIN 21989-31-66,Unknown,352198931
/vessels/details/352190912,LIN21909-12-99,Unknown,352190912
/vessels/details/351869077,3518-7-77,Unknown,351869077
/vessels/details/354270052,35427-52-47,Unknown,354270052
/vessels/details/353330010,353330010 9V,Unknown,353330010
/vessels/details/356771717,35677-17-95,Unknown,356771717
/vessels/details/352123815,LIN21238-15-76,Unknown,352123815
/vessels/details/351650006,LIAOYINGYU35165-6,Unknown,351650006
/vessels/details/370910906,11808-06-50,Unknown,370910906
/vessels/details/352171852,ZHELINYU21718-52-99,Unknown,352171852
/vessels/details/9604213,WEST ECLIPSE,Platform,9604213
/vessels/details/352800550,25687-10-95,Unknown,352800550
/vessels/details/352193925,LIN21939-25-05,Unknown,352193925
/vessels/details/354217455,LIN21745-5-98,Unknown,354217455
/vessels/details/351215521,ZHELINYU12155-21-33,Unknown,351215521
/vessels/details/356890019,35689-19-58,Unknown,356890019
/vessels/details/356693434,35669-34,Unknown,356693434
/vessels/details/351166705,11667-K5-87,Unknown,351166705
/vessels/details/351239215,LIN12932-15-74,Unknown,351239215
/vessels/details/353100007,35310-7-99,Unknown,353100007
/vessels/details/357890029,35789-29-93,Unknown,357890029
/vessels/details/353250028,35325-28,Unknown,353250028
/vessels/details/353020002,35302-2-89,Unknown,353020002
/vessels/details/357258016,2066,Unknown,357258016
/vessels/details/354120023,35412-23 6V3,Unknown,354120023
/vessels/details/356280001,35628-1-71,Unknown,356280001
/vessels/details/354230002,354230002,Unknown,354230002
/vessels/details/355260027,35526-27-84,Unknown,355260027
/vessels/details/357890001,35789-1-69,Unknown,357890001
/vessels/details/354712880,LG12880-358.0V,Unknown,354712880
/vessels/details/356701660,3567-68-99,Unknown,356701660
/vessels/details/351218972,LIN21897-2-56,Unknown,351218972
/vessels/details/353950036,35395-36-31,Unknown,353950036
/vessels/details/353391111,35339-1,Unknown,353391111
/vessels/details/351970004,35197-4-00000000,Unknown,351970004
/vessels/details/355810024,35581-2420,Unknown,355810024
/vessels/details/356650039,35665-3979,Unknown,356650039
/vessels/details/351550017,35155-17-68,Unknown,351550017
/vessels/details/356666662,35666-2-54,Unknown,356666662
/vessels/details/355280003,35528-3-64,Unknown,355280003
/vessels/details/352177605,21776-5-83,Unknown,352177605
/vessels/details/353950021,35395-21,Unknown,353950021
/vessels/details/355198703,3551-4-48,Unknown,355198703
/vessels/details/357777001,7777-1-99,Unknown,357777001
/vessels/details/351550008,35155-08-64,Unknown,351550008
/vessels/details/371290912,8412909-12-78,Unknown,371290912
/vessels/details/356890003,35689-3-16,Unknown,356890003
/vessels/details/357777008,7777-8-99,Unknown,357777008
/vessels/details/352199304,ZHELINYU21993-4-39,Unknown,352199304
/vessels/details/352162220,LIN21622-20-85,Unknown,352162220
/vessels/details/356990012,35699-12-68,Unknown,356990012
/vessels/details/356280028,35628-28-91,Unknown,356280028
/vessels/details/356660024,35666-24-54,Unknown,356660024
/vessels/details/357220042,35722-42-95,Unknown,357220042
/vessels/details/353970028,35397-28-59,Unknown,353970028
/vessels/details/371609000,LN102,Unknown,371609000
/vessels/details/372800017,3728-17,Unknown,372800017
/vessels/details/353257777,35325-7,Unknown,353257777
/vessels/details/352490008,35249-8-88,Unknown,352490008
/vessels/details/351800026,3518-26-67,Unknown,351800026
/vessels/details/353777788,SANYU77788-358.2V,Unknown,353777788
/vessels/details/352218876,LIN 21887-6-98,Unknown,352218876
/vessels/details/356700002,3567-273,Unknown,356700002
/vessels/details/352171000,HYWT 305,Unknown,352171000
/vessels/details/352149819,LIN 21498-19-88,Unknown,352149819
/vessels/details/355869615,3558-15-30,Unknown,355869615
/vessels/details/353090019,353090019,Unknown,353090019
/vessels/details/354885784,LU88578-4-37,Unknown,354885784
/vessels/details/355810058,35581-58-68,Unknown,355810058
/vessels/details/351710017,35171-17,Unknown,351710017
/vessels/details/370946626,17298-16-83,Unknown,370946626
/vessels/details/372188922,LIN21889-22-99,Unknown,372188922
/vessels/details/357890003,35789-3-79,Unknown,357890003
/vessels/details/352220016,35222-16-55,Unknown,352220016
/vessels/details/354120001,35412-1 95,Unknown,354120001
/vessels/details/352490009,35249-09-99,Unknown,352490009
/vessels/details/373388947,33889-47-97,Unknown,373388947
/vessels/details/355260049,35526-49-81,Unknown,355260049
/vessels/details/371228731,LIN 12287-31-66,Unknown,371228731
/vessels/details/355550014,35555-14-43,Unknown,355550014
/vessels/details/356280031,35628-31-71,Unknown,356280031
/vessels/details/351803017,3518-17-22,Unknown,351803017
/vessels/details/353420009,35342-0999,Unknown,353420009
/vessels/details/354698745,047777777- 68,Unknown,354698745
/vessels/details/356280026,35628-26-87,Unknown,356280026
/vessels/details/353080047,35308-47-89,Unknown,353080047
/vessels/details/355590021,35559-21 10,Unknown,355590021
/vessels/details/354159207,SUHAYU03258-12027,Unknown,354159207
/vessels/details/352800011,352800011-99,Unknown,352800011
/vessels/details/372159602,ZHELINYU21596-02-91,Unknown,372159602
/vessels/details/352189655,LIN21896-55-59,Unknown,352189655
/vessels/details/352790016,35279-16-34,Unknown,352790016
/vessels/details/352703122,XIANG 27031-22-73,Unknown,352703122
/vessels/details/351005992,SAN 00599-2-69,Unknown,351005992
/vessels/details/351710002,35171-2-80,Unknown,351710002
/vessels/details/356980009,35698-9,Unknown,356980009
/vessels/details/356290008,35629-8 7V4,Unknown,356290008
/vessels/details/351070005,35107-5-99,Unknown,351070005
/vessels/details/355883317,13086-17-17 30,Unknown,355883317
/vessels/details/351978814,LIN19788-14-49,Unknown,351978814
/vessels/details/351290806,BIAO 02908-6-88,Unknown,351290806
/vessels/details/354120053,35412-53-23,Unknown,354120053
/vessels/details/355220204,ZHESHENGYU05355-4,Unknown,355220204
/vessels/details/351880016,35188-16,Unknown,351880016
/vessels/details/373283718,P3 LONG GE 983,Unknown,373283718
/vessels/details/351213519,LIN 12135-19-36,Unknown,351213519
/vessels/details/370459759,04597-59-46,Unknown,370459759
/vessels/details/356850044,35685-44 7V3,Unknown,356850044
/vessels/details/352990013,35299-13-51,Unknown,352990013
/vessels/details/355869678,3558-78-75,Unknown,355869678
/vessels/details/356850007,35685-7-96,Unknown,356850007
/vessels/details/356890007,35689-7-88,Unknown,356890007
/vessels/details/370511605,YU 05116-94,Unknown,370511605
/vessels/details/371733201,JINHAI HE 201,Unknown,371733201
/vessels/details/352159619,ZHELINYU21596-19-99,Unknown,352159619
/vessels/details/357220028,LIAOSUIHU35722-2899,Unknown,357220028
/vessels/details/351271125,LIN12711-25-98,Unknown,351271125
/vessels/details/351070012,35107-12-99,Unknown,351070012
/vessels/details/372197817,LIN21978-17-83,Unknown,372197817
/vessels/details/355600102,3556-102-83,Unknown,355600102
/vessels/details/356078161,LIN07816-1-78,Unknown,356078161
/vessels/details/354230009,35423-9,Unknown,354230009
/vessels/details/356820030,35682-30 7V0,Unknown,356820030
/vessels/details/356280011,35628-11-62,Unknown,356280011
/vessels/details/355199023,3551-23-77,Unknown,355199023
/vessels/details/351550026,35155-26-55,Unknown,351550026
/vessels/details/354000695,LIN00069-5-80,Unknown,354000695
/vessels/details/351277777,LIZONG-7 91,Unknown,351277777
/vessels/details/355850034,35585-3464,Unknown (HAZ-B),355850034
/vessels/details/356290033,35629-33 7V0,Unknown,356290033
/vessels/details/357777720,ZHESANYU77777-20-65,Unknown,357777720
/vessels/details/355869601,3558-1-51,Unknown,355869601
/vessels/details/353950023,35395-23,Unknown,353950023
/vessels/details/351620025,35162-25 40,Unknown,351620025
/vessels/details/355980032,35598-32-77,Unknown,355980032
/vessels/details/352220027,35222-27-99,Unknown,352220027
/vessels/details/9776834,VIVEKANAND 3,Unknown,9776834
/vessels/details/351221021,3512-21 40,Unknown,351221021
/vessels/details/354120060,35412-60-73,Unknown,354120060
/vessels/details/353535002,52,Unknown,353535002
/vessels/details/351233919,LIN 12339-19-99,Unknown,351233919
/vessels/details/352184816,ZHELINYU21848-16-,Unknown,352184816
/vessels/details/351803020,3518-20,Unknown,351803020
/vessels/details/352138115,LIN21381-15-67,Unknown,352138115
/vessels/details/357220014,35722-14-96,Unknown,357220014
/vessels/details/370933706,SUGANYU09337-6-,Unknown,370933706
/vessels/details/352220031,35222-31 90,Unknown,352220031
/vessels/details/356698737,3566-37-91,Unknown,356698737
/vessels/details/356650003,35665-399,Unknown,356650003
/vessels/details/352219002,A21900-2-51,Unknown,352219002
/vessels/details/355260011,35526-11-99,Unknown,355260011
/vessels/details/356636229,3566-29-79,Unknown,356636229
/vessels/details/8755699,ARAS DRILLER,Platform,8755699
/vessels/details/356701654,3567-62-96,Unknown,356701654
/vessels/details/352181682,LIN18168-2-99,Unknown,352181682
/vessels/details/352219913,LIN21991-3-75,Unknown,352219913
/vessels/details/356820029,35682-29,Unknown,356820029
/vessels/details/371208410,LIN 12084-10-81,Unknown,371208410
/vessels/details/356990025,35699-25-90,Unknown,356990025
/vessels/details/353213213,A21321-3-98,Unknown,353213213
/vessels/details/355280010,35528-5-68,Unknown,355280010
/vessels/details/351219237,LIN21923-7-34,Unknown,351219237
/vessels/details/354510005,LHY 35451-5 7V3,Unknown,354510005
/vessels/details/352125813,LIN 21258-AAA13-92,Unknown,352125813
/vessels/details/351211115,LIZONG-15 90,Unknown,351211115
/vessels/details/357220044,35722-44-99,Unknown,357220044
/vessels/details/352125118,LIN21251-18-87,Unknown,352125118
/vessels/details/352158706,LIN 21587-6-72,Unknown,352158706
/vessels/details/357870010,35787-10 46,Unknown,357870010
/vessels/details/355869605,3558-5-46,Unknown,355869605
/vessels/details/356650015,35665-15-99,Unknown,356650015
/vessels/details/354120071,35412-71-99,Unknown,354120071
/vessels/details/353080044,35308-44-93,Unknown,353080044
/vessels/details/372216731,LIN21673-1-69,Unknown,372216731
/vessels/details/356660037,35666-37 95,Unknown,356660037
/vessels/details/356600081,3566-1-98,Unknown,356600081
/vessels/details/356850005,35685-5 66,Unknown,356850005
/vessels/details/356019626,02962-6-99,Unknown,356019626
/vessels/details/371013271,MIN01327-1-99,Unknown,371013271
/vessels/details/355810049,35581-49-13,Unknown,355810049
/vessels/details/372527000,TUNA PESCA,Unknown (HAZ-A),372527000
/vessels/details/372157817,LIN21578-17-57,Unknown,372157817
/vessels/details/353080888,35308-888-99,Unknown,353080888
/vessels/details/351215520,ZHELINYU12155-20-48,Unknown,351215520
/vessels/details/352890015,35289-15-73,Unknown,352890015
/vessels/details/353970016,35397-16-99,Unknown,353970016
/vessels/details/355588803,555888-3-18,Unknown,355588803
/vessels/details/355869664,3558-64-80,Unknown,355869664
/vessels/details/354270045,35427-45,Unknown,354270045
/vessels/details/355810032,35581-32 41,Unknown,355810032
/vessels/details/370946653,06099-B3-57,Unknown,370946653
/vessels/details/372138812,LIN21388-12-78,Unknown,372138812
/vessels/details/351550031,35155-31-63,Unknown,351550031
/vessels/details/372191844,LIN 21918-44-99,Unknown,372191844
/vessels/details/352129813,LIN12981-3-60,Unknown,352129813
/vessels/details/354120015,35412-15 97,Unknown,354120015
/vessels/details/352800012,352800012-95,Unknown,352800012
/vessels/details/372192217,LIN21922-17-71,Unknown,372192217
/vessels/details/356770002,35677-2-74,Unknown,356770002
/vessels/details/372100912,LIN21009-12-46,Unknown,372100912
/vessels/details/356890006,35689-6-66,Unknown,356890006
/vessels/details/354120117,35412-117-98,Unknown,354120117
/vessels/details/351899920,18999-20-94,Unknown,351899920
/vessels/details/351219918,ZHELINYU12199-18-49,Unknown,351219918
/vessels/details/356280015,35628-15-72,Unknown,356280015
/vessels/details/351660107,35166-107 89,Unknown,351660107
/vessels/details/355299942,LIAOYINGYU52999-1,Unknown,355299942
/vessels/details/351550089,35155-89-79,Unknown,351550089
/vessels/details/352575555,35257-5-81,Unknown,352575555
/vessels/details/372133918,21339-18-72,Unknown,372133918
/vessels/details/356280027,35628-27-89,Unknown,356280027
/vessels/details/371156903,3711-3-62,Unknown,371156903
/vessels/details/353218894,LIN21889-4-84,Unknown,353218894
/vessels/details/351219819,ZHELINYU12198-19-40,Unknown,351219819
/vessels/details/356650022,35665-2296,Unknown,356650022
/vessels/details/353970008,35397-8-58,Unknown,353970008
/vessels/details/355869647,3558-47-59,Unknown,355869647
/vessels/details/353535360,29810-10-92,Unknown,353535360
/vessels/details/352220037,35222-37-67,Unknown,352220037
/vessels/details/352850016,LIAOSUIYU35285-1696,Unknown,352850016
/vessels/details/355199024,3551-24-49,Unknown,355199024
/vessels/details/356990015,35699-15-79,Unknown,356990015
/vessels/details/356700096,JILEYU3567-96-96,Unknown,356700096
/vessels/details/356850040,35685-40 88,Unknown,356850040
/vessels/details/372200012,37220-12-99,Unknown,372200012
/vessels/details/352990070,21168-170-97,Unknown,352990070
/vessels/details/356006204,3566-18-76,Unknown,356006204
/vessels/details/356990017,35699-17-48,Unknown,356990017
/vessels/details/356820088,35682-88 98,Unknown,356820088
/vessels/details/372183833,LIN21838-33-99,Unknown,372183833
/vessels/details/356701658,3567-66-99,Unknown,356701658
/vessels/details/357890007,35789-7-73,Unknown,357890007
/vessels/details/351215532,ZHELINYU12155-32-28,Unknown,351215532
/vessels/details/355280031,35528-31,Unknown,355280031
/vessels/details/355280027,35528-27-98,Unknown,355280027
/vessels/details/351208757,LIN12087-57-41,Unknown,351208757
/vessels/details/356780004,35678-4-65,Unknown,356780004
/vessels/details/352123395,LIN 12339-5-96,Unknown,352123395
/vessels/details/351880006,35188-6-95,Unknown,351880006
/vessels/details/372180817,LIN21808-17-56,Unknown,372180817
/vessels/details/352189714,LIN 21897-14-55,Unknown,352189714
/vessels/details/355590018,HAIYANG-30-99,Unknown,355590018
/vessels/details/356890025,35689-25-02,Unknown,356890025
/vessels/details/351550075,35155-75-73,Unknown,351550075
/vessels/details/355101141,3551-57-78,Unknown,355101141
/vessels/details/355199002,3551-2-88,Unknown,355199002
/vessels/details/352571010,35257-10-76,Unknown,352571010
/vessels/details/351231915,LIN 12319-15-47,Unknown,351231915
/vessels/details/355550036,35555-36-53,Unknown,355550036
/vessels/details/355280032,35528-32-99,Unknown,355280032
/vessels/details/356121286,LIN12128-6-76,Unknown,356121286
/vessels/details/352184810,FUDINGYU06767-12-66,Unknown,352184810
/vessels/details/357180004,LIAOSUIYU35718-4-99,Unknown,357180004
/vessels/details/353020010,35302-10-99,Unknown,353020010
/vessels/details/355212586,LIN21258-6-71,Unknown,355212586
/vessels/details/372133312,LIN21333-12-80,Unknown,372133312
/vessels/details/355810038,35581-38 74,Unknown,355810038
/vessels/details/353250082,35325-82,Unknown,353250082
/vessels/details/357220047,35722-47-99,Unknown,357220047
/vessels/details/356650025,35665-2594,Unknown,356650025
/vessels/details/351000102,351-98,Unknown,351000102
/vessels/details/352001424,DORAMOR IV,Unknown,352001424
/vessels/details/355260022,35526-22-81,Unknown,355260022
/vessels/details/355869636,3558-36-89,Unknown,355869636
/vessels/details/357870014,35787-14 91,Unknown,357870014
/vessels/details/355101138,3551-54-86,Unknown,355101138
/vessels/details/357777715,ZHESANYU77777-15-41,Unknown,357777715
/vessels/details/351620026,35162-26-98,Unknown,351620026
/vessels/details/354671289,06685-2-02,Unknown,354671289
/vessels/details/353970002,35397-2-78,Unknown,353970002
/vessels/details/352220047,35222-47-67,Unknown,352220047
/vessels/details/354219534,A21953-4-97,Unknown,354219534
/vessels/details/354600014,35460-14-65,Unknown,354600014
/vessels/details/352890040,35289-40 7V9,Unknown,352890040
/vessels/details/356280034,35628-34-97,Unknown,356280034
/vessels/details/355869610,3558-10-99,Unknown,355869610
/vessels/details/356212996,LIN21299-6-89,Unknown,356212996
/vessels/details/352153924,LIN 21539-24,Unknown,352153924
/vessels/details/354120004,35412-4 0,Unknown,354120004
/vessels/details/356280016,35628-16-86,Unknown,356280016
/vessels/details/355810007,35581-7-99,Unknown,355810007
/vessels/details/355123555,LIN12355-5-44,Unknown,355123555
/vessels/details/372180117,LIN21801-17-79,Unknown,372180117
/vessels/details/355101144,3551-60-84,Unknown,355101144
/vessels/details/356990075,35699-75-31,Unknown,356990075
/vessels/details/355260003,35526-3-98,Unknown,355260003
/vessels/details/352348309,FRANKLIN,Unknown,352348309
/vessels/details/355869631,3558-31-53,Unknown,355869631
/vessels/details/370438810,04388-10-88,Unknown,370438810
/vessels/details/352220006,35222-6-85,Unknown,352220006
/vessels/details/356850041,35685-41 7V3,Unknown,356850041
/vessels/details/351819986,18199-86-81,Unknown,351819986
/vessels/details/9759367,PESTO 4502,Platform,9759367
/vessels/details/353080042,35308-42-66,Unknown,353080042
/vessels/details/352220010,35222-10-57,Unknown,352220010
/vessels/details/357777703,ZHESANYU77777-03-82,Unknown,357777703
/vessels/details/370139577,ZHEDAIYU01395-77-67,Unknown,370139577
/vessels/details/352123123,YANTAITIANSHENG,Unknown,352123123
/vessels/details/371212217,LIN12122-17-79,Unknown,371212217
/vessels/details/356990037,35699-37-78,Unknown,356990037
/vessels/details/352166507,ZHELINYU21665-7-83,Unknown,352166507
/vessels/details/352132114,LIN21321-A14-87,Unknown,352132114
/vessels/details/371198635,3711-35,Unknown,371198635
/vessels/details/356848000,SOVEREIGN GRACE,Unknown,356848000
/vessels/details/372009817,20098-17-99,Unknown,372009817
/vessels/details/355181685,LIN18168-5-98,Unknown,355181685
/vessels/details/352138885,35213-58.2V,Unknown,352138885
/vessels/details/356990030,35699-30-83,Unknown,356990030
/vessels/details/351550082,35155-82-74,Unknown,351550082
/vessels/details/353622727,35362-27-90,Unknown,353622727
/vessels/details/352158243,LIN21582-43-80,Unknown,352158243
/vessels/details/355587625,3555-25-02,Unknown,355587625
/vessels/details/352636711,7007-43-54,Unknown,352636711
/vessels/details/356290019,35629-19 7V0,Unknown,356290019
/vessels/details/353123396,LIN 12339-6-62,Unknown,353123396
/vessels/details/353950045,35395-45-92,Unknown,353950045
/vessels/details/370880336,08803-36-97,Unknown,370880336
/vessels/details/351070050,35107-50-10,Unknown,351070050
/vessels/details/372192327,LIN21923-27-83,Unknown,372192327
/vessels/details/351219781,LIN 21978-1-81,Unknown,351219781
/vessels/details/351219823,ZHELINYU12198-23-13C,Unknown,351219823
/vessels/details/356290007,35629-7 7V2,Unknown,356290007
/vessels/details/357890011,35789-11 74,Unknown,357890011
/vessels/details/354120002,35412-2 80,Unknown,354120002
/vessels/details/355230905,ZHEDAIYU02203-26-96,Unknown,355230905
/vessels/details/352133928,LIN21339-28-98,Unknown,352133928
/vessels/details/353020007,35302-7-89,Unknown,353020007
/vessels/details/357216218,LIN21621-8-53,Unknown,357216218
/vessels/details/352100916,LIN21009-16-55,Unknown,352100916
/vessels/details/355850011,35585-11-59,Unknown,355850011
/vessels/details/355625027,3556-27-92,Unknown,355625027
/vessels/details/353620010,35362-10,Unknown,353620010
/vessels/details/355199019,3551-19-81,Unknown,355199019
/vessels/details/352199302,ZHELINYU21993-2-54,Unknown,352199302
/vessels/details/372021931,ZHE21931-37,Unknown,372021931
/vessels/details/352199307,ZHELINYU21993-7-40,Unknown,352199307
/vessels/details/372290818,BIAO 02908-18-88,Unknown,372290818
/vessels/details/355666666,SAIYANG456,Unknown,355666666
/vessels/details/356771919,35677-19-99,Unknown,356771919
/vessels/details/351803019,3518-19-99,Unknown,351803019
/vessels/details/356515234,56515-234-93,Unknown,356515234
/vessels/details/8768830,WEST VIGILANT,Platform,8768830
/vessels/details/353950033,35395-33-90,Unknown,353950033
/vessels/details/351880007,35188-7-84,Unknown,351880007
/vessels/details/352169921,LIN21699-21-97,Unknown,352169921
/vessels/details/357870013,35787-13 85,Unknown,357870013
/vessels/details/352171858,ZHELINYU21718-58-99,Unknown,352171858
/vessels/details/370511604,YU 05116-94,Unknown,370511604
/vessels/details/357777701,ZHESANYU77777-01-73,Unknown,357777701
/vessels/details/353213998,LIN 21399-8-80,Unknown,353213998
/vessels/details/355869616,3558-16-59,Unknown,355869616
/vessels/details/351070014,35107-14-99,Unknown,351070014
/vessels/details/355600573,3556-127-92,Unknown,355600573
/vessels/details/352890035,35289-35-82,Unknown,352890035
/vessels/details/352184823,ZHELINYU21848-23-,Unknown,352184823
/vessels/details/356850043,35685-43-95,Unknown,356850043
/vessels/details/356660014,35666-14-45,Unknown,356660014
/vessels/details/352184833,ZHELINYU21848-33-,Unknown,352184833
/vessels/details/353123388,LIN12338-8-78,Unknown,353123388
/vessels/details/355810041,35581-41,Unknown,355810041
/vessels/details/355123551,LIN12355-1-47,Unknown,355123551
/vessels/details/354721579,LG 21579-358.1V,Unknown,354721579
/vessels/details/372196837,LIN21968-37-83,Unknown,372196837
/vessels/details/351950005,35195-5-43,Unknown,351950005
/vessels/details/351202261,LIN12022-61-67,Unknown,351202261
/vessels/details/351211110,LIZONG-10 27,Unknown,351211110
/vessels/details/351214955,7688-9-95,Unknown,351214955
/vessels/details/371272125,LIN12721-25-99,Unknown,371272125
/vessels/details/357890028,35789-28-66,Unknown,357890028
/vessels/details/354230030,35423-30,Unknown,354230030
/vessels/details/356898824,LIN68988-24-84,Unknown,356898824
/vessels/details/356820069,35682-69,Unknown,356820069
/vessels/details/374213935,LIN21393-5-57,Unknown,374213935
/vessels/details/357800003,3578-3-98,Unknown,357800003
/vessels/details/357777702,ZHESANYU77777-02-51,Unknown,357777702
/vessels/details/356290002,35629-2 7V3,Unknown,356290002
/vessels/details/353660023,35366-23-69,Unknown,353660023
/vessels/details/352153825,LIN21538-25-56,Unknown,352153825
/vessels/details/374092744,MINH HUNG 2 B28,Unknown,374092744
/vessels/details/351219816,ZHELINYU12198-16-92,Unknown,351219816
/vessels/details/373888883,SAN88888-3-55,Unknown,373888883
/vessels/details/355632807,3556-A7-51,Unknown,355632807
/vessels/details/356820080,35682-80 90,Unknown,356820080
/vessels/details/356990036,35699-36-99,Unknown,356990036
/vessels/details/355216785,A21678-5-96,Unknown,355216785
/vessels/details/355869659,3558-59-99,Unknown,355869659
/vessels/details/353500899,OO899-35-69,Unknown,353500899
/vessels/details/355869667,3558-67-87,Unknown,355869667
/vessels/details/353970032,35397-32-43,Unknown,353970032
/vessels/details/371186922,3711-22-99,Unknown,371186922
/vessels/details/370059912,SAN 00599-12-32,Unknown,370059912
/vessels/details/355850012,35585-12-99,Unknown,355850012
/vessels/details/352184808,ZHELINYU21848-8-90,Unknown,352184808
/vessels/details/351620024,35162-24,Unknown,351620024
/vessels/details/355810052,35581-52-77,Unknown,355810052
/vessels/details/354654767,BIEN XANH A36-70,Unknown,354654767
/vessels/details/372163917,LIN21639-17-17,Unknown,372163917
/vessels/details/353100008,35310-8-99,Unknown,353100008
/vessels/details/355869618,3558-18-82,Unknown,355869618
/vessels/details/372199918,LIN21999-18-92,Unknown,372199918
/vessels/details/356850055,35685-55 6V6,Unknown,356850055
/vessels/details/355999215,043669999-10 40,Unknown,355999215
/vessels/details/355566502,DAQI-289,Unknown,355566502
/vessels/details/356980016,35698-16-91,Unknown,356980016
/vessels/details/351990017,35199-17,Unknown,351990017
/vessels/details/355123384,LIN12338-4-65,Unknown,355123384
/vessels/details/353000035,353-35-70,Unknown,353000035
/vessels/details/353660043,35366-43-83,Unknown,353660043
/vessels/details/372135909,LIN 21359-9-67,Unknown,372135909
/vessels/details/372139911,LIN 21399-11-74,Unknown,372139911
/vessels/details/354218775,LIN21877-5-90,Unknown,354218775
/vessels/details/356650018,35665-18,Unknown,356650018
/vessels/details/354270017,35427-17 90,Unknown,354270017
/vessels/details/351880019,35188-19,Unknown,351880019
/vessels/details/356820068,35682-68,Unknown,356820068
/vessels/details/352189515,LIN21895-15-83,Unknown,352189515
/vessels/details/356230114,BUOY14-99,Unknown,356230114
/vessels/details/351219909,ZHELINYU12199-09-55,Unknown,351219909
/vessels/details/357870037,35787-3788,Unknown,357870037
/vessels/details/356220003,LIAOSUIYU35622-3-74,Unknown,356220003
/vessels/details/356700005,3567-568,Unknown,356700005
/vessels/details/351218761,A21876-1-99,Unknown,351218761
/vessels/details/352220014,35222-14-53,Unknown,352220014
/vessels/details/356980014,35698-14-75,Unknown,356980014
/vessels/details/352190010,A21900-10-35,Unknown,352190010
/vessels/details/353990099,35399-99-62,Unknown,353990099
/vessels/details/352186919,LIN 21869-19-67,Unknown,352186919
/vessels/details/357870018,35787-18 55,Unknown,357870018
/vessels/details/357770004,35777-4-89,Unknown,357770004
/vessels/details/356636230,3566-30-42,Unknown,356636230
/vessels/details/356780020,35678-20-72,Unknown,356780020
/vessels/details/357220002,35722-2-99,Unknown,357220002
/vessels/details/355587622,3555-22-74,Unknown,355587622
/vessels/details/353660045,35366-45-70,Unknown,353660045
/vessels/details/351215537,ZHELINYU12155-37-48,Unknown,351215537
/vessels/details/356850017,35685-17-99,Unknown,356850017
/vessels/details/352490013,35249-13-99,Unknown,352490013
/vessels/details/356650038,35665-3849,Unknown,356650038
/vessels/details/372175211,21752-11-55,Unknown,372175211
/vessels/details/351219922,ZHELINYU12199-22-43,Unknown,351219922
/vessels/details/357890010,35789-10-83,Unknown,357890010
/vessels/details/372124412,21244-12-97,Unknown,372124412
/vessels/details/352191211,LIN21912-11-56,Unknown,352191211
/vessels/details/355550021,35555-21-89,Unknown,355550021
/vessels/details/356780027,35678-27 80,Unknown,356780027
/vessels/details/356636213,3566-13-27,Unknown,356636213
/vessels/details/356230101,BUOY01-99,Unknown,356230101
/vessels/details/371156926,3711-26-99,Unknown,371156926
/vessels/details/352088212,BIAO 00882-12-56,Unknown,352088212
/vessels/details/352199303,ZHELINYU21993-3-36,Unknown,352199303
/vessels/details/356650023,35665-23-84,Unknown,356650023
/vessels/details/372180327,LIN21803-27-86,Unknown,372180327
/vessels/details/356650017,35665-17,Unknown,356650017
/vessels/details/356850054,35685-54 7V6,Unknown,356850054
/vessels/details/357220009,LIAOSUIHU35722-9-99,Unknown,357220009
/vessels/details/352850010,35285-10-84,Unknown,352850010
/vessels/details/374095000,SURFER 1810,Unknown,374095000
/vessels/details/373721292,LG21292-378.1V,Unknown,373721292
/vessels/details/355588802,555888-2-54,Unknown,355588802
/vessels/details/352135811,LIN21358-11-05,Unknown,352135811
/vessels/details/351550015,35155-15-51,Unknown,351550015
/vessels/details/357550002,35755-2-06,Unknown,357550002
/vessels/details/356636202,3566-2-99,Unknown,356636202
/vessels/details/356990022,35699-22-99,Unknown,356990022
/vessels/details/353330009,35333-9-56,Unknown,353330009
/vessels/details/353250014,35325-14,Unknown,353250014
/vessels/details/3739999,SEVASTOPOLETS 1,Unknown,3739999
/vessels/details/356780028,35678-28-64,Unknown,356780028
/vessels/details/355550009,35555-9-47,Unknown,355550009
/vessels/details/357777007,7777-7-93,Unknown,357777007
/vessels/details/353020003,35302-3-99,Unknown,353020003
/vessels/details/354230014,35423-14 8V2,Unknown,354230014
/vessels/details/351215501,ZHELINYU12155-01-49,Unknown,351215501
/vessels/details/351289210,LIN12892-10-02,Unknown,351289210
/vessels/details/356701662,3567-70-99,Unknown,356701662
/vessels/details/353000034,353-34-81,Unknown,353000034
/vessels/details/355850046,35585-4637,Unknown,355850046
/vessels/details/351215547,ZHELINYU12155-47-39,Unknown,351215547
/vessels/details/356780035,35678-35-74,Unknown,356780035
/vessels/details/355850003,35585-3-99,Unknown,355850003
/vessels/details/354600016,35460-16-52,Unknown,354600016
/vessels/details/356220001,35622-1-07,Unknown,356220001
/vessels/details/352213212,A21321-2-95,Unknown,352213212
/vessels/details/356280005,35628-5-66,Unknown,356280005
/vessels/details/352002869,TAME,Unknown,352002869
/vessels/details/354230044,35423-44 6V3,Unknown,354230044
/vessels/details/352968543,63132.8-35,Unknown,352968543
/vessels/details/372153926,LIN 21539-26-57,Unknown,372153926
/vessels/details/356890008,35689-8-94,Unknown,356890008
/vessels/details/351217017,LIZONG-17 96,Unknown,351217017
/vessels/details/353160002,35316-2-64,Unknown,353160002
/vessels/details/352184803,ZHELINYU21848-3-50,Unknown,352184803
/vessels/details/356780038,35678-3871,Unknown,356780038
/vessels/details/355106939,3551-39-94,Unknown,355106939
/vessels/details/351208212,LIN12082-12-09,Unknown,351208212
/vessels/details/353950002,35395-2-60,Unknown,353950002
/vessels/details/372192226,ZHE21922-26-70,Unknown,372192226
/vessels/details/356770052,35677-52-29,Unknown,356770052
/vessels/details/356780000,35678-0 93,Unknown,356780000
/vessels/details/357551000,SWISCO SPUR,Unknown,357551000
/vessels/details/356990007,35699-7-45,Unknown,356990007
/vessels/details/351216651,A21665-1-84,Unknown,351216651
/vessels/details/357220045,35722-45-99,Unknown,357220045
/vessels/details/351479563,11333-6 0,Unknown,351479563
/vessels/details/356280006,35628-6-51,Unknown,356280006
/vessels/details/354120113,35412-113-97,Unknown,354120113
/vessels/details/352184817,ZHELINYU21848-17-,Unknown,352184817
/vessels/details/351181681,LIN18168-1-94,Unknown,351181681
/vessels/details/352128111,LIN21281-11-43,Unknown,352128111
/vessels/details/351215550,ZHELINYU12155-50-92,Unknown,351215550
/vessels/details/352890032,35289-32,Unknown,352890032
/vessels/details/352890034,35289-34,Unknown,352890034
/vessels/details/351214014,LIZONG-14 90,Unknown,351214014
/vessels/details/356600002,SUGUANYUNYU03566-2,Unknown,356600002
/vessels/details/356650034,35665-3499,Unknown,356650034
/vessels/details/355810014,35581-14-99,Unknown,355810014
/vessels/details/356280030,35628-30-93,Unknown,356280030
/vessels/details/352139825,LIN21398-25-93,Unknown,352139825
/vessels/details/370488131,04881-31-84,Unknown,370488131
/vessels/details/356230103,BUOY03-68,Unknown,356230103
/vessels/details/351200005,3512-5 5V6,Unknown,351200005
/vessels/details/355869639,3558-39-68,Unknown,355869639
/vessels/details/355850041,35585-4199,Unknown,355850041
/vessels/details/351219815,ZHELINYU12198-15-84,Unknown,351219815
/vessels/details/355330037,35533-37,Unknown,355330037
/vessels/details/357777714,ZHESANYU77777-14-83,Unknown,357777714
/vessels/details/8770869,EL QAHER I,Platform,8770869
/vessels/details/354560777,455-40 6V8,Unknown,354560777
/vessels/details/355593333,35559-38.1V,Unknown,355593333
/vessels/details/356669807,3566-7-82,Unknown,356669807
/vessels/details/357870015,35787-15 64,Unknown,357870015
/vessels/details/352480030,35248-30-88,Unknown,352480030
/vessels/details/354120118,35412-118-99,Unknown,354120118
/vessels/details/352174511,LIN21745-11-65,Unknown,352174511
/vessels/details/352166511,ZHELINYU21665-11-,Unknown,352166511
/vessels/details/353120776,LIN 12077-6-88,Unknown,353120776
/vessels/details/352174513,LIN 21745-13-92,Unknown,352174513
/vessels/details/353970011,35397-11-99,Unknown,353970011
/vessels/details/370033118,BIOA 00331-18-99,Unknown,370033118
/vessels/details/357870008,35787-8 68,Unknown,357870008
/vessels/details/353250091,35325-91,Unknown,353250091
/vessels/details/355869611,3558-11-99,Unknown,355869611
/vessels/details/352156135,LIN21561-35-66,Unknown,352156135
/vessels/details/357330014,35733-14-49,Unknown,357330014
/vessels/details/354210007,35421-7 86,Unknown,354210007
/vessels/details/353460012,35346-12-65,Unknown,353460012
/vessels/details/356214989,LIN 21498-9-99,Unknown,356214989
/vessels/details/355810027,35581-2790,Unknown,355810027
/vessels/details/354055864,SHENG05586-4-99,Unknown,354055864
/vessels/details/351212621,LIN21262-1-89,Unknown,351212621
/vessels/details/351550096,35155-96-86,Unknown,351550096
/vessels/details/356890014,35689-14-48,Unknown,356890014
/vessels/details/352400001,3524-1-99,Unknown,352400001
/vessels/details/355101996,3551-20-49,Unknown,355101996
/vessels/details/351860036,15262-11-99,Unknown,351860036
/vessels/details/353460011,35346-11-43,Unknown,353460011
/vessels/details/372190917,LIN21909-17-20,Unknown,372190917
/vessels/details/355260005,35526-5-98,Unknown,355260005
/vessels/details/352197810,LIN 21978-10-89,Unknown,352197810
/vessels/details/352182931,LIN 21829-31-36,Unknown,352182931
/vessels/details/353020004,35302-4-99,Unknown,353020004
/vessels/details/374208987,BI BU,Unknown,374208987
/vessels/details/356820012,35682-12,Unknown,356820012
/vessels/details/354760622,LG 60622-357.3V,Unknown,354760622
/vessels/details/352191842,LIN 21918-42-97,Unknown,352191842
/vessels/details/353970029,35397-29-72,Unknown,353970029
/vessels/details/351221817,LIN12218-17-63,Unknown,351221817
/vessels/details/351219803,ZHELINYU12198-03-93,Unknown,351219803
/vessels/details/353550004,LIAOPANYU35355-4-99,Unknown,353550004
