2025-10-01 00:00:00,084 - INFO - Created new company - ID: 20600, Name: 'VELDE BRIESE SCHIFFAHRTS', Country: 'None'
2025-10-01 00:00:04,616 - INFO - Created new company - ID: 20601, Name: 'JUMBO VISION BV', Country: 'Netherlands'
2025-10-01 00:00:08,747 - INFO - Created new company - ID: 20602, Name: 'FAIRLANE BV', Country: 'Netherlands'
2025-10-01 00:00:12,844 - INFO - Created new company - ID: 20603, Name: 'JUMBO K-2 CV', Country: 'Netherlands'
2025-10-01 00:00:16,971 - INFO - Created new company - ID: 20604, Name: 'JUMBO JAVELIN BV', Country: 'Netherlands'
2025-10-01 00:00:21,071 - INFO - Created new company - ID: 20605, Name: 'FAIRPARTNER BV', Country: 'Netherlands'
2025-10-01 00:00:25,179 - INFO - Created new company - ID: 20606, Name: 'FAIRPLAYER BV', Country: 'Netherlands'
2025-10-01 00:00:29,291 - INFO - Created new company - ID: 20607, Name: 'JUMBO JUBILEE BV', Country: 'Netherlands'
2025-10-01 00:00:33,400 - INFO - Created new company - ID: 20608, Name: 'JUMBO K-1 CV', Country: 'Netherlands'
2025-10-01 00:00:37,514 - INFO - Created new company - ID: 20609, Name: 'NAVETO BV', Country: 'Netherlands'
2025-10-01 00:00:41,625 - INFO - Created new company - ID: 20610, Name: 'SAMSKIP INNOVATOR CV', Country: 'Netherlands'
2025-10-01 00:00:45,700 - INFO - Created new company - ID: 20611, Name: 'SAMSKIP ENDEAVOUR BV', Country: 'Netherlands'
2025-10-01 00:00:49,841 - INFO - Created new company - ID: 20612, Name: 'NAVESTO BV', Country: 'Iceland'
2025-10-01 00:00:53,933 - INFO - Created new company - ID: 20613, Name: 'NAVARO BV', Country: 'Iceland'
2025-10-01 00:00:58,053 - INFO - Created new company - ID: 20614, Name: 'NAVHERO BV', Country: 'Iceland'
2025-10-01 00:01:02,168 - INFO - Created new company - ID: 20615, Name: 'NAVBJORN BV', Country: 'Iceland'
2025-10-01 00:01:06,297 - INFO - Created new company - ID: 20616, Name: 'NAVNOS BV', Country: 'Iceland'
2025-10-01 00:01:44,081 - INFO - Created new company - ID: 20617, Name: 'PACIFIC REEFER SHIPPING CO NV', Country: 'Netherlands'
2025-10-01 00:01:48,182 - INFO - Created new company - ID: 20618, Name: 'CHILE SHIPPING CO NV', Country: 'Netherlands'
2025-10-01 00:01:52,306 - INFO - Created new company - ID: 20619, Name: 'PACIFIC MERMAID SHIPPING CO NV', Country: 'Netherlands'
2025-10-01 00:01:56,397 - INFO - Created new company - ID: 20620, Name: 'REGAL BAY SHIPPING CO NV', Country: 'Netherlands'
2025-10-01 00:02:00,556 - INFO - Created new company - ID: 20621, Name: 'SIERRA LAUREL SHIPPING CO-CUR', Country: 'Netherlands'
2025-10-01 00:02:04,671 - INFO - Created new company - ID: 20622, Name: 'GS BERMEO SHIPPING CO NV', Country: 'Netherlands'
2025-10-01 00:02:16,910 - INFO - Created new company - ID: 20623, Name: 'GRETINA BV', Country: 'Netherlands'
2025-10-01 00:02:21,034 - INFO - Created new company - ID: 20624, Name: 'ELISABETH BV', Country: 'Netherlands'
2025-10-01 00:02:25,173 - INFO - Created new company - ID: 20625, Name: 'FREYA BV', Country: 'Netherlands'
2025-10-01 00:02:29,291 - INFO - Created new company - ID: 20626, Name: 'TINA', Country: 'Netherlands'
2025-10-01 00:02:33,430 - INFO - Created new company - ID: 20627, Name: 'PHOENIX BV', Country: 'Netherlands'
2025-10-01 00:02:37,522 - INFO - Created new company - ID: 20628, Name: 'ALMA BV', Country: 'Netherlands'
2025-10-01 00:02:41,633 - INFO - Created new company - ID: 20629, Name: 'ALINDA BV', Country: 'Netherlands'
2025-10-01 00:02:46,013 - INFO - Created new company - ID: 20630, Name: 'SCHEEPVAARTONDERNEMING GREETJE', Country: 'Netherlands'
2025-10-01 00:02:50,088 - INFO - Created new company - ID: 20631, Name: 'VEENDIJK II BV', Country: 'Netherlands'
2025-10-01 00:02:54,188 - INFO - Created new company - ID: 20632, Name: 'VALERIE BV', Country: 'Netherlands'
2025-10-01 00:02:58,260 - INFO - Created new company - ID: 20633, Name: 'SCHELDEDIJK II BV', Country: 'Netherlands'
2025-10-01 00:03:02,356 - INFO - Created new company - ID: 20634, Name: 'WAALDIJK II BV', Country: 'Netherlands'
2025-10-01 00:03:06,477 - INFO - Created new company - ID: 20635, Name: 'LINGEDIJK BV', Country: 'Netherlands'
2025-10-01 00:03:10,592 - INFO - Created new company - ID: 20636, Name: 'STICHTING BEWAARDER HUNZEDIJK', Country: 'Netherlands'
2025-10-01 00:03:14,702 - INFO - Created new company - ID: 20637, Name: 'REGGEDIJK II BV', Country: 'Netherlands'
2025-10-01 00:03:18,809 - INFO - Created new company - ID: 20638, Name: 'CLAIRE BV', Country: 'Netherlands'
2025-10-01 00:03:22,920 - INFO - Created new company - ID: 20639, Name: 'GLOBAL SHIP LEASING 37 BV', Country: 'Netherlands'
2025-10-01 00:03:22,971 - INFO - Created new company - ID: 20640, Name: 'E-ONE SHIPMANAGEMENT BV', Country: 'Netherlands'
2025-10-01 00:03:27,085 - INFO - Created new company - ID: 20641, Name: 'E-THREE SHIPMANAGEMENT BV', Country: 'Netherlands'
2025-10-01 00:03:31,195 - INFO - Created new company - ID: 20642, Name: 'BLACK STAR SHIPPING CO LTD', Country: 'Netherlands'
2025-10-01 00:03:35,346 - INFO - Created new company - ID: 20643, Name: 'E-NINE SHIPPING CO LTD', Country: 'Netherlands'
2025-10-01 00:03:39,413 - INFO - Created new company - ID: 20644, Name: 'SD RANGER BV', Country: 'Netherlands'
2025-10-01 00:03:43,527 - INFO - Created new company - ID: 20645, Name: 'DAMEN CHARTER INTERNATIONAL 34', Country: 'Netherlands'
2025-10-01 00:03:47,634 - INFO - Created new company - ID: 20646, Name: 'K53 BV', Country: 'Netherlands'
2025-10-01 00:03:51,781 - INFO - Created new company - ID: 20647, Name: 'RICHARD III', Country: 'Netherlands'
2025-10-01 00:03:55,906 - INFO - Created new company - ID: 20648, Name: 'ROLLDOCK NB 2 BV', Country: 'Netherlands'
2025-10-01 00:03:55,961 - INFO - Created new company - ID: 20649, Name: 'ROLLDOCK NV', Country: 'Netherlands'
2025-10-01 00:04:00,033 - INFO - Created new company - ID: 20650, Name: 'ROLLDOCK NB 1 BV', Country: 'Netherlands'
2025-10-01 00:04:04,120 - INFO - Created new company - ID: 20651, Name: 'ROLLDOCK NB 5 BV', Country: 'Netherlands'
2025-10-01 00:04:08,226 - INFO - Created new company - ID: 20652, Name: 'ROLLDOCK ST1 BV', Country: 'Netherlands'
2025-10-01 00:04:12,374 - INFO - Created new company - ID: 20653, Name: 'ROLLDOCK ST2 BV', Country: 'Netherlands'
2025-10-01 00:04:16,495 - INFO - Created new company - ID: 20654, Name: 'ROLLDOCK MC1 BV', Country: 'Netherlands'
2025-10-01 00:04:20,594 - INFO - Created new company - ID: 20655, Name: 'ROLLDOCK MC2 BV', Country: 'Netherlands'
2025-10-01 00:04:24,681 - INFO - Created new company - ID: 20656, Name: 'ROLL GROUP MC3 BV', Country: 'Netherlands'
2025-10-01 00:05:01,436 - INFO - Created new company - ID: 20657, Name: 'SOLITAIRE CHARTERING BV', Country: 'Netherlands'
2025-10-01 00:05:17,791 - INFO - Created new company - ID: 20658, Name: 'PRINCIPIA SOCIETE', Country: 'India'
2025-10-01 00:05:21,894 - INFO - Created new company - ID: 20659, Name: 'PIONEERING SPIRIT', Country: 'Netherlands'
2025-10-01 00:05:25,995 - INFO - Created new company - ID: 20660, Name: 'FORTITUDE SA', Country: 'Switzerland'
2025-10-01 00:05:34,167 - INFO - Created new company - ID: 20661, Name: 'LOBITO CV', Country: 'Netherlands'
2025-10-01 00:05:38,281 - INFO - Created new company - ID: 20662, Name: 'NESCOS B BV', Country: 'Netherlands'
2025-10-01 00:05:42,426 - INFO - Created new company - ID: 20663, Name: 'NESCOS C BV', Country: 'Netherlands'
2025-10-01 00:05:46,568 - INFO - Created new company - ID: 20664, Name: 'NESCOS D BV', Country: 'Netherlands'
2025-10-01 00:05:50,689 - INFO - Created new company - ID: 20665, Name: 'NESCOS E BV', Country: 'Netherlands'
2025-10-01 00:06:02,975 - INFO - Created new company - ID: 20666, Name: 'UAL AFRICA CV', Country: 'Netherlands'
2025-10-01 00:06:35,683 - INFO - Created new company - ID: 20667, Name: 'HARTMAN MANAGEMENT 01 BV', Country: 'Netherlands'
2025-10-01 00:06:39,801 - INFO - Created new company - ID: 20668, Name: 'NORTHERN MANAGEMENT BV', Country: 'Netherlands'
2025-10-01 00:06:43,972 - INFO - Created new company - ID: 20669, Name: 'WESTERN MANAGEMENT BV', Country: 'Netherlands'
2025-10-01 00:06:48,099 - INFO - Created new company - ID: 20670, Name: 'EASTERN MANAGEMENT BV', Country: 'Netherlands'
2025-10-01 00:06:52,227 - INFO - Created new company - ID: 20671, Name: 'SOUTHERN MANAGEMENT BV', Country: 'Netherlands'
2025-10-01 00:06:56,336 - INFO - Created new company - ID: 20672, Name: 'POLAR MANAGEMENT BV', Country: 'Netherlands'
2025-10-01 00:07:00,452 - INFO - Created new company - ID: 20673, Name: 'DEO VOLENTE SEATRADE BV', Country: 'Netherlands'
2025-10-01 00:07:00,504 - INFO - Created new company - ID: 20674, Name: 'HARTMAN SEATRADE CV', Country: 'Netherlands'
2025-10-01 00:07:33,138 - INFO - Created new company - ID: 20675, Name: 'ALANGOVA DENIZCILIK', Country: 'Türkiye'
2025-10-01 00:07:37,258 - INFO - Created new company - ID: 20676, Name: 'ASKARA SHIPPING LTD', Country: 'Netherlands'
2025-10-01 00:07:41,388 - INFO - Created new company - ID: 20677, Name: 'BASAT SHIPPING LTD', Country: 'Netherlands'
2025-10-01 00:07:45,525 - INFO - Created new company - ID: 20678, Name: 'CESTENI SHIPPING LTD', Country: 'Netherlands'
2025-10-01 00:07:49,668 - INFO - Created new company - ID: 20679, Name: 'HULIN SHIPPING LTD', Country: 'Netherlands'
2025-10-01 00:07:53,779 - INFO - Created new company - ID: 20680, Name: 'MANAS SHIPPING LTD', Country: 'Netherlands'
2025-10-01 00:07:57,905 - INFO - Created new company - ID: 20681, Name: 'SELENKA SHIPPING LTD', Country: 'Netherlands'
2025-10-01 00:08:06,172 - INFO - Created new company - ID: 20682, Name: 'ANKIE CV', Country: 'Netherlands'
2025-10-01 00:08:38,387 - INFO - Created new company - ID: 20683, Name: 'LIANNE CV', Country: 'Netherlands'
2025-10-01 00:08:42,503 - INFO - Created new company - ID: 20684, Name: 'SYLVIA CV', Country: 'Netherlands'
2025-10-01 00:08:46,608 - INFO - Created new company - ID: 20685, Name: 'ELISE CV', Country: 'Netherlands'
2025-10-01 00:10:28,276 - INFO - Created new company - ID: 20686, Name: 'MULLER ZWAAR TRANSPORT BV', Country: 'Netherlands'
2025-10-01 00:10:36,426 - INFO - Created new company - ID: 20687, Name: 'A2B-ONLINE 7 BV', Country: 'Netherlands'
2025-10-01 00:10:40,541 - INFO - Created new company - ID: 20688, Name: 'A2B-ONLINE 6 BV', Country: 'Netherlands'
2025-10-01 00:10:44,694 - INFO - Created new company - ID: 20689, Name: 'A2B-ONLINE 8 BV', Country: 'Netherlands'
2025-10-01 00:10:48,784 - INFO - Created new company - ID: 20690, Name: 'A2B-ONLINE 2 BV', Country: 'Netherlands'
2025-10-01 00:10:52,918 - INFO - Created new company - ID: 20691, Name: 'A2B-ONLINE 5 BV', Country: 'Netherlands'
2025-10-01 00:10:57,012 - INFO - Created new company - ID: 20692, Name: 'A2B-ONLINE 1 BV', Country: 'Netherlands'
2025-10-01 00:11:01,158 - INFO - Created new company - ID: 20693, Name: 'A2B-ONLINE 3 BV', Country: 'Netherlands'
2025-10-01 00:11:13,394 - INFO - Created new company - ID: 20694, Name: 'FPG SHIPHOLDING CYPRUS 1 CO', Country: 'Netherlands'
2025-10-01 00:11:17,523 - INFO - Created new company - ID: 20695, Name: 'FPG SHIPHOLDING CYPRUS 2 CO', Country: 'Netherlands'
2025-10-01 00:11:21,601 - INFO - Created new company - ID: 20696, Name: 'SOLT HOLDING CYPRUS 5 CO LTD', Country: 'Netherlands'
2025-10-01 00:11:25,733 - INFO - Created new company - ID: 20697, Name: 'SOLT HOLDING CYPRUS 4 CO LTD', Country: 'Netherlands'
2025-10-01 00:12:02,571 - INFO - Created new company - ID: 20698, Name: 'EARTH SHIPPING BV', Country: 'Netherlands'
2025-10-01 00:12:02,625 - INFO - Created new company - ID: 20699, Name: 'BLUERED BV', Country: 'Netherlands'
2025-10-01 00:12:06,693 - INFO - Created new company - ID: 20700, Name: 'GTM HOLLAND BV', Country: 'Netherlands'
2025-10-01 00:12:10,801 - INFO - Created new company - ID: 20701, Name: 'GTM GERMANY BV', Country: 'Netherlands'
2025-10-01 00:12:14,938 - INFO - Created new company - ID: 20702, Name: 'GTM FRANCE BV', Country: 'Netherlands'
2025-10-01 00:12:19,054 - INFO - Created new company - ID: 20703, Name: 'GTM DENMARK BV', Country: 'Netherlands'
2025-10-01 00:12:23,157 - INFO - Created new company - ID: 20704, Name: 'GTM BELGIUM BV', Country: 'Netherlands'
2025-10-01 00:12:27,287 - INFO - Created new company - ID: 20705, Name: 'STAMINA SHIPPING LTD-HKG', Country: 'Singapore'
2025-10-01 00:12:31,457 - INFO - Created new company - ID: 20706, Name: 'SEAARLAND MANAGEMENT SERVICES', Country: 'Singapore'
2025-10-01 00:12:35,548 - INFO - Created new company - ID: 20707, Name: 'PEONIA NAVIGATION BV', Country: 'Netherlands'
2025-10-01 00:12:39,733 - INFO - Created new company - ID: 20708, Name: 'BLOOM SHIPPING BV', Country: 'Netherlands'
2025-10-01 00:12:43,916 - INFO - Created new company - ID: 20709, Name: 'PINTAIL BV', Country: 'Netherlands'
2025-10-01 00:12:48,039 - INFO - Created new company - ID: 20710, Name: 'GHIBLI SHIPPING BV', Country: 'Netherlands'
2025-10-01 00:12:52,198 - INFO - Created new company - ID: 20711, Name: 'BEVER TUG BV', Country: 'Netherlands'
2025-10-01 00:12:56,273 - INFO - Created new company - ID: 20712, Name: 'GINGER TUG BV', Country: 'Netherlands'
2025-10-01 00:13:04,442 - INFO - Created new company - ID: 20713, Name: 'BRENT TUG BV', Country: 'Netherlands'
2025-10-01 00:13:08,506 - INFO - Created new company - ID: 20714, Name: 'ARGUS TUG BV', Country: 'Netherlands'
2025-10-01 00:13:25,873 - INFO - Created new company - ID: 20715, Name: 'K31 BV', Country: 'Netherlands'
2025-10-01 00:13:30,499 - INFO - Created new company - ID: 20716, Name: 'BEETHOVEN BV', Country: 'Netherlands'
2025-10-01 00:13:35,186 - INFO - Created new company - ID: 20717, Name: 'KOOLE DIAMOND BV', Country: 'Netherlands'
2025-10-01 00:13:39,698 - INFO - Created new company - ID: 20718, Name: 'K34 BV', Country: 'Netherlands'
2025-10-01 00:13:44,310 - INFO - Created new company - ID: 20719, Name: 'SKY LBS INC', Country: 'Türkiye'
2025-10-01 00:13:48,910 - INFO - Created new company - ID: 20720, Name: 'SKY DOLPHIN INC', Country: 'Netherlands'
2025-10-01 00:13:53,722 - INFO - Created new company - ID: 20721, Name: 'ESMI SPV 8 LTD', Country: 'Türkiye'
2025-10-01 00:13:58,253 - INFO - Created new company - ID: 20722, Name: 'SKY STR INC', Country: 'Türkiye'
2025-10-01 00:14:02,982 - INFO - Created new company - ID: 20723, Name: 'SKY EAGLE INC', Country: 'Marshall-islands'
2025-10-01 00:14:07,443 - INFO - Created new company - ID: 20724, Name: 'SKY FALCON INC', Country: 'Netherlands'
2025-10-01 00:14:37,228 - INFO - Created new company - ID: 20725, Name: 'IANA SHIPPING BV', Country: 'Netherlands'
2025-10-01 00:14:41,356 - INFO - Created new company - ID: 20726, Name: 'SEABEE SHIPPING BV', Country: 'Netherlands'
2025-10-01 00:14:45,526 - INFO - Created new company - ID: 20727, Name: 'JANINE SHIPPING BV', Country: 'Netherlands'
2025-10-01 00:14:49,637 - INFO - Created new company - ID: 20728, Name: 'VON ADLER SHIPPING BV', Country: 'Netherlands'
2025-10-01 00:14:53,733 - INFO - Created new company - ID: 20729, Name: 'INCRA SHIPPING BV', Country: 'Netherlands'
2025-10-01 00:14:57,865 - INFO - Created new company - ID: 20730, Name: 'VALENTINA SHIPPING BV', Country: 'Netherlands'
2025-10-01 00:15:26,557 - INFO - Created new company - ID: 20731, Name: 'CELTIC BEHEER BV', Country: 'Netherlands'
2025-10-01 00:15:30,703 - INFO - Created new company - ID: 20732, Name: 'HARTMAN BEHEER 001 BV', Country: 'Netherlands'
2025-10-01 00:15:34,891 - INFO - Created new company - ID: 20733, Name: 'HARTMAN BEHEER 003 BV', Country: 'Netherlands'
2025-10-01 00:15:38,996 - INFO - Created new company - ID: 20734, Name: 'HARTMAN BEHEER 005 BV', Country: 'Netherlands'
2025-10-01 00:15:43,160 - INFO - Created new company - ID: 20735, Name: 'ADRIATIC BEHEER BV', Country: 'Netherlands'
2025-10-01 00:15:47,282 - INFO - Created new company - ID: 20736, Name: 'DE VRIES AG/HARTMAN BEHEER 002', Country: 'Netherlands'
2025-10-01 00:15:47,336 - INFO - Created new company - ID: 20737, Name: 'GLOBAL SEATRADE CV', Country: 'Netherlands'
2025-10-01 00:16:16,016 - INFO - Created new company - ID: 20738, Name: 'KUKULAT SHIPPING LTD', Country: 'Türkiye'
2025-10-01 00:16:20,177 - INFO - Created new company - ID: 20739, Name: 'FELUKA SHIPPING LTD', Country: 'Türkiye'
2025-10-01 00:16:24,296 - INFO - Created new company - ID: 20740, Name: 'LIVADI SHIPPING LTD', Country: 'Marshall-islands'
2025-10-01 00:16:28,473 - INFO - Created new company - ID: 20741, Name: 'TUGBA SHIPPING LTD', Country: 'Türkiye'
2025-10-01 00:16:32,597 - INFO - Created new company - ID: 20742, Name: 'PURKI SHIPPING LTD', Country: 'Netherlands'
2025-10-01 00:16:44,897 - INFO - Created new company - ID: 20743, Name: 'WATERSTROOM', Country: 'Netherlands'
2025-10-01 00:16:49,003 - INFO - Created new company - ID: 20744, Name: 'WATERSTRAAT', Country: 'Netherlands'
2025-10-01 00:17:01,241 - INFO - Created new company - ID: 20745, Name: 'DANSER HJ', Country: 'Netherlands'
2025-10-01 00:17:05,404 - INFO - Created new company - ID: 20746, Name: 'LINDEBORG BV', Country: 'Netherlands'
2025-10-01 00:17:13,595 - INFO - Created new company - ID: 20747, Name: 'DANSER HJ SR/MAD & SCHUUR W J', Country: 'Netherlands'
2025-10-01 00:17:30,018 - INFO - Created new company - ID: 20748, Name: 'GLOBAL SHIP LEASING 38 BV', Country: 'Netherlands'
2025-10-01 00:17:34,100 - INFO - Created new company - ID: 20749, Name: 'GLOBAL SHIP LEASING 58 BV', Country: 'Netherlands'
2025-10-01 00:17:38,216 - INFO - Created new company - ID: 20750, Name: 'GLOBAL SHIP LEASING 44 BV', Country: 'Netherlands'
2025-10-01 00:18:38,980 - INFO - Created new company - ID: 20751, Name: 'DC DREDGING BV', Country: 'Netherlands'
2025-10-01 00:18:43,037 - INFO - Created new company - ID: 20752, Name: 'DC BRUGGE BV', Country: 'Netherlands'
2025-10-01 00:18:47,115 - INFO - Created new company - ID: 20753, Name: 'DC RIO BV', Country: 'Netherlands'
2025-10-01 00:18:51,251 - INFO - Created new company - ID: 20754, Name: 'DC VLAANDEREN BV', Country: 'Netherlands'
2025-10-01 00:19:07,511 - INFO - Created new company - ID: 20755, Name: 'WINDCAT WORKBOATS INTL BV', Country: 'Netherlands'
2025-10-01 00:19:19,712 - INFO - Created new company - ID: 20756, Name: 'WAALVLIET BV', Country: 'Netherlands'
2025-10-01 00:19:23,789 - INFO - Created new company - ID: 20757, Name: 'RIJNVLIET BV', Country: 'None'
2025-10-01 00:19:27,885 - INFO - Created new company - ID: 20758, Name: 'MAASVLIET BV', Country: 'Netherlands'
2025-10-01 00:19:31,969 - INFO - Created new company - ID: 20759, Name: 'HOOGVLIET BV', Country: 'Netherlands'
2025-10-01 00:19:32,023 - INFO - Created new company - ID: 20760, Name: 'HUDIG & VEDER CHARTERING BV', Country: 'Netherlands'
2025-10-01 00:19:44,244 - INFO - Created new company - ID: 20761, Name: 'NOVACEM SA', Country: 'Netherlands'
2025-10-01 00:19:52,407 - INFO - Created new company - ID: 20762, Name: 'FLAGMAN MARINE LTD', Country: 'Netherlands'
2025-10-01 00:19:56,511 - INFO - Created new company - ID: 20763, Name: 'BLUBAHAR LTD', Country: 'Netherlands'
2025-10-01 00:20:00,683 - INFO - Created new company - ID: 20764, Name: 'VERTOM ANNA BV', Country: 'Netherlands'
2025-10-01 00:20:04,822 - INFO - Created new company - ID: 20765, Name: 'VERTOM USC BEAUMAGIC BV', Country: 'Netherlands'
2025-10-01 00:20:08,925 - INFO - Created new company - ID: 20766, Name: 'BEAUTRADER BV', Country: 'Netherlands'
2025-10-01 00:20:13,010 - INFO - Created new company - ID: 20767, Name: 'BEAUTRITON BV', Country: 'Netherlands'
2025-10-01 00:20:17,108 - INFO - Created new company - ID: 20768, Name: 'SHIGEKURO SHIPPING CO SA', Country: 'Netherlands'
2025-10-01 00:20:21,241 - INFO - Created new company - ID: 20769, Name: 'RDJ WAALSTROOM SHIPPING BV', Country: 'Netherlands'
2025-10-01 00:20:21,294 - INFO - Created new company - ID: 20770, Name: 'C-SHIPPING & LOGISTICS BV', Country: 'Netherlands'
2025-10-01 00:20:25,415 - INFO - Created new company - ID: 20771, Name: 'RDJ MAASSTROOM SHIPPING BV', Country: 'Netherlands'
2025-10-01 00:20:25,468 - INFO - Created new company - ID: 20772, Name: 'JONG REDERIJ', Country: 'Netherlands'
2025-10-01 00:20:29,603 - INFO - Created new company - ID: 20773, Name: 'RDJ IJSSELSTROOM SHIPPING BV', Country: 'Netherlands'
2025-10-01 00:20:33,719 - INFO - Created new company - ID: 20774, Name: 'RDJ JOHANNA SHIPPING BV', Country: 'Netherlands'
2025-10-01 00:20:37,889 - INFO - Created new company - ID: 20775, Name: 'RDJ RIJNSTROOM SHIPPING BV', Country: 'Netherlands'
2025-10-01 00:20:42,050 - INFO - Created new company - ID: 20776, Name: 'BALDER NIEUWLAND BV', Country: 'Netherlands'
2025-10-01 00:20:46,177 - INFO - Created new company - ID: 20777, Name: 'PLANCIUS SCHEEPSREIZEN BV', Country: 'Netherlands'
2025-10-01 00:20:50,286 - INFO - Created new company - ID: 20778, Name: 'ORTELIUS SCHEEPSREIZEN BV', Country: 'Netherlands'
2025-10-01 00:20:54,435 - INFO - Created new company - ID: 20779, Name: 'HONDIUS SCHEEPSREIZEN BV', Country: 'Netherlands'
2025-10-01 00:20:58,577 - INFO - Created new company - ID: 20780, Name: 'CENKS SHIPPING CORP', Country: 'Netherlands'
2025-10-01 00:21:02,764 - INFO - Created new company - ID: 20781, Name: 'ELAS SHIPPING CORP', Country: 'Netherlands'
2025-10-01 00:21:06,883 - INFO - Created new company - ID: 20782, Name: 'MASTER REEDEREI AS', Country: 'Netherlands'
2025-10-01 00:21:10,971 - INFO - Created new company - ID: 20783, Name: 'ICC SCHEEPVAART CORP', Country: 'Marshall-islands'
2025-10-01 00:21:56,034 - INFO - Created new company - ID: 20784, Name: 'SINGAPORE ZHUNXING MARINE CORP', Country: 'Japan'
2025-10-01 00:22:04,175 - INFO - Created new company - ID: 20785, Name: 'ME SHIPPING BV', Country: 'Netherlands'
2025-10-01 00:22:49,111 - INFO - Created new company - ID: 20786, Name: 'VROLIJK III BV', Country: 'Netherlands'
2025-10-01 00:22:53,203 - INFO - Created new company - ID: 20787, Name: 'VROLIJK II BV', Country: 'Netherlands'
2025-10-01 00:22:57,342 - INFO - Created new company - ID: 20788, Name: 'VROLIJK IV BV', Country: 'Netherlands'
2025-10-01 00:23:01,427 - INFO - Created new company - ID: 20789, Name: 'MEZHREGIONTRUBOPROVODSTROY JSC', Country: 'Russia'
2025-10-01 00:23:05,507 - INFO - Created new company - ID: 20790, Name: 'PODVODSIBSTROY', Country: 'Russia'
2025-10-01 00:23:09,592 - INFO - Created new company - ID: 20791, Name: 'HANZE GENDT BV', Country: 'Netherlands'
2025-10-01 00:23:13,714 - INFO - Created new company - ID: 20792, Name: 'HANZE GDANSK BV', Country: 'Netherlands'
2025-10-01 00:23:17,838 - INFO - Created new company - ID: 20793, Name: 'GENERAL PARTNER MS GOTEBORG BV', Country: 'Netherlands'
2025-10-01 00:23:21,960 - INFO - Created new company - ID: 20794, Name: 'GENERAL PARTNER MS GENUA BV', Country: 'Netherlands'
2025-10-01 00:23:26,081 - INFO - Created new company - ID: 20795, Name: 'ORION VOF', Country: 'Netherlands'
2025-10-01 00:23:30,177 - INFO - Created new company - ID: 20796, Name: 'SVEN D SHIPPING', Country: 'Netherlands'
2025-10-01 00:23:42,505 - INFO - Created new company - ID: 20797, Name: 'ASPHALT TRANSPORTER SHIPPING', Country: 'Netherlands'
2025-10-01 00:23:46,618 - INFO - Created new company - ID: 20798, Name: 'ASPHALT CARRIER PTE LTD', Country: 'Netherlands'
2025-10-01 00:23:50,716 - INFO - Created new company - ID: 20799, Name: 'ASPHALT SPLENDOR PTE LTD', Country: 'Netherlands'
2025-10-01 00:23:54,798 - INFO - Created new company - ID: 20800, Name: 'ASPHALT SYNERGY PTE LTD', Country: 'Netherlands'
2025-10-01 00:24:11,155 - INFO - Created new company - ID: 20801, Name: 'VANTAGE BV', Country: 'Netherlands'
2025-10-01 00:24:11,210 - INFO - Created new company - ID: 20802, Name: 'VANTAGE CV', Country: 'Netherlands'
2025-10-01 00:24:36,301 - INFO - Created new company - ID: 20803, Name: 'STICHTING IRIS', Country: 'Netherlands'
2025-10-01 00:25:16,091 - INFO - Created new company - ID: 20804, Name: 'LEONIE CV', Country: 'Netherlands'
2025-10-01 00:25:20,570 - INFO - Created new company - ID: 20805, Name: 'LENGER SEAFOODS YERSEKE BV', Country: 'Netherlands'
2025-10-01 00:25:46,013 - INFO - Created new company - ID: 20806, Name: 'ZUIDERZEE', Country: 'Netherlands'
2025-10-01 00:25:54,209 - INFO - Created new company - ID: 20807, Name: 'SYMAN LTD', Country: 'British-virgin-islands'
2025-10-01 00:25:58,390 - INFO - Created new company - ID: 20808, Name: 'RENAMARE SHIPPING CO LTD', Country: 'Switzerland'
2025-10-01 00:26:04,331 - INFO - Created new company - ID: 20809, Name: 'SAVARIO SHIPPING CO LTD', Country: 'Switzerland'
2025-10-01 00:26:08,420 - INFO - Created new company - ID: 20810, Name: 'SEAMAR SHIPPING BV', Country: 'Netherlands'
2025-10-01 00:26:12,545 - INFO - Created new company - ID: 20811, Name: 'GE CAPITAL LEASING GMBH', Country: 'Germany'
2025-10-01 00:26:36,996 - INFO - Created new company - ID: 20812, Name: 'HAORUI INTERNATIONAL SHIP', Country: 'Netherlands'
2025-10-01 00:26:41,108 - INFO - Created new company - ID: 20813, Name: 'XIANG H1 INTERNATIONAL SHIP', Country: 'Netherlands'
2025-10-01 00:26:45,217 - INFO - Created new company - ID: 20814, Name: 'XIANG H2 INTERNATIONAL SHIP', Country: 'Netherlands'
2025-10-01 00:26:57,507 - INFO - Created new company - ID: 20815, Name: 'AUXILIA BV', Country: 'Netherlands'
2025-10-01 00:27:01,675 - INFO - Created new company - ID: 20816, Name: 'CIELO SHIPPING LTD', Country: 'Türkiye'
2025-10-01 00:27:05,781 - INFO - Created new company - ID: 20817, Name: 'ANGELO SHIPPING LTD', Country: 'Netherlands'
2025-10-01 00:27:09,913 - INFO - Created new company - ID: 20818, Name: 'MARMOR SHIPPING LTD', Country: 'Marshall-islands'
2025-10-01 00:27:18,118 - INFO - Created new company - ID: 20819, Name: 'RT IMPERIEUSE BV', Country: 'Netherlands'
2025-10-01 00:27:22,219 - INFO - Created new company - ID: 20820, Name: 'RT CLERKE BV', Country: 'Netherlands'
2025-10-01 00:27:26,339 - INFO - Created new company - ID: 20821, Name: 'ELISABETH-S', Country: 'Netherlands'
2025-10-01 00:27:30,523 - INFO - Created new company - ID: 20822, Name: 'DOUWE-S MOTORSCHIP BV', Country: 'Netherlands'
2025-10-01 00:27:34,663 - INFO - Created new company - ID: 20823, Name: 'HENDRIK S BV', Country: 'Netherlands'
2025-10-01 00:27:38,834 - INFO - Created new company - ID: 20824, Name: 'LAYLA SHIPPING BV', Country: 'Netherlands'
2025-10-01 00:27:42,960 - INFO - Created new company - ID: 20825, Name: 'ANIEK SHIPPING BV', Country: 'Netherlands'
2025-10-01 00:27:47,080 - INFO - Created new company - ID: 20826, Name: 'MERTECH GRACE SHIPPING BV', Country: 'Netherlands'
2025-10-01 00:27:51,172 - INFO - Created new company - ID: 20827, Name: 'AEGIR SHIPPING BV', Country: 'Netherlands'
2025-10-01 00:27:55,271 - INFO - Created new company - ID: 20828, Name: 'HEEREMA SHIPPING 22 BV', Country: 'Netherlands'
2025-10-01 00:27:59,415 - INFO - Created new company - ID: 20829, Name: 'HEEREMA SHIPPING 23 BV', Country: 'Netherlands'
2025-10-01 00:28:27,994 - INFO - Created new company - ID: 20830, Name: 'STARFISH SHIPPING BV', Country: 'Netherlands'
2025-10-01 00:28:36,217 - INFO - Created new company - ID: 20831, Name: 'ORCA SHIPPING BV', Country: 'Netherlands'
2025-10-01 00:28:52,501 - INFO - Created new company - ID: 20832, Name: 'MULTRASHIP COMMANDER BV', Country: 'Netherlands'
2025-10-01 00:28:56,603 - INFO - Created new company - ID: 20833, Name: 'GLOBAL SHIP LEASING 40 BV', Country: 'Netherlands'
2025-10-01 00:29:00,731 - INFO - Created new company - ID: 20834, Name: 'GLOBAL SHIP LEASING 48 BV', Country: 'Netherlands'
2025-10-01 00:29:33,270 - INFO - Created new company - ID: 20835, Name: 'MARIAM CO', Country: 'Netherlands'
2025-10-01 00:29:37,351 - INFO - Created new company - ID: 20836, Name: 'DP GEZINA BV', Country: 'Netherlands'
2025-10-01 00:29:41,456 - INFO - Created new company - ID: 20837, Name: 'DP GALYNA BV', Country: 'Netherlands'
2025-10-01 00:30:22,393 - INFO - Created new company - ID: 20838, Name: 'MAISTROS MARINE CO', Country: 'Canada'
2025-10-01 00:30:26,546 - INFO - Created new company - ID: 20839, Name: 'ASTERIAS MARINE CO', Country: 'Canada'
2025-10-01 00:30:34,714 - INFO - Created new company - ID: 20840, Name: 'OSPREY PD357 LTD', Country: 'Netherlands'
2025-10-01 00:30:46,779 - INFO - Created new company - ID: 20841, Name: 'OHT ALFA LIFT AS', Country: 'Norway'
2025-10-01 00:30:50,889 - INFO - Created new company - ID: 20842, Name: 'SEAWAY 7 VESSELS BV', Country: 'Netherlands'
2025-10-01 00:30:50,943 - INFO - Created new company - ID: 20843, Name: 'SEAWAY HEAVY LIFTING', Country: 'Netherlands'
2025-10-01 00:30:55,051 - INFO - Created new company - ID: 20844, Name: 'PEAK SKORPO BV', Country: 'Norway'
2025-10-01 00:31:03,313 - INFO - Created new company - ID: 20845, Name: 'DINTELDIJK 2.0 BV', Country: 'Netherlands'
2025-10-01 00:31:07,440 - INFO - Created new company - ID: 20846, Name: 'VELSERDIJK 2.0 BV', Country: 'Netherlands'
2025-10-01 00:31:19,747 - INFO - Created new company - ID: 20847, Name: 'JAUNE INTERNATIONAL SA', Country: 'Netherlands'
2025-10-01 00:31:23,847 - INFO - Created new company - ID: 20848, Name: 'CONSTANTIA HOLDINGS LTD', Country: 'Netherlands'
2025-10-01 00:31:40,154 - INFO - Created new company - ID: 20849, Name: 'TERSCHELLINGER GROENVLOOT', Country: 'Netherlands'
2025-10-01 00:31:44,270 - INFO - Created new company - ID: 20850, Name: 'PRODUCTIE ZEEZAND BV', Country: 'Netherlands'
2025-10-01 00:31:48,371 - INFO - Created new company - ID: 20851, Name: 'SCALD BV', Country: 'Netherlands'
2025-10-01 00:32:00,193 - INFO - Created new company - ID: 20852, Name: 'SPAANSEN ZEEVAART BV', Country: 'Netherlands'
2025-10-01 00:32:04,347 - INFO - Created new company - ID: 20853, Name: 'SPAANSEN MARINE AGGREGATES BV', Country: 'Netherlands'
2025-10-01 00:33:05,157 - INFO - Created new company - ID: 20854, Name: 'BLUEWATER HAEWENE BRIM BV', Country: 'Netherlands'
2025-10-01 00:33:09,255 - INFO - Created new company - ID: 20855, Name: 'BLUEWATER AOKA MIZU BV', Country: 'Netherlands'
2025-10-01 00:33:17,464 - INFO - Created new company - ID: 20856, Name: 'HARTMAN SHIPPING 2 BV', Country: 'Netherlands'
2025-10-01 00:33:46,025 - INFO - Created new company - ID: 20857, Name: 'TIDEWATER INVESTMENT CO', Country: 'Netherlands'
2025-10-01 00:33:50,149 - INFO - Created new company - ID: 20858, Name: 'JASMINE LTD', Country: 'Netherlands'
2025-10-01 00:33:54,284 - INFO - Created new company - ID: 20859, Name: 'SAVANNAH SHIPPING LTD', Country: 'United-states'
2025-10-01 00:33:58,472 - INFO - Created new company - ID: 20860, Name: 'VENICE MARITIME CO LTD', Country: 'Netherlands'
2025-10-01 00:34:31,020 - INFO - Created new company - ID: 20861, Name: 'SUBSEA REBECCA BV', Country: 'Netherlands'
2025-10-01 00:34:35,130 - INFO - Created new company - ID: 20862, Name: 'VALPAROLA ESPRIT BV', Country: 'Netherlands'
2025-10-01 00:34:47,359 - INFO - Created new company - ID: 20863, Name: 'IHC FINANCE 1290 BV', Country: 'Netherlands'
2025-10-01 00:34:47,413 - INFO - Created new company - ID: 20864, Name: 'ORISANT FINANCE BV', Country: 'Netherlands'
2025-10-01 00:34:51,497 - INFO - Created new company - ID: 20865, Name: 'REIMERSWAAL DREDGING BV', Country: 'Netherlands'
2025-10-01 00:35:03,808 - INFO - Created new company - ID: 20866, Name: 'WATERFALL PROJECTS SIA', Country: 'Latvia'
2025-10-01 00:35:07,941 - INFO - Created new company - ID: 20867, Name: 'MV BON VIVANT SIA', Country: 'Latvia'
2025-10-01 00:37:59,113 - INFO - Created new company - ID: 20868, Name: 'SEALORD VESSEL HOLDINGS LTD', Country: 'New-zealand'
2025-10-01 00:38:18,484 - INFO - Created new company - ID: 20869, Name: 'FERRY LINES LTD-NZL', Country: 'New-zealand'
2025-10-01 00:38:32,392 - INFO - Created new company - ID: 20870, Name: 'PTL TUGCO LLC', Country: 'New-zealand'
2025-10-01 00:39:13,971 - INFO - Created new company - ID: 20871, Name: 'ALTERRA LTD', Country: 'New-zealand'
2025-10-01 00:39:23,396 - INFO - Created new company - ID: 20872, Name: 'YAKIN FISHERIES CO LTD', Country: 'New-zealand'
2025-10-01 00:39:32,708 - INFO - Created new company - ID: 20873, Name: 'NAKUNAKU LTD', Country: 'New-zealand'
2025-10-01 00:40:54,013 - INFO - Created new company - ID: 20874, Name: 'MULTIPLAN INTERNATIONAL LTD', Country: 'Nigeria'
2025-10-01 00:44:05,476 - INFO - Created new company - ID: 20875, Name: 'CARACAL OIL & GAS SERVICES 289', Country: 'Nigeria'
2025-10-01 00:44:09,596 - INFO - Created new company - ID: 20876, Name: 'CARACAL OIL & GAS SERVICES 286', Country: 'Nigeria'
2025-10-01 00:44:13,710 - INFO - Created new company - ID: 20877, Name: 'VALLOEBY LARA LTD', Country: 'Malta'
2025-10-01 00:44:17,840 - INFO - Created new company - ID: 20878, Name: 'VALLOEBY LAMENTIN LTD', Country: 'Switzerland'
2025-10-01 00:44:21,982 - INFO - Created new company - ID: 20879, Name: 'VALLOEBY AMUR STAR LTD', Country: 'Singapore'
2025-10-01 00:44:26,147 - INFO - Created new company - ID: 20880, Name: 'VALLOEBY SHANNON STAR LTD', Country: 'Singapore'
2025-10-01 00:44:30,292 - INFO - Created new company - ID: 20881, Name: 'VALLOEBY KONGO STAR LTD', Country: 'Germany'
2025-10-01 00:44:34,402 - INFO - Created new company - ID: 20882, Name: 'VALLOEBY MISSISSIPPI STAR LTD', Country: 'Germany'
2025-10-01 00:44:42,547 - INFO - Created new company - ID: 20883, Name: 'YAMADA CORPORATION CO LTD', Country: 'Norway'
2025-10-01 00:44:46,637 - INFO - Created new company - ID: 20884, Name: 'OCY NAT 2 LTD', Country: 'United-kingdom'
2025-10-01 00:44:50,717 - INFO - Created new company - ID: 20885, Name: 'OCY NAT 4 LTD', Country: 'Singapore'
2025-10-01 00:44:54,830 - INFO - Created new company - ID: 20886, Name: 'VALLOEBY PROSPERA LTD', Country: 'United-states'
2025-10-01 00:45:07,180 - INFO - Created new company - ID: 20887, Name: 'TSH INVESTMENT 1 LTD', Country: 'Marshall-islands'
2025-10-01 00:45:11,296 - INFO - Created new company - ID: 20888, Name: 'VALLOEBY PRIDE LTD', Country: 'Isle-of-man'
2025-10-01 00:45:15,474 - INFO - Created new company - ID: 20889, Name: 'VALLOEBY PROGRESS LTD', Country: 'Isle-of-man'
2025-10-01 00:45:19,609 - INFO - Created new company - ID: 20890, Name: 'VALLOEBY PROMISE LTD', Country: 'Isle-of-man'
2025-10-01 00:45:23,733 - INFO - Created new company - ID: 20891, Name: 'VALLOEBY PROTECTOR LTD', Country: 'Isle-of-man'
2025-10-01 00:46:04,496 - INFO - Created new company - ID: 20892, Name: 'SINOOCEAN A7 LTD', Country: 'Nigeria'
2025-10-01 00:47:06,473 - INFO - Created new company - ID: 20893, Name: 'PRIME OPTIMUS NIGERIA LTD', Country: 'Nigeria'
2025-10-01 00:48:12,059 - INFO - Created new company - ID: 20894, Name: 'ELAN STAR MARINE NIG LTD', Country: 'Nigeria'
2025-10-01 00:48:16,155 - INFO - Created new company - ID: 20895, Name: 'DELTA SKY & WINNIE LTD', Country: 'Nigeria'
2025-10-01 00:48:20,234 - INFO - Created new company - ID: 20896, Name: 'EJOVI DREDGING & MARINE', Country: 'None'
2025-10-01 00:48:35,899 - INFO - Created new company - ID: 20897, Name: 'PETROCLINT BACLAWSEN SERVICES', Country: 'Nigeria'
2025-10-01 00:49:33,011 - INFO - Created new company - ID: 20898, Name: 'GRACELAND SHIPPING LTD', Country: 'Nigeria'
2025-10-01 00:49:36,910 - INFO - Created new company - ID: 20899, Name: 'OTTOMAN INC', Country: 'Nigeria'
2025-10-01 00:49:44,851 - INFO - Created new company - ID: 20900, Name: 'BLACKWOOD MARINE', Country: 'Nigeria'
2025-10-01 00:49:48,981 - INFO - Created new company - ID: 20901, Name: 'PAGE SHIPPING LTD', Country: 'Nigeria'
2025-10-01 00:49:53,095 - INFO - Created new company - ID: 20902, Name: 'HIGHWOOD SHIPPING LTD', Country: 'Nigeria'
2025-10-01 00:49:57,192 - INFO - Created new company - ID: 20903, Name: 'PIEDMONT OVERSEAS INC', Country: 'Nigeria'
2025-10-01 00:50:01,263 - INFO - Created new company - ID: 20904, Name: 'RED OCEAN TRANSPORT LTD', Country: 'Nigeria'
2025-10-01 00:50:05,372 - INFO - Created new company - ID: 20905, Name: 'SEA ANGEL LTD', Country: 'Nigeria'
2025-10-01 00:50:09,515 - INFO - Created new company - ID: 20906, Name: 'SEA TRUCKS INLAND LTD', Country: 'Nigeria'
2025-10-01 00:50:25,416 - INFO - Created new company - ID: 20907, Name: 'EGRET RESOURCES LTD', Country: 'Nigeria'
2025-10-01 00:50:29,521 - INFO - Created new company - ID: 20908, Name: 'SIENNA OVERSEAS LTD', Country: 'Nigeria'
2025-10-01 00:54:34,256 - INFO - Created new company - ID: 20909, Name: 'BOURBON LIBERTY 235 SNC', Country: 'Nigeria'
2025-10-01 00:56:47,067 - INFO - Created new company - ID: 20910, Name: 'AFRICA SHIP LEASING 22 BV', Country: 'Nigeria'
2025-10-01 01:00:14,854 - INFO - Created new company - ID: 20911, Name: 'ROYALOAK HYDROCARBON LTD', Country: 'Nigeria'
2025-10-01 01:00:18,942 - INFO - Created new company - ID: 20912, Name: 'MARINE & OCEAN INFINITY NIG', Country: 'Nigeria'
2025-10-01 01:00:31,260 - INFO - Created new company - ID: 20913, Name: 'INTEWAMACO LTD', Country: 'Nigeria'
2025-10-01 01:01:15,653 - INFO - Created new company - ID: 20914, Name: 'PRIDE MARINE LTD', Country: 'Nigeria'
2025-10-01 01:01:20,264 - INFO - Created new company - ID: 20915, Name: 'CONTENDER MARINE LTD', Country: 'Nigeria'
2025-10-01 01:01:33,477 - INFO - Created new company - ID: 20916, Name: 'SD SALVOR BV', Country: 'Nigeria'
2025-10-01 01:01:42,000 - INFO - Created new company - ID: 20917, Name: 'HELIOS MARITIME I LTD', Country: 'Nigeria'
2025-10-01 01:02:23,973 - INFO - Created new company - ID: 20918, Name: 'SOM SHIPPING LINES LTD', Country: 'Greece'
2025-10-01 01:02:40,270 - INFO - Created new company - ID: 20919, Name: 'PORTNEERING SERVICES LTD', Country: 'Nigeria'
2025-10-01 01:03:48,858 - INFO - Created new company - ID: 20920, Name: 'HADNUVO MARINE LTD', Country: 'Nigeria'
2025-10-01 01:04:05,219 - INFO - Created new company - ID: 20921, Name: 'PEA MARITIME SA', Country: 'Nigeria'
2025-10-01 01:05:22,518 - INFO - Created new company - ID: 20922, Name: 'SWORDFISH 5 PTE LTD', Country: 'Nigeria'
2025-10-01 01:05:46,959 - INFO - Created new company - ID: 20923, Name: 'ERDIS NIGERIA LTD', Country: 'Nigeria'
2025-10-01 01:05:51,148 - INFO - Created new company - ID: 20924, Name: 'OWOLMART MARITIME CO LTD', Country: 'Nigeria'
2025-10-01 01:05:59,143 - INFO - Created new company - ID: 20925, Name: 'DAMAS MARINE LTD', Country: 'Nigeria'
2025-10-01 01:06:04,739 - INFO - Created new company - ID: 20926, Name: 'ADNAN MANSOOR MARITIME LTD', Country: 'Nigeria'
2025-10-01 01:06:16,794 - INFO - Created new company - ID: 20927, Name: 'OILBATH NIGERIA LTD', Country: 'Nigeria'
2025-10-01 01:06:36,733 - INFO - Created new company - ID: 20928, Name: 'PUFFIN LTD', Country: 'Nigeria'
2025-10-01 01:06:40,839 - INFO - Created new company - ID: 20929, Name: 'ENERGY LINK INFRASTRUCTURE MTA', Country: 'Nigeria'
2025-10-01 01:06:49,099 - INFO - Created new company - ID: 20930, Name: 'PJS OFFSHORE PTE LTD', Country: 'Nigeria'
2025-10-01 01:06:57,306 - INFO - Created new company - ID: 20931, Name: 'PW MARINE LTD', Country: 'Nigeria'
2025-10-01 01:07:53,163 - INFO - Created new company - ID: 20932, Name: 'RUNNER MARINE LTD', Country: 'Nigeria'
2025-10-01 01:08:41,266 - INFO - Created new company - ID: 20933, Name: 'FLUID POWER MARINE SERVICES', Country: 'Nigeria'
2025-10-01 01:09:05,710 - INFO - Created new company - ID: 20934, Name: 'VATAX LTD', Country: 'Nigeria'
2025-10-01 01:09:09,802 - INFO - Created new company - ID: 20935, Name: 'GREVILLEAS SERVICES LTD', Country: 'Nigeria'
2025-10-01 01:10:51,761 - INFO - Created new company - ID: 20936, Name: 'GLOBAL LITE LOGISTIC & FORWARD', Country: 'United-states'
2025-10-01 01:10:55,922 - INFO - Created new company - ID: 20937, Name: 'WESTFIELD SUBSEA LTD', Country: 'Nigeria'
2025-10-01 01:12:09,608 - INFO - Created new company - ID: 20938, Name: 'PONTUS NAVIGATION CORP', Country: 'Nigeria'
2025-10-01 01:12:14,211 - INFO - Created new company - ID: 20939, Name: 'TRITON NAVIGATION CORP', Country: 'Nigeria'
2025-10-01 01:12:18,839 - INFO - Created new company - ID: 20940, Name: 'BRAVURA LOGISTICS & TRANSPORT', Country: 'Nigeria'
2025-10-01 01:12:32,170 - INFO - Created new company - ID: 20941, Name: 'POTOMAC SHIPPING CO LTD', Country: 'Nigeria'
2025-10-01 01:13:12,931 - INFO - Created new company - ID: 20942, Name: 'SEACOR MARINE WEST AFRICA SAS', Country: 'France'
2025-10-01 01:15:55,438 - INFO - Created new company - ID: 20943, Name: 'WANG CB', Country: 'North-korea'
2025-10-01 01:16:05,332 - INFO - Created new company - ID: 20944, Name: 'SHANDONG ZAIZHOU INTERNATIONAL', Country: 'North-korea'
2025-10-01 01:16:09,466 - INFO - Created new company - ID: 20945, Name: 'BIG LUCK TRADING CO LTD', Country: 'North-korea'
2025-10-01 01:16:58,393 - INFO - Created new company - ID: 20946, Name: 'DAOHE SHIPPING CO LTD', Country: 'North-korea'
2025-10-01 01:21:17,564 - INFO - Created new company - ID: 20947, Name: 'OLSUN CHARTERING CO', Country: 'Norway'
2025-10-01 01:23:58,377 - INFO - Created new company - ID: 20948, Name: 'AYA SHIPPING INC', Country: 'Norway'
2025-10-01 01:27:55,614 - INFO - Created new company - ID: 20949, Name: 'SHURI SERVICES LLC', Country: 'Norway'
2025-10-01 01:27:59,775 - INFO - Created new company - ID: 20950, Name: 'FRONT ULL INC', Country: 'Norway'
2025-10-01 01:28:03,903 - INFO - Created new company - ID: 20951, Name: 'FRONT IDUN INC', Country: 'Norway'
2025-10-01 01:28:08,016 - INFO - Created new company - ID: 20952, Name: 'SFL LION INC', Country: 'Norway'
2025-10-01 01:28:12,128 - INFO - Created new company - ID: 20953, Name: 'SFL TIGER INC', Country: 'Norway'
2025-10-01 01:28:16,236 - INFO - Created new company - ID: 20954, Name: 'FRONT CHEETAH INC', Country: 'Norway'
2025-10-01 01:28:20,379 - INFO - Created new company - ID: 20955, Name: 'FRONT COUGAR INC', Country: 'Norway'
2025-10-01 01:28:24,512 - INFO - Created new company - ID: 20956, Name: 'FRONT HEBE INC', Country: 'Norway'
2025-10-01 01:28:28,605 - INFO - Created new company - ID: 20957, Name: 'FRONT HERA INC', Country: 'Norway'
2025-10-01 01:28:32,717 - INFO - Created new company - ID: 20958, Name: 'FRONT APHRODITE INC', Country: 'Norway'
2025-10-01 01:28:36,837 - INFO - Created new company - ID: 20959, Name: 'FRONT ATHENA INC', Country: 'Norway'
2025-10-01 01:28:41,005 - INFO - Created new company - ID: 20960, Name: 'FRONT CRYSTAL II INC', Country: 'Norway'
2025-10-01 01:28:45,128 - INFO - Created new company - ID: 20961, Name: 'FRONT CORAL INC', Country: 'Norway'
2025-10-01 01:28:49,241 - INFO - Created new company - ID: 20962, Name: 'FRONT ALTAIR INC', Country: 'Norway'
2025-10-01 01:28:53,402 - INFO - Created new company - ID: 20963, Name: 'FRONT ANTARE INC', Country: 'Norway'
2025-10-01 01:28:57,515 - INFO - Created new company - ID: 20964, Name: 'FRONT CHALLENGER INC', Country: 'Norway'
2025-10-01 01:29:01,647 - INFO - Created new company - ID: 20965, Name: 'FRONT CROWN INC', Country: 'Norway'
2025-10-01 01:29:05,729 - INFO - Created new company - ID: 20966, Name: 'FRONT CLASSIC INC', Country: 'Norway'
2025-10-01 01:29:09,846 - INFO - Created new company - ID: 20967, Name: 'FRONT CLIPPER INC', Country: 'Norway'
2025-10-01 01:29:13,953 - INFO - Created new company - ID: 20968, Name: 'FRONT VEGA INC', Country: 'Norway'
2025-10-01 01:29:18,070 - INFO - Created new company - ID: 20969, Name: 'FRONT SIRIUS INC', Country: 'Norway'
2025-10-01 01:29:22,189 - INFO - Created new company - ID: 20970, Name: 'FRONT COSMOS INC', Country: 'Norway'
2025-10-01 01:29:26,331 - INFO - Created new company - ID: 20971, Name: 'FRONT CASCADE INC', Country: 'Norway'
2025-10-01 01:29:30,452 - INFO - Created new company - ID: 20972, Name: 'FRONT DUKE INC', Country: 'Norway'
2025-10-01 01:29:34,614 - INFO - Created new company - ID: 20973, Name: 'FRONT DUCHESS INC', Country: 'Norway'
2025-10-01 01:30:11,296 - INFO - Created new company - ID: 20974, Name: 'SOLSTAD AUSTRALIA PTY LTD', Country: 'Australia'
2025-10-01 01:30:39,880 - INFO - Created new company - ID: 20975, Name: 'DEEP SEA SUPPLY NAVEGACAO', Country: 'Brazil'
2025-10-01 01:31:04,337 - INFO - Created new company - ID: 20976, Name: 'NORMAND INSTALLER SA', Country: 'Norway'
2025-10-01 01:31:24,704 - INFO - Created new company - ID: 20977, Name: 'SOLSHIP AS', Country: 'Norway'
2025-10-01 01:33:39,446 - INFO - Created new company - ID: 20978, Name: 'HUICHENG TIANJIN SHIPPING', Country: 'Norway'
2025-10-01 01:33:39,501 - INFO - Created new company - ID: 20979, Name: '2020 BULKERS MANAGEMENT AS', Country: 'Norway'
2025-10-01 01:33:47,669 - INFO - Created new company - ID: 20980, Name: 'XIANG CR1 HK INTERNATIONAL', Country: 'Hong-kong'
2025-10-01 01:33:51,775 - INFO - Created new company - ID: 20981, Name: 'XIANG CR5 HK INTERNATIONAL', Country: 'Hong-kong'
2025-10-01 01:33:55,890 - INFO - Created new company - ID: 20982, Name: 'XIANGSHI INTERNATIONAL SHIP', Country: 'Hong-kong'
2025-10-01 01:34:00,031 - INFO - Created new company - ID: 20983, Name: 'XIANGLI INTERNATIONAL SHIP', Country: 'Hong-kong'
2025-10-01 01:34:04,117 - INFO - Created new company - ID: 20984, Name: 'GREAT MANASIU LTD', Country: 'Marshall-islands'
2025-10-01 01:34:08,234 - INFO - Created new company - ID: 20985, Name: 'GREAT NUPTSE LTD', Country: 'Bermuda'
2025-10-01 01:34:12,414 - INFO - Created new company - ID: 20986, Name: 'COMPASS SHIPPING 91 CORP LTD', Country: 'Bermuda'
2025-10-01 01:34:16,571 - INFO - Created new company - ID: 20987, Name: 'COMPASS SHIPPING 95 CORP LTD', Country: 'Bermuda'
2025-10-01 01:34:20,671 - INFO - Created new company - ID: 20988, Name: 'COMPASS SHIPPING 93 CORP LTD', Country: 'Bermuda'
2025-10-01 01:34:24,768 - INFO - Created new company - ID: 20989, Name: 'VIKING OCEAN CRUISES SHIP IX', Country: 'Bermuda'
2025-10-01 01:34:28,858 - INFO - Created new company - ID: 20990, Name: 'VIKING OCEAN CRUISES SHIP X', Country: 'Bermuda'
2025-10-01 01:34:32,944 - INFO - Created new company - ID: 20991, Name: 'VIKING OCEAN CRUISES SHIP XI', Country: 'Bermuda'
2025-10-01 01:34:37,047 - INFO - Created new company - ID: 20992, Name: 'CCB MARINE MI CORP LTD', Country: 'Bermuda'
2025-10-01 01:34:41,123 - INFO - Created new company - ID: 20993, Name: 'VIKING EXPEDITION SHIP II LTD', Country: 'Bermuda'
2025-10-01 01:34:45,236 - INFO - Created new company - ID: 20994, Name: 'VIKING OCEAN CRUISES SHIP I', Country: 'Switzerland'
2025-10-01 01:34:49,365 - INFO - Created new company - ID: 20995, Name: 'VIKING SEA LTD', Country: 'Switzerland'
2025-10-01 01:34:53,457 - INFO - Created new company - ID: 20996, Name: 'VIKING OCEAN CRUISES SHIP II', Country: 'United-states'
2025-10-01 01:34:57,573 - INFO - Created new company - ID: 20997, Name: 'SEA 33 LEASING CO LTD', Country: 'United-states'
2025-10-01 01:35:01,715 - INFO - Created new company - ID: 20998, Name: 'COMPASS SHIPPING 36 CORP LTD', Country: 'United-states'
2025-10-01 01:35:05,831 - INFO - Created new company - ID: 20999, Name: 'VIKING OCEAN CRUISES SHIP VII', Country: 'United-states'
2025-10-01 01:35:09,946 - INFO - Created new company - ID: 21000, Name: 'COMPASS SHIPPING 37 CORP LTD', Country: 'United-states'
2025-10-01 01:35:14,064 - INFO - Created new company - ID: 21001, Name: 'FIDELIO LP', Country: 'United-states'
2025-10-01 01:35:50,804 - INFO - Created new company - ID: 21002, Name: 'GL SHV6 SHIPPING INC', Country: 'South-korea'
2025-10-01 01:37:37,741 - INFO - Created new company - ID: 21003, Name: 'NDUNA MARITIME PTY LTD', Country: 'Norway'
2025-10-01 01:41:22,762 - INFO - Created new company - ID: 21004, Name: 'SOLVTRANS REDERI II AS', Country: 'Norway'
2025-10-01 01:43:50,948 - INFO - Created new company - ID: 21005, Name: 'STARFISH MARITIMA SA', Country: 'Norway'
2025-10-01 01:44:11,417 - INFO - Created new company - ID: 21006, Name: 'HENNESSY PARTNERS LTD', Country: 'Norway'
2025-10-01 01:44:52,379 - INFO - Created new company - ID: 21007, Name: 'YELLOWTAIL MARITIMA SA', Country: 'Norway'
2025-10-01 01:45:33,231 - INFO - Created new company - ID: 21008, Name: 'CAROLINE 87 SASU', Country: 'France'
2025-10-01 01:45:37,363 - INFO - Created new company - ID: 21009, Name: 'MILLENAIRE FINANCEMENT 23 SASU', Country: 'France'
2025-10-01 01:45:41,488 - INFO - Created new company - ID: 21010, Name: 'CAROLINE 95 SASU', Country: 'France'
2025-10-01 01:45:45,574 - INFO - Created new company - ID: 21011, Name: 'CHOPIN LEASING 26 SNC', Country: 'France'
2025-10-01 01:45:49,661 - INFO - Created new company - ID: 21012, Name: 'CHOPIN LEASING 27 SNC', Country: 'France'
2025-10-01 01:45:53,757 - INFO - Created new company - ID: 21013, Name: 'CHOPIN LEASING 28 SNC', Country: 'France'
2025-10-01 01:45:57,901 - INFO - Created new company - ID: 21014, Name: 'CHOPIN LEASING 29 SNC', Country: 'France'
2025-10-01 01:46:02,001 - INFO - Created new company - ID: 21015, Name: 'ALPINIA SNC', Country: 'None'
2025-10-01 01:46:06,118 - INFO - Created new company - ID: 21016, Name: 'NORSPAN LNG AS', Country: 'Norway'
2025-10-01 01:46:10,254 - INFO - Created new company - ID: 21017, Name: 'NORSPAN LNG II AS', Country: 'Norway'
2025-10-01 01:46:14,358 - INFO - Created new company - ID: 21018, Name: 'KNUTSEN KYST LNG', Country: 'Norway'
2025-10-01 01:46:18,468 - INFO - Created new company - ID: 21019, Name: 'NORSPAN LNG III AS', Country: 'Norway'
2025-10-01 01:46:22,574 - INFO - Created new company - ID: 21020, Name: 'NORSPAN LNG IV AS', Country: 'Norway'
2025-10-01 01:46:26,681 - INFO - Created new company - ID: 21021, Name: 'NORSPAN LNG V AS', Country: 'Norway'
2025-10-01 01:46:30,788 - INFO - Created new company - ID: 21022, Name: 'NORSPAN LNG VI AS', Country: 'Norway'
2025-10-01 01:46:34,904 - INFO - Created new company - ID: 21023, Name: 'NORSPAN LNG VII AS', Country: 'Norway'
2025-10-01 01:46:39,018 - INFO - Created new company - ID: 21024, Name: 'NORSPAN LNG VIII AS', Country: 'Norway'
2025-10-01 01:46:47,243 - INFO - Created new company - ID: 21025, Name: 'KNUTSEN NYK SHUTTLE TANKERS 16', Country: 'Norway'
2025-10-01 01:46:51,314 - INFO - Created new company - ID: 21026, Name: 'XIANG T2 HK INTERNATIONAL SHIP', Country: 'Norway'
2025-10-01 01:46:55,399 - INFO - Created new company - ID: 21027, Name: 'XIANG T3 HK INTERNATIONAL SHIP', Country: 'Norway'
2025-10-01 01:46:59,511 - INFO - Created new company - ID: 21028, Name: 'HAI FENG 1716 LTD', Country: 'Norway'
2025-10-01 01:47:05,483 - INFO - Created new company - ID: 21029, Name: 'SOLT HOLDING PANAMA 82 SA', Country: 'Norway'
2025-10-01 01:47:09,599 - INFO - Created new company - ID: 21030, Name: 'HAI KUO SHIPPING 1901 G LTD', Country: 'Norway'
2025-10-01 01:47:13,730 - INFO - Created new company - ID: 21031, Name: 'FSRU LTDA DE CV', Country: 'Norway'
2025-10-01 01:47:17,891 - INFO - Created new company - ID: 21032, Name: 'PACIFIC GAS TRANSPORTS SA', Country: 'Norway'
2025-10-01 01:47:22,009 - INFO - Created new company - ID: 21033, Name: 'BERGE ARZEW/SONATRACH BERGE', Country: 'Norway'
2025-10-01 01:47:42,491 - INFO - Created new company - ID: 21034, Name: 'BERGESEN LNG VIII PTE LTD', Country: 'Norway'
2025-10-01 01:47:46,593 - INFO - Created new company - ID: 21035, Name: 'ORION NAVIGATION', Country: 'Norway'
2025-10-01 01:47:50,702 - INFO - Created new company - ID: 21036, Name: 'BERGESEN LNG IX PTE LTD', Country: 'Norway'
2025-10-01 01:47:54,845 - INFO - Created new company - ID: 21037, Name: 'BERGESEN LNG X PTE LTD', Country: 'Norway'
2025-10-01 01:47:58,999 - INFO - Created new company - ID: 21038, Name: 'BERGESEN LNG XI PTE LTD', Country: 'Norway'
2025-10-01 01:48:03,090 - INFO - Created new company - ID: 21039, Name: 'URSA NAV CORP', Country: 'Norway'
2025-10-01 01:48:07,224 - INFO - Created new company - ID: 21040, Name: 'BW BATANGAS INC', Country: 'Norway'
2025-10-01 01:48:15,439 - INFO - Created new company - ID: 21041, Name: 'BW PAVILION VANDA PTE LTD', Country: 'Norway'
2025-10-01 01:48:19,525 - INFO - Created new company - ID: 21042, Name: 'BW PAVILION LEEARA PTE LTD', Country: 'Norway'
2025-10-01 01:48:23,643 - INFO - Created new company - ID: 21043, Name: 'SNAM FSRU ITALIA SRL', Country: 'None'
2025-10-01 01:49:24,703 - INFO - Created new company - ID: 21044, Name: 'DRAMMEN PORT AUTHORITY', Country: 'Norway'
2025-10-01 01:50:13,452 - INFO - Created new company - ID: 21045, Name: 'BB OCTOPUS AS', Country: 'Norway'
2025-10-01 01:52:44,777 - INFO - Created new company - ID: 21046, Name: 'KNOT SHUTTLE TANKERS 26 AS', Country: 'United-kingdom'
2025-10-01 01:52:56,756 - INFO - Created new company - ID: 21047, Name: 'KNOT FSO 2 AS', Country: 'Norway'
2025-10-01 01:53:00,856 - INFO - Created new company - ID: 21048, Name: 'KNOT FSO 1 AS', Country: 'Norway'
2025-10-01 01:53:04,936 - INFO - Created new company - ID: 21049, Name: 'KNOT SHUTTLE TANKERS 18 AS', Country: 'Norway'
2025-10-01 01:53:09,055 - INFO - Created new company - ID: 21050, Name: 'KNOT SHUTTLE TANKERS 17 AS', Country: 'Norway'
2025-10-01 01:53:17,269 - INFO - Created new company - ID: 21051, Name: 'KNOT SHUTTLE TANKERS 32 AS', Country: 'Norway'
2025-10-01 01:53:21,369 - INFO - Created new company - ID: 21052, Name: 'KNOT SHUTTLE TANKERS 37 AS', Country: 'Norway'
2025-10-01 01:53:25,470 - INFO - Created new company - ID: 21053, Name: 'KNOT SHUTTLE TANKERS 21 AS', Country: 'Denmark'
2025-10-01 01:53:29,613 - INFO - Created new company - ID: 21054, Name: 'KNOT SHUTTLE TANKERS 20 AS', Country: 'Denmark'
2025-10-01 01:53:33,708 - INFO - Created new company - ID: 21055, Name: 'KNUTSEN SHUTTLE TANKERS 13 AS', Country: 'Norway'
2025-10-01 01:53:37,789 - INFO - Created new company - ID: 21056, Name: 'KNUTSEN SHUTTLE TANKERS 14 AS', Country: 'Norway'
2025-10-01 01:53:50,067 - INFO - Created new company - ID: 21057, Name: 'KNOT SHUTTLE TANKERS 24 AS', Country: 'Norway'
2025-10-01 01:53:54,257 - INFO - Created new company - ID: 21058, Name: 'KNOT SHUTTLE TANKERS 25 AS', Country: 'Norway'
2025-10-01 01:53:58,429 - INFO - Created new company - ID: 21059, Name: 'KNOT SHUTTLE TANKERS 30 AS', Country: 'Norway'
2025-10-01 01:54:02,535 - INFO - Created new company - ID: 21060, Name: 'KNOT SHUTTLE TANKERS 34 AS', Country: 'Norway'
2025-10-01 01:54:06,660 - INFO - Created new company - ID: 21061, Name: 'KNOT SHUTTLE TANKERS 35 AS', Country: 'Norway'
2025-10-01 01:54:10,796 - INFO - Created new company - ID: 21062, Name: 'KNOT SHUTTLE TANKERS 31 AS', Country: 'Norway'
2025-10-01 01:54:14,910 - INFO - Created new company - ID: 21063, Name: 'KNOT SHUTTLE TANKERS 27 AS', Country: 'Norway'
2025-10-01 01:54:19,025 - INFO - Created new company - ID: 21064, Name: 'KNOT SHUTTLE TANKERS 41 AS', Country: 'Norway'
2025-10-01 01:54:23,108 - INFO - Created new company - ID: 21065, Name: 'KNOT SHUTTLE TANKERS 42 AS', Country: 'Norway'
2025-10-01 01:54:59,755 - INFO - Created new company - ID: 21066, Name: 'NFH FBM 230105 AS', Country: 'Norway'
2025-10-01 01:55:03,863 - INFO - Created new company - ID: 21067, Name: 'NFH FBM 230301 AS', Country: 'Norway'
2025-10-01 01:55:20,190 - INFO - Created new company - ID: 21068, Name: 'DOF SUBSEA REDERI III AS', Country: 'Norway'
2025-10-01 01:55:24,300 - INFO - Created new company - ID: 21069, Name: 'MERCU SHIPOWNING LTD', Country: 'Norway'
2025-10-01 01:55:28,379 - INFO - Created new company - ID: 21070, Name: 'JUPIER SHIPOWNING LTD', Country: 'Norway'
2025-10-01 01:55:32,463 - INFO - Created new company - ID: 21071, Name: 'SKANDI HERA AS', Country: 'Norway'
2025-10-01 01:56:09,130 - INFO - Created new company - ID: 21072, Name: 'NORWEGIAN PSV IV AS', Country: 'Norway'
2025-10-01 01:56:13,247 - INFO - Created new company - ID: 21073, Name: 'SKANDI DARWIN AS', Country: 'Norway'
2025-10-01 01:57:18,991 - INFO - Created new company - ID: 21074, Name: 'FH BERTLING NAVARRA SHIPPING', Country: 'Norway'
2025-10-01 01:57:23,128 - INFO - Created new company - ID: 21075, Name: 'FH BERTLING DALMATIA SHIPPING', Country: 'Norway'
2025-10-01 01:57:51,677 - INFO - Created new company - ID: 21076, Name: 'SOLVTRANS AS', Country: 'Norway'
2025-10-01 01:57:59,854 - INFO - Created new company - ID: 21077, Name: 'SOLVTRANS WELLBOAT AS', Country: 'Norway'
2025-10-01 02:04:20,042 - INFO - Created new company - ID: 21078, Name: 'KAIHANG TIANJIN SHIP LEASING', Country: 'Norway'
2025-10-01 02:05:53,899 - INFO - Created new company - ID: 21079, Name: 'KNARF MARINE LTD', Country: 'Singapore'
2025-10-01 02:05:58,024 - INFO - Created new company - ID: 21080, Name: 'ELLETSIR MARINE LTD', Country: 'Singapore'
2025-10-01 02:07:29,370 - INFO - Created new company - ID: 21081, Name: 'FJORD REEFERS AS', Country: 'Norway'
2025-10-01 02:08:23,125 - INFO - Created new company - ID: 21082, Name: 'SILVER COPENHAGEN II AS', Country: 'Norway'
2025-10-01 02:08:27,278 - INFO - Created new company - ID: 21083, Name: 'SILVER SUPPORTER AS', Country: 'Norway'
2025-10-01 02:08:31,352 - INFO - Created new company - ID: 21084, Name: 'MASTER & COMMANDER AS', Country: 'Norway'
2025-10-01 02:09:04,226 - INFO - Created new company - ID: 21085, Name: 'FINEAS SHIPPING SA', Country: 'United-kingdom'
2025-10-01 02:09:08,317 - INFO - Created new company - ID: 21086, Name: 'NIREAS SHIPPING SA', Country: 'Norway'
2025-10-01 02:09:12,423 - INFO - Created new company - ID: 21087, Name: 'NESTOR SHIPPING SA', Country: 'Norway'
2025-10-01 02:09:16,537 - INFO - Created new company - ID: 21088, Name: 'PERSEAS SHIPPING SA-MAI', Country: 'United-kingdom'
2025-10-01 02:09:24,693 - INFO - Created new company - ID: 21089, Name: 'SIEM OFFSHORE AHTS AS', Country: 'Norway'
2025-10-01 02:09:36,920 - INFO - Created new company - ID: 21090, Name: 'SIEM OFFSHORE PILOT AS', Country: 'Norway'
2025-10-01 02:09:41,028 - INFO - Created new company - ID: 21091, Name: 'FPS POWER LTD', Country: 'Norway'
2025-10-01 02:09:45,192 - INFO - Created new company - ID: 21092, Name: 'SIEM DAY II AS', Country: 'Norway'
2025-10-01 02:09:49,297 - INFO - Created new company - ID: 21093, Name: 'FPS PROTECTOR LTD', Country: 'Norway'
2025-10-01 02:09:57,460 - INFO - Created new company - ID: 21094, Name: 'SIEM OFFSHORE SUPPLY AS', Country: 'Norway'
2025-10-01 02:10:05,682 - INFO - Created new company - ID: 21095, Name: 'AURORA STORM AS', Country: 'Norway'
2025-10-01 02:10:13,895 - INFO - Created new company - ID: 21096, Name: 'AURORA ECO PSV AS', Country: 'Norway'
2025-10-01 02:10:17,979 - INFO - Created new company - ID: 21097, Name: 'FPS VIKING 2 LTD', Country: 'Norway'
2025-10-01 02:10:22,099 - INFO - Created new company - ID: 21098, Name: 'NAOS MARITIME SA', Country: 'Norway'
2025-10-01 02:10:26,189 - INFO - Created new company - ID: 21099, Name: 'AURORA HORIZON AS', Country: 'Norway'
2025-10-01 02:10:30,280 - INFO - Created new company - ID: 21100, Name: 'AURORA GALAXY AS', Country: 'Norway'
2025-10-01 02:11:02,852 - INFO - Created new company - ID: 21101, Name: 'EKINVESTMENT AB', Country: 'Sweden'
2025-10-01 02:11:19,229 - INFO - Created new company - ID: 21102, Name: 'JONAH OWNING CO LTD', Country: 'Marshall-islands'
2025-10-01 02:11:23,346 - INFO - Created new company - ID: 21103, Name: 'MES TRADE INVEST AG', Country: 'Finland'
2025-10-01 02:11:27,465 - INFO - Created new company - ID: 21104, Name: 'STAVANGER OFFSHORE AS', Country: 'Finland'
2025-10-01 02:11:35,684 - INFO - Created new company - ID: 21105, Name: 'PALLAS VLCC AS', Country: 'Norway'
2025-10-01 02:11:47,945 - INFO - Created new company - ID: 21106, Name: 'FREYA MARITIME LTD', Country: 'United-kingdom'
2025-10-01 02:11:52,037 - INFO - Created new company - ID: 21107, Name: 'IDUN MARITIME LTD', Country: 'United-kingdom'
2025-10-01 02:12:08,481 - INFO - Created new company - ID: 21108, Name: 'SEALOADING CTV 2 AS', Country: 'Norway'
2025-10-01 02:12:08,535 - INFO - Created new company - ID: 21109, Name: 'CEFRONT TECHNOLOGY AS', Country: 'Norway'
2025-10-01 02:12:27,283 - INFO - Created new company - ID: 21110, Name: 'DANCHOR MARSHALL ISLANDS LTD', Country: 'Israel'
2025-10-01 02:12:43,676 - INFO - Created new company - ID: 21111, Name: 'OI7801 PTE LTD', Country: 'Singapore'
2025-10-01 02:12:47,795 - INFO - Created new company - ID: 21112, Name: 'OI7802 PTE LTD', Country: 'Singapore'
2025-10-01 02:12:51,872 - INFO - Created new company - ID: 21113, Name: 'OI7803 PTE LTD', Country: 'Singapore'
2025-10-01 02:13:00,484 - INFO - Created new company - ID: 21114, Name: 'OI7805 PTE LTD', Country: 'Singapore'
2025-10-01 02:13:04,979 - INFO - Created new company - ID: 21115, Name: 'OI7806 PTE LTD', Country: 'United-states'
2025-10-01 02:13:09,690 - INFO - Created new company - ID: 21116, Name: 'OI7807 PTE LTD', Country: 'Singapore'
2025-10-01 02:13:14,301 - INFO - Created new company - ID: 21117, Name: 'OI7808 PTE LTD', Country: 'Singapore'
2025-10-01 02:13:19,017 - INFO - Created new company - ID: 21118, Name: 'SEVNOR WEST LTD', Country: 'Norway'
2025-10-01 02:13:23,723 - INFO - Created new company - ID: 21119, Name: 'OCEAN GLORY ENTERPRISES LTD', Country: 'Singapore'
2025-10-01 02:13:32,637 - INFO - Created new company - ID: 21120, Name: 'SAYAN POLARIS LTD', Country: 'Norway'
2025-10-01 02:13:37,033 - INFO - Created new company - ID: 21121, Name: 'SEALOADING CTV 1 AS', Country: 'Norway'
2025-10-01 02:13:59,718 - INFO - Created new company - ID: 21122, Name: 'AMUNDSEN SPIRIT AS', Country: 'Norway'
2025-10-01 02:14:04,201 - INFO - Created new company - ID: 21123, Name: 'NANSEN SPIRIT LLC', Country: 'Norway'
2025-10-01 02:14:08,885 - INFO - Created new company - ID: 21124, Name: 'PEARY SPIRIT LLC', Country: 'Norway'
2025-10-01 02:14:12,981 - INFO - Created new company - ID: 21125, Name: 'SCOTT SPIRIT LLC', Country: 'Norway'
2025-10-01 02:14:17,071 - INFO - Created new company - ID: 21126, Name: 'TIDE SPIRIT AS', Country: 'Norway'
2025-10-01 02:14:21,160 - INFO - Created new company - ID: 21127, Name: 'HAI KUO SHIPPING 2142T LTD', Country: 'Norway'
2025-10-01 02:14:25,334 - INFO - Created new company - ID: 21128, Name: 'HAI KUO SHIPPING 2205C LTD', Country: 'Norway'
2025-10-01 02:14:29,431 - INFO - Created new company - ID: 21129, Name: 'CLIPPER LLC', Country: 'Australia'
2025-10-01 02:14:29,488 - INFO - Created new company - ID: 21130, Name: 'ALTERA OPERATIONS AUSTRALIA', Country: 'Australia'
2025-10-01 02:14:33,609 - INFO - Created new company - ID: 21131, Name: 'SAMBA SPIRIT LLC', Country: 'United-kingdom'
2025-10-01 02:14:37,718 - INFO - Created new company - ID: 21132, Name: 'LAMBADA SPIRIT LLC', Country: 'United-kingdom'
2025-10-01 02:14:41,804 - INFO - Created new company - ID: 21133, Name: 'BOSSA NOVA SPIRIT LLC', Country: 'United-kingdom'
2025-10-01 02:14:46,577 - INFO - Created new company - ID: 21134, Name: 'SERTANEJO SPIRIT LLC', Country: 'United-kingdom'
2025-10-01 02:14:50,700 - INFO - Created new company - ID: 21135, Name: 'AURORA SPIRIT AS', Country: 'Norway'
2025-10-01 02:14:54,802 - INFO - Created new company - ID: 21136, Name: 'RAINBOW SPIRIT AS', Country: 'Norway'
2025-10-01 02:14:58,939 - INFO - Created new company - ID: 21137, Name: 'CURRENT SPIRIT AS', Country: 'Norway'
2025-10-01 02:15:03,060 - INFO - Created new company - ID: 21138, Name: 'SILVER TREVALLY INC', Country: 'Türkiye'
2025-10-01 02:15:07,197 - INFO - Created new company - ID: 21139, Name: 'TRIDENT ENERGY SERVICES LTD', Country: 'Cayman-islands'
2025-10-01 02:15:11,326 - INFO - Created new company - ID: 21140, Name: 'OCY NAT 3 LTD', Country: 'Malta'
2025-10-01 02:15:15,518 - INFO - Created new company - ID: 21141, Name: 'OCY AQUARIUS LTD', Country: 'United-kingdom'
2025-10-01 02:15:19,654 - INFO - Created new company - ID: 21142, Name: 'OCY CYGNUS LTD', Country: 'Bermuda'
2025-10-01 02:15:23,781 - INFO - Created new company - ID: 21143, Name: 'OCY NAT 1 LTD', Country: 'Bermuda'
2025-10-01 02:15:27,887 - INFO - Created new company - ID: 21144, Name: 'ROSELLINIS FOUR-10 INC', Country: 'Cayman-islands'
2025-10-01 02:15:56,440 - INFO - Created new company - ID: 21145, Name: 'KSF GLOBAL NO 38-3 SA', Country: 'South-korea'
2025-10-01 02:16:00,591 - INFO - Created new company - ID: 21146, Name: 'HALO 6 HOLDING LTD', Country: 'South-korea'
2025-10-01 02:16:04,733 - INFO - Created new company - ID: 21147, Name: 'KSF GLOBAL NO 38-4 SA', Country: 'South-korea'
2025-10-01 02:16:08,878 - INFO - Created new company - ID: 21148, Name: 'XIANG T119 HK INTERNATIONAL', Country: 'South-korea'
2025-10-01 02:16:13,034 - INFO - Created new company - ID: 21149, Name: 'XIANG T120 HK INTERNATIONAL', Country: 'South-korea'
2025-10-01 02:16:17,163 - INFO - Created new company - ID: 21150, Name: 'XIANG T116 HK INTERNATIONAL', Country: 'South-korea'
2025-10-01 02:16:21,286 - INFO - Created new company - ID: 21151, Name: 'XIANG T117 HK INTERNATIONAL', Country: 'South-korea'
2025-10-01 02:16:25,403 - INFO - Created new company - ID: 21152, Name: 'XIANG T118 HK INTERNATIONAL', Country: 'South-korea'
2025-10-01 02:16:29,520 - INFO - Created new company - ID: 21153, Name: 'XIANG T115 HK INTERNATIONAL', Country: 'South-korea'
2025-10-01 02:17:42,938 - INFO - Created new company - ID: 21154, Name: 'ROSHIPS AS', Country: 'Chile'
2025-10-01 02:17:59,220 - INFO - Created new company - ID: 21155, Name: 'LS-LBR 5 CO LTD', Country: 'Norway'
2025-10-01 02:18:07,395 - INFO - Created new company - ID: 21156, Name: 'PARTREDERIET CLIPPER NEPTUNE', Country: 'Norway'
2025-10-01 02:18:11,521 - INFO - Created new company - ID: 21157, Name: 'CLIPPER MARS II DA', Country: 'Norway'
2025-10-01 02:18:44,178 - INFO - Created new company - ID: 21158, Name: 'CLIPPER SIRIUS', Country: 'Norway'
2025-10-01 02:19:12,712 - INFO - Created new company - ID: 21159, Name: 'PARTREDERIET VLGC DA', Country: 'Norway'
2025-10-01 02:21:47,317 - INFO - Created new company - ID: 21160, Name: 'FSV SERVICES NL LTD', Country: 'Canada'
2025-10-01 02:21:55,471 - INFO - Created new company - ID: 21161, Name: 'STIMWELL VESSEL LTD', Country: 'Norway'
2025-10-01 02:22:07,727 - INFO - Created new company - ID: 21162, Name: 'ISLAND CHAMPION AS', Country: 'Norway'
2025-10-01 02:22:19,999 - INFO - Created new company - ID: 21163, Name: 'ISLAND OFFSHORE III KS', Country: 'Norway'
2025-10-01 02:22:48,725 - INFO - Created new company - ID: 21164, Name: 'GREEN ISLAND CONDOR AS', Country: 'Norway'
2025-10-01 02:22:52,831 - INFO - Created new company - ID: 21165, Name: 'ISLAND VENTURES 5 LLC', Country: 'Norway'
2025-10-01 02:23:01,002 - INFO - Created new company - ID: 21166, Name: 'ISLAND VICTORY AS', Country: 'Norway'
2025-10-01 02:23:05,122 - INFO - Created new company - ID: 21167, Name: 'ISLAND DILIGENCE AS', Country: 'Norway'
2025-10-01 02:23:09,248 - INFO - Created new company - ID: 21168, Name: 'DHT BAUHINIA INC', Country: 'Norway'
2025-10-01 02:23:13,370 - INFO - Created new company - ID: 21169, Name: 'SAMCO DELTA LTD', Country: 'Norway'
2025-10-01 02:23:17,490 - INFO - Created new company - ID: 21170, Name: 'DHT PEONY INC', Country: 'Norway'
2025-10-01 02:23:21,609 - INFO - Created new company - ID: 21171, Name: 'DHT OPAL INC', Country: 'Norway'
2025-10-01 02:23:25,715 - INFO - Created new company - ID: 21172, Name: 'SAMCO KAPPA LTD', Country: 'Norway'
2025-10-01 02:23:29,799 - INFO - Created new company - ID: 21173, Name: 'SAMCO THETA LTD', Country: 'Norway'
2025-10-01 02:23:33,905 - INFO - Created new company - ID: 21174, Name: 'SAMCO IOTA LTD', Country: 'Norway'
2025-10-01 02:23:38,013 - INFO - Created new company - ID: 21175, Name: 'DHT LION LTD', Country: 'Norway'
2025-10-01 02:23:42,117 - INFO - Created new company - ID: 21176, Name: 'DHT PANTHER LTD', Country: 'Norway'
2025-10-01 02:23:46,265 - INFO - Created new company - ID: 21177, Name: 'DHT JAGUAR LTD', Country: 'Norway'
2025-10-01 02:23:50,375 - INFO - Created new company - ID: 21178, Name: 'DHT TIGER LTD', Country: 'Norway'
2025-10-01 02:23:54,453 - INFO - Created new company - ID: 21179, Name: 'DHT LEOPARD LTD', Country: 'Norway'
2025-10-01 02:23:59,041 - INFO - Created new company - ID: 21180, Name: 'DHT OSPREY INC', Country: 'Norway'
2025-10-01 02:24:03,531 - INFO - Created new company - ID: 21181, Name: 'DHT HARRIER INC', Country: 'Norway'
2025-10-01 02:24:08,137 - INFO - Created new company - ID: 21182, Name: 'DHT STALLION INC', Country: 'Norway'
2025-10-01 02:24:12,674 - INFO - Created new company - ID: 21183, Name: 'DHT COLT INC', Country: 'Norway'
2025-10-01 02:24:17,045 - INFO - Created new company - ID: 21184, Name: 'DHT BRONCO INC', Country: 'Norway'
2025-10-01 02:24:21,291 - INFO - Created new company - ID: 21185, Name: 'DHT MUSTANG INC', Country: 'Norway'
2025-10-01 02:24:25,972 - INFO - Created new company - ID: 21186, Name: 'ETERNAL NYBORG LTD', Country: 'Denmark'
2025-10-01 02:24:30,595 - INFO - Created new company - ID: 21187, Name: 'ETERNAL NORDBY LTD', Country: 'Denmark'
2025-10-01 02:24:35,194 - INFO - Created new company - ID: 21188, Name: 'ETERNAL NAKSKOV LTD', Country: 'Marshall-islands'
2025-10-01 02:24:57,216 - INFO - Created new company - ID: 21189, Name: 'ETERNAL NIBE LTD', Country: 'Norway'
2025-10-01 02:25:42,155 - INFO - Created new company - ID: 21190, Name: 'ODL AS', Country: 'Norway'
2025-10-01 02:26:02,391 - INFO - Created new company - ID: 21191, Name: 'VSS LOKE AS', Country: 'Norway'
2025-10-01 02:26:06,511 - INFO - Created new company - ID: 21192, Name: 'VSS NJORD AS', Country: 'Denmark'
2025-10-01 02:26:10,622 - INFO - Created new company - ID: 21193, Name: 'VSS MAGNE AS', Country: 'Denmark'
2025-10-01 02:26:22,873 - INFO - Created new company - ID: 21194, Name: 'VSS BRAGE AS', Country: 'Norway'
2025-10-01 02:26:51,457 - INFO - Created new company - ID: 21195, Name: '3260814 NOVA SCOTIA LTD', Country: 'Canada'
2025-10-01 02:26:55,569 - INFO - Created new company - ID: 21196, Name: 'SONGA DREAM AS', Country: 'Norway'
2025-10-01 02:27:25,897 - INFO - Created new company - ID: 21197, Name: 'SIM SHIPPING SA', Country: 'Sweden'
2025-10-01 02:27:46,314 - INFO - Created new company - ID: 21198, Name: 'NMB CAMELLIA LTD', Country: 'United-kingdom'
2025-10-01 02:27:50,435 - INFO - Created new company - ID: 21199, Name: 'NMB BEGONIA LTD', Country: 'Sweden'
2025-10-01 02:27:54,581 - INFO - Created new company - ID: 21200, Name: 'SONGA PRODUCT & CHEMICAL II AS', Country: 'United-states'
2025-10-01 02:28:39,335 - INFO - Created new company - ID: 21201, Name: 'EDDA ACCOMMODATION MALTA LTD', Country: 'Norway'
2025-10-01 02:28:47,565 - INFO - Created new company - ID: 21202, Name: 'SIC SHIPOWNING INC', Country: 'Marshall-islands'
2025-10-01 02:28:51,658 - INFO - Created new company - ID: 21203, Name: 'WEST SUPPLY VII EIER AS', Country: 'Norway'
2025-10-01 02:30:21,501 - INFO - Created new company - ID: 21204, Name: 'HAV KATTEGAT AS', Country: 'Norway'
2025-10-01 02:30:29,715 - INFO - Created new company - ID: 21205, Name: 'RMS VIKING AS', Country: 'Norway'
2025-10-01 02:30:50,076 - INFO - Created new company - ID: 21206, Name: 'MIKKAL MYKLEBUSTHAUG REDERI AS', Country: 'Norway'
2025-10-01 02:31:02,351 - INFO - Created new company - ID: 21207, Name: 'MINDEPARKEN AS', Country: 'Norway'
2025-10-01 02:31:06,458 - INFO - Created new company - ID: 21208, Name: 'MYKLEBUSTHAUG OFFSHORE AS', Country: 'Norway'
2025-10-01 02:31:10,577 - INFO - Created new company - ID: 21209, Name: 'MYKLEBUSTHAUG SHIPPING A/S', Country: 'Norway'
2025-10-01 02:31:22,782 - INFO - Created new company - ID: 21210, Name: 'DINA OFFSHORE AS', Country: 'Norway'
2025-10-01 02:31:26,874 - INFO - Created new company - ID: 21211, Name: 'OCEAN SCOUT AS', Country: 'Norway'
2025-10-01 02:31:30,987 - INFO - Created new company - ID: 21212, Name: 'DINA POLARIS AS', Country: 'Norway'
2025-10-01 02:33:58,258 - INFO - Created new company - ID: 21213, Name: 'TRANS FJORD PTE LTD', Country: 'Norway'
2025-10-01 02:34:02,369 - INFO - Created new company - ID: 21214, Name: 'KJEMIKALIETANK', Country: 'Norway'
2025-10-01 02:34:30,933 - INFO - Created new company - ID: 21215, Name: 'KJEMI TRANS II AS', Country: 'Norway'
2025-10-01 02:34:30,986 - INFO - Created new company - ID: 21216, Name: 'SEATRANS CHEMICAL TANKERS AS', Country: 'Norway'
2025-10-01 02:34:39,144 - INFO - Created new company - ID: 21217, Name: 'NORSIDE AS', Country: 'Norway'
2025-10-01 02:34:43,735 - INFO - Created new company - ID: 21218, Name: 'LNG CROATIA LLC', Country: 'Croatia'
2025-10-01 02:34:48,449 - INFO - Created new company - ID: 21219, Name: 'KOOL CRYSTAL CORP', Country: 'United-kingdom'
2025-10-01 02:34:53,164 - INFO - Created new company - ID: 21220, Name: 'KOOL HUSKY CORP', Country: 'United-kingdom'
2025-10-01 02:34:57,772 - INFO - Created new company - ID: 21221, Name: 'KOOL BLIZZARD CORP', Country: 'United-kingdom'
2025-10-01 02:35:02,582 - INFO - Created new company - ID: 21222, Name: 'KOOL ICE CORP', Country: 'United-kingdom'
2025-10-01 02:35:07,400 - INFO - Created new company - ID: 21223, Name: 'KOOL GLACIER CORP', Country: 'United-kingdom'
2025-10-01 02:35:13,132 - INFO - Created new company - ID: 21224, Name: 'KOOL KELVIN CORP', Country: 'United-kingdom'
2025-10-01 02:35:17,943 - INFO - Created new company - ID: 21225, Name: 'PERNLI MARINE LTD', Country: 'United-kingdom'
2025-10-01 02:35:22,759 - INFO - Created new company - ID: 21226, Name: 'PERSECT MARINE LTD', Country: 'United-kingdom'
2025-10-01 02:35:27,565 - INFO - Created new company - ID: 21227, Name: 'KOOL FROST CORP', Country: 'United-kingdom'
2025-10-01 02:35:31,687 - INFO - Created new company - ID: 21228, Name: 'FELOX MARINE LTD', Country: 'United-kingdom'
2025-10-01 02:35:36,268 - INFO - Created new company - ID: 21229, Name: 'RESPENT MARINE LTD', Country: 'United-kingdom'
2025-10-01 02:35:40,867 - INFO - Created new company - ID: 21230, Name: 'HUAXIA HONGCHENG TIANJIN', Country: 'Norway'
2025-10-01 02:35:45,133 - INFO - Created new company - ID: 21231, Name: 'HUAXIA HONGXIN TIANJIN LEASING', Country: 'Norway'
2025-10-01 02:36:02,945 - INFO - Created new company - ID: 21232, Name: 'KCC BASS AS', Country: 'Norway'
2025-10-01 02:37:00,037 - INFO - Created new company - ID: 21233, Name: 'TRIESTE SHIPMANAGEMENT CORP', Country: 'Norway'
2025-10-01 02:37:04,150 - INFO - Created new company - ID: 21234, Name: 'THULE SHIPMANAGEMENT LTD', Country: 'Norway'
2025-10-01 02:37:08,269 - INFO - Created new company - ID: 21235, Name: 'EVER MARITIME INC', Country: 'Norway'
2025-10-01 02:37:12,390 - INFO - Created new company - ID: 21236, Name: 'SEALINE MARITIME CO', Country: 'Norway'
2025-10-01 02:37:16,478 - INFO - Created new company - ID: 21237, Name: 'CEPRODURE SHIPPING SINGAPORE', Country: 'Norway'
2025-10-01 02:37:20,628 - INFO - Created new company - ID: 21238, Name: 'COMMREDATION SHIPPING SG PTE', Country: 'Norway'
2025-10-01 02:37:36,906 - INFO - Created new company - ID: 21239, Name: 'VISTA SHIPHOLDING IX PTE LTD', Country: 'Norway'
2025-10-01 02:37:41,013 - INFO - Created new company - ID: 21240, Name: 'ATLANTICA SERVER AS', Country: 'Norway'
2025-10-01 02:37:45,090 - INFO - Created new company - ID: 21241, Name: 'ATLANTICA SUPPLIER AS', Country: 'Norway'
2025-10-01 02:37:49,221 - INFO - Created new company - ID: 21242, Name: 'ATLANTICA TRADER AS', Country: 'Norway'
2025-10-01 02:37:53,358 - INFO - Created new company - ID: 21243, Name: 'ATLANTICA CARRIER AS', Country: 'Norway'
2025-10-01 02:37:57,511 - INFO - Created new company - ID: 21244, Name: 'ATLANTICA DUKE AS', Country: 'Norway'
2025-10-01 02:38:05,783 - INFO - Created new company - ID: 21245, Name: 'NEXANS SKAGERRAK AS', Country: 'Norway'
2025-10-01 02:38:09,909 - INFO - Created new company - ID: 21246, Name: 'PATARONE SHIPPING CO LTD', Country: 'Norway'
2025-10-01 02:38:14,034 - INFO - Created new company - ID: 21247, Name: 'GEIRANGER GEOS 2 LLC', Country: 'Norway'
2025-10-01 02:38:18,119 - INFO - Created new company - ID: 21248, Name: 'GEIRANGER GEOS 3 LLC', Country: 'Norway'
2025-10-01 02:38:22,191 - INFO - Created new company - ID: 21249, Name: 'GEIRANGER GEOS 4 LLC', Country: 'Norway'
2025-10-01 02:38:26,284 - INFO - Created new company - ID: 21250, Name: 'INVESTORPROSJEKT 424 AS', Country: 'Norway'
2025-10-01 02:38:30,363 - INFO - Created new company - ID: 21251, Name: 'NEXANS AURORA AS', Country: 'Norway'
2025-10-01 02:38:30,416 - INFO - Created new company - ID: 21252, Name: 'NEXANS NORWAY AS', Country: 'Norway'
2025-10-01 02:38:34,491 - INFO - Created new company - ID: 21253, Name: 'FLIPPER PSV AS', Country: 'Norway'
2025-10-01 02:39:31,727 - INFO - Created new company - ID: 21254, Name: 'GRAM CAR CARRIERS SHIPOWNING 3', Country: 'Norway'
2025-10-01 02:39:35,834 - INFO - Created new company - ID: 21255, Name: 'GRAM CAR CARRIERS SHIPOWNING 4', Country: 'Norway'
2025-10-01 02:39:48,165 - INFO - Created new company - ID: 21256, Name: 'KNUTSEN ATLANTIC CHARTERING AS', Country: 'None'
2025-10-01 02:39:52,340 - INFO - Created new company - ID: 21257, Name: 'NERO TANKERS AS', Country: 'Norway'
2025-10-01 02:39:56,430 - INFO - Created new company - ID: 21258, Name: 'TRUST TWO AS', Country: 'Norway'
2025-10-01 02:40:00,527 - INFO - Created new company - ID: 21259, Name: 'TRUST ONE AS', Country: 'Norway'
2025-10-01 02:40:04,681 - INFO - Created new company - ID: 21260, Name: 'LYNDA VICTORY AS', Country: 'Norway'
2025-10-01 02:40:08,785 - INFO - Created new company - ID: 21261, Name: 'SUNNY TANKERS AS', Country: 'Norway'
2025-10-01 02:40:12,907 - INFO - Created new company - ID: 21262, Name: 'CHAMPION ENDURANCE AS', Country: 'Norway'
2025-10-01 02:40:17,029 - INFO - Created new company - ID: 21263, Name: 'CHAMPION TIMUR AS', Country: 'Norway'
2025-10-01 02:40:29,273 - INFO - Created new company - ID: 21264, Name: 'THALE TANKERS AS', Country: 'Norway'
2025-10-01 02:40:33,373 - INFO - Created new company - ID: 21265, Name: 'NESTTUN TANK ONE AS', Country: 'Norway'
2025-10-01 02:40:37,501 - INFO - Created new company - ID: 21266, Name: 'NESTTUN TANK TWO AS', Country: 'Norway'
2025-10-01 02:40:41,605 - INFO - Created new company - ID: 21267, Name: 'POMER AS', Country: 'Norway'
2025-10-01 02:41:58,777 - INFO - Created new company - ID: 21268, Name: 'FPG SHIPHOLDING PANAMA 37 SA', Country: 'Norway'
2025-10-01 02:43:17,638 - INFO - Created new company - ID: 21269, Name: 'HOEGH LNG GANDRIA PTE LTD', Country: 'Norway'
2025-10-01 02:43:21,751 - INFO - Created new company - ID: 21270, Name: 'SRV JOINT GAS LTD', Country: 'Norway'
2025-10-01 02:43:25,888 - INFO - Created new company - ID: 21271, Name: 'SRV JOINT GAS TWO LTD', Country: 'Cayman-islands'
2025-10-01 02:43:29,982 - INFO - Created new company - ID: 21272, Name: 'HOEGH LNG LAMPUNG PT', Country: 'Indonesia'
2025-10-01 02:43:34,090 - INFO - Created new company - ID: 21273, Name: 'HOEGH LNG CYPRUS LTD', Country: 'Norway'
2025-10-01 02:43:38,196 - INFO - Created new company - ID: 21274, Name: 'HOEGH LNG FSRU IV LTD', Country: 'Norway'
2025-10-01 02:43:42,298 - INFO - Created new company - ID: 21275, Name: 'HOEGH LNG GIANT PTE LTD', Country: 'Norway'
2025-10-01 02:43:46,413 - INFO - Created new company - ID: 21276, Name: 'HOEGH LNG FSRU VI LTD', Country: 'Norway'
2025-10-01 02:43:50,520 - INFO - Created new company - ID: 21277, Name: 'HOEGH LNG GALLEON PTE LTD', Country: 'Norway'
2025-10-01 02:43:54,587 - INFO - Created new company - ID: 21278, Name: 'HOEGH LNG GANNET PTE LTD', Country: 'Norway'
2025-10-01 02:43:58,704 - INFO - Created new company - ID: 21279, Name: 'RB-QUADRANGLE LEASING LTD', Country: 'United-kingdom'
2025-10-01 02:44:02,831 - INFO - Created new company - ID: 21280, Name: 'BARENTS LEASING LTD', Country: 'United-kingdom'
2025-10-01 02:44:06,951 - INFO - Created new company - ID: 21281, Name: 'KN ENERGIES', Country: 'Norway'
2025-10-01 02:44:07,004 - INFO - Created new company - ID: 21282, Name: 'KLAIPEDOS NAFTA AB', Country: 'Norway'
2025-10-01 02:46:53,872 - INFO - Created new company - ID: 21283, Name: 'OLYMPIC TRITON II AS', Country: 'Norway'
2025-10-01 02:46:57,974 - INFO - Created new company - ID: 21284, Name: 'OLYMPIC CHALLENGER AS', Country: 'Norway'
2025-10-01 02:47:02,070 - INFO - Created new company - ID: 21285, Name: 'OLYMPIC ZEUS AS', Country: 'Norway'
2025-10-01 02:47:06,144 - INFO - Created new company - ID: 21286, Name: 'OLYMPIC ELECTRA AS', Country: 'Norway'
2025-10-01 02:47:10,280 - INFO - Created new company - ID: 21287, Name: 'OLYMPIC ENERGY AS', Country: 'Norway'
2025-10-01 02:47:14,379 - INFO - Created new company - ID: 21288, Name: 'ESMI SPV 2 LTD', Country: 'Norway'
2025-10-01 02:47:18,509 - INFO - Created new company - ID: 21289, Name: 'OLYMPIC TAURUS AS', Country: 'Norway'
2025-10-01 02:47:22,622 - INFO - Created new company - ID: 21290, Name: 'OLYMPIC ARES AS', Country: 'Norway'
2025-10-01 02:47:26,691 - INFO - Created new company - ID: 21291, Name: 'OLYMPIC ARTEMIS AS', Country: 'Norway'
2025-10-01 02:47:30,792 - INFO - Created new company - ID: 21292, Name: 'OLYMPIC DELTA AS', Country: 'Norway'
2025-10-01 02:47:35,675 - INFO - Created new company - ID: 21293, Name: 'OLYMPIC BONO AS', Country: 'Norway'
2025-10-01 02:47:39,765 - INFO - Created new company - ID: 21294, Name: 'OLYMPIC NOTOS AS', Country: 'Norway'
2025-10-01 02:47:47,914 - INFO - Created new company - ID: 21295, Name: 'UGLAND SUPRAMAX AS', Country: 'Norway'
2025-10-01 02:48:00,267 - INFO - Created new company - ID: 21296, Name: 'UGLAND SUPPLIER AS', Country: 'Norway'
2025-10-01 02:49:05,690 - INFO - Created new company - ID: 21297, Name: 'BRODRENE KARLSEN AS', Country: 'Norway'
2025-10-01 02:49:09,773 - INFO - Created new company - ID: 21298, Name: 'NOVATRANS AS', Country: 'Norway'
2025-10-01 02:49:13,876 - INFO - Created new company - ID: 21299, Name: 'VIKNATRANS AS', Country: 'Norway'
2025-10-01 02:49:17,945 - INFO - Created new company - ID: 21300, Name: 'DONNLAND AS', Country: 'Norway'
2025-10-01 02:49:22,071 - INFO - Created new company - ID: 21301, Name: 'HAVTRANS AS', Country: 'Norway'
2025-10-01 02:49:26,201 - INFO - Created new company - ID: 21302, Name: 'NAMSOS AS', Country: 'Norway'
2025-10-01 02:49:30,297 - INFO - Created new company - ID: 21303, Name: 'MS STEIGEN AS', Country: 'Norway'
2025-10-01 02:49:34,405 - INFO - Created new company - ID: 21304, Name: 'REISA AS', Country: 'Norway'
2025-10-01 02:49:38,500 - INFO - Created new company - ID: 21305, Name: 'KRISTIANSUND AS', Country: 'Norway'
2025-10-01 02:49:42,583 - INFO - Created new company - ID: 21306, Name: 'ASVAERFJORD AS', Country: 'Norway'
2025-10-01 02:49:58,905 - INFO - Created new company - ID: 21307, Name: 'REDERIET SCAN-FJELL AS', Country: 'Norway'
2025-10-01 02:50:11,180 - INFO - Created new company - ID: 21308, Name: 'NFH 241125 AS', Country: 'Norway'
2025-10-01 02:50:15,331 - INFO - Created new company - ID: 21309, Name: 'NFH 241124 AS', Country: 'Norway'
2025-10-01 02:50:23,458 - INFO - Created new company - ID: 21310, Name: 'NFH 241126 AS', Country: 'Norway'
2025-10-01 02:50:31,651 - INFO - Created new company - ID: 21311, Name: 'HUSOY TERMINALEN AS', Country: 'Norway'
2025-10-01 02:50:39,774 - INFO - Created new company - ID: 21312, Name: 'DEVOTED SAILORS SA', Country: 'Norway'
2025-10-01 02:50:48,053 - INFO - Created new company - ID: 21313, Name: 'KUJYUKURI MARITIMA SA', Country: 'Norway'
2025-10-01 02:50:52,198 - INFO - Created new company - ID: 21314, Name: 'FRANCIS MARITIMA SA', Country: 'Norway'
2025-10-01 02:51:21,418 - INFO - Created new company - ID: 21315, Name: 'MEDITERRA ARCTIC CO', Country: 'Norway'
2025-10-01 02:51:29,640 - INFO - Created new company - ID: 21316, Name: 'NORWEGIAN PSV III AS', Country: 'Norway'
2025-10-01 02:51:33,737 - INFO - Created new company - ID: 21317, Name: 'SONGA COMMANDER AS', Country: 'Norway'
2025-10-01 02:51:37,868 - INFO - Created new company - ID: 21318, Name: 'SEB NJORD AS', Country: 'Norway'
2025-10-01 02:51:41,963 - INFO - Created new company - ID: 21319, Name: 'ETTA SHIPOWNING LTD', Country: 'Norway'
2025-10-01 02:51:46,074 - INFO - Created new company - ID: 21320, Name: 'JONI SHIPOWNING LTD', Country: 'Norway'
2025-10-01 02:51:50,178 - INFO - Created new company - ID: 21321, Name: 'REM STADT AS', Country: 'Norway'
2025-10-01 02:51:54,305 - INFO - Created new company - ID: 21322, Name: 'SEACOR YANGTZE LLC', Country: 'United-states'
2025-10-01 02:51:58,431 - INFO - Created new company - ID: 21323, Name: 'SEACOR OHIO LLC', Country: 'United-states'
2025-10-01 02:52:02,548 - INFO - Created new company - ID: 21324, Name: 'SEACOR NILE LLC', Country: 'United-states'
2025-10-01 02:52:06,643 - INFO - Created new company - ID: 21325, Name: 'SUARDIAZ WIND ENERGY SL', Country: 'France'
2025-10-01 02:52:43,499 - INFO - Created new company - ID: 21326, Name: 'AQUA ATLANTIC AS', Country: 'Norway'
2025-10-01 02:52:55,792 - INFO - Created new company - ID: 21327, Name: 'MAR DE GAVIRIA SL', Country: 'Norway'
2025-10-01 02:53:08,042 - INFO - Created new company - ID: 21328, Name: 'GULL SAILOR AS', Country: 'Norway'
2025-10-01 02:53:48,904 - INFO - Created new company - ID: 21329, Name: 'WLR/TRF MAEMI LLC', Country: 'Norway'
2025-10-01 02:53:53,020 - INFO - Created new company - ID: 21330, Name: 'CHEM TANK SHIPPING VIII AS', Country: 'Norway'
2025-10-01 02:53:57,124 - INFO - Created new company - ID: 21331, Name: 'CHEM TANK SHIPPING IX AS', Country: 'Norway'
2025-10-01 02:54:01,254 - INFO - Created new company - ID: 21332, Name: 'CHEM TANK SHIPPING XIII AS', Country: 'Norway'
2025-10-01 02:54:09,484 - INFO - Created new company - ID: 21333, Name: 'CHEM TANK SHIPPING XI AS', Country: 'Norway'
2025-10-01 02:54:13,618 - INFO - Created new company - ID: 21334, Name: 'CHEM TANK SHIPPING X AS', Country: 'Norway'
2025-10-01 02:55:06,530 - INFO - Created new company - ID: 21335, Name: 'EAGLE OFFSHORE AS', Country: 'Norway'
2025-10-01 02:55:10,611 - INFO - Created new company - ID: 21336, Name: 'FJORD BULK AS', Country: 'Norway'
2025-10-01 02:55:14,502 - INFO - Created new company - ID: 21337, Name: 'FOSENFRAKT AS', Country: 'Norway'
2025-10-01 02:55:18,702 - INFO - Created new company - ID: 21338, Name: 'TINTO SHIPPING LTD', Country: 'Norway'
2025-10-01 02:55:22,836 - INFO - Created new company - ID: 21339, Name: 'FJORD BULK II AS', Country: 'Norway'
2025-10-01 02:55:26,957 - INFO - Created new company - ID: 21340, Name: 'ATLANTA CHARTERING SERVICES', Country: 'Norway'
2025-10-01 02:55:35,371 - INFO - Created new company - ID: 21341, Name: 'VENDLA AS', Country: 'Norway'
2025-10-01 02:56:34,680 - INFO - Created new company - ID: 21342, Name: 'GOLDEN JAKE LTD', Country: 'Norway'
2025-10-01 02:56:38,787 - INFO - Created new company - ID: 21343, Name: 'ORPHEUS SHIPPING INC', Country: 'Norway'
2025-10-01 02:56:42,899 - INFO - Created new company - ID: 21344, Name: 'GOLDEN ANASTASIA LTD', Country: 'Norway'
2025-10-01 02:56:47,019 - INFO - Created new company - ID: 21345, Name: 'GOLDEN KAKI LTD', Country: 'Norway'
2025-10-01 02:56:51,149 - INFO - Created new company - ID: 21346, Name: 'GOLDEN CIRRUS LTD', Country: 'Norway'
2025-10-01 02:56:55,239 - INFO - Created new company - ID: 21347, Name: 'GOLDEN CUMULUS LTD', Country: 'Norway'
2025-10-01 02:56:59,308 - INFO - Created new company - ID: 21348, Name: 'GOLDEN CALVUS LTD', Country: 'Norway'
2025-10-01 02:57:03,417 - INFO - Created new company - ID: 21349, Name: 'GOLDEN FROST LTD', Country: 'Norway'
2025-10-01 02:57:07,545 - INFO - Created new company - ID: 21350, Name: 'GOLDEN COURAGE LTD', Country: 'Norway'
2025-10-01 02:57:11,650 - INFO - Created new company - ID: 21351, Name: 'GOLDEN DUKE LTD', Country: 'Norway'
2025-10-01 02:57:41,097 - INFO - Created new company - ID: 21352, Name: 'FRI KARMSUND AS', Country: 'Norway'
2025-10-01 02:57:45,217 - INFO - Created new company - ID: 21353, Name: 'FRI KVAM AS', Country: 'Norway'
2025-10-01 02:58:13,869 - INFO - Created new company - ID: 21354, Name: 'ASKER TANKSHIP 6 AS', Country: 'Belgium'
2025-10-01 02:58:18,031 - INFO - Created new company - ID: 21355, Name: 'ASKER TANKSHIP 7 AS', Country: 'Belgium'
2025-10-01 02:59:32,766 - INFO - Created new company - ID: 21356, Name: 'INTERSHIP NORD AS', Country: 'Norway'
2025-10-01 02:59:36,864 - INFO - Created new company - ID: 21357, Name: 'INTERSHIP EAST AS', Country: 'Norway'
2025-10-01 02:59:41,001 - INFO - Created new company - ID: 21358, Name: 'INTERSHIP FJORD AS', Country: 'Norway'
2025-10-01 02:59:45,125 - INFO - Created new company - ID: 21359, Name: 'INTERSHIP NORGE AS', Country: 'Norway'
2025-10-01 02:59:49,247 - INFO - Created new company - ID: 21360, Name: 'INTERSHIP RK AS', Country: 'Norway'
2025-10-01 02:59:53,345 - INFO - Created new company - ID: 21361, Name: 'INTERSHIP ATLANTIC SPAIN SL', Country: 'Norway'
2025-10-01 02:59:57,437 - INFO - Created new company - ID: 21362, Name: 'BANKINTER SA', Country: 'Spain'
2025-10-01 03:00:01,545 - INFO - Created new company - ID: 21363, Name: 'INTERSHIP ALBA AS', Country: 'None'
2025-10-01 03:00:13,819 - INFO - Created new company - ID: 21364, Name: 'DEEP OCEAN SHIPPING AS', Country: 'Norway'
2025-10-01 03:00:13,871 - INFO - Created new company - ID: 21365, Name: 'DEEPOCEAN AS', Country: 'Norway'
2025-10-01 03:00:18,001 - INFO - Created new company - ID: 21366, Name: 'NORFIELD OFFSHORE AS', Country: 'Norway'
2025-10-01 03:00:26,193 - INFO - Created new company - ID: 21367, Name: 'OCEAN PEARL AS', Country: 'Norway'
2025-10-01 03:00:30,322 - INFO - Created new company - ID: 21368, Name: 'DENSON SHIPPING CORP', Country: 'Norway'
2025-10-01 03:00:34,425 - INFO - Created new company - ID: 21369, Name: 'MARTOCK SHIPPING CORP', Country: 'Norway'
2025-10-01 03:00:38,522 - INFO - Created new company - ID: 21370, Name: 'DAVIDSTOW SHIPPING CORP', Country: 'Norway'
2025-10-01 03:00:54,875 - INFO - Created new company - ID: 21371, Name: 'OMP SEISMIC LTD', Country: 'Norway'
2025-10-01 03:01:51,842 - INFO - Created new company - ID: 21372, Name: 'RIX-TERRA SHIPPING LTD', Country: 'Norway'
2025-10-01 03:01:55,990 - INFO - Created new company - ID: 21373, Name: 'ENERGY SWAN AS', Country: 'Norway'
2025-10-01 03:02:00,077 - INFO - Created new company - ID: 21374, Name: 'GEIRANGER GEOS 1 LLC', Country: 'Norway'
2025-10-01 03:02:04,174 - INFO - Created new company - ID: 21375, Name: 'GEIRANGER GEOS 6 LLC', Country: 'Norway'
2025-10-01 03:02:08,276 - INFO - Created new company - ID: 21376, Name: 'GEIRANGER GEOS 7 LLC', Country: 'Norway'
2025-10-01 03:02:12,399 - INFO - Created new company - ID: 21377, Name: 'ENERGY SAVANNAH AS', Country: 'Norway'
2025-10-01 03:02:16,496 - INFO - Created new company - ID: 21378, Name: 'ENERGY SPHYNX AS', Country: 'Norway'
2025-10-01 03:03:21,739 - INFO - Created new company - ID: 21379, Name: 'EDDA WIND IV AS', Country: 'None'
2025-10-01 03:03:25,842 - INFO - Created new company - ID: 21380, Name: 'EDDA WIND XIV AS', Country: 'Norway'
2025-10-01 03:03:29,988 - INFO - Created new company - ID: 21381, Name: 'MAR DE BERROBI SL', Country: 'Norway'
2025-10-01 03:03:34,064 - INFO - Created new company - ID: 21382, Name: 'MAR DE BEIZAMA SL', Country: 'Spain'
2025-10-01 03:03:38,150 - INFO - Created new company - ID: 21383, Name: 'MAR DE GRADO SL', Country: 'Norway'
2025-10-01 03:03:42,288 - INFO - Created new company - ID: 21384, Name: 'PUERTO DE GANDESA SL', Country: 'Norway'
2025-10-01 03:03:50,474 - INFO - Created new company - ID: 21385, Name: 'PUERTO DE MIRAVET SL', Country: 'Norway'
2025-10-01 03:03:54,612 - INFO - Created new company - ID: 21386, Name: 'EDDA WIND VI AS', Country: 'Norway'
2025-10-01 03:05:24,694 - INFO - Created new company - ID: 21387, Name: 'STADT HAVFISKE AS', Country: 'Norway'
2025-10-01 03:05:28,845 - INFO - Created new company - ID: 21388, Name: 'ROLF ASBJORN AS', Country: 'Norway'
2025-10-01 03:05:32,930 - INFO - Created new company - ID: 21389, Name: 'CARISMA VIKING AS', Country: 'Norway'
2025-10-01 03:05:37,032 - INFO - Created new company - ID: 21390, Name: 'VESTKAPP AS', Country: 'Norway'
2025-10-01 03:05:41,143 - INFO - Created new company - ID: 21391, Name: 'FROYANES JUNIOR AS', Country: 'Norway'
2025-10-01 03:05:45,226 - INFO - Created new company - ID: 21392, Name: 'HUSOY FISKERSELSKAP AS', Country: 'Norway'
2025-10-01 03:05:49,362 - INFO - Created new company - ID: 21393, Name: 'FROYANES AS', Country: 'Norway'
2025-10-01 03:06:44,577 - INFO - Created new company - ID: 21394, Name: 'BOREAL MARITIM AS', Country: 'Norway'
2025-10-01 03:06:58,060 - INFO - Created new company - ID: 21395, Name: 'LOPPA FISKEBATREDERI', Country: 'Norway'
2025-10-01 03:07:02,629 - INFO - Created new company - ID: 21396, Name: 'MEYER OFFSHORE AS', Country: 'Norway'
2025-10-01 03:08:18,984 - INFO - Created new company - ID: 21397, Name: 'FROY SAGA AS', Country: 'Norway'
2025-10-01 03:08:39,406 - INFO - Created new company - ID: 21398, Name: 'NKT HVC AS', Country: 'Norway'
2025-10-01 03:08:47,648 - INFO - Created new company - ID: 21399, Name: 'HAGLAND BULK II KS', Country: 'Norway'
2025-10-01 03:09:16,272 - INFO - Created new company - ID: 21400, Name: 'TROND A KITTILSEN SHIPPING AS', Country: 'Norway'
2025-10-01 03:09:44,790 - INFO - Created new company - ID: 21401, Name: 'PEAK ANFIELD BV', Country: 'Norway'
2025-10-01 03:09:48,939 - INFO - Created new company - ID: 21402, Name: 'PEAK BELFAST BV', Country: 'Norway'
2025-10-01 03:09:53,031 - INFO - Created new company - ID: 21403, Name: 'PEAK BERGEN BV', Country: 'Norway'
2025-10-01 03:09:57,141 - INFO - Created new company - ID: 21404, Name: 'PEAK BILBAO BV', Country: 'Norway'
2025-10-01 03:10:01,238 - INFO - Created new company - ID: 21405, Name: 'PEAK BORDEAUX BV', Country: 'Norway'
2025-10-01 03:10:05,346 - INFO - Created new company - ID: 21406, Name: 'PEAK BREMEN BV', Country: 'Norway'
2025-10-01 03:10:42,341 - INFO - Created new company - ID: 21407, Name: 'ATLANTICA PIONEER AS', Country: 'United-kingdom'
2025-10-01 03:10:46,470 - INFO - Created new company - ID: 21408, Name: 'ATLANTICA POWER AS', Country: 'Norway'
2025-10-01 03:11:19,182 - INFO - Created new company - ID: 21409, Name: 'NIDARO AS', Country: 'Norway'
2025-10-01 03:12:53,196 - INFO - Created new company - ID: 21410, Name: '2020 BULKERS SANDEFJORD AS', Country: 'Norway'
2025-10-01 03:12:57,330 - INFO - Created new company - ID: 21411, Name: '2020 BULKERS SANTIAGO AS', Country: 'Norway'
2025-10-01 03:13:01,451 - INFO - Created new company - ID: 21412, Name: '2020 BULKERS SHENZHEN AS', Country: 'Norway'
2025-10-01 03:13:05,548 - INFO - Created new company - ID: 21413, Name: '2020 BULKERS SYDNEY AS', Country: 'Norway'
2025-10-01 03:13:09,631 - INFO - Created new company - ID: 21414, Name: '2020 BULKERS SAO PAULO AS', Country: 'Norway'
2025-10-01 03:13:13,746 - INFO - Created new company - ID: 21415, Name: '2020 BULKERS SANTOS AS', Country: 'Norway'
2025-10-01 03:14:02,717 - INFO - Created new company - ID: 21416, Name: 'V BULK KS', Country: 'Norway'
2025-10-01 03:14:06,837 - INFO - Created new company - ID: 21417, Name: 'C-BULK KS', Country: 'Norway'
2025-10-01 03:14:23,237 - INFO - Created new company - ID: 21418, Name: 'ORION BULK KS', Country: 'Norway'
2025-10-01 03:14:27,319 - INFO - Created new company - ID: 21419, Name: 'AWIND 4 AS', Country: 'Norway'
2025-10-01 03:14:31,450 - INFO - Created new company - ID: 21420, Name: 'AWIND 5 AS', Country: 'Norway'
2025-10-01 03:14:35,541 - INFO - Created new company - ID: 21421, Name: 'AWIND 1 AS', Country: 'Norway'
2025-10-01 03:14:39,610 - INFO - Created new company - ID: 21422, Name: 'AWIND 2 AS', Country: 'Norway'
2025-10-01 03:14:43,712 - INFO - Created new company - ID: 21423, Name: 'AWIND 3 AS', Country: 'Norway'
2025-10-01 03:14:47,840 - INFO - Created new company - ID: 21424, Name: 'AWIND 6 AS', Country: 'None'
2025-10-01 03:14:51,976 - INFO - Created new company - ID: 21425, Name: 'MPC ECOBOX OPCO 1 AS', Country: 'Norway'
2025-10-01 03:14:56,110 - INFO - Created new company - ID: 21426, Name: 'MPC ECOBOX OPCO 2 AS', Country: 'Norway'
2025-10-01 03:15:00,221 - INFO - Created new company - ID: 21427, Name: 'MPC ECOBOX OPCO 4 AS', Country: 'Norway'
2025-10-01 03:15:04,320 - INFO - Created new company - ID: 21428, Name: 'MPC ECOBOX OPCO 6 GMBH & CO', Country: 'Norway'
2025-10-01 03:15:08,420 - INFO - Created new company - ID: 21429, Name: 'MPCC VESTLAND AS', Country: 'Norway'
2025-10-01 03:15:12,573 - INFO - Created new company - ID: 21430, Name: 'MPCC NORDLAND AS', Country: 'Norway'
2025-10-01 03:15:16,724 - INFO - Created new company - ID: 21431, Name: 'BALMORAL CRUISE LTD', Country: 'Norway'
2025-10-01 03:15:20,841 - INFO - Created new company - ID: 21432, Name: 'BOREALIS CRUISE LTD', Country: 'Norway'
2025-10-01 03:15:24,965 - INFO - Created new company - ID: 21433, Name: 'BOLETTE CRUISE LTD', Country: 'Norway'
2025-10-01 03:15:29,067 - INFO - Created new company - ID: 21434, Name: 'BRAVE TERN AS', Country: 'Norway'
2025-10-01 03:15:33,226 - INFO - Created new company - ID: 21435, Name: 'BOLD TERN AS', Country: 'Norway'
2025-10-01 03:15:37,336 - INFO - Created new company - ID: 21436, Name: 'BLUE TERN AS', Country: 'Norway'
2025-10-01 03:16:01,909 - INFO - Created new company - ID: 21437, Name: 'MAR DE GILLON SL', Country: 'Norway'
2025-10-01 03:16:01,962 - INFO - Created new company - ID: 21438, Name: 'SALMON STAR AS', Country: 'Norway'
2025-10-01 03:16:42,779 - INFO - Created new company - ID: 21439, Name: 'RIG SUPPORTER AS', Country: 'Norway'
2025-10-01 03:16:46,934 - INFO - Created new company - ID: 21440, Name: 'UKSNOY BARENTS', Country: 'Norway'
2025-10-01 03:16:50,827 - INFO - Created new company - ID: 21441, Name: 'HONG KONG LNG LTD', Country: 'Hong-kong'
2025-10-01 03:17:39,720 - INFO - Created new company - ID: 21442, Name: 'PETROJARL I LLC', Country: 'Norway'
2025-10-01 03:17:44,227 - INFO - Created new company - ID: 21443, Name: 'OOGTK LIBRA GMBH & CO KG', Country: 'Norway'
2025-10-01 03:17:53,252 - INFO - Created new company - ID: 21444, Name: 'PIRANEMA LLC', Country: 'Norway'
2025-10-01 03:17:57,432 - INFO - Created new company - ID: 21445, Name: 'KNARR LLC', Country: 'Norway'
2025-10-01 03:18:01,960 - INFO - Created new company - ID: 21446, Name: 'OSLO LINE AS', Country: 'Norway'
2025-10-01 03:18:02,011 - INFO - Created new company - ID: 21447, Name: 'COLOR GROUP AS', Country: 'Norway'
2025-10-01 03:18:15,469 - INFO - Created new company - ID: 21448, Name: 'KRISTIANSAND LINE AS', Country: 'Norway'
2025-10-01 03:18:20,071 - INFO - Created new company - ID: 21449, Name: 'COLOR LINE TRANSPORT AS', Country: 'Norway'
2025-10-01 03:18:38,192 - INFO - Created new company - ID: 21450, Name: 'ARTEMIS ATHENE AS', Country: 'Norway'
2025-10-01 03:18:42,911 - INFO - Created new company - ID: 21451, Name: 'ARTEMIS ANGLER AS', Country: 'Norway'
2025-10-01 03:18:47,416 - INFO - Created new company - ID: 21452, Name: 'MARITIM RESEARCH I AS', Country: 'Norway'
2025-10-01 03:18:52,122 - INFO - Created new company - ID: 21453, Name: 'ARTEMIS SHIPPING AS', Country: 'Norway'
2025-10-01 03:19:10,146 - INFO - Created new company - ID: 21454, Name: 'MOWI STAR AS', Country: 'Norway'
2025-10-01 03:19:14,749 - INFO - Created new company - ID: 21455, Name: 'SEIHAV AS', Country: 'Norway'
2025-10-01 03:19:24,068 - INFO - Created new company - ID: 21456, Name: 'SEIFJELL AS', Country: 'Norway'
2025-10-01 03:19:28,878 - INFO - Created new company - ID: 21457, Name: 'SEIGRUNN AS', Country: 'Norway'
2025-10-01 03:19:33,499 - INFO - Created new company - ID: 21458, Name: 'NORWIND BREEZE AS', Country: 'Norway'
2025-10-01 03:19:38,023 - INFO - Created new company - ID: 21459, Name: 'NORWIND GALE AS', Country: 'Norway'
2025-10-01 03:19:42,706 - INFO - Created new company - ID: 21460, Name: 'NORWIND HELM AS', Country: 'Norway'
2025-10-01 03:19:47,314 - INFO - Created new company - ID: 21461, Name: 'NORWIND STORM AS', Country: 'Norway'
2025-10-01 03:19:52,022 - INFO - Created new company - ID: 21462, Name: 'NORWIND HURRICANE AS', Country: 'Norway'
2025-10-01 03:20:01,353 - INFO - Created new company - ID: 21463, Name: 'STAVFJORD BV', Country: 'Norway'
2025-10-01 03:20:10,673 - INFO - Created new company - ID: 21464, Name: 'EEMS BEHEER IX BV', Country: 'Netherlands'
2025-10-01 03:21:24,497 - INFO - Created new company - ID: 21465, Name: 'TAURANGA AS', Country: 'Norway'
2025-10-01 03:21:29,205 - INFO - Created new company - ID: 21466, Name: 'TAUPO AS', Country: 'Norway'
2025-10-01 03:21:33,817 - INFO - Created new company - ID: 21467, Name: 'TAUPIRI AS', Country: 'Norway'
2025-10-01 03:21:38,441 - INFO - Created new company - ID: 21468, Name: 'TAUMAR AS', Country: 'Norway'
2025-10-01 03:21:42,926 - INFO - Created new company - ID: 21469, Name: 'TAUROA AS', Country: 'Norway'
2025-10-01 03:21:47,227 - INFO - Created new company - ID: 21470, Name: 'PELLEGRI INTERNATIONAL CORP', Country: 'Norway'
2025-10-01 03:21:56,248 - INFO - Created new company - ID: 21471, Name: 'ATLANTIC OFFSHORE ALPHA AS', Country: 'Norway'
2025-10-01 03:22:00,756 - INFO - Created new company - ID: 21472, Name: 'ATLANTIC OFFSHORE GAMMA AS', Country: 'Norway'
2025-10-01 03:22:51,239 - INFO - Created new company - ID: 21473, Name: 'STRAWAY LTD', Country: 'Ireland'
2025-10-01 03:22:55,853 - INFO - Created new company - ID: 21474, Name: 'RASPOLIM LTD', Country: 'Ireland'
2025-10-01 03:23:00,065 - INFO - Created new company - ID: 21475, Name: 'COASTAL CARRIERS BV', Country: 'Ireland'
2025-10-01 03:23:04,167 - INFO - Created new company - ID: 21476, Name: 'COASTAL BRIDGE BV', Country: 'Ireland'
2025-10-01 03:23:49,093 - INFO - Created new company - ID: 21477, Name: 'MS NYSTEIN AS', Country: 'Norway'
2025-10-01 03:24:09,555 - INFO - Created new company - ID: 21478, Name: 'STRAUMBERG DRIFT AS', Country: 'Norway'
2025-10-01 03:25:19,360 - INFO - Created new company - ID: 21479, Name: 'ALUTRANS AS', Country: 'Norway'
2025-10-01 03:25:35,772 - INFO - Created new company - ID: 21480, Name: 'HAVILA CAPELLA AS', Country: 'Norway'
2025-10-01 03:25:39,892 - INFO - Created new company - ID: 21481, Name: 'HAVILA CASTOR AS', Country: 'Norway'
2025-10-01 03:25:44,066 - INFO - Created new company - ID: 21482, Name: 'HAVILA POLARIS AS', Country: 'Norway'
2025-10-01 03:25:48,182 - INFO - Created new company - ID: 21483, Name: 'HAVILA POLLUX AS', Country: 'Norway'
2025-10-01 03:26:16,894 - INFO - Created new company - ID: 21484, Name: 'NORDERVEG AS', Country: 'Norway'
2025-10-01 03:26:30,750 - INFO - Created new company - ID: 21485, Name: 'BRONNBAT NORD LOFOTEN AS', Country: 'Norway'
2025-10-01 03:27:07,617 - INFO - Created new company - ID: 21486, Name: 'PESQUERA AZUL NORGE AS', Country: 'Norway'
2025-10-01 03:27:15,855 - INFO - Created new company - ID: 21487, Name: 'YARA NORGE AS', Country: 'Norway'
2025-10-01 03:27:36,312 - INFO - Created new company - ID: 21488, Name: 'NORDNES KYSTFISKE AS', Country: 'Norway'
2025-10-01 03:27:44,486 - INFO - Created new company - ID: 21489, Name: 'TORG INVEST AS', Country: 'Norway'
2025-10-01 03:27:48,560 - INFO - Created new company - ID: 21490, Name: 'NORTH SEA COMMANDER SHPG AS', Country: 'Norway'
2025-10-01 03:27:52,732 - INFO - Created new company - ID: 21491, Name: 'NORTH SEA ENABLER AS', Country: 'Norway'
2025-10-01 03:27:56,867 - INFO - Created new company - ID: 21492, Name: 'NORTH SEA GIANT II AS', Country: 'Norway'
2025-10-01 03:28:00,988 - INFO - Created new company - ID: 21493, Name: 'NORTH SEA ATLANTIC AS', Country: 'Norway'
2025-10-01 03:28:05,129 - INFO - Created new company - ID: 21494, Name: 'RANA FRAKT', Country: 'Norway'
2025-10-01 03:28:09,285 - INFO - Created new company - ID: 21495, Name: 'AUSTRHEIM FRAKT', Country: 'Norway'
2025-10-01 03:28:17,511 - INFO - Created new company - ID: 21496, Name: 'FRAKT SUND AS', Country: 'Norway'
2025-10-01 03:28:17,564 - INFO - Created new company - ID: 21497, Name: 'SAETRE OG SONNER ANS', Country: 'Norway'
2025-10-01 03:28:25,786 - INFO - Created new company - ID: 21498, Name: 'SEASHIPTANKER SRL', Country: 'Italy'
2025-10-01 03:29:06,665 - INFO - Created new company - ID: 21499, Name: 'LEGEND AS', Country: 'Norway'
2025-10-01 03:29:14,925 - INFO - Created new company - ID: 21500, Name: 'U&R SHIPPING AS', Country: 'Norway'
2025-10-01 03:41:57,169 - INFO - Created new company - ID: 21501, Name: 'OK TEDI MINING LTD', Country: 'Papua-new-guinea'
2025-10-01 03:42:13,496 - INFO - Created new company - ID: 21502, Name: 'PUMA ENERGY PACIFIC SHIPPING', Country: 'Singapore'
2025-10-01 03:42:13,548 - INFO - Created new company - ID: 21503, Name: 'P&O MARITIME SERVICES SNG', Country: 'Singapore'
2025-10-01 03:43:28,080 - INFO - Created new company - ID: 21504, Name: 'ABOITIZ JEBSENS SHIPMANAGEMENT', Country: 'Philippines'
2025-10-01 03:45:54,280 - INFO - Created new company - ID: 21505, Name: 'TRANSINSULAR CABO VERDE', Country: 'Cabo-verde'
2025-10-01 03:46:10,699 - INFO - Created new company - ID: 21506, Name: 'BORINKEN TOWAGE & SALVAGE CORP', Country: 'Puerto-rico'
2025-10-01 03:46:18,915 - INFO - Created new company - ID: 21507, Name: 'AMERICAS SHIP LEASING 12 BV', Country: 'Puerto-rico'
2025-10-01 03:46:23,061 - INFO - Created new company - ID: 21508, Name: 'STANFORD CARACARA LTD-SVG', Country: 'Singapore'
2025-10-01 03:46:27,202 - INFO - Created new company - ID: 21509, Name: 'STANFORD KITE LTD-SVG', Country: 'Qatar'
2025-10-01 03:46:31,295 - INFO - Created new company - ID: 21510, Name: 'STANFORD HAWK LTD-SVG', Country: 'Qatar'
2025-10-01 03:46:35,418 - INFO - Created new company - ID: 21511, Name: 'QATAR UNIVERSITY', Country: 'Qatar'
2025-10-01 03:46:43,636 - INFO - Created new company - ID: 21512, Name: 'ATLANTIC ROSE MARITIME LTD', Country: 'Romania'
2025-10-01 03:47:04,746 - INFO - Created new company - ID: 21513, Name: 'UGRA-LEASING LLC', Country: 'Russia'
2025-10-01 03:47:17,210 - INFO - Created new company - ID: 21514, Name: 'SPETSFLOT LLC', Country: 'Russia'
2025-10-01 03:47:37,843 - INFO - Created new company - ID: 21515, Name: 'BRAVO X SHIPPING LTD', Country: 'Hong-kong'
2025-10-01 03:47:42,007 - INFO - Created new company - ID: 21516, Name: 'SINO DYNASTY LTD', Country: 'Samoa'
2025-10-01 03:47:46,220 - INFO - Created new company - ID: 21517, Name: 'REEM ISLAND PTE LTD', Country: 'Singapore'
2025-10-01 03:47:50,355 - INFO - Created new company - ID: 21518, Name: 'CAPITOL TUG & BARGE PTE LTD', Country: 'Singapore'
2025-10-01 03:47:54,496 - INFO - Created new company - ID: 21519, Name: 'INTAN SCORPIO PTE LTD', Country: 'Singapore'
2025-10-01 03:47:58,674 - INFO - Created new company - ID: 21520, Name: 'INTAN OCEANS PTE LTD', Country: 'Singapore'
2025-10-01 03:48:02,819 - INFO - Created new company - ID: 21521, Name: 'ASL LEO PTE LTD', Country: 'Singapore'
2025-10-01 03:48:07,005 - INFO - Created new company - ID: 21522, Name: 'IVS BULK 1345 PTE LTD', Country: 'Singapore'
2025-10-01 03:48:07,057 - INFO - Created new company - ID: 21523, Name: 'GRINDROD SHIPPING PTE LTD', Country: 'Singapore'
2025-10-01 03:48:11,257 - INFO - Created new company - ID: 21524, Name: 'SUNARROWS SHIPPING CO LTD', Country: 'Singapore'
2025-10-01 03:48:15,409 - INFO - Created new company - ID: 21525, Name: 'IVS BULK 3708 PTE LTD', Country: 'Singapore'
2025-10-01 03:48:27,889 - INFO - Created new company - ID: 21526, Name: 'J T N ASSETS PTE LTD', Country: 'Singapore'
2025-10-01 03:49:09,600 - INFO - Created new company - ID: 21527, Name: 'NMB GAZANIA LTD', Country: 'Singapore'
2025-10-01 03:49:13,799 - INFO - Created new company - ID: 21528, Name: 'JAPAUL SHIPPING & OFFSHORE', Country: 'Nigeria'
2025-10-01 03:49:30,502 - INFO - Created new company - ID: 21529, Name: 'PENGUIN SHIPYARD INTERNATIONAL', Country: 'Singapore'
2025-10-01 03:49:34,712 - INFO - Created new company - ID: 21530, Name: 'HARMONY PESCADORES', Country: 'Japan'
2025-10-01 03:49:38,945 - INFO - Created new company - ID: 21531, Name: 'LILAC NAVIGATION SA', Country: 'Japan'
2025-10-01 03:49:43,112 - INFO - Created new company - ID: 21532, Name: 'SUMIDA NAVIGATION SA', Country: 'Japan'
2025-10-01 03:49:51,501 - INFO - Created new company - ID: 21533, Name: 'OLYMPIC STEAMSHIP CO SA', Country: 'Philippines'
2025-10-01 03:49:51,553 - INFO - Created new company - ID: 21534, Name: 'SEA QUEST SHIP MANAGEMENT INC', Country: 'Philippines'
2025-10-01 03:49:55,743 - INFO - Created new company - ID: 21535, Name: 'SENTOSA LINE SA', Country: 'Panama'
2025-10-01 03:49:59,931 - INFO - Created new company - ID: 21536, Name: 'PEACE MARINE SA-PAN', Country: 'Japan'
2025-10-01 03:50:04,986 - INFO - Created new company - ID: 21537, Name: 'JOHANNA INTERNATIONAL INC', Country: 'Japan'
2025-10-01 03:50:13,393 - INFO - Created new company - ID: 21538, Name: 'CARIM PACIFIC SA', Country: 'Japan'
2025-10-01 03:50:17,601 - INFO - Created new company - ID: 21539, Name: 'CARIM OCEAN SA', Country: 'Japan'
2025-10-01 03:50:30,188 - INFO - Created new company - ID: 21540, Name: 'RED CORAL BULKERS LTD', Country: 'Malta'
2025-10-01 03:50:34,441 - INFO - Created new company - ID: 21541, Name: 'JAPAN GOVT MIN OF ECONOMY', Country: 'Japan'
2025-10-01 03:50:42,895 - INFO - Created new company - ID: 21542, Name: 'OCEAN GEO-FRONTIER CO LTD', Country: 'Japan'
2025-10-01 03:50:51,274 - INFO - Created new company - ID: 21543, Name: 'GUANGZHOU SALVAGE BUREAU', Country: 'None'
2025-10-01 03:50:55,538 - INFO - Created new company - ID: 21544, Name: 'LUCKY ONE LTD-SMO', Country: 'China'
2025-10-01 03:50:59,787 - INFO - Created new company - ID: 21545, Name: 'OCEAN GLORY GROUP CO LTD', Country: 'Taiwan'
2025-10-01 03:51:04,937 - INFO - Created new company - ID: 21546, Name: 'BAILEY WORLDWIDE LTD', Country: 'Samoa'
2025-10-01 03:51:09,264 - INFO - Created new company - ID: 21547, Name: 'SHIHAI SHIPPING CO LTD', Country: 'China'
2025-10-01 03:51:13,510 - INFO - Created new company - ID: 21548, Name: 'ZHONG FU INTERNATIONAL', Country: 'Taiwan'
2025-10-01 03:51:17,765 - INFO - Created new company - ID: 21549, Name: 'DONG TAI SHIPPING CO LTD-CHT', Country: 'Taiwan'
2025-10-01 03:51:22,001 - INFO - Created new company - ID: 21550, Name: 'POWICK SHIPPING CO LTD', Country: 'Samoa'
2025-10-01 03:51:26,265 - INFO - Created new company - ID: 21551, Name: 'SEA SAILING CO LTD-SEY', Country: 'China'
2025-10-01 03:51:30,552 - INFO - Created new company - ID: 21552, Name: 'SEA GLORY CO LTD', Country: 'China'
2025-10-01 03:51:34,788 - INFO - Created new company - ID: 21553, Name: 'AUSPICIOUS INTERNATIONAL SHPG', Country: 'China'
2025-10-01 03:51:39,042 - INFO - Created new company - ID: 21554, Name: 'HONG KONG RUNHAI SHIPPING LTD', Country: 'China'
2025-10-01 03:51:43,293 - INFO - Created new company - ID: 21555, Name: 'EVER ADVANCE MARINE LTD', Country: 'Greece'
2025-10-01 03:51:47,561 - INFO - Created new company - ID: 21556, Name: 'RUI AN MARINE LTD', Country: 'United-kingdom'
2025-10-01 03:51:51,584 - INFO - Created new company - ID: 21557, Name: 'LONG BRIGHT SHIPPING LTD', Country: 'China'
2025-10-01 03:51:55,845 - INFO - Created new company - ID: 21558, Name: 'YAMTAI SHIPPING CO LTD', Country: 'China'
2025-10-01 03:52:00,073 - INFO - Created new company - ID: 21559, Name: 'ZHEJIANG JIANYANG/SHANGHAI FRE', Country: 'China'
2025-10-01 03:52:00,126 - INFO - Created new company - ID: 21560, Name: 'ARC SHIPPING INVESTMENT LTD', Country: 'Hong-kong'
2025-10-01 03:52:04,364 - INFO - Created new company - ID: 21561, Name: 'SHANGHAI CRRC HANGE MARINE', Country: 'China'
2025-10-01 03:52:04,416 - INFO - Created new company - ID: 21562, Name: 'ZHEJIANG JIANYANG SHIPPING', Country: 'China'
2025-10-01 03:52:08,673 - INFO - Created new company - ID: 21563, Name: 'YWL SHIPPING CO LTD', Country: 'Hong-kong'
2025-10-01 03:52:12,964 - INFO - Created new company - ID: 21564, Name: 'CALLIOPE SHIPPING CO LTD', Country: 'Hong-kong'
2025-10-01 03:52:17,217 - INFO - Created new company - ID: 21565, Name: 'HUNTER SHIPPING LTD-HKG', Country: 'Hong-kong'
2025-10-01 03:52:17,271 - INFO - Created new company - ID: 21566, Name: 'SEAUNION SHIPPING CO LTD', Country: 'China'
2025-10-01 03:52:21,550 - INFO - Created new company - ID: 21567, Name: 'YUXIANG SHIPPING LTD', Country: 'China'
2025-10-01 03:52:25,837 - INFO - Created new company - ID: 21568, Name: 'UNIEVER SHIPPING CO LTD', Country: 'China'
2025-10-01 03:52:30,128 - INFO - Created new company - ID: 21569, Name: 'LIZSTAR SHIPPING CO LTD', Country: 'China'
2025-10-01 03:52:55,600 - INFO - Created new company - ID: 21570, Name: 'SKADI LTD', Country: 'Marshall-islands'
2025-10-01 03:52:59,840 - INFO - Created new company - ID: 21571, Name: 'HOLLY FORWARD SHIPPING LTD', Country: 'China'
2025-10-01 03:53:04,103 - INFO - Created new company - ID: 21572, Name: 'HONG YUAN SHIPPING CO LTD', Country: 'Hong-kong'
2025-10-01 03:53:09,361 - INFO - Created new company - ID: 21573, Name: 'TIANJIN WANGANG INTERNATIONAL', Country: 'China'
2025-10-01 03:53:13,673 - INFO - Created new company - ID: 21574, Name: 'HOP SHUN SHIPPING CO LTD', Country: 'China'
2025-10-01 03:53:17,930 - INFO - Created new company - ID: 21575, Name: 'NOW-ARRIVAL SHIP HK CO LTD', Country: 'China'
2025-10-01 03:53:22,177 - INFO - Created new company - ID: 21576, Name: 'SHENYAO SHIPPING CO LTD', Country: 'Hong-kong'
2025-10-01 03:53:26,491 - INFO - Created new company - ID: 21577, Name: 'ZHOUSHAN SHENGSI SEALAND SHPG', Country: 'China'
2025-10-01 03:53:30,748 - INFO - Created new company - ID: 21578, Name: 'RELIABLE JUMP LTD', Country: 'China'
2025-10-01 03:53:35,017 - INFO - Created new company - ID: 21579, Name: 'TIMELY HARVEST LTD', Country: 'Hong-kong'
2025-10-01 03:53:43,587 - INFO - Created new company - ID: 21580, Name: 'TIAN HE SHIPPING CO LTD', Country: 'Hong-kong'
2025-10-01 03:53:47,870 - INFO - Created new company - ID: 21581, Name: 'ANHUI AOHUA LOGISTICS CO LTD', Country: 'China'
2025-10-01 03:53:47,922 - INFO - Created new company - ID: 21582, Name: 'HONG KONG AOHUA MARINE IND SHP', Country: 'Hong-kong'
2025-10-01 03:53:52,681 - INFO - Created new company - ID: 21583, Name: 'CIMC MERCURY LTD', Country: 'China'
2025-10-01 03:53:57,293 - INFO - Created new company - ID: 21584, Name: 'GALL SHIPPING LTD', Country: 'Liberia'
2025-10-01 03:54:02,102 - INFO - Created new company - ID: 21585, Name: 'HONGKONG HANGDA SHIPPING LTD', Country: 'Hong-kong'
2025-10-01 03:54:06,810 - INFO - Created new company - ID: 21586, Name: 'EASTERN STAR TRADING', Country: 'Vietnam'
2025-10-01 03:54:11,513 - INFO - Created new company - ID: 21587, Name: 'DAI LUC TRADING CO LTD', Country: 'Vietnam'
2025-10-01 03:54:16,338 - INFO - Created new company - ID: 21588, Name: 'AN TRUNG VIET IMPORT-EXPORT', Country: 'Vietnam'
2025-10-01 03:54:20,937 - INFO - Created new company - ID: 21589, Name: 'MINH TRUONG JSC', Country: 'Vietnam'
2025-10-01 03:54:25,646 - INFO - Created new company - ID: 21590, Name: 'DAI TAY DUONG SHIPBUILDING IND', Country: 'Vietnam'
2025-10-01 03:54:30,050 - INFO - Created new company - ID: 21591, Name: 'NGOC BAO LONG CO LTD', Country: 'Vietnam'
2025-10-01 03:54:34,867 - INFO - Created new company - ID: 21592, Name: 'BLUE OCEAN SHIPPING LTD - CKI', Country: 'Cook-islands'
2025-10-01 03:54:39,579 - INFO - Created new company - ID: 21593, Name: 'MEKONG SHIPPING JSC', Country: 'Vietnam'
2025-10-01 03:54:58,421 - INFO - Created new company - ID: 21594, Name: 'NHA TRANG SHIPYARD CO LTD', Country: 'Vietnam'
2025-10-01 03:55:40,609 - INFO - Created new company - ID: 21595, Name: 'VINH SON TRADING & TRANSPORT', Country: 'Vietnam'
2025-10-01 03:55:50,237 - INFO - Created new company - ID: 21596, Name: 'THANG LONG GAS CO LTD', Country: 'Vietnam'
2025-10-01 03:56:42,586 - INFO - Created new company - ID: 21597, Name: 'HAI HA INTERNATIONAL TRANSPORT', Country: 'Vietnam'
2025-10-01 03:56:51,983 - INFO - Created new company - ID: 21598, Name: 'DONG THIEN PHU MIEN NAM JSC', Country: 'Vietnam'
2025-10-01 03:57:29,555 - INFO - Created new company - ID: 21599, Name: 'BONVOY CO LTD', Country: 'Vietnam'
2025-10-01 03:59:12,464 - INFO - Created new company - ID: 21600, Name: 'AUSTRALIA GOVT CSIRO', Country: 'Australia'
2025-10-01 03:59:17,376 - INFO - Created new company - ID: 21601, Name: 'MMA OFFSHORE CHARTERS PTY', Country: 'Australia'
2025-10-01 04:00:03,374 - INFO - Created new company - ID: 21602, Name: 'EGEMEN SHIPPING CORP', Country: 'France'
2025-10-01 04:00:07,703 - INFO - Created new company - ID: 21603, Name: 'BEST WAY TANKER CORP', Country: 'France'
2025-10-01 04:00:11,990 - INFO - Created new company - ID: 21604, Name: 'SEA JOURNEY MARINE LTD', Country: 'France'
2025-10-01 04:00:16,286 - INFO - Created new company - ID: 21605, Name: 'CELESTIAL STAR CORP', Country: 'France'
2025-10-01 04:00:20,561 - INFO - Created new company - ID: 21606, Name: 'FRINA EXPRESS CORP', Country: 'France'
2025-10-01 04:00:46,108 - INFO - Created new company - ID: 21607, Name: 'CROWN CEMENT PLC', Country: 'Bangladesh'
2025-10-01 04:00:50,368 - INFO - Created new company - ID: 21608, Name: 'OCEAN VISION SHIPPING LINES', Country: 'Bangladesh'
2025-10-01 04:00:50,421 - INFO - Created new company - ID: 21609, Name: 'CROWN MARITIME & SHIPPING', Country: 'Bangladesh'
2025-10-01 04:00:54,681 - INFO - Created new company - ID: 21610, Name: 'CROWN MARINERS LTD', Country: 'Singapore'
2025-10-01 04:00:54,733 - INFO - Created new company - ID: 21611, Name: 'MAJOR SHIPPING & TRADING PTE', Country: 'Singapore'
2025-10-01 04:01:46,259 - INFO - Created new company - ID: 21612, Name: 'ECOSEAS MARITIME LTD', Country: 'Bulgaria'
2025-10-01 04:01:50,553 - INFO - Created new company - ID: 21613, Name: 'JOURNEY MARITIME INC', Country: 'Bulgaria'
2025-10-01 04:03:08,070 - INFO - Created new company - ID: 21614, Name: 'MONTANA TOURS DOO', Country: 'Croatia'
2025-10-01 04:03:13,933 - INFO - Created new company - ID: 21615, Name: 'HIKARI NAVIGATION CO', Country: 'Cyprus'
2025-10-01 04:03:35,392 - INFO - Created new company - ID: 21616, Name: 'AMGA SHIPPING LTD', Country: 'Cyprus'
2025-10-01 04:03:39,671 - INFO - Created new company - ID: 21617, Name: 'INVEST I', Country: 'Denmark'
2025-10-01 04:03:44,003 - INFO - Created new company - ID: 21618, Name: 'INVEST VIII', Country: 'Denmark'
2025-10-01 04:03:48,316 - INFO - Created new company - ID: 21619, Name: 'DANICA IX', Country: 'Denmark'
2025-10-01 04:04:14,047 - INFO - Created new company - ID: 21620, Name: 'ABUNDANT SHIPPING LTD', Country: 'Greece'
2025-10-01 04:05:14,090 - INFO - Created new company - ID: 21621, Name: 'HORUS ANCHOR CO 1 LTD', Country: 'Egypt'
2025-10-01 04:05:22,487 - INFO - Created new company - ID: 21622, Name: 'MARIDIVE MEXICO S DE RL DE CV', Country: 'Egypt'
2025-10-01 04:06:30,725 - INFO - Created new company - ID: 21623, Name: 'PETRO SUN DARYA SA', Country: 'Egypt'
2025-10-01 04:07:26,383 - INFO - Created new company - ID: 21624, Name: 'BOLUDA TOWAGE FINLAND OY', Country: 'None'
2025-10-01 04:07:43,581 - INFO - Created new company - ID: 21625, Name: 'NORBAY UK LTD', Country: 'United-kingdom'
2025-10-01 04:07:52,240 - INFO - Created new company - ID: 21626, Name: 'P&O FERRIES PRIDE OF HULL LTD', Country: 'United-kingdom'
2025-10-01 04:08:26,458 - INFO - Created new company - ID: 21627, Name: 'ANDAMAX INDIA PVT LTD', Country: 'Germany'
2025-10-01 04:09:09,617 - INFO - Created new company - ID: 21628, Name: 'WESTERTILL BRIESE SCHIFFAHRTS', Country: 'None'
2025-10-01 04:09:13,934 - INFO - Created new company - ID: 21629, Name: 'BEDEKASPEL BRIESE SCHIFFAHRTS', Country: 'None'
2025-10-01 04:09:18,066 - INFO - Created new company - ID: 21630, Name: 'LINNENPLATE BRIESE SCHIFFAHRTS', Country: 'None'
2025-10-01 04:09:26,724 - INFO - Created new company - ID: 21631, Name: 'JADE BRIESE SCHIFFAHRTS', Country: 'Germany'
2025-10-01 04:09:31,082 - INFO - Created new company - ID: 21632, Name: 'PLAGGENBURG BRIESE SCHIFFAHRTS', Country: 'Germany'
2025-10-01 04:09:35,414 - INFO - Created new company - ID: 21633, Name: 'OSTERMOOR', Country: 'Germany'
2025-10-01 04:09:39,738 - INFO - Created new company - ID: 21634, Name: 'WESTERMOOR', Country: 'Germany'
2025-10-01 04:09:44,100 - INFO - Created new company - ID: 21635, Name: 'ORIENTAL LEASING 68 CO LTD', Country: 'Germany'
2025-10-01 04:09:48,461 - INFO - Created new company - ID: 21636, Name: 'CANUM BRIESE SCHIFFAHRTS', Country: 'Germany'
2025-10-01 04:09:52,813 - INFO - Created new company - ID: 21637, Name: 'NUTTERMOOR BRIESE SCHIFFAHRTS', Country: 'Germany'
2025-10-01 04:09:57,125 - INFO - Created new company - ID: 21638, Name: 'KOPER SAND', Country: 'Germany'
2025-10-01 04:10:01,494 - INFO - Created new company - ID: 21639, Name: 'BORKUM RIFF BRIESE SCHIFFAHRTS', Country: 'Germany'
2025-10-01 04:10:05,840 - INFO - Created new company - ID: 21640, Name: 'BENTUMERSIEL BRIESE', Country: 'Germany'
2025-10-01 04:10:10,164 - INFO - Created new company - ID: 21641, Name: 'SPRIEKENBORG', Country: 'Germany'
2025-10-01 04:10:14,492 - INFO - Created new company - ID: 21642, Name: 'LEPUS BRIESE SCHIFFAHRTS', Country: 'Germany'
2025-10-01 04:10:18,790 - INFO - Created new company - ID: 21643, Name: 'HYDRA BRIESE SCHIFFAHRTS', Country: 'Germany'
2025-10-01 04:10:23,124 - INFO - Created new company - ID: 21644, Name: 'LIBRA BRIESE SCHIFFAHRTS', Country: 'Germany'
2025-10-01 04:10:27,470 - INFO - Created new company - ID: 21645, Name: 'LEO BRIESE SCHIFFAHRTS', Country: 'Germany'
2025-10-01 04:10:31,820 - INFO - Created new company - ID: 21646, Name: 'PEARL BRIESE SCHIFFAHRTS', Country: 'Germany'
2025-10-01 04:10:36,109 - INFO - Created new company - ID: 21647, Name: 'ROBINSBALJE BRIESE SCHIFFHARTS', Country: 'Germany'
2025-10-01 04:10:40,426 - INFO - Created new company - ID: 21648, Name: 'HARLE BRIESE SCHIFFAHRTS', Country: 'Germany'
2025-10-01 04:10:44,741 - INFO - Created new company - ID: 21649, Name: 'MARIENHAFE BRIESE SCHIFFAHRTS', Country: 'Germany'
2025-10-01 04:10:49,092 - INFO - Created new company - ID: 21650, Name: 'POLDER BRIESE SCHIFFAHRTS', Country: 'Germany'
2025-10-01 04:10:53,458 - INFO - Created new company - ID: 21651, Name: 'OLDENDORP BRIESE SCHIFFAHRTS', Country: 'Germany'
2025-10-01 04:10:57,755 - INFO - Created new company - ID: 21652, Name: 'WESTERLEY BRIESE SCHIFFAHRTS', Country: 'None'
2025-10-01 04:11:02,066 - INFO - Created new company - ID: 21653, Name: 'WESTERRIFF BRIESE SCHIFFAHRTS', Country: 'None'
2025-10-01 04:11:06,417 - INFO - Created new company - ID: 21654, Name: '18 LEDA BETEILIGUNGS GMBH', Country: 'None'
2025-10-01 04:11:10,798 - INFO - Created new company - ID: 21655, Name: '19 DELFT SHIPPING CO LTD', Country: 'None'
2025-10-01 04:11:15,129 - INFO - Created new company - ID: 21656, Name: '20 DELFT SHIPPING CO LTD', Country: 'None'
2025-10-01 04:11:19,418 - INFO - Created new company - ID: 21657, Name: 'BORSSUM BRIESE SCHIFFAHRTS', Country: 'Germany'
2025-10-01 04:11:23,779 - INFO - Created new company - ID: 21658, Name: 'BRIESE CHARTERING CARRIERS', Country: 'Germany'
2025-10-01 04:11:28,139 - INFO - Created new company - ID: 21659, Name: 'SJARD', Country: 'Germany'
2025-10-01 04:11:36,814 - INFO - Created new company - ID: 21660, Name: 'WYBELSUM', Country: 'Germany'
2025-10-01 04:11:45,467 - INFO - Created new company - ID: 21661, Name: 'DOSE BREB SCHIFFFAHRTS', Country: 'Germany'
2025-10-01 04:11:49,805 - INFO - Created new company - ID: 21662, Name: 'NORDERBUR', Country: 'Germany'
2025-10-01 04:11:54,156 - INFO - Created new company - ID: 21663, Name: 'ORIENTAL LEASING 69 CO LTD', Country: 'Germany'
2025-10-01 04:11:58,523 - INFO - Created new company - ID: 21664, Name: 'NETTELBURG', Country: 'Germany'
2025-10-01 04:12:02,883 - INFO - Created new company - ID: 21665, Name: 'SAPPHIRE BRIESE SCHIFFAHRTS', Country: 'Germany'
2025-10-01 04:12:11,571 - INFO - Created new company - ID: 21666, Name: 'ROGGSAND BRIESE SCHIFFAHRTS', Country: 'Germany'
2025-10-01 04:12:15,908 - INFO - Created new company - ID: 21667, Name: 'HATSHAUSEN SCHIFFAHRTS GMBH', Country: 'Germany'
2025-10-01 04:12:20,201 - INFO - Created new company - ID: 21668, Name: 'DALARNA GMBH & CO KG', Country: 'Germany'
2025-10-01 04:12:24,560 - INFO - Created new company - ID: 21669, Name: 'MERITO GMBH & CO KG', Country: 'Germany'
2025-10-01 04:12:28,911 - INFO - Created new company - ID: 21670, Name: 'MANDO GMBH & CO KG', Country: 'Germany'
2025-10-01 04:12:33,284 - INFO - Created new company - ID: 21671, Name: 'TORNEDALEN TOM WORDEN GMBH', Country: 'Germany'
2025-10-01 04:12:37,657 - INFO - Created new company - ID: 21672, Name: 'ICARUS HOLDING LTD', Country: 'Germany'
2025-10-01 04:12:42,011 - INFO - Created new company - ID: 21673, Name: 'VARMLAND GMBH & CO KG', Country: 'Germany'
2025-10-01 04:12:46,406 - INFO - Created new company - ID: 21674, Name: 'MEDUSA SHIPPING LTD', Country: 'Germany'
2025-10-01 04:12:50,792 - INFO - Created new company - ID: 21675, Name: 'MINOTAUR SHIPPING LTD', Country: 'Germany'
2025-10-01 04:12:59,423 - INFO - Created new company - ID: 21676, Name: 'LETTLAND GMBH & CO KG', Country: 'Germany'
2025-10-01 04:13:03,796 - INFO - Created new company - ID: 21677, Name: 'BALTIC LTD', Country: 'Germany'
2025-10-01 04:13:08,164 - INFO - Created new company - ID: 21678, Name: 'ANTALA GMBH & CO KG', Country: 'Germany'
2025-10-01 04:13:12,510 - INFO - Created new company - ID: 21679, Name: 'OESTERBOTTEN GMBH & CO KG', Country: 'Germany'
2025-10-01 04:13:18,958 - INFO - Created new company - ID: 21680, Name: 'ESTLAND GMBH & CO KG', Country: 'Germany'
2025-10-01 04:13:23,281 - INFO - Created new company - ID: 21681, Name: 'JAMTLAND GMBH & CO KG', Country: 'Germany'
2025-10-01 04:13:27,670 - INFO - Created new company - ID: 21682, Name: 'SMALAND GMBH & CO KG', Country: 'Germany'
2025-10-01 04:13:36,369 - INFO - Created new company - ID: 21683, Name: 'AEGIR SHIPPING CO LTD', Country: 'Germany'
2025-10-01 04:13:40,711 - INFO - Created new company - ID: 21684, Name: 'FINNLAND GMBH & CO KG', Country: 'Germany'
2025-10-01 04:13:45,067 - INFO - Created new company - ID: 21685, Name: 'SEELAND GMBH & CO KG', Country: 'Germany'
2025-10-01 04:13:49,396 - INFO - Created new company - ID: 21686, Name: 'FEMBRIA GMBH & CO KG', Country: 'Germany'
2025-10-01 04:13:53,745 - INFO - Created new company - ID: 21687, Name: 'ALAND GMBH & CO KG', Country: 'Germany'
2025-10-01 04:13:58,129 - INFO - Created new company - ID: 21688, Name: 'NORRLAND GMBH & CO KG', Country: 'Germany'
2025-10-01 04:14:02,487 - INFO - Created new company - ID: 21689, Name: 'BAYOU GMBH & CO KG', Country: 'Germany'
2025-10-01 04:14:06,799 - INFO - Created new company - ID: 21690, Name: 'LEMLAND GMBH & CO KG', Country: 'Germany'
2025-10-01 04:14:11,123 - INFO - Created new company - ID: 21691, Name: 'RENTA REEDEREI GMBH', Country: 'Germany'
2025-10-01 04:14:15,490 - INFO - Created new company - ID: 21692, Name: 'SALAMANDER SHIPPING & TRADING', Country: 'Germany'
2025-10-01 04:14:19,831 - INFO - Created new company - ID: 21693, Name: 'BENEFIT SHIPPING CO LTD', Country: 'Germany'
2025-10-01 04:14:24,165 - INFO - Created new company - ID: 21694, Name: 'COAST MARINE CO LTD', Country: 'Germany'
2025-10-01 04:14:28,544 - INFO - Created new company - ID: 21695, Name: 'LAMDA SHIPHOLDING LTD', Country: 'Japan'
2025-10-01 04:14:32,871 - INFO - Created new company - ID: 21696, Name: 'NEUWERK BREB SCHIFFFAHRTS', Country: 'Germany'
2025-10-01 04:14:37,242 - INFO - Created new company - ID: 21697, Name: 'WIESENS BRIESE SCHIFFAHRTS', Country: 'Germany'
2025-10-01 04:14:41,589 - INFO - Created new company - ID: 21698, Name: 'DUHNEN BREB SCHIFFFAHRTS', Country: 'Germany'
2025-10-01 04:14:45,921 - INFO - Created new company - ID: 21699, Name: 'VOGELSAND SCHIFFFAHRTS GMBH', Country: 'Germany'
2025-10-01 04:14:50,316 - INFO - Created new company - ID: 21700, Name: 'OSTBENSE', Country: 'Germany'
2025-10-01 04:14:54,666 - INFO - Created new company - ID: 21701, Name: 'BBC PROJECT CHARTERING GMBH', Country: 'Germany'
2025-10-01 04:14:58,992 - INFO - Created new company - ID: 21702, Name: 'BBC CHARTERING CARRIERS GMBH', Country: 'Germany'
2025-10-01 04:15:03,395 - INFO - Created new company - ID: 21703, Name: 'ANTILA BRIESE SCHIFFAHRTS', Country: 'Germany'
2025-10-01 04:15:07,753 - INFO - Created new company - ID: 21704, Name: 'CAELUM BRIESE SCHIFFAHRTS', Country: 'Germany'
2025-10-01 04:15:12,103 - INFO - Created new company - ID: 21705, Name: 'WATUM BRIES SCHIFFAHRTS', Country: 'Germany'
2025-10-01 04:15:16,482 - INFO - Created new company - ID: 21706, Name: 'MARGENS BRIESE SCHIFFAHRTS', Country: 'Germany'
2025-10-01 04:15:20,860 - INFO - Created new company - ID: 21707, Name: 'DEDDEBORG', Country: 'Germany'
2025-10-01 04:15:25,218 - INFO - Created new company - ID: 21708, Name: 'KUKELBORG', Country: 'Germany'
2025-10-01 04:15:29,562 - INFO - Created new company - ID: 21709, Name: 'LEYBUCHTPOLDER SCHIFFAHRTS', Country: 'Germany'
2025-10-01 04:15:33,878 - INFO - Created new company - ID: 21710, Name: 'BJORG GMBH & CO KG', Country: 'Germany'
2025-10-01 04:15:33,930 - INFO - Created new company - ID: 21711, Name: 'EICKE REEDEREI GMBH & CO KG', Country: 'Germany'
2025-10-01 04:15:38,294 - INFO - Created new company - ID: 21712, Name: 'STINA KG', Country: 'Germany'
2025-10-01 04:15:38,349 - INFO - Created new company - ID: 21713, Name: 'JAN BREUER EK', Country: 'Germany'
2025-10-01 04:15:46,980 - INFO - Created new company - ID: 21714, Name: 'ELBSTRAND GMBH & CO KG', Country: 'Germany'
2025-10-01 04:15:51,327 - INFO - Created new company - ID: 21715, Name: 'ADW 6 SCHIFFFAHRTSGESELLSCHAFT', Country: 'Germany'
2025-10-01 04:15:55,682 - INFO - Created new company - ID: 21716, Name: 'ELBSURFER GMBH & CO KG', Country: 'Germany'
2025-10-01 04:16:00,015 - INFO - Created new company - ID: 21717, Name: 'ELBRUNNER GMBH & CO KG', Country: 'Germany'
2025-10-01 04:16:04,944 - INFO - Created new company - ID: 21718, Name: 'ELBSKY GMBH & CO KG', Country: 'Germany'
2025-10-01 04:16:09,281 - INFO - Created new company - ID: 21719, Name: 'ELBSUN GMBH & CO KG', Country: 'Germany'
2025-10-01 04:16:13,637 - INFO - Created new company - ID: 21720, Name: 'ELBHARMONIE GMBH & CO KG', Country: 'Germany'
2025-10-01 04:16:22,376 - INFO - Created new company - ID: 21721, Name: 'ELBTRAVELLER GMBH & CO KG', Country: 'Germany'
2025-10-01 04:16:26,742 - INFO - Created new company - ID: 21722, Name: 'OCEANA SCHIFFFAHRTS', Country: 'Germany'
2025-10-01 04:16:31,123 - INFO - Created new company - ID: 21723, Name: 'OCTAVIA SCHIFFFAHRTS', Country: 'Germany'
2025-10-01 04:16:35,462 - INFO - Created new company - ID: 21724, Name: 'HANSA FLOTTBEK FEEDER VI GMBH', Country: 'Germany'
2025-10-01 04:16:39,792 - INFO - Created new company - ID: 21725, Name: 'HANSA COLOMBO SCHIFFFAHRTS', Country: 'Germany'
2025-10-01 04:16:44,182 - INFO - Created new company - ID: 21726, Name: 'L&B AKER FEEDERSHIPS GMBH & CO', Country: 'Germany'
2025-10-01 04:16:48,537 - INFO - Created new company - ID: 21727, Name: 'HANSA OSTERBURG SCHIFFAHRTS', Country: 'Germany'
2025-10-01 04:16:52,897 - INFO - Created new company - ID: 21728, Name: 'HANSA BITBURG SCHIFFAHRTS', Country: 'Germany'
2025-10-01 04:16:57,332 - INFO - Created new company - ID: 21729, Name: 'HANSA FLOTTBEK FEEDER IV', Country: 'Germany'
2025-10-01 04:17:01,686 - INFO - Created new company - ID: 21730, Name: 'HANSA FLOTTBEK FEEDER I GMBH', Country: 'Germany'
2025-10-01 04:17:06,028 - INFO - Created new company - ID: 21731, Name: 'HANSA SALZBURG MBH & CO KG', Country: 'Germany'
2025-10-01 04:17:10,413 - INFO - Created new company - ID: 21732, Name: 'DUBURG MBH & CO KG', Country: 'Germany'
2025-10-01 04:17:14,794 - INFO - Created new company - ID: 21733, Name: 'FRESENBURG MBH & CO KG', Country: 'Germany'
2025-10-01 04:17:19,143 - INFO - Created new company - ID: 21734, Name: 'L&B HANSA FEEDERSCHIFFE GMBH', Country: 'Germany'
2025-10-01 04:17:23,459 - INFO - Created new company - ID: 21735, Name: 'FREYBURG MBH & CO KG', Country: 'Germany'
2025-10-01 04:17:27,830 - INFO - Created new company - ID: 21736, Name: 'L&B AUGSBURG FEEDERSCHIFF', Country: 'Germany'
2025-10-01 04:17:32,626 - INFO - Created new company - ID: 21737, Name: 'HANSA SIEGBURG', Country: 'Germany'
2025-10-01 04:17:36,989 - INFO - Created new company - ID: 21738, Name: 'HANSA ROTENBURG', Country: 'Germany'
2025-10-01 04:17:41,319 - INFO - Created new company - ID: 21739, Name: 'HANSA AFRICA MBH & CO KG', Country: 'Germany'
2025-10-01 04:17:45,696 - INFO - Created new company - ID: 21740, Name: 'L&B PARFEEDER V STEINBURG', Country: 'Germany'
2025-10-01 04:17:50,052 - INFO - Created new company - ID: 21741, Name: 'HANSA FLOTTBEK FEEDER V', Country: 'Germany'
2025-10-01 04:17:54,379 - INFO - Created new company - ID: 21742, Name: 'HANSA CHRISTIANSOE SCHIFFAHRTS', Country: 'Germany'
2025-10-01 04:17:58,674 - INFO - Created new company - ID: 21743, Name: 'HANSA DREJOE SCHIFFAHRTS', Country: 'None'
2025-10-01 04:18:03,018 - INFO - Created new company - ID: 21744, Name: 'HORNEBURG MBH & CO KG', Country: 'Germany'
2025-10-01 04:18:07,348 - INFO - Created new company - ID: 21745, Name: 'INDUSTRIAL CHARGER SAL SHPG', Country: 'Germany'
2025-10-01 04:18:11,748 - INFO - Created new company - ID: 21746, Name: 'ORCA I SAL SHIPPING UG', Country: 'Germany'
2025-10-01 04:18:21,918 - INFO - Created new company - ID: 21747, Name: 'MARIENTIEF BRIESE SCHIFFAHRTS', Country: 'Germany'
2025-10-01 04:18:26,227 - INFO - Created new company - ID: 21748, Name: 'WESTERFELD BRIESE SCHIFFAHRTS', Country: 'Germany'
2025-10-01 04:18:30,575 - INFO - Created new company - ID: 21749, Name: 'LANGHOLT BRIESE SCHIFFAHRTS', Country: 'Germany'
2025-10-01 04:18:34,905 - INFO - Created new company - ID: 21750, Name: 'HAI KUO SHIPPING 2058C LTD', Country: 'Germany'
2025-10-01 04:18:39,242 - INFO - Created new company - ID: 21751, Name: 'HAI KUO SHIPPING 2059C LTD', Country: 'Germany'
2025-10-01 04:18:43,635 - INFO - Created new company - ID: 21752, Name: 'OCHTERSUM BRIESE SCHIFFAHRTS', Country: 'Germany'
2025-10-01 04:18:47,966 - INFO - Created new company - ID: 21753, Name: 'DORNUMERGRODE BRIESE', Country: 'Ireland'
2025-10-01 04:18:52,310 - INFO - Created new company - ID: 21754, Name: 'HAI KUO SHIPPING 2260C LTD', Country: 'Germany'
2025-10-01 04:18:56,671 - INFO - Created new company - ID: 21755, Name: 'HAI KUO SHIPPING 2261C LTD', Country: 'Germany'
2025-10-01 04:19:00,984 - INFO - Created new company - ID: 21756, Name: 'HAI KUO SHIPPING 2262C LTD', Country: 'Germany'
2025-10-01 04:19:05,357 - INFO - Created new company - ID: 21757, Name: 'HAI KUO SHIPPING 2263C LTD', Country: 'Germany'
2025-10-01 04:19:09,722 - INFO - Created new company - ID: 21758, Name: 'MARIENCHOR BRIESE SCHIFFAHRTS', Country: 'Germany'
2025-10-01 04:19:14,044 - INFO - Created new company - ID: 21759, Name: 'EVERSMEER BRIESE SCHIFFAHRTS', Country: 'Germany'
2025-10-01 04:19:18,389 - INFO - Created new company - ID: 21760, Name: 'COLDEBORG BRIESE SCHIFFAHRTS', Country: 'Germany'
2025-10-01 04:19:22,713 - INFO - Created new company - ID: 21761, Name: 'LEY BRIESE SCHIFFAHRTS GMBH', Country: 'Germany'
2025-10-01 04:19:27,054 - INFO - Created new company - ID: 21762, Name: 'MARZ BRIESE SCHIFFAHRTS', Country: 'Germany'
2025-10-01 04:19:31,364 - INFO - Created new company - ID: 21763, Name: 'BEENSLEY BRIESE SCHIFFAHRTS', Country: 'Germany'
2025-10-01 04:19:35,705 - INFO - Created new company - ID: 21764, Name: 'ENGELSAND BRIESE SCHIFFAHRTS', Country: 'Germany'
2025-10-01 04:19:40,081 - INFO - Created new company - ID: 21765, Name: 'CLEVERNS BRIESE SCHIFFAHRTS', Country: 'Germany'
2025-10-01 04:19:44,468 - INFO - Created new company - ID: 21766, Name: 'WES PELEUS SCHIFFAHRTS', Country: 'Germany'
2025-10-01 04:19:44,523 - INFO - Created new company - ID: 21767, Name: 'ARKON SHIPPING GMBH & CO KG', Country: 'Germany'
2025-10-01 04:19:48,893 - INFO - Created new company - ID: 21768, Name: 'MICHAEL A SHIPPING LTD', Country: 'Germany'
2025-10-01 04:19:53,241 - INFO - Created new company - ID: 21769, Name: 'PERA SHIPPING LTD-ABB', Country: 'Germany'
2025-10-01 04:19:57,540 - INFO - Created new company - ID: 21770, Name: 'POTOSI SHIPPING LTD', Country: 'Germany'
2025-10-01 04:20:01,888 - INFO - Created new company - ID: 21771, Name: 'CYGNUS SHIPPING BV', Country: 'Germany'
2025-10-01 04:20:06,220 - INFO - Created new company - ID: 21772, Name: 'WES SINA SCHIFFAHRTS UG', Country: 'Germany'
2025-10-01 04:20:10,582 - INFO - Created new company - ID: 21773, Name: 'WES MELAS SCHIFFAHRTS', Country: 'Germany'
2025-10-01 04:20:19,201 - INFO - Created new company - ID: 21774, Name: 'WES GESA SCHIFFAHRTS', Country: 'Germany'
2025-10-01 04:20:23,576 - INFO - Created new company - ID: 21775, Name: 'WES HEINRICH SCHIFFAHRTS', Country: 'Germany'
2025-10-01 04:20:27,912 - INFO - Created new company - ID: 21776, Name: 'WES ESTHER SCHIFFAHRTS UG', Country: 'Germany'
2025-10-01 04:20:32,299 - INFO - Created new company - ID: 21777, Name: 'WES ELISA SCHIFFAHRTS UG', Country: 'Germany'
2025-10-01 04:20:36,649 - INFO - Created new company - ID: 21778, Name: 'WES MADITA SCHIFFAHRTS UG', Country: 'Germany'
2025-10-01 04:20:41,009 - INFO - Created new company - ID: 21779, Name: 'MARFEEDER', Country: 'Germany'
2025-10-01 04:20:45,380 - INFO - Created new company - ID: 21780, Name: 'PAULA FOROOHARI SCHIFFAHRTS', Country: 'Germany'
2025-10-01 04:20:49,738 - INFO - Created new company - ID: 21781, Name: 'FORTALEZA FOROOHARI SCHIFFAHRT', Country: 'Germany'
2025-10-01 04:20:54,056 - INFO - Created new company - ID: 21782, Name: 'EMILIA SCHIFFAHRTS GMBH & CO', Country: 'Germany'
2025-10-01 04:20:58,392 - INFO - Created new company - ID: 21783, Name: 'FLORA SCHIFFFAHRTS GMBH & CO', Country: 'Germany'
2025-10-01 04:21:02,753 - INFO - Created new company - ID: 21784, Name: 'CARODA SCHIFFAHRTS', Country: 'Germany'
2025-10-01 04:21:07,098 - INFO - Created new company - ID: 21785, Name: 'BF TIGER SCHIFFAHRTS GMBH', Country: 'Germany'
2025-10-01 04:21:11,514 - INFO - Created new company - ID: 21786, Name: 'BF HAMBURG SCHIFFAHRTS', Country: 'Germany'
2025-10-01 04:21:15,915 - INFO - Created new company - ID: 21787, Name: 'BF TITAN SCHIFFAHRTS GMBH & CO', Country: 'Germany'
2025-10-01 04:21:20,245 - INFO - Created new company - ID: 21788, Name: 'BF JADE SCHIFFHARTS GMBH & CO', Country: 'Germany'
2025-10-01 04:21:24,591 - INFO - Created new company - ID: 21789, Name: 'BF PERCH SCHIFFHARTS GMBH & CO', Country: 'Germany'
2025-10-01 04:21:28,962 - INFO - Created new company - ID: 21790, Name: 'BF TROUT SCHIFFAHRTS GMBH & CO', Country: 'Germany'
2025-10-01 04:21:33,314 - INFO - Created new company - ID: 21791, Name: 'BF CARP SCHIFFAHRTS GMBH & CO', Country: 'Germany'
2025-10-01 04:21:37,660 - INFO - Created new company - ID: 21792, Name: 'BF GIANT SCHIFFAHRTS GMBH & CO', Country: 'Germany'
2025-10-01 04:21:42,054 - INFO - Created new company - ID: 21793, Name: 'BF ICON SCHIFFAHRTS GMBH & CO', Country: 'Germany'
2025-10-01 04:21:46,415 - INFO - Created new company - ID: 21794, Name: 'BF EPIC SCHIFFAHRTS GMBH & CO', Country: 'Germany'
2025-10-01 04:21:50,764 - INFO - Created new company - ID: 21795, Name: 'BF LARA SCHIFFAHRTS GMBH & CO', Country: 'Germany'
2025-10-01 04:21:55,120 - INFO - Created new company - ID: 21796, Name: 'RONNIE SCHIFFAHRTS GMBH', Country: 'Germany'
2025-10-01 04:21:59,510 - INFO - Created new company - ID: 21797, Name: 'CHARLIE SCHIFFAHRTS GMBH', Country: 'Germany'
2025-10-01 04:22:03,878 - INFO - Created new company - ID: 21798, Name: 'ADW 3 SCHIFFFAHRTSGESELLSCHAFT', Country: 'Germany'
2025-10-01 04:22:03,930 - INFO - Created new company - ID: 21799, Name: 'MAGELLAN COMET SCHIFFAHRTS', Country: 'Germany'
2025-10-01 04:22:08,283 - INFO - Created new company - ID: 21800, Name: 'ANYA NAVIGATION SA', Country: 'Panama'
2025-10-01 04:22:12,619 - INFO - Created new company - ID: 21801, Name: 'DIAMOND MARITIME LTD', Country: 'None'
2025-10-01 04:22:12,670 - INFO - Created new company - ID: 21802, Name: 'NSC SCHIFFFAHRTSGESELLSCHAFT', Country: 'Germany'
2025-10-01 04:22:17,014 - INFO - Created new company - ID: 21803, Name: 'CYGNUS CARRIERS COMPANY SA', Country: 'None'
2025-10-01 04:22:21,313 - INFO - Created new company - ID: 21804, Name: 'GRAL SAN MARTIN CAR CARRIER', Country: 'Germany'
2025-10-01 04:22:25,657 - INFO - Created new company - ID: 21805, Name: 'ZIM TIANJIN LP', Country: 'Germany'
2025-10-01 04:22:30,044 - INFO - Created new company - ID: 21806, Name: 'PARANA SHIPPING ONE CO LTD', Country: 'Germany'
2025-10-01 04:22:34,455 - INFO - Created new company - ID: 21807, Name: 'ANCHORMAN AS', Country: 'Germany'
2025-10-01 04:22:38,802 - INFO - Created new company - ID: 21808, Name: 'ALTENBURG LTD', Country: 'Germany'
2025-10-01 04:22:43,193 - INFO - Created new company - ID: 21809, Name: 'PATAGONIA SHIPPING LTD-CYP', Country: 'Germany'
2025-10-01 04:22:47,532 - INFO - Created new company - ID: 21810, Name: 'CMC ARAUCO GMBH & CO KG', Country: 'Germany'
2025-10-01 04:22:51,848 - INFO - Created new company - ID: 21811, Name: 'CMC ANGOL GMBH & CO KG', Country: 'Germany'
2025-10-01 04:22:56,181 - INFO - Created new company - ID: 21812, Name: 'CMC ANDES GMBH & CO KG', Country: 'Germany'
2025-10-01 04:23:00,524 - INFO - Created new company - ID: 21813, Name: 'CMC ATACAMA GMBH & CO KG', Country: 'Germany'
2025-10-01 04:23:04,859 - INFO - Created new company - ID: 21814, Name: 'RAVENSBERG SCHIFFFAHRTS', Country: 'Germany'
2025-10-01 04:23:04,913 - INFO - Created new company - ID: 21815, Name: 'ORION BULKERS GMBH & CO KG', Country: 'Germany'
2025-10-01 04:23:09,226 - INFO - Created new company - ID: 21816, Name: 'BETEIGEUZE SCHIFFAHRTS', Country: 'Germany'
2025-10-01 04:23:13,580 - INFO - Created new company - ID: 21817, Name: 'ALCEDO SHIPPING I LTD', Country: 'Germany'
2025-10-01 04:23:17,902 - INFO - Created new company - ID: 21818, Name: 'PHAR LAP 1 SCHIFFAHRTS', Country: 'Germany'
2025-10-01 04:23:24,506 - INFO - Created new company - ID: 21819, Name: 'PHARLAP 2', Country: 'Germany'
2025-10-01 04:23:28,868 - INFO - Created new company - ID: 21820, Name: 'COLUMBIA', Country: 'Germany'
2025-10-01 04:23:33,232 - INFO - Created new company - ID: 21821, Name: 'LILABE SCHIFFAHRTSGESELLSCHAFT', Country: 'Germany'
2025-10-01 04:23:37,598 - INFO - Created new company - ID: 21822, Name: 'ALCEDO SHIPPING IV LTD', Country: 'Germany'
2025-10-01 04:23:41,989 - INFO - Created new company - ID: 21823, Name: 'ALCEDO SHIPPING III LTD', Country: 'Germany'
2025-10-01 04:23:46,322 - INFO - Created new company - ID: 21824, Name: 'NOVA MOONBEAM SCHIFFAHRTS', Country: 'Germany'
2025-10-01 04:23:50,646 - INFO - Created new company - ID: 21825, Name: 'NOVA RANGER SCHIFFAHRTS', Country: 'Germany'
2025-10-01 04:23:54,961 - INFO - Created new company - ID: 21826, Name: 'NOVA VELSHEDA SCHIFFAHRTS', Country: 'Germany'
2025-10-01 04:23:59,322 - INFO - Created new company - ID: 21827, Name: 'BFL EUROPE GMBH & CO KG', Country: 'Germany'
2025-10-01 04:24:03,643 - INFO - Created new company - ID: 21828, Name: 'GEORGIA OETKER SCHIFFFAHRTS', Country: 'Germany'
2025-10-01 04:24:07,980 - INFO - Created new company - ID: 21829, Name: 'TIMORSUN SCHIFFAHRTS', Country: 'Germany'
2025-10-01 04:24:12,358 - INFO - Created new company - ID: 21830, Name: 'LETIZIA OETKER', Country: 'Germany'
2025-10-01 04:24:16,709 - INFO - Created new company - ID: 21831, Name: 'SHINING OCEAN LTD', Country: 'Japan'
2025-10-01 04:24:21,083 - INFO - Created new company - ID: 21832, Name: '1 EMS SCHIFFFAHRTS GMBH & CO', Country: 'Germany'
2025-10-01 04:24:25,410 - INFO - Created new company - ID: 21833, Name: 'CEG COSMOS', Country: 'Germany'
2025-10-01 04:24:29,739 - INFO - Created new company - ID: 21834, Name: 'CEG GALAXY GMBH & CO KG', Country: 'Germany'
2025-10-01 04:24:34,138 - INFO - Created new company - ID: 21835, Name: 'CEG UNIVERSE GMBH & CO KG', Country: 'Germany'
2025-10-01 04:24:38,532 - INFO - Created new company - ID: 21836, Name: 'GILLIE & BLAIR SHIPPING SERVS', Country: 'Germany'
2025-10-01 04:24:42,942 - INFO - Created new company - ID: 21837, Name: 'FRAMGANG SHIPPING GMBH & CO KG', Country: 'Germany'
2025-10-01 04:24:47,267 - INFO - Created new company - ID: 21838, Name: 'FEHN LYRA FEHN SCHIFFARTS GMBH', Country: 'Germany'
2025-10-01 04:24:51,639 - INFO - Created new company - ID: 21839, Name: 'EMS CHARTERING GMBH & CO KG', Country: 'Germany'
2025-10-01 04:24:55,967 - INFO - Created new company - ID: 21840, Name: 'CATANIA FEHN SCHIFFAHRTS', Country: 'Germany'
2025-10-01 04:25:00,306 - INFO - Created new company - ID: 21841, Name: 'ELBE-EMS COASTER 1 GMBH & CO', Country: 'Germany'
2025-10-01 04:25:04,644 - INFO - Created new company - ID: 21842, Name: 'REEDEREI MEINE FAEHRE GMBH', Country: 'Germany'
2025-10-01 04:25:08,984 - INFO - Created new company - ID: 21843, Name: '3 EMS SCHIFFFAHRTS GMBH & CO', Country: 'Antigua-and-barbuda'
2025-10-01 04:25:13,333 - INFO - Created new company - ID: 21844, Name: '4 EMS SCHIFFFAHRTS GMBH', Country: 'Indonesia'
2025-10-01 04:25:17,712 - INFO - Created new company - ID: 21845, Name: 'FINE SCHEPERS SCHIFFAHRTS UG', Country: 'Germany'
2025-10-01 04:25:22,043 - INFO - Created new company - ID: 21846, Name: 'WIEBKE SCHEPERS HS SCHIFFAHRTS', Country: 'Germany'
2025-10-01 04:25:26,416 - INFO - Created new company - ID: 21847, Name: 'IMKE SCHEPERS HS SCHIFFAHRTS', Country: 'Germany'
2025-10-01 04:25:30,764 - INFO - Created new company - ID: 21848, Name: 'DEIKE SCHEPERS HS SCHIFFAHRTS', Country: 'Germany'
2025-10-01 04:25:35,129 - INFO - Created new company - ID: 21849, Name: 'SIMKE SCHEPERS HS SCHIFFAHRTS', Country: 'Germany'
2025-10-01 04:25:39,502 - INFO - Created new company - ID: 21850, Name: 'NIKE SCHEPERS HS SCHIFFAHRTS', Country: 'Germany'
2025-10-01 04:25:43,874 - INFO - Created new company - ID: 21851, Name: 'LIESKE SCHEPERS HS SCHIFFAHRTS', Country: 'Germany'
2025-10-01 04:25:48,184 - INFO - Created new company - ID: 21852, Name: 'FRANZISKA HS SCHIFFHARTS UG', Country: 'Germany'
2025-10-01 04:25:52,600 - INFO - Created new company - ID: 21853, Name: 'SVEN HS SCHIFFAHRTS UG', Country: 'Germany'
2025-10-01 04:25:56,959 - INFO - Created new company - ID: 21854, Name: 'FRIEDHELM HS SCHIFFAHRTS UG', Country: 'Germany'
2025-10-01 04:26:01,314 - INFO - Created new company - ID: 21855, Name: 'FULDATAL HS SCHIFFAHRTS UG', Country: 'Germany'
2025-10-01 04:26:05,649 - INFO - Created new company - ID: 21856, Name: 'ARJUVE 2024 SAS', Country: 'Germany'
2025-10-01 04:26:10,040 - INFO - Created new company - ID: 21857, Name: 'NINA B MBH & CO KG', Country: 'Germany'
2025-10-01 04:26:14,352 - INFO - Created new company - ID: 21858, Name: 'OCEAN CARRIER SHIPPING GMBH', Country: 'Germany'
2025-10-01 04:26:18,696 - INFO - Created new company - ID: 21859, Name: 'OCEAN TRADER SHIPPING GMBH', Country: 'Germany'
2025-10-01 04:26:23,026 - INFO - Created new company - ID: 21860, Name: 'LARISSA B MBH & CO KG', Country: 'Germany'
2025-10-01 04:26:27,374 - INFO - Created new company - ID: 21861, Name: 'TALINA B MBH & CO KG', Country: 'Germany'
2025-10-01 04:26:31,740 - INFO - Created new company - ID: 21862, Name: 'HILDA B MBH & CO KG', Country: 'Germany'
2025-10-01 04:26:36,109 - INFO - Created new company - ID: 21863, Name: 'BEN B MBH & CO KG', Country: 'Germany'
2025-10-01 04:26:40,431 - INFO - Created new company - ID: 21864, Name: 'TOM B MBH & CO KG', Country: 'Germany'
2025-10-01 04:26:44,756 - INFO - Created new company - ID: 21865, Name: 'BOTHNIA FIN GMBH & CO KG', Country: 'Germany'
2025-10-01 04:26:49,118 - INFO - Created new company - ID: 21866, Name: 'BALTIC FIN GMBH & CO KG', Country: 'Germany'
2025-10-01 04:26:53,425 - INFO - Created new company - ID: 21867, Name: 'EMMA B MBH & CO KG', Country: 'Germany'
2025-10-01 04:26:57,733 - INFO - Created new company - ID: 21868, Name: 'HEIDE B MBH & CO KG', Country: 'Germany'
2025-10-01 04:27:06,385 - INFO - Created new company - ID: 21869, Name: '2 EMS SCHIFFFAHRTS GMBH & CO', Country: 'None'
2025-10-01 04:27:10,729 - INFO - Created new company - ID: 21870, Name: '16 LEDA BETEILIGUNGS GMBH', Country: 'None'
2025-10-01 04:27:15,068 - INFO - Created new company - ID: 21871, Name: '21 LEDA BETEILIGUNGS GMBH & CO', Country: 'Canada'
2025-10-01 04:27:19,379 - INFO - Created new company - ID: 21872, Name: 'ASIAN CRUISER W BOCKSTIEGEL', Country: 'Germany'
2025-10-01 04:27:23,734 - INFO - Created new company - ID: 21873, Name: 'ASIAN VOYAGER W BOCKSTIEGEL', Country: 'Germany'
2025-10-01 04:27:28,102 - INFO - Created new company - ID: 21874, Name: '3 LEDA BETEILIGUNGS GMBH & CO', Country: 'Germany'
2025-10-01 04:27:32,455 - INFO - Created new company - ID: 21875, Name: '7 LEDA BETEILIGUNGS GMBH & CO', Country: 'Germany'
2025-10-01 04:27:36,808 - INFO - Created new company - ID: 21876, Name: '4 LEDA BETEILIGUNGS GMBH & CO', Country: 'Germany'
2025-10-01 04:27:41,151 - INFO - Created new company - ID: 21877, Name: '5 LEDA BETEILIGUNGS GMBH & CO', Country: 'Germany'
2025-10-01 04:27:45,538 - INFO - Created new company - ID: 21878, Name: '10 LEDA BETEILIGUNGS GMBH & CO', Country: 'Germany'
2025-10-01 04:27:49,985 - INFO - Created new company - ID: 21879, Name: '6 LEDA BETEILIGUNGS GMBH & CO', Country: 'Germany'
2025-10-01 04:27:54,353 - INFO - Created new company - ID: 21880, Name: 'JESSICA B LTD', Country: 'Denmark'
2025-10-01 04:27:54,405 - INFO - Created new company - ID: 21881, Name: '8499624 CANADA INC', Country: 'Denmark'
2025-10-01 04:27:58,484 - INFO - Created new company - ID: 21882, Name: 'TROYBURG MBH & CO KG', Country: 'Germany'
2025-10-01 04:28:02,840 - INFO - Created new company - ID: 21883, Name: 'NORTHERN MAJESTIC SCHIFFAHRTS', Country: 'Germany'
2025-10-01 04:28:07,206 - INFO - Created new company - ID: 21884, Name: 'NORTHERN MONUMENT SCHIFFAHRTS', Country: 'Germany'
2025-10-01 04:28:11,568 - INFO - Created new company - ID: 21885, Name: 'A DEXTERITY SHIPOWNING LTD', Country: 'Marshall-islands'
2025-10-01 04:28:15,878 - INFO - Created new company - ID: 21886, Name: 'VC N JUVENILE SHIPPING GMBH', Country: 'Germany'
2025-10-01 04:28:20,233 - INFO - Created new company - ID: 21887, Name: 'FLORALINE OCEANWAY LTD', Country: 'Germany'
2025-10-01 04:28:24,600 - INFO - Created new company - ID: 21888, Name: 'DSD SHIPS 4 AS', Country: 'Norway'
2025-10-01 04:28:24,652 - INFO - Created new company - ID: 21889, Name: 'DSD SHIPPING AS', Country: 'Norway'
2025-10-01 04:28:28,959 - INFO - Created new company - ID: 21890, Name: 'ORTSA OCEANWAY CORP', Country: 'Liberia'
2025-10-01 04:28:33,321 - INFO - Created new company - ID: 21891, Name: 'SOHO SHIPPING & TRADING CO', Country: 'Liberia'
2025-10-01 04:28:37,678 - INFO - Created new company - ID: 21892, Name: 'QUARTZ MARITIME LTD-LIB', Country: 'Greece'
2025-10-01 04:28:42,041 - INFO - Created new company - ID: 21893, Name: 'WHITE FLAG VENTURES LIII LLC', Country: 'Marshall-islands'
2025-10-01 04:29:38,066 - INFO - Created new company - ID: 21894, Name: 'HANSA OSLO MBH & CO KG', Country: 'Germany'
2025-10-01 04:29:42,451 - INFO - Created new company - ID: 21895, Name: 'MAI LEHMANN SCHIFFAHRTS GMBH', Country: 'Germany'
2025-10-01 04:29:46,791 - INFO - Created new company - ID: 21896, Name: 'ALESSANDRA LEHMANN', Country: 'Germany'
2025-10-01 04:29:51,149 - INFO - Created new company - ID: 21897, Name: 'LISA LEHMANN', Country: 'Germany'
2025-10-01 04:29:55,503 - INFO - Created new company - ID: 21898, Name: 'SIEGFRIED LEHMANN', Country: 'Germany'
2025-10-01 04:29:59,852 - INFO - Created new company - ID: 21899, Name: 'MARIE LEHMANN', Country: 'Germany'
2025-10-01 04:30:04,171 - INFO - Created new company - ID: 21900, Name: 'INA LEHMANN SCHIFFFAHRTS-GMBH', Country: 'Germany'
2025-10-01 04:30:08,536 - INFO - Created new company - ID: 21901, Name: 'HEIKE LEHMANN SCHIFFFAHRTS', Country: 'Germany'
2025-10-01 04:30:38,814 - INFO - Created new company - ID: 21902, Name: 'SELMER SUPRA III AS', Country: 'Germany'
2025-10-01 04:30:43,168 - INFO - Created new company - ID: 21903, Name: 'SELMER BULK SHIPPING LTD', Country: 'Germany'
2025-10-01 04:30:47,554 - INFO - Created new company - ID: 21904, Name: 'MARIT SELMER LLC', Country: 'Germany'
2025-10-01 04:30:51,871 - INFO - Created new company - ID: 21905, Name: 'MELODY SELMER LLC', Country: 'Germany'
2025-10-01 04:30:56,236 - INFO - Created new company - ID: 21906, Name: 'MERKUR ARCHIPELAGO', Country: 'Germany'
2025-10-01 04:31:00,642 - INFO - Created new company - ID: 21907, Name: 'MERKUR HORIZON', Country: 'Germany'
2025-10-01 04:31:05,058 - INFO - Created new company - ID: 21908, Name: 'MERKUR FJORD MBH & CO KG', Country: 'Germany'
2025-10-01 04:31:09,419 - INFO - Created new company - ID: 21909, Name: 'MERKUR OCEAN MBH & CO KG', Country: 'Germany'
2025-10-01 04:31:43,752 - INFO - Created new company - ID: 21910, Name: 'TT-LINE NR 1063 EIGENTUMS GMBH', Country: 'Germany'
2025-10-01 04:31:48,108 - INFO - Created new company - ID: 21911, Name: 'TOM SAWYER', Country: 'Germany'
2025-10-01 04:31:52,471 - INFO - Created new company - ID: 21912, Name: 'BALTIC SHIPPING GMBH', Country: 'Germany'
2025-10-01 04:31:56,833 - INFO - Created new company - ID: 21913, Name: 'TT-LINE FERRY SERVICE GMBH', Country: 'Germany'
2025-10-01 04:32:01,154 - INFO - Created new company - ID: 21914, Name: 'TT-LINE NR 2001 EIGENTUMS GMBH', Country: 'Germany'
2025-10-01 04:32:05,562 - INFO - Created new company - ID: 21915, Name: 'GREEN ROPAX GMBH & CO KG', Country: 'Germany'
2025-10-01 04:32:09,931 - INFO - Created new company - ID: 21916, Name: 'GREEN ROPAX 2 GMBH & CO KG', Country: 'Germany'
2025-10-01 04:32:14,326 - INFO - Created new company - ID: 21917, Name: 'IDO SCHIFFAHRTSGESELLSCHAFT', Country: 'Germany'
2025-10-01 04:32:14,381 - INFO - Created new company - ID: 21918, Name: 'J KAHRS BEREEDERUNGS GMBH & CO', Country: 'Germany'
2025-10-01 04:32:18,727 - INFO - Created new company - ID: 21919, Name: 'VOHBURG KG', Country: 'Germany'
2025-10-01 04:32:23,084 - INFO - Created new company - ID: 21920, Name: 'DREAM SCHIFFAHRTSGESELLSCHAFT', Country: 'Germany'
2025-10-01 04:32:27,389 - INFO - Created new company - ID: 21921, Name: 'MIRROR SCHIFFAHRTSGESELLSCHAFT', Country: 'Germany'
2025-10-01 04:32:31,750 - INFO - Created new company - ID: 21922, Name: 'MARBURG JORG KOPPING DRITTE', Country: 'Germany'
2025-10-01 04:32:36,084 - INFO - Created new company - ID: 21923, Name: 'NAMU LP', Country: 'Greece'
2025-10-01 04:32:36,137 - INFO - Created new company - ID: 21924, Name: 'AFFAR MARINE LTD', Country: 'Greece'
2025-10-01 04:32:40,471 - INFO - Created new company - ID: 21925, Name: 'UAFL EXPRESS GMBH & CO KG', Country: 'Germany'
2025-10-01 04:32:44,816 - INFO - Created new company - ID: 21926, Name: 'UAFL DUBAI GMBH & CO KG', Country: 'Germany'
2025-10-01 04:32:49,165 - INFO - Created new company - ID: 21927, Name: 'UAFL RACER GMBH & CO KG', Country: 'Germany'
2025-10-01 04:32:53,493 - INFO - Created new company - ID: 21928, Name: 'OKEE SHIP FOURTEEN GMBH & CO', Country: 'Germany'
2025-10-01 04:32:57,853 - INFO - Created new company - ID: 21929, Name: 'KUFSTEIN CONDOR 242', Country: 'Germany'
2025-10-01 04:33:02,207 - INFO - Created new company - ID: 21930, Name: 'UAFL LIBERTY GMBH & CO KG', Country: 'Germany'
2025-10-01 04:33:06,577 - INFO - Created new company - ID: 21931, Name: 'EBERHARDT TANKERS', Country: 'Germany'
2025-10-01 04:33:10,971 - INFO - Created new company - ID: 21932, Name: 'PAUL E', Country: 'Germany'
2025-10-01 04:33:15,307 - INFO - Created new company - ID: 21933, Name: 'ATLANTIC WIND GMBH & CO KG', Country: 'Germany'
2025-10-01 04:33:19,709 - INFO - Created new company - ID: 21934, Name: 'ATLANTIC TWIN GMBH & CO KG', Country: 'Germany'
2025-10-01 04:33:24,019 - INFO - Created new company - ID: 21935, Name: 'ATLANTIC MATE', Country: 'Germany'
2025-10-01 04:33:28,811 - INFO - Created new company - ID: 21936, Name: 'HEINRICH', Country: 'Germany'
2025-10-01 04:33:33,156 - INFO - Created new company - ID: 21937, Name: 'TMS FRANK GMBH', Country: 'Germany'
2025-10-01 04:33:37,520 - INFO - Created new company - ID: 21938, Name: 'TMS ANTON E GMBH & CO KG', Country: 'Germany'
2025-10-01 04:33:41,858 - INFO - Created new company - ID: 21939, Name: 'SUEDERBUR BRIESE SCHIFFAHRTS', Country: 'Germany'
2025-10-01 04:33:46,189 - INFO - Created new company - ID: 21940, Name: 'AQUARIUS BRIESE SCHIFFAHRTS', Country: 'Germany'
2025-10-01 04:33:50,513 - INFO - Created new company - ID: 21941, Name: 'MOORWEG BRIESE SCHIFFAHRTS', Country: 'Germany'
2025-10-01 04:33:54,905 - INFO - Created new company - ID: 21942, Name: 'COMPASS SCHIFFFAHRTS', Country: 'Germany'
2025-10-01 04:33:59,302 - INFO - Created new company - ID: 21943, Name: 'HAMMRICH SMS SCHIFFAHRTS GMBH', Country: 'Germany'
2025-10-01 04:34:03,655 - INFO - Created new company - ID: 21944, Name: 'BORSUM SMS SCHIFFFAHRTS', Country: 'Germany'
2025-10-01 04:34:12,279 - INFO - Created new company - ID: 21945, Name: 'BBC BALTIC BULK CARRIERS GMBH', Country: 'Germany'
2025-10-01 04:34:21,006 - INFO - Created new company - ID: 21946, Name: 'ANITA HAGEDORN GMBH & CO KG', Country: 'Germany'
2025-10-01 04:34:25,378 - INFO - Created new company - ID: 21947, Name: 'SIMON B GMBH & CO KG', Country: 'Germany'
2025-10-01 04:34:29,703 - INFO - Created new company - ID: 21948, Name: 'ANTONIA B GMBH & CO KG', Country: 'Germany'
2025-10-01 04:34:34,056 - INFO - Created new company - ID: 21949, Name: 'ERNST HAGEDORNGMBH & CO KG', Country: 'Germany'
2025-10-01 04:34:38,391 - INFO - Created new company - ID: 21950, Name: 'CARIBBEAN EXPRESS I UG', Country: 'Germany'
2025-10-01 04:34:42,780 - INFO - Created new company - ID: 21951, Name: 'SEA EXPRESS II UG', Country: 'Germany'
2025-10-01 04:34:47,093 - INFO - Created new company - ID: 21952, Name: 'CAPE EXPRESS UG', Country: 'Germany'
2025-10-01 04:34:51,469 - INFO - Created new company - ID: 21953, Name: 'BAHAMAS EXPRESS UG', Country: 'Germany'
2025-10-01 04:35:08,763 - INFO - Created new company - ID: 21954, Name: 'ROVA SHIPPING GMBH & CO KG', Country: 'Germany'
2025-10-01 04:35:13,125 - INFO - Created new company - ID: 21955, Name: 'ANNA VON BREMEN BREMER LLOYD', Country: 'Germany'
2025-10-01 04:35:17,454 - INFO - Created new company - ID: 21956, Name: 'ADELE VON BREMEN BREMER LLOYD', Country: 'Germany'
2025-10-01 04:35:21,801 - INFO - Created new company - ID: 21957, Name: 'SOL EXPLORATION LTD', Country: 'Germany'
2025-10-01 04:35:26,188 - INFO - Created new company - ID: 21958, Name: 'MERKUR 74 SCHIFFFAHRTS', Country: 'Germany'
2025-10-01 04:35:30,531 - INFO - Created new company - ID: 21959, Name: 'INTERMARINE BULK CARRIERS GMBH', Country: 'Germany'
2025-10-01 04:35:34,871 - INFO - Created new company - ID: 21960, Name: 'HILKE HARREN & PARTNER', Country: 'Germany'
2025-10-01 04:35:39,182 - INFO - Created new company - ID: 21961, Name: 'AMOENITAS SAL SHIPPING UG', Country: 'Germany'
2025-10-01 04:35:43,525 - INFO - Created new company - ID: 21962, Name: 'VEGA PETRA SCHIFFFAHRTS', Country: 'None'
2025-10-01 04:35:47,824 - INFO - Created new company - ID: 21963, Name: 'VEGA CLARA SHIPPING CO LTD', Country: 'None'
2025-10-01 04:35:52,186 - INFO - Created new company - ID: 21964, Name: 'VEGA ELISA SHIPPING CO LTD', Country: 'None'
2025-10-01 04:35:56,541 - INFO - Created new company - ID: 21965, Name: 'F&L BORA UG', Country: 'Germany'
2025-10-01 04:36:00,867 - INFO - Created new company - ID: 21966, Name: 'FL LEVANTE GMBH & CO KG', Country: 'Germany'
2025-10-01 04:36:05,233 - INFO - Created new company - ID: 21967, Name: 'ALLEGRETTO GMBH & CO KG', Country: 'Germany'
2025-10-01 04:36:09,627 - INFO - Created new company - ID: 21968, Name: 'F&L MELTEMI UG', Country: 'Germany'
2025-10-01 04:36:13,970 - INFO - Created new company - ID: 21969, Name: 'TIWALA GMBH & CO KG', Country: 'Germany'
2025-10-01 04:36:18,354 - INFO - Created new company - ID: 21970, Name: 'HANSA TROMSOE MBH & CO KG', Country: 'Germany'
2025-10-01 04:36:22,702 - INFO - Created new company - ID: 21971, Name: 'HANSA SEALANCER SCHIFFAHRTS', Country: 'Germany'
2025-10-01 04:36:27,052 - INFO - Created new company - ID: 21972, Name: 'HANSA SEALIFTER SCHIFFAHRTS', Country: 'Germany'
2025-10-01 04:36:31,365 - INFO - Created new company - ID: 21973, Name: 'HANSA SEALEADER SCHIFFAHRTS', Country: 'Germany'
2025-10-01 04:36:35,699 - INFO - Created new company - ID: 21974, Name: 'MATHILDA SCHIFFAHRTS', Country: 'Germany'
2025-10-01 04:36:35,752 - INFO - Created new company - ID: 21975, Name: 'THEKLA SCHEPERS GMBH & CO KG', Country: 'Germany'
2025-10-01 04:36:40,107 - INFO - Created new company - ID: 21976, Name: 'KONSTANZE SCHIFFAHRTS UG', Country: 'Germany'
2025-10-01 04:36:44,464 - INFO - Created new company - ID: 21977, Name: 'AHS WINTERHUDE SCHIFFFAHRTS', Country: 'Germany'
2025-10-01 04:36:48,799 - INFO - Created new company - ID: 21978, Name: 'K-OCEAN MARITIME GMBH CO & KG', Country: 'Germany'
2025-10-01 04:36:53,135 - INFO - Created new company - ID: 21979, Name: 'K-STREAM MARITIME GMBH & CO KG', Country: 'Germany'
2025-10-01 04:36:57,516 - INFO - Created new company - ID: 21980, Name: 'K-PACIFIC MARITIME GMBH & CO', Country: 'Germany'
2025-10-01 04:37:01,871 - INFO - Created new company - ID: 21981, Name: 'CELINA KREY SCHIFFAHRTS', Country: 'Germany'
2025-10-01 04:37:06,284 - INFO - Created new company - ID: 21982, Name: 'BELANA KREY SCHIFFAHRTS GMBH', Country: 'Germany'
2025-10-01 04:37:10,643 - INFO - Created new company - ID: 21983, Name: 'GRAFIN JULIANE KREY SCHIFFAHRT', Country: 'Germany'
2025-10-01 04:37:14,999 - INFO - Created new company - ID: 21984, Name: 'GRAFIN THEDA KREY SCHIFFAHRTS', Country: 'Germany'
2025-10-01 04:37:36,674 - INFO - Created new company - ID: 21985, Name: 'HBS HAMBURG BUNKER-SERVICE', Country: 'Germany'
2025-10-01 04:37:53,704 - INFO - Created new company - ID: 21986, Name: 'CEMENT FERRY SCHIFFAHRTS', Country: 'Germany'
2025-10-01 04:37:58,025 - INFO - Created new company - ID: 21987, Name: 'CEMENT SUPPLIER SCHIFFAHRTS', Country: 'Germany'
2025-10-01 04:38:02,347 - INFO - Created new company - ID: 21988, Name: 'WCT GMBH & CO KG', Country: 'Germany'
2025-10-01 04:38:23,960 - INFO - Created new company - ID: 21989, Name: 'CS LUCY LTD', Country: 'Germany'
2025-10-01 04:38:28,292 - INFO - Created new company - ID: 21990, Name: 'NORDIC ELBE GMBH & CO KG', Country: 'Germany'
2025-10-01 04:38:32,674 - INFO - Created new company - ID: 21991, Name: 'SONJA FRIEDERICH SCHIFFFAHRTS', Country: 'Germany'
2025-10-01 04:38:49,996 - INFO - Created new company - ID: 21992, Name: 'QUEEN ZENOBIA MBH & CO KG', Country: 'Germany'
2025-10-01 04:38:54,367 - INFO - Created new company - ID: 21993, Name: 'CONDOR 247 NAGANO', Country: 'Germany'
2025-10-01 04:39:07,127 - INFO - Created new company - ID: 21994, Name: 'TRANSPORTES MARITIMOS ATLANTIC', Country: 'Panama'
2025-10-01 04:39:11,436 - INFO - Created new company - ID: 21995, Name: 'ATLANTIC SHIPPING MARITIME', Country: 'Germany'
2025-10-01 04:39:11,489 - INFO - Created new company - ID: 21996, Name: 'ROHDEN BEREEDERUNG GMBH', Country: 'Germany'
2025-10-01 04:39:16,461 - INFO - Created new company - ID: 21997, Name: 'UNI-CHARTERING A/S', Country: 'Denmark'
2025-10-01 04:39:26,268 - INFO - Created new company - ID: 21998, Name: 'WIELAND REEDEREI TAMKE', Country: 'Germany'
2025-10-01 04:39:30,974 - INFO - Created new company - ID: 21999, Name: 'WIKING REEDEREI TAMKE GMBH', Country: 'Germany'
2025-10-01 04:39:35,778 - INFO - Created new company - ID: 22000, Name: 'REEDEREI BALTIC SHIPPING UG', Country: 'Germany'
2025-10-01 04:39:49,500 - INFO - Created new company - ID: 22001, Name: 'OFFSHORE & MARINE LOGISTIC', Country: 'Ghana'
2025-10-01 04:39:54,220 - INFO - Created new company - ID: 22002, Name: 'ERGO GLORY SA', Country: 'Greece'
2025-10-01 04:39:59,134 - INFO - Created new company - ID: 22003, Name: 'AVERTO MARINE CORP', Country: 'Greece'
2025-10-01 04:40:03,851 - INFO - Created new company - ID: 22004, Name: 'DIDIMON MARINE CO LTD', Country: 'Greece'
2025-10-01 04:40:08,351 - INFO - Created new company - ID: 22005, Name: 'CAUPOLA SHIPPING LTD', Country: 'Greece'
2025-10-01 04:40:12,785 - INFO - Created new company - ID: 22006, Name: 'CREED SHIPPING SA', Country: 'Greece'
2025-10-01 04:40:17,467 - INFO - Created new company - ID: 22007, Name: 'LOBELIA SHIPPING LTD', Country: 'Greece'
2025-10-01 04:40:22,275 - INFO - Created new company - ID: 22008, Name: 'TRITON SUCCESS SA', Country: 'Greece'
2025-10-01 04:40:27,047 - INFO - Created new company - ID: 22009, Name: 'TRITON TRIUMPH SA', Country: 'Greece'
2025-10-01 04:40:31,374 - INFO - Created new company - ID: 22010, Name: 'KALLISTO MARINE LTD', Country: 'Greece'
2025-10-01 04:40:35,752 - INFO - Created new company - ID: 22011, Name: 'PYXIS MARE NAVIGATION SA', Country: 'Greece'
2025-10-01 04:40:40,168 - INFO - Created new company - ID: 22012, Name: 'BYZANTION MARINE CO LTD', Country: 'Greece'
2025-10-01 04:40:44,554 - INFO - Created new company - ID: 22013, Name: 'BOSPOROS MARINE CO LTD', Country: 'Greece'
2025-10-01 04:40:48,865 - INFO - Created new company - ID: 22014, Name: 'SEA BOWLD MARINE GROUP LDC', Country: 'Greece'
2025-10-01 04:40:53,241 - INFO - Created new company - ID: 22015, Name: 'HUIWEN TIANJIN SHIPPING', Country: 'Greece'
2025-10-01 04:40:57,670 - INFO - Created new company - ID: 22016, Name: 'OCEAN SHIPPING 2432 LTD', Country: 'Greece'
2025-10-01 04:41:02,023 - INFO - Created new company - ID: 22017, Name: 'WELISH BUSINESS CORP', Country: 'Greece'
2025-10-01 04:41:06,381 - INFO - Created new company - ID: 22018, Name: 'BURKE RESOURCES INC', Country: 'Greece'
2025-10-01 04:41:10,736 - INFO - Created new company - ID: 22019, Name: 'SHERIN TRADING LTD', Country: 'Greece'
2025-10-01 04:41:15,097 - INFO - Created new company - ID: 22020, Name: 'CLOVER SHIPPING CO', Country: 'Greece'
2025-10-01 04:41:15,152 - INFO - Created new company - ID: 22021, Name: 'ETERNAL CLOVER LTD', Country: 'Greece'
2025-10-01 04:41:19,454 - INFO - Created new company - ID: 22022, Name: 'SOCRATES CONTAINER CARRIER SA', Country: 'Marshall-islands'
2025-10-01 04:41:23,818 - INFO - Created new company - ID: 22023, Name: 'SYNERGY SHIPPING & TRADING-PAN', Country: 'Greece'
2025-10-01 04:41:28,227 - INFO - Created new company - ID: 22024, Name: 'ISOGAZ SHIPPING & TRADING', Country: 'Greece'
2025-10-01 04:41:32,622 - INFO - Created new company - ID: 22025, Name: 'UNIVERSAL SHIPPING & TRADING', Country: 'Greece'
2025-10-01 04:41:37,026 - INFO - Created new company - ID: 22026, Name: 'MEDIGAS SHIPPING & TRADING CO', Country: 'Greece'
2025-10-01 04:41:41,431 - INFO - Created new company - ID: 22027, Name: 'LPG TRANSPORTATION CO SA', Country: 'Greece'
2025-10-01 04:41:45,791 - INFO - Created new company - ID: 22028, Name: 'NEW SHIPPING & TRADING CO SA', Country: 'Greece'
2025-10-01 04:41:50,171 - INFO - Created new company - ID: 22029, Name: 'LPG NEW SHIP CO SA', Country: 'Greece'
2025-10-01 04:41:54,566 - INFO - Created new company - ID: 22030, Name: 'WORLD GAZ DERIVATE TRANS', Country: 'Greece'
2025-10-01 04:41:58,998 - INFO - Created new company - ID: 22031, Name: 'LIQUID PETROLEUM GAZ SHIPPING', Country: 'Greece'
2025-10-01 04:42:03,358 - INFO - Created new company - ID: 22032, Name: 'LPG & DERIVATE SHIPPING CO SA', Country: 'Greece'
2025-10-01 04:42:07,726 - INFO - Created new company - ID: 22033, Name: 'HIGHGAZ SHIPPING & TRADING', Country: 'Greece'
2025-10-01 04:42:12,119 - INFO - Created new company - ID: 22034, Name: 'MASTERGAZ SHIPPING & TRADING', Country: 'Greece'
2025-10-01 04:42:16,552 - INFO - Created new company - ID: 22035, Name: 'HORIZON LPG SHIPPING SA', Country: 'Greece'
2025-10-01 04:42:20,982 - INFO - Created new company - ID: 22036, Name: 'ALL GAZ TRANSPORTATION SA', Country: 'Greece'
2025-10-01 04:42:25,353 - INFO - Created new company - ID: 22037, Name: 'KAVOURI SHIPPING & TRADING CO', Country: 'Greece'
2025-10-01 04:42:29,762 - INFO - Created new company - ID: 22038, Name: 'TRANSWORLD GAZ SHIPPING SA', Country: 'Greece'
2025-10-01 04:42:34,215 - INFO - Created new company - ID: 22039, Name: 'DIONE MARITIME INC', Country: 'Greece'
2025-10-01 04:42:38,648 - INFO - Created new company - ID: 22040, Name: 'RADIANT SHIPPING CO', Country: 'Greece'
2025-10-01 04:42:43,006 - INFO - Created new company - ID: 22041, Name: 'VALIANT SHIPPING CO LTD-MAI', Country: 'Greece'
2025-10-01 04:42:47,409 - INFO - Created new company - ID: 22042, Name: 'OLIA SHIPPING INC', Country: 'Greece'
2025-10-01 04:42:51,760 - INFO - Created new company - ID: 22043, Name: 'APOLLO SHIPOWNING INC', Country: 'Greece'
2025-10-01 04:42:56,156 - INFO - Created new company - ID: 22044, Name: 'MEADOW MARINE INC', Country: 'Greece'
2025-10-01 04:43:00,537 - INFO - Created new company - ID: 22045, Name: 'HERMES SHIPOWNING INC', Country: 'Greece'
2025-10-01 04:43:04,901 - INFO - Created new company - ID: 22046, Name: 'ARTEMIS SHIPOWNING INC', Country: 'Greece'
2025-10-01 04:43:09,249 - INFO - Created new company - ID: 22047, Name: 'APHRODITE SHIPOWNING INC', Country: 'Greece'
2025-10-01 04:43:13,639 - INFO - Created new company - ID: 22048, Name: 'PAGLIA MARITIME INC', Country: 'Greece'
2025-10-01 04:43:17,999 - INFO - Created new company - ID: 22049, Name: 'PERIGEE SHIPHOLDINGS SA', Country: 'Greece'
2025-10-01 04:43:22,406 - INFO - Created new company - ID: 22050, Name: 'RUBICON MARITIME LTD', Country: 'Greece'
2025-10-01 04:43:26,749 - INFO - Created new company - ID: 22051, Name: 'SAVENA SHIPPING LTD', Country: 'None'
2025-10-01 04:43:33,322 - INFO - Created new company - ID: 22052, Name: 'PST ENERGY 8 SHIPPING LLC', Country: 'Greece'
2025-10-01 04:43:37,667 - INFO - Created new company - ID: 22053, Name: 'HIGH SEAS SHIPPING LLC', Country: 'Greece'
2025-10-01 04:43:42,043 - INFO - Created new company - ID: 22054, Name: 'PST ENERGY 7 SHIPPING LLC', Country: 'Greece'
2025-10-01 04:43:46,393 - INFO - Created new company - ID: 22055, Name: 'GALATEA SHIPPING CORP-MAI', Country: 'Greece'
2025-10-01 04:43:50,753 - INFO - Created new company - ID: 22056, Name: 'EXPRESS SHIPPING LLC', Country: 'Greece'
2025-10-01 04:43:55,133 - INFO - Created new company - ID: 22057, Name: 'ISTION VENTURES CORP', Country: 'Greece'
2025-10-01 04:43:59,555 - INFO - Created new company - ID: 22058, Name: 'DAYTON MARITIME CORP', Country: 'Greece'
2025-10-01 04:44:03,957 - INFO - Created new company - ID: 22059, Name: 'KALLISHIP CO LTD', Country: 'Greece'
2025-10-01 04:44:08,360 - INFO - Created new company - ID: 22060, Name: 'PANSHIP LTD', Country: 'Greece'
2025-10-01 04:44:12,753 - INFO - Created new company - ID: 22061, Name: 'CAPTAINVLSHIP CO LTD', Country: 'Greece'
2025-10-01 04:44:17,156 - INFO - Created new company - ID: 22062, Name: 'PROSPERSHIP LTD', Country: 'Greece'
2025-10-01 04:44:21,566 - INFO - Created new company - ID: 22063, Name: 'PINKSHIP LTD', Country: 'Greece'
2025-10-01 04:44:25,941 - INFO - Created new company - ID: 22064, Name: 'CAPELLA SHIPHOLDING INC', Country: 'Greece'
2025-10-01 04:44:30,354 - INFO - Created new company - ID: 22065, Name: 'ZORA MARINE CO LTD', Country: 'Greece'
2025-10-01 04:44:34,724 - INFO - Created new company - ID: 22066, Name: 'GREENSHIP LTD', Country: 'Greece'
2025-10-01 04:44:39,100 - INFO - Created new company - ID: 22067, Name: 'REDSHIP LTD', Country: 'Greece'
2025-10-01 04:44:43,494 - INFO - Created new company - ID: 22068, Name: 'MARCO SHIPPING COMPANY SA', Country: 'Panama'
2025-10-01 04:44:47,873 - INFO - Created new company - ID: 22069, Name: 'PHONIC SHIPPING CO', Country: 'Liberia'
2025-10-01 04:44:52,256 - INFO - Created new company - ID: 22070, Name: 'SEA BLUE NAVIGATION CO', Country: 'Marshall-islands'
2025-10-01 04:44:56,689 - INFO - Created new company - ID: 22071, Name: 'SEAFORTH MARINE NAVIGATION CO', Country: 'Liberia'
2025-10-01 04:45:01,143 - INFO - Created new company - ID: 22072, Name: 'SILA SHIPPING SA', Country: 'Marshall-islands'
2025-10-01 04:45:05,495 - INFO - Created new company - ID: 22073, Name: 'SOFOKLIS MARITIME SA', Country: 'Honduras'
2025-10-01 04:45:09,914 - INFO - Created new company - ID: 22074, Name: 'SUN RISE SHIPPING CO SA', Country: 'Belize'
2025-10-01 04:45:14,322 - INFO - Created new company - ID: 22075, Name: 'AILLAR SHIPPING SA', Country: 'Greece'
2025-10-01 04:45:18,671 - INFO - Created new company - ID: 22076, Name: 'EVINA SHIPPING SA', Country: 'Greece'
2025-10-01 04:45:23,036 - INFO - Created new company - ID: 22077, Name: 'KATERINA COMPANY SA', Country: 'Marshall-islands'
2025-10-01 04:45:27,423 - INFO - Created new company - ID: 22078, Name: 'LITEL SHIPPING SA', Country: 'Greece'
2025-10-01 04:45:31,786 - INFO - Created new company - ID: 22079, Name: 'DIMINE SHIPPING SA', Country: 'Greece'
2025-10-01 04:45:36,167 - INFO - Created new company - ID: 22080, Name: 'ZANDAVI SHIPPING SA', Country: 'Greece'
2025-10-01 04:45:40,535 - INFO - Created new company - ID: 22081, Name: 'ANASTASIA COMPANY SA', Country: 'Greece'
2025-10-01 04:45:44,969 - INFO - Created new company - ID: 22082, Name: 'MARY SHIPPING SA', Country: 'Greece'
2025-10-01 04:45:49,339 - INFO - Created new company - ID: 22083, Name: 'ALIKI MARITIME INC', Country: 'Greece'
2025-10-01 04:45:53,743 - INFO - Created new company - ID: 22084, Name: 'EDOTHEA SHIPPING SA', Country: 'Greece'
2025-10-01 04:45:58,144 - INFO - Created new company - ID: 22085, Name: 'TRINCO MARITIME INC', Country: 'Greece'
2025-10-01 04:46:02,515 - INFO - Created new company - ID: 22086, Name: 'PEGASUS MARITIME INC', Country: 'Greece'
2025-10-01 04:46:06,889 - INFO - Created new company - ID: 22087, Name: 'DANAE MARITIME INC', Country: 'Greece'
2025-10-01 04:46:11,325 - INFO - Created new company - ID: 22088, Name: 'ELECTRA MARITIME INC', Country: 'Greece'
2025-10-01 04:46:15,726 - INFO - Created new company - ID: 22089, Name: 'ALICIA SHIPPING INC', Country: 'Greece'
2025-10-01 04:46:20,167 - INFO - Created new company - ID: 22090, Name: 'LUNE SHIPPING INC', Country: 'Greece'
2025-10-01 04:46:24,549 - INFO - Created new company - ID: 22091, Name: 'ALMAR SHIPPING INC', Country: 'Greece'
2025-10-01 04:46:28,953 - INFO - Created new company - ID: 22092, Name: 'ALEXANDRIA NAVIGATION INC', Country: 'Greece'
2025-10-01 04:46:33,345 - INFO - Created new company - ID: 22093, Name: 'CORINNA MARITIME INC', Country: 'Greece'
2025-10-01 04:46:37,740 - INFO - Created new company - ID: 22094, Name: 'AKTI MARITIME INC', Country: 'Greece'
2025-10-01 04:46:42,140 - INFO - Created new company - ID: 22095, Name: 'GEORGE SHIPPING INC', Country: 'Greece'
2025-10-01 04:46:46,496 - INFO - Created new company - ID: 22096, Name: 'WAVE ENTERPRISES SA', Country: 'None'
2025-10-01 04:46:50,875 - INFO - Created new company - ID: 22097, Name: 'GIANT NAVIGATION CORP SA', Country: 'Greece'
2025-10-01 04:46:55,311 - INFO - Created new company - ID: 22098, Name: 'ORCHID NAVIGATION SERVICES SA', Country: 'Greece'
2025-10-01 04:46:59,711 - INFO - Created new company - ID: 22099, Name: 'COLON NAVIGATION SA-LIB', Country: 'Greece'
2025-10-01 04:47:04,102 - INFO - Created new company - ID: 22100, Name: 'MEGALOCHARI XII TOWAGE', Country: 'Greece'
2025-10-01 04:47:08,524 - INFO - Created new company - ID: 22101, Name: 'OSV MARITIME INC', Country: 'Greece'
2025-10-01 04:47:12,981 - INFO - Created new company - ID: 22102, Name: 'HORUS SHIPPING CO LTD-MAI', Country: 'Greece'
2025-10-01 04:47:17,387 - INFO - Created new company - ID: 22103, Name: 'TITHIS SHIPPING CORP', Country: 'Greece'
2025-10-01 04:47:21,802 - INFO - Created new company - ID: 22104, Name: 'IRIS SHIPPING & TRADING CORP', Country: 'Greece'
2025-10-01 04:47:26,171 - INFO - Created new company - ID: 22105, Name: 'ATLANTIS INTERNATIONAL SHPG SA', Country: 'Greece'
2025-10-01 04:47:30,561 - INFO - Created new company - ID: 22106, Name: 'BOSPHORUS ASIA SHIPPING-LIB', Country: 'Greece'
2025-10-01 04:47:34,959 - INFO - Created new company - ID: 22107, Name: 'GOLE SHIPPING INC', Country: 'Greece'
2025-10-01 04:47:39,379 - INFO - Created new company - ID: 22108, Name: 'CORSAT SHIPPING CO LTD', Country: 'Greece'
2025-10-01 04:47:43,802 - INFO - Created new company - ID: 22109, Name: 'FORMILE MARITIME LTD', Country: 'Greece'
2025-10-01 04:47:48,215 - INFO - Created new company - ID: 22110, Name: 'POLLONIA MARINE LTD', Country: 'Greece'
2025-10-01 04:47:52,621 - INFO - Created new company - ID: 22111, Name: 'ZAKANTA NAVIGATION SA', Country: 'Greece'
2025-10-01 04:47:57,063 - INFO - Created new company - ID: 22112, Name: 'EUDAIMONIA MARITIME SA', Country: 'Serbia'
2025-10-01 04:48:01,474 - INFO - Created new company - ID: 22113, Name: 'ORAMA NAVIGATION SA', Country: 'Greece'
2025-10-01 04:48:05,919 - INFO - Created new company - ID: 22114, Name: 'IL BUONO INTERNATIONAL FZE', Country: 'Greece'
2025-10-01 04:48:10,327 - INFO - Created new company - ID: 22115, Name: 'NYSA MARITIME INC', Country: 'Greece'
2025-10-01 04:48:19,021 - INFO - Created new company - ID: 22116, Name: 'SEAGATE MARITIME SA', Country: 'Greece'
2025-10-01 04:48:36,524 - INFO - Created new company - ID: 22117, Name: 'JY OCEAN CORP', Country: 'Greece'
2025-10-01 04:48:40,938 - INFO - Created new company - ID: 22118, Name: 'EASTERN SHIPPING INC', Country: 'Seychelles'
2025-10-01 04:48:49,726 - INFO - Created new company - ID: 22119, Name: 'G3B INDUSTRIES', Country: 'Guadeloupe'
2025-10-01 04:48:54,131 - INFO - Created new company - ID: 22120, Name: 'B8X INDUSTRIES SAS', Country: 'Guadeloupe'
2025-10-01 04:48:58,518 - INFO - Created new company - ID: 22121, Name: 'JEANS SAS', Country: 'Guadeloupe'
2025-10-01 04:49:24,683 - INFO - Created new company - ID: 22122, Name: 'JIANGXI JIAHE SHIPPING CO LTD', Country: 'China'
2025-10-01 04:49:29,061 - INFO - Created new company - ID: 22123, Name: 'LIANYUNGANG CHANGYU SHIPPING', Country: 'Hong-kong'
2025-10-01 04:52:17,167 - INFO - Created new company - ID: 22124, Name: 'BLUE SEA CORP', Country: 'Japan'
2025-10-01 04:52:21,540 - INFO - Created new company - ID: 22125, Name: 'ZHENGXIN SHIPPING INTL', Country: 'Hong-kong'
2025-10-01 04:52:25,945 - INFO - Created new company - ID: 22126, Name: 'YONGXIANG INTERNATIONAL SHPG', Country: 'Hong-kong'
2025-10-01 04:52:34,767 - INFO - Created new company - ID: 22127, Name: 'VENETIA ENTERPRISE LTD', Country: 'Hong-kong'
2025-10-01 04:52:39,211 - INFO - Created new company - ID: 22128, Name: 'HL AMBITION LTD', Country: 'Hong-kong'
2025-10-01 04:52:43,657 - INFO - Created new company - ID: 22129, Name: 'YU YUAN SHIPPING CO LTD', Country: 'Hong-kong'
2025-10-01 04:52:48,127 - INFO - Created new company - ID: 22130, Name: 'NAVI JENNY SHIPPING CO LTD', Country: 'Hong-kong'
2025-10-01 04:52:52,571 - INFO - Created new company - ID: 22131, Name: 'GRAND SAILING SHIPPING CO LTD', Country: 'Hong-kong'
2025-10-01 04:52:56,991 - INFO - Created new company - ID: 22132, Name: 'WISE SAILING SHIPPING CO LTD', Country: 'Hong-kong'
2025-10-01 04:53:01,386 - INFO - Created new company - ID: 22133, Name: 'NOZOMI SHIPPING CO LTD', Country: 'Hong-kong'
2025-10-01 04:53:05,814 - INFO - Created new company - ID: 22134, Name: 'FORTUNE SAILING SHIPPING CO', Country: 'Hong-kong'
2025-10-01 04:53:10,211 - INFO - Created new company - ID: 22135, Name: 'RICH SAILING SHIPPING CO LTD', Country: 'Hong-kong'
2025-10-01 04:53:14,675 - INFO - Created new company - ID: 22136, Name: 'DALIAN CHENBO SHPG/JIA XF', Country: 'China'
2025-10-01 04:53:19,063 - INFO - Created new company - ID: 22137, Name: 'DE CINDA INTERNATIONAL SHPG', Country: 'Hong-kong'
2025-10-01 04:53:23,452 - INFO - Created new company - ID: 22138, Name: 'FOSHAN LINGDU SHIPPING CO LTD', Country: 'China'
2025-10-01 04:53:27,878 - INFO - Created new company - ID: 22139, Name: 'FULONG SHIPPING CO LTD', Country: 'China'
2025-10-01 04:53:32,261 - INFO - Created new company - ID: 22140, Name: 'FU XING SHIPPING HK CO LTD', Country: 'Hong-kong'
2025-10-01 04:53:37,578 - INFO - Created new company - ID: 22141, Name: 'ENRICH SINO INTERNATIONAL LTD', Country: 'Hong-kong'
2025-10-01 04:53:46,366 - INFO - Created new company - ID: 22142, Name: 'HILL POWER DEVELOPMENT LTD', Country: 'Hong-kong'
2025-10-01 04:53:50,789 - INFO - Created new company - ID: 22143, Name: 'FULI SHIPPING LTD', Country: 'Hong-kong'
2025-10-01 04:53:55,199 - INFO - Created new company - ID: 22144, Name: 'KANTI LINES INC', Country: 'Marshall-islands'
2025-10-01 04:53:59,616 - INFO - Created new company - ID: 22145, Name: 'WESER SHIPPING INC', Country: 'Marshall-islands'
2025-10-01 04:54:13,390 - INFO - Created new company - ID: 22146, Name: 'SUNRISE MARINE SERVICES', Country: 'India'
2025-10-01 04:54:17,781 - INFO - Created new company - ID: 22147, Name: 'GOLDEN PEACE INFRASTRUCTURE', Country: 'India'
2025-10-01 04:54:22,192 - INFO - Created new company - ID: 22148, Name: 'BHANUSHALI DG', Country: 'India'
2025-10-01 04:54:26,577 - INFO - Created new company - ID: 22149, Name: 'CREATIVE MARITIME SERVICES LLP', Country: 'India'
2025-10-01 04:54:30,993 - INFO - Created new company - ID: 22150, Name: 'MARIA OFFSHORE INTERNATIONAL', Country: 'India'
2025-10-01 04:54:35,404 - INFO - Created new company - ID: 22151, Name: 'OSPREY SHIPPING DMCC', Country: 'India'
2025-10-01 04:54:39,552 - INFO - Created new company - ID: 22152, Name: 'TRESTA TRADING LTD', Country: 'India'
2025-10-01 04:54:43,925 - INFO - Created new company - ID: 22153, Name: 'JUMBO OFFSHORE ENTERPRISE', Country: 'India'
2025-10-01 04:54:52,755 - INFO - Created new company - ID: 22154, Name: 'OCEANIC SOLUTION LTD', Country: 'United-arab-emirates'
2025-10-01 04:55:01,500 - INFO - Created new company - ID: 22155, Name: 'SHREE KRISHNA QUARRY PVT LTD', Country: 'India'
2025-10-01 04:55:18,825 - INFO - Created new company - ID: 22156, Name: 'ASK TANKER INDIA PVT LTD', Country: 'India'
2025-10-01 04:55:23,065 - INFO - Created new company - ID: 22157, Name: 'INFRASTRUCTURE LOGISTICS PVT', Country: 'None'
2025-10-01 04:55:58,006 - INFO - Created new company - ID: 22158, Name: 'ADCI OFFSHORE PVT LTD', Country: 'India'
2025-10-01 04:56:11,212 - INFO - Created new company - ID: 22159, Name: 'AURIS SS LTD', Country: 'India'
2025-10-01 04:56:20,029 - INFO - Created new company - ID: 22160, Name: 'ZENITH CORPORATION - FZCO', Country: 'India'
2025-10-01 04:56:50,918 - INFO - Created new company - ID: 22161, Name: 'TRADEWIND SHIPPING LINE LTD', Country: 'Marshall-islands'
2025-10-01 04:56:55,353 - INFO - Created new company - ID: 22162, Name: 'AL SAFA SHIPPING LTD', Country: 'United-arab-emirates'
2025-10-01 04:56:55,416 - INFO - Created new company - ID: 22163, Name: 'OMNIYA MARINE FZE', Country: 'United-arab-emirates'
2025-10-01 04:57:14,178 - INFO - Created new company - ID: 22164, Name: 'OCEAN INC', Country: 'India'
2025-10-01 04:57:18,635 - INFO - Created new company - ID: 22165, Name: 'OCEANIC FUEL & PETROLEUM LTD', Country: 'Saint-kitts-and-nevis'
2025-10-01 04:57:23,045 - INFO - Created new company - ID: 22166, Name: 'ZHAO YAO SHIPPING LTD', Country: 'United-arab-emirates'
2025-10-01 04:57:27,478 - INFO - Created new company - ID: 22167, Name: 'ANABUKI WORKS/FUTURUM PARTNERS', Country: 'Hong-kong'
2025-10-01 04:57:31,943 - INFO - Created new company - ID: 22168, Name: 'LUISA SCHIFFAHRTS GMBH & CO KG', Country: 'Germany'
2025-10-01 04:57:36,380 - INFO - Created new company - ID: 22169, Name: 'RED SEA INC', Country: 'India'
2025-10-01 04:57:40,775 - INFO - Created new company - ID: 22170, Name: 'WSI GULF PEARL INC', Country: 'India'
2025-10-01 05:01:03,544 - INFO - Created new company - ID: 22171, Name: 'SEAN HARRINGTON', Country: 'Ireland'
2025-10-01 05:01:21,177 - INFO - Created new company - ID: 22172, Name: 'MARINE INSTITUTE', Country: 'Ireland'
2025-10-01 05:01:21,230 - INFO - Created new company - ID: 22173, Name: 'IRELAND GOVT COMMS/MARINE/NAT', Country: 'Ireland'
2025-10-01 05:01:30,097 - INFO - Created new company - ID: 22174, Name: 'CREST YACHTS- ARADOS', Country: 'Isle-of-man'
2025-10-01 05:01:30,151 - INFO - Created new company - ID: 22175, Name: 'QUADRANT MANAGEMENT LTD', Country: 'None'
2025-10-01 05:01:43,374 - INFO - Created new company - ID: 22176, Name: 'MADDALENA LINES SRL', Country: 'Italy'
2025-10-01 05:02:58,686 - INFO - Created new company - ID: 22177, Name: 'LIBERA DEL GOLFO SPA', Country: 'None'
2025-10-01 05:03:38,433 - INFO - Created new company - ID: 22178, Name: 'CARTOUR SRL', Country: 'Italy'
2025-10-01 05:04:27,109 - INFO - Created new company - ID: 22179, Name: 'AUDACE DI NAVIGAZIONE SRL', Country: 'Italy'
2025-10-01 05:04:31,532 - INFO - Created new company - ID: 22180, Name: 'COMPAGNIA ATLANTICA', Country: 'Italy'
2025-10-01 05:04:36,000 - INFO - Created new company - ID: 22181, Name: 'TEEKAY TANKERS CHARTERING', Country: 'Singapore'
2025-10-01 05:06:44,266 - INFO - Created new company - ID: 22182, Name: 'EL YOUSSEF M', Country: 'Lebanon'
2025-10-01 05:06:48,704 - INFO - Created new company - ID: 22183, Name: 'UNITY SHIPPING CO SA', Country: 'Lebanon'
2025-10-01 05:06:53,138 - INFO - Created new company - ID: 22184, Name: 'SEAWISE SHIPPING SARL', Country: 'Lebanon'
2025-10-01 05:06:57,631 - INFO - Created new company - ID: 22185, Name: 'HOSNI AMMOUN Y', Country: 'Lebanon'
2025-10-01 05:07:02,045 - INFO - Created new company - ID: 22186, Name: 'NAJJAR MARITIME SA', Country: 'Türkiye'
2025-10-01 05:07:06,516 - INFO - Created new company - ID: 22187, Name: 'NEPTUNE MARITIME & TRADING-LIB', Country: 'Liberia'
2025-10-01 05:07:11,024 - INFO - Created new company - ID: 22188, Name: 'POSEIDON MARITIME & TRADING SA', Country: 'Türkiye'
2025-10-01 05:07:15,521 - INFO - Created new company - ID: 22189, Name: 'LIVAN MARITIME SA', Country: 'Türkiye'
2025-10-01 05:07:24,305 - INFO - Created new company - ID: 22190, Name: 'DREDGING & CONTRACTING', Country: 'Netherlands'
2025-10-01 05:07:42,059 - INFO - Created new company - ID: 22191, Name: 'COPA SA', Country: 'Luxembourg'
2025-10-01 05:07:46,547 - INFO - Created new company - ID: 22192, Name: 'ILBERT BIZ CORP', Country: 'Greece'
2025-10-01 05:07:50,953 - INFO - Created new company - ID: 22193, Name: 'HIROKI SHIPPING LTD', Country: 'Greece'
2025-10-01 05:07:55,433 - INFO - Created new company - ID: 22194, Name: 'HETICA OVERSEAS LTD', Country: 'Vietnam'
2025-10-01 05:09:02,755 - INFO - Created new company - ID: 22195, Name: 'ASINERAN LTD', Country: 'Vietnam'
2025-10-01 05:09:33,603 - INFO - Created new company - ID: 22196, Name: 'BAABOUD FAM', Country: 'Saudi-arabia'
2025-10-01 05:09:38,053 - INFO - Created new company - ID: 22197, Name: 'BAABOUD SAM', Country: 'Saudi-arabia'
2025-10-01 05:09:51,451 - INFO - Created new company - ID: 22198, Name: 'SILKY DAWN LTD', Country: 'United-arab-emirates'
2025-10-01 05:10:04,680 - INFO - Created new company - ID: 22199, Name: 'GLORION SA', Country: 'Panama'
2025-10-01 05:10:09,152 - INFO - Created new company - ID: 22200, Name: 'PELAGIA COMPANY SA', Country: 'Panama'
2025-10-01 05:10:09,211 - INFO - Created new company - ID: 22201, Name: 'KIRGAN HOLDING SA', Country: 'Panama'
2025-10-01 05:10:13,633 - INFO - Created new company - ID: 22202, Name: 'PRISTINE OFFSHORE PTE LTD', Country: 'Singapore'
2025-10-01 05:10:26,982 - INFO - Created new company - ID: 22203, Name: 'LAUREL SHIPPING LTD-CAY', Country: 'Singapore'
2025-10-01 05:10:31,427 - INFO - Created new company - ID: 22204, Name: 'NEVADA SPIRIT CO LTD', Country: 'Singapore'
2025-10-01 05:10:35,877 - INFO - Created new company - ID: 22205, Name: 'DONGYOUNG SHIPPING CO LTD', Country: 'Singapore'
2025-10-01 05:10:40,384 - INFO - Created new company - ID: 22206, Name: 'JSN SHIPPING CO LTD', Country: 'South-korea'
2025-10-01 05:11:51,673 - INFO - Created new company - ID: 22207, Name: 'LEEHA SHIPPING CO LTD', Country: 'South-korea'
2025-10-01 05:11:56,895 - INFO - Created new company - ID: 22208, Name: 'ARIAKE SHIPPING SA', Country: 'South-korea'
2025-10-01 05:12:01,464 - INFO - Created new company - ID: 22209, Name: 'DAEHAN CEMENT CO LTD', Country: 'South-korea'
2025-10-01 05:12:46,260 - INFO - Created new company - ID: 22210, Name: 'JONATHAN SHIPPING INC', Country: 'South-korea'
2025-10-01 05:12:46,314 - INFO - Created new company - ID: 22211, Name: 'EASTERN STAR SHIPPING CO LTD', Country: 'South-korea'
2025-10-01 05:12:50,768 - INFO - Created new company - ID: 22212, Name: 'SEALAND TRADING', Country: 'South-korea'
2025-10-01 05:12:55,263 - INFO - Created new company - ID: 22213, Name: 'JONATHAN STAR SHIPPING INC', Country: 'South-korea'
2025-10-01 05:12:59,796 - INFO - Created new company - ID: 22214, Name: 'EURO STAR SHIPPING', Country: 'South-korea'
2025-10-01 05:13:04,271 - INFO - Created new company - ID: 22215, Name: 'C&C MARITIME CO LTD', Country: 'South-korea'
2025-10-01 05:13:08,758 - INFO - Created new company - ID: 22216, Name: 'GREEN IB SA', Country: 'South-korea'
2025-10-01 05:13:08,811 - INFO - Created new company - ID: 22217, Name: 'SENA SHIPPING CO LTD', Country: 'South-korea'
2025-10-01 05:14:06,368 - INFO - Created new company - ID: 22218, Name: 'WESERTAL SCHIFFAHRTS UG', Country: 'Germany'
2025-10-01 05:14:10,861 - INFO - Created new company - ID: 22219, Name: 'JOHANN', Country: 'Germany'
2025-10-01 05:14:15,360 - INFO - Created new company - ID: 22220, Name: 'HEINZ HS SCHIFFAHRTS UG', Country: 'None'
2025-10-01 05:14:19,858 - INFO - Created new company - ID: 22221, Name: 'FORNOW GLOBAL LP', Country: 'Spain'
2025-10-01 05:14:24,341 - INFO - Created new company - ID: 22222, Name: 'SALLERON LP', Country: 'Spain'
2025-10-01 05:14:37,447 - INFO - Created new company - ID: 22223, Name: 'PANAMA NAVAL SERVICES', Country: 'Panama'
2025-10-01 05:14:50,878 - INFO - Created new company - ID: 22224, Name: 'RAMONA STAR SHIPPING LINES INC', Country: 'Panama'
2025-10-01 05:14:55,415 - INFO - Created new company - ID: 22225, Name: 'AMIRA SHIPPING LINES INC', Country: 'United-arab-emirates'
2025-10-01 05:14:59,892 - INFO - Created new company - ID: 22226, Name: 'ASPHALT MARIS SHIPPING LINES', Country: 'None'
2025-10-01 05:15:04,421 - INFO - Created new company - ID: 22227, Name: 'DIGNITY SHIPPING LINES INC', Country: 'Singapore'
2025-10-01 05:15:08,898 - INFO - Created new company - ID: 22228, Name: 'ROYAL PRINCESS SHIPPING INC', Country: 'United-arab-emirates'
2025-10-01 05:15:13,397 - INFO - Created new company - ID: 22229, Name: 'SERENITY SHIPPING LINES INC', Country: 'Panama'
2025-10-01 05:28:55,442 - INFO - Created new company - ID: 22230, Name: 'ALB LTD', Country: 'United-kingdom'
2025-10-01 05:28:59,943 - INFO - Created new company - ID: 22231, Name: 'HOWDEN INTERNATIONAL LTD', Country: 'Switzerland'
2025-10-01 05:29:04,567 - INFO - Created new company - ID: 22232, Name: 'BIG BLUE EXPEDITIONS LTD', Country: 'Switzerland'
2025-10-01 05:29:09,063 - INFO - Created new company - ID: 22233, Name: 'HARBOR VENTURES LTD', Country: 'Switzerland'
2025-10-01 05:29:13,621 - INFO - Created new company - ID: 22234, Name: 'TWIZZLE YACHTING LTD', Country: 'Switzerland'
2025-10-01 05:29:18,331 - INFO - Created new company - ID: 22235, Name: 'FOUNTAINHEAD MARINE LTD', Country: 'Switzerland'
2025-10-01 05:29:22,863 - INFO - Created new company - ID: 22236, Name: 'RHIZOME, DELEUZE & GUATTARI', Country: 'Switzerland'
2025-10-01 05:29:27,168 - INFO - Created new company - ID: 22237, Name: 'OCEAN GLORY YACHTING II LTD', Country: 'Switzerland'
2025-10-01 05:29:31,698 - INFO - Created new company - ID: 22238, Name: 'DOPPENDORF MARINE LTD', Country: 'Switzerland'
2025-10-01 05:29:36,282 - INFO - Created new company - ID: 22239, Name: 'YAS HOLDING', Country: 'Switzerland'
2025-10-01 05:29:40,817 - INFO - Created new company - ID: 22240, Name: 'ELBOI INTERNATIONAL LTD', Country: 'Switzerland'
2025-10-01 05:29:45,210 - INFO - Created new company - ID: 22241, Name: 'AI ODESSA IOM LTD', Country: 'Switzerland'
2025-10-01 05:29:49,513 - INFO - Created new company - ID: 22242, Name: 'REVTOM LTD', Country: 'Switzerland'
2025-10-01 05:29:53,829 - INFO - Created new company - ID: 22243, Name: 'AI ODESSA MI LTD', Country: 'France'
2025-10-01 05:29:58,318 - INFO - Created new company - ID: 22244, Name: '4 SHORE BVI LTD', Country: 'Switzerland'
2025-10-01 05:30:02,824 - INFO - Created new company - ID: 22245, Name: 'OMICRON CUBED LTD', Country: 'None'
2025-10-01 05:30:07,335 - INFO - Created new company - ID: 22246, Name: 'BLUE JADE INVESTMENT LTD', Country: 'Switzerland'
2025-10-01 05:30:11,882 - INFO - Created new company - ID: 22247, Name: 'NETANYA VIII HOLDINGS', Country: 'United-states'
2025-10-01 05:30:16,437 - INFO - Created new company - ID: 22248, Name: 'TUVIA ENTERPRISES SA', Country: 'Switzerland'
2025-10-01 05:30:25,466 - INFO - Created new company - ID: 22249, Name: 'DERYOUNG MARITIME CO LTD', Country: 'Taiwan'
2025-10-01 05:30:48,004 - INFO - Created new company - ID: 22250, Name: 'WISE STAR GLOBAL LTD', Country: 'Taiwan'
2025-10-01 05:30:52,495 - INFO - Created new company - ID: 22251, Name: 'THORESEN SHIPPING THAILAND', Country: 'Thailand'
2025-10-01 05:31:58,241 - INFO - Created new company - ID: 22252, Name: 'BAY CRUISE INVESTMENTS INC', Country: 'The-bahamas'
2025-10-01 05:32:02,743 - INFO - Created new company - ID: 22253, Name: 'SATIRA SHIPPING CO LTD', Country: 'The-bahamas'
2025-10-01 05:32:07,229 - INFO - Created new company - ID: 22254, Name: 'SARAFINA SHIPPING CO LTD', Country: 'The-bahamas'
2025-10-01 05:32:11,701 - INFO - Created new company - ID: 22255, Name: 'ALBACEM 21 DEVELOPMENT', Country: 'Albania'
2025-10-01 05:32:16,282 - INFO - Created new company - ID: 22256, Name: 'MIRAY MARITIME INC', Country: 'The-gambia'
2025-10-01 05:34:07,847 - INFO - Created new company - ID: 22257, Name: 'TMS OFFSHORE VENTURES INC', Country: 'United-arab-emirates'
2025-10-01 05:34:16,840 - INFO - Created new company - ID: 22258, Name: 'JANANA COMPANY LLC', Country: 'United-arab-emirates'
2025-10-01 05:34:21,404 - INFO - Created new company - ID: 22259, Name: 'SHAHAMAH INC', Country: 'United-arab-emirates'
2025-10-01 05:34:25,857 - INFO - Created new company - ID: 22260, Name: 'ISH INC', Country: 'United-arab-emirates'
2025-10-01 05:34:30,358 - INFO - Created new company - ID: 22261, Name: 'AL KHAZNAH INC', Country: 'United-arab-emirates'
2025-10-01 05:34:34,826 - INFO - Created new company - ID: 22262, Name: 'GHASHA INC', Country: 'United-arab-emirates'
2025-10-01 05:34:43,733 - INFO - Created new company - ID: 22263, Name: 'MUBARAZ LTD', Country: 'United-arab-emirates'
2025-10-01 05:34:48,268 - INFO - Created new company - ID: 22264, Name: 'MRAWEH LTD', Country: 'United-arab-emirates'
2025-10-01 05:34:52,762 - INFO - Created new company - ID: 22265, Name: 'AL HAMRA LTD', Country: 'United-arab-emirates'
2025-10-01 05:34:57,254 - INFO - Created new company - ID: 22266, Name: 'UMM AL ASHTAN LTD', Country: 'United-arab-emirates'
2025-10-01 05:35:06,212 - INFO - Created new company - ID: 22267, Name: 'AL REEM-I MARINE SERVICES', Country: 'United-arab-emirates'
2025-10-01 05:35:10,717 - INFO - Created new company - ID: 22268, Name: 'AL SAMHA MARINE SERVICES LLC', Country: 'United-arab-emirates'
2025-10-01 05:35:42,152 - INFO - Created new company - ID: 22269, Name: 'TEAM V LTD', Country: 'United-arab-emirates'
2025-10-01 05:36:13,467 - INFO - Created new company - ID: 22270, Name: 'TOPAZ KHUBAYB LTD', Country: 'United-arab-emirates'
2025-10-01 05:36:40,374 - INFO - Created new company - ID: 22271, Name: 'VESPER SHIPPING INC', Country: 'None'
2025-10-01 05:36:44,908 - INFO - Created new company - ID: 22272, Name: 'TALA SHIPPING INC', Country: 'None'
2025-10-01 05:36:49,393 - INFO - Created new company - ID: 22273, Name: 'ZIMBU SHIPPING INC', Country: 'United-arab-emirates'
2025-10-01 05:36:53,883 - INFO - Created new company - ID: 22274, Name: 'LOGDON SHIPPPING INC', Country: 'United-arab-emirates'
2025-10-01 05:36:58,448 - INFO - Created new company - ID: 22275, Name: 'SHIN-UN KISEN KK', Country: 'Japan'
2025-10-01 05:37:02,923 - INFO - Created new company - ID: 22276, Name: 'PRIMSEA SHIPPING INC', Country: 'United-arab-emirates'
2025-10-01 05:37:07,441 - INFO - Created new company - ID: 22277, Name: 'FINESTRA SHIPPING INC', Country: 'United-arab-emirates'
2025-10-01 05:37:11,931 - INFO - Created new company - ID: 22278, Name: 'ONDA SHIPPING INC', Country: 'United-arab-emirates'
2025-10-01 05:37:16,487 - INFO - Created new company - ID: 22279, Name: 'ONORE SHIPPING INC', Country: 'United-arab-emirates'
2025-10-01 05:37:21,023 - INFO - Created new company - ID: 22280, Name: 'TRAMONTO SHIPPING INC', Country: 'United-arab-emirates'
2025-10-01 05:38:34,078 - INFO - Created new company - ID: 22281, Name: 'ZEEGRACE SHIPPING INC', Country: 'United-arab-emirates'
2025-10-01 05:38:38,598 - INFO - Created new company - ID: 22282, Name: 'BLUE HORIZON SHIPPING INC', Country: 'United-arab-emirates'
2025-10-01 05:38:43,147 - INFO - Created new company - ID: 22283, Name: 'MARE SHIPPING INC-MAI', Country: 'United-arab-emirates'
2025-10-01 05:38:47,673 - INFO - Created new company - ID: 22284, Name: 'ORBIT SHIPPING INC', Country: 'Marshall-islands'
2025-10-01 05:38:52,160 - INFO - Created new company - ID: 22285, Name: 'ORTENA SHIPPING INC', Country: 'United-arab-emirates'
2025-10-01 05:38:59,247 - INFO - Created new company - ID: 22286, Name: 'NOVADEL SHIPPING INC', Country: 'United-arab-emirates'
2025-10-01 05:39:03,792 - INFO - Created new company - ID: 22287, Name: 'ACTUS SHIPPING INC', Country: 'United-arab-emirates'
2025-10-01 05:39:08,342 - INFO - Created new company - ID: 22288, Name: 'VISIONA SHIPPING INC', Country: 'United-arab-emirates'
2025-10-01 05:39:12,849 - INFO - Created new company - ID: 22289, Name: 'BLUE RIVER SHIPPING INC', Country: 'United-arab-emirates'
2025-10-01 05:39:17,415 - INFO - Created new company - ID: 22290, Name: 'AQUALINE SHIPPING INC', Country: 'United-arab-emirates'
2025-10-01 05:39:21,908 - INFO - Created new company - ID: 22291, Name: 'JARDINA SHIPPING INC', Country: 'United-arab-emirates'
2025-10-01 05:39:26,462 - INFO - Created new company - ID: 22292, Name: 'ENIGMA SHIPPING INC', Country: 'United-arab-emirates'
2025-10-01 05:39:30,970 - INFO - Created new company - ID: 22293, Name: 'MYSTERY SHIPPING INC', Country: 'United-arab-emirates'
2025-10-01 05:39:35,519 - INFO - Created new company - ID: 22294, Name: 'LYKA SHIPPING INC', Country: 'None'
2025-10-01 05:40:33,931 - INFO - Created new company - ID: 22295, Name: 'CHARME MARINE SA', Country: 'United-arab-emirates'
2025-10-01 05:40:38,536 - INFO - Created new company - ID: 22296, Name: 'SILVAN SA', Country: 'United-arab-emirates'
2025-10-01 05:40:43,071 - INFO - Created new company - ID: 22297, Name: 'FALDA SA', Country: 'United-arab-emirates'
2025-10-01 05:40:47,573 - INFO - Created new company - ID: 22298, Name: 'SORRELLE SA', Country: 'United-arab-emirates'
2025-10-01 05:40:52,100 - INFO - Created new company - ID: 22299, Name: 'SIENE SA', Country: 'United-arab-emirates'
2025-10-01 05:40:56,646 - INFO - Created new company - ID: 22300, Name: 'CELESTA SA', Country: 'United-arab-emirates'
2025-10-01 05:41:01,193 - INFO - Created new company - ID: 22301, Name: 'CECILE SA', Country: 'United-arab-emirates'
2025-10-01 05:41:05,731 - INFO - Created new company - ID: 22302, Name: 'CORA SA', Country: 'United-arab-emirates'
2025-10-01 05:41:10,234 - INFO - Created new company - ID: 22303, Name: 'FRANCIE SA', Country: 'United-arab-emirates'
2025-10-01 05:41:32,371 - INFO - Created new company - ID: 22304, Name: 'SEAHAKER SHIPPING LTD', Country: 'None'
2025-10-01 05:41:41,354 - INFO - Created new company - ID: 22305, Name: 'SIDON OFFSHORE INC', Country: 'United-arab-emirates'
2025-10-01 05:41:45,904 - INFO - Created new company - ID: 22306, Name: 'LING MARINE INC', Country: 'United-arab-emirates'
2025-10-01 05:41:50,449 - INFO - Created new company - ID: 22307, Name: 'TRITON OFFSHORE INC', Country: 'United-arab-emirates'
2025-10-01 05:41:54,993 - INFO - Created new company - ID: 22308, Name: 'LIANG OFFSHORE INC', Country: 'United-arab-emirates'
2025-10-01 05:41:59,503 - INFO - Created new company - ID: 22309, Name: 'ALEPPO OFFSHORE INC', Country: 'United-arab-emirates'
2025-10-01 05:42:04,037 - INFO - Created new company - ID: 22310, Name: 'PURANA NAVIGATION LTD', Country: 'United-arab-emirates'
2025-10-01 05:42:08,630 - INFO - Created new company - ID: 22311, Name: 'DURBEEN NAVIGATION LTD', Country: 'United-arab-emirates'
2025-10-01 05:42:13,128 - INFO - Created new company - ID: 22312, Name: 'FREYANA SHIPPING LTD', Country: 'United-arab-emirates'
2025-10-01 05:42:17,656 - INFO - Created new company - ID: 22313, Name: 'SHUKRIA SHIPPING LTD', Country: 'United-arab-emirates'
2025-10-01 05:42:22,201 - INFO - Created new company - ID: 22314, Name: 'SEA SWIFT SHIPPING LTD', Country: 'India'
2025-10-01 05:42:26,745 - INFO - Created new company - ID: 22315, Name: 'GEM RUBY SHIPPING LTD', Country: 'United-arab-emirates'
2025-10-01 05:42:31,257 - INFO - Created new company - ID: 22316, Name: 'GEM EMERALD SHIPPING LTD-UAE', Country: 'None'
2025-10-01 05:42:35,773 - INFO - Created new company - ID: 22317, Name: 'GEM DIAMOND SHIPPING LTD-UAE', Country: 'None'
2025-10-01 05:42:40,321 - INFO - Created new company - ID: 22318, Name: 'OSCAR SHIPPING & TRADING CO', Country: 'United-arab-emirates'
2025-10-01 05:42:44,843 - INFO - Created new company - ID: 22319, Name: 'SAHAND SHPG & TRADING CO LTD', Country: 'United-arab-emirates'
2025-10-01 05:42:49,367 - INFO - Created new company - ID: 22320, Name: 'LONG BAY MARINE SERVICES LTD', Country: 'United-arab-emirates'
2025-10-01 05:42:53,860 - INFO - Created new company - ID: 22321, Name: 'SOUTH BAY SHIPPING & TRADING', Country: 'United-arab-emirates'
2025-10-01 05:42:58,330 - INFO - Created new company - ID: 22322, Name: 'ROMEO SHIPPING & TRADING SA', Country: 'United-arab-emirates'
2025-10-01 05:43:02,855 - INFO - Created new company - ID: 22323, Name: 'GOLD COAST SHIPPING CORP', Country: 'Romania'
2025-10-01 05:43:07,363 - INFO - Created new company - ID: 22324, Name: 'JOSTAR LTD', Country: 'British-virgin-islands'
2025-10-01 05:43:11,867 - INFO - Created new company - ID: 22325, Name: 'MAS SHIPPING LTD', Country: 'Marshall-islands'
2025-10-01 05:43:16,388 - INFO - Created new company - ID: 22326, Name: 'WEN YAO SHIPPING INC-LIB', Country: 'United-arab-emirates'
2025-10-01 05:43:20,936 - INFO - Created new company - ID: 22327, Name: 'ANHONA NAVIGATION SA', Country: 'United-arab-emirates'
2025-10-01 05:43:25,478 - INFO - Created new company - ID: 22328, Name: 'IQUITOS LTD', Country: 'United-arab-emirates'
2025-10-01 05:43:30,068 - INFO - Created new company - ID: 22329, Name: 'FARD ARA/ FARD HRA', Country: 'United-arab-emirates'
2025-10-01 05:43:34,578 - INFO - Created new company - ID: 22330, Name: 'COMMODOR NAVIGATION INC', Country: 'Liberia'
2025-10-01 05:43:39,127 - INFO - Created new company - ID: 22331, Name: 'PONDUS SHIPPING INC', Country: 'Liberia'
2025-10-01 05:43:43,669 - INFO - Created new company - ID: 22332, Name: 'BUBBLE MARINE INC', Country: 'Seychelles'
2025-10-01 05:43:48,251 - INFO - Created new company - ID: 22333, Name: 'CHARVAK SOLUTIONS LTD', Country: 'Türkiye'
2025-10-01 05:43:52,837 - INFO - Created new company - ID: 22334, Name: 'IMPACT MANAGEMENT SA', Country: 'United-arab-emirates'
2025-10-01 05:43:57,422 - INFO - Created new company - ID: 22335, Name: 'ABRIEL SHIPMANAGEMENT SA', Country: 'United-arab-emirates'
2025-10-01 05:44:06,432 - INFO - Created new company - ID: 22336, Name: 'PAK MARINE PETROLEUM LLC', Country: 'United-arab-emirates'
2025-10-01 05:44:10,980 - INFO - Created new company - ID: 22337, Name: 'MAG PROVIDER HOLDINGS LLC', Country: 'United-arab-emirates'
2025-10-01 05:44:24,459 - INFO - Created new company - ID: 22338, Name: 'LAFKOS SHIPPING LTD', Country: 'United-arab-emirates'
2025-10-01 05:44:28,941 - INFO - Created new company - ID: 22339, Name: 'CRAIG MARINE LTD', Country: 'India'
2025-10-01 05:44:33,431 - INFO - Created new company - ID: 22340, Name: 'ABU MARINE CO LTD', Country: 'China'
2025-10-01 05:44:38,014 - INFO - Created new company - ID: 22341, Name: 'OCEAN ROVER SHIPS MARITIME SA', Country: 'Lebanon'
2025-10-01 05:44:38,068 - INFO - Created new company - ID: 22342, Name: 'OVERSEAS BULKER ENTERPRISE SAL', Country: 'Lebanon'
2025-10-01 05:44:42,600 - INFO - Created new company - ID: 22343, Name: 'SLS II LTD', Country: 'Germany'
2025-10-01 05:44:42,654 - INFO - Created new company - ID: 22344, Name: 'BRIDGEFORT MARITIME IOM LTD', Country: 'Germany'
2025-10-01 05:44:47,198 - INFO - Created new company - ID: 22345, Name: 'BARBARA GENERAL TRADING CO LLC', Country: 'United-arab-emirates'
2025-10-01 05:44:51,757 - INFO - Created new company - ID: 22346, Name: 'YAHYA SHIPPING INC', Country: 'United-arab-emirates'
2025-10-01 05:45:00,842 - INFO - Created new company - ID: 22347, Name: 'DURAT ALKHALEEJ ALARABI SA', Country: 'United-arab-emirates'
2025-10-01 05:45:31,742 - INFO - Created new company - ID: 22348, Name: 'SUBSEA 7 NAVICA AS', Country: 'Norway'
2025-10-01 05:45:36,277 - INFO - Created new company - ID: 22349, Name: 'SEAWAY PHOENIX AS', Country: 'Norway'
2025-10-01 05:45:40,766 - INFO - Created new company - ID: 22350, Name: 'SEAWAY MOXIE AS', Country: 'Norway'
2025-10-01 05:45:45,278 - INFO - Created new company - ID: 22351, Name: 'SUBSEA 7 VESSEL OWNER AS', Country: 'United-kingdom'
2025-10-01 05:45:49,882 - INFO - Created new company - ID: 22352, Name: 'SUBSEA 7 CHARTERING UK LTD', Country: 'United-kingdom'
2025-10-01 05:45:54,414 - INFO - Created new company - ID: 22353, Name: 'SEAWAY AIMERY AS', Country: 'Norway'
2025-10-01 05:45:58,956 - INFO - Created new company - ID: 22354, Name: 'LNG ROSE SHIPPING CORP', Country: 'United-kingdom'
2025-10-01 05:45:59,020 - INFO - Created new company - ID: 22355, Name: 'MOL GLOBAL SHIP MANAGEMENT PTE', Country: 'None'
2025-10-01 05:47:06,678 - INFO - Created new company - ID: 22356, Name: 'P&O FERRIES PRIDE OF ROTTERDAM', Country: 'Netherlands'
2025-10-01 05:47:06,735 - INFO - Created new company - ID: 22357, Name: 'P&O NORTH SEA FERRIES', Country: 'Netherlands'
2025-10-01 05:47:11,300 - INFO - Created new company - ID: 22358, Name: 'SY RORO 2 PTE LTD', Country: 'Singapore'
2025-10-01 05:47:15,865 - INFO - Created new company - ID: 22359, Name: 'ARCTIC YELLOW LNG SHIPPING LTD', Country: 'United-kingdom'
2025-10-01 05:47:24,698 - INFO - Created new company - ID: 22360, Name: 'FALCON FISHING LTD', Country: 'United-kingdom'
2025-10-01 05:47:29,263 - INFO - Created new company - ID: 22361, Name: 'OCEAN DAWN FISHING LLP', Country: 'United-kingdom'
2025-10-01 05:47:33,764 - INFO - Created new company - ID: 22362, Name: 'BUDDING ROSE PD418 LLP', Country: 'United-kingdom'
2025-10-01 05:47:38,265 - INFO - Created new company - ID: 22363, Name: 'QUANTUS', Country: 'United-kingdom'
2025-10-01 05:47:42,804 - INFO - Created new company - ID: 22364, Name: 'FREEDOM FISH LTD', Country: 'United-kingdom'
2025-10-01 05:47:47,324 - INFO - Created new company - ID: 22365, Name: 'MEANT2B YACHTING LTD', Country: 'Monaco'
2025-10-01 05:47:51,829 - INFO - Created new company - ID: 22366, Name: 'SOLSTON SHIPPING LTD-BZE', Country: 'United-kingdom'
2025-10-01 05:47:56,362 - INFO - Created new company - ID: 22367, Name: 'NAUTICAL NEXUS HOLDINGS LTD', Country: 'United-kingdom'
2025-10-01 05:48:00,854 - INFO - Created new company - ID: 22368, Name: 'PROJECT 468 LTD', Country: 'United-kingdom'
2025-10-01 05:48:05,418 - INFO - Created new company - ID: 22369, Name: 'HD ENTERPRISES LTD', Country: 'None'
2025-10-01 05:48:10,000 - INFO - Created new company - ID: 22370, Name: 'BRITISH ANTARCTIC SURVEY', Country: 'United-kingdom'
2025-10-01 05:48:24,673 - INFO - Created new company - ID: 22371, Name: 'DANA/SHELL/ESSO/ENDEAVOUR', Country: 'United-kingdom'
2025-10-01 05:48:29,796 - INFO - Created new company - ID: 22372, Name: 'DANA PETROLEUM/NEO ENERGY ZEX', Country: 'United-kingdom'
2025-10-01 05:51:16,177 - INFO - Created new company - ID: 22373, Name: 'BAY-HOUSTON MANAGEMENT LLC', Country: 'United-states'
2025-10-01 05:53:13,179 - INFO - Created new company - ID: 22374, Name: 'EN BISSO CANAVERAL INC', Country: 'United-states'
2025-10-01 05:53:26,515 - INFO - Created new company - ID: 22375, Name: 'SD JUNKANOO BV', Country: 'United-states'
2025-10-01 05:54:43,380 - INFO - Created new company - ID: 22376, Name: 'TIGER TUG 5 LLC', Country: 'United-states'
2025-10-01 05:54:56,999 - INFO - Created new company - ID: 22377, Name: 'ATB ASSETCO 1 LLC', Country: 'United-states'
2025-10-01 05:55:01,519 - INFO - Created new company - ID: 22378, Name: 'STONEBRIAR COMMERCIAL FINANCE', Country: 'United-states'
2025-10-01 05:56:45,187 - INFO - Created new company - ID: 22379, Name: 'ALCATRAZ FLEET LLC', Country: 'United-states'
2025-10-01 05:56:54,106 - INFO - Created new company - ID: 22380, Name: 'HORNBLOWER FLEET LLC', Country: 'United-states'
2025-10-01 05:57:03,197 - INFO - Created new company - ID: 22381, Name: 'US FISHING LLC', Country: 'United-states'
2025-10-01 05:57:07,701 - INFO - Created new company - ID: 22382, Name: 'NORTH PACIFIC FISHING INC', Country: 'United-states'
2025-10-01 05:57:12,003 - INFO - Created new company - ID: 22383, Name: 'AMERICA'S FINEST FISHING LLC', Country: 'United-states'
2025-10-01 05:57:25,618 - INFO - Created new company - ID: 22384, Name: 'GREAT LAKES MARINE LEASING', Country: 'United-states'
2025-10-01 05:57:48,324 - INFO - Created new company - ID: 22385, Name: 'SALEM TUGBOAT CORP', Country: 'United-states'
2025-10-01 05:57:52,857 - INFO - Created new company - ID: 22386, Name: 'RABBIT RUN TOWING', Country: 'United-states'
2025-10-01 05:58:24,559 - INFO - Created new company - ID: 22387, Name: 'NORTHSTAR HOLDINGS LTD', Country: 'United-states'
2025-10-01 05:59:10,953 - INFO - Created new company - ID: 22388, Name: 'ANGELINA MARITIME LTD-MAI', Country: 'Marshall-islands'
2025-10-01 05:59:16,058 - INFO - Created new company - ID: 22389, Name: 'ZEINAB SHIPPING CO', Country: 'United-arab-emirates'
2025-10-01 05:59:21,178 - INFO - Created new company - ID: 22390, Name: 'CHARMOUS SHIPPING CO LLC', Country: 'United-arab-emirates'
2025-10-01 05:59:26,298 - INFO - Created new company - ID: 22391, Name: 'SAMA MARINE CO', Country: 'United-arab-emirates'
2025-10-01 05:59:31,227 - INFO - Created new company - ID: 22392, Name: 'PRINCESS MARIA SHIPPING CO SA', Country: 'United-arab-emirates'
2025-10-01 05:59:35,850 - INFO - Created new company - ID: 22393, Name: 'BR GLORY SHIPPING LTD', Country: 'Türkiye'
2025-10-01 05:59:45,423 - INFO - Created new company - ID: 22394, Name: 'SHIPPING WORLD 2000 CO SA', Country: 'Greece'
2025-10-01 05:59:50,473 - INFO - Created new company - ID: 22395, Name: 'ABOUDI D MARITIME SA', Country: 'Türkiye'
2025-10-01 05:59:55,420 - INFO - Created new company - ID: 22396, Name: 'AL NAYZAK CARGO LLC', Country: 'Türkiye'
2025-10-01 06:00:00,600 - INFO - Created new company - ID: 22397, Name: 'SEA ANGEL SHIPPING CO LTD-MTA', Country: 'Türkiye'
2025-10-01 06:00:05,519 - INFO - Created new company - ID: 22398, Name: 'LINA SHIPPING CO LTD', Country: 'Türkiye'
2025-10-01 06:00:10,124 - INFO - Created new company - ID: 22399, Name: 'KIKAI SHIPPING CO LTD', Country: 'Türkiye'
2025-10-01 06:00:14,720 - INFO - Created new company - ID: 22400, Name: 'FISHER MARINE LTD', Country: 'Türkiye'
2025-10-01 06:00:19,242 - INFO - Created new company - ID: 22401, Name: 'EJEL MARITIME SERVICES LTD', Country: 'Greece'
2025-10-01 06:00:28,321 - INFO - Created new company - ID: 22402, Name: 'VALENTINA SHIPPING CO', Country: 'Türkiye'
2025-10-01 06:00:32,906 - INFO - Created new company - ID: 22403, Name: 'BROTHERS MARITIME TRADING CO', Country: 'Marshall-islands'
2025-10-01 06:00:37,473 - INFO - Created new company - ID: 22404, Name: 'SAMIR SHIPPING CO LLC', Country: 'Belize'
2025-10-01 06:00:42,019 - INFO - Created new company - ID: 22405, Name: 'SEA ARIES MARINE LTD', Country: 'Türkiye'
2025-10-01 06:00:46,576 - INFO - Created new company - ID: 22406, Name: 'SUNGALE MARITIME INC', Country: 'Türkiye'
2025-10-01 06:00:51,180 - INFO - Created new company - ID: 22407, Name: 'T-BOS SHIPPING INC', Country: 'Türkiye'
2025-10-01 06:00:55,829 - INFO - Created new company - ID: 22408, Name: 'TRANSBOS SHIPPING INC', Country: 'Türkiye'
2025-10-01 06:01:00,440 - INFO - Created new company - ID: 22409, Name: 'MARMA SHIPPING & TRADING INC', Country: 'Türkiye'
2025-10-01 06:01:00,492 - INFO - Created new company - ID: 22410, Name: 'VENIS MARITIME INC', Country: 'Türkiye'
2025-10-01 06:01:05,042 - INFO - Created new company - ID: 22411, Name: 'OSA SHIPPING ENTERPRISES-MTA', Country: 'Türkiye'
2025-10-01 06:01:18,740 - INFO - Created new company - ID: 22412, Name: 'BOZAT SHIPPING CORP', Country: 'Türkiye'
2025-10-01 06:01:23,323 - INFO - Created new company - ID: 22413, Name: 'TUNA MARITIME CORP', Country: 'Türkiye'
2025-10-01 06:01:37,081 - INFO - Created new company - ID: 22414, Name: 'INFINITY SHIPS LTD', Country: 'United-arab-emirates'
2025-10-01 06:01:37,135 - INFO - Created new company - ID: 22415, Name: 'KEPLER TRADING LLC', Country: 'United-arab-emirates'
2025-10-01 06:01:41,747 - INFO - Created new company - ID: 22416, Name: 'MAJEED SHIPPING LTD', Country: 'Türkiye'
2025-10-01 06:01:46,385 - INFO - Created new company - ID: 22417, Name: 'LINHAI SHIPPING CO LTD', Country: 'Türkiye'
2025-10-01 06:02:09,195 - INFO - Created new company - ID: 22418, Name: 'AURORA SHIPOWNERS LTD', Country: 'India'
2025-10-01 06:02:13,773 - INFO - Created new company - ID: 22419, Name: 'PENDULUM MARINE LTD', Country: 'Marshall-islands'
2025-10-01 06:02:22,912 - INFO - Created new company - ID: 22420, Name: 'ALTIUS SHIPPING & TRADING CO', Country: 'Türkiye'
2025-10-01 06:02:27,504 - INFO - Created new company - ID: 22421, Name: 'POLAR MOVEMENT SHIPPING & TRDG', Country: 'Türkiye'
2025-10-01 06:02:36,634 - INFO - Created new company - ID: 22422, Name: 'CCY SHIPPING CORP', Country: 'Türkiye'
2025-10-01 06:02:41,240 - INFO - Created new company - ID: 22423, Name: 'DSC MARINE SERVICES SA', Country: 'Cameroon'
2025-10-01 06:02:45,836 - INFO - Created new company - ID: 22424, Name: 'BERDEN SHIPPING INC', Country: 'Türkiye'
2025-10-01 06:02:50,363 - INFO - Created new company - ID: 22425, Name: 'ROSSI MARINE LTD', Country: 'Malta'
2025-10-01 06:02:54,992 - INFO - Created new company - ID: 22426, Name: 'MEL SHIPPING & INTERNATIONAL', Country: 'Türkiye'
2025-10-01 06:02:55,046 - INFO - Created new company - ID: 22427, Name: 'RIMENES SHIPPING & TRANS', Country: 'Türkiye'
2025-10-01 06:03:04,165 - INFO - Created new company - ID: 22428, Name: 'NAVIERA MURUETA SAU', Country: 'None'
2025-10-01 06:03:13,248 - INFO - Created new company - ID: 22429, Name: 'ATLANTICO SHIPPING SL', Country: 'Spain'
2025-10-01 06:03:26,904 - INFO - Created new company - ID: 22430, Name: 'CAIXBANK SA', Country: 'Spain'
2025-10-01 06:03:31,512 - INFO - Created new company - ID: 22431, Name: 'MED TRABZON DENIZCILIK AS', Country: 'Türkiye'
2025-10-01 06:03:36,138 - INFO - Created new company - ID: 22432, Name: 'MED IZMIR DENIZCILIK AS', Country: 'Türkiye'
2025-10-01 06:03:40,800 - INFO - Created new company - ID: 22433, Name: 'MED CERKEZKOY DENIZCILIK AS', Country: 'Türkiye'
2025-10-01 06:03:45,421 - INFO - Created new company - ID: 22434, Name: 'MED AYDIN DENIZCILIK AS', Country: 'Türkiye'
2025-10-01 06:03:50,052 - INFO - Created new company - ID: 22435, Name: 'MED URLA DENIZCILIK AS', Country: 'Türkiye'
2025-10-01 06:03:54,617 - INFO - Created new company - ID: 22436, Name: 'MED SAMSUN DENIZCILIK AS', Country: 'Türkiye'
2025-10-01 06:03:59,170 - INFO - Created new company - ID: 22437, Name: 'TEAM MARITIME & TRADING LTD', Country: 'Türkiye'
2025-10-01 06:04:03,709 - INFO - Created new company - ID: 22438, Name: 'SERENA MARITIME LTD-MTA', Country: 'Türkiye'
2025-10-01 06:04:08,322 - INFO - Created new company - ID: 22439, Name: 'VIRA SHIPPING', Country: 'Türkiye'
2025-10-01 06:04:12,948 - INFO - Created new company - ID: 22440, Name: 'DAKOTA SHIPPING & TRADING LTD', Country: 'Türkiye'
2025-10-01 06:04:17,581 - INFO - Created new company - ID: 22441, Name: 'SIENNA MARITIME LTD', Country: 'Türkiye'
2025-10-01 06:04:22,185 - INFO - Created new company - ID: 22442, Name: 'FIONA MARITIME LTD', Country: 'Türkiye'
2025-10-01 06:04:26,752 - INFO - Created new company - ID: 22443, Name: 'SIMONA MARITIME LTD', Country: 'Türkiye'
2025-10-01 06:04:31,394 - INFO - Created new company - ID: 22444, Name: 'REBECCA MARITIME LTD-MTA', Country: 'Türkiye'
2025-10-01 06:04:35,968 - INFO - Created new company - ID: 22445, Name: 'RIMONA SHIPPING LTD', Country: 'Türkiye'
2025-10-01 06:04:40,560 - INFO - Created new company - ID: 22446, Name: 'MIMI SHIPPING CO SA', Country: 'Türkiye'
2025-10-01 06:04:45,155 - INFO - Created new company - ID: 22447, Name: 'AHM SHIPPING CO LLC', Country: 'Türkiye'
2025-10-01 06:04:49,740 - INFO - Created new company - ID: 22448, Name: 'AYSHA MOON SHIPPING CO SA', Country: 'Türkiye'
2025-10-01 06:04:54,347 - INFO - Created new company - ID: 22449, Name: 'DAYTONA H MARINE CO', Country: 'Lebanon'
2025-10-01 06:04:58,892 - INFO - Created new company - ID: 22450, Name: 'RC SHIPTRADE CO', Country: 'Türkiye'
2025-10-01 06:05:04,849 - INFO - Created new company - ID: 22451, Name: 'AHM SHIPPING COMPANY LTD SA', Country: 'Türkiye'
2025-10-01 06:05:09,407 - INFO - Created new company - ID: 22452, Name: 'AFAMIA STAR SHIPPING CO SA', Country: 'Lebanon'
2025-10-01 06:05:18,613 - INFO - Created new company - ID: 22453, Name: 'BANI YAS SHIPPING CO INC', Country: 'United-arab-emirates'
2025-10-01 06:05:23,239 - INFO - Created new company - ID: 22454, Name: 'DIYYINAH I SHIPPING CO INC', Country: 'United-arab-emirates'
2025-10-01 06:05:27,800 - INFO - Created new company - ID: 22455, Name: 'YAMILAH III SHIPPING CO INC', Country: 'United-arab-emirates'
2025-10-01 06:05:32,440 - INFO - Created new company - ID: 22456, Name: 'MEZAIRA'A SHIPPING CO INC', Country: 'United-arab-emirates'
2025-10-01 06:05:37,058 - INFO - Created new company - ID: 22457, Name: 'ABU DHABI III SHIPPING CO INC', Country: 'United-arab-emirates'
2025-10-01 06:05:41,685 - INFO - Created new company - ID: 22458, Name: 'LIWA V SHIPPING CO INC', Country: 'United-arab-emirates'
2025-10-01 06:05:46,298 - INFO - Created new company - ID: 22459, Name: 'ABU AL ABYAD SHIPPING INC', Country: 'United-arab-emirates'
2025-10-01 06:05:50,936 - INFO - Created new company - ID: 22460, Name: 'RAS GHUMAYS I SHIPPING CO INC', Country: 'United-arab-emirates'
2025-10-01 06:05:55,560 - INFO - Created new company - ID: 22461, Name: 'BUTINAH SHIPPING CO INC', Country: 'United-arab-emirates'
2025-10-01 06:06:00,219 - INFO - Created new company - ID: 22462, Name: 'AL YASAT II SHIPPING CO INC', Country: 'United-arab-emirates'
2025-10-01 06:06:04,851 - INFO - Created new company - ID: 22463, Name: 'UM AL LULU MARINE SERVICES LLC', Country: 'United-arab-emirates'
2025-10-01 06:06:14,088 - INFO - Created new company - ID: 22464, Name: 'GHANTOUT MARINE SERVICES LLC', Country: 'United-arab-emirates'
2025-10-01 06:06:18,674 - INFO - Created new company - ID: 22465, Name: 'AL WATAN INC', Country: 'Greece'
2025-10-01 06:06:27,854 - INFO - Created new company - ID: 22466, Name: 'AL MANHAL INC', Country: 'United-arab-emirates'
2025-10-01 06:06:32,462 - INFO - Created new company - ID: 22467, Name: 'DALMA INC', Country: 'United-arab-emirates'
2025-10-01 06:06:41,610 - INFO - Created new company - ID: 22468, Name: 'AL JIMI INC', Country: 'United-arab-emirates'
2025-10-01 06:06:46,207 - INFO - Created new company - ID: 22469, Name: 'AL KHTAM INC', Country: 'United-arab-emirates'
2025-10-01 06:06:50,850 - INFO - Created new company - ID: 22470, Name: 'AL FALAH INC', Country: 'United-arab-emirates'
2025-10-01 06:06:55,524 - INFO - Created new company - ID: 22471, Name: 'TARIF INC', Country: 'United-arab-emirates'
2025-10-01 06:07:00,116 - INFO - Created new company - ID: 22472, Name: 'AL RUWAIS INC', Country: 'United-arab-emirates'
2025-10-01 06:07:04,776 - INFO - Created new company - ID: 22473, Name: 'HILI INC', Country: 'United-arab-emirates'
2025-10-01 06:07:09,382 - INFO - Created new company - ID: 22474, Name: 'ZAKUM INC', Country: 'United-arab-emirates'
2025-10-01 06:07:14,014 - INFO - Created new company - ID: 22475, Name: 'AL WATHBA INC', Country: 'United-arab-emirates'
2025-10-01 06:07:18,619 - INFO - Created new company - ID: 22476, Name: 'AL DHAFRA INC', Country: 'United-arab-emirates'
2025-10-01 06:07:23,269 - INFO - Created new company - ID: 22477, Name: 'DAS INC', Country: 'Liberia'
2025-10-01 06:07:27,859 - INFO - Created new company - ID: 22478, Name: 'BARAKAH INC', Country: 'United-arab-emirates'
2025-10-01 06:07:32,485 - INFO - Created new company - ID: 22479, Name: 'AL AIN INC', Country: 'United-arab-emirates'
2025-10-01 06:07:37,082 - INFO - Created new company - ID: 22480, Name: 'HAFEET INC', Country: 'Liberia'
2025-10-01 06:07:41,694 - INFO - Created new company - ID: 22481, Name: 'HABSHAN INC', Country: 'Liberia'
2025-10-01 06:07:46,293 - INFO - Created new company - ID: 22482, Name: 'ARZANAH INC', Country: 'United-arab-emirates'
2025-10-01 06:07:50,865 - INFO - Created new company - ID: 22483, Name: 'AL BAHYAH INC', Country: 'Liberia'
2025-10-01 06:07:55,493 - INFO - Created new company - ID: 22484, Name: 'AL SHELILA INC', Country: 'United-arab-emirates'
2025-10-01 06:08:00,098 - INFO - Created new company - ID: 22485, Name: 'AL RAHBA INC', Country: 'United-arab-emirates'
2025-10-01 06:08:04,703 - INFO - Created new company - ID: 22486, Name: 'AL REEF INC', Country: 'United-arab-emirates'
2025-10-01 06:08:09,119 - INFO - Created new company - ID: 22487, Name: 'AL SADAF INC', Country: 'None'
2025-10-01 06:08:13,754 - INFO - Created new company - ID: 22488, Name: 'AL MARYAH INC-LIB', Country: 'Liberia'
2025-10-01 06:08:23,021 - INFO - Created new company - ID: 22489, Name: 'ARKADIA SHIPPING INC', Country: 'Germany'
2025-10-01 06:08:36,822 - INFO - Created new company - ID: 22490, Name: 'SCHINOUSSA MARITIME CO LTD', Country: 'Germany'
2025-10-01 06:08:41,507 - INFO - Created new company - ID: 22491, Name: 'DONOUSSA MARITIME CO LTD', Country: 'Germany'
2025-10-01 06:08:46,161 - INFO - Created new company - ID: 22492, Name: 'ROYAL WHITE SHIPPING & TRADING', Country: 'Germany'
2025-10-01 06:08:50,770 - INFO - Created new company - ID: 22493, Name: 'STRAWBERRY FIELDS MANAGEMENT', Country: 'Germany'
2025-10-01 06:09:18,471 - INFO - Created new company - ID: 22494, Name: 'KEROS MARITIME CO LTD', Country: 'Germany'
2025-10-01 06:09:23,099 - INFO - Created new company - ID: 22495, Name: 'IRAKLEIA MARITIME CO LTD', Country: 'Germany'
2025-10-01 06:09:27,746 - INFO - Created new company - ID: 22496, Name: 'GOLD COIN INVESTMENTS LTD', Country: 'Germany'
2025-10-01 06:09:32,317 - INFO - Created new company - ID: 22497, Name: 'SHIMMERING WATERS SA', Country: 'Germany'
2025-10-01 06:11:55,563 - INFO - Created new company - ID: 22498, Name: 'SHENZHEN QIANHAI ZHUANG YUN 1', Country: 'Germany'
2025-10-01 06:12:00,249 - INFO - Created new company - ID: 22499, Name: 'SHENZHEN QIANHAI ZHUANG YUN 2', Country: 'Germany'
2025-10-01 06:12:04,878 - INFO - Created new company - ID: 22500, Name: 'SHENZHEN QIANHAI ZHUANG YUN 3', Country: 'Germany'
2025-10-01 06:12:09,550 - INFO - Created new company - ID: 22501, Name: 'SHENZHEN QIANHAI ZHUANG YUN 4', Country: 'Germany'
2025-10-01 06:12:14,158 - INFO - Created new company - ID: 22502, Name: 'HAI KUO SHIPPING 1822 LTD', Country: 'Germany'
2025-10-01 06:12:18,762 - INFO - Created new company - ID: 22503, Name: 'HAI KUO SHIPPING 1821 LTD', Country: 'Germany'
2025-10-01 06:13:00,172 - INFO - Created new company - ID: 22504, Name: 'PARTANKERS XVI AS', Country: 'Greece'
2025-10-01 06:13:04,769 - INFO - Created new company - ID: 22505, Name: 'SELINI MARINE CO LTD', Country: 'Greece'
2025-10-01 06:13:09,402 - INFO - Created new company - ID: 22506, Name: 'SALAMINA MARINE CO LTD', Country: 'Greece'
2025-10-01 06:13:14,037 - INFO - Created new company - ID: 22507, Name: 'SAYERS SHIPPING CORP', Country: 'Greece'
2025-10-01 06:13:18,659 - INFO - Created new company - ID: 22508, Name: 'MAYNARD SHIPPING CORP', Country: 'Greece'
2025-10-01 06:13:23,326 - INFO - Created new company - ID: 22509, Name: 'BAYSWATER TRADING CO LTD', Country: 'Greece'
2025-10-01 06:13:28,007 - INFO - Created new company - ID: 22510, Name: 'KERRY TRADING CO LTD', Country: 'Greece'
2025-10-01 06:13:32,654 - INFO - Created new company - ID: 22511, Name: 'FREEPORT CHAMPION SA', Country: 'Greece'
2025-10-01 06:13:37,360 - INFO - Created new company - ID: 22512, Name: 'PROSPERITY FAITH SA', Country: 'Greece'
2025-10-01 06:13:42,020 - INFO - Created new company - ID: 22513, Name: 'PROSPERITY SUCCESS SA', Country: 'Greece'
2025-10-01 06:13:46,682 - INFO - Created new company - ID: 22514, Name: 'MARINE VELVET SA', Country: 'Greece'
2025-10-01 06:13:51,331 - INFO - Created new company - ID: 22515, Name: 'MEDWAY SEA SA', Country: 'Greece'
2025-10-01 06:13:55,991 - INFO - Created new company - ID: 22516, Name: 'PRESCOTT MARITIME LTD', Country: 'Greece'
2025-10-01 06:14:00,652 - INFO - Created new company - ID: 22517, Name: 'JELIKA SHIPPING INC', Country: 'Greece'
2025-10-01 06:14:05,356 - INFO - Created new company - ID: 22518, Name: 'RIO 2016 ENE', Country: 'Greece'
2025-10-01 06:14:10,034 - INFO - Created new company - ID: 22519, Name: 'BRASIL 2014 ENE', Country: 'Greece'
2025-10-01 06:14:15,535 - INFO - Created new company - ID: 22520, Name: 'APOPLOUS SHIPPING INC', Country: 'Greece'
2025-10-01 06:14:20,154 - INFO - Created new company - ID: 22521, Name: 'LEEGA SHIPTRADE CO', Country: 'Greece'
2025-10-01 06:14:24,753 - INFO - Created new company - ID: 22522, Name: 'SENTRA SHIPPING CO', Country: 'Greece'
2025-10-01 06:14:29,452 - INFO - Created new company - ID: 22523, Name: 'SOFT SHIPMANAGEMENT LTD', Country: 'Greece'
2025-10-01 06:14:34,149 - INFO - Created new company - ID: 22524, Name: 'TWITT NAVIGATION LTD', Country: 'Greece'
2025-10-01 06:14:38,840 - INFO - Created new company - ID: 22525, Name: 'BARSLEY MARITIME SA', Country: 'Greece'
2025-10-01 06:14:43,459 - INFO - Created new company - ID: 22526, Name: 'CIERZO MARINE LTD', Country: 'Greece'
2025-10-01 06:14:48,119 - INFO - Created new company - ID: 22527, Name: 'DAUCINA NAVIGATION SA', Country: 'Greece'
2025-10-01 06:14:52,798 - INFO - Created new company - ID: 22528, Name: 'ETESIAN SHIPTRADE SA', Country: 'Greece'
2025-10-01 06:14:57,477 - INFO - Created new company - ID: 22529, Name: 'CHIARA SHIPTRADE CO', Country: 'Greece'
2025-10-01 06:15:02,080 - INFO - Created new company - ID: 22530, Name: 'TAURIS SHIPPING INC', Country: 'Greece'
2025-10-01 06:15:06,698 - INFO - Created new company - ID: 22531, Name: 'WATERCRAFT LTD', Country: 'Greece'
2025-10-01 06:15:11,384 - INFO - Created new company - ID: 22532, Name: 'OSTRIA MARITIME LTD', Country: 'Greece'
2025-10-01 06:15:16,010 - INFO - Created new company - ID: 22533, Name: 'REDERIJ KRAFTCA', Country: 'Netherlands'
2025-10-01 06:15:20,654 - INFO - Created new company - ID: 22534, Name: 'REDERIJ GENCA', Country: 'Netherlands'
2025-10-01 06:15:25,324 - INFO - Created new company - ID: 22535, Name: 'REDERIJ TRICA', Country: 'Netherlands'
2025-10-01 06:15:29,975 - INFO - Created new company - ID: 22536, Name: 'REDERIJ PULPCA', Country: 'Netherlands'
2025-10-01 06:15:34,601 - INFO - Created new company - ID: 22537, Name: 'REDERIJ PLYCA', Country: 'Netherlands'
2025-10-01 06:15:39,229 - INFO - Created new company - ID: 22538, Name: 'REDERIJ DIJKSGRACHT', Country: 'Netherlands'
2025-10-01 06:15:43,862 - INFO - Created new company - ID: 22539, Name: 'REDERIJ DAMGRACHT', Country: 'Netherlands'
2025-10-01 06:15:48,529 - INFO - Created new company - ID: 22540, Name: 'REDERIJ DANZIGERGRACHT', Country: 'Netherlands'
2025-10-01 06:15:53,165 - INFO - Created new company - ID: 22541, Name: 'REDERIJ DELTAGRACHT', Country: 'Netherlands'
2025-10-01 06:15:57,825 - INFO - Created new company - ID: 22542, Name: 'REDERIJ DIAMANTGRACHT', Country: 'Netherlands'
2025-10-01 06:16:02,496 - INFO - Created new company - ID: 22543, Name: 'REDERIJ DONAUGRACHT', Country: 'Netherlands'
2025-10-01 06:16:07,224 - INFO - Created new company - ID: 22544, Name: 'REDERIJ DYNAMOGRACHT', Country: 'Netherlands'
2025-10-01 06:16:11,855 - INFO - Created new company - ID: 22545, Name: 'REDERIJ PARKGRACHT', Country: 'Netherlands'
2025-10-01 06:16:16,527 - INFO - Created new company - ID: 22546, Name: 'REDERIJ PALMGRACHT', Country: 'Netherlands'
2025-10-01 06:16:21,147 - INFO - Created new company - ID: 22547, Name: 'POTTERSGRACHT REDERIJ', Country: 'Netherlands'
2025-10-01 06:16:25,816 - INFO - Created new company - ID: 22548, Name: 'PLANTIJNGRACHT REDERIJ', Country: 'Netherlands'
2025-10-01 06:16:30,505 - INFO - Created new company - ID: 22549, Name: 'REDERIJ FLORIJNGRACHT', Country: 'Netherlands'
2025-10-01 06:16:35,161 - INFO - Created new company - ID: 22550, Name: 'REDERIJ FAGELGRACHT', Country: 'Netherlands'
2025-10-01 06:16:39,826 - INFO - Created new company - ID: 22551, Name: 'REDERIJ HUDSONGRACHT', Country: 'Netherlands'
2025-10-01 06:16:44,520 - INFO - Created new company - ID: 22552, Name: 'REDERIJ HUMBERGRACHT', Country: 'Netherlands'
2025-10-01 06:16:49,165 - INFO - Created new company - ID: 22553, Name: 'REDERIJ HEERENGRACHT', Country: 'Netherlands'
2025-10-01 06:16:53,853 - INFO - Created new company - ID: 22554, Name: 'REDERIJ HOUTMANGRACHT', Country: 'Netherlands'
2025-10-01 06:16:58,513 - INFO - Created new company - ID: 22555, Name: 'REDERIJ HEEMSKERKGRACHT', Country: 'Netherlands'
2025-10-01 06:17:03,164 - INFO - Created new company - ID: 22556, Name: 'REDERIJ PAUWGRACHT', Country: 'Netherlands'
2025-10-01 06:17:07,929 - INFO - Created new company - ID: 22557, Name: 'REDERIJ PALEISGRACHT', Country: 'Netherlands'
2025-10-01 06:17:12,577 - INFO - Created new company - ID: 22558, Name: 'REDERIJ PIJLGRACHT', Country: 'Netherlands'
2025-10-01 06:17:17,262 - INFO - Created new company - ID: 22559, Name: 'REDERIJ POOLGRACHT', Country: 'Netherlands'
2025-10-01 06:17:21,929 - INFO - Created new company - ID: 22560, Name: 'REDERIJ PRINSENGRACHT', Country: 'Netherlands'
2025-10-01 06:17:26,616 - INFO - Created new company - ID: 22561, Name: 'REDERIJ PIETERSGRACHT', Country: 'Netherlands'
2025-10-01 06:17:31,311 - INFO - Created new company - ID: 22562, Name: 'REDERIJ FORTUNAGRACHT', Country: 'Netherlands'
2025-10-01 06:17:36,004 - INFO - Created new company - ID: 22563, Name: 'REDERIJ FLORETGRACHT', Country: 'Netherlands'
2025-10-01 06:17:40,652 - INFO - Created new company - ID: 22564, Name: 'REDERIJ FLEVOGRACHT', Country: 'Netherlands'
2025-10-01 06:17:45,303 - INFO - Created new company - ID: 22565, Name: 'REDERIJ FLORAGRACHT', Country: 'Netherlands'
2025-10-01 06:17:49,934 - INFO - Created new company - ID: 22566, Name: 'REDERIJ HAPPY DELTA', Country: 'Netherlands'
2025-10-01 06:17:54,574 - INFO - Created new company - ID: 22567, Name: 'REDERIJ HAPPY DIAMOND', Country: 'Netherlands'
2025-10-01 06:17:59,180 - INFO - Created new company - ID: 22568, Name: 'REDERIJ HAPPY DOVER', Country: 'Netherlands'
2025-10-01 06:18:03,817 - INFO - Created new company - ID: 22569, Name: 'REDERIJ HAPPY DRAGON', Country: 'Netherlands'
2025-10-01 06:18:08,451 - INFO - Created new company - ID: 22570, Name: 'REDERIJ HAPPY DYNAMIC', Country: 'Netherlands'
2025-10-01 06:18:13,121 - INFO - Created new company - ID: 22571, Name: 'REDERIJ MAASGRACHT', Country: 'Netherlands'
2025-10-01 06:18:17,753 - INFO - Created new company - ID: 22572, Name: 'MARSGRACHT REDERIJ', Country: 'Netherlands'
2025-10-01 06:18:22,463 - INFO - Created new company - ID: 22573, Name: 'MERWEDEGRACHT CV', Country: 'Netherlands'
2025-10-01 06:18:27,141 - INFO - Created new company - ID: 22574, Name: 'MINERVAGRACHT REDERIJ', Country: 'Netherlands'
2025-10-01 06:18:31,853 - INFO - Created new company - ID: 22575, Name: 'MOLENGRACHT REDERIJ', Country: 'Netherlands'
2025-10-01 06:18:36,467 - INFO - Created new company - ID: 22576, Name: 'REDERIJ MUNTGRACHT', Country: 'Netherlands'
2025-10-01 06:18:41,105 - INFO - Created new company - ID: 22577, Name: 'AMDORF BRIESE SCHIFFAHRTS', Country: 'Germany'
2025-10-01 06:18:45,744 - INFO - Created new company - ID: 22578, Name: 'ARLE BRIESE SCHIFFAHRTS', Country: 'Germany'
2025-10-01 06:18:50,384 - INFO - Created new company - ID: 22579, Name: 'JENNELT BRIESE SCHIFFAHRTS', Country: 'Germany'
2025-10-01 06:18:55,104 - INFO - Created new company - ID: 22580, Name: 'CRUX BRIESE SCHIFFAHRTS', Country: 'Germany'
2025-10-01 06:18:59,795 - INFO - Created new company - ID: 22581, Name: 'HOLTHUSEN BRIESE SCHIFFAHRTS', Country: 'Germany'
2025-10-01 06:19:04,433 - INFO - Created new company - ID: 22582, Name: 'DETERN BRIESE SCHIFFAHRTS GMBH', Country: 'Germany'
2025-10-01 06:19:09,048 - INFO - Created new company - ID: 22583, Name: 'ESENS BRIESE SCHIFFAHRTS GMBH', Country: 'Germany'
2025-10-01 06:19:13,682 - INFO - Created new company - ID: 22584, Name: 'HOLTE BRIESE SCHIFFAHRTS GMBH', Country: 'Germany'
2025-10-01 06:19:18,305 - INFO - Created new company - ID: 22585, Name: 'RANTUM BRIESE SCHIFFAHRTS GMBH', Country: 'Germany'
2025-10-01 06:19:22,903 - INFO - Created new company - ID: 22586, Name: 'NESSEBORG BRIESE SCHIFFAHRTS', Country: 'Germany'
2025-10-01 06:19:27,497 - INFO - Created new company - ID: 22587, Name: 'BLUE STAR BRIESE SCHIFFAHRTS', Country: 'Germany'
2025-10-01 06:19:32,177 - INFO - Created new company - ID: 22588, Name: 'BRIESETAL BRIESE SCHIFFAHRTS', Country: 'Germany'
2025-10-01 06:19:36,828 - INFO - Created new company - ID: 22589, Name: 'BENTUM BRIESE SCHIFFAHRTS', Country: 'Germany'
2025-10-01 06:19:41,453 - INFO - Created new company - ID: 22590, Name: 'REERSUM BRIESE SCHIFFAHRTS', Country: 'Germany'
2025-10-01 06:19:46,155 - INFO - Created new company - ID: 22591, Name: 'FILSUM BRIESE SCHIFFAHRTS', Country: 'Germany'
2025-10-01 06:19:50,843 - INFO - Created new company - ID: 22592, Name: 'FLACHSMEER BRIESE SCHIFFAHRTS', Country: 'Germany'
2025-10-01 06:19:55,462 - INFO - Created new company - ID: 22593, Name: 'NORDERAUE BRIESE SCHIFFAHRTS', Country: 'Germany'
2025-10-01 06:20:00,146 - INFO - Created new company - ID: 22594, Name: 'HAI KUO SHIPPING 1986B LTD', Country: 'Germany'
2025-10-01 06:20:04,767 - INFO - Created new company - ID: 22595, Name: 'JUIST BRIESE SCHIFFAHRTS', Country: 'Germany'
2025-10-01 06:20:09,447 - INFO - Created new company - ID: 22596, Name: 'BORKUM BRIESE SCHIFFAHRTS', Country: 'Germany'
2025-10-01 06:20:14,117 - INFO - Created new company - ID: 22597, Name: 'HAI KUO SHIPPING 2114B LTD', Country: 'Germany'
2025-10-01 06:20:18,813 - INFO - Created new company - ID: 22598, Name: 'HAI KUO SHIPPING 2115B LTD', Country: 'Germany'
2025-10-01 06:20:23,482 - INFO - Created new company - ID: 22599, Name: 'HAI KUO SHIPPING 2116B LTD', Country: 'Germany'
2025-10-01 06:20:28,146 - INFO - Created new company - ID: 22600, Name: 'HAI KUO SHIPPING 2117B LTD', Country: 'Germany'
2025-10-01 06:20:32,811 - INFO - Created new company - ID: 22601, Name: 'XIANG I1 INTERNATIONAL SHIP', Country: 'None'
2025-10-01 06:20:38,007 - INFO - Created new company - ID: 22602, Name: 'XIANG I2 INTERNATIONAL SHIP', Country: 'None'
2025-10-01 06:20:43,369 - INFO - Created new company - ID: 22603, Name: 'NEUSCHOO BRIESE SCHIFFAHRTS', Country: 'Switzerland'
2025-10-01 06:20:48,555 - INFO - Created new company - ID: 22604, Name: 'XIANG I3 INTERNATIONAL SHIP', Country: 'Switzerland'
2025-10-01 06:20:53,668 - INFO - Created new company - ID: 22605, Name: 'XIANG I4 INTERNATIONAL SHIP', Country: 'Switzerland'
2025-10-01 06:20:58,694 - INFO - Created new company - ID: 22606, Name: 'APEN BRIESE SCHIFFAHRTS', Country: 'Switzerland'
2025-10-01 06:21:03,712 - INFO - Created new company - ID: 22607, Name: 'LANDBALJE BRIESE SCHIFFAHRTS', Country: 'Switzerland'
2025-10-01 06:21:08,344 - INFO - Created new company - ID: 22608, Name: 'LANDTIEF BRIESE SCHIFFAHRTS', Country: 'None'
2025-10-01 06:21:13,549 - INFO - Created new company - ID: 22609, Name: 'BUNDE BRIESE SCHIFFAHRTS', Country: 'Germany'
2025-10-01 06:21:18,567 - INFO - Created new company - ID: 22610, Name: 'OLDEBORG BRIESE SCHIFFAHRTS', Country: 'Germany'
2025-10-01 06:21:23,683 - INFO - Created new company - ID: 22611, Name: 'IDAFEHN BRIESE SCHIFFAHRTS', Country: 'Germany'
2025-10-01 06:21:29,120 - INFO - Created new company - ID: 22612, Name: 'NORTMOOR BRIESE SCHIFFAHRTS', Country: 'Germany'
2025-10-01 06:21:34,126 - INFO - Created new company - ID: 22613, Name: 'HAI KUO SHIPPING 1983B LTD', Country: 'Germany'
2025-10-01 06:21:39,448 - INFO - Created new company - ID: 22614, Name: 'HAI KUO SHIPPING 1985B LTD', Country: 'Germany'
2025-10-01 06:21:54,640 - INFO - Created new company - ID: 22615, Name: 'TOA LUX SA', Country: 'Luxembourg'
2025-10-01 06:21:59,250 - INFO - Created new company - ID: 22616, Name: 'VAN RUBROECK SA', Country: 'Luxembourg'
2025-10-01 06:22:03,862 - INFO - Created new company - ID: 22617, Name: 'OCTANS BRIESE SCHIFFAHRTS GMBH', Country: 'Germany'
2025-10-01 06:22:08,518 - INFO - Created new company - ID: 22618, Name: 'CARINA BRIESE SCHIFFAHRTS', Country: 'Germany'
2025-10-01 06:23:59,106 - INFO - Created new company - ID: 22619, Name: 'KEYBANK NATIONAL ASSOCIATION', Country: 'United-states'
2025-10-01 06:24:20,032 - INFO - Created new company - ID: 22620, Name: 'HAMMARLAND SHIPPING CO LTD', Country: 'Germany'
2025-10-01 06:24:24,659 - INFO - Created new company - ID: 22621, Name: 'VASTERBOTTEN GMBH & CO KG', Country: 'Germany'
2025-10-01 06:24:29,369 - INFO - Created new company - ID: 22622, Name: 'HALLAND GMBH & CO KG', Country: 'Germany'
2025-10-01 06:24:34,002 - INFO - Created new company - ID: 22623, Name: 'NYLAND GMBH & CO KG', Country: 'Germany'
2025-10-01 06:24:38,715 - INFO - Created new company - ID: 22624, Name: 'ELBE GMBH & CO KG', Country: 'Germany'
2025-10-01 06:24:43,340 - INFO - Created new company - ID: 22625, Name: 'NEVA GMBH & CO KG', Country: 'Germany'
2025-10-01 06:24:48,081 - INFO - Created new company - ID: 22626, Name: 'AMINA GMBH & CO KG', Country: 'Germany'
2025-10-01 06:24:52,748 - INFO - Created new company - ID: 22627, Name: 'HS SHIPPING CO LTD', Country: 'Germany'
2025-10-01 06:24:57,413 - INFO - Created new company - ID: 22628, Name: 'HUMBER RUNNER GMBH & CO KG', Country: 'Germany'
2025-10-01 06:25:02,070 - INFO - Created new company - ID: 22629, Name: 'HAVELLAND GMBH & CO KG', Country: 'Germany'
2025-10-01 06:25:06,680 - INFO - Created new company - ID: 22630, Name: 'LAPPLAND GMBH & CO KG', Country: 'Germany'
2025-10-01 06:25:11,399 - INFO - Created new company - ID: 22631, Name: 'FROLAND GMBH & CO KG', Country: 'Germany'
2025-10-01 06:25:16,015 - INFO - Created new company - ID: 22632, Name: 'ROGALAND GMBH & CO KG', Country: 'Germany'
2025-10-01 06:25:20,684 - INFO - Created new company - ID: 22633, Name: 'HADELAND GMBH & CO KG', Country: 'Germany'
2025-10-01 06:25:25,392 - INFO - Created new company - ID: 22634, Name: 'OPPLAND GMBH & CO KG', Country: 'Germany'
2025-10-01 06:25:30,090 - INFO - Created new company - ID: 22635, Name: 'AMBERLAND GMBH & CO KG', Country: 'Germany'
2025-10-01 06:25:34,799 - INFO - Created new company - ID: 22636, Name: 'JADELAND GMBH & CO KG', Country: 'Germany'
2025-10-01 06:25:39,500 - INFO - Created new company - ID: 22637, Name: 'RUBYLAND GMBH & CO KG', Country: 'Germany'
2025-10-01 06:25:44,226 - INFO - Created new company - ID: 22638, Name: 'LAPISLAND GMBH & CO KG', Country: 'Germany'
2025-10-01 06:25:48,901 - INFO - Created new company - ID: 22639, Name: 'ELBALAND GMBH & CO KG', Country: 'Germany'
2025-10-01 06:25:53,553 - INFO - Created new company - ID: 22640, Name: 'KEALAND GMBH & CO KG', Country: 'Germany'
2025-10-01 06:25:58,237 - INFO - Created new company - ID: 22641, Name: 'HELGOLAND GMBH & CO KG', Country: 'Germany'
2025-10-01 06:26:02,866 - INFO - Created new company - ID: 22642, Name: 'LOLLAND GMBH & CO KG', Country: 'Germany'
2025-10-01 06:26:07,481 - INFO - Created new company - ID: 22643, Name: 'SAAREMAA GMBH & CO KG', Country: 'Germany'
2025-10-01 06:26:12,131 - INFO - Created new company - ID: 22644, Name: 'HIIUMAA GMBH & CO KG', Country: 'Germany'
2025-10-01 06:26:53,967 - INFO - Created new company - ID: 22645, Name: 'NIALA SHIPPING INC', Country: 'Hong-kong'
2025-10-01 06:27:12,452 - INFO - Created new company - ID: 22646, Name: 'MARIDIVE WORLD MARINE LTD', Country: 'Egypt'
2025-10-01 06:27:21,699 - INFO - Created new company - ID: 22647, Name: 'WAU SHIPHOLDING LTD', Country: 'Germany'
2025-10-01 06:27:35,663 - INFO - Created new company - ID: 22648, Name: 'OTHELLOPLATE SCHIFFAHRTS', Country: 'Germany'
2025-10-01 06:27:40,399 - INFO - Created new company - ID: 22649, Name: 'HOHE BANK', Country: 'Germany'
2025-10-01 06:27:45,070 - INFO - Created new company - ID: 22650, Name: 'SCORPIUS BRIESE SCHIFFAHRTS', Country: 'Germany'
2025-10-01 06:27:49,786 - INFO - Created new company - ID: 22651, Name: 'AURIGA BRIESE SCHIFFAHRTS', Country: 'Germany'
2025-10-01 06:27:54,507 - INFO - Created new company - ID: 22652, Name: 'NORMA BRIESE SCHIFFAHRTS', Country: 'Germany'
2025-10-01 06:27:59,189 - INFO - Created new company - ID: 22653, Name: 'BOOTES BRIESE SCHIFFAHRTS', Country: 'Germany'
2025-10-01 06:28:03,861 - INFO - Created new company - ID: 22654, Name: 'LADY HARRIET REDERIJ', Country: 'Netherlands'
2025-10-01 06:28:08,549 - INFO - Created new company - ID: 22655, Name: 'LADY HABARKA', Country: 'Netherlands'
2025-10-01 06:28:13,242 - INFO - Created new company - ID: 22656, Name: 'LADY HANNAH REDERIJ', Country: 'Netherlands'
2025-10-01 06:28:17,933 - INFO - Created new company - ID: 22657, Name: 'LADY MARIE CHRISTINE REDERIJ', Country: 'Netherlands'
2025-10-01 06:28:22,594 - INFO - Created new company - ID: 22658, Name: 'LADY MATHILDE REDERIJ', Country: 'Netherlands'
2025-10-01 06:28:27,271 - INFO - Created new company - ID: 22659, Name: 'LADY MENNA REDERIJ', Country: 'Netherlands'
2025-10-01 06:28:31,943 - INFO - Created new company - ID: 22660, Name: 'LADY MONIQUE REDERIJ', Country: 'Netherlands'
2025-10-01 06:28:36,658 - INFO - Created new company - ID: 22661, Name: 'XIANG T124 HK INTERNATIONAL', Country: 'United-states'
2025-10-01 06:28:36,712 - INFO - Created new company - ID: 22662, Name: 'VALERO MARKETING & SUPPLY CO', Country: 'United-states'
2025-10-01 06:28:55,353 - INFO - Created new company - ID: 22663, Name: 'ED JL 0294 GMBH & CO KG', Country: 'Germany'
2025-10-01 06:29:00,093 - INFO - Created new company - ID: 22664, Name: 'ED JL 0295 GMBH & CO KG', Country: 'Germany'
2025-10-01 06:29:04,779 - INFO - Created new company - ID: 22665, Name: 'ED JL 0296 GMBH & CO KG', Country: 'Germany'
2025-10-01 06:29:09,450 - INFO - Created new company - ID: 22666, Name: 'ED JL 0297 GMBH & CO KG', Country: 'Germany'
2025-10-01 06:29:14,184 - INFO - Created new company - ID: 22667, Name: 'MS 'ELBINSEL' GMBH & CO KG', Country: 'Germany'
2025-10-01 06:29:18,929 - INFO - Created new company - ID: 22668, Name: 'ED JL 0318 GMBH & CO KG', Country: 'Germany'
2025-10-01 06:29:23,630 - INFO - Created new company - ID: 22669, Name: 'HANSA FLOTTBEK FEEDER III GMBH', Country: 'Germany'
2025-10-01 06:29:28,327 - INFO - Created new company - ID: 22670, Name: 'HANSA FLOTTBEK FEEDER VII GMBH', Country: 'Germany'
2025-10-01 06:29:33,022 - INFO - Created new company - ID: 22671, Name: 'FS CONTAINER AS', Country: 'Norway'
2025-10-01 06:29:33,075 - INFO - Created new company - ID: 22672, Name: 'NRP PROCURATOR AS', Country: 'Norway'
2025-10-01 06:29:37,732 - INFO - Created new company - ID: 22673, Name: 'CAPITOL WORKBOATS PTE LTD', Country: 'Singapore'
2025-10-01 06:33:41,178 - INFO - Created new company - ID: 22674, Name: 'NEGIN SABZ MIDDLE EAST ENG', Country: 'Iran'
2025-10-01 06:33:46,291 - INFO - Created new company - ID: 22675, Name: 'PENINSULA LNG TRANSPORT NO 3', Country: 'United-kingdom'
2025-10-01 06:33:51,615 - INFO - Created new company - ID: 22676, Name: 'ARCTIC GREEN LNG SHIPPING LTD', Country: 'Singapore'
2025-10-01 06:33:56,247 - INFO - Created new company - ID: 22677, Name: 'XINGXING INTERNATIONAL SHIP', Country: 'Singapore'
2025-10-01 06:34:01,355 - INFO - Created new company - ID: 22678, Name: 'XINGTONG INTERNATIONAL SHIP', Country: 'Singapore'
2025-10-01 06:34:06,354 - INFO - Created new company - ID: 22679, Name: 'HUAWEN LNG TRANSPORT PTE LTD', Country: 'None'
2025-10-01 06:34:11,465 - INFO - Created new company - ID: 22680, Name: 'HUAMING LNG TRANSPORT PTE LTD', Country: 'None'
2025-10-01 06:34:16,602 - INFO - Created new company - ID: 22681, Name: 'SANTA GLORIA NAVIGATION SA', Country: 'Singapore'
2025-10-01 06:34:16,656 - INFO - Created new company - ID: 22682, Name: 'NYK ENERGY OCEAN SHIPMGT', Country: 'None'
2025-10-01 06:34:21,928 - INFO - Created new company - ID: 22683, Name: 'GAS SPIRITS SHIPPING SA', Country: 'Japan'
2025-10-01 06:34:27,152 - INFO - Created new company - ID: 22684, Name: 'MINT MARINE SA', Country: 'Panama'
2025-10-01 06:34:32,372 - INFO - Created new company - ID: 22685, Name: 'SUNNY DURBAN MARITIME SA', Country: 'Singapore'
2025-10-01 06:34:37,697 - INFO - Created new company - ID: 22686, Name: 'JAYA TRADE PTE LTD', Country: 'Singapore'
2025-10-01 06:34:42,915 - INFO - Created new company - ID: 22687, Name: 'KONA MARITIME SA', Country: 'Singapore'
2025-10-01 06:34:48,141 - INFO - Created new company - ID: 22688, Name: 'PHOENIX LINE SHIPPING SA', Country: 'Singapore'
2025-10-01 06:34:53,266 - INFO - Created new company - ID: 22689, Name: 'CORTES MARCHA CORP', Country: 'Panama'
2025-10-01 06:34:58,296 - INFO - Created new company - ID: 22690, Name: 'LOYAL ESTRELLA SA', Country: 'Panama'
2025-10-01 06:35:03,501 - INFO - Created new company - ID: 22691, Name: 'NEWTONBULK MARITIME INC', Country: 'Panama'
2025-10-01 06:35:08,625 - INFO - Created new company - ID: 22692, Name: 'EDERTAL NH SCHIFFFAHRTS', Country: 'China'
2025-10-01 06:35:13,732 - INFO - Created new company - ID: 22693, Name: 'NORDIC ITALIA 2', Country: 'None'
2025-10-01 06:35:18,902 - INFO - Created new company - ID: 22694, Name: 'MARIA DA PAZ SCHIFFFAHRTS', Country: 'Germany'
2025-10-01 06:35:24,096 - INFO - Created new company - ID: 22695, Name: 'PSL NAVEGACAO SA', Country: 'Germany'
2025-10-01 06:35:29,219 - INFO - Created new company - ID: 22696, Name: 'STOXOS INVESTMENTS SA', Country: 'Germany'
2025-10-01 06:35:34,334 - INFO - Created new company - ID: 22697, Name: 'RUHRTAL NH SCHIFFFAHRTS', Country: 'Germany'
2025-10-01 06:35:39,568 - INFO - Created new company - ID: 22698, Name: 'FULDATAL NH SCHIFFFAHRTS', Country: 'Germany'
2025-10-01 06:35:44,678 - INFO - Created new company - ID: 22699, Name: 'UNISPIRIT SHIPPING GMBH & CO', Country: 'Germany'
2025-10-01 06:35:49,795 - INFO - Created new company - ID: 22700, Name: 'ZIRCON SHIPPING SA', Country: 'Cyprus'
2025-10-01 06:35:55,014 - INFO - Created new company - ID: 22701, Name: 'SINUS FIDEI MARSHIP GMBH & CO', Country: 'Germany'
2025-10-01 06:36:00,140 - INFO - Created new company - ID: 22702, Name: 'ALSTERTAL NH SCHIFFFAHRTS', Country: 'Germany'
2025-10-01 06:36:05,356 - INFO - Created new company - ID: 22703, Name: 'HASETAL NH SCHIFFFAHRTS', Country: 'Germany'
2025-10-01 06:36:10,589 - INFO - Created new company - ID: 22704, Name: '10 ELBE-EMS SCHIFFFAHRTS GMBH', Country: 'Germany'
2025-10-01 06:36:15,903 - INFO - Created new company - ID: 22705, Name: 'ELBETAL NH SCHIFFFAHRTS GMBH', Country: 'Germany'
2025-10-01 06:36:21,131 - INFO - Created new company - ID: 22706, Name: 'MARSHIP MINIBULKER FLOTTE GMBH', Country: 'Germany'
2025-10-01 06:36:26,350 - INFO - Created new company - ID: 22707, Name: 'JR SCHIFFFAHRTS GMBH & CO KG', Country: 'Germany'
2025-10-01 06:36:31,571 - INFO - Created new company - ID: 22708, Name: 'DUTCH REGINA SHIPPING GMBH', Country: 'Germany'
2025-10-01 06:36:37,000 - INFO - Created new company - ID: 22709, Name: 'DUTCH VERENA SHIPPING GMBH', Country: 'Germany'
2025-10-01 06:36:41,938 - INFO - Created new company - ID: 22710, Name: 'UNISTREAM GMBH & CO KG', Country: 'Germany'
2025-10-01 06:36:46,935 - INFO - Created new company - ID: 22711, Name: 'WERRATAL NH SCHIFFFAHRTS GMBH', Country: 'Germany'
2025-10-01 06:36:52,158 - INFO - Created new company - ID: 22712, Name: 'STELLA FRIEDERICH', Country: 'Germany'
2025-10-01 06:36:57,068 - INFO - Created new company - ID: 22713, Name: 'SINUS AESTUUM NH SCHIFFFAHRTS', Country: 'Germany'
2025-10-01 06:37:02,406 - INFO - Created new company - ID: 22714, Name: 'DONAUTAL NH SCHIFFFAHRTS', Country: 'Germany'
2025-10-01 06:37:07,280 - INFO - Created new company - ID: 22715, Name: 'MAINTAL NH SCHIFFFAHRTS', Country: 'Germany'
2025-10-01 06:37:12,193 - INFO - Created new company - ID: 22716, Name: 'NECKARTAL NH SCHIFFFAHRTS', Country: 'Germany'
2025-10-01 06:37:16,842 - INFO - Created new company - ID: 22717, Name: 'PANORMOS CONTAINER CARRIER SA', Country: 'Greece'
2025-10-01 06:37:16,897 - INFO - Created new company - ID: 22718, Name: 'CAPITAL-EXECUTIVE SHP MGMT-MAI', Country: 'None'
2025-10-01 06:37:21,610 - INFO - Created new company - ID: 22719, Name: 'LS-MHL12 CO LTD', Country: 'Greece'
2025-10-01 06:37:31,008 - INFO - Created new company - ID: 22720, Name: 'VOYAGE CRAFT INC', Country: 'France'
2025-10-01 06:37:35,719 - INFO - Created new company - ID: 22721, Name: 'WINTER WIND NAVIGATION LTD', Country: 'France'
2025-10-01 06:37:40,367 - INFO - Created new company - ID: 22722, Name: 'ZEST CHARTERING LTD', Country: 'France'
2025-10-01 06:37:45,078 - INFO - Created new company - ID: 22723, Name: 'ALCOA WORLD ALUMINA BRASIL', Country: 'Brazil'
2025-10-01 06:37:49,720 - INFO - Created new company - ID: 22724, Name: 'ALCOA ALUMINIO SA', Country: 'Brazil'
2025-10-01 06:37:54,477 - INFO - Created new company - ID: 22725, Name: 'COMMANDER TOWAGE SDN BHD', Country: 'Malaysia'
2025-10-01 06:37:59,130 - INFO - Created new company - ID: 22726, Name: 'Y2Z SHIP MANAGEMENT SDN BHD', Country: 'Malaysia'
2025-10-01 06:38:05,410 - INFO - Created new company - ID: 22727, Name: '3260812 NOVA SCOTIA LTD', Country: 'Canada'
2025-10-01 06:38:05,462 - INFO - Created new company - ID: 22728, Name: 'SECUNDA CANADA LP', Country: 'None'
2025-10-01 06:38:28,828 - INFO - Created new company - ID: 22729, Name: 'JINWEI ENGINEERING SERVICE LTD', Country: 'Hong-kong'
2025-10-01 06:38:28,884 - INFO - Created new company - ID: 22730, Name: 'PEARL MARINE SHIPPING CONSULTS', Country: 'None'
2025-10-01 06:38:33,564 - INFO - Created new company - ID: 22731, Name: 'PRIME GOLD INTERNATIONAL PTE', Country: 'Singapore'
2025-10-01 06:38:38,282 - INFO - Created new company - ID: 22732, Name: 'M/S SATURN NORRESUNDBY APS', Country: 'Denmark'
2025-10-01 06:38:38,337 - INFO - Created new company - ID: 22733, Name: 'JANUS ANDERSEN & CO A/S', Country: 'Denmark'
2025-10-01 06:38:43,063 - INFO - Created new company - ID: 22734, Name: 'KARMSUND APS', Country: 'Denmark'
2025-10-01 06:39:15,840 - INFO - Created new company - ID: 22735, Name: 'OSPREY SHIPPING LTD-IRP', Country: 'Germany'
2025-10-01 06:39:20,506 - INFO - Created new company - ID: 22736, Name: 'WINDEA CTV THREE GMBH & CO KG', Country: 'Germany'
2025-10-01 06:39:26,992 - INFO - Created new company - ID: 22737, Name: 'WINDEA CTV FOUR GMBH & CO KG', Country: 'Germany'
2025-10-01 06:39:31,690 - INFO - Created new company - ID: 22738, Name: 'WINDEA CTV SIX GMBH & CO KG', Country: 'Germany'
2025-10-01 06:39:41,098 - INFO - Created new company - ID: 22739, Name: 'NORDWIND SHIPPING INSIDE', Country: 'Germany'
2025-10-01 06:39:45,775 - INFO - Created new company - ID: 22740, Name: 'AENNE RICKMERS SCHIFFS', Country: 'Germany'
2025-10-01 06:39:59,556 - INFO - Created new company - ID: 22741, Name: 'TOWMAR LIEPAJA SIA', Country: 'Latvia'
2025-10-01 06:40:08,853 - INFO - Created new company - ID: 22742, Name: 'SIMPSON OILS LTD', Country: 'United-kingdom'
2025-10-01 06:40:13,544 - INFO - Created new company - ID: 22743, Name: 'ALVERTON SHIPPING LTD', Country: 'Liberia'
2025-10-01 06:40:18,254 - INFO - Created new company - ID: 22744, Name: 'SEA BRILLIANCE INC', Country: 'Germany'
2025-10-01 06:40:27,608 - INFO - Created new company - ID: 22745, Name: 'NORDISCHE SCHIFFSBTEILIGUNG', Country: 'Germany'
2025-10-01 06:40:41,571 - INFO - Created new company - ID: 22746, Name: 'COE 2 SEA GMBH', Country: 'Germany'
2025-10-01 06:40:46,318 - INFO - Created new company - ID: 22747, Name: 'LONG ISLAND SHIPPING CO LTD', Country: 'Germany'
2025-10-01 06:40:51,046 - INFO - Created new company - ID: 22748, Name: 'GROWTH SHIPPING LTD-MAI', Country: 'Marshall-islands'
2025-10-01 06:40:55,808 - INFO - Created new company - ID: 22749, Name: 'MINA SCHIFFAHRTS GMBH & CO KG', Country: 'Germany'
2025-10-01 06:41:00,550 - INFO - Created new company - ID: 22750, Name: 'COE 2 SEA CARRIER GMBH & CO KG', Country: 'Germany'
2025-10-01 06:41:05,308 - INFO - Created new company - ID: 22751, Name: 'FUJITA SHOJI CO LTD & NEXIA SA', Country: 'Germany'
2025-10-01 06:41:10,037 - INFO - Created new company - ID: 22752, Name: 'MIEKE SCHIFFAHRTS GMBH & CO KG', Country: 'Germany'
2025-10-01 06:41:10,091 - INFO - Created new company - ID: 22753, Name: 'COE SHIPPING GMBH & CO KG', Country: 'Germany'
2025-10-01 06:41:14,803 - INFO - Created new company - ID: 22754, Name: 'ILKA GMBH & CO KG', Country: 'Germany'
2025-10-01 06:41:24,232 - INFO - Created new company - ID: 22755, Name: 'VERNICOS OCEANOS MARITIME CO', Country: 'Greece'
2025-10-01 06:41:28,960 - INFO - Created new company - ID: 22756, Name: 'KAMARES MARITIME CO', Country: 'Greece'
2025-10-01 06:41:33,710 - INFO - Created new company - ID: 22757, Name: 'ALPHA FORCE SHIPPING CO', Country: 'Greece'
2025-10-01 06:41:38,459 - INFO - Created new company - ID: 22758, Name: 'VITA-A MARITIME CO', Country: 'Greece'
2025-10-01 06:42:15,901 - INFO - Created new company - ID: 22759, Name: 'NAFSINOOS MARITIME CO', Country: 'Greece'
2025-10-01 06:42:20,694 - INFO - Created new company - ID: 22760, Name: 'HOPE MARINE SA', Country: 'Greece'
2025-10-01 06:42:25,414 - INFO - Created new company - ID: 22761, Name: 'CHIOS LUCK ENE', Country: 'Greece'
2025-10-01 06:42:30,209 - INFO - Created new company - ID: 22762, Name: 'CHIOS OCEAN ENE', Country: 'Greece'
2025-10-01 06:42:34,941 - INFO - Created new company - ID: 22763, Name: 'CHIOS PROGRESS SHPG & TRADING', Country: 'Greece'
2025-10-01 06:42:39,709 - INFO - Created new company - ID: 22764, Name: 'TRANSPORTE MARITIMO RL', Country: 'Greece'
2025-10-01 06:42:44,452 - INFO - Created new company - ID: 22765, Name: 'SEA MOON SHIPPING & TRADING SA', Country: 'Greece'
2025-10-01 06:42:49,207 - INFO - Created new company - ID: 22766, Name: 'SEA LADY SHIPPING & TRADING SA', Country: 'Greece'
2025-10-01 06:42:53,945 - INFO - Created new company - ID: 22767, Name: 'SEA BRAVE SHIPPING & TRDG-MAI', Country: 'Greece'
2025-10-01 06:42:58,728 - INFO - Created new company - ID: 22768, Name: 'SEA FALCON SHIPPING & TRADING', Country: 'Marshall-islands'
2025-10-01 06:43:03,431 - INFO - Created new company - ID: 22769, Name: 'SEA FAITH SHIPPING & TRADING', Country: 'Greece'
2025-10-01 06:43:08,123 - INFO - Created new company - ID: 22770, Name: 'SEVEN MARITIME CO', Country: 'Greece'
2025-10-01 06:43:22,161 - INFO - Created new company - ID: 22771, Name: 'CHENG TAI INT'L SHIPPING CO LT', Country: 'Hong-kong'
2025-10-01 06:43:26,913 - INFO - Created new company - ID: 22772, Name: 'PACIFIC ASIA SHIPPING CO-HKG', Country: 'Hong-kong'
2025-10-01 06:43:31,628 - INFO - Created new company - ID: 22773, Name: 'SHENZHEN DACHENG CHANGDA', Country: 'Hong-kong'
2025-10-01 06:43:36,398 - INFO - Created new company - ID: 22774, Name: 'ZHOUSHAN DAJI WULIU CO LTD', Country: 'China'
2025-10-01 06:43:50,573 - INFO - Created new company - ID: 22775, Name: 'SAVANNAH OFFSHORE LOGISTICS', Country: 'None'
2025-10-01 06:43:50,627 - INFO - Created new company - ID: 22776, Name: 'SAN MARINE', Country: 'None'
2025-10-01 06:44:33,535 - INFO - Created new company - ID: 22777, Name: 'YASH DEVELOPERS', Country: 'India'
2025-10-01 06:45:57,756 - INFO - Created new company - ID: 22778, Name: 'FAIRMACS TRADING CO PVT LTD', Country: 'India'
2025-10-01 06:46:25,472 - INFO - Created new company - ID: 22779, Name: 'ADANI ENTERPRISES LTD', Country: 'India'
2025-10-01 06:49:00,766 - INFO - Created new company - ID: 22780, Name: 'JO MARINE PANAMA SA', Country: 'Panama'
2025-10-01 06:49:10,203 - INFO - Created new company - ID: 22781, Name: 'TAIKEI GYOGYO/TAIYO A&F', Country: 'Japan'
2025-10-01 06:49:29,088 - INFO - Created new company - ID: 22782, Name: 'LEPTA SHIPPING CO LTD', Country: 'None'
2025-10-01 06:50:11,148 - INFO - Created new company - ID: 22783, Name: 'MMA OFFSHORE MALAYSIA SDN BHD', Country: 'None'
2025-10-01 06:50:20,695 - INFO - Created new company - ID: 22784, Name: 'MMA OFFSHORE SHIPYARD', Country: 'Singapore'
2025-10-01 06:50:25,395 - INFO - Created new company - ID: 22785, Name: 'BOLLARD VENTURES LTD', Country: 'Marshall-islands'
2025-10-01 06:50:30,104 - INFO - Created new company - ID: 22786, Name: 'SEABREZE MARITIME CORP-MAI', Country: 'Greece'
2025-10-01 06:50:53,852 - INFO - Created new company - ID: 22787, Name: 'TKL MARITIME & TRADING INC', Country: 'Türkiye'
2025-10-01 06:50:58,585 - INFO - Created new company - ID: 22788, Name: 'TANAB MARITIME & TRADING INC', Country: 'Türkiye'
2025-10-01 06:51:03,395 - INFO - Created new company - ID: 22789, Name: 'ATAKO DESTEK ARAC KIRALAMA', Country: 'Türkiye'
2025-10-01 06:51:03,448 - INFO - Created new company - ID: 22790, Name: 'NAKKAS DENIZCILIK VE TICARET', Country: 'None'
2025-10-01 06:51:08,203 - INFO - Created new company - ID: 22791, Name: 'GEMLIK DENIZ', Country: 'Türkiye'
2025-10-01 06:51:12,959 - INFO - Created new company - ID: 22792, Name: 'GRIDA MARITIME & TRADING INC', Country: 'None'
2025-10-01 06:51:17,732 - INFO - Created new company - ID: 22793, Name: 'NATHEA MARITIME & TRADING INC', Country: 'None'
2025-10-01 06:51:22,522 - INFO - Created new company - ID: 22794, Name: 'U GEMI KIRALAMA VE TICARET LTD', Country: 'Türkiye'
2025-10-01 06:51:27,236 - INFO - Created new company - ID: 22795, Name: 'DP WORLD UAE REGION FZE', Country: 'United-kingdom'
2025-10-01 06:51:41,356 - INFO - Created new company - ID: 22796, Name: 'P&C KRISTIN POLING LLC', Country: 'United-states'
2025-10-01 06:51:46,118 - INFO - Created new company - ID: 22797, Name: 'P&C KIMBERLY POLING LLC', Country: 'United-states'
2025-10-01 06:51:50,884 - INFO - Created new company - ID: 22798, Name: 'P&C EVELYN CUTLER LLC', Country: 'United-states'
2025-10-01 06:51:55,674 - INFO - Created new company - ID: 22799, Name: 'NUSTAR TERMINALS NV', Country: 'Caribbean-netherlands'
2025-10-01 06:52:14,518 - INFO - Created new company - ID: 22800, Name: 'RUSSIA GOVT HYDROMETEOROLOGIC', Country: 'Russia'
2025-10-01 06:52:33,402 - INFO - Created new company - ID: 22801, Name: 'TSHD MIDDELBURG BV', Country: 'Netherlands'
2025-10-01 06:52:38,191 - INFO - Created new company - ID: 22802, Name: 'TSHD ZEEBURG BV', Country: 'Netherlands'
2025-10-01 06:52:57,178 - INFO - Created new company - ID: 22803, Name: 'OMUS SHIPPING & INTERNATIONAL', Country: 'Marshall-islands'
2025-10-01 06:53:01,935 - INFO - Created new company - ID: 22804, Name: 'MORES SHIPPING & INTERNATIONAL', Country: 'Türkiye'
2025-10-01 06:53:06,771 - INFO - Created new company - ID: 22805, Name: 'KOM SHIPPING & TRADING CO', Country: 'Germany'
2025-10-01 06:53:11,523 - INFO - Created new company - ID: 22806, Name: 'TEAM SHIPPING & INTERNATIONAL', Country: 'Türkiye'
2025-10-01 06:55:11,930 - INFO - Created new company - ID: 22807, Name: 'TOTALENERGIES E&P UK LTD', Country: 'United-kingdom'
2025-10-01 06:55:16,656 - INFO - Created new company - ID: 22808, Name: 'CHERAMIE BOTRUC NO 39 LLC', Country: 'United-states'
2025-10-01 06:55:21,220 - INFO - Created new company - ID: 22809, Name: 'CHERAMIE BOTRUC NO 38 LLC', Country: 'United-states'
2025-10-01 06:55:25,947 - INFO - Created new company - ID: 22810, Name: 'C-TRUC NO 10 LLC', Country: 'United-states'
2025-10-01 06:55:30,717 - INFO - Created new company - ID: 22811, Name: 'C-TRUC NO 9 LLC', Country: 'United-states'
2025-10-01 06:55:35,510 - INFO - Created new company - ID: 22812, Name: 'C-TRUC NO 7 LLC', Country: 'United-states'
2025-10-01 06:55:40,277 - INFO - Created new company - ID: 22813, Name: 'RE SHIPPING & TRADE LTD CO', Country: 'Türkiye'
2025-10-01 06:55:45,029 - INFO - Created new company - ID: 22814, Name: 'ORION SHIPPING & TRADE LTD', Country: 'Türkiye'
2025-10-01 06:55:49,867 - INFO - Created new company - ID: 22815, Name: 'BALKAN SHIPPING & TRADE LTD', Country: 'Türkiye'
2025-10-01 06:55:54,618 - INFO - Created new company - ID: 22816, Name: 'AZ OCEAN PELAGIC FISHERIES BV', Country: 'Netherlands'
2025-10-01 06:56:04,157 - INFO - Created new company - ID: 22817, Name: 'BRUSCO MARITIME CO', Country: 'United-states'
2025-10-01 06:56:47,027 - INFO - Created new company - ID: 22818, Name: 'JEJU NATIONAL UNIVERSITY', Country: 'South-korea'
2025-10-01 06:56:51,838 - INFO - Created new company - ID: 22819, Name: 'MOKPO NATIONAL MARITIME UNI', Country: 'South-korea'
2025-10-01 06:56:56,434 - INFO - Created new company - ID: 22820, Name: 'KYUNGSANG NATIONAL UNIVERSITY', Country: 'South-korea'
2025-10-01 06:57:24,805 - INFO - Created new company - ID: 22821, Name: 'PANTANETTA CORP-PAN', Country: 'United-arab-emirates'
2025-10-01 06:57:24,858 - INFO - Created new company - ID: 22822, Name: 'ARIES SHIP MANAGEMENT CO', Country: 'None'
2025-10-01 06:57:29,629 - INFO - Created new company - ID: 22823, Name: 'COLIMORE SHIPPING INC', Country: 'Panama'
2025-10-01 06:58:25,633 - INFO - Created new company - ID: 22824, Name: 'AFRICA SHIP LEASING 15 BV', Country: 'Nigeria'
2025-10-01 06:58:39,855 - INFO - Created new company - ID: 22825, Name: 'RHENUS SCHIFFINVEST GMBH', Country: 'Germany'
2025-10-01 06:58:39,909 - INFO - Created new company - ID: 22826, Name: 'RHENUS MARITIME SERVICES GMBH', Country: 'Germany'
2025-10-01 06:58:44,727 - INFO - Created new company - ID: 22827, Name: 'RIVER TRADER MARINE SA', Country: 'United-kingdom'
2025-10-01 06:58:49,496 - INFO - Created new company - ID: 22828, Name: 'ORIGINAL CORP', Country: 'United-kingdom'
2025-10-01 06:59:27,229 - INFO - Created new company - ID: 22829, Name: 'TIRAAV SHIPPING FZC', Country: 'United-arab-emirates'
2025-10-01 07:00:14,573 - INFO - Created new company - ID: 22830, Name: 'BIMAR SHIPPING LP', Country: 'United-states'
2025-10-01 07:00:19,318 - INFO - Created new company - ID: 22831, Name: 'MEDTUG NORWAY AS', Country: 'None'
2025-10-01 07:00:47,896 - INFO - Created new company - ID: 22832, Name: 'PAFULI DENIZCILIK VE TICARET', Country: 'Türkiye'
2025-10-01 07:00:52,715 - INFO - Created new company - ID: 22833, Name: 'DIVINA SHIPPING & TRADING LTD', Country: 'Türkiye'
2025-10-01 07:00:57,541 - INFO - Created new company - ID: 22834, Name: 'LAGUNA MARINE LTD', Country: 'Türkiye'
2025-10-01 07:01:02,407 - INFO - Created new company - ID: 22835, Name: 'EVA OVERSEAS LTD SA', Country: 'Honduras'
2025-10-01 07:01:16,826 - INFO - Created new company - ID: 22836, Name: 'DEWS SPRING PTE LTD', Country: 'Singapore'
2025-10-01 07:01:16,880 - INFO - Created new company - ID: 22837, Name: 'GOLDEN ISLAND PTE LTD', Country: 'None'
2025-10-01 07:01:21,422 - INFO - Created new company - ID: 22838, Name: 'GOLDEN SIRIUS PTE LTD', Country: 'None'
2025-10-01 07:01:55,067 - INFO - Created new company - ID: 22839, Name: 'APEX SHIPPING INC-CHT', Country: 'None'
2025-10-01 07:01:59,918 - INFO - Created new company - ID: 22840, Name: 'EUCALYPTUS MARINE CO', Country: 'Türkiye'
2025-10-01 07:02:04,705 - INFO - Created new company - ID: 22841, Name: 'MAPLE MARINE CO', Country: 'Marshall-islands'
2025-10-01 07:02:09,486 - INFO - Created new company - ID: 22842, Name: 'ACACIA SHIPPING CO', Country: 'Türkiye'
2025-10-01 07:02:14,264 - INFO - Created new company - ID: 22843, Name: 'NEW ACACIA MARINE CO', Country: 'Marshall-islands'
2025-10-01 07:02:18,989 - INFO - Created new company - ID: 22844, Name: 'VICTORIA SHIP MANAGEMENT-MAI', Country: 'United-arab-emirates'
2025-10-01 07:02:28,452 - INFO - Created new company - ID: 22845, Name: 'VICTORIA SHIPHOLDING SA', Country: 'Türkiye'
2025-10-01 07:02:33,256 - INFO - Created new company - ID: 22846, Name: 'DD SHIPPING LTD-MAI', Country: 'Türkiye'
2025-10-01 07:02:38,100 - INFO - Created new company - ID: 22847, Name: 'GRAND LIGHT SHIPPING CORP', Country: 'Türkiye'
2025-10-01 07:02:42,665 - INFO - Created new company - ID: 22848, Name: 'HEREX TRADING LTD', Country: 'Belize'
2025-10-01 07:02:52,174 - INFO - Created new company - ID: 22849, Name: 'MUTTRAH COAST FOR MODERN SRVS', Country: 'None'
2025-10-01 07:02:57,082 - INFO - Created new company - ID: 22850, Name: 'SHANBADINIA M & MRS', Country: 'United-arab-emirates'
2025-10-01 07:03:34,778 - INFO - Created new company - ID: 22851, Name: 'PRINS & DINGEMANSE BV', Country: 'Netherlands'
2025-10-01 07:03:53,936 - INFO - Created new company - ID: 22852, Name: 'OCEAN PROJECT GROUP LTD', Country: 'Marshall-islands'
2025-10-01 07:04:04,908 - INFO - Created new company - ID: 22853, Name: 'VISURGIS', Country: 'United-states'
2025-10-01 07:04:33,768 - INFO - Created new company - ID: 22854, Name: 'CRAIGNISH LTD', Country: 'Nigeria'
2025-10-01 07:04:38,556 - INFO - Created new company - ID: 22855, Name: 'GOYA MARINE SERVICES LTD', Country: 'United-arab-emirates'
2025-10-01 07:04:43,404 - INFO - Created new company - ID: 22856, Name: 'MARINE OFFSHORE SERVICES LTD', Country: 'United-arab-emirates'
2025-10-01 07:04:48,012 - INFO - Created new company - ID: 22857, Name: 'ALALI MS', Country: 'United-arab-emirates'
2025-10-01 07:04:52,804 - INFO - Created new company - ID: 22858, Name: 'DIAMOND PIONEER GULF SHIPPING', Country: 'United-arab-emirates'
2025-10-01 07:04:57,640 - INFO - Created new company - ID: 22859, Name: 'TRUST MARINE & SHIPPING INC', Country: 'United-arab-emirates'
2025-10-01 07:05:07,279 - INFO - Created new company - ID: 22860, Name: 'ASTOL SHIPPING & TRADING', Country: 'Türkiye'
2025-10-01 07:05:40,656 - INFO - Created new company - ID: 22861, Name: 'AJOS SHIPPING CO LTD', Country: 'Türkiye'
2025-10-01 07:05:45,543 - INFO - Created new company - ID: 22862, Name: 'ANOMIS MARINE SA', Country: 'Türkiye'
2025-10-01 07:06:04,837 - INFO - Created new company - ID: 22863, Name: 'SEITA SHIPPING CO SA', Country: 'Taiwan'
2025-10-01 07:06:14,447 - INFO - Created new company - ID: 22864, Name: 'SYOTA SHIPPING CO SA', Country: 'Taiwan'
2025-10-01 07:32:39,577 - INFO - Created new company - ID: 22865, Name: 'AVENIR L PTE LTD', Country: 'Norway'
2025-10-01 07:32:47,761 - INFO - Created new company - ID: 22866, Name: 'AVENIR ACHIEVEMENT LTD', Country: 'Norway'
2025-10-01 07:33:53,047 - INFO - Created new company - ID: 22867, Name: 'UMAS 29 AS', Country: 'None'
2025-10-01 07:34:06,865 - INFO - Created new company - ID: 22868, Name: 'EDDA WIND XI AS', Country: 'Norway'
2025-10-01 07:34:11,317 - INFO - Created new company - ID: 22869, Name: 'EDDA WIND XII AS', Country: 'None'
2025-10-01 07:34:36,406 - INFO - Created new company - ID: 22870, Name: 'VENUS SHIPPING APS', Country: 'Denmark'
2025-10-01 07:35:21,104 - INFO - Created new company - ID: 22871, Name: 'NORWEGIAN PSV V AS', Country: 'Norway'
2025-10-01 07:35:37,462 - INFO - Created new company - ID: 22872, Name: 'SKS SHIPOWNING 2 LTD', Country: 'Norway'
2025-10-01 07:35:37,530 - INFO - Created new company - ID: 22873, Name: 'SKS POOL AS', Country: 'Norway'
2025-10-01 07:35:58,029 - INFO - Created new company - ID: 22874, Name: 'COCKETT MARINE OIL BENELUX BV', Country: 'Norway'
2025-10-01 07:36:02,157 - INFO - Created new company - ID: 22875, Name: 'DALSEIDE SHIPPING SERVICES AS', Country: 'Norway'
2025-10-01 07:36:06,261 - INFO - Created new company - ID: 22876, Name: 'ALVHEIM AS', Country: 'Norway'
2025-10-01 07:36:10,389 - INFO - Created new company - ID: 22877, Name: 'OCY ORLA LTD', Country: 'Norway'
2025-10-01 07:36:14,526 - INFO - Created new company - ID: 22878, Name: 'OCY FRAYJA LTD', Country: 'Norway'
2025-10-01 07:36:55,471 - INFO - Created new company - ID: 22879, Name: 'RISOR BULK I AS', Country: 'Netherlands'
2025-10-01 07:37:03,709 - INFO - Created new company - ID: 22880, Name: 'RISOR BULK II AS', Country: 'Norway'
2025-10-01 07:37:19,989 - INFO - Created new company - ID: 22881, Name: 'EIDESVIK REACH AS', Country: 'Norway'
2025-10-01 07:37:28,185 - INFO - Created new company - ID: 22882, Name: 'HAVILA MARITIME DIS I AS', Country: 'Norway'
2025-10-01 07:37:32,290 - INFO - Created new company - ID: 22883, Name: 'VOLSTAD CONSTRUCTION AS', Country: 'Norway'
2025-10-01 07:37:36,376 - INFO - Created new company - ID: 22884, Name: 'GRAND CANYON 3 KS', Country: 'Norway'
2025-10-01 07:37:48,672 - INFO - Created new company - ID: 22885, Name: 'BOMMELBAS AS', Country: 'Norway'
2025-10-01 07:37:52,750 - INFO - Created new company - ID: 22886, Name: 'EIDESVAG AS', Country: 'Norway'
2025-10-01 07:37:56,852 - INFO - Created new company - ID: 22887, Name: 'ELISABETH AS', Country: 'Norway'
2025-10-01 07:38:00,953 - INFO - Created new company - ID: 22888, Name: 'LONGSTAR BV', Country: 'None'
2025-10-01 07:38:05,099 - INFO - Created new company - ID: 22889, Name: 'NORBJORN', Country: 'Norway'
2025-10-01 07:38:09,214 - INFO - Created new company - ID: 22890, Name: 'POLAR VIKING AS', Country: 'Norway'
2025-10-01 07:38:13,325 - INFO - Created new company - ID: 22891, Name: 'NORVARG AS', Country: 'Norway'
2025-10-01 07:38:33,708 - INFO - Created new company - ID: 22892, Name: 'TRAAL AS', Country: 'Norway'
2025-10-01 07:38:37,841 - INFO - Created new company - ID: 22893, Name: 'RAMOEN AS', Country: 'Norway'
2025-10-01 07:39:14,399 - INFO - Created new company - ID: 22894, Name: 'URVAAG AS', Country: 'Norway'
2025-10-01 07:39:38,673 - INFO - Created new company - ID: 22895, Name: 'KVITUNGEN AS', Country: 'Norway'
2025-10-01 07:39:42,790 - INFO - Created new company - ID: 22896, Name: 'POLAR SEAFOOD DENMARK A/S', Country: 'Denmark'
2025-10-01 07:39:56,735 - INFO - Created new company - ID: 22897, Name: 'NORDLAKS BRONNBAT AS', Country: 'Norway'
2025-10-01 07:40:13,107 - INFO - Created new company - ID: 22898, Name: 'TIANJIN BLUE OCEAN-I LEASING', Country: 'Norway'
2025-10-01 07:40:17,220 - INFO - Created new company - ID: 22899, Name: 'TIANJIN BLUE OCEAN-II LEASING', Country: 'Norway'
2025-10-01 07:40:41,760 - INFO - Created new company - ID: 22900, Name: 'VOLT COLLECTOR AS', Country: 'Norway'
2025-10-01 07:40:45,908 - INFO - Created new company - ID: 22901, Name: 'VOLT HARVEST I AS', Country: 'Norway'
2025-10-01 07:41:06,252 - INFO - Created new company - ID: 22902, Name: 'BARENS OFFSHORE AS', Country: 'Norway'
2025-10-01 07:41:10,329 - INFO - Created new company - ID: 22903, Name: 'MANIITSOQ AS', Country: 'Norway'
2025-10-01 07:41:26,678 - INFO - Created new company - ID: 22904, Name: 'VERTOM MARIAN R GMBH & CO KG', Country: 'Germany'
2025-10-01 07:41:47,135 - INFO - Created new company - ID: 22905, Name: 'ATLANTIC FEEDER III AS', Country: 'Norway'
2025-10-01 07:41:51,220 - INFO - Created new company - ID: 22906, Name: 'PARTANKERS XXVI TT AS', Country: 'Norway'
2025-10-01 07:41:55,132 - INFO - Created new company - ID: 22907, Name: 'NORSE MARIN AS', Country: 'Norway'
2025-10-01 07:42:11,483 - INFO - Created new company - ID: 22908, Name: 'NORD PIONER SPAIN SL', Country: 'Norway'
2025-10-01 07:42:15,615 - INFO - Created new company - ID: 22909, Name: 'NJORD KYA AS', Country: 'Norway'
2025-10-01 07:42:23,759 - INFO - Created new company - ID: 22910, Name: 'FERJELAGET SKAANEVIK', Country: 'Norway'
2025-10-01 07:43:28,876 - INFO - Created new company - ID: 22911, Name: 'FRAM PRINCESS LTD', Country: 'Norway'
2025-10-01 07:43:32,985 - INFO - Created new company - ID: 22912, Name: 'FRAM PRINCE LTD', Country: 'Norway'
2025-10-01 07:44:01,423 - INFO - Created new company - ID: 22913, Name: 'HAVSKAR AS', Country: 'Norway'
2025-10-01 07:44:05,530 - INFO - Created new company - ID: 22914, Name: 'HAVSKJER AS', Country: 'Norway'
2025-10-01 07:44:09,714 - INFO - Created new company - ID: 22915, Name: 'EIFRA AS', Country: 'Norway'
2025-10-01 07:44:26,175 - INFO - Created new company - ID: 22916, Name: 'WERGELAND SHIPPING A/S', Country: 'Norway'
2025-10-01 07:45:07,811 - INFO - Created new company - ID: 22917, Name: 'POLARBRIS AS', Country: 'Norway'
2025-10-01 07:45:20,087 - INFO - Created new company - ID: 22918, Name: 'GIMI MS CORP', Country: 'Bermuda'
2025-10-01 07:45:24,197 - INFO - Created new company - ID: 22919, Name: 'FORTUNE LIANJIANG SHIPPING SA', Country: 'United-kingdom'
2025-10-01 07:45:32,392 - INFO - Created new company - ID: 22920, Name: 'SJOTRANS AS', Country: 'Norway'
2025-10-01 07:45:36,459 - INFO - Created new company - ID: 22921, Name: 'FAEROY AS', Country: 'Norway'
2025-10-01 07:45:44,674 - INFO - Created new company - ID: 22922, Name: 'INGOLF ENGESET AS', Country: 'Norway'
2025-10-01 07:45:56,957 - INFO - Created new company - ID: 22923, Name: 'ALNES REDERI AS', Country: 'Norway'
2025-10-01 07:46:05,160 - INFO - Created new company - ID: 22924, Name: 'BLUEWILD OCEAN I AS', Country: 'Norway'
2025-10-01 07:46:09,251 - INFO - Created new company - ID: 22925, Name: 'BLUEWILD OCEAN II AS', Country: 'Norway'
2025-10-01 07:46:29,743 - INFO - Created new company - ID: 22926, Name: 'DSD SHIPS 5 AS', Country: 'Norway'
2025-10-01 07:46:33,864 - INFO - Created new company - ID: 22927, Name: 'DSD SHIPS 6 AS', Country: 'Norway'
2025-10-01 07:46:46,150 - INFO - Created new company - ID: 22928, Name: 'KLOVERLAKS II AS', Country: 'Norway'
2025-10-01 07:47:02,405 - INFO - Created new company - ID: 22929, Name: 'ISLAND VENTURES 3 LLC', Country: 'Norway'
2025-10-01 07:47:10,601 - INFO - Created new company - ID: 22930, Name: 'SALTHAMMER BATBYGGERI AS', Country: 'Norway'
2025-10-01 07:47:26,972 - INFO - Created new company - ID: 22931, Name: 'NODS SHIPPING LTD', Country: 'Norway'
2025-10-01 07:47:31,085 - INFO - Created new company - ID: 22932, Name: 'RAYMOND SHIPPING LTD', Country: 'Norway'
2025-10-01 07:47:55,547 - INFO - Created new company - ID: 22933, Name: 'HORDA PIONEER AS', Country: 'Norway'
2025-10-01 07:47:59,656 - INFO - Created new company - ID: 22934, Name: 'HORDALAKS AS', Country: 'Norway'
2025-10-01 07:48:20,646 - INFO - Created new company - ID: 22935, Name: 'BTG KAMSARMAX AS', Country: 'Norway'
2025-10-01 07:48:24,742 - INFO - Created new company - ID: 22936, Name: 'BTG ARROW V AS', Country: 'Norway'
2025-10-01 07:48:32,893 - INFO - Created new company - ID: 22937, Name: 'VESTLAND SEAFOOD AS', Country: 'Norway'
2025-10-01 07:48:57,466 - INFO - Created new company - ID: 22938, Name: 'SIEM CAR CARRIERS AS', Country: 'Norway'
2025-10-01 07:49:09,704 - INFO - Created new company - ID: 22939, Name: 'HALSTENSEN GRANIT AS', Country: 'Norway'
2025-10-01 07:49:17,897 - INFO - Created new company - ID: 22940, Name: 'NANSEN EXPLORER AS', Country: 'Norway'
2025-10-01 07:49:34,362 - INFO - Created new company - ID: 22941, Name: 'RODHOLMEN AS', Country: 'Norway'
2025-10-01 07:49:54,822 - INFO - Created new company - ID: 22942, Name: 'KLARVI SHIPPING CO LTD', Country: 'United-states'
2025-10-01 07:49:58,938 - INFO - Created new company - ID: 22943, Name: 'DREPANOS SHIPPING CO LTD', Country: 'Norway'
2025-10-01 07:50:11,147 - INFO - Created new company - ID: 22944, Name: 'NORDOYTRAL AS', Country: 'Norway'
2025-10-01 07:50:19,333 - INFO - Created new company - ID: 22945, Name: 'FOSNAVAAG HAVFISKE AS', Country: 'Norway'
2025-10-01 07:50:23,446 - INFO - Created new company - ID: 22946, Name: 'REMOY HAVFISKE AS', Country: 'Norway'
2025-10-01 07:50:39,542 - INFO - Created new company - ID: 22947, Name: 'XIANG T125 HK INTERNATIONAL', Country: 'Norway'
2025-10-01 07:50:43,635 - INFO - Created new company - ID: 22948, Name: 'XIANG T130 HK INTERNATIONAL', Country: 'Norway'
2025-10-01 07:51:00,000 - INFO - Created new company - ID: 22949, Name: 'RAYSUT MARITIME TRANSPORTATION', Country: 'Japan'
2025-10-01 07:51:04,139 - INFO - Created new company - ID: 22950, Name: 'JIARUI INTERNATIONAL SHIP-HKG', Country: 'Oman'
2025-10-01 07:51:08,274 - INFO - Created new company - ID: 22951, Name: 'BAHLA MARITIME TRANSPORTATION', Country: 'Oman'
2025-10-01 07:51:12,392 - INFO - Created new company - ID: 22952, Name: 'HAI KUO SHIPPING 2050T LTD', Country: 'Oman'
2025-10-01 07:51:16,507 - INFO - Created new company - ID: 22953, Name: 'ENERGY SPRING LNG CARRIER SA', Country: 'Oman'
2025-10-01 07:51:20,650 - INFO - Created new company - ID: 22954, Name: 'ORYX LNG CARRIER SA', Country: 'Oman'
2025-10-01 07:51:24,759 - INFO - Created new company - ID: 22955, Name: 'TIWI LNG CARRIER SA', Country: 'Oman'
2025-10-01 07:51:28,870 - INFO - Created new company - ID: 22956, Name: 'DUNE LNG CARRIER SA', Country: 'Oman'
2025-10-01 07:51:33,015 - INFO - Created new company - ID: 22957, Name: 'AREEJ LNG CARRIER SA', Country: 'Oman'
2025-10-01 07:51:37,162 - INFO - Created new company - ID: 22958, Name: 'MATRAH TRANSPORTATION CO SA', Country: 'Oman'
2025-10-01 07:51:41,321 - INFO - Created new company - ID: 22959, Name: 'AL-AMERAT TRANSPORTATION CO SA', Country: 'Oman'
2025-10-01 07:51:45,453 - INFO - Created new company - ID: 22960, Name: 'SAIQ MARITIME TRANSPORTATION', Country: 'Oman'
2025-10-01 07:51:49,568 - INFO - Created new company - ID: 22961, Name: 'MASIRAH MARITIME TRANS CO SA', Country: 'Oman'
2025-10-01 07:51:53,651 - INFO - Created new company - ID: 22962, Name: 'SEEB MARITIME TRANSPORTATION', Country: 'Oman'
2025-10-01 07:51:57,757 - INFO - Created new company - ID: 22963, Name: 'AS SUWAYQ MARITIME TRANS', Country: 'Oman'
2025-10-01 07:52:01,835 - INFO - Created new company - ID: 22964, Name: 'HABRUT MARITIME TRANSPORTATION', Country: 'Oman'
2025-10-01 07:52:05,949 - INFO - Created new company - ID: 22965, Name: 'IZKI MARITIME TRANSPORTATION', Country: 'Oman'
2025-10-01 07:52:10,087 - INFO - Created new company - ID: 22966, Name: 'BUKHA MARITIME TRANSPORTATION', Country: 'Oman'
2025-10-01 07:52:14,220 - INFO - Created new company - ID: 22967, Name: 'DABA MARITIME TRANSPORTATION', Country: 'Oman'
2025-10-01 07:52:18,357 - INFO - Created new company - ID: 22968, Name: 'TAQAH MARITIME TRANSPORTATION', Country: 'Oman'
2025-10-01 07:52:22,496 - INFO - Created new company - ID: 22969, Name: 'ADAM MARITIME TRANSPORTATION', Country: 'Oman'
2025-10-01 07:52:26,607 - INFO - Created new company - ID: 22970, Name: 'SAMAIL MARITIME TRANSPORTATION', Country: 'Oman'
2025-10-01 07:52:30,731 - INFO - Created new company - ID: 22971, Name: 'MUSCAT SILVER MARITIME TRANS', Country: 'Oman'
2025-10-01 07:52:34,850 - INFO - Created new company - ID: 22972, Name: 'RUSTAQ SILVER MARITIME TRANS', Country: 'Oman'
2025-10-01 07:52:38,926 - INFO - Created new company - ID: 22973, Name: 'NAKHAL SILVER MARITIME TRANS', Country: 'Oman'
2025-10-01 07:53:32,142 - INFO - Created new company - ID: 22974, Name: 'KUBRAT LTD', Country: 'South-korea'
2025-10-01 07:53:36,262 - INFO - Created new company - ID: 22975, Name: 'ALTZEK LTD', Country: 'South-korea'
2025-10-01 07:53:40,385 - INFO - Created new company - ID: 22976, Name: 'VALE SOHAR MARITIME', Country: 'Oman'
2025-10-01 07:53:44,495 - INFO - Created new company - ID: 22977, Name: 'VALE LIWA MARITIME', Country: 'Oman'
2025-10-01 07:53:48,598 - INFO - Created new company - ID: 22978, Name: 'VALE SAHAM MARITIME', Country: 'Oman'
2025-10-01 07:53:52,726 - INFO - Created new company - ID: 22979, Name: 'VALE SHINAS MARITIME', Country: 'Oman'
2025-10-01 07:53:56,974 - INFO - Created new company - ID: 22980, Name: 'DANK SILVER MARITIME TRANS', Country: 'Oman'
2025-10-01 07:54:01,530 - INFO - Created new company - ID: 22981, Name: 'MADHA SILVER MARITIME TRANS', Country: 'Oman'
2025-10-01 07:54:05,991 - INFO - Created new company - ID: 22982, Name: 'SADAH SILVER MARITIME TRANS', Country: 'Oman'
2025-10-01 07:54:10,694 - INFO - Created new company - ID: 22983, Name: 'KHASAB SILVER MARITIME TRANS', Country: 'Oman'
2025-10-01 07:54:15,103 - INFO - Created new company - ID: 22984, Name: 'SOLT HOLDING MARSHALL 8 CO LTD', Country: 'Oman'
2025-10-01 07:54:19,714 - INFO - Created new company - ID: 22985, Name: 'XINLI INTERNATIONAL SHIP', Country: 'Oman'
2025-10-01 07:54:24,219 - INFO - Created new company - ID: 22986, Name: 'SOLT HOLDING MARSHALL 7 CO LTD', Country: 'Oman'
2025-10-01 07:54:29,029 - INFO - Created new company - ID: 22987, Name: 'JABAL AL MISHT MARITIME', Country: 'Oman'
2025-10-01 07:55:05,431 - INFO - Created new company - ID: 22988, Name: 'ASIAN PEARL LTD', Country: 'Oman'
2025-10-01 07:55:17,735 - INFO - Created new company - ID: 22989, Name: 'EAT CAPITAL MANAGEMENT CORP', Country: 'Belize'
2025-10-01 07:55:25,920 - INFO - Created new company - ID: 22990, Name: 'JIAYANG INTERNATIONAL SHIP', Country: 'Oman'
2025-10-01 07:55:30,029 - INFO - Created new company - ID: 22991, Name: 'JABAL SHAMS MARITIME TRANSPORT', Country: 'Oman'
2025-10-01 07:57:20,107 - INFO - Created new company - ID: 22992, Name: 'SOLT HOLDING MARSHALL 11', Country: 'Oman'
2025-10-01 07:57:24,219 - INFO - Created new company - ID: 22993, Name: 'SOLT HOLDING MARSHALL12 CO LTD', Country: 'Oman'
2025-10-01 07:58:05,032 - INFO - Created new company - ID: 22994, Name: 'MULTAN SHIPPING PVT LTD', Country: 'Pakistan'
2025-10-01 07:58:09,153 - INFO - Created new company - ID: 22995, Name: 'CHITRAL SHIPPING PVT LTD', Country: 'Pakistan'
2025-10-01 07:58:13,287 - INFO - Created new company - ID: 22996, Name: 'HYDERABAD SHIPPING PVT LTD', Country: 'Pakistan'
2025-10-01 07:58:17,417 - INFO - Created new company - ID: 22997, Name: 'MALAKAND SHIPPING PVT LTD', Country: 'Pakistan'
2025-10-01 07:58:21,512 - INFO - Created new company - ID: 22998, Name: 'SHALAMAR SHIPPING PVT LTD', Country: 'Pakistan'
2025-10-01 07:58:25,610 - INFO - Created new company - ID: 22999, Name: 'LALAZAR SHIPPING PVT LTD', Country: 'Pakistan'
2025-10-01 07:58:29,730 - INFO - Created new company - ID: 23000, Name: 'SARGODHA SHIPPING PVT LTD', Country: 'Pakistan'
2025-10-01 07:58:33,895 - INFO - Created new company - ID: 23001, Name: 'SIBI SHIPPING PVT LTD', Country: 'Pakistan'
2025-10-01 07:58:38,012 - INFO - Created new company - ID: 23002, Name: 'KHAIRPUR SHIPPING PVT LTD', Country: 'Pakistan'
2025-10-01 08:00:24,193 - INFO - Created new company - ID: 23003, Name: 'AYSA SHIPPING INC', Country: 'Pakistan'
2025-10-01 08:00:28,320 - INFO - Created new company - ID: 23004, Name: 'SEA INFINITY LTD', Country: 'British-virgin-islands'
2025-10-01 08:09:19,908 - INFO - Created new company - ID: 23005, Name: 'FUNADA KAIUN KK', Country: 'Japan'
2025-10-01 08:09:52,314 - INFO - Created new company - ID: 23006, Name: 'GOLDEN LAKE TRADER LTD', Country: 'Panama'
2025-10-01 08:09:56,454 - INFO - Created new company - ID: 23007, Name: 'MAR SHIPPING ENT LTD', Country: 'Panama'
2025-10-01 08:10:00,590 - INFO - Created new company - ID: 23008, Name: 'WELWYN MANAGEMENT LTD', Country: 'Panama'
2025-10-01 08:10:04,707 - INFO - Created new company - ID: 23009, Name: 'ILFORD OVERSEAS INC', Country: 'Panama'
2025-10-01 08:10:08,849 - INFO - Created new company - ID: 23010, Name: 'INVERAY LTD', Country: 'Panama'
2025-10-01 08:10:12,955 - INFO - Created new company - ID: 23011, Name: 'PEITEN LTD', Country: 'Argentina'
2025-10-01 08:10:17,075 - INFO - Created new company - ID: 23012, Name: 'JABALI INVESTMENT INC', Country: 'Panama'
2025-10-01 08:10:21,189 - INFO - Created new company - ID: 23013, Name: 'COLON MARITIME LTD', Country: 'Panama'
2025-10-01 08:10:25,334 - INFO - Created new company - ID: 23014, Name: 'LECANTO HOLDINGS INC', Country: 'British-virgin-islands'
2025-10-01 08:10:29,496 - INFO - Created new company - ID: 23015, Name: 'ARISTODIMOS SA', Country: 'United-arab-emirates'
2025-10-01 08:10:33,579 - INFO - Created new company - ID: 23016, Name: 'ALBA SA', Country: 'United-arab-emirates'
2025-10-01 08:10:37,733 - INFO - Created new company - ID: 23017, Name: 'HORIZZON LTD', Country: 'Liberia'
2025-10-01 08:10:41,860 - INFO - Created new company - ID: 23018, Name: 'SKY-1 LTD', Country: 'Liberia'
2025-10-01 08:10:45,997 - INFO - Created new company - ID: 23019, Name: 'SKY-2 LTD', Country: 'Liberia'
2025-10-01 08:10:50,144 - INFO - Created new company - ID: 23020, Name: 'SOLARIS LTD', Country: 'Liberia'
2025-10-01 08:10:54,250 - INFO - Created new company - ID: 23021, Name: 'ANDOO SA', Country: 'United-arab-emirates'
2025-10-01 08:10:58,378 - INFO - Created new company - ID: 23022, Name: 'AHOY SA', Country: 'United-arab-emirates'
2025-10-01 08:12:32,081 - INFO - Created new company - ID: 23023, Name: 'SKUA SHIPPING SA', Country: 'Panama'
2025-10-01 08:12:36,182 - INFO - Created new company - ID: 23024, Name: 'CHEVAL DE CAMARGUE SA', Country: 'Panama'
2025-10-01 08:12:40,359 - INFO - Created new company - ID: 23025, Name: 'BATTERSEA NAVIGATION SA', Country: 'Panama'
2025-10-01 08:12:44,511 - INFO - Created new company - ID: 23026, Name: 'ABERDEEN TANKERS AS', Country: 'Panama'
2025-10-01 08:12:48,619 - INFO - Created new company - ID: 23027, Name: 'AGRIGENTO SHIPPING LTD-MAI', Country: 'Panama'
2025-10-01 08:12:52,704 - INFO - Created new company - ID: 23028, Name: 'FULMAR SHIPPING SA', Country: 'Panama'
2025-10-01 08:12:56,825 - INFO - Created new company - ID: 23029, Name: 'PANA TANKER SA', Country: 'Panama'
2025-10-01 08:13:13,129 - INFO - Created new company - ID: 23030, Name: 'HARVEST COMMODITIES SA', Country: 'Panama'
2025-10-01 08:13:17,249 - INFO - Created new company - ID: 23031, Name: 'SEACRAFT COMMERCE SA', Country: 'Panama'
2025-10-01 08:13:21,332 - INFO - Created new company - ID: 23032, Name: 'SEA SHELTER MARITIME CO SA', Country: 'Panama'
2025-10-01 08:13:25,458 - INFO - Created new company - ID: 23033, Name: 'SOUND TRAVEL SA', Country: 'Panama'
2025-10-01 08:13:29,569 - INFO - Created new company - ID: 23034, Name: 'JETSTREAM TRADING LTD', Country: 'Panama'
2025-10-01 08:13:33,706 - INFO - Created new company - ID: 23035, Name: 'YANTAI MARITIME CO LTD', Country: 'Panama'
2025-10-01 08:13:37,827 - INFO - Created new company - ID: 23036, Name: 'EASLINE SHANGHAI MARITIME CO', Country: 'Panama'
2025-10-01 08:13:41,944 - INFO - Created new company - ID: 23037, Name: 'EASLINE DALIAN MARITIME', Country: 'Panama'
2025-10-01 08:13:46,081 - INFO - Created new company - ID: 23038, Name: 'EASLINE YANTAI MARITIME CO LTD', Country: 'Panama'
2025-10-01 08:13:50,246 - INFO - Created new company - ID: 23039, Name: 'LIANYUNGANG MARITIME CO LTD', Country: 'Panama'
2025-10-01 08:13:54,412 - INFO - Created new company - ID: 23040, Name: 'PERUMA SHIPPING & TRADING INC', Country: 'Panama'
2025-10-01 08:14:51,711 - INFO - Created new company - ID: 23041, Name: 'HELLENIC BROKERS MARINE INC', Country: 'Panama'
2025-10-01 08:15:04,072 - INFO - Created new company - ID: 23042, Name: 'GIBUNKER 100 SA', Country: 'Panama'
2025-10-01 08:15:28,752 - INFO - Created new company - ID: 23043, Name: 'PESQUERA TAURUS I SA', Country: 'Panama'
2025-10-01 08:15:47,200 - INFO - Created new company - ID: 23044, Name: 'QIHANG INTERNATIONAL SHPG-HKG', Country: 'Panama'
2025-10-01 08:15:56,004 - INFO - Created new company - ID: 23045, Name: 'YONGXIANG SHIPPING INTL CO LTD', Country: 'Panama'
2025-10-01 08:16:13,783 - INFO - Created new company - ID: 23046, Name: 'EXPRESS AFRIQUE - CONGO', Country: 'Republic-of-the-congo'
2025-10-01 08:16:56,811 - INFO - Created new company - ID: 23047, Name: 'SEA ADMIRAL MARITIME INC', Country: 'None'
2025-10-01 08:17:00,945 - INFO - Created new company - ID: 23048, Name: 'HAN ZHI LTD', Country: 'Panama'
2025-10-01 08:17:05,023 - INFO - Created new company - ID: 23049, Name: 'HAN HUI LTD', Country: 'Panama'
2025-10-01 08:17:09,119 - INFO - Created new company - ID: 23050, Name: 'VT VAALS BV', Country: 'Netherlands'
2025-10-01 08:17:13,264 - INFO - Created new company - ID: 23051, Name: 'VT VACAMONTE INC', Country: 'Panama'
2025-10-01 08:17:17,353 - INFO - Created new company - ID: 23052, Name: 'VT MINERALS BV', Country: 'Netherlands'
2025-10-01 08:17:53,662 - INFO - Created new company - ID: 23053, Name: 'GOLDCREST TANKERS SA', Country: 'Panama'
2025-10-01 08:17:57,820 - INFO - Created new company - ID: 23054, Name: 'NORTHPORT MARITIME TANKERS SA', Country: 'Panama'
2025-10-01 08:18:10,185 - INFO - Created new company - ID: 23055, Name: 'PHOENIX MARITIME CO LTD', Country: 'None'
2025-10-01 08:19:04,370 - INFO - Created new company - ID: 23056, Name: 'CREDO MARITIME INC', Country: 'Panama'
2025-10-01 08:19:16,658 - INFO - Created new company - ID: 23057, Name: 'WENZHOU SHENGCHANG SHIPPING CO', Country: 'China'
2025-10-01 08:21:38,824 - INFO - Created new company - ID: 23058, Name: 'BLACKBIRD LTD', Country: 'Papua-new-guinea'
2025-10-01 08:22:23,400 - INFO - Created new company - ID: 23059, Name: 'CURTAIN BROS PAPUA NEW GUINEA', Country: 'Papua-new-guinea'
2025-10-01 08:23:08,482 - INFO - Created new company - ID: 23060, Name: 'WANTOK SHIPPING LTD', Country: 'Papua-new-guinea'
2025-10-01 08:23:12,638 - INFO - Created new company - ID: 23061, Name: 'OPES CO LTD', Country: 'Papua-new-guinea'
2025-10-01 08:25:38,940 - INFO - Created new company - ID: 23062, Name: 'FENWICK PARTNERS LTD', Country: 'Panama'
2025-10-01 08:25:43,060 - INFO - Created new company - ID: 23063, Name: 'BRASGAS AS', Country: 'Bermuda'
2025-10-01 08:25:47,150 - INFO - Created new company - ID: 23064, Name: 'HAMILTON SHIPPING CO INC', Country: 'None'
2025-10-01 08:25:51,239 - INFO - Created new company - ID: 23065, Name: 'SATURN LEASE SA', Country: 'United-states'
2025-10-01 08:25:55,374 - INFO - Created new company - ID: 23066, Name: 'GASTANKER INVESTMENT CORP', Country: 'Peru'
2025-10-01 08:25:59,534 - INFO - Created new company - ID: 23067, Name: 'NORTON MARINE SA', Country: 'Peru'
2025-10-01 08:26:07,730 - INFO - Created new company - ID: 23068, Name: 'GASMAR AS', Country: 'Peru'
2025-10-01 08:26:11,847 - INFO - Created new company - ID: 23069, Name: 'BERTLING - TRANSGAS TANKERS', Country: 'Peru'
2025-10-01 08:26:24,123 - INFO - Created new company - ID: 23070, Name: 'NMB ERICA LTD', Country: 'Peru'
2025-10-01 08:26:37,400 - INFO - Created new company - ID: 23071, Name: 'ATLANTIC GAS LLC', Country: 'Peru'
2025-10-01 08:26:41,849 - INFO - Created new company - ID: 23072, Name: 'GAMMA PARTNERS LTD', Country: 'Peru'
2025-10-01 08:26:46,248 - INFO - Created new company - ID: 23073, Name: 'RYE CENTRAL INVESTMENTS SA', Country: 'Peru'
2025-10-01 08:30:16,596 - INFO - Created new company - ID: 23074, Name: 'CENTAURUS COAL TRADING LLC', Country: 'United-arab-emirates'
2025-10-01 08:30:21,715 - INFO - Created new company - ID: 23075, Name: 'MARSIC INTERNATIONAL SA', Country: 'Peru'
2025-10-01 08:30:25,862 - INFO - Created new company - ID: 23076, Name: 'BOLTON SHIPPING CO INC', Country: 'Peru'
2025-10-01 08:30:29,969 - INFO - Created new company - ID: 23077, Name: 'ATLANTIC GAS III AS', Country: 'Peru'
2025-10-01 08:31:46,662 - INFO - Created new company - ID: 23078, Name: 'BANCO DE CREDITO DEL PERU', Country: 'Peru'
2025-10-01 08:31:50,758 - INFO - Created new company - ID: 23079, Name: 'SCOTIABANK PERU SAA', Country: 'Peru'
2025-10-01 08:32:10,817 - INFO - Created new company - ID: 23080, Name: 'FUEL LOGISTICS SAC', Country: 'Peru'
2025-10-01 08:32:43,767 - INFO - Created new company - ID: 23081, Name: 'ARTA SEAWAYS CORP', Country: 'Japan'
2025-10-01 08:34:38,167 - INFO - Created new company - ID: 23082, Name: 'CHINA NATIONAL CEREALS & OILS', Country: 'China'
2025-10-01 08:35:32,781 - INFO - Created new company - ID: 23083, Name: 'DREAM STAR ENTERPRISES INC', Country: 'Japan'
2025-10-01 08:36:13,965 - INFO - Created new company - ID: 23084, Name: 'SYNERGY OCEAN MARINE PTE LTD', Country: 'Singapore'
2025-10-01 08:36:18,068 - INFO - Created new company - ID: 23085, Name: 'BLUEMOUNTAIN SHIPPING SA-PAN', Country: 'Panama'
2025-10-01 08:36:38,557 - INFO - Created new company - ID: 23086, Name: 'FLORA MARITIME INC', Country: 'Japan'
2025-10-01 08:37:03,238 - INFO - Created new company - ID: 23087, Name: 'CAPRICE MARITIME INC', Country: 'Japan'
2025-10-01 08:37:26,272 - INFO - Created new company - ID: 23088, Name: 'MOL OCEAN BULK PTE LTD', Country: 'None'
2025-10-01 08:37:35,466 - INFO - Created new company - ID: 23089, Name: 'CUMULUS MARITIME INC', Country: 'Japan'
2025-10-01 08:39:12,147 - INFO - Created new company - ID: 23090, Name: 'MELODY SHIPPING & TRADING LTD', Country: 'Japan'
2025-10-01 08:40:43,722 - INFO - Created new company - ID: 23091, Name: 'BLUE SHELL/MH PROGRESS', Country: 'Panama'
2025-10-01 08:41:04,151 - INFO - Created new company - ID: 23092, Name: 'FUJI IRON/YASSAN/MH PROGRESS', Country: 'Panama'
2025-10-01 08:41:12,356 - INFO - Created new company - ID: 23093, Name: 'FUJI/HAKUSHIN/TACHIBNAYA', Country: 'Switzerland'
2025-10-01 08:41:16,451 - INFO - Created new company - ID: 23094, Name: 'CORAL NAVIGATION MALAYSIA SDN', Country: 'Malaysia'
2025-10-01 08:41:16,505 - INFO - Created new company - ID: 23095, Name: 'HEMAT MARINE SDN BHD', Country: 'Malaysia'
2025-10-01 08:41:20,579 - INFO - Created new company - ID: 23096, Name: 'EAST VILLAGE/A&L/RST TRADING', Country: 'Japan'
2025-10-01 08:41:28,749 - INFO - Created new company - ID: 23097, Name: 'SHINTOKU KAIUN/SHINTOKU PANAMA', Country: 'Japan'
2025-10-01 08:41:32,877 - INFO - Created new company - ID: 23098, Name: 'HORIZON SHIPHOLDING PTE LTD', Country: 'Philippines'
2025-10-01 08:41:41,116 - INFO - Created new company - ID: 23099, Name: 'UNTA CARRIERS PTE LTD', Country: 'Philippines'
2025-10-01 08:41:45,210 - INFO - Created new company - ID: 23100, Name: 'MH PROGRESS/HIYOSHI', Country: 'Philippines'
2025-10-01 08:41:53,364 - INFO - Created new company - ID: 23101, Name: 'BLUE SHELL/PROGRESS/HAKUSHIN', Country: 'Philippines'
2025-10-01 08:45:46,720 - INFO - Created new company - ID: 23102, Name: 'IKUCHI ISLAND LTD', Country: 'Singapore'
2025-10-01 08:45:50,810 - INFO - Created new company - ID: 23103, Name: 'KOTOBUKI SHIPPING CORPORATION', Country: 'Japan'
2025-10-01 08:47:48,700 - INFO - Created new company - ID: 23104, Name: 'SANDY BAY LTD', Country: 'Japan'
2025-10-01 08:48:41,510 - INFO - Created new company - ID: 23105, Name: 'IRVINGTON NAVIGATION INC', Country: 'Panama'
2025-10-01 08:48:53,770 - INFO - Created new company - ID: 23106, Name: 'RIGEL MARITIME CO LTD', Country: 'Japan'
2025-10-01 08:48:57,895 - INFO - Created new company - ID: 23107, Name: 'TOKI SHIPHOLDING SA', Country: 'Japan'
2025-10-01 08:49:01,996 - INFO - Created new company - ID: 23108, Name: 'KIHA MARITIMA SA', Country: 'Japan'
2025-10-01 08:49:18,308 - INFO - Created new company - ID: 23109, Name: 'GLOBAL KING SA', Country: 'Japan'
2025-10-01 08:49:26,543 - INFO - Created new company - ID: 23110, Name: 'FARFALLE SHIPHOLDING SA', Country: 'Japan'
2025-10-01 08:49:34,739 - INFO - Created new company - ID: 23111, Name: 'TOYOKUNI LINE CO LTD', Country: 'Japan'
2025-10-01 08:49:46,991 - INFO - Created new company - ID: 23112, Name: 'SNOW CAMELLIA MARITIME CO LTD', Country: 'Japan'
2025-10-01 08:51:08,705 - INFO - Created new company - ID: 23113, Name: 'EUREX BULK SA', Country: 'Panama'
2025-10-01 08:51:33,285 - INFO - Created new company - ID: 23114, Name: 'ISHIZUCHI BULK LTD', Country: 'Japan'
2025-10-01 08:51:37,399 - INFO - Created new company - ID: 23115, Name: 'PRIMWELL CO SA', Country: 'Panama'
2025-10-01 08:52:14,152 - INFO - Created new company - ID: 23116, Name: 'WISTARIA CO SA', Country: 'Panama'
2025-10-01 08:58:26,598 - INFO - Created new company - ID: 23117, Name: 'CASA BLANCA MARITIME', Country: 'Japan'
2025-10-01 08:58:36,022 - INFO - Created new company - ID: 23118, Name: 'OCEAN RED STAR', Country: 'Japan'
2025-10-01 08:58:49,731 - INFO - Created new company - ID: 23119, Name: 'TREINTA LUZ SHIPPING INC', Country: 'Japan'
2025-10-01 08:58:59,050 - INFO - Created new company - ID: 23120, Name: 'FORS SHIPPING/HONO SHIP', Country: 'None'
2025-10-01 09:09:42,665 - INFO - Created new company - ID: 23121, Name: 'GOLDEN GALLEON SHIPMANAGEMENT', Country: 'Philippines'
2025-10-01 09:14:53,991 - INFO - Created new company - ID: 23122, Name: 'HUAXIA SHENGJIN TIANJIN', Country: 'Singapore'
2025-10-01 09:14:58,086 - INFO - Created new company - ID: 23123, Name: 'HUAXIA SHENGZHE TIANJIN', Country: 'Singapore'
2025-10-01 09:15:04,296 - INFO - Created new company - ID: 23124, Name: 'ARETI SHIPPING LTD-MAI', Country: 'Philippines'
2025-10-01 09:15:08,378 - INFO - Created new company - ID: 23125, Name: 'MARIA ULTRA LP', Country: 'Philippines'
2025-10-01 09:15:12,516 - INFO - Created new company - ID: 23126, Name: 'CHRISTOS ULTRA LP', Country: 'Philippines'
2025-10-01 09:15:16,639 - INFO - Created new company - ID: 23127, Name: 'KAMSARMAX ONE SHIPPING LTD', Country: 'Marshall-islands'
2025-10-01 09:15:20,718 - INFO - Created new company - ID: 23128, Name: 'ULTRA ONE SHIPPING LTD', Country: 'Philippines'
2025-10-01 09:15:24,834 - INFO - Created new company - ID: 23129, Name: 'KAMSARMAX TWO SHIPPING LTD', Country: 'Greece'
2025-10-01 09:15:58,055 - INFO - Created new company - ID: 23130, Name: 'FLEET MARINE CABLE SOLUTIONS', Country: 'Philippines'
2025-10-01 09:16:10,312 - INFO - Created new company - ID: 23131, Name: 'ALBA NAVIGATION SA', Country: 'Japan'
2025-10-01 09:16:14,442 - INFO - Created new company - ID: 23132, Name: 'POLAR NAVIGATION SA', Country: 'Japan'
2025-10-01 09:17:56,053 - INFO - Created new company - ID: 23133, Name: 'EGS BAHARI PT', Country: 'Indonesia'
2025-10-01 09:18:12,155 - INFO - Created new company - ID: 23134, Name: 'HO CHOI MARINE LTD', Country: 'Hong-kong'
2025-10-01 09:19:57,766 - INFO - Created new company - ID: 23135, Name: 'CORRAL STAR SHIPPING LTD', Country: 'Japan'
2025-10-01 09:20:29,333 - INFO - Created new company - ID: 23136, Name: 'TATSUMI MARINE', Country: 'Japan'
2025-10-01 09:20:57,674 - INFO - Created new company - ID: 23137, Name: 'YASMINE OCEANWAY SA', Country: 'Philippines'
2025-10-01 09:21:02,188 - INFO - Created new company - ID: 23138, Name: 'BLUE HISTORY MARINE INC', Country: 'Philippines'
2025-10-01 09:21:06,896 - INFO - Created new company - ID: 23139, Name: 'BALSA NAVIGATION SA', Country: 'Philippines'
2025-10-01 09:21:11,601 - INFO - Created new company - ID: 23140, Name: 'BRONZE ENTERPRISES LTD', Country: 'Philippines'
2025-10-01 09:21:16,109 - INFO - Created new company - ID: 23141, Name: 'MACEO SA', Country: 'Philippines'
2025-10-01 09:21:34,530 - INFO - Created new company - ID: 23142, Name: 'MARINELINK TANKERS CORP', Country: 'Philippines'
2025-10-01 09:22:01,065 - INFO - Created new company - ID: 23143, Name: 'GOOD HIGHLANDER MI LTD', Country: 'Singapore'
2025-10-01 09:22:05,618 - INFO - Created new company - ID: 23144, Name: 'GOOD TRADER MI LTD', Country: 'Singapore'
2025-10-01 09:22:10,382 - INFO - Created new company - ID: 23145, Name: 'GOOD MANAGER MI LTD', Country: 'Singapore'
2025-10-01 09:22:14,991 - INFO - Created new company - ID: 23146, Name: 'LYM HOLDINGS LTD', Country: 'Singapore'
2025-10-01 09:23:13,972 - INFO - Created new company - ID: 23147, Name: 'MARINO SHIPPING NV', Country: 'Philippines'
2025-10-01 09:23:18,577 - INFO - Created new company - ID: 23148, Name: 'MADONNA SHIPPING CO NV', Country: 'Philippines'
2025-10-01 09:23:23,401 - INFO - Created new company - ID: 23149, Name: 'MONACI SHIPPING NV', Country: 'Philippines'
2025-10-01 09:23:28,099 - INFO - Created new company - ID: 23150, Name: 'MODICA SHIPPING NV', Country: 'Philippines'
2025-10-01 09:24:19,210 - INFO - Created new company - ID: 23151, Name: 'GOLDEN JOLLYBEE MARINE', Country: 'Philippines'
2025-10-01 09:24:23,909 - INFO - Created new company - ID: 23152, Name: 'BLISSFUL MARITIME INVESTMENTS', Country: 'Philippines'
2025-10-01 09:24:28,517 - INFO - Created new company - ID: 23153, Name: 'JOYFULBEE MARINE INVESTMENT', Country: 'Philippines'
2025-10-01 09:24:33,127 - INFO - Created new company - ID: 23154, Name: 'GRACEFULL MARITIME INVESTMENTS', Country: 'Philippines'
2025-10-01 09:26:29,776 - INFO - Created new company - ID: 23155, Name: 'GRACE HARMONY SINGAPORE PTE', Country: 'Singapore'
2025-10-01 09:26:33,878 - INFO - Created new company - ID: 23156, Name: 'OCEAN-FRONT SHIPPING SINGAPORE', Country: 'None'
2025-10-01 09:26:37,974 - INFO - Created new company - ID: 23157, Name: 'WECO MARINA-BAY SINGAPORE PTE', Country: 'Singapore'
2025-10-01 09:27:18,133 - INFO - Created new company - ID: 23158, Name: 'ALL-STAR SHIPPING GROUP INC', Country: 'Philippines'
2025-10-01 09:27:42,574 - INFO - Created new company - ID: 23159, Name: 'YORTEL SHIPPING INC', Country: 'Philippines'
2025-10-01 09:27:46,663 - INFO - Created new company - ID: 23160, Name: 'DENTON SHIPPING INC', Country: 'Philippines'
2025-10-01 09:29:16,443 - INFO - Created new company - ID: 23161, Name: 'HOSHO SHIPPING SA', Country: 'Japan'
2025-10-01 09:30:33,784 - INFO - Created new company - ID: 23162, Name: 'SWORDFISH MARINE SERVICES CO', Country: 'Philippines'
2025-10-01 09:30:37,901 - INFO - Created new company - ID: 23163, Name: 'TOPEVER TANKSHIP MANAGEMENT', Country: 'Philippines'
2025-10-01 09:31:10,709 - INFO - Created new company - ID: 23164, Name: 'NEGROS NAVIGATION CO INC', Country: 'Philippines'
2025-10-01 09:31:39,272 - INFO - Created new company - ID: 23165, Name: 'NORTHERN ORIENTAL SHIPPING-BZE', Country: 'Philippines'
2025-10-01 09:31:47,433 - INFO - Created new company - ID: 23166, Name: 'IRMA NAVIGATION', Country: 'Poland'
2025-10-01 09:31:51,570 - INFO - Created new company - ID: 23167, Name: 'ARES ONE SHIPPING LTD', Country: 'Poland'
2025-10-01 09:31:55,700 - INFO - Created new company - ID: 23168, Name: 'ARES TWO SHIPPING LTD', Country: 'Poland'
2025-10-01 09:31:59,829 - INFO - Created new company - ID: 23169, Name: 'ARES THREE SHIPPING LTD', Country: 'Poland'
2025-10-01 09:32:03,960 - INFO - Created new company - ID: 23170, Name: 'ARES FOUR SHIPPING LTD', Country: 'Poland'
2025-10-01 09:32:08,040 - INFO - Created new company - ID: 23171, Name: 'ARES FIVE SHIPPING LTD', Country: 'Poland'
2025-10-01 09:32:12,198 - INFO - Created new company - ID: 23172, Name: 'ARES SIX SHIPPING LTD', Country: 'Poland'
2025-10-01 09:32:16,313 - INFO - Created new company - ID: 23173, Name: 'ERATO ONE SHIPPING LTD', Country: 'Poland'
2025-10-01 09:32:20,440 - INFO - Created new company - ID: 23174, Name: 'ERATO TWO SHIPPING LTD', Country: 'Poland'
2025-10-01 09:32:24,572 - INFO - Created new company - ID: 23175, Name: 'ERATO THREE SHIPPING LTD', Country: 'Poland'
2025-10-01 09:32:28,682 - INFO - Created new company - ID: 23176, Name: 'ERATO FOUR SHIPPING LTD', Country: 'Poland'
2025-10-01 09:32:32,774 - INFO - Created new company - ID: 23177, Name: 'ERATO FIVE SHIPPING LTD', Country: 'Poland'
2025-10-01 09:32:36,919 - INFO - Created new company - ID: 23178, Name: 'ARES SEVEN SHIPPING LTD', Country: 'Poland'
2025-10-01 09:32:41,013 - INFO - Created new company - ID: 23179, Name: 'ARES EIGHT SHIPPING LTD', Country: 'Poland'
2025-10-01 09:32:45,152 - INFO - Created new company - ID: 23180, Name: 'ERATO SIX SHIPPING LTD', Country: 'Poland'
2025-10-01 09:32:49,291 - INFO - Created new company - ID: 23181, Name: 'FIONA ONE SHIPPING LTD', Country: 'Poland'
2025-10-01 09:32:53,392 - INFO - Created new company - ID: 23182, Name: 'FIONA TWO SHIPPING LTD', Country: 'Poland'
2025-10-01 09:32:57,493 - INFO - Created new company - ID: 23183, Name: 'FIONA THREE SHIPPING LTD', Country: 'Poland'
2025-10-01 09:33:01,629 - INFO - Created new company - ID: 23184, Name: 'FIONA FOUR SHIPPING LTD', Country: 'Poland'
2025-10-01 09:33:05,771 - INFO - Created new company - ID: 23185, Name: 'ARES NINE SHIPPING LTD', Country: 'Poland'
2025-10-01 09:33:09,929 - INFO - Created new company - ID: 23186, Name: 'ARES TEN SHIPPING LTD', Country: 'Poland'
2025-10-01 09:33:14,015 - INFO - Created new company - ID: 23187, Name: 'ERATO SEVEN SHIPPING LTD', Country: 'Poland'
2025-10-01 09:33:18,125 - INFO - Created new company - ID: 23188, Name: 'ERATO EIGHT SHIPPING LTD', Country: 'Poland'
2025-10-01 09:33:22,235 - INFO - Created new company - ID: 23189, Name: 'GALATEA ONE NAVIGATION LTD', Country: 'Poland'
2025-10-01 09:33:26,385 - INFO - Created new company - ID: 23190, Name: 'GALATEA TWO NAVIGATION LTD', Country: 'Poland'
2025-10-01 09:33:30,530 - INFO - Created new company - ID: 23191, Name: 'YEOMAN BENK LTD', Country: 'United-kingdom'
2025-10-01 09:33:34,650 - INFO - Created new company - ID: 23192, Name: 'YEOMAN BRIDGE LTD', Country: 'United-kingdom'
2025-10-01 09:33:38,731 - INFO - Created new company - ID: 23193, Name: 'WESTERN BRIDGE SHIPPING LTD', Country: 'United-kingdom'
2025-10-01 09:33:42,906 - INFO - Created new company - ID: 23194, Name: 'ASK SHIPPING LTD', Country: 'Cyprus'
2025-10-01 09:33:47,063 - INFO - Created new company - ID: 23195, Name: 'BJORK SHIPPING LTD', Country: 'Cyprus'
2025-10-01 09:33:51,213 - INFO - Created new company - ID: 23196, Name: 'CSMTCECILIA SHIPPING LTD', Country: 'Malta'
2025-10-01 09:33:55,317 - INFO - Created new company - ID: 23197, Name: 'FURU SHIPPING LTD', Country: 'Cyprus'
2025-10-01 09:33:59,174 - INFO - Created new company - ID: 23198, Name: 'SOMERSET SHIPPING CO LTD', Country: 'Poland'
2025-10-01 09:34:03,313 - INFO - Created new company - ID: 23199, Name: 'WINTERSET SHIPPING INC', Country: 'Poland'
2025-10-01 09:34:07,463 - INFO - Created new company - ID: 23200, Name: 'BONTRUP AMSTERDAM SHIPPING LTD', Country: 'Poland'
2025-10-01 09:34:11,656 - INFO - Created new company - ID: 23201, Name: 'BONTRUP PEARL LTD', Country: 'Poland'
2025-10-01 09:34:15,771 - INFO - Created new company - ID: 23202, Name: 'CSMTMAR SHIPPING LTD', Country: 'Poland'
2025-10-01 09:34:19,666 - INFO - Created new company - ID: 23203, Name: 'BONTRUP MALDIVES SHIPPING CO', Country: 'Cyprus'
2025-10-01 09:34:23,798 - INFO - Created new company - ID: 23204, Name: 'ARUBA PEARL SHIPPING CO LTD', Country: 'Cyprus'
2025-10-01 09:34:27,893 - INFO - Created new company - ID: 23205, Name: 'TERTNES SHIPPING CO LTD', Country: 'Cyprus'
2025-10-01 09:34:31,766 - INFO - Created new company - ID: 23206, Name: 'ARCTIC PEARL SHIPPING CO LTD', Country: 'Cyprus'
2025-10-01 09:34:39,961 - INFO - Created new company - ID: 23207, Name: 'VENTURA SHIPPING CO LTD', Country: 'Cyprus'
2025-10-01 09:34:44,080 - INFO - Created new company - ID: 23208, Name: 'RIVER PEARL SHIPPING CO LTD', Country: 'Cyprus'
2025-10-01 09:34:48,226 - INFO - Created new company - ID: 23209, Name: 'OCEAN PEARL SHIPPING CO LTD', Country: 'Cyprus'
2025-10-01 09:34:52,330 - INFO - Created new company - ID: 23210, Name: 'DELTA PEARL SHIPPING CO LTD', Country: 'Cyprus'
2025-10-01 09:34:56,466 - INFO - Created new company - ID: 23211, Name: 'LAKE PEARL SHIPPING CO LTD', Country: 'Cyprus'
2025-10-01 09:35:00,583 - INFO - Created new company - ID: 23212, Name: 'JACQUELINE C SHIPPING LTD-MTA', Country: 'Cyprus'
2025-10-01 09:35:04,666 - INFO - Created new company - ID: 23213, Name: 'CSMTJANET SHIPPING LTD', Country: 'Cyprus'
2025-10-01 09:35:08,778 - INFO - Created new company - ID: 23214, Name: 'CSMTJOHANNA SHIPPING LTD', Country: 'Cyprus'
2025-10-01 09:35:12,875 - INFO - Created new company - ID: 23215, Name: 'FJELL SHIPPING AS', Country: 'Norway'
2025-10-01 09:35:30,860 - INFO - Created new company - ID: 23216, Name: 'SKAGERAK SHIPPING AS', Country: 'Norway'
2025-10-01 09:35:30,915 - INFO - Created new company - ID: 23217, Name: 'ROLF WAGLE AS', Country: 'Norway'
2025-10-01 09:35:49,181 - INFO - Created new company - ID: 23218, Name: 'GREEN SHIPOWNING AS', Country: 'Poland'
2025-10-01 09:36:19,191 - INFO - Created new company - ID: 23219, Name: 'GREEN SHIPPING 3 AS', Country: 'Norway'
2025-10-01 09:36:23,623 - INFO - Created new company - ID: 23220, Name: 'GREEN CHILE SHIPPING CO NV', Country: 'Poland'
2025-10-01 09:36:40,568 - INFO - Created new company - ID: 23221, Name: 'APATYTH SHIPPING LTD', Country: 'Cyprus'
2025-10-01 09:37:05,148 - INFO - Created new company - ID: 23222, Name: 'BLUETHER SHIPPING CO LTD', Country: 'Cyprus'
2025-10-01 09:37:09,227 - INFO - Created new company - ID: 23223, Name: 'FORTUNATE SHIPPING LTD-CYP', Country: 'Cyprus'
2025-10-01 09:37:13,349 - INFO - Created new company - ID: 23224, Name: 'ALVANITE SHIPPING LTD', Country: 'Cyprus'
2025-10-01 09:38:06,401 - INFO - Created new company - ID: 23225, Name: 'OSTANVIK SHIPPING LTD', Country: 'Cyprus'
2025-10-01 09:38:10,511 - INFO - Created new company - ID: 23226, Name: 'ENVIK SHIPPING LTD', Country: 'Cyprus'
2025-10-01 09:38:18,695 - INFO - Created new company - ID: 23227, Name: 'FURUVIK SHIPPING LTD', Country: 'Cyprus'
2025-10-01 09:38:22,801 - INFO - Created new company - ID: 23228, Name: 'LIMFJORD KONGSDAL SHIPPING LTD', Country: 'Cyprus'
2025-10-01 09:38:30,977 - INFO - Created new company - ID: 23229, Name: 'ULVIK SHIPPING LTD', Country: 'Cyprus'
2025-10-01 09:38:35,088 - INFO - Created new company - ID: 23230, Name: 'SOLVIK SHIPPING LTD', Country: 'Cyprus'
2025-10-01 09:38:39,229 - INFO - Created new company - ID: 23231, Name: 'FLORVIK SHIPPING LTD', Country: 'Cyprus'
2025-10-01 09:38:43,379 - INFO - Created new company - ID: 23232, Name: 'NORTHERN EXPEDITIONS AS', Country: 'Norway'
2025-10-01 09:38:47,488 - INFO - Created new company - ID: 23233, Name: 'NORDSTJERNEN AS', Country: 'Norway'
2025-10-01 09:38:47,544 - INFO - Created new company - ID: 23234, Name: 'HURTIGRUTEN GLOBAL SALES AS', Country: 'Norway'
2025-10-01 09:38:55,740 - INFO - Created new company - ID: 23235, Name: 'MARITIME NINE INVEST LTD', Country: 'Poland'
2025-10-01 09:39:03,898 - INFO - Created new company - ID: 23236, Name: 'SEMINYAK II AS', Country: 'Poland'
2025-10-01 09:39:08,024 - INFO - Created new company - ID: 23237, Name: 'TANKERS AS', Country: 'Poland'
2025-10-01 09:39:12,132 - INFO - Created new company - ID: 23238, Name: 'VIGEO SHIPPING LTD', Country: 'Nigeria'
2025-10-01 09:39:16,247 - INFO - Created new company - ID: 23239, Name: 'RUBCHART SHIPPING LTD', Country: 'Poland'
2025-10-01 09:39:20,336 - INFO - Created new company - ID: 23240, Name: 'OCEANIC INTERNATIONAL SHPG-SEY', Country: 'Poland'
2025-10-01 09:39:24,461 - INFO - Created new company - ID: 23241, Name: 'BRCHART SHIPPING LTD', Country: 'Poland'
2025-10-01 09:39:28,597 - INFO - Created new company - ID: 23242, Name: 'RSHIP MARINE LTD', Country: 'Seychelles'
2025-10-01 09:39:32,731 - INFO - Created new company - ID: 23243, Name: 'AAA CHARTERING LTD', Country: 'Poland'
2025-10-01 09:39:36,851 - INFO - Created new company - ID: 23244, Name: 'TRADEX TRANSPORTATION INC', Country: 'Poland'
2025-10-01 09:39:41,001 - INFO - Created new company - ID: 23245, Name: 'INCOLAB HOLDING AG', Country: 'Poland'
2025-10-01 09:40:17,608 - INFO - Created new company - ID: 23246, Name: 'LIVERINA SHIPPING CO LTD', Country: 'Poland'
2025-10-01 09:40:21,759 - INFO - Created new company - ID: 23247, Name: 'GERLIA SHIPPING CO LTD', Country: 'Poland'
2025-10-01 09:40:25,903 - INFO - Created new company - ID: 23248, Name: 'ZICONIA SHIPPING CO LTD', Country: 'Poland'
2025-10-01 09:40:30,017 - INFO - Created new company - ID: 23249, Name: 'BALFER CO LTD', Country: 'Poland'
2025-10-01 09:40:34,170 - INFO - Created new company - ID: 23250, Name: 'SERAMARE SHIPPING CO LTD', Country: 'Poland'
2025-10-01 09:40:38,309 - INFO - Created new company - ID: 23251, Name: 'KADELARIKO SHIPPING CO LTD', Country: 'Cyprus'
2025-10-01 09:40:38,365 - INFO - Created new company - ID: 23252, Name: 'EUROAFRICA SHIPPING LINES CYP', Country: 'Cyprus'
2025-10-01 09:40:42,461 - INFO - Created new company - ID: 23253, Name: 'MORANI SHIPPING CO LTD', Country: 'Ireland'
2025-10-01 09:40:50,702 - INFO - Created new company - ID: 23254, Name: 'PROJECT MANAGEMENT GDYNIA', Country: 'Poland'
2025-10-01 09:41:23,457 - INFO - Created new company - ID: 23255, Name: 'SY PCTC 3 PTE LTD', Country: 'Poland'
2025-10-01 09:41:27,579 - INFO - Created new company - ID: 23256, Name: 'AUTO MARINE TRANSPORT INC', Country: 'Norway'
2025-10-01 09:42:12,311 - INFO - Created new company - ID: 23257, Name: 'PETRO APHRODITE CO LTD', Country: 'Cyprus'
2025-10-01 09:42:16,449 - INFO - Created new company - ID: 23258, Name: 'PETRO ICARUS CO LTD', Country: 'Cyprus'
2025-10-01 09:42:20,574 - INFO - Created new company - ID: 23259, Name: 'ST BARBARA NAVIGATION CO LTD', Country: 'Cyprus'
2025-10-01 09:42:24,677 - INFO - Created new company - ID: 23260, Name: 'KAMBR NAVIGATION CO LTD', Country: 'Cyprus'
2025-10-01 09:42:28,787 - INFO - Created new company - ID: 23261, Name: 'BAZALT NAVIGATION CO LTD', Country: 'Poland'
2025-10-01 09:42:32,881 - INFO - Created new company - ID: 23262, Name: 'POLBALTIC LTD', Country: 'Poland'
2025-10-01 09:42:37,036 - INFO - Created new company - ID: 23263, Name: 'POLCONOR LTD', Country: 'Poland'
2025-10-01 09:42:41,182 - INFO - Created new company - ID: 23264, Name: 'ADABAR CO LTD', Country: 'Poland'
2025-10-01 09:42:45,274 - INFO - Created new company - ID: 23265, Name: 'POLMARINE LTD', Country: 'Poland'
2025-10-01 09:42:49,391 - INFO - Created new company - ID: 23266, Name: 'VISENTINI CANTIERE NAVALE SRL', Country: 'Poland'
2025-10-01 09:42:53,549 - INFO - Created new company - ID: 23267, Name: 'WOLIN LINE LTD', Country: 'Poland'
2025-10-01 09:42:57,720 - INFO - Created new company - ID: 23268, Name: 'GRYF LINE LTD', Country: 'Poland'
2025-10-01 09:43:01,807 - INFO - Created new company - ID: 23269, Name: 'SCANIA LINE LTD', Country: 'Poland'
2025-10-01 09:43:05,936 - INFO - Created new company - ID: 23270, Name: 'POLONIA LINE LTD', Country: 'Poland'
2025-10-01 09:43:50,465 - INFO - Created new company - ID: 23271, Name: 'ARANDA SP Z OO', Country: 'Poland'
2025-10-01 09:43:50,522 - INFO - Created new company - ID: 23272, Name: 'POL-EURO SHIPPING LINES PLC-SA', Country: 'Poland'
2025-10-01 09:44:16,989 - INFO - Created new company - ID: 23273, Name: 'OKTAN SP/F', Country: 'Poland'
2025-10-01 09:44:21,086 - INFO - Created new company - ID: 23274, Name: 'SEDINA TANKERS LTD', Country: 'Poland'
2025-10-01 09:44:25,220 - INFO - Created new company - ID: 23275, Name: 'OKTAN ENERGY & V/L SERVICE', Country: 'Poland'
2025-10-01 09:44:37,509 - INFO - Created new company - ID: 23276, Name: 'CARL MARITIME CO', Country: 'Poland'
2025-10-01 09:45:30,532 - INFO - Created new company - ID: 23277, Name: 'WESTCOASTING OFFSHORE SERVICES', Country: 'Netherlands'
2025-10-01 09:45:42,778 - INFO - Created new company - ID: 23278, Name: 'BOTA GREEN OFFSHORE SP ZOO', Country: 'Poland'
2025-10-01 09:45:55,093 - INFO - Created new company - ID: 23279, Name: 'TOPAZ OCEANWAY LTD', Country: 'Portugal'
2025-10-01 09:45:59,903 - INFO - Created new company - ID: 23280, Name: 'WAVEWORKS MARITIME INC', Country: 'Portugal'
2025-10-01 09:46:04,020 - INFO - Created new company - ID: 23281, Name: 'RUBY OCEANWAY LTD', Country: 'Portugal'
2025-10-01 09:46:08,127 - INFO - Created new company - ID: 23282, Name: 'MARINA SANDS SHIPPING CORP', Country: 'Portugal'
2025-10-01 09:46:12,248 - INFO - Created new company - ID: 23283, Name: 'MARINA TOPAZ SHIPPING INC', Country: 'Portugal'
2025-10-01 09:46:16,413 - INFO - Created new company - ID: 23284, Name: 'ARIES MARINE INC', Country: 'Portugal'
2025-10-01 09:46:20,991 - INFO - Created new company - ID: 23285, Name: 'LEO MARINE INC', Country: 'Portugal'
2025-10-01 09:46:25,606 - INFO - Created new company - ID: 23286, Name: 'RHODONITE OCEANWAY INC', Country: 'Portugal'
2025-10-01 09:46:30,004 - INFO - Created new company - ID: 23287, Name: 'PISCES OCEANWAY INC', Country: 'Portugal'
2025-10-01 09:46:34,609 - INFO - Created new company - ID: 23288, Name: 'GEMINI OCEANWAY INC', Country: 'Portugal'
2025-10-01 09:46:39,113 - INFO - Created new company - ID: 23289, Name: 'TAURUS SEAWAYS SERVICES LTD', Country: 'Portugal'
2025-10-01 09:46:43,717 - INFO - Created new company - ID: 23290, Name: 'LIBRA SEAWAYS SERVICES LTD', Country: 'Portugal'
2025-10-01 09:46:48,365 - INFO - Created new company - ID: 23291, Name: 'PEARL OCEANWAY LTD-MAI', Country: 'Portugal'
2025-10-01 09:46:53,140 - INFO - Created new company - ID: 23292, Name: 'OPAL OCEANWAY LTD', Country: 'Portugal'
2025-10-01 09:46:57,648 - INFO - Created new company - ID: 23293, Name: 'DIAMOND OCEANWAY INC', Country: 'Portugal'
2025-10-01 09:47:02,460 - INFO - Created new company - ID: 23294, Name: 'AMBER OCEANWAY LTD', Country: 'Portugal'
2025-10-01 09:47:07,161 - INFO - Created new company - ID: 23295, Name: 'GARNET OCEANWAY LTD', Country: 'Portugal'
2025-10-01 09:47:11,879 - INFO - Created new company - ID: 23296, Name: 'DEEP VALUE DRILLER LTD', Country: 'Malta'
2025-10-01 09:47:16,391 - INFO - Created new company - ID: 23297, Name: 'ENI COTE D'IVOIRE LTD', Country: 'United-kingdom'
2025-10-01 09:47:20,909 - INFO - Created new company - ID: 23298, Name: 'EQUIPMENT RENTAL & SERVICES BV', Country: 'Netherlands'
2025-10-01 09:47:25,491 - INFO - Created new company - ID: 23299, Name: 'SAIPEM DRILLING NORWAY AS', Country: 'Norway'
2025-10-01 09:48:19,455 - INFO - Created new company - ID: 23300, Name: 'ZPMC JSD 6000 HONG KONG LTD', Country: 'China'
2025-10-01 09:48:19,512 - INFO - Created new company - ID: 23301, Name: 'ZPMC', Country: 'China'
2025-10-01 09:49:32,067 - INFO - Created new company - ID: 23302, Name: 'NAVITA SHIPPING LTD', Country: 'Estonia'
2025-10-01 09:49:36,677 - INFO - Created new company - ID: 23303, Name: 'MERITA SHIPPING LTD', Country: 'Estonia'
2025-10-01 09:49:41,306 - INFO - Created new company - ID: 23304, Name: 'METOMAR SHIPPING CO LTD', Country: 'Estonia'
2025-10-01 09:49:45,997 - INFO - Created new company - ID: 23305, Name: 'BEATA SHIPPING LTD-CYP', Country: 'Estonia'
2025-10-01 09:49:50,607 - INFO - Created new company - ID: 23306, Name: 'NAVI SHIPPING LTD', Country: 'Estonia'
2025-10-01 09:49:55,109 - INFO - Created new company - ID: 23307, Name: 'LUCITA SHIPPING LDA', Country: 'Estonia'
2025-10-01 09:49:59,727 - INFO - Created new company - ID: 23308, Name: 'DANITA MARITIME LTD', Country: 'Estonia'
2025-10-01 09:50:04,226 - INFO - Created new company - ID: 23309, Name: 'EVITA SHIPPING LTD', Country: 'Estonia'
2025-10-01 09:50:08,834 - INFO - Created new company - ID: 23310, Name: 'ELBSOMMER GMBH & CO KG', Country: 'Estonia'
2025-10-01 09:51:26,344 - INFO - Created new company - ID: 23311, Name: 'PORTO SANTO LINE', Country: 'Portugal'
2025-10-01 09:51:58,589 - INFO - Created new company - ID: 23312, Name: 'LISNAVE-INFRAESTRUTURAS NAVAIS', Country: 'Portugal'
2025-10-01 09:53:49,933 - INFO - Created new company - ID: 23313, Name: 'AMBER SPIRIT LTD', Country: 'Portugal'
2025-10-01 09:53:54,094 - INFO - Created new company - ID: 23314, Name: 'A TRADER LTD', Country: 'Portugal'
2025-10-01 09:53:58,245 - INFO - Created new company - ID: 23315, Name: 'A SKY LTD', Country: 'Portugal'
2025-10-01 09:54:02,341 - INFO - Created new company - ID: 23316, Name: 'A STAR LTD', Country: 'Portugal'
2025-10-01 09:56:05,976 - INFO - Created new company - ID: 23317, Name: 'ENDEAVOUR PARTNERS UNIPESSOAL', Country: 'United-states'
2025-10-01 09:56:14,219 - INFO - Created new company - ID: 23318, Name: 'EXPLORER OWNER UNIPESSOAL LDA', Country: 'United-states'
2025-10-01 09:56:42,822 - INFO - Created new company - ID: 23319, Name: 'FILONOS SHIPPING SA', Country: 'Liberia'
2025-10-01 09:57:03,007 - INFO - Created new company - ID: 23320, Name: 'AREIAS DA MADEIRA', Country: 'Portugal'
2025-10-01 09:57:39,648 - INFO - Created new company - ID: 23321, Name: 'ALMADA SHIPPING LTD', Country: 'Portugal'
2025-10-01 09:58:04,122 - INFO - Created new company - ID: 23322, Name: 'TUG MITCHEL INC', Country: 'United-states'
2025-10-01 09:58:12,298 - INFO - Created new company - ID: 23323, Name: 'TUG AURORA INC', Country: 'United-states'
2025-10-01 09:59:37,917 - INFO - Created new company - ID: 23324, Name: 'MILAHA EXPLORER PTE LTD', Country: 'Singapore'
2025-10-01 09:59:37,972 - INFO - Created new company - ID: 23325, Name: 'MILAHA OFFSHORE SERVICE CO', Country: 'Singapore'
2025-10-01 10:00:55,035 - INFO - Created new company - ID: 23326, Name: 'EXQUISITE LLC', Country: 'United-states'
2025-10-01 10:00:59,171 - INFO - Created new company - ID: 23327, Name: 'NAKILAT HHI 1908 INC', Country: 'Qatar'
2025-10-01 10:01:03,263 - INFO - Created new company - ID: 23328, Name: 'NAKILAT HALOUL INC', Country: 'Qatar'
2025-10-01 10:01:08,724 - INFO - Created new company - ID: 23329, Name: 'NAKILAT UMM LAQHAB LLC', Country: 'Qatar'
2025-10-01 10:01:12,902 - INFO - Created new company - ID: 23330, Name: 'NAKILAT AL WUKIR LLC', Country: 'Qatar'
2025-10-01 10:01:17,021 - INFO - Created new company - ID: 23331, Name: 'NAKILAT DSME 2264 INC', Country: 'United-kingdom'
2025-10-01 10:01:21,106 - INFO - Created new company - ID: 23332, Name: 'NAKILAT UMM SLAL INC', Country: 'Marshall-islands'
2025-10-01 10:01:25,271 - INFO - Created new company - ID: 23333, Name: 'NAKILAT AL GHUWAIRIYA INC', Country: 'Qatar'
2025-10-01 10:01:29,363 - INFO - Created new company - ID: 23334, Name: 'NAKILAT LIJMILIYA INC', Country: 'Qatar'
2025-10-01 10:01:33,481 - INFO - Created new company - ID: 23335, Name: 'NAKILAT AL SAMRIYA INC', Country: 'Qatar'
2025-10-01 10:01:37,605 - INFO - Created new company - ID: 23336, Name: 'NAKILAT BU SAMRA INC', Country: 'Qatar'
2025-10-01 10:01:41,722 - INFO - Created new company - ID: 23337, Name: 'NAKILAT SHI 1694 INC', Country: 'Qatar'
2025-10-01 10:01:45,834 - INFO - Created new company - ID: 23338, Name: 'NAKILAT SHI 1695 INC', Country: 'Qatar'
2025-10-01 10:01:49,945 - INFO - Created new company - ID: 23339, Name: 'NAKILAT SHI 1697 INC', Country: 'Qatar'
2025-10-01 10:01:54,044 - INFO - Created new company - ID: 23340, Name: 'NAKILAT HHI 1909 INC', Country: 'Qatar'
2025-10-01 10:01:58,131 - INFO - Created new company - ID: 23341, Name: 'NAKILAT HHI 1910 INC', Country: 'Qatar'
2025-10-01 10:02:02,280 - INFO - Created new company - ID: 23342, Name: 'NAKILAT DSME 2265 INC', Country: 'Qatar'
2025-10-01 10:02:06,659 - INFO - Created new company - ID: 23343, Name: 'NAKILAT DSME 2266 INC', Country: 'United-kingdom'
2025-10-01 10:02:11,001 - INFO - Created new company - ID: 23344, Name: 'NAKILAT SHI 1696 INC', Country: 'Qatar'
2025-10-01 10:02:15,567 - INFO - Created new company - ID: 23345, Name: 'NAKILAT SHI 1726 INC', Country: 'Qatar'
2025-10-01 10:02:20,072 - INFO - Created new company - ID: 23346, Name: 'OVERSEAS LNG H1 CORP', Country: 'Qatar'
2025-10-01 10:02:24,883 - INFO - Created new company - ID: 23347, Name: 'OVERSEAS LNG H2 CORP', Country: 'Qatar'
2025-10-01 10:02:29,321 - INFO - Created new company - ID: 23348, Name: 'OVERSEAS LNG S1 CORP', Country: 'Qatar'
2025-10-01 10:02:33,897 - INFO - Created new company - ID: 23349, Name: 'OVERSEAS LNG S2 CORP', Country: 'Qatar'
2025-10-01 10:02:38,517 - INFO - Created new company - ID: 23350, Name: 'HAI KUO SHIPPING 2118G LTD', Country: 'Qatar'
2025-10-01 10:04:18,202 - INFO - Created new company - ID: 23351, Name: 'CUL MANILA SHIPPING LTD', Country: 'Singapore'
2025-10-01 10:04:34,508 - INFO - Created new company - ID: 23352, Name: 'OCEAN ACE SHIPPING PTE LTD', Country: 'Indonesia'
2025-10-01 10:04:34,566 - INFO - Created new company - ID: 23353, Name: 'BOGASARI FLOUR MILLS INDOFOOD', Country: 'Indonesia'
2025-10-01 10:04:38,709 - INFO - Created new company - ID: 23354, Name: 'NAVIA EMERALD MARINE INC', Country: 'Hong-kong'
2025-10-01 10:04:42,898 - INFO - Created new company - ID: 23355, Name: 'FIVE STARS CHARTERING PVT LTD', Country: 'India'
2025-10-01 10:04:46,967 - INFO - Created new company - ID: 23356, Name: 'OCEAN HIRYU PTE LTD', Country: 'None'
2025-10-01 10:04:51,096 - INFO - Created new company - ID: 23357, Name: 'CHANCERY PARTNERS LTD', Country: 'Singapore'
2025-10-01 10:04:55,258 - INFO - Created new company - ID: 23358, Name: 'DERIN MARITIME INC', Country: 'Singapore'
2025-10-01 10:04:59,383 - INFO - Created new company - ID: 23359, Name: 'MUSASHI HARDWARE/MUSASHI MRTME', Country: 'Singapore'
2025-10-01 10:05:03,474 - INFO - Created new company - ID: 23360, Name: 'BRAVERY MARITIME LTD', Country: 'Singapore'
2025-10-01 10:05:11,731 - INFO - Created new company - ID: 23361, Name: 'MILAHA VLGC LTD', Country: 'Qatar'
2025-10-01 10:05:15,864 - INFO - Created new company - ID: 23362, Name: 'ZEST MARITIME LTD', Country: 'United-arab-emirates'
2025-10-01 10:05:19,989 - INFO - Created new company - ID: 23363, Name: 'NIBLO MARITIME INC', Country: 'Singapore'
2025-10-01 10:05:20,044 - INFO - Created new company - ID: 23364, Name: 'SIRIUS TANKER MANAGEMENT INC', Country: 'Singapore'
2025-10-01 10:06:11,386 - INFO - Created new company - ID: 23365, Name: 'NAKILAT SHI 1752 INC', Country: 'Qatar'
2025-10-01 10:06:15,515 - INFO - Created new company - ID: 23366, Name: 'HAI KUO SHIPPING 2119G LTD', Country: 'Qatar'
2025-10-01 10:06:19,626 - INFO - Created new company - ID: 23367, Name: 'HAI KUO SHIPPING 2218G LTD', Country: 'Qatar'
2025-10-01 10:06:23,765 - INFO - Created new company - ID: 23368, Name: 'HAI KUO SHIPPING 2219G LTD', Country: 'Qatar'
2025-10-01 10:06:27,862 - INFO - Created new company - ID: 23369, Name: 'ALLIANZ OFFSHORE SERVICES LTD', Country: 'United-arab-emirates'
2025-10-01 10:06:31,984 - INFO - Created new company - ID: 23370, Name: 'EBURY STR 2 LTD', Country: 'Qatar'
2025-10-01 10:06:36,071 - INFO - Created new company - ID: 23371, Name: 'EBURY STR 5 LTD', Country: 'Qatar'
2025-10-01 10:06:40,244 - INFO - Created new company - ID: 23372, Name: 'EBURY STR 1 LTD', Country: 'Qatar'
2025-10-01 10:06:44,341 - INFO - Created new company - ID: 23373, Name: 'EBURY STR 3 LTD', Country: 'Qatar'
2025-10-01 10:06:48,425 - INFO - Created new company - ID: 23374, Name: 'SAFA VENTURES FZ-LLC', Country: 'Qatar'
2025-10-01 10:06:52,536 - INFO - Created new company - ID: 23375, Name: 'EBURY STR 4 LTD', Country: 'Qatar'
2025-10-01 10:07:04,885 - INFO - Created new company - ID: 23376, Name: 'SIDRA AL RUWAIS SHIPPING CO', Country: 'Qatar'
2025-10-01 10:07:08,966 - INFO - Created new company - ID: 23377, Name: 'SIDRA AL KHOR SHIPPING CO', Country: 'Qatar'
2025-10-01 10:07:13,109 - INFO - Created new company - ID: 23378, Name: 'QATAR FUEL SUPPLY WOQOD', Country: 'Qatar'
2025-10-01 10:07:17,199 - INFO - Created new company - ID: 23379, Name: 'SIDRA AL WAKRA SHIPPING CO', Country: 'Qatar'
2025-10-01 10:07:21,378 - INFO - Created new company - ID: 23380, Name: 'SIDRA AL GHARIYA SHPG CO', Country: 'Qatar'
2025-10-01 10:07:25,480 - INFO - Created new company - ID: 23381, Name: 'HORIZON MARINE SERVICES LTD', Country: 'Qatar'
2025-10-01 10:07:29,601 - INFO - Created new company - ID: 23382, Name: 'SIDRA AL RUMEILA SHIPPING CO', Country: 'Qatar'
2025-10-01 10:08:14,510 - INFO - Created new company - ID: 23383, Name: 'QATARENERGY MARINE 7 LLC', Country: 'Qatar'
2025-10-01 10:08:18,636 - INFO - Created new company - ID: 23384, Name: 'NAKILAT SHI 1751 INC', Country: 'Qatar'
2025-10-01 10:08:22,805 - INFO - Created new company - ID: 23385, Name: 'NAKILAT SHI 1754 INC', Country: 'Qatar'
2025-10-01 10:08:31,001 - INFO - Created new company - ID: 23386, Name: 'STANFORD MERLIN LTD', Country: 'United-arab-emirates'
2025-10-01 10:09:52,576 - INFO - Created new company - ID: 23387, Name: 'QMS ACHIEVER INC', Country: 'Qatar'
2025-10-01 10:10:00,806 - INFO - Created new company - ID: 23388, Name: 'PETRODRILL INC', Country: 'United-arab-emirates'
2025-10-01 10:10:29,452 - INFO - Created new company - ID: 23389, Name: 'ARMAS PECHE', Country: 'Réunion'
2025-10-01 10:10:33,527 - INFO - Created new company - ID: 23390, Name: 'LES ARMEMENTS REUNIONNAIS', Country: 'Réunion'
2025-10-01 10:11:06,130 - INFO - Created new company - ID: 23391, Name: 'A LA PECHE RUZ', Country: 'Réunion'
2025-10-01 10:11:10,224 - INFO - Created new company - ID: 23392, Name: 'LE MARIUS SARL', Country: 'Réunion'
2025-10-01 10:11:34,663 - INFO - Created new company - ID: 23393, Name: 'ALABASTER SEAWAYS CO LTD', Country: 'Romania'
2025-10-01 10:11:38,827 - INFO - Created new company - ID: 23394, Name: 'MABLE MARINE CO LTD', Country: 'Romania'
2025-10-01 10:11:42,943 - INFO - Created new company - ID: 23395, Name: 'WHITBY MARITIME SA', Country: 'Romania'
2025-10-01 10:11:47,059 - INFO - Created new company - ID: 23396, Name: 'ASTER SHIPPING CO LTD', Country: 'Romania'
2025-10-01 10:11:51,212 - INFO - Created new company - ID: 23397, Name: 'KENWARD MARINE LTD', Country: 'Romania'
2025-10-01 10:11:55,329 - INFO - Created new company - ID: 23398, Name: 'LARA MARINE CO LTD', Country: 'Romania'
2025-10-01 10:11:59,473 - INFO - Created new company - ID: 23399, Name: 'THEO SERVICES INC', Country: 'Romania'
2025-10-01 10:12:03,569 - INFO - Created new company - ID: 23400, Name: 'STILAN MARITIME INC', Country: 'Romania'
2025-10-01 10:12:07,698 - INFO - Created new company - ID: 23401, Name: 'SEAWAY BEST NAVIGATION SA', Country: 'Romania'
2025-10-01 10:12:11,837 - INFO - Created new company - ID: 23402, Name: 'CROWN SEA MARINE INC', Country: 'Romania'
2025-10-01 10:12:15,926 - INFO - Created new company - ID: 23403, Name: 'AMBRA SHIPPING INC', Country: 'Romania'
2025-10-01 10:12:20,038 - INFO - Created new company - ID: 23404, Name: 'ATLAS SEAWAYS INC', Country: 'Romania'
2025-10-01 10:12:24,147 - INFO - Created new company - ID: 23405, Name: 'DIONE MARINE INC', Country: 'Romania'
2025-10-01 10:12:28,317 - INFO - Created new company - ID: 23406, Name: 'NARVI SHIPPING LTD', Country: 'Romania'
2025-10-01 10:12:32,477 - INFO - Created new company - ID: 23407, Name: 'GSP FALCON LTD', Country: 'United-states'
2025-10-01 10:12:36,592 - INFO - Created new company - ID: 23408, Name: 'GSP KING LTD', Country: 'United-states'
2025-10-01 10:12:40,499 - INFO - Created new company - ID: 23409, Name: 'GSP QUEEN LTD', Country: 'United-states'
2025-10-01 10:12:44,713 - INFO - Created new company - ID: 23410, Name: 'GSP ANTARES LTD', Country: 'Malta'
2025-10-01 10:12:49,313 - INFO - Created new company - ID: 23411, Name: 'GSP BIGFOOT 5 CORP', Country: 'Romania'
2025-10-01 10:12:53,927 - INFO - Created new company - ID: 23412, Name: 'PIPEBARGE 1 AS', Country: 'Romania'
2025-10-01 10:13:53,225 - INFO - Created new company - ID: 23413, Name: 'COASTAL NAVIGATION LTD', Country: 'Romania'
2025-10-01 10:13:53,280 - INFO - Created new company - ID: 23414, Name: 'ARADOS SHIPPING CO SRL', Country: 'Romania'
2025-10-01 10:13:57,380 - INFO - Created new company - ID: 23415, Name: 'SEA EXPLORER MARITIME SA', Country: 'Marshall-islands'
2025-10-01 10:14:01,505 - INFO - Created new company - ID: 23416, Name: 'RAMA H SHIPPING LTD', Country: 'Romania'
2025-10-01 10:14:05,679 - INFO - Created new company - ID: 23417, Name: 'SEAPRIDE SHIPMANAGEMENT CO', Country: 'Romania'
2025-10-01 10:14:18,018 - INFO - Created new company - ID: 23418, Name: 'MAYSA SHIPPING LTD', Country: 'Romania'
2025-10-01 10:14:50,617 - INFO - Created new company - ID: 23419, Name: 'AFRICAN ROSE MARITIME LTD', Country: 'Türkiye'
2025-10-01 10:15:09,021 - INFO - Created new company - ID: 23420, Name: 'DSM LAILA MARINE LTD', Country: 'Liberia'
2025-10-01 10:15:13,139 - INFO - Created new company - ID: 23421, Name: 'MED ROSE MARITIME LTD', Country: 'Liberia'
2025-10-01 10:15:41,558 - INFO - Created new company - ID: 23422, Name: 'SC LOGISTIC REMO SERVICES SRL', Country: 'Romania'
2025-10-01 10:16:26,195 - INFO - Created new company - ID: 23423, Name: 'SUPER ARSENAL CO LTD', Country: 'Romania'
2025-10-01 10:16:30,303 - INFO - Created new company - ID: 23424, Name: 'GLOBAL ARSENAL CO LTD', Country: 'Romania'
2025-10-01 10:16:34,438 - INFO - Created new company - ID: 23425, Name: 'GOLDEN ARSENAL CO LTD', Country: 'Romania'
2025-10-01 10:16:38,553 - INFO - Created new company - ID: 23426, Name: 'BRAVE ARSENAL CO LTD', Country: 'Romania'
2025-10-01 10:16:42,731 - INFO - Created new company - ID: 23427, Name: 'GLOBAL SAFETY LTD', Country: 'Romania'
2025-10-01 10:16:46,834 - INFO - Created new company - ID: 23428, Name: 'TAMAR SHIPPING LTD', Country: 'Romania'
2025-10-01 10:16:50,713 - INFO - Created new company - ID: 23429, Name: 'ASTRA MARINE SERVICES LTD', Country: 'Romania'
2025-10-01 10:16:54,793 - INFO - Created new company - ID: 23430, Name: 'BEATA SHIPPING LTD-MAI', Country: 'Romania'
2025-10-01 10:17:11,093 - INFO - Created new company - ID: 23431, Name: 'GAMMA LIVESTOCK CO', Country: 'Romania'
2025-10-01 10:17:19,313 - INFO - Created new company - ID: 23432, Name: 'KARAZI RO LTD', Country: 'Romania'
2025-10-01 10:17:23,443 - INFO - Created new company - ID: 23433, Name: 'ASTRA NAVIGATION ONE CO', Country: 'Romania'
2025-10-01 10:17:27,576 - INFO - Created new company - ID: 23434, Name: 'ACCORD SHIPPING CO LTD', Country: 'Romania'
2025-10-01 10:17:31,690 - INFO - Created new company - ID: 23435, Name: 'MIRA SEA LTD', Country: 'Romania'
2025-10-01 10:17:35,830 - INFO - Created new company - ID: 23436, Name: 'GOLDEN JOY SHIPPING LTD', Country: 'Romania'
2025-10-01 10:17:39,960 - INFO - Created new company - ID: 23437, Name: 'UNITED SHIPPING TRANSPORT LTD', Country: 'Romania'
2025-10-01 10:17:44,081 - INFO - Created new company - ID: 23438, Name: 'NEW JOY MARITIME LTD', Country: 'Romania'
2025-10-01 10:17:48,203 - INFO - Created new company - ID: 23439, Name: 'JOY LEGACY LTD', Country: 'Romania'
2025-10-01 10:17:52,307 - INFO - Created new company - ID: 23440, Name: 'KHM MARINE CO', Country: 'Romania'
2025-10-01 10:17:56,429 - INFO - Created new company - ID: 23441, Name: 'JOY FLOWER MARITIME LTD', Country: 'Romania'
2025-10-01 10:18:00,566 - INFO - Created new company - ID: 23442, Name: 'STAR SHIPPING ONE LTD', Country: 'Romania'
2025-10-01 10:18:04,707 - INFO - Created new company - ID: 23443, Name: 'AB AMIRA SHIPPING LTD', Country: 'Romania'
2025-10-01 10:18:08,835 - INFO - Created new company - ID: 23444, Name: 'AB SHIPPING LTD', Country: 'Romania'
2025-10-01 10:18:21,125 - INFO - Created new company - ID: 23445, Name: 'ARMONY MARITIME LTD', Country: 'Romania'
2025-10-01 10:18:25,217 - INFO - Created new company - ID: 23446, Name: 'NEW PARIS SHIPPING LTD', Country: 'Liberia'
2025-10-01 10:18:33,399 - INFO - Created new company - ID: 23447, Name: 'AYANA SHIPPING LTD-LIB', Country: 'Romania'
2025-10-01 10:18:37,522 - INFO - Created new company - ID: 23448, Name: 'ASTRO MARINE LTD', Country: 'Romania'
2025-10-01 10:18:41,651 - INFO - Created new company - ID: 23449, Name: 'HELIOS H SHIPPING CO', Country: 'Liberia'
2025-10-01 10:18:45,745 - INFO - Created new company - ID: 23450, Name: 'NOBLE SHIPPING SERVICES CO', Country: 'Liberia'
2025-10-01 10:18:49,887 - INFO - Created new company - ID: 23451, Name: 'MAC INTERNATIONAL LTD', Country: 'Romania'
2025-10-01 10:18:53,991 - INFO - Created new company - ID: 23452, Name: 'MAC INTERCONTINENTAL LTD', Country: 'Romania'
2025-10-01 10:19:06,226 - INFO - Created new company - ID: 23453, Name: 'LYNGATE MARINE LTD', Country: 'Liberia'
2025-10-01 10:19:10,400 - INFO - Created new company - ID: 23454, Name: 'BROADWAY MARINE LTD', Country: 'Romania'
2025-10-01 10:19:22,513 - INFO - Created new company - ID: 23455, Name: 'VOLGA-NEVA LTD', Country: 'Russia'
2025-10-01 10:22:15,659 - INFO - Created new company - ID: 23456, Name: 'BALTIC BASU-CASPIAN', Country: 'Russia'
2025-10-01 10:22:27,978 - INFO - Created new company - ID: 23457, Name: 'GOSAKVASPAS', Country: 'Russia'
2025-10-01 10:22:36,116 - INFO - Created new company - ID: 23458, Name: 'KAMA RIVER SHIPPING CO', Country: 'Russia'
2025-10-01 10:22:36,171 - INFO - Created new company - ID: 23459, Name: 'BALTCOM SHIPPING', Country: 'Russia'
2025-10-01 10:22:40,331 - INFO - Created new company - ID: 23460, Name: 'NOVOROSSIYSK MARINE ACADEMY', Country: 'Russia'
2025-10-01 10:24:23,798 - INFO - Created new company - ID: 23461, Name: 'MURMANSK REGION ADMINISTRATION', Country: 'Russia'
2025-10-01 10:27:53,345 - INFO - Created new company - ID: 23462, Name: 'BARBARO SPA', Country: 'Italy'
2025-10-01 10:27:57,833 - INFO - Created new company - ID: 23463, Name: 'ALDEBARAN MARITIME LTD', Country: 'Russia'
2025-10-01 12:03:42,810 - INFO - Created new company - ID: 23464, Name: 'PR SAMARA LLC', Country: 'Russia'
2025-10-01 12:05:31,164 - INFO - Created new company - ID: 23465, Name: 'SHIPLINE FOUR LTD', Country: 'Russia'
2025-10-01 12:06:07,974 - INFO - Created new company - ID: 23466, Name: 'SCF GEO OOO', Country: 'Russia'
2025-10-01 12:06:12,129 - INFO - Created new company - ID: 23467, Name: 'VOLIMAR SHIPPING CO LTD', Country: 'Singapore'
2025-10-01 12:06:16,256 - INFO - Created new company - ID: 23468, Name: 'SCF SAKHALIN SUPPORT VESSELS', Country: 'Singapore'
2025-10-01 12:06:20,360 - INFO - Created new company - ID: 23469, Name: 'SCF SAKHALIN VESSELS LTD', Country: 'Russia'
2025-10-01 12:06:32,614 - INFO - Created new company - ID: 23470, Name: 'RIATOKA SHIPPING CO LTD', Country: 'Russia'
2025-10-01 12:06:36,705 - INFO - Created new company - ID: 23471, Name: 'LOTERIA SHIPPING CO LTD', Country: 'Russia'
2025-10-01 12:06:40,818 - INFO - Created new company - ID: 23472, Name: 'LOUKIO SHIPPING CO LTD', Country: 'Cyprus'
2025-10-01 12:06:44,915 - INFO - Created new company - ID: 23473, Name: 'LORAMA SHIPPING CO LTD', Country: 'Cyprus'
2025-10-01 12:06:49,027 - INFO - Created new company - ID: 23474, Name: 'DAFNE LINE SHIPPING CO LTD', Country: 'Russia'
2025-10-01 12:06:53,120 - INFO - Created new company - ID: 23475, Name: 'GLOBAL CHALLENGE SHIPPING CO', Country: 'Russia'
2025-10-01 12:07:01,314 - INFO - Created new company - ID: 23476, Name: 'NADELLE SHIPPING CO LTD', Country: 'Russia'
2025-10-01 12:07:05,430 - INFO - Created new company - ID: 23477, Name: 'TEMPIO SHIPPING CO LTD', Country: 'Russia'
2025-10-01 12:07:17,742 - INFO - Created new company - ID: 23478, Name: 'KANDILIO SHIPPING CO LTD', Country: 'Russia'
2025-10-01 12:07:21,891 - INFO - Created new company - ID: 23479, Name: 'AESTAMO SHIPPING CO LTD', Country: 'Russia'
2025-10-01 12:07:25,992 - INFO - Created new company - ID: 23480, Name: 'CARVINA SHIPPING CO LTD', Country: 'Russia'
2025-10-01 12:07:30,086 - INFO - Created new company - ID: 23481, Name: 'SCF NOVY PORT OOO', Country: 'Russia'
2025-10-01 12:07:38,300 - INFO - Created new company - ID: 23482, Name: 'SCF ECO OOO', Country: 'Russia'
2025-10-01 12:08:05,103 - INFO - Created new company - ID: 23483, Name: 'SENATOR SHIPPING LTD-GIB', Country: 'Russia'
2025-10-01 12:09:22,857 - INFO - Created new company - ID: 23484, Name: 'NAKHODKANEFTEPRODUKT LLC', Country: 'Russia'
2025-10-01 12:09:47,255 - INFO - Created new company - ID: 23485, Name: 'FUTURE LINK SHIPPING CO', Country: 'Russia'
2025-10-01 12:09:51,375 - INFO - Created new company - ID: 23486, Name: 'LUGA SHIPPING CO LTD', Country: 'Russia'
2025-10-01 12:09:55,507 - INFO - Created new company - ID: 23487, Name: 'SVIR SHIPPING CO LTD', Country: 'Russia'
2025-10-01 12:09:59,614 - INFO - Created new company - ID: 23488, Name: 'VOLKHOV SHIPPING CO LTD', Country: 'Russia'
2025-10-01 12:10:04,545 - INFO - Created new company - ID: 23489, Name: 'VUOKSA SHIPPING CO LTD', Country: 'Russia'
2025-10-01 12:18:06,575 - INFO - Created new company - ID: 23490, Name: 'ERIDAN CJSC', Country: 'Russia'
2025-10-01 12:22:40,792 - INFO - Created new company - ID: 23491, Name: 'LIGA DV CO LTD', Country: 'Russia'
2025-10-01 12:25:47,194 - INFO - Created new company - ID: 23492, Name: 'ONEGA STEVEDORING CO', Country: 'Russia'
2025-10-01 12:26:03,477 - INFO - Created new company - ID: 23493, Name: 'PALMALI CO LTD', Country: 'Russia'
2025-10-01 12:26:19,797 - INFO - Created new company - ID: 23494, Name: 'POLUS LLC', Country: 'Russia'
2025-10-01 12:29:03,668 - INFO - Created new company - ID: 23495, Name: 'ALFRIGG LTD', Country: 'Russia'
2025-10-01 12:29:20,032 - INFO - Created new company - ID: 23496, Name: 'DUMFERLINE LTD', Country: 'Russia'
2025-10-01 12:29:32,387 - INFO - Created new company - ID: 23497, Name: 'ROMBIDO LTD', Country: 'Russia'
2025-10-01 12:29:36,548 - INFO - Created new company - ID: 23498, Name: 'TLJ SHIPPING LTD', Country: 'Russia'
2025-10-01 12:30:42,456 - INFO - Created new company - ID: 23499, Name: 'AZOVO-DONSKAYA CO', Country: 'Russia'
2025-10-01 12:30:42,511 - INFO - Created new company - ID: 23500, Name: 'ASTON ENTERPRISE AGENCY LLC', Country: 'Russia'
2025-10-01 12:30:46,641 - INFO - Created new company - ID: 23501, Name: 'ASTON ENTERPRISE LTD', Country: 'Russia'
2025-10-01 12:31:29,769 - INFO - Created new company - ID: 23502, Name: 'BUZULUK SHIPPING LTD', Country: 'Russia'
2025-10-01 12:31:33,890 - INFO - Created new company - ID: 23503, Name: 'DIANA MARIA HK MARITIME LTD', Country: 'Russia'
2025-10-01 12:31:38,051 - INFO - Created new company - ID: 23504, Name: 'REKATE SHIPPING LTD', Country: 'Russia'
2025-10-01 12:31:42,185 - INFO - Created new company - ID: 23505, Name: 'ALISA V SHIPPING LTD', Country: 'Russia'
2025-10-01 12:31:54,512 - INFO - Created new company - ID: 23506, Name: 'NEVADON LLC', Country: 'Russia'
2025-10-01 12:32:19,211 - INFO - Created new company - ID: 23507, Name: 'AM ASIA M5 LTD', Country: 'Russia'
2025-10-01 12:32:25,088 - INFO - Created new company - ID: 23508, Name: 'AM ASIA M6 LTD', Country: 'Hong-kong'
2025-10-01 12:34:06,979 - INFO - Created new company - ID: 23509, Name: 'HANRO SHIPPING - SAKHALIN', Country: 'Russia'
2025-10-01 12:34:27,488 - INFO - Created new company - ID: 23510, Name: 'VOSTOK TRADE INVEST JSC', Country: 'Russia'
2025-10-01 12:35:37,551 - INFO - Created new company - ID: 23511, Name: 'NAJAR HOLDINGS LTD', Country: 'Russia'
2025-10-01 12:36:10,876 - INFO - Created new company - ID: 23512, Name: 'APPOLO SHIPPING LLC', Country: 'Russia'
2025-10-01 12:37:12,148 - INFO - Created new company - ID: 23513, Name: 'AKROS 1 JSC', Country: 'Russia'
2025-10-01 12:38:05,992 - INFO - Created new company - ID: 23514, Name: 'KAZAN SHIPPING INC', Country: 'Russia'
2025-10-01 12:38:10,498 - INFO - Created new company - ID: 23515, Name: 'KRYMSK SHIPPING INC', Country: 'Russia'
2025-10-01 12:38:19,825 - INFO - Created new company - ID: 23516, Name: 'GALLION NAVIGATION INC', Country: 'Russia'
2025-10-01 12:38:24,324 - INFO - Created new company - ID: 23517, Name: 'SIGMA NAVIGATION CORP', Country: 'Russia'
2025-10-01 12:38:28,826 - INFO - Created new company - ID: 23518, Name: 'NIVA TRANSPORT SA', Country: 'Russia'
2025-10-01 12:38:33,638 - INFO - Created new company - ID: 23519, Name: 'NS LEADER SHIPPING INC', Country: 'Russia'
2025-10-01 12:38:42,864 - INFO - Created new company - ID: 23520, Name: 'WATERFRONT TANKERS INC', Country: 'Russia'
2025-10-01 12:38:47,363 - INFO - Created new company - ID: 23521, Name: 'WATERSCAPE CARRIERS INC', Country: 'Russia'
2025-10-01 12:38:51,765 - INFO - Created new company - ID: 23522, Name: 'NS BURGAS SHIPPING INC', Country: 'United-arab-emirates'
2025-10-01 12:38:56,010 - INFO - Created new company - ID: 23523, Name: 'NS BRAVO SHIPPING INC', Country: 'United-arab-emirates'
2025-10-01 12:39:00,579 - INFO - Created new company - ID: 23524, Name: 'NS ANTARCTIC SHIPPING INC', Country: 'United-arab-emirates'
2025-10-01 12:39:59,459 - INFO - Created new company - ID: 23525, Name: 'SEAMELINA LTD', Country: 'Russia'
2025-10-01 12:40:39,677 - INFO - Created new company - ID: 23526, Name: 'ALIOT SHIPPING LTD', Country: 'Russia'
2025-10-01 12:40:44,287 - INFO - Created new company - ID: 23527, Name: 'ARKTUR SHIPPING LTD', Country: 'Russia'
2025-10-01 12:41:50,149 - INFO - Created new company - ID: 23528, Name: 'ARANEA SHIPPING LTD', Country: 'Russia'
2025-10-01 12:41:54,954 - INFO - Created new company - ID: 23529, Name: 'GELDRICK INVESTMENTS LTD', Country: 'Russia'
2025-10-01 12:41:59,602 - INFO - Created new company - ID: 23530, Name: 'WADDEN MARINE LTD-HKG', Country: 'Russia'
2025-10-01 12:42:04,053 - INFO - Created new company - ID: 23531, Name: 'WHB SHIPPING NV', Country: 'Russia'
2025-10-01 12:42:13,180 - INFO - Created new company - ID: 23532, Name: 'SEATURN MARINE LTD', Country: 'Russia'
2025-10-01 12:42:17,789 - INFO - Created new company - ID: 23533, Name: 'ATLAS SHIPPING LLC', Country: 'Russia'
2025-10-01 12:42:22,188 - INFO - Created new company - ID: 23534, Name: 'RANELLA MARITIME LTD', Country: 'Russia'
2025-10-01 12:42:26,930 - INFO - Created new company - ID: 23535, Name: 'MANAGEMENT 3 SHIPPING CO LTD', Country: 'Russia'
2025-10-01 12:42:31,322 - INFO - Created new company - ID: 23536, Name: 'SIBIRSKAYA LEASING COMPANY LLC', Country: 'Russia'
2025-10-01 12:42:35,801 - INFO - Created new company - ID: 23537, Name: 'MARLIN SHIPPING LLC', Country: 'Russia'
2025-10-01 12:42:40,321 - INFO - Created new company - ID: 23538, Name: 'MORSEVLOGISTIC LTD', Country: 'Russia'
2025-10-01 12:42:45,039 - INFO - Created new company - ID: 23539, Name: 'BEDITCAR MANAGEMENT LTD', Country: 'Marshall-islands'
2025-10-01 12:42:49,543 - INFO - Created new company - ID: 23540, Name: 'ATRIO GROUP LTD', Country: 'Russia'
2025-10-01 12:44:00,527 - INFO - Created new company - ID: 23541, Name: 'LEASING COMPANY GPB LLC', Country: 'Russia'
2025-10-01 12:44:04,695 - INFO - Created new company - ID: 23542, Name: 'PELAGIA SHIPPING LTD', Country: 'Russia'
2025-10-01 12:44:17,050 - INFO - Created new company - ID: 23543, Name: 'EKO SHIPPING LTD', Country: 'Ukraine'
2025-10-01 12:44:45,589 - INFO - Created new company - ID: 23544, Name: 'MARITIME VENTURES LTD', Country: 'Russia'
2025-10-01 12:44:57,981 - INFO - Created new company - ID: 23545, Name: 'SIENNA SHIPPING LTD', Country: 'Russia'
2025-10-01 12:45:02,093 - INFO - Created new company - ID: 23546, Name: 'SENARA SHIPPING LTD', Country: 'Russia'
2025-10-01 12:45:10,345 - INFO - Created new company - ID: 23547, Name: 'ORANGE TRANSPORT LTD', Country: 'Russia'
2025-10-01 12:45:18,553 - INFO - Created new company - ID: 23548, Name: 'NOVOROSSIYSK MARINE PORT', Country: 'Russia'
2025-10-01 12:46:20,015 - INFO - Created new company - ID: 23549, Name: 'AZELIA OCEAN LTD', Country: 'Russia'
2025-10-01 12:46:32,290 - INFO - Created new company - ID: 23550, Name: 'DOLSY CORP LP', Country: 'Russia'
2025-10-01 12:50:09,499 - INFO - Created new company - ID: 23551, Name: 'CAIRD SEAFARING LTD', Country: 'Türkiye'
2025-10-01 12:50:46,152 - INFO - Created new company - ID: 23552, Name: 'ABIGAIL TRADING LTD', Country: 'Russia'
2025-10-01 12:51:10,738 - INFO - Created new company - ID: 23553, Name: 'ALBROS-PETERSBURG SHIPPING CO', Country: 'Russia'
2025-10-01 12:51:18,943 - INFO - Created new company - ID: 23554, Name: 'PRESTO NAVIGATION LTD', Country: 'None'
2025-10-01 12:51:19,000 - INFO - Created new company - ID: 23555, Name: 'TRITON TECHNICAL SERVICES LLC', Country: 'None'
2025-10-01 12:52:38,944 - INFO - Created new company - ID: 23556, Name: 'YAKOV SEMENOV LTD', Country: 'Russia'
2025-10-01 12:59:10,444 - INFO - Created new company - ID: 23557, Name: 'SANDOY SHIPPING LTD', Country: 'United-arab-emirates'
2025-10-01 12:59:10,501 - INFO - Created new company - ID: 23558, Name: 'OIL TANKERS SCF MGMT FZCO', Country: 'United-arab-emirates'
2025-10-01 12:59:19,449 - INFO - Created new company - ID: 23559, Name: 'UNIVERSAL NAVIGATION CO LTD', Country: 'Russia'
2025-10-01 12:59:28,142 - INFO - Created new company - ID: 23560, Name: 'ORIENTAL CARRIERS CO', Country: 'Russia'
2025-10-01 12:59:36,621 - INFO - Created new company - ID: 23561, Name: 'STREYMOY SHIPPING LTD', Country: 'Russia'
2025-10-01 12:59:44,905 - INFO - Created new company - ID: 23562, Name: 'MALCOM GROUP LTD', Country: 'Russia'
2025-10-01 13:00:09,470 - INFO - Created new company - ID: 23563, Name: 'DIAVLOS MARITIME INC', Country: 'Greece'
2025-10-01 13:00:09,531 - INFO - Created new company - ID: 23564, Name: 'DIAVLOS MARITIME CO', Country: 'Greece'
2025-10-01 13:03:13,594 - INFO - Created new company - ID: 23565, Name: 'OIL-COMPACT CO LTD', Country: 'Russia'
2025-10-01 13:03:34,297 - INFO - Created new company - ID: 23566, Name: 'NIKESTO INVESTMENTS LTD', Country: 'Russia'
2025-10-01 13:03:38,550 - INFO - Created new company - ID: 23567, Name: 'BEREZIA MANAGEMENT LTD', Country: 'Russia'
2025-10-01 13:04:54,915 - INFO - Created new company - ID: 23568, Name: 'SKYGROUP LOGISTICS LTD', Country: 'Hong-kong'
2025-10-01 13:05:11,839 - INFO - Created new company - ID: 23569, Name: 'NEW TIME CO LTD', Country: 'Russia'
2025-10-01 13:05:56,621 - INFO - Created new company - ID: 23570, Name: 'PANDE LTD', Country: 'Russia'
2025-10-01 13:07:35,800 - INFO - Created new company - ID: 23571, Name: 'LADOGA SHIP LLC', Country: 'Russia'
2025-10-01 13:07:40,030 - INFO - Created new company - ID: 23572, Name: 'VIRMA SHIPPING LLC', Country: 'Russia'
2025-10-01 13:07:44,207 - INFO - Created new company - ID: 23573, Name: 'VOLGOBALT SHIP LLC', Country: 'Russia'
2025-10-01 13:07:48,296 - INFO - Created new company - ID: 23574, Name: 'MARINE CARGO SHIP LLC', Country: 'Russia'
2025-10-01 13:08:44,200 - INFO - Created new company - ID: 23575, Name: 'EURASIA-SHIPPING CASPIAN LLC', Country: 'Russia'
2025-10-01 13:08:53,057 - INFO - Created new company - ID: 23576, Name: 'KOSTER LLC', Country: 'Russia'
2025-10-01 13:11:05,575 - INFO - Created new company - ID: 23577, Name: 'ZHELEZNI ROG', Country: 'Russia'
2025-10-01 13:11:10,156 - INFO - Created new company - ID: 23578, Name: 'TAMANNEFTEGAZ JSC', Country: 'Russia'
2025-10-01 13:11:37,502 - INFO - Created new company - ID: 23579, Name: 'VIKTOROVICH PS', Country: 'Russia'
2025-10-01 13:11:51,196 - INFO - Created new company - ID: 23580, Name: 'SILVERINA HOLDING SA', Country: 'Russia'
2025-10-01 13:13:03,750 - INFO - Created new company - ID: 23581, Name: 'KEY DEVELOPMENTS SA', Country: 'Cyprus'
2025-10-01 13:13:12,024 - INFO - Created new company - ID: 23582, Name: 'ARGUN JSC', Country: 'Russia'
2025-10-01 13:13:16,414 - INFO - Created new company - ID: 23583, Name: 'TABATHA SHIPPING INC', Country: 'Russia'
2025-10-01 13:13:20,872 - INFO - Created new company - ID: 23584, Name: 'HALEWOOD SHIPPING INC', Country: 'Russia'
2025-10-01 13:13:48,907 - INFO - Created new company - ID: 23585, Name: 'ONGUARD HOLDINGS LTD', Country: 'Russia'
2025-10-01 13:17:33,870 - INFO - Created new company - ID: 23586, Name: 'MERCURY CO LTD SHIPPING CO', Country: 'Russia'
2025-10-01 13:17:39,773 - INFO - Created new company - ID: 23587, Name: 'KAMGAZ CO LTD', Country: 'Russia'
2025-10-01 13:17:54,465 - INFO - Created new company - ID: 23588, Name: 'DATA SHIPPING LTD', Country: 'Russia'
2025-10-01 13:18:21,723 - INFO - Created new company - ID: 23589, Name: 'RIGHT SUCCESS MANAGEMENT PTE', Country: 'China'
2025-10-01 13:18:25,860 - INFO - Created new company - ID: 23590, Name: 'UNIVERSAL OVERSEAS CO LTD', Country: 'Russia'
2025-10-01 13:18:54,956 - INFO - Created new company - ID: 23591, Name: 'RUSSIA GOVT AZOV-DON BASIN', Country: 'Russia'
2025-10-01 13:20:24,383 - INFO - Created new company - ID: 23592, Name: 'RIVERSDALE MANAGEMENT LTD', Country: 'Belize'
2025-10-01 13:20:36,598 - INFO - Created new company - ID: 23593, Name: 'TRANSCHART LTD', Country: 'Russia'
2025-10-01 13:20:41,230 - INFO - Created new company - ID: 23594, Name: 'TRANS-FLOT/VLADIMIROVICH PV', Country: 'Russia'
2025-10-01 13:22:51,953 - INFO - Created new company - ID: 23595, Name: 'AEROFUELS INTERNATIONAL', Country: 'Russia'
2025-10-01 13:23:05,773 - INFO - Created new company - ID: 23596, Name: 'TAVRIA CO LTD', Country: 'Russia'
2025-10-01 13:23:14,789 - INFO - Created new company - ID: 23597, Name: 'VOSTOKJURFLOT CO LTD', Country: 'Russia'
2025-10-01 13:23:19,395 - INFO - Created new company - ID: 23598, Name: 'ZOLOTAYA DOLINA OOO', Country: 'Russia'
2025-10-01 13:23:24,023 - INFO - Created new company - ID: 23599, Name: 'MAGADANSKOE PREDRIYATIE', Country: 'Russia'
2025-10-01 13:25:44,505 - INFO - Created new company - ID: 23600, Name: 'YAMAL IRBIS LTD', Country: 'Russia'
2025-10-01 13:25:49,417 - INFO - Created new company - ID: 23601, Name: 'YAMAL KRECHET LTD', Country: 'Russia'
2025-10-01 13:26:13,228 - INFO - Created new company - ID: 23602, Name: 'SEVNOR SOUTH LTD', Country: 'Russia'
2025-10-01 13:26:47,808 - INFO - Created new company - ID: 23603, Name: 'YAUZA SHIPPING COMPANY LLC', Country: 'Seychelles'
2025-10-01 13:26:47,865 - INFO - Created new company - ID: 23604, Name: 'DIMAR ENTERPRISES LTD', Country: 'Seychelles'
2025-10-01 13:26:57,871 - INFO - Created new company - ID: 23605, Name: 'PALSTAR TRADING CO LTD', Country: 'Russia'
2025-10-01 13:28:46,219 - INFO - Created new company - ID: 23606, Name: 'BRIMWELL INTER LTD', Country: 'Russia'
2025-10-01 13:30:18,909 - INFO - Created new company - ID: 23607, Name: 'AGROTEKHRODINVEST JSC', Country: 'Russia'
2025-10-01 13:30:23,963 - INFO - Created new company - ID: 23608, Name: 'OPAIR INTERNATIONAL CORP', Country: 'Russia'
2025-10-01 13:30:36,988 - INFO - Created new company - ID: 23609, Name: 'MILENA SHIPPING INC LTD', Country: 'Russia'
2025-10-01 13:30:41,369 - INFO - Created new company - ID: 23610, Name: 'BUSSOLA MANAGEMENT INC LTD', Country: 'Russia'
2025-10-01 13:30:46,052 - INFO - Created new company - ID: 23611, Name: 'TOKI SHIPPING LTD', Country: 'Russia'
2025-10-01 13:30:50,505 - INFO - Created new company - ID: 23612, Name: 'KOPPI SHIPPING LTD-CYP', Country: 'Cyprus'
2025-10-01 13:31:49,285 - INFO - Created new company - ID: 23613, Name: 'BAKU SKY MARITIME LTD', Country: 'Türkiye'
2025-10-01 13:31:56,016 - INFO - Created new company - ID: 23614, Name: 'ELEGANCE MARINE LTD', Country: 'Türkiye'
2025-10-01 13:32:01,817 - INFO - Created new company - ID: 23615, Name: 'CODES INVEST LTD', Country: 'Türkiye'
2025-10-01 13:32:06,850 - INFO - Created new company - ID: 23616, Name: 'BAKU STAR MARITIME LTD', Country: 'Türkiye'
2025-10-01 13:32:26,602 - INFO - Created new company - ID: 23617, Name: 'ROKSAN SHIPPING JSC', Country: 'Russia'
2025-10-01 13:33:53,745 - INFO - Created new company - ID: 23618, Name: 'ARTNER MANAGEMENT CORP', Country: 'Russia'
2025-10-01 13:34:26,405 - INFO - Created new company - ID: 23619, Name: 'MAGADANMORE', Country: 'Russia'
2025-10-01 13:34:30,562 - INFO - Created new company - ID: 23620, Name: 'MORSKOYE LTD', Country: 'Russia'
2025-10-01 13:35:27,825 - INFO - Created new company - ID: 23621, Name: 'FISHERY CO-FOR JSC', Country: 'Russia'
2025-10-01 13:35:33,292 - INFO - Created new company - ID: 23622, Name: 'FISHING CO-FOR JSC', Country: 'Russia'
2025-10-01 13:35:38,141 - INFO - Created new company - ID: 23623, Name: 'FISHING FLEET-FOR PLC', Country: 'Russia'
2025-10-01 13:35:42,314 - INFO - Created new company - ID: 23624, Name: 'TRANSOPTIMAL SHIPPING', Country: 'Türkiye'
2025-10-01 13:35:48,689 - INFO - Created new company - ID: 23625, Name: 'SIB SHIP LLC', Country: 'Russia'
2025-10-01 13:35:53,047 - INFO - Created new company - ID: 23626, Name: 'OPOL SHIP LTD', Country: 'Russia'
2025-10-01 13:38:33,223 - INFO - Created new company - ID: 23627, Name: 'ELMOR SHIPPING CO LTD', Country: 'Russia'
2025-10-01 13:38:33,279 - INFO - Created new company - ID: 23628, Name: 'BSBS LTD', Country: 'Russia'
2025-10-01 13:38:49,417 - INFO - Created new company - ID: 23629, Name: 'VOLGA OPTIMA LLC', Country: 'Russia'
2025-10-01 13:41:39,199 - INFO - Created new company - ID: 23630, Name: 'TUZLA TANKER ISLETMECILIGI AS', Country: 'Türkiye'
2025-10-01 13:43:39,066 - INFO - Created new company - ID: 23631, Name: 'FLORESTA CORPORATE LTD', Country: 'Russia'
2025-10-01 13:43:43,208 - INFO - Created new company - ID: 23632, Name: 'MARINE SERVICE LLC', Country: 'Russia'
2025-10-01 13:44:22,639 - INFO - Created new company - ID: 23633, Name: 'SEABREEZE LLC', Country: 'Russia'
2025-10-01 13:44:27,716 - INFO - Created new company - ID: 23634, Name: 'DVINA OOO', Country: 'Russia'
2025-10-01 13:45:00,975 - INFO - Created new company - ID: 23635, Name: 'OBORONLOGISTICS LLC', Country: 'Russia'
2025-10-01 13:45:45,094 - INFO - Created new company - ID: 23636, Name: 'AMURTRANSNEFT SHIPPING', Country: 'Russia'
2025-10-01 13:45:49,442 - INFO - Created new company - ID: 23637, Name: 'NEFTETRANS SHIPPING CO LTD', Country: 'Russia'
2025-10-01 13:46:22,840 - INFO - Created new company - ID: 23638, Name: 'ESPERANTO CO LTD', Country: 'Russia'
2025-10-01 13:48:59,828 - INFO - Created new company - ID: 23639, Name: 'AGROTREYD-BT LTD', Country: 'Russia'
2025-10-01 13:50:23,323 - INFO - Created new company - ID: 23640, Name: 'ULTRAMAR SIA', Country: 'Latvia'
2025-10-01 13:50:31,537 - INFO - Created new company - ID: 23641, Name: 'SATON SHIPPING CO LTD', Country: 'Russia'
2025-10-01 13:51:17,865 - INFO - Created new company - ID: 23642, Name: 'IVANOVICH KB', Country: 'Russia'
2025-10-01 13:51:21,959 - INFO - Created new company - ID: 23643, Name: 'UVAS-TRANS LLC', Country: 'None'
2025-10-01 13:51:35,111 - INFO - Created new company - ID: 23644, Name: 'MERIDIAN CO LTD', Country: 'Russia'
2025-10-01 13:51:43,316 - INFO - Created new company - ID: 23645, Name: 'AVACHA LTD RKZ', Country: 'Russia'
2025-10-01 13:52:18,505 - INFO - Created new company - ID: 23646, Name: 'GAYLE ENTERPRISES', Country: 'Russia'
2025-10-01 13:54:05,410 - INFO - Created new company - ID: 23647, Name: 'ATP LOGISTICS GROUP PTE LTD', Country: 'Singapore'
2025-10-01 13:54:35,081 - INFO - Created new company - ID: 23648, Name: 'OMEGATRANSPORT LTD', Country: 'Russia'
2025-10-01 13:54:39,318 - INFO - Created new company - ID: 23649, Name: 'ELORA GROUP LTD', Country: 'Russia'
2025-10-01 13:54:43,412 - INFO - Created new company - ID: 23650, Name: 'SEA LOGISTICS LLC', Country: 'Russia'
2025-10-01 13:57:17,169 - INFO - Created new company - ID: 23651, Name: 'RUSFLOT LLC', Country: 'Russia'
2025-10-01 13:59:01,671 - INFO - Created new company - ID: 23652, Name: 'PRIMA SHIPPING LTD-RUS', Country: 'Russia'
2025-10-01 13:59:43,173 - INFO - Created new company - ID: 23653, Name: 'TRANS RIVER SHIPPING LLC', Country: 'Russia'
2025-10-01 14:00:03,969 - INFO - Created new company - ID: 23654, Name: 'BT SHIPPING LLC', Country: 'Russia'
2025-10-01 14:00:16,022 - INFO - Created new company - ID: 23655, Name: 'ONEGOSHIP CJSC', Country: 'Russia'
2025-10-01 14:00:36,156 - INFO - Created new company - ID: 23656, Name: 'CITRINE SHIPPING PTE LTD', Country: 'Singapore'
2025-10-01 14:00:41,237 - INFO - Created new company - ID: 23657, Name: 'JESSY SHIPPING CO LTD', Country: 'Russia'
2025-10-01 14:00:55,635 - INFO - Created new company - ID: 23658, Name: 'PETROTRAL-2 CO LTD', Country: 'Russia'
2025-10-01 14:01:56,934 - INFO - Created new company - ID: 23659, Name: 'ATLAS PACIFIC SHIPPING CO LTD', Country: 'Russia'
2025-10-01 14:03:47,737 - INFO - Created new company - ID: 23660, Name: 'BORA LLC', Country: 'Russia'
2025-10-01 14:04:00,635 - INFO - Created new company - ID: 23661, Name: 'NAVIGATOR LLC-RUS', Country: 'Russia'
2025-10-01 14:04:49,840 - INFO - Created new company - ID: 23662, Name: 'VOLGO-DON SHIPPING AGENCY LTD', Country: 'Russia'
2025-10-01 14:05:19,494 - INFO - Created new company - ID: 23663, Name: 'KUDMA 4 CARGO SHIP LTD', Country: 'Russia'
2025-10-01 14:05:33,281 - INFO - Created new company - ID: 23664, Name: 'NASAN CO LTD', Country: 'South-korea'
2025-10-01 14:06:24,906 - INFO - Created new company - ID: 23665, Name: 'VELNIMAR SHIPPING LTD', Country: 'Russia'
2025-10-01 14:06:29,032 - INFO - Created new company - ID: 23666, Name: 'BELVADOR SHIPPING LTD', Country: 'Russia'
2025-10-01 14:06:41,305 - INFO - Created new company - ID: 23667, Name: 'PACIFICTRANSFLEET LLC', Country: 'Russia'
2025-10-01 14:06:49,697 - INFO - Created new company - ID: 23668, Name: 'SC NORTH-WEST LLC', Country: 'Russia'
2025-10-01 14:07:42,706 - INFO - Created new company - ID: 23669, Name: 'TROIKA MANAGEMENT', Country: 'Norway'
2025-10-01 14:08:22,533 - INFO - Created new company - ID: 23670, Name: 'MALKINSKOYE', Country: 'Russia'
2025-10-01 14:08:56,921 - INFO - Created new company - ID: 23671, Name: 'VOLGOTEKHSNAB LLC', Country: 'Russia'
2025-10-01 14:09:38,953 - INFO - Created new company - ID: 23672, Name: 'TAILWIND LLC', Country: 'Russia'
2025-10-01 14:10:15,756 - INFO - Created new company - ID: 23673, Name: 'AKSAM SHIPPING PRIVATE LTD', Country: 'Russia'
2025-10-01 14:12:17,806 - INFO - Created new company - ID: 23674, Name: 'NORDIC MARITIME PTE LTD', Country: 'Singapore'
2025-10-01 14:12:22,393 - INFO - Created new company - ID: 23675, Name: 'TEMIXRON SA', Country: 'Russia'
2025-10-01 14:12:31,530 - INFO - Created new company - ID: 23676, Name: 'GAZPROM SHELFPROJECT JSC', Country: 'Russia'
2025-10-01 14:13:43,421 - INFO - Created new company - ID: 23677, Name: 'SETUN SHIPPING CO LTD', Country: 'Russia'
2025-10-01 14:13:43,475 - INFO - Created new company - ID: 23678, Name: 'DIMAR-FREIGHT CO LTD', Country: 'Russia'
2025-10-01 14:13:47,546 - INFO - Created new company - ID: 23679, Name: 'GMU PTE LTD', Country: 'Russia'
2025-10-01 14:14:56,667 - INFO - Created new company - ID: 23680, Name: 'USSURI IMPORT LLC', Country: 'Russia'
2025-10-01 14:15:17,057 - INFO - Created new company - ID: 23681, Name: 'MIDGARD MARITIME LP', Country: 'Russia'
2025-10-01 14:16:30,055 - INFO - Created new company - ID: 23682, Name: 'MODUS SHIPPING LTD', Country: 'Ukraine'
2025-10-01 14:16:30,110 - INFO - Created new company - ID: 23683, Name: 'MD SHIPPING CO', Country: 'Ukraine'
2025-10-01 14:16:34,960 - INFO - Created new company - ID: 23684, Name: 'TRANSSHIP LTD', Country: 'Ukraine'
2025-10-01 14:16:43,186 - INFO - Created new company - ID: 23685, Name: 'TIMORIA LLC', Country: 'Russia'
2025-10-01 14:20:17,492 - INFO - Created new company - ID: 23686, Name: 'WIRANA SHIPPING CORP PTE LTD', Country: 'Singapore'
2025-10-01 14:21:22,014 - INFO - Created new company - ID: 23687, Name: 'KEN & SONS TRANSPORTATION SERV', Country: 'Saint-vincent-and-the-grenadines'
2025-10-01 14:22:02,504 - INFO - Created new company - ID: 23688, Name: 'FUTURE SMART LTD', Country: 'Samoa'
2025-10-01 14:22:14,806 - INFO - Created new company - ID: 23689, Name: 'RUN BAO INTERNATIONAL GROUP', Country: 'Hong-kong'
2025-10-01 14:23:16,615 - INFO - Created new company - ID: 23690, Name: 'RAWABI HOLDINGS CO LTD', Country: 'None'
2025-10-01 14:24:16,944 - INFO - Created new company - ID: 23691, Name: 'ZAMIL GROUP HOLDING CO', Country: 'Saudi-arabia'
2025-10-01 14:25:46,983 - INFO - Created new company - ID: 23692, Name: 'SAUDI ARABIA GOVT', Country: 'Saudi-arabia'
2025-10-01 14:25:59,083 - INFO - Created new company - ID: 23693, Name: 'JUBAIL PORT MANAGEMENT', Country: 'Saudi-arabia'
2025-10-01 14:31:47,445 - INFO - Created new company - ID: 23694, Name: 'CANMARO SHIPPING INC', Country: 'Saudi-arabia'
2025-10-01 14:32:54,352 - INFO - Created new company - ID: 23695, Name: 'LIBRA CAPITAL INVESTMENT LLC', Country: 'None'
2025-10-01 14:32:58,491 - INFO - Created new company - ID: 23696, Name: 'ETG OML9 LLC', Country: 'Saudi-arabia'
2025-10-01 14:33:06,631 - INFO - Created new company - ID: 23697, Name: 'ETG OML4 LLC', Country: 'United-arab-emirates'
2025-10-01 14:33:10,742 - INFO - Created new company - ID: 23698, Name: 'ETG OML8 LLC', Country: 'Saudi-arabia'
2025-10-01 14:33:18,879 - INFO - Created new company - ID: 23699, Name: 'ETG OML2 LLC', Country: 'United-arab-emirates'
2025-10-01 14:33:22,993 - INFO - Created new company - ID: 23700, Name: 'ETG OML5 LLC', Country: 'Saudi-arabia'
2025-10-01 14:33:27,099 - INFO - Created new company - ID: 23701, Name: 'ETG OML3 LLC', Country: 'Saudi-arabia'
2025-10-01 14:33:31,194 - INFO - Created new company - ID: 23702, Name: 'SQA 2 LTD', Country: 'United-arab-emirates'
2025-10-01 14:33:35,305 - INFO - Created new company - ID: 23703, Name: 'OVERSEAS MARINE ONE SPV LTD', Country: 'United-arab-emirates'
2025-10-01 14:34:23,881 - INFO - Created new company - ID: 23704, Name: 'MARINE POWER CO LTD', Country: 'Saudi-arabia'
2025-10-01 14:35:10,157 - INFO - Created new company - ID: 23705, Name: 'KING ABDULAZIZ UNIVERSITY', Country: 'Saudi-arabia'
2025-10-01 14:35:31,728 - INFO - Created new company - ID: 23706, Name: 'ALKAID LTD', Country: 'United-arab-emirates'
2025-10-01 14:35:35,839 - INFO - Created new company - ID: 23707, Name: 'ALCOR MARINE LTD', Country: 'United-arab-emirates'
2025-10-01 14:35:39,947 - INFO - Created new company - ID: 23708, Name: 'ACRUX MARINE LTD', Country: 'United-arab-emirates'
2025-10-01 14:35:48,229 - INFO - Created new company - ID: 23709, Name: 'BATIKI SHIPPING CO INC', Country: 'Singapore'
2025-10-01 14:35:52,346 - INFO - Created new company - ID: 23710, Name: 'BRAVE SHEEP SHIPPING INC', Country: 'Singapore'
2025-10-01 14:35:56,529 - INFO - Created new company - ID: 23711, Name: 'BRAVE DEER SHIPPING INC', Country: 'Singapore'
2025-10-01 14:36:08,850 - INFO - Created new company - ID: 23712, Name: 'NEW DESERT ORCHID SHPG PTE LTD', Country: 'Singapore'
2025-10-01 14:36:17,056 - INFO - Created new company - ID: 23713, Name: 'REIWA KISEN CO LTD', Country: 'Japan'
2025-10-01 14:36:33,521 - INFO - Created new company - ID: 23714, Name: 'FEEDER 7 LLC', Country: 'Denmark'
2025-10-01 14:36:37,642 - INFO - Created new company - ID: 23715, Name: 'QUICKSILVER SHIPPING CO', Country: 'Singapore'
2025-10-01 14:38:24,022 - INFO - Created new company - ID: 23716, Name: 'BAO-NYK SHIPPING PTE LTD', Country: 'Singapore'
2025-10-01 14:38:28,169 - INFO - Created new company - ID: 23717, Name: 'COCONUT SHIPHOLDING SA', Country: 'Panama'
2025-10-01 14:38:34,115 - INFO - Created new company - ID: 23718, Name: 'NIKKORI SHIPHOLDING SA', Country: 'Japan'
2025-10-01 14:38:38,242 - INFO - Created new company - ID: 23719, Name: 'NOBLEZA MARITIMA SA', Country: 'Japan'
2025-10-01 14:38:42,334 - INFO - Created new company - ID: 23720, Name: 'IZUMO SHIP HOLDING LLC', Country: 'Japan'
2025-10-01 14:38:46,455 - INFO - Created new company - ID: 23721, Name: 'NORMA MARITIME SA', Country: 'Japan'
2025-10-01 14:38:50,594 - INFO - Created new company - ID: 23722, Name: 'OUGI SHIP HOLDING LLC', Country: 'Japan'
2025-10-01 14:38:54,886 - INFO - Created new company - ID: 23723, Name: 'TEA TREE SHIPPING PTE LTD', Country: 'Japan'
2025-10-01 14:39:35,774 - INFO - Created new company - ID: 23724, Name: 'KINSEI MARITIMA SA', Country: 'Japan'
2025-10-01 14:39:39,975 - INFO - Created new company - ID: 23725, Name: 'HERCULES SHIPHOLDING', Country: 'Japan'
2025-10-01 14:39:56,379 - INFO - Created new company - ID: 23726, Name: 'GAS DIANA/SHIRE OAKS', Country: 'Japan'
2025-10-01 14:40:00,527 - INFO - Created new company - ID: 23727, Name: 'HAWTHORNE SHIPPING SA', Country: 'Japan'
2025-10-01 14:40:04,639 - INFO - Created new company - ID: 23728, Name: 'ESPA WING NAVIGATION SA', Country: 'Japan'
2025-10-01 14:40:12,800 - INFO - Created new company - ID: 23729, Name: 'HAI KUO SHIPPING 2103B LTD', Country: 'Singapore'
2025-10-01 14:40:16,954 - INFO - Created new company - ID: 23730, Name: 'HAI KUO SHIPPING 2104B LTD', Country: 'Singapore'
2025-10-01 14:40:21,038 - INFO - Created new company - ID: 23731, Name: 'NORCAS MARINE LTD', Country: 'Singapore'
2025-10-01 14:40:25,212 - INFO - Created new company - ID: 23732, Name: 'HAI KUO SHIPPING 2105B LTD', Country: 'Singapore'
2025-10-01 14:40:29,337 - INFO - Created new company - ID: 23733, Name: 'HAI KUO SHIPPING 2106B LTD', Country: 'Singapore'
2025-10-01 14:40:37,505 - INFO - Created new company - ID: 23734, Name: 'XIANG L29 HK INTERNATIONAL', Country: 'France'
2025-10-01 14:40:41,621 - INFO - Created new company - ID: 23735, Name: 'XIANG L34 HK INTERNATIONAL SHP', Country: 'France'
2025-10-01 14:40:53,874 - INFO - Created new company - ID: 23736, Name: 'XIANG L36 HK INTERNATIONAL', Country: 'France'
2025-10-01 14:40:57,959 - INFO - Created new company - ID: 23737, Name: 'XIANG L37 HK INTERNATIONAL', Country: 'Singapore'
2025-10-01 14:41:02,059 - INFO - Created new company - ID: 23738, Name: 'XIANG L38 HK INTERNATIONAL', Country: 'France'
2025-10-01 14:41:06,178 - INFO - Created new company - ID: 23739, Name: 'AKUBE MARITIME LTD', Country: 'France'
2025-10-01 14:41:10,321 - INFO - Created new company - ID: 23740, Name: 'KUBELY MARITIME LTD', Country: 'France'
2025-10-01 14:41:14,475 - INFO - Created new company - ID: 23741, Name: 'HAI KUO SHIPPING 2042C LTD', Country: 'France'
2025-10-01 14:41:18,564 - INFO - Created new company - ID: 23742, Name: 'HAI KUO SHIPPING 2043C LTD', Country: 'France'
2025-10-01 14:41:22,692 - INFO - Created new company - ID: 23743, Name: 'HAI KUO SHIPPING 2044C LTD', Country: 'France'
2025-10-01 14:41:26,809 - INFO - Created new company - ID: 23744, Name: 'KUBEMAX SHIPPING LTD', Country: 'France'
2025-10-01 14:41:43,136 - INFO - Created new company - ID: 23745, Name: 'AGIOS II CONTAINER CARRIER', Country: 'Marshall-islands'
2025-10-01 14:41:47,266 - INFO - Created new company - ID: 23746, Name: 'AGIOS V CONTAINER CARRIER CORP', Country: 'Marshall-islands'
2025-10-01 14:41:51,384 - INFO - Created new company - ID: 23747, Name: 'AGIOS VI CONTAINER CARRIER', Country: 'Marshall-islands'
2025-10-01 14:41:55,535 - INFO - Created new company - ID: 23748, Name: 'TAURUS MARITIME INVESTMENTS', Country: 'India'
2025-10-01 14:41:59,642 - INFO - Created new company - ID: 23749, Name: 'ARIES MARITIME INVESTMENTS', Country: 'India'
2025-10-01 14:42:03,759 - INFO - Created new company - ID: 23750, Name: 'CLEMENT SHIPPING LTD', Country: 'Germany'
2025-10-01 14:42:07,927 - INFO - Created new company - ID: 23751, Name: 'K LINE INDIA SHIPPING PVT LTD', Country: 'Japan'
2025-10-01 14:42:12,055 - INFO - Created new company - ID: 23752, Name: 'PHOENIX SHIPPING LTD-BER', Country: 'Germany'
2025-10-01 14:42:16,188 - INFO - Created new company - ID: 23753, Name: 'MAG SHIPPING LTD', Country: 'Germany'
2025-10-01 14:42:20,314 - INFO - Created new company - ID: 23754, Name: 'AGIOS III CONTAINER CARRIER', Country: 'Germany'
2025-10-01 14:42:24,498 - INFO - Created new company - ID: 23755, Name: 'NICHOLAS SHIPPING LTD-BER', Country: 'Israel'
2025-10-01 14:44:13,642 - INFO - Created new company - ID: 23756, Name: 'LUCKY STAR SHIPPING LTD-CAY', Country: 'United-arab-emirates'
2025-10-01 14:44:17,766 - INFO - Created new company - ID: 23757, Name: 'TABIT MARITIME LTD', Country: 'United-arab-emirates'
2025-10-01 14:44:21,845 - INFO - Created new company - ID: 23758, Name: 'RIGEL MARITIME LTD', Country: 'United-arab-emirates'
2025-10-01 14:44:25,992 - INFO - Created new company - ID: 23759, Name: 'NORTHSTAR SHIPPING LTD-CAY', Country: 'United-arab-emirates'
2025-10-01 14:44:38,200 - INFO - Created new company - ID: 23760, Name: 'CL CHENZHOU LTD', Country: 'Hong-kong'
2025-10-01 14:44:42,284 - INFO - Created new company - ID: 23761, Name: 'TIANJIN HEYSEA-I LEASING LTD', Country: 'China'
2025-10-01 14:44:42,340 - INFO - Created new company - ID: 23762, Name: 'CL XIANGXI LTD', Country: 'Hong-kong'
2025-10-01 14:44:46,458 - INFO - Created new company - ID: 23763, Name: 'SELENE RO LTD', Country: 'Singapore'
2025-10-01 14:44:46,512 - INFO - Created new company - ID: 23764, Name: 'CRICHTON SHIPPING PTE LTD', Country: 'Singapore'
2025-10-01 14:44:54,696 - INFO - Created new company - ID: 23765, Name: 'LITTLE RAINBOW SA', Country: 'Japan'
2025-10-01 14:46:51,916 - INFO - Created new company - ID: 23766, Name: 'MALAYSIA SHIPPING CORP SDN BHD', Country: 'Malaysia'
2025-10-01 14:47:51,297 - INFO - Created new company - ID: 23767, Name: 'ZHEJIANG SEAPORT NO 3 TIANJIN', Country: 'China'
2025-10-01 14:47:51,352 - INFO - Created new company - ID: 23768, Name: 'CATHAY COMMERCIAL LTD', Country: 'China'
2025-10-01 14:47:55,910 - INFO - Created new company - ID: 23769, Name: 'JUPITER ISLAND CORP', Country: 'Singapore'
2025-10-01 14:48:05,240 - INFO - Created new company - ID: 23770, Name: 'ARAXOS SHIPPING CORP', Country: 'Greece'
2025-10-01 14:48:09,741 - INFO - Created new company - ID: 23771, Name: 'MELISANI SHIPPING CORP', Country: 'Greece'
2025-10-01 14:48:18,963 - INFO - Created new company - ID: 23772, Name: 'SILVER MARITIME SEVEN PTE LTD', Country: 'Singapore'
2025-10-01 14:48:32,373 - INFO - Created new company - ID: 23773, Name: 'CAPE FRANKLIN NAVIGATION CO', Country: 'Singapore'
2025-10-01 14:48:36,878 - INFO - Created new company - ID: 23774, Name: 'CAPE FULMAR NAVIGATION CO LTD', Country: 'Singapore'
2025-10-01 14:48:41,500 - INFO - Created new company - ID: 23775, Name: 'YIANOMA SHIPPING LTD', Country: 'Singapore'
2025-10-01 14:48:46,004 - INFO - Created new company - ID: 23776, Name: 'SILVER MARITIME FIFTEEN PTE', Country: 'Singapore'
2025-10-01 14:48:59,934 - INFO - Created new company - ID: 23777, Name: 'WINDSWEPT EXPRESS PTE LTD', Country: 'United-kingdom'
2025-10-01 14:49:13,736 - INFO - Created new company - ID: 23778, Name: 'BERGE MAUNA KEA CO SA', Country: 'Singapore'
2025-10-01 14:49:17,920 - INFO - Created new company - ID: 23779, Name: 'BERGESEN GOIC DA', Country: 'Norway'
2025-10-01 14:49:22,125 - INFO - Created new company - ID: 23780, Name: 'BERGE AORAKI CO SA', Country: 'Singapore'
2025-10-01 14:49:26,850 - INFO - Created new company - ID: 23781, Name: 'BERGE KINABALU CO INC', Country: 'Singapore'
2025-10-01 14:49:31,456 - INFO - Created new company - ID: 23782, Name: 'BERGE BIMBERI CO INC', Country: 'Singapore'
2025-10-01 14:49:36,063 - INFO - Created new company - ID: 23783, Name: 'BERGE CAUBVICK CO INC', Country: 'Singapore'
2025-10-01 14:49:40,557 - INFO - Created new company - ID: 23784, Name: 'BERGE ROSA CO INC', Country: 'Singapore'
2025-10-01 14:49:45,080 - INFO - Created new company - ID: 23785, Name: 'BERGE KUJU CO INC', Country: 'Singapore'
2025-10-01 14:49:49,681 - INFO - Created new company - ID: 23786, Name: 'BERGE BROAD PEAK CO INC', Country: 'Singapore'
2025-10-01 14:49:54,195 - INFO - Created new company - ID: 23787, Name: 'DAVENPORT CO SA', Country: 'Singapore'
2025-10-01 14:49:58,798 - INFO - Created new company - ID: 23788, Name: 'BERGE ISHIZUCHI CO INC', Country: 'Japan'
2025-10-01 14:50:22,048 - INFO - Created new company - ID: 23789, Name: 'BW SAKURA COMPANY SA', Country: 'Japan'
2025-10-01 14:50:26,764 - INFO - Created new company - ID: 23790, Name: 'BERGE TORRE CO INC', Country: 'Singapore'
2025-10-01 14:50:31,464 - INFO - Created new company - ID: 23791, Name: 'BERGE NIMBA CO INC', Country: 'Singapore'
2025-10-01 14:50:36,277 - INFO - Created new company - ID: 23792, Name: 'BERGE BINTUMANI CO INC', Country: 'Singapore'
2025-10-01 14:50:40,722 - INFO - Created new company - ID: 23793, Name: 'BERGE HOVERLA CO INC', Country: 'Singapore'
2025-10-01 14:50:45,497 - INFO - Created new company - ID: 23794, Name: 'BERGE BLANC CO SA', Country: 'Singapore'
2025-10-01 14:50:50,310 - INFO - Created new company - ID: 23795, Name: 'BERGE YANGTZE CO SA', Country: 'Singapore'
2025-10-01 14:50:55,116 - INFO - Created new company - ID: 23796, Name: 'BERGE ORIZABA CO INC', Country: 'Singapore'
2025-10-01 14:50:59,263 - INFO - Created new company - ID: 23797, Name: 'BERGE KEBNEKAISE CO INC', Country: 'Singapore'
2025-10-01 14:51:03,399 - INFO - Created new company - ID: 23798, Name: 'BERGE TRIGLAV CO INC', Country: 'Singapore'
2025-10-01 14:51:19,911 - INFO - Created new company - ID: 23799, Name: 'ECLIPSE MARITIME INVESTMENTS', Country: 'Greece'
2025-10-01 14:51:24,008 - INFO - Created new company - ID: 23800, Name: 'VELOS MARITIME INVESTMENTS SA', Country: 'Greece'
2025-10-01 14:51:28,168 - INFO - Created new company - ID: 23801, Name: 'CASDA SHIPPING SA', Country: 'Marshall-islands'
2025-10-01 14:51:32,325 - INFO - Created new company - ID: 23802, Name: 'QUARTO INVESTMENT PTE LTD', Country: 'Singapore'
2025-10-01 14:51:48,859 - INFO - Created new company - ID: 23803, Name: 'FLYTE ENERGY SA', Country: 'Singapore'
2025-10-01 14:51:48,916 - INFO - Created new company - ID: 23804, Name: 'FLYTE LOGISTICS PTE LTD', Country: 'Singapore'
2025-10-01 14:51:53,081 - INFO - Created new company - ID: 23805, Name: 'FLYTE VITALITY SA', Country: 'Panama'
2025-10-01 14:51:57,206 - INFO - Created new company - ID: 23806, Name: 'FOIVOS SHIPPING SA', Country: 'Liberia'
2025-10-01 14:52:01,335 - INFO - Created new company - ID: 23807, Name: 'HERO MARITIME INVESTMENTS SA', Country: 'Hong-kong'
2025-10-01 14:52:06,626 - INFO - Created new company - ID: 23808, Name: 'RESPIRUS SHIPPING SINGAPORE', Country: 'India'
2025-10-01 14:52:10,820 - INFO - Created new company - ID: 23809, Name: 'SHARMEN SHIPPING SINGAPORE', Country: 'India'
2025-10-01 14:52:59,841 - INFO - Created new company - ID: 23810, Name: 'MIKOM TRANSPORT PTE LTD', Country: 'Singapore'
2025-10-01 14:54:23,505 - INFO - Created new company - ID: 23811, Name: 'FGL MOMENT MARSHALL LTD', Country: 'Singapore'
2025-10-01 14:54:27,682 - INFO - Created new company - ID: 23812, Name: 'SOLT HOLDING MARSHALL 9 CO LTD', Country: 'Singapore'
2025-10-01 14:56:14,262 - INFO - Created new company - ID: 23813, Name: 'SMIT INTERNATIONALE NV', Country: 'Netherlands'
2025-10-01 14:56:18,352 - INFO - Created new company - ID: 23814, Name: 'SMIT LAMNALCO AUSTRALIA PTY', Country: 'Australia'
2025-10-01 14:57:36,085 - INFO - Created new company - ID: 23815, Name: 'HOLMEN ARCTIC PTE LTD', Country: 'Singapore'
2025-10-01 14:59:01,817 - INFO - Created new company - ID: 23816, Name: 'ELIGIBLE TANKERS SA', Country: 'Panama'
2025-10-01 14:59:05,915 - INFO - Created new company - ID: 23817, Name: 'FRESCO SHIPPING SA', Country: 'Panama'
2025-10-01 14:59:18,147 - INFO - Created new company - ID: 23818, Name: 'GREENLIGHT TRANSPORT SA', Country: 'Japan'
2025-10-01 14:59:22,285 - INFO - Created new company - ID: 23819, Name: 'LEOPARD TANKERS SA', Country: 'Japan'
2025-10-01 14:59:26,454 - INFO - Created new company - ID: 23820, Name: 'KIWI SHIPPING SA', Country: 'Japan'
2025-10-01 14:59:38,778 - INFO - Created new company - ID: 23821, Name: 'APPLELAND SHIPPING INC', Country: 'Japan'
2025-10-01 14:59:42,884 - INFO - Created new company - ID: 23822, Name: 'PHOENIX OCEAN CORP', Country: 'Japan'
2025-10-01 14:59:47,025 - INFO - Created new company - ID: 23823, Name: 'DYNASTY SHIPPING CORP SA', Country: 'Japan'
2025-10-01 14:59:51,150 - INFO - Created new company - ID: 23824, Name: 'FORTITUDE SHIPPING NAVIGATION', Country: 'Japan'
2025-10-01 14:59:55,290 - INFO - Created new company - ID: 23825, Name: 'PRIMO SHIPPING SA', Country: 'Japan'
2025-10-01 14:59:59,406 - INFO - Created new company - ID: 23826, Name: 'ARIES CARRIERS PTE LTD', Country: 'Japan'
2025-10-01 15:00:03,524 - INFO - Created new company - ID: 23827, Name: 'HAIMA MARITIME TRANSPORTATION', Country: 'Japan'
2025-10-01 15:00:07,676 - INFO - Created new company - ID: 23828, Name: 'OCTAVIA SHIPHOLDING SA', Country: 'Japan'
2025-10-01 15:00:11,858 - INFO - Created new company - ID: 23829, Name: 'ORION SHIPPING & TRADING LLC', Country: 'Japan'
2025-10-01 15:00:20,071 - INFO - Created new company - ID: 23830, Name: 'LEGEND TRANSPORT INC', Country: 'Japan'
2025-10-01 15:00:28,242 - INFO - Created new company - ID: 23831, Name: 'BILBERRY SHIPPING INC', Country: 'Panama'
2025-10-01 15:00:32,362 - INFO - Created new company - ID: 23832, Name: 'EXTOL SHIPPING SA', Country: 'Japan'
2025-10-01 15:00:36,468 - INFO - Created new company - ID: 23833, Name: 'FELICIA SHIPPING CO PTE LTD', Country: 'Singapore'
2025-10-01 15:00:40,608 - INFO - Created new company - ID: 23834, Name: 'ISABEL SHIPPING CO PTE LTD', Country: 'Singapore'
2025-10-01 15:00:44,780 - INFO - Created new company - ID: 23835, Name: 'ROSEMARY SHIPPING CO PTE LTD', Country: 'Singapore'
2025-10-01 15:00:49,555 - INFO - Created new company - ID: 23836, Name: 'RENNY SHIPPING CO PTE LTD', Country: 'Singapore'
2025-10-01 15:00:54,159 - INFO - Created new company - ID: 23837, Name: 'RODERICA SHIPPING CO PTE LTD', Country: 'Singapore'
2025-10-01 15:00:58,872 - INFO - Created new company - ID: 23838, Name: 'MAJESTA SHIPPING CO PTE LTD', Country: 'Singapore'
2025-10-01 15:01:03,485 - INFO - Created new company - ID: 23839, Name: 'SOFIA SHIPPING CO PTE LTD', Country: 'Singapore'
2025-10-01 15:01:07,991 - INFO - Created new company - ID: 23840, Name: 'ISABELLA SHIPPING CO PTE LTD', Country: 'Singapore'
2025-10-01 15:01:12,499 - INFO - Created new company - ID: 23841, Name: 'MADELYN SHIPPING CO PTE LTD', Country: 'Singapore'
2025-10-01 15:01:21,919 - INFO - Created new company - ID: 23842, Name: 'CELINA SHIPPING CO PTE LTD', Country: 'Singapore'
2025-10-01 15:01:26,752 - INFO - Created new company - ID: 23843, Name: 'SOPHIA SHIPPING CO PTE LTD', Country: 'Singapore'
2025-10-01 15:01:31,545 - INFO - Created new company - ID: 23844, Name: 'RAFFERTY SHIPPING CO PTE LTD', Country: 'Singapore'
2025-10-01 15:01:36,050 - INFO - Created new company - ID: 23845, Name: 'REBEKAH SHIPPING CO PTE LTD', Country: 'Singapore'
2025-10-01 15:01:40,677 - INFO - Created new company - ID: 23846, Name: 'LILIANA SHIPPING CO PTE LTD', Country: 'Singapore'
2025-10-01 15:01:45,277 - INFO - Created new company - ID: 23847, Name: 'BERNICE SHIPPING CO PTE LTD', Country: 'Singapore'
2025-10-01 15:01:49,868 - INFO - Created new company - ID: 23848, Name: 'MANDY SHIPPING CO PTE LTD', Country: 'Singapore'
2025-10-01 15:01:53,960 - INFO - Created new company - ID: 23849, Name: 'EMILY SHIPPING CO PTE LTD', Country: 'Singapore'
2025-10-01 15:01:58,072 - INFO - Created new company - ID: 23850, Name: 'JESSICA SHIPPING CO PTE LTD', Country: 'Singapore'
2025-10-01 15:02:06,268 - INFO - Created new company - ID: 23851, Name: 'GOLD RIVER PTE LTD', Country: 'Singapore'
2025-10-01 15:02:10,361 - INFO - Created new company - ID: 23852, Name: 'PATRICIA SHIPPING PTE', Country: 'Singapore'
2025-10-01 15:02:14,460 - INFO - Created new company - ID: 23853, Name: 'JAIDA SHIPPING CO PTE LTD', Country: 'Singapore'
2025-10-01 15:02:18,579 - INFO - Created new company - ID: 23854, Name: 'ELLA SHIPPING CO PTE LTD', Country: 'Singapore'
2025-10-01 15:02:22,733 - INFO - Created new company - ID: 23855, Name: 'CAROLINA SHIPPING CO PTE LTD', Country: 'Singapore'
2025-10-01 15:02:26,922 - INFO - Created new company - ID: 23856, Name: 'WHITLEY SHIPPING PTE LTD', Country: 'Singapore'
2025-10-01 15:02:31,106 - INFO - Created new company - ID: 23857, Name: 'SHERWOOD SHIPPING PTE LTD', Country: 'Singapore'
2025-10-01 15:02:35,216 - INFO - Created new company - ID: 23858, Name: 'FIDELIO SHIPPING LTD-LIB', Country: 'Germany'
2025-10-01 15:02:39,330 - INFO - Created new company - ID: 23859, Name: 'OCEANIC ESSENTIALS I PTE LTD', Country: 'Singapore'
2025-10-01 15:02:43,464 - INFO - Created new company - ID: 23860, Name: 'GALENE OCEANWAY LTD', Country: 'Singapore'
2025-10-01 15:02:47,571 - INFO - Created new company - ID: 23861, Name: 'PATERSON PTE LTD', Country: 'Singapore'
2025-10-01 15:02:51,685 - INFO - Created new company - ID: 23862, Name: 'WOODLEIGH SHIPPING PTE LTD', Country: 'Germany'
2025-10-01 15:02:55,841 - INFO - Created new company - ID: 23863, Name: 'ROSYTH SHIPPING PTE LTD', Country: 'Singapore'
2025-10-01 15:02:59,982 - INFO - Created new company - ID: 23864, Name: 'PRINCE EDWARD PTE LTD', Country: 'Singapore'
2025-10-01 15:03:04,099 - INFO - Created new company - ID: 23865, Name: 'TRAS LINK PTE LTD', Country: 'Singapore'
2025-10-01 15:03:08,254 - INFO - Created new company - ID: 23866, Name: 'BS MARINE PTE LTD', Country: 'Singapore'
2025-10-01 15:03:12,380 - INFO - Created new company - ID: 23867, Name: 'CASUARINA SHIPPING SARL', Country: 'Singapore'
2025-10-01 15:03:16,507 - INFO - Created new company - ID: 23868, Name: 'GREENLEAF SHIPPING LTD', Country: 'Singapore'
2025-10-01 15:03:20,613 - INFO - Created new company - ID: 23869, Name: 'CHOON GUAN SHIPPING PTE LTD', Country: 'Singapore'
2025-10-01 15:03:24,745 - INFO - Created new company - ID: 23870, Name: 'NOVENA PTE LTD', Country: 'Singapore'
2025-10-01 15:03:28,912 - INFO - Created new company - ID: 23871, Name: 'DENHAM SHIPPING PTE LTD', Country: 'Singapore'
2025-10-01 15:03:33,030 - INFO - Created new company - ID: 23872, Name: 'OCEANIC ESSENTIALS II PTE LTD', Country: 'Singapore'
2025-10-01 15:03:37,178 - INFO - Created new company - ID: 23873, Name: 'LERMIT SHIPPING PTE LTD', Country: 'Singapore'
2025-10-01 15:03:41,326 - INFO - Created new company - ID: 23874, Name: 'MERAPANA HOLDINGS LTD', Country: 'Singapore'
2025-10-01 15:03:45,424 - INFO - Created new company - ID: 23875, Name: 'NML GLAMLIT LLC', Country: 'Singapore'
2025-10-01 15:03:49,533 - INFO - Created new company - ID: 23876, Name: 'LABRADOR SHIPPING PTE LTD', Country: 'Singapore'
2025-10-01 15:03:53,638 - INFO - Created new company - ID: 23877, Name: 'MERRYN SHIPPING PTE LTD', Country: 'Singapore'
2025-10-01 15:03:57,742 - INFO - Created new company - ID: 23878, Name: 'LS-MHL16 CO LTD', Country: 'Marshall-islands'
2025-10-01 15:04:01,890 - INFO - Created new company - ID: 23879, Name: 'OCEANIC ESSENTIALS IV PTE LTD', Country: 'Singapore'
2025-10-01 15:04:06,011 - INFO - Created new company - ID: 23880, Name: 'KENSINGTON SHIPPING PTE LTD', Country: 'Singapore'
2025-10-01 15:04:59,154 - INFO - Created new company - ID: 23881, Name: 'CAMILLA SNC', Country: 'Japan'
2025-10-01 15:05:03,263 - INFO - Created new company - ID: 23882, Name: 'SUSANNAH SNC', Country: 'Japan'
2025-10-01 15:05:11,471 - INFO - Created new company - ID: 23883, Name: 'MARS RIVER LINE SA', Country: 'Japan'
2025-10-01 15:05:52,343 - INFO - Created new company - ID: 23884, Name: 'BW GROUP LTD', Country: 'Bermuda'
2025-10-01 15:06:14,081 - INFO - Created new company - ID: 23885, Name: 'VISTA SHIPHOLDING VII PTE LTD', Country: 'Singapore'
2025-10-01 17:36:15,734 - INFO - Created new company - ID: 23886, Name: 'FALCON NAVIGATION A/S', Country: 'Singapore'
2025-10-01 17:38:19,426 - INFO - Created new company - ID: 23887, Name: 'SANG MUARA SDN BHD', Country: 'Singapore'
2025-10-01 17:38:38,373 - INFO - Created new company - ID: 23888, Name: 'AET DP SHUTTLE TANKERS SDN BHD', Country: 'Singapore'
2025-10-01 17:38:47,040 - INFO - Created new company - ID: 23889, Name: 'AET TANKERS VLCC III PTE LTD', Country: 'Singapore'
2025-10-01 17:38:51,237 - INFO - Created new company - ID: 23890, Name: 'AET TANKERS VLCC IV PTE LTD', Country: 'Singapore'
2025-10-01 17:38:55,644 - INFO - Created new company - ID: 23891, Name: 'AET TANKERS VLCC V PTE LTD', Country: 'Singapore'
2025-10-01 17:39:29,361 - INFO - Created new company - ID: 23892, Name: 'POLARIS LNG ONE PTE LTD', Country: 'Malaysia'
2025-10-01 17:39:34,943 - INFO - Created new company - ID: 23893, Name: 'POLARIS LNG TWO PTE LTD', Country: 'Malaysia'
2025-10-01 17:39:59,819 - INFO - Created new company - ID: 23894, Name: 'FRONT EMPIRE INC', Country: 'Bermuda'
2025-10-01 17:39:59,882 - INFO - Created new company - ID: 23895, Name: 'FRONTLINE 2012 LTD', Country: 'Bermuda'
2025-10-01 17:40:03,966 - INFO - Created new company - ID: 23896, Name: 'FRONT CASTOR INC', Country: 'Norway'
2025-10-01 17:40:08,076 - INFO - Created new company - ID: 23897, Name: 'FRONT POLLUX INC', Country: 'Norway'
2025-10-01 17:40:12,210 - INFO - Created new company - ID: 23898, Name: 'FRONT EARL INC', Country: 'Norway'
2025-10-01 17:40:17,182 - INFO - Created new company - ID: 23899, Name: 'FRONT PRINCE I INC', Country: 'Norway'
2025-10-01 17:40:21,343 - INFO - Created new company - ID: 23900, Name: 'FRONT PRINCESS I INC', Country: 'Norway'
2025-10-01 17:40:33,753 - INFO - Created new company - ID: 23901, Name: 'ZHE YIN HANG ZHOU NO 10', Country: 'China'
2025-10-01 17:40:37,879 - INFO - Created new company - ID: 23902, Name: 'CL JINHUA LTD', Country: 'China'
2025-10-01 17:40:41,986 - INFO - Created new company - ID: 23903, Name: 'CL SHAOXING LTD', Country: 'China'
2025-10-01 17:40:46,092 - INFO - Created new company - ID: 23904, Name: 'SPDBFL THREE HUNDRED EIGHTEEN', Country: 'Norway'
2025-10-01 17:40:46,147 - INFO - Created new company - ID: 23905, Name: 'HONGKONG XINYIHAI 67 CO LTD', Country: 'United-kingdom'
2025-10-01 17:40:50,231 - INFO - Created new company - ID: 23906, Name: 'VIS MARITIME INC', Country: 'Croatia'
2025-10-01 17:40:54,315 - INFO - Created new company - ID: 23907, Name: 'IST MARITIME INC', Country: 'Marshall-islands'
2025-10-01 17:41:02,612 - INFO - Created new company - ID: 23908, Name: 'LINTAS UTAMA LINE', Country: 'Indonesia'
2025-10-01 17:41:06,760 - INFO - Created new company - ID: 23909, Name: 'AQUARIUS TANKERS LTD-MAI', Country: 'Denmark'
2025-10-01 17:41:10,922 - INFO - Created new company - ID: 23910, Name: 'MARGARETA MARINE HOLDING LTD', Country: 'Liberia'
2025-10-01 17:41:19,154 - INFO - Created new company - ID: 23911, Name: 'MJL BANGLADESH LTD', Country: 'Greece'
2025-10-01 17:41:23,355 - INFO - Created new company - ID: 23912, Name: 'NAVE SHIPPING SA', Country: 'Liberia'
2025-10-01 18:43:38,088 - INFO - Created new company - ID: 23913, Name: 'MAXIM SUNLIGHT SA', Country: 'Japan'
2025-10-01 18:43:42,414 - INFO - Created new company - ID: 23914, Name: 'RIVER GRAND PTE LTD', Country: 'United-states'
2025-10-01 18:43:47,071 - INFO - Created new company - ID: 23915, Name: 'MTM MISSISSIPPI PTE LTD', Country: 'United-states'
2025-10-01 18:43:51,370 - INFO - Created new company - ID: 23916, Name: 'MTM DUBLIN PTE LTD', Country: 'United-states'
2025-10-01 18:43:55,735 - INFO - Created new company - ID: 23917, Name: 'MTM NORTH SOUND PTE LTD', Country: 'United-states'
2025-10-01 18:44:00,120 - INFO - Created new company - ID: 23918, Name: 'PACSTAR PTE LTD', Country: 'United-states'
2025-10-01 18:44:04,596 - INFO - Created new company - ID: 23919, Name: 'MTM AMAZON PTE LTD', Country: 'United-states'
2025-10-01 18:44:08,962 - INFO - Created new company - ID: 23920, Name: 'MTM SG PTE LTD', Country: 'United-states'
2025-10-01 18:44:13,309 - INFO - Created new company - ID: 23921, Name: 'MTM SANTOS PTE LTD', Country: 'Japan'
2025-10-01 18:44:21,962 - INFO - Created new company - ID: 23922, Name: 'MTM BIG APPLE PTE LTD', Country: 'United-states'
2025-10-01 18:44:26,195 - INFO - Created new company - ID: 23923, Name: 'MTM NEWPORT PTE LTD', Country: 'United-states'
2025-10-01 18:44:30,856 - INFO - Created new company - ID: 23924, Name: 'MTM CASCAIS LLC', Country: 'United-states'
2025-10-01 18:44:35,228 - INFO - Created new company - ID: 23925, Name: 'MTM AMSTERDAM PTE LTD', Country: 'United-states'
2025-10-01 18:44:44,931 - INFO - Created new company - ID: 23926, Name: 'JUBILEE SHIPHOLDING/ABO SHOTEN', Country: 'United-states'
2025-10-01 18:44:49,288 - INFO - Created new company - ID: 23927, Name: 'MTM SHANGHAI PTE LTD', Country: 'Singapore'
2025-10-01 18:44:53,579 - INFO - Created new company - ID: 23928, Name: 'XIANG S10 INTERNATIONAL SHIP', Country: 'Singapore'
2025-10-01 18:44:57,848 - INFO - Created new company - ID: 23929, Name: 'XIANG S11 INTERNATIONAL SHIP', Country: 'Singapore'
2025-10-01 18:45:02,160 - INFO - Created new company - ID: 23930, Name: 'XIANG S12 INTERNATIONAL SHIP', Country: 'Singapore'
2025-10-01 18:45:06,422 - INFO - Created new company - ID: 23931, Name: 'XIANG S13 INTERNATIONAL SHIP', Country: 'Singapore'
2025-10-01 18:45:10,820 - INFO - Created new company - ID: 23932, Name: 'NAVIA AZURE MARINE INC', Country: 'Hong-kong'
2025-10-01 18:48:38,959 - INFO - Created new company - ID: 23933, Name: 'WELLAND SHIPPING LTD', Country: 'Hong-kong'
2025-10-01 18:48:47,436 - INFO - Created new company - ID: 23934, Name: 'AMBER SHIPPING LTD-HK', Country: 'Hong-kong'
2025-10-01 18:48:51,754 - INFO - Created new company - ID: 23935, Name: 'ARGOSY SHIPPING LTD-HK', Country: 'Hong-kong'
2025-10-01 18:48:55,978 - INFO - Created new company - ID: 23936, Name: 'BULKER DEDICATION CO LTD', Country: 'Hong-kong'
2025-10-01 18:49:01,385 - INFO - Created new company - ID: 23937, Name: 'BULKER PATRIOTISM CO LTD', Country: 'Hong-kong'
2025-10-01 18:49:05,640 - INFO - Created new company - ID: 23938, Name: 'STELLA ALICE SHIPPING PTE LTD', Country: 'Singapore'
2025-10-01 18:49:10,449 - INFO - Created new company - ID: 23939, Name: 'STELLA TESS SHIPPING PTE LTD', Country: 'Singapore'
2025-10-01 18:49:15,159 - INFO - Created new company - ID: 23940, Name: 'FORTUNE CHENGDU SHIPPING LTD', Country: 'Hong-kong'
2025-10-01 18:49:19,492 - INFO - Created new company - ID: 23941, Name: 'PARBULKERS III AS', Country: 'Denmark'
2025-10-01 18:49:23,718 - INFO - Created new company - ID: 23942, Name: 'PARBULKERS II AS', Country: 'Norway'
2025-10-01 18:49:27,963 - INFO - Created new company - ID: 23943, Name: 'PARBULKERS IV AS', Country: 'Norway'
2025-10-01 18:49:32,323 - INFO - Created new company - ID: 23944, Name: 'FOREN MARINE HK CO LTD', Country: 'Singapore'
2025-10-01 18:49:36,657 - INFO - Created new company - ID: 23945, Name: 'FURTHER MARINE HK CO LTD', Country: 'Singapore'
2025-10-01 18:49:41,230 - INFO - Created new company - ID: 23946, Name: 'FOREHAND MARINE HK CO LTD', Country: 'Singapore'
2025-10-01 18:49:45,612 - INFO - Created new company - ID: 23947, Name: 'SEA 258 LEASING CO LTD', Country: 'Singapore'
2025-10-01 18:49:50,057 - INFO - Created new company - ID: 23948, Name: 'SEA 259 LEASING CO LTD', Country: 'Singapore'
2025-10-01 18:49:54,323 - INFO - Created new company - ID: 23949, Name: 'SEA 271 LEASING CO LTD', Country: 'Singapore'
2025-10-01 18:49:58,654 - INFO - Created new company - ID: 23950, Name: 'SEA 260 LEASING CO LTD', Country: 'Singapore'
2025-10-01 18:50:02,883 - INFO - Created new company - ID: 23951, Name: 'SOAR TRIUMPH LTD', Country: 'Singapore'
2025-10-01 18:50:07,166 - INFO - Created new company - ID: 23952, Name: 'KMARIN NO 17H SA', Country: 'United-kingdom'
2025-10-01 18:50:11,680 - INFO - Created new company - ID: 23953, Name: 'KMARIN NO 17I SA', Country: 'United-kingdom'
2025-10-01 18:50:16,012 - INFO - Created new company - ID: 23954, Name: 'MOONLIT SEA CO', Country: 'Greece'
2025-10-01 18:50:24,654 - INFO - Created new company - ID: 23955, Name: 'FLORA MARIS SHIPPING INC', Country: 'Greece'
2025-10-01 18:50:24,709 - INFO - Created new company - ID: 23956, Name: 'EMINENCE SHIPPING LLC', Country: 'Greece'
2025-10-01 18:50:28,921 - INFO - Created new company - ID: 23957, Name: 'HULL 3240 INC', Country: 'Norway'
2025-10-01 18:50:33,206 - INFO - Created new company - ID: 23958, Name: 'HULL 3241 INC', Country: 'Norway'
2025-10-01 18:50:37,471 - INFO - Created new company - ID: 23959, Name: 'HULL 3283 INC', Country: 'Norway'
2025-10-01 18:50:41,780 - INFO - Created new company - ID: 23960, Name: 'FRONT CAPELLA INC', Country: 'Norway'
2025-10-01 18:50:46,058 - INFO - Created new company - ID: 23961, Name: 'FRONT POLARIS INC', Country: 'Norway'
2025-10-01 18:50:50,705 - INFO - Created new company - ID: 23962, Name: 'LIBYAN VOYAGER LTD', Country: 'Libya'
2025-10-01 18:50:54,966 - INFO - Created new company - ID: 23963, Name: 'BARBAROSA OIL CO LTD', Country: 'Libya'
2025-10-01 18:51:03,488 - INFO - Created new company - ID: 23964, Name: 'SOLT HOLDING PANAMA 80 SA', Country: 'Japan'
2025-10-01 18:51:18,043 - INFO - Created new company - ID: 23965, Name: 'FGL MOON MARSHALL LTD', Country: 'Singapore'
2025-10-01 18:51:30,858 - INFO - Created new company - ID: 23966, Name: 'SEA 276 LEASING CO LTD', Country: 'Hong-kong'
2025-10-01 18:51:35,498 - INFO - Created new company - ID: 23967, Name: 'SEA 278 LEASING CO LTD', Country: 'Hong-kong'
2025-10-01 18:51:39,738 - INFO - Created new company - ID: 23968, Name: 'FORTUNE EQUALITY CARRIERS LTD', Country: 'China'
2025-10-01 18:51:44,319 - INFO - Created new company - ID: 23969, Name: 'FORTUNE FREEDOM CARRIERS LTD', Country: 'China'
2025-10-01 18:51:48,582 - INFO - Created new company - ID: 23970, Name: 'FORTUNE INTEGRITY CARRIERS LTD', Country: 'China'
2025-10-01 18:51:52,853 - INFO - Created new company - ID: 23971, Name: 'SPDBFL ONE HUNDRED EIGHTY-FIVE', Country: 'China'
2025-10-01 18:51:57,086 - INFO - Created new company - ID: 23972, Name: 'SPDBFL ONE HUNDRED EIGHTY-SIX', Country: 'China'
2025-10-01 18:52:01,325 - INFO - Created new company - ID: 23973, Name: 'SEA 262 LEASING CO LTD', Country: 'China'
2025-10-01 18:52:05,938 - INFO - Created new company - ID: 23974, Name: 'SEA 263 LEASING CO LTD', Country: 'China'
2025-10-01 18:52:10,526 - INFO - Created new company - ID: 23975, Name: 'SEA 328 LEASING CO LTD', Country: 'China'
2025-10-01 18:52:15,044 - INFO - Created new company - ID: 23976, Name: 'XIN YIN CHUANG YUAN 5 TIANJIN', Country: 'China'
2025-10-01 18:52:19,394 - INFO - Created new company - ID: 23977, Name: 'SPDBFL NO TWO HUNDRED & FIVE', Country: 'China'
2025-10-01 18:52:23,674 - INFO - Created new company - ID: 23978, Name: 'XIN YIN CHUANG YUAN 7 TIANJIN', Country: 'None'
2025-10-01 18:52:28,011 - INFO - Created new company - ID: 23979, Name: 'HT HUA SHAN SHIPPING LTD', Country: 'Hong-kong'
2025-10-01 18:52:32,535 - INFO - Created new company - ID: 23980, Name: 'HANGRUI HUANGHU SHIPPING LTD', Country: 'Hong-kong'
2025-10-01 18:52:36,892 - INFO - Created new company - ID: 23981, Name: 'HANGRUI KUNPENG SHIPPING LTD', Country: 'None'
2025-10-01 18:52:41,150 - INFO - Created new company - ID: 23982, Name: 'NEW EXCEL MARINE PTE LTD', Country: 'Singapore'
2025-10-01 18:52:45,400 - INFO - Created new company - ID: 23983, Name: 'XIANG S8 INTERNATIONAL SHIP', Country: 'Singapore'
2025-10-01 18:52:49,643 - INFO - Created new company - ID: 23984, Name: 'MINYI 14 LTD', Country: 'Singapore'
2025-10-01 18:52:54,966 - INFO - Created new company - ID: 23985, Name: 'SEA 274 LEASING CO LTD', Country: 'Hong-kong'
2025-10-01 18:52:59,205 - INFO - Created new company - ID: 23986, Name: 'SEA 275 LEASING CO LTD', Country: 'Hong-kong'
2025-10-01 18:53:04,555 - INFO - Created new company - ID: 23987, Name: 'SEA 277 LEASING CO LTD', Country: 'Hong-kong'
2025-10-01 18:53:08,818 - INFO - Created new company - ID: 23988, Name: 'SEA 301 LEASING CO LTD', Country: 'Hong-kong'
2025-10-01 18:53:13,107 - INFO - Created new company - ID: 23989, Name: 'SEA 302 LEASING CO LTD', Country: 'Hong-kong'
2025-10-01 18:53:17,394 - INFO - Created new company - ID: 23990, Name: 'SEA 303 LEASING CO LTD', Country: 'Hong-kong'
2025-10-01 18:54:05,506 - INFO - Created new company - ID: 23991, Name: 'BW EPIC KOSAN LTD', Country: 'Singapore'
2025-10-01 18:55:04,080 - INFO - Created new company - ID: 23992, Name: 'SEDON HONG KONG LTD', Country: 'Singapore'
2025-10-01 18:55:24,933 - INFO - Created new company - ID: 23993, Name: 'WINNING ENDURANCE SHPG PTE LTD', Country: 'Singapore'
2025-10-01 18:55:29,254 - INFO - Created new company - ID: 23994, Name: 'SUNNY VALLEY SHIPPING SA', Country: 'Singapore'
2025-10-01 18:55:34,551 - INFO - Created new company - ID: 23995, Name: 'FRUITFUL SHIPPING SA', Country: 'Singapore'
2025-10-01 18:55:38,809 - INFO - Created new company - ID: 23996, Name: 'GREAT COMPANION MARINE SA', Country: 'Singapore'
2025-10-01 18:55:43,096 - INFO - Created new company - ID: 23997, Name: 'WINNING YOUTH SHIPPING PTE LTD', Country: 'Singapore'
2025-10-01 18:55:47,403 - INFO - Created new company - ID: 23998, Name: 'WINNING LOVE SHIPPING PTE LTD', Country: 'Singapore'
2025-10-01 18:55:51,724 - INFO - Created new company - ID: 23999, Name: 'WINNING FURTHERANCE SHIPPING', Country: 'Singapore'
2025-10-01 18:55:55,987 - INFO - Created new company - ID: 24000, Name: 'WINNING CONFIDENCE SHPG PTE', Country: 'Singapore'
2025-10-01 18:56:00,988 - INFO - Created new company - ID: 24001, Name: 'WINNING KINDNESS SHIPPING PTE', Country: 'Singapore'
2025-10-01 18:56:05,348 - INFO - Created new company - ID: 24002, Name: 'WINNING TEAM SHIPPING PTE LTD', Country: 'Singapore'
2025-10-01 18:56:09,958 - INFO - Created new company - ID: 24003, Name: 'WINNING WEALTH SHIPPING', Country: 'Singapore'
2025-10-01 18:56:14,247 - INFO - Created new company - ID: 24004, Name: 'WINNING DILIGENCE SHIPPING', Country: 'Singapore'
2025-10-01 18:56:26,718 - INFO - Created new company - ID: 24005, Name: 'WINNING ZEPHYR SHIPPPING PTE', Country: 'Singapore'
2025-10-01 18:56:31,034 - INFO - Created new company - ID: 24006, Name: 'SUNNY SKY SHIPPING SA', Country: 'Singapore'
2025-10-01 18:56:35,540 - INFO - Created new company - ID: 24007, Name: 'WINNING BRIGHT SHIPPING', Country: 'Singapore'
2025-10-01 18:56:39,824 - INFO - Created new company - ID: 24008, Name: 'WINNING JOY SHIPPING PTE LTD', Country: 'Singapore'
2025-10-01 18:56:44,454 - INFO - Created new company - ID: 24009, Name: 'PEACEFUL SHIPPING SA', Country: 'Panama'
2025-10-01 18:57:01,774 - INFO - Created new company - ID: 24010, Name: 'SUPERTANKER LTD', Country: 'Singapore'
2025-10-01 18:57:05,777 - INFO - Created new company - ID: 24011, Name: 'LYDIA SHIPPING CO LTD PTE', Country: 'Singapore'
2025-10-01 18:57:11,619 - INFO - Created new company - ID: 24012, Name: 'RILEY SHIPPING CO PTE LTD', Country: 'Singapore'
2025-10-01 18:57:15,927 - INFO - Created new company - ID: 24013, Name: 'BELINDA SHIPPING CO PTE LTD', Country: 'Singapore'
2025-10-01 18:57:24,533 - INFO - Created new company - ID: 24014, Name: 'NELINA SHIPPING CO PTE LTD', Country: 'Singapore'
2025-10-01 18:57:28,819 - INFO - Created new company - ID: 24015, Name: 'EB TANKER CORP', Country: 'Marshall-islands'
2025-10-01 18:57:33,091 - INFO - Created new company - ID: 24016, Name: 'CRYSTAL TANKER CORP', Country: 'Singapore'
2025-10-01 18:57:43,319 - INFO - Created new company - ID: 24017, Name: 'HEROIC SCUTUM INC-MAI', Country: 'United-states'
2025-10-01 18:57:47,591 - INFO - Created new company - ID: 24018, Name: 'HEROIC HOLOGIUM INC', Country: 'United-states'
2025-10-01 18:57:51,930 - INFO - Created new company - ID: 24019, Name: 'DSS 1 LLC', Country: 'Marshall-islands'
2025-10-01 18:57:56,152 - INFO - Created new company - ID: 24020, Name: 'DSS 2 LLC', Country: 'United-states'
2025-10-01 18:58:00,439 - INFO - Created new company - ID: 24021, Name: 'DSS A LLC', Country: 'United-states'
2025-10-01 18:58:05,799 - INFO - Created new company - ID: 24022, Name: 'DSS B LLC', Country: 'United-states'
2025-10-01 18:58:10,087 - INFO - Created new company - ID: 24023, Name: 'DSS C LLC', Country: 'United-states'
2025-10-01 18:58:14,338 - INFO - Created new company - ID: 24024, Name: 'DSS D LLC', Country: 'United-states'
2025-10-01 18:58:18,877 - INFO - Created new company - ID: 24025, Name: 'DSS 5 LLC', Country: 'United-states'
2025-10-01 18:58:24,179 - INFO - Created new company - ID: 24026, Name: 'DSS 6 LLC', Country: 'United-states'
2025-10-01 18:58:28,803 - INFO - Created new company - ID: 24027, Name: 'DSS 7 LLC', Country: 'United-states'
2025-10-01 18:58:33,097 - INFO - Created new company - ID: 24028, Name: 'DSS 8 LLC', Country: 'United-states'
2025-10-01 18:58:37,335 - INFO - Created new company - ID: 24029, Name: 'NT SUEZ ONE LLC', Country: 'United-states'
2025-10-01 18:58:41,662 - INFO - Created new company - ID: 24030, Name: 'GY HOLIDAY LLC', Country: 'United-kingdom'
2025-10-01 18:58:45,956 - INFO - Created new company - ID: 24031, Name: 'HARRISON TANKER CORP', Country: 'Marshall-islands'
2025-10-01 18:58:51,337 - INFO - Created new company - ID: 24032, Name: 'STELLA SEAWAY LLC', Country: 'United-states'
2025-10-01 18:58:57,188 - INFO - Created new company - ID: 24033, Name: 'HEROIC HERA INC-MAI', Country: 'United-states'
2025-10-01 18:59:01,870 - INFO - Created new company - ID: 24034, Name: 'HEROIC HERCULES INC-LIB', Country: 'United-states'
2025-10-01 18:59:06,230 - INFO - Created new company - ID: 24035, Name: 'HEROIC PISCES INC-MAI', Country: 'United-states'
2025-10-01 18:59:15,044 - INFO - Created new company - ID: 24036, Name: 'HEROIC HYDRA INC-LIB', Country: 'United-states'
2025-10-01 18:59:19,292 - INFO - Created new company - ID: 24037, Name: 'HEROIC SERENA INC', Country: 'United-states'
2025-10-01 18:59:25,152 - INFO - Created new company - ID: 24038, Name: 'PETROJARL IV', Country: 'Singapore'
2025-10-01 18:59:29,888 - INFO - Created new company - ID: 24039, Name: 'MONTREAL SPIRIT LLC', Country: 'Singapore'
2025-10-01 18:59:34,526 - INFO - Created new company - ID: 24040, Name: 'LIMERICK SPIRIT LLC', Country: 'Singapore'
2025-10-01 18:59:38,784 - INFO - Created new company - ID: 24041, Name: 'LOS ANGELES SPIRIT LLC', Country: 'Singapore'
2025-10-01 18:59:44,035 - INFO - Created new company - ID: 24042, Name: 'TIANLONG SHIPPING LTD', Country: 'Singapore'
2025-10-01 18:59:48,307 - INFO - Created new company - ID: 24043, Name: 'PINNACLE SPIRIT LLC', Country: 'Singapore'
2025-10-01 18:59:52,560 - INFO - Created new company - ID: 24044, Name: 'DILONG SPIRIT LLC', Country: 'Singapore'
2025-10-01 18:59:57,218 - INFO - Created new company - ID: 24045, Name: 'TIL XIV LLC', Country: 'Singapore'
2025-10-01 19:00:01,501 - INFO - Created new company - ID: 24046, Name: 'TIL XI LLC', Country: 'Singapore'
2025-10-01 19:00:06,604 - INFO - Created new company - ID: 24047, Name: 'SUMMIT SPIRIT LLC', Country: 'Singapore'
2025-10-01 19:00:11,958 - INFO - Created new company - ID: 24048, Name: 'ZENITH SPIRIT LLC', Country: 'Singapore'
2025-10-01 19:00:16,235 - INFO - Created new company - ID: 24049, Name: 'TIL X LLC', Country: 'Singapore'
2025-10-01 19:00:20,512 - INFO - Created new company - ID: 24050, Name: 'TIL V LLC', Country: 'Singapore'
2025-10-01 19:00:24,821 - INFO - Created new company - ID: 24051, Name: 'TEEKAY TANKERS TS HULL S-1415', Country: 'Singapore'
2025-10-01 19:00:29,080 - INFO - Created new company - ID: 24052, Name: 'TIL I LLC', Country: 'Singapore'
2025-10-01 19:00:34,358 - INFO - Created new company - ID: 24053, Name: 'TIL II LLC', Country: 'Singapore'
2025-10-01 19:00:38,637 - INFO - Created new company - ID: 24054, Name: 'BEIJING SPIRIT LLC', Country: 'Singapore'
2025-10-01 19:00:43,486 - INFO - Created new company - ID: 24055, Name: 'ROME SPIRIT LLC', Country: 'Singapore'
2025-10-01 19:00:47,762 - INFO - Created new company - ID: 24056, Name: 'RIO SPIRIT LLC', Country: 'Singapore'
2025-10-01 19:00:53,155 - INFO - Created new company - ID: 24057, Name: 'TIL III LLC', Country: 'Singapore'
2025-10-01 19:00:57,481 - INFO - Created new company - ID: 24058, Name: 'TIL IV LLC', Country: 'Singapore'
2025-10-01 19:01:04,227 - INFO - Created new company - ID: 24059, Name: 'TIL IX LLC', Country: 'Singapore'
2025-10-01 19:01:08,513 - INFO - Created new company - ID: 24060, Name: 'TIL XII LLC', Country: 'Singapore'
2025-10-01 19:01:12,848 - INFO - Created new company - ID: 24061, Name: 'TIL XIII LLC', Country: 'Singapore'
2025-10-01 19:01:17,576 - INFO - Created new company - ID: 24062, Name: 'TEEKAY TANKERS HZ HULL H-1586', Country: 'Singapore'
2025-10-01 19:01:21,928 - INFO - Created new company - ID: 24063, Name: 'SANTI BHUM CO LTD', Country: 'Singapore'
2025-10-01 19:01:26,246 - INFO - Created new company - ID: 24064, Name: 'SINGAPORE ISLANDS LINE', Country: 'Singapore'
2025-10-01 19:03:08,037 - INFO - Created new company - ID: 24065, Name: 'ALLIED ASSETS CO LTD', Country: 'Singapore'
2025-10-01 19:03:12,368 - INFO - Created new company - ID: 24066, Name: 'AL TANKER I SHIPPING PTE LTD', Country: 'Singapore'
2025-10-01 19:03:17,195 - INFO - Created new company - ID: 24067, Name: 'AL TANKER II SHIPPING PTE LTD', Country: 'Singapore'
2025-10-01 19:03:22,680 - INFO - Created new company - ID: 24068, Name: 'AL TANKER III SHIPPING PTE LTD', Country: 'Singapore'
2025-10-01 19:03:26,971 - INFO - Created new company - ID: 24069, Name: 'AL TANKER IV SHIPPING PTE LTD', Country: 'Singapore'
2025-10-01 19:03:31,506 - INFO - Created new company - ID: 24070, Name: 'AL TANKER V SHIPPING PTE LTD', Country: 'Singapore'
2025-10-01 19:03:35,766 - INFO - Created new company - ID: 24071, Name: 'AL TANKER VI SHIPPING PTE LTD', Country: 'Singapore'
2025-10-01 19:03:40,137 - INFO - Created new company - ID: 24072, Name: 'BRASKEM NETHERLANDS BV', Country: 'Netherlands'
2025-10-01 19:04:42,466 - INFO - Created new company - ID: 24073, Name: 'ZEBRASHARK MARINE SA', Country: 'Ireland'
2025-10-01 19:04:56,386 - INFO - Created new company - ID: 24074, Name: 'DETEMER SHIPPING CO LTD', Country: 'Hong-kong'
2025-10-01 19:05:00,888 - INFO - Created new company - ID: 24075, Name: 'FINAV ITALY 3 SRL', Country: 'Italy'
2025-10-01 19:05:05,553 - INFO - Created new company - ID: 24076, Name: 'BETA SHIPHOLDING LTD', Country: 'Liberia'
2025-10-01 19:05:09,819 - INFO - Created new company - ID: 24077, Name: 'NOVA CHARIANA LTD', Country: 'Singapore'
2025-10-01 19:05:15,131 - INFO - Created new company - ID: 24078, Name: 'NOVA POLAR LTD', Country: 'Singapore'
2025-10-01 19:05:19,536 - INFO - Created new company - ID: 24079, Name: 'CHANCE MARITIME CO LTD', Country: 'Germany'
2025-10-01 19:05:23,913 - INFO - Created new company - ID: 24080, Name: 'GAMMA SHIPHOLDING LTD', Country: 'Liberia'
2025-10-01 19:05:28,508 - INFO - Created new company - ID: 24081, Name: 'THETA SHIPHOLDING LTD', Country: 'Singapore'
2025-10-01 19:05:32,777 - INFO - Created new company - ID: 24082, Name: 'CHI SHIPHOLDING LTD', Country: 'Singapore'
2025-10-01 19:05:37,315 - INFO - Created new company - ID: 24083, Name: 'DIGAMMA SHIPHOLDING LTD', Country: 'Germany'
2025-10-01 19:05:42,697 - INFO - Created new company - ID: 24084, Name: 'URANIA SHIPPING CO LTD', Country: 'Germany'
2025-10-01 19:05:46,977 - INFO - Created new company - ID: 24085, Name: 'VENTURA MARITIME CO LTD', Country: 'Germany'
2025-10-01 19:05:51,343 - INFO - Created new company - ID: 24086, Name: 'IOTA SHIPHOLDING LTD', Country: 'Germany'
2025-10-01 19:05:55,709 - INFO - Created new company - ID: 24087, Name: 'NADIR SHIPPING CO LTD', Country: 'Germany'
2025-10-01 19:06:00,027 - INFO - Created new company - ID: 24088, Name: 'VIABLE SHIPPING CO LTD', Country: 'Germany'
2025-10-01 19:06:06,921 - INFO - Created new company - ID: 24089, Name: 'VOCATION SHIPPING CO LTD', Country: 'Germany'
2025-10-01 19:06:11,202 - INFO - Created new company - ID: 24090, Name: 'MY SHIPHOLDING LTD', Country: 'Germany'
2025-10-01 19:06:15,532 - INFO - Created new company - ID: 24091, Name: 'SAMAR MARITIME CO LTD', Country: 'Germany'
2025-10-01 19:06:19,831 - INFO - Created new company - ID: 24092, Name: 'FORMAT SHIPPING CO LTD', Country: 'Germany'
2025-10-01 19:06:24,146 - INFO - Created new company - ID: 24093, Name: 'EPSILON SHIPHOLDING LTD', Country: 'Germany'
2025-10-01 19:06:29,470 - INFO - Created new company - ID: 24094, Name: 'XI SHIPHOLDING LTD', Country: 'Germany'
2025-10-01 19:06:33,808 - INFO - Created new company - ID: 24095, Name: 'BULKY BULK SHIPPING LTD', Country: 'Germany'
2025-10-01 19:06:38,093 - INFO - Created new company - ID: 24096, Name: 'CHARM MARINE CO LTD', Country: 'Germany'
2025-10-01 19:06:42,377 - INFO - Created new company - ID: 24097, Name: 'HETA SHIPHOLDING LTD', Country: 'Liberia'
2025-10-01 19:06:46,689 - INFO - Created new company - ID: 24098, Name: 'BULK TRIDENT SHIPPING LTD', Country: 'Germany'
2025-10-01 19:06:51,077 - INFO - Created new company - ID: 24099, Name: 'NOVA GLORY LTD', Country: 'Germany'
2025-10-01 19:06:55,665 - INFO - Created new company - ID: 24100, Name: 'PROFIT MARITIME LTD', Country: 'Germany'
2025-10-01 19:06:59,956 - INFO - Created new company - ID: 24101, Name: 'VQSV SHIPPING LTD', Country: 'Greece'
2025-10-01 19:07:04,229 - INFO - Created new company - ID: 24102, Name: 'VOV SHIPPING LTD', Country: 'Greece'
2025-10-01 19:07:08,845 - INFO - Created new company - ID: 24103, Name: 'TIGRIS TRADING SA', Country: 'Greece'
2025-10-01 19:07:40,097 - INFO - Created new company - ID: 24104, Name: 'SEA 343 LEASING CO LTD', Country: 'Singapore'
2025-10-01 19:07:48,632 - INFO - Created new company - ID: 24105, Name: 'SEA 342 LEASING CO LTD', Country: 'Singapore'
2025-10-01 19:07:52,971 - INFO - Created new company - ID: 24106, Name: 'OCY AZOTIC LTD', Country: 'Singapore'
2025-10-01 19:07:57,249 - INFO - Created new company - ID: 24107, Name: 'SEA 15 LEASING CO LTD', Country: 'Singapore'
2025-10-01 19:08:02,554 - INFO - Created new company - ID: 24108, Name: 'UJIGAMI KAIUN KK', Country: 'Japan'
2025-10-01 19:08:07,813 - INFO - Created new company - ID: 24109, Name: 'LS-SGP PTE LTD', Country: 'Singapore'
2025-10-01 19:08:12,108 - INFO - Created new company - ID: 24110, Name: 'HERAKLEITOS 3050 PTE LTD', Country: 'Singapore'
2025-10-01 19:08:16,379 - INFO - Created new company - ID: 24111, Name: 'APOLLO SHIPPING 3 PTE LTD', Country: 'Singapore'
2025-10-01 19:08:20,702 - INFO - Created new company - ID: 24112, Name: 'PYTHAGORAS CORPORATION 5 PTE', Country: 'Singapore'
2025-10-01 19:08:25,010 - INFO - Created new company - ID: 24113, Name: 'PYTHAGORAS CORPORATION 7 PTE', Country: 'Singapore'
2025-10-01 19:08:29,296 - INFO - Created new company - ID: 24114, Name: 'APOLLO SHIPPING 5 PTE LTD', Country: 'Singapore'
2025-10-01 19:08:33,631 - INFO - Created new company - ID: 24115, Name: 'APOLLO SHIPPING 8 PTE LTD', Country: 'Bermuda'
2025-10-01 19:08:37,910 - INFO - Created new company - ID: 24116, Name: 'GREAT EPSILON LTD', Country: 'Singapore'
2025-10-01 19:08:42,591 - INFO - Created new company - ID: 24117, Name: 'GREAT ZENO 1 LTD', Country: 'Cyprus'
2025-10-01 19:08:55,779 - INFO - Created new company - ID: 24118, Name: 'SARGASSO SEA INC', Country: 'Bermuda'
2025-10-01 19:08:55,837 - INFO - Created new company - ID: 24119, Name: 'BERMUDA CONTAINER LINE LTD', Country: 'Bermuda'
2025-10-01 19:09:13,453 - INFO - Created new company - ID: 24120, Name: 'CONDOR 244 WELS', Country: 'Germany'
2025-10-01 19:09:17,808 - INFO - Created new company - ID: 24121, Name: 'NORDIC HERITAGE EXPEDITION', Country: 'Germany'
2025-10-01 19:09:51,150 - INFO - Created new company - ID: 24122, Name: 'NORDIC ITALIA SCHIFFFAHRTS', Country: 'Germany'
2025-10-01 19:09:55,517 - INFO - Created new company - ID: 24123, Name: 'NORDIC HEIDELBERG GMBH & CO KG', Country: 'Singapore'
2025-10-01 19:09:59,916 - INFO - Created new company - ID: 24124, Name: 'CONDOR 241 WIEN', Country: 'Germany'
2025-10-01 19:10:04,233 - INFO - Created new company - ID: 24125, Name: 'NORDIC MARBURG GMBH & CO KG', Country: 'Germany'
2025-10-01 19:10:08,559 - INFO - Created new company - ID: 24126, Name: 'DALIAN SCHIFFFAHRTS', Country: 'Singapore'
2025-10-01 19:10:12,888 - INFO - Created new company - ID: 24127, Name: 'NORDIC EMS GMBH & CO KG', Country: 'Germany'
2025-10-01 19:10:17,153 - INFO - Created new company - ID: 24128, Name: 'KOBE CONDOR 246 SCHIFFFAHRTS', Country: 'Germany'
2025-10-01 19:10:21,662 - INFO - Created new company - ID: 24129, Name: 'PATAGONIA SCHIFFFAHRTS', Country: 'Germany'
2025-10-01 19:10:25,928 - INFO - Created new company - ID: 24130, Name: 'CONTAINERSHIPS NORD', Country: 'Germany'
2025-10-01 19:10:30,245 - INFO - Created new company - ID: 24131, Name: 'CONTAINERSHIPS POLAR', Country: 'Germany'
2025-10-01 19:10:34,492 - INFO - Created new company - ID: 24132, Name: 'FORTUNE BEC III SHIPPING LTD', Country: 'Germany'
2025-10-01 19:11:34,580 - INFO - Created new company - ID: 24133, Name: 'EXPRESSCARRIER NO 2 CORP', Country: 'Taiwan'
2025-10-01 19:12:30,028 - INFO - Created new company - ID: 24134, Name: 'HFR SHIPPING CO LTD', Country: 'United-states'
2025-10-01 19:12:34,292 - INFO - Created new company - ID: 24135, Name: 'HTI SHIPPING CO LTD', Country: 'United-states'
2025-10-01 19:12:38,595 - INFO - Created new company - ID: 24136, Name: 'HRA SHIPPING CO LTD', Country: 'United-states'
2025-10-01 19:12:55,729 - INFO - Created new company - ID: 24137, Name: 'OLDSTONE MARINE CORP', Country: 'Greece'
2025-10-01 19:12:59,982 - INFO - Created new company - ID: 24138, Name: 'ARCHET MARINE CORP', Country: 'Liberia'
2025-10-01 19:13:05,244 - INFO - Created new company - ID: 24139, Name: 'FERRAGE MARINE CORP', Country: 'Greece'
2025-10-01 19:13:09,532 - INFO - Created new company - ID: 24140, Name: 'FABRON MARINE CORP', Country: 'Greece'
2025-10-01 19:13:13,809 - INFO - Created new company - ID: 24141, Name: 'GUERNICA MARINE CORP', Country: 'Greece'
2025-10-01 19:13:18,081 - INFO - Created new company - ID: 24142, Name: 'KINSLEY MARINE CORP', Country: 'Greece'
2025-10-01 19:13:22,701 - INFO - Created new company - ID: 24143, Name: 'SILKSTONE MARINE CORP', Country: 'Greece'
2025-10-01 19:13:27,019 - INFO - Created new company - ID: 24144, Name: 'CROMFORD MARINE CORP', Country: 'Greece'
2025-10-01 19:13:31,307 - INFO - Created new company - ID: 24145, Name: 'SHAEKERSTONE MARINE CORP', Country: 'Greece'
2025-10-01 19:13:35,600 - INFO - Created new company - ID: 24146, Name: 'GATIKA MARINE CORP', Country: 'Greece'
2025-10-01 19:13:39,869 - INFO - Created new company - ID: 24147, Name: 'FRUIZ MARINE CORP', Country: 'Greece'
2025-10-01 19:13:45,436 - INFO - Created new company - ID: 24148, Name: 'BARRAL MARINE CORP', Country: 'Greece'
2025-10-01 19:13:49,685 - INFO - Created new company - ID: 24149, Name: 'FJELD FREIA AS', Country: 'Norway'
2025-10-01 19:13:49,742 - INFO - Created new company - ID: 24150, Name: 'BELSHIPS MANAGEMENT AS', Country: 'Norway'
2025-10-01 19:13:54,050 - INFO - Created new company - ID: 24151, Name: 'FJELD SAGA AS', Country: 'Norway'
2025-10-01 19:13:58,310 - INFO - Created new company - ID: 24152, Name: 'FJELD SVEA AS', Country: 'Norway'
2025-10-01 19:14:02,987 - INFO - Created new company - ID: 24153, Name: 'INTERNATIONAL CORPORATION', Country: 'Cyprus'
2025-10-01 19:14:07,305 - INFO - Created new company - ID: 24154, Name: 'LUCKY LEADER SHIPPING PTE LTD', Country: 'Cyprus'
2025-10-01 19:14:15,889 - INFO - Created new company - ID: 24155, Name: 'SUPRA INVEST AS', Country: 'Cyprus'
2025-10-01 19:14:20,567 - INFO - Created new company - ID: 24156, Name: 'ROWAYTON EAGLE LLC', Country: 'United-states'
2025-10-01 19:14:24,873 - INFO - Created new company - ID: 24157, Name: 'SOUTHPORT EAGLE LLC', Country: 'United-states'
2025-10-01 19:14:29,130 - INFO - Created new company - ID: 24158, Name: 'FAIRFIELD EAGLE LLC', Country: 'United-states'
2025-10-01 19:14:33,461 - INFO - Created new company - ID: 24159, Name: 'HAMBURG EAGLE LLC', Country: 'United-states'
2025-10-01 19:14:38,082 - INFO - Created new company - ID: 24160, Name: 'SANDPIPER SHIPPING LLC', Country: 'United-states'
2025-10-01 19:14:42,391 - INFO - Created new company - ID: 24161, Name: 'STONINGTON EAGLE LLC', Country: 'United-states'
2025-10-01 19:14:46,716 - INFO - Created new company - ID: 24162, Name: 'ANTWERP EAGLE LLC', Country: 'United-states'
2025-10-01 19:14:52,123 - INFO - Created new company - ID: 24163, Name: 'HELSINKI EAGLE LLC', Country: 'United-states'
2025-10-01 19:14:56,402 - INFO - Created new company - ID: 24164, Name: 'OSLO EAGLE LLC', Country: 'United-states'
2025-10-01 19:15:00,700 - INFO - Created new company - ID: 24165, Name: 'COPENHAGEN EAGLE LLC', Country: 'United-states'
2025-10-01 19:15:06,514 - INFO - Created new company - ID: 24166, Name: 'GIBRALTAR EAGLE LLC', Country: 'United-states'
2025-10-01 19:15:10,777 - INFO - Created new company - ID: 24167, Name: 'STOCKHOLM EAGLE LLC', Country: 'United-states'
2025-10-01 19:15:15,072 - INFO - Created new company - ID: 24168, Name: 'ROTTERDAM EAGLE LLC', Country: 'United-states'
2025-10-01 19:15:19,423 - INFO - Created new company - ID: 24169, Name: 'TOKYO EAGLE LLC', Country: 'United-states'
2025-10-01 19:15:24,079 - INFO - Created new company - ID: 24170, Name: 'VANCOUVER EAGLE LLC', Country: 'United-states'
2025-10-01 19:15:29,142 - INFO - Created new company - ID: 24171, Name: 'ROADRUNNER SHIPPING LLC', Country: 'Greece'
2025-10-01 19:15:33,382 - INFO - Created new company - ID: 24172, Name: 'DUBLIN EAGLE LLC', Country: 'United-states'
2025-10-01 19:15:37,668 - INFO - Created new company - ID: 24173, Name: 'ORION MARITIME LLC', Country: 'Greece'
2025-10-01 19:15:41,928 - INFO - Created new company - ID: 24174, Name: 'ULTRA SHIPPING LLC', Country: 'Greece'
2025-10-01 19:15:46,200 - INFO - Created new company - ID: 24175, Name: 'JASMINE SHIPPING LLC', Country: 'Marshall-islands'
2025-10-01 19:15:50,741 - INFO - Created new company - ID: 24176, Name: 'WESTPORT EAGLE LLC', Country: 'United-states'
2025-10-01 19:15:56,764 - INFO - Created new company - ID: 24177, Name: 'RAINBOW MARITIME LLC', Country: 'Marshall-islands'
2025-10-01 19:16:02,080 - INFO - Created new company - ID: 24178, Name: 'STAR LIDA IX SHIPPING LLC', Country: 'Greece'
2025-10-01 19:16:06,375 - INFO - Created new company - ID: 24179, Name: 'SINGAPORE EAGLE LLC', Country: 'Greece'
2025-10-01 19:16:12,518 - INFO - Created new company - ID: 24180, Name: 'STAR REGG III LLC', Country: 'Greece'
2025-10-01 19:16:26,958 - INFO - Created new company - ID: 24181, Name: 'WHITE FLAG VENTURES LV LLC', Country: 'Singapore'
2025-10-01 19:16:31,214 - INFO - Created new company - ID: 24182, Name: 'HEROIC LIBRA INC-MAI', Country: 'United-states'
2025-10-01 19:16:39,821 - INFO - Created new company - ID: 24183, Name: 'WHITE FLAG VENTURES LVI LLC', Country: 'Singapore'
2025-10-01 19:16:44,101 - INFO - Created new company - ID: 24184, Name: 'FLAME ENTERPRISES SA', Country: 'Singapore'
2025-10-01 19:16:49,439 - INFO - Created new company - ID: 24185, Name: 'WHITE FLAG VENTURES LVII LLC', Country: 'Marshall-islands'
2025-10-01 19:16:53,766 - INFO - Created new company - ID: 24186, Name: 'MINSHENG RUIHONG TIANJIN SHPG', Country: 'Singapore'
2025-10-01 19:16:58,059 - INFO - Created new company - ID: 24187, Name: 'SFL PUMA INC', Country: 'Singapore'
2025-10-01 19:17:02,616 - INFO - Created new company - ID: 24188, Name: 'AGAPI SHIPPING CO', Country: 'Singapore'
2025-10-01 19:17:07,234 - INFO - Created new company - ID: 24189, Name: 'CL NANHU LTD', Country: 'Singapore'
2025-10-01 19:17:11,598 - INFO - Created new company - ID: 24190, Name: 'MSEA APATITE LLC', Country: 'Singapore'
2025-10-01 19:17:15,920 - INFO - Created new company - ID: 24191, Name: 'CL OUJIANG LTD', Country: 'Singapore'
2025-10-01 19:17:20,211 - INFO - Created new company - ID: 24192, Name: 'CL YONGJIANG LTD', Country: 'Singapore'
2025-10-01 19:17:24,569 - INFO - Created new company - ID: 24193, Name: 'COMPASS SHIPPING 48 CORP LTD', Country: 'Singapore'
2025-10-01 19:17:28,780 - INFO - Created new company - ID: 24194, Name: 'DHT PUMA LTD', Country: 'Singapore'
2025-10-01 19:17:33,428 - INFO - Created new company - ID: 24195, Name: 'HAOXING INTERNATIONAL SHIP', Country: 'Singapore'
2025-10-01 19:17:37,786 - INFO - Created new company - ID: 24196, Name: 'XIANG H22 INTERNATIONAL SHIP', Country: 'Singapore'
2025-10-01 19:17:42,065 - INFO - Created new company - ID: 24197, Name: 'MINSHENG ZHIZHOU TIANJIN SHPG', Country: 'Singapore'
2025-10-01 19:17:46,381 - INFO - Created new company - ID: 24198, Name: 'MINSHENG YANGYUE TIANJIN SHPG', Country: 'Singapore'
2025-10-01 19:17:50,900 - INFO - Created new company - ID: 24199, Name: 'MINSHENG YANGZHOU TIANJIN SHPG', Country: 'Singapore'
2025-10-01 19:17:55,099 - INFO - Created new company - ID: 24200, Name: 'POLAR 8 LTD', Country: 'Singapore'
2025-10-01 19:17:59,333 - INFO - Created new company - ID: 24201, Name: 'POLAR 11 LTD', Country: 'Singapore'
2025-10-01 19:18:03,947 - INFO - Created new company - ID: 24202, Name: 'CL HUAIHUA LTD', Country: 'Hong-kong'
2025-10-01 19:18:08,279 - INFO - Created new company - ID: 24203, Name: 'CL XIANGTAN LTD', Country: 'Hong-kong'
2025-10-01 19:18:12,561 - INFO - Created new company - ID: 24204, Name: 'CL ZHANGJIAJIE LTD', Country: 'China'
2025-10-01 19:18:16,833 - INFO - Created new company - ID: 24205, Name: 'SEA 272 LEASING CO LTD', Country: 'Hong-kong'
2025-10-01 19:18:21,485 - INFO - Created new company - ID: 24206, Name: 'SEA 261 LEASING CO LTD', Country: 'Singapore'
2025-10-01 19:18:25,718 - INFO - Created new company - ID: 24207, Name: 'SEA 273 LEASING CO LTD', Country: 'Singapore'
2025-10-01 19:18:30,208 - INFO - Created new company - ID: 24208, Name: 'TAIPING & SINOPEC TJ21 SHPG', Country: 'Singapore'
2025-10-01 19:18:34,549 - INFO - Created new company - ID: 24209, Name: 'GLORY JUPITER LTD', Country: 'Singapore'
2025-10-01 19:18:38,798 - INFO - Created new company - ID: 24210, Name: 'GLORY SATURN LTD', Country: 'Singapore'
2025-10-01 19:18:43,132 - INFO - Created new company - ID: 24211, Name: 'GLORY URANUS LTD', Country: 'Singapore'
2025-10-01 19:18:47,424 - INFO - Created new company - ID: 24212, Name: 'GLORY NEPTUNE LTD', Country: 'Singapore'
2025-10-01 19:18:51,672 - INFO - Created new company - ID: 24213, Name: 'JIXIANG TJ1 SHIPPING LEASING', Country: 'Singapore'
2025-10-01 19:18:55,936 - INFO - Created new company - ID: 24214, Name: 'JIXIANG TJ2 SHIPPING LEASING', Country: 'Singapore'
2025-10-01 19:19:00,152 - INFO - Created new company - ID: 24215, Name: 'GIANFRANCO 25 PTE LTD', Country: 'Singapore'
2025-10-01 19:19:04,438 - INFO - Created new company - ID: 24216, Name: 'ZHE YIN HANG ZHOU NO 22', Country: 'None'
2025-10-01 19:19:08,794 - INFO - Created new company - ID: 24217, Name: 'TIANJIN HAITANG-I LEASING LTD', Country: 'Singapore'
2025-10-01 19:19:14,322 - INFO - Created new company - ID: 24218, Name: 'TIANJIN HEYSEA-VI LEASING LTD', Country: 'Singapore'
2025-10-01 19:19:18,604 - INFO - Created new company - ID: 24219, Name: 'TIANJIN HEYSEA-X LEASING LTD', Country: 'Singapore'
2025-10-01 19:19:23,190 - INFO - Created new company - ID: 24220, Name: 'TIANJIN HEYSEA-XI LEASING LTD', Country: 'Singapore'
2025-10-01 19:19:27,478 - INFO - Created new company - ID: 24221, Name: 'CL CHANGSHA LTD', Country: 'Singapore'
2025-10-01 19:19:31,741 - INFO - Created new company - ID: 24222, Name: 'CL YUEYANG LTD', Country: 'China'
2025-10-01 19:19:36,031 - INFO - Created new company - ID: 24223, Name: 'CL JIAYUGUAN LTD', Country: 'China'
2025-10-01 19:19:40,338 - INFO - Created new company - ID: 24224, Name: 'CL SHAOYANG LTD', Country: 'Singapore'
2025-10-01 19:19:45,014 - INFO - Created new company - ID: 24225, Name: 'HUAXIA SHENGTONG TIANJIN', Country: 'Singapore'
2025-10-01 19:19:49,331 - INFO - Created new company - ID: 24226, Name: 'HUAXIA SHENGXU TIANJIN LEASING', Country: 'Singapore'
2025-10-01 19:21:34,130 - INFO - Created new company - ID: 24227, Name: 'ANSEI BULK CARRIER SA', Country: 'Japan'
2025-10-01 19:21:42,013 - INFO - Created new company - ID: 24228, Name: 'ANSEI CARRIERS SA', Country: 'Singapore'
2025-10-01 19:21:51,634 - INFO - Created new company - ID: 24229, Name: 'MORNING COSMOS MARITIME', Country: 'Greece'
2025-10-01 19:22:01,273 - INFO - Created new company - ID: 24230, Name: 'CHANDRA MARITIME INTERNATIONAL', Country: 'Singapore'
2025-10-01 19:22:10,689 - INFO - Created new company - ID: 24231, Name: 'HONG LAM INTEGRATION PTE LTD', Country: 'Singapore'
2025-10-01 19:23:34,225 - INFO - Created new company - ID: 24232, Name: 'SIGULDA NAVIGATION PTE LTD', Country: 'Singapore'
2025-10-01 19:23:38,473 - INFO - Created new company - ID: 24233, Name: 'STRAUPE NAVIGATION PTE LTD', Country: 'Singapore'
2025-10-01 19:23:42,746 - INFO - Created new company - ID: 24234, Name: 'SALDUS NAVIGATION PTE LTD', Country: 'Singapore'
2025-10-01 19:23:47,036 - INFO - Created new company - ID: 24235, Name: 'ELANDRA CORALLO PTE LTD', Country: 'Singapore'
2025-10-01 19:23:51,315 - INFO - Created new company - ID: 24236, Name: 'STATIA TUGS PTE LTD', Country: 'United-states'
2025-10-01 19:23:55,909 - INFO - Created new company - ID: 24237, Name: 'LILYBIRD SEAWAY LTD', Country: 'Singapore'
2025-10-01 19:24:00,241 - INFO - Created new company - ID: 24238, Name: 'SEA 96 LEASING CO LTD', Country: 'Singapore'
2025-10-01 19:24:04,794 - INFO - Created new company - ID: 24239, Name: 'ELANDRA MELODY PTE LTD', Country: 'Singapore'
2025-10-01 19:24:09,392 - INFO - Created new company - ID: 24240, Name: 'KEEN SERVICES INC', Country: 'Singapore'
2025-10-01 19:24:13,649 - INFO - Created new company - ID: 24241, Name: 'MOTHALLAH CORP', Country: 'Singapore'
2025-10-01 19:24:17,928 - INFO - Created new company - ID: 24242, Name: 'SEA 50 LEASING CO LTD', Country: 'Singapore'
2025-10-01 19:24:22,215 - INFO - Created new company - ID: 24243, Name: 'SEA 51 LEASING CO LTD', Country: 'Singapore'
2025-10-01 19:24:26,842 - INFO - Created new company - ID: 24244, Name: 'CALISTO MARITIME LTD', Country: 'Italy'
2025-10-01 19:24:35,477 - INFO - Created new company - ID: 24245, Name: 'HAI KUO SHIPPING 1751 LTD', Country: 'Singapore'
2025-10-01 19:24:39,729 - INFO - Created new company - ID: 24246, Name: 'ATHENA MARITIME LTD-MAI', Country: 'Italy'
2025-10-01 19:24:44,057 - INFO - Created new company - ID: 24247, Name: 'HAI KUO SHIPPING 1753 LTD', Country: 'Singapore'
2025-10-01 19:24:48,333 - INFO - Created new company - ID: 24248, Name: 'HAI KUO SHIPPING 1754 LTD', Country: 'Singapore'
2025-10-01 19:24:52,878 - INFO - Created new company - ID: 24249, Name: 'VIVIT DUBHE PTE LTD', Country: 'Singapore'
2025-10-01 19:24:57,148 - INFO - Created new company - ID: 24250, Name: 'VIVIT THUBAN SHIPPING LTD', Country: 'Singapore'
2025-10-01 19:25:01,488 - INFO - Created new company - ID: 24251, Name: 'VIVIT ALTAIS SHIPPING LTD', Country: 'Singapore'
2025-10-01 19:25:05,756 - INFO - Created new company - ID: 24252, Name: 'TRITON 3 SA', Country: 'Singapore'
2025-10-01 19:25:10,048 - INFO - Created new company - ID: 24253, Name: 'ELANDRA SWIFT PTE LTD', Country: 'Singapore'
2025-10-01 19:25:15,979 - INFO - Created new company - ID: 24254, Name: 'ZHE YIN HANG ZHOU NO 20', Country: 'None'
2025-10-01 19:25:20,214 - INFO - Created new company - ID: 24255, Name: 'SHENZHEN QIANHAI PENG CHENG 1', Country: 'Singapore'
2025-10-01 19:25:24,832 - INFO - Created new company - ID: 24256, Name: 'SHENZHEN QIANHAI PENG CHENG 2', Country: 'Singapore'
2025-10-01 19:25:29,128 - INFO - Created new company - ID: 24257, Name: 'OCEAN OBSIDIAN LTD', Country: 'Singapore'
2025-10-01 19:25:33,454 - INFO - Created new company - ID: 24258, Name: 'SHENZHEN QIANHAI PENG CHENG 3', Country: 'Singapore'
2025-10-01 19:25:39,328 - INFO - Created new company - ID: 24259, Name: 'SHENZHEN QIANHAI PENG CHENG 4', Country: 'Singapore'
2025-10-01 19:25:44,630 - INFO - Created new company - ID: 24260, Name: 'SHENZHEN QIANHAI PENG CHENG 5', Country: 'Singapore'
2025-10-01 19:25:48,910 - INFO - Created new company - ID: 24261, Name: 'SHENZHEN QIANHAI PENG CHENG 6', Country: 'Singapore'
2025-10-01 19:25:53,206 - INFO - Created new company - ID: 24262, Name: 'SHENZHEN QIANHAI PENG CHENG 10', Country: 'Singapore'
2025-10-01 19:25:57,446 - INFO - Created new company - ID: 24263, Name: 'SHENZHEN QIANHAI PENG CHENG 12', Country: 'Singapore'
2025-10-01 19:26:01,739 - INFO - Created new company - ID: 24264, Name: 'TIANJIN HEYSEA-III LEASING LTD', Country: 'Singapore'
2025-10-01 19:26:05,982 - INFO - Created new company - ID: 24265, Name: 'TIANJIN HEYSEA-VIII LEASING', Country: 'Singapore'
2025-10-01 19:26:10,117 - INFO - Created new company - ID: 24266, Name: 'CL HENGYANG LTD', Country: 'Singapore'
2025-10-01 19:26:14,357 - INFO - Created new company - ID: 24267, Name: 'HUAXIA SHENGCHENG TIANJIN', Country: 'Singapore'
2025-10-01 19:27:22,990 - INFO - Created new company - ID: 24268, Name: 'MARMARA MARITIME TRANSPORT CO', Country: 'Singapore'
2025-10-01 19:27:31,632 - INFO - Created new company - ID: 24269, Name: 'KARADENIZ MARITIME TRANSPORT', Country: 'Türkiye'
2025-10-01 19:27:40,420 - INFO - Created new company - ID: 24270, Name: 'SPRING VENTURE SHIPPING', Country: 'Japan'
2025-10-01 19:28:51,614 - INFO - Created new company - ID: 24271, Name: 'NML ATHENS TRADER LLC', Country: 'Marshall-islands'
2025-10-01 19:30:29,497 - INFO - Created new company - ID: 24272, Name: 'BERGSHAV ULTRAMAX AS', Country: 'Norway'
2025-10-01 19:30:29,554 - INFO - Created new company - ID: 24273, Name: 'BERGSHAV MANAGEMENT CO AS', Country: 'Norway'
2025-10-01 19:30:33,785 - INFO - Created new company - ID: 24274, Name: 'SANKO UNYU/OHRAINBOW', Country: 'Thailand'
2025-10-01 19:31:34,115 - INFO - Created new company - ID: 24275, Name: 'HISAMOTO KISEN/KIBI MARINE', Country: 'Thailand'
2025-10-01 19:32:16,746 - INFO - Created new company - ID: 24276, Name: 'SC DANDONG SHIPPING CO LTD', Country: 'Hong-kong'
2025-10-01 19:32:21,064 - INFO - Created new company - ID: 24277, Name: 'SC HONGKONG SHIPPING CO LTD', Country: 'Singapore'
2025-10-01 19:32:25,393 - INFO - Created new company - ID: 24278, Name: 'SEA DELTA SHIPPING CO LTD', Country: 'Singapore'
2025-10-01 19:32:29,662 - INFO - Created new company - ID: 24279, Name: 'SEA FORTUNE SHIPPING CO LTD', Country: 'Singapore'
2025-10-01 19:32:33,928 - INFO - Created new company - ID: 24280, Name: 'SEA ELEGANT SHIPPING CO LTD', Country: 'Singapore'
2025-10-01 19:32:38,211 - INFO - Created new company - ID: 24281, Name: 'SC BRILLIANT SHIPPING CO LTD', Country: 'Singapore'
2025-10-01 19:32:42,461 - INFO - Created new company - ID: 24282, Name: 'SEA HARVEST SHIPPING CO LTD', Country: 'Singapore'
2025-10-01 19:32:47,415 - INFO - Created new company - ID: 24283, Name: 'SEA ANGEL SHIPPING CO LTD-MAI', Country: 'Singapore'
2025-10-01 19:32:52,545 - INFO - Created new company - ID: 24284, Name: 'GC ARGON SHIPPING CO LTD', Country: 'Singapore'
2025-10-01 19:32:57,145 - INFO - Created new company - ID: 24285, Name: 'SC CHONGQING SHIPPING CO LTD', Country: 'Singapore'
2025-10-01 19:33:01,750 - INFO - Created new company - ID: 24286, Name: 'GC LIAONING SHIPPING CO LTD', Country: 'Singapore'
2025-10-01 19:33:11,068 - INFO - Created new company - ID: 24287, Name: 'SC CHARMING SHIPPING CO LTD', Country: 'Singapore'
2025-10-01 19:33:17,114 - INFO - Created new company - ID: 24288, Name: 'SC PETREL SHIPPING CO LTD', Country: 'Singapore'
2025-10-01 19:33:21,715 - INFO - Created new company - ID: 24289, Name: 'MARINA PIONEER SHIPPING CO LTD', Country: 'Singapore'
2025-10-01 19:33:26,428 - INFO - Created new company - ID: 24290, Name: 'SC FALCON SHIPPING CO LTD', Country: 'Singapore'
2025-10-01 19:33:31,133 - INFO - Created new company - ID: 24291, Name: 'UNICORN SHIPPING ONE DAC', Country: 'Singapore'
2025-10-01 19:33:35,647 - INFO - Created new company - ID: 24292, Name: 'JIACHI INTERNATIONAL SHIP-HKG', Country: 'Singapore'
2025-10-01 19:33:40,558 - INFO - Created new company - ID: 24293, Name: 'JIATIAN INTERNATIONAL SHIP', Country: 'Singapore'
2025-10-01 19:33:45,781 - INFO - Created new company - ID: 24294, Name: 'JIATONG INTERNATIONAL SHIP', Country: 'Singapore'
2025-10-01 19:33:50,287 - INFO - Created new company - ID: 24295, Name: 'SC PYXIS SHIPPING CO LTD', Country: 'Singapore'
2025-10-01 19:33:54,792 - INFO - Created new company - ID: 24296, Name: 'SC BERYL SHIPPING CO LTD', Country: 'Singapore'
2025-10-01 19:33:59,611 - INFO - Created new company - ID: 24297, Name: 'GC SAPPHIRE SHIPPING CO LTD', Country: 'Hong-kong'
2025-10-01 19:34:04,814 - INFO - Created new company - ID: 24298, Name: 'SC AMBER SHIPPING CO LTD', Country: 'Singapore'
2025-10-01 19:34:11,166 - INFO - Created new company - ID: 24299, Name: 'GENTCO CITRINE SHIPPING CO LTD', Country: 'Marshall-islands'
2025-10-01 19:34:15,876 - INFO - Created new company - ID: 24300, Name: 'HAI KUO SHIPPING 2225B LTD', Country: 'Singapore'
2025-10-01 19:34:20,383 - INFO - Created new company - ID: 24301, Name: 'HAI KUO SHIPPING 2226B LTD', Country: 'Singapore'
2025-10-01 19:34:25,197 - INFO - Created new company - ID: 24302, Name: 'HAI KUO SHIPPING 2227B LTD', Country: 'Singapore'
2025-10-01 19:34:29,926 - INFO - Created new company - ID: 24303, Name: 'SUCCESS POINTER HOLDINGS LTD', Country: 'Singapore'
2025-10-01 19:34:34,730 - INFO - Created new company - ID: 24304, Name: 'VIRTUE ALLY LTD', Country: 'Singapore'
2025-10-01 19:34:39,339 - INFO - Created new company - ID: 24305, Name: 'BRIGHT BLOOMING LTD', Country: 'Singapore'
2025-10-01 19:34:43,948 - INFO - Created new company - ID: 24306, Name: 'TIANJIN LESHUI3 LEASING LTD', Country: 'Singapore'
2025-10-01 19:34:48,965 - INFO - Created new company - ID: 24307, Name: 'TIANJIN LESHUI2 LEASING LTD', Country: 'Singapore'
2025-10-01 19:34:54,702 - INFO - Created new company - ID: 24308, Name: 'EVER WISDOM TIANJIN VESSEL', Country: 'Singapore'
2025-10-01 19:34:59,303 - INFO - Created new company - ID: 24309, Name: 'EVER SPLENDID HOLDING CO LTD', Country: 'Singapore'
2025-10-01 19:35:04,120 - INFO - Created new company - ID: 24310, Name: 'EVER VIRTUE TIANJIN VESSEL', Country: 'Singapore'
2025-10-01 19:35:08,828 - INFO - Created new company - ID: 24311, Name: 'CDBL PROFESSION LTD', Country: 'Singapore'
2025-10-01 19:35:13,547 - INFO - Created new company - ID: 24312, Name: 'WINNING FIELD LTD', Country: 'Singapore'
2025-10-01 19:35:19,481 - INFO - Created new company - ID: 24313, Name: 'EVER SHINE SHIPPING PTE LTD', Country: 'Singapore'
2025-10-01 19:35:24,606 - INFO - Created new company - ID: 24314, Name: 'EVER ABILITY TIANJIN VESSEL', Country: 'Singapore'
2025-10-01 19:35:29,119 - INFO - Created new company - ID: 24315, Name: 'EVER BEAUTY TIANJIN VESSEL', Country: 'Singapore'
2025-10-01 19:35:33,713 - INFO - Created new company - ID: 24316, Name: 'EVER DEVOTION TIANJIN VESSEL', Country: 'Singapore'
2025-10-01 19:35:38,532 - INFO - Created new company - ID: 24317, Name: 'EVER CONQUEST TIANJIN VESSEL', Country: 'Singapore'
2025-10-01 19:35:43,237 - INFO - Created new company - ID: 24318, Name: 'TIANJIN LESHUI1 LEASING LTD', Country: 'Singapore'
2025-10-01 19:35:48,046 - INFO - Created new company - ID: 24319, Name: 'MINSHENG HAIKUN TIANJIN SHPG', Country: 'Singapore'
2025-10-01 19:35:52,758 - INFO - Created new company - ID: 24320, Name: 'MINSHENG HAIBO TIANJIN SHPG', Country: 'Singapore'
2025-10-01 19:35:57,371 - INFO - Created new company - ID: 24321, Name: 'MINSHENG HAIXING TIANJIN SHPG', Country: 'Singapore'
2025-10-01 19:36:02,052 - INFO - Created new company - ID: 24322, Name: 'MINSHENG HAITAO TIANJIN SHPG', Country: 'Singapore'
2025-10-01 19:36:07,708 - INFO - Created new company - ID: 24323, Name: 'HAI KUO SHIPPING 2220B LTD', Country: 'Singapore'
2025-10-01 19:36:12,316 - INFO - Created new company - ID: 24324, Name: 'HAI KUO SHIPPING 2221B LTD', Country: 'Singapore'
2025-10-01 19:36:18,465 - INFO - Created new company - ID: 24325, Name: 'HUIRUI TIANJIN SHIPPING', Country: 'Singapore'
2025-10-01 19:36:24,001 - INFO - Created new company - ID: 24326, Name: 'HUIYANG TIANJIN SHIPPING', Country: 'China'
2025-10-01 19:36:30,546 - INFO - Created new company - ID: 24327, Name: 'SEA 295 LEASING CO LTD', Country: 'Singapore'
2025-10-01 19:36:35,258 - INFO - Created new company - ID: 24328, Name: 'SEA 294 LEASING CO LTD', Country: 'Singapore'
2025-10-01 19:36:39,969 - INFO - Created new company - ID: 24329, Name: 'HUIYI TIANJIN SHIPPING LEASING', Country: 'China'
2025-10-01 19:36:45,398 - INFO - Created new company - ID: 24330, Name: 'HUIHE TIANJIN SHIPPING LEASING', Country: 'Singapore'
2025-10-01 19:36:49,905 - INFO - Created new company - ID: 24331, Name: 'CEBFL 53 TIANJIN SHIP LEASING', Country: 'Singapore'
2025-10-01 19:36:54,713 - INFO - Created new company - ID: 24332, Name: 'HONOR UILIA LTD', Country: 'Singapore'
2025-10-01 19:36:59,318 - INFO - Created new company - ID: 24333, Name: 'CEBFL NO 16 TIANJIN SHIP', Country: 'Singapore'
2025-10-01 19:37:03,830 - INFO - Created new company - ID: 24334, Name: 'TIANJIN CMB JIN 100 LEASING', Country: 'Singapore'
2025-10-01 19:37:08,337 - INFO - Created new company - ID: 24335, Name: 'SEA 293 LEASING CO LTD', Country: 'Singapore'
2025-10-01 19:37:12,938 - INFO - Created new company - ID: 24336, Name: 'TIANJIN CMB JIN 101 LEASING', Country: 'Singapore'
2025-10-01 19:37:17,961 - INFO - Created new company - ID: 24337, Name: 'HUI YU TIANJIN SHIPPING', Country: 'Singapore'
2025-10-01 19:37:22,979 - INFO - Created new company - ID: 24338, Name: 'HONOR OGBA LTD', Country: 'Singapore'
2025-10-01 19:37:29,746 - INFO - Created new company - ID: 24339, Name: 'HUIPENG TIANJIN SHIPPING', Country: 'Singapore'
2025-10-01 19:37:34,858 - INFO - Created new company - ID: 24340, Name: 'ALIVIA SG PTE LTD', Country: 'Singapore'
2025-10-01 19:37:39,665 - INFO - Created new company - ID: 24341, Name: 'HONOR MATER SHIPPING LTD', Country: 'Singapore'
2025-10-01 19:37:44,786 - INFO - Created new company - ID: 24342, Name: 'HONOR FRANCESCO SHIPPING LTD', Country: 'Singapore'
2025-10-01 19:37:49,603 - INFO - Created new company - ID: 24343, Name: 'HONOR DOCHUDSON SHIPPING LTD', Country: 'Singapore'
2025-10-01 19:37:55,128 - INFO - Created new company - ID: 24344, Name: 'HONOR SALLY SHIPPING LTD', Country: 'Singapore'
2025-10-01 19:37:59,843 - INFO - Created new company - ID: 24345, Name: 'CEBFL NO 31 TIANJIN SHIP', Country: 'Singapore'
2025-10-01 19:38:04,804 - INFO - Created new company - ID: 24346, Name: 'ALYSIA PTE LTD', Country: 'Singapore'
2025-10-01 19:38:09,365 - INFO - Created new company - ID: 24347, Name: 'HONOR BENTLEY LTD', Country: 'Singapore'
2025-10-01 19:40:44,596 - INFO - Created new company - ID: 24348, Name: 'NIAGA MARITIM INDONESIA PT', Country: 'Singapore'
2025-10-01 19:41:28,200 - INFO - Created new company - ID: 24349, Name: 'OCEAN DEVELOPER PTE LTD', Country: 'France'
2025-10-01 19:41:40,983 - INFO - Created new company - ID: 24350, Name: 'OCEAN CLAP SHIPPING LTD', Country: 'Singapore'
2025-10-01 19:41:53,953 - INFO - Created new company - ID: 24351, Name: 'OCEAN DREAM PTE LTD', Country: 'Singapore'
2025-10-01 19:41:58,251 - INFO - Created new company - ID: 24352, Name: 'BOURBON SIROCCO SNC', Country: 'France'
2025-10-01 19:42:15,605 - INFO - Created new company - ID: 24353, Name: 'ANDREADIS SHIPPING SA', Country: 'Japan'
2025-10-01 19:42:29,501 - INFO - Created new company - ID: 24354, Name: 'SUN LANES/EVER BRIGHT/HELMSTAR', Country: 'Japan'
2025-10-01 19:42:38,338 - INFO - Created new company - ID: 24355, Name: 'DORADO SHIPPING & TRADING INC', Country: 'Singapore'
2025-10-01 19:42:51,436 - INFO - Created new company - ID: 24356, Name: 'COMSEA S1 INTERNATIONAL SHIP', Country: 'Singapore'
2025-10-01 19:42:55,809 - INFO - Created new company - ID: 24357, Name: 'COMSEA S3 INTERNATIONAL SHIP', Country: 'Singapore'
2025-10-01 19:43:01,118 - INFO - Created new company - ID: 24358, Name: 'COMSEA S5 INTERNATIONAL SHIP', Country: 'Singapore'
2025-10-01 19:43:05,407 - INFO - Created new company - ID: 24359, Name: 'COMSEA S2 INTERNATIONAL SHIP', Country: 'Singapore'
2025-10-01 19:43:09,680 - INFO - Created new company - ID: 24360, Name: 'HAI SHENG NO 23 TIANJIN BOBFL', Country: 'Switzerland'
2025-10-01 19:43:24,666 - INFO - Created new company - ID: 24361, Name: 'TIANJIN HAITANG-II LEASING LTD', Country: 'Singapore'
2025-10-01 19:43:41,806 - INFO - Created new company - ID: 24362, Name: 'ATLANTIC NO 21 SA', Country: 'Singapore'
2025-10-01 19:43:46,099 - INFO - Created new company - ID: 24363, Name: 'ATLANTIC NO 22 SA', Country: 'South-korea'
2025-10-01 19:43:51,280 - INFO - Created new company - ID: 24364, Name: 'NKS RIGEL PTE LTD', Country: 'Singapore'
2025-10-01 19:43:55,934 - INFO - Created new company - ID: 24365, Name: 'YUKI SHIPPING PTE LTD', Country: 'Singapore'
2025-10-01 19:44:22,260 - INFO - Created new company - ID: 24366, Name: 'DHT APPALOOSA INC', Country: 'Marshall-islands'
2025-10-01 19:44:27,590 - INFO - Created new company - ID: 24367, Name: 'SAMCO EPSILON LTD', Country: 'Singapore'
2025-10-01 19:44:31,836 - INFO - Created new company - ID: 24368, Name: 'SAMCO ETA LTD', Country: 'Singapore'
2025-10-01 19:44:36,155 - INFO - Created new company - ID: 24369, Name: 'EDAY SHIPPING PTE LTD', Country: 'Singapore'
2025-10-01 19:44:44,768 - INFO - Created new company - ID: 24370, Name: 'XIANG T27 SG INTERNATIONAL', Country: 'Singapore'
2025-10-01 19:44:49,039 - INFO - Created new company - ID: 24371, Name: 'HUAJIN LIGUO TIANJIN LEASING', Country: 'Singapore'
2025-10-01 19:44:49,097 - INFO - Created new company - ID: 24372, Name: 'SINGFAR ATLANTIC PTE LTD', Country: 'Singapore'
2025-10-01 19:44:53,364 - INFO - Created new company - ID: 24373, Name: 'RIYAL NAVIGATION INC', Country: 'Singapore'
2025-10-01 19:45:01,954 - INFO - Created new company - ID: 24374, Name: 'BLUE SEA SHIPHOLDING LTD', Country: 'Singapore'
2025-10-01 19:45:06,276 - INFO - Created new company - ID: 24375, Name: 'LIRA NAVIGATION INC', Country: 'Singapore'
2025-10-01 19:45:10,534 - INFO - Created new company - ID: 24376, Name: 'GISELA NAVIGATION CO LTD', Country: 'Singapore'
2025-10-01 19:45:14,848 - INFO - Created new company - ID: 24377, Name: 'ROSEMARY NAVIGATION CO LTD', Country: 'Singapore'
2025-10-01 19:45:19,175 - INFO - Created new company - ID: 24378, Name: 'JINGAN NAVIGATION CO LTD', Country: 'Singapore'
2025-10-01 19:45:24,509 - INFO - Created new company - ID: 24379, Name: 'TUNTIGA NAVIGATION PTE LTD', Country: 'Singapore'
2025-10-01 19:45:28,812 - INFO - Created new company - ID: 24380, Name: 'KELLY ANNE NAVIGATION PTE LTD', Country: 'Singapore'
2025-10-01 19:45:33,102 - INFO - Created new company - ID: 24381, Name: 'NORDIC NAVIGATION PTE LTD', Country: 'Singapore'
2025-10-01 19:45:37,408 - INFO - Created new company - ID: 24382, Name: 'EQUATOR NAVIGATION PTE LTD', Country: 'Singapore'
2025-10-01 19:45:41,660 - INFO - Created new company - ID: 24383, Name: 'HORIZON NAVIGATION PTE LTD', Country: 'Singapore'
2025-10-01 19:45:45,978 - INFO - Created new company - ID: 24384, Name: 'MERIDIAN NAVIGATION PTE LTD', Country: 'Singapore'
2025-10-01 19:45:50,178 - INFO - Created new company - ID: 24385, Name: 'SYNERGY NAVIGATION PTE LTD', Country: 'Singapore'
2025-10-01 19:45:54,501 - INFO - Created new company - ID: 24386, Name: 'COMITY SHIPPING PTE LTD', Country: 'Singapore'
2025-10-01 19:45:58,826 - INFO - Created new company - ID: 24387, Name: 'TRANQUILITY SHIPPING PTE LTD', Country: 'Singapore'
2025-10-01 19:46:03,103 - INFO - Created new company - ID: 24388, Name: 'AMITY SHIPPING PTE LTD', Country: 'Singapore'
2025-10-01 19:46:07,356 - INFO - Created new company - ID: 24389, Name: 'VALOR SHIPPING PTE LTD', Country: 'Singapore'
2025-10-01 19:46:11,641 - INFO - Created new company - ID: 24390, Name: 'KINETIC SHIPPING PTE LTD', Country: 'Singapore'
2025-10-01 19:46:16,023 - INFO - Created new company - ID: 24391, Name: 'GUARDIAN SHIPPING PTE LTD', Country: 'Singapore'
2025-10-01 19:46:20,366 - INFO - Created new company - ID: 24392, Name: 'HAPPY SHIPPING LTD-LIB', Country: 'Singapore'
2025-10-01 19:46:35,879 - INFO - Created new company - ID: 24393, Name: 'XINGTONG EXPLORATION SHIPPING', Country: 'Singapore'
2025-10-01 19:46:40,142 - INFO - Created new company - ID: 24394, Name: 'SC QINGDAO SHIPPING CO LTD', Country: 'Singapore'
2025-10-01 19:46:47,332 - INFO - Created new company - ID: 24395, Name: 'PACIFIC BREEZE LNG TRANSPORT', Country: 'Taiwan'
2025-10-01 19:46:52,032 - INFO - Created new company - ID: 24396, Name: 'FUELNG PTE LTD', Country: 'Singapore'
2025-10-01 19:46:56,412 - INFO - Created new company - ID: 24397, Name: 'IHI3247 SHIPPING SA', Country: 'Japan'
2025-10-01 19:47:00,759 - INFO - Created new company - ID: 24398, Name: 'QATARENERGY MARINE 3 LLC', Country: 'Qatar'
2025-10-01 19:47:05,331 - INFO - Created new company - ID: 24399, Name: 'QATARENERGY MARINE 8 LLC', Country: 'Japan'
2025-10-01 19:47:15,828 - INFO - Created new company - ID: 24400, Name: 'OCEAN1919 SHIPPING NO 1 SA', Country: 'Japan'
2025-10-01 19:47:20,137 - INFO - Created new company - ID: 24401, Name: 'OCEAN1919 SHIPPING NO 2 SA', Country: 'Japan'
2025-10-01 19:47:24,401 - INFO - Created new company - ID: 24402, Name: 'OCEAN1919 SHIPPING NO 3 SA', Country: 'Japan'
2025-10-01 19:47:28,666 - INFO - Created new company - ID: 24403, Name: 'KAW1595 SHIPPING SA', Country: 'Japan'
2025-10-01 19:47:37,134 - INFO - Created new company - ID: 24404, Name: 'GALAXY RIVER SHIPPING SA', Country: 'Japan'
2025-10-01 19:47:41,391 - INFO - Created new company - ID: 24405, Name: 'TRANS PACIFIC SHIPPING 3 SA', Country: 'Japan'
2025-10-01 19:47:45,655 - INFO - Created new company - ID: 24406, Name: 'OCEANIC BREEZE LNG TRANSPORT', Country: 'Japan'
2025-10-01 19:47:49,935 - INFO - Created new company - ID: 24407, Name: 'TRANS PACIFIC SHIPPING 4 SA', Country: 'Japan'
2025-10-01 19:48:08,020 - INFO - Created new company - ID: 24408, Name: 'TEDORIGAWA SHIPPING SA', Country: 'Japan'
2025-10-01 19:48:12,378 - INFO - Created new company - ID: 24409, Name: 'SILK LNG TRANSPORT NO 1', Country: 'Japan'
2025-10-01 19:48:17,417 - INFO - Created new company - ID: 24410, Name: 'SILK LNG TRANSPORT NO 2', Country: 'Japan'
2025-10-01 19:48:21,917 - INFO - Created new company - ID: 24411, Name: 'SILK LNG TRANSPORT NO 3', Country: 'Japan'
2025-10-01 19:48:26,834 - INFO - Created new company - ID: 24412, Name: 'FPG SHIPHOLDING PANAMA 47 SA', Country: 'Japan'
2025-10-01 19:48:26,889 - INFO - Created new company - ID: 24413, Name: 'K LINE ENERGY SHIP MANAGEMENT', Country: 'Japan'
2025-10-01 19:50:32,479 - INFO - Created new company - ID: 24414, Name: 'AL KAMSAR I SHIPPING PTE LTD', Country: 'Singapore'
2025-10-01 19:50:36,887 - INFO - Created new company - ID: 24415, Name: 'AL KAMSAR II SHIPPING PTE LTD', Country: 'None'
2025-10-01 19:50:41,159 - INFO - Created new company - ID: 24416, Name: 'WESER POINT SCHIFFAHRTS', Country: 'None'
2025-10-01 19:50:50,088 - INFO - Created new company - ID: 24417, Name: 'AL ULTRA II SHIPPING PTE LTD', Country: 'None'
2025-10-01 19:50:54,363 - INFO - Created new company - ID: 24418, Name: 'ALS SUMIRE SHIPPING PTE LTD', Country: 'Singapore'
2025-10-01 19:50:58,623 - INFO - Created new company - ID: 24419, Name: 'LOBIVIA SHIPPING PTE LTD', Country: 'Singapore'
2025-10-01 19:51:02,905 - INFO - Created new company - ID: 24420, Name: 'LEPUS CARRIERS CO SA', Country: 'Singapore'
2025-10-01 19:51:20,356 - INFO - Created new company - ID: 24421, Name: 'CARINA CARRIERS CO SA', Country: 'Singapore'
2025-10-01 19:51:24,682 - INFO - Created new company - ID: 24422, Name: 'ALS VESTA SHIPPING PTE LTD', Country: 'Singapore'
2025-10-01 19:51:29,386 - INFO - Created new company - ID: 24423, Name: 'STRONSAY SHIPPING PTE LTD', Country: 'Singapore'
2025-10-01 19:51:33,674 - INFO - Created new company - ID: 24424, Name: 'AL CONTAINER I SHIPPING', Country: 'Singapore'
2025-10-01 19:51:37,887 - INFO - Created new company - ID: 24425, Name: 'AL CONTAINER II SHIPPING', Country: 'Singapore'
2025-10-01 19:51:42,159 - INFO - Created new company - ID: 24426, Name: 'AL CONTAINER V SHIPPING PTE', Country: 'Singapore'
2025-10-01 19:51:46,420 - INFO - Created new company - ID: 24427, Name: 'AL CONTAINER VI SHIPPING PTE', Country: 'Singapore'
2025-10-01 19:52:23,223 - INFO - Created new company - ID: 24428, Name: 'ZIRCON RIVER SHIPPING', Country: 'Singapore'
2025-10-01 19:52:23,279 - INFO - Created new company - ID: 24429, Name: 'ALPHA OMEGA SHIP MANAGEMENT PT', Country: 'Singapore'
2025-10-01 19:52:27,507 - INFO - Created new company - ID: 24430, Name: 'ASIA UNITY PTE LTD', Country: 'Singapore'
2025-10-01 19:52:36,050 - INFO - Created new company - ID: 24431, Name: 'FORTUNE MGAS II SHIPPING LTD', Country: 'Hong-kong'
2025-10-01 19:52:40,040 - INFO - Created new company - ID: 24432, Name: 'SHENLONG SHIPPING CO LTD', Country: 'Hong-kong'
2025-10-01 19:52:57,482 - INFO - Created new company - ID: 24433, Name: 'KMARIN LNG CO LTD', Country: 'South-korea'
2025-10-01 19:53:01,741 - INFO - Created new company - ID: 24434, Name: 'ASIA LIBERTY PTE LTD', Country: 'Singapore'
2025-10-01 19:53:07,532 - INFO - Created new company - ID: 24435, Name: 'ASIA INSPIRE PTE LTD', Country: 'Singapore'
2025-10-01 19:53:11,777 - INFO - Created new company - ID: 24436, Name: 'SPDBFL ONE HUNDRED SEVENTY-9', Country: 'Singapore'
2025-10-01 19:53:16,065 - INFO - Created new company - ID: 24437, Name: 'SPDBFL ONE HUNDRED EIGHTY', Country: 'Singapore'
2025-10-01 19:53:28,803 - INFO - Created new company - ID: 24438, Name: 'L ELEPHANT CORP', Country: 'Liberia'
2025-10-01 19:53:28,861 - INFO - Created new company - ID: 24439, Name: 'TMT CO LTD', Country: 'Taiwan'
2025-10-01 19:53:33,122 - INFO - Created new company - ID: 24440, Name: 'VLOC MARITIME 02 HK LTD', Country: 'Hong-kong'
2025-10-01 19:53:38,679 - INFO - Created new company - ID: 24441, Name: 'SS VESTA SHIPPING CO LTD', Country: 'Singapore'
2025-10-01 19:53:43,252 - INFO - Created new company - ID: 24442, Name: 'INDAH SINGA MARITIME PTE LTD', Country: 'Singapore'
2025-10-01 19:53:47,530 - INFO - Created new company - ID: 24443, Name: 'OCEAN SHIPS INVESTMENT PTE LTD', Country: 'Singapore'
2025-10-01 19:53:52,863 - INFO - Created new company - ID: 24444, Name: 'WAGL ENERGY LTD', Country: 'Hong-kong'
2025-10-01 19:54:05,678 - INFO - Created new company - ID: 24445, Name: 'ASIATIC LLOYD SHIPPING PTE LTD', Country: 'Singapore'
2025-10-01 19:54:09,908 - INFO - Created new company - ID: 24446, Name: 'HANTONG NEUBAU GMBH & CO KG', Country: 'Germany'
2025-10-01 19:54:14,153 - INFO - Created new company - ID: 24447, Name: 'JOHANNISBOLLWERK 1 SCHIFFSGES', Country: 'None'
2025-10-01 19:54:18,870 - INFO - Created new company - ID: 24448, Name: 'ALS KRONOS SCHIFFAHRTSGESELLS', Country: 'Germany'
2025-10-01 19:54:23,486 - INFO - Created new company - ID: 24449, Name: 'CERVIA SCHIFFAHRTSGESELLSCHAFT', Country: 'Germany'
2025-10-01 19:54:27,767 - INFO - Created new company - ID: 24450, Name: 'PIAVIA SCHIFFAHRTSGESELLSCHAFT', Country: 'Germany'
2025-10-01 19:54:32,354 - INFO - Created new company - ID: 24451, Name: 'ALS HERCULES SCHIFFAHRTS', Country: 'Germany'
2025-10-01 19:54:36,945 - INFO - Created new company - ID: 24452, Name: 'ALS JUNO', Country: 'Germany'
2025-10-01 19:56:25,975 - INFO - Created new company - ID: 24453, Name: 'SEA 47 LEASING CO LTD', Country: 'Hong-kong'
2025-10-01 19:56:32,729 - INFO - Created new company - ID: 24454, Name: 'XIANG T29 SG INTERNATIONAL', Country: 'Hong-kong'
2025-10-01 19:56:37,372 - INFO - Created new company - ID: 24455, Name: 'QIHANG ZHONGSHENG 1 LEASING', Country: 'Hong-kong'
2025-10-01 19:56:41,699 - INFO - Created new company - ID: 24456, Name: 'JIANXIN JINBASHIWU LEASING', Country: 'Hong-kong'
2025-10-01 19:56:45,964 - INFO - Created new company - ID: 24457, Name: 'GAS LIBRA LTD', Country: 'Hong-kong'
2025-10-01 19:56:50,274 - INFO - Created new company - ID: 24458, Name: 'CEBFL NO 21 TIANJIN SHIP', Country: 'Hong-kong'
2025-10-01 19:56:56,719 - INFO - Created new company - ID: 24459, Name: 'CEBFL NO 18 TIANJIN SHIP', Country: 'Hong-kong'
2025-10-01 19:57:01,017 - INFO - Created new company - ID: 24460, Name: 'CEBFL NO 19 TIANJIN SHIP', Country: 'Hong-kong'
2025-10-01 19:57:05,358 - INFO - Created new company - ID: 24461, Name: 'GAS VENUS PTE LTD', Country: 'Hong-kong'
2025-10-01 19:57:09,614 - INFO - Created new company - ID: 24462, Name: 'FORTUNE VGAS SHIPPING II PTE', Country: 'Hong-kong'
2025-10-01 19:57:14,175 - INFO - Created new company - ID: 24463, Name: 'FORTUNE VGAS SHIPPING III PTE', Country: 'Hong-kong'
2025-10-01 19:57:18,770 - INFO - Created new company - ID: 24464, Name: 'FORTUNE VGAS SHIPPING IV PTE', Country: 'Hong-kong'
2025-10-01 19:57:23,320 - INFO - Created new company - ID: 24465, Name: 'GAS BLUEBONNET PTE LTD', Country: 'Hong-kong'
2025-10-01 19:57:27,642 - INFO - Created new company - ID: 24466, Name: 'GAS MAGNOLIA PTE LTD', Country: 'Hong-kong'
2025-10-01 19:57:31,956 - INFO - Created new company - ID: 24467, Name: 'SPDBFL NO ONE HUNDRED & NINETY', Country: 'Hong-kong'
2025-10-01 19:57:36,977 - INFO - Created new company - ID: 24468, Name: 'JIANXIN JINYIBAILINGLIU', Country: 'Hong-kong'
2025-10-01 19:57:41,549 - INFO - Created new company - ID: 24469, Name: 'HAI SHENG NO 27 TIANJIN BOBFL', Country: 'Hong-kong'
2025-10-01 19:57:45,795 - INFO - Created new company - ID: 24470, Name: 'HUIZHANG TIANJIN SHIPPING', Country: 'Hong-kong'
2025-10-01 19:57:50,033 - INFO - Created new company - ID: 24471, Name: 'QIHANG ZHONGSHENG 2 LEASING', Country: 'Hong-kong'
2025-10-01 19:57:54,303 - INFO - Created new company - ID: 24472, Name: 'COMPASS SHIPPING 107 PTE LTD', Country: 'Hong-kong'
2025-10-01 19:57:58,898 - INFO - Created new company - ID: 24473, Name: 'FORTUNE VGAS SHIPPING I PTE', Country: 'Singapore'
2025-10-01 19:58:03,179 - INFO - Created new company - ID: 24474, Name: 'SEA 48 LEASING CO LTD', Country: 'Singapore'
2025-10-01 19:58:07,427 - INFO - Created new company - ID: 24475, Name: 'HUAJIN LIXIN TIANJIN LEASING', Country: 'Greece'
2025-10-01 19:58:12,326 - INFO - Created new company - ID: 24476, Name: 'PACIFIC MERCURY LLC', Country: 'United-kingdom'
2025-10-01 19:58:16,577 - INFO - Created new company - ID: 24477, Name: 'PACIFIC MARS LLC', Country: 'United-kingdom'
2025-10-01 19:58:20,902 - INFO - Created new company - ID: 24478, Name: 'PACIFIC SATURN LLC', Country: 'United-kingdom'
2025-10-01 19:58:25,726 - INFO - Created new company - ID: 24479, Name: 'SPDBFL ONE HUNDRED NINETY NINE', Country: 'Hong-kong'
2025-10-01 19:58:29,941 - INFO - Created new company - ID: 24480, Name: 'SPDBFL TWO HUNDRED TWENTY-TWO', Country: 'Hong-kong'
2025-10-01 19:58:34,183 - INFO - Created new company - ID: 24481, Name: 'SPDBFL TWO HUNDRED TWENTY ONE', Country: 'Hong-kong'
2025-10-01 19:58:38,413 - INFO - Created new company - ID: 24482, Name: 'PACIFIC VIRGO LTD', Country: 'Hong-kong'
2025-10-01 19:58:42,682 - INFO - Created new company - ID: 24483, Name: 'SEA 9 LEASING CO LTD', Country: 'Hong-kong'
2025-10-01 19:58:46,929 - INFO - Created new company - ID: 24484, Name: 'PACIFIC GEMINI LTD', Country: 'Hong-kong'
2025-10-01 19:58:51,281 - INFO - Created new company - ID: 24485, Name: 'COMPASS SHIPPING 8 CORP LTD', Country: 'Hong-kong'
2025-10-01 19:58:55,561 - INFO - Created new company - ID: 24486, Name: 'XIANG CH7 HK INTERNATIONAL', Country: 'Hong-kong'
2025-10-01 19:58:59,800 - INFO - Created new company - ID: 24487, Name: 'XIANG H28 INTERNATIONAL SHIP', Country: 'Hong-kong'
2025-10-01 19:59:04,079 - INFO - Created new company - ID: 24488, Name: 'CIMC JASMINE LTD', Country: 'None'
2025-10-01 19:59:08,318 - INFO - Created new company - ID: 24489, Name: 'SPDBFL NINETY-EIGHT SHANGHAI', Country: 'Singapore'
2025-10-01 19:59:08,376 - INFO - Created new company - ID: 24490, Name: 'PACIFIC GAS PTE LTD', Country: 'Singapore'
2025-10-01 19:59:13,291 - INFO - Created new company - ID: 24491, Name: 'PACIFIC JUPITER LLC', Country: 'Liberia'
2025-10-01 19:59:17,837 - INFO - Created new company - ID: 24492, Name: 'PACIFIC VENUS LLC', Country: 'Liberia'
2025-10-01 19:59:23,940 - INFO - Created new company - ID: 24493, Name: 'ADVANCER SHIPPING PTE LTD', Country: 'Singapore'
2025-10-01 19:59:29,171 - INFO - Created new company - ID: 24494, Name: 'SUMMER SINGING SHIPPING', Country: 'Singapore'
2025-10-01 19:59:33,768 - INFO - Created new company - ID: 24495, Name: 'HAIJIN NO 34 TIANJIN LEASING', Country: 'Singapore'
2025-10-01 19:59:38,678 - INFO - Created new company - ID: 24496, Name: 'QIHANG ZHONGWAN LEASING', Country: 'Singapore'
2025-10-01 19:59:43,450 - INFO - Created new company - ID: 24497, Name: 'JIANXIN JINYIBAISANSHILIU', Country: 'Singapore'
2025-10-01 19:59:48,318 - INFO - Created new company - ID: 24498, Name: 'WINTER SUN SHIPPING PTE LTD', Country: 'Singapore'
2025-10-01 20:01:03,924 - INFO - Created new company - ID: 24499, Name: 'GINZA TANKERS PTE LTD', Country: 'Singapore'
2025-10-01 20:01:08,163 - INFO - Created new company - ID: 24500, Name: 'AZURE TANKERS PTE LTD', Country: 'None'
2025-10-01 20:01:12,434 - INFO - Created new company - ID: 24501, Name: 'BLUE TANKERS PTE LTD', Country: 'None'
2025-10-01 20:01:17,763 - INFO - Created new company - ID: 24502, Name: 'ISTA TANKERS PTE LTD', Country: 'Singapore'
2025-10-01 20:01:22,099 - INFO - Created new company - ID: 24503, Name: 'XENA TANKERS PTE LTD', Country: 'Singapore'
2025-10-01 20:01:26,362 - INFO - Created new company - ID: 24504, Name: 'GAIA TANKERS PTE LTD', Country: 'Singapore'
2025-10-01 20:01:33,012 - INFO - Created new company - ID: 24505, Name: 'EXPAND TANKERS PTE LTD', Country: 'Singapore'
2025-10-01 20:01:37,248 - INFO - Created new company - ID: 24506, Name: 'SYNERGY TANKERS PTE LTD', Country: 'Singapore'
2025-10-01 20:01:41,531 - INFO - Created new company - ID: 24507, Name: 'PAMELA TANKERS PTE LTD', Country: 'Singapore'
2025-10-01 20:01:45,869 - INFO - Created new company - ID: 24508, Name: 'BELLA TANKERS PTE LTD', Country: 'Singapore'
2025-10-01 20:01:50,115 - INFO - Created new company - ID: 24509, Name: 'ANGEL TANKERS PTE LTD', Country: 'Singapore'
2025-10-01 20:01:54,740 - INFO - Created new company - ID: 24510, Name: 'ORACLE TANKERS PTE LTD', Country: 'Singapore'
2025-10-01 20:01:59,123 - INFO - Created new company - ID: 24511, Name: 'ZAMBEZI TANKERS PTE LTD', Country: 'Singapore'
2025-10-01 20:02:03,405 - INFO - Created new company - ID: 24512, Name: 'UNIQUE TANKERS PTE LTD', Country: 'Singapore'
2025-10-01 20:02:07,675 - INFO - Created new company - ID: 24513, Name: 'ROSE TANKERS PTE LTD', Country: 'Singapore'
2025-10-01 20:02:11,969 - INFO - Created new company - ID: 24514, Name: 'SELENA TANKERS PTE LTD', Country: 'Singapore'
2025-10-01 20:02:16,615 - INFO - Created new company - ID: 24515, Name: 'TINA TANKERS PTE LTD', Country: 'Singapore'
2025-10-01 20:02:20,896 - INFO - Created new company - ID: 24516, Name: 'VICKY TANKERS PTE LTD', Country: 'Singapore'
2025-10-01 20:02:25,163 - INFO - Created new company - ID: 24517, Name: 'YANGTZE TANKERS PTE LTD', Country: 'Singapore'
2025-10-01 20:02:29,437 - INFO - Created new company - ID: 24518, Name: 'CHARGE TANKERS PTE LTD', Country: 'Singapore'
2025-10-01 20:02:33,748 - INFO - Created new company - ID: 24519, Name: 'DYNAMO TANKERS PTE LTD', Country: 'Singapore'
2025-10-01 20:02:38,026 - INFO - Created new company - ID: 24520, Name: 'FUTURE TANKERS PTE LTD', Country: 'Singapore'
2025-10-01 20:03:21,325 - INFO - Created new company - ID: 24521, Name: 'SP CLOVER SHIPPING CO LTD', Country: 'Singapore'
2025-10-01 20:03:57,141 - INFO - Created new company - ID: 24522, Name: 'POLARIS LINE CO INC', Country: 'Singapore'
2025-10-01 20:04:01,380 - INFO - Created new company - ID: 24523, Name: 'FUTONG EXPRESS PTE LTD', Country: 'Singapore'
2025-10-01 20:04:05,649 - INFO - Created new company - ID: 24524, Name: 'CONDOR EXPRESS PTE LTD', Country: 'Singapore'
2025-10-01 20:04:09,963 - INFO - Created new company - ID: 24525, Name: 'RIZHAO EXPRESS PTE LTD', Country: 'Singapore'
2025-10-01 20:04:14,608 - INFO - Created new company - ID: 24526, Name: 'FALCON EXPRESS PTE LTD', Country: 'Singapore'
2025-10-01 20:04:18,923 - INFO - Created new company - ID: 24527, Name: 'EAGLE EXPRESS PTE LTD', Country: 'Singapore'
2025-10-01 20:04:23,237 - INFO - Created new company - ID: 24528, Name: 'SHANDONG EXPRESS SA', Country: 'Singapore'
2025-10-01 20:04:27,553 - INFO - Created new company - ID: 24529, Name: 'PINE EXPRESS PTE LTD', Country: 'Singapore'
2025-10-01 20:04:31,832 - INFO - Created new company - ID: 24530, Name: 'XIANG CH6 SG INTERNATIONAL', Country: 'Singapore'
2025-10-01 20:04:36,079 - INFO - Created new company - ID: 24531, Name: 'XINHUI EXPRESS PTE LTD', Country: 'Singapore'
2025-10-01 20:04:40,400 - INFO - Created new company - ID: 24532, Name: 'XIANG T13 SG INTERNATIONAL', Country: 'Singapore'
2025-10-01 20:04:44,688 - INFO - Created new company - ID: 24533, Name: 'XIANG CH4 SG INTERNATIONAL', Country: 'Singapore'
2025-10-01 20:04:48,976 - INFO - Created new company - ID: 24534, Name: 'BATAVIA EXPRESS PTE LTD', Country: 'Singapore'
2025-10-01 20:04:53,118 - INFO - Created new company - ID: 24535, Name: 'XIANG T33 SG INTERNATIONAL', Country: 'Singapore'
2025-10-01 20:04:57,404 - INFO - Created new company - ID: 24536, Name: 'SURABAYA EXPRESS PTE LTD', Country: 'Singapore'
2025-10-01 20:05:01,976 - INFO - Created new company - ID: 24537, Name: 'MEDAN EXPRESS PTE LTD', Country: 'Singapore'
2025-10-01 20:05:07,342 - INFO - Created new company - ID: 24538, Name: 'KALIMANTAN EXPRESS PTE LTD', Country: 'Singapore'
2025-10-01 20:05:11,614 - INFO - Created new company - ID: 24539, Name: 'XIANG T30 SG INTERNATIONAL', Country: 'Singapore'
2025-10-01 20:05:15,873 - INFO - Created new company - ID: 24540, Name: 'INDONESIA EXPRESS PTE LTD', Country: 'Singapore'
2025-10-01 20:05:20,371 - INFO - Created new company - ID: 24541, Name: 'CHINA EXPRESS PTE LTD', Country: 'Singapore'
2025-10-01 20:05:25,073 - INFO - Created new company - ID: 24542, Name: 'BRAZIL EXPRESS PTE LTD', Country: 'Singapore'
2025-10-01 20:05:29,399 - INFO - Created new company - ID: 24543, Name: 'CANADA EXPRESS PTE LTD', Country: 'Singapore'
2025-10-01 20:05:33,689 - INFO - Created new company - ID: 24544, Name: 'MONTENER INC', Country: 'Marshall-islands'
2025-10-01 20:05:37,979 - INFO - Created new company - ID: 24545, Name: 'HOPE 1 SHIPPING INC', Country: 'Hong-kong'
2025-10-01 20:05:42,283 - INFO - Created new company - ID: 24546, Name: 'OCEAN SEARUM ONE LTD', Country: 'Hong-kong'
2025-10-01 20:05:47,173 - INFO - Created new company - ID: 24547, Name: 'GHIIBLI INC', Country: 'Taiwan'
2025-10-01 20:05:51,469 - INFO - Created new company - ID: 24548, Name: 'BERTIEE SHIPPING ALPHA INC', Country: 'Singapore'
2025-10-01 20:05:55,778 - INFO - Created new company - ID: 24549, Name: 'TEEX SHIPPING INC', Country: 'Singapore'
2025-10-01 20:06:00,513 - INFO - Created new company - ID: 24550, Name: 'MOANA SHIPPING INC', Country: 'Singapore'
2025-10-01 20:06:06,033 - INFO - Created new company - ID: 24551, Name: 'PUMBAA SHIPPING INC', Country: 'Singapore'
2025-10-01 20:06:10,364 - INFO - Created new company - ID: 24552, Name: 'ALE SHIPPING INC', Country: 'Singapore'
2025-10-01 20:06:14,981 - INFO - Created new company - ID: 24553, Name: 'HAOJIANG INTERNATIONAL SHIP', Country: 'Singapore'
2025-10-01 20:06:19,395 - INFO - Created new company - ID: 24554, Name: 'XIANG H71 INTERNATIONAL SHIP', Country: 'Singapore'
2025-10-01 20:06:24,061 - INFO - Created new company - ID: 24555, Name: 'XINTAI INTERNATIONAL SHIP', Country: 'Singapore'
2025-10-01 20:06:28,348 - INFO - Created new company - ID: 24556, Name: 'ZAGOR SHIPPING INC-MAI', Country: 'Singapore'
2025-10-01 20:06:32,650 - INFO - Created new company - ID: 24557, Name: 'LIDIA SEAWAY INC', Country: 'United-arab-emirates'
2025-10-01 20:06:37,350 - INFO - Created new company - ID: 24558, Name: 'ZHE YIN SHAN ZHOU NO 1 TIANJIN', Country: 'Singapore'
2025-10-01 20:06:41,732 - INFO - Created new company - ID: 24559, Name: 'ZHE YIN SHAN ZHOU NO 2 TIANJIN', Country: 'Singapore'
2025-10-01 20:06:46,100 - INFO - Created new company - ID: 24560, Name: 'XIANG T98 HK INTERNATIONAL', Country: 'Hong-kong'
2025-10-01 20:06:50,368 - INFO - Created new company - ID: 24561, Name: 'STAR SEAWAY SA', Country: 'Singapore'
2025-10-01 20:06:54,646 - INFO - Created new company - ID: 24562, Name: 'RUBY RIVER SHIPPING LTD', Country: 'Singapore'
2025-10-01 20:06:58,953 - INFO - Created new company - ID: 24563, Name: 'GEA-KILO PTE LTD', Country: 'Singapore'
2025-10-01 20:07:03,242 - INFO - Created new company - ID: 24564, Name: 'GEA-FOXTROT PTE LTD', Country: 'Singapore'
2025-10-01 20:07:07,573 - INFO - Created new company - ID: 24565, Name: 'GEA-ALPHA PTE LTD', Country: 'Singapore'
2025-10-01 20:07:11,922 - INFO - Created new company - ID: 24566, Name: 'GEA-OSCAR PTE LTD', Country: 'Singapore'
2025-10-01 20:07:16,210 - INFO - Created new company - ID: 24567, Name: 'GEA-ROMEO PTE LTD', Country: 'Singapore'
2025-10-01 20:07:20,495 - INFO - Created new company - ID: 24568, Name: 'GEA-SIERRA PTE LTD', Country: 'Singapore'
2025-10-01 20:07:24,871 - INFO - Created new company - ID: 24569, Name: 'GEA-PAPA PTE LTD', Country: 'Singapore'
2025-10-01 20:07:29,130 - INFO - Created new company - ID: 24570, Name: 'GXO INTERNATIONAL PTE LTD', Country: 'Singapore'
2025-10-01 20:07:33,400 - INFO - Created new company - ID: 24571, Name: 'GEA-QUEBEC PTE LTD', Country: 'Singapore'
2025-10-01 20:07:37,662 - INFO - Created new company - ID: 24572, Name: 'GEA-LIMA PTE LTD', Country: 'Singapore'
2025-10-01 20:07:41,921 - INFO - Created new company - ID: 24573, Name: 'GEA-NOVEMBER PTE LTD', Country: 'Singapore'
2025-10-01 20:07:47,279 - INFO - Created new company - ID: 24574, Name: 'GEA-TANGO PTE LTD', Country: 'Singapore'
2025-10-01 20:07:51,527 - INFO - Created new company - ID: 24575, Name: 'GEA-UNIFORM PTE LTD', Country: 'Singapore'
2025-10-01 20:07:55,784 - INFO - Created new company - ID: 24576, Name: 'GEA-GOLF PTE LTD', Country: 'Singapore'
2025-10-01 20:08:00,435 - INFO - Created new company - ID: 24577, Name: 'GEA-VICTOR PTE LTD', Country: 'Singapore'
2025-10-01 20:08:05,107 - INFO - Created new company - ID: 24578, Name: 'GEA-CHARLIE PTE LTD', Country: 'Singapore'
2025-10-01 20:08:09,366 - INFO - Created new company - ID: 24579, Name: 'GEA-HOTEL PTE LTD', Country: 'Singapore'
2025-10-01 20:08:13,629 - INFO - Created new company - ID: 24580, Name: 'GEA-DELTA PTE LTD', Country: 'Singapore'
2025-10-01 20:08:22,159 - INFO - Created new company - ID: 24581, Name: 'GEA-JULIET PTE LTD', Country: 'Singapore'
2025-10-01 20:08:26,873 - INFO - Created new company - ID: 24582, Name: 'GEA-MIKE PTE LTD', Country: 'Singapore'
2025-10-01 20:10:38,143 - INFO - Created new company - ID: 24583, Name: 'FLM SINGAPORE NO 1 PTE LTD', Country: 'Denmark'
2025-10-01 20:11:07,999 - INFO - Created new company - ID: 24584, Name: 'ORIENT MARINE CO LTD - SNG', Country: 'Singapore'
2025-10-01 20:11:24,938 - INFO - Created new company - ID: 24585, Name: 'SINGFAR MARINA PTE LTD', Country: 'Singapore'
2025-10-01 20:11:47,984 - INFO - Created new company - ID: 24586, Name: 'SINGFAR RESOURCES PTE LTD', Country: 'Singapore'
2025-10-01 20:11:56,504 - INFO - Created new company - ID: 24587, Name: 'SINGFAR TANKER PTE LTD', Country: 'Singapore'
2025-10-01 20:12:09,259 - INFO - Created new company - ID: 24588, Name: 'SINGFAR SHIPPING & TRADING', Country: 'Singapore'
2025-10-01 20:12:13,838 - INFO - Created new company - ID: 24589, Name: 'SPDBFL TWO HUNDRED TWENTYSEVEN', Country: 'Singapore'
2025-10-01 20:12:18,091 - INFO - Created new company - ID: 24590, Name: 'SPDBFL TWO HUNDRED TWENTYEIGHT', Country: 'Singapore'
2025-10-01 20:14:25,878 - INFO - Created new company - ID: 24591, Name: 'GREGA INC', Country: 'Singapore'
2025-10-01 20:14:38,743 - INFO - Created new company - ID: 24592, Name: 'SEABRIGHT SHIPPING INC-PAN', Country: 'Singapore'
2025-10-01 20:14:42,996 - INFO - Created new company - ID: 24593, Name: 'MIHARA SHIPPING CO SA', Country: 'Singapore'
2025-10-01 20:15:08,885 - INFO - Created new company - ID: 24594, Name: 'SPRING CO LTD', Country: 'None'
2025-10-01 20:15:38,875 - INFO - Created new company - ID: 24595, Name: 'BLUE DOLPHIN NAVIGATION CO LTD', Country: 'China'
2025-10-01 20:15:43,269 - INFO - Created new company - ID: 24596, Name: 'CARGILL OCEAN TRANSPORTATION', Country: 'Singapore'
2025-10-01 20:15:55,936 - INFO - Created new company - ID: 24597, Name: 'LOUIS DREYFUS CO FREIGHT ASIA', Country: 'Singapore'
2025-10-01 20:16:08,693 - INFO - Created new company - ID: 24598, Name: 'PHOSPHATE RESOURCES SINGAPORE', Country: 'Singapore'
2025-10-01 20:18:57,029 - INFO - Created new company - ID: 24599, Name: 'IBFL NO THIRTY SIX TIANJIN', Country: 'Singapore'
2025-10-01 20:19:01,306 - INFO - Created new company - ID: 24600, Name: 'PROTEUS SHIPPING INC', Country: 'Bermuda'
2025-10-01 20:19:05,645 - INFO - Created new company - ID: 24601, Name: 'ULTRA FAST CORPORATION LTD', Country: 'Bermuda'
2025-10-01 20:19:09,926 - INFO - Created new company - ID: 24602, Name: 'GOLDEN KSL SALVADOR LTD', Country: 'Bermuda'
2025-10-01 20:19:14,237 - INFO - Created new company - ID: 24603, Name: 'GOLDEN AMREEN LTD', Country: 'Bermuda'
2025-10-01 20:19:18,535 - INFO - Created new company - ID: 24604, Name: 'GOLDEN HOUSTON LTD', Country: 'Bermuda'
2025-10-01 20:19:22,797 - INFO - Created new company - ID: 24605, Name: 'GOLDEN KSL SINGAPORE LTD', Country: 'Bermuda'
2025-10-01 20:19:27,088 - INFO - Created new company - ID: 24606, Name: 'GOLDEN KSL SAN FRANCISCO LTD', Country: 'Bermuda'
2025-10-01 20:19:31,369 - INFO - Created new company - ID: 24607, Name: 'GOLDEN KSL SAKURA LTD', Country: 'Bermuda'
2025-10-01 20:19:35,678 - INFO - Created new company - ID: 24608, Name: 'GOLDEN BARNET LTD', Country: 'Bermuda'
2025-10-01 20:19:39,981 - INFO - Created new company - ID: 24609, Name: 'GOLDEN BEXLEY LTD', Country: 'Bermuda'
2025-10-01 20:19:44,194 - INFO - Created new company - ID: 24610, Name: 'GOLDEN SURABAYA LTD', Country: 'Bermuda'
2025-10-01 20:19:48,505 - INFO - Created new company - ID: 24611, Name: 'GOLDEN KSL SEVILLE LTD', Country: 'Bermuda'
2025-10-01 20:19:52,755 - INFO - Created new company - ID: 24612, Name: 'GOLDEN STAR LTD', Country: 'Bermuda'
2025-10-01 20:19:57,043 - INFO - Created new company - ID: 24613, Name: 'GOLDEN SOUL LTD', Country: 'Bermuda'
2025-10-01 20:20:01,299 - INFO - Created new company - ID: 24614, Name: 'GOLDEN LION LTD', Country: 'Bermuda'
2025-10-01 20:20:05,816 - INFO - Created new company - ID: 24615, Name: 'VENUS SHIPOWNING INC', Country: 'Singapore'
2025-10-01 20:20:14,356 - INFO - Created new company - ID: 24616, Name: 'QINGDAO YUANTONG INTL SHIP', Country: 'China'
2025-10-01 20:21:38,365 - INFO - Created new company - ID: 24617, Name: '30 AGUSTOS SHIPPING LTD', Country: 'Marshall-islands'
2025-10-01 20:21:42,684 - INFO - Created new company - ID: 24618, Name: 'AKDENIZ SHIPPING LTD-MAI', Country: 'Marshall-islands'
2025-10-01 20:21:47,131 - INFO - Created new company - ID: 24619, Name: 'ANTIOCH SHIPPING LTD', Country: 'Marshall-islands'
2025-10-01 20:21:51,447 - INFO - Created new company - ID: 24620, Name: 'BODRUM SHIPPING LTD', Country: 'Marshall-islands'
2025-10-01 20:21:55,757 - INFO - Created new company - ID: 24621, Name: 'BOSPHORUS SHIPPING LTD', Country: 'Marshall-islands'
2025-10-01 20:22:00,039 - INFO - Created new company - ID: 24622, Name: 'GOKOVA SHIPPING LTD', Country: 'Türkiye'
2025-10-01 20:22:04,332 - INFO - Created new company - ID: 24623, Name: 'HISARONU SHIPPING LTD', Country: 'Marshall-islands'
2025-10-01 20:22:08,638 - INFO - Created new company - ID: 24624, Name: 'RED FUNNEL SHIPPING LTD-MAI', Country: 'Marshall-islands'
2025-10-01 20:22:12,916 - INFO - Created new company - ID: 24625, Name: 'HEXAGON MARINE LOGISTICS', Country: 'United-arab-emirates'
2025-10-01 20:22:12,977 - INFO - Created new company - ID: 24626, Name: '7SEAS MARITIME TRANSPORTATION', Country: 'United-arab-emirates'
2025-10-01 20:22:17,369 - INFO - Created new company - ID: 24627, Name: 'ABO SHOTEN/ANSEI SHIPHOLDING', Country: 'Japan'
2025-10-01 20:22:22,198 - INFO - Created new company - ID: 24628, Name: 'GOLDEN STENA BAYCREST TANKERS', Country: 'Singapore'
2025-10-01 20:22:26,495 - INFO - Created new company - ID: 24629, Name: 'HAWKS MAJESTY INC', Country: 'Vietnam'
2025-10-01 20:22:30,790 - INFO - Created new company - ID: 24630, Name: 'LONGWOOD SHIPPING LLC', Country: 'United-arab-emirates'
2025-10-01 20:22:35,209 - INFO - Created new company - ID: 24631, Name: 'OCEANIC DREAM LTD', Country: 'Singapore'
2025-10-01 20:22:39,557 - INFO - Created new company - ID: 24632, Name: 'MT HARMONY PTE LTD', Country: 'Singapore'
2025-10-01 20:22:43,775 - INFO - Created new company - ID: 24633, Name: 'GLOBAL SKIPSHOLDING NORDEN 2', Country: 'Singapore'
2025-10-01 20:22:43,836 - INFO - Created new company - ID: 24634, Name: 'NORSTAR SHIPPING ASIA PTE LTD', Country: 'Singapore'
2025-10-01 20:22:48,187 - INFO - Created new company - ID: 24635, Name: 'HUITAI TIANJIN SHIPPING', Country: 'Singapore'
2025-10-01 20:22:53,494 - INFO - Created new company - ID: 24636, Name: 'CEBFL NO 39 TIANJIN SHIP', Country: 'Singapore'
2025-10-01 20:23:02,002 - INFO - Created new company - ID: 24637, Name: 'ROSE TRANSPORTE SA', Country: 'Netherlands'
2025-10-01 20:23:06,678 - INFO - Created new company - ID: 24638, Name: 'DAPHNE TRANSPORTE SA', Country: 'Netherlands'
2025-10-01 20:23:10,971 - INFO - Created new company - ID: 24639, Name: 'WJ SHIPPING CO LTD', Country: 'Panama'
2025-10-01 20:23:19,834 - INFO - Created new company - ID: 24640, Name: 'YAOKI SHIPPING & MH PROGRESS', Country: 'Denmark'
2025-10-01 20:23:24,095 - INFO - Created new company - ID: 24641, Name: 'EASTERLY AS OLIVIA LLC', Country: 'Singapore'
2025-10-01 20:23:28,440 - INFO - Created new company - ID: 24642, Name: 'EASTERLY AS OMARIA LLC', Country: 'Singapore'
2025-10-01 20:23:32,711 - INFO - Created new company - ID: 24643, Name: 'OREGON EASTERLY JUPITER LLC', Country: 'Marshall-islands'
2025-10-01 20:23:36,972 - INFO - Created new company - ID: 24644, Name: 'OREGON EASTERLY CANYON LLC', Country: 'Singapore'
2025-10-01 20:23:41,205 - INFO - Created new company - ID: 24645, Name: 'JINNIU STAR SHIP PTE LTD', Country: 'Singapore'
2025-10-01 20:23:46,752 - INFO - Created new company - ID: 24646, Name: 'LIBRA VESSEL PTE LTD', Country: 'Singapore'
2025-10-01 20:23:51,032 - INFO - Created new company - ID: 24647, Name: 'PICTOR MARINE LTD', Country: 'Singapore'
2025-10-01 20:23:55,362 - INFO - Created new company - ID: 24648, Name: 'AURIGA OCEAN VESSEL PTE LTD', Country: 'Singapore'
2025-10-01 20:23:59,687 - INFO - Created new company - ID: 24649, Name: 'JINYANG STAR SHIP LTD', Country: 'Singapore'
2025-10-01 20:24:03,992 - INFO - Created new company - ID: 24650, Name: 'WENHUA STAR SHIP LTD', Country: 'Singapore'
2025-10-01 20:24:08,587 - INFO - Created new company - ID: 24651, Name: 'WU YING STAR SHIP LTD', Country: 'Japan'
2025-10-01 20:24:12,834 - INFO - Created new company - ID: 24652, Name: 'BEIJI STAR SHIP LTD', Country: 'Singapore'
2025-10-01 20:24:17,231 - INFO - Created new company - ID: 24653, Name: 'ZHINV STAR SHIP LTD', Country: 'Singapore'
2025-10-01 20:24:21,560 - INFO - Created new company - ID: 24654, Name: 'SCUTUM OCEAN LTD', Country: 'Singapore'
2025-10-01 20:24:25,875 - INFO - Created new company - ID: 24655, Name: 'CHANGSHOU STAR SHIP LTD', Country: 'Japan'
2025-10-01 20:24:30,152 - INFO - Created new company - ID: 24656, Name: 'BEIDOU STAR SHIP PTE LTD', Country: 'Singapore'
2025-10-01 20:24:34,404 - INFO - Created new company - ID: 24657, Name: 'CHANG GENG STAR SHIP LTD', Country: 'Singapore'
2025-10-01 20:24:38,679 - INFO - Created new company - ID: 24658, Name: 'CETUS VESSEL PTE LTD', Country: 'Japan'
2025-10-01 20:24:42,943 - INFO - Created new company - ID: 24659, Name: 'YUHENG STAR SHIP LTD', Country: 'Singapore'
2025-10-01 20:24:47,760 - INFO - Created new company - ID: 24660, Name: 'KAIYANG STAR SHIP LTD', Country: 'Singapore'
2025-10-01 20:24:53,823 - INFO - Created new company - ID: 24661, Name: 'QIANNIU STAR SHIP LTD', Country: 'Singapore'
2025-10-01 20:24:58,138 - INFO - Created new company - ID: 24662, Name: 'CARINA PACIFIC LTD', Country: 'Hong-kong'
2025-10-01 20:25:02,608 - INFO - Created new company - ID: 24663, Name: 'XUANYUAN STAR SHIP LTD', Country: 'Singapore'
2025-10-01 20:25:06,941 - INFO - Created new company - ID: 24664, Name: 'GOLDEN BRILLIANT BERMUDA LTD', Country: 'Bermuda'
2025-10-01 20:25:11,218 - INFO - Created new company - ID: 24665, Name: 'GOLDEN ARION LTD', Country: 'Bermuda'
2025-10-01 20:25:15,485 - INFO - Created new company - ID: 24666, Name: 'GOLDEN PEARL LTD', Country: 'Bermuda'
2025-10-01 20:25:19,753 - INFO - Created new company - ID: 24667, Name: 'GOLDEN OPAL LTD', Country: 'Bermuda'
2025-10-01 20:25:24,046 - INFO - Created new company - ID: 24668, Name: 'GOLDEN ROSE LTD', Country: 'Bermuda'
2025-10-01 20:25:29,300 - INFO - Created new company - ID: 24669, Name: 'GOLDEN DAISY LTD', Country: 'Bermuda'
2025-10-01 20:25:33,571 - INFO - Created new company - ID: 24670, Name: 'GOLDEN GINGER LTD', Country: 'Bermuda'
2025-10-01 20:25:38,868 - INFO - Created new company - ID: 24671, Name: 'GOLDEN SUE LTD', Country: 'Bermuda'
2025-10-01 20:25:43,127 - INFO - Created new company - ID: 24672, Name: 'GOLDEN DEB LTD', Country: 'Bermuda'
2025-10-01 20:25:47,505 - INFO - Created new company - ID: 24673, Name: 'GOLDEN BEHIKE LTD', Country: 'Bermuda'
2025-10-01 20:25:51,783 - INFO - Created new company - ID: 24674, Name: 'GOLDEN KENNEDY LTD', Country: 'Bermuda'
2025-10-01 20:25:56,071 - INFO - Created new company - ID: 24675, Name: 'GOLDEN ARCUS LTD', Country: 'Bermuda'
2025-10-01 20:26:00,377 - INFO - Created new company - ID: 24676, Name: 'SEA 93 LEASING CO LTD', Country: 'Bermuda'
2025-10-01 20:26:04,617 - INFO - Created new company - ID: 24677, Name: 'SFL CHINA INC', Country: 'Norway'
2025-10-01 20:26:08,875 - INFO - Created new company - ID: 24678, Name: 'LYRA SHIPPING SINGAPORE', Country: 'Cyprus'
2025-10-01 20:26:13,107 - INFO - Created new company - ID: 24679, Name: 'GOLDEN AMBER LTD', Country: 'Cyprus'
2025-10-01 20:26:17,487 - INFO - Created new company - ID: 24680, Name: 'EM TANKER ALFA PTE LTD', Country: 'Singapore'
2025-10-01 20:26:22,425 - INFO - Created new company - ID: 24681, Name: 'EM TANKER BETA PTE LTD', Country: 'Singapore'
2025-10-01 20:26:26,700 - INFO - Created new company - ID: 24682, Name: 'GRANDEUR PIONEER S PTE LTD', Country: 'Singapore'
2025-10-01 20:26:30,989 - INFO - Created new company - ID: 24683, Name: 'GREAT HARMONY PTE LTD', Country: 'Singapore'
2025-10-01 20:26:35,311 - INFO - Created new company - ID: 24684, Name: 'KINDRED SYNERGY PTE LTD', Country: 'Singapore'
2025-10-01 20:26:39,593 - INFO - Created new company - ID: 24685, Name: 'SEA UNITY S PTE LTD', Country: 'Singapore'
2025-10-01 20:26:44,508 - INFO - Created new company - ID: 24686, Name: 'SEA ENDURANCE PTE LTD', Country: 'Singapore'
2025-10-01 20:26:57,252 - INFO - Created new company - ID: 24687, Name: 'SEA LOYALTY S PTE LTD', Country: 'Singapore'
2025-10-01 20:27:05,742 - INFO - Created new company - ID: 24688, Name: 'SEA ABUNDANCE S PTE LTD', Country: 'Singapore'
2025-10-01 20:27:10,030 - INFO - Created new company - ID: 24689, Name: 'SEA LONGEVITY S PTE LTD', Country: 'Singapore'
2025-10-01 20:27:18,503 - INFO - Created new company - ID: 24690, Name: 'EN PROSPERITY PTE LTD', Country: 'Singapore'
2025-10-01 20:27:22,862 - INFO - Created new company - ID: 24691, Name: 'SEA HARVEST S PTE LTD', Country: 'Singapore'
2025-10-01 20:28:43,641 - INFO - Created new company - ID: 24692, Name: 'MINSHENG QIRUN TIANJIN SHPG', Country: 'Singapore'
2025-10-01 20:29:00,726 - INFO - Created new company - ID: 24693, Name: 'HORIZON MARITIME VENTURES LTD', Country: 'Greece'
2025-10-01 20:29:05,024 - INFO - Created new company - ID: 24694, Name: 'MAUVE SHIPPING CO', Country: 'Greece'
2025-10-01 20:29:09,301 - INFO - Created new company - ID: 24695, Name: 'KALLISTI MARITIME LTD', Country: 'Italy'
2025-10-01 20:29:13,875 - INFO - Created new company - ID: 24696, Name: 'LAPIS LAZULI MARITIME LTD', Country: 'Italy'
2025-10-01 20:29:18,181 - INFO - Created new company - ID: 24697, Name: 'JULIETTE MARINE LTD', Country: 'Greece'
2025-10-01 20:29:22,503 - INFO - Created new company - ID: 24698, Name: 'FAROS SHIPMANAGEMENT CORP', Country: 'Greece'
2025-10-01 20:29:26,884 - INFO - Created new company - ID: 24699, Name: 'GOLF MARITIME LTD', Country: 'Greece'
2025-10-01 20:29:31,143 - INFO - Created new company - ID: 24700, Name: 'FOXTROT MARITIME VENTURES LTD', Country: 'Greece'
2025-10-01 20:29:35,757 - INFO - Created new company - ID: 24701, Name: 'CHARLIE MARITIME LTD', Country: 'Greece'
2025-10-01 20:29:40,325 - INFO - Created new company - ID: 24702, Name: 'DELTA MARITIME VENTURES LTD', Country: 'Greece'
2025-10-01 20:29:46,482 - INFO - Created new company - ID: 24703, Name: 'AURORA TRADER MARITIME CO LTD', Country: 'Greece'
2025-10-01 20:29:51,129 - INFO - Created new company - ID: 24704, Name: 'ELEFTHERIOS MARITIME LTD', Country: 'South-korea'
2025-10-01 20:29:55,800 - INFO - Created new company - ID: 24705, Name: 'PENELOPE MARITIME LTD', Country: 'South-korea'
2025-10-01 20:30:00,274 - INFO - Created new company - ID: 24706, Name: 'ECHO MARITIME VENTURES LTD', Country: 'Greece'
2025-10-01 20:30:05,618 - INFO - Created new company - ID: 24707, Name: 'STELLAR TRADER MARITIME CO LTD', Country: 'Greece'
2025-10-01 20:30:10,236 - INFO - Created new company - ID: 24708, Name: 'AQUILA TRADER MARITIME CO LTD', Country: 'Greece'
2025-10-01 20:30:15,933 - INFO - Created new company - ID: 24709, Name: 'EAGLE TRADER MARITIME CO LTD', Country: 'Greece'
2025-10-01 20:30:24,140 - INFO - Created new company - ID: 24710, Name: 'TP14 PTE LTD', Country: 'Singapore'
2025-10-01 20:30:37,463 - INFO - Created new company - ID: 24711, Name: 'TP05 PTE LTD', Country: 'Singapore'
2025-10-01 20:30:42,093 - INFO - Created new company - ID: 24712, Name: 'TP04 PTE LTD', Country: 'Singapore'
2025-10-01 20:30:50,974 - INFO - Created new company - ID: 24713, Name: 'TP03 PTE LTD', Country: 'Singapore'
2025-10-01 20:30:55,529 - INFO - Created new company - ID: 24714, Name: 'ASTRO CAPELLA SA', Country: 'Singapore'
2025-10-01 20:30:59,936 - INFO - Created new company - ID: 24715, Name: 'TP01 PTE LTD', Country: 'Singapore'
2025-10-01 20:31:04,804 - INFO - Created new company - ID: 24716, Name: 'TP02 PTE LTD', Country: 'Singapore'
2025-10-01 20:31:19,055 - INFO - Created new company - ID: 24717, Name: 'DAMEN MARINE CHARTERING BV', Country: 'Netherlands'
2025-10-01 20:31:40,901 - INFO - Created new company - ID: 24718, Name: 'TP08 PTE LTD', Country: 'Singapore'
2025-10-01 20:31:52,048 - INFO - Created new company - ID: 24719, Name: 'SHION MARITIMA SA', Country: 'Singapore'
2025-10-01 20:31:56,343 - INFO - Created new company - ID: 24720, Name: 'NONI MARITIMA SA', Country: 'Singapore'
2025-10-01 20:31:56,399 - INFO - Created new company - ID: 24721, Name: 'UNITED OCEAN SHIP MGMT PTE LTD', Country: 'Singapore'
2025-10-01 20:32:00,634 - INFO - Created new company - ID: 24722, Name: 'LEO PCTC PTE LTD', Country: 'Singapore'
2025-10-01 20:32:04,896 - INFO - Created new company - ID: 24723, Name: 'VIRGO PCTC PTE LTD', Country: 'Singapore'
2025-10-01 20:32:10,209 - INFO - Created new company - ID: 24724, Name: 'RIO-MONTE UNO SA', Country: 'Japan'
2025-10-01 20:32:14,453 - INFO - Created new company - ID: 24725, Name: 'RIO-MONTE DOS SA', Country: 'Singapore'
2025-10-01 20:32:18,789 - INFO - Created new company - ID: 24726, Name: 'RIO-MONTE TRES SA', Country: 'Singapore'
2025-10-01 20:32:35,961 - INFO - Created new company - ID: 24727, Name: 'TIANJIN JINXIANGLIU LEASING CO', Country: 'Singapore'
2025-10-01 20:32:40,207 - INFO - Created new company - ID: 24728, Name: 'TIANJIN JINHAIER LEASING CO', Country: 'Singapore'
2025-10-01 20:32:53,045 - INFO - Created new company - ID: 24729, Name: 'TORONTO NAVIERA SA', Country: 'Singapore'
2025-10-01 20:33:31,128 - INFO - Created new company - ID: 24730, Name: 'SIRO HOLDING SINGAPORE 7 PTE', Country: 'None'
2025-10-01 20:33:35,430 - INFO - Created new company - ID: 24731, Name: 'SIRO HOLDING SINGAPORE 8 PTE', Country: 'None'
2025-10-01 20:33:39,710 - INFO - Created new company - ID: 24732, Name: 'SIRO HOLDING SINGAPORE 6 PTE', Country: 'None'
2025-10-01 20:33:49,913 - INFO - Created new company - ID: 24733, Name: 'KERMIT SHIPPING INC', Country: 'Singapore'
2025-10-01 20:33:54,528 - INFO - Created new company - ID: 24734, Name: 'KANGRI 1 INC', Country: 'Denmark'
2025-10-01 20:33:58,822 - INFO - Created new company - ID: 24735, Name: 'SASMAR SHIPPING LTD', Country: 'Singapore'
2025-10-01 20:35:22,072 - INFO - Created new company - ID: 24736, Name: 'ASIA ASPARA PTE LTD', Country: 'Singapore'
2025-10-01 20:35:26,320 - INFO - Created new company - ID: 24737, Name: 'ASIA EVERGREEN PTE LTD', Country: 'Singapore'
2025-10-01 20:35:30,621 - INFO - Created new company - ID: 24738, Name: 'ASIAN LIFT PTE LTD', Country: 'Singapore'
2025-10-01 20:35:47,574 - INFO - Created new company - ID: 24739, Name: 'MADISON EAGLE LLC', Country: 'United-states'
2025-10-01 20:35:52,196 - INFO - Created new company - ID: 24740, Name: 'SANTOS EAGLE LLC', Country: 'United-states'
2025-10-01 20:35:56,489 - INFO - Created new company - ID: 24741, Name: 'CAPE TOWN EAGLE LLC', Country: 'United-states'
2025-10-01 20:36:00,801 - INFO - Created new company - ID: 24742, Name: 'STAMFORD EAGLE LLC', Country: 'United-states'
2025-10-01 20:36:05,110 - INFO - Created new company - ID: 24743, Name: 'SHANGHAI EAGLE LLC', Country: 'United-states'
2025-10-01 20:36:09,305 - INFO - Created new company - ID: 24744, Name: 'HONG KONG EAGLE LLC', Country: 'United-states'
2025-10-01 20:36:13,557 - INFO - Created new company - ID: 24745, Name: 'NEW LONDON EAGLE LLC', Country: 'United-states'
2025-10-01 20:36:19,757 - INFO - Created new company - ID: 24746, Name: 'HALIFAX EAGLE LLC', Country: 'United-states'
2025-10-01 20:36:24,043 - INFO - Created new company - ID: 24747, Name: 'MEISSA SHIPPING LTD', Country: 'United-arab-emirates'
2025-10-01 20:36:28,286 - INFO - Created new company - ID: 24748, Name: 'BETELGEUSE MARITIME LTD', Country: 'United-arab-emirates'
2025-10-01 20:36:32,593 - INFO - Created new company - ID: 24749, Name: 'BELLATRIX MARITIME LTD', Country: 'United-arab-emirates'
2025-10-01 20:36:36,880 - INFO - Created new company - ID: 24750, Name: 'MINTAKA MARITIME LTD', Country: 'United-arab-emirates'
2025-10-01 20:36:41,184 - INFO - Created new company - ID: 24751, Name: 'SAIPH MARITIME LTD', Country: 'United-arab-emirates'
2025-10-01 20:37:03,238 - INFO - Created new company - ID: 24752, Name: 'FULL SPEED SHIPPING LTD', Country: 'United-arab-emirates'
2025-10-01 20:37:03,296 - INFO - Created new company - ID: 24753, Name: 'STELLAR OCEAN TRANSPORT LLC', Country: 'United-arab-emirates'
2025-10-01 20:37:16,340 - INFO - Created new company - ID: 24754, Name: 'UNITED SHIPPING SERV ELEVEN', Country: 'Croatia'
2025-10-01 20:37:16,397 - INFO - Created new company - ID: 24755, Name: 'ULJANIK SHIPMANAGEMENT INC', Country: 'Croatia'
2025-10-01 20:37:20,677 - INFO - Created new company - ID: 24756, Name: 'ARWEN GEMINI PTE LTD', Country: 'Singapore'
2025-10-01 20:37:20,735 - INFO - Created new company - ID: 24757, Name: 'UNIVERSAL NAVIGATION PTE LTD', Country: 'Singapore'
2025-10-01 20:38:39,072 - INFO - Created new company - ID: 24758, Name: 'CELESTE HOLDING PTE LTD', Country: 'Singapore'
2025-10-01 20:38:43,329 - INFO - Created new company - ID: 24759, Name: 'KLB1666 SHIPPING SA', Country: 'Japan'
2025-10-01 20:38:47,605 - INFO - Created new company - ID: 24760, Name: 'KLB3204 SHIPPING SA', Country: 'Japan'
2025-10-01 20:38:51,862 - INFO - Created new company - ID: 24761, Name: 'KLB3205 SHIPPING SA', Country: 'Japan'
2025-10-01 20:38:56,140 - INFO - Created new company - ID: 24762, Name: '9107 HANSE LINE SA', Country: 'Japan'
2025-10-01 20:39:08,965 - INFO - Created new company - ID: 24763, Name: 'KLB3289 SHIPPING SA', Country: 'Japan'
2025-10-01 20:39:21,727 - INFO - Created new company - ID: 24764, Name: 'SACHIKAWA KISEN CO LTD', Country: 'Japan'
2025-10-01 20:39:25,978 - INFO - Created new company - ID: 24765, Name: 'EAST RIVER SHIPPING GK', Country: 'Japan'
2025-10-01 20:39:30,250 - INFO - Created new company - ID: 24766, Name: 'COSTA/FS JULIET/TLC OAK', Country: 'Japan'
2025-10-01 20:39:34,503 - INFO - Created new company - ID: 24767, Name: 'FC TOP/KAIKIAS/TLC JAPONICA', Country: 'Japan'
2025-10-01 20:39:38,823 - INFO - Created new company - ID: 24768, Name: 'TLC ARNICA/PONTUS/FS FAME', Country: 'Japan'
2025-10-01 20:39:43,159 - INFO - Created new company - ID: 24769, Name: 'PEARL RIVER BRIDGE SHIPPING SA', Country: 'Japan'
2025-10-01 20:39:51,913 - INFO - Created new company - ID: 24770, Name: 'TP13 PTE LTD', Country: 'Singapore'
2025-10-01 20:39:56,152 - INFO - Created new company - ID: 24771, Name: 'TP09 PTE LTD', Country: 'Singapore'
2025-10-01 20:40:04,733 - INFO - Created new company - ID: 24772, Name: 'TP06 PTE LTD', Country: 'Singapore'
2025-10-01 20:40:08,998 - INFO - Created new company - ID: 24773, Name: 'TP07 PTE LTD', Country: 'Singapore'
2025-10-01 20:40:13,311 - INFO - Created new company - ID: 24774, Name: 'TP10 PTE LTD', Country: 'Singapore'
2025-10-01 20:40:17,524 - INFO - Created new company - ID: 24775, Name: 'AM PRIDE LTD', Country: 'India'
2025-10-01 20:40:21,799 - INFO - Created new company - ID: 24776, Name: 'DYLAN MARITIME 29 LLC', Country: 'India'
2025-10-01 20:40:26,062 - INFO - Created new company - ID: 24777, Name: 'AM PLEASURE LTD', Country: 'India'
2025-10-01 20:40:30,385 - INFO - Created new company - ID: 24778, Name: 'AM POWER LTD', Country: 'India'
2025-10-01 20:40:34,640 - INFO - Created new company - ID: 24779, Name: 'NML AM PARADISE LLC', Country: 'Marshall-islands'
2025-10-01 20:40:38,917 - INFO - Created new company - ID: 24780, Name: 'NML AM PASSION LLC', Country: 'India'
2025-10-01 20:40:42,906 - INFO - Created new company - ID: 24781, Name: 'ASHARAM LOGISTICS PTE LTD', Country: 'Nigeria'
2025-10-01 20:40:42,965 - INFO - Created new company - ID: 24782, Name: 'NIGERIAN NATIONAL PETROLEUM', Country: 'Nigeria'
2025-10-01 20:40:47,251 - INFO - Created new company - ID: 24783, Name: 'NML AM PROSPERITY LLC', Country: 'Marshall-islands'
2025-10-01 20:40:55,383 - INFO - Created new company - ID: 24784, Name: 'PURPLE OCEAN LTD', Country: 'Seychelles'
2025-10-01 20:40:59,664 - INFO - Created new company - ID: 24785, Name: 'SFE HERCULES COMPANY CORP', Country: 'Panama'
2025-10-01 20:41:04,107 - INFO - Created new company - ID: 24786, Name: 'INTERGRATED SHIPPING SERVICES', Country: 'None'
2025-10-01 20:41:04,176 - INFO - Created new company - ID: 24787, Name: 'STAC MARINE OFFSHORE LTD', Country: 'Italy'
2025-10-01 20:41:35,800 - INFO - Created new company - ID: 24788, Name: 'KY SEA SHIPPING SA', Country: 'Singapore'
2025-10-01 20:43:46,495 - INFO - Created new company - ID: 24789, Name: 'ALB MARINE SDN BHD', Country: 'Malaysia'
2025-10-01 20:43:51,073 - INFO - Created new company - ID: 24790, Name: 'BSI THURLOE LTD', Country: 'United-states'
2025-10-01 20:43:55,445 - INFO - Created new company - ID: 24791, Name: 'BTS FABULOUS PTE LTD', Country: 'Singapore'
2025-10-01 20:43:59,862 - INFO - Created new company - ID: 24792, Name: 'BTS SUMMER PTE LTD', Country: 'Singapore'
2025-10-01 20:44:05,309 - INFO - Created new company - ID: 24793, Name: 'BTS WINTER PTE LTD', Country: 'Singapore'
2025-10-01 20:44:09,647 - INFO - Created new company - ID: 24794, Name: 'BTS CAPELLA PTE LTD', Country: 'Singapore'
2025-10-01 20:44:13,882 - INFO - Created new company - ID: 24795, Name: 'BTS CALYPSO PTE LTD', Country: 'Singapore'
2025-10-01 20:44:18,221 - INFO - Created new company - ID: 24796, Name: 'AWH ALMA SDN BHD', Country: 'Singapore'
2025-10-01 20:44:22,728 - INFO - Created new company - ID: 24797, Name: 'COMBATTENTI CAPITAL PTE LTD', Country: 'None'
2025-10-01 20:44:31,602 - INFO - Created new company - ID: 24798, Name: 'CHEMTRANS MOBILE AS', Country: 'Singapore'
2025-10-01 20:44:36,065 - INFO - Created new company - ID: 24799, Name: 'MONIA AFRAMAX AS', Country: 'Norway'
2025-10-01 20:44:40,564 - INFO - Created new company - ID: 24800, Name: 'MERKEM LTD', Country: 'Marshall-islands'
2025-10-01 20:44:44,935 - INFO - Created new company - ID: 24801, Name: 'SCORPA PRANEDYA SINGAPORE PTE', Country: 'Singapore'
2025-10-01 20:44:49,274 - INFO - Created new company - ID: 24802, Name: 'ZITARA LTD', Country: 'Marshall-islands'
2025-10-01 20:46:19,561 - INFO - Created new company - ID: 24803, Name: 'CYBELE SINGAPORE PTE LTD', Country: 'Singapore'
2025-10-01 20:46:46,391 - INFO - Created new company - ID: 24804, Name: 'WHITE OAK MARITIME SA', Country: 'Singapore'
2025-10-01 20:49:06,706 - INFO - Created new company - ID: 24805, Name: 'SINO SHIPS PTE LTD', Country: 'Singapore'
2025-10-01 20:49:38,422 - INFO - Created new company - ID: 24806, Name: 'SILVER MARITIME EIGHT PTE LTD', Country: 'Singapore'
2025-10-01 20:49:46,906 - INFO - Created new company - ID: 24807, Name: 'SILVER MARITIME FOUR PTE LTD', Country: 'Singapore'
2025-10-01 20:49:59,475 - INFO - Created new company - ID: 24808, Name: 'LEFKARA SHIPPING CO LTD', Country: 'Denmark'
2025-10-01 20:50:03,695 - INFO - Created new company - ID: 24809, Name: 'GERAKAS SHIPPING CO LTD', Country: 'Denmark'
2025-10-01 20:50:07,970 - INFO - Created new company - ID: 24810, Name: 'ARENDAL SHIPHOLDING CO LTD', Country: 'Denmark'
2025-10-01 20:50:12,247 - INFO - Created new company - ID: 24811, Name: 'KOURION SHIPPING CO LTD', Country: 'Denmark'
2025-10-01 20:50:16,553 - INFO - Created new company - ID: 24812, Name: 'SALAMIS TRADING SA', Country: 'Singapore'
2025-10-01 20:50:20,580 - INFO - Created new company - ID: 24813, Name: 'STROVOLOS SHIPPING CO LTD', Country: 'Singapore'
2025-10-01 20:50:24,820 - INFO - Created new company - ID: 24814, Name: 'LAKATAMIA SHIPPING CO LTD', Country: 'Singapore'
2025-10-01 20:50:29,080 - INFO - Created new company - ID: 24815, Name: 'LILLESAND SHIPPING CO LTD', Country: 'Singapore'
2025-10-01 20:50:33,346 - INFO - Created new company - ID: 24816, Name: 'GRIMSTAD SHIPPING CO LTD', Country: 'Singapore'
2025-10-01 20:50:37,632 - INFO - Created new company - ID: 24817, Name: 'KARAVAS SHIPPING CO LTD', Country: 'Singapore'
2025-10-01 20:50:41,919 - INFO - Created new company - ID: 24818, Name: 'TROMSO SHIPPING CO LTD', Country: 'Singapore'
2025-10-01 20:50:46,201 - INFO - Created new company - ID: 24819, Name: 'OMODOS SHIPPING CO LTD', Country: 'United-kingdom'
2025-10-01 20:50:50,535 - INFO - Created new company - ID: 24820, Name: 'MERSINI SHIPPING CO LTD', Country: 'United-kingdom'
2025-10-01 20:50:54,772 - INFO - Created new company - ID: 24821, Name: 'KLARA SHIPPING CO LTD', Country: 'United-kingdom'
2025-10-01 20:52:11,897 - INFO - Created new company - ID: 24822, Name: 'LILY SHIPPING CO PTE LTD', Country: 'Singapore'
2025-10-01 20:52:16,159 - INFO - Created new company - ID: 24823, Name: 'HALONA SHIPPING CO PTE LTD', Country: 'Singapore'
2025-10-01 20:52:20,456 - INFO - Created new company - ID: 24824, Name: 'MARIANNA SHIPPING CO PTE LTD', Country: 'Singapore'
2025-10-01 20:52:24,726 - INFO - Created new company - ID: 24825, Name: 'NATALIE SHIPPING CO PTE LTD', Country: 'Singapore'
2025-10-01 20:52:28,977 - INFO - Created new company - ID: 24826, Name: 'DAVINA SHIPPING CO PTE LTD', Country: 'Singapore'
2025-10-01 20:52:33,255 - INFO - Created new company - ID: 24827, Name: 'DARA SHIPPING CO PTE LTD', Country: 'Singapore'
2025-10-01 20:52:37,529 - INFO - Created new company - ID: 24828, Name: 'JASMINE SHIPPING CO PTE LTD', Country: 'Singapore'
2025-10-01 20:52:41,809 - INFO - Created new company - ID: 24829, Name: 'SAMANTHA SHIPPING CO PTE LTD', Country: 'Singapore'
2025-10-01 20:52:46,112 - INFO - Created new company - ID: 24830, Name: 'MIA SHIPPING CO PTE LTD', Country: 'Singapore'
2025-10-01 20:52:50,427 - INFO - Created new company - ID: 24831, Name: 'WILLA SHIPPING CO PTE LTD', Country: 'Singapore'
2025-10-01 20:52:54,718 - INFO - Created new company - ID: 24832, Name: 'ADINA SHIPPING CO PTE LTD', Country: 'Singapore'
2025-10-01 20:52:58,952 - INFO - Created new company - ID: 24833, Name: 'IVANA SHIPPING CO PTE LTD', Country: 'Singapore'
2025-10-01 20:53:03,266 - INFO - Created new company - ID: 24834, Name: 'BONNIE SHIPPING CO PTE LTD', Country: 'Singapore'
2025-10-01 20:53:07,558 - INFO - Created new company - ID: 24835, Name: 'STACY SHIPPING CO PTE LTD', Country: 'Singapore'
2025-10-01 20:53:12,094 - INFO - Created new company - ID: 24836, Name: 'EMMA SHIPPING CO PTE LTD', Country: 'Singapore'
2025-10-01 20:53:16,374 - INFO - Created new company - ID: 24837, Name: 'CMA CGM ASIA PACIFIC LTD', Country: 'Singapore'
2025-10-01 20:53:20,707 - INFO - Created new company - ID: 24838, Name: 'DRAGON VANTAGE INTL HLDG PTE', Country: 'Singapore'
2025-10-01 20:53:24,902 - INFO - Created new company - ID: 24839, Name: 'UNITED TRADER INTL HLDG PTE', Country: 'Singapore'
2025-10-01 20:55:49,504 - INFO - Created new company - ID: 24840, Name: 'NAVIS CAR LINE PTE LTD', Country: 'Singapore'
2025-10-01 20:55:57,987 - INFO - Created new company - ID: 24841, Name: 'FERANTO ASSETS CORP', Country: 'Singapore'
2025-10-01 20:56:06,775 - INFO - Created new company - ID: 24842, Name: 'VEHA PTE LTD', Country: 'Singapore'
2025-10-01 20:56:11,081 - INFO - Created new company - ID: 24843, Name: 'GOLD HYACINTH DEVELOPMENT PTE', Country: 'Singapore'
2025-10-01 20:56:19,680 - INFO - Created new company - ID: 24844, Name: 'ALMAGEST INC', Country: 'Panama'
2025-10-01 20:56:24,044 - INFO - Created new company - ID: 24845, Name: 'FORTUNE CHF I SHIPPING LTD', Country: 'South-korea'
2025-10-01 20:56:28,361 - INFO - Created new company - ID: 24846, Name: 'FORTUNE CHF II SHIPPING LTD', Country: 'Singapore'
2025-10-01 20:57:05,512 - INFO - Created new company - ID: 24847, Name: 'SUNNY KEROUANE SHIPPING SA', Country: 'Japan'
2025-10-01 20:57:10,018 - INFO - Created new company - ID: 24848, Name: 'NACHIPA', Country: 'Chile'
2025-10-01 20:57:19,215 - INFO - Created new company - ID: 24849, Name: 'SANTA MARINE INC', Country: 'Japan'
2025-10-01 20:57:23,856 - INFO - Created new company - ID: 24850, Name: 'BATANAGAR/DAITO SHIPPING', Country: 'Japan'
2025-10-01 20:57:45,661 - INFO - Created new company - ID: 24851, Name: 'BOREAS SHIPPING CO LTD', Country: 'Hong-kong'
2025-10-01 20:57:45,721 - INFO - Created new company - ID: 24852, Name: 'GLOBAL VOYAGE SHIPPING CO LTD', Country: 'Hong-kong'
2025-10-01 20:57:50,105 - INFO - Created new company - ID: 24853, Name: 'SPDBFL ONE HUNDRED SIXTY-ONE', Country: 'Hong-kong'
2025-10-01 20:57:54,345 - INFO - Created new company - ID: 24854, Name: 'SPDBFL ONE HUNDRED SIXTY-TWO', Country: 'Hong-kong'
2025-10-01 20:57:58,645 - INFO - Created new company - ID: 24855, Name: 'TIANJIN CMB JIN 98 LEASING CO', Country: 'Hong-kong'
2025-10-01 20:58:02,878 - INFO - Created new company - ID: 24856, Name: 'TIANJIN CMB JIN 99 LEASING CO', Country: 'Hong-kong'
2025-10-01 20:58:07,170 - INFO - Created new company - ID: 24857, Name: 'LICHANG SHIPPING LTD', Country: 'China'
2025-10-01 20:58:15,596 - INFO - Created new company - ID: 24858, Name: 'XIANG T26 SG INTERNATIONAL', Country: 'Singapore'
2025-10-01 20:58:20,006 - INFO - Created new company - ID: 24859, Name: 'BRIGHT VANCOUVER SHIPPING LTD', Country: 'Singapore'
2025-10-01 20:58:24,324 - INFO - Created new company - ID: 24860, Name: 'SEACON VICTORY/OSAKA/KOBE', Country: 'Marshall-islands'
2025-10-01 20:58:28,612 - INFO - Created new company - ID: 24861, Name: 'SUYIN BLUE WHALE NO 6 TIANJIN', Country: 'None'
2025-10-01 20:58:32,862 - INFO - Created new company - ID: 24862, Name: 'SUYIN BLUE WHALE NO 7 TIANJIN', Country: 'None'
2025-10-01 20:58:37,148 - INFO - Created new company - ID: 24863, Name: 'QIHANG ZHONGZHOU LEASING', Country: 'Singapore'
2025-10-01 20:58:41,395 - INFO - Created new company - ID: 24864, Name: 'HAISHENG NO 7 TIANJIN OF BOBFL', Country: 'Singapore'
2025-10-01 20:58:49,923 - INFO - Created new company - ID: 24865, Name: 'TAIPING & SINOPEC TJ19 SHPG', Country: 'Singapore'
2025-10-01 20:58:58,587 - INFO - Created new company - ID: 24866, Name: 'OCEAN PROMISING LTD', Country: 'Hong-kong'
2025-10-01 20:59:02,944 - INFO - Created new company - ID: 24867, Name: 'OSM SHIP MANAGEMENT CYPRUS LTD', Country: 'Cyprus'
2025-10-01 20:59:07,192 - INFO - Created new company - ID: 24868, Name: 'ACCORDIA MINCHAH SA', Country: 'Singapore'
2025-10-01 20:59:15,550 - INFO - Created new company - ID: 24869, Name: 'BALESTIER PARTNERS LTD', Country: 'Cyprus'
2025-10-01 20:59:24,163 - INFO - Created new company - ID: 24870, Name: 'OCEANIC ESSENTIALS III PTE LTD', Country: 'Singapore'
2025-10-01 20:59:28,445 - INFO - Created new company - ID: 24871, Name: 'KINGSMEAD SHIPPING PTE LTD', Country: 'Singapore'
2025-10-01 20:59:32,746 - INFO - Created new company - ID: 24872, Name: 'MANCAY CONSULTANTS LTD', Country: 'Singapore'
2025-10-01 20:59:37,051 - INFO - Created new company - ID: 24873, Name: 'QUEENSTOWN SHIPPING PTE LTD', Country: 'Singapore'
2025-10-01 20:59:41,373 - INFO - Created new company - ID: 24874, Name: 'JLPS SHIP INVEST MARSHALL 8 CO', Country: 'Singapore'
2025-10-01 20:59:45,624 - INFO - Created new company - ID: 24875, Name: 'WHITE ROCKS SHIPPING LTD', Country: 'Singapore'
2025-10-01 20:59:49,944 - INFO - Created new company - ID: 24876, Name: 'YAN KIT SHIPPING PTE LTD', Country: 'Singapore'
2025-10-01 20:59:54,196 - INFO - Created new company - ID: 24877, Name: 'LS-MHL8 CO LTD', Country: 'Singapore'
2025-10-01 20:59:58,441 - INFO - Created new company - ID: 24878, Name: 'JLPS SHIP INVEST MARSHALL 1', Country: 'Singapore'
2025-10-01 21:00:06,932 - INFO - Created new company - ID: 24879, Name: 'SUN SEEKER MARITIME LTD', Country: 'Singapore'
2025-10-01 21:00:11,142 - INFO - Created new company - ID: 24880, Name: 'CAMPHOR SHIPPING PTE LTD', Country: 'Singapore'
2025-10-01 21:00:15,397 - INFO - Created new company - ID: 24881, Name: 'DALKEITH SHIPPING PTE LTD', Country: 'Singapore'
2025-10-01 21:00:19,697 - INFO - Created new company - ID: 24882, Name: 'ASHLEY LADY HOLDINGS PTE LTD', Country: 'United-kingdom'
2025-10-01 21:00:24,049 - INFO - Created new company - ID: 24883, Name: 'ASTIR LADY HOLDINGS PTE LTD', Country: 'United-kingdom'
2025-10-01 21:00:28,343 - INFO - Created new company - ID: 24884, Name: 'SIXTH DF LPG CARRIER HOLDINGS', Country: 'United-kingdom'
2025-10-01 21:00:32,576 - INFO - Created new company - ID: 24885, Name: 'SEVENTH LPG SHIP PTE LTD', Country: 'United-kingdom'
2025-10-01 21:00:36,896 - INFO - Created new company - ID: 24886, Name: 'ELFLAND CORP', Country: 'Singapore'
2025-10-01 21:00:41,112 - INFO - Created new company - ID: 24887, Name: 'FRAISE FINANCE LTD', Country: 'Singapore'
2025-10-01 21:00:45,434 - INFO - Created new company - ID: 24888, Name: 'FIRST LPG SHIP PTE LTD', Country: 'Singapore'
2025-10-01 21:00:49,655 - INFO - Created new company - ID: 24889, Name: 'SECOND LPG SHIP PTE LTD', Country: 'Singapore'
2025-10-01 21:00:54,781 - INFO - Created new company - ID: 24890, Name: 'THIRD LPG SHIP PTE LTD', Country: 'Singapore'
2025-10-01 21:00:59,050 - INFO - Created new company - ID: 24891, Name: 'FOURTH LPG SHIP PTE LTD', Country: 'Singapore'
2025-10-01 21:01:03,304 - INFO - Created new company - ID: 24892, Name: 'FIRST CLEAN AIR LR2 PTE LTD', Country: 'Singapore'
2025-10-01 21:01:07,569 - INFO - Created new company - ID: 24893, Name: 'SECOND CLEAN AIR LR2 PTE LTD', Country: 'Singapore'
2025-10-01 21:01:11,814 - INFO - Created new company - ID: 24894, Name: 'FIFTH LPG SHIP PTE LTD', Country: 'Singapore'
2025-10-01 21:01:16,055 - INFO - Created new company - ID: 24895, Name: 'KATHERINE LADY HOLDINGS', Country: 'Singapore'
2025-10-01 21:01:20,425 - INFO - Created new company - ID: 24896, Name: 'CIMC CAPRICORN LTD', Country: 'Singapore'
2025-10-01 21:01:24,731 - INFO - Created new company - ID: 24897, Name: 'CIMC TAURUS LTD', Country: 'Singapore'
2025-10-01 21:01:29,035 - INFO - Created new company - ID: 24898, Name: 'HALO 10 HOLDING LTD', Country: 'Singapore'
2025-10-01 21:01:33,022 - INFO - Created new company - ID: 24899, Name: 'INSIGHT 1 HOLDING LTD', Country: 'Singapore'
2025-10-01 21:01:37,314 - INFO - Created new company - ID: 24900, Name: 'HALO 4 HOLDING LTD', Country: 'Singapore'
2025-10-01 21:01:41,863 - INFO - Created new company - ID: 24901, Name: 'HALO 5 HOLDING LTD', Country: 'Singapore'
2025-10-01 21:01:46,165 - INFO - Created new company - ID: 24902, Name: 'PEARL KAJA SHIPPING PTE LTD', Country: 'Singapore'
2025-10-01 21:01:50,584 - INFO - Created new company - ID: 24903, Name: 'CONSORT NAVIGATION PTE LTD', Country: 'Singapore'
2025-10-01 21:01:54,841 - INFO - Created new company - ID: 24904, Name: 'PEARL NADINE SHIPPING PTE LTD', Country: 'Singapore'
2025-10-01 21:01:59,124 - INFO - Created new company - ID: 24905, Name: 'PEARL KATE SHIPPING PTE LTD', Country: 'Singapore'
2025-10-01 21:02:03,711 - INFO - Created new company - ID: 24906, Name: 'PEARL KHAOYAI SHIPPING PTE LTD', Country: 'Singapore'
2025-10-01 21:02:08,016 - INFO - Created new company - ID: 24907, Name: 'PEARL KENZO SHIPPING PTE LTD', Country: 'Singapore'
2025-10-01 21:02:12,303 - INFO - Created new company - ID: 24908, Name: 'PEARL KARISMA SHIPPING PTE LTD', Country: 'Singapore'
2025-10-01 21:02:16,567 - INFO - Created new company - ID: 24909, Name: 'PEARL MARINE SHIPPING LTD', Country: 'India'
2025-10-01 21:02:16,627 - INFO - Created new company - ID: 24910, Name: 'PEARL MARINE LOGISTICS UAE FZE', Country: 'India'
2025-10-01 21:02:20,927 - INFO - Created new company - ID: 24911, Name: 'BURSAR CORPORATION PTE LTD', Country: 'Singapore'
2025-10-01 21:02:25,182 - INFO - Created new company - ID: 24912, Name: 'KANGSAR CORPORATION PTE LTD', Country: 'Singapore'
2025-10-01 21:02:33,680 - INFO - Created new company - ID: 24913, Name: 'FERLISAR CORP PTE LTD', Country: 'Singapore'
2025-10-01 21:02:54,467 - INFO - Created new company - ID: 24914, Name: 'FERLISAR CORPORATION PTE LTD', Country: 'Singapore'
2025-10-01 21:03:06,879 - INFO - Created new company - ID: 24915, Name: 'MILOS SHIPPING PTE LTD', Country: 'Singapore'
2025-10-01 21:03:11,474 - INFO - Created new company - ID: 24916, Name: 'ASIA PACIFIC OIL PTE LTD', Country: 'Singapore'
2025-10-01 21:03:15,612 - INFO - Created new company - ID: 24917, Name: 'UNILINE TANKERS PTE LTD', Country: 'Singapore'
2025-10-01 21:03:19,899 - INFO - Created new company - ID: 24918, Name: 'MARS M SHIPPING PTE LTD', Country: 'Singapore'
2025-10-01 21:03:24,177 - INFO - Created new company - ID: 24919, Name: 'VENUS M SHIPPING PTE LTD', Country: 'Singapore'
2025-10-01 21:03:28,721 - INFO - Created new company - ID: 24920, Name: 'UNILINE ENERGY PTE LTD', Country: 'Singapore'
2025-10-01 21:03:33,031 - INFO - Created new company - ID: 24921, Name: 'UNILINE CARRIERS PTE LTD', Country: 'Singapore'
2025-10-01 21:03:37,316 - INFO - Created new company - ID: 24922, Name: 'LT ASPHALT PTE LTD', Country: 'Singapore'
2025-10-01 21:03:41,570 - INFO - Created new company - ID: 24923, Name: 'LT BITUMEN PTE LTD', Country: 'Singapore'
2025-10-01 21:03:45,824 - INFO - Created new company - ID: 24924, Name: 'STAMFORD GLOBAL PTE LTD', Country: 'Singapore'
2025-10-01 21:03:50,139 - INFO - Created new company - ID: 24925, Name: 'TILOS SHIPPING PTE LTD', Country: 'Singapore'
2025-10-01 21:03:54,394 - INFO - Created new company - ID: 24926, Name: 'SERIFOS SHIPPING PTE LTD', Country: 'Greece'
2025-10-01 21:03:58,624 - INFO - Created new company - ID: 24927, Name: 'PRIME LEADER SHIPPING PTE LTD', Country: 'Singapore'
2025-10-01 21:04:02,766 - INFO - Created new company - ID: 24928, Name: 'STRAITS CARRIERS PTE LTD', Country: 'Singapore'
2025-10-01 21:04:32,481 - INFO - Created new company - ID: 24929, Name: 'SEVEN OCEANS CO LTD', Country: 'Japan'
2025-10-01 21:05:44,503 - INFO - Created new company - ID: 24930, Name: 'EL NAVEGACON QUITO SA', Country: 'Greece'
2025-10-01 21:05:48,686 - INFO - Created new company - ID: 24931, Name: 'NML BULK HONDURAS LLC', Country: 'Greece'
2025-10-01 21:05:52,962 - INFO - Created new company - ID: 24932, Name: 'EL AGUARICO SA', Country: 'Greece'
2025-10-01 21:05:57,270 - INFO - Created new company - ID: 24933, Name: 'SEA 119 LEASING CO LTD', Country: 'Greece'
2025-10-01 21:06:01,623 - INFO - Created new company - ID: 24934, Name: 'DRY BULK BEQUIA LTD', Country: 'Hong-kong'
2025-10-01 21:06:05,949 - INFO - Created new company - ID: 24935, Name: 'DRY BULK ATACAMA LTD', Country: 'Greece'
2025-10-01 21:06:10,173 - INFO - Created new company - ID: 24936, Name: 'DRY BULK FINLAND LTD', Country: 'Greece'
2025-10-01 21:06:14,433 - INFO - Created new company - ID: 24937, Name: 'DRY BULK SWEDEN LTD', Country: 'Liberia'
2025-10-01 21:06:18,759 - INFO - Created new company - ID: 24938, Name: 'DRY BULK SARINA LTD', Country: 'Greece'
2025-10-01 21:06:22,948 - INFO - Created new company - ID: 24939, Name: 'HAI KUO SHIPPING 2230B LTD', Country: 'Greece'
2025-10-01 21:06:27,264 - INFO - Created new company - ID: 24940, Name: 'DRY BULK MUSTIQUE LTD', Country: 'Greece'
2025-10-01 21:06:35,882 - INFO - Created new company - ID: 24941, Name: 'NML BULK COLOMBIA LLC', Country: 'Singapore'
2025-10-01 21:06:40,177 - INFO - Created new company - ID: 24942, Name: 'HAI KUO SHIPPING 2231B LTD', Country: 'Singapore'
2025-10-01 21:06:44,426 - INFO - Created new company - ID: 24943, Name: 'ALMOND INVESTMENT SA', Country: 'Singapore'
2025-10-01 21:06:48,612 - INFO - Created new company - ID: 24944, Name: 'LING CHENG INTERNATIONAL TRADE', Country: 'Singapore'
2025-10-01 21:06:57,163 - INFO - Created new company - ID: 24945, Name: 'IVS BULK 543 PTE LTD', Country: 'Singapore'
2025-10-01 21:07:01,420 - INFO - Created new company - ID: 24946, Name: 'IVS BULK 545 PTE LTD', Country: 'Singapore'
2025-10-01 21:07:06,241 - INFO - Created new company - ID: 24947, Name: 'RYUSHO KISEN & RADIANT SHPG', Country: 'Singapore'
2025-10-01 21:07:06,311 - INFO - Created new company - ID: 24948, Name: 'FLEET SHIP MANAGEMENT INC', Country: 'Singapore'
2025-10-01 21:07:10,535 - INFO - Created new company - ID: 24949, Name: 'IVS BULK 554 PTE LTD', Country: 'Singapore'
2025-10-01 21:08:03,315 - INFO - Created new company - ID: 24950, Name: 'RT TOUGH BV', Country: 'United-arab-emirates'
2025-10-01 21:08:08,127 - INFO - Created new company - ID: 24951, Name: 'RT DARWIN BV', Country: 'United-arab-emirates'
2025-10-01 21:08:12,669 - INFO - Created new company - ID: 24952, Name: 'RT TASMAN BV', Country: 'United-arab-emirates'
2025-10-01 21:08:17,444 - INFO - Created new company - ID: 24953, Name: 'RT INSPIRATION BV', Country: 'United-arab-emirates'
2025-10-01 21:08:26,674 - INFO - Created new company - ID: 24954, Name: 'PSU SECOND PTE LTD', Country: 'Singapore'
2025-10-01 21:08:31,385 - INFO - Created new company - ID: 24955, Name: 'PSU FORTUNE PTE LTD', Country: 'Singapore'
2025-10-01 21:08:36,152 - INFO - Created new company - ID: 24956, Name: 'PSU FIFTH PTE LTD', Country: 'Singapore'
2025-10-01 21:08:41,053 - INFO - Created new company - ID: 24957, Name: 'PSU SIXTH PTE LTD', Country: 'Singapore'
2025-10-01 21:08:45,333 - INFO - Created new company - ID: 24958, Name: 'PSU SEVENTH PTE LTD', Country: 'Singapore'
2025-10-01 21:08:49,458 - INFO - Created new company - ID: 24959, Name: 'PSU EIGHTH PTE LTD', Country: 'Singapore'
2025-10-01 21:08:53,748 - INFO - Created new company - ID: 24960, Name: 'PSU NINTH PTE LTD', Country: 'Singapore'
2025-10-01 21:08:58,035 - INFO - Created new company - ID: 24961, Name: 'PSU TENTH PTE LTD', Country: 'Singapore'
2025-10-01 21:09:02,289 - INFO - Created new company - ID: 24962, Name: 'PSU FIRST PTE LTD', Country: 'Singapore'
2025-10-01 21:09:06,428 - INFO - Created new company - ID: 24963, Name: 'PSU THIRD PTE LTD', Country: 'Singapore'
2025-10-01 21:09:10,673 - INFO - Created new company - ID: 24964, Name: 'RGL FIRST PTE LTD', Country: 'Singapore'
2025-10-01 21:09:14,955 - INFO - Created new company - ID: 24965, Name: 'BLC THIRD PTE LTD', Country: 'Singapore'
2025-10-01 21:09:19,124 - INFO - Created new company - ID: 24966, Name: 'BLC FIRST PTE LTD', Country: 'Singapore'
2025-10-01 21:09:23,402 - INFO - Created new company - ID: 24967, Name: 'BLC SECOND PTE LTD', Country: 'Singapore'
2025-10-01 21:09:27,664 - INFO - Created new company - ID: 24968, Name: 'CHEM TANK SHIPPING VII AS', Country: 'Norway'
2025-10-01 21:10:47,229 - INFO - Created new company - ID: 24969, Name: 'HC BEAUTY SHIPPING LTD', Country: 'China'
2025-10-01 21:10:59,854 - INFO - Created new company - ID: 24970, Name: 'HC PROGRESS SHIPPING LTD', Country: 'China'
2025-10-01 21:11:04,096 - INFO - Created new company - ID: 24971, Name: 'HONGKONG HAIHUI SHIPPING LTD', Country: 'Hong-kong'
2025-10-01 21:11:08,359 - INFO - Created new company - ID: 24972, Name: 'HC PIONEER SHIPPING LTD', Country: 'China'
2025-10-01 21:11:16,876 - INFO - Created new company - ID: 24973, Name: 'HC GLORY SHIPPING LTD', Country: 'China'
2025-10-01 21:11:25,524 - INFO - Created new company - ID: 24974, Name: 'HC HARVEST SHIPPING LTD', Country: 'China'
2025-10-01 21:11:34,073 - INFO - Created new company - ID: 24975, Name: 'COMPASS SHIPPING 125 CORP LTD', Country: 'None'
2025-10-01 21:11:38,327 - INFO - Created new company - ID: 24976, Name: 'COMPASS SHIPPING 126 CORP LTD', Country: 'None'
2025-10-01 21:11:46,801 - INFO - Created new company - ID: 24977, Name: 'EGE SHIPPING PTE LTD', Country: 'Singapore'
2025-10-01 21:11:50,956 - INFO - Created new company - ID: 24978, Name: 'FRIEDA SHIPPING PTE LTD', Country: 'Singapore'
2025-10-01 21:11:59,429 - INFO - Created new company - ID: 24979, Name: 'LS-MHL28 CO LTD', Country: 'Türkiye'
2025-10-01 21:12:06,167 - INFO - Created new company - ID: 24980, Name: 'ILGAZ SHIPPING PTE LTD', Country: 'Singapore'
2025-10-01 21:12:10,556 - INFO - Created new company - ID: 24981, Name: 'BEYLERBEYI SHIPPING PTE LTD', Country: 'Singapore'
2025-10-01 21:12:14,703 - INFO - Created new company - ID: 24982, Name: 'YAMAMOTO KISEN/YK MARITIME', Country: 'Singapore'
2025-10-01 21:12:18,940 - INFO - Created new company - ID: 24983, Name: 'INCE KARADENIZ SHIPPING PTE', Country: 'Singapore'
2025-10-01 21:12:44,048 - INFO - Created new company - ID: 24984, Name: 'YUAN GU HAI PTE LTD', Country: 'Singapore'
2025-10-01 21:12:48,194 - INFO - Created new company - ID: 24985, Name: 'YUAN SHUN HAI PTE LTD', Country: 'Singapore'
2025-10-01 21:12:52,532 - INFO - Created new company - ID: 24986, Name: 'YUAN HUA HAI PTE LTD', Country: 'Singapore'
2025-10-01 21:12:56,797 - INFO - Created new company - ID: 24987, Name: 'YUAN QIAN HAI PTE LTD', Country: 'Singapore'
2025-10-01 21:13:01,076 - INFO - Created new company - ID: 24988, Name: 'YUAN FU HAI PTE LTD', Country: 'Singapore'
2025-10-01 21:13:42,845 - INFO - Created new company - ID: 24989, Name: 'IBIS SHIPPING PTE LTD', Country: 'Singapore'
2025-10-01 21:14:36,789 - INFO - Created new company - ID: 24990, Name: 'SINSA SHIPPING PTE LTD', Country: 'Taiwan'
2025-10-01 21:14:57,772 - INFO - Created new company - ID: 24991, Name: 'NEW HOPE SHIPPING CO LTD-MAI', Country: 'Singapore'
2025-10-01 21:15:10,257 - INFO - Created new company - ID: 24992, Name: 'ROCKTREE SHIPPING OFFSHORE LTD', Country: 'Singapore'
2025-10-01 21:16:08,757 - INFO - Created new company - ID: 24993, Name: 'SEALINKS SHIP MANAGEMENT PTE', Country: 'Denmark'
2025-10-01 21:16:08,814 - INFO - Created new company - ID: 24994, Name: 'LAURITZEN KOSAN A/S', Country: 'Denmark'
2025-10-01 21:16:17,015 - INFO - Created new company - ID: 24995, Name: 'TANBA KISEN YK', Country: 'Japan'
2025-10-01 21:16:25,263 - INFO - Created new company - ID: 24996, Name: 'MILO MARITIME CO', Country: 'Singapore'
2025-10-01 21:16:29,505 - INFO - Created new company - ID: 24997, Name: 'DEMOCRITUS SHIPPING 4 PTE LTD', Country: 'Germany'
2025-10-01 21:16:33,710 - INFO - Created new company - ID: 24998, Name: 'PYTHAGORAS CORPORATION 4', Country: 'Germany'
2025-10-01 21:16:37,845 - INFO - Created new company - ID: 24999, Name: 'PYTHAGORAS CORPORATION 8 PTE', Country: 'Bermuda'
2025-10-01 21:16:41,977 - INFO - Created new company - ID: 25000, Name: 'SEA 344 LEASING CO LTD', Country: 'Cyprus'
2025-10-01 21:16:58,452 - INFO - Created new company - ID: 25001, Name: 'LS-SGP2 PTE LTD', Country: 'Singapore'
2025-10-01 21:17:02,571 - INFO - Created new company - ID: 25002, Name: 'LS-SGP3 PTE LTD', Country: 'Singapore'
2025-10-01 21:17:28,325 - INFO - Created new company - ID: 25003, Name: 'CALVUS MARITIMA SA', Country: 'None'
2025-10-01 21:17:32,475 - INFO - Created new company - ID: 25004, Name: 'GENIUS SOLUTIONS PTE LTD', Country: 'Japan'
2025-10-01 21:18:01,282 - INFO - Created new company - ID: 25005, Name: 'GOLDEN TRIDENT SHIPPING INC', Country: 'Panama'
2025-10-01 21:18:05,401 - INFO - Created new company - ID: 25006, Name: 'BRIANNA SHIPPING CO PTE LTD', Country: 'Singapore'
2025-10-01 21:18:09,581 - INFO - Created new company - ID: 25007, Name: 'CLAIRE SHIPPING CO PTE LTD', Country: 'Singapore'
2025-10-01 21:18:13,751 - INFO - Created new company - ID: 25008, Name: 'JANELLE SHIPPING CO PTE LTD', Country: 'Singapore'
2025-10-01 21:18:17,860 - INFO - Created new company - ID: 25009, Name: 'ORIANA SHIPPING CO PTE LTD', Country: 'Singapore'
2025-10-01 21:18:22,038 - INFO - Created new company - ID: 25010, Name: 'RAYNA SHIPPING CO PTE LTD', Country: 'Singapore'
2025-10-01 21:18:26,208 - INFO - Created new company - ID: 25011, Name: 'EDNA SHIPPING CO PTE LTD', Country: 'Singapore'
2025-10-01 21:18:30,332 - INFO - Created new company - ID: 25012, Name: 'CLARA SHIPPING CO PTE LTD', Country: 'Singapore'
2025-10-01 21:18:34,473 - INFO - Created new company - ID: 25013, Name: 'FIONA SHIPPING CO PTE LTD', Country: 'Singapore'
2025-10-01 21:18:38,619 - INFO - Created new company - ID: 25014, Name: 'VALERIE SHIPPING CO PTE LTD', Country: 'Singapore'
2025-10-01 21:18:42,755 - INFO - Created new company - ID: 25015, Name: 'GINA SHIPPING CO PTE LTD', Country: 'Singapore'
2025-10-01 21:18:46,869 - INFO - Created new company - ID: 25016, Name: 'ANZEN LTD', Country: 'Singapore'
2025-10-01 21:18:51,011 - INFO - Created new company - ID: 25017, Name: 'ALEXA SHIPPING CO PTE LTD', Country: 'Singapore'
2025-10-01 21:18:55,157 - INFO - Created new company - ID: 25018, Name: 'RJG 03 SINGAPORE PTE LTD', Country: 'None'
2025-10-01 21:20:38,714 - INFO - Created new company - ID: 25019, Name: 'FAST OFFSHORE MALAYSIA INC', Country: 'Singapore'
2025-10-01 21:20:42,846 - INFO - Created new company - ID: 25020, Name: 'SAVWIN SDN BHD', Country: 'Brunei'
2025-10-01 21:20:51,062 - INFO - Created new company - ID: 25021, Name: 'WINTERMAR B SDN BHD', Country: 'Indonesia'
2025-10-01 21:22:08,829 - INFO - Created new company - ID: 25022, Name: 'BURGEON INVESTMENTS LTD', Country: 'Singapore'
2025-10-01 21:22:14,787 - INFO - Created new company - ID: 25023, Name: 'SILVER BLISS ENTERPRISES INC', Country: 'Singapore'
2025-10-01 21:22:18,898 - INFO - Created new company - ID: 25024, Name: 'WINRICH INVESTMENTS HOLDINGS', Country: 'Singapore'
2025-10-01 21:22:23,038 - INFO - Created new company - ID: 25025, Name: 'BOLEIN CORP', Country: 'Singapore'
2025-10-01 21:22:27,119 - INFO - Created new company - ID: 25026, Name: 'COBIKIN CORP', Country: 'Singapore'
2025-10-01 21:22:31,242 - INFO - Created new company - ID: 25027, Name: 'COSMOS LIGHT HOLDINGS CORP', Country: 'Singapore'
2025-10-01 21:22:35,341 - INFO - Created new company - ID: 25028, Name: 'TRIDOT ENTERPRISES INC', Country: 'Singapore'
2025-10-01 21:22:39,490 - INFO - Created new company - ID: 25029, Name: 'BRIGHT TREASURE ASSETS HOLDING', Country: 'Singapore'
2025-10-01 21:22:43,645 - INFO - Created new company - ID: 25030, Name: 'LONG GLORY ASSETS LTD', Country: 'Singapore'
2025-10-01 21:22:47,740 - INFO - Created new company - ID: 25031, Name: 'MASTER CHAMP ASSETS LTD', Country: 'Singapore'
2025-10-01 21:22:51,903 - INFO - Created new company - ID: 25032, Name: 'PALESTO HOLDINGS INC', Country: 'Singapore'
2025-10-01 21:22:56,073 - INFO - Created new company - ID: 25033, Name: 'PARMIGAN CORP', Country: 'Singapore'
2025-10-01 21:23:00,190 - INFO - Created new company - ID: 25034, Name: 'MOL MYOCEAN SDN BHD', Country: 'Singapore'
2025-10-01 21:23:04,279 - INFO - Created new company - ID: 25035, Name: 'AL-MUSANAH MARITIME', Country: 'Singapore'
2025-10-01 21:23:32,862 - INFO - Created new company - ID: 25036, Name: 'PEACEFUL PROSPERITY INC', Country: 'Singapore'
2025-10-01 21:23:37,010 - INFO - Created new company - ID: 25037, Name: 'HARPER-LINE SHIPPING CORP', Country: 'Japan'
2025-10-01 21:23:49,234 - INFO - Created new company - ID: 25038, Name: 'ST3 LTD', Country: 'United-states'
2025-10-01 21:23:53,367 - INFO - Created new company - ID: 25039, Name: 'GREEN BRIDGE CO LTD', Country: 'Singapore'
2025-10-01 21:23:57,480 - INFO - Created new company - ID: 25040, Name: 'EASTERLY BEECH GALAXY LLC', Country: 'Singapore'
2025-10-01 21:24:01,599 - INFO - Created new company - ID: 25041, Name: 'EASTERLY LIME GALAXY LLC', Country: 'Singapore'
2025-10-01 21:24:05,738 - INFO - Created new company - ID: 25042, Name: 'EASTERLY BIRDIE LLC', Country: 'Singapore'
2025-10-01 21:24:09,887 - INFO - Created new company - ID: 25043, Name: 'EASTERLY EAGLE LLC', Country: 'Singapore'
2025-10-01 21:24:14,024 - INFO - Created new company - ID: 25044, Name: 'OREGON EASTERLY SYMPHONY LLC', Country: 'Singapore'
2025-10-01 21:24:22,296 - INFO - Created new company - ID: 25045, Name: 'MIANGAS BAHTERA LAJU ABADI PT', Country: 'Singapore'
2025-10-01 21:24:26,411 - INFO - Created new company - ID: 25046, Name: 'ARTEMIS SHIPPING CO LTD-HKG', Country: 'Hong-kong'
2025-10-01 21:24:26,470 - INFO - Created new company - ID: 25047, Name: 'LUCKY SHIP PTE LTD', Country: 'Singapore'
2025-10-01 21:24:34,680 - INFO - Created new company - ID: 25048, Name: 'ORIANNA SHIPPING LTD', Country: 'Indonesia'
2025-10-01 21:24:38,791 - INFO - Created new company - ID: 25049, Name: 'MARINA TRANSPORT SERVICE LTD', Country: 'Indonesia'
2025-10-01 21:24:51,145 - INFO - Created new company - ID: 25050, Name: 'ARARKULA BAHTERA LAJU ABADI PT', Country: 'Singapore'
2025-10-01 21:24:55,266 - INFO - Created new company - ID: 25051, Name: 'DAMAR BAHTERA LAJU ABADI PT', Country: 'Singapore'
2025-10-01 21:25:03,517 - INFO - Created new company - ID: 25052, Name: 'BARUNG BAHTERA LAJU ABADI PT', Country: 'Indonesia'
2025-10-01 21:25:07,681 - INFO - Created new company - ID: 25053, Name: 'LILAC SEAWAYS LTD', Country: 'Singapore'
2025-10-01 21:25:11,828 - INFO - Created new company - ID: 25054, Name: 'LEAFARA TRADE LTD', Country: 'Japan'
2025-10-01 21:25:15,931 - INFO - Created new company - ID: 25055, Name: 'MANDARIN EAGLE SHIPPING PTE', Country: 'Singapore'
2025-10-01 21:25:20,025 - INFO - Created new company - ID: 25056, Name: 'CIRCLE LUCK CORP', Country: 'Singapore'
2025-10-01 21:25:24,160 - INFO - Created new company - ID: 25057, Name: 'MANDARIN NOBLE SHIPPING PTE', Country: 'Singapore'
2025-10-01 21:25:28,329 - INFO - Created new company - ID: 25058, Name: 'MANDARIN RIVER SHIPPING PTE', Country: 'Singapore'
2025-10-01 21:25:32,458 - INFO - Created new company - ID: 25059, Name: 'MANDARIN PHOENIX SHIPPING', Country: 'Singapore'
2025-10-01 21:25:36,605 - INFO - Created new company - ID: 25060, Name: 'MANDARIN CHINA SHIPPING PTE', Country: 'Singapore'
2025-10-01 21:25:40,725 - INFO - Created new company - ID: 25061, Name: 'MANDARIN HANTONG SHIPPING', Country: 'Singapore'
2025-10-01 21:25:44,850 - INFO - Created new company - ID: 25062, Name: 'MANDARIN SINGAPORE SHIPPING', Country: 'Singapore'
2025-10-01 21:25:48,974 - INFO - Created new company - ID: 25063, Name: 'TW HORNBILL LINE SA', Country: 'Hong-kong'
2025-10-01 21:25:53,152 - INFO - Created new company - ID: 25064, Name: 'FRANBO WAY LTD', Country: 'Hong-kong'
2025-10-01 21:25:57,287 - INFO - Created new company - ID: 25065, Name: 'SUNRISE JADE SHIPPING PTE LTD', Country: 'Singapore'
2025-10-01 21:26:01,429 - INFO - Created new company - ID: 25066, Name: 'SERENITY SHIPPING CO LTD-BVI', Country: 'Singapore'
2025-10-01 21:26:05,699 - INFO - Created new company - ID: 25067, Name: 'HIRAM SHIPPING CO LTD', Country: 'Singapore'
2025-10-01 21:26:09,865 - INFO - Created new company - ID: 25068, Name: 'WORSHIP LIGHT SHIPPING CO LTD', Country: 'Singapore'
2025-10-01 21:26:13,954 - INFO - Created new company - ID: 25069, Name: 'CURIOUS SHIPPING LTD', Country: 'Singapore'
2025-10-01 21:26:18,050 - INFO - Created new company - ID: 25070, Name: 'FESTIVAL MARINE CO LTD', Country: 'Singapore'
2025-10-01 21:26:22,289 - INFO - Created new company - ID: 25071, Name: 'HARMONY SIX SHIPPING CO LTD', Country: 'Singapore'
2025-10-01 21:26:26,416 - INFO - Created new company - ID: 25072, Name: 'LUCKY CREEK LTD', Country: 'Singapore'
2025-10-01 21:26:30,569 - INFO - Created new company - ID: 25073, Name: 'SEA ADELAIDE SHIPPING CO LTD', Country: 'Singapore'
2025-10-01 21:26:34,653 - INFO - Created new company - ID: 25074, Name: 'WEI XIN SHIPPING CO LTD', Country: 'Singapore'
2025-10-01 21:26:38,807 - INFO - Created new company - ID: 25075, Name: 'SUNNINE 1 SHIPPING CO LTD', Country: 'Singapore'
2025-10-01 21:26:42,978 - INFO - Created new company - ID: 25076, Name: 'BREEZE 1 SHIPPING CO LTD', Country: 'Singapore'
2025-10-01 21:26:47,086 - INFO - Created new company - ID: 25077, Name: 'SUNNINE 3 SHIPPING CO LTD', Country: 'Japan'
2025-10-01 21:26:51,204 - INFO - Created new company - ID: 25078, Name: 'SUNNINE 7 SHIPPING CO LTD', Country: 'None'
2025-10-01 21:26:55,348 - INFO - Created new company - ID: 25079, Name: 'HARMONY LIGHT SHIPPING CO LTD', Country: 'None'
2025-10-01 21:26:59,446 - INFO - Created new company - ID: 25080, Name: 'WHITE TRUFFLE PTE LTD', Country: 'Singapore'
2025-10-01 21:27:03,545 - INFO - Created new company - ID: 25081, Name: 'IVS BULK 10910 PTE LTD', Country: 'Singapore'
2025-10-01 21:27:07,677 - INFO - Created new company - ID: 25082, Name: 'JUNIUS MI LTD', Country: 'Marshall-islands'
2025-10-01 21:27:11,798 - INFO - Created new company - ID: 25083, Name: 'ALLERIA SHIPPING CO LTD', Country: 'Hong-kong'
2025-10-01 21:27:21,645 - INFO - Created new company - ID: 25084, Name: 'GOOD EDGEHILL MI LTD', Country: 'Hong-kong'
2025-10-01 21:27:25,827 - INFO - Created new company - ID: 25085, Name: 'LUCIUS MI LTD', Country: 'Hong-kong'
2025-10-01 21:27:38,105 - INFO - Created new company - ID: 25086, Name: 'TEIA RO LTD', Country: 'Germany'
2025-10-01 21:27:42,288 - INFO - Created new company - ID: 25087, Name: 'JLPS SHIP INVEST MARSHALL 2', Country: 'Singapore'
2025-10-01 21:27:46,426 - INFO - Created new company - ID: 25088, Name: 'SFL CROLLY INC', Country: 'Singapore'
2025-10-01 21:27:50,572 - INFO - Created new company - ID: 25089, Name: 'LS-LBR 3 CO LTD', Country: 'Singapore'
2025-10-01 21:27:54,670 - INFO - Created new company - ID: 25090, Name: 'THALASSA HELLAS PTE LTD', Country: 'Singapore'
2025-10-01 21:27:58,781 - INFO - Created new company - ID: 25091, Name: 'SOLT HOLDING LIBERIA 31 SA', Country: 'Singapore'
2025-10-01 21:28:02,883 - INFO - Created new company - ID: 25092, Name: 'SOLT HOLDING LIBERIA 32 SA', Country: 'Singapore'
2025-10-01 21:28:07,052 - INFO - Created new company - ID: 25093, Name: 'THALASSA AVRA PTE LTD', Country: 'Singapore'
2025-10-01 21:28:11,186 - INFO - Created new company - ID: 25094, Name: 'SFL MANA INC', Country: 'Singapore'
2025-10-01 21:28:15,309 - INFO - Created new company - ID: 25095, Name: 'SFL TYHI INC', Country: 'Singapore'
2025-10-01 21:28:19,950 - INFO - Created new company - ID: 25096, Name: 'SFL DOXA INC', Country: 'Singapore'
2025-10-01 21:28:24,344 - INFO - Created new company - ID: 25097, Name: 'FPG SHIPHOLDING LIBERIA 10 SA', Country: 'Slovenia'
2025-10-01 21:28:42,357 - INFO - Created new company - ID: 25098, Name: 'MARCO POLO OFFSHORE III', Country: 'Singapore'
2025-10-01 21:29:12,901 - INFO - Created new company - ID: 25099, Name: 'BEST MEASURE LTD', Country: 'China'
2025-10-01 21:29:12,958 - INFO - Created new company - ID: 25100, Name: 'BEIJING YINGFENG XINGYE MARINE', Country: 'China'
2025-10-01 21:29:17,038 - INFO - Created new company - ID: 25101, Name: 'NEO WIDE LTD', Country: 'Singapore'
2025-10-01 21:29:21,145 - INFO - Created new company - ID: 25102, Name: 'OCEAN DRILLER I LTD', Country: 'Singapore'
2025-10-01 21:29:25,044 - INFO - Created new company - ID: 25103, Name: 'NINA SERVICES CORP', Country: 'Singapore'
2025-10-01 21:29:29,185 - INFO - Created new company - ID: 25104, Name: 'TIANJIN ORIENT INTL CRUISE', Country: 'Singapore'
2025-10-01 21:29:37,478 - INFO - Created new company - ID: 25105, Name: 'HONG KONG ANGELA SHIPPING CO', Country: 'Singapore'
2025-10-01 21:30:47,126 - INFO - Created new company - ID: 25106, Name: 'DAXIN MARINE PTE LTD', Country: 'Singapore'
2025-10-01 21:30:55,310 - INFO - Created new company - ID: 25107, Name: 'RONG YI DA SHIPPING PTE LTD', Country: 'Singapore'
2025-10-01 21:31:28,003 - INFO - Created new company - ID: 25108, Name: 'KN SHIPPING SA', Country: 'Singapore'
2025-10-01 21:32:00,806 - INFO - Created new company - ID: 25109, Name: 'PANA STAR LINE SA', Country: 'Panama'
2025-10-01 21:32:04,942 - INFO - Created new company - ID: 25110, Name: 'DIAMOND INDAH PTE LTD', Country: 'Singapore'
2025-10-01 21:32:09,069 - INFO - Created new company - ID: 25111, Name: 'PACSARI PTE LTD', Country: 'Singapore'
2025-10-01 21:32:13,216 - INFO - Created new company - ID: 25112, Name: 'OCEAN PHOENIX PTE LTD', Country: 'None'
2025-10-01 21:32:17,351 - INFO - Created new company - ID: 25113, Name: 'OCEAN GLORY MARITIME PTE LTD', Country: 'None'
2025-10-01 21:32:21,521 - INFO - Created new company - ID: 25114, Name: 'SARI INDAH PTE LTD', Country: 'None'
2025-10-01 21:32:25,648 - INFO - Created new company - ID: 25115, Name: 'OCEAN SUKSES PTE LTD', Country: 'None'
2025-10-01 21:32:29,772 - INFO - Created new company - ID: 25116, Name: 'OCEAN GOLD PTE LTD', Country: 'None'
2025-10-01 21:32:33,865 - INFO - Created new company - ID: 25117, Name: 'OCEAN PERKASA PTE LTD', Country: 'None'
2025-10-01 21:32:37,987 - INFO - Created new company - ID: 25118, Name: 'BOGA INDAH PTE LTD', Country: 'Singapore'
2025-10-01 21:32:42,165 - INFO - Created new company - ID: 25119, Name: 'OCEAN MAKMUR PTE LTD', Country: 'Indonesia'
2025-10-01 21:32:46,250 - INFO - Created new company - ID: 25120, Name: 'OCEAN JADE PTE LTD', Country: 'Indonesia'
2025-10-01 21:32:54,498 - INFO - Created new company - ID: 25121, Name: 'STL-PS MARINE PTE LTD', Country: 'Singapore'
2025-10-01 21:34:20,144 - INFO - Created new company - ID: 25122, Name: 'PROGRESS MARINE PTE LTD', Country: 'None'
2025-10-01 21:34:24,059 - INFO - Created new company - ID: 25123, Name: 'BLUE RING ENTERPRISES LTD', Country: 'Singapore'
2025-10-01 21:34:28,178 - INFO - Created new company - ID: 25124, Name: 'RYSON MARINE SERVICES', Country: 'Singapore'
2025-10-01 21:34:32,320 - INFO - Created new company - ID: 25125, Name: 'HAI HENG PETROLEUM & BUNKERING', Country: 'Singapore'
2025-10-01 21:34:36,434 - INFO - Created new company - ID: 25126, Name: 'HAI SOON SERVICES PTE LTD', Country: 'Singapore'
2025-10-01 21:34:40,535 - INFO - Created new company - ID: 25127, Name: 'HAI SOON SHIPPING PTE LTD', Country: 'Singapore'
2025-10-01 21:34:44,655 - INFO - Created new company - ID: 25128, Name: 'EASTERN KING MARINE PTE LTD', Country: 'Singapore'
2025-10-01 21:34:48,735 - INFO - Created new company - ID: 25129, Name: 'RYSON SHIPPING PTE LTD', Country: 'Singapore'
2025-10-01 21:34:52,934 - INFO - Created new company - ID: 25130, Name: 'HAI SOON MARINE SERVICES PTE', Country: 'Singapore'
2025-10-01 21:34:57,030 - INFO - Created new company - ID: 25131, Name: 'HAI ZHI MARINE SERVICES', Country: 'Singapore'
2025-10-01 21:35:01,136 - INFO - Created new company - ID: 25132, Name: 'PIONEER MARINE SERVICES PTE', Country: 'Singapore'
2025-10-01 21:36:23,103 - INFO - Created new company - ID: 25133, Name: 'RYDAL SHIPPING PTE LTD', Country: 'Singapore'
2025-10-01 21:37:12,114 - INFO - Created new company - ID: 25134, Name: 'BLUE MARLIN SHIPPING PTE LTD', Country: 'Singapore'
2025-10-01 21:37:16,231 - INFO - Created new company - ID: 25135, Name: 'ONYX RIVER SHIPPING LTD', Country: 'Hong-kong'
2025-10-01 21:37:40,646 - INFO - Created new company - ID: 25136, Name: 'CHEERY MARINE LTD', Country: 'Singapore'
2025-10-01 21:37:48,835 - INFO - Created new company - ID: 25137, Name: 'AUTOMAC MULTIRESOURCES SDN BHD', Country: 'Singapore'
2025-10-01 21:38:33,749 - INFO - Created new company - ID: 25138, Name: 'WS2 SHIPPING SA', Country: 'Singapore'
2025-10-01 21:38:54,205 - INFO - Created new company - ID: 25139, Name: 'MINSHENG HANGLING TIANJIN SHPG', Country: 'Singapore'
2025-10-01 21:38:58,722 - INFO - Created new company - ID: 25140, Name: 'LUSH TREASURY LTD', Country: 'Singapore'
2025-10-01 21:39:03,441 - INFO - Created new company - ID: 25141, Name: 'MINSHENG QIHAO TIANJIN SHPG', Country: 'Singapore'
2025-10-01 21:39:08,033 - INFO - Created new company - ID: 25142, Name: 'MINSHENG QIXING TIANJINN SHPG', Country: 'Singapore'
2025-10-01 21:39:12,745 - INFO - Created new company - ID: 25143, Name: 'MINSHENG QIAN TIANJIN SHIPPING', Country: 'China'
2025-10-01 21:39:17,352 - INFO - Created new company - ID: 25144, Name: 'OCEAN SUNSHINE SHIPPING LTD', Country: 'Hong-kong'
2025-10-01 21:39:21,995 - INFO - Created new company - ID: 25145, Name: 'OCEAN WHALE SHIPPING LTD', Country: 'China'
2025-10-01 21:39:26,593 - INFO - Created new company - ID: 25146, Name: 'MINSHENG QIKAI TIANJIN SHPG', Country: 'Singapore'
2025-10-01 21:39:52,338 - INFO - Created new company - ID: 25147, Name: 'ALNATH MARITIME PTE LTD', Country: 'Singapore'
2025-10-01 21:39:56,442 - INFO - Created new company - ID: 25148, Name: 'DUBHE SHIPPING 2017 PTE LTD', Country: 'Singapore'
2025-10-01 21:40:00,525 - INFO - Created new company - ID: 25149, Name: 'SEGINUS SHIPPING 2020 PTE LTD', Country: 'Singapore'
2025-10-01 21:40:04,650 - INFO - Created new company - ID: 25150, Name: 'SCHEDAR SHIPPING 2020 PTE LTD', Country: 'Singapore'
2025-10-01 21:40:08,810 - INFO - Created new company - ID: 25151, Name: 'LANDUK SHIPPING PTE LTD', Country: 'Singapore'
2025-10-01 21:40:12,908 - INFO - Created new company - ID: 25152, Name: 'SUHAIL SHIPPING 2020 PTE LTD', Country: 'Singapore'
2025-10-01 21:40:17,015 - INFO - Created new company - ID: 25153, Name: 'SHAULA SHIPPING 2020 PTE LTD', Country: 'Singapore'
2025-10-01 21:40:21,116 - INFO - Created new company - ID: 25154, Name: 'CAPELLA SHIPPING PTE LTD', Country: 'Singapore'
2025-10-01 21:40:25,248 - INFO - Created new company - ID: 25155, Name: 'CANOPUS SHIPPING PTE LTD', Country: 'Singapore'
2025-10-01 21:40:29,358 - INFO - Created new company - ID: 25156, Name: 'MAYBULK BHD', Country: 'Malaysia'
2025-10-01 21:40:33,455 - INFO - Created new company - ID: 25157, Name: 'HUAXIA SHENGHUI TIANJIN', Country: 'Hong-kong'
2025-10-01 21:40:33,512 - INFO - Created new company - ID: 25158, Name: 'HG BARCELONA SHIPPING CO LTD', Country: 'Hong-kong'
2025-10-01 21:40:37,596 - INFO - Created new company - ID: 25159, Name: 'HUAXIA SHENGHONG TIANJIN', Country: 'China'
2025-10-01 21:40:37,654 - INFO - Created new company - ID: 25160, Name: 'RTA BILBAO LTD', Country: 'China'
2025-10-01 21:40:41,764 - INFO - Created new company - ID: 25161, Name: 'HUAXIA SHENGHENG TIANJIN', Country: 'China'
2025-10-01 21:40:41,821 - INFO - Created new company - ID: 25162, Name: 'RTA NAPLES LTD', Country: 'China'
2025-10-01 21:40:45,906 - INFO - Created new company - ID: 25163, Name: 'OCEAN AGATE LTD', Country: 'China'
2025-10-01 21:40:50,054 - INFO - Created new company - ID: 25164, Name: 'OCEAN TOPAZ LTD', Country: 'China'
2025-10-01 21:40:54,247 - INFO - Created new company - ID: 25165, Name: 'TIANJIN SPRING EQUINOX LEASING', Country: 'Singapore'
2025-10-01 21:40:58,404 - INFO - Created new company - ID: 25166, Name: 'TIANJIN GRAIN RAIN LEASING LTD', Country: 'Singapore'
2025-10-01 21:41:02,517 - INFO - Created new company - ID: 25167, Name: 'RTA HAMBURG LTD', Country: 'China'
2025-10-01 21:41:06,634 - INFO - Created new company - ID: 25168, Name: 'XIANG H51 INTERNATIONAL SHIP', Country: 'China'
2025-10-01 21:41:10,762 - INFO - Created new company - ID: 25169, Name: 'HUAXIA SHENGJIA TIANJIN', Country: 'China'
2025-10-01 21:41:55,832 - INFO - Created new company - ID: 25170, Name: 'SENTINEL OFFSHORE VESSELS PTE', Country: 'Singapore'
2025-10-01 21:41:59,957 - INFO - Created new company - ID: 25171, Name: 'JAN MARINE LNG PTE LTD', Country: 'Singapore'
2025-10-01 21:42:04,114 - INFO - Created new company - ID: 25172, Name: 'HAI JIAO 1605 LTD', Country: 'Singapore'
2025-10-01 21:42:08,323 - INFO - Created new company - ID: 25173, Name: 'ARIES LINE SHIPPING', Country: 'Singapore'
2025-10-01 21:42:16,511 - INFO - Created new company - ID: 25174, Name: 'XIANG T141 SG INTERNATIONAL', Country: 'Singapore'
2025-10-01 21:42:20,624 - INFO - Created new company - ID: 25175, Name: 'XIANG T45 SG INTERNATIONAL', Country: 'Singapore'
2025-10-01 21:42:25,400 - INFO - Created new company - ID: 25176, Name: 'XIANG T14 SG INTERNATIONAL', Country: 'Singapore'
2025-10-01 21:42:29,515 - INFO - Created new company - ID: 25177, Name: 'XIANG T18 SG INTERNATIONAL', Country: 'Singapore'
2025-10-01 21:42:33,632 - INFO - Created new company - ID: 25178, Name: 'XIANG T19 SG INTERNATIONAL', Country: 'Singapore'
2025-10-01 21:42:37,777 - INFO - Created new company - ID: 25179, Name: 'XIANG T20 SG INTERNATIONAL', Country: 'Singapore'
2025-10-01 21:42:41,921 - INFO - Created new company - ID: 25180, Name: 'BW LNG IV PTE LTD', Country: 'Singapore'
2025-10-01 21:42:46,020 - INFO - Created new company - ID: 25181, Name: 'BERGE NYANGANI COMPANY INC', Country: 'Singapore'
2025-10-01 21:42:50,136 - INFO - Created new company - ID: 25182, Name: 'BW FSRU II PTE LTD', Country: 'Singapore'
2025-10-01 21:42:54,267 - INFO - Created new company - ID: 25183, Name: 'BW FSRU III PTE LTD', Country: 'Singapore'
2025-10-01 21:43:26,995 - INFO - Created new company - ID: 25184, Name: 'FH BERTLING DALARNA SHIPPING', Country: 'Germany'
2025-10-01 21:43:27,053 - INFO - Created new company - ID: 25185, Name: 'FH BERTLING REEDEREI GMBH', Country: 'None'
2025-10-01 21:43:31,160 - INFO - Created new company - ID: 25186, Name: 'FH BERTLING ALENTEJO SHIPPING', Country: 'Singapore'
2025-10-01 21:43:35,322 - INFO - Created new company - ID: 25187, Name: 'FH BERTLING GALICIA SHIPPING', Country: 'Singapore'
2025-10-01 21:43:39,435 - INFO - Created new company - ID: 25188, Name: 'FH BERTLING CUMBRIA SHIPPING', Country: 'Singapore'
2025-10-01 21:43:43,574 - INFO - Created new company - ID: 25189, Name: 'NORDIC HANDYSIZE VI AS', Country: 'Singapore'
2025-10-01 21:43:47,680 - INFO - Created new company - ID: 25190, Name: 'GREAT PURUS ONE LTD', Country: 'Germany'
2025-10-01 21:43:51,801 - INFO - Created new company - ID: 25191, Name: 'GREAT PURUS TWO LTD', Country: 'Germany'
2025-10-01 21:43:55,889 - INFO - Created new company - ID: 25192, Name: 'GREAT PURUS THREE LTD', Country: 'Germany'
2025-10-01 21:44:36,736 - INFO - Created new company - ID: 25193, Name: 'VENTURE PEARL PTE LTD', Country: 'None'
2025-10-01 21:44:40,869 - INFO - Created new company - ID: 25194, Name: 'LS-MHL17 CO LTD', Country: 'Singapore'
2025-10-01 21:44:44,972 - INFO - Created new company - ID: 25195, Name: 'LS-MHL18 CO LTD', Country: 'Singapore'
2025-10-01 21:44:49,087 - INFO - Created new company - ID: 25196, Name: 'LS-MHL19 CO LTD', Country: 'Singapore'
2025-10-01 21:44:53,225 - INFO - Created new company - ID: 25197, Name: 'LS-MHL20 CO LTD', Country: 'Singapore'
2025-10-01 21:44:57,380 - INFO - Created new company - ID: 25198, Name: 'CETUS NARWHAL SHIPPING PTE LTD', Country: 'Singapore'
2025-10-01 21:45:01,520 - INFO - Created new company - ID: 25199, Name: 'CETUS OMURA SHIPPING PTE LTD', Country: 'Singapore'
2025-10-01 21:45:05,608 - INFO - Created new company - ID: 25200, Name: 'CETUS SPADE SHIPPING PTE LTD', Country: 'Singapore'
2025-10-01 21:45:45,816 - INFO - Created new company - ID: 25201, Name: 'HSC SHIPPING PTE LTD', Country: 'Singapore'
2025-10-01 21:45:49,959 - INFO - Created new company - ID: 25202, Name: 'YING SHUN SHIPPING PTE LTD', Country: 'Singapore'
2025-10-01 21:45:54,124 - INFO - Created new company - ID: 25203, Name: 'HAO SHUN SHIPPING SA', Country: 'China'
2025-10-01 21:45:58,216 - INFO - Created new company - ID: 25204, Name: 'TONG YING SHIPPING PTE LTD', Country: 'Singapore'
2025-10-01 21:46:02,370 - INFO - Created new company - ID: 25205, Name: 'YU TONG SHIPPING PTE LTD', Country: 'Singapore'
2025-10-01 21:46:06,489 - INFO - Created new company - ID: 25206, Name: 'TONG SHUN SHIPPING PTE LTD', Country: 'Singapore'
2025-10-01 21:46:10,639 - INFO - Created new company - ID: 25207, Name: 'TONG XIANG SHIPPING PTE LTD', Country: 'Singapore'
2025-10-01 21:46:14,783 - INFO - Created new company - ID: 25208, Name: 'HAO SHUN SHIPPING PTE LTD', Country: 'Singapore'
2025-10-01 21:46:18,927 - INFO - Created new company - ID: 25209, Name: 'SHUN YING SHIPPING PTE LTD', Country: 'Singapore'
2025-10-01 21:46:23,024 - INFO - Created new company - ID: 25210, Name: 'SUCCESS GLOBAL HOLDING LTD', Country: 'Singapore'
2025-10-01 21:46:27,142 - INFO - Created new company - ID: 25211, Name: 'HAI SOON OIL PTE LTD', Country: 'Singapore'
2025-10-01 21:46:31,259 - INFO - Created new company - ID: 25212, Name: 'HS OCEAN PTE LTD', Country: 'Singapore'
2025-10-01 21:46:35,399 - INFO - Created new company - ID: 25213, Name: 'SUPER SHINE DEVELOPMENT LTD', Country: 'Singapore'
2025-10-01 21:46:39,606 - INFO - Created new company - ID: 25214, Name: 'WINNER OCEAN PTE LTD', Country: 'Singapore'
2025-10-01 21:46:43,722 - INFO - Created new company - ID: 25215, Name: 'MARIS STELLA INTL PTE LTD', Country: 'Singapore'
2025-10-01 21:46:47,819 - INFO - Created new company - ID: 25216, Name: 'PROSPERITY MARINE PTE LTD', Country: 'Singapore'
2025-10-01 21:46:51,965 - INFO - Created new company - ID: 25217, Name: 'HARVEST MARINE SERVICES PTE', Country: 'Singapore'
2025-10-01 21:47:20,616 - INFO - Created new company - ID: 25218, Name: 'SANDPIPER PACIFIC PTE LTD', Country: 'Singapore'
2025-10-01 21:47:24,814 - INFO - Created new company - ID: 25219, Name: 'PELICAN PACIFIC PTE LTD', Country: 'Singapore'
2025-10-01 21:47:28,902 - INFO - Created new company - ID: 25220, Name: 'PETREL PACIFIC PTE LTD', Country: 'Singapore'
2025-10-01 21:47:33,060 - INFO - Created new company - ID: 25221, Name: 'PUFFIN PACIFIC PTE LTD', Country: 'Singapore'
2025-10-01 21:47:37,182 - INFO - Created new company - ID: 25222, Name: 'PRATINCOLE PACIFIC PTE LTD', Country: 'Singapore'
2025-10-01 21:47:41,305 - INFO - Created new company - ID: 25223, Name: 'PARTRIDGE PACIFIC SHIPPING PTE', Country: 'Singapore'
2025-10-01 21:47:45,445 - INFO - Created new company - ID: 25224, Name: 'PEREGRINE PACIFIC SHIPPING PTE', Country: 'Singapore'
2025-10-01 21:47:49,607 - INFO - Created new company - ID: 25225, Name: 'PINTAIL PACIFIC SHIPPING', Country: 'Singapore'
2025-10-01 21:48:05,958 - INFO - Created new company - ID: 25226, Name: 'BALTNAV SINGAPORE PTE LTD', Country: 'Singapore'
2025-10-01 21:48:42,719 - INFO - Created new company - ID: 25227, Name: 'CEBFL NO 10 TIANJIN SHIP', Country: 'Singapore'
2025-10-01 21:48:46,839 - INFO - Created new company - ID: 25228, Name: 'HUITONG OCEAN SHIPPING CO LTD', Country: 'Singapore'
2025-10-01 21:48:50,941 - INFO - Created new company - ID: 25229, Name: 'HAINAN PUAN INT TRANSPORTATION', Country: 'China'
2025-10-01 21:48:55,097 - INFO - Created new company - ID: 25230, Name: 'MINSHENG QI HAI TIANJIN SHPG', Country: 'Singapore'
2025-10-01 21:48:59,234 - INFO - Created new company - ID: 25231, Name: 'MINSHENG QI YANG TIANJIN SHPG', Country: 'Singapore'
2025-10-01 21:49:03,371 - INFO - Created new company - ID: 25232, Name: 'XIANG T22 SG INTERNATIONAL', Country: 'Singapore'
2025-10-01 21:49:07,511 - INFO - Created new company - ID: 25233, Name: 'XIANG T23 SG INTERNATIONAL', Country: 'Singapore'
2025-10-01 21:49:11,658 - INFO - Created new company - ID: 25234, Name: 'XIANG T24 SG INTERNATIONAL', Country: 'Singapore'
2025-10-01 21:49:15,761 - INFO - Created new company - ID: 25235, Name: 'XIANG T25 SG INTERNATIONAL', Country: 'Singapore'
2025-10-01 21:49:40,298 - INFO - Created new company - ID: 25236, Name: 'ICONIC MARINE PTE LTD', Country: 'Singapore'
2025-10-01 21:49:44,428 - INFO - Created new company - ID: 25237, Name: 'SEALINK MARITIME PTE LTD', Country: 'Singapore'
2025-10-01 21:50:21,278 - INFO - Created new company - ID: 25238, Name: 'PIURA PACIFIC SHIPPING PTE LTD', Country: 'Singapore'
2025-10-01 21:50:21,336 - INFO - Created new company - ID: 25239, Name: 'CEDAR HOLDINGS PTE LTD', Country: 'Singapore'
2025-10-01 21:50:29,553 - INFO - Created new company - ID: 25240, Name: 'VARINDA INTI PERDANA PT', Country: 'Greece'
2025-10-01 21:51:02,378 - INFO - Created new company - ID: 25241, Name: 'SILVER FLEET LTD', Country: 'Singapore'
2025-10-01 21:51:39,147 - INFO - Created new company - ID: 25242, Name: 'HONOR LINE TRADE HOLDINGS LTD', Country: 'Singapore'
2025-10-01 21:51:55,599 - INFO - Created new company - ID: 25243, Name: 'ZHEJIANG ZHOURUN SHPG CO LTD', Country: 'China'
2025-10-01 21:52:58,763 - INFO - Created new company - ID: 25244, Name: 'CIMC PEONY LTD', Country: 'Singapore'
2025-10-01 21:53:02,841 - INFO - Created new company - ID: 25245, Name: 'BRIGHT JUPITER SHIPPING LTD', Country: 'Italy'
2025-10-01 21:53:06,980 - INFO - Created new company - ID: 25246, Name: 'CIMC CARNATION LTD', Country: 'Singapore'
2025-10-01 21:53:11,119 - INFO - Created new company - ID: 25247, Name: 'CIMC GARDENIA LTD', Country: 'Hong-kong'
2025-10-01 21:53:15,259 - INFO - Created new company - ID: 25248, Name: 'SPDBFL TWO HUNDRED & NINE', Country: 'Singapore'
2025-10-01 21:53:19,379 - INFO - Created new company - ID: 25249, Name: 'CIMC TULIP LTD', Country: 'Singapore'
2025-10-01 21:53:23,508 - INFO - Created new company - ID: 25250, Name: 'SPDBFL TWO HUNDRED & TEN', Country: 'Singapore'
2025-10-01 21:53:27,603 - INFO - Created new company - ID: 25251, Name: 'CIMC DAISY LTD', Country: 'Singapore'
2025-10-01 21:55:54,975 - INFO - Created new company - ID: 25252, Name: 'HUIYUN TIANJIN SHPG LEASING CO', Country: 'None'
2025-10-01 21:56:02,991 - INFO - Created new company - ID: 25253, Name: 'FLUORITE RIVER SHIPPING', Country: 'Singapore'
2025-10-01 21:56:23,466 - INFO - Created new company - ID: 25254, Name: 'OCEAN SHIPPING INTERNATIONAL', Country: 'Greece'
2025-10-01 21:56:27,624 - INFO - Created new company - ID: 25255, Name: 'HARMONY SHIPHOLDING LTD', Country: 'Greece'
2025-10-01 21:56:31,783 - INFO - Created new company - ID: 25256, Name: 'TITANIA ENTERPRISES LTD', Country: 'Greece'
2025-10-01 21:56:35,926 - INFO - Created new company - ID: 25257, Name: 'FUTURE NAVIGATION LTD', Country: 'Greece'
2025-10-01 21:56:40,170 - INFO - Created new company - ID: 25258, Name: 'OLYMPIC SHIPPING LTD-LIB', Country: 'Greece'
2025-10-01 21:56:44,301 - INFO - Created new company - ID: 25259, Name: 'ATHINA NAVIGATION LTD-LIB', Country: 'Ireland'
2025-10-01 21:56:48,412 - INFO - Created new company - ID: 25260, Name: 'UNITY NAVIGATION SHIPHOLDING', Country: 'Greece'
2025-10-01 21:56:52,510 - INFO - Created new company - ID: 25261, Name: 'CSHA SHIPPING CO LTD', Country: 'Marshall-islands'
2025-10-01 21:56:56,633 - INFO - Created new company - ID: 25262, Name: 'CSHB SHIPPING CO LTD', Country: 'Marshall-islands'
2025-10-01 21:57:00,719 - INFO - Created new company - ID: 25263, Name: 'CSH SHIPPING CO LTD', Country: 'Marshall-islands'
2025-10-01 21:57:04,838 - INFO - Created new company - ID: 25264, Name: 'CSZ SHIPPING CO LTD', Country: 'Marshall-islands'
2025-10-01 21:57:09,057 - INFO - Created new company - ID: 25265, Name: 'GLOBAL EXPRESS HOLDINGS LTD', Country: 'British-virgin-islands'
2025-10-01 21:57:13,277 - INFO - Created new company - ID: 25266, Name: 'TI2 SHIPPING PTE LTD', Country: 'Singapore'
2025-10-01 21:57:17,403 - INFO - Created new company - ID: 25267, Name: 'GREAT 61 SHIPPING PTE LTD', Country: 'Singapore'
2025-10-01 21:57:21,520 - INFO - Created new company - ID: 25268, Name: 'SORSI SHIPPING PTE LTD', Country: 'Singapore'
2025-10-01 21:57:25,689 - INFO - Created new company - ID: 25269, Name: 'ULTRALAZ PTE LTD', Country: 'Singapore'
2025-10-01 21:57:32,127 - INFO - Created new company - ID: 25270, Name: 'SOTKA SHIPPING PTE LTD', Country: 'Singapore'
2025-10-01 21:57:36,218 - INFO - Created new company - ID: 25271, Name: 'GRAMBA SHIPPING PTE LTD', Country: 'Singapore'
2025-10-01 21:58:16,905 - INFO - Created new company - ID: 25272, Name: 'BRIDGEWATER 168 PTE LTD', Country: 'Singapore'
2025-10-01 21:58:21,007 - INFO - Created new company - ID: 25273, Name: 'AN DA SHIPPING CO LTD', Country: 'Singapore'
2025-10-01 21:58:25,195 - INFO - Created new company - ID: 25274, Name: 'AVICIL LIBRA LTD', Country: 'Singapore'
2025-10-01 21:58:29,321 - INFO - Created new company - ID: 25275, Name: 'AVICIL SCORPIO LTD', Country: 'Singapore'
2025-10-01 21:58:33,439 - INFO - Created new company - ID: 25276, Name: 'AVICIL CAPRICORN LTD', Country: 'Singapore'
2025-10-01 21:58:37,592 - INFO - Created new company - ID: 25277, Name: 'AVICIL AQUARIUS LTD', Country: 'Marshall-islands'
2025-10-01 21:58:41,707 - INFO - Created new company - ID: 25278, Name: 'GEM 2020 LTD', Country: 'Singapore'
2025-10-01 21:58:45,805 - INFO - Created new company - ID: 25279, Name: 'JADE 2020 LTD', Country: 'Singapore'
2025-10-01 21:59:18,818 - INFO - Created new company - ID: 25280, Name: 'HARZAND SHIPPING PTE LTD', Country: 'Bermuda'
2025-10-01 21:59:23,425 - INFO - Created new company - ID: 25281, Name: 'HYPERION SHIPPING PTE LTD', Country: 'Singapore'
2025-10-01 21:59:28,238 - INFO - Created new company - ID: 25282, Name: 'HUMORIST SHIPPING PTE LTD', Country: 'Singapore'
2025-10-01 21:59:32,537 - INFO - Created new company - ID: 25283, Name: 'HENBIT SHIPPING PTE LTD', Country: 'Singapore'
2025-10-01 21:59:37,255 - INFO - Created new company - ID: 25284, Name: 'HERMIT SHIPPING PTE LTD', Country: 'Singapore'
2025-10-01 21:59:41,757 - INFO - Created new company - ID: 25285, Name: 'HANNIBAL SHIPPING PTE LTD', Country: 'Singapore'
2025-10-01 21:59:46,262 - INFO - Created new company - ID: 25286, Name: 'GUI YANG SHIPPING LTD', Country: 'Hong-kong'
2025-10-01 21:59:50,772 - INFO - Created new company - ID: 25287, Name: 'BAO YANG SHIPPING HK LTD', Country: 'Singapore'
2025-10-01 21:59:55,425 - INFO - Created new company - ID: 25288, Name: 'MING YANG SHIPPING LTD', Country: 'Singapore'
2025-10-01 22:00:00,093 - INFO - Created new company - ID: 25289, Name: 'PING YANG SHIPPING LTD', Country: 'Singapore'
2025-10-01 22:00:04,902 - INFO - Created new company - ID: 25290, Name: 'HAO YANG INTERNATIONAL', Country: 'Singapore'
2025-10-01 22:00:09,718 - INFO - Created new company - ID: 25291, Name: 'TRIUMPH OCEAN SHIPPING LTD', Country: 'Singapore'
2025-10-01 22:00:14,342 - INFO - Created new company - ID: 25292, Name: 'JING YANG SHIPPING LTD', Country: 'Singapore'
2025-10-01 22:00:18,707 - INFO - Created new company - ID: 25293, Name: 'JEN SHIPPING PTE LTD', Country: 'None'
2025-10-01 22:00:23,116 - INFO - Created new company - ID: 25294, Name: 'NEPTUNE STRATEGIC VENTURES PTE', Country: 'None'
2025-10-01 22:00:31,833 - INFO - Created new company - ID: 25295, Name: 'LAVENDER OCEANS LTD', Country: 'Marshall-islands'
2025-10-01 22:00:35,925 - INFO - Created new company - ID: 25296, Name: 'TULIP SHIPPING LTD-MAI', Country: 'United-arab-emirates'
2025-10-01 22:01:33,113 - INFO - Created new company - ID: 25297, Name: 'ABUNDANT SELECT LTD', Country: 'British-virgin-islands'
2025-10-01 22:01:37,256 - INFO - Created new company - ID: 25298, Name: 'MAUD SHIPPING PTE LTD', Country: 'Singapore'
2025-10-01 22:01:41,386 - INFO - Created new company - ID: 25299, Name: 'RUM SHIPPING PTE LTD', Country: 'Singapore'
2025-10-01 22:01:45,491 - INFO - Created new company - ID: 25300, Name: 'TIREE SHIPPING PTE LTD', Country: 'Singapore'
2025-10-01 22:01:49,624 - INFO - Created new company - ID: 25301, Name: 'PAPAY SHIPPING PTE LTD', Country: 'Singapore'
2025-10-01 22:01:53,791 - INFO - Created new company - ID: 25302, Name: 'SKYE SHIPPING PTE LTD', Country: 'Singapore'
2025-10-01 22:01:57,904 - INFO - Created new company - ID: 25303, Name: 'RAFFLES PRIDE LTD', Country: 'Singapore'
2025-10-01 22:01:57,961 - INFO - Created new company - ID: 25304, Name: 'RAFFLES COMMERCIAL MANAGEMENT', Country: 'Singapore'
2025-10-01 22:02:55,273 - INFO - Created new company - ID: 25305, Name: 'LD PORTS & LOGISTICS PTE LTD', Country: 'Singapore'
2025-10-01 22:03:23,869 - INFO - Created new company - ID: 25306, Name: 'SUNNY ROUTE SHIPPING SA', Country: 'Singapore'
2025-10-01 22:03:28,015 - INFO - Created new company - ID: 25307, Name: 'SUNNY FARANAH SHIPPING SA', Country: 'Singapore'
2025-10-01 22:03:32,106 - INFO - Created new company - ID: 25308, Name: 'SUNNY COAH SHIPPING SA', Country: 'Singapore'
2025-10-01 22:03:36,249 - INFO - Created new company - ID: 25309, Name: 'SUNNY NZEREKORE SHIPPING SA', Country: 'Singapore'
2025-10-01 22:03:40,439 - INFO - Created new company - ID: 25310, Name: 'SUNNY MATAKONG SHIPPING SA', Country: 'Singapore'
2025-10-01 22:03:44,574 - INFO - Created new company - ID: 25311, Name: 'SUNNY SAILOR SHIPPING SA', Country: 'Singapore'
2025-10-01 22:03:48,661 - INFO - Created new company - ID: 25312, Name: 'KETROSDEN TRIASMITRA PT', Country: 'Indonesia'
2025-10-01 22:03:56,879 - INFO - Created new company - ID: 25313, Name: 'LIBRA MV31 BV', Country: 'Brazil'
2025-10-01 22:04:00,980 - INFO - Created new company - ID: 25314, Name: 'SEPIA MV30 BV', Country: 'Netherlands'
2025-10-01 22:04:37,737 - INFO - Created new company - ID: 25315, Name: 'SKY HONEY SHIPPING PTE LTD', Country: 'Singapore'
2025-10-01 22:04:41,875 - INFO - Created new company - ID: 25316, Name: 'SILVER MARITIME ELEVEN PTE LTD', Country: 'Singapore'
2025-10-01 22:04:45,989 - INFO - Created new company - ID: 25317, Name: 'SPRING SHINE SHIPPING PTE LTD', Country: 'Singapore'
2025-10-01 22:04:50,111 - INFO - Created new company - ID: 25318, Name: 'SHIN MILKY WAY SHIPPING', Country: 'Singapore'
2025-10-01 22:04:54,250 - INFO - Created new company - ID: 25319, Name: 'WW NADIA SHIPPING PTE LTD', Country: 'Türkiye'
2025-10-01 22:04:58,353 - INFO - Created new company - ID: 25320, Name: 'XIANG S16 INTERNATIONAL SHIP', Country: 'Singapore'
2025-10-01 22:05:02,481 - INFO - Created new company - ID: 25321, Name: 'SUNBRIGHT SHIPPING LTD SA', Country: 'Singapore'
2025-10-01 22:05:06,642 - INFO - Created new company - ID: 25322, Name: 'PROPEL FORTUNE SHIPPING', Country: 'Singapore'
2025-10-01 22:05:10,883 - INFO - Created new company - ID: 25323, Name: 'PROPEL NAVIGATION PTE LTD', Country: 'Singapore'
2025-10-01 22:05:15,042 - INFO - Created new company - ID: 25324, Name: 'PROPEL GLORY SHIPPING PTE LTD', Country: 'Singapore'
2025-10-01 22:05:19,163 - INFO - Created new company - ID: 25325, Name: 'PROPEL SHAKTI SHIPPING PTE LTD', Country: 'Singapore'
2025-10-01 22:05:23,305 - INFO - Created new company - ID: 25326, Name: 'PROPEL SUCCESS SHIPPING PTE', Country: 'Singapore'
2025-10-01 22:05:39,686 - INFO - Created new company - ID: 25327, Name: 'PREMIER TANKERS LTD', Country: 'Singapore'
2025-10-01 22:05:52,021 - INFO - Created new company - ID: 25328, Name: 'ZHOUSHAN BAOZHEN SHIPPING CO', Country: 'China'
2025-10-01 22:05:56,131 - INFO - Created new company - ID: 25329, Name: 'TOEI/BAO SHENG/TOKYO MARITIME', Country: 'China'
2025-10-01 22:06:00,250 - INFO - Created new company - ID: 25330, Name: 'HOSEI GLOBAL CROWN SA', Country: 'Singapore'
2025-10-01 22:06:04,340 - INFO - Created new company - ID: 25331, Name: 'ZHOUSHAN BAOHANG SHIPPING CO', Country: 'China'
2025-10-01 22:06:08,431 - INFO - Created new company - ID: 25332, Name: 'ZHOUSHAN BAOYUE SHIPPING CO', Country: 'China'
2025-10-01 22:06:12,538 - INFO - Created new company - ID: 25333, Name: 'ZHOUSHAN BAOXIN SHIPPING CO', Country: 'China'
2025-10-01 22:06:16,668 - INFO - Created new company - ID: 25334, Name: 'MINSHENG HAISHI TIANJIN SHPG', Country: 'Singapore'
2025-10-01 22:06:20,759 - INFO - Created new company - ID: 25335, Name: 'MINSHENG HAIYANG TIANJIN SHPG', Country: 'Singapore'
2025-10-01 22:06:24,982 - INFO - Created new company - ID: 25336, Name: 'MINSHENG RUICHUAN TIANJIN SHPG', Country: 'Singapore'
2025-10-01 22:06:29,123 - INFO - Created new company - ID: 25337, Name: 'MINSHENG RUITONG TIANJIN SHPG', Country: 'Singapore'
2025-10-01 22:06:33,307 - INFO - Created new company - ID: 25338, Name: 'MINSHENG RUIXIN TIANJIN SHPG', Country: 'Singapore'
2025-10-01 22:06:37,400 - INFO - Created new company - ID: 25339, Name: 'MINSHENG RUIYANG TIANJIN SHPG', Country: 'Singapore'
2025-10-01 22:06:53,783 - INFO - Created new company - ID: 25340, Name: 'INSIGHT 29 HOLDING LTD', Country: 'Singapore'
2025-10-01 22:07:18,247 - INFO - Created new company - ID: 25341, Name: 'KND LINE SA', Country: 'Singapore'
2025-10-01 22:07:22,378 - INFO - Created new company - ID: 25342, Name: 'HAN REN HEAVYLIFT SHIPPING CO', Country: 'Hong-kong'
2025-10-01 22:07:26,477 - INFO - Created new company - ID: 25343, Name: 'HAN YI HEAVYLIFT SHPG PTE LTD', Country: 'Singapore'
2025-10-01 22:07:30,620 - INFO - Created new company - ID: 25344, Name: 'HONGTAI HEAVYLIFT SHPG CO LTD', Country: 'Singapore'
2025-10-01 22:07:34,784 - INFO - Created new company - ID: 25345, Name: 'GLORY HEAVYLIFT SHIPPING LTD', Country: 'Singapore'
2025-10-01 22:07:38,903 - INFO - Created new company - ID: 25346, Name: 'J CHEN SHIPPING HK CO LTD', Country: 'Singapore'
2025-10-01 22:07:43,035 - INFO - Created new company - ID: 25347, Name: 'J YANG SHIPPING HK CO LTD', Country: 'Singapore'
2025-10-01 22:07:43,092 - INFO - Created new company - ID: 25348, Name: 'J WELL SHIPPING CO LTD', Country: 'Singapore'
2025-10-01 22:07:51,237 - INFO - Created new company - ID: 25349, Name: 'HUAXIA HONGXIANG TIANJIN', Country: 'None'
2025-10-01 22:07:59,447 - INFO - Created new company - ID: 25350, Name: 'HUAXIA SHENGYI TIANJIN LEASING', Country: 'Singapore'
2025-10-01 22:08:05,267 - INFO - Created new company - ID: 25351, Name: 'HUAXIA SHENGCHANG TIANJIN', Country: 'Singapore'
2025-10-01 22:08:09,362 - INFO - Created new company - ID: 25352, Name: 'HUAXIA SHENGJIE TIANJIN', Country: 'Singapore'
2025-10-01 22:08:21,690 - INFO - Created new company - ID: 25353, Name: 'BRISK INTERNATIONAL LTD', Country: 'Marshall-islands'
2025-10-01 22:08:29,962 - INFO - Created new company - ID: 25354, Name: 'LANDSEADOOR INTERNATIONAL-MAI', Country: 'China'
2025-10-01 22:08:34,094 - INFO - Created new company - ID: 25355, Name: 'PAUL CHEMICAL CONTAINER SHPG', Country: 'China'
2025-10-01 22:08:46,426 - INFO - Created new company - ID: 25356, Name: 'NOAH FINANCE MANAGEMENT', Country: 'United-arab-emirates'
2025-10-01 22:08:58,736 - INFO - Created new company - ID: 25357, Name: 'JEWEL STAR INVESTMENTS LTD', Country: 'Singapore'
2025-10-01 22:09:06,944 - INFO - Created new company - ID: 25358, Name: 'EASTERN ORIENT HOLDINGS LTD', Country: 'Singapore'
2025-10-01 22:09:11,131 - INFO - Created new company - ID: 25359, Name: 'ASTER CAPITAL INVESTMENTS LTD', Country: 'Singapore'
2025-10-01 22:09:19,389 - INFO - Created new company - ID: 25360, Name: 'ALORA TANKERS PTE LTD', Country: 'Singapore'
2025-10-01 22:09:23,502 - INFO - Created new company - ID: 25361, Name: 'REGALIA TANKERS PTE LTD', Country: 'Singapore'
2025-10-01 22:09:27,675 - INFO - Created new company - ID: 25362, Name: 'CROWN TANKERS PTE LTD', Country: 'Singapore'
2025-10-01 22:09:31,813 - INFO - Created new company - ID: 25363, Name: 'IMPERIAL TANKERS PTE LTD', Country: 'Singapore'
2025-10-01 22:09:36,005 - INFO - Created new company - ID: 25364, Name: 'DUKE TANKERS PTE LTD', Country: 'Singapore'
2025-10-01 22:09:40,206 - INFO - Created new company - ID: 25365, Name: 'MONARCH TANKERS PTE LTD', Country: 'Singapore'
2025-10-01 22:09:52,208 - INFO - Created new company - ID: 25366, Name: 'HUIKANG TIANJIN SHIPPING', Country: 'China'
2025-10-01 22:10:08,136 - INFO - Created new company - ID: 25367, Name: 'GLORY TANKERS PTE LTD', Country: 'Singapore'
2025-10-01 22:10:21,078 - INFO - Created new company - ID: 25368, Name: 'GRAND VICTORY SHIPPING PTE LTD', Country: 'Singapore'
2025-10-01 22:10:25,657 - INFO - Created new company - ID: 25369, Name: 'GRAND VICTORY TANKERS PTE LTD', Country: 'Singapore'
2025-10-01 22:10:30,257 - INFO - Created new company - ID: 25370, Name: 'NEW MARITIME TANKERS PTE LTD', Country: 'Singapore'
2025-10-01 22:10:57,707 - INFO - Created new company - ID: 25371, Name: 'AGORA SHIPPING PTE LTD', Country: 'Singapore'
2025-10-01 22:11:02,520 - INFO - Created new company - ID: 25372, Name: 'HOURS SHIPPING PTE LTD', Country: 'Singapore'
2025-10-01 22:11:07,333 - INFO - Created new company - ID: 25373, Name: 'LADON SHIPPING PTE LTD', Country: 'Singapore'
2025-10-01 22:11:11,834 - INFO - Created new company - ID: 25374, Name: 'ERIS SHIPPING PTE LTD', Country: 'Singapore'
2025-10-01 22:11:16,546 - INFO - Created new company - ID: 25375, Name: 'PISCES SHIPPING PTE LTD', Country: 'Singapore'
2025-10-01 22:11:21,155 - INFO - Created new company - ID: 25376, Name: 'ISEACO GENESIS LTD', Country: 'Singapore'
2025-10-01 22:11:25,775 - INFO - Created new company - ID: 25377, Name: 'ISEACO FORTUNE LTD', Country: 'Singapore'
2025-10-01 22:11:30,295 - INFO - Created new company - ID: 25378, Name: 'ISEACO WISDOM LTD', Country: 'Singapore'
2025-10-01 22:11:34,975 - INFO - Created new company - ID: 25379, Name: 'ISEACO PTE LTD', Country: 'Singapore'
2025-10-01 22:11:39,689 - INFO - Created new company - ID: 25380, Name: 'ISEACO GRACE PTE LTD', Country: 'Singapore'
2025-10-01 22:11:44,150 - INFO - Created new company - ID: 25381, Name: 'ALEXANDRETTA INTERNATIONAL LTD', Country: 'Marshall-islands'
2025-10-01 22:11:48,294 - INFO - Created new company - ID: 25382, Name: 'ALEXANDRIA SHIPPING LTD', Country: 'Türkiye'
2025-10-01 22:11:52,407 - INFO - Created new company - ID: 25383, Name: 'BLACK FUNNEL SHIPPING LTD-MAI', Country: 'Marshall-islands'
2025-10-01 22:11:56,531 - INFO - Created new company - ID: 25384, Name: 'FETHIYE SHIPPING LTD', Country: 'Marshall-islands'
2025-10-01 22:12:00,659 - INFO - Created new company - ID: 25385, Name: 'TARSUS SHIPPING LTD-MAI', Country: 'Türkiye'
2025-10-01 22:12:05,952 - INFO - Created new company - ID: 25386, Name: 'ISKENDERUN SHIPPING LTD-MAI', Country: 'Singapore'
2025-10-01 22:12:10,093 - INFO - Created new company - ID: 25387, Name: 'ORONTES INTERNATIONAL LTD', Country: 'Singapore'
2025-10-01 22:12:14,215 - INFO - Created new company - ID: 25388, Name: 'KNIDOS SHIPPING LTD', Country: 'Marshall-islands'
2025-10-01 22:12:18,332 - INFO - Created new company - ID: 25389, Name: 'CILICIA SHIPPING & TRADING LTD', Country: 'Türkiye'
2025-10-01 22:12:22,488 - INFO - Created new company - ID: 25390, Name: 'ASI SHIPPING LTD-MAI', Country: 'Türkiye'
2025-10-01 22:12:26,643 - INFO - Created new company - ID: 25391, Name: 'BLACK HAWK SHIPPING LTD', Country: 'Marshall-islands'
2025-10-01 22:12:30,759 - INFO - Created new company - ID: 25392, Name: 'ANTAKYA SHIPPING LTD', Country: 'Türkiye'
2025-10-01 22:12:34,903 - INFO - Created new company - ID: 25393, Name: 'EGE SHIPPING LTD', Country: 'Türkiye'
2025-10-01 22:12:40,764 - INFO - Created new company - ID: 25394, Name: 'PHOENICIAN SHIPPING LTD', Country: 'Marshall-islands'
2025-10-01 22:12:44,894 - INFO - Created new company - ID: 25395, Name: 'PYRAMOS SHIPPING LTD', Country: 'Marshall-islands'
2025-10-01 22:12:49,029 - INFO - Created new company - ID: 25396, Name: 'RHOSUS SHIPPING LTD', Country: 'Marshall-islands'
2025-10-01 22:12:57,259 - INFO - Created new company - ID: 25397, Name: 'SPECTRUM TANKERS PTE LTD', Country: 'Singapore'
2025-10-01 22:13:22,171 - INFO - Created new company - ID: 25398, Name: 'EZREAL 1 HOLDING PTE LTD', Country: 'Singapore'
2025-10-01 22:13:30,361 - INFO - Created new company - ID: 25399, Name: 'MINSHENG YANGQIAN TIANJIN SHPG', Country: 'China'
2025-10-01 22:14:23,495 - INFO - Created new company - ID: 25400, Name: 'COLFERRET MARITIME INC', Country: 'Singapore'
2025-10-01 22:14:27,631 - INFO - Created new company - ID: 25401, Name: 'PROJECT CERES ONE LTD', Country: 'Singapore'
2025-10-01 22:14:31,752 - INFO - Created new company - ID: 25402, Name: 'ULSAN SPIRIT LLC', Country: 'Singapore'
2025-10-01 22:14:35,908 - INFO - Created new company - ID: 25403, Name: 'SSC BOHEME PTE LTD', Country: 'Singapore'
2025-10-01 22:14:40,044 - INFO - Created new company - ID: 25404, Name: 'SSC SIRIUS LEADER PTE LTD', Country: 'Singapore'
2025-10-01 22:14:44,162 - INFO - Created new company - ID: 25405, Name: 'SSC CAPRICORNUS LEADER PTE LTD', Country: 'Singapore'
2025-10-01 22:14:48,255 - INFO - Created new company - ID: 25406, Name: 'SSC CENTAURUS LEADER PTE LTD', Country: 'Singapore'
2025-10-01 22:14:52,353 - INFO - Created new company - ID: 25407, Name: 'SSC TAURUS 2015 7000 PTE LTD', Country: 'Singapore'
2025-10-01 22:14:56,486 - INFO - Created new company - ID: 25408, Name: 'CL PROSPERITY SHIPPING PTE LTD', Country: 'Singapore'
2025-10-01 22:15:00,620 - INFO - Created new company - ID: 25409, Name: 'CL DEMOCRACY SHIPPING PTE LTD', Country: 'None'
2025-10-01 22:15:05,194 - INFO - Created new company - ID: 25410, Name: 'COMPASS SHIPPING 133 PTE LTD', Country: 'Singapore'
2025-10-01 22:15:09,300 - INFO - Created new company - ID: 25411, Name: 'SEA PRAJNA SHIPPING PTE LTD', Country: 'Singapore'
2025-10-01 22:15:13,437 - INFO - Created new company - ID: 25412, Name: 'BOUNTY HOPE SA', Country: 'Singapore'
2025-10-01 22:15:36,738 - INFO - Created new company - ID: 25413, Name: 'XIANG T10 SG INTERNATIONAL', Country: 'Singapore'
2025-10-01 22:15:40,935 - INFO - Created new company - ID: 25414, Name: 'XIANG T11 SG INTERNATIONAL', Country: 'Singapore'
2025-10-01 22:15:45,063 - INFO - Created new company - ID: 25415, Name: 'ACENOCEAN PTE LTD', Country: 'Singapore'
2025-10-01 22:16:27,095 - INFO - Created new company - ID: 25416, Name: 'ALLEMON SERVICES LTD', Country: 'Singapore'
2025-10-01 22:17:05,491 - INFO - Created new company - ID: 25417, Name: 'CENTRAL STAR SINGAPORE PTE LTD', Country: 'Singapore'
2025-10-01 22:17:13,450 - INFO - Created new company - ID: 25418, Name: 'BARDONNEX LTD', Country: 'None'
2025-10-01 22:17:17,608 - INFO - Created new company - ID: 25419, Name: 'PENEY LTD', Country: 'Singapore'
2025-10-01 22:17:21,709 - INFO - Created new company - ID: 25420, Name: 'PLAINPALAIS LTD', Country: 'Singapore'
2025-10-01 22:17:25,907 - INFO - Created new company - ID: 25421, Name: 'PUPLINGE LTD', Country: 'Singapore'
2025-10-01 22:17:51,556 - INFO - Created new company - ID: 25422, Name: 'BLUESTAR MARINE/SILDEN ENERGY', Country: 'Japan'
2025-10-01 22:17:55,730 - INFO - Created new company - ID: 25423, Name: 'HAISHENG NO 4 TIANJIN OF BOBFL', Country: 'Singapore'
2025-10-01 22:18:46,175 - INFO - Created new company - ID: 25424, Name: 'CMA CGM PHILIPPINES SHIPPING', Country: 'Philippines'
2025-10-01 22:18:54,361 - INFO - Created new company - ID: 25425, Name: 'GREEN MARITIME PVT INC', Country: 'None'
2025-10-01 22:18:58,503 - INFO - Created new company - ID: 25426, Name: 'PURUS MARINE HOLDINGS ONE', Country: 'None'
2025-10-01 22:20:15,937 - INFO - Created new company - ID: 25427, Name: 'STEADY OFFSHORE SHIPPING', Country: 'Singapore'
2025-10-01 22:20:48,586 - INFO - Created new company - ID: 25428, Name: 'VALIANT SPIRIT SHIPPING', Country: 'Singapore'
2025-10-01 22:20:52,686 - INFO - Created new company - ID: 25429, Name: 'GYERYONGSAN NAVIGATION SA', Country: 'None'
2025-10-01 22:21:00,932 - INFO - Created new company - ID: 25430, Name: 'COS KNIGHT SHIPPING MARITIME', Country: 'Singapore'
2025-10-01 22:21:17,512 - INFO - Created new company - ID: 25431, Name: 'GRACEFUL STAR SHIPPING CO LTD', Country: 'Hong-kong'
2025-10-01 22:21:21,641 - INFO - Created new company - ID: 25432, Name: 'DILIGENT STAR SHIPPING CO LTD', Country: 'Singapore'
2025-10-01 22:21:25,752 - INFO - Created new company - ID: 25433, Name: 'FAITHFUL STAR SHIPPING', Country: 'Singapore'
2025-10-01 22:21:29,871 - INFO - Created new company - ID: 25434, Name: 'WISDOM STAR SHIPPING CO LTD', Country: 'Singapore'
2025-10-01 22:22:49,315 - INFO - Created new company - ID: 25435, Name: 'GISELLE NAVIGATION PTE LTD', Country: 'Singapore'
2025-10-01 22:23:29,789 - INFO - Created new company - ID: 25436, Name: 'GMT BRAVO PTE LTD', Country: 'Singapore'
2025-10-01 22:23:33,918 - INFO - Created new company - ID: 25437, Name: 'GMT CHARLIE PTE LTD', Country: 'Singapore'
2025-10-01 22:23:38,039 - INFO - Created new company - ID: 25438, Name: 'GMT ECHO PTE LTD', Country: 'Singapore'
2025-10-01 22:23:42,187 - INFO - Created new company - ID: 25439, Name: 'GMT DELTA PTE LTD', Country: 'Singapore'
2025-10-01 22:23:46,304 - INFO - Created new company - ID: 25440, Name: 'C TRANSPORT PANAMAX LTD', Country: 'Monaco'
2025-10-01 22:23:54,510 - INFO - Created new company - ID: 25441, Name: 'MITSUI-SOKO CO LTD', Country: 'Japan'
2025-10-01 22:23:58,606 - INFO - Created new company - ID: 25442, Name: 'SAPHIR SHIPPING PTE LTD', Country: 'Singapore'
2025-10-01 22:24:02,736 - INFO - Created new company - ID: 25443, Name: 'SHANEAKA SHIPPING PTE LTD', Country: 'Singapore'
2025-10-01 22:24:06,867 - INFO - Created new company - ID: 25444, Name: 'SHANICA SHIPPING PTE LTD', Country: 'Singapore'
2025-10-01 22:24:10,986 - INFO - Created new company - ID: 25445, Name: 'STARLEENA SHIPPING PTE LTD', Country: 'Singapore'
2025-10-01 22:24:15,167 - INFO - Created new company - ID: 25446, Name: 'GOLDEN SUN SHIPPING CO LTD', Country: 'Singapore'
2025-10-01 22:24:19,266 - INFO - Created new company - ID: 25447, Name: 'SILVER MOON SHIPPING CO LTD', Country: 'Singapore'
2025-10-01 22:24:23,403 - INFO - Created new company - ID: 25448, Name: 'LUCKY MAY SHIPPING CO LTD', Country: 'Singapore'
2025-10-01 22:24:27,534 - INFO - Created new company - ID: 25449, Name: 'TB PISCES PTE LTD', Country: 'Singapore'
2025-10-01 22:24:47,982 - INFO - Created new company - ID: 25450, Name: 'UNITED SHIPPING SERV TWELVE', Country: 'Singapore'
2025-10-01 22:24:52,103 - INFO - Created new company - ID: 25451, Name: 'UNITED SHIPPING SERV THIRTEEN', Country: 'Singapore'
2025-10-01 22:24:56,372 - INFO - Created new company - ID: 25452, Name: 'PUNTA LLC', Country: 'Singapore'
2025-10-01 22:25:00,576 - INFO - Created new company - ID: 25453, Name: 'STEM MARINE LLC', Country: 'Marshall-islands'
2025-10-01 22:25:17,369 - INFO - Created new company - ID: 25454, Name: 'MOL COASTAL/TABUCHI/NIIHAMA', Country: 'Japan'
2025-10-01 22:25:21,441 - INFO - Created new company - ID: 25455, Name: 'ETHANE DIAMOND LLC', Country: 'Singapore'
2025-10-01 22:25:25,568 - INFO - Created new company - ID: 25456, Name: 'NIPPON/MITSUI/KAWASAKI', Country: 'Japan'
2025-10-01 22:25:29,434 - INFO - Created new company - ID: 25457, Name: 'TAURUS TRANSPORT & MARINE SA', Country: 'Panama'
2025-10-01 22:25:37,715 - INFO - Created new company - ID: 25458, Name: 'EUROPE LNGT CO LTD', Country: 'Japan'
2025-10-01 22:25:41,845 - INFO - Created new company - ID: 25459, Name: 'QATARENERGY MARINE 4 LLC', Country: 'Qatar'
2025-10-01 22:25:45,967 - INFO - Created new company - ID: 25460, Name: 'QATARENERGY MARINE 1 LLC', Country: 'Qatar'
2025-10-01 22:25:50,090 - INFO - Created new company - ID: 25461, Name: 'QATARENERGY MARINE 6 LLC', Country: 'Qatar'
2025-10-01 22:25:54,203 - INFO - Created new company - ID: 25462, Name: 'QATARENERGY MARINE 9 LLC', Country: 'Qatar'
2025-10-01 22:26:06,472 - INFO - Created new company - ID: 25463, Name: 'MOL GAS MARITIME SOLUTIONS', Country: 'Japan'
2025-10-01 22:26:22,944 - INFO - Created new company - ID: 25464, Name: 'CAMELLIA LINE CO LTD', Country: 'Japan'
2025-10-01 22:27:12,069 - INFO - Created new company - ID: 25465, Name: 'NIPPON YUSEN/JINSEI MARU', Country: 'Liberia'
2025-10-01 22:27:16,171 - INFO - Created new company - ID: 25466, Name: 'MILFORD SHIPHOLDING', Country: 'Japan'
2025-10-01 22:27:20,287 - INFO - Created new company - ID: 25467, Name: 'PERIDOT MARITIMA SA', Country: 'Japan'
2025-10-01 22:27:24,431 - INFO - Created new company - ID: 25468, Name: 'OSAKA GAS INTL/NYK LINE', Country: 'Japan'
2025-10-01 22:28:29,690 - INFO - Created new company - ID: 25469, Name: 'TSC1164 SHIPPING SA', Country: 'Japan'
2025-10-01 22:28:33,806 - INFO - Created new company - ID: 25470, Name: 'MALACCA HIGHWAY SHIPPING SA', Country: 'Japan'
2025-10-01 22:28:37,912 - INFO - Created new company - ID: 25471, Name: 'WATER FRONT SHIPPING PTE LTD', Country: 'Japan'
2025-10-01 22:28:46,146 - INFO - Created new company - ID: 25472, Name: 'SKD5520 SHIPPING SA', Country: 'Japan'
2025-10-01 22:28:50,273 - INFO - Created new company - ID: 25473, Name: 'SEASPAN 771 PTE LTD', Country: 'Hong-kong'
2025-10-01 22:28:54,384 - INFO - Created new company - ID: 25474, Name: 'SEASPAN 772 PTE LTD', Country: 'Hong-kong'
2025-10-01 22:28:58,486 - INFO - Created new company - ID: 25475, Name: 'FGL MAST PANAMA SA', Country: 'Panama'
2025-10-01 22:29:10,790 - INFO - Created new company - ID: 25476, Name: '9107 STRAIT LINE SA', Country: 'Japan'
2025-10-01 22:29:14,887 - INFO - Created new company - ID: 25477, Name: 'USC0162 SHIPPING SA', Country: 'Japan'
2025-10-01 22:29:27,115 - INFO - Created new company - ID: 25478, Name: 'KAW1653 SHIPPING SA', Country: 'Japan'
2025-10-01 22:29:31,224 - INFO - Created new company - ID: 25479, Name: 'KAW1654 SHIPPING SA', Country: 'Japan'
2025-10-01 22:29:35,360 - INFO - Created new company - ID: 25480, Name: 'ISC1622 SHIPPING SA', Country: 'Japan'
2025-10-01 22:29:39,454 - INFO - Created new company - ID: 25481, Name: 'AMBITIOUS ASSET MANAGEMENT CO', Country: 'Japan'
2025-10-01 22:29:43,575 - INFO - Created new company - ID: 25482, Name: 'AYAME MARINE CO LTD', Country: 'Japan'
2025-10-01 22:29:47,684 - INFO - Created new company - ID: 25483, Name: 'SHINKEN INTERNATIONAL SA', Country: 'Japan'
2025-10-01 22:30:09,569 - INFO - Created new company - ID: 25484, Name: 'BERLIAN STEAMSHIP INC', Country: 'Taiwan'
2025-10-01 22:30:17,714 - INFO - Created new company - ID: 25485, Name: 'SONATA LINE LTD', Country: 'Taiwan'
2025-10-01 22:30:34,084 - INFO - Created new company - ID: 25486, Name: 'SINFONIA LINE LTD', Country: 'Taiwan'
2025-10-01 22:31:51,705 - INFO - Created new company - ID: 25487, Name: 'AK BREEZE SA', Country: 'Norway'
2025-10-01 22:31:51,762 - INFO - Created new company - ID: 25488, Name: 'BULK INVEST ASA', Country: 'Norway'
2025-10-01 22:31:56,208 - INFO - Created new company - ID: 25489, Name: 'SIRO HOLDING SINGAPORE 4 PTE', Country: 'Singapore'
2025-10-01 22:31:56,271 - INFO - Created new company - ID: 25490, Name: 'BW LPG KYOTO PTE LTD', Country: 'Singapore'
2025-10-01 22:32:10,132 - INFO - Created new company - ID: 25491, Name: 'FORESTER SHIPPING SA', Country: 'Panama'
2025-10-01 22:32:19,555 - INFO - Created new company - ID: 25492, Name: 'VISTA SHIPHOLDING VI PTE LTD', Country: 'Singapore'
2025-10-01 22:32:24,368 - INFO - Created new company - ID: 25493, Name: 'VISTA SHIPHOLDING I PTE LTD', Country: 'Singapore'
2025-10-01 22:32:29,067 - INFO - Created new company - ID: 25494, Name: 'VISTA SHIPHOLDING II PTE LTD', Country: 'Singapore'
2025-10-01 22:32:37,985 - INFO - Created new company - ID: 25495, Name: 'KAIRASU SHIPPING/KIFUNE KAIUN', Country: 'Japan'
2025-10-01 22:35:27,529 - INFO - Created new company - ID: 25496, Name: 'AZUMA BULK LTD', Country: 'None'
2025-10-01 22:35:56,268 - INFO - Created new company - ID: 25497, Name: 'MORGIA MARINE CORP', Country: 'Japan'
2025-10-01 22:36:58,224 - INFO - Created new company - ID: 25498, Name: 'DIAMOND CARTIER SA', Country: 'United-kingdom'
2025-10-01 22:37:10,464 - INFO - Created new company - ID: 25499, Name: 'SHIBA SHIPPING', Country: 'Japan'
2025-10-01 22:37:14,561 - INFO - Created new company - ID: 25500, Name: 'MATSUERI MARITIMA SA', Country: 'Japan'
2025-10-01 22:37:26,863 - INFO - Created new company - ID: 25501, Name: 'HESPERUS MARITIMA SA', Country: 'Japan'
2025-10-01 22:37:31,081 - INFO - Created new company - ID: 25502, Name: 'LUCIFER MARITIMA SA', Country: 'Japan'
2025-10-01 22:37:39,278 - INFO - Created new company - ID: 25503, Name: 'HITOYOSHI MARITIMA', Country: 'Japan'
2025-10-01 22:37:43,432 - INFO - Created new company - ID: 25504, Name: 'CITRINE MARITIMA SA', Country: 'Japan'
2025-10-01 22:37:47,560 - INFO - Created new company - ID: 25505, Name: 'TONE NAVIGATION', Country: 'Japan'
2025-10-01 22:37:57,730 - INFO - Created new company - ID: 25506, Name: 'NEBAMA SHIPHOLDING SA', Country: 'Japan'
2025-10-01 22:38:01,865 - INFO - Created new company - ID: 25507, Name: 'SPICA MARINE LTD SA', Country: 'Japan'
2025-10-01 22:38:05,963 - INFO - Created new company - ID: 25508, Name: 'MURORAN MARINE SA', Country: 'Japan'
2025-10-01 22:38:10,063 - INFO - Created new company - ID: 25509, Name: 'TAURUS MARINE LTD SA', Country: 'Japan'
2025-10-01 22:38:14,231 - INFO - Created new company - ID: 25510, Name: 'STELLAR MARINE LTD SA', Country: 'Japan'
2025-10-01 22:38:18,369 - INFO - Created new company - ID: 25511, Name: 'CHOFUKU KISEN CO LTD', Country: 'Japan'
2025-10-01 22:38:59,167 - INFO - Created new company - ID: 25512, Name: 'SUISEI MARITIMA SA', Country: 'Japan'
2025-10-01 22:39:35,969 - INFO - Created new company - ID: 25513, Name: 'MALTO SHIPPING SA', Country: 'Japan'
2025-10-01 22:40:37,349 - INFO - Created new company - ID: 25514, Name: 'CYGNUS BULK SHIPPING SA', Country: 'Japan'
2025-10-01 22:40:49,605 - INFO - Created new company - ID: 25515, Name: 'DAIICHI RESOURCES SINGAPORE', Country: 'Singapore'
2025-10-01 22:40:53,691 - INFO - Created new company - ID: 25516, Name: 'SSS COMPANY SA', Country: 'Japan'
2025-10-01 22:40:57,836 - INFO - Created new company - ID: 25517, Name: 'OPAL SHIPPING SA', Country: 'Japan'
2025-10-01 22:41:14,151 - INFO - Created new company - ID: 25518, Name: 'LATIN QUEEN SA', Country: 'Japan'
2025-10-01 22:41:46,805 - INFO - Created new company - ID: 25519, Name: 'DAIICHI CHUO NAVIGATION', Country: 'Japan'
2025-10-01 22:41:50,940 - INFO - Created new company - ID: 25520, Name: 'DAIICHI CHUO MARITIME SNG PTE', Country: 'Japan'
2025-10-01 22:46:10,751 - INFO - Created new company - ID: 25521, Name: 'W ELUA LINE INC', Country: 'Japan'
2025-10-01 22:46:14,875 - INFO - Created new company - ID: 25522, Name: 'FJ ELUA LINE INC', Country: 'Japan'
2025-10-01 22:47:32,652 - INFO - Created new company - ID: 25523, Name: 'SUNNY KAMSAR SHIPPING SA', Country: 'Japan'
2025-10-01 22:49:21,352 - INFO - Created new company - ID: 25524, Name: 'SUPREME SHIPHOLDING SA', Country: 'Japan'
2025-10-01 22:49:37,790 - INFO - Created new company - ID: 25525, Name: 'FRACTAL MARINE CORP', Country: 'Japan'
2025-10-01 22:49:41,902 - INFO - Created new company - ID: 25526, Name: 'REJOICE TRANS SA', Country: 'Japan'
2025-10-01 22:50:02,333 - INFO - Created new company - ID: 25527, Name: 'DRAGONFLY MARITIME INC', Country: 'Japan'
2025-10-01 22:50:06,200 - INFO - Created new company - ID: 25528, Name: 'KEYSTONE NAVIGATION/AURORA CAR', Country: 'Japan'
2025-10-01 22:50:38,779 - INFO - Created new company - ID: 25529, Name: 'ALLIED CHEMICAL CARRIERS LLC', Country: 'United-states'
2025-10-01 22:50:42,915 - INFO - Created new company - ID: 25530, Name: 'MARIASPES COMPANIA NAVIERA SA', Country: 'Japan'
2025-10-01 22:50:51,137 - INFO - Created new company - ID: 25531, Name: 'NEW STAR TANKERS SA', Country: 'Japan'
2025-10-01 22:50:59,306 - INFO - Created new company - ID: 25532, Name: 'LPG LIBERTY CO LTD', Country: 'Japan'
2025-10-01 22:51:03,422 - INFO - Created new company - ID: 25533, Name: 'OPERA SHIPHOLDING SA', Country: 'None'
2025-10-01 22:51:07,564 - INFO - Created new company - ID: 25534, Name: 'CHEMROAD ECHO NAVIGATION SA', Country: 'Japan'
2025-10-01 22:51:11,686 - INFO - Created new company - ID: 25535, Name: 'FIK SA', Country: 'Japan'
2025-10-01 22:51:19,978 - INFO - Created new company - ID: 25536, Name: 'CHEMROAD WING NAVIGATION SA', Country: 'Japan'
2025-10-01 22:51:24,104 - INFO - Created new company - ID: 25537, Name: 'ROSEATE VOYAGE SA', Country: 'Japan'
2025-10-01 22:51:40,486 - INFO - Created new company - ID: 25538, Name: 'RED SEA MARINE SA', Country: 'Japan'
2025-10-01 22:51:44,637 - INFO - Created new company - ID: 25539, Name: 'COBALT BLUE SHIPPING SA', Country: 'Japan'
2025-10-01 22:51:52,866 - INFO - Created new company - ID: 25540, Name: 'SERENE SEA NAVIGATION SA', Country: 'Japan'
2025-10-01 22:51:56,964 - INFO - Created new company - ID: 25541, Name: 'TURTLE CORP/NIPPO SHIPPING', Country: 'Japan'
2025-10-01 22:52:01,119 - INFO - Created new company - ID: 25542, Name: 'SKYLINE SHIPHOLDING SA', Country: 'Japan'
2025-10-01 22:52:05,265 - INFO - Created new company - ID: 25543, Name: 'LPG NADESHIKO/TOKYO LNG', Country: 'Japan'
2025-10-01 22:52:09,355 - INFO - Created new company - ID: 25544, Name: 'PYXIS LINE SHIPPING SA', Country: 'Japan'
2025-10-01 22:52:13,480 - INFO - Created new company - ID: 25545, Name: 'HOPEFUL VOYAGE NAVIGATION SA', Country: 'Japan'
2025-10-01 22:52:17,603 - INFO - Created new company - ID: 25546, Name: 'LPG DAWN PANAMA SA', Country: 'Japan'
2025-10-01 22:54:33,224 - INFO - Created new company - ID: 25547, Name: 'EXPEDITOR INVESTMENT INC', Country: 'Japan'
2025-10-01 22:55:05,612 - INFO - Created new company - ID: 25548, Name: 'BETTY MILD MARITIME', Country: 'Japan'
2025-10-01 22:55:19,507 - INFO - Created new company - ID: 25549, Name: 'FLORAL SHIPPING NAVIGATION SA', Country: 'Japan'
2025-10-01 22:55:24,222 - INFO - Created new company - ID: 25550, Name: 'CC FUNDING CORP', Country: 'Japan'
2025-10-01 22:55:28,724 - INFO - Created new company - ID: 25551, Name: 'FRERET SHIPPING SA', Country: 'Japan'
2025-10-01 22:55:33,443 - INFO - Created new company - ID: 25552, Name: 'LYNX LINE SHIPPING SA', Country: 'Japan'
2025-10-01 22:55:38,146 - INFO - Created new company - ID: 25553, Name: 'MAIA LEASING CORP', Country: 'Japan'
2025-10-01 22:55:42,752 - INFO - Created new company - ID: 25554, Name: 'HERCULES LINE SHIPPING SA', Country: 'Japan'
2025-10-01 22:55:51,966 - INFO - Created new company - ID: 25555, Name: 'DIONYSOS MARITIME INC', Country: 'Japan'
2025-10-01 22:55:56,678 - INFO - Created new company - ID: 25556, Name: 'APUS LINE SHIPPING SA', Country: 'Japan'
2025-10-01 22:56:28,752 - INFO - Created new company - ID: 25557, Name: 'ARRABBIATA SHIPPING SA', Country: 'Malta'
2025-10-01 22:59:06,014 - INFO - Created new company - ID: 25558, Name: 'AONO KAIUN/T&T MARINE', Country: 'Japan'
2025-10-01 22:59:29,083 - INFO - Created new company - ID: 25559, Name: 'BLUE PHOENIX SHIPPING SA', Country: 'Vietnam'
2025-10-01 22:59:38,586 - INFO - Created new company - ID: 25560, Name: 'FLYING CRANE SHIPPING SA', Country: 'Japan'
2025-10-01 22:59:46,760 - INFO - Created new company - ID: 25561, Name: 'MARTIN ISLAND SHIPPING SA', Country: 'Japan'
2025-10-01 22:59:54,944 - INFO - Created new company - ID: 25562, Name: 'WADATSUMI LINE/DTK SHIPPING', Country: 'Japan'
2025-10-01 23:00:03,119 - INFO - Created new company - ID: 25563, Name: 'SANKALPA SA', Country: 'Japan'
2025-10-01 23:01:08,604 - INFO - Created new company - ID: 25564, Name: 'JAPAN RAILWAY/SHOKUYU/TAIKYO', Country: 'Japan'
2025-10-01 23:01:12,744 - INFO - Created new company - ID: 25565, Name: 'TAIKYO MARINE SA', Country: 'South-korea'
2025-10-01 23:03:03,257 - INFO - Created new company - ID: 25566, Name: 'ASAHI TANKER/SOLAR SHIPPING', Country: 'Japan'
2025-10-01 23:03:12,900 - INFO - Created new company - ID: 25567, Name: 'KORYU/ASAHI/JRTT', Country: 'Japan'
2025-10-01 23:03:53,785 - INFO - Created new company - ID: 25568, Name: 'ASAHI TANKER S PTE LTD', Country: 'Singapore'
2025-10-01 23:04:18,231 - INFO - Created new company - ID: 25569, Name: 'BULK FREEDOM CORP', Country: 'Japan'
2025-10-01 23:04:38,697 - INFO - Created new company - ID: 25570, Name: 'TOKYO LNG TANKER/TOHO LNG', Country: 'Japan'
2025-10-01 23:04:46,870 - INFO - Created new company - ID: 25571, Name: 'PANTHER SHIPPING LINE SA', Country: 'Japan'
2025-10-01 23:04:50,991 - INFO - Created new company - ID: 25572, Name: 'ICE GAS LNG SHIPPING CO LTD', Country: 'Japan'
2025-10-01 23:04:55,097 - INFO - Created new company - ID: 25573, Name: 'MAPLE LNG TRANSPORT INC', Country: 'Japan'
2025-10-01 23:05:03,298 - INFO - Created new company - ID: 25574, Name: 'TRANS PACIFIC SHIPPING 2 LTD', Country: 'Japan'
2025-10-01 23:05:15,570 - INFO - Created new company - ID: 25575, Name: 'LUSBY SHIPPING SA', Country: 'Japan'
2025-10-01 23:05:19,696 - INFO - Created new company - ID: 25576, Name: 'TRANS PACIFIC SHIPPING 8 LTD', Country: 'Japan'
2025-10-01 23:05:23,828 - INFO - Created new company - ID: 25577, Name: 'TRANS PACIFIC SHIPPING 5 LTD', Country: 'Japan'
2025-10-01 23:05:36,084 - INFO - Created new company - ID: 25578, Name: 'LNG FUKUROKUJU SHIPPING CORP', Country: 'Japan'
2025-10-01 23:05:40,198 - INFO - Created new company - ID: 25579, Name: 'LNG JUROJIN SHIPPING CORP', Country: 'Japan'
2025-10-01 23:05:44,287 - INFO - Created new company - ID: 25580, Name: 'MOG-X LNG SHIPHOLDING SA', Country: 'Japan'
2025-10-01 23:05:48,376 - INFO - Created new company - ID: 25581, Name: 'VIVIEN CO LTD', Country: 'Japan'
2025-10-01 23:05:52,526 - INFO - Created new company - ID: 25582, Name: 'VALIANT CO LTD', Country: 'Japan'
2025-10-01 23:05:56,635 - INFO - Created new company - ID: 25583, Name: 'GLOBAL MOON SA', Country: 'Japan'
2025-10-01 23:06:00,741 - INFO - Created new company - ID: 25584, Name: 'ALTAIR MARINE LTD SA', Country: 'Japan'
2025-10-01 23:06:04,835 - INFO - Created new company - ID: 25585, Name: 'GLOBAL FORTUNE SA', Country: 'Japan'
2025-10-01 23:06:08,962 - INFO - Created new company - ID: 25586, Name: 'YAMATAI MARINE SA', Country: 'Japan'
2025-10-01 23:06:25,319 - INFO - Created new company - ID: 25587, Name: 'GLOBAL ODYSSEY SA', Country: 'Japan'
2025-10-01 23:06:33,526 - INFO - Created new company - ID: 25588, Name: 'GLOBAL PRIME LTD', Country: 'United-kingdom'
2025-10-01 23:06:37,671 - INFO - Created new company - ID: 25589, Name: 'VIVID MARINE SA', Country: 'Japan'
2025-10-01 23:06:41,798 - INFO - Created new company - ID: 25590, Name: 'GLOBAL NEPTUNE SA', Country: 'Japan'
2025-10-01 23:06:45,918 - INFO - Created new company - ID: 25591, Name: 'USHER MARINE SA', Country: 'Japan'
2025-10-01 23:06:50,045 - INFO - Created new company - ID: 25592, Name: 'XENIAL MARINE SA', Country: 'Japan'
2025-10-01 23:06:54,155 - INFO - Created new company - ID: 25593, Name: 'YOYO MARINE SA', Country: 'Japan'
2025-10-01 23:06:58,229 - INFO - Created new company - ID: 25594, Name: 'SEA MONTEREY SA', Country: 'Japan'
2025-10-01 23:07:14,534 - INFO - Created new company - ID: 25595, Name: 'FT LOGISTICS SA INC', Country: 'Japan'
2025-10-01 23:07:34,937 - INFO - Created new company - ID: 25596, Name: 'FENG LI/NORWICH SHIPPING', Country: 'Japan'
2025-10-01 23:07:51,347 - INFO - Created new company - ID: 25597, Name: 'MIYAZAKI/TOYOFUJI', Country: 'Japan'
2025-10-01 23:08:11,749 - INFO - Created new company - ID: 25598, Name: 'FT LOGISTICS ASIA PTE LTD', Country: 'Japan'
2025-10-01 23:11:15,477 - INFO - Created new company - ID: 25599, Name: 'K ISM SHIPPING SA', Country: 'Panama'
2025-10-01 23:16:10,934 - INFO - Created new company - ID: 25600, Name: 'TROPICAL LINE SA', Country: 'Japan'
2025-10-01 23:16:15,069 - INFO - Created new company - ID: 25601, Name: 'BINTANG LINE SA', Country: 'Japan'
2025-10-01 23:16:19,222 - INFO - Created new company - ID: 25602, Name: 'OAKRIDGE BULKERS SA', Country: 'Japan'
2025-10-01 23:16:23,352 - INFO - Created new company - ID: 25603, Name: 'ORCHID MARITIME LINE SA', Country: 'Panama'
2025-10-01 23:16:27,439 - INFO - Created new company - ID: 25604, Name: 'KAGAYAKI LINE SA', Country: 'Japan'
2025-10-01 23:16:31,596 - INFO - Created new company - ID: 25605, Name: 'SHIN-UN KISEN/WHITE TIARA NAV', Country: 'Japan'
2025-10-01 23:16:39,771 - INFO - Created new company - ID: 25606, Name: 'GREAT PINE LTD SA', Country: 'Japan'
2025-10-01 23:16:43,866 - INFO - Created new company - ID: 25607, Name: 'DIAMOND LORDSTAR SA', Country: 'Japan'
2025-10-01 23:16:48,022 - INFO - Created new company - ID: 25608, Name: 'MAPLE POINT MARINE INC', Country: 'Japan'
2025-10-01 23:16:52,169 - INFO - Created new company - ID: 25609, Name: 'MAYFAIR LAKES SHIPPING SA', Country: 'Japan'
2025-10-01 23:16:56,282 - INFO - Created new company - ID: 25610, Name: 'SKY WIND NAVIGATION SA', Country: 'Japan'
2025-10-01 23:17:00,432 - INFO - Created new company - ID: 25611, Name: 'OCEAN FORCE MARINE SA', Country: 'Japan'
2025-10-01 23:17:04,542 - INFO - Created new company - ID: 25612, Name: 'SSL UNITED SA', Country: 'Japan'
2025-10-01 23:17:08,655 - INFO - Created new company - ID: 25613, Name: 'GREAT FUTURE MARINE SA', Country: 'Japan'
2025-10-01 23:17:12,811 - INFO - Created new company - ID: 25614, Name: 'GOOD OCEAN MARITIME SA', Country: 'Japan'
2025-10-01 23:17:25,128 - INFO - Created new company - ID: 25615, Name: 'BIKO KISEN CO LTD', Country: 'Japan'
2025-10-01 23:20:09,093 - INFO - Created new company - ID: 25616, Name: 'LEGACY SOLID SAND HOLDINGS INC', Country: 'Japan'
2025-10-01 23:21:51,347 - INFO - Created new company - ID: 25617, Name: 'SAEHAN MARINE', Country: 'Singapore'
2025-10-01 23:22:52,780 - INFO - Created new company - ID: 25618, Name: 'JAPAN RAILWAY/JAPAN LIQUID GAS', Country: 'Japan'
2025-10-01 23:23:25,512 - INFO - Created new company - ID: 25619, Name: 'NAKA TRANS OCEAN SA', Country: 'Japan'
2025-10-01 23:27:00,067 - INFO - Created new company - ID: 25620, Name: 'GLOBAL WEALTH SA', Country: 'Japan'
2025-10-01 23:27:13,586 - INFO - Created new company - ID: 25621, Name: 'GLOBAL VICTORY SA', Country: 'Japan'
2025-10-01 23:27:22,285 - INFO - Created new company - ID: 25622, Name: 'GLOBAL DESTINY SA', Country: 'Japan'
2025-10-01 23:27:26,802 - INFO - Created new company - ID: 25623, Name: 'WONDERFUL MARINE SA', Country: 'Japan'
2025-10-01 23:27:31,404 - INFO - Created new company - ID: 25624, Name: 'NYT SHIPPING LTD', Country: 'Japan'
2025-10-01 23:27:40,412 - INFO - Created new company - ID: 25625, Name: 'TOMORROW MARINE SA', Country: 'Japan'
2025-10-01 23:27:44,938 - INFO - Created new company - ID: 25626, Name: 'EPDC COAL TECH & MARINE', Country: 'Japan'
2025-10-01 23:28:28,233 - INFO - Created new company - ID: 25627, Name: 'KANDEN ENGINEERING KK', Country: 'Japan'
2025-10-01 23:28:32,942 - INFO - Created new company - ID: 25628, Name: 'JAPAN RAILWAY/SHINWA NAIKO', Country: 'Japan'
2025-10-01 23:28:46,769 - INFO - Created new company - ID: 25629, Name: 'SONODA KISEN', Country: 'Japan'
2025-10-01 23:29:28,340 - INFO - Created new company - ID: 25630, Name: 'LPG EDELWEISS PANAMA SA', Country: 'Panama'
2025-10-01 23:29:33,088 - INFO - Created new company - ID: 25631, Name: 'KP LINES SA', Country: 'Japan'
2025-10-01 23:29:42,361 - INFO - Created new company - ID: 25632, Name: 'KNIGHTSBRIDGE NAVIGATION SA', Country: 'None'
2025-10-01 23:30:55,763 - INFO - Created new company - ID: 25633, Name: 'ASL MERCURY SHIPPING SA', Country: 'Singapore'
2025-10-01 23:31:44,787 - INFO - Created new company - ID: 25634, Name: 'CAPEROSE NAVIGATION SA', Country: 'Japan'
2025-10-01 23:31:48,912 - INFO - Created new company - ID: 25635, Name: 'OA NAVIGATION SA', Country: 'Japan'
2025-10-01 23:31:53,002 - INFO - Created new company - ID: 25636, Name: 'OAK SHIPMANAGEMENT SA', Country: 'Japan'
2025-10-01 23:32:10,586 - INFO - Created new company - ID: 25637, Name: 'ROSEX CO LTD', Country: 'Japan'
2025-10-01 23:32:14,746 - INFO - Created new company - ID: 25638, Name: 'ROSA MARITIME SA', Country: 'Japan'
2025-10-01 23:34:19,620 - INFO - Created new company - ID: 25639, Name: 'STAR WILL INTERNATIONAL LTD', Country: 'Hong-kong'
2025-10-01 23:35:49,571 - INFO - Created new company - ID: 25640, Name: 'SUNNY CONAKRY SHIPPING SA', Country: 'Japan'
2025-10-01 23:37:40,042 - INFO - Created new company - ID: 25641, Name: 'KEISHIN KAIUN CO LTD-EHIME', Country: 'Japan'
2025-10-01 23:37:48,219 - INFO - Created new company - ID: 25642, Name: 'REGENT TANKERS PTE LTD', Country: 'Japan'
2025-10-01 23:39:31,355 - INFO - Created new company - ID: 25643, Name: 'MINAMOTO KISEN CORP LTD', Country: 'Japan'
2025-10-01 23:40:04,089 - INFO - Created new company - ID: 25644, Name: 'MISUGA KAIUN HK LTD', Country: 'Hong-kong'
2025-10-01 23:40:16,360 - INFO - Created new company - ID: 25645, Name: 'OCEAN EVER VENTURES LTD', Country: 'Hong-kong'
2025-10-01 23:40:16,418 - INFO - Created new company - ID: 25646, Name: 'NOBLE CHARTERING LTD', Country: 'Hong-kong'
2025-10-01 23:40:36,819 - INFO - Created new company - ID: 25647, Name: 'DORVAL SC SINGAPORE PTE LTD', Country: 'Singapore'
2025-10-01 23:40:40,978 - INFO - Created new company - ID: 25648, Name: 'MKNS SHIPPING SA', Country: 'Japan'
2025-10-01 23:40:45,107 - INFO - Created new company - ID: 25649, Name: 'NEW RIVER SHIPPING SA', Country: 'Japan'
2025-10-01 23:40:49,260 - INFO - Created new company - ID: 25650, Name: 'SEA ICON SHIPPING CO LTD', Country: 'Japan'
2025-10-01 23:40:53,393 - INFO - Created new company - ID: 25651, Name: 'SEA WEALTH SHIPPING CO LTD', Country: 'Japan'
2025-10-01 23:40:57,527 - INFO - Created new company - ID: 25652, Name: 'MARINA FOCUS SHIPPING CO LTD', Country: 'Japan'
2025-10-01 23:41:13,924 - INFO - Created new company - ID: 25653, Name: 'EIGHT MARINE CO SA', Country: 'Japan'
2025-10-01 23:41:22,109 - INFO - Created new company - ID: 25654, Name: 'BLUE ROCK CARRIER INC', Country: 'Japan'
2025-10-01 23:41:30,327 - INFO - Created new company - ID: 25655, Name: 'SEA GRACE SHIPPING CO LTD', Country: 'China'
2025-10-01 23:42:31,763 - INFO - Created new company - ID: 25656, Name: 'ZHEYIN HANGZHOU NO 42', Country: 'Belgium'
2025-10-01 23:42:56,208 - INFO - Created new company - ID: 25657, Name: 'MOL SHIP MANAGEMENT HONG KONG', Country: 'Japan'
2025-10-01 23:43:24,842 - INFO - Created new company - ID: 25658, Name: 'BULK ENERGETIC INC', Country: 'Japan'
2025-10-01 23:45:09,709 - INFO - Created new company - ID: 25659, Name: 'SALVIA MARITIME SA', Country: 'Japan'
2025-10-01 23:45:17,862 - INFO - Created new company - ID: 25660, Name: 'RUDOLF A OETKER A/S & CO KG', Country: 'Germany'
2025-10-01 23:45:34,269 - INFO - Created new company - ID: 25661, Name: 'TOKO KISEN CO/SUN LEAF SHPG', Country: 'Japan'
2025-10-01 23:45:34,327 - INFO - Created new company - ID: 25662, Name: 'TOKO KISEN CO LTD', Country: 'Japan'
2025-10-01 23:45:54,735 - INFO - Created new company - ID: 25663, Name: 'NIWA KISEN KK', Country: 'Japan'
2025-10-01 23:46:19,290 - INFO - Created new company - ID: 25664, Name: 'HJ ELETTRA CO LTD', Country: 'Japan'
2025-10-01 23:46:19,348 - INFO - Created new company - ID: 25665, Name: 'HIGIA SHIPPING PTE LTD', Country: 'Japan'
2025-10-01 23:46:47,958 - INFO - Created new company - ID: 25666, Name: 'NEBULA SHIPPING PTE LTD', Country: 'Japan'
2025-10-01 23:47:20,975 - INFO - Created new company - ID: 25667, Name: 'KAWASAKI KINKAI/ASAHI KISEN', Country: 'Japan'
2025-10-01 23:47:37,270 - INFO - Created new company - ID: 25668, Name: 'STEVEN LINE/SATO STEAMSHIP', Country: 'Japan'
2025-10-01 23:49:56,003 - INFO - Created new company - ID: 25669, Name: 'HAWAII SHIPPING/DAIICHI KISEN', Country: 'Japan'
2025-10-01 23:50:04,579 - INFO - Created new company - ID: 25670, Name: 'JUBILO MARITIMA SA', Country: 'Japan'
2025-10-01 23:50:12,802 - INFO - Created new company - ID: 25671, Name: 'PLUMERIA SHIP HOLDING LLC', Country: 'Japan'
2025-10-01 23:51:22,642 - INFO - Created new company - ID: 25672, Name: 'WATANABE PRINT CO LTD', Country: 'Japan'
2025-10-01 23:51:51,261 - INFO - Created new company - ID: 25673, Name: 'JAPAN RAILWAY/TABUCHI/MYOEI', Country: 'Japan'
2025-10-01 23:52:07,643 - INFO - Created new company - ID: 25674, Name: 'HAITONG CONTAINER PTE LTD', Country: 'Singapore'
2025-10-01 23:52:11,750 - INFO - Created new company - ID: 25675, Name: 'ONDA SHIPPING PTE LTD', Country: 'Japan'
2025-10-01 23:52:15,860 - INFO - Created new company - ID: 25676, Name: 'SINFE SHIPPING PTE LTD', Country: 'Japan'
2025-10-01 23:52:24,112 - INFO - Created new company - ID: 25677, Name: 'NEW GENERAL AVIATION INTL PTE', Country: 'Japan'
2025-10-01 23:52:36,430 - INFO - Created new company - ID: 25678, Name: 'ACACIA SINAN SHIPPING PTE LTD', Country: 'Japan'
2025-10-01 23:52:40,580 - INFO - Created new company - ID: 25679, Name: 'SINBE SHIPPING PTE LTD', Country: 'Japan'
2025-10-01 23:52:48,797 - INFO - Created new company - ID: 25680, Name: 'TONGZHAN SHIPPING CO LTD', Country: 'Japan'
2025-10-01 23:55:15,027 - INFO - Created new company - ID: 25681, Name: 'IC UNITED SA', Country: 'Denmark'
2025-10-01 23:55:19,120 - INFO - Created new company - ID: 25682, Name: 'GRAND EAGLE MARITIME SA', Country: 'Japan'
2025-10-01 23:55:47,691 - INFO - Created new company - ID: 25683, Name: 'DAIICHI MARINE/DAIICHI TANKER', Country: 'Japan'
2025-10-01 23:56:04,121 - INFO - Created new company - ID: 25684, Name: 'MEIJI REAL ESTATE/TOTO NAV', Country: 'Japan'
2025-10-01 23:56:08,278 - INFO - Created new company - ID: 25685, Name: 'PALM SA', Country: 'Japan'
2025-10-01 23:56:16,539 - INFO - Created new company - ID: 25686, Name: 'STAR ENERGY SINGAPORE PTE LTD', Country: 'Singapore'
2025-10-01 23:57:46,308 - INFO - Created new company - ID: 25687, Name: 'SOUTH-POINT MARINE SA', Country: 'Japan'
2025-10-01 23:59:36,832 - INFO - Created new company - ID: 25688, Name: 'JSMC PANAMA SA', Country: 'Japan'
2025-10-01 23:59:45,039 - INFO - Created new company - ID: 25689, Name: 'KSK PANAMA CORP', Country: 'Japan'
2025-10-01 23:59:49,133 - INFO - Created new company - ID: 25690, Name: 'JAPAN RAILWAY/KOKUKA SANGYO', Country: 'Japan'
2025-10-01 23:59:53,222 - INFO - Created new company - ID: 25691, Name: 'COURAGEOUS & KSK PANAMA SA', Country: 'Japan'
2025-10-01 23:59:57,338 - INFO - Created new company - ID: 25692, Name: 'GLORIOUS & KSK PANAMA SA', Country: 'Japan'
